feature_key,feature_layer,feature,metric,family,lane,bit,control_bit,scope,n_pairs,fail_to_pass_n,fail_to_pass_median_delta,fail_to_pass_median_delta_abs,fail_to_pass_abs_improved,fail_to_pass_abs_worsened,fail_to_pass_sign_flip,pass_to_fail_n,pass_to_fail_median_delta,pass_to_fail_median_delta_abs,pass_to_fail_abs_improved,pass_to_fail_abs_worsened,pass_to_fail_sign_flip,fail_to_fail_n,fail_to_fail_median_delta,fail_to_fail_median_delta_abs,fail_to_fail_abs_improved,fail_to_fail_abs_worsened,fail_to_fail_sign_flip,pass_to_pass_n,pass_to_pass_median_delta,pass_to_pass_median_delta_abs,pass_to_pass_abs_improved,pass_to_pass_abs_worsened,pass_to_pass_sign_flip,transition_delta_contrast,transition_abs_delta_contrast,contrast_score
skew::abs_idelayctrl_minus_reset_release__startup_relative_skew__all__no_bit__ctrl_none__idelayctrl_vs_reset__value_ps,skew,abs_idelayctrl_minus_reset_release__startup_relative_skew__all__no_bit__ctrl_none__idelayctrl_vs_reset__value_ps,abs_idelayctrl_minus_reset_release,startup_relative_skew,all,,,idelayctrl_vs_reset,43,18,-51.5,-51.5,9,9,0,10,-514.0,-514.0,8,2,0,6,-270.0,-270.0,4,2,0,9,-420.0,-420.0,5,4,0,-462.5,-462.5,693.75
skew::signed_idelayctrl_minus_reset_release__startup_relative_skew__all__no_bit__ctrl_none__idelayctrl_vs_reset__value_ps,skew,signed_idelayctrl_minus_reset_release__startup_relative_skew__all__no_bit__ctrl_none__idelayctrl_vs_reset__value_ps,signed_idelayctrl_minus_reset_release,startup_relative_skew,all,,,idelayctrl_vs_reset,43,18,-51.5,-51.5,9,9,0,10,-514.0,-514.0,8,2,0,6,-270.0,-270.0,4,2,0,9,-420.0,-420.0,5,4,0,-462.5,-462.5,693.75
sdf::direct_max__idelay_data_cntvaluein__lane1__dq10__ctrl_0__endpoint__value_ps,sdf,direct_max__idelay_data_cntvaluein__lane1__dq10__ctrl_0__endpoint__value_ps,direct_max,idelay_data_cntvaluein,lane1,dq10,0,endpoint,43,18,-362.5,-362.5,12,6,0,10,97.0,97.0,4,6,0,6,-383.5,-383.5,4,2,0,9,-647.0,-647.0,8,1,0,459.5,459.5,689.25
skew::signed_dqs_minus_dq_bit__idelay_cntvaluein_skew__lane0__dq7__ctrl_2__dqs_vs_dq_bit__value_ps,skew,signed_dqs_minus_dq_bit__idelay_cntvaluein_skew__lane0__dq7__ctrl_2__dqs_vs_dq_bit__value_ps,signed_dqs_minus_dq_bit,idelay_cntvaluein_skew,lane0,dq7,2,dqs_vs_dq_bit,43,18,8.0,124.5,6,12,11,10,551.5,-136.0,8,2,4,6,2.5,-255.5,5,1,4,9,268.0,-178.0,5,4,4,543.5,-260.5,673.75
skew::signed_dqs_minus_dq_bit__idelay_cntvaluein_skew__lane1__dq10__ctrl_0__dqs_vs_dq_bit__value_ps,skew,signed_dqs_minus_dq_bit__idelay_cntvaluein_skew__lane1__dq10__ctrl_0__dqs_vs_dq_bit__value_ps,signed_dqs_minus_dq_bit,idelay_cntvaluein_skew,lane1,dq10,0,dqs_vs_dq_bit,43,18,145.5,-107.5,12,6,5,10,-475.0,-46.5,6,4,5,6,43.5,-167.5,5,1,1,9,581.0,129.0,2,7,6,-620.5,61.0,651.0
sdf::direct_max__dq_iologic__lane0__dq5__ctrl_none__endpoint__value_ps,sdf,direct_max__dq_iologic__lane0__dq5__ctrl_none__endpoint__value_ps,direct_max,dq_iologic,lane0,dq5,,endpoint,43,18,305.0,305.0,6,12,0,10,-125.5,-125.5,7,3,0,6,86.5,86.5,3,3,0,9,349.0,349.0,2,7,0,-430.5,-430.5,645.75
skew::signed_dqs_minus_dq_bit__idelay_cntvaluein_skew__lane0__dq7__ctrl_0__dqs_vs_dq_bit__value_ps,skew,signed_dqs_minus_dq_bit__idelay_cntvaluein_skew__lane0__dq7__ctrl_0__dqs_vs_dq_bit__value_ps,signed_dqs_minus_dq_bit,idelay_cntvaluein_skew,lane0,dq7,0,dqs_vs_dq_bit,43,18,232.0,-179.5,12,6,10,10,-298.0,10.5,5,5,4,6,-75.0,48.0,3,3,1,9,437.0,94.0,4,5,7,-530.0,190.0,625.0
sdf::direct_max__dq_iologic__lane1__dq9__ctrl_none__endpoint__value_ps,sdf,direct_max__dq_iologic__lane1__dq9__ctrl_none__endpoint__value_ps,direct_max,dq_iologic,lane1,dq9,,endpoint,43,18,-166.0,-166.0,11,7,0,10,-551.5,-551.5,8,2,0,6,-36.5,-36.5,3,3,0,9,-296.0,-296.0,6,3,0,-385.5,-385.5,578.25
skew::signed_dqs_minus_dq_bit__idelay_cntvaluein_skew__lane1__dq11__ctrl_0__dqs_vs_dq_bit__value_ps,skew,signed_dqs_minus_dq_bit__idelay_cntvaluein_skew__lane1__dq11__ctrl_0__dqs_vs_dq_bit__value_ps,signed_dqs_minus_dq_bit,idelay_cntvaluein_skew,lane1,dq11,0,dqs_vs_dq_bit,43,18,134.5,7.0,9,9,9,10,-391.5,-96.0,6,4,4,6,52.0,-100.5,4,2,3,9,495.0,209.0,3,6,7,-526.0,-103.0,577.5
sdf::direct_max__idelay_data_cntvaluein__lane1__dq10__ctrl_4__endpoint__value_ps,sdf,direct_max__idelay_data_cntvaluein__lane1__dq10__ctrl_4__endpoint__value_ps,direct_max,idelay_data_cntvaluein,lane1,dq10,4,endpoint,43,18,-163.0,-163.0,10,8,0,10,220.5,220.5,4,6,0,6,-539.5,-539.5,5,1,0,9,-249.0,-249.0,8,1,0,383.5,383.5,575.25
skew::signed_dqs_minus_dq_median__idelay_cntvaluein_skew__lane1__dqs1__ctrl_0__dqs_vs_dq_lane__value_ps,skew,signed_dqs_minus_dq_median__idelay_cntvaluein_skew__lane1__dqs1__ctrl_0__dqs_vs_dq_lane__value_ps,signed_dqs_minus_dq_median,idelay_cntvaluein_skew,lane1,dqs1,0,dqs_vs_dq_lane,43,18,147.75,-65.5,10,8,9,10,-404.75,-21.0,5,5,4,6,35.5,-163.75,4,2,2,9,560.5,116.0,2,7,6,-552.5,44.5,574.75
skew::signed_dqs_minus_dq_bit__idelay_cntvaluein_skew__lane0__dq3__ctrl_0__dqs_vs_dq_bit__value_ps,skew,signed_dqs_minus_dq_bit__idelay_cntvaluein_skew__lane0__dq3__ctrl_0__dqs_vs_dq_bit__value_ps,signed_dqs_minus_dq_bit,idelay_cntvaluein_skew,lane0,dq3,0,dqs_vs_dq_bit,43,18,285.5,-21.0,10,8,10,10,-227.0,-140.0,6,4,5,6,-0.5,-25.5,4,2,3,9,538.0,22.0,4,5,5,-512.5,-119.0,572.0
sdf::direct_max__idelay_data_cntvaluein__lane1__dq14__ctrl_0__endpoint__value_ps,sdf,direct_max__idelay_data_cntvaluein__lane1__dq14__ctrl_0__endpoint__value_ps,direct_max,idelay_data_cntvaluein,lane1,dq14,0,endpoint,43,18,-382.5,-382.5,12,6,0,10,-5.0,-5.0,5,5,0,6,-213.5,-213.5,4,2,0,9,-449.0,-449.0,7,2,0,377.5,377.5,566.25
sdf::direct_max__idelay_data_cntvaluein__lane1__dq11__ctrl_0__endpoint__value_ps,sdf,direct_max__idelay_data_cntvaluein__lane1__dq11__ctrl_0__endpoint__value_ps,direct_max,idelay_data_cntvaluein,lane1,dq11,0,endpoint,43,18,-368.0,-368.0,13,5,0,10,-1.0,-1.0,5,5,0,6,-243.5,-243.5,5,1,0,9,-651.0,-651.0,8,1,0,367.0,367.0,550.5
skew::abs_dqs_minus_dq_bit__idelay_cntvaluein_skew__lane0__dq4__ctrl_2__dqs_vs_dq_bit__value_ps,skew,abs_dqs_minus_dq_bit__idelay_cntvaluein_skew__lane0__dq4__ctrl_2__dqs_vs_dq_bit__value_ps,abs_dqs_minus_dq_bit,idelay_cntvaluein_skew,lane0,dq4,2,dqs_vs_dq_bit,43,18,45.0,45.0,8,10,0,10,-316.0,-316.0,7,3,0,6,-154.0,-154.0,4,2,0,9,-64.0,-64.0,6,3,0,-361.0,-361.0,541.5
skew::signed_dqs_minus_dq_bit__idelay_cntvaluein_skew__lane0__dq4__ctrl_2__dqs_vs_dq_bit__value_ps,skew,signed_dqs_minus_dq_bit__idelay_cntvaluein_skew__lane0__dq4__ctrl_2__dqs_vs_dq_bit__value_ps,signed_dqs_minus_dq_bit,idelay_cntvaluein_skew,lane0,dq4,2,dqs_vs_dq_bit,43,18,15.0,45.0,8,10,11,10,374.0,-316.0,7,3,4,6,47.0,-154.0,4,2,4,9,213.0,-64.0,6,3,5,359.0,-361.0,539.5
skew::signed_dqs_minus_dq_bit__idelay_cntvaluein_skew__lane0__dq1__ctrl_2__dqs_vs_dq_bit__value_ps,skew,signed_dqs_minus_dq_bit__idelay_cntvaluein_skew__lane0__dq1__ctrl_2__dqs_vs_dq_bit__value_ps,signed_dqs_minus_dq_bit,idelay_cntvaluein_skew,lane0,dq1,2,dqs_vs_dq_bit,43,18,63.5,44.0,8,10,10,10,448.5,-259.0,9,1,5,6,5.0,-196.0,4,2,4,9,377.0,-21.0,6,3,5,385.0,-303.0,536.5
skew::signed_dqs_minus_dq_bit__idelay_cntvaluein_skew__lane1__dq8__ctrl_0__dqs_vs_dq_bit__value_ps,skew,signed_dqs_minus_dq_bit__idelay_cntvaluein_skew__lane1__dq8__ctrl_0__dqs_vs_dq_bit__value_ps,signed_dqs_minus_dq_bit,idelay_cntvaluein_skew,lane1,dq8,0,dqs_vs_dq_bit,43,18,117.5,-85.5,12,6,5,10,-391.0,-32.0,6,4,6,6,-76.0,-50.0,3,3,2,9,620.0,-13.0,5,4,6,-508.5,53.5,535.25
skew::signed_dqs_minus_dq_bit__idelay_cntvaluein_skew__lane1__dq13__ctrl_0__dqs_vs_dq_bit__value_ps,skew,signed_dqs_minus_dq_bit__idelay_cntvaluein_skew__lane1__dq13__ctrl_0__dqs_vs_dq_bit__value_ps,signed_dqs_minus_dq_bit,idelay_cntvaluein_skew,lane1,dq13,0,dqs_vs_dq_bit,43,18,104.5,-24.5,10,8,7,10,-395.0,-84.5,6,4,3,6,39.5,-118.5,5,1,1,9,535.0,50.0,3,6,8,-499.5,-60.0,529.5
sdf::direct_max__idelay_dqs_cntvaluein__lane0__dqs0__ctrl_1__endpoint__value_ps,sdf,direct_max__idelay_dqs_cntvaluein__lane0__dqs0__ctrl_1__endpoint__value_ps,direct_max,idelay_dqs_cntvaluein,lane0,dqs0,1,endpoint,43,18,-2.0,-2.0,9,9,0,10,349.5,349.5,3,7,0,6,-276.5,-276.5,5,1,0,9,19.0,19.0,4,5,0,351.5,351.5,527.25
skew::signed_dqs_minus_dq_bit__idelay_cntvaluein_skew__lane1__dq12__ctrl_0__dqs_vs_dq_bit__value_ps,skew,signed_dqs_minus_dq_bit__idelay_cntvaluein_skew__lane1__dq12__ctrl_0__dqs_vs_dq_bit__value_ps,signed_dqs_minus_dq_bit,idelay_cntvaluein_skew,lane1,dq12,0,dqs_vs_dq_bit,43,18,173.0,-93.0,11,7,7,10,-293.5,15.5,4,6,6,6,-39.5,-149.0,5,1,2,9,714.0,195.0,3,6,7,-466.5,108.5,520.75
skew::signed_dqs_minus_dq_bit__idelay_cntvaluein_skew__lane0__dq3__ctrl_3__dqs_vs_dq_bit__value_ps,skew,signed_dqs_minus_dq_bit__idelay_cntvaluein_skew__lane0__dq3__ctrl_3__dqs_vs_dq_bit__value_ps,signed_dqs_minus_dq_bit,idelay_cntvaluein_skew,lane0,dq3,3,dqs_vs_dq_bit,43,18,-83.0,-48.0,12,6,5,10,326.0,-270.0,6,4,3,6,-220.5,-81.5,4,2,4,9,-100.0,100.0,4,5,3,409.0,-222.0,520.0
sdf::direct_max__idelay_data_cntvaluein__lane0__dq3__ctrl_0__endpoint__value_ps,sdf,direct_max__idelay_data_cntvaluein__lane0__dq3__ctrl_0__endpoint__value_ps,direct_max,idelay_data_cntvaluein,lane0,dq3,0,endpoint,43,18,-461.5,-461.5,13,5,0,10,-129.5,-129.5,6,4,0,6,-415.5,-415.5,5,0,0,9,-573.0,-573.0,8,1,0,332.0,332.0,498.0
skew::signed_dqs_minus_dq_bit__idelay_cntvaluein_skew__lane1__dq13__ctrl_3__dqs_vs_dq_bit__value_ps,skew,signed_dqs_minus_dq_bit__idelay_cntvaluein_skew__lane1__dq13__ctrl_3__dqs_vs_dq_bit__value_ps,signed_dqs_minus_dq_bit,idelay_cntvaluein_skew,lane1,dq13,3,dqs_vs_dq_bit,43,18,-105.0,-13.0,9,9,8,10,307.0,153.5,4,6,5,6,80.0,86.5,2,4,5,9,-94.0,35.0,3,6,8,412.0,166.5,495.25
sdf::cntvaluein_bus_skew__idelay_data_cntvaluein__lane0__dq0__ctrl_none__dq0__value_ps,sdf,cntvaluein_bus_skew__idelay_data_cntvaluein__lane0__dq0__ctrl_none__dq0__value_ps,cntvaluein_bus_skew,idelay_data_cntvaluein,lane0,dq0,,dq0,43,18,255.0,255.0,5,13,0,10,-74.5,-74.5,7,3,0,6,136.0,136.0,3,3,0,9,589.0,589.0,0,9,0,-329.5,-329.5,494.25
skew::signed_dqs_minus_dq_bit__idelay_cntvaluein_skew__lane0__dq2__ctrl_2__dqs_vs_dq_bit__value_ps,skew,signed_dqs_minus_dq_bit__idelay_cntvaluein_skew__lane0__dq2__ctrl_2__dqs_vs_dq_bit__value_ps,signed_dqs_minus_dq_bit,idelay_cntvaluein_skew,lane0,dq2,2,dqs_vs_dq_bit,43,18,-30.0,30.0,9,9,9,10,429.5,-29.5,5,5,4,6,-163.0,-217.0,4,2,4,9,355.0,-54.0,5,4,5,459.5,-59.5,489.25
sdf::direct_max__idelay_data_cntvaluein__lane1__dq8__ctrl_0__endpoint__value_ps,sdf,direct_max__idelay_data_cntvaluein__lane1__dq8__ctrl_0__endpoint__value_ps,direct_max,idelay_data_cntvaluein,lane1,dq8,0,endpoint,43,18,-288.0,-288.0,12,6,0,10,35.5,35.5,5,5,0,6,-229.5,-229.5,4,2,0,9,-531.0,-531.0,7,2,0,323.5,323.5,485.25
skew::signed_dqs_minus_dq_bit__idelay_cntvaluein_skew__lane0__dq6__ctrl_2__dqs_vs_dq_bit__value_ps,skew,signed_dqs_minus_dq_bit__idelay_cntvaluein_skew__lane0__dq6__ctrl_2__dqs_vs_dq_bit__value_ps,signed_dqs_minus_dq_bit,idelay_cntvaluein_skew,lane0,dq6,2,dqs_vs_dq_bit,43,18,-33.5,141.5,7,11,9,10,323.5,-106.5,7,3,4,6,-23.0,-175.0,3,3,3,9,261.0,-145.0,6,3,3,357.0,-248.0,481.0
skew::signed_dqs_bus_skew_minus_dq_median__idelay_cntvaluein_skew__lane0__dqs0__ctrl_none__dqs_vs_dq_bus_skew__value_ps,skew,signed_dqs_bus_skew_minus_dq_median__idelay_cntvaluein_skew__lane0__dqs0__ctrl_none__dqs_vs_dq_bus_skew__value_ps,signed_dqs_bus_skew_minus_dq_median,idelay_cntvaluein_skew,lane0,dqs0,,dqs_vs_dq_bus_skew,43,18,-296.75,-68.5,10,8,10,10,179.25,-66.75,8,2,5,6,-293.5,267.75,1,5,3,9,-720.0,269.5,3,6,4,476.0,1.75,476.875
skew::signed_dqs_minus_dq_median__iologic_skew__lane1__dqs1__ctrl_none__dqs_vs_dq_lane__value_ps,skew,signed_dqs_minus_dq_median__iologic_skew__lane1__dqs1__ctrl_none__dqs_vs_dq_lane__value_ps,signed_dqs_minus_dq_median,iologic_skew,lane1,dqs1,,dqs_vs_dq_lane,43,18,-11.25,264.0,6,12,5,10,437.25,319.5,2,8,5,6,253.0,152.0,2,4,1,9,407.5,407.5,2,7,2,448.5,55.5,476.25
skew::signed_dqs_minus_dq_bit__idelay_cntvaluein_skew__lane1__dq14__ctrl_0__dqs_vs_dq_bit__value_ps,skew,signed_dqs_minus_dq_bit__idelay_cntvaluein_skew__lane1__dq14__ctrl_0__dqs_vs_dq_bit__value_ps,signed_dqs_minus_dq_bit,idelay_cntvaluein_skew,lane1,dq14,0,dqs_vs_dq_bit,43,18,160.0,-74.0,11,7,7,10,-313.5,-76.0,7,3,6,6,-47.5,-92.0,4,2,2,9,667.0,75.0,3,6,7,-473.5,-2.0,474.5
skew::signed_dqs_minus_dq_bit__idelay_cntvaluein_skew__lane0__dq2__ctrl_0__dqs_vs_dq_bit__value_ps,skew,signed_dqs_minus_dq_bit__idelay_cntvaluein_skew__lane0__dq2__ctrl_0__dqs_vs_dq_bit__value_ps,signed_dqs_minus_dq_bit,idelay_cntvaluein_skew,lane0,dq2,0,dqs_vs_dq_bit,43,18,162.5,-126.0,12,6,6,10,-257.5,-29.5,5,5,4,6,-1.0,63.0,2,4,1,9,610.0,69.0,4,5,6,-420.0,96.5,468.25
skew::abs_dqs_minus_dq_bit__idelay_cntvaluein_skew__lane0__dq1__ctrl_2__dqs_vs_dq_bit__value_ps,skew,abs_dqs_minus_dq_bit__idelay_cntvaluein_skew__lane0__dq1__ctrl_2__dqs_vs_dq_bit__value_ps,abs_dqs_minus_dq_bit,idelay_cntvaluein_skew,lane0,dq1,2,dqs_vs_dq_bit,43,18,44.0,44.0,8,10,0,10,-259.0,-259.0,9,1,0,6,-196.0,-196.0,4,2,0,9,-21.0,-21.0,6,3,0,-303.0,-303.0,454.5
sdf::direct_max__idelay_data_cntvaluein__lane1__dq12__ctrl_0__endpoint__value_ps,sdf,direct_max__idelay_data_cntvaluein__lane1__dq12__ctrl_0__endpoint__value_ps,direct_max,idelay_data_cntvaluein,lane1,dq12,0,endpoint,43,18,-344.0,-344.0,13,5,0,10,-42.0,-42.0,5,5,0,6,-259.0,-259.0,4,2,0,9,-586.0,-586.0,7,2,0,302.0,302.0,453.0
skew::signed_dqs_minus_dq_bit__idelay_cntvaluein_skew__lane1__dq9__ctrl_2__dqs_vs_dq_bit__value_ps,skew,signed_dqs_minus_dq_bit__idelay_cntvaluein_skew__lane1__dq9__ctrl_2__dqs_vs_dq_bit__value_ps,signed_dqs_minus_dq_bit,idelay_cntvaluein_skew,lane1,dq9,2,dqs_vs_dq_bit,43,18,254.0,-74.0,10,8,10,10,-170.5,-17.0,5,5,5,6,-8.5,58.5,3,3,2,9,246.0,246.0,3,6,2,-424.5,57.0,453.0
sdf::direct_max__dq_iologic__lane0__dq7__ctrl_none__endpoint__value_ps,sdf,direct_max__dq_iologic__lane0__dq7__ctrl_none__endpoint__value_ps,direct_max,dq_iologic,lane0,dq7,,endpoint,43,18,-116.0,-116.0,10,8,0,10,-417.5,-417.5,8,2,0,6,-137.0,-137.0,3,3,0,9,216.0,216.0,4,5,0,-301.5,-301.5,452.25
skew::signed_ld_minus_cntvaluein_dqs__idelay_ld_cntvaluein_skew__lane0__dqs0__ctrl_1__ld_vs_cntvaluein_dqs__value_ps,skew,signed_ld_minus_cntvaluein_dqs__idelay_ld_cntvaluein_skew__lane0__dqs0__ctrl_1__ld_vs_cntvaluein_dqs__value_ps,signed_ld_minus_cntvaluein_dqs,idelay_ld_cntvaluein_skew,lane0,dqs0,1,ld_vs_cntvaluein_dqs,43,18,-114.0,-114.0,12,6,8,10,-461.0,91.0,4,6,8,6,123.5,63.5,1,5,2,9,-515.0,-29.0,5,4,8,-347.0,205.0,449.5
skew::signed_dqs_minus_dq_bit__idelay_cntvaluein_skew__lane0__dq5__ctrl_0__dqs_vs_dq_bit__value_ps,skew,signed_dqs_minus_dq_bit__idelay_cntvaluein_skew__lane0__dq5__ctrl_0__dqs_vs_dq_bit__value_ps,signed_dqs_minus_dq_bit,idelay_cntvaluein_skew,lane0,dq5,0,dqs_vs_dq_bit,43,18,183.0,-124.5,13,5,11,10,-227.0,-201.5,6,4,5,6,-65.0,36.0,2,4,3,9,534.0,135.0,2,7,7,-410.0,-77.0,448.5
skew::signed_ld_minus_cntvaluein_dq_median__idelay_ld_cntvaluein_skew__lane0__no_bit__ctrl_0__ld_vs_cntvaluein_dq_lane__value_ps,skew,signed_ld_minus_cntvaluein_dq_median__idelay_ld_cntvaluein_skew__lane0__no_bit__ctrl_0__ld_vs_cntvaluein_dq_lane__value_ps,signed_ld_minus_cntvaluein_dq_median,idelay_ld_cntvaluein_skew,lane0,,0,ld_vs_cntvaluein_dq_lane,43,18,47.5,-33.75,10,8,8,10,-304.25,153.75,4,6,5,6,105.25,-101.5,4,2,4,9,230.5,123.5,2,7,4,-351.75,187.5,445.5
skew::signed_dqs_minus_dq_bit__idelay_cntvaluein_skew__lane0__dq4__ctrl_0__dqs_vs_dq_bit__value_ps,skew,signed_dqs_minus_dq_bit__idelay_cntvaluein_skew__lane0__dq4__ctrl_0__dqs_vs_dq_bit__value_ps,signed_dqs_minus_dq_bit,idelay_cntvaluein_skew,lane0,dq4,0,dqs_vs_dq_bit,43,18,163.5,-95.0,12,6,8,10,-256.0,-144.5,7,3,6,6,32.0,-32.0,3,3,1,9,392.0,163.0,2,7,6,-419.5,-49.5,444.25
skew::abs_ld_minus_cntvaluein_dqs__idelay_ld_cntvaluein_skew__lane0__dqs0__ctrl_2__ld_vs_cntvaluein_dqs__value_ps,skew,abs_ld_minus_cntvaluein_dqs__idelay_ld_cntvaluein_skew__lane0__dqs0__ctrl_2__ld_vs_cntvaluein_dqs__value_ps,abs_ld_minus_cntvaluein_dqs,idelay_ld_cntvaluein_skew,lane0,dqs0,2,ld_vs_cntvaluein_dqs,43,18,-153.0,-153.0,16,2,0,10,136.5,136.5,4,6,0,6,-327.5,-327.5,4,2,0,9,46.0,46.0,4,5,0,289.5,289.5,434.25
skew::signed_dqs_minus_dq_bit__idelay_cntvaluein_skew__lane1__dq9__ctrl_3__dqs_vs_dq_bit__value_ps,skew,signed_dqs_minus_dq_bit__idelay_cntvaluein_skew__lane1__dq9__ctrl_3__dqs_vs_dq_bit__value_ps,signed_dqs_minus_dq_bit,idelay_cntvaluein_skew,lane1,dq9,3,dqs_vs_dq_bit,43,18,-116.5,-49.5,11,7,8,10,226.0,127.5,3,7,6,6,-158.5,-158.5,4,2,4,9,-169.0,111.0,4,5,3,342.5,177.0,431.0
skew::signed_dqs_minus_dq_bit__idelay_cntvaluein_skew__lane1__dq14__ctrl_2__dqs_vs_dq_bit__value_ps,skew,signed_dqs_minus_dq_bit__idelay_cntvaluein_skew__lane1__dq14__ctrl_2__dqs_vs_dq_bit__value_ps,signed_dqs_minus_dq_bit,idelay_cntvaluein_skew,lane1,dq14,2,dqs_vs_dq_bit,43,18,128.5,164.0,7,11,10,10,-237.5,38.5,5,5,5,6,76.0,-218.5,4,2,3,9,222.0,60.0,3,6,2,-366.0,-125.5,428.75
skew::signed_dqs_minus_dq_bit__idelay_cntvaluein_skew__lane1__dq15__ctrl_0__dqs_vs_dq_bit__value_ps,skew,signed_dqs_minus_dq_bit__idelay_cntvaluein_skew__lane1__dq15__ctrl_0__dqs_vs_dq_bit__value_ps,signed_dqs_minus_dq_bit,idelay_cntvaluein_skew,lane1,dq15,0,dqs_vs_dq_bit,43,18,210.5,108.5,8,10,10,10,-118.0,-69.5,6,4,4,6,24.5,2.5,2,3,2,9,349.0,21.0,3,6,5,-328.5,-178.0,417.5
skew::abs_ld_minus_cntvaluein_dqs__idelay_ld_cntvaluein_skew__lane1__dqs1__ctrl_3__ld_vs_cntvaluein_dqs__value_ps,skew,abs_ld_minus_cntvaluein_dqs__idelay_ld_cntvaluein_skew__lane1__dqs1__ctrl_3__ld_vs_cntvaluein_dqs__value_ps,abs_ld_minus_cntvaluein_dqs,idelay_ld_cntvaluein_skew,lane1,dqs1,3,ld_vs_cntvaluein_dqs,43,18,54.0,54.0,8,10,0,10,329.5,329.5,2,8,0,6,227.5,227.5,2,4,0,9,156.0,156.0,3,6,0,275.5,275.5,413.25
skew::signed_dqs_minus_dq_bit__idelay_cntvaluein_skew__lane0__dq6__ctrl_0__dqs_vs_dq_bit__value_ps,skew,signed_dqs_minus_dq_bit__idelay_cntvaluein_skew__lane0__dq6__ctrl_0__dqs_vs_dq_bit__value_ps,signed_dqs_minus_dq_bit,idelay_cntvaluein_skew,lane0,dq6,0,dqs_vs_dq_bit,43,18,74.5,-54.0,9,9,8,10,-306.5,2.5,5,5,4,6,-34.0,37.0,2,4,0,9,347.0,164.0,4,5,6,-381.0,56.5,409.25
sdf::direct_max__idelay_data_cntvaluein__lane1__dq8__ctrl_1__endpoint__value_ps,sdf,direct_max__idelay_data_cntvaluein__lane1__dq8__ctrl_1__endpoint__value_ps,direct_max,idelay_data_cntvaluein,lane1,dq8,1,endpoint,43,18,-320.0,-320.0,12,6,0,10,-50.0,-50.0,6,4,0,6,14.5,14.5,3,3,0,9,-524.0,-524.0,7,2,0,270.0,270.0,405.0
skew::signed_dqs_minus_dq_median__idelay_cntvaluein_skew__lane0__dqs0__ctrl_2__dqs_vs_dq_lane__value_ps,skew,signed_dqs_minus_dq_median__idelay_cntvaluein_skew__lane0__dqs0__ctrl_2__dqs_vs_dq_lane__value_ps,signed_dqs_minus_dq_median,idelay_cntvaluein_skew,lane0,dqs0,2,dqs_vs_dq_lane,43,18,83.5,27.75,9,9,10,10,378.75,-184.0,8,2,4,6,-11.25,-253.25,4,2,4,9,239.5,-141.0,6,3,6,295.25,-211.75,401.125
sdf::direct_max__idelay_dqs_cntvaluein__lane1__dqs1__ctrl_1__endpoint__value_ps,sdf,direct_max__idelay_dqs_cntvaluein__lane1__dqs1__ctrl_1__endpoint__value_ps,direct_max,idelay_dqs_cntvaluein,lane1,dqs1,1,endpoint,43,18,-124.0,-124.0,10,7,0,10,143.0,143.0,4,6,0,6,-108.5,-108.5,4,2,0,9,-77.0,-77.0,5,4,0,267.0,267.0,400.5
skew::signed_ld_minus_cntvaluein_dq_median__idelay_ld_cntvaluein_skew__lane0__no_bit__ctrl_3__ld_vs_cntvaluein_dq_lane__value_ps,skew,signed_ld_minus_cntvaluein_dq_median__idelay_ld_cntvaluein_skew__lane0__no_bit__ctrl_3__ld_vs_cntvaluein_dq_lane__value_ps,signed_ld_minus_cntvaluein_dq_median,idelay_ld_cntvaluein_skew,lane0,,3,ld_vs_cntvaluein_dq_lane,43,18,-763.25,231.25,4,14,9,10,-456.75,43.75,4,6,5,6,-471.0,290.5,1,5,5,9,-440.0,174.0,1,8,6,306.5,-187.5,400.25
skew::signed_dqs_minus_dq_median__idelay_cntvaluein_skew__lane0__dqs0__ctrl_0__dqs_vs_dq_lane__value_ps,skew,signed_dqs_minus_dq_median__idelay_cntvaluein_skew__lane0__dqs0__ctrl_0__dqs_vs_dq_lane__value_ps,signed_dqs_minus_dq_median,idelay_cntvaluein_skew,lane0,dqs0,0,dqs_vs_dq_lane,43,18,160.25,-62.25,11,7,9,10,-233.0,-50.5,6,4,4,6,-9.25,-10.25,4,2,1,9,436.5,149.0,3,6,7,-393.25,11.75,399.125
sdf::cntvaluein_bus_skew__idelay_data_cntvaluein__lane1__dq8__ctrl_none__dq8__value_ps,sdf,cntvaluein_bus_skew__idelay_data_cntvaluein__lane1__dq8__ctrl_none__dq8__value_ps,cntvaluein_bus_skew,idelay_data_cntvaluein,lane1,dq8,,dq8,43,18,495.0,495.0,3,15,0,10,230.0,230.0,4,6,0,6,389.0,389.0,0,6,0,9,470.0,470.0,1,8,0,-265.0,-265.0,397.5
sdf::direct_max__idelay_data_cntvaluein__lane0__dq3__ctrl_4__endpoint__value_ps,sdf,direct_max__idelay_data_cntvaluein__lane0__dq3__ctrl_4__endpoint__value_ps,direct_max,idelay_data_cntvaluein,lane0,dq3,4,endpoint,43,18,-97.5,-97.5,10,8,0,10,166.0,166.0,4,6,0,6,-360.0,-360.0,5,1,0,9,-277.0,-277.0,8,1,0,263.5,263.5,395.25
sdf::cntvaluein_bus_skew__idelay_data_cntvaluein__lane1__dq14__ctrl_none__dq14__value_ps,sdf,cntvaluein_bus_skew__idelay_data_cntvaluein__lane1__dq14__ctrl_none__dq14__value_ps,cntvaluein_bus_skew,idelay_data_cntvaluein,lane1,dq14,,dq14,43,18,388.5,388.5,4,14,0,10,127.0,127.0,4,6,0,6,496.0,496.0,0,6,0,9,394.0,394.0,0,9,0,-261.5,-261.5,392.25
sdf::direct_max__dq_iologic__lane1__dq15__ctrl_none__endpoint__value_ps,sdf,direct_max__dq_iologic__lane1__dq15__ctrl_none__endpoint__value_ps,direct_max,dq_iologic,lane1,dq15,,endpoint,43,18,-153.5,-153.5,12,6,0,10,-414.5,-414.5,7,3,0,6,-176.0,-176.0,4,2,0,9,-194.0,-194.0,6,3,0,-261.0,-261.0,391.5
skew::abs_dqs_minus_dq_bit__idelay_cntvaluein_skew__lane0__dq7__ctrl_2__dqs_vs_dq_bit__value_ps,skew,abs_dqs_minus_dq_bit__idelay_cntvaluein_skew__lane0__dq7__ctrl_2__dqs_vs_dq_bit__value_ps,abs_dqs_minus_dq_bit,idelay_cntvaluein_skew,lane0,dq7,2,dqs_vs_dq_bit,43,18,124.5,124.5,6,12,0,10,-136.0,-136.0,8,2,0,6,-255.5,-255.5,5,1,0,9,-178.0,-178.0,5,4,0,-260.5,-260.5,390.75
sdf::direct_max__dqs_iologic__lane1__dqs1__ctrl_none__endpoint__value_ps,sdf,direct_max__dqs_iologic__lane1__dqs1__ctrl_none__endpoint__value_ps,direct_max,dqs_iologic,lane1,dqs1,,endpoint,43,18,-271.5,-271.5,11,7,0,10,-12.0,-12.0,5,5,0,6,-31.0,-31.0,3,3,0,9,-226.0,-226.0,7,2,0,259.5,259.5,389.25
sdf::lane_spread__dqs_iologic__lane1__no_bit__ctrl_none__lane__value_ps,sdf,lane_spread__dqs_iologic__lane1__no_bit__ctrl_none__lane__value_ps,lane_spread,dqs_iologic,lane1,,,lane,43,18,-271.5,-271.5,11,7,0,10,-12.0,-12.0,5,5,0,6,-31.0,-31.0,3,3,0,9,-226.0,-226.0,7,2,0,259.5,259.5,389.25
skew::abs_dqs_minus_dq_bit__idelay_cntvaluein_skew__lane0__dq0__ctrl_2__dqs_vs_dq_bit__value_ps,skew,abs_dqs_minus_dq_bit__idelay_cntvaluein_skew__lane0__dq0__ctrl_2__dqs_vs_dq_bit__value_ps,abs_dqs_minus_dq_bit,idelay_cntvaluein_skew,lane0,dq0,2,dqs_vs_dq_bit,43,18,33.5,33.5,9,9,0,10,-226.0,-226.0,8,2,0,6,-298.5,-298.5,5,1,0,9,-7.0,-7.0,5,4,0,-259.5,-259.5,389.25
skew::signed_dqs_minus_dq_bit__idelay_cntvaluein_skew__lane1__dq12__ctrl_2__dqs_vs_dq_bit__value_ps,skew,signed_dqs_minus_dq_bit__idelay_cntvaluein_skew__lane1__dq12__ctrl_2__dqs_vs_dq_bit__value_ps,signed_dqs_minus_dq_bit,idelay_cntvaluein_skew,lane1,dq12,2,dqs_vs_dq_bit,43,18,176.5,214.5,7,11,10,10,-114.0,17.0,5,5,3,6,75.0,-186.0,6,0,2,9,314.0,2.0,4,5,6,-290.5,-197.5,389.25
skew::signed_dqs_minus_dq_bit__idelay_cntvaluein_skew__lane1__dq11__ctrl_3__dqs_vs_dq_bit__value_ps,skew,signed_dqs_minus_dq_bit__idelay_cntvaluein_skew__lane1__dq11__ctrl_3__dqs_vs_dq_bit__value_ps,signed_dqs_minus_dq_bit,idelay_cntvaluein_skew,lane1,dq11,3,dqs_vs_dq_bit,43,18,-128.0,25.0,8,10,9,10,256.0,16.5,5,5,4,6,15.5,54.5,2,4,5,9,-102.0,-12.0,5,4,7,384.0,-8.5,388.25
sdf::direct_max__idelay_data_cntvaluein__lane0__dq5__ctrl_3__endpoint__value_ps,sdf,direct_max__idelay_data_cntvaluein__lane0__dq5__ctrl_3__endpoint__value_ps,direct_max,idelay_data_cntvaluein,lane0,dq5,3,endpoint,43,18,263.5,263.5,5,13,0,10,5.0,5.0,4,5,0,6,471.5,471.5,1,5,0,9,303.0,303.0,2,7,0,-258.5,-258.5,387.75
skew::signed_dqs_minus_dq_bit__idelay_cntvaluein_skew__lane1__dq10__ctrl_3__dqs_vs_dq_bit__value_ps,skew,signed_dqs_minus_dq_bit__idelay_cntvaluein_skew__lane1__dq10__ctrl_3__dqs_vs_dq_bit__value_ps,signed_dqs_minus_dq_bit,idelay_cntvaluein_skew,lane1,dq10,3,dqs_vs_dq_bit,43,18,-166.5,-61.5,10,8,9,10,180.0,14.5,5,5,4,6,-91.5,244.0,2,4,4,9,-267.0,1.0,4,5,9,346.5,76.0,384.5
sdf::direct_max__idelay_data_cntvaluein__lane1__dq8__ctrl_2__endpoint__value_ps,sdf,direct_max__idelay_data_cntvaluein__lane1__dq8__ctrl_2__endpoint__value_ps,direct_max,idelay_data_cntvaluein,lane1,dq8,2,endpoint,43,18,-220.5,-220.5,10,8,0,10,35.5,35.5,4,6,0,6,-381.5,-381.5,4,2,0,9,-492.0,-492.0,8,1,0,256.0,256.0,384.0
sdf::direct_max__idelayctrl__all__no_bit__ctrl_none__endpoint__value_ps,sdf,direct_max__idelayctrl__all__no_bit__ctrl_none__endpoint__value_ps,direct_max,idelayctrl,all,,,endpoint,43,18,-185.0,-185.0,13,5,0,10,-436.5,-436.5,9,1,0,6,-90.5,-90.5,5,1,0,9,-375.0,-375.0,6,3,0,-251.5,-251.5,377.25
sdf::direct_max__idelay_data_cntvaluein__lane0__dq7__ctrl_0__endpoint__value_ps,sdf,direct_max__idelay_data_cntvaluein__lane0__dq7__ctrl_0__endpoint__value_ps,direct_max,idelay_data_cntvaluein,lane0,dq7,0,endpoint,43,18,-339.0,-339.0,13,5,0,10,-88.5,-88.5,6,4,0,6,-270.5,-270.5,5,1,0,9,-635.0,-635.0,7,2,0,250.5,250.5,375.75
sdf::direct_max__idelay_data_cntvaluein__lane0__dq5__ctrl_4__endpoint__value_ps,sdf,direct_max__idelay_data_cntvaluein__lane0__dq5__ctrl_4__endpoint__value_ps,direct_max,idelay_data_cntvaluein,lane0,dq5,4,endpoint,43,18,-156.0,-156.0,10,8,0,10,93.5,93.5,4,6,0,6,-320.0,-320.0,5,1,0,9,-209.0,-209.0,6,3,0,249.5,249.5,374.25
skew::abs_dqs_minus_dq_bit__idelay_cntvaluein_skew__lane0__dq6__ctrl_2__dqs_vs_dq_bit__value_ps,skew,abs_dqs_minus_dq_bit__idelay_cntvaluein_skew__lane0__dq6__ctrl_2__dqs_vs_dq_bit__value_ps,abs_dqs_minus_dq_bit,idelay_cntvaluein_skew,lane0,dq6,2,dqs_vs_dq_bit,43,18,141.5,141.5,7,11,0,10,-106.5,-106.5,7,3,0,6,-175.0,-175.0,3,3,0,9,-145.0,-145.0,6,3,0,-248.0,-248.0,372.0
sdf::cntvaluein_bus_skew__idelay_dqs_cntvaluein__lane0__dqs0__ctrl_none__dqs0__value_ps,sdf,cntvaluein_bus_skew__idelay_dqs_cntvaluein__lane0__dqs0__ctrl_none__dqs0__value_ps,cntvaluein_bus_skew,idelay_dqs_cntvaluein,lane0,dqs0,,dqs0,43,18,-15.0,-15.0,9,8,0,10,232.5,232.5,2,8,0,6,-123.5,-123.5,4,2,0,9,35.0,35.0,4,5,0,247.5,247.5,371.25
sdf::lane_spread__idelay_dqs_cntvaluein__lane0__no_bit__ctrl_none__lane__value_ps,sdf,lane_spread__idelay_dqs_cntvaluein__lane0__no_bit__ctrl_none__lane__value_ps,lane_spread,idelay_dqs_cntvaluein,lane0,,,lane,43,18,-15.0,-15.0,9,8,0,10,232.5,232.5,2,8,0,6,-123.5,-123.5,4,2,0,9,35.0,35.0,4,5,0,247.5,247.5,371.25
skew::signed_dqs_minus_dq_bit__idelay_cntvaluein_skew__lane0__dq0__ctrl_0__dqs_vs_dq_bit__value_ps,skew,signed_dqs_minus_dq_bit__idelay_cntvaluein_skew__lane0__dq0__ctrl_0__dqs_vs_dq_bit__value_ps,signed_dqs_minus_dq_bit,idelay_cntvaluein_skew,lane0,dq0,0,dqs_vs_dq_bit,43,18,168.5,-84.0,11,7,9,10,-201.5,-82.5,7,3,5,6,167.0,-36.0,3,3,2,9,491.0,166.0,4,5,7,-370.0,1.5,370.75
skew::signed_dqs_minus_dq_bit__idelay_cntvaluein_skew__lane0__dq0__ctrl_2__dqs_vs_dq_bit__value_ps,skew,signed_dqs_minus_dq_bit__idelay_cntvaluein_skew__lane0__dq0__ctrl_2__dqs_vs_dq_bit__value_ps,signed_dqs_minus_dq_bit,idelay_cntvaluein_skew,lane0,dq0,2,dqs_vs_dq_bit,43,18,120.0,33.5,9,9,10,10,360.5,-226.0,8,2,5,6,22.5,-298.5,5,1,4,9,189.0,-7.0,5,4,6,240.5,-259.5,370.25
skew::signed_ld_minus_cntvaluein_dqs__idelay_ld_cntvaluein_skew__lane0__dqs0__ctrl_3__ld_vs_cntvaluein_dqs__value_ps,skew,signed_ld_minus_cntvaluein_dqs__idelay_ld_cntvaluein_skew__lane0__dqs0__ctrl_3__ld_vs_cntvaluein_dqs__value_ps,signed_ld_minus_cntvaluein_dqs,idelay_ld_cntvaluein_skew,lane0,dqs0,3,ld_vs_cntvaluein_dqs,43,18,-420.5,95.5,8,10,6,10,-730.5,214.5,3,7,5,6,-226.5,74.5,2,4,2,9,-469.0,396.0,1,8,5,-310.0,119.0,369.5
sdf::direct_max__idelay_data_cntvaluein__lane1__dq9__ctrl_2__endpoint__value_ps,sdf,direct_max__idelay_data_cntvaluein__lane1__dq9__ctrl_2__endpoint__value_ps,direct_max,idelay_data_cntvaluein,lane1,dq9,2,endpoint,43,18,-194.5,-194.5,13,5,0,10,50.0,50.0,4,6,0,6,-469.0,-469.0,5,1,0,9,-574.0,-574.0,8,1,0,244.5,244.5,366.75
skew::signed_dqs_minus_dq_bit__idelay_cntvaluein_skew__lane0__dq6__ctrl_1__dqs_vs_dq_bit__value_ps,skew,signed_dqs_minus_dq_bit__idelay_cntvaluein_skew__lane0__dq6__ctrl_1__dqs_vs_dq_bit__value_ps,signed_dqs_minus_dq_bit,idelay_cntvaluein_skew,lane0,dq6,1,dqs_vs_dq_bit,43,18,128.5,-40.0,10,8,9,10,432.5,-162.5,7,3,7,6,55.5,32.5,3,3,4,9,742.0,24.0,4,5,7,304.0,-122.5,365.25
skew::signed_lane1_minus_lane0_dq_median__idelay_cntvaluein_skew__all__no_bit__ctrl_2__lane1_vs_lane0_dq__value_ps,skew,signed_lane1_minus_lane0_dq_median__idelay_cntvaluein_skew__all__no_bit__ctrl_2__lane1_vs_lane0_dq__value_ps,signed_lane1_minus_lane0_dq_median,idelay_cntvaluein_skew,all,,2,lane1_vs_lane0_dq,43,18,-95.0,95.0,6,12,2,10,156.5,-124.25,7,3,1,6,53.5,-44.0,3,3,1,9,43.5,-43.5,5,4,0,251.5,-219.25,361.125
sdf::lane_spread__idelayctrl__all__no_bit__ctrl_none__lane__value_ps,sdf,lane_spread__idelayctrl__all__no_bit__ctrl_none__lane__value_ps,lane_spread,idelayctrl,all,,,lane,43,18,-185.0,-185.0,13,5,0,10,-423.0,-423.0,10,0,0,6,-90.5,-90.5,5,1,0,9,-375.0,-375.0,6,3,0,-238.0,-238.0,357.0
sdf::direct_max__dq_iologic__lane0__dq2__ctrl_none__endpoint__value_ps,sdf,direct_max__dq_iologic__lane0__dq2__ctrl_none__endpoint__value_ps,direct_max,dq_iologic,lane0,dq2,,endpoint,43,18,3.5,3.5,9,9,0,10,-232.0,-232.0,6,4,0,6,1.5,1.5,3,3,0,9,104.0,104.0,4,5,0,-235.5,-235.5,353.25
sdf::direct_max__idelay_data_cntvaluein__lane1__dq14__ctrl_1__endpoint__value_ps,sdf,direct_max__idelay_data_cntvaluein__lane1__dq14__ctrl_1__endpoint__value_ps,direct_max,idelay_data_cntvaluein,lane1,dq14,1,endpoint,43,18,-243.0,-243.0,14,4,0,10,-8.0,-8.0,6,4,0,6,-165.0,-165.0,4,2,0,9,-554.0,-554.0,7,2,0,235.0,235.0,352.5
skew::ld_dq_lane_range__idelay_ld_skew__lane1__no_bit__ctrl_none__dq_lane__value_ps,skew,ld_dq_lane_range__idelay_ld_skew__lane1__no_bit__ctrl_none__dq_lane__value_ps,ld_dq_lane_range,idelay_ld_skew,lane1,,,dq_lane,43,18,-91.0,-91.0,11,7,0,10,144.0,144.0,2,8,0,6,-34.0,-34.0,3,3,0,9,159.0,159.0,2,7,0,235.0,235.0,352.5
sdf::direct_max__idelay_dqs_cntvaluein__lane0__dqs0__ctrl_2__endpoint__value_ps,sdf,direct_max__idelay_dqs_cntvaluein__lane0__dqs0__ctrl_2__endpoint__value_ps,direct_max,idelay_dqs_cntvaluein,lane0,dqs0,2,endpoint,43,18,-173.5,-173.5,10,8,0,10,59.5,59.5,5,5,0,6,-329.5,-329.5,3,3,0,9,-270.0,-270.0,6,3,0,233.0,233.0,349.5
skew::signed_dqs_minus_dq_bit__idelay_cntvaluein_skew__lane1__dq15__ctrl_3__dqs_vs_dq_bit__value_ps,skew,signed_dqs_minus_dq_bit__idelay_cntvaluein_skew__lane1__dq15__ctrl_3__dqs_vs_dq_bit__value_ps,signed_dqs_minus_dq_bit,idelay_cntvaluein_skew,lane1,dq15,3,dqs_vs_dq_bit,43,18,-129.0,-83.5,11,7,9,10,144.5,66.5,4,6,2,6,-157.5,-240.5,4,2,3,9,-176.0,-97.0,6,3,2,273.5,150.0,348.5
skew::signed_dqs_minus_dq_bit__idelay_cntvaluein_skew__lane1__dq12__ctrl_3__dqs_vs_dq_bit__value_ps,skew,signed_dqs_minus_dq_bit__idelay_cntvaluein_skew__lane1__dq12__ctrl_3__dqs_vs_dq_bit__value_ps,signed_dqs_minus_dq_bit,idelay_cntvaluein_skew,lane1,dq12,3,dqs_vs_dq_bit,43,18,-183.0,-35.0,9,9,7,10,132.0,29.0,5,5,4,6,-19.5,126.5,2,4,4,9,-194.0,-37.0,5,4,6,315.0,64.0,347.0
sdf::direct_max__idelay_data_cntvaluein__lane0__dq0__ctrl_4__endpoint__value_ps,sdf,direct_max__idelay_data_cntvaluein__lane0__dq0__ctrl_4__endpoint__value_ps,direct_max,idelay_data_cntvaluein,lane0,dq0,4,endpoint,43,18,-9.5,-9.5,9,9,0,10,220.5,220.5,4,6,0,6,-492.0,-492.0,4,2,0,9,-569.0,-569.0,8,1,0,230.0,230.0,345.0
sdf::direct_max__dqs_iologic__lane0__dqs0__ctrl_none__endpoint__value_ps,sdf,direct_max__dqs_iologic__lane0__dqs0__ctrl_none__endpoint__value_ps,direct_max,dqs_iologic,lane0,dqs0,,endpoint,43,18,-197.5,-197.5,9,8,0,10,27.5,27.5,5,5,0,6,-144.5,-144.5,4,2,0,9,-150.0,-150.0,6,3,0,225.0,225.0,337.5
sdf::lane_spread__dqs_iologic__lane0__no_bit__ctrl_none__lane__value_ps,sdf,lane_spread__dqs_iologic__lane0__no_bit__ctrl_none__lane__value_ps,lane_spread,dqs_iologic,lane0,,,lane,43,18,-197.5,-197.5,9,8,0,10,27.5,27.5,5,5,0,6,-144.5,-144.5,4,2,0,9,-150.0,-150.0,6,3,0,225.0,225.0,337.5
sdf::direct_max__idelay_data_cntvaluein__lane1__dq13__ctrl_0__endpoint__value_ps,sdf,direct_max__idelay_data_cntvaluein__lane1__dq13__ctrl_0__endpoint__value_ps,direct_max,idelay_data_cntvaluein,lane1,dq13,0,endpoint,43,18,-197.5,-197.5,13,5,0,10,27.0,27.0,5,5,0,6,-241.5,-241.5,5,1,0,9,-685.0,-685.0,8,1,0,224.5,224.5,336.75
skew::signed_dqs_minus_dq_median__idelay_cntvaluein_skew__lane1__dqs1__ctrl_3__dqs_vs_dq_lane__value_ps,skew,signed_dqs_minus_dq_median__idelay_cntvaluein_skew__lane1__dqs1__ctrl_3__dqs_vs_dq_lane__value_ps,signed_dqs_minus_dq_median,idelay_cntvaluein_skew,lane1,dqs1,3,dqs_vs_dq_lane,43,18,-154.0,25.0,9,9,6,10,158.75,67.5,4,6,3,6,-107.5,104.25,2,4,4,9,-114.5,22.5,3,6,6,312.75,42.5,334.0
skew::abs_dqs_minus_dq_bit__idelay_cntvaluein_skew__lane0__dq3__ctrl_3__dqs_vs_dq_bit__value_ps,skew,abs_dqs_minus_dq_bit__idelay_cntvaluein_skew__lane0__dq3__ctrl_3__dqs_vs_dq_bit__value_ps,abs_dqs_minus_dq_bit,idelay_cntvaluein_skew,lane0,dq3,3,dqs_vs_dq_bit,43,18,-48.0,-48.0,12,6,0,10,-270.0,-270.0,6,4,0,6,-81.5,-81.5,4,2,0,9,100.0,100.0,4,5,0,-222.0,-222.0,333.0
skew::abs_lane1_minus_lane0_dq_median__idelay_cntvaluein_skew__all__no_bit__ctrl_2__lane1_vs_lane0_dq__value_ps,skew,abs_lane1_minus_lane0_dq_median__idelay_cntvaluein_skew__all__no_bit__ctrl_2__lane1_vs_lane0_dq__value_ps,abs_lane1_minus_lane0_dq_median,idelay_cntvaluein_skew,all,,2,lane1_vs_lane0_dq,43,18,95.0,95.0,6,12,0,10,-124.25,-124.25,7,3,0,6,-44.0,-44.0,3,3,0,9,-43.5,-43.5,5,4,0,-219.25,-219.25,328.875
sdf::direct_max__dq_iologic__lane0__dq0__ctrl_none__endpoint__value_ps,sdf,direct_max__dq_iologic__lane0__dq0__ctrl_none__endpoint__value_ps,direct_max,dq_iologic,lane0,dq0,,endpoint,43,18,13.5,13.5,9,9,0,10,-205.0,-205.0,6,4,0,6,117.5,117.5,2,4,0,9,50.0,50.0,4,5,0,-218.5,-218.5,327.75
sdf::direct_max__idelay_data_cntvaluein__lane0__dq0__ctrl_0__endpoint__value_ps,sdf,direct_max__idelay_data_cntvaluein__lane0__dq0__ctrl_0__endpoint__value_ps,direct_max,idelay_data_cntvaluein,lane0,dq0,0,endpoint,43,18,-358.5,-358.5,13,5,0,10,-141.0,-141.0,5,5,0,6,-381.0,-381.0,4,2,0,9,-689.0,-689.0,8,1,0,217.5,217.5,326.25
skew::signed_dqs_minus_dq_bit__idelay_cntvaluein_skew__lane0__dq1__ctrl_0__dqs_vs_dq_bit__value_ps,skew,signed_dqs_minus_dq_bit__idelay_cntvaluein_skew__lane0__dq1__ctrl_0__dqs_vs_dq_bit__value_ps,signed_dqs_minus_dq_bit,idelay_cntvaluein_skew,lane0,dq1,0,dqs_vs_dq_bit,43,18,171.0,-107.5,11,7,9,10,-150.5,-113.5,7,3,4,6,151.5,-105.5,4,2,2,9,394.0,104.0,3,6,6,-321.5,-6.0,324.5
sdf::cntvaluein_bus_skew__idelay_data_cntvaluein__lane1__dq10__ctrl_none__dq10__value_ps,sdf,cntvaluein_bus_skew__idelay_data_cntvaluein__lane1__dq10__ctrl_none__dq10__value_ps,cntvaluein_bus_skew,idelay_data_cntvaluein,lane1,dq10,,dq10,43,18,198.5,198.5,4,14,0,10,-17.0,-17.0,5,5,0,6,446.5,446.5,1,5,0,9,402.0,402.0,0,9,0,-215.5,-215.5,323.25
skew::signed_dqs_minus_dq_bit__idelay_cntvaluein_skew__lane1__dq10__ctrl_2__dqs_vs_dq_bit__value_ps,skew,signed_dqs_minus_dq_bit__idelay_cntvaluein_skew__lane1__dq10__ctrl_2__dqs_vs_dq_bit__value_ps,signed_dqs_minus_dq_bit,idelay_cntvaluein_skew,lane1,dq10,2,dqs_vs_dq_bit,43,18,154.5,205.0,7,11,9,10,-65.0,6.0,5,5,4,6,98.0,-155.0,6,0,3,9,131.0,-40.0,5,4,3,-219.5,-199.0,319.0
skew::signed_dqs_minus_dq_bit__idelay_cntvaluein_skew__lane1__dq11__ctrl_4__dqs_vs_dq_bit__value_ps,skew,signed_dqs_minus_dq_bit__idelay_cntvaluein_skew__lane1__dq11__ctrl_4__dqs_vs_dq_bit__value_ps,signed_dqs_minus_dq_bit,idelay_cntvaluein_skew,lane1,dq11,4,dqs_vs_dq_bit,43,18,73.5,14.0,8,10,11,10,-184.0,-108.0,6,4,7,6,311.5,73.5,3,3,2,9,392.0,80.0,3,6,5,-257.5,-122.0,318.5
skew::signed_dqs_minus_dq_bit__idelay_cntvaluein_skew__lane1__dq14__ctrl_3__dqs_vs_dq_bit__value_ps,skew,signed_dqs_minus_dq_bit__idelay_cntvaluein_skew__lane1__dq14__ctrl_3__dqs_vs_dq_bit__value_ps,signed_dqs_minus_dq_bit,idelay_cntvaluein_skew,lane1,dq14,3,dqs_vs_dq_bit,43,18,-212.5,-50.0,9,9,6,10,87.5,-13.0,5,5,4,6,-108.5,211.0,0,6,4,9,-201.0,36.0,4,5,6,300.0,37.0,318.5
skew::abs_dqs_minus_dq_median__idelay_cntvaluein_skew__lane0__dqs0__ctrl_2__dqs_vs_dq_lane__value_ps,skew,abs_dqs_minus_dq_median__idelay_cntvaluein_skew__lane0__dqs0__ctrl_2__dqs_vs_dq_lane__value_ps,abs_dqs_minus_dq_median,idelay_cntvaluein_skew,lane0,dqs0,2,dqs_vs_dq_lane,43,18,27.75,27.75,9,9,0,10,-184.0,-184.0,8,2,0,6,-253.25,-253.25,4,2,0,9,-141.0,-141.0,6,3,0,-211.75,-211.75,317.625
sdf::lane_spread__dq_iologic__lane0__no_bit__ctrl_none__lane__value_ps,sdf,lane_spread__dq_iologic__lane0__no_bit__ctrl_none__lane__value_ps,lane_spread,dq_iologic,lane0,,,lane,43,18,99.0,99.0,7,11,0,10,-111.5,-111.5,7,3,0,6,-2.0,-2.0,3,3,0,9,300.0,300.0,3,6,0,-210.5,-210.5,315.75
skew::signed_dqs_minus_dq_bit__idelay_cntvaluein_skew__lane0__dq5__ctrl_1__dqs_vs_dq_bit__value_ps,skew,signed_dqs_minus_dq_bit__idelay_cntvaluein_skew__lane0__dq5__ctrl_1__dqs_vs_dq_bit__value_ps,signed_dqs_minus_dq_bit,idelay_cntvaluein_skew,lane0,dq5,1,dqs_vs_dq_bit,43,18,27.5,-47.5,10,8,14,10,291.0,-151.0,6,4,4,6,-8.0,-8.0,3,3,4,9,592.0,298.0,2,7,7,263.5,-103.5,315.25
sdf::direct_max__idelay_data_cntvaluein__lane0__dq2__ctrl_0__endpoint__value_ps,sdf,direct_max__idelay_data_cntvaluein__lane0__dq2__ctrl_0__endpoint__value_ps,direct_max,idelay_data_cntvaluein,lane0,dq2,0,endpoint,43,18,-309.5,-309.5,10,8,0,10,-101.0,-101.0,6,4,0,6,-315.0,-315.0,4,2,0,9,-653.0,-653.0,8,1,0,208.5,208.5,312.75
skew::signed_dqs_minus_dq_bit__idelay_cntvaluein_skew__lane0__dq0__ctrl_3__dqs_vs_dq_bit__value_ps,skew,signed_dqs_minus_dq_bit__idelay_cntvaluein_skew__lane0__dq0__ctrl_3__dqs_vs_dq_bit__value_ps,signed_dqs_minus_dq_bit,idelay_cntvaluein_skew,lane0,dq0,3,dqs_vs_dq_bit,43,18,-74.5,-46.0,10,8,9,10,197.5,-125.5,6,4,5,6,142.5,54.0,2,4,6,9,187.0,272.0,3,6,5,272.0,-79.5,311.75
sdf::direct_max__idelay_data_cntvaluein__lane0__dq6__ctrl_0__endpoint__value_ps,sdf,direct_max__idelay_data_cntvaluein__lane0__dq6__ctrl_0__endpoint__value_ps,direct_max,idelay_data_cntvaluein,lane0,dq6,0,endpoint,43,18,-249.5,-249.5,11,7,0,10,-42.0,-42.0,5,5,0,6,-244.0,-244.0,4,2,0,9,-535.0,-535.0,7,2,0,207.5,207.5,311.25
sdf::direct_max__idelay_data_cntvaluein__lane1__dq14__ctrl_4__endpoint__value_ps,sdf,direct_max__idelay_data_cntvaluein__lane1__dq14__ctrl_4__endpoint__value_ps,direct_max,idelay_data_cntvaluein,lane1,dq14,4,endpoint,43,18,-52.5,-52.5,10,8,0,10,155.0,155.0,4,6,0,6,-419.0,-419.0,5,1,0,9,-66.0,-66.0,7,2,0,207.5,207.5,311.25
sdf::direct_max__idelay_data_cntvaluein__lane1__dq11__ctrl_1__endpoint__value_ps,sdf,direct_max__idelay_data_cntvaluein__lane1__dq11__ctrl_1__endpoint__value_ps,direct_max,idelay_data_cntvaluein,lane1,dq11,1,endpoint,43,18,-130.5,-130.5,10,8,0,10,75.5,75.5,4,6,0,6,-343.0,-343.0,5,1,0,9,-658.0,-658.0,7,2,0,206.0,206.0,309.0
sdf::lane_spread__idelay_ld__lane1__no_bit__ctrl_none__lane__value_ps,sdf,lane_spread__idelay_ld__lane1__no_bit__ctrl_none__lane__value_ps,lane_spread,idelay_ld,lane1,,,lane,43,18,-77.0,-77.0,11,7,0,10,129.0,129.0,1,9,0,6,-34.0,-34.0,3,3,0,9,159.0,159.0,2,7,0,206.0,206.0,309.0
sdf::direct_max__idelay_data_cntvaluein__lane0__dq2__ctrl_3__endpoint__value_ps,sdf,direct_max__idelay_data_cntvaluein__lane0__dq2__ctrl_3__endpoint__value_ps,direct_max,idelay_data_cntvaluein,lane0,dq2,3,endpoint,43,18,301.5,301.5,4,14,0,10,96.0,96.0,3,7,0,6,69.5,69.5,3,3,0,9,82.0,82.0,4,5,0,-205.5,-205.5,308.25
skew::abs_dqs_minus_dq_bit__idelay_cntvaluein_skew__lane0__dq7__ctrl_3__dqs_vs_dq_bit__value_ps,skew,abs_dqs_minus_dq_bit__idelay_cntvaluein_skew__lane0__dq7__ctrl_3__dqs_vs_dq_bit__value_ps,abs_dqs_minus_dq_bit,idelay_cntvaluein_skew,lane0,dq7,3,dqs_vs_dq_bit,43,18,-193.0,-193.0,12,6,0,10,12.5,12.5,5,5,0,6,-104.0,-104.0,4,2,0,9,-107.0,-107.0,6,3,0,205.5,205.5,308.25
skew::abs_ld_minus_cntvaluein_dqs__idelay_ld_cntvaluein_skew__lane0__dqs0__ctrl_1__ld_vs_cntvaluein_dqs__value_ps,skew,abs_ld_minus_cntvaluein_dqs__idelay_ld_cntvaluein_skew__lane0__dqs0__ctrl_1__ld_vs_cntvaluein_dqs__value_ps,abs_ld_minus_cntvaluein_dqs,idelay_ld_cntvaluein_skew,lane0,dqs0,1,ld_vs_cntvaluein_dqs,43,18,-114.0,-114.0,12,6,0,10,91.0,91.0,4,6,0,6,63.5,63.5,1,5,0,9,-29.0,-29.0,5,4,0,205.0,205.0,307.5
sdf::direct_max__idelay_dqs_cntvaluein__lane1__dqs1__ctrl_3__endpoint__value_ps,sdf,direct_max__idelay_dqs_cntvaluein__lane1__dqs1__ctrl_3__endpoint__value_ps,direct_max,idelay_dqs_cntvaluein,lane1,dqs1,3,endpoint,43,18,164.5,164.5,6,12,0,10,369.0,369.0,1,9,0,6,172.5,172.5,1,5,0,9,262.0,262.0,3,6,0,204.5,204.5,306.75
sdf::direct_max__idelay_data_cntvaluein__lane0__dq0__ctrl_1__endpoint__value_ps,sdf,direct_max__idelay_data_cntvaluein__lane0__dq0__ctrl_1__endpoint__value_ps,direct_max,idelay_data_cntvaluein,lane0,dq0,1,endpoint,43,18,-201.5,-201.5,12,6,0,10,1.5,1.5,5,5,0,6,-211.0,-211.0,4,2,0,9,-529.0,-529.0,7,2,0,203.0,203.0,304.5
sdf::direct_max__idelay_data_cntvaluein__lane0__dq3__ctrl_3__endpoint__value_ps,sdf,direct_max__idelay_data_cntvaluein__lane0__dq3__ctrl_3__endpoint__value_ps,direct_max,idelay_data_cntvaluein,lane0,dq3,3,endpoint,43,18,291.0,291.0,5,13,0,10,88.0,88.0,4,6,0,6,295.5,295.5,2,4,0,9,291.0,291.0,3,6,0,-203.0,-203.0,304.5
skew::signed_dqs_minus_dq_bit__idelay_cntvaluein_skew__lane0__dq1__ctrl_4__dqs_vs_dq_bit__value_ps,skew,signed_dqs_minus_dq_bit__idelay_cntvaluein_skew__lane0__dq1__ctrl_4__dqs_vs_dq_bit__value_ps,signed_dqs_minus_dq_bit,idelay_cntvaluein_skew,lane0,dq1,4,dqs_vs_dq_bit,43,18,-19.0,45.0,8,10,5,10,-255.0,-84.0,6,4,6,6,132.0,132.0,1,5,5,9,455.0,77.0,3,6,7,-236.0,-129.0,300.5
skew::abs_dqs_minus_dq_bit__idelay_cntvaluein_skew__lane1__dq10__ctrl_2__dqs_vs_dq_bit__value_ps,skew,abs_dqs_minus_dq_bit__idelay_cntvaluein_skew__lane1__dq10__ctrl_2__dqs_vs_dq_bit__value_ps,abs_dqs_minus_dq_bit,idelay_cntvaluein_skew,lane1,dq10,2,dqs_vs_dq_bit,43,18,205.0,205.0,7,11,0,10,6.0,6.0,5,5,0,6,-155.0,-155.0,6,0,0,9,-40.0,-40.0,5,4,0,-199.0,-199.0,298.5
skew::signed_dqs_minus_dq_median__idelay_cntvaluein_skew__lane1__dqs1__ctrl_2__dqs_vs_dq_lane__value_ps,skew,signed_dqs_minus_dq_median__idelay_cntvaluein_skew__lane1__dqs1__ctrl_2__dqs_vs_dq_lane__value_ps,signed_dqs_minus_dq_median,idelay_cntvaluein_skew,lane1,dqs1,2,dqs_vs_dq_lane,43,18,165.75,129.0,8,10,11,10,-97.25,58.75,4,6,6,6,88.5,-146.5,4,2,3,9,196.5,38.5,4,5,5,-263.0,-70.25,298.125
skew::abs_dqs_minus_dq_bit__idelay_cntvaluein_skew__lane1__dq12__ctrl_2__dqs_vs_dq_bit__value_ps,skew,abs_dqs_minus_dq_bit__idelay_cntvaluein_skew__lane1__dq12__ctrl_2__dqs_vs_dq_bit__value_ps,abs_dqs_minus_dq_bit,idelay_cntvaluein_skew,lane1,dq12,2,dqs_vs_dq_bit,43,18,214.5,214.5,7,11,0,10,17.0,17.0,5,5,0,6,-186.0,-186.0,6,0,0,9,2.0,2.0,4,5,0,-197.5,-197.5,296.25
skew::signed_dqs_minus_dq_bit__idelay_cntvaluein_skew__lane1__dq15__ctrl_2__dqs_vs_dq_bit__value_ps,skew,signed_dqs_minus_dq_bit__idelay_cntvaluein_skew__lane1__dq15__ctrl_2__dqs_vs_dq_bit__value_ps,signed_dqs_minus_dq_bit,idelay_cntvaluein_skew,lane1,dq15,2,dqs_vs_dq_bit,43,18,183.0,20.5,9,9,8,10,-105.5,5.5,5,5,2,6,63.5,63.5,3,3,0,9,365.0,365.0,2,7,2,-288.5,-15.0,296.0
sdf::direct_max__idelay_data_cntvaluein__lane1__dq15__ctrl_2__endpoint__value_ps,sdf,direct_max__idelay_data_cntvaluein__lane1__dq15__ctrl_2__endpoint__value_ps,direct_max,idelay_data_cntvaluein,lane1,dq15,2,endpoint,43,18,-166.0,-166.0,12,6,0,10,28.5,28.5,4,6,0,6,-390.0,-390.0,5,1,0,9,-570.0,-570.0,8,1,0,194.5,194.5,291.75
sdf::direct_max__idelay_data_cntvaluein__lane0__dq7__ctrl_3__endpoint__value_ps,sdf,direct_max__idelay_data_cntvaluein__lane0__dq7__ctrl_3__endpoint__value_ps,direct_max,idelay_data_cntvaluein,lane0,dq7,3,endpoint,43,18,265.0,265.0,6,12,0,10,71.0,71.0,3,7,0,6,298.0,298.0,2,4,0,9,367.0,367.0,3,6,0,-194.0,-194.0,291.0
sdf::direct_max__idelay_ld__lane0__dq2__ctrl_none__endpoint__value_ps,sdf,direct_max__idelay_ld__lane0__dq2__ctrl_none__endpoint__value_ps,direct_max,idelay_ld,lane0,dq2,,endpoint,43,18,-154.5,-154.5,13,5,0,10,-348.0,-348.0,7,3,0,6,-263.5,-263.5,5,1,0,9,-237.0,-237.0,6,3,0,-193.5,-193.5,290.25
sdf::lane_spread__idelay_data_cntvaluein__lane0__no_bit__ctrl_none__lane__value_ps,sdf,lane_spread__idelay_data_cntvaluein__lane0__no_bit__ctrl_none__lane__value_ps,lane_spread,idelay_data_cntvaluein,lane0,,,lane,43,18,257.5,257.5,5,13,0,10,66.0,66.0,3,7,0,6,364.0,364.0,2,4,0,9,447.0,447.0,1,8,0,-191.5,-191.5,287.25
skew::signed_ld_minus_cntvaluein_dqs__idelay_ld_cntvaluein_skew__lane1__dqs1__ctrl_0__ld_vs_cntvaluein_dqs__value_ps,skew,signed_ld_minus_cntvaluein_dqs__idelay_ld_cntvaluein_skew__lane1__dqs1__ctrl_0__ld_vs_cntvaluein_dqs__value_ps,signed_ld_minus_cntvaluein_dqs,idelay_ld_cntvaluein_skew,lane1,dqs1,0,ld_vs_cntvaluein_dqs,43,18,-104.5,-126.0,14,4,7,10,152.0,-65.5,6,4,7,6,115.5,-120.5,4,2,2,9,-239.0,3.0,4,5,4,256.5,60.5,286.75
sdf::direct_max__idelay_data_cntvaluein__lane0__dq4__ctrl_0__endpoint__value_ps,sdf,direct_max__idelay_data_cntvaluein__lane0__dq4__ctrl_0__endpoint__value_ps,direct_max,idelay_data_cntvaluein,lane0,dq4,0,endpoint,43,18,-338.5,-338.5,12,6,0,10,-148.5,-148.5,7,3,0,6,-360.5,-360.5,4,2,0,9,-590.0,-590.0,7,2,0,190.0,190.0,285.0
skew::abs_dqs_minus_dq_bit__idelay_cntvaluein_skew__lane0__dq7__ctrl_0__dqs_vs_dq_bit__value_ps,skew,abs_dqs_minus_dq_bit__idelay_cntvaluein_skew__lane0__dq7__ctrl_0__dqs_vs_dq_bit__value_ps,abs_dqs_minus_dq_bit,idelay_cntvaluein_skew,lane0,dq7,0,dqs_vs_dq_bit,43,18,-179.5,-179.5,12,6,0,10,10.5,10.5,5,5,0,6,48.0,48.0,3,3,0,9,94.0,94.0,4,5,0,190.0,190.0,285.0
sdf::cntvaluein_bus_skew__idelay_data_cntvaluein__lane0__dq1__ctrl_none__dq1__value_ps,sdf,cntvaluein_bus_skew__idelay_data_cntvaluein__lane0__dq1__ctrl_none__dq1__value_ps,cntvaluein_bus_skew,idelay_data_cntvaluein,lane0,dq1,,dq1,43,18,230.0,230.0,6,12,0,10,41.5,41.5,5,5,0,6,168.5,168.5,3,3,0,9,525.0,525.0,1,8,0,-188.5,-188.5,282.75
sdf::direct_max__idelay_data_cntvaluein__lane1__dq12__ctrl_4__endpoint__value_ps,sdf,direct_max__idelay_data_cntvaluein__lane1__dq12__ctrl_4__endpoint__value_ps,direct_max,idelay_data_cntvaluein,lane1,dq12,4,endpoint,43,18,-38.5,-38.5,10,8,0,10,150.0,150.0,4,6,0,6,-438.0,-438.0,5,1,0,9,-275.0,-275.0,8,1,0,188.5,188.5,282.75
skew::abs_ld_minus_cntvaluein_dq_median__idelay_ld_cntvaluein_skew__lane0__no_bit__ctrl_0__ld_vs_cntvaluein_dq_lane__value_ps,skew,abs_ld_minus_cntvaluein_dq_median__idelay_ld_cntvaluein_skew__lane0__no_bit__ctrl_0__ld_vs_cntvaluein_dq_lane__value_ps,abs_ld_minus_cntvaluein_dq_median,idelay_ld_cntvaluein_skew,lane0,,0,ld_vs_cntvaluein_dq_lane,43,18,-33.75,-33.75,10,8,0,10,153.75,153.75,4,6,0,6,-101.5,-101.5,4,2,0,9,123.5,123.5,2,7,0,187.5,187.5,281.25
skew::abs_ld_minus_cntvaluein_dq_median__idelay_ld_cntvaluein_skew__lane0__no_bit__ctrl_3__ld_vs_cntvaluein_dq_lane__value_ps,skew,abs_ld_minus_cntvaluein_dq_median__idelay_ld_cntvaluein_skew__lane0__no_bit__ctrl_3__ld_vs_cntvaluein_dq_lane__value_ps,abs_ld_minus_cntvaluein_dq_median,idelay_ld_cntvaluein_skew,lane0,,3,ld_vs_cntvaluein_dq_lane,43,18,231.25,231.25,4,14,0,10,43.75,43.75,4,6,0,6,290.5,290.5,1,5,0,9,174.0,174.0,1,8,0,-187.5,-187.5,281.25
skew::signed_ld_minus_cntvaluein_dq_median__idelay_ld_cntvaluein_skew__lane1__no_bit__ctrl_3__ld_vs_cntvaluein_dq_lane__value_ps,skew,signed_ld_minus_cntvaluein_dq_median__idelay_ld_cntvaluein_skew__lane1__no_bit__ctrl_3__ld_vs_cntvaluein_dq_lane__value_ps,signed_ld_minus_cntvaluein_dq_median,idelay_ld_cntvaluein_skew,lane1,,3,ld_vs_cntvaluein_dq_lane,43,18,-557.25,57.25,6,12,11,10,-288.25,81.5,4,6,5,6,-401.75,93.0,2,4,4,9,-369.0,114.5,2,7,6,269.0,24.25,281.125
sdf::direct_max__idelay_dqs_cntvaluein__lane0__dqs0__ctrl_4__endpoint__value_ps,sdf,direct_max__idelay_dqs_cntvaluein__lane0__dqs0__ctrl_4__endpoint__value_ps,direct_max,idelay_dqs_cntvaluein,lane0,dqs0,4,endpoint,43,18,94.5,94.5,8,10,0,10,-92.5,-92.5,5,5,0,6,-491.5,-491.5,5,1,0,9,34.0,34.0,4,5,0,-187.0,-187.0,280.5
skew::dq_lane_range__iologic_skew__lane0__no_bit__ctrl_none__dq_lane__value_ps,skew,dq_lane_range__iologic_skew__lane0__no_bit__ctrl_none__dq_lane__value_ps,dq_lane_range,iologic_skew,lane0,,,dq_lane,43,18,166.0,166.0,6,12,0,10,-21.0,-21.0,5,5,0,6,18.5,18.5,2,4,0,9,-134.0,-134.0,7,2,0,-187.0,-187.0,280.5
sdf::direct_max__idelay_data_cntvaluein__lane0__dq3__ctrl_2__endpoint__value_ps,sdf,direct_max__idelay_data_cntvaluein__lane0__dq3__ctrl_2__endpoint__value_ps,direct_max,idelay_data_cntvaluein,lane0,dq3,2,endpoint,43,18,-336.0,-336.0,13,5,0,10,-150.0,-150.0,8,2,0,6,-383.0,-383.0,4,2,0,9,-477.0,-477.0,8,1,0,186.0,186.0,279.0
sdf::cntvaluein_bus_skew__idelay_data_cntvaluein__lane0__dq5__ctrl_none__dq5__value_ps,sdf,cntvaluein_bus_skew__idelay_data_cntvaluein__lane0__dq5__ctrl_none__dq5__value_ps,cntvaluein_bus_skew,idelay_data_cntvaluein,lane0,dq5,,dq5,43,18,262.5,262.5,6,12,0,10,77.0,77.0,5,5,0,6,422.0,422.0,0,6,0,9,356.0,356.0,1,8,0,-185.5,-185.5,278.25
skew::signed_dqs_minus_dq_bit__idelay_cntvaluein_skew__lane0__dq0__ctrl_4__dqs_vs_dq_bit__value_ps,skew,signed_dqs_minus_dq_bit__idelay_cntvaluein_skew__lane0__dq0__ctrl_4__dqs_vs_dq_bit__value_ps,signed_dqs_minus_dq_bit,idelay_cntvaluein_skew,lane0,dq0,4,dqs_vs_dq_bit,43,18,68.0,-27.5,11,7,5,10,-196.5,-53.0,7,3,6,6,231.0,23.5,3,3,6,9,457.0,61.0,2,7,7,-264.5,-25.5,277.25
skew::signed_dqs_minus_dq_bit__idelay_cntvaluein_skew__lane1__dq8__ctrl_1__dqs_vs_dq_bit__value_ps,skew,signed_dqs_minus_dq_bit__idelay_cntvaluein_skew__lane1__dq8__ctrl_1__dqs_vs_dq_bit__value_ps,signed_dqs_minus_dq_bit,idelay_cntvaluein_skew,lane1,dq8,1,dqs_vs_dq_bit,43,18,214.5,-15.5,9,9,8,10,-56.0,-2.0,5,5,2,6,3.5,38.0,2,4,2,9,471.0,231.0,3,6,8,-270.5,13.5,277.25
skew::signed_ld_minus_cntvaluein_dqs__idelay_ld_cntvaluein_skew__lane1__dqs1__ctrl_3__ld_vs_cntvaluein_dqs__value_ps,skew,signed_ld_minus_cntvaluein_dqs__idelay_ld_cntvaluein_skew__lane1__dqs1__ctrl_3__ld_vs_cntvaluein_dqs__value_ps,signed_ld_minus_cntvaluein_dqs,idelay_ld_cntvaluein_skew,lane1,dqs1,3,ld_vs_cntvaluein_dqs,43,18,-342.5,54.0,8,10,9,10,-482.0,329.5,2,8,4,6,-540.5,227.5,2,4,5,9,-309.0,156.0,3,6,3,-139.5,275.5,277.25
skew::signed_dqs_minus_dq_bit__idelay_cntvaluein_skew__lane0__dq5__ctrl_3__dqs_vs_dq_bit__value_ps,skew,signed_dqs_minus_dq_bit__idelay_cntvaluein_skew__lane0__dq5__ctrl_3__dqs_vs_dq_bit__value_ps,signed_dqs_minus_dq_bit,idelay_cntvaluein_skew,lane0,dq5,3,dqs_vs_dq_bit,43,18,-48.0,-69.0,11,7,6,10,198.0,-129.5,7,3,4,6,-396.5,14.5,3,3,4,9,-87.0,-26.0,5,4,2,246.0,-60.5,276.25
skew::signed_ld_minus_cntvaluein_dq_median__idelay_ld_cntvaluein_skew__lane0__no_bit__ctrl_1__ld_vs_cntvaluein_dq_lane__value_ps,skew,signed_ld_minus_cntvaluein_dq_median__idelay_ld_cntvaluein_skew__lane0__no_bit__ctrl_1__ld_vs_cntvaluein_dq_lane__value_ps,signed_ld_minus_cntvaluein_dq_median,idelay_ld_cntvaluein_skew,lane0,,1,ld_vs_cntvaluein_dq_lane,43,18,-103.5,-9.75,9,9,7,10,-364.0,-40.75,6,4,7,6,1.0,124.75,2,4,4,9,441.5,6.0,4,5,4,-260.5,-31.0,276.0
sdf::direct_max__idelay_data_cntvaluein__lane1__dq12__ctrl_1__endpoint__value_ps,sdf,direct_max__idelay_data_cntvaluein__lane1__dq12__ctrl_1__endpoint__value_ps,direct_max,idelay_data_cntvaluein,lane1,dq12,1,endpoint,43,18,-191.5,-191.5,12,6,0,10,-9.0,-9.0,6,4,0,6,-218.0,-218.0,5,1,0,9,-469.0,-469.0,7,2,0,182.5,182.5,273.75
skew::signed_dqs_minus_dq_bit__idelay_cntvaluein_skew__lane0__dq5__ctrl_2__dqs_vs_dq_bit__value_ps,skew,signed_dqs_minus_dq_bit__idelay_cntvaluein_skew__lane0__dq5__ctrl_2__dqs_vs_dq_bit__value_ps,signed_dqs_minus_dq_bit,idelay_cntvaluein_skew,lane0,dq5,2,dqs_vs_dq_bit,43,18,304.5,10.0,9,9,10,10,48.5,-15.0,5,5,5,6,12.0,-134.0,4,2,3,9,505.0,-208.0,5,4,6,-256.0,-25.0,268.5
skew::abs_lane1_minus_lane0_dq_median__idelay_cntvaluein_skew__all__no_bit__ctrl_3__lane1_vs_lane0_dq__value_ps,skew,abs_lane1_minus_lane0_dq_median__idelay_cntvaluein_skew__all__no_bit__ctrl_3__lane1_vs_lane0_dq__value_ps,abs_lane1_minus_lane0_dq_median,idelay_cntvaluein_skew,all,,3,lane1_vs_lane0_dq,43,18,7.5,7.5,8,10,0,10,-171.0,-171.0,6,4,0,6,-134.75,-134.75,4,2,0,9,-194.5,-194.5,6,3,0,-178.5,-178.5,267.75
skew::signed_lane1_minus_lane0_dq_median__idelay_cntvaluein_skew__all__no_bit__ctrl_3__lane1_vs_lane0_dq__value_ps,skew,signed_lane1_minus_lane0_dq_median__idelay_cntvaluein_skew__all__no_bit__ctrl_3__lane1_vs_lane0_dq__value_ps,signed_lane1_minus_lane0_dq_median,idelay_cntvaluein_skew,all,,3,lane1_vs_lane0_dq,43,18,-7.5,7.5,8,10,1,10,171.0,-171.0,6,4,3,6,134.75,-134.75,4,2,0,9,194.5,-194.5,6,3,0,178.5,-178.5,267.75
sdf::direct_max__idelay_data_cntvaluein__lane1__dq13__ctrl_4__endpoint__value_ps,sdf,direct_max__idelay_data_cntvaluein__lane1__dq13__ctrl_4__endpoint__value_ps,direct_max,idelay_data_cntvaluein,lane1,dq13,4,endpoint,43,18,-147.5,-147.5,12,6,0,10,30.5,30.5,5,5,0,6,-396.5,-396.5,5,1,0,9,-258.0,-258.0,6,3,0,178.0,178.0,267.0
skew::abs_dqs_minus_dq_bit__idelay_cntvaluein_skew__lane1__dq15__ctrl_0__dqs_vs_dq_bit__value_ps,skew,abs_dqs_minus_dq_bit__idelay_cntvaluein_skew__lane1__dq15__ctrl_0__dqs_vs_dq_bit__value_ps,abs_dqs_minus_dq_bit,idelay_cntvaluein_skew,lane1,dq15,0,dqs_vs_dq_bit,43,18,108.5,108.5,8,10,0,10,-69.5,-69.5,6,4,0,6,2.5,2.5,2,3,0,9,21.0,21.0,3,6,0,-178.0,-178.0,267.0
sdf::cntvaluein_bus_skew__idelay_data_cntvaluein__lane0__dq4__ctrl_none__dq4__value_ps,sdf,cntvaluein_bus_skew__idelay_data_cntvaluein__lane0__dq4__ctrl_none__dq4__value_ps,cntvaluein_bus_skew,idelay_data_cntvaluein,lane0,dq4,,dq4,43,18,223.0,223.0,7,11,0,10,45.5,45.5,5,5,0,6,174.0,174.0,2,4,0,9,514.0,514.0,1,8,0,-177.5,-177.5,266.25
sdf::direct_max__dq_iologic__lane1__dq12__ctrl_none__endpoint__value_ps,sdf,direct_max__dq_iologic__lane1__dq12__ctrl_none__endpoint__value_ps,direct_max,dq_iologic,lane1,dq12,,endpoint,43,18,-500.5,-500.5,12,6,0,10,-323.0,-323.0,8,2,0,6,-425.5,-425.5,5,1,0,9,-138.0,-138.0,6,3,0,177.5,177.5,266.25
sdf::cntvaluein_bus_skew__idelay_data_cntvaluein__lane1__dq9__ctrl_none__dq9__value_ps,sdf,cntvaluein_bus_skew__idelay_data_cntvaluein__lane1__dq9__ctrl_none__dq9__value_ps,cntvaluein_bus_skew,idelay_data_cntvaluein,lane1,dq9,,dq9,43,18,374.5,374.5,3,15,0,10,197.5,197.5,2,8,0,6,670.0,670.0,0,6,0,9,409.0,409.0,1,8,0,-177.0,-177.0,265.5
skew::abs_dqs_minus_dq_bit__idelay_cntvaluein_skew__lane1__dq9__ctrl_3__dqs_vs_dq_bit__value_ps,skew,abs_dqs_minus_dq_bit__idelay_cntvaluein_skew__lane1__dq9__ctrl_3__dqs_vs_dq_bit__value_ps,abs_dqs_minus_dq_bit,idelay_cntvaluein_skew,lane1,dq9,3,dqs_vs_dq_bit,43,18,-49.5,-49.5,11,7,0,10,127.5,127.5,3,7,0,6,-158.5,-158.5,4,2,0,9,111.0,111.0,4,5,0,177.0,177.0,265.5
skew::signed_ld_minus_cntvaluein_dqs__idelay_ld_cntvaluein_skew__lane1__dqs1__ctrl_1__ld_vs_cntvaluein_dqs__value_ps,skew,signed_ld_minus_cntvaluein_dqs__idelay_ld_cntvaluein_skew__lane1__dqs1__ctrl_1__ld_vs_cntvaluein_dqs__value_ps,signed_ld_minus_cntvaluein_dqs,idelay_ld_cntvaluein_skew,lane1,dqs1,1,ld_vs_cntvaluein_dqs,43,18,-163.0,48.0,7,11,12,10,-392.5,-20.5,5,5,7,6,-251.5,61.5,2,4,3,9,-239.0,-16.0,5,4,6,-229.5,-68.5,263.75
skew::signed_ld_minus_cntvaluein_dqs__idelay_ld_cntvaluein_skew__lane0__dqs0__ctrl_2__ld_vs_cntvaluein_dqs__value_ps,skew,signed_ld_minus_cntvaluein_dqs__idelay_ld_cntvaluein_skew__lane0__dqs0__ctrl_2__ld_vs_cntvaluein_dqs__value_ps,signed_ld_minus_cntvaluein_dqs,idelay_ld_cntvaluein_skew,lane0,dqs0,2,ld_vs_cntvaluein_dqs,43,18,-153.0,-153.0,16,2,10,10,-271.5,136.5,4,6,6,6,165.0,-327.5,4,2,6,9,123.0,46.0,4,5,6,-118.5,289.5,263.25
skew::dq_bus_skew_range__idelay_cntvaluein_skew__lane1__no_bit__ctrl_none__dq_lane_bus_skew__value_ps,skew,dq_bus_skew_range__idelay_cntvaluein_skew__lane1__no_bit__ctrl_none__dq_lane_bus_skew__value_ps,dq_bus_skew_range,idelay_cntvaluein_skew,lane1,,,dq_lane_bus_skew,43,18,80.0,80.0,4,13,0,10,-95.0,-95.0,7,3,0,6,71.5,71.5,3,3,0,9,-8.0,-8.0,5,4,0,-175.0,-175.0,262.5
sdf::direct_max__clocking__all__no_bit__ctrl_none__endpoint__value_ps,sdf,direct_max__clocking__all__no_bit__ctrl_none__endpoint__value_ps,direct_max,clocking,all,,,endpoint,43,18,278.0,278.0,6,12,0,10,105.0,105.0,4,6,0,6,59.0,59.0,3,3,0,9,330.0,330.0,2,7,0,-173.0,-173.0,259.5
sdf::direct_max__dq_iologic__lane0__dq3__ctrl_none__endpoint__value_ps,sdf,direct_max__dq_iologic__lane0__dq3__ctrl_none__endpoint__value_ps,direct_max,dq_iologic,lane0,dq3,,endpoint,43,18,52.5,52.5,8,10,0,10,-120.5,-120.5,8,2,0,6,85.5,85.5,3,3,0,9,-55.0,-55.0,5,4,0,-173.0,-173.0,259.5
sdf::lane_spread__clocking__all__no_bit__ctrl_none__lane__value_ps,sdf,lane_spread__clocking__all__no_bit__ctrl_none__lane__value_ps,lane_spread,clocking,all,,,lane,43,18,278.0,278.0,6,12,0,10,105.0,105.0,4,6,0,6,59.0,59.0,3,3,0,9,330.0,330.0,2,7,0,-173.0,-173.0,259.5
sdf::direct_max__idelay_data_cntvaluein__lane0__dq1__ctrl_4__endpoint__value_ps,sdf,direct_max__idelay_data_cntvaluein__lane0__dq1__ctrl_4__endpoint__value_ps,direct_max,idelay_data_cntvaluein,lane0,dq1,4,endpoint,43,18,-12.5,-12.5,9,9,0,10,160.0,160.0,4,6,0,6,-355.0,-355.0,4,2,0,9,-484.0,-484.0,7,2,0,172.5,172.5,258.75
sdf::direct_max__idelay_ld__lane0__dq0__ctrl_none__endpoint__value_ps,sdf,direct_max__idelay_ld__lane0__dq0__ctrl_none__endpoint__value_ps,direct_max,idelay_ld,lane0,dq0,,endpoint,43,18,-176.0,-176.0,15,3,0,10,-346.5,-346.5,8,2,0,6,-405.5,-405.5,6,0,0,9,-138.0,-138.0,6,3,0,-170.5,-170.5,255.75
skew::signed_dqs_minus_dq_bit__idelay_cntvaluein_skew__lane0__dq2__ctrl_3__dqs_vs_dq_bit__value_ps,skew,signed_dqs_minus_dq_bit__idelay_cntvaluein_skew__lane0__dq2__ctrl_3__dqs_vs_dq_bit__value_ps,signed_dqs_minus_dq_bit,idelay_cntvaluein_skew,lane0,dq2,3,dqs_vs_dq_bit,43,18,-69.5,-60.5,9,9,7,10,158.5,-8.0,5,5,4,6,198.5,38.5,2,4,4,9,-216.0,79.0,4,5,5,228.0,52.5,254.25
skew::signed_dqs_minus_dq_bit__idelay_cntvaluein_skew__lane1__dq10__ctrl_4__dqs_vs_dq_bit__value_ps,skew,signed_dqs_minus_dq_bit__idelay_cntvaluein_skew__lane1__dq10__ctrl_4__dqs_vs_dq_bit__value_ps,signed_dqs_minus_dq_bit,idelay_cntvaluein_skew,lane1,dq10,4,dqs_vs_dq_bit,43,18,-56.5,24.5,8,10,8,10,-273.0,96.5,3,7,5,6,298.5,-78.0,4,2,5,9,94.0,94.0,3,6,4,-216.5,72.0,252.5
sdf::direct_max__idelay_data_cntvaluein__lane1__dq14__ctrl_2__endpoint__value_ps,sdf,direct_max__idelay_data_cntvaluein__lane1__dq14__ctrl_2__endpoint__value_ps,direct_max,idelay_data_cntvaluein,lane1,dq14,2,endpoint,43,18,-274.0,-274.0,13,5,0,10,-106.0,-106.0,6,4,0,6,-423.0,-423.0,4,2,0,9,-435.0,-435.0,8,1,0,168.0,168.0,252.0
skew::abs_dqs_minus_dq_bit__idelay_cntvaluein_skew__lane1__dq13__ctrl_1__dqs_vs_dq_bit__value_ps,skew,abs_dqs_minus_dq_bit__idelay_cntvaluein_skew__lane1__dq13__ctrl_1__dqs_vs_dq_bit__value_ps,abs_dqs_minus_dq_bit,idelay_cntvaluein_skew,lane1,dq13,1,dqs_vs_dq_bit,43,18,103.5,103.5,8,10,0,10,-64.5,-64.5,7,3,0,6,73.0,73.0,2,4,0,9,34.0,34.0,4,5,0,-168.0,-168.0,252.0
skew::abs_dqs_minus_dq_bit__idelay_cntvaluein_skew__lane1__dq13__ctrl_3__dqs_vs_dq_bit__value_ps,skew,abs_dqs_minus_dq_bit__idelay_cntvaluein_skew__lane1__dq13__ctrl_3__dqs_vs_dq_bit__value_ps,abs_dqs_minus_dq_bit,idelay_cntvaluein_skew,lane1,dq13,3,dqs_vs_dq_bit,43,18,-13.0,-13.0,9,9,0,10,153.5,153.5,4,6,0,6,86.5,86.5,2,4,0,9,35.0,35.0,3,6,0,166.5,166.5,249.75
sdf::cntvaluein_bus_skew__idelay_data_cntvaluein__lane1__dq12__ctrl_none__dq12__value_ps,sdf,cntvaluein_bus_skew__idelay_data_cntvaluein__lane1__dq12__ctrl_none__dq12__value_ps,cntvaluein_bus_skew,idelay_data_cntvaluein,lane1,dq12,,dq12,43,18,287.0,287.0,4,14,0,10,121.5,121.5,4,6,0,6,390.5,390.5,1,5,0,9,444.0,444.0,0,9,0,-165.5,-165.5,248.25
skew::signed_ld_minus_cntvaluein_dqs__idelay_ld_cntvaluein_skew__lane0__dqs0__ctrl_4__ld_vs_cntvaluein_dqs__value_ps,skew,signed_ld_minus_cntvaluein_dqs__idelay_ld_cntvaluein_skew__lane0__dqs0__ctrl_4__ld_vs_cntvaluein_dqs__value_ps,signed_ld_minus_cntvaluein_dqs,idelay_ld_cntvaluein_skew,lane0,dqs0,4,ld_vs_cntvaluein_dqs,43,18,-351.5,94.0,6,12,10,10,-126.5,138.5,1,9,4,6,482.0,-114.5,3,3,4,9,-432.0,63.0,2,7,5,225.0,44.5,247.25
sdf::direct_max__idelay_data_cntvaluein__lane1__dq13__ctrl_2__endpoint__value_ps,sdf,direct_max__idelay_data_cntvaluein__lane1__dq13__ctrl_2__endpoint__value_ps,direct_max,idelay_data_cntvaluein,lane1,dq13,2,endpoint,43,18,-273.5,-273.5,10,8,0,10,-110.5,-110.5,7,3,0,6,-304.0,-304.0,5,1,0,9,-463.0,-463.0,8,1,0,163.0,163.0,244.5
sdf::direct_max__idelay_data_cntvaluein__lane0__dq1__ctrl_1__endpoint__value_ps,sdf,direct_max__idelay_data_cntvaluein__lane0__dq1__ctrl_1__endpoint__value_ps,direct_max,idelay_data_cntvaluein,lane0,dq1,1,endpoint,43,18,-162.0,-162.0,13,5,0,10,0.0,0.0,5,5,0,6,-236.0,-236.0,4,2,0,9,-467.0,-467.0,7,2,0,162.0,162.0,243.0
sdf::direct_max__idelay_data_cntvaluein__lane0__dq4__ctrl_4__endpoint__value_ps,sdf,direct_max__idelay_data_cntvaluein__lane0__dq4__ctrl_4__endpoint__value_ps,direct_max,idelay_data_cntvaluein,lane0,dq4,4,endpoint,43,18,51.5,51.5,7,11,0,10,212.0,212.0,4,6,0,6,-449.5,-449.5,4,2,0,9,-464.0,-464.0,8,1,0,160.5,160.5,240.75
skew::abs_dqs_minus_dq_bit__idelay_cntvaluein_skew__lane0__dq2__ctrl_4__dqs_vs_dq_bit__value_ps,skew,abs_dqs_minus_dq_bit__idelay_cntvaluein_skew__lane0__dq2__ctrl_4__dqs_vs_dq_bit__value_ps,abs_dqs_minus_dq_bit,idelay_cntvaluein_skew,lane0,dq2,4,dqs_vs_dq_bit,43,18,97.5,97.5,7,11,0,10,-63.0,-63.0,7,3,0,6,150.0,150.0,1,5,0,9,160.0,160.0,2,7,0,-160.5,-160.5,240.75
skew::abs_dqs_minus_dq_bit__idelay_cntvaluein_skew__lane1__dq11__ctrl_1__dqs_vs_dq_bit__value_ps,skew,abs_dqs_minus_dq_bit__idelay_cntvaluein_skew__lane1__dq11__ctrl_1__dqs_vs_dq_bit__value_ps,abs_dqs_minus_dq_bit,idelay_cntvaluein_skew,lane1,dq11,1,dqs_vs_dq_bit,43,18,104.0,104.0,8,10,0,10,-56.5,-56.5,8,2,0,6,147.0,147.0,2,4,0,9,207.0,207.0,4,5,0,-160.5,-160.5,240.75
sdf::cntvaluein_bus_skew__idelay_dqs_cntvaluein__lane1__dqs1__ctrl_none__dqs1__value_ps,sdf,cntvaluein_bus_skew__idelay_dqs_cntvaluein__lane1__dqs1__ctrl_none__dqs1__value_ps,cntvaluein_bus_skew,idelay_dqs_cntvaluein,lane1,dqs1,,dqs1,43,18,151.0,151.0,6,12,0,10,310.5,310.5,2,8,0,6,174.0,174.0,1,5,0,9,2.0,2.0,4,5,0,159.5,159.5,239.25
sdf::lane_spread__idelay_dqs_cntvaluein__lane1__no_bit__ctrl_none__lane__value_ps,sdf,lane_spread__idelay_dqs_cntvaluein__lane1__no_bit__ctrl_none__lane__value_ps,lane_spread,idelay_dqs_cntvaluein,lane1,,,lane,43,18,151.0,151.0,6,12,0,10,310.5,310.5,2,8,0,6,174.0,174.0,1,5,0,9,2.0,2.0,4,5,0,159.5,159.5,239.25
skew::signed_ld_minus_cntvaluein_dq_median__idelay_ld_cntvaluein_skew__lane1__no_bit__ctrl_2__ld_vs_cntvaluein_dq_lane__value_ps,skew,signed_ld_minus_cntvaluein_dq_median__idelay_ld_cntvaluein_skew__lane1__no_bit__ctrl_2__ld_vs_cntvaluein_dq_lane__value_ps,signed_ld_minus_cntvaluein_dq_median,idelay_ld_cntvaluein_skew,lane1,,2,ld_vs_cntvaluein_dq_lane,43,18,9.0,25.75,7,11,12,10,174.25,172.75,2,8,4,6,212.25,51.0,2,4,1,9,152.5,145.0,2,7,4,165.25,147.0,238.75
sdf::direct_max__idelay_data_cntvaluein__lane1__dq13__ctrl_3__endpoint__value_ps,sdf,direct_max__idelay_data_cntvaluein__lane1__dq13__ctrl_3__endpoint__value_ps,direct_max,idelay_data_cntvaluein,lane1,dq13,3,endpoint,43,18,263.5,263.5,3,15,0,10,104.5,104.5,3,7,0,6,251.0,251.0,2,4,0,9,219.0,219.0,1,8,0,-159.0,-159.0,238.5
sdf::direct_max__idelay_data_cntvaluein__lane0__dq4__ctrl_1__endpoint__value_ps,sdf,direct_max__idelay_data_cntvaluein__lane0__dq4__ctrl_1__endpoint__value_ps,direct_max,idelay_data_cntvaluein,lane0,dq4,1,endpoint,43,18,-243.5,-243.5,12,6,0,10,-87.0,-87.0,6,4,0,6,-264.5,-264.5,4,2,0,9,-467.0,-467.0,6,3,0,156.5,156.5,234.75
sdf::direct_max__idelay_ld__lane0__dq4__ctrl_none__endpoint__value_ps,sdf,direct_max__idelay_ld__lane0__dq4__ctrl_none__endpoint__value_ps,direct_max,idelay_ld,lane0,dq4,,endpoint,43,18,-146.5,-146.5,13,5,0,10,-303.0,-303.0,9,1,0,6,-260.0,-260.0,6,0,0,9,-108.0,-108.0,6,3,0,-156.5,-156.5,234.75
skew::signed_dqs_minus_dq_bit__idelay_cntvaluein_skew__lane0__dq3__ctrl_2__dqs_vs_dq_bit__value_ps,skew,signed_dqs_minus_dq_bit__idelay_cntvaluein_skew__lane0__dq3__ctrl_2__dqs_vs_dq_bit__value_ps,signed_dqs_minus_dq_bit,idelay_cntvaluein_skew,lane0,dq3,2,dqs_vs_dq_bit,43,18,219.0,108.0,7,11,10,10,35.5,8.0,4,6,6,6,-37.0,-190.0,4,2,2,9,427.0,-376.0,5,4,4,-183.5,-100.0,233.5
skew::signed_dqs_minus_dq_median__idelay_cntvaluein_skew__lane0__dqs0__ctrl_1__dqs_vs_dq_lane__value_ps,skew,signed_dqs_minus_dq_median__idelay_cntvaluein_skew__lane0__dqs0__ctrl_1__dqs_vs_dq_lane__value_ps,signed_dqs_minus_dq_median,idelay_cntvaluein_skew,lane0,dqs0,1,dqs_vs_dq_lane,43,18,122.0,-80.75,11,7,10,10,304.25,-183.25,7,3,5,6,-1.5,29.75,1,5,5,9,742.5,25.0,4,5,7,182.25,-102.5,233.5
sdf::direct_max__idelay_dqs_cntvaluein__lane1__dqs1__ctrl_0__endpoint__value_ps,sdf,direct_max__idelay_dqs_cntvaluein__lane1__dqs1__ctrl_0__endpoint__value_ps,direct_max,idelay_dqs_cntvaluein,lane1,dqs1,0,endpoint,43,18,-97.0,-97.0,12,6,0,10,-252.0,-252.0,6,4,0,6,-360.0,-360.0,5,1,0,9,-28.0,-28.0,5,4,0,-155.0,-155.0,232.5
sdf::direct_max__idelay_ld__lane1__dq9__ctrl_none__endpoint__value_ps,sdf,direct_max__idelay_ld__lane1__dq9__ctrl_none__endpoint__value_ps,direct_max,idelay_ld,lane1,dq9,,endpoint,43,18,-82.5,-82.5,12,6,0,10,-237.5,-237.5,7,3,0,6,-250.5,-250.5,5,1,0,9,-145.0,-145.0,6,3,0,-155.0,-155.0,232.5
skew::signed_dqs_minus_dq_bit__idelay_cntvaluein_skew__lane1__dq13__ctrl_1__dqs_vs_dq_bit__value_ps,skew,signed_dqs_minus_dq_bit__idelay_cntvaluein_skew__lane1__dq13__ctrl_1__dqs_vs_dq_bit__value_ps,signed_dqs_minus_dq_bit,idelay_cntvaluein_skew,lane1,dq13,1,dqs_vs_dq_bit,43,18,174.5,103.5,8,10,11,10,30.5,-64.5,7,3,2,6,237.0,73.0,2,4,5,9,672.0,34.0,4,5,6,-144.0,-168.0,228.0
sdf::cntvaluein_bus_skew__idelay_data_cntvaluein__lane0__dq2__ctrl_none__dq2__value_ps,sdf,cntvaluein_bus_skew__idelay_data_cntvaluein__lane0__dq2__ctrl_none__dq2__value_ps,cntvaluein_bus_skew,idelay_data_cntvaluein,lane0,dq2,,dq2,43,18,274.0,274.0,4,14,0,10,122.5,122.5,3,7,0,6,249.0,249.0,2,4,0,9,449.0,449.0,1,8,0,-151.5,-151.5,227.25
sdf::direct_max__idelay_data_cntvaluein__lane1__dq8__ctrl_4__endpoint__value_ps,sdf,direct_max__idelay_data_cntvaluein__lane1__dq8__ctrl_4__endpoint__value_ps,direct_max,idelay_data_cntvaluein,lane1,dq8,4,endpoint,43,18,-91.0,-91.0,11,7,0,10,60.5,60.5,4,6,0,6,-493.5,-493.5,6,0,0,9,-327.0,-327.0,7,2,0,151.5,151.5,227.25
skew::abs_ld_minus_cntvaluein_dq_median__idelay_ld_cntvaluein_skew__lane1__no_bit__ctrl_0__ld_vs_cntvaluein_dq_lane__value_ps,skew,abs_ld_minus_cntvaluein_dq_median__idelay_ld_cntvaluein_skew__lane1__no_bit__ctrl_0__ld_vs_cntvaluein_dq_lane__value_ps,abs_ld_minus_cntvaluein_dq_median,idelay_ld_cntvaluein_skew,lane1,,0,ld_vs_cntvaluein_dq_lane,43,18,-9.0,-9.0,9,9,0,10,142.25,142.25,4,6,0,6,-1.5,-1.5,3,3,0,9,416.0,416.0,2,7,0,151.25,151.25,226.875
skew::abs_dqs_minus_dq_bit__idelay_cntvaluein_skew__lane1__dq15__ctrl_3__dqs_vs_dq_bit__value_ps,skew,abs_dqs_minus_dq_bit__idelay_cntvaluein_skew__lane1__dq15__ctrl_3__dqs_vs_dq_bit__value_ps,abs_dqs_minus_dq_bit,idelay_cntvaluein_skew,lane1,dq15,3,dqs_vs_dq_bit,43,18,-83.5,-83.5,11,7,0,10,66.5,66.5,4,6,0,6,-240.5,-240.5,4,2,0,9,-97.0,-97.0,6,3,0,150.0,150.0,225.0
sdf::direct_max__idelay_ld__lane0__dq1__ctrl_none__endpoint__value_ps,sdf,direct_max__idelay_ld__lane0__dq1__ctrl_none__endpoint__value_ps,direct_max,idelay_ld,lane0,dq1,,endpoint,43,18,-177.0,-177.0,16,2,0,10,-326.5,-326.5,8,2,0,6,-282.0,-282.0,6,0,0,9,-64.0,-64.0,6,3,0,-149.5,-149.5,224.25
skew::abs_ld_minus_cntvaluein_dq_median__idelay_ld_cntvaluein_skew__lane1__no_bit__ctrl_2__ld_vs_cntvaluein_dq_lane__value_ps,skew,abs_ld_minus_cntvaluein_dq_median__idelay_ld_cntvaluein_skew__lane1__no_bit__ctrl_2__ld_vs_cntvaluein_dq_lane__value_ps,abs_ld_minus_cntvaluein_dq_median,idelay_ld_cntvaluein_skew,lane1,,2,ld_vs_cntvaluein_dq_lane,43,18,25.75,25.75,7,11,0,10,172.75,172.75,2,8,0,6,51.0,51.0,2,4,0,9,145.0,145.0,2,7,0,147.0,147.0,220.5
sdf::direct_max__idelay_ld__lane0__dq6__ctrl_none__endpoint__value_ps,sdf,direct_max__idelay_ld__lane0__dq6__ctrl_none__endpoint__value_ps,direct_max,idelay_ld,lane0,dq6,,endpoint,43,18,-172.0,-172.0,13,5,0,10,-318.0,-318.0,7,3,0,6,-277.0,-277.0,4,2,0,9,-166.0,-166.0,7,2,0,-146.0,-146.0,219.0
skew::signed_ld_minus_cntvaluein_dq_median__idelay_ld_cntvaluein_skew__lane1__no_bit__ctrl_4__ld_vs_cntvaluein_dq_lane__value_ps,skew,signed_ld_minus_cntvaluein_dq_median__idelay_ld_cntvaluein_skew__lane1__no_bit__ctrl_4__ld_vs_cntvaluein_dq_lane__value_ps,signed_ld_minus_cntvaluein_dq_median,idelay_ld_cntvaluein_skew,lane1,,4,ld_vs_cntvaluein_dq_lane,43,18,39.0,21.5,8,10,8,10,-159.75,54.75,3,7,4,6,348.0,295.25,2,4,4,9,5.0,200.0,3,6,2,-198.75,33.25,215.375
sdf::direct_max__idelay_data_cntvaluein__lane1__dq11__ctrl_4__endpoint__value_ps,sdf,direct_max__idelay_data_cntvaluein__lane1__dq11__ctrl_4__endpoint__value_ps,direct_max,idelay_data_cntvaluein,lane1,dq11,4,endpoint,43,18,-115.0,-115.0,12,6,0,10,27.5,27.5,5,5,0,6,-437.0,-437.0,5,1,0,9,-286.0,-286.0,7,2,0,142.5,142.5,213.75
skew::signed_dqs_minus_dq_bit__idelay_cntvaluein_skew__lane1__dq8__ctrl_2__dqs_vs_dq_bit__value_ps,skew,signed_dqs_minus_dq_bit__idelay_cntvaluein_skew__lane1__dq8__ctrl_2__dqs_vs_dq_bit__value_ps,signed_dqs_minus_dq_bit,idelay_cntvaluein_skew,lane1,dq8,2,dqs_vs_dq_bit,43,18,66.0,103.5,6,12,11,10,-133.0,74.0,4,6,3,6,8.0,-147.0,5,1,4,9,301.0,79.0,4,5,5,-199.0,-29.5,213.75
sdf::control_fanout_spread__idelay_data_cntvaluein__lane0__no_bit__ctrl_4__lane_control_bit__value_ps,sdf,control_fanout_spread__idelay_data_cntvaluein__lane0__no_bit__ctrl_4__lane_control_bit__value_ps,control_fanout_spread,idelay_data_cntvaluein,lane0,,4,lane_control_bit,43,18,132.0,132.0,6,12,0,10,-9.5,-9.5,6,4,0,6,95.0,95.0,2,4,0,9,4.0,4.0,4,5,0,-141.5,-141.5,212.25
skew::dq_lane_range__idelay_cntvaluein_skew__lane0__no_bit__ctrl_4__dq_lane__value_ps,skew,dq_lane_range__idelay_cntvaluein_skew__lane0__no_bit__ctrl_4__dq_lane__value_ps,dq_lane_range,idelay_cntvaluein_skew,lane0,,4,dq_lane,43,18,132.0,132.0,6,12,0,10,-9.5,-9.5,6,4,0,6,95.0,95.0,2,4,0,9,4.0,4.0,4,5,0,-141.5,-141.5,212.25
skew::signed_dqs_minus_dq_median__idelay_cntvaluein_skew__lane0__dqs0__ctrl_3__dqs_vs_dq_lane__value_ps,skew,signed_dqs_minus_dq_median__idelay_cntvaluein_skew__lane0__dqs0__ctrl_3__dqs_vs_dq_lane__value_ps,signed_dqs_minus_dq_median,idelay_cntvaluein_skew,lane0,dqs0,3,dqs_vs_dq_lane,43,18,-54.5,-59.25,9,9,8,10,148.25,-77.25,7,3,4,6,19.5,12.75,3,3,5,9,-92.0,-14.5,5,4,4,202.75,-18.0,211.75
sdf::direct_max__dq_iologic__lane1__dq8__ctrl_none__endpoint__value_ps,sdf,direct_max__dq_iologic__lane1__dq8__ctrl_none__endpoint__value_ps,direct_max,dq_iologic,lane1,dq8,,endpoint,43,18,-263.5,-263.5,13,5,0,10,-404.0,-404.0,7,3,0,6,-191.5,-191.5,5,1,0,9,-160.0,-160.0,5,4,0,-140.5,-140.5,210.75
sdf::direct_max__idelay_data_cntvaluein__lane0__dq0__ctrl_3__endpoint__value_ps,sdf,direct_max__idelay_data_cntvaluein__lane0__dq0__ctrl_3__endpoint__value_ps,direct_max,idelay_data_cntvaluein,lane0,dq0,3,endpoint,43,18,308.0,308.0,6,12,0,10,170.5,170.5,3,7,0,6,16.5,16.5,3,3,0,9,34.0,34.0,4,5,0,-137.5,-137.5,206.25
sdf::direct_max__idelay_data_cntvaluein__lane0__dq1__ctrl_0__endpoint__value_ps,sdf,direct_max__idelay_data_cntvaluein__lane0__dq1__ctrl_0__endpoint__value_ps,direct_max,idelay_data_cntvaluein,lane0,dq1,0,endpoint,43,18,-346.0,-346.0,13,5,0,10,-209.0,-209.0,6,4,0,6,-286.5,-286.5,4,2,0,9,-592.0,-592.0,8,1,0,137.0,137.0,205.5
skew::signed_dqs_minus_dq_bit__idelay_cntvaluein_skew__lane0__dq1__ctrl_3__dqs_vs_dq_bit__value_ps,skew,signed_dqs_minus_dq_bit__idelay_cntvaluein_skew__lane0__dq1__ctrl_3__dqs_vs_dq_bit__value_ps,signed_dqs_minus_dq_bit,idelay_cntvaluein_skew,lane0,dq1,3,dqs_vs_dq_bit,43,18,21.5,-102.5,9,9,8,10,207.5,-141.5,7,3,4,6,75.0,101.5,2,4,6,9,240.0,240.0,3,6,5,186.0,-39.0,205.5
sdf::control_fanout_spread__idelay_data_cntvaluein__lane1__no_bit__ctrl_0__lane_control_bit__value_ps,sdf,control_fanout_spread__idelay_data_cntvaluein__lane1__no_bit__ctrl_0__lane_control_bit__value_ps,control_fanout_spread,idelay_data_cntvaluein,lane1,,0,lane_control_bit,43,18,-29.5,-29.5,10,8,0,10,102.5,102.5,4,6,0,6,184.0,184.0,2,4,0,9,-55.0,-55.0,6,3,0,132.0,132.0,198.0
sdf::direct_max__idelay_data_cntvaluein__lane1__dq15__ctrl_4__endpoint__value_ps,sdf,direct_max__idelay_data_cntvaluein__lane1__dq15__ctrl_4__endpoint__value_ps,direct_max,idelay_data_cntvaluein,lane1,dq15,4,endpoint,43,18,-207.0,-207.0,12,6,0,10,-75.0,-75.0,6,4,0,6,-461.5,-461.5,5,1,0,9,-245.0,-245.0,7,2,0,132.0,132.0,198.0
skew::dq_lane_range__idelay_cntvaluein_skew__lane1__no_bit__ctrl_0__dq_lane__value_ps,skew,dq_lane_range__idelay_cntvaluein_skew__lane1__no_bit__ctrl_0__dq_lane__value_ps,dq_lane_range,idelay_cntvaluein_skew,lane1,,0,dq_lane,43,18,-29.5,-29.5,10,8,0,10,102.5,102.5,4,6,0,6,184.0,184.0,2,4,0,9,-55.0,-55.0,6,3,0,132.0,132.0,198.0
skew::signed_dqs_minus_dq_bit__idelay_cntvaluein_skew__lane0__dq2__ctrl_1__dqs_vs_dq_bit__value_ps,skew,signed_dqs_minus_dq_bit__idelay_cntvaluein_skew__lane0__dq2__ctrl_1__dqs_vs_dq_bit__value_ps,signed_dqs_minus_dq_bit,idelay_cntvaluein_skew,lane0,dq2,1,dqs_vs_dq_bit,43,18,94.5,-132.0,10,8,9,10,269.0,-176.5,7,3,4,6,55.5,131.5,2,4,4,9,742.0,-78.0,5,4,7,174.5,-44.5,196.75
sdf::direct_max__idelay_data_cntvaluein__lane1__dq10__ctrl_2__endpoint__value_ps,sdf,direct_max__idelay_data_cntvaluein__lane1__dq10__ctrl_2__endpoint__value_ps,direct_max,idelay_data_cntvaluein,lane1,dq10,2,endpoint,43,18,-244.5,-244.5,11,7,0,10,-114.5,-114.5,6,4,0,6,-428.0,-428.0,4,2,0,9,-382.0,-382.0,9,0,0,130.0,130.0,195.0
sdf::direct_max__idelay_ld__lane0__dqs0__ctrl_none__endpoint__value_ps,sdf,direct_max__idelay_ld__lane0__dqs0__ctrl_none__endpoint__value_ps,direct_max,idelay_ld,lane0,dqs0,,endpoint,43,18,-243.5,-243.5,14,4,0,10,-373.5,-373.5,7,3,0,6,-97.5,-97.5,5,1,0,9,-198.0,-198.0,6,3,0,-130.0,-130.0,195.0
skew::abs_dqs_minus_dq_bit__idelay_cntvaluein_skew__lane0__dq1__ctrl_4__dqs_vs_dq_bit__value_ps,skew,abs_dqs_minus_dq_bit__idelay_cntvaluein_skew__lane0__dq1__ctrl_4__dqs_vs_dq_bit__value_ps,abs_dqs_minus_dq_bit,idelay_cntvaluein_skew,lane0,dq1,4,dqs_vs_dq_bit,43,18,45.0,45.0,8,10,0,10,-84.0,-84.0,6,4,0,6,132.0,132.0,1,5,0,9,77.0,77.0,3,6,0,-129.0,-129.0,193.5
skew::abs_ld_minus_cntvaluein_dqs__idelay_ld_cntvaluein_skew__lane0__dqs0__ctrl_0__ld_vs_cntvaluein_dqs__value_ps,skew,abs_ld_minus_cntvaluein_dqs__idelay_ld_cntvaluein_skew__lane0__dqs0__ctrl_0__ld_vs_cntvaluein_dqs__value_ps,abs_ld_minus_cntvaluein_dqs,idelay_ld_cntvaluein_skew,lane0,dqs0,0,ld_vs_cntvaluein_dqs,43,18,-100.5,-100.5,11,7,0,10,28.5,28.5,4,6,0,6,-128.5,-128.5,3,3,0,9,-42.0,-42.0,5,4,0,129.0,129.0,193.5
skew::abs_dqs_minus_dq_median__iologic_skew__lane0__dqs0__ctrl_none__dqs_vs_dq_lane__value_ps,skew,abs_dqs_minus_dq_median__iologic_skew__lane0__dqs0__ctrl_none__dqs_vs_dq_lane__value_ps,abs_dqs_minus_dq_median,iologic_skew,lane0,dqs0,,dqs_vs_dq_lane,43,18,111.75,111.75,8,10,0,10,239.75,239.75,3,7,0,6,-62.0,-62.0,3,3,0,9,-147.5,-147.5,6,3,0,128.0,128.0,192.0
skew::abs_lane1_minus_lane0_dqs__idelay_cntvaluein_skew__all__no_bit__ctrl_4__lane1_vs_lane0_dqs__value_ps,skew,abs_lane1_minus_lane0_dqs__idelay_cntvaluein_skew__all__no_bit__ctrl_4__lane1_vs_lane0_dqs__value_ps,abs_lane1_minus_lane0_dqs,idelay_cntvaluein_skew,all,,4,lane1_vs_lane0_dqs,43,18,166.0,166.0,3,15,0,10,38.0,38.0,4,6,0,6,-178.5,-178.5,5,1,0,9,38.0,38.0,4,5,0,-128.0,-128.0,192.0
skew::signed_dqs_minus_dq_median__iologic_skew__lane0__dqs0__ctrl_none__dqs_vs_dq_lane__value_ps,skew,signed_dqs_minus_dq_median__iologic_skew__lane0__dqs0__ctrl_none__dqs_vs_dq_lane__value_ps,signed_dqs_minus_dq_median,iologic_skew,lane0,dqs0,,dqs_vs_dq_lane,43,18,111.75,111.75,8,10,4,10,239.75,239.75,3,7,2,6,-62.0,-62.0,3,3,0,9,-147.5,-147.5,6,3,1,128.0,128.0,192.0
skew::signed_lane1_minus_lane0_dqs__idelay_cntvaluein_skew__all__no_bit__ctrl_4__lane1_vs_lane0_dqs__value_ps,skew,signed_lane1_minus_lane0_dqs__idelay_cntvaluein_skew__all__no_bit__ctrl_4__lane1_vs_lane0_dqs__value_ps,signed_lane1_minus_lane0_dqs,idelay_cntvaluein_skew,all,,4,lane1_vs_lane0_dqs,43,18,-166.0,166.0,3,15,3,10,-38.0,38.0,4,6,0,6,178.5,-178.5,5,1,1,9,-38.0,38.0,4,5,0,128.0,-128.0,192.0
sdf::direct_max__idelay_data_cntvaluein__lane0__dq4__ctrl_3__endpoint__value_ps,sdf,direct_max__idelay_data_cntvaluein__lane0__dq4__ctrl_3__endpoint__value_ps,direct_max,idelay_data_cntvaluein,lane0,dq4,3,endpoint,43,18,304.5,304.5,6,12,0,10,177.5,177.5,3,7,0,6,-159.5,-159.5,4,2,0,9,87.0,87.0,4,5,0,-127.0,-127.0,190.5
skew::signed_dqs_bus_skew_minus_dq_median__idelay_cntvaluein_skew__lane1__dqs1__ctrl_none__dqs_vs_dq_bus_skew__value_ps,skew,signed_dqs_bus_skew_minus_dq_median__idelay_cntvaluein_skew__lane1__dqs1__ctrl_none__dqs_vs_dq_bus_skew__value_ps,signed_dqs_bus_skew_minus_dq_median,idelay_cntvaluein_skew,lane1,dqs1,,dqs_vs_dq_bus_skew,43,18,-41.5,45.0,5,13,8,10,117.5,-16.0,6,4,5,6,-147.25,270.0,1,5,2,9,-385.0,120.0,4,5,2,159.0,-61.0,189.5
sdf::control_fanout_spread__idelay_data_cntvaluein__lane0__no_bit__ctrl_2__lane_control_bit__value_ps,sdf,control_fanout_spread__idelay_data_cntvaluein__lane0__no_bit__ctrl_2__lane_control_bit__value_ps,control_fanout_spread,idelay_data_cntvaluein,lane0,,2,lane_control_bit,43,18,68.5,68.5,6,12,0,10,-57.5,-57.5,5,5,0,6,81.0,81.0,1,5,0,9,-69.0,-69.0,6,3,0,-126.0,-126.0,189.0
sdf::direct_max__idelay_data_cntvaluein__lane1__dq13__ctrl_1__endpoint__value_ps,sdf,direct_max__idelay_data_cntvaluein__lane1__dq13__ctrl_1__endpoint__value_ps,direct_max,idelay_data_cntvaluein,lane1,dq13,1,endpoint,43,18,-72.5,-72.5,12,6,0,10,53.5,53.5,5,5,0,6,-309.0,-309.0,5,1,0,9,-749.0,-749.0,8,1,0,126.0,126.0,189.0
skew::dq_lane_range__idelay_cntvaluein_skew__lane0__no_bit__ctrl_2__dq_lane__value_ps,skew,dq_lane_range__idelay_cntvaluein_skew__lane0__no_bit__ctrl_2__dq_lane__value_ps,dq_lane_range,idelay_cntvaluein_skew,lane0,,2,dq_lane,43,18,68.5,68.5,6,12,0,10,-57.5,-57.5,5,5,0,6,81.0,81.0,1,5,0,9,-69.0,-69.0,6,3,0,-126.0,-126.0,189.0
skew::abs_dqs_minus_dq_bit__idelay_cntvaluein_skew__lane1__dq14__ctrl_2__dqs_vs_dq_bit__value_ps,skew,abs_dqs_minus_dq_bit__idelay_cntvaluein_skew__lane1__dq14__ctrl_2__dqs_vs_dq_bit__value_ps,abs_dqs_minus_dq_bit,idelay_cntvaluein_skew,lane1,dq14,2,dqs_vs_dq_bit,43,18,164.0,164.0,7,11,0,10,38.5,38.5,5,5,0,6,-218.5,-218.5,4,2,0,9,60.0,60.0,3,6,0,-125.5,-125.5,188.25
skew::signed_dqs_minus_dq_bit__idelay_cntvaluein_skew__lane1__dq9__ctrl_0__dqs_vs_dq_bit__value_ps,skew,signed_dqs_minus_dq_bit__idelay_cntvaluein_skew__lane1__dq9__ctrl_0__dqs_vs_dq_bit__value_ps,signed_dqs_minus_dq_bit,idelay_cntvaluein_skew,lane1,dq9,0,dqs_vs_dq_bit,43,18,113.5,44.0,6,12,7,10,-35.0,-29.5,6,4,3,6,-63.5,-16.5,4,2,3,9,209.0,86.0,3,6,6,-148.5,-73.5,185.25
skew::abs_dqs_minus_dq_bit__idelay_cntvaluein_skew__lane0__dq6__ctrl_1__dqs_vs_dq_bit__value_ps,skew,abs_dqs_minus_dq_bit__idelay_cntvaluein_skew__lane0__dq6__ctrl_1__dqs_vs_dq_bit__value_ps,abs_dqs_minus_dq_bit,idelay_cntvaluein_skew,lane0,dq6,1,dqs_vs_dq_bit,43,18,-40.0,-40.0,10,8,0,10,-162.5,-162.5,7,3,0,6,32.5,32.5,3,3,0,9,24.0,24.0,4,5,0,-122.5,-122.5,183.75
skew::abs_dqs_minus_dq_bit__idelay_cntvaluein_skew__lane0__dq6__ctrl_4__dqs_vs_dq_bit__value_ps,skew,abs_dqs_minus_dq_bit__idelay_cntvaluein_skew__lane0__dq6__ctrl_4__dqs_vs_dq_bit__value_ps,abs_dqs_minus_dq_bit,idelay_cntvaluein_skew,lane0,dq6,4,dqs_vs_dq_bit,43,18,133.5,133.5,6,12,0,10,11.0,11.0,5,5,0,6,30.0,30.0,2,4,0,9,78.0,78.0,2,7,0,-122.5,-122.5,183.75
sdf::direct_max__dq_iologic__lane1__dq14__ctrl_none__endpoint__value_ps,sdf,direct_max__dq_iologic__lane1__dq14__ctrl_none__endpoint__value_ps,direct_max,dq_iologic,lane1,dq14,,endpoint,43,18,-340.0,-340.0,17,1,0,10,-218.0,-218.0,8,2,0,6,-102.5,-102.5,4,2,0,9,-193.0,-193.0,7,2,0,122.0,122.0,183.0
skew::abs_dqs_minus_dq_bit__idelay_cntvaluein_skew__lane1__dq11__ctrl_4__dqs_vs_dq_bit__value_ps,skew,abs_dqs_minus_dq_bit__idelay_cntvaluein_skew__lane1__dq11__ctrl_4__dqs_vs_dq_bit__value_ps,abs_dqs_minus_dq_bit,idelay_cntvaluein_skew,lane1,dq11,4,dqs_vs_dq_bit,43,18,14.0,14.0,8,10,0,10,-108.0,-108.0,6,4,0,6,73.5,73.5,3,3,0,9,80.0,80.0,3,6,0,-122.0,-122.0,183.0
sdf::direct_max__idelay_data_cntvaluein__lane1__dq9__ctrl_3__endpoint__value_ps,sdf,direct_max__idelay_data_cntvaluein__lane1__dq9__ctrl_3__endpoint__value_ps,direct_max,idelay_data_cntvaluein,lane1,dq9,3,endpoint,43,18,283.5,283.5,4,14,0,10,162.0,162.0,4,6,0,6,458.0,458.0,0,6,0,9,312.0,312.0,2,7,0,-121.5,-121.5,182.25
skew::abs_dqs_minus_dq_median__idelay_cntvaluein_skew__lane0__dqs0__ctrl_4__dqs_vs_dq_lane__value_ps,skew,abs_dqs_minus_dq_median__idelay_cntvaluein_skew__lane0__dqs0__ctrl_4__dqs_vs_dq_lane__value_ps,abs_dqs_minus_dq_median,idelay_cntvaluein_skew,lane0,dqs0,4,dqs_vs_dq_lane,43,18,88.25,88.25,7,11,0,10,-32.75,-32.75,6,4,0,6,105.0,105.0,2,4,0,9,91.0,91.0,2,7,0,-121.0,-121.0,181.5
skew::signed_lane1_minus_lane0_dqs__idelay_cntvaluein_skew__all__no_bit__ctrl_2__lane1_vs_lane0_dqs__value_ps,skew,signed_lane1_minus_lane0_dqs__idelay_cntvaluein_skew__all__no_bit__ctrl_2__lane1_vs_lane0_dqs__value_ps,signed_lane1_minus_lane0_dqs,idelay_cntvaluein_skew,all,,2,lane1_vs_lane0_dqs,43,18,50.0,-50.0,10,8,7,10,-76.5,60.0,5,5,4,6,4.5,-4.5,3,3,0,9,17.0,-17.0,5,4,2,-126.5,110.0,181.5
sdf::cntvaluein_bus_skew__idelay_data_cntvaluein__lane0__dq7__ctrl_none__dq7__value_ps,sdf,cntvaluein_bus_skew__idelay_data_cntvaluein__lane0__dq7__ctrl_none__dq7__value_ps,cntvaluein_bus_skew,idelay_data_cntvaluein,lane0,dq7,,dq7,43,18,135.5,135.5,5,13,0,10,15.0,15.0,4,5,0,6,213.5,213.5,2,4,0,9,454.0,454.0,1,8,0,-120.5,-120.5,180.75
skew::abs_ld_minus_cntvaluein_dq_median__idelay_ld_cntvaluein_skew__lane1__no_bit__ctrl_1__ld_vs_cntvaluein_dq_lane__value_ps,skew,abs_ld_minus_cntvaluein_dq_median__idelay_ld_cntvaluein_skew__lane1__no_bit__ctrl_1__ld_vs_cntvaluein_dq_lane__value_ps,abs_ld_minus_cntvaluein_dq_median,idelay_ld_cntvaluein_skew,lane1,,1,ld_vs_cntvaluein_dq_lane,43,18,9.75,9.75,9,9,0,10,129.5,129.5,3,7,0,6,103.25,103.25,2,4,0,9,306.5,306.5,1,8,0,119.75,119.75,179.625
skew::abs_dqs_minus_dq_bit__idelay_cntvaluein_skew__lane0__dq3__ctrl_0__dqs_vs_dq_bit__value_ps,skew,abs_dqs_minus_dq_bit__idelay_cntvaluein_skew__lane0__dq3__ctrl_0__dqs_vs_dq_bit__value_ps,abs_dqs_minus_dq_bit,idelay_cntvaluein_skew,lane0,dq3,0,dqs_vs_dq_bit,43,18,-21.0,-21.0,10,8,0,10,-140.0,-140.0,6,4,0,6,-25.5,-25.5,4,2,0,9,22.0,22.0,4,5,0,-119.0,-119.0,178.5
skew::abs_ld_minus_cntvaluein_dqs__idelay_ld_cntvaluein_skew__lane0__dqs0__ctrl_3__ld_vs_cntvaluein_dqs__value_ps,skew,abs_ld_minus_cntvaluein_dqs__idelay_ld_cntvaluein_skew__lane0__dqs0__ctrl_3__ld_vs_cntvaluein_dqs__value_ps,abs_ld_minus_cntvaluein_dqs,idelay_ld_cntvaluein_skew,lane0,dqs0,3,ld_vs_cntvaluein_dqs,43,18,95.5,95.5,8,10,0,10,214.5,214.5,3,7,0,6,74.5,74.5,2,4,0,9,396.0,396.0,1,8,0,119.0,119.0,178.5
sdf::direct_max__idelay_data_cntvaluein__lane0__dq1__ctrl_2__endpoint__value_ps,sdf,direct_max__idelay_data_cntvaluein__lane0__dq1__ctrl_2__endpoint__value_ps,direct_max,idelay_data_cntvaluein,lane0,dq1,2,endpoint,43,18,-200.5,-200.5,11,7,0,10,-319.0,-319.0,9,1,0,6,-239.5,-239.5,5,1,0,9,-541.0,-541.0,8,1,0,-118.5,-118.5,177.75
sdf::cntvaluein_bus_skew__idelay_data_cntvaluein__lane0__dq6__ctrl_none__dq6__value_ps,sdf,cntvaluein_bus_skew__idelay_data_cntvaluein__lane0__dq6__ctrl_none__dq6__value_ps,cntvaluein_bus_skew,idelay_data_cntvaluein,lane0,dq6,,dq6,43,18,192.5,192.5,4,14,0,10,76.0,76.0,3,7,0,6,334.0,334.0,1,5,0,9,343.0,343.0,2,7,0,-116.5,-116.5,174.75
sdf::direct_max__idelay_data_cntvaluein__lane0__dq6__ctrl_1__endpoint__value_ps,sdf,direct_max__idelay_data_cntvaluein__lane0__dq6__ctrl_1__endpoint__value_ps,direct_max,idelay_data_cntvaluein,lane0,dq6,1,endpoint,43,18,-109.0,-109.0,11,7,0,10,-225.0,-225.0,7,3,0,6,-289.0,-289.0,4,2,0,9,-556.0,-556.0,7,2,0,-116.0,-116.0,174.0
sdf::direct_max__dq_iologic__lane0__dq6__ctrl_none__endpoint__value_ps,sdf,direct_max__dq_iologic__lane0__dq6__ctrl_none__endpoint__value_ps,direct_max,dq_iologic,lane0,dq6,,endpoint,43,18,18.0,18.0,8,10,0,10,-96.5,-96.5,6,4,0,6,51.0,51.0,3,3,0,9,248.0,248.0,4,5,0,-114.5,-114.5,171.75
skew::abs_dqs_minus_dq_bit__idelay_cntvaluein_skew__lane1__dq8__ctrl_4__dqs_vs_dq_bit__value_ps,skew,abs_dqs_minus_dq_bit__idelay_cntvaluein_skew__lane1__dq8__ctrl_4__dqs_vs_dq_bit__value_ps,abs_dqs_minus_dq_bit,idelay_cntvaluein_skew,lane1,dq8,4,dqs_vs_dq_bit,43,18,164.0,164.0,6,12,0,10,49.5,49.5,3,7,0,6,40.0,40.0,2,4,0,9,107.0,107.0,4,5,0,-114.5,-114.5,171.75
skew::signed_dqs_minus_dq_bit__idelay_cntvaluein_skew__lane1__dq10__ctrl_1__dqs_vs_dq_bit__value_ps,skew,signed_dqs_minus_dq_bit__idelay_cntvaluein_skew__lane1__dq10__ctrl_1__dqs_vs_dq_bit__value_ps,signed_dqs_minus_dq_bit,idelay_cntvaluein_skew,lane1,dq10,1,dqs_vs_dq_bit,43,18,-0.5,5.5,9,9,10,10,129.0,-77.5,6,4,4,6,34.5,217.5,1,5,2,9,393.0,120.0,3,6,6,129.5,-83.0,171.0
skew::signed_ld_minus_cntvaluein_dqs__idelay_ld_cntvaluein_skew__lane0__dqs0__ctrl_0__ld_vs_cntvaluein_dqs__value_ps,skew,signed_ld_minus_cntvaluein_dqs__idelay_ld_cntvaluein_skew__lane0__dqs0__ctrl_0__ld_vs_cntvaluein_dqs__value_ps,signed_ld_minus_cntvaluein_dqs,idelay_ld_cntvaluein_skew,lane0,dqs0,0,ld_vs_cntvaluein_dqs,43,18,-268.5,-100.5,11,7,7,10,-163.0,28.5,4,6,6,6,270.5,-128.5,3,3,3,9,161.0,-42.0,5,4,5,105.5,129.0,170.0
skew::abs_lane1_minus_lane0_dqs__idelay_cntvaluein_skew__all__no_bit__ctrl_2__lane1_vs_lane0_dqs__value_ps,skew,abs_lane1_minus_lane0_dqs__idelay_cntvaluein_skew__all__no_bit__ctrl_2__lane1_vs_lane0_dqs__value_ps,abs_lane1_minus_lane0_dqs,idelay_cntvaluein_skew,all,,2,lane1_vs_lane0_dqs,43,18,-50.0,-50.0,10,8,0,10,60.0,60.0,5,5,0,6,-4.5,-4.5,3,3,0,9,-17.0,-17.0,5,4,0,110.0,110.0,165.0
skew::signed_ld_minus_cntvaluein_dq_median__idelay_ld_cntvaluein_skew__lane1__no_bit__ctrl_1__ld_vs_cntvaluein_dq_lane__value_ps,skew,signed_ld_minus_cntvaluein_dq_median__idelay_ld_cntvaluein_skew__lane1__no_bit__ctrl_1__ld_vs_cntvaluein_dq_lane__value_ps,signed_ld_minus_cntvaluein_dq_median,idelay_ld_cntvaluein_skew,lane1,,1,ld_vs_cntvaluein_dq_lane,43,18,-92.0,9.75,9,9,7,10,12.0,129.5,3,7,2,6,103.25,103.25,2,4,0,9,361.0,306.5,1,8,4,104.0,119.75,163.875
skew::abs_dqs_minus_dq_bit__idelay_cntvaluein_skew__lane1__dq12__ctrl_0__dqs_vs_dq_bit__value_ps,skew,abs_dqs_minus_dq_bit__idelay_cntvaluein_skew__lane1__dq12__ctrl_0__dqs_vs_dq_bit__value_ps,abs_dqs_minus_dq_bit,idelay_cntvaluein_skew,lane1,dq12,0,dqs_vs_dq_bit,43,18,-93.0,-93.0,11,7,0,10,15.5,15.5,4,6,0,6,-149.0,-149.0,5,1,0,9,195.0,195.0,3,6,0,108.5,108.5,162.75
skew::signed_dqs_minus_dq_bit__idelay_cntvaluein_skew__lane0__dq4__ctrl_1__dqs_vs_dq_bit__value_ps,skew,signed_dqs_minus_dq_bit__idelay_cntvaluein_skew__lane0__dq4__ctrl_1__dqs_vs_dq_bit__value_ps,signed_dqs_minus_dq_bit,idelay_cntvaluein_skew,lane0,dq4,1,dqs_vs_dq_bit,43,18,164.0,-146.0,11,7,11,10,310.5,-175.0,7,3,4,6,50.0,5.5,2,4,4,9,742.0,2.0,4,5,8,146.5,-29.0,161.0
skew::dq_lane_range__iologic_skew__lane1__no_bit__ctrl_none__dq_lane__value_ps,skew,dq_lane_range__iologic_skew__lane1__no_bit__ctrl_none__dq_lane__value_ps,dq_lane_range,iologic_skew,lane1,,,dq_lane,43,18,48.0,48.0,7,11,0,10,154.5,154.5,3,7,0,6,-30.0,-30.0,3,3,0,9,-40.0,-40.0,6,3,0,106.5,106.5,159.75
skew::signed_dqs_minus_dq_bit__idelay_cntvaluein_skew__lane0__dq3__ctrl_1__dqs_vs_dq_bit__value_ps,skew,signed_dqs_minus_dq_bit__idelay_cntvaluein_skew__lane0__dq3__ctrl_1__dqs_vs_dq_bit__value_ps,signed_dqs_minus_dq_bit,idelay_cntvaluein_skew,lane0,dq3,1,dqs_vs_dq_bit,43,18,72.5,-15.5,9,9,11,10,230.5,-18.5,5,5,5,6,-67.0,-16.5,3,3,4,9,623.0,464.0,3,6,7,158.0,-3.0,159.5
sdf::direct_max__idelay_data_cntvaluein__lane1__dq12__ctrl_3__endpoint__value_ps,sdf,direct_max__idelay_data_cntvaluein__lane1__dq12__ctrl_3__endpoint__value_ps,direct_max,idelay_data_cntvaluein,lane1,dq12,3,endpoint,43,18,239.5,239.5,6,12,0,10,344.5,344.5,2,8,0,6,170.0,170.0,2,4,0,9,248.0,248.0,2,6,0,105.0,105.0,157.5
skew::signed_dqs_minus_dq_median__idelay_cntvaluein_skew__lane1__dqs1__ctrl_4__dqs_vs_dq_lane__value_ps,skew,signed_dqs_minus_dq_median__idelay_cntvaluein_skew__lane1__dqs1__ctrl_4__dqs_vs_dq_lane__value_ps,signed_dqs_minus_dq_median,idelay_cntvaluein_skew,lane1,dqs1,4,dqs_vs_dq_lane,43,18,31.25,35.0,8,10,10,10,-120.5,43.0,4,6,6,6,370.25,54.5,2,4,4,9,267.0,108.0,1,8,4,-151.75,8.0,155.75
sdf::direct_max__idelay_dqs_cntvaluein__lane0__dqs0__ctrl_3__endpoint__value_ps,sdf,direct_max__idelay_dqs_cntvaluein__lane0__dqs0__ctrl_3__endpoint__value_ps,direct_max,idelay_dqs_cntvaluein,lane0,dqs0,3,endpoint,43,18,228.5,228.5,6,12,0,10,332.0,332.0,2,8,0,6,75.0,75.0,3,3,0,9,283.0,283.0,2,7,0,103.5,103.5,155.25
sdf::direct_max__idelay_ld__lane1__dq14__ctrl_none__endpoint__value_ps,sdf,direct_max__idelay_ld__lane1__dq14__ctrl_none__endpoint__value_ps,direct_max,idelay_ld,lane1,dq14,,endpoint,43,18,-143.5,-143.5,12,6,0,10,-247.0,-247.0,8,2,0,6,-107.0,-107.0,5,1,0,9,-174.0,-174.0,7,2,0,-103.5,-103.5,155.25
skew::abs_dqs_minus_dq_bit__idelay_cntvaluein_skew__lane0__dq5__ctrl_1__dqs_vs_dq_bit__value_ps,skew,abs_dqs_minus_dq_bit__idelay_cntvaluein_skew__lane0__dq5__ctrl_1__dqs_vs_dq_bit__value_ps,abs_dqs_minus_dq_bit,idelay_cntvaluein_skew,lane0,dq5,1,dqs_vs_dq_bit,43,18,-47.5,-47.5,10,8,0,10,-151.0,-151.0,6,4,0,6,-8.0,-8.0,3,3,0,9,298.0,298.0,2,7,0,-103.5,-103.5,155.25
skew::abs_dqs_minus_dq_bit__idelay_cntvaluein_skew__lane1__dq11__ctrl_0__dqs_vs_dq_bit__value_ps,skew,abs_dqs_minus_dq_bit__idelay_cntvaluein_skew__lane1__dq11__ctrl_0__dqs_vs_dq_bit__value_ps,abs_dqs_minus_dq_bit,idelay_cntvaluein_skew,lane1,dq11,0,dqs_vs_dq_bit,43,18,7.0,7.0,9,9,0,10,-96.0,-96.0,6,4,0,6,-100.5,-100.5,4,2,0,9,209.0,209.0,3,6,0,-103.0,-103.0,154.5
skew::abs_dqs_minus_dq_bit__idelay_cntvaluein_skew__lane1__dq13__ctrl_4__dqs_vs_dq_bit__value_ps,skew,abs_dqs_minus_dq_bit__idelay_cntvaluein_skew__lane1__dq13__ctrl_4__dqs_vs_dq_bit__value_ps,abs_dqs_minus_dq_bit,idelay_cntvaluein_skew,lane1,dq13,4,dqs_vs_dq_bit,43,18,101.5,101.5,5,13,0,10,-1.5,-1.5,5,5,0,6,-11.5,-11.5,3,3,0,9,53.0,53.0,3,6,0,-103.0,-103.0,154.5
skew::signed_ld_minus_cntvaluein_dq_median__idelay_ld_cntvaluein_skew__lane1__no_bit__ctrl_0__ld_vs_cntvaluein_dq_lane__value_ps,skew,signed_ld_minus_cntvaluein_dq_median__idelay_ld_cntvaluein_skew__lane1__no_bit__ctrl_0__ld_vs_cntvaluein_dq_lane__value_ps,signed_ld_minus_cntvaluein_dq_median,idelay_ld_cntvaluein_skew,lane1,,0,ld_vs_cntvaluein_dq_lane,43,18,60.25,-9.0,9,9,9,10,-18.25,142.25,4,6,4,6,-1.5,-1.5,3,3,1,9,416.0,416.0,2,7,1,-78.5,151.25,154.125
sdf::cntvaluein_bus_skew__idelay_data_cntvaluein__lane0__dq3__ctrl_none__dq3__value_ps,sdf,cntvaluein_bus_skew__idelay_data_cntvaluein__lane0__dq3__ctrl_none__dq3__value_ps,cntvaluein_bus_skew,idelay_data_cntvaluein,lane0,dq3,,dq3,43,18,166.0,166.0,6,12,0,10,63.5,63.5,3,7,0,6,366.5,366.5,1,5,0,9,352.0,352.0,0,9,0,-102.5,-102.5,153.75
sdf::direct_max__dq_iologic__lane0__dq1__ctrl_none__endpoint__value_ps,sdf,direct_max__dq_iologic__lane0__dq1__ctrl_none__endpoint__value_ps,direct_max,dq_iologic,lane0,dq1,,endpoint,43,18,18.5,18.5,9,9,0,10,121.0,121.0,4,6,0,6,39.0,39.0,3,3,0,9,231.0,231.0,3,6,0,102.5,102.5,153.75
skew::abs_dqs_minus_dq_median__idelay_cntvaluein_skew__lane0__dqs0__ctrl_1__dqs_vs_dq_lane__value_ps,skew,abs_dqs_minus_dq_median__idelay_cntvaluein_skew__lane0__dqs0__ctrl_1__dqs_vs_dq_lane__value_ps,abs_dqs_minus_dq_median,idelay_cntvaluein_skew,lane0,dqs0,1,dqs_vs_dq_lane,43,18,-80.75,-80.75,11,7,0,10,-183.25,-183.25,7,3,0,6,29.75,29.75,1,5,0,9,25.0,25.0,4,5,0,-102.5,-102.5,153.75
sdf::direct_max__idelay_ld__lane0__dq3__ctrl_none__endpoint__value_ps,sdf,direct_max__idelay_ld__lane0__dq3__ctrl_none__endpoint__value_ps,direct_max,idelay_ld,lane0,dq3,,endpoint,43,18,-202.0,-202.0,14,4,0,10,-304.0,-304.0,8,2,0,6,-145.5,-145.5,6,0,0,9,-289.0,-289.0,7,2,0,-102.0,-102.0,153.0
skew::abs_ld_dqs_minus_dq_median__idelay_ld_skew__lane1__dqs1__ctrl_none__dqs_vs_dq_lane__value_ps,skew,abs_ld_dqs_minus_dq_median__idelay_ld_skew__lane1__dqs1__ctrl_none__dqs_vs_dq_lane__value_ps,abs_ld_dqs_minus_dq_median,idelay_ld_skew,lane1,dqs1,,dqs_vs_dq_lane,43,18,-6.5,-6.5,10,8,0,10,95.0,95.0,3,7,0,6,108.75,108.75,0,6,0,9,-14.5,-14.5,5,4,0,101.5,101.5,152.25
skew::abs_dqs_minus_dq_bit__idelay_cntvaluein_skew__lane1__dq14__ctrl_1__dqs_vs_dq_bit__value_ps,skew,abs_dqs_minus_dq_bit__idelay_cntvaluein_skew__lane1__dq14__ctrl_1__dqs_vs_dq_bit__value_ps,abs_dqs_minus_dq_bit,idelay_cntvaluein_skew,lane1,dq14,1,dqs_vs_dq_bit,43,18,-61.5,-61.5,10,8,0,10,39.5,39.5,4,6,0,6,130.5,130.5,1,5,0,9,205.0,205.0,4,5,0,101.0,101.0,151.5
sdf::direct_max__idelay_data_cntvaluein__lane1__dq15__ctrl_1__endpoint__value_ps,sdf,direct_max__idelay_data_cntvaluein__lane1__dq15__ctrl_1__endpoint__value_ps,direct_max,idelay_data_cntvaluein,lane1,dq15,1,endpoint,43,18,-164.5,-164.5,12,6,0,10,-64.0,-64.0,5,5,0,6,-391.5,-391.5,5,1,0,9,-371.0,-371.0,8,1,0,100.5,100.5,150.75
skew::abs_dqs_minus_dq_bit__idelay_cntvaluein_skew__lane0__dq3__ctrl_2__dqs_vs_dq_bit__value_ps,skew,abs_dqs_minus_dq_bit__idelay_cntvaluein_skew__lane0__dq3__ctrl_2__dqs_vs_dq_bit__value_ps,abs_dqs_minus_dq_bit,idelay_cntvaluein_skew,lane0,dq3,2,dqs_vs_dq_bit,43,18,108.0,108.0,7,11,0,10,8.0,8.0,4,6,0,6,-190.0,-190.0,4,2,0,9,-376.0,-376.0,5,4,0,-100.0,-100.0,150.0
skew::signed_dqs_minus_dq_bit__idelay_cntvaluein_skew__lane0__dq5__ctrl_4__dqs_vs_dq_bit__value_ps,skew,signed_dqs_minus_dq_bit__idelay_cntvaluein_skew__lane0__dq5__ctrl_4__dqs_vs_dq_bit__value_ps,signed_dqs_minus_dq_bit,idelay_cntvaluein_skew,lane0,dq5,4,dqs_vs_dq_bit,43,18,39.0,-57.5,13,5,9,10,-102.0,-40.0,6,4,4,6,266.0,119.5,2,4,5,9,148.0,-63.0,5,4,2,-141.0,17.5,149.75
sdf::control_fanout_spread__idelay_data_cntvaluein__lane0__no_bit__ctrl_3__lane_control_bit__value_ps,sdf,control_fanout_spread__idelay_data_cntvaluein__lane0__no_bit__ctrl_3__lane_control_bit__value_ps,control_fanout_spread,idelay_data_cntvaluein,lane0,,3,lane_control_bit,43,18,-9.5,-9.5,9,9,0,10,-109.0,-109.0,6,4,0,6,-88.5,-88.5,4,2,0,9,-51.0,-51.0,6,3,0,-99.5,-99.5,149.25
skew::dq_lane_range__idelay_cntvaluein_skew__lane0__no_bit__ctrl_3__dq_lane__value_ps,skew,dq_lane_range__idelay_cntvaluein_skew__lane0__no_bit__ctrl_3__dq_lane__value_ps,dq_lane_range,idelay_cntvaluein_skew,lane0,,3,dq_lane,43,18,-9.5,-9.5,9,9,0,10,-109.0,-109.0,6,4,0,6,-88.5,-88.5,4,2,0,9,-51.0,-51.0,6,3,0,-99.5,-99.5,149.25
sdf::control_fanout_spread__idelay_data_cntvaluein__lane1__no_bit__ctrl_3__lane_control_bit__value_ps,sdf,control_fanout_spread__idelay_data_cntvaluein__lane1__no_bit__ctrl_3__lane_control_bit__value_ps,control_fanout_spread,idelay_data_cntvaluein,lane1,,3,lane_control_bit,43,18,37.0,37.0,7,11,0,10,134.0,134.0,3,7,0,6,-166.0,-166.0,3,3,0,9,113.0,113.0,3,6,0,97.0,97.0,145.5
sdf::direct_max__dq_iologic__lane1__dq11__ctrl_none__endpoint__value_ps,sdf,direct_max__dq_iologic__lane1__dq11__ctrl_none__endpoint__value_ps,direct_max,dq_iologic,lane1,dq11,,endpoint,43,18,-298.0,-298.0,14,4,0,10,-201.0,-201.0,7,3,0,6,-29.5,-29.5,3,3,0,9,-361.0,-361.0,7,2,0,97.0,97.0,145.5
skew::dq_lane_range__idelay_cntvaluein_skew__lane1__no_bit__ctrl_3__dq_lane__value_ps,skew,dq_lane_range__idelay_cntvaluein_skew__lane1__no_bit__ctrl_3__dq_lane__value_ps,dq_lane_range,idelay_cntvaluein_skew,lane1,,3,dq_lane,43,18,37.0,37.0,7,11,0,10,134.0,134.0,3,7,0,6,-166.0,-166.0,3,3,0,9,113.0,113.0,3,6,0,97.0,97.0,145.5
skew::abs_dqs_minus_dq_bit__idelay_cntvaluein_skew__lane0__dq2__ctrl_0__dqs_vs_dq_bit__value_ps,skew,abs_dqs_minus_dq_bit__idelay_cntvaluein_skew__lane0__dq2__ctrl_0__dqs_vs_dq_bit__value_ps,abs_dqs_minus_dq_bit,idelay_cntvaluein_skew,lane0,dq2,0,dqs_vs_dq_bit,43,18,-126.0,-126.0,12,6,0,10,-29.5,-29.5,5,5,0,6,63.0,63.0,2,4,0,9,69.0,69.0,4,5,0,96.5,96.5,144.75
skew::abs_ld_minus_cntvaluein_dqs__idelay_ld_cntvaluein_skew__lane1__dqs1__ctrl_4__ld_vs_cntvaluein_dqs__value_ps,skew,abs_ld_minus_cntvaluein_dqs__idelay_ld_cntvaluein_skew__lane1__dqs1__ctrl_4__ld_vs_cntvaluein_dqs__value_ps,abs_ld_minus_cntvaluein_dqs,idelay_ld_cntvaluein_skew,lane1,dqs1,4,ld_vs_cntvaluein_dqs,43,18,2.5,2.5,9,9,0,10,98.5,98.5,3,7,0,6,173.5,173.5,2,4,0,9,-94.0,-94.0,5,4,0,96.0,96.0,144.0
skew::abs_dqs_minus_dq_bit__idelay_cntvaluein_skew__lane0__dq4__ctrl_3__dqs_vs_dq_bit__value_ps,skew,abs_dqs_minus_dq_bit__idelay_cntvaluein_skew__lane0__dq4__ctrl_3__dqs_vs_dq_bit__value_ps,abs_dqs_minus_dq_bit,idelay_cntvaluein_skew,lane0,dq4,3,dqs_vs_dq_bit,43,18,-141.0,-141.0,10,8,0,10,-46.5,-46.5,6,4,0,6,132.5,132.5,2,4,0,9,27.0,27.0,4,5,0,94.5,94.5,141.75
skew::abs_ld_minus_cntvaluein_dqs__idelay_ld_cntvaluein_skew__lane1__dqs1__ctrl_2__ld_vs_cntvaluein_dqs__value_ps,skew,abs_ld_minus_cntvaluein_dqs__idelay_ld_cntvaluein_skew__lane1__dqs1__ctrl_2__ld_vs_cntvaluein_dqs__value_ps,abs_ld_minus_cntvaluein_dqs,idelay_ld_cntvaluein_skew,lane1,dqs1,2,ld_vs_cntvaluein_dqs,43,18,-110.0,-110.0,11,7,0,10,-16.0,-16.0,6,4,0,6,-11.5,-11.5,3,3,0,9,-34.0,-34.0,5,4,0,94.0,94.0,141.0
skew::signed_dqs_minus_dq_bit__idelay_cntvaluein_skew__lane1__dq12__ctrl_1__dqs_vs_dq_bit__value_ps,skew,signed_dqs_minus_dq_bit__idelay_cntvaluein_skew__lane1__dq12__ctrl_1__dqs_vs_dq_bit__value_ps,signed_dqs_minus_dq_bit,idelay_cntvaluein_skew,lane1,dq12,1,dqs_vs_dq_bit,43,18,125.0,64.0,7,11,10,10,28.5,-21.0,5,5,3,6,305.5,226.0,1,5,5,9,359.0,202.0,3,6,6,-96.5,-85.0,139.0
skew::signed_dqs_minus_dq_median__idelay_cntvaluein_skew__lane0__dqs0__ctrl_4__dqs_vs_dq_lane__value_ps,skew,signed_dqs_minus_dq_median__idelay_cntvaluein_skew__lane0__dqs0__ctrl_4__dqs_vs_dq_lane__value_ps,signed_dqs_minus_dq_median,idelay_cntvaluein_skew,lane0,dqs0,4,dqs_vs_dq_lane,43,18,-88.25,88.25,7,11,6,10,-165.25,-32.75,6,4,5,6,139.5,105.0,2,4,6,9,285.0,91.0,2,7,5,-77.0,-121.0,137.5
skew::signed_dqs_minus_dq_bit__idelay_cntvaluein_skew__lane1__dq13__ctrl_4__dqs_vs_dq_bit__value_ps,skew,signed_dqs_minus_dq_bit__idelay_cntvaluein_skew__lane1__dq13__ctrl_4__dqs_vs_dq_bit__value_ps,signed_dqs_minus_dq_bit,idelay_cntvaluein_skew,lane1,dq13,4,dqs_vs_dq_bit,43,18,28.5,101.5,5,13,11,10,-56.0,-1.5,5,5,6,6,350.5,-11.5,3,3,2,9,474.0,53.0,3,6,4,-84.5,-103.0,136.0
sdf::control_fanout_spread__idelay_data_cntvaluein__lane0__no_bit__ctrl_1__lane_control_bit__value_ps,sdf,control_fanout_spread__idelay_data_cntvaluein__lane0__no_bit__ctrl_1__lane_control_bit__value_ps,control_fanout_spread,idelay_data_cntvaluein,lane0,,1,lane_control_bit,43,18,47.0,47.0,6,12,0,10,-43.0,-43.0,6,4,0,6,125.5,125.5,2,4,0,9,-107.0,-107.0,7,2,0,-90.0,-90.0,135.0
skew::dq_lane_range__idelay_cntvaluein_skew__lane0__no_bit__ctrl_1__dq_lane__value_ps,skew,dq_lane_range__idelay_cntvaluein_skew__lane0__no_bit__ctrl_1__dq_lane__value_ps,dq_lane_range,idelay_cntvaluein_skew,lane0,,1,dq_lane,43,18,47.0,47.0,6,12,0,10,-43.0,-43.0,6,4,0,6,125.5,125.5,2,4,0,9,-107.0,-107.0,7,2,0,-90.0,-90.0,135.0
sdf::direct_max__idelay_data_cntvaluein__lane0__dq2__ctrl_1__endpoint__value_ps,sdf,direct_max__idelay_data_cntvaluein__lane0__dq2__ctrl_1__endpoint__value_ps,direct_max,idelay_data_cntvaluein,lane0,dq2,1,endpoint,43,18,-179.5,-179.5,12,6,0,10,-90.0,-90.0,6,4,0,6,-240.0,-240.0,4,2,0,9,-556.0,-556.0,6,3,0,89.5,89.5,134.25
sdf::direct_max__idelay_data_cntvaluein__lane0__dq0__ctrl_2__endpoint__value_ps,sdf,direct_max__idelay_data_cntvaluein__lane0__dq0__ctrl_2__endpoint__value_ps,direct_max,idelay_data_cntvaluein,lane0,dq0,2,endpoint,43,18,-419.5,-419.5,11,7,0,10,-330.5,-330.5,8,2,0,6,-412.0,-412.0,5,1,0,9,-566.0,-566.0,9,0,0,89.0,89.0,133.5
sdf::lane_spread__dq_iologic__lane1__no_bit__ctrl_none__lane__value_ps,sdf,lane_spread__dq_iologic__lane1__no_bit__ctrl_none__lane__value_ps,lane_spread,dq_iologic,lane1,,,lane,43,18,-340.5,-340.5,13,5,0,10,-428.5,-428.5,6,4,0,6,-195.0,-195.0,4,2,0,9,-262.0,-262.0,7,2,0,-88.0,-88.0,132.0
sdf::direct_max__idelay_data_cntvaluein__lane1__dq9__ctrl_4__endpoint__value_ps,sdf,direct_max__idelay_data_cntvaluein__lane1__dq9__ctrl_4__endpoint__value_ps,direct_max,idelay_data_cntvaluein,lane1,dq9,4,endpoint,43,18,-257.5,-257.5,12,6,0,10,-170.0,-170.0,7,3,0,6,-407.5,-407.5,5,1,0,9,-412.0,-412.0,7,2,0,87.5,87.5,131.25
skew::signed_dqs_minus_dq_bit__idelay_cntvaluein_skew__lane0__dq4__ctrl_3__dqs_vs_dq_bit__value_ps,skew,signed_dqs_minus_dq_bit__idelay_cntvaluein_skew__lane0__dq4__ctrl_3__dqs_vs_dq_bit__value_ps,signed_dqs_minus_dq_bit,idelay_cntvaluein_skew,lane0,dq4,3,dqs_vs_dq_bit,43,18,70.5,-141.0,10,8,6,10,154.5,-46.5,6,4,3,6,267.0,132.5,2,4,5,9,-25.0,27.0,4,5,5,84.0,94.5,131.25
skew::abs_dqs_minus_dq_bit__idelay_cntvaluein_skew__lane0__dq0__ctrl_1__dqs_vs_dq_bit__value_ps,skew,abs_dqs_minus_dq_bit__idelay_cntvaluein_skew__lane0__dq0__ctrl_1__dqs_vs_dq_bit__value_ps,abs_dqs_minus_dq_bit,idelay_cntvaluein_skew,lane0,dq0,1,dqs_vs_dq_bit,43,18,-163.0,-163.0,10,7,0,10,-76.0,-76.0,8,2,0,6,-13.5,-13.5,3,3,0,9,104.0,104.0,4,5,0,87.0,87.0,130.5
sdf::control_fanout_spread__idelay_data_cntvaluein__lane1__no_bit__ctrl_4__lane_control_bit__value_ps,sdf,control_fanout_spread__idelay_data_cntvaluein__lane1__no_bit__ctrl_4__lane_control_bit__value_ps,control_fanout_spread,idelay_data_cntvaluein,lane1,,4,lane_control_bit,43,18,32.5,32.5,5,13,0,10,-53.0,-53.0,5,5,0,6,-60.0,-60.0,4,2,0,9,56.0,56.0,4,5,0,-85.5,-85.5,128.25
skew::dq_lane_range__idelay_cntvaluein_skew__lane1__no_bit__ctrl_4__dq_lane__value_ps,skew,dq_lane_range__idelay_cntvaluein_skew__lane1__no_bit__ctrl_4__dq_lane__value_ps,dq_lane_range,idelay_cntvaluein_skew,lane1,,4,dq_lane,43,18,32.5,32.5,5,13,0,10,-53.0,-53.0,5,5,0,6,-60.0,-60.0,4,2,0,9,56.0,56.0,4,5,0,-85.5,-85.5,128.25
skew::abs_dqs_minus_dq_bit__idelay_cntvaluein_skew__lane1__dq12__ctrl_1__dqs_vs_dq_bit__value_ps,skew,abs_dqs_minus_dq_bit__idelay_cntvaluein_skew__lane1__dq12__ctrl_1__dqs_vs_dq_bit__value_ps,abs_dqs_minus_dq_bit,idelay_cntvaluein_skew,lane1,dq12,1,dqs_vs_dq_bit,43,18,64.0,64.0,7,11,0,10,-21.0,-21.0,5,5,0,6,226.0,226.0,1,5,0,9,202.0,202.0,3,6,0,-85.0,-85.0,127.5
skew::signed_dqs_minus_dq_bit__idelay_cntvaluein_skew__lane1__dq9__ctrl_1__dqs_vs_dq_bit__value_ps,skew,signed_dqs_minus_dq_bit__idelay_cntvaluein_skew__lane1__dq9__ctrl_1__dqs_vs_dq_bit__value_ps,signed_dqs_minus_dq_bit,idelay_cntvaluein_skew,lane1,dq9,1,dqs_vs_dq_bit,43,18,236.0,101.0,7,11,12,10,133.5,55.5,2,8,6,6,175.0,175.0,2,4,1,9,494.0,42.0,4,5,5,-102.5,-45.5,125.25
skew::abs_dqs_minus_dq_bit__idelay_cntvaluein_skew__lane1__dq10__ctrl_1__dqs_vs_dq_bit__value_ps,skew,abs_dqs_minus_dq_bit__idelay_cntvaluein_skew__lane1__dq10__ctrl_1__dqs_vs_dq_bit__value_ps,abs_dqs_minus_dq_bit,idelay_cntvaluein_skew,lane1,dq10,1,dqs_vs_dq_bit,43,18,5.5,5.5,9,9,0,10,-77.5,-77.5,6,4,0,6,217.5,217.5,1,5,0,9,120.0,120.0,3,6,0,-83.0,-83.0,124.5
sdf::direct_max__idelay_data_cntvaluein__lane1__dq15__ctrl_0__endpoint__value_ps,sdf,direct_max__idelay_data_cntvaluein__lane1__dq15__ctrl_0__endpoint__value_ps,direct_max,idelay_data_cntvaluein,lane1,dq15,0,endpoint,43,18,-286.0,-286.0,14,4,0,10,-203.5,-203.5,7,3,0,6,-272.0,-272.0,6,0,0,9,-520.0,-520.0,7,2,0,82.5,82.5,123.75
skew::signed_dqs_minus_dq_bit__idelay_cntvaluein_skew__lane0__dq1__ctrl_1__dqs_vs_dq_bit__value_ps,skew,signed_dqs_minus_dq_bit__idelay_cntvaluein_skew__lane0__dq1__ctrl_1__dqs_vs_dq_bit__value_ps,signed_dqs_minus_dq_bit,idelay_cntvaluein_skew,lane0,dq1,1,dqs_vs_dq_bit,43,18,188.0,-166.0,11,7,7,10,303.0,-149.5,7,3,4,6,-138.5,13.0,2,4,5,9,743.0,116.0,4,5,8,115.0,16.5,123.25
skew::signed_dqs_minus_dq_bit__idelay_cntvaluein_skew__lane1__dq11__ctrl_1__dqs_vs_dq_bit__value_ps,skew,signed_dqs_minus_dq_bit__idelay_cntvaluein_skew__lane1__dq11__ctrl_1__dqs_vs_dq_bit__value_ps,signed_dqs_minus_dq_bit,idelay_cntvaluein_skew,lane1,dq11,1,dqs_vs_dq_bit,43,18,76.5,104.0,8,10,10,10,34.0,-56.5,8,2,5,6,217.5,147.0,2,4,2,9,683.0,207.0,4,5,7,-42.5,-160.5,122.75
skew::signed_dqs_minus_dq_bit__idelay_cntvaluein_skew__lane1__dq8__ctrl_3__dqs_vs_dq_bit__value_ps,skew,signed_dqs_minus_dq_bit__idelay_cntvaluein_skew__lane1__dq8__ctrl_3__dqs_vs_dq_bit__value_ps,signed_dqs_minus_dq_bit,idelay_cntvaluein_skew,lane1,dq8,3,dqs_vs_dq_bit,43,18,-169.5,24.5,7,11,7,10,-54.0,39.0,4,6,5,6,-125.5,139.0,3,3,4,9,-202.0,-10.0,6,3,5,115.5,14.5,122.75
skew::signed_ld_minus_cntvaluein_dq_median__idelay_ld_cntvaluein_skew__lane0__no_bit__ctrl_4__ld_vs_cntvaluein_dq_lane__value_ps,skew,signed_ld_minus_cntvaluein_dq_median__idelay_ld_cntvaluein_skew__lane0__no_bit__ctrl_4__ld_vs_cntvaluein_dq_lane__value_ps,signed_ld_minus_cntvaluein_dq_median,idelay_ld_cntvaluein_skew,lane0,,4,ld_vs_cntvaluein_dq_lane,43,18,-376.75,19.75,9,9,9,10,-277.75,-25.75,6,4,7,6,208.0,-34.25,3,3,4,9,48.0,48.0,4,5,3,99.0,-45.5,121.75
sdf::direct_max__idelay_data_cntvaluein__lane1__dq12__ctrl_2__endpoint__value_ps,sdf,direct_max__idelay_data_cntvaluein__lane1__dq12__ctrl_2__endpoint__value_ps,direct_max,idelay_data_cntvaluein,lane1,dq12,2,endpoint,43,18,-187.0,-187.0,11,7,0,10,-106.0,-106.0,7,3,0,6,-572.5,-572.5,4,2,0,9,-482.0,-482.0,9,0,0,81.0,81.0,121.5
skew::signed_dqs_minus_dq_bit__idelay_cntvaluein_skew__lane1__dq15__ctrl_4__dqs_vs_dq_bit__value_ps,skew,signed_dqs_minus_dq_bit__idelay_cntvaluein_skew__lane1__dq15__ctrl_4__dqs_vs_dq_bit__value_ps,signed_dqs_minus_dq_bit,idelay_cntvaluein_skew,lane1,dq15,4,dqs_vs_dq_bit,43,18,106.5,-8.0,10,8,10,10,-4.5,-28.5,6,4,4,6,290.0,183.0,1,5,2,9,155.0,235.0,2,7,3,-111.0,-20.5,121.25
skew::abs_dqs_minus_dq_bit__idelay_cntvaluein_skew__lane0__dq0__ctrl_3__dqs_vs_dq_bit__value_ps,skew,abs_dqs_minus_dq_bit__idelay_cntvaluein_skew__lane0__dq0__ctrl_3__dqs_vs_dq_bit__value_ps,abs_dqs_minus_dq_bit,idelay_cntvaluein_skew,lane0,dq0,3,dqs_vs_dq_bit,43,18,-46.0,-46.0,10,8,0,10,-125.5,-125.5,6,4,0,6,54.0,54.0,2,4,0,9,272.0,272.0,3,6,0,-79.5,-79.5,119.25
sdf::direct_max__idelay_data_cntvaluein__lane0__dq6__ctrl_2__endpoint__value_ps,sdf,direct_max__idelay_data_cntvaluein__lane0__dq6__ctrl_2__endpoint__value_ps,direct_max,idelay_data_cntvaluein,lane0,dq6,2,endpoint,43,18,-246.0,-246.0,13,5,0,10,-167.0,-167.0,9,1,0,6,-465.5,-465.5,4,2,0,9,-539.0,-539.0,9,0,0,79.0,79.0,118.5
skew::abs_dqs_minus_dq_median__idelay_cntvaluein_skew__lane1__dqs1__ctrl_1__dqs_vs_dq_lane__value_ps,skew,abs_dqs_minus_dq_median__idelay_cntvaluein_skew__lane1__dqs1__ctrl_1__dqs_vs_dq_lane__value_ps,abs_dqs_minus_dq_median,idelay_cntvaluein_skew,lane1,dqs1,1,dqs_vs_dq_lane,43,18,71.25,71.25,8,10,0,10,-6.5,-6.5,5,5,0,6,220.25,220.25,2,4,0,9,42.0,42.0,3,6,0,-77.75,-77.75,116.625
sdf::control_fanout_spread__idelay_data_cntvaluein__lane1__no_bit__ctrl_2__lane_control_bit__value_ps,sdf,control_fanout_spread__idelay_data_cntvaluein__lane1__no_bit__ctrl_2__lane_control_bit__value_ps,control_fanout_spread,idelay_data_cntvaluein,lane1,,2,lane_control_bit,43,18,-12.0,-12.0,10,8,0,10,65.5,65.5,3,7,0,6,70.0,70.0,2,4,0,9,-2.0,-2.0,5,4,0,77.5,77.5,116.25
skew::dq_lane_range__idelay_cntvaluein_skew__lane1__no_bit__ctrl_2__dq_lane__value_ps,skew,dq_lane_range__idelay_cntvaluein_skew__lane1__no_bit__ctrl_2__dq_lane__value_ps,dq_lane_range,idelay_cntvaluein_skew,lane1,,2,dq_lane,43,18,-12.0,-12.0,10,8,0,10,65.5,65.5,3,7,0,6,70.0,70.0,2,4,0,9,-2.0,-2.0,5,4,0,77.5,77.5,116.25
sdf::direct_max__idelay_ld__lane1__dqs1__ctrl_none__endpoint__value_ps,sdf,direct_max__idelay_ld__lane1__dqs1__ctrl_none__endpoint__value_ps,direct_max,idelay_ld,lane1,dqs1,,endpoint,43,18,-156.5,-156.5,14,4,0,10,-233.5,-233.5,8,2,0,6,-307.0,-307.0,6,0,0,9,-161.0,-161.0,7,2,0,-77.0,-77.0,115.5
sdf::lane_spread__idelay_data_cntvaluein__lane1__no_bit__ctrl_none__lane__value_ps,sdf,lane_spread__idelay_data_cntvaluein__lane1__no_bit__ctrl_none__lane__value_ps,lane_spread,idelay_data_cntvaluein,lane1,,,lane,43,18,340.0,340.0,2,16,0,10,263.0,263.0,3,7,0,6,439.5,439.5,1,5,0,9,459.0,459.0,1,8,0,-77.0,-77.0,115.5
skew::abs_dqs_minus_dq_bit__idelay_cntvaluein_skew__lane0__dq5__ctrl_0__dqs_vs_dq_bit__value_ps,skew,abs_dqs_minus_dq_bit__idelay_cntvaluein_skew__lane0__dq5__ctrl_0__dqs_vs_dq_bit__value_ps,abs_dqs_minus_dq_bit,idelay_cntvaluein_skew,lane0,dq5,0,dqs_vs_dq_bit,43,18,-124.5,-124.5,13,5,0,10,-201.5,-201.5,6,4,0,6,36.0,36.0,2,4,0,9,135.0,135.0,2,7,0,-77.0,-77.0,115.5
skew::abs_lane1_minus_lane0_dqs__idelay_cntvaluein_skew__all__no_bit__ctrl_1__lane1_vs_lane0_dqs__value_ps,skew,abs_lane1_minus_lane0_dqs__idelay_cntvaluein_skew__all__no_bit__ctrl_1__lane1_vs_lane0_dqs__value_ps,abs_lane1_minus_lane0_dqs,idelay_cntvaluein_skew,all,,1,lane1_vs_lane0_dqs,43,18,62.0,62.0,7,10,0,10,139.0,139.0,2,8,0,6,-146.0,-146.0,4,1,0,9,13.0,13.0,4,5,0,77.0,77.0,115.5
skew::signed_lane1_minus_lane0_dqs__idelay_cntvaluein_skew__all__no_bit__ctrl_1__lane1_vs_lane0_dqs__value_ps,skew,signed_lane1_minus_lane0_dqs__idelay_cntvaluein_skew__all__no_bit__ctrl_1__lane1_vs_lane0_dqs__value_ps,signed_lane1_minus_lane0_dqs,idelay_cntvaluein_skew,all,,1,lane1_vs_lane0_dqs,43,18,-62.0,62.0,7,10,1,10,-139.0,139.0,2,8,1,6,233.0,-146.0,4,1,2,9,-13.0,13.0,4,5,2,-77.0,77.0,115.5
sdf::direct_max__reset_release__all__no_bit__ctrl_none__endpoint__value_ps,sdf,direct_max__reset_release__all__no_bit__ctrl_none__endpoint__value_ps,direct_max,reset_release,all,,,endpoint,43,18,-89.0,-89.0,10,8,0,10,-12.5,-12.5,5,5,0,6,52.0,52.0,1,5,0,9,0.0,0.0,4,4,0,76.5,76.5,114.75
sdf::lane_spread__reset_release__all__no_bit__ctrl_none__lane__value_ps,sdf,lane_spread__reset_release__all__no_bit__ctrl_none__lane__value_ps,lane_spread,reset_release,all,,,lane,43,18,-89.0,-89.0,10,8,0,10,-12.5,-12.5,5,5,0,6,52.0,52.0,1,5,0,9,0.0,0.0,4,4,0,76.5,76.5,114.75
skew::signed_dqs_minus_dq_bit__idelay_cntvaluein_skew__lane1__dq15__ctrl_1__dqs_vs_dq_bit__value_ps,skew,signed_dqs_minus_dq_bit__idelay_cntvaluein_skew__lane1__dq15__ctrl_1__dqs_vs_dq_bit__value_ps,signed_dqs_minus_dq_bit,idelay_cntvaluein_skew,lane1,dq15,1,dqs_vs_dq_bit,43,18,240.5,107.5,8,10,12,10,137.0,130.0,2,8,4,6,147.0,147.0,2,4,0,9,522.0,111.0,4,5,5,-103.5,22.5,114.75
skew::signed_dqs_minus_dq_bit__idelay_cntvaluein_skew__lane0__dq3__ctrl_4__dqs_vs_dq_bit__value_ps,skew,signed_dqs_minus_dq_bit__idelay_cntvaluein_skew__lane0__dq3__ctrl_4__dqs_vs_dq_bit__value_ps,signed_dqs_minus_dq_bit,idelay_cntvaluein_skew,lane0,dq3,4,dqs_vs_dq_bit,43,18,42.0,0.5,9,9,8,10,-70.5,-3.5,5,5,4,6,191.5,24.5,3,3,4,9,234.0,-69.0,5,4,2,-112.5,-4.0,114.5
skew::abs_dqs_minus_dq_bit__idelay_cntvaluein_skew__lane1__dq10__ctrl_3__dqs_vs_dq_bit__value_ps,skew,abs_dqs_minus_dq_bit__idelay_cntvaluein_skew__lane1__dq10__ctrl_3__dqs_vs_dq_bit__value_ps,abs_dqs_minus_dq_bit,idelay_cntvaluein_skew,lane1,dq10,3,dqs_vs_dq_bit,43,18,-61.5,-61.5,10,8,0,10,14.5,14.5,5,5,0,6,244.0,244.0,2,4,0,9,1.0,1.0,4,5,0,76.0,76.0,114.0
skew::signed_dqs_minus_dq_bit__idelay_cntvaluein_skew__lane1__dq8__ctrl_4__dqs_vs_dq_bit__value_ps,skew,signed_dqs_minus_dq_bit__idelay_cntvaluein_skew__lane1__dq8__ctrl_4__dqs_vs_dq_bit__value_ps,signed_dqs_minus_dq_bit,idelay_cntvaluein_skew,lane1,dq8,4,dqs_vs_dq_bit,43,18,-128.0,164.0,6,12,9,10,-72.0,49.5,3,7,3,6,592.5,40.0,2,4,4,9,246.0,107.0,4,5,3,56.0,-114.5,113.25
sdf::direct_max__idelay_ld__lane1__dq15__ctrl_none__endpoint__value_ps,sdf,direct_max__idelay_ld__lane1__dq15__ctrl_none__endpoint__value_ps,direct_max,idelay_ld,lane1,dq15,,endpoint,43,18,-78.5,-78.5,12,6,0,10,-152.5,-152.5,7,3,0,6,-225.5,-225.5,4,2,0,9,-281.0,-281.0,7,2,0,-74.0,-74.0,111.0
skew::abs_dqs_minus_dq_bit__idelay_cntvaluein_skew__lane1__dq9__ctrl_0__dqs_vs_dq_bit__value_ps,skew,abs_dqs_minus_dq_bit__idelay_cntvaluein_skew__lane1__dq9__ctrl_0__dqs_vs_dq_bit__value_ps,abs_dqs_minus_dq_bit,idelay_cntvaluein_skew,lane1,dq9,0,dqs_vs_dq_bit,43,18,44.0,44.0,6,12,0,10,-29.5,-29.5,6,4,0,6,-16.5,-16.5,4,2,0,9,86.0,86.0,3,6,0,-73.5,-73.5,110.25
skew::abs_dqs_minus_dq_bit__idelay_cntvaluein_skew__lane1__dq10__ctrl_4__dqs_vs_dq_bit__value_ps,skew,abs_dqs_minus_dq_bit__idelay_cntvaluein_skew__lane1__dq10__ctrl_4__dqs_vs_dq_bit__value_ps,abs_dqs_minus_dq_bit,idelay_cntvaluein_skew,lane1,dq10,4,dqs_vs_dq_bit,43,18,24.5,24.5,8,10,0,10,96.5,96.5,3,7,0,6,-78.0,-78.0,4,2,0,9,94.0,94.0,3,6,0,72.0,72.0,108.0
skew::signed_dqs_minus_dq_bit__idelay_cntvaluein_skew__lane1__dq13__ctrl_2__dqs_vs_dq_bit__value_ps,skew,signed_dqs_minus_dq_bit__idelay_cntvaluein_skew__lane1__dq13__ctrl_2__dqs_vs_dq_bit__value_ps,signed_dqs_minus_dq_bit,idelay_cntvaluein_skew,lane1,dq13,2,dqs_vs_dq_bit,43,18,10.0,136.0,8,10,11,10,113.0,145.0,3,7,6,6,125.5,15.0,2,4,4,9,51.0,51.0,2,7,4,103.0,9.0,107.5
skew::signed_dqs_minus_dq_bit__idelay_cntvaluein_skew__lane0__dq7__ctrl_3__dqs_vs_dq_bit__value_ps,skew,signed_dqs_minus_dq_bit__idelay_cntvaluein_skew__lane0__dq7__ctrl_3__dqs_vs_dq_bit__value_ps,signed_dqs_minus_dq_bit,idelay_cntvaluein_skew,lane0,dq7,3,dqs_vs_dq_bit,43,18,120.0,-193.0,12,6,6,10,116.0,12.5,5,5,3,6,-66.0,-104.0,4,2,5,9,-107.0,-107.0,6,3,4,-4.0,205.5,106.75
sdf::direct_max__idelay_data_cntvaluein__lane0__dq2__ctrl_4__endpoint__value_ps,sdf,direct_max__idelay_data_cntvaluein__lane0__dq2__ctrl_4__endpoint__value_ps,direct_max,idelay_data_cntvaluein,lane0,dq2,4,endpoint,43,18,37.0,37.0,8,10,0,10,107.5,107.5,4,6,0,6,-548.0,-548.0,4,2,0,9,-380.0,-380.0,9,0,0,70.5,70.5,105.75
skew::abs_dqs_minus_dq_median__idelay_cntvaluein_skew__lane1__dqs1__ctrl_2__dqs_vs_dq_lane__value_ps,skew,abs_dqs_minus_dq_median__idelay_cntvaluein_skew__lane1__dqs1__ctrl_2__dqs_vs_dq_lane__value_ps,abs_dqs_minus_dq_median,idelay_cntvaluein_skew,lane1,dqs1,2,dqs_vs_dq_lane,43,18,129.0,129.0,8,10,0,10,58.75,58.75,4,6,0,6,-146.5,-146.5,4,2,0,9,38.5,38.5,4,5,0,-70.25,-70.25,105.375
skew::abs_lane1_minus_lane0_dq_median__idelay_cntvaluein_skew__all__no_bit__ctrl_4__lane1_vs_lane0_dq__value_ps,skew,abs_lane1_minus_lane0_dq_median__idelay_cntvaluein_skew__all__no_bit__ctrl_4__lane1_vs_lane0_dq__value_ps,abs_lane1_minus_lane0_dq_median,idelay_cntvaluein_skew,all,,4,lane1_vs_lane0_dq,43,18,80.25,80.25,5,13,0,10,11.25,11.25,4,6,0,6,-66.25,-66.25,4,2,0,9,-126.5,-126.5,5,4,0,-69.0,-69.0,103.5
skew::signed_lane1_minus_lane0_dq_median__idelay_cntvaluein_skew__all__no_bit__ctrl_4__lane1_vs_lane0_dq__value_ps,skew,signed_lane1_minus_lane0_dq_median__idelay_cntvaluein_skew__all__no_bit__ctrl_4__lane1_vs_lane0_dq__value_ps,signed_lane1_minus_lane0_dq_median,idelay_cntvaluein_skew,all,,4,lane1_vs_lane0_dq,43,18,-80.25,80.25,5,13,1,10,-11.25,11.25,4,6,0,6,66.25,-66.25,4,2,1,9,126.5,-126.5,5,4,2,69.0,-69.0,103.5
skew::abs_ld_minus_cntvaluein_dqs__idelay_ld_cntvaluein_skew__lane1__dqs1__ctrl_1__ld_vs_cntvaluein_dqs__value_ps,skew,abs_ld_minus_cntvaluein_dqs__idelay_ld_cntvaluein_skew__lane1__dqs1__ctrl_1__ld_vs_cntvaluein_dqs__value_ps,abs_ld_minus_cntvaluein_dqs,idelay_ld_cntvaluein_skew,lane1,dqs1,1,ld_vs_cntvaluein_dqs,43,18,48.0,48.0,7,11,0,10,-20.5,-20.5,5,5,0,6,61.5,61.5,2,4,0,9,-16.0,-16.0,5,4,0,-68.5,-68.5,102.75
sdf::cntvaluein_bus_skew__idelay_data_cntvaluein__lane1__dq11__ctrl_none__dq11__value_ps,sdf,cntvaluein_bus_skew__idelay_data_cntvaluein__lane1__dq11__ctrl_none__dq11__value_ps,cntvaluein_bus_skew,idelay_data_cntvaluein,lane1,dq11,,dq11,43,18,159.5,159.5,5,13,0,10,93.0,93.0,3,7,0,6,332.5,332.5,1,5,0,9,447.0,447.0,0,9,0,-66.5,-66.5,99.75
sdf::direct_max__idelay_data_cntvaluein__lane0__dq4__ctrl_2__endpoint__value_ps,sdf,direct_max__idelay_data_cntvaluein__lane0__dq4__ctrl_2__endpoint__value_ps,direct_max,idelay_data_cntvaluein,lane0,dq4,2,endpoint,43,18,-320.5,-320.5,12,6,0,10,-254.5,-254.5,9,1,0,6,-217.0,-217.0,5,1,0,9,-477.0,-477.0,9,0,0,66.0,66.0,99.0
skew::abs_dqs_minus_dq_bit__idelay_cntvaluein_skew__lane1__dq12__ctrl_3__dqs_vs_dq_bit__value_ps,skew,abs_dqs_minus_dq_bit__idelay_cntvaluein_skew__lane1__dq12__ctrl_3__dqs_vs_dq_bit__value_ps,abs_dqs_minus_dq_bit,idelay_cntvaluein_skew,lane1,dq12,3,dqs_vs_dq_bit,43,18,-35.0,-35.0,9,9,0,10,29.0,29.0,5,5,0,6,126.5,126.5,2,4,0,9,-37.0,-37.0,5,4,0,64.0,64.0,96.0
skew::abs_dqs_bus_skew_minus_dq_median__idelay_cntvaluein_skew__lane1__dqs1__ctrl_none__dqs_vs_dq_bus_skew__value_ps,skew,abs_dqs_bus_skew_minus_dq_median__idelay_cntvaluein_skew__lane1__dqs1__ctrl_none__dqs_vs_dq_bus_skew__value_ps,abs_dqs_bus_skew_minus_dq_median,idelay_cntvaluein_skew,lane1,dqs1,,dqs_vs_dq_bus_skew,43,18,45.0,45.0,5,13,0,10,-16.0,-16.0,6,4,0,6,270.0,270.0,1,5,0,9,120.0,120.0,4,5,0,-61.0,-61.0,91.5
skew::abs_dqs_minus_dq_bit__idelay_cntvaluein_skew__lane1__dq10__ctrl_0__dqs_vs_dq_bit__value_ps,skew,abs_dqs_minus_dq_bit__idelay_cntvaluein_skew__lane1__dq10__ctrl_0__dqs_vs_dq_bit__value_ps,abs_dqs_minus_dq_bit,idelay_cntvaluein_skew,lane1,dq10,0,dqs_vs_dq_bit,43,18,-107.5,-107.5,12,6,0,10,-46.5,-46.5,6,4,0,6,-167.5,-167.5,5,1,0,9,129.0,129.0,2,7,0,61.0,61.0,91.5
skew::signed_dqs_minus_dq_median__idelay_cntvaluein_skew__lane1__dqs1__ctrl_1__dqs_vs_dq_lane__value_ps,skew,signed_dqs_minus_dq_median__idelay_cntvaluein_skew__lane1__dqs1__ctrl_1__dqs_vs_dq_lane__value_ps,signed_dqs_minus_dq_median,idelay_cntvaluein_skew,lane1,dqs1,1,dqs_vs_dq_lane,43,18,127.5,71.25,8,10,10,10,75.0,-6.5,5,5,4,6,241.5,220.25,2,4,4,9,530.5,42.0,3,6,7,-52.5,-77.75,91.375
skew::abs_dqs_minus_dq_bit__idelay_cntvaluein_skew__lane0__dq5__ctrl_3__dqs_vs_dq_bit__value_ps,skew,abs_dqs_minus_dq_bit__idelay_cntvaluein_skew__lane0__dq5__ctrl_3__dqs_vs_dq_bit__value_ps,abs_dqs_minus_dq_bit,idelay_cntvaluein_skew,lane0,dq5,3,dqs_vs_dq_bit,43,18,-69.0,-69.0,11,7,0,10,-129.5,-129.5,7,3,0,6,14.5,14.5,3,3,0,9,-26.0,-26.0,5,4,0,-60.5,-60.5,90.75
skew::abs_ld_minus_cntvaluein_dqs__idelay_ld_cntvaluein_skew__lane1__dqs1__ctrl_0__ld_vs_cntvaluein_dqs__value_ps,skew,abs_ld_minus_cntvaluein_dqs__idelay_ld_cntvaluein_skew__lane1__dqs1__ctrl_0__ld_vs_cntvaluein_dqs__value_ps,abs_ld_minus_cntvaluein_dqs,idelay_ld_cntvaluein_skew,lane1,dqs1,0,ld_vs_cntvaluein_dqs,43,18,-126.0,-126.0,14,4,0,10,-65.5,-65.5,6,4,0,6,-120.5,-120.5,4,2,0,9,3.0,3.0,4,5,0,60.5,60.5,90.75
skew::abs_dqs_minus_dq_bit__idelay_cntvaluein_skew__lane1__dq13__ctrl_0__dqs_vs_dq_bit__value_ps,skew,abs_dqs_minus_dq_bit__idelay_cntvaluein_skew__lane1__dq13__ctrl_0__dqs_vs_dq_bit__value_ps,abs_dqs_minus_dq_bit,idelay_cntvaluein_skew,lane1,dq13,0,dqs_vs_dq_bit,43,18,-24.5,-24.5,10,8,0,10,-84.5,-84.5,6,4,0,6,-118.5,-118.5,5,1,0,9,50.0,50.0,3,6,0,-60.0,-60.0,90.0
sdf::direct_max__idelay_data_cntvaluein__lane0__dq3__ctrl_1__endpoint__value_ps,sdf,direct_max__idelay_data_cntvaluein__lane0__dq3__ctrl_1__endpoint__value_ps,direct_max,idelay_data_cntvaluein,lane0,dq3,1,endpoint,43,18,-133.5,-133.5,12,6,0,10,-74.0,-74.0,7,3,0,6,-282.5,-282.5,4,2,0,9,-471.0,-471.0,7,2,0,59.5,59.5,89.25
skew::abs_dqs_minus_dq_bit__idelay_cntvaluein_skew__lane0__dq2__ctrl_2__dqs_vs_dq_bit__value_ps,skew,abs_dqs_minus_dq_bit__idelay_cntvaluein_skew__lane0__dq2__ctrl_2__dqs_vs_dq_bit__value_ps,abs_dqs_minus_dq_bit,idelay_cntvaluein_skew,lane0,dq2,2,dqs_vs_dq_bit,43,18,30.0,30.0,9,9,0,10,-29.5,-29.5,5,5,0,6,-217.0,-217.0,4,2,0,9,-54.0,-54.0,5,4,0,-59.5,-59.5,89.25
skew::signed_dqs_minus_dq_bit__idelay_cntvaluein_skew__lane1__dq12__ctrl_4__dqs_vs_dq_bit__value_ps,skew,signed_dqs_minus_dq_bit__idelay_cntvaluein_skew__lane1__dq12__ctrl_4__dqs_vs_dq_bit__value_ps,signed_dqs_minus_dq_bit,idelay_cntvaluein_skew,lane1,dq12,4,dqs_vs_dq_bit,43,18,-80.5,79.0,5,13,7,10,-167.0,73.5,4,6,6,6,249.0,7.5,3,3,3,9,61.0,54.0,3,6,5,-86.5,-5.5,89.25
sdf::direct_max__idelay_ld__lane1__dq8__ctrl_none__endpoint__value_ps,sdf,direct_max__idelay_ld__lane1__dq8__ctrl_none__endpoint__value_ps,direct_max,idelay_ld,lane1,dq8,,endpoint,43,18,-241.5,-241.5,12,6,0,10,-299.5,-299.5,8,2,0,6,-314.0,-314.0,4,2,0,9,-225.0,-225.0,8,1,0,-58.0,-58.0,87.0
skew::signed_dqs_minus_dq_bit__idelay_cntvaluein_skew__lane0__dq4__ctrl_4__dqs_vs_dq_bit__value_ps,skew,signed_dqs_minus_dq_bit__idelay_cntvaluein_skew__lane0__dq4__ctrl_4__dqs_vs_dq_bit__value_ps,signed_dqs_minus_dq_bit,idelay_cntvaluein_skew,lane0,dq4,4,dqs_vs_dq_bit,43,18,-96.0,12.5,9,9,6,10,-167.0,-17.0,5,4,5,6,143.5,131.5,1,5,6,9,451.0,156.0,2,7,7,-71.0,-29.5,85.75
skew::abs_dqs_minus_dq_bit__idelay_cntvaluein_skew__lane1__dq9__ctrl_2__dqs_vs_dq_bit__value_ps,skew,abs_dqs_minus_dq_bit__idelay_cntvaluein_skew__lane1__dq9__ctrl_2__dqs_vs_dq_bit__value_ps,abs_dqs_minus_dq_bit,idelay_cntvaluein_skew,lane1,dq9,2,dqs_vs_dq_bit,43,18,-74.0,-74.0,10,8,0,10,-17.0,-17.0,5,5,0,6,58.5,58.5,3,3,0,9,246.0,246.0,3,6,0,57.0,57.0,85.5
sdf::direct_max__idelay_data_cntvaluein__lane0__dq7__ctrl_4__endpoint__value_ps,sdf,direct_max__idelay_data_cntvaluein__lane0__dq7__ctrl_4__endpoint__value_ps,direct_max,idelay_data_cntvaluein,lane0,dq7,4,endpoint,43,18,9.5,9.5,9,9,0,10,66.0,66.0,4,6,0,6,-329.5,-329.5,4,2,0,9,-367.0,-367.0,8,1,0,56.5,56.5,84.75
skew::abs_dqs_minus_dq_bit__idelay_cntvaluein_skew__lane0__dq6__ctrl_0__dqs_vs_dq_bit__value_ps,skew,abs_dqs_minus_dq_bit__idelay_cntvaluein_skew__lane0__dq6__ctrl_0__dqs_vs_dq_bit__value_ps,abs_dqs_minus_dq_bit,idelay_cntvaluein_skew,lane0,dq6,0,dqs_vs_dq_bit,43,18,-54.0,-54.0,9,9,0,10,2.5,2.5,5,5,0,6,37.0,37.0,2,4,0,9,164.0,164.0,4,5,0,56.5,56.5,84.75
skew::signed_dqs_minus_dq_bit__idelay_cntvaluein_skew__lane0__dq2__ctrl_4__dqs_vs_dq_bit__value_ps,skew,signed_dqs_minus_dq_bit__idelay_cntvaluein_skew__lane0__dq2__ctrl_4__dqs_vs_dq_bit__value_ps,signed_dqs_minus_dq_bit,idelay_cntvaluein_skew,lane0,dq2,4,dqs_vs_dq_bit,43,18,-97.5,97.5,7,11,7,10,-94.0,-63.0,7,3,4,6,309.0,150.0,1,5,4,9,268.0,160.0,2,7,7,3.5,-160.5,83.75
skew::signed_ld_minus_cntvaluein_dqs__idelay_ld_cntvaluein_skew__lane1__dqs1__ctrl_4__ld_vs_cntvaluein_dqs__value_ps,skew,signed_ld_minus_cntvaluein_dqs__idelay_ld_cntvaluein_skew__lane1__dqs1__ctrl_4__ld_vs_cntvaluein_dqs__value_ps,signed_ld_minus_cntvaluein_dqs,idelay_ld_cntvaluein_skew,lane1,dqs1,4,ld_vs_cntvaluein_dqs,43,18,-135.0,2.5,9,9,13,10,-99.5,98.5,3,7,6,6,-7.5,173.5,2,4,3,9,-145.0,-94.0,5,4,2,35.5,96.0,83.5
skew::abs_dqs_minus_dq_median__iologic_skew__lane1__dqs1__ctrl_none__dqs_vs_dq_lane__value_ps,skew,abs_dqs_minus_dq_median__iologic_skew__lane1__dqs1__ctrl_none__dqs_vs_dq_lane__value_ps,abs_dqs_minus_dq_median,iologic_skew,lane1,dqs1,,dqs_vs_dq_lane,43,18,264.0,264.0,6,12,0,10,319.5,319.5,2,8,0,6,152.0,152.0,2,4,0,9,407.5,407.5,2,7,0,55.5,55.5,83.25
sdf::direct_max__idelay_data_cntvaluein__lane0__dq5__ctrl_0__endpoint__value_ps,sdf,direct_max__idelay_data_cntvaluein__lane0__dq5__ctrl_0__endpoint__value_ps,direct_max,idelay_data_cntvaluein,lane0,dq5,0,endpoint,43,18,-236.5,-236.5,13,5,0,10,-181.5,-181.5,7,3,0,6,-371.5,-371.5,5,1,0,9,-610.0,-610.0,7,2,0,55.0,55.0,82.5
skew::signed_ld_minus_cntvaluein_dqs__idelay_ld_cntvaluein_skew__lane1__dqs1__ctrl_2__ld_vs_cntvaluein_dqs__value_ps,skew,signed_ld_minus_cntvaluein_dqs__idelay_ld_cntvaluein_skew__lane1__dqs1__ctrl_2__ld_vs_cntvaluein_dqs__value_ps,signed_ld_minus_cntvaluein_dqs,idelay_ld_cntvaluein_skew,lane1,dqs1,2,ld_vs_cntvaluein_dqs,43,18,-123.0,-110.0,11,7,6,10,-89.0,-16.0,6,4,4,6,35.5,-11.5,3,3,3,9,83.0,-34.0,5,4,6,34.0,94.0,81.0
skew::abs_dqs_minus_dq_bit__idelay_cntvaluein_skew__lane1__dq8__ctrl_0__dqs_vs_dq_bit__value_ps,skew,abs_dqs_minus_dq_bit__idelay_cntvaluein_skew__lane1__dq8__ctrl_0__dqs_vs_dq_bit__value_ps,abs_dqs_minus_dq_bit,idelay_cntvaluein_skew,lane1,dq8,0,dqs_vs_dq_bit,43,18,-85.5,-85.5,12,6,0,10,-32.0,-32.0,6,4,0,6,-50.0,-50.0,3,3,0,9,-13.0,-13.0,5,4,0,53.5,53.5,80.25
skew::abs_dqs_minus_dq_bit__idelay_cntvaluein_skew__lane0__dq2__ctrl_3__dqs_vs_dq_bit__value_ps,skew,abs_dqs_minus_dq_bit__idelay_cntvaluein_skew__lane0__dq2__ctrl_3__dqs_vs_dq_bit__value_ps,abs_dqs_minus_dq_bit,idelay_cntvaluein_skew,lane0,dq2,3,dqs_vs_dq_bit,43,18,-60.5,-60.5,9,9,0,10,-8.0,-8.0,5,5,0,6,38.5,38.5,2,4,0,9,79.0,79.0,4,5,0,52.5,52.5,78.75
skew::signed_ld_minus_cntvaluein_dq_median__idelay_ld_cntvaluein_skew__lane0__no_bit__ctrl_2__ld_vs_cntvaluein_dq_lane__value_ps,skew,signed_ld_minus_cntvaluein_dq_median__idelay_ld_cntvaluein_skew__lane0__no_bit__ctrl_2__ld_vs_cntvaluein_dq_lane__value_ps,signed_ld_minus_cntvaluein_dq_median,idelay_ld_cntvaluein_skew,lane0,,2,ld_vs_cntvaluein_dq_lane,43,18,-98.75,-19.5,9,9,10,10,-160.5,13.5,4,6,7,6,165.25,159.25,2,4,2,9,258.5,149.0,4,5,2,-61.75,33.0,78.25
skew::signed_dqs_minus_dq_bit__idelay_cntvaluein_skew__lane0__dq6__ctrl_3__dqs_vs_dq_bit__value_ps,skew,signed_dqs_minus_dq_bit__idelay_cntvaluein_skew__lane0__dq6__ctrl_3__dqs_vs_dq_bit__value_ps,signed_dqs_minus_dq_bit,idelay_cntvaluein_skew,lane0,dq6,3,dqs_vs_dq_bit,43,18,-93.0,-37.0,10,8,7,10,-23.5,-20.5,5,5,4,6,-27.5,-17.0,3,3,5,9,37.0,-105.0,7,2,3,69.5,16.5,77.75
sdf::direct_max__idelay_ld__lane1__dq11__ctrl_none__endpoint__value_ps,sdf,direct_max__idelay_ld__lane1__dq11__ctrl_none__endpoint__value_ps,direct_max,idelay_ld,lane1,dq11,,endpoint,43,18,-185.0,-185.0,13,5,0,10,-134.5,-134.5,7,3,0,6,-113.5,-113.5,5,1,0,9,-174.0,-174.0,7,2,0,50.5,50.5,75.75
sdf::control_fanout_spread__idelay_data_cntvaluein__lane0__no_bit__ctrl_0__lane_control_bit__value_ps,sdf,control_fanout_spread__idelay_data_cntvaluein__lane0__no_bit__ctrl_0__lane_control_bit__value_ps,control_fanout_spread,idelay_data_cntvaluein,lane0,,0,lane_control_bit,43,18,54.5,54.5,5,12,0,10,5.0,5.0,5,5,0,6,43.0,43.0,2,4,0,9,-14.0,-14.0,5,4,0,-49.5,-49.5,74.25
skew::abs_dqs_minus_dq_bit__idelay_cntvaluein_skew__lane0__dq4__ctrl_0__dqs_vs_dq_bit__value_ps,skew,abs_dqs_minus_dq_bit__idelay_cntvaluein_skew__lane0__dq4__ctrl_0__dqs_vs_dq_bit__value_ps,abs_dqs_minus_dq_bit,idelay_cntvaluein_skew,lane0,dq4,0,dqs_vs_dq_bit,43,18,-95.0,-95.0,12,6,0,10,-144.5,-144.5,7,3,0,6,-32.0,-32.0,3,3,0,9,163.0,163.0,2,7,0,-49.5,-49.5,74.25
skew::dq_lane_range__idelay_cntvaluein_skew__lane0__no_bit__ctrl_0__dq_lane__value_ps,skew,dq_lane_range__idelay_cntvaluein_skew__lane0__no_bit__ctrl_0__dq_lane__value_ps,dq_lane_range,idelay_cntvaluein_skew,lane0,,0,dq_lane,43,18,54.5,54.5,5,12,0,10,5.0,5.0,5,5,0,6,43.0,43.0,2,4,0,9,-14.0,-14.0,5,4,0,-49.5,-49.5,74.25
sdf::direct_max__idelay_dqs_cntvaluein__lane1__dqs1__ctrl_2__endpoint__value_ps,sdf,direct_max__idelay_dqs_cntvaluein__lane1__dqs1__ctrl_2__endpoint__value_ps,direct_max,idelay_dqs_cntvaluein,lane1,dqs1,2,endpoint,43,18,-145.5,-145.5,10,8,0,10,-96.5,-96.5,6,4,0,6,-280.0,-280.0,3,3,0,9,-253.0,-253.0,7,2,0,49.0,49.0,73.5
skew::abs_lane1_minus_lane0_dqs__idelay_cntvaluein_skew__all__no_bit__ctrl_0__lane1_vs_lane0_dqs__value_ps,skew,abs_lane1_minus_lane0_dqs__idelay_cntvaluein_skew__all__no_bit__ctrl_0__lane1_vs_lane0_dqs__value_ps,abs_lane1_minus_lane0_dqs,idelay_cntvaluein_skew,all,,0,lane1_vs_lane0_dqs,43,18,39.0,39.0,5,12,0,10,-9.5,-9.5,5,5,0,6,-19.0,-19.0,3,3,0,9,-47.0,-47.0,6,3,0,-48.5,-48.5,72.75
sdf::direct_max__idelay_data_cntvaluein__lane1__dq15__ctrl_3__endpoint__value_ps,sdf,direct_max__idelay_data_cntvaluein__lane1__dq15__ctrl_3__endpoint__value_ps,direct_max,idelay_data_cntvaluein,lane1,dq15,3,endpoint,43,18,196.0,196.0,4,14,0,10,244.0,244.0,2,8,0,6,361.5,361.5,0,6,0,9,438.0,438.0,2,7,0,48.0,48.0,72.0
sdf::direct_max__idelay_ld__lane0__dq7__ctrl_none__endpoint__value_ps,sdf,direct_max__idelay_ld__lane0__dq7__ctrl_none__endpoint__value_ps,direct_max,idelay_ld,lane0,dq7,,endpoint,43,18,-185.0,-185.0,12,6,0,10,-138.0,-138.0,6,3,0,6,-153.0,-153.0,5,1,0,9,-110.0,-110.0,7,2,0,47.0,47.0,70.5
skew::signed_dqs_minus_dq_bit__idelay_cntvaluein_skew__lane1__dq14__ctrl_4__dqs_vs_dq_bit__value_ps,skew,signed_dqs_minus_dq_bit__idelay_cntvaluein_skew__lane1__dq14__ctrl_4__dqs_vs_dq_bit__value_ps,signed_dqs_minus_dq_bit,idelay_cntvaluein_skew,lane1,dq14,4,dqs_vs_dq_bit,43,18,-18.5,65.0,8,10,7,10,-72.0,98.0,3,7,5,6,210.0,10.5,3,3,2,9,212.0,81.0,3,6,4,-53.5,33.0,70.0
sdf::direct_max__idelay_data_cntvaluein__lane0__dq6__ctrl_4__endpoint__value_ps,sdf,direct_max__idelay_data_cntvaluein__lane0__dq6__ctrl_4__endpoint__value_ps,direct_max,idelay_data_cntvaluein,lane0,dq6,4,endpoint,43,18,113.5,113.5,8,10,0,10,159.5,159.5,3,7,0,6,-398.0,-398.0,4,2,0,9,-270.0,-270.0,8,1,0,46.0,46.0,69.0
skew::abs_dqs_minus_dq_bit__idelay_cntvaluein_skew__lane1__dq9__ctrl_1__dqs_vs_dq_bit__value_ps,skew,abs_dqs_minus_dq_bit__idelay_cntvaluein_skew__lane1__dq9__ctrl_1__dqs_vs_dq_bit__value_ps,abs_dqs_minus_dq_bit,idelay_cntvaluein_skew,lane1,dq9,1,dqs_vs_dq_bit,43,18,101.0,101.0,7,11,0,10,55.5,55.5,2,8,0,6,175.0,175.0,2,4,0,9,42.0,42.0,4,5,0,-45.5,-45.5,68.25
skew::abs_ld_minus_cntvaluein_dq_median__idelay_ld_cntvaluein_skew__lane0__no_bit__ctrl_4__ld_vs_cntvaluein_dq_lane__value_ps,skew,abs_ld_minus_cntvaluein_dq_median__idelay_ld_cntvaluein_skew__lane0__no_bit__ctrl_4__ld_vs_cntvaluein_dq_lane__value_ps,abs_ld_minus_cntvaluein_dq_median,idelay_ld_cntvaluein_skew,lane0,,4,ld_vs_cntvaluein_dq_lane,43,18,19.75,19.75,9,9,0,10,-25.75,-25.75,6,4,0,6,-34.25,-34.25,3,3,0,9,48.0,48.0,4,5,0,-45.5,-45.5,68.25
skew::abs_dqs_minus_dq_bit__idelay_cntvaluein_skew__lane0__dq2__ctrl_1__dqs_vs_dq_bit__value_ps,skew,abs_dqs_minus_dq_bit__idelay_cntvaluein_skew__lane0__dq2__ctrl_1__dqs_vs_dq_bit__value_ps,abs_dqs_minus_dq_bit,idelay_cntvaluein_skew,lane0,dq2,1,dqs_vs_dq_bit,43,18,-132.0,-132.0,10,8,0,10,-176.5,-176.5,7,3,0,6,131.5,131.5,2,4,0,9,-78.0,-78.0,5,4,0,-44.5,-44.5,66.75
skew::abs_dqs_minus_dq_median__idelay_cntvaluein_skew__lane1__dqs1__ctrl_0__dqs_vs_dq_lane__value_ps,skew,abs_dqs_minus_dq_median__idelay_cntvaluein_skew__lane1__dqs1__ctrl_0__dqs_vs_dq_lane__value_ps,abs_dqs_minus_dq_median,idelay_cntvaluein_skew,lane1,dqs1,0,dqs_vs_dq_lane,43,18,-65.5,-65.5,10,8,0,10,-21.0,-21.0,5,5,0,6,-163.75,-163.75,4,2,0,9,116.0,116.0,2,7,0,44.5,44.5,66.75
skew::abs_ld_minus_cntvaluein_dqs__idelay_ld_cntvaluein_skew__lane0__dqs0__ctrl_4__ld_vs_cntvaluein_dqs__value_ps,skew,abs_ld_minus_cntvaluein_dqs__idelay_ld_cntvaluein_skew__lane0__dqs0__ctrl_4__ld_vs_cntvaluein_dqs__value_ps,abs_ld_minus_cntvaluein_dqs,idelay_ld_cntvaluein_skew,lane0,dqs0,4,ld_vs_cntvaluein_dqs,43,18,94.0,94.0,6,12,0,10,138.5,138.5,1,9,0,6,-114.5,-114.5,3,3,0,9,63.0,63.0,2,7,0,44.5,44.5,66.75
skew::signed_dqs_minus_dq_bit__idelay_cntvaluein_skew__lane1__dq14__ctrl_1__dqs_vs_dq_bit__value_ps,skew,signed_dqs_minus_dq_bit__idelay_cntvaluein_skew__lane1__dq14__ctrl_1__dqs_vs_dq_bit__value_ps,signed_dqs_minus_dq_bit,idelay_cntvaluein_skew,lane1,dq14,1,dqs_vs_dq_bit,43,18,186.5,-61.5,10,8,8,10,201.5,39.5,4,6,2,6,221.5,130.5,1,5,4,9,477.0,205.0,4,5,6,15.0,101.0,65.5
skew::signed_ld_dqs_minus_dq_median__idelay_ld_skew__lane1__dqs1__ctrl_none__dqs_vs_dq_lane__value_ps,skew,signed_ld_dqs_minus_dq_median__idelay_ld_skew__lane1__dqs1__ctrl_none__dqs_vs_dq_lane__value_ps,signed_ld_dqs_minus_dq_median,idelay_ld_skew,lane1,dqs1,,dqs_vs_dq_lane,43,18,5.0,-6.5,10,8,9,10,-9.25,95.0,3,7,4,6,-84.25,108.75,0,6,2,9,14.5,-14.5,5,4,3,-14.25,101.5,65.0
skew::signed_dqs_minus_dq_bit__idelay_cntvaluein_skew__lane0__dq6__ctrl_4__dqs_vs_dq_bit__value_ps,skew,signed_dqs_minus_dq_bit__idelay_cntvaluein_skew__lane0__dq6__ctrl_4__dqs_vs_dq_bit__value_ps,signed_dqs_minus_dq_bit,idelay_cntvaluein_skew,lane0,dq6,4,dqs_vs_dq_bit,43,18,-97.5,133.5,6,12,7,10,-94.5,11.0,5,5,5,6,87.0,30.0,2,4,4,9,304.0,78.0,2,7,5,3.0,-122.5,64.25
skew::signed_lane1_minus_lane0_dqs__idelay_cntvaluein_skew__all__no_bit__ctrl_0__lane1_vs_lane0_dqs__value_ps,skew,signed_lane1_minus_lane0_dqs__idelay_cntvaluein_skew__all__no_bit__ctrl_0__lane1_vs_lane0_dqs__value_ps,signed_lane1_minus_lane0_dqs,idelay_cntvaluein_skew,all,,0,lane1_vs_lane0_dqs,43,18,-30.5,39.0,5,12,2,10,9.5,-9.5,5,5,3,6,19.0,-19.0,3,3,1,9,47.0,-47.0,6,3,2,40.0,-48.5,64.25
skew::abs_dqs_minus_dq_median__idelay_cntvaluein_skew__lane1__dqs1__ctrl_3__dqs_vs_dq_lane__value_ps,skew,abs_dqs_minus_dq_median__idelay_cntvaluein_skew__lane1__dqs1__ctrl_3__dqs_vs_dq_lane__value_ps,abs_dqs_minus_dq_median,idelay_cntvaluein_skew,lane1,dqs1,3,dqs_vs_dq_lane,43,18,25.0,25.0,9,9,0,10,67.5,67.5,4,6,0,6,104.25,104.25,2,4,0,9,22.5,22.5,3,6,0,42.5,42.5,63.75
sdf::direct_max__idelay_dqs_cntvaluein__lane0__dqs0__ctrl_0__endpoint__value_ps,sdf,direct_max__idelay_dqs_cntvaluein__lane0__dqs0__ctrl_0__endpoint__value_ps,direct_max,idelay_dqs_cntvaluein,lane0,dqs0,0,endpoint,43,18,-28.0,-28.0,10,8,0,10,-70.0,-70.0,6,4,0,6,-368.0,-368.0,5,1,0,9,-35.0,-35.0,5,4,0,-42.0,-42.0,63.0
skew::signed_dqs_minus_dq_bit__idelay_cntvaluein_skew__lane0__dq0__ctrl_1__dqs_vs_dq_bit__value_ps,skew,signed_dqs_minus_dq_bit__idelay_cntvaluein_skew__lane0__dq0__ctrl_1__dqs_vs_dq_bit__value_ps,signed_dqs_minus_dq_bit,idelay_cntvaluein_skew,lane0,dq0,1,dqs_vs_dq_bit,43,18,270.0,-163.0,10,7,10,10,251.0,-76.0,8,2,3,6,-200.5,-13.5,3,3,6,9,748.0,104.0,4,5,7,-19.0,87.0,62.5
sdf::direct_max__dq_iologic__lane0__dq4__ctrl_none__endpoint__value_ps,sdf,direct_max__dq_iologic__lane0__dq4__ctrl_none__endpoint__value_ps,direct_max,dq_iologic,lane0,dq4,,endpoint,43,18,-61.5,-61.5,10,8,0,10,-21.0,-21.0,5,5,0,6,109.5,109.5,3,3,0,9,-33.0,-33.0,5,4,0,40.5,40.5,60.75
sdf::lane_spread__idelay_ld__lane0__no_bit__ctrl_none__lane__value_ps,sdf,lane_spread__idelay_ld__lane0__no_bit__ctrl_none__lane__value_ps,lane_spread,idelay_ld,lane0,,,lane,43,18,11.5,11.5,8,10,0,10,-28.5,-28.5,5,5,0,6,-69.5,-69.5,5,1,0,9,-72.0,-72.0,5,4,0,-40.0,-40.0,60.0
sdf::direct_max__idelay_data_cntvaluein__lane1__dq10__ctrl_3__endpoint__value_ps,sdf,direct_max__idelay_data_cntvaluein__lane1__dq10__ctrl_3__endpoint__value_ps,direct_max,idelay_data_cntvaluein,lane1,dq10,3,endpoint,43,18,236.0,236.0,6,12,0,10,275.5,275.5,2,8,0,6,242.0,242.0,1,5,0,9,324.0,324.0,3,6,0,39.5,39.5,59.25
skew::abs_dqs_minus_dq_bit__idelay_cntvaluein_skew__lane0__dq1__ctrl_3__dqs_vs_dq_bit__value_ps,skew,abs_dqs_minus_dq_bit__idelay_cntvaluein_skew__lane0__dq1__ctrl_3__dqs_vs_dq_bit__value_ps,abs_dqs_minus_dq_bit,idelay_cntvaluein_skew,lane0,dq1,3,dqs_vs_dq_bit,43,18,-102.5,-102.5,9,9,0,10,-141.5,-141.5,7,3,0,6,101.5,101.5,2,4,0,9,240.0,240.0,3,6,0,-39.0,-39.0,58.5
sdf::direct_max__idelay_data_cntvaluein__lane1__dq9__ctrl_0__endpoint__value_ps,sdf,direct_max__idelay_data_cntvaluein__lane1__dq9__ctrl_0__endpoint__value_ps,direct_max,idelay_data_cntvaluein,lane1,dq9,0,endpoint,43,18,-257.5,-257.5,13,5,0,10,-219.0,-219.0,7,3,0,6,-204.5,-204.5,5,1,0,9,-448.0,-448.0,8,1,0,38.5,38.5,57.75
skew::abs_dqs_minus_dq_bit__idelay_cntvaluein_skew__lane1__dq14__ctrl_3__dqs_vs_dq_bit__value_ps,skew,abs_dqs_minus_dq_bit__idelay_cntvaluein_skew__lane1__dq14__ctrl_3__dqs_vs_dq_bit__value_ps,abs_dqs_minus_dq_bit,idelay_cntvaluein_skew,lane1,dq14,3,dqs_vs_dq_bit,43,18,-50.0,-50.0,9,9,0,10,-13.0,-13.0,5,5,0,6,211.0,211.0,0,6,0,9,36.0,36.0,4,5,0,37.0,37.0,55.5
skew::abs_lane1_minus_lane0_dqs__idelay_cntvaluein_skew__all__no_bit__ctrl_3__lane1_vs_lane0_dqs__value_ps,skew,abs_lane1_minus_lane0_dqs__idelay_cntvaluein_skew__all__no_bit__ctrl_3__lane1_vs_lane0_dqs__value_ps,abs_lane1_minus_lane0_dqs,idelay_cntvaluein_skew,all,,3,lane1_vs_lane0_dqs,43,18,5.5,5.5,7,10,0,10,-31.5,-31.5,7,3,0,6,-75.5,-75.5,5,1,0,9,87.0,87.0,3,6,0,-37.0,-37.0,55.5
skew::signed_lane1_minus_lane0_dqs__idelay_cntvaluein_skew__all__no_bit__ctrl_3__lane1_vs_lane0_dqs__value_ps,skew,signed_lane1_minus_lane0_dqs__idelay_cntvaluein_skew__all__no_bit__ctrl_3__lane1_vs_lane0_dqs__value_ps,signed_lane1_minus_lane0_dqs,idelay_cntvaluein_skew,all,,3,lane1_vs_lane0_dqs,43,18,-5.5,5.5,7,10,3,10,31.5,-31.5,7,3,1,6,75.5,-75.5,5,1,0,9,-101.0,87.0,3,6,1,37.0,-37.0,55.5
sdf::direct_max__idelay_data_cntvaluein__lane1__dq11__ctrl_2__endpoint__value_ps,sdf,direct_max__idelay_data_cntvaluein__lane1__dq11__ctrl_2__endpoint__value_ps,direct_max,idelay_data_cntvaluein,lane1,dq11,2,endpoint,43,18,-84.0,-84.0,11,7,0,10,-47.5,-47.5,7,3,0,6,-350.5,-350.5,4,2,0,9,-490.0,-490.0,8,1,0,36.5,36.5,54.75
skew::signed_dqs_minus_dq_bit__idelay_cntvaluein_skew__lane0__dq7__ctrl_4__dqs_vs_dq_bit__value_ps,skew,signed_dqs_minus_dq_bit__idelay_cntvaluein_skew__lane0__dq7__ctrl_4__dqs_vs_dq_bit__value_ps,signed_dqs_minus_dq_bit,idelay_cntvaluein_skew,lane0,dq7,4,dqs_vs_dq_bit,43,18,-142.0,48.5,8,10,7,10,-93.5,37.5,4,6,5,6,52.0,197.0,2,4,5,9,78.0,78.0,4,5,3,48.5,-11.0,54.0
skew::abs_ld_dqs_minus_dq_median__idelay_ld_skew__lane0__dqs0__ctrl_none__dqs_vs_dq_lane__value_ps,skew,abs_ld_dqs_minus_dq_median__idelay_ld_skew__lane0__dqs0__ctrl_none__dqs_vs_dq_lane__value_ps,abs_ld_dqs_minus_dq_median,idelay_ld_skew,lane0,dqs0,,dqs_vs_dq_lane,43,18,10.0,10.0,6,12,0,10,45.75,45.75,2,8,0,6,-67.75,-67.75,6,0,0,9,-46.5,-46.5,7,2,0,35.75,35.75,53.625
skew::ld_dq_lane_range__idelay_ld_skew__lane0__no_bit__ctrl_none__dq_lane__value_ps,skew,ld_dq_lane_range__idelay_ld_skew__lane0__no_bit__ctrl_none__dq_lane__value_ps,ld_dq_lane_range,idelay_ld_skew,lane0,,,dq_lane,43,18,7.0,7.0,8,10,0,10,-28.5,-28.5,5,5,0,6,-2.5,-2.5,3,3,0,9,-3.0,-3.0,5,4,0,-35.5,-35.5,53.25
sdf::direct_max__idelay_data_cntvaluein__lane0__dq2__ctrl_2__endpoint__value_ps,sdf,direct_max__idelay_data_cntvaluein__lane0__dq2__ctrl_2__endpoint__value_ps,direct_max,idelay_data_cntvaluein,lane0,dq2,2,endpoint,43,18,-287.5,-287.5,12,6,0,10,-253.0,-253.0,8,2,0,6,-313.0,-313.0,5,1,0,9,-538.0,-538.0,9,0,0,34.5,34.5,51.75
sdf::direct_max__idelay_data_cntvaluein__lane1__dq9__ctrl_1__endpoint__value_ps,sdf,direct_max__idelay_data_cntvaluein__lane1__dq9__ctrl_1__endpoint__value_ps,direct_max,idelay_data_cntvaluein,lane1,dq9,1,endpoint,43,18,-99.0,-99.0,12,6,0,10,-133.5,-133.5,6,4,0,6,-274.0,-274.0,5,1,0,9,-333.0,-333.0,8,1,0,-34.5,-34.5,51.75
sdf::direct_max__idelay_data_cntvaluein__lane0__dq6__ctrl_3__endpoint__value_ps,sdf,direct_max__idelay_data_cntvaluein__lane0__dq6__ctrl_3__endpoint__value_ps,direct_max,idelay_data_cntvaluein,lane0,dq6,3,endpoint,43,18,295.0,295.0,6,12,0,10,261.0,261.0,4,6,0,6,256.0,256.0,2,4,0,9,-28.0,-28.0,5,4,0,-34.0,-34.0,51.0
skew::abs_lane1_minus_lane0_dq_median__idelay_cntvaluein_skew__all__no_bit__ctrl_1__lane1_vs_lane0_dq__value_ps,skew,abs_lane1_minus_lane0_dq_median__idelay_cntvaluein_skew__all__no_bit__ctrl_1__lane1_vs_lane0_dq__value_ps,abs_lane1_minus_lane0_dq_median,idelay_cntvaluein_skew,all,,1,lane1_vs_lane0_dq,43,18,54.5,54.5,7,11,0,10,88.25,88.25,4,6,0,6,6.5,6.5,3,3,0,9,-146.0,-146.0,6,3,0,33.75,33.75,50.625
skew::signed_lane1_minus_lane0_dq_median__idelay_cntvaluein_skew__all__no_bit__ctrl_1__lane1_vs_lane0_dq__value_ps,skew,signed_lane1_minus_lane0_dq_median__idelay_cntvaluein_skew__all__no_bit__ctrl_1__lane1_vs_lane0_dq__value_ps,signed_lane1_minus_lane0_dq_median,idelay_cntvaluein_skew,all,,1,lane1_vs_lane0_dq,43,18,-54.5,54.5,7,11,0,10,-88.25,88.25,4,6,1,6,-6.5,6.5,3,3,0,9,146.0,-146.0,6,3,1,-33.75,33.75,50.625
skew::signed_ld_dqs_minus_dq_median__idelay_ld_skew__lane0__dqs0__ctrl_none__dqs_vs_dq_lane__value_ps,skew,signed_ld_dqs_minus_dq_median__idelay_ld_skew__lane0__dqs0__ctrl_none__dqs_vs_dq_lane__value_ps,signed_ld_dqs_minus_dq_median,idelay_ld_skew,lane0,dqs0,,dqs_vs_dq_lane,43,18,11.75,10.0,6,12,5,10,-21.0,45.75,2,8,2,6,82.75,-67.75,6,0,3,9,15.5,-46.5,7,2,2,-32.75,35.75,50.625
skew::abs_ld_minus_cntvaluein_dq_median__idelay_ld_cntvaluein_skew__lane1__no_bit__ctrl_4__ld_vs_cntvaluein_dq_lane__value_ps,skew,abs_ld_minus_cntvaluein_dq_median__idelay_ld_cntvaluein_skew__lane1__no_bit__ctrl_4__ld_vs_cntvaluein_dq_lane__value_ps,abs_ld_minus_cntvaluein_dq_median,idelay_ld_cntvaluein_skew,lane1,,4,ld_vs_cntvaluein_dq_lane,43,18,21.5,21.5,8,10,0,10,54.75,54.75,3,7,0,6,295.25,295.25,2,4,0,9,200.0,200.0,3,6,0,33.25,33.25,49.875
skew::abs_dqs_minus_dq_bit__idelay_cntvaluein_skew__lane1__dq14__ctrl_4__dqs_vs_dq_bit__value_ps,skew,abs_dqs_minus_dq_bit__idelay_cntvaluein_skew__lane1__dq14__ctrl_4__dqs_vs_dq_bit__value_ps,abs_dqs_minus_dq_bit,idelay_cntvaluein_skew,lane1,dq14,4,dqs_vs_dq_bit,43,18,65.0,65.0,8,10,0,10,98.0,98.0,3,7,0,6,10.5,10.5,3,3,0,9,81.0,81.0,3,6,0,33.0,33.0,49.5
skew::abs_ld_minus_cntvaluein_dq_median__idelay_ld_cntvaluein_skew__lane0__no_bit__ctrl_2__ld_vs_cntvaluein_dq_lane__value_ps,skew,abs_ld_minus_cntvaluein_dq_median__idelay_ld_cntvaluein_skew__lane0__no_bit__ctrl_2__ld_vs_cntvaluein_dq_lane__value_ps,abs_ld_minus_cntvaluein_dq_median,idelay_ld_cntvaluein_skew,lane0,,2,ld_vs_cntvaluein_dq_lane,43,18,-19.5,-19.5,9,9,0,10,13.5,13.5,4,6,0,6,159.25,159.25,2,4,0,9,149.0,149.0,4,5,0,33.0,33.0,49.5
sdf::direct_max__idelay_data_cntvaluein__lane1__dq8__ctrl_3__endpoint__value_ps,sdf,direct_max__idelay_data_cntvaluein__lane1__dq8__ctrl_3__endpoint__value_ps,direct_max,idelay_data_cntvaluein,lane1,dq8,3,endpoint,43,18,322.5,322.5,5,13,0,10,291.0,291.0,1,9,0,6,328.0,328.0,1,5,0,9,319.0,319.0,2,7,0,-31.5,-31.5,47.25
sdf::direct_max__dq_iologic__lane1__dq13__ctrl_none__endpoint__value_ps,sdf,direct_max__dq_iologic__lane1__dq13__ctrl_none__endpoint__value_ps,direct_max,dq_iologic,lane1,dq13,,endpoint,43,18,-326.0,-326.0,14,4,0,10,-295.0,-295.0,9,1,0,6,-40.5,-40.5,3,3,0,9,-487.0,-487.0,9,0,0,31.0,31.0,46.5
skew::abs_ld_minus_cntvaluein_dq_median__idelay_ld_cntvaluein_skew__lane0__no_bit__ctrl_1__ld_vs_cntvaluein_dq_lane__value_ps,skew,abs_ld_minus_cntvaluein_dq_median__idelay_ld_cntvaluein_skew__lane0__no_bit__ctrl_1__ld_vs_cntvaluein_dq_lane__value_ps,abs_ld_minus_cntvaluein_dq_median,idelay_ld_cntvaluein_skew,lane0,,1,ld_vs_cntvaluein_dq_lane,43,18,-9.75,-9.75,9,9,0,10,-40.75,-40.75,6,4,0,6,124.75,124.75,2,4,0,9,6.0,6.0,4,5,0,-31.0,-31.0,46.5
skew::signed_dqs_minus_dq_bit__idelay_cntvaluein_skew__lane1__dq11__ctrl_2__dqs_vs_dq_bit__value_ps,skew,signed_dqs_minus_dq_bit__idelay_cntvaluein_skew__lane1__dq11__ctrl_2__dqs_vs_dq_bit__value_ps,signed_dqs_minus_dq_bit,idelay_cntvaluein_skew,lane1,dq11,2,dqs_vs_dq_bit,43,18,110.5,153.5,7,11,11,10,78.0,126.0,3,7,6,6,18.0,-45.0,5,1,4,9,217.0,29.0,3,6,4,-32.5,-27.5,46.25
sdf::direct_max__idelay_data_cntvaluein__lane0__dq7__ctrl_2__endpoint__value_ps,sdf,direct_max__idelay_data_cntvaluein__lane0__dq7__ctrl_2__endpoint__value_ps,direct_max,idelay_data_cntvaluein,lane0,dq7,2,endpoint,43,18,-222.0,-222.0,12,6,0,10,-252.0,-252.0,8,2,0,6,-167.5,-167.5,4,2,0,9,-538.0,-538.0,8,1,0,-30.0,-30.0,45.0
sdf::direct_max__idelay_data_cntvaluein__lane1__dq14__ctrl_3__endpoint__value_ps,sdf,direct_max__idelay_data_cntvaluein__lane1__dq14__ctrl_3__endpoint__value_ps,direct_max,idelay_data_cntvaluein,lane1,dq14,3,endpoint,43,18,239.5,239.5,6,12,0,10,269.5,269.5,1,9,0,6,259.0,259.0,1,5,0,9,326.0,326.0,2,7,0,30.0,30.0,45.0
sdf::direct_max__dq_iologic__lane1__dq10__ctrl_none__endpoint__value_ps,sdf,direct_max__dq_iologic__lane1__dq10__ctrl_none__endpoint__value_ps,direct_max,dq_iologic,lane1,dq10,,endpoint,43,18,-463.0,-463.0,15,3,0,10,-433.5,-433.5,8,2,0,6,-204.5,-204.5,5,1,0,9,-480.0,-480.0,7,2,0,29.5,29.5,44.25
skew::abs_dqs_minus_dq_bit__idelay_cntvaluein_skew__lane0__dq4__ctrl_4__dqs_vs_dq_bit__value_ps,skew,abs_dqs_minus_dq_bit__idelay_cntvaluein_skew__lane0__dq4__ctrl_4__dqs_vs_dq_bit__value_ps,abs_dqs_minus_dq_bit,idelay_cntvaluein_skew,lane0,dq4,4,dqs_vs_dq_bit,43,18,12.5,12.5,9,9,0,10,-17.0,-17.0,5,4,0,6,131.5,131.5,1,5,0,9,156.0,156.0,2,7,0,-29.5,-29.5,44.25
skew::abs_dqs_minus_dq_bit__idelay_cntvaluein_skew__lane1__dq8__ctrl_2__dqs_vs_dq_bit__value_ps,skew,abs_dqs_minus_dq_bit__idelay_cntvaluein_skew__lane1__dq8__ctrl_2__dqs_vs_dq_bit__value_ps,abs_dqs_minus_dq_bit,idelay_cntvaluein_skew,lane1,dq8,2,dqs_vs_dq_bit,43,18,103.5,103.5,6,12,0,10,74.0,74.0,4,6,0,6,-147.0,-147.0,5,1,0,9,79.0,79.0,4,5,0,-29.5,-29.5,44.25
skew::abs_dqs_minus_dq_bit__idelay_cntvaluein_skew__lane0__dq4__ctrl_1__dqs_vs_dq_bit__value_ps,skew,abs_dqs_minus_dq_bit__idelay_cntvaluein_skew__lane0__dq4__ctrl_1__dqs_vs_dq_bit__value_ps,abs_dqs_minus_dq_bit,idelay_cntvaluein_skew,lane0,dq4,1,dqs_vs_dq_bit,43,18,-146.0,-146.0,11,7,0,10,-175.0,-175.0,7,3,0,6,5.5,5.5,2,4,0,9,2.0,2.0,4,5,0,-29.0,-29.0,43.5
sdf::control_fanout_spread__idelay_data_cntvaluein__lane1__no_bit__ctrl_1__lane_control_bit__value_ps,sdf,control_fanout_spread__idelay_data_cntvaluein__lane1__no_bit__ctrl_1__lane_control_bit__value_ps,control_fanout_spread,idelay_data_cntvaluein,lane1,,1,lane_control_bit,43,18,19.0,19.0,7,11,0,10,46.5,46.5,5,5,0,6,148.0,148.0,2,4,0,9,-109.0,-109.0,6,3,0,27.5,27.5,41.25
skew::abs_dqs_minus_dq_bit__idelay_cntvaluein_skew__lane1__dq11__ctrl_2__dqs_vs_dq_bit__value_ps,skew,abs_dqs_minus_dq_bit__idelay_cntvaluein_skew__lane1__dq11__ctrl_2__dqs_vs_dq_bit__value_ps,abs_dqs_minus_dq_bit,idelay_cntvaluein_skew,lane1,dq11,2,dqs_vs_dq_bit,43,18,153.5,153.5,7,11,0,10,126.0,126.0,3,7,0,6,-45.0,-45.0,5,1,0,9,29.0,29.0,3,6,0,-27.5,-27.5,41.25
skew::dq_lane_range__idelay_cntvaluein_skew__lane1__no_bit__ctrl_1__dq_lane__value_ps,skew,dq_lane_range__idelay_cntvaluein_skew__lane1__no_bit__ctrl_1__dq_lane__value_ps,dq_lane_range,idelay_cntvaluein_skew,lane1,,1,dq_lane,43,18,19.0,19.0,7,11,0,10,46.5,46.5,5,5,0,6,148.0,148.0,2,4,0,9,-109.0,-109.0,6,3,0,27.5,27.5,41.25
sdf::direct_max__idelay_dqs_cntvaluein__lane1__dqs1__ctrl_4__endpoint__value_ps,sdf,direct_max__idelay_dqs_cntvaluein__lane1__dqs1__ctrl_4__endpoint__value_ps,direct_max,idelay_dqs_cntvaluein,lane1,dqs1,4,endpoint,43,18,15.0,15.0,8,10,0,10,-11.5,-11.5,5,5,0,6,-315.0,-315.0,4,2,0,9,51.0,51.0,4,5,0,-26.5,-26.5,39.75
skew::abs_dqs_minus_dq_bit__idelay_cntvaluein_skew__lane0__dq0__ctrl_4__dqs_vs_dq_bit__value_ps,skew,abs_dqs_minus_dq_bit__idelay_cntvaluein_skew__lane0__dq0__ctrl_4__dqs_vs_dq_bit__value_ps,abs_dqs_minus_dq_bit,idelay_cntvaluein_skew,lane0,dq0,4,dqs_vs_dq_bit,43,18,-27.5,-27.5,11,7,0,10,-53.0,-53.0,7,3,0,6,23.5,23.5,3,3,0,9,61.0,61.0,2,7,0,-25.5,-25.5,38.25
sdf::cntvaluein_bus_skew__idelay_data_cntvaluein__lane1__dq13__ctrl_none__dq13__value_ps,sdf,cntvaluein_bus_skew__idelay_data_cntvaluein__lane1__dq13__ctrl_none__dq13__value_ps,cntvaluein_bus_skew,idelay_data_cntvaluein,lane1,dq13,,dq13,43,18,205.0,205.0,1,17,0,10,180.0,180.0,3,7,0,6,262.0,262.0,1,5,0,9,280.0,280.0,0,8,0,-25.0,-25.0,37.5
skew::abs_dqs_minus_dq_bit__idelay_cntvaluein_skew__lane0__dq5__ctrl_2__dqs_vs_dq_bit__value_ps,skew,abs_dqs_minus_dq_bit__idelay_cntvaluein_skew__lane0__dq5__ctrl_2__dqs_vs_dq_bit__value_ps,abs_dqs_minus_dq_bit,idelay_cntvaluein_skew,lane0,dq5,2,dqs_vs_dq_bit,43,18,10.0,10.0,9,9,0,10,-15.0,-15.0,5,5,0,6,-134.0,-134.0,4,2,0,9,-208.0,-208.0,5,4,0,-25.0,-25.0,37.5
skew::abs_ld_minus_cntvaluein_dq_median__idelay_ld_cntvaluein_skew__lane1__no_bit__ctrl_3__ld_vs_cntvaluein_dq_lane__value_ps,skew,abs_ld_minus_cntvaluein_dq_median__idelay_ld_cntvaluein_skew__lane1__no_bit__ctrl_3__ld_vs_cntvaluein_dq_lane__value_ps,abs_ld_minus_cntvaluein_dq_median,idelay_ld_cntvaluein_skew,lane1,,3,ld_vs_cntvaluein_dq_lane,43,18,57.25,57.25,6,12,0,10,81.5,81.5,4,6,0,6,93.0,93.0,2,4,0,9,114.5,114.5,2,7,0,24.25,24.25,36.375
skew::dq_bus_skew_range__idelay_cntvaluein_skew__lane0__no_bit__ctrl_none__dq_lane_bus_skew__value_ps,skew,dq_bus_skew_range__idelay_cntvaluein_skew__lane0__no_bit__ctrl_none__dq_lane_bus_skew__value_ps,dq_bus_skew_range,idelay_cntvaluein_skew,lane0,,,dq_lane_bus_skew,43,18,-28.5,-28.5,10,8,0,10,-52.5,-52.5,6,4,0,6,1.0,1.0,3,3,0,9,-216.0,-216.0,7,2,0,-24.0,-24.0,36.0
skew::abs_dqs_minus_dq_bit__idelay_cntvaluein_skew__lane1__dq15__ctrl_1__dqs_vs_dq_bit__value_ps,skew,abs_dqs_minus_dq_bit__idelay_cntvaluein_skew__lane1__dq15__ctrl_1__dqs_vs_dq_bit__value_ps,abs_dqs_minus_dq_bit,idelay_cntvaluein_skew,lane1,dq15,1,dqs_vs_dq_bit,43,18,107.5,107.5,8,10,0,10,130.0,130.0,2,8,0,6,147.0,147.0,2,4,0,9,111.0,111.0,4,5,0,22.5,22.5,33.75
sdf::direct_max__idelay_data_cntvaluein__lane1__dq11__ctrl_3__endpoint__value_ps,sdf,direct_max__idelay_data_cntvaluein__lane1__dq11__ctrl_3__endpoint__value_ps,direct_max,idelay_data_cntvaluein,lane1,dq11,3,endpoint,43,18,179.0,179.0,5,13,0,10,157.0,157.0,3,7,0,6,223.5,223.5,2,4,0,9,321.0,321.0,1,8,0,-22.0,-22.0,33.0
sdf::direct_max__idelay_data_cntvaluein__lane1__dq10__ctrl_1__endpoint__value_ps,sdf,direct_max__idelay_data_cntvaluein__lane1__dq10__ctrl_1__endpoint__value_ps,direct_max,idelay_data_cntvaluein,lane1,dq10,1,endpoint,43,18,-165.0,-165.0,11,7,0,10,-143.5,-143.5,6,4,0,6,-163.0,-163.0,4,2,0,9,-470.0,-470.0,7,2,0,21.5,21.5,32.25
sdf::direct_max__idelay_data_cntvaluein__lane0__dq5__ctrl_2__endpoint__value_ps,sdf,direct_max__idelay_data_cntvaluein__lane0__dq5__ctrl_2__endpoint__value_ps,direct_max,idelay_data_cntvaluein,lane0,dq5,2,endpoint,43,18,-272.5,-272.5,12,6,0,10,-251.5,-251.5,7,3,0,6,-413.0,-413.0,5,1,0,9,-492.0,-492.0,8,1,0,21.0,21.0,31.5
skew::abs_dqs_minus_dq_bit__idelay_cntvaluein_skew__lane1__dq15__ctrl_4__dqs_vs_dq_bit__value_ps,skew,abs_dqs_minus_dq_bit__idelay_cntvaluein_skew__lane1__dq15__ctrl_4__dqs_vs_dq_bit__value_ps,abs_dqs_minus_dq_bit,idelay_cntvaluein_skew,lane1,dq15,4,dqs_vs_dq_bit,43,18,-8.0,-8.0,10,8,0,10,-28.5,-28.5,6,4,0,6,183.0,183.0,1,5,0,9,235.0,235.0,2,7,0,-20.5,-20.5,30.75
skew::abs_dqs_minus_dq_median__idelay_cntvaluein_skew__lane0__dqs0__ctrl_3__dqs_vs_dq_lane__value_ps,skew,abs_dqs_minus_dq_median__idelay_cntvaluein_skew__lane0__dqs0__ctrl_3__dqs_vs_dq_lane__value_ps,abs_dqs_minus_dq_median,idelay_cntvaluein_skew,lane0,dqs0,3,dqs_vs_dq_lane,43,18,-59.25,-59.25,9,9,0,10,-77.25,-77.25,7,3,0,6,12.75,12.75,3,3,0,9,-14.5,-14.5,5,4,0,-18.0,-18.0,27.0
skew::abs_dqs_minus_dq_bit__idelay_cntvaluein_skew__lane0__dq5__ctrl_4__dqs_vs_dq_bit__value_ps,skew,abs_dqs_minus_dq_bit__idelay_cntvaluein_skew__lane0__dq5__ctrl_4__dqs_vs_dq_bit__value_ps,abs_dqs_minus_dq_bit,idelay_cntvaluein_skew,lane0,dq5,4,dqs_vs_dq_bit,43,18,-57.5,-57.5,13,5,0,10,-40.0,-40.0,6,4,0,6,119.5,119.5,2,4,0,9,-63.0,-63.0,5,4,0,17.5,17.5,26.25
skew::abs_dqs_minus_dq_bit__idelay_cntvaluein_skew__lane0__dq1__ctrl_1__dqs_vs_dq_bit__value_ps,skew,abs_dqs_minus_dq_bit__idelay_cntvaluein_skew__lane0__dq1__ctrl_1__dqs_vs_dq_bit__value_ps,abs_dqs_minus_dq_bit,idelay_cntvaluein_skew,lane0,dq1,1,dqs_vs_dq_bit,43,18,-166.0,-166.0,11,7,0,10,-149.5,-149.5,7,3,0,6,13.0,13.0,2,4,0,9,116.0,116.0,4,5,0,16.5,16.5,24.75
skew::abs_dqs_minus_dq_bit__idelay_cntvaluein_skew__lane0__dq6__ctrl_3__dqs_vs_dq_bit__value_ps,skew,abs_dqs_minus_dq_bit__idelay_cntvaluein_skew__lane0__dq6__ctrl_3__dqs_vs_dq_bit__value_ps,abs_dqs_minus_dq_bit,idelay_cntvaluein_skew,lane0,dq6,3,dqs_vs_dq_bit,43,18,-37.0,-37.0,10,8,0,10,-20.5,-20.5,5,5,0,6,-17.0,-17.0,3,3,0,9,-105.0,-105.0,7,2,0,16.5,16.5,24.75
skew::signed_dqs_minus_dq_bit__idelay_cntvaluein_skew__lane1__dq9__ctrl_4__dqs_vs_dq_bit__value_ps,skew,signed_dqs_minus_dq_bit__idelay_cntvaluein_skew__lane1__dq9__ctrl_4__dqs_vs_dq_bit__value_ps,signed_dqs_minus_dq_bit,idelay_cntvaluein_skew,lane1,dq9,4,dqs_vs_dq_bit,43,18,117.0,-23.5,11,7,9,10,93.5,-22.5,7,3,5,6,352.5,172.5,2,4,3,9,155.0,234.0,2,7,4,-23.5,1.0,24.0
skew::abs_dqs_minus_dq_bit__idelay_cntvaluein_skew__lane1__dq15__ctrl_2__dqs_vs_dq_bit__value_ps,skew,abs_dqs_minus_dq_bit__idelay_cntvaluein_skew__lane1__dq15__ctrl_2__dqs_vs_dq_bit__value_ps,abs_dqs_minus_dq_bit,idelay_cntvaluein_skew,lane1,dq15,2,dqs_vs_dq_bit,43,18,20.5,20.5,9,9,0,10,5.5,5.5,5,5,0,6,63.5,63.5,3,3,0,9,365.0,365.0,2,7,0,-15.0,-15.0,22.5
skew::abs_dqs_minus_dq_bit__idelay_cntvaluein_skew__lane1__dq8__ctrl_3__dqs_vs_dq_bit__value_ps,skew,abs_dqs_minus_dq_bit__idelay_cntvaluein_skew__lane1__dq8__ctrl_3__dqs_vs_dq_bit__value_ps,abs_dqs_minus_dq_bit,idelay_cntvaluein_skew,lane1,dq8,3,dqs_vs_dq_bit,43,18,24.5,24.5,7,11,0,10,39.0,39.0,4,6,0,6,139.0,139.0,3,3,0,9,-10.0,-10.0,6,3,0,14.5,14.5,21.75
skew::abs_dqs_minus_dq_bit__idelay_cntvaluein_skew__lane1__dq8__ctrl_1__dqs_vs_dq_bit__value_ps,skew,abs_dqs_minus_dq_bit__idelay_cntvaluein_skew__lane1__dq8__ctrl_1__dqs_vs_dq_bit__value_ps,abs_dqs_minus_dq_bit,idelay_cntvaluein_skew,lane1,dq8,1,dqs_vs_dq_bit,43,18,-15.5,-15.5,9,9,0,10,-2.0,-2.0,5,5,0,6,38.0,38.0,2,4,0,9,231.0,231.0,3,6,0,13.5,13.5,20.25
skew::abs_dqs_minus_dq_median__idelay_cntvaluein_skew__lane0__dqs0__ctrl_0__dqs_vs_dq_lane__value_ps,skew,abs_dqs_minus_dq_median__idelay_cntvaluein_skew__lane0__dqs0__ctrl_0__dqs_vs_dq_lane__value_ps,abs_dqs_minus_dq_median,idelay_cntvaluein_skew,lane0,dqs0,0,dqs_vs_dq_lane,43,18,-62.25,-62.25,11,7,0,10,-50.5,-50.5,6,4,0,6,-10.25,-10.25,4,2,0,9,149.0,149.0,3,6,0,11.75,11.75,17.625
skew::abs_dqs_minus_dq_bit__idelay_cntvaluein_skew__lane0__dq7__ctrl_4__dqs_vs_dq_bit__value_ps,skew,abs_dqs_minus_dq_bit__idelay_cntvaluein_skew__lane0__dq7__ctrl_4__dqs_vs_dq_bit__value_ps,abs_dqs_minus_dq_bit,idelay_cntvaluein_skew,lane0,dq7,4,dqs_vs_dq_bit,43,18,48.5,48.5,8,10,0,10,37.5,37.5,4,6,0,6,197.0,197.0,2,4,0,9,78.0,78.0,4,5,0,-11.0,-11.0,16.5
sdf::direct_max__idelay_data_cntvaluein__lane0__dq5__ctrl_1__endpoint__value_ps,sdf,direct_max__idelay_data_cntvaluein__lane0__dq5__ctrl_1__endpoint__value_ps,direct_max,idelay_data_cntvaluein,lane0,dq5,1,endpoint,43,18,-126.0,-126.0,11,7,0,10,-115.5,-115.5,7,3,0,6,-366.5,-366.5,5,1,0,9,-473.0,-473.0,7,2,0,10.5,10.5,15.75
sdf::direct_max__idelay_data_cntvaluein__lane0__dq7__ctrl_1__endpoint__value_ps,sdf,direct_max__idelay_data_cntvaluein__lane0__dq7__ctrl_1__endpoint__value_ps,direct_max,idelay_data_cntvaluein,lane0,dq7,1,endpoint,43,18,-107.5,-107.5,11,7,0,10,-118.0,-118.0,5,5,0,6,-361.0,-361.0,4,2,0,9,-556.0,-556.0,7,2,0,-10.5,-10.5,15.75
sdf::direct_max__idelay_ld__lane1__dq10__ctrl_none__endpoint__value_ps,sdf,direct_max__idelay_ld__lane1__dq10__ctrl_none__endpoint__value_ps,direct_max,idelay_ld,lane1,dq10,,endpoint,43,18,-170.5,-170.5,14,4,0,10,-161.0,-161.0,8,2,0,6,-240.5,-240.5,4,2,0,9,-112.0,-112.0,7,2,0,9.5,9.5,14.25
skew::abs_dqs_minus_dq_bit__idelay_cntvaluein_skew__lane1__dq13__ctrl_2__dqs_vs_dq_bit__value_ps,skew,abs_dqs_minus_dq_bit__idelay_cntvaluein_skew__lane1__dq13__ctrl_2__dqs_vs_dq_bit__value_ps,abs_dqs_minus_dq_bit,idelay_cntvaluein_skew,lane1,dq13,2,dqs_vs_dq_bit,43,18,136.0,136.0,8,10,0,10,145.0,145.0,3,7,0,6,15.0,15.0,2,4,0,9,51.0,51.0,2,7,0,9.0,9.0,13.5
json::json_manhattan_spread__cal_index_to_cntvaluein_data__all__no_bit__ctrl_none__pair__value_ps,json,json_manhattan_spread__cal_index_to_cntvaluein_data__all__no_bit__ctrl_none__pair__value_ps,json_manhattan_spread,cal_index_to_cntvaluein_data,all,,,pair,45,18,22.5,22.5,1,17,0,11,14.0,14.0,2,9,0,6,25.0,25.0,0,6,0,10,24.5,24.5,1,9,0,-8.5,-8.5,12.75
skew::abs_dqs_minus_dq_bit__idelay_cntvaluein_skew__lane1__dq11__ctrl_3__dqs_vs_dq_bit__value_ps,skew,abs_dqs_minus_dq_bit__idelay_cntvaluein_skew__lane1__dq11__ctrl_3__dqs_vs_dq_bit__value_ps,abs_dqs_minus_dq_bit,idelay_cntvaluein_skew,lane1,dq11,3,dqs_vs_dq_bit,43,18,25.0,25.0,8,10,0,10,16.5,16.5,5,5,0,6,54.5,54.5,2,4,0,9,-12.0,-12.0,5,4,0,-8.5,-8.5,12.75
skew::abs_dqs_minus_dq_median__idelay_cntvaluein_skew__lane1__dqs1__ctrl_4__dqs_vs_dq_lane__value_ps,skew,abs_dqs_minus_dq_median__idelay_cntvaluein_skew__lane1__dqs1__ctrl_4__dqs_vs_dq_lane__value_ps,abs_dqs_minus_dq_median,idelay_cntvaluein_skew,lane1,dqs1,4,dqs_vs_dq_lane,43,18,35.0,35.0,8,10,0,10,43.0,43.0,4,6,0,6,54.5,54.5,2,4,0,9,108.0,108.0,1,8,0,8.0,8.0,12.0
skew::abs_dqs_minus_dq_bit__idelay_cntvaluein_skew__lane0__dq7__ctrl_1__dqs_vs_dq_bit__value_ps,skew,abs_dqs_minus_dq_bit__idelay_cntvaluein_skew__lane0__dq7__ctrl_1__dqs_vs_dq_bit__value_ps,abs_dqs_minus_dq_bit,idelay_cntvaluein_skew,lane0,dq7,1,dqs_vs_dq_bit,43,18,12.5,12.5,9,9,0,10,20.0,20.0,5,5,0,6,71.0,71.0,2,4,0,9,-139.0,-139.0,5,4,0,7.5,7.5,11.25
json::json_site_y_median__cntvaluein_dqs_lut__all__no_bit__ctrl_3__sites__value_ps,json,json_site_y_median__cntvaluein_dqs_lut__all__no_bit__ctrl_3__sites__value_ps,json_site_y_median,cntvaluein_dqs_lut,all,,3,sites,45,18,-1.5,-1.5,9,9,0,11,5.0,5.0,5,6,0,6,1.75,1.75,3,3,0,10,-3.0,-3.0,6,4,0,6.5,6.5,9.75
sdf::cntvaluein_bus_skew__idelay_data_cntvaluein__lane1__dq15__ctrl_none__dq15__value_ps,sdf,cntvaluein_bus_skew__idelay_data_cntvaluein__lane1__dq15__ctrl_none__dq15__value_ps,cntvaluein_bus_skew,idelay_data_cntvaluein,lane1,dq15,,dq15,43,18,344.0,344.0,4,14,0,10,337.5,337.5,3,7,0,6,460.5,460.5,0,6,0,9,595.0,595.0,1,8,0,-6.5,-6.5,9.75
json::json_site_y_median__reset_release_lut__all__no_bit__ctrl_none__sites__value_ps,json,json_site_y_median__reset_release_lut__all__no_bit__ctrl_none__sites__value_ps,json_site_y_median,reset_release_lut,all,,,sites,45,18,-10.0,-10.0,12,6,0,11,-4.0,-4.0,7,3,0,6,-3.0,-3.0,4,2,0,10,3.5,3.5,4,6,0,6.0,6.0,9.0
skew::abs_dqs_minus_dq_bit__idelay_cntvaluein_skew__lane0__dq1__ctrl_0__dqs_vs_dq_bit__value_ps,skew,abs_dqs_minus_dq_bit__idelay_cntvaluein_skew__lane0__dq1__ctrl_0__dqs_vs_dq_bit__value_ps,abs_dqs_minus_dq_bit,idelay_cntvaluein_skew,lane0,dq1,0,dqs_vs_dq_bit,43,18,-107.5,-107.5,11,7,0,10,-113.5,-113.5,7,3,0,6,-105.5,-105.5,4,2,0,9,104.0,104.0,3,6,0,-6.0,-6.0,9.0
json::json_manhattan_spread__cntvaluein_data_to_dqs_lut__all__no_bit__ctrl_none__pair__value_ps,json,json_manhattan_spread__cntvaluein_data_to_dqs_lut__all__no_bit__ctrl_none__pair__value_ps,json_manhattan_spread,cntvaluein_data_to_dqs_lut,all,,,pair,45,18,14.5,14.5,3,15,0,11,9.0,9.0,1,9,0,6,27.0,27.0,0,6,0,10,24.0,24.0,0,9,0,-5.5,-5.5,8.25
skew::abs_dqs_minus_dq_bit__idelay_cntvaluein_skew__lane1__dq12__ctrl_4__dqs_vs_dq_bit__value_ps,skew,abs_dqs_minus_dq_bit__idelay_cntvaluein_skew__lane1__dq12__ctrl_4__dqs_vs_dq_bit__value_ps,abs_dqs_minus_dq_bit,idelay_cntvaluein_skew,lane1,dq12,4,dqs_vs_dq_bit,43,18,79.0,79.0,5,13,0,10,73.5,73.5,4,6,0,6,7.5,7.5,3,3,0,9,54.0,54.0,3,6,0,-5.5,-5.5,8.25
json::json_manhattan_max__cntvaluein_data_to_dqs_lut__all__no_bit__ctrl_none__pair__value_ps,json,json_manhattan_max__cntvaluein_data_to_dqs_lut__all__no_bit__ctrl_none__pair__value_ps,json_manhattan_max,cntvaluein_data_to_dqs_lut,all,,,pair,45,18,9.0,9.0,3,15,0,11,4.0,4.0,2,8,0,6,28.0,28.0,0,6,0,10,25.0,25.0,0,10,0,-5.0,-5.0,7.5
json::json_site_y_median__cntvaluein_dqs_lut__all__no_bit__ctrl_none__sites__value_ps,json,json_site_y_median__cntvaluein_dqs_lut__all__no_bit__ctrl_none__sites__value_ps,json_site_y_median,cntvaluein_dqs_lut,all,,,sites,45,18,-3.5,-3.5,10,6,0,11,1.0,1.0,5,6,0,6,-13.5,-13.5,4,1,0,10,-6.5,-6.5,7,3,0,4.5,4.5,6.75
skew::abs_lane1_minus_lane0_dq_median__idelay_cntvaluein_skew__all__no_bit__ctrl_0__lane1_vs_lane0_dq__value_ps,skew,abs_lane1_minus_lane0_dq_median__idelay_cntvaluein_skew__all__no_bit__ctrl_0__lane1_vs_lane0_dq__value_ps,abs_lane1_minus_lane0_dq_median,idelay_cntvaluein_skew,all,,0,lane1_vs_lane0_dq,43,18,-0.25,-0.25,9,9,0,10,4.25,4.25,4,6,0,6,54.25,54.25,2,4,0,9,-12.0,-12.0,5,4,0,4.5,4.5,6.75
skew::signed_lane1_minus_lane0_dq_median__idelay_cntvaluein_skew__all__no_bit__ctrl_0__lane1_vs_lane0_dq__value_ps,skew,signed_lane1_minus_lane0_dq_median__idelay_cntvaluein_skew__all__no_bit__ctrl_0__lane1_vs_lane0_dq__value_ps,signed_lane1_minus_lane0_dq_median,idelay_cntvaluein_skew,all,,0,lane1_vs_lane0_dq,43,18,0.25,-0.25,9,9,1,10,-4.25,4.25,4,6,1,6,-54.25,54.25,2,4,1,9,12.0,-12.0,5,4,1,-4.5,4.5,6.75
json::json_site_y_spread__cntvaluein_dqs_lut__all__no_bit__ctrl_1__sites__value_ps,json,json_site_y_spread__cntvaluein_dqs_lut__all__no_bit__ctrl_1__sites__value_ps,json_site_y_spread,cntvaluein_dqs_lut,all,,1,sites,45,18,1.0,1.0,8,10,0,11,-3.0,-3.0,6,3,0,6,-1.5,-1.5,3,2,0,10,-1.5,-1.5,6,4,0,-4.0,-4.0,6.0
json::json_site_y_spread__cntvaluein_dqs_lut__all__no_bit__ctrl_2__sites__value_ps,json,json_site_y_spread__cntvaluein_dqs_lut__all__no_bit__ctrl_2__sites__value_ps,json_site_y_spread,cntvaluein_dqs_lut,all,,2,sites,45,18,1.0,1.0,7,9,0,11,-3.0,-3.0,7,3,0,6,-0.5,-0.5,3,1,0,10,2.0,2.0,2,8,0,-4.0,-4.0,6.0
skew::abs_dqs_minus_dq_bit__idelay_cntvaluein_skew__lane0__dq3__ctrl_4__dqs_vs_dq_bit__value_ps,skew,abs_dqs_minus_dq_bit__idelay_cntvaluein_skew__lane0__dq3__ctrl_4__dqs_vs_dq_bit__value_ps,abs_dqs_minus_dq_bit,idelay_cntvaluein_skew,lane0,dq3,4,dqs_vs_dq_bit,43,18,0.5,0.5,9,9,0,10,-3.5,-3.5,5,5,0,6,24.5,24.5,3,3,0,9,-69.0,-69.0,5,4,0,-4.0,-4.0,6.0
json::json_manhattan_max__cal_index_to_cntvaluein_data__all__no_bit__ctrl_none__pair__value_ps,json,json_manhattan_max__cal_index_to_cntvaluein_data__all__no_bit__ctrl_none__pair__value_ps,json_manhattan_max,cal_index_to_cntvaluein_data,all,,,pair,45,18,11.5,11.5,2,16,0,11,8.0,8.0,1,10,0,6,12.0,12.0,2,4,0,10,10.5,10.5,0,9,0,-3.5,-3.5,5.25
json::json_site_y_median__cntvaluein_dqs_lut__all__no_bit__ctrl_1__sites__value_ps,json,json_site_y_median__cntvaluein_dqs_lut__all__no_bit__ctrl_1__sites__value_ps,json_site_y_median,cntvaluein_dqs_lut,all,,1,sites,45,18,-5.5,-5.5,11,7,0,11,-2.0,-2.0,6,5,0,6,-9.75,-9.75,4,2,0,10,-4.5,-4.5,7,3,0,3.5,3.5,5.25
sdf::direct_max__idelay_ld__lane1__dq12__ctrl_none__endpoint__value_ps,sdf,direct_max__idelay_ld__lane1__dq12__ctrl_none__endpoint__value_ps,direct_max,idelay_ld,lane1,dq12,,endpoint,43,18,-220.5,-220.5,13,5,0,10,-224.0,-224.0,9,1,0,6,-73.0,-73.0,5,1,0,9,-225.0,-225.0,6,3,0,-3.5,-3.5,5.25
json::json_site_y_median__cntvaluein_data_lut__all__no_bit__ctrl_4__sites__value_ps,json,json_site_y_median__cntvaluein_data_lut__all__no_bit__ctrl_4__sites__value_ps,json_site_y_median,cntvaluein_data_lut,all,,4,sites,45,18,-5.75,-5.75,11,7,0,11,-2.5,-2.5,6,5,0,6,-18.25,-18.25,5,1,0,10,-17.0,-17.0,9,1,0,3.25,3.25,4.875
json::json_site_y_spread__calibration_index_lut__all__no_bit__ctrl_none__sites__value_ps,json,json_site_y_spread__calibration_index_lut__all__no_bit__ctrl_none__sites__value_ps,json_site_y_spread,calibration_index_lut,all,,,sites,45,18,1.0,1.0,5,11,0,11,4.0,4.0,4,7,0,6,1.5,1.5,1,4,0,10,1.5,1.5,4,6,0,3.0,3.0,4.5
sdf::direct_max__idelay_ld__lane1__dq13__ctrl_none__endpoint__value_ps,sdf,direct_max__idelay_ld__lane1__dq13__ctrl_none__endpoint__value_ps,direct_max,idelay_ld,lane1,dq13,,endpoint,43,18,-167.0,-167.0,16,2,0,10,-170.0,-170.0,6,4,0,6,-42.0,-42.0,5,1,0,9,-166.0,-166.0,7,2,0,-3.0,-3.0,4.5
skew::abs_dqs_minus_dq_bit__idelay_cntvaluein_skew__lane0__dq3__ctrl_1__dqs_vs_dq_bit__value_ps,skew,abs_dqs_minus_dq_bit__idelay_cntvaluein_skew__lane0__dq3__ctrl_1__dqs_vs_dq_bit__value_ps,abs_dqs_minus_dq_bit,idelay_cntvaluein_skew,lane0,dq3,1,dqs_vs_dq_bit,43,18,-15.5,-15.5,9,9,0,10,-18.5,-18.5,5,5,0,6,-16.5,-16.5,3,3,0,9,464.0,464.0,3,6,0,-3.0,-3.0,4.5
skew::signed_dqs_minus_dq_bit__idelay_cntvaluein_skew__lane0__dq7__ctrl_1__dqs_vs_dq_bit__value_ps,skew,signed_dqs_minus_dq_bit__idelay_cntvaluein_skew__lane0__dq7__ctrl_1__dqs_vs_dq_bit__value_ps,signed_dqs_minus_dq_bit,idelay_cntvaluein_skew,lane0,dq7,1,dqs_vs_dq_bit,43,18,80.5,12.5,9,9,9,10,80.0,20.0,5,5,5,6,100.5,71.0,2,4,4,9,742.0,-139.0,5,4,6,-0.5,7.5,4.25
json::json_site_y_median__cntvaluein_data_lut__all__no_bit__ctrl_1__sites__value_ps,json,json_site_y_median__cntvaluein_data_lut__all__no_bit__ctrl_1__sites__value_ps,json_site_y_median,cntvaluein_data_lut,all,,1,sites,45,18,-6.5,-6.5,11,7,0,11,-4.0,-4.0,7,4,0,6,-17.5,-17.5,5,1,0,10,-20.5,-20.5,9,1,0,2.5,2.5,3.75
json::json_site_y_median__cntvaluein_data_lut__all__no_bit__ctrl_2__sites__value_ps,json,json_site_y_median__cntvaluein_data_lut__all__no_bit__ctrl_2__sites__value_ps,json_site_y_median,cntvaluein_data_lut,all,,2,sites,45,18,-6.0,-6.0,10,7,0,11,-3.5,-3.5,7,4,0,6,-17.25,-17.25,4,2,0,10,-17.75,-17.75,9,1,0,2.5,2.5,3.75
json::json_site_y_median__cntvaluein_data_lut__all__no_bit__ctrl_3__sites__value_ps,json,json_site_y_median__cntvaluein_data_lut__all__no_bit__ctrl_3__sites__value_ps,json_site_y_median,cntvaluein_data_lut,all,,3,sites,45,18,0.0,0.0,9,9,0,11,2.5,2.5,3,8,0,6,-1.0,-1.0,3,3,0,10,-3.25,-3.25,9,1,0,2.5,2.5,3.75
json::json_site_y_spread__cntvaluein_dqs_lut__all__no_bit__ctrl_4__sites__value_ps,json,json_site_y_spread__cntvaluein_dqs_lut__all__no_bit__ctrl_4__sites__value_ps,json_site_y_spread,cntvaluein_dqs_lut,all,,4,sites,45,18,0.5,0.5,7,9,0,11,-2.0,-2.0,7,3,0,6,-2.5,-2.5,5,1,0,10,2.5,2.5,4,6,0,-2.5,-2.5,3.75
json::json_site_x_spread__calibration_index_lut__all__no_bit__ctrl_none__sites__value_ps,json,json_site_x_spread__calibration_index_lut__all__no_bit__ctrl_none__sites__value_ps,json_site_x_spread,calibration_index_lut,all,,,sites,45,18,0.0,0.0,4,2,0,11,-2.0,-2.0,6,2,0,6,0.0,0.0,1,2,0,10,0.0,0.0,3,2,0,-2.0,-2.0,3.0
json::json_site_x_spread__cntvaluein_data_lut__all__no_bit__ctrl_2__sites__value_ps,json,json_site_x_spread__cntvaluein_data_lut__all__no_bit__ctrl_2__sites__value_ps,json_site_x_spread,cntvaluein_data_lut,all,,2,sites,45,18,2.0,2.0,3,14,0,11,0.0,0.0,4,5,0,6,0.0,0.0,2,2,0,10,0.5,0.5,4,5,0,-2.0,-2.0,3.0
json::json_site_y_median__cntvaluein_data_lut__all__no_bit__ctrl_0__sites__value_ps,json,json_site_y_median__cntvaluein_data_lut__all__no_bit__ctrl_0__sites__value_ps,json_site_y_median,cntvaluein_data_lut,all,,0,sites,45,18,-7.0,-7.0,12,5,0,11,-5.0,-5.0,7,3,0,6,-16.0,-16.0,4,2,0,10,-20.5,-20.5,8,1,0,2.0,2.0,3.0
json::json_site_y_median__cntvaluein_dqs_lut__all__no_bit__ctrl_2__sites__value_ps,json,json_site_y_median__cntvaluein_dqs_lut__all__no_bit__ctrl_2__sites__value_ps,json_site_y_median,cntvaluein_dqs_lut,all,,2,sites,45,18,-4.0,-4.0,11,7,0,11,-2.0,-2.0,6,5,0,6,-7.5,-7.5,3,3,0,10,-6.0,-6.0,7,3,0,2.0,2.0,3.0
json::json_site_y_spread__cntvaluein_data_lut__all__no_bit__ctrl_1__sites__value_ps,json,json_site_y_spread__cntvaluein_data_lut__all__no_bit__ctrl_1__sites__value_ps,json_site_y_spread,cntvaluein_data_lut,all,,1,sites,45,18,0.0,0.0,7,8,0,11,2.0,2.0,1,6,0,6,-1.0,-1.0,4,2,0,10,0.5,0.5,1,5,0,2.0,2.0,3.0
json::json_site_y_spread__cntvaluein_data_lut__all__no_bit__ctrl_2__sites__value_ps,json,json_site_y_spread__cntvaluein_data_lut__all__no_bit__ctrl_2__sites__value_ps,json_site_y_spread,cntvaluein_data_lut,all,,2,sites,45,18,1.0,1.0,4,11,0,11,-1.0,-1.0,6,3,0,6,2.0,2.0,2,4,0,10,0.0,0.0,4,4,0,-2.0,-2.0,3.0
json::json_site_y_spread__cntvaluein_data_lut__all__no_bit__ctrl_4__sites__value_ps,json,json_site_y_spread__cntvaluein_data_lut__all__no_bit__ctrl_4__sites__value_ps,json_site_y_spread,cntvaluein_data_lut,all,,4,sites,45,18,0.0,0.0,5,8,0,11,2.0,2.0,3,7,0,6,1.0,1.0,2,3,0,10,0.0,0.0,4,4,0,2.0,2.0,3.0
sdf::direct_max__idelay_data_cntvaluein__lane0__dq1__ctrl_3__endpoint__value_ps,sdf,direct_max__idelay_data_cntvaluein__lane0__dq1__ctrl_3__endpoint__value_ps,direct_max,idelay_data_cntvaluein,lane0,dq1,3,endpoint,43,18,229.5,229.5,7,11,0,10,231.5,231.5,3,7,0,6,57.0,57.0,3,3,0,9,43.0,43.0,4,5,0,2.0,2.0,3.0
skew::abs_dqs_minus_dq_bit__idelay_cntvaluein_skew__lane1__dq14__ctrl_0__dqs_vs_dq_bit__value_ps,skew,abs_dqs_minus_dq_bit__idelay_cntvaluein_skew__lane1__dq14__ctrl_0__dqs_vs_dq_bit__value_ps,abs_dqs_minus_dq_bit,idelay_cntvaluein_skew,lane1,dq14,0,dqs_vs_dq_bit,43,18,-74.0,-74.0,11,7,0,10,-76.0,-76.0,7,3,0,6,-92.0,-92.0,4,2,0,9,75.0,75.0,3,6,0,-2.0,-2.0,3.0
skew::abs_dqs_bus_skew_minus_dq_median__idelay_cntvaluein_skew__lane0__dqs0__ctrl_none__dqs_vs_dq_bus_skew__value_ps,skew,abs_dqs_bus_skew_minus_dq_median__idelay_cntvaluein_skew__lane0__dqs0__ctrl_none__dqs_vs_dq_bus_skew__value_ps,abs_dqs_bus_skew_minus_dq_median,idelay_cntvaluein_skew,lane0,dqs0,,dqs_vs_dq_bus_skew,43,18,-68.5,-68.5,10,8,0,10,-66.75,-66.75,8,2,0,6,267.75,267.75,1,5,0,9,269.5,269.5,3,6,0,1.75,1.75,2.625
json::json_site_y_spread__cntvaluein_data_lut__all__no_bit__ctrl_3__sites__value_ps,json,json_site_y_spread__cntvaluein_data_lut__all__no_bit__ctrl_3__sites__value_ps,json_site_y_spread,cntvaluein_data_lut,all,,3,sites,45,18,11.5,11.5,1,17,0,11,13.0,13.0,1,9,0,6,27.0,27.0,0,6,0,10,30.0,30.0,0,10,0,1.5,1.5,2.25
skew::abs_dqs_minus_dq_bit__idelay_cntvaluein_skew__lane0__dq0__ctrl_0__dqs_vs_dq_bit__value_ps,skew,abs_dqs_minus_dq_bit__idelay_cntvaluein_skew__lane0__dq0__ctrl_0__dqs_vs_dq_bit__value_ps,abs_dqs_minus_dq_bit,idelay_cntvaluein_skew,lane0,dq0,0,dqs_vs_dq_bit,43,18,-84.0,-84.0,11,7,0,10,-82.5,-82.5,7,3,0,6,-36.0,-36.0,3,3,0,9,166.0,166.0,4,5,0,1.5,1.5,2.25
json::json_manhattan_median__cal_index_to_cntvaluein_data__all__no_bit__ctrl_none__pair__value_ps,json,json_manhattan_median__cal_index_to_cntvaluein_data__all__no_bit__ctrl_none__pair__value_ps,json_manhattan_median,cal_index_to_cntvaluein_data,all,,,pair,45,18,-3.25,-3.25,11,7,0,11,-2.0,-2.0,6,5,0,6,-14.0,-14.0,5,1,0,10,-8.5,-8.5,8,2,0,1.25,1.25,1.875
json::json_site_y_median__cntvaluein_dqs_lut__all__no_bit__ctrl_4__sites__value_ps,json,json_site_y_median__cntvaluein_dqs_lut__all__no_bit__ctrl_4__sites__value_ps,json_site_y_median,cntvaluein_dqs_lut,all,,4,sites,45,18,-4.25,-4.25,11,7,0,11,-3.0,-3.0,7,4,0,6,-8.75,-8.75,3,3,0,10,-6.0,-6.0,7,3,0,1.25,1.25,1.875
json::json_site_x_spread__cntvaluein_data_lut__all__no_bit__ctrl_3__sites__value_ps,json,json_site_x_spread__cntvaluein_data_lut__all__no_bit__ctrl_3__sites__value_ps,json_site_x_spread,cntvaluein_data_lut,all,,3,sites,45,18,0.0,0.0,6,1,0,11,-1.0,-1.0,6,0,0,6,-2.0,-2.0,4,1,0,10,-1.5,-1.5,6,1,0,-1.0,-1.0,1.5
json::json_site_x_spread__cntvaluein_data_lut__all__no_bit__ctrl_4__sites__value_ps,json,json_site_x_spread__cntvaluein_data_lut__all__no_bit__ctrl_4__sites__value_ps,json_site_x_spread,cntvaluein_data_lut,all,,4,sites,45,18,3.0,3.0,2,14,0,11,2.0,2.0,4,6,0,6,0.0,0.0,1,2,0,10,1.5,1.5,2,8,0,-1.0,-1.0,1.5
json::json_site_y_median__calibration_index_lut__all__no_bit__ctrl_none__sites__value_ps,json,json_site_y_median__calibration_index_lut__all__no_bit__ctrl_none__sites__value_ps,json_site_y_median,calibration_index_lut,all,,,sites,45,18,-2.0,-2.0,11,6,0,11,-1.0,-1.0,6,5,0,6,1.0,1.0,2,4,0,10,-6.5,-6.5,8,2,0,1.0,1.0,1.5
json::json_site_y_median__cntvaluein_dqs_lut__all__no_bit__ctrl_0__sites__value_ps,json,json_site_y_median__cntvaluein_dqs_lut__all__no_bit__ctrl_0__sites__value_ps,json_site_y_median,cntvaluein_dqs_lut,all,,0,sites,45,18,-6.0,-6.0,10,8,0,11,-5.0,-5.0,6,4,0,6,-13.5,-13.5,4,1,0,10,-5.5,-5.5,6,3,0,1.0,1.0,1.5
sdf::direct_max__idelay_ld__lane0__dq5__ctrl_none__endpoint__value_ps,sdf,direct_max__idelay_ld__lane0__dq5__ctrl_none__endpoint__value_ps,direct_max,idelay_ld,lane0,dq5,,endpoint,43,18,-247.0,-247.0,15,3,0,10,-246.0,-246.0,7,3,0,6,-216.0,-216.0,6,0,0,9,-273.0,-273.0,6,3,0,1.0,1.0,1.5
skew::abs_dqs_minus_dq_bit__idelay_cntvaluein_skew__lane1__dq9__ctrl_4__dqs_vs_dq_bit__value_ps,skew,abs_dqs_minus_dq_bit__idelay_cntvaluein_skew__lane1__dq9__ctrl_4__dqs_vs_dq_bit__value_ps,abs_dqs_minus_dq_bit,idelay_cntvaluein_skew,lane1,dq9,4,dqs_vs_dq_bit,43,18,-23.5,-23.5,11,7,0,10,-22.5,-22.5,7,3,0,6,172.5,172.5,2,4,0,9,234.0,234.0,2,7,0,1.0,1.0,1.5
json::json_manhattan_median__cntvaluein_data_to_dqs_lut__all__no_bit__ctrl_none__pair__value_ps,json,json_manhattan_median__cntvaluein_data_to_dqs_lut__all__no_bit__ctrl_none__pair__value_ps,json_manhattan_median,cntvaluein_data_to_dqs_lut,all,,,pair,45,18,-0.25,-0.25,9,9,0,11,-1.0,-1.0,7,2,0,6,4.75,4.75,0,6,0,10,3.5,3.5,5,5,0,-0.75,-0.75,1.125
json::json_site_x_spread__cntvaluein_dqs_lut__all__no_bit__ctrl_3__sites__value_ps,json,json_site_x_spread__cntvaluein_dqs_lut__all__no_bit__ctrl_3__sites__value_ps,json_site_x_spread,cntvaluein_dqs_lut,all,,3,sites,45,18,-1.5,-1.5,11,4,0,11,-2.0,-2.0,6,2,0,6,0.0,0.0,2,1,0,10,-2.0,-2.0,6,1,0,-0.5,-0.5,0.75
json::json_site_y_spread__cntvaluein_dqs_lut__all__no_bit__ctrl_3__sites__value_ps,json,json_site_y_spread__cntvaluein_dqs_lut__all__no_bit__ctrl_3__sites__value_ps,json_site_y_spread,cntvaluein_dqs_lut,all,,3,sites,45,18,7.5,7.5,2,15,0,11,8.0,8.0,2,9,0,6,17.0,17.0,0,6,0,10,7.5,7.5,1,9,0,0.5,0.5,0.75
json::json_cell_count__calibration_index_lut__all__no_bit__ctrl_none__cells__value_ps,json,json_cell_count__calibration_index_lut__all__no_bit__ctrl_none__cells__value_ps,json_cell_count,calibration_index_lut,all,,,cells,45,18,0.0,0.0,0,0,0,11,0.0,0.0,0,0,0,6,0.0,0.0,0,0,0,10,0.0,0.0,0,0,0,0.0,0.0,0.0
json::json_cell_count__cntvaluein_data_lut__all__no_bit__ctrl_0__cells__value_ps,json,json_cell_count__cntvaluein_data_lut__all__no_bit__ctrl_0__cells__value_ps,json_cell_count,cntvaluein_data_lut,all,,0,cells,45,18,0.0,0.0,0,0,0,11,0.0,0.0,0,0,0,6,0.0,0.0,0,0,0,10,0.0,0.0,0,0,0,0.0,0.0,0.0
json::json_cell_count__cntvaluein_data_lut__all__no_bit__ctrl_1__cells__value_ps,json,json_cell_count__cntvaluein_data_lut__all__no_bit__ctrl_1__cells__value_ps,json_cell_count,cntvaluein_data_lut,all,,1,cells,45,18,0.0,0.0,0,0,0,11,0.0,0.0,0,0,0,6,0.0,0.0,0,0,0,10,0.0,0.0,0,0,0,0.0,0.0,0.0
json::json_cell_count__cntvaluein_data_lut__all__no_bit__ctrl_2__cells__value_ps,json,json_cell_count__cntvaluein_data_lut__all__no_bit__ctrl_2__cells__value_ps,json_cell_count,cntvaluein_data_lut,all,,2,cells,45,18,0.0,0.0,0,0,0,11,0.0,0.0,0,0,0,6,0.0,0.0,0,0,0,10,0.0,0.0,0,0,0,0.0,0.0,0.0
json::json_cell_count__cntvaluein_data_lut__all__no_bit__ctrl_3__cells__value_ps,json,json_cell_count__cntvaluein_data_lut__all__no_bit__ctrl_3__cells__value_ps,json_cell_count,cntvaluein_data_lut,all,,3,cells,45,18,0.0,0.0,0,0,0,11,0.0,0.0,0,0,0,6,0.0,0.0,0,0,0,10,0.0,0.0,0,0,0,0.0,0.0,0.0
json::json_cell_count__cntvaluein_data_lut__all__no_bit__ctrl_4__cells__value_ps,json,json_cell_count__cntvaluein_data_lut__all__no_bit__ctrl_4__cells__value_ps,json_cell_count,cntvaluein_data_lut,all,,4,cells,45,18,0.0,0.0,0,0,0,11,0.0,0.0,0,0,0,6,0.0,0.0,0,0,0,10,0.0,0.0,0,0,0,0.0,0.0,0.0
json::json_cell_count__cntvaluein_dqs_lut__all__no_bit__ctrl_0__cells__value_ps,json,json_cell_count__cntvaluein_dqs_lut__all__no_bit__ctrl_0__cells__value_ps,json_cell_count,cntvaluein_dqs_lut,all,,0,cells,45,18,0.0,0.0,0,0,0,11,0.0,0.0,0,0,0,6,0.0,0.0,0,0,0,10,0.0,0.0,0,0,0,0.0,0.0,0.0
json::json_cell_count__cntvaluein_dqs_lut__all__no_bit__ctrl_1__cells__value_ps,json,json_cell_count__cntvaluein_dqs_lut__all__no_bit__ctrl_1__cells__value_ps,json_cell_count,cntvaluein_dqs_lut,all,,1,cells,45,18,0.0,0.0,0,0,0,11,0.0,0.0,0,0,0,6,0.0,0.0,0,0,0,10,0.0,0.0,0,0,0,0.0,0.0,0.0
json::json_cell_count__cntvaluein_dqs_lut__all__no_bit__ctrl_2__cells__value_ps,json,json_cell_count__cntvaluein_dqs_lut__all__no_bit__ctrl_2__cells__value_ps,json_cell_count,cntvaluein_dqs_lut,all,,2,cells,45,18,0.0,0.0,0,0,0,11,0.0,0.0,0,0,0,6,0.0,0.0,0,0,0,10,0.0,0.0,0,0,0,0.0,0.0,0.0
json::json_cell_count__cntvaluein_dqs_lut__all__no_bit__ctrl_3__cells__value_ps,json,json_cell_count__cntvaluein_dqs_lut__all__no_bit__ctrl_3__cells__value_ps,json_cell_count,cntvaluein_dqs_lut,all,,3,cells,45,18,0.0,0.0,0,0,0,11,0.0,0.0,0,0,0,6,0.0,0.0,0,0,0,10,0.0,0.0,0,0,0,0.0,0.0,0.0
json::json_cell_count__cntvaluein_dqs_lut__all__no_bit__ctrl_4__cells__value_ps,json,json_cell_count__cntvaluein_dqs_lut__all__no_bit__ctrl_4__cells__value_ps,json_cell_count,cntvaluein_dqs_lut,all,,4,cells,45,18,0.0,0.0,0,0,0,11,0.0,0.0,0,0,0,6,0.0,0.0,0,0,0,10,0.0,0.0,0,0,0,0.0,0.0,0.0
json::json_cell_count__cntvaluein_dqs_lut__all__no_bit__ctrl_none__cells__value_ps,json,json_cell_count__cntvaluein_dqs_lut__all__no_bit__ctrl_none__cells__value_ps,json_cell_count,cntvaluein_dqs_lut,all,,,cells,45,18,0.0,0.0,0,0,0,11,0.0,0.0,0,0,0,6,0.0,0.0,0,0,0,10,0.0,0.0,0,0,0,0.0,0.0,0.0
json::json_cell_count__idelay_data__lane0__dq0__ctrl_none__cells__value_ps,json,json_cell_count__idelay_data__lane0__dq0__ctrl_none__cells__value_ps,json_cell_count,idelay_data,lane0,dq0,,cells,45,18,0.0,0.0,0,0,0,11,0.0,0.0,0,0,0,6,0.0,0.0,0,0,0,10,0.0,0.0,0,0,0,0.0,0.0,0.0
json::json_cell_count__idelay_data__lane0__dq1__ctrl_none__cells__value_ps,json,json_cell_count__idelay_data__lane0__dq1__ctrl_none__cells__value_ps,json_cell_count,idelay_data,lane0,dq1,,cells,45,18,0.0,0.0,0,0,0,11,0.0,0.0,0,0,0,6,0.0,0.0,0,0,0,10,0.0,0.0,0,0,0,0.0,0.0,0.0
json::json_cell_count__idelay_data__lane0__dq2__ctrl_none__cells__value_ps,json,json_cell_count__idelay_data__lane0__dq2__ctrl_none__cells__value_ps,json_cell_count,idelay_data,lane0,dq2,,cells,45,18,0.0,0.0,0,0,0,11,0.0,0.0,0,0,0,6,0.0,0.0,0,0,0,10,0.0,0.0,0,0,0,0.0,0.0,0.0
json::json_cell_count__idelay_data__lane0__dq3__ctrl_none__cells__value_ps,json,json_cell_count__idelay_data__lane0__dq3__ctrl_none__cells__value_ps,json_cell_count,idelay_data,lane0,dq3,,cells,45,18,0.0,0.0,0,0,0,11,0.0,0.0,0,0,0,6,0.0,0.0,0,0,0,10,0.0,0.0,0,0,0,0.0,0.0,0.0
json::json_cell_count__idelay_data__lane0__dq4__ctrl_none__cells__value_ps,json,json_cell_count__idelay_data__lane0__dq4__ctrl_none__cells__value_ps,json_cell_count,idelay_data,lane0,dq4,,cells,45,18,0.0,0.0,0,0,0,11,0.0,0.0,0,0,0,6,0.0,0.0,0,0,0,10,0.0,0.0,0,0,0,0.0,0.0,0.0
json::json_cell_count__idelay_data__lane0__dq5__ctrl_none__cells__value_ps,json,json_cell_count__idelay_data__lane0__dq5__ctrl_none__cells__value_ps,json_cell_count,idelay_data,lane0,dq5,,cells,45,18,0.0,0.0,0,0,0,11,0.0,0.0,0,0,0,6,0.0,0.0,0,0,0,10,0.0,0.0,0,0,0,0.0,0.0,0.0
json::json_cell_count__idelay_data__lane0__dq6__ctrl_none__cells__value_ps,json,json_cell_count__idelay_data__lane0__dq6__ctrl_none__cells__value_ps,json_cell_count,idelay_data,lane0,dq6,,cells,45,18,0.0,0.0,0,0,0,11,0.0,0.0,0,0,0,6,0.0,0.0,0,0,0,10,0.0,0.0,0,0,0,0.0,0.0,0.0
json::json_cell_count__idelay_data__lane0__dq7__ctrl_none__cells__value_ps,json,json_cell_count__idelay_data__lane0__dq7__ctrl_none__cells__value_ps,json_cell_count,idelay_data,lane0,dq7,,cells,45,18,0.0,0.0,0,0,0,11,0.0,0.0,0,0,0,6,0.0,0.0,0,0,0,10,0.0,0.0,0,0,0,0.0,0.0,0.0
json::json_cell_count__idelay_data__lane1__dq10__ctrl_none__cells__value_ps,json,json_cell_count__idelay_data__lane1__dq10__ctrl_none__cells__value_ps,json_cell_count,idelay_data,lane1,dq10,,cells,45,18,0.0,0.0,0,0,0,11,0.0,0.0,0,0,0,6,0.0,0.0,0,0,0,10,0.0,0.0,0,0,0,0.0,0.0,0.0
json::json_cell_count__idelay_data__lane1__dq11__ctrl_none__cells__value_ps,json,json_cell_count__idelay_data__lane1__dq11__ctrl_none__cells__value_ps,json_cell_count,idelay_data,lane1,dq11,,cells,45,18,0.0,0.0,0,0,0,11,0.0,0.0,0,0,0,6,0.0,0.0,0,0,0,10,0.0,0.0,0,0,0,0.0,0.0,0.0
json::json_cell_count__idelay_data__lane1__dq12__ctrl_none__cells__value_ps,json,json_cell_count__idelay_data__lane1__dq12__ctrl_none__cells__value_ps,json_cell_count,idelay_data,lane1,dq12,,cells,45,18,0.0,0.0,0,0,0,11,0.0,0.0,0,0,0,6,0.0,0.0,0,0,0,10,0.0,0.0,0,0,0,0.0,0.0,0.0
json::json_cell_count__idelay_data__lane1__dq13__ctrl_none__cells__value_ps,json,json_cell_count__idelay_data__lane1__dq13__ctrl_none__cells__value_ps,json_cell_count,idelay_data,lane1,dq13,,cells,45,18,0.0,0.0,0,0,0,11,0.0,0.0,0,0,0,6,0.0,0.0,0,0,0,10,0.0,0.0,0,0,0,0.0,0.0,0.0
json::json_cell_count__idelay_data__lane1__dq14__ctrl_none__cells__value_ps,json,json_cell_count__idelay_data__lane1__dq14__ctrl_none__cells__value_ps,json_cell_count,idelay_data,lane1,dq14,,cells,45,18,0.0,0.0,0,0,0,11,0.0,0.0,0,0,0,6,0.0,0.0,0,0,0,10,0.0,0.0,0,0,0,0.0,0.0,0.0
json::json_cell_count__idelay_data__lane1__dq15__ctrl_none__cells__value_ps,json,json_cell_count__idelay_data__lane1__dq15__ctrl_none__cells__value_ps,json_cell_count,idelay_data,lane1,dq15,,cells,45,18,0.0,0.0,0,0,0,11,0.0,0.0,0,0,0,6,0.0,0.0,0,0,0,10,0.0,0.0,0,0,0,0.0,0.0,0.0
json::json_cell_count__idelay_data__lane1__dq8__ctrl_none__cells__value_ps,json,json_cell_count__idelay_data__lane1__dq8__ctrl_none__cells__value_ps,json_cell_count,idelay_data,lane1,dq8,,cells,45,18,0.0,0.0,0,0,0,11,0.0,0.0,0,0,0,6,0.0,0.0,0,0,0,10,0.0,0.0,0,0,0,0.0,0.0,0.0
json::json_cell_count__idelay_data__lane1__dq9__ctrl_none__cells__value_ps,json,json_cell_count__idelay_data__lane1__dq9__ctrl_none__cells__value_ps,json_cell_count,idelay_data,lane1,dq9,,cells,45,18,0.0,0.0,0,0,0,11,0.0,0.0,0,0,0,6,0.0,0.0,0,0,0,10,0.0,0.0,0,0,0,0.0,0.0,0.0
json::json_cell_count__idelay_dqs__lane0__dqs0__ctrl_none__cells__value_ps,json,json_cell_count__idelay_dqs__lane0__dqs0__ctrl_none__cells__value_ps,json_cell_count,idelay_dqs,lane0,dqs0,,cells,45,18,0.0,0.0,0,0,0,11,0.0,0.0,0,0,0,6,0.0,0.0,0,0,0,10,0.0,0.0,0,0,0,0.0,0.0,0.0
json::json_cell_count__idelay_dqs__lane1__dqs1__ctrl_none__cells__value_ps,json,json_cell_count__idelay_dqs__lane1__dqs1__ctrl_none__cells__value_ps,json_cell_count,idelay_dqs,lane1,dqs1,,cells,45,18,0.0,0.0,0,0,0,11,0.0,0.0,0,0,0,6,0.0,0.0,0,0,0,10,0.0,0.0,0,0,0,0.0,0.0,0.0
json::json_cell_count__idelayctrl__all__no_bit__ctrl_none__cells__value_ps,json,json_cell_count__idelayctrl__all__no_bit__ctrl_none__cells__value_ps,json_cell_count,idelayctrl,all,,,cells,45,18,0.0,0.0,0,0,0,11,0.0,0.0,0,0,0,6,0.0,0.0,0,0,0,10,0.0,0.0,0,0,0,0.0,0.0,0.0
json::json_cell_count__iserdes_data__lane0__dq0__ctrl_none__cells__value_ps,json,json_cell_count__iserdes_data__lane0__dq0__ctrl_none__cells__value_ps,json_cell_count,iserdes_data,lane0,dq0,,cells,45,18,0.0,0.0,0,0,0,11,0.0,0.0,0,0,0,6,0.0,0.0,0,0,0,10,0.0,0.0,0,0,0,0.0,0.0,0.0
json::json_cell_count__iserdes_data__lane0__dq1__ctrl_none__cells__value_ps,json,json_cell_count__iserdes_data__lane0__dq1__ctrl_none__cells__value_ps,json_cell_count,iserdes_data,lane0,dq1,,cells,45,18,0.0,0.0,0,0,0,11,0.0,0.0,0,0,0,6,0.0,0.0,0,0,0,10,0.0,0.0,0,0,0,0.0,0.0,0.0
json::json_cell_count__iserdes_data__lane0__dq2__ctrl_none__cells__value_ps,json,json_cell_count__iserdes_data__lane0__dq2__ctrl_none__cells__value_ps,json_cell_count,iserdes_data,lane0,dq2,,cells,45,18,0.0,0.0,0,0,0,11,0.0,0.0,0,0,0,6,0.0,0.0,0,0,0,10,0.0,0.0,0,0,0,0.0,0.0,0.0
json::json_cell_count__iserdes_data__lane0__dq3__ctrl_none__cells__value_ps,json,json_cell_count__iserdes_data__lane0__dq3__ctrl_none__cells__value_ps,json_cell_count,iserdes_data,lane0,dq3,,cells,45,18,0.0,0.0,0,0,0,11,0.0,0.0,0,0,0,6,0.0,0.0,0,0,0,10,0.0,0.0,0,0,0,0.0,0.0,0.0
json::json_cell_count__iserdes_data__lane0__dq4__ctrl_none__cells__value_ps,json,json_cell_count__iserdes_data__lane0__dq4__ctrl_none__cells__value_ps,json_cell_count,iserdes_data,lane0,dq4,,cells,45,18,0.0,0.0,0,0,0,11,0.0,0.0,0,0,0,6,0.0,0.0,0,0,0,10,0.0,0.0,0,0,0,0.0,0.0,0.0
json::json_cell_count__iserdes_data__lane0__dq5__ctrl_none__cells__value_ps,json,json_cell_count__iserdes_data__lane0__dq5__ctrl_none__cells__value_ps,json_cell_count,iserdes_data,lane0,dq5,,cells,45,18,0.0,0.0,0,0,0,11,0.0,0.0,0,0,0,6,0.0,0.0,0,0,0,10,0.0,0.0,0,0,0,0.0,0.0,0.0
json::json_cell_count__iserdes_data__lane0__dq6__ctrl_none__cells__value_ps,json,json_cell_count__iserdes_data__lane0__dq6__ctrl_none__cells__value_ps,json_cell_count,iserdes_data,lane0,dq6,,cells,45,18,0.0,0.0,0,0,0,11,0.0,0.0,0,0,0,6,0.0,0.0,0,0,0,10,0.0,0.0,0,0,0,0.0,0.0,0.0
json::json_cell_count__iserdes_data__lane0__dq7__ctrl_none__cells__value_ps,json,json_cell_count__iserdes_data__lane0__dq7__ctrl_none__cells__value_ps,json_cell_count,iserdes_data,lane0,dq7,,cells,45,18,0.0,0.0,0,0,0,11,0.0,0.0,0,0,0,6,0.0,0.0,0,0,0,10,0.0,0.0,0,0,0,0.0,0.0,0.0
json::json_cell_count__iserdes_data__lane1__dq10__ctrl_none__cells__value_ps,json,json_cell_count__iserdes_data__lane1__dq10__ctrl_none__cells__value_ps,json_cell_count,iserdes_data,lane1,dq10,,cells,45,18,0.0,0.0,0,0,0,11,0.0,0.0,0,0,0,6,0.0,0.0,0,0,0,10,0.0,0.0,0,0,0,0.0,0.0,0.0
json::json_cell_count__iserdes_data__lane1__dq11__ctrl_none__cells__value_ps,json,json_cell_count__iserdes_data__lane1__dq11__ctrl_none__cells__value_ps,json_cell_count,iserdes_data,lane1,dq11,,cells,45,18,0.0,0.0,0,0,0,11,0.0,0.0,0,0,0,6,0.0,0.0,0,0,0,10,0.0,0.0,0,0,0,0.0,0.0,0.0
json::json_cell_count__iserdes_data__lane1__dq12__ctrl_none__cells__value_ps,json,json_cell_count__iserdes_data__lane1__dq12__ctrl_none__cells__value_ps,json_cell_count,iserdes_data,lane1,dq12,,cells,45,18,0.0,0.0,0,0,0,11,0.0,0.0,0,0,0,6,0.0,0.0,0,0,0,10,0.0,0.0,0,0,0,0.0,0.0,0.0
json::json_cell_count__iserdes_data__lane1__dq13__ctrl_none__cells__value_ps,json,json_cell_count__iserdes_data__lane1__dq13__ctrl_none__cells__value_ps,json_cell_count,iserdes_data,lane1,dq13,,cells,45,18,0.0,0.0,0,0,0,11,0.0,0.0,0,0,0,6,0.0,0.0,0,0,0,10,0.0,0.0,0,0,0,0.0,0.0,0.0
json::json_cell_count__iserdes_data__lane1__dq14__ctrl_none__cells__value_ps,json,json_cell_count__iserdes_data__lane1__dq14__ctrl_none__cells__value_ps,json_cell_count,iserdes_data,lane1,dq14,,cells,45,18,0.0,0.0,0,0,0,11,0.0,0.0,0,0,0,6,0.0,0.0,0,0,0,10,0.0,0.0,0,0,0,0.0,0.0,0.0
json::json_cell_count__iserdes_data__lane1__dq15__ctrl_none__cells__value_ps,json,json_cell_count__iserdes_data__lane1__dq15__ctrl_none__cells__value_ps,json_cell_count,iserdes_data,lane1,dq15,,cells,45,18,0.0,0.0,0,0,0,11,0.0,0.0,0,0,0,6,0.0,0.0,0,0,0,10,0.0,0.0,0,0,0,0.0,0.0,0.0
json::json_cell_count__iserdes_data__lane1__dq8__ctrl_none__cells__value_ps,json,json_cell_count__iserdes_data__lane1__dq8__ctrl_none__cells__value_ps,json_cell_count,iserdes_data,lane1,dq8,,cells,45,18,0.0,0.0,0,0,0,11,0.0,0.0,0,0,0,6,0.0,0.0,0,0,0,10,0.0,0.0,0,0,0,0.0,0.0,0.0
json::json_cell_count__iserdes_data__lane1__dq9__ctrl_none__cells__value_ps,json,json_cell_count__iserdes_data__lane1__dq9__ctrl_none__cells__value_ps,json_cell_count,iserdes_data,lane1,dq9,,cells,45,18,0.0,0.0,0,0,0,11,0.0,0.0,0,0,0,6,0.0,0.0,0,0,0,10,0.0,0.0,0,0,0,0.0,0.0,0.0
json::json_cell_count__iserdes_dqs__lane0__dqs0__ctrl_none__cells__value_ps,json,json_cell_count__iserdes_dqs__lane0__dqs0__ctrl_none__cells__value_ps,json_cell_count,iserdes_dqs,lane0,dqs0,,cells,45,18,0.0,0.0,0,0,0,11,0.0,0.0,0,0,0,6,0.0,0.0,0,0,0,10,0.0,0.0,0,0,0,0.0,0.0,0.0
json::json_cell_count__iserdes_dqs__lane1__dqs1__ctrl_none__cells__value_ps,json,json_cell_count__iserdes_dqs__lane1__dqs1__ctrl_none__cells__value_ps,json_cell_count,iserdes_dqs,lane1,dqs1,,cells,45,18,0.0,0.0,0,0,0,11,0.0,0.0,0,0,0,6,0.0,0.0,0,0,0,10,0.0,0.0,0,0,0,0.0,0.0,0.0
json::json_cell_count__oserdes_data__lane0__dq0__ctrl_none__cells__value_ps,json,json_cell_count__oserdes_data__lane0__dq0__ctrl_none__cells__value_ps,json_cell_count,oserdes_data,lane0,dq0,,cells,45,18,0.0,0.0,0,0,0,11,0.0,0.0,0,0,0,6,0.0,0.0,0,0,0,10,0.0,0.0,0,0,0,0.0,0.0,0.0
json::json_cell_count__oserdes_data__lane0__dq1__ctrl_none__cells__value_ps,json,json_cell_count__oserdes_data__lane0__dq1__ctrl_none__cells__value_ps,json_cell_count,oserdes_data,lane0,dq1,,cells,45,18,0.0,0.0,0,0,0,11,0.0,0.0,0,0,0,6,0.0,0.0,0,0,0,10,0.0,0.0,0,0,0,0.0,0.0,0.0
json::json_cell_count__oserdes_data__lane0__dq2__ctrl_none__cells__value_ps,json,json_cell_count__oserdes_data__lane0__dq2__ctrl_none__cells__value_ps,json_cell_count,oserdes_data,lane0,dq2,,cells,45,18,0.0,0.0,0,0,0,11,0.0,0.0,0,0,0,6,0.0,0.0,0,0,0,10,0.0,0.0,0,0,0,0.0,0.0,0.0
json::json_cell_count__oserdes_data__lane0__dq3__ctrl_none__cells__value_ps,json,json_cell_count__oserdes_data__lane0__dq3__ctrl_none__cells__value_ps,json_cell_count,oserdes_data,lane0,dq3,,cells,45,18,0.0,0.0,0,0,0,11,0.0,0.0,0,0,0,6,0.0,0.0,0,0,0,10,0.0,0.0,0,0,0,0.0,0.0,0.0
json::json_cell_count__oserdes_data__lane0__dq4__ctrl_none__cells__value_ps,json,json_cell_count__oserdes_data__lane0__dq4__ctrl_none__cells__value_ps,json_cell_count,oserdes_data,lane0,dq4,,cells,45,18,0.0,0.0,0,0,0,11,0.0,0.0,0,0,0,6,0.0,0.0,0,0,0,10,0.0,0.0,0,0,0,0.0,0.0,0.0
json::json_cell_count__oserdes_data__lane0__dq5__ctrl_none__cells__value_ps,json,json_cell_count__oserdes_data__lane0__dq5__ctrl_none__cells__value_ps,json_cell_count,oserdes_data,lane0,dq5,,cells,45,18,0.0,0.0,0,0,0,11,0.0,0.0,0,0,0,6,0.0,0.0,0,0,0,10,0.0,0.0,0,0,0,0.0,0.0,0.0
json::json_cell_count__oserdes_data__lane0__dq6__ctrl_none__cells__value_ps,json,json_cell_count__oserdes_data__lane0__dq6__ctrl_none__cells__value_ps,json_cell_count,oserdes_data,lane0,dq6,,cells,45,18,0.0,0.0,0,0,0,11,0.0,0.0,0,0,0,6,0.0,0.0,0,0,0,10,0.0,0.0,0,0,0,0.0,0.0,0.0
json::json_cell_count__oserdes_data__lane0__dq7__ctrl_none__cells__value_ps,json,json_cell_count__oserdes_data__lane0__dq7__ctrl_none__cells__value_ps,json_cell_count,oserdes_data,lane0,dq7,,cells,45,18,0.0,0.0,0,0,0,11,0.0,0.0,0,0,0,6,0.0,0.0,0,0,0,10,0.0,0.0,0,0,0,0.0,0.0,0.0
json::json_cell_count__oserdes_data__lane1__dq10__ctrl_none__cells__value_ps,json,json_cell_count__oserdes_data__lane1__dq10__ctrl_none__cells__value_ps,json_cell_count,oserdes_data,lane1,dq10,,cells,45,18,0.0,0.0,0,0,0,11,0.0,0.0,0,0,0,6,0.0,0.0,0,0,0,10,0.0,0.0,0,0,0,0.0,0.0,0.0
json::json_cell_count__oserdes_data__lane1__dq11__ctrl_none__cells__value_ps,json,json_cell_count__oserdes_data__lane1__dq11__ctrl_none__cells__value_ps,json_cell_count,oserdes_data,lane1,dq11,,cells,45,18,0.0,0.0,0,0,0,11,0.0,0.0,0,0,0,6,0.0,0.0,0,0,0,10,0.0,0.0,0,0,0,0.0,0.0,0.0
json::json_cell_count__oserdes_data__lane1__dq12__ctrl_none__cells__value_ps,json,json_cell_count__oserdes_data__lane1__dq12__ctrl_none__cells__value_ps,json_cell_count,oserdes_data,lane1,dq12,,cells,45,18,0.0,0.0,0,0,0,11,0.0,0.0,0,0,0,6,0.0,0.0,0,0,0,10,0.0,0.0,0,0,0,0.0,0.0,0.0
json::json_cell_count__oserdes_data__lane1__dq13__ctrl_none__cells__value_ps,json,json_cell_count__oserdes_data__lane1__dq13__ctrl_none__cells__value_ps,json_cell_count,oserdes_data,lane1,dq13,,cells,45,18,0.0,0.0,0,0,0,11,0.0,0.0,0,0,0,6,0.0,0.0,0,0,0,10,0.0,0.0,0,0,0,0.0,0.0,0.0
json::json_cell_count__oserdes_data__lane1__dq14__ctrl_none__cells__value_ps,json,json_cell_count__oserdes_data__lane1__dq14__ctrl_none__cells__value_ps,json_cell_count,oserdes_data,lane1,dq14,,cells,45,18,0.0,0.0,0,0,0,11,0.0,0.0,0,0,0,6,0.0,0.0,0,0,0,10,0.0,0.0,0,0,0,0.0,0.0,0.0
json::json_cell_count__oserdes_data__lane1__dq15__ctrl_none__cells__value_ps,json,json_cell_count__oserdes_data__lane1__dq15__ctrl_none__cells__value_ps,json_cell_count,oserdes_data,lane1,dq15,,cells,45,18,0.0,0.0,0,0,0,11,0.0,0.0,0,0,0,6,0.0,0.0,0,0,0,10,0.0,0.0,0,0,0,0.0,0.0,0.0
json::json_cell_count__oserdes_data__lane1__dq8__ctrl_none__cells__value_ps,json,json_cell_count__oserdes_data__lane1__dq8__ctrl_none__cells__value_ps,json_cell_count,oserdes_data,lane1,dq8,,cells,45,18,0.0,0.0,0,0,0,11,0.0,0.0,0,0,0,6,0.0,0.0,0,0,0,10,0.0,0.0,0,0,0,0.0,0.0,0.0
json::json_cell_count__oserdes_data__lane1__dq9__ctrl_none__cells__value_ps,json,json_cell_count__oserdes_data__lane1__dq9__ctrl_none__cells__value_ps,json_cell_count,oserdes_data,lane1,dq9,,cells,45,18,0.0,0.0,0,0,0,11,0.0,0.0,0,0,0,6,0.0,0.0,0,0,0,10,0.0,0.0,0,0,0,0.0,0.0,0.0
json::json_cell_count__oserdes_dqs__lane0__dqs0__ctrl_none__cells__value_ps,json,json_cell_count__oserdes_dqs__lane0__dqs0__ctrl_none__cells__value_ps,json_cell_count,oserdes_dqs,lane0,dqs0,,cells,45,18,0.0,0.0,0,0,0,11,0.0,0.0,0,0,0,6,0.0,0.0,0,0,0,10,0.0,0.0,0,0,0,0.0,0.0,0.0
json::json_cell_count__oserdes_dqs__lane1__dqs1__ctrl_none__cells__value_ps,json,json_cell_count__oserdes_dqs__lane1__dqs1__ctrl_none__cells__value_ps,json_cell_count,oserdes_dqs,lane1,dqs1,,cells,45,18,0.0,0.0,0,0,0,11,0.0,0.0,0,0,0,6,0.0,0.0,0,0,0,10,0.0,0.0,0,0,0,0.0,0.0,0.0
json::json_cell_count__reset_release_lut__all__no_bit__ctrl_none__cells__value_ps,json,json_cell_count__reset_release_lut__all__no_bit__ctrl_none__cells__value_ps,json_cell_count,reset_release_lut,all,,,cells,45,18,0.0,0.0,0,0,0,11,0.0,0.0,0,0,0,6,0.0,0.0,0,0,0,10,0.0,0.0,0,0,0,0.0,0.0,0.0
json::json_lane_centroid_manhattan__idelay_data__all__no_bit__ctrl_none__lane1_vs_lane0__value_ps,json,json_lane_centroid_manhattan__idelay_data__all__no_bit__ctrl_none__lane1_vs_lane0__value_ps,json_lane_centroid_manhattan,idelay_data,all,,,lane1_vs_lane0,45,18,0.0,0.0,0,0,0,11,0.0,0.0,0,0,0,6,0.0,0.0,0,0,0,10,0.0,0.0,0,0,0,0.0,0.0,0.0
json::json_lane_centroid_manhattan__iserdes_data__all__no_bit__ctrl_none__lane1_vs_lane0__value_ps,json,json_lane_centroid_manhattan__iserdes_data__all__no_bit__ctrl_none__lane1_vs_lane0__value_ps,json_lane_centroid_manhattan,iserdes_data,all,,,lane1_vs_lane0,45,18,0.0,0.0,0,0,0,11,0.0,0.0,0,0,0,6,0.0,0.0,0,0,0,10,0.0,0.0,0,0,0,0.0,0.0,0.0
json::json_lane_centroid_manhattan__oserdes_data__all__no_bit__ctrl_none__lane1_vs_lane0__value_ps,json,json_lane_centroid_manhattan__oserdes_data__all__no_bit__ctrl_none__lane1_vs_lane0__value_ps,json_lane_centroid_manhattan,oserdes_data,all,,,lane1_vs_lane0,45,18,0.0,0.0,0,0,0,11,0.0,0.0,0,0,0,6,0.0,0.0,0,0,0,10,0.0,0.0,0,0,0,0.0,0.0,0.0
json::json_lane_centroid_y_delta__idelay_data__all__no_bit__ctrl_none__lane1_minus_lane0__value_ps,json,json_lane_centroid_y_delta__idelay_data__all__no_bit__ctrl_none__lane1_minus_lane0__value_ps,json_lane_centroid_y_delta,idelay_data,all,,,lane1_minus_lane0,45,18,0.0,0.0,0,0,0,11,0.0,0.0,0,0,0,6,0.0,0.0,0,0,0,10,0.0,0.0,0,0,0,0.0,0.0,0.0
json::json_lane_centroid_y_delta__iserdes_data__all__no_bit__ctrl_none__lane1_minus_lane0__value_ps,json,json_lane_centroid_y_delta__iserdes_data__all__no_bit__ctrl_none__lane1_minus_lane0__value_ps,json_lane_centroid_y_delta,iserdes_data,all,,,lane1_minus_lane0,45,18,0.0,0.0,0,0,0,11,0.0,0.0,0,0,0,6,0.0,0.0,0,0,0,10,0.0,0.0,0,0,0,0.0,0.0,0.0
json::json_lane_centroid_y_delta__oserdes_data__all__no_bit__ctrl_none__lane1_minus_lane0__value_ps,json,json_lane_centroid_y_delta__oserdes_data__all__no_bit__ctrl_none__lane1_minus_lane0__value_ps,json_lane_centroid_y_delta,oserdes_data,all,,,lane1_minus_lane0,45,18,0.0,0.0,0,0,0,11,0.0,0.0,0,0,0,6,0.0,0.0,0,0,0,10,0.0,0.0,0,0,0,0.0,0.0,0.0
json::json_site_x_spread__cntvaluein_data_lut__all__no_bit__ctrl_0__sites__value_ps,json,json_site_x_spread__cntvaluein_data_lut__all__no_bit__ctrl_0__sites__value_ps,json_site_x_spread,cntvaluein_data_lut,all,,0,sites,45,18,0.0,0.0,0,0,0,11,0.0,0.0,0,0,0,6,0.0,0.0,0,0,0,10,0.0,0.0,0,0,0,0.0,0.0,0.0
json::json_site_x_spread__cntvaluein_data_lut__all__no_bit__ctrl_1__sites__value_ps,json,json_site_x_spread__cntvaluein_data_lut__all__no_bit__ctrl_1__sites__value_ps,json_site_x_spread,cntvaluein_data_lut,all,,1,sites,45,18,3.0,3.0,4,13,0,11,3.0,3.0,1,7,0,6,1.0,1.0,1,3,0,10,0.5,0.5,3,5,0,0.0,0.0,0.0
json::json_site_x_spread__cntvaluein_dqs_lut__all__no_bit__ctrl_0__sites__value_ps,json,json_site_x_spread__cntvaluein_dqs_lut__all__no_bit__ctrl_0__sites__value_ps,json_site_x_spread,cntvaluein_dqs_lut,all,,0,sites,45,18,0.0,0.0,0,0,0,11,0.0,0.0,0,0,0,6,0.0,0.0,0,0,0,10,0.0,0.0,0,0,0,0.0,0.0,0.0
json::json_site_x_spread__cntvaluein_dqs_lut__all__no_bit__ctrl_1__sites__value_ps,json,json_site_x_spread__cntvaluein_dqs_lut__all__no_bit__ctrl_1__sites__value_ps,json_site_x_spread,cntvaluein_dqs_lut,all,,1,sites,45,18,0.0,0.0,8,7,0,11,0.0,0.0,4,3,0,6,0.5,0.5,1,3,0,10,1.0,1.0,2,6,0,0.0,0.0,0.0
json::json_site_x_spread__cntvaluein_dqs_lut__all__no_bit__ctrl_2__sites__value_ps,json,json_site_x_spread__cntvaluein_dqs_lut__all__no_bit__ctrl_2__sites__value_ps,json_site_x_spread,cntvaluein_dqs_lut,all,,2,sites,45,18,0.0,0.0,8,6,0,11,0.0,0.0,4,3,0,6,2.0,2.0,2,4,0,10,0.0,0.0,4,3,0,0.0,0.0,0.0
json::json_site_x_spread__cntvaluein_dqs_lut__all__no_bit__ctrl_4__sites__value_ps,json,json_site_x_spread__cntvaluein_dqs_lut__all__no_bit__ctrl_4__sites__value_ps,json_site_x_spread,cntvaluein_dqs_lut,all,,4,sites,45,18,0.0,0.0,5,7,0,11,0.0,0.0,5,2,0,6,1.0,1.0,1,4,0,10,0.0,0.0,3,4,0,0.0,0.0,0.0
json::json_site_x_spread__cntvaluein_dqs_lut__all__no_bit__ctrl_none__sites__value_ps,json,json_site_x_spread__cntvaluein_dqs_lut__all__no_bit__ctrl_none__sites__value_ps,json_site_x_spread,cntvaluein_dqs_lut,all,,,sites,45,18,0.0,0.0,0,0,0,11,0.0,0.0,0,0,0,6,0.0,0.0,0,0,0,10,0.0,0.0,0,0,0,0.0,0.0,0.0
json::json_site_x_spread__idelay_data__lane0__dq0__ctrl_none__sites__value_ps,json,json_site_x_spread__idelay_data__lane0__dq0__ctrl_none__sites__value_ps,json_site_x_spread,idelay_data,lane0,dq0,,sites,45,18,0.0,0.0,0,0,0,11,0.0,0.0,0,0,0,6,0.0,0.0,0,0,0,10,0.0,0.0,0,0,0,0.0,0.0,0.0
json::json_site_x_spread__idelay_data__lane0__dq1__ctrl_none__sites__value_ps,json,json_site_x_spread__idelay_data__lane0__dq1__ctrl_none__sites__value_ps,json_site_x_spread,idelay_data,lane0,dq1,,sites,45,18,0.0,0.0,0,0,0,11,0.0,0.0,0,0,0,6,0.0,0.0,0,0,0,10,0.0,0.0,0,0,0,0.0,0.0,0.0
json::json_site_x_spread__idelay_data__lane0__dq2__ctrl_none__sites__value_ps,json,json_site_x_spread__idelay_data__lane0__dq2__ctrl_none__sites__value_ps,json_site_x_spread,idelay_data,lane0,dq2,,sites,45,18,0.0,0.0,0,0,0,11,0.0,0.0,0,0,0,6,0.0,0.0,0,0,0,10,0.0,0.0,0,0,0,0.0,0.0,0.0
json::json_site_x_spread__idelay_data__lane0__dq3__ctrl_none__sites__value_ps,json,json_site_x_spread__idelay_data__lane0__dq3__ctrl_none__sites__value_ps,json_site_x_spread,idelay_data,lane0,dq3,,sites,45,18,0.0,0.0,0,0,0,11,0.0,0.0,0,0,0,6,0.0,0.0,0,0,0,10,0.0,0.0,0,0,0,0.0,0.0,0.0
json::json_site_x_spread__idelay_data__lane0__dq4__ctrl_none__sites__value_ps,json,json_site_x_spread__idelay_data__lane0__dq4__ctrl_none__sites__value_ps,json_site_x_spread,idelay_data,lane0,dq4,,sites,45,18,0.0,0.0,0,0,0,11,0.0,0.0,0,0,0,6,0.0,0.0,0,0,0,10,0.0,0.0,0,0,0,0.0,0.0,0.0
json::json_site_x_spread__idelay_data__lane0__dq5__ctrl_none__sites__value_ps,json,json_site_x_spread__idelay_data__lane0__dq5__ctrl_none__sites__value_ps,json_site_x_spread,idelay_data,lane0,dq5,,sites,45,18,0.0,0.0,0,0,0,11,0.0,0.0,0,0,0,6,0.0,0.0,0,0,0,10,0.0,0.0,0,0,0,0.0,0.0,0.0
json::json_site_x_spread__idelay_data__lane0__dq6__ctrl_none__sites__value_ps,json,json_site_x_spread__idelay_data__lane0__dq6__ctrl_none__sites__value_ps,json_site_x_spread,idelay_data,lane0,dq6,,sites,45,18,0.0,0.0,0,0,0,11,0.0,0.0,0,0,0,6,0.0,0.0,0,0,0,10,0.0,0.0,0,0,0,0.0,0.0,0.0
json::json_site_x_spread__idelay_data__lane0__dq7__ctrl_none__sites__value_ps,json,json_site_x_spread__idelay_data__lane0__dq7__ctrl_none__sites__value_ps,json_site_x_spread,idelay_data,lane0,dq7,,sites,45,18,0.0,0.0,0,0,0,11,0.0,0.0,0,0,0,6,0.0,0.0,0,0,0,10,0.0,0.0,0,0,0,0.0,0.0,0.0
json::json_site_x_spread__idelay_data__lane1__dq10__ctrl_none__sites__value_ps,json,json_site_x_spread__idelay_data__lane1__dq10__ctrl_none__sites__value_ps,json_site_x_spread,idelay_data,lane1,dq10,,sites,45,18,0.0,0.0,0,0,0,11,0.0,0.0,0,0,0,6,0.0,0.0,0,0,0,10,0.0,0.0,0,0,0,0.0,0.0,0.0
json::json_site_x_spread__idelay_data__lane1__dq11__ctrl_none__sites__value_ps,json,json_site_x_spread__idelay_data__lane1__dq11__ctrl_none__sites__value_ps,json_site_x_spread,idelay_data,lane1,dq11,,sites,45,18,0.0,0.0,0,0,0,11,0.0,0.0,0,0,0,6,0.0,0.0,0,0,0,10,0.0,0.0,0,0,0,0.0,0.0,0.0
json::json_site_x_spread__idelay_data__lane1__dq12__ctrl_none__sites__value_ps,json,json_site_x_spread__idelay_data__lane1__dq12__ctrl_none__sites__value_ps,json_site_x_spread,idelay_data,lane1,dq12,,sites,45,18,0.0,0.0,0,0,0,11,0.0,0.0,0,0,0,6,0.0,0.0,0,0,0,10,0.0,0.0,0,0,0,0.0,0.0,0.0
json::json_site_x_spread__idelay_data__lane1__dq13__ctrl_none__sites__value_ps,json,json_site_x_spread__idelay_data__lane1__dq13__ctrl_none__sites__value_ps,json_site_x_spread,idelay_data,lane1,dq13,,sites,45,18,0.0,0.0,0,0,0,11,0.0,0.0,0,0,0,6,0.0,0.0,0,0,0,10,0.0,0.0,0,0,0,0.0,0.0,0.0
json::json_site_x_spread__idelay_data__lane1__dq14__ctrl_none__sites__value_ps,json,json_site_x_spread__idelay_data__lane1__dq14__ctrl_none__sites__value_ps,json_site_x_spread,idelay_data,lane1,dq14,,sites,45,18,0.0,0.0,0,0,0,11,0.0,0.0,0,0,0,6,0.0,0.0,0,0,0,10,0.0,0.0,0,0,0,0.0,0.0,0.0
json::json_site_x_spread__idelay_data__lane1__dq15__ctrl_none__sites__value_ps,json,json_site_x_spread__idelay_data__lane1__dq15__ctrl_none__sites__value_ps,json_site_x_spread,idelay_data,lane1,dq15,,sites,45,18,0.0,0.0,0,0,0,11,0.0,0.0,0,0,0,6,0.0,0.0,0,0,0,10,0.0,0.0,0,0,0,0.0,0.0,0.0
json::json_site_x_spread__idelay_data__lane1__dq8__ctrl_none__sites__value_ps,json,json_site_x_spread__idelay_data__lane1__dq8__ctrl_none__sites__value_ps,json_site_x_spread,idelay_data,lane1,dq8,,sites,45,18,0.0,0.0,0,0,0,11,0.0,0.0,0,0,0,6,0.0,0.0,0,0,0,10,0.0,0.0,0,0,0,0.0,0.0,0.0
json::json_site_x_spread__idelay_data__lane1__dq9__ctrl_none__sites__value_ps,json,json_site_x_spread__idelay_data__lane1__dq9__ctrl_none__sites__value_ps,json_site_x_spread,idelay_data,lane1,dq9,,sites,45,18,0.0,0.0,0,0,0,11,0.0,0.0,0,0,0,6,0.0,0.0,0,0,0,10,0.0,0.0,0,0,0,0.0,0.0,0.0
json::json_site_x_spread__idelay_dqs__lane0__dqs0__ctrl_none__sites__value_ps,json,json_site_x_spread__idelay_dqs__lane0__dqs0__ctrl_none__sites__value_ps,json_site_x_spread,idelay_dqs,lane0,dqs0,,sites,45,18,0.0,0.0,0,0,0,11,0.0,0.0,0,0,0,6,0.0,0.0,0,0,0,10,0.0,0.0,0,0,0,0.0,0.0,0.0
json::json_site_x_spread__idelay_dqs__lane1__dqs1__ctrl_none__sites__value_ps,json,json_site_x_spread__idelay_dqs__lane1__dqs1__ctrl_none__sites__value_ps,json_site_x_spread,idelay_dqs,lane1,dqs1,,sites,45,18,0.0,0.0,0,0,0,11,0.0,0.0,0,0,0,6,0.0,0.0,0,0,0,10,0.0,0.0,0,0,0,0.0,0.0,0.0
json::json_site_x_spread__idelayctrl__all__no_bit__ctrl_none__sites__value_ps,json,json_site_x_spread__idelayctrl__all__no_bit__ctrl_none__sites__value_ps,json_site_x_spread,idelayctrl,all,,,sites,45,18,0.0,0.0,0,0,0,11,0.0,0.0,0,0,0,6,0.0,0.0,0,0,0,10,0.0,0.0,0,0,0,0.0,0.0,0.0
json::json_site_x_spread__iserdes_data__lane0__dq0__ctrl_none__sites__value_ps,json,json_site_x_spread__iserdes_data__lane0__dq0__ctrl_none__sites__value_ps,json_site_x_spread,iserdes_data,lane0,dq0,,sites,45,18,0.0,0.0,0,0,0,11,0.0,0.0,0,0,0,6,0.0,0.0,0,0,0,10,0.0,0.0,0,0,0,0.0,0.0,0.0
json::json_site_x_spread__iserdes_data__lane0__dq1__ctrl_none__sites__value_ps,json,json_site_x_spread__iserdes_data__lane0__dq1__ctrl_none__sites__value_ps,json_site_x_spread,iserdes_data,lane0,dq1,,sites,45,18,0.0,0.0,0,0,0,11,0.0,0.0,0,0,0,6,0.0,0.0,0,0,0,10,0.0,0.0,0,0,0,0.0,0.0,0.0
json::json_site_x_spread__iserdes_data__lane0__dq2__ctrl_none__sites__value_ps,json,json_site_x_spread__iserdes_data__lane0__dq2__ctrl_none__sites__value_ps,json_site_x_spread,iserdes_data,lane0,dq2,,sites,45,18,0.0,0.0,0,0,0,11,0.0,0.0,0,0,0,6,0.0,0.0,0,0,0,10,0.0,0.0,0,0,0,0.0,0.0,0.0
json::json_site_x_spread__iserdes_data__lane0__dq3__ctrl_none__sites__value_ps,json,json_site_x_spread__iserdes_data__lane0__dq3__ctrl_none__sites__value_ps,json_site_x_spread,iserdes_data,lane0,dq3,,sites,45,18,0.0,0.0,0,0,0,11,0.0,0.0,0,0,0,6,0.0,0.0,0,0,0,10,0.0,0.0,0,0,0,0.0,0.0,0.0
json::json_site_x_spread__iserdes_data__lane0__dq4__ctrl_none__sites__value_ps,json,json_site_x_spread__iserdes_data__lane0__dq4__ctrl_none__sites__value_ps,json_site_x_spread,iserdes_data,lane0,dq4,,sites,45,18,0.0,0.0,0,0,0,11,0.0,0.0,0,0,0,6,0.0,0.0,0,0,0,10,0.0,0.0,0,0,0,0.0,0.0,0.0
json::json_site_x_spread__iserdes_data__lane0__dq5__ctrl_none__sites__value_ps,json,json_site_x_spread__iserdes_data__lane0__dq5__ctrl_none__sites__value_ps,json_site_x_spread,iserdes_data,lane0,dq5,,sites,45,18,0.0,0.0,0,0,0,11,0.0,0.0,0,0,0,6,0.0,0.0,0,0,0,10,0.0,0.0,0,0,0,0.0,0.0,0.0
json::json_site_x_spread__iserdes_data__lane0__dq6__ctrl_none__sites__value_ps,json,json_site_x_spread__iserdes_data__lane0__dq6__ctrl_none__sites__value_ps,json_site_x_spread,iserdes_data,lane0,dq6,,sites,45,18,0.0,0.0,0,0,0,11,0.0,0.0,0,0,0,6,0.0,0.0,0,0,0,10,0.0,0.0,0,0,0,0.0,0.0,0.0
json::json_site_x_spread__iserdes_data__lane0__dq7__ctrl_none__sites__value_ps,json,json_site_x_spread__iserdes_data__lane0__dq7__ctrl_none__sites__value_ps,json_site_x_spread,iserdes_data,lane0,dq7,,sites,45,18,0.0,0.0,0,0,0,11,0.0,0.0,0,0,0,6,0.0,0.0,0,0,0,10,0.0,0.0,0,0,0,0.0,0.0,0.0
json::json_site_x_spread__iserdes_data__lane1__dq10__ctrl_none__sites__value_ps,json,json_site_x_spread__iserdes_data__lane1__dq10__ctrl_none__sites__value_ps,json_site_x_spread,iserdes_data,lane1,dq10,,sites,45,18,0.0,0.0,0,0,0,11,0.0,0.0,0,0,0,6,0.0,0.0,0,0,0,10,0.0,0.0,0,0,0,0.0,0.0,0.0
json::json_site_x_spread__iserdes_data__lane1__dq11__ctrl_none__sites__value_ps,json,json_site_x_spread__iserdes_data__lane1__dq11__ctrl_none__sites__value_ps,json_site_x_spread,iserdes_data,lane1,dq11,,sites,45,18,0.0,0.0,0,0,0,11,0.0,0.0,0,0,0,6,0.0,0.0,0,0,0,10,0.0,0.0,0,0,0,0.0,0.0,0.0
json::json_site_x_spread__iserdes_data__lane1__dq12__ctrl_none__sites__value_ps,json,json_site_x_spread__iserdes_data__lane1__dq12__ctrl_none__sites__value_ps,json_site_x_spread,iserdes_data,lane1,dq12,,sites,45,18,0.0,0.0,0,0,0,11,0.0,0.0,0,0,0,6,0.0,0.0,0,0,0,10,0.0,0.0,0,0,0,0.0,0.0,0.0
json::json_site_x_spread__iserdes_data__lane1__dq13__ctrl_none__sites__value_ps,json,json_site_x_spread__iserdes_data__lane1__dq13__ctrl_none__sites__value_ps,json_site_x_spread,iserdes_data,lane1,dq13,,sites,45,18,0.0,0.0,0,0,0,11,0.0,0.0,0,0,0,6,0.0,0.0,0,0,0,10,0.0,0.0,0,0,0,0.0,0.0,0.0
json::json_site_x_spread__iserdes_data__lane1__dq14__ctrl_none__sites__value_ps,json,json_site_x_spread__iserdes_data__lane1__dq14__ctrl_none__sites__value_ps,json_site_x_spread,iserdes_data,lane1,dq14,,sites,45,18,0.0,0.0,0,0,0,11,0.0,0.0,0,0,0,6,0.0,0.0,0,0,0,10,0.0,0.0,0,0,0,0.0,0.0,0.0
json::json_site_x_spread__iserdes_data__lane1__dq15__ctrl_none__sites__value_ps,json,json_site_x_spread__iserdes_data__lane1__dq15__ctrl_none__sites__value_ps,json_site_x_spread,iserdes_data,lane1,dq15,,sites,45,18,0.0,0.0,0,0,0,11,0.0,0.0,0,0,0,6,0.0,0.0,0,0,0,10,0.0,0.0,0,0,0,0.0,0.0,0.0
json::json_site_x_spread__iserdes_data__lane1__dq8__ctrl_none__sites__value_ps,json,json_site_x_spread__iserdes_data__lane1__dq8__ctrl_none__sites__value_ps,json_site_x_spread,iserdes_data,lane1,dq8,,sites,45,18,0.0,0.0,0,0,0,11,0.0,0.0,0,0,0,6,0.0,0.0,0,0,0,10,0.0,0.0,0,0,0,0.0,0.0,0.0
json::json_site_x_spread__iserdes_data__lane1__dq9__ctrl_none__sites__value_ps,json,json_site_x_spread__iserdes_data__lane1__dq9__ctrl_none__sites__value_ps,json_site_x_spread,iserdes_data,lane1,dq9,,sites,45,18,0.0,0.0,0,0,0,11,0.0,0.0,0,0,0,6,0.0,0.0,0,0,0,10,0.0,0.0,0,0,0,0.0,0.0,0.0
json::json_site_x_spread__iserdes_dqs__lane0__dqs0__ctrl_none__sites__value_ps,json,json_site_x_spread__iserdes_dqs__lane0__dqs0__ctrl_none__sites__value_ps,json_site_x_spread,iserdes_dqs,lane0,dqs0,,sites,45,18,0.0,0.0,0,0,0,11,0.0,0.0,0,0,0,6,0.0,0.0,0,0,0,10,0.0,0.0,0,0,0,0.0,0.0,0.0
json::json_site_x_spread__iserdes_dqs__lane1__dqs1__ctrl_none__sites__value_ps,json,json_site_x_spread__iserdes_dqs__lane1__dqs1__ctrl_none__sites__value_ps,json_site_x_spread,iserdes_dqs,lane1,dqs1,,sites,45,18,0.0,0.0,0,0,0,11,0.0,0.0,0,0,0,6,0.0,0.0,0,0,0,10,0.0,0.0,0,0,0,0.0,0.0,0.0
json::json_site_x_spread__oserdes_data__lane0__dq0__ctrl_none__sites__value_ps,json,json_site_x_spread__oserdes_data__lane0__dq0__ctrl_none__sites__value_ps,json_site_x_spread,oserdes_data,lane0,dq0,,sites,45,18,0.0,0.0,0,0,0,11,0.0,0.0,0,0,0,6,0.0,0.0,0,0,0,10,0.0,0.0,0,0,0,0.0,0.0,0.0
json::json_site_x_spread__oserdes_data__lane0__dq1__ctrl_none__sites__value_ps,json,json_site_x_spread__oserdes_data__lane0__dq1__ctrl_none__sites__value_ps,json_site_x_spread,oserdes_data,lane0,dq1,,sites,45,18,0.0,0.0,0,0,0,11,0.0,0.0,0,0,0,6,0.0,0.0,0,0,0,10,0.0,0.0,0,0,0,0.0,0.0,0.0
json::json_site_x_spread__oserdes_data__lane0__dq2__ctrl_none__sites__value_ps,json,json_site_x_spread__oserdes_data__lane0__dq2__ctrl_none__sites__value_ps,json_site_x_spread,oserdes_data,lane0,dq2,,sites,45,18,0.0,0.0,0,0,0,11,0.0,0.0,0,0,0,6,0.0,0.0,0,0,0,10,0.0,0.0,0,0,0,0.0,0.0,0.0
json::json_site_x_spread__oserdes_data__lane0__dq3__ctrl_none__sites__value_ps,json,json_site_x_spread__oserdes_data__lane0__dq3__ctrl_none__sites__value_ps,json_site_x_spread,oserdes_data,lane0,dq3,,sites,45,18,0.0,0.0,0,0,0,11,0.0,0.0,0,0,0,6,0.0,0.0,0,0,0,10,0.0,0.0,0,0,0,0.0,0.0,0.0
json::json_site_x_spread__oserdes_data__lane0__dq4__ctrl_none__sites__value_ps,json,json_site_x_spread__oserdes_data__lane0__dq4__ctrl_none__sites__value_ps,json_site_x_spread,oserdes_data,lane0,dq4,,sites,45,18,0.0,0.0,0,0,0,11,0.0,0.0,0,0,0,6,0.0,0.0,0,0,0,10,0.0,0.0,0,0,0,0.0,0.0,0.0
json::json_site_x_spread__oserdes_data__lane0__dq5__ctrl_none__sites__value_ps,json,json_site_x_spread__oserdes_data__lane0__dq5__ctrl_none__sites__value_ps,json_site_x_spread,oserdes_data,lane0,dq5,,sites,45,18,0.0,0.0,0,0,0,11,0.0,0.0,0,0,0,6,0.0,0.0,0,0,0,10,0.0,0.0,0,0,0,0.0,0.0,0.0
json::json_site_x_spread__oserdes_data__lane0__dq6__ctrl_none__sites__value_ps,json,json_site_x_spread__oserdes_data__lane0__dq6__ctrl_none__sites__value_ps,json_site_x_spread,oserdes_data,lane0,dq6,,sites,45,18,0.0,0.0,0,0,0,11,0.0,0.0,0,0,0,6,0.0,0.0,0,0,0,10,0.0,0.0,0,0,0,0.0,0.0,0.0
json::json_site_x_spread__oserdes_data__lane0__dq7__ctrl_none__sites__value_ps,json,json_site_x_spread__oserdes_data__lane0__dq7__ctrl_none__sites__value_ps,json_site_x_spread,oserdes_data,lane0,dq7,,sites,45,18,0.0,0.0,0,0,0,11,0.0,0.0,0,0,0,6,0.0,0.0,0,0,0,10,0.0,0.0,0,0,0,0.0,0.0,0.0
json::json_site_x_spread__oserdes_data__lane1__dq10__ctrl_none__sites__value_ps,json,json_site_x_spread__oserdes_data__lane1__dq10__ctrl_none__sites__value_ps,json_site_x_spread,oserdes_data,lane1,dq10,,sites,45,18,0.0,0.0,0,0,0,11,0.0,0.0,0,0,0,6,0.0,0.0,0,0,0,10,0.0,0.0,0,0,0,0.0,0.0,0.0
json::json_site_x_spread__oserdes_data__lane1__dq11__ctrl_none__sites__value_ps,json,json_site_x_spread__oserdes_data__lane1__dq11__ctrl_none__sites__value_ps,json_site_x_spread,oserdes_data,lane1,dq11,,sites,45,18,0.0,0.0,0,0,0,11,0.0,0.0,0,0,0,6,0.0,0.0,0,0,0,10,0.0,0.0,0,0,0,0.0,0.0,0.0
json::json_site_x_spread__oserdes_data__lane1__dq12__ctrl_none__sites__value_ps,json,json_site_x_spread__oserdes_data__lane1__dq12__ctrl_none__sites__value_ps,json_site_x_spread,oserdes_data,lane1,dq12,,sites,45,18,0.0,0.0,0,0,0,11,0.0,0.0,0,0,0,6,0.0,0.0,0,0,0,10,0.0,0.0,0,0,0,0.0,0.0,0.0
json::json_site_x_spread__oserdes_data__lane1__dq13__ctrl_none__sites__value_ps,json,json_site_x_spread__oserdes_data__lane1__dq13__ctrl_none__sites__value_ps,json_site_x_spread,oserdes_data,lane1,dq13,,sites,45,18,0.0,0.0,0,0,0,11,0.0,0.0,0,0,0,6,0.0,0.0,0,0,0,10,0.0,0.0,0,0,0,0.0,0.0,0.0
json::json_site_x_spread__oserdes_data__lane1__dq14__ctrl_none__sites__value_ps,json,json_site_x_spread__oserdes_data__lane1__dq14__ctrl_none__sites__value_ps,json_site_x_spread,oserdes_data,lane1,dq14,,sites,45,18,0.0,0.0,0,0,0,11,0.0,0.0,0,0,0,6,0.0,0.0,0,0,0,10,0.0,0.0,0,0,0,0.0,0.0,0.0
json::json_site_x_spread__oserdes_data__lane1__dq15__ctrl_none__sites__value_ps,json,json_site_x_spread__oserdes_data__lane1__dq15__ctrl_none__sites__value_ps,json_site_x_spread,oserdes_data,lane1,dq15,,sites,45,18,0.0,0.0,0,0,0,11,0.0,0.0,0,0,0,6,0.0,0.0,0,0,0,10,0.0,0.0,0,0,0,0.0,0.0,0.0
json::json_site_x_spread__oserdes_data__lane1__dq8__ctrl_none__sites__value_ps,json,json_site_x_spread__oserdes_data__lane1__dq8__ctrl_none__sites__value_ps,json_site_x_spread,oserdes_data,lane1,dq8,,sites,45,18,0.0,0.0,0,0,0,11,0.0,0.0,0,0,0,6,0.0,0.0,0,0,0,10,0.0,0.0,0,0,0,0.0,0.0,0.0
json::json_site_x_spread__oserdes_data__lane1__dq9__ctrl_none__sites__value_ps,json,json_site_x_spread__oserdes_data__lane1__dq9__ctrl_none__sites__value_ps,json_site_x_spread,oserdes_data,lane1,dq9,,sites,45,18,0.0,0.0,0,0,0,11,0.0,0.0,0,0,0,6,0.0,0.0,0,0,0,10,0.0,0.0,0,0,0,0.0,0.0,0.0
json::json_site_x_spread__oserdes_dqs__lane0__dqs0__ctrl_none__sites__value_ps,json,json_site_x_spread__oserdes_dqs__lane0__dqs0__ctrl_none__sites__value_ps,json_site_x_spread,oserdes_dqs,lane0,dqs0,,sites,45,18,0.0,0.0,0,0,0,11,0.0,0.0,0,0,0,6,0.0,0.0,0,0,0,10,0.0,0.0,0,0,0,0.0,0.0,0.0
json::json_site_x_spread__oserdes_dqs__lane1__dqs1__ctrl_none__sites__value_ps,json,json_site_x_spread__oserdes_dqs__lane1__dqs1__ctrl_none__sites__value_ps,json_site_x_spread,oserdes_dqs,lane1,dqs1,,sites,45,18,0.0,0.0,0,0,0,11,0.0,0.0,0,0,0,6,0.0,0.0,0,0,0,10,0.0,0.0,0,0,0,0.0,0.0,0.0
json::json_site_x_spread__reset_release_lut__all__no_bit__ctrl_none__sites__value_ps,json,json_site_x_spread__reset_release_lut__all__no_bit__ctrl_none__sites__value_ps,json_site_x_spread,reset_release_lut,all,,,sites,45,18,0.0,0.0,0,0,0,11,0.0,0.0,0,0,0,6,0.0,0.0,0,0,0,10,0.0,0.0,0,0,0,0.0,0.0,0.0
json::json_site_y_median__idelay_data__lane0__dq0__ctrl_none__sites__value_ps,json,json_site_y_median__idelay_data__lane0__dq0__ctrl_none__sites__value_ps,json_site_y_median,idelay_data,lane0,dq0,,sites,45,18,0.0,0.0,0,0,0,11,0.0,0.0,0,0,0,6,0.0,0.0,0,0,0,10,0.0,0.0,0,0,0,0.0,0.0,0.0
json::json_site_y_median__idelay_data__lane0__dq1__ctrl_none__sites__value_ps,json,json_site_y_median__idelay_data__lane0__dq1__ctrl_none__sites__value_ps,json_site_y_median,idelay_data,lane0,dq1,,sites,45,18,0.0,0.0,0,0,0,11,0.0,0.0,0,0,0,6,0.0,0.0,0,0,0,10,0.0,0.0,0,0,0,0.0,0.0,0.0
json::json_site_y_median__idelay_data__lane0__dq2__ctrl_none__sites__value_ps,json,json_site_y_median__idelay_data__lane0__dq2__ctrl_none__sites__value_ps,json_site_y_median,idelay_data,lane0,dq2,,sites,45,18,0.0,0.0,0,0,0,11,0.0,0.0,0,0,0,6,0.0,0.0,0,0,0,10,0.0,0.0,0,0,0,0.0,0.0,0.0
json::json_site_y_median__idelay_data__lane0__dq3__ctrl_none__sites__value_ps,json,json_site_y_median__idelay_data__lane0__dq3__ctrl_none__sites__value_ps,json_site_y_median,idelay_data,lane0,dq3,,sites,45,18,0.0,0.0,0,0,0,11,0.0,0.0,0,0,0,6,0.0,0.0,0,0,0,10,0.0,0.0,0,0,0,0.0,0.0,0.0
json::json_site_y_median__idelay_data__lane0__dq4__ctrl_none__sites__value_ps,json,json_site_y_median__idelay_data__lane0__dq4__ctrl_none__sites__value_ps,json_site_y_median,idelay_data,lane0,dq4,,sites,45,18,0.0,0.0,0,0,0,11,0.0,0.0,0,0,0,6,0.0,0.0,0,0,0,10,0.0,0.0,0,0,0,0.0,0.0,0.0
json::json_site_y_median__idelay_data__lane0__dq5__ctrl_none__sites__value_ps,json,json_site_y_median__idelay_data__lane0__dq5__ctrl_none__sites__value_ps,json_site_y_median,idelay_data,lane0,dq5,,sites,45,18,0.0,0.0,0,0,0,11,0.0,0.0,0,0,0,6,0.0,0.0,0,0,0,10,0.0,0.0,0,0,0,0.0,0.0,0.0
json::json_site_y_median__idelay_data__lane0__dq6__ctrl_none__sites__value_ps,json,json_site_y_median__idelay_data__lane0__dq6__ctrl_none__sites__value_ps,json_site_y_median,idelay_data,lane0,dq6,,sites,45,18,0.0,0.0,0,0,0,11,0.0,0.0,0,0,0,6,0.0,0.0,0,0,0,10,0.0,0.0,0,0,0,0.0,0.0,0.0
json::json_site_y_median__idelay_data__lane0__dq7__ctrl_none__sites__value_ps,json,json_site_y_median__idelay_data__lane0__dq7__ctrl_none__sites__value_ps,json_site_y_median,idelay_data,lane0,dq7,,sites,45,18,0.0,0.0,0,0,0,11,0.0,0.0,0,0,0,6,0.0,0.0,0,0,0,10,0.0,0.0,0,0,0,0.0,0.0,0.0
json::json_site_y_median__idelay_data__lane1__dq10__ctrl_none__sites__value_ps,json,json_site_y_median__idelay_data__lane1__dq10__ctrl_none__sites__value_ps,json_site_y_median,idelay_data,lane1,dq10,,sites,45,18,0.0,0.0,0,0,0,11,0.0,0.0,0,0,0,6,0.0,0.0,0,0,0,10,0.0,0.0,0,0,0,0.0,0.0,0.0
json::json_site_y_median__idelay_data__lane1__dq11__ctrl_none__sites__value_ps,json,json_site_y_median__idelay_data__lane1__dq11__ctrl_none__sites__value_ps,json_site_y_median,idelay_data,lane1,dq11,,sites,45,18,0.0,0.0,0,0,0,11,0.0,0.0,0,0,0,6,0.0,0.0,0,0,0,10,0.0,0.0,0,0,0,0.0,0.0,0.0
json::json_site_y_median__idelay_data__lane1__dq12__ctrl_none__sites__value_ps,json,json_site_y_median__idelay_data__lane1__dq12__ctrl_none__sites__value_ps,json_site_y_median,idelay_data,lane1,dq12,,sites,45,18,0.0,0.0,0,0,0,11,0.0,0.0,0,0,0,6,0.0,0.0,0,0,0,10,0.0,0.0,0,0,0,0.0,0.0,0.0
json::json_site_y_median__idelay_data__lane1__dq13__ctrl_none__sites__value_ps,json,json_site_y_median__idelay_data__lane1__dq13__ctrl_none__sites__value_ps,json_site_y_median,idelay_data,lane1,dq13,,sites,45,18,0.0,0.0,0,0,0,11,0.0,0.0,0,0,0,6,0.0,0.0,0,0,0,10,0.0,0.0,0,0,0,0.0,0.0,0.0
json::json_site_y_median__idelay_data__lane1__dq14__ctrl_none__sites__value_ps,json,json_site_y_median__idelay_data__lane1__dq14__ctrl_none__sites__value_ps,json_site_y_median,idelay_data,lane1,dq14,,sites,45,18,0.0,0.0,0,0,0,11,0.0,0.0,0,0,0,6,0.0,0.0,0,0,0,10,0.0,0.0,0,0,0,0.0,0.0,0.0
json::json_site_y_median__idelay_data__lane1__dq15__ctrl_none__sites__value_ps,json,json_site_y_median__idelay_data__lane1__dq15__ctrl_none__sites__value_ps,json_site_y_median,idelay_data,lane1,dq15,,sites,45,18,0.0,0.0,0,0,0,11,0.0,0.0,0,0,0,6,0.0,0.0,0,0,0,10,0.0,0.0,0,0,0,0.0,0.0,0.0
json::json_site_y_median__idelay_data__lane1__dq8__ctrl_none__sites__value_ps,json,json_site_y_median__idelay_data__lane1__dq8__ctrl_none__sites__value_ps,json_site_y_median,idelay_data,lane1,dq8,,sites,45,18,0.0,0.0,0,0,0,11,0.0,0.0,0,0,0,6,0.0,0.0,0,0,0,10,0.0,0.0,0,0,0,0.0,0.0,0.0
json::json_site_y_median__idelay_data__lane1__dq9__ctrl_none__sites__value_ps,json,json_site_y_median__idelay_data__lane1__dq9__ctrl_none__sites__value_ps,json_site_y_median,idelay_data,lane1,dq9,,sites,45,18,0.0,0.0,0,0,0,11,0.0,0.0,0,0,0,6,0.0,0.0,0,0,0,10,0.0,0.0,0,0,0,0.0,0.0,0.0
json::json_site_y_median__idelay_dqs__lane0__dqs0__ctrl_none__sites__value_ps,json,json_site_y_median__idelay_dqs__lane0__dqs0__ctrl_none__sites__value_ps,json_site_y_median,idelay_dqs,lane0,dqs0,,sites,45,18,0.0,0.0,0,0,0,11,0.0,0.0,0,0,0,6,0.0,0.0,0,0,0,10,0.0,0.0,0,0,0,0.0,0.0,0.0
json::json_site_y_median__idelay_dqs__lane1__dqs1__ctrl_none__sites__value_ps,json,json_site_y_median__idelay_dqs__lane1__dqs1__ctrl_none__sites__value_ps,json_site_y_median,idelay_dqs,lane1,dqs1,,sites,45,18,0.0,0.0,0,0,0,11,0.0,0.0,0,0,0,6,0.0,0.0,0,0,0,10,0.0,0.0,0,0,0,0.0,0.0,0.0
json::json_site_y_median__idelayctrl__all__no_bit__ctrl_none__sites__value_ps,json,json_site_y_median__idelayctrl__all__no_bit__ctrl_none__sites__value_ps,json_site_y_median,idelayctrl,all,,,sites,45,18,0.0,0.0,0,0,0,11,0.0,0.0,0,0,0,6,0.0,0.0,0,0,0,10,0.0,0.0,0,0,0,0.0,0.0,0.0
json::json_site_y_median__iserdes_data__lane0__dq0__ctrl_none__sites__value_ps,json,json_site_y_median__iserdes_data__lane0__dq0__ctrl_none__sites__value_ps,json_site_y_median,iserdes_data,lane0,dq0,,sites,45,18,0.0,0.0,0,0,0,11,0.0,0.0,0,0,0,6,0.0,0.0,0,0,0,10,0.0,0.0,0,0,0,0.0,0.0,0.0
json::json_site_y_median__iserdes_data__lane0__dq1__ctrl_none__sites__value_ps,json,json_site_y_median__iserdes_data__lane0__dq1__ctrl_none__sites__value_ps,json_site_y_median,iserdes_data,lane0,dq1,,sites,45,18,0.0,0.0,0,0,0,11,0.0,0.0,0,0,0,6,0.0,0.0,0,0,0,10,0.0,0.0,0,0,0,0.0,0.0,0.0
json::json_site_y_median__iserdes_data__lane0__dq2__ctrl_none__sites__value_ps,json,json_site_y_median__iserdes_data__lane0__dq2__ctrl_none__sites__value_ps,json_site_y_median,iserdes_data,lane0,dq2,,sites,45,18,0.0,0.0,0,0,0,11,0.0,0.0,0,0,0,6,0.0,0.0,0,0,0,10,0.0,0.0,0,0,0,0.0,0.0,0.0
json::json_site_y_median__iserdes_data__lane0__dq3__ctrl_none__sites__value_ps,json,json_site_y_median__iserdes_data__lane0__dq3__ctrl_none__sites__value_ps,json_site_y_median,iserdes_data,lane0,dq3,,sites,45,18,0.0,0.0,0,0,0,11,0.0,0.0,0,0,0,6,0.0,0.0,0,0,0,10,0.0,0.0,0,0,0,0.0,0.0,0.0
json::json_site_y_median__iserdes_data__lane0__dq4__ctrl_none__sites__value_ps,json,json_site_y_median__iserdes_data__lane0__dq4__ctrl_none__sites__value_ps,json_site_y_median,iserdes_data,lane0,dq4,,sites,45,18,0.0,0.0,0,0,0,11,0.0,0.0,0,0,0,6,0.0,0.0,0,0,0,10,0.0,0.0,0,0,0,0.0,0.0,0.0
json::json_site_y_median__iserdes_data__lane0__dq5__ctrl_none__sites__value_ps,json,json_site_y_median__iserdes_data__lane0__dq5__ctrl_none__sites__value_ps,json_site_y_median,iserdes_data,lane0,dq5,,sites,45,18,0.0,0.0,0,0,0,11,0.0,0.0,0,0,0,6,0.0,0.0,0,0,0,10,0.0,0.0,0,0,0,0.0,0.0,0.0
json::json_site_y_median__iserdes_data__lane0__dq6__ctrl_none__sites__value_ps,json,json_site_y_median__iserdes_data__lane0__dq6__ctrl_none__sites__value_ps,json_site_y_median,iserdes_data,lane0,dq6,,sites,45,18,0.0,0.0,0,0,0,11,0.0,0.0,0,0,0,6,0.0,0.0,0,0,0,10,0.0,0.0,0,0,0,0.0,0.0,0.0
json::json_site_y_median__iserdes_data__lane0__dq7__ctrl_none__sites__value_ps,json,json_site_y_median__iserdes_data__lane0__dq7__ctrl_none__sites__value_ps,json_site_y_median,iserdes_data,lane0,dq7,,sites,45,18,0.0,0.0,0,0,0,11,0.0,0.0,0,0,0,6,0.0,0.0,0,0,0,10,0.0,0.0,0,0,0,0.0,0.0,0.0
json::json_site_y_median__iserdes_data__lane1__dq10__ctrl_none__sites__value_ps,json,json_site_y_median__iserdes_data__lane1__dq10__ctrl_none__sites__value_ps,json_site_y_median,iserdes_data,lane1,dq10,,sites,45,18,0.0,0.0,0,0,0,11,0.0,0.0,0,0,0,6,0.0,0.0,0,0,0,10,0.0,0.0,0,0,0,0.0,0.0,0.0
json::json_site_y_median__iserdes_data__lane1__dq11__ctrl_none__sites__value_ps,json,json_site_y_median__iserdes_data__lane1__dq11__ctrl_none__sites__value_ps,json_site_y_median,iserdes_data,lane1,dq11,,sites,45,18,0.0,0.0,0,0,0,11,0.0,0.0,0,0,0,6,0.0,0.0,0,0,0,10,0.0,0.0,0,0,0,0.0,0.0,0.0
json::json_site_y_median__iserdes_data__lane1__dq12__ctrl_none__sites__value_ps,json,json_site_y_median__iserdes_data__lane1__dq12__ctrl_none__sites__value_ps,json_site_y_median,iserdes_data,lane1,dq12,,sites,45,18,0.0,0.0,0,0,0,11,0.0,0.0,0,0,0,6,0.0,0.0,0,0,0,10,0.0,0.0,0,0,0,0.0,0.0,0.0
json::json_site_y_median__iserdes_data__lane1__dq13__ctrl_none__sites__value_ps,json,json_site_y_median__iserdes_data__lane1__dq13__ctrl_none__sites__value_ps,json_site_y_median,iserdes_data,lane1,dq13,,sites,45,18,0.0,0.0,0,0,0,11,0.0,0.0,0,0,0,6,0.0,0.0,0,0,0,10,0.0,0.0,0,0,0,0.0,0.0,0.0
json::json_site_y_median__iserdes_data__lane1__dq14__ctrl_none__sites__value_ps,json,json_site_y_median__iserdes_data__lane1__dq14__ctrl_none__sites__value_ps,json_site_y_median,iserdes_data,lane1,dq14,,sites,45,18,0.0,0.0,0,0,0,11,0.0,0.0,0,0,0,6,0.0,0.0,0,0,0,10,0.0,0.0,0,0,0,0.0,0.0,0.0
json::json_site_y_median__iserdes_data__lane1__dq15__ctrl_none__sites__value_ps,json,json_site_y_median__iserdes_data__lane1__dq15__ctrl_none__sites__value_ps,json_site_y_median,iserdes_data,lane1,dq15,,sites,45,18,0.0,0.0,0,0,0,11,0.0,0.0,0,0,0,6,0.0,0.0,0,0,0,10,0.0,0.0,0,0,0,0.0,0.0,0.0
json::json_site_y_median__iserdes_data__lane1__dq8__ctrl_none__sites__value_ps,json,json_site_y_median__iserdes_data__lane1__dq8__ctrl_none__sites__value_ps,json_site_y_median,iserdes_data,lane1,dq8,,sites,45,18,0.0,0.0,0,0,0,11,0.0,0.0,0,0,0,6,0.0,0.0,0,0,0,10,0.0,0.0,0,0,0,0.0,0.0,0.0
json::json_site_y_median__iserdes_data__lane1__dq9__ctrl_none__sites__value_ps,json,json_site_y_median__iserdes_data__lane1__dq9__ctrl_none__sites__value_ps,json_site_y_median,iserdes_data,lane1,dq9,,sites,45,18,0.0,0.0,0,0,0,11,0.0,0.0,0,0,0,6,0.0,0.0,0,0,0,10,0.0,0.0,0,0,0,0.0,0.0,0.0
json::json_site_y_median__iserdes_dqs__lane0__dqs0__ctrl_none__sites__value_ps,json,json_site_y_median__iserdes_dqs__lane0__dqs0__ctrl_none__sites__value_ps,json_site_y_median,iserdes_dqs,lane0,dqs0,,sites,45,18,0.0,0.0,0,0,0,11,0.0,0.0,0,0,0,6,0.0,0.0,0,0,0,10,0.0,0.0,0,0,0,0.0,0.0,0.0
json::json_site_y_median__iserdes_dqs__lane1__dqs1__ctrl_none__sites__value_ps,json,json_site_y_median__iserdes_dqs__lane1__dqs1__ctrl_none__sites__value_ps,json_site_y_median,iserdes_dqs,lane1,dqs1,,sites,45,18,0.0,0.0,0,0,0,11,0.0,0.0,0,0,0,6,0.0,0.0,0,0,0,10,0.0,0.0,0,0,0,0.0,0.0,0.0
json::json_site_y_median__oserdes_data__lane0__dq0__ctrl_none__sites__value_ps,json,json_site_y_median__oserdes_data__lane0__dq0__ctrl_none__sites__value_ps,json_site_y_median,oserdes_data,lane0,dq0,,sites,45,18,0.0,0.0,0,0,0,11,0.0,0.0,0,0,0,6,0.0,0.0,0,0,0,10,0.0,0.0,0,0,0,0.0,0.0,0.0
json::json_site_y_median__oserdes_data__lane0__dq1__ctrl_none__sites__value_ps,json,json_site_y_median__oserdes_data__lane0__dq1__ctrl_none__sites__value_ps,json_site_y_median,oserdes_data,lane0,dq1,,sites,45,18,0.0,0.0,0,0,0,11,0.0,0.0,0,0,0,6,0.0,0.0,0,0,0,10,0.0,0.0,0,0,0,0.0,0.0,0.0
json::json_site_y_median__oserdes_data__lane0__dq2__ctrl_none__sites__value_ps,json,json_site_y_median__oserdes_data__lane0__dq2__ctrl_none__sites__value_ps,json_site_y_median,oserdes_data,lane0,dq2,,sites,45,18,0.0,0.0,0,0,0,11,0.0,0.0,0,0,0,6,0.0,0.0,0,0,0,10,0.0,0.0,0,0,0,0.0,0.0,0.0
json::json_site_y_median__oserdes_data__lane0__dq3__ctrl_none__sites__value_ps,json,json_site_y_median__oserdes_data__lane0__dq3__ctrl_none__sites__value_ps,json_site_y_median,oserdes_data,lane0,dq3,,sites,45,18,0.0,0.0,0,0,0,11,0.0,0.0,0,0,0,6,0.0,0.0,0,0,0,10,0.0,0.0,0,0,0,0.0,0.0,0.0
json::json_site_y_median__oserdes_data__lane0__dq4__ctrl_none__sites__value_ps,json,json_site_y_median__oserdes_data__lane0__dq4__ctrl_none__sites__value_ps,json_site_y_median,oserdes_data,lane0,dq4,,sites,45,18,0.0,0.0,0,0,0,11,0.0,0.0,0,0,0,6,0.0,0.0,0,0,0,10,0.0,0.0,0,0,0,0.0,0.0,0.0
json::json_site_y_median__oserdes_data__lane0__dq5__ctrl_none__sites__value_ps,json,json_site_y_median__oserdes_data__lane0__dq5__ctrl_none__sites__value_ps,json_site_y_median,oserdes_data,lane0,dq5,,sites,45,18,0.0,0.0,0,0,0,11,0.0,0.0,0,0,0,6,0.0,0.0,0,0,0,10,0.0,0.0,0,0,0,0.0,0.0,0.0
json::json_site_y_median__oserdes_data__lane0__dq6__ctrl_none__sites__value_ps,json,json_site_y_median__oserdes_data__lane0__dq6__ctrl_none__sites__value_ps,json_site_y_median,oserdes_data,lane0,dq6,,sites,45,18,0.0,0.0,0,0,0,11,0.0,0.0,0,0,0,6,0.0,0.0,0,0,0,10,0.0,0.0,0,0,0,0.0,0.0,0.0
json::json_site_y_median__oserdes_data__lane0__dq7__ctrl_none__sites__value_ps,json,json_site_y_median__oserdes_data__lane0__dq7__ctrl_none__sites__value_ps,json_site_y_median,oserdes_data,lane0,dq7,,sites,45,18,0.0,0.0,0,0,0,11,0.0,0.0,0,0,0,6,0.0,0.0,0,0,0,10,0.0,0.0,0,0,0,0.0,0.0,0.0
json::json_site_y_median__oserdes_data__lane1__dq10__ctrl_none__sites__value_ps,json,json_site_y_median__oserdes_data__lane1__dq10__ctrl_none__sites__value_ps,json_site_y_median,oserdes_data,lane1,dq10,,sites,45,18,0.0,0.0,0,0,0,11,0.0,0.0,0,0,0,6,0.0,0.0,0,0,0,10,0.0,0.0,0,0,0,0.0,0.0,0.0
json::json_site_y_median__oserdes_data__lane1__dq11__ctrl_none__sites__value_ps,json,json_site_y_median__oserdes_data__lane1__dq11__ctrl_none__sites__value_ps,json_site_y_median,oserdes_data,lane1,dq11,,sites,45,18,0.0,0.0,0,0,0,11,0.0,0.0,0,0,0,6,0.0,0.0,0,0,0,10,0.0,0.0,0,0,0,0.0,0.0,0.0
json::json_site_y_median__oserdes_data__lane1__dq12__ctrl_none__sites__value_ps,json,json_site_y_median__oserdes_data__lane1__dq12__ctrl_none__sites__value_ps,json_site_y_median,oserdes_data,lane1,dq12,,sites,45,18,0.0,0.0,0,0,0,11,0.0,0.0,0,0,0,6,0.0,0.0,0,0,0,10,0.0,0.0,0,0,0,0.0,0.0,0.0
json::json_site_y_median__oserdes_data__lane1__dq13__ctrl_none__sites__value_ps,json,json_site_y_median__oserdes_data__lane1__dq13__ctrl_none__sites__value_ps,json_site_y_median,oserdes_data,lane1,dq13,,sites,45,18,0.0,0.0,0,0,0,11,0.0,0.0,0,0,0,6,0.0,0.0,0,0,0,10,0.0,0.0,0,0,0,0.0,0.0,0.0
json::json_site_y_median__oserdes_data__lane1__dq14__ctrl_none__sites__value_ps,json,json_site_y_median__oserdes_data__lane1__dq14__ctrl_none__sites__value_ps,json_site_y_median,oserdes_data,lane1,dq14,,sites,45,18,0.0,0.0,0,0,0,11,0.0,0.0,0,0,0,6,0.0,0.0,0,0,0,10,0.0,0.0,0,0,0,0.0,0.0,0.0
json::json_site_y_median__oserdes_data__lane1__dq15__ctrl_none__sites__value_ps,json,json_site_y_median__oserdes_data__lane1__dq15__ctrl_none__sites__value_ps,json_site_y_median,oserdes_data,lane1,dq15,,sites,45,18,0.0,0.0,0,0,0,11,0.0,0.0,0,0,0,6,0.0,0.0,0,0,0,10,0.0,0.0,0,0,0,0.0,0.0,0.0
json::json_site_y_median__oserdes_data__lane1__dq8__ctrl_none__sites__value_ps,json,json_site_y_median__oserdes_data__lane1__dq8__ctrl_none__sites__value_ps,json_site_y_median,oserdes_data,lane1,dq8,,sites,45,18,0.0,0.0,0,0,0,11,0.0,0.0,0,0,0,6,0.0,0.0,0,0,0,10,0.0,0.0,0,0,0,0.0,0.0,0.0
json::json_site_y_median__oserdes_data__lane1__dq9__ctrl_none__sites__value_ps,json,json_site_y_median__oserdes_data__lane1__dq9__ctrl_none__sites__value_ps,json_site_y_median,oserdes_data,lane1,dq9,,sites,45,18,0.0,0.0,0,0,0,11,0.0,0.0,0,0,0,6,0.0,0.0,0,0,0,10,0.0,0.0,0,0,0,0.0,0.0,0.0
json::json_site_y_median__oserdes_dqs__lane0__dqs0__ctrl_none__sites__value_ps,json,json_site_y_median__oserdes_dqs__lane0__dqs0__ctrl_none__sites__value_ps,json_site_y_median,oserdes_dqs,lane0,dqs0,,sites,45,18,0.0,0.0,0,0,0,11,0.0,0.0,0,0,0,6,0.0,0.0,0,0,0,10,0.0,0.0,0,0,0,0.0,0.0,0.0
json::json_site_y_median__oserdes_dqs__lane1__dqs1__ctrl_none__sites__value_ps,json,json_site_y_median__oserdes_dqs__lane1__dqs1__ctrl_none__sites__value_ps,json_site_y_median,oserdes_dqs,lane1,dqs1,,sites,45,18,0.0,0.0,0,0,0,11,0.0,0.0,0,0,0,6,0.0,0.0,0,0,0,10,0.0,0.0,0,0,0,0.0,0.0,0.0
json::json_site_y_spread__cntvaluein_data_lut__all__no_bit__ctrl_0__sites__value_ps,json,json_site_y_spread__cntvaluein_data_lut__all__no_bit__ctrl_0__sites__value_ps,json_site_y_spread,cntvaluein_data_lut,all,,0,sites,45,18,0.0,0.0,0,0,0,11,0.0,0.0,0,0,0,6,0.0,0.0,0,0,0,10,0.0,0.0,0,0,0,0.0,0.0,0.0
json::json_site_y_spread__cntvaluein_dqs_lut__all__no_bit__ctrl_0__sites__value_ps,json,json_site_y_spread__cntvaluein_dqs_lut__all__no_bit__ctrl_0__sites__value_ps,json_site_y_spread,cntvaluein_dqs_lut,all,,0,sites,45,18,0.0,0.0,0,0,0,11,0.0,0.0,0,0,0,6,0.0,0.0,0,0,0,10,0.0,0.0,0,0,0,0.0,0.0,0.0
json::json_site_y_spread__cntvaluein_dqs_lut__all__no_bit__ctrl_none__sites__value_ps,json,json_site_y_spread__cntvaluein_dqs_lut__all__no_bit__ctrl_none__sites__value_ps,json_site_y_spread,cntvaluein_dqs_lut,all,,,sites,45,18,0.0,0.0,0,0,0,11,0.0,0.0,0,0,0,6,0.0,0.0,0,0,0,10,0.0,0.0,0,0,0,0.0,0.0,0.0
json::json_site_y_spread__idelay_data__lane0__dq0__ctrl_none__sites__value_ps,json,json_site_y_spread__idelay_data__lane0__dq0__ctrl_none__sites__value_ps,json_site_y_spread,idelay_data,lane0,dq0,,sites,45,18,0.0,0.0,0,0,0,11,0.0,0.0,0,0,0,6,0.0,0.0,0,0,0,10,0.0,0.0,0,0,0,0.0,0.0,0.0
json::json_site_y_spread__idelay_data__lane0__dq1__ctrl_none__sites__value_ps,json,json_site_y_spread__idelay_data__lane0__dq1__ctrl_none__sites__value_ps,json_site_y_spread,idelay_data,lane0,dq1,,sites,45,18,0.0,0.0,0,0,0,11,0.0,0.0,0,0,0,6,0.0,0.0,0,0,0,10,0.0,0.0,0,0,0,0.0,0.0,0.0
json::json_site_y_spread__idelay_data__lane0__dq2__ctrl_none__sites__value_ps,json,json_site_y_spread__idelay_data__lane0__dq2__ctrl_none__sites__value_ps,json_site_y_spread,idelay_data,lane0,dq2,,sites,45,18,0.0,0.0,0,0,0,11,0.0,0.0,0,0,0,6,0.0,0.0,0,0,0,10,0.0,0.0,0,0,0,0.0,0.0,0.0
json::json_site_y_spread__idelay_data__lane0__dq3__ctrl_none__sites__value_ps,json,json_site_y_spread__idelay_data__lane0__dq3__ctrl_none__sites__value_ps,json_site_y_spread,idelay_data,lane0,dq3,,sites,45,18,0.0,0.0,0,0,0,11,0.0,0.0,0,0,0,6,0.0,0.0,0,0,0,10,0.0,0.0,0,0,0,0.0,0.0,0.0
json::json_site_y_spread__idelay_data__lane0__dq4__ctrl_none__sites__value_ps,json,json_site_y_spread__idelay_data__lane0__dq4__ctrl_none__sites__value_ps,json_site_y_spread,idelay_data,lane0,dq4,,sites,45,18,0.0,0.0,0,0,0,11,0.0,0.0,0,0,0,6,0.0,0.0,0,0,0,10,0.0,0.0,0,0,0,0.0,0.0,0.0
json::json_site_y_spread__idelay_data__lane0__dq5__ctrl_none__sites__value_ps,json,json_site_y_spread__idelay_data__lane0__dq5__ctrl_none__sites__value_ps,json_site_y_spread,idelay_data,lane0,dq5,,sites,45,18,0.0,0.0,0,0,0,11,0.0,0.0,0,0,0,6,0.0,0.0,0,0,0,10,0.0,0.0,0,0,0,0.0,0.0,0.0
json::json_site_y_spread__idelay_data__lane0__dq6__ctrl_none__sites__value_ps,json,json_site_y_spread__idelay_data__lane0__dq6__ctrl_none__sites__value_ps,json_site_y_spread,idelay_data,lane0,dq6,,sites,45,18,0.0,0.0,0,0,0,11,0.0,0.0,0,0,0,6,0.0,0.0,0,0,0,10,0.0,0.0,0,0,0,0.0,0.0,0.0
json::json_site_y_spread__idelay_data__lane0__dq7__ctrl_none__sites__value_ps,json,json_site_y_spread__idelay_data__lane0__dq7__ctrl_none__sites__value_ps,json_site_y_spread,idelay_data,lane0,dq7,,sites,45,18,0.0,0.0,0,0,0,11,0.0,0.0,0,0,0,6,0.0,0.0,0,0,0,10,0.0,0.0,0,0,0,0.0,0.0,0.0
json::json_site_y_spread__idelay_data__lane1__dq10__ctrl_none__sites__value_ps,json,json_site_y_spread__idelay_data__lane1__dq10__ctrl_none__sites__value_ps,json_site_y_spread,idelay_data,lane1,dq10,,sites,45,18,0.0,0.0,0,0,0,11,0.0,0.0,0,0,0,6,0.0,0.0,0,0,0,10,0.0,0.0,0,0,0,0.0,0.0,0.0
json::json_site_y_spread__idelay_data__lane1__dq11__ctrl_none__sites__value_ps,json,json_site_y_spread__idelay_data__lane1__dq11__ctrl_none__sites__value_ps,json_site_y_spread,idelay_data,lane1,dq11,,sites,45,18,0.0,0.0,0,0,0,11,0.0,0.0,0,0,0,6,0.0,0.0,0,0,0,10,0.0,0.0,0,0,0,0.0,0.0,0.0
json::json_site_y_spread__idelay_data__lane1__dq12__ctrl_none__sites__value_ps,json,json_site_y_spread__idelay_data__lane1__dq12__ctrl_none__sites__value_ps,json_site_y_spread,idelay_data,lane1,dq12,,sites,45,18,0.0,0.0,0,0,0,11,0.0,0.0,0,0,0,6,0.0,0.0,0,0,0,10,0.0,0.0,0,0,0,0.0,0.0,0.0
json::json_site_y_spread__idelay_data__lane1__dq13__ctrl_none__sites__value_ps,json,json_site_y_spread__idelay_data__lane1__dq13__ctrl_none__sites__value_ps,json_site_y_spread,idelay_data,lane1,dq13,,sites,45,18,0.0,0.0,0,0,0,11,0.0,0.0,0,0,0,6,0.0,0.0,0,0,0,10,0.0,0.0,0,0,0,0.0,0.0,0.0
json::json_site_y_spread__idelay_data__lane1__dq14__ctrl_none__sites__value_ps,json,json_site_y_spread__idelay_data__lane1__dq14__ctrl_none__sites__value_ps,json_site_y_spread,idelay_data,lane1,dq14,,sites,45,18,0.0,0.0,0,0,0,11,0.0,0.0,0,0,0,6,0.0,0.0,0,0,0,10,0.0,0.0,0,0,0,0.0,0.0,0.0
json::json_site_y_spread__idelay_data__lane1__dq15__ctrl_none__sites__value_ps,json,json_site_y_spread__idelay_data__lane1__dq15__ctrl_none__sites__value_ps,json_site_y_spread,idelay_data,lane1,dq15,,sites,45,18,0.0,0.0,0,0,0,11,0.0,0.0,0,0,0,6,0.0,0.0,0,0,0,10,0.0,0.0,0,0,0,0.0,0.0,0.0
json::json_site_y_spread__idelay_data__lane1__dq8__ctrl_none__sites__value_ps,json,json_site_y_spread__idelay_data__lane1__dq8__ctrl_none__sites__value_ps,json_site_y_spread,idelay_data,lane1,dq8,,sites,45,18,0.0,0.0,0,0,0,11,0.0,0.0,0,0,0,6,0.0,0.0,0,0,0,10,0.0,0.0,0,0,0,0.0,0.0,0.0
json::json_site_y_spread__idelay_data__lane1__dq9__ctrl_none__sites__value_ps,json,json_site_y_spread__idelay_data__lane1__dq9__ctrl_none__sites__value_ps,json_site_y_spread,idelay_data,lane1,dq9,,sites,45,18,0.0,0.0,0,0,0,11,0.0,0.0,0,0,0,6,0.0,0.0,0,0,0,10,0.0,0.0,0,0,0,0.0,0.0,0.0
json::json_site_y_spread__idelay_dqs__lane0__dqs0__ctrl_none__sites__value_ps,json,json_site_y_spread__idelay_dqs__lane0__dqs0__ctrl_none__sites__value_ps,json_site_y_spread,idelay_dqs,lane0,dqs0,,sites,45,18,0.0,0.0,0,0,0,11,0.0,0.0,0,0,0,6,0.0,0.0,0,0,0,10,0.0,0.0,0,0,0,0.0,0.0,0.0
json::json_site_y_spread__idelay_dqs__lane1__dqs1__ctrl_none__sites__value_ps,json,json_site_y_spread__idelay_dqs__lane1__dqs1__ctrl_none__sites__value_ps,json_site_y_spread,idelay_dqs,lane1,dqs1,,sites,45,18,0.0,0.0,0,0,0,11,0.0,0.0,0,0,0,6,0.0,0.0,0,0,0,10,0.0,0.0,0,0,0,0.0,0.0,0.0
json::json_site_y_spread__idelayctrl__all__no_bit__ctrl_none__sites__value_ps,json,json_site_y_spread__idelayctrl__all__no_bit__ctrl_none__sites__value_ps,json_site_y_spread,idelayctrl,all,,,sites,45,18,0.0,0.0,0,0,0,11,0.0,0.0,0,0,0,6,0.0,0.0,0,0,0,10,0.0,0.0,0,0,0,0.0,0.0,0.0
json::json_site_y_spread__iserdes_data__lane0__dq0__ctrl_none__sites__value_ps,json,json_site_y_spread__iserdes_data__lane0__dq0__ctrl_none__sites__value_ps,json_site_y_spread,iserdes_data,lane0,dq0,,sites,45,18,0.0,0.0,0,0,0,11,0.0,0.0,0,0,0,6,0.0,0.0,0,0,0,10,0.0,0.0,0,0,0,0.0,0.0,0.0
json::json_site_y_spread__iserdes_data__lane0__dq1__ctrl_none__sites__value_ps,json,json_site_y_spread__iserdes_data__lane0__dq1__ctrl_none__sites__value_ps,json_site_y_spread,iserdes_data,lane0,dq1,,sites,45,18,0.0,0.0,0,0,0,11,0.0,0.0,0,0,0,6,0.0,0.0,0,0,0,10,0.0,0.0,0,0,0,0.0,0.0,0.0
json::json_site_y_spread__iserdes_data__lane0__dq2__ctrl_none__sites__value_ps,json,json_site_y_spread__iserdes_data__lane0__dq2__ctrl_none__sites__value_ps,json_site_y_spread,iserdes_data,lane0,dq2,,sites,45,18,0.0,0.0,0,0,0,11,0.0,0.0,0,0,0,6,0.0,0.0,0,0,0,10,0.0,0.0,0,0,0,0.0,0.0,0.0
json::json_site_y_spread__iserdes_data__lane0__dq3__ctrl_none__sites__value_ps,json,json_site_y_spread__iserdes_data__lane0__dq3__ctrl_none__sites__value_ps,json_site_y_spread,iserdes_data,lane0,dq3,,sites,45,18,0.0,0.0,0,0,0,11,0.0,0.0,0,0,0,6,0.0,0.0,0,0,0,10,0.0,0.0,0,0,0,0.0,0.0,0.0
json::json_site_y_spread__iserdes_data__lane0__dq4__ctrl_none__sites__value_ps,json,json_site_y_spread__iserdes_data__lane0__dq4__ctrl_none__sites__value_ps,json_site_y_spread,iserdes_data,lane0,dq4,,sites,45,18,0.0,0.0,0,0,0,11,0.0,0.0,0,0,0,6,0.0,0.0,0,0,0,10,0.0,0.0,0,0,0,0.0,0.0,0.0
json::json_site_y_spread__iserdes_data__lane0__dq5__ctrl_none__sites__value_ps,json,json_site_y_spread__iserdes_data__lane0__dq5__ctrl_none__sites__value_ps,json_site_y_spread,iserdes_data,lane0,dq5,,sites,45,18,0.0,0.0,0,0,0,11,0.0,0.0,0,0,0,6,0.0,0.0,0,0,0,10,0.0,0.0,0,0,0,0.0,0.0,0.0
json::json_site_y_spread__iserdes_data__lane0__dq6__ctrl_none__sites__value_ps,json,json_site_y_spread__iserdes_data__lane0__dq6__ctrl_none__sites__value_ps,json_site_y_spread,iserdes_data,lane0,dq6,,sites,45,18,0.0,0.0,0,0,0,11,0.0,0.0,0,0,0,6,0.0,0.0,0,0,0,10,0.0,0.0,0,0,0,0.0,0.0,0.0
json::json_site_y_spread__iserdes_data__lane0__dq7__ctrl_none__sites__value_ps,json,json_site_y_spread__iserdes_data__lane0__dq7__ctrl_none__sites__value_ps,json_site_y_spread,iserdes_data,lane0,dq7,,sites,45,18,0.0,0.0,0,0,0,11,0.0,0.0,0,0,0,6,0.0,0.0,0,0,0,10,0.0,0.0,0,0,0,0.0,0.0,0.0
json::json_site_y_spread__iserdes_data__lane1__dq10__ctrl_none__sites__value_ps,json,json_site_y_spread__iserdes_data__lane1__dq10__ctrl_none__sites__value_ps,json_site_y_spread,iserdes_data,lane1,dq10,,sites,45,18,0.0,0.0,0,0,0,11,0.0,0.0,0,0,0,6,0.0,0.0,0,0,0,10,0.0,0.0,0,0,0,0.0,0.0,0.0
json::json_site_y_spread__iserdes_data__lane1__dq11__ctrl_none__sites__value_ps,json,json_site_y_spread__iserdes_data__lane1__dq11__ctrl_none__sites__value_ps,json_site_y_spread,iserdes_data,lane1,dq11,,sites,45,18,0.0,0.0,0,0,0,11,0.0,0.0,0,0,0,6,0.0,0.0,0,0,0,10,0.0,0.0,0,0,0,0.0,0.0,0.0
json::json_site_y_spread__iserdes_data__lane1__dq12__ctrl_none__sites__value_ps,json,json_site_y_spread__iserdes_data__lane1__dq12__ctrl_none__sites__value_ps,json_site_y_spread,iserdes_data,lane1,dq12,,sites,45,18,0.0,0.0,0,0,0,11,0.0,0.0,0,0,0,6,0.0,0.0,0,0,0,10,0.0,0.0,0,0,0,0.0,0.0,0.0
json::json_site_y_spread__iserdes_data__lane1__dq13__ctrl_none__sites__value_ps,json,json_site_y_spread__iserdes_data__lane1__dq13__ctrl_none__sites__value_ps,json_site_y_spread,iserdes_data,lane1,dq13,,sites,45,18,0.0,0.0,0,0,0,11,0.0,0.0,0,0,0,6,0.0,0.0,0,0,0,10,0.0,0.0,0,0,0,0.0,0.0,0.0
json::json_site_y_spread__iserdes_data__lane1__dq14__ctrl_none__sites__value_ps,json,json_site_y_spread__iserdes_data__lane1__dq14__ctrl_none__sites__value_ps,json_site_y_spread,iserdes_data,lane1,dq14,,sites,45,18,0.0,0.0,0,0,0,11,0.0,0.0,0,0,0,6,0.0,0.0,0,0,0,10,0.0,0.0,0,0,0,0.0,0.0,0.0
json::json_site_y_spread__iserdes_data__lane1__dq15__ctrl_none__sites__value_ps,json,json_site_y_spread__iserdes_data__lane1__dq15__ctrl_none__sites__value_ps,json_site_y_spread,iserdes_data,lane1,dq15,,sites,45,18,0.0,0.0,0,0,0,11,0.0,0.0,0,0,0,6,0.0,0.0,0,0,0,10,0.0,0.0,0,0,0,0.0,0.0,0.0
json::json_site_y_spread__iserdes_data__lane1__dq8__ctrl_none__sites__value_ps,json,json_site_y_spread__iserdes_data__lane1__dq8__ctrl_none__sites__value_ps,json_site_y_spread,iserdes_data,lane1,dq8,,sites,45,18,0.0,0.0,0,0,0,11,0.0,0.0,0,0,0,6,0.0,0.0,0,0,0,10,0.0,0.0,0,0,0,0.0,0.0,0.0
json::json_site_y_spread__iserdes_data__lane1__dq9__ctrl_none__sites__value_ps,json,json_site_y_spread__iserdes_data__lane1__dq9__ctrl_none__sites__value_ps,json_site_y_spread,iserdes_data,lane1,dq9,,sites,45,18,0.0,0.0,0,0,0,11,0.0,0.0,0,0,0,6,0.0,0.0,0,0,0,10,0.0,0.0,0,0,0,0.0,0.0,0.0
json::json_site_y_spread__iserdes_dqs__lane0__dqs0__ctrl_none__sites__value_ps,json,json_site_y_spread__iserdes_dqs__lane0__dqs0__ctrl_none__sites__value_ps,json_site_y_spread,iserdes_dqs,lane0,dqs0,,sites,45,18,0.0,0.0,0,0,0,11,0.0,0.0,0,0,0,6,0.0,0.0,0,0,0,10,0.0,0.0,0,0,0,0.0,0.0,0.0
json::json_site_y_spread__iserdes_dqs__lane1__dqs1__ctrl_none__sites__value_ps,json,json_site_y_spread__iserdes_dqs__lane1__dqs1__ctrl_none__sites__value_ps,json_site_y_spread,iserdes_dqs,lane1,dqs1,,sites,45,18,0.0,0.0,0,0,0,11,0.0,0.0,0,0,0,6,0.0,0.0,0,0,0,10,0.0,0.0,0,0,0,0.0,0.0,0.0
json::json_site_y_spread__oserdes_data__lane0__dq0__ctrl_none__sites__value_ps,json,json_site_y_spread__oserdes_data__lane0__dq0__ctrl_none__sites__value_ps,json_site_y_spread,oserdes_data,lane0,dq0,,sites,45,18,0.0,0.0,0,0,0,11,0.0,0.0,0,0,0,6,0.0,0.0,0,0,0,10,0.0,0.0,0,0,0,0.0,0.0,0.0
json::json_site_y_spread__oserdes_data__lane0__dq1__ctrl_none__sites__value_ps,json,json_site_y_spread__oserdes_data__lane0__dq1__ctrl_none__sites__value_ps,json_site_y_spread,oserdes_data,lane0,dq1,,sites,45,18,0.0,0.0,0,0,0,11,0.0,0.0,0,0,0,6,0.0,0.0,0,0,0,10,0.0,0.0,0,0,0,0.0,0.0,0.0
json::json_site_y_spread__oserdes_data__lane0__dq2__ctrl_none__sites__value_ps,json,json_site_y_spread__oserdes_data__lane0__dq2__ctrl_none__sites__value_ps,json_site_y_spread,oserdes_data,lane0,dq2,,sites,45,18,0.0,0.0,0,0,0,11,0.0,0.0,0,0,0,6,0.0,0.0,0,0,0,10,0.0,0.0,0,0,0,0.0,0.0,0.0
json::json_site_y_spread__oserdes_data__lane0__dq3__ctrl_none__sites__value_ps,json,json_site_y_spread__oserdes_data__lane0__dq3__ctrl_none__sites__value_ps,json_site_y_spread,oserdes_data,lane0,dq3,,sites,45,18,0.0,0.0,0,0,0,11,0.0,0.0,0,0,0,6,0.0,0.0,0,0,0,10,0.0,0.0,0,0,0,0.0,0.0,0.0
json::json_site_y_spread__oserdes_data__lane0__dq4__ctrl_none__sites__value_ps,json,json_site_y_spread__oserdes_data__lane0__dq4__ctrl_none__sites__value_ps,json_site_y_spread,oserdes_data,lane0,dq4,,sites,45,18,0.0,0.0,0,0,0,11,0.0,0.0,0,0,0,6,0.0,0.0,0,0,0,10,0.0,0.0,0,0,0,0.0,0.0,0.0
json::json_site_y_spread__oserdes_data__lane0__dq5__ctrl_none__sites__value_ps,json,json_site_y_spread__oserdes_data__lane0__dq5__ctrl_none__sites__value_ps,json_site_y_spread,oserdes_data,lane0,dq5,,sites,45,18,0.0,0.0,0,0,0,11,0.0,0.0,0,0,0,6,0.0,0.0,0,0,0,10,0.0,0.0,0,0,0,0.0,0.0,0.0
json::json_site_y_spread__oserdes_data__lane0__dq6__ctrl_none__sites__value_ps,json,json_site_y_spread__oserdes_data__lane0__dq6__ctrl_none__sites__value_ps,json_site_y_spread,oserdes_data,lane0,dq6,,sites,45,18,0.0,0.0,0,0,0,11,0.0,0.0,0,0,0,6,0.0,0.0,0,0,0,10,0.0,0.0,0,0,0,0.0,0.0,0.0
json::json_site_y_spread__oserdes_data__lane0__dq7__ctrl_none__sites__value_ps,json,json_site_y_spread__oserdes_data__lane0__dq7__ctrl_none__sites__value_ps,json_site_y_spread,oserdes_data,lane0,dq7,,sites,45,18,0.0,0.0,0,0,0,11,0.0,0.0,0,0,0,6,0.0,0.0,0,0,0,10,0.0,0.0,0,0,0,0.0,0.0,0.0
json::json_site_y_spread__oserdes_data__lane1__dq10__ctrl_none__sites__value_ps,json,json_site_y_spread__oserdes_data__lane1__dq10__ctrl_none__sites__value_ps,json_site_y_spread,oserdes_data,lane1,dq10,,sites,45,18,0.0,0.0,0,0,0,11,0.0,0.0,0,0,0,6,0.0,0.0,0,0,0,10,0.0,0.0,0,0,0,0.0,0.0,0.0
json::json_site_y_spread__oserdes_data__lane1__dq11__ctrl_none__sites__value_ps,json,json_site_y_spread__oserdes_data__lane1__dq11__ctrl_none__sites__value_ps,json_site_y_spread,oserdes_data,lane1,dq11,,sites,45,18,0.0,0.0,0,0,0,11,0.0,0.0,0,0,0,6,0.0,0.0,0,0,0,10,0.0,0.0,0,0,0,0.0,0.0,0.0
json::json_site_y_spread__oserdes_data__lane1__dq12__ctrl_none__sites__value_ps,json,json_site_y_spread__oserdes_data__lane1__dq12__ctrl_none__sites__value_ps,json_site_y_spread,oserdes_data,lane1,dq12,,sites,45,18,0.0,0.0,0,0,0,11,0.0,0.0,0,0,0,6,0.0,0.0,0,0,0,10,0.0,0.0,0,0,0,0.0,0.0,0.0
json::json_site_y_spread__oserdes_data__lane1__dq13__ctrl_none__sites__value_ps,json,json_site_y_spread__oserdes_data__lane1__dq13__ctrl_none__sites__value_ps,json_site_y_spread,oserdes_data,lane1,dq13,,sites,45,18,0.0,0.0,0,0,0,11,0.0,0.0,0,0,0,6,0.0,0.0,0,0,0,10,0.0,0.0,0,0,0,0.0,0.0,0.0
json::json_site_y_spread__oserdes_data__lane1__dq14__ctrl_none__sites__value_ps,json,json_site_y_spread__oserdes_data__lane1__dq14__ctrl_none__sites__value_ps,json_site_y_spread,oserdes_data,lane1,dq14,,sites,45,18,0.0,0.0,0,0,0,11,0.0,0.0,0,0,0,6,0.0,0.0,0,0,0,10,0.0,0.0,0,0,0,0.0,0.0,0.0
json::json_site_y_spread__oserdes_data__lane1__dq15__ctrl_none__sites__value_ps,json,json_site_y_spread__oserdes_data__lane1__dq15__ctrl_none__sites__value_ps,json_site_y_spread,oserdes_data,lane1,dq15,,sites,45,18,0.0,0.0,0,0,0,11,0.0,0.0,0,0,0,6,0.0,0.0,0,0,0,10,0.0,0.0,0,0,0,0.0,0.0,0.0
json::json_site_y_spread__oserdes_data__lane1__dq8__ctrl_none__sites__value_ps,json,json_site_y_spread__oserdes_data__lane1__dq8__ctrl_none__sites__value_ps,json_site_y_spread,oserdes_data,lane1,dq8,,sites,45,18,0.0,0.0,0,0,0,11,0.0,0.0,0,0,0,6,0.0,0.0,0,0,0,10,0.0,0.0,0,0,0,0.0,0.0,0.0
json::json_site_y_spread__oserdes_data__lane1__dq9__ctrl_none__sites__value_ps,json,json_site_y_spread__oserdes_data__lane1__dq9__ctrl_none__sites__value_ps,json_site_y_spread,oserdes_data,lane1,dq9,,sites,45,18,0.0,0.0,0,0,0,11,0.0,0.0,0,0,0,6,0.0,0.0,0,0,0,10,0.0,0.0,0,0,0,0.0,0.0,0.0
json::json_site_y_spread__oserdes_dqs__lane0__dqs0__ctrl_none__sites__value_ps,json,json_site_y_spread__oserdes_dqs__lane0__dqs0__ctrl_none__sites__value_ps,json_site_y_spread,oserdes_dqs,lane0,dqs0,,sites,45,18,0.0,0.0,0,0,0,11,0.0,0.0,0,0,0,6,0.0,0.0,0,0,0,10,0.0,0.0,0,0,0,0.0,0.0,0.0
json::json_site_y_spread__oserdes_dqs__lane1__dqs1__ctrl_none__sites__value_ps,json,json_site_y_spread__oserdes_dqs__lane1__dqs1__ctrl_none__sites__value_ps,json_site_y_spread,oserdes_dqs,lane1,dqs1,,sites,45,18,0.0,0.0,0,0,0,11,0.0,0.0,0,0,0,6,0.0,0.0,0,0,0,10,0.0,0.0,0,0,0,0.0,0.0,0.0
json::json_site_y_spread__reset_release_lut__all__no_bit__ctrl_none__sites__value_ps,json,json_site_y_spread__reset_release_lut__all__no_bit__ctrl_none__sites__value_ps,json_site_y_spread,reset_release_lut,all,,,sites,45,18,0.0,0.0,0,0,0,11,0.0,0.0,0,0,0,6,0.0,0.0,0,0,0,10,0.0,0.0,0,0,0,0.0,0.0,0.0
json::json_unique_site_count__calibration_index_lut__all__no_bit__ctrl_none__sites__value_ps,json,json_unique_site_count__calibration_index_lut__all__no_bit__ctrl_none__sites__value_ps,json_unique_site_count,calibration_index_lut,all,,,sites,45,18,0.0,0.0,0,0,0,11,0.0,0.0,0,0,0,6,0.0,0.0,0,0,0,10,0.0,0.0,0,0,0,0.0,0.0,0.0
json::json_unique_site_count__cntvaluein_data_lut__all__no_bit__ctrl_0__sites__value_ps,json,json_unique_site_count__cntvaluein_data_lut__all__no_bit__ctrl_0__sites__value_ps,json_unique_site_count,cntvaluein_data_lut,all,,0,sites,45,18,0.0,0.0,0,0,0,11,0.0,0.0,0,0,0,6,0.0,0.0,0,0,0,10,0.0,0.0,0,0,0,0.0,0.0,0.0
json::json_unique_site_count__cntvaluein_data_lut__all__no_bit__ctrl_1__sites__value_ps,json,json_unique_site_count__cntvaluein_data_lut__all__no_bit__ctrl_1__sites__value_ps,json_unique_site_count,cntvaluein_data_lut,all,,1,sites,45,18,0.0,0.0,0,0,0,11,0.0,0.0,0,0,0,6,0.0,0.0,0,0,0,10,0.0,0.0,0,0,0,0.0,0.0,0.0
json::json_unique_site_count__cntvaluein_data_lut__all__no_bit__ctrl_2__sites__value_ps,json,json_unique_site_count__cntvaluein_data_lut__all__no_bit__ctrl_2__sites__value_ps,json_unique_site_count,cntvaluein_data_lut,all,,2,sites,45,18,0.0,0.0,0,0,0,11,0.0,0.0,0,0,0,6,0.0,0.0,0,0,0,10,0.0,0.0,0,0,0,0.0,0.0,0.0
json::json_unique_site_count__cntvaluein_data_lut__all__no_bit__ctrl_3__sites__value_ps,json,json_unique_site_count__cntvaluein_data_lut__all__no_bit__ctrl_3__sites__value_ps,json_unique_site_count,cntvaluein_data_lut,all,,3,sites,45,18,0.0,0.0,0,0,0,11,0.0,0.0,0,0,0,6,0.0,0.0,0,0,0,10,0.0,0.0,0,0,0,0.0,0.0,0.0
json::json_unique_site_count__cntvaluein_data_lut__all__no_bit__ctrl_4__sites__value_ps,json,json_unique_site_count__cntvaluein_data_lut__all__no_bit__ctrl_4__sites__value_ps,json_unique_site_count,cntvaluein_data_lut,all,,4,sites,45,18,0.0,0.0,0,0,0,11,0.0,0.0,0,0,0,6,0.0,0.0,0,0,0,10,0.0,0.0,0,0,0,0.0,0.0,0.0
json::json_unique_site_count__cntvaluein_dqs_lut__all__no_bit__ctrl_0__sites__value_ps,json,json_unique_site_count__cntvaluein_dqs_lut__all__no_bit__ctrl_0__sites__value_ps,json_unique_site_count,cntvaluein_dqs_lut,all,,0,sites,45,18,0.0,0.0,0,0,0,11,0.0,0.0,0,0,0,6,0.0,0.0,0,0,0,10,0.0,0.0,0,0,0,0.0,0.0,0.0
json::json_unique_site_count__cntvaluein_dqs_lut__all__no_bit__ctrl_1__sites__value_ps,json,json_unique_site_count__cntvaluein_dqs_lut__all__no_bit__ctrl_1__sites__value_ps,json_unique_site_count,cntvaluein_dqs_lut,all,,1,sites,45,18,0.0,0.0,0,0,0,11,0.0,0.0,0,0,0,6,0.0,0.0,0,0,0,10,0.0,0.0,0,0,0,0.0,0.0,0.0
json::json_unique_site_count__cntvaluein_dqs_lut__all__no_bit__ctrl_2__sites__value_ps,json,json_unique_site_count__cntvaluein_dqs_lut__all__no_bit__ctrl_2__sites__value_ps,json_unique_site_count,cntvaluein_dqs_lut,all,,2,sites,45,18,0.0,0.0,0,0,0,11,0.0,0.0,0,0,0,6,0.0,0.0,0,0,0,10,0.0,0.0,0,0,0,0.0,0.0,0.0
json::json_unique_site_count__cntvaluein_dqs_lut__all__no_bit__ctrl_3__sites__value_ps,json,json_unique_site_count__cntvaluein_dqs_lut__all__no_bit__ctrl_3__sites__value_ps,json_unique_site_count,cntvaluein_dqs_lut,all,,3,sites,45,18,0.0,0.0,0,0,0,11,0.0,0.0,0,0,0,6,0.0,0.0,0,0,0,10,0.0,0.0,0,0,0,0.0,0.0,0.0
json::json_unique_site_count__cntvaluein_dqs_lut__all__no_bit__ctrl_4__sites__value_ps,json,json_unique_site_count__cntvaluein_dqs_lut__all__no_bit__ctrl_4__sites__value_ps,json_unique_site_count,cntvaluein_dqs_lut,all,,4,sites,45,18,0.0,0.0,0,0,0,11,0.0,0.0,0,0,0,6,0.0,0.0,0,0,0,10,0.0,0.0,0,0,0,0.0,0.0,0.0
json::json_unique_site_count__cntvaluein_dqs_lut__all__no_bit__ctrl_none__sites__value_ps,json,json_unique_site_count__cntvaluein_dqs_lut__all__no_bit__ctrl_none__sites__value_ps,json_unique_site_count,cntvaluein_dqs_lut,all,,,sites,45,18,0.0,0.0,0,0,0,11,0.0,0.0,0,0,0,6,0.0,0.0,0,0,0,10,0.0,0.0,0,0,0,0.0,0.0,0.0
json::json_unique_site_count__idelay_data__lane0__dq0__ctrl_none__sites__value_ps,json,json_unique_site_count__idelay_data__lane0__dq0__ctrl_none__sites__value_ps,json_unique_site_count,idelay_data,lane0,dq0,,sites,45,18,0.0,0.0,0,0,0,11,0.0,0.0,0,0,0,6,0.0,0.0,0,0,0,10,0.0,0.0,0,0,0,0.0,0.0,0.0
json::json_unique_site_count__idelay_data__lane0__dq1__ctrl_none__sites__value_ps,json,json_unique_site_count__idelay_data__lane0__dq1__ctrl_none__sites__value_ps,json_unique_site_count,idelay_data,lane0,dq1,,sites,45,18,0.0,0.0,0,0,0,11,0.0,0.0,0,0,0,6,0.0,0.0,0,0,0,10,0.0,0.0,0,0,0,0.0,0.0,0.0
json::json_unique_site_count__idelay_data__lane0__dq2__ctrl_none__sites__value_ps,json,json_unique_site_count__idelay_data__lane0__dq2__ctrl_none__sites__value_ps,json_unique_site_count,idelay_data,lane0,dq2,,sites,45,18,0.0,0.0,0,0,0,11,0.0,0.0,0,0,0,6,0.0,0.0,0,0,0,10,0.0,0.0,0,0,0,0.0,0.0,0.0
json::json_unique_site_count__idelay_data__lane0__dq3__ctrl_none__sites__value_ps,json,json_unique_site_count__idelay_data__lane0__dq3__ctrl_none__sites__value_ps,json_unique_site_count,idelay_data,lane0,dq3,,sites,45,18,0.0,0.0,0,0,0,11,0.0,0.0,0,0,0,6,0.0,0.0,0,0,0,10,0.0,0.0,0,0,0,0.0,0.0,0.0
json::json_unique_site_count__idelay_data__lane0__dq4__ctrl_none__sites__value_ps,json,json_unique_site_count__idelay_data__lane0__dq4__ctrl_none__sites__value_ps,json_unique_site_count,idelay_data,lane0,dq4,,sites,45,18,0.0,0.0,0,0,0,11,0.0,0.0,0,0,0,6,0.0,0.0,0,0,0,10,0.0,0.0,0,0,0,0.0,0.0,0.0
json::json_unique_site_count__idelay_data__lane0__dq5__ctrl_none__sites__value_ps,json,json_unique_site_count__idelay_data__lane0__dq5__ctrl_none__sites__value_ps,json_unique_site_count,idelay_data,lane0,dq5,,sites,45,18,0.0,0.0,0,0,0,11,0.0,0.0,0,0,0,6,0.0,0.0,0,0,0,10,0.0,0.0,0,0,0,0.0,0.0,0.0
json::json_unique_site_count__idelay_data__lane0__dq6__ctrl_none__sites__value_ps,json,json_unique_site_count__idelay_data__lane0__dq6__ctrl_none__sites__value_ps,json_unique_site_count,idelay_data,lane0,dq6,,sites,45,18,0.0,0.0,0,0,0,11,0.0,0.0,0,0,0,6,0.0,0.0,0,0,0,10,0.0,0.0,0,0,0,0.0,0.0,0.0
json::json_unique_site_count__idelay_data__lane0__dq7__ctrl_none__sites__value_ps,json,json_unique_site_count__idelay_data__lane0__dq7__ctrl_none__sites__value_ps,json_unique_site_count,idelay_data,lane0,dq7,,sites,45,18,0.0,0.0,0,0,0,11,0.0,0.0,0,0,0,6,0.0,0.0,0,0,0,10,0.0,0.0,0,0,0,0.0,0.0,0.0
json::json_unique_site_count__idelay_data__lane1__dq10__ctrl_none__sites__value_ps,json,json_unique_site_count__idelay_data__lane1__dq10__ctrl_none__sites__value_ps,json_unique_site_count,idelay_data,lane1,dq10,,sites,45,18,0.0,0.0,0,0,0,11,0.0,0.0,0,0,0,6,0.0,0.0,0,0,0,10,0.0,0.0,0,0,0,0.0,0.0,0.0
json::json_unique_site_count__idelay_data__lane1__dq11__ctrl_none__sites__value_ps,json,json_unique_site_count__idelay_data__lane1__dq11__ctrl_none__sites__value_ps,json_unique_site_count,idelay_data,lane1,dq11,,sites,45,18,0.0,0.0,0,0,0,11,0.0,0.0,0,0,0,6,0.0,0.0,0,0,0,10,0.0,0.0,0,0,0,0.0,0.0,0.0
json::json_unique_site_count__idelay_data__lane1__dq12__ctrl_none__sites__value_ps,json,json_unique_site_count__idelay_data__lane1__dq12__ctrl_none__sites__value_ps,json_unique_site_count,idelay_data,lane1,dq12,,sites,45,18,0.0,0.0,0,0,0,11,0.0,0.0,0,0,0,6,0.0,0.0,0,0,0,10,0.0,0.0,0,0,0,0.0,0.0,0.0
json::json_unique_site_count__idelay_data__lane1__dq13__ctrl_none__sites__value_ps,json,json_unique_site_count__idelay_data__lane1__dq13__ctrl_none__sites__value_ps,json_unique_site_count,idelay_data,lane1,dq13,,sites,45,18,0.0,0.0,0,0,0,11,0.0,0.0,0,0,0,6,0.0,0.0,0,0,0,10,0.0,0.0,0,0,0,0.0,0.0,0.0
json::json_unique_site_count__idelay_data__lane1__dq14__ctrl_none__sites__value_ps,json,json_unique_site_count__idelay_data__lane1__dq14__ctrl_none__sites__value_ps,json_unique_site_count,idelay_data,lane1,dq14,,sites,45,18,0.0,0.0,0,0,0,11,0.0,0.0,0,0,0,6,0.0,0.0,0,0,0,10,0.0,0.0,0,0,0,0.0,0.0,0.0
json::json_unique_site_count__idelay_data__lane1__dq15__ctrl_none__sites__value_ps,json,json_unique_site_count__idelay_data__lane1__dq15__ctrl_none__sites__value_ps,json_unique_site_count,idelay_data,lane1,dq15,,sites,45,18,0.0,0.0,0,0,0,11,0.0,0.0,0,0,0,6,0.0,0.0,0,0,0,10,0.0,0.0,0,0,0,0.0,0.0,0.0
json::json_unique_site_count__idelay_data__lane1__dq8__ctrl_none__sites__value_ps,json,json_unique_site_count__idelay_data__lane1__dq8__ctrl_none__sites__value_ps,json_unique_site_count,idelay_data,lane1,dq8,,sites,45,18,0.0,0.0,0,0,0,11,0.0,0.0,0,0,0,6,0.0,0.0,0,0,0,10,0.0,0.0,0,0,0,0.0,0.0,0.0
json::json_unique_site_count__idelay_data__lane1__dq9__ctrl_none__sites__value_ps,json,json_unique_site_count__idelay_data__lane1__dq9__ctrl_none__sites__value_ps,json_unique_site_count,idelay_data,lane1,dq9,,sites,45,18,0.0,0.0,0,0,0,11,0.0,0.0,0,0,0,6,0.0,0.0,0,0,0,10,0.0,0.0,0,0,0,0.0,0.0,0.0
json::json_unique_site_count__idelay_dqs__lane0__dqs0__ctrl_none__sites__value_ps,json,json_unique_site_count__idelay_dqs__lane0__dqs0__ctrl_none__sites__value_ps,json_unique_site_count,idelay_dqs,lane0,dqs0,,sites,45,18,0.0,0.0,0,0,0,11,0.0,0.0,0,0,0,6,0.0,0.0,0,0,0,10,0.0,0.0,0,0,0,0.0,0.0,0.0
json::json_unique_site_count__idelay_dqs__lane1__dqs1__ctrl_none__sites__value_ps,json,json_unique_site_count__idelay_dqs__lane1__dqs1__ctrl_none__sites__value_ps,json_unique_site_count,idelay_dqs,lane1,dqs1,,sites,45,18,0.0,0.0,0,0,0,11,0.0,0.0,0,0,0,6,0.0,0.0,0,0,0,10,0.0,0.0,0,0,0,0.0,0.0,0.0
json::json_unique_site_count__idelayctrl__all__no_bit__ctrl_none__sites__value_ps,json,json_unique_site_count__idelayctrl__all__no_bit__ctrl_none__sites__value_ps,json_unique_site_count,idelayctrl,all,,,sites,45,18,0.0,0.0,0,0,0,11,0.0,0.0,0,0,0,6,0.0,0.0,0,0,0,10,0.0,0.0,0,0,0,0.0,0.0,0.0
json::json_unique_site_count__iserdes_data__lane0__dq0__ctrl_none__sites__value_ps,json,json_unique_site_count__iserdes_data__lane0__dq0__ctrl_none__sites__value_ps,json_unique_site_count,iserdes_data,lane0,dq0,,sites,45,18,0.0,0.0,0,0,0,11,0.0,0.0,0,0,0,6,0.0,0.0,0,0,0,10,0.0,0.0,0,0,0,0.0,0.0,0.0
json::json_unique_site_count__iserdes_data__lane0__dq1__ctrl_none__sites__value_ps,json,json_unique_site_count__iserdes_data__lane0__dq1__ctrl_none__sites__value_ps,json_unique_site_count,iserdes_data,lane0,dq1,,sites,45,18,0.0,0.0,0,0,0,11,0.0,0.0,0,0,0,6,0.0,0.0,0,0,0,10,0.0,0.0,0,0,0,0.0,0.0,0.0
json::json_unique_site_count__iserdes_data__lane0__dq2__ctrl_none__sites__value_ps,json,json_unique_site_count__iserdes_data__lane0__dq2__ctrl_none__sites__value_ps,json_unique_site_count,iserdes_data,lane0,dq2,,sites,45,18,0.0,0.0,0,0,0,11,0.0,0.0,0,0,0,6,0.0,0.0,0,0,0,10,0.0,0.0,0,0,0,0.0,0.0,0.0
json::json_unique_site_count__iserdes_data__lane0__dq3__ctrl_none__sites__value_ps,json,json_unique_site_count__iserdes_data__lane0__dq3__ctrl_none__sites__value_ps,json_unique_site_count,iserdes_data,lane0,dq3,,sites,45,18,0.0,0.0,0,0,0,11,0.0,0.0,0,0,0,6,0.0,0.0,0,0,0,10,0.0,0.0,0,0,0,0.0,0.0,0.0
json::json_unique_site_count__iserdes_data__lane0__dq4__ctrl_none__sites__value_ps,json,json_unique_site_count__iserdes_data__lane0__dq4__ctrl_none__sites__value_ps,json_unique_site_count,iserdes_data,lane0,dq4,,sites,45,18,0.0,0.0,0,0,0,11,0.0,0.0,0,0,0,6,0.0,0.0,0,0,0,10,0.0,0.0,0,0,0,0.0,0.0,0.0
json::json_unique_site_count__iserdes_data__lane0__dq5__ctrl_none__sites__value_ps,json,json_unique_site_count__iserdes_data__lane0__dq5__ctrl_none__sites__value_ps,json_unique_site_count,iserdes_data,lane0,dq5,,sites,45,18,0.0,0.0,0,0,0,11,0.0,0.0,0,0,0,6,0.0,0.0,0,0,0,10,0.0,0.0,0,0,0,0.0,0.0,0.0
json::json_unique_site_count__iserdes_data__lane0__dq6__ctrl_none__sites__value_ps,json,json_unique_site_count__iserdes_data__lane0__dq6__ctrl_none__sites__value_ps,json_unique_site_count,iserdes_data,lane0,dq6,,sites,45,18,0.0,0.0,0,0,0,11,0.0,0.0,0,0,0,6,0.0,0.0,0,0,0,10,0.0,0.0,0,0,0,0.0,0.0,0.0
json::json_unique_site_count__iserdes_data__lane0__dq7__ctrl_none__sites__value_ps,json,json_unique_site_count__iserdes_data__lane0__dq7__ctrl_none__sites__value_ps,json_unique_site_count,iserdes_data,lane0,dq7,,sites,45,18,0.0,0.0,0,0,0,11,0.0,0.0,0,0,0,6,0.0,0.0,0,0,0,10,0.0,0.0,0,0,0,0.0,0.0,0.0
json::json_unique_site_count__iserdes_data__lane1__dq10__ctrl_none__sites__value_ps,json,json_unique_site_count__iserdes_data__lane1__dq10__ctrl_none__sites__value_ps,json_unique_site_count,iserdes_data,lane1,dq10,,sites,45,18,0.0,0.0,0,0,0,11,0.0,0.0,0,0,0,6,0.0,0.0,0,0,0,10,0.0,0.0,0,0,0,0.0,0.0,0.0
json::json_unique_site_count__iserdes_data__lane1__dq11__ctrl_none__sites__value_ps,json,json_unique_site_count__iserdes_data__lane1__dq11__ctrl_none__sites__value_ps,json_unique_site_count,iserdes_data,lane1,dq11,,sites,45,18,0.0,0.0,0,0,0,11,0.0,0.0,0,0,0,6,0.0,0.0,0,0,0,10,0.0,0.0,0,0,0,0.0,0.0,0.0
json::json_unique_site_count__iserdes_data__lane1__dq12__ctrl_none__sites__value_ps,json,json_unique_site_count__iserdes_data__lane1__dq12__ctrl_none__sites__value_ps,json_unique_site_count,iserdes_data,lane1,dq12,,sites,45,18,0.0,0.0,0,0,0,11,0.0,0.0,0,0,0,6,0.0,0.0,0,0,0,10,0.0,0.0,0,0,0,0.0,0.0,0.0
json::json_unique_site_count__iserdes_data__lane1__dq13__ctrl_none__sites__value_ps,json,json_unique_site_count__iserdes_data__lane1__dq13__ctrl_none__sites__value_ps,json_unique_site_count,iserdes_data,lane1,dq13,,sites,45,18,0.0,0.0,0,0,0,11,0.0,0.0,0,0,0,6,0.0,0.0,0,0,0,10,0.0,0.0,0,0,0,0.0,0.0,0.0
json::json_unique_site_count__iserdes_data__lane1__dq14__ctrl_none__sites__value_ps,json,json_unique_site_count__iserdes_data__lane1__dq14__ctrl_none__sites__value_ps,json_unique_site_count,iserdes_data,lane1,dq14,,sites,45,18,0.0,0.0,0,0,0,11,0.0,0.0,0,0,0,6,0.0,0.0,0,0,0,10,0.0,0.0,0,0,0,0.0,0.0,0.0
json::json_unique_site_count__iserdes_data__lane1__dq15__ctrl_none__sites__value_ps,json,json_unique_site_count__iserdes_data__lane1__dq15__ctrl_none__sites__value_ps,json_unique_site_count,iserdes_data,lane1,dq15,,sites,45,18,0.0,0.0,0,0,0,11,0.0,0.0,0,0,0,6,0.0,0.0,0,0,0,10,0.0,0.0,0,0,0,0.0,0.0,0.0
json::json_unique_site_count__iserdes_data__lane1__dq8__ctrl_none__sites__value_ps,json,json_unique_site_count__iserdes_data__lane1__dq8__ctrl_none__sites__value_ps,json_unique_site_count,iserdes_data,lane1,dq8,,sites,45,18,0.0,0.0,0,0,0,11,0.0,0.0,0,0,0,6,0.0,0.0,0,0,0,10,0.0,0.0,0,0,0,0.0,0.0,0.0
json::json_unique_site_count__iserdes_data__lane1__dq9__ctrl_none__sites__value_ps,json,json_unique_site_count__iserdes_data__lane1__dq9__ctrl_none__sites__value_ps,json_unique_site_count,iserdes_data,lane1,dq9,,sites,45,18,0.0,0.0,0,0,0,11,0.0,0.0,0,0,0,6,0.0,0.0,0,0,0,10,0.0,0.0,0,0,0,0.0,0.0,0.0
json::json_unique_site_count__iserdes_dqs__lane0__dqs0__ctrl_none__sites__value_ps,json,json_unique_site_count__iserdes_dqs__lane0__dqs0__ctrl_none__sites__value_ps,json_unique_site_count,iserdes_dqs,lane0,dqs0,,sites,45,18,0.0,0.0,0,0,0,11,0.0,0.0,0,0,0,6,0.0,0.0,0,0,0,10,0.0,0.0,0,0,0,0.0,0.0,0.0
json::json_unique_site_count__iserdes_dqs__lane1__dqs1__ctrl_none__sites__value_ps,json,json_unique_site_count__iserdes_dqs__lane1__dqs1__ctrl_none__sites__value_ps,json_unique_site_count,iserdes_dqs,lane1,dqs1,,sites,45,18,0.0,0.0,0,0,0,11,0.0,0.0,0,0,0,6,0.0,0.0,0,0,0,10,0.0,0.0,0,0,0,0.0,0.0,0.0
json::json_unique_site_count__oserdes_data__lane0__dq0__ctrl_none__sites__value_ps,json,json_unique_site_count__oserdes_data__lane0__dq0__ctrl_none__sites__value_ps,json_unique_site_count,oserdes_data,lane0,dq0,,sites,45,18,0.0,0.0,0,0,0,11,0.0,0.0,0,0,0,6,0.0,0.0,0,0,0,10,0.0,0.0,0,0,0,0.0,0.0,0.0
json::json_unique_site_count__oserdes_data__lane0__dq1__ctrl_none__sites__value_ps,json,json_unique_site_count__oserdes_data__lane0__dq1__ctrl_none__sites__value_ps,json_unique_site_count,oserdes_data,lane0,dq1,,sites,45,18,0.0,0.0,0,0,0,11,0.0,0.0,0,0,0,6,0.0,0.0,0,0,0,10,0.0,0.0,0,0,0,0.0,0.0,0.0
json::json_unique_site_count__oserdes_data__lane0__dq2__ctrl_none__sites__value_ps,json,json_unique_site_count__oserdes_data__lane0__dq2__ctrl_none__sites__value_ps,json_unique_site_count,oserdes_data,lane0,dq2,,sites,45,18,0.0,0.0,0,0,0,11,0.0,0.0,0,0,0,6,0.0,0.0,0,0,0,10,0.0,0.0,0,0,0,0.0,0.0,0.0
json::json_unique_site_count__oserdes_data__lane0__dq3__ctrl_none__sites__value_ps,json,json_unique_site_count__oserdes_data__lane0__dq3__ctrl_none__sites__value_ps,json_unique_site_count,oserdes_data,lane0,dq3,,sites,45,18,0.0,0.0,0,0,0,11,0.0,0.0,0,0,0,6,0.0,0.0,0,0,0,10,0.0,0.0,0,0,0,0.0,0.0,0.0
json::json_unique_site_count__oserdes_data__lane0__dq4__ctrl_none__sites__value_ps,json,json_unique_site_count__oserdes_data__lane0__dq4__ctrl_none__sites__value_ps,json_unique_site_count,oserdes_data,lane0,dq4,,sites,45,18,0.0,0.0,0,0,0,11,0.0,0.0,0,0,0,6,0.0,0.0,0,0,0,10,0.0,0.0,0,0,0,0.0,0.0,0.0
json::json_unique_site_count__oserdes_data__lane0__dq5__ctrl_none__sites__value_ps,json,json_unique_site_count__oserdes_data__lane0__dq5__ctrl_none__sites__value_ps,json_unique_site_count,oserdes_data,lane0,dq5,,sites,45,18,0.0,0.0,0,0,0,11,0.0,0.0,0,0,0,6,0.0,0.0,0,0,0,10,0.0,0.0,0,0,0,0.0,0.0,0.0
json::json_unique_site_count__oserdes_data__lane0__dq6__ctrl_none__sites__value_ps,json,json_unique_site_count__oserdes_data__lane0__dq6__ctrl_none__sites__value_ps,json_unique_site_count,oserdes_data,lane0,dq6,,sites,45,18,0.0,0.0,0,0,0,11,0.0,0.0,0,0,0,6,0.0,0.0,0,0,0,10,0.0,0.0,0,0,0,0.0,0.0,0.0
json::json_unique_site_count__oserdes_data__lane0__dq7__ctrl_none__sites__value_ps,json,json_unique_site_count__oserdes_data__lane0__dq7__ctrl_none__sites__value_ps,json_unique_site_count,oserdes_data,lane0,dq7,,sites,45,18,0.0,0.0,0,0,0,11,0.0,0.0,0,0,0,6,0.0,0.0,0,0,0,10,0.0,0.0,0,0,0,0.0,0.0,0.0
json::json_unique_site_count__oserdes_data__lane1__dq10__ctrl_none__sites__value_ps,json,json_unique_site_count__oserdes_data__lane1__dq10__ctrl_none__sites__value_ps,json_unique_site_count,oserdes_data,lane1,dq10,,sites,45,18,0.0,0.0,0,0,0,11,0.0,0.0,0,0,0,6,0.0,0.0,0,0,0,10,0.0,0.0,0,0,0,0.0,0.0,0.0
json::json_unique_site_count__oserdes_data__lane1__dq11__ctrl_none__sites__value_ps,json,json_unique_site_count__oserdes_data__lane1__dq11__ctrl_none__sites__value_ps,json_unique_site_count,oserdes_data,lane1,dq11,,sites,45,18,0.0,0.0,0,0,0,11,0.0,0.0,0,0,0,6,0.0,0.0,0,0,0,10,0.0,0.0,0,0,0,0.0,0.0,0.0
json::json_unique_site_count__oserdes_data__lane1__dq12__ctrl_none__sites__value_ps,json,json_unique_site_count__oserdes_data__lane1__dq12__ctrl_none__sites__value_ps,json_unique_site_count,oserdes_data,lane1,dq12,,sites,45,18,0.0,0.0,0,0,0,11,0.0,0.0,0,0,0,6,0.0,0.0,0,0,0,10,0.0,0.0,0,0,0,0.0,0.0,0.0
json::json_unique_site_count__oserdes_data__lane1__dq13__ctrl_none__sites__value_ps,json,json_unique_site_count__oserdes_data__lane1__dq13__ctrl_none__sites__value_ps,json_unique_site_count,oserdes_data,lane1,dq13,,sites,45,18,0.0,0.0,0,0,0,11,0.0,0.0,0,0,0,6,0.0,0.0,0,0,0,10,0.0,0.0,0,0,0,0.0,0.0,0.0
json::json_unique_site_count__oserdes_data__lane1__dq14__ctrl_none__sites__value_ps,json,json_unique_site_count__oserdes_data__lane1__dq14__ctrl_none__sites__value_ps,json_unique_site_count,oserdes_data,lane1,dq14,,sites,45,18,0.0,0.0,0,0,0,11,0.0,0.0,0,0,0,6,0.0,0.0,0,0,0,10,0.0,0.0,0,0,0,0.0,0.0,0.0
json::json_unique_site_count__oserdes_data__lane1__dq15__ctrl_none__sites__value_ps,json,json_unique_site_count__oserdes_data__lane1__dq15__ctrl_none__sites__value_ps,json_unique_site_count,oserdes_data,lane1,dq15,,sites,45,18,0.0,0.0,0,0,0,11,0.0,0.0,0,0,0,6,0.0,0.0,0,0,0,10,0.0,0.0,0,0,0,0.0,0.0,0.0
json::json_unique_site_count__oserdes_data__lane1__dq8__ctrl_none__sites__value_ps,json,json_unique_site_count__oserdes_data__lane1__dq8__ctrl_none__sites__value_ps,json_unique_site_count,oserdes_data,lane1,dq8,,sites,45,18,0.0,0.0,0,0,0,11,0.0,0.0,0,0,0,6,0.0,0.0,0,0,0,10,0.0,0.0,0,0,0,0.0,0.0,0.0
json::json_unique_site_count__oserdes_data__lane1__dq9__ctrl_none__sites__value_ps,json,json_unique_site_count__oserdes_data__lane1__dq9__ctrl_none__sites__value_ps,json_unique_site_count,oserdes_data,lane1,dq9,,sites,45,18,0.0,0.0,0,0,0,11,0.0,0.0,0,0,0,6,0.0,0.0,0,0,0,10,0.0,0.0,0,0,0,0.0,0.0,0.0
json::json_unique_site_count__oserdes_dqs__lane0__dqs0__ctrl_none__sites__value_ps,json,json_unique_site_count__oserdes_dqs__lane0__dqs0__ctrl_none__sites__value_ps,json_unique_site_count,oserdes_dqs,lane0,dqs0,,sites,45,18,0.0,0.0,0,0,0,11,0.0,0.0,0,0,0,6,0.0,0.0,0,0,0,10,0.0,0.0,0,0,0,0.0,0.0,0.0
json::json_unique_site_count__oserdes_dqs__lane1__dqs1__ctrl_none__sites__value_ps,json,json_unique_site_count__oserdes_dqs__lane1__dqs1__ctrl_none__sites__value_ps,json_unique_site_count,oserdes_dqs,lane1,dqs1,,sites,45,18,0.0,0.0,0,0,0,11,0.0,0.0,0,0,0,6,0.0,0.0,0,0,0,10,0.0,0.0,0,0,0,0.0,0.0,0.0
json::json_unique_site_count__reset_release_lut__all__no_bit__ctrl_none__sites__value_ps,json,json_unique_site_count__reset_release_lut__all__no_bit__ctrl_none__sites__value_ps,json_unique_site_count,reset_release_lut,all,,,sites,45,18,0.0,0.0,0,0,0,11,0.0,0.0,0,0,0,6,0.0,0.0,0,0,0,10,0.0,0.0,0,0,0,0.0,0.0,0.0
sdf::control_fanout_spread__idelay_dqs_cntvaluein__lane0__no_bit__ctrl_0__lane_control_bit__value_ps,sdf,control_fanout_spread__idelay_dqs_cntvaluein__lane0__no_bit__ctrl_0__lane_control_bit__value_ps,control_fanout_spread,idelay_dqs_cntvaluein,lane0,,0,lane_control_bit,43,18,0.0,0.0,0,0,0,10,0.0,0.0,0,0,0,6,0.0,0.0,0,0,0,9,0.0,0.0,0,0,0,0.0,0.0,0.0
sdf::control_fanout_spread__idelay_dqs_cntvaluein__lane0__no_bit__ctrl_1__lane_control_bit__value_ps,sdf,control_fanout_spread__idelay_dqs_cntvaluein__lane0__no_bit__ctrl_1__lane_control_bit__value_ps,control_fanout_spread,idelay_dqs_cntvaluein,lane0,,1,lane_control_bit,43,18,0.0,0.0,0,0,0,10,0.0,0.0,0,0,0,6,0.0,0.0,0,0,0,9,0.0,0.0,0,0,0,0.0,0.0,0.0
sdf::control_fanout_spread__idelay_dqs_cntvaluein__lane0__no_bit__ctrl_2__lane_control_bit__value_ps,sdf,control_fanout_spread__idelay_dqs_cntvaluein__lane0__no_bit__ctrl_2__lane_control_bit__value_ps,control_fanout_spread,idelay_dqs_cntvaluein,lane0,,2,lane_control_bit,43,18,0.0,0.0,0,0,0,10,0.0,0.0,0,0,0,6,0.0,0.0,0,0,0,9,0.0,0.0,0,0,0,0.0,0.0,0.0
sdf::control_fanout_spread__idelay_dqs_cntvaluein__lane0__no_bit__ctrl_3__lane_control_bit__value_ps,sdf,control_fanout_spread__idelay_dqs_cntvaluein__lane0__no_bit__ctrl_3__lane_control_bit__value_ps,control_fanout_spread,idelay_dqs_cntvaluein,lane0,,3,lane_control_bit,43,18,0.0,0.0,0,0,0,10,0.0,0.0,0,0,0,6,0.0,0.0,0,0,0,9,0.0,0.0,0,0,0,0.0,0.0,0.0
sdf::control_fanout_spread__idelay_dqs_cntvaluein__lane0__no_bit__ctrl_4__lane_control_bit__value_ps,sdf,control_fanout_spread__idelay_dqs_cntvaluein__lane0__no_bit__ctrl_4__lane_control_bit__value_ps,control_fanout_spread,idelay_dqs_cntvaluein,lane0,,4,lane_control_bit,43,18,0.0,0.0,0,0,0,10,0.0,0.0,0,0,0,6,0.0,0.0,0,0,0,9,0.0,0.0,0,0,0,0.0,0.0,0.0
sdf::control_fanout_spread__idelay_dqs_cntvaluein__lane1__no_bit__ctrl_0__lane_control_bit__value_ps,sdf,control_fanout_spread__idelay_dqs_cntvaluein__lane1__no_bit__ctrl_0__lane_control_bit__value_ps,control_fanout_spread,idelay_dqs_cntvaluein,lane1,,0,lane_control_bit,43,18,0.0,0.0,0,0,0,10,0.0,0.0,0,0,0,6,0.0,0.0,0,0,0,9,0.0,0.0,0,0,0,0.0,0.0,0.0
sdf::control_fanout_spread__idelay_dqs_cntvaluein__lane1__no_bit__ctrl_1__lane_control_bit__value_ps,sdf,control_fanout_spread__idelay_dqs_cntvaluein__lane1__no_bit__ctrl_1__lane_control_bit__value_ps,control_fanout_spread,idelay_dqs_cntvaluein,lane1,,1,lane_control_bit,43,18,0.0,0.0,0,0,0,10,0.0,0.0,0,0,0,6,0.0,0.0,0,0,0,9,0.0,0.0,0,0,0,0.0,0.0,0.0
sdf::control_fanout_spread__idelay_dqs_cntvaluein__lane1__no_bit__ctrl_2__lane_control_bit__value_ps,sdf,control_fanout_spread__idelay_dqs_cntvaluein__lane1__no_bit__ctrl_2__lane_control_bit__value_ps,control_fanout_spread,idelay_dqs_cntvaluein,lane1,,2,lane_control_bit,43,18,0.0,0.0,0,0,0,10,0.0,0.0,0,0,0,6,0.0,0.0,0,0,0,9,0.0,0.0,0,0,0,0.0,0.0,0.0
sdf::control_fanout_spread__idelay_dqs_cntvaluein__lane1__no_bit__ctrl_3__lane_control_bit__value_ps,sdf,control_fanout_spread__idelay_dqs_cntvaluein__lane1__no_bit__ctrl_3__lane_control_bit__value_ps,control_fanout_spread,idelay_dqs_cntvaluein,lane1,,3,lane_control_bit,43,18,0.0,0.0,0,0,0,10,0.0,0.0,0,0,0,6,0.0,0.0,0,0,0,9,0.0,0.0,0,0,0,0.0,0.0,0.0
sdf::control_fanout_spread__idelay_dqs_cntvaluein__lane1__no_bit__ctrl_4__lane_control_bit__value_ps,sdf,control_fanout_spread__idelay_dqs_cntvaluein__lane1__no_bit__ctrl_4__lane_control_bit__value_ps,control_fanout_spread,idelay_dqs_cntvaluein,lane1,,4,lane_control_bit,43,18,0.0,0.0,0,0,0,10,0.0,0.0,0,0,0,6,0.0,0.0,0,0,0,9,0.0,0.0,0,0,0,0.0,0.0,0.0
sdf::direct_max__clocking__lane0__dq0__ctrl_none__endpoint__value_ps,sdf,direct_max__clocking__lane0__dq0__ctrl_none__endpoint__value_ps,direct_max,clocking,lane0,dq0,,endpoint,43,18,0.0,0.0,0,0,0,10,0.0,0.0,0,0,0,6,0.0,0.0,0,0,0,9,0.0,0.0,0,0,0,0.0,0.0,0.0
sdf::direct_max__clocking__lane0__dq1__ctrl_none__endpoint__value_ps,sdf,direct_max__clocking__lane0__dq1__ctrl_none__endpoint__value_ps,direct_max,clocking,lane0,dq1,,endpoint,43,18,0.0,0.0,0,0,0,10,0.0,0.0,0,0,0,6,0.0,0.0,0,0,0,9,0.0,0.0,0,0,0,0.0,0.0,0.0
sdf::direct_max__clocking__lane0__dq2__ctrl_none__endpoint__value_ps,sdf,direct_max__clocking__lane0__dq2__ctrl_none__endpoint__value_ps,direct_max,clocking,lane0,dq2,,endpoint,43,18,0.0,0.0,0,0,0,10,0.0,0.0,0,0,0,6,0.0,0.0,0,0,0,9,0.0,0.0,0,0,0,0.0,0.0,0.0
sdf::direct_max__clocking__lane0__dq3__ctrl_none__endpoint__value_ps,sdf,direct_max__clocking__lane0__dq3__ctrl_none__endpoint__value_ps,direct_max,clocking,lane0,dq3,,endpoint,43,18,0.0,0.0,0,0,0,10,0.0,0.0,0,0,0,6,0.0,0.0,0,0,0,9,0.0,0.0,0,0,0,0.0,0.0,0.0
sdf::direct_max__clocking__lane0__dq4__ctrl_none__endpoint__value_ps,sdf,direct_max__clocking__lane0__dq4__ctrl_none__endpoint__value_ps,direct_max,clocking,lane0,dq4,,endpoint,43,18,0.0,0.0,0,0,0,10,0.0,0.0,0,0,0,6,0.0,0.0,0,0,0,9,0.0,0.0,0,0,0,0.0,0.0,0.0
sdf::direct_max__clocking__lane0__dq5__ctrl_none__endpoint__value_ps,sdf,direct_max__clocking__lane0__dq5__ctrl_none__endpoint__value_ps,direct_max,clocking,lane0,dq5,,endpoint,43,18,0.0,0.0,0,0,0,10,0.0,0.0,0,0,0,6,0.0,0.0,0,0,0,9,0.0,0.0,0,0,0,0.0,0.0,0.0
sdf::direct_max__clocking__lane0__dq6__ctrl_none__endpoint__value_ps,sdf,direct_max__clocking__lane0__dq6__ctrl_none__endpoint__value_ps,direct_max,clocking,lane0,dq6,,endpoint,43,18,0.0,0.0,0,0,0,10,0.0,0.0,0,0,0,6,0.0,0.0,0,0,0,9,0.0,0.0,0,0,0,0.0,0.0,0.0
sdf::direct_max__clocking__lane0__dq7__ctrl_none__endpoint__value_ps,sdf,direct_max__clocking__lane0__dq7__ctrl_none__endpoint__value_ps,direct_max,clocking,lane0,dq7,,endpoint,43,18,0.0,0.0,0,0,0,10,0.0,0.0,0,0,0,6,0.0,0.0,0,0,0,9,0.0,0.0,0,0,0,0.0,0.0,0.0
sdf::direct_max__clocking__lane0__dqs0__ctrl_none__endpoint__value_ps,sdf,direct_max__clocking__lane0__dqs0__ctrl_none__endpoint__value_ps,direct_max,clocking,lane0,dqs0,,endpoint,43,18,0.0,0.0,0,0,0,10,0.0,0.0,0,0,0,6,0.0,0.0,0,0,0,9,0.0,0.0,0,0,0,0.0,0.0,0.0
sdf::direct_max__clocking__lane1__dq10__ctrl_none__endpoint__value_ps,sdf,direct_max__clocking__lane1__dq10__ctrl_none__endpoint__value_ps,direct_max,clocking,lane1,dq10,,endpoint,43,18,0.0,0.0,0,0,0,10,0.0,0.0,0,0,0,6,0.0,0.0,0,0,0,9,0.0,0.0,0,0,0,0.0,0.0,0.0
sdf::direct_max__clocking__lane1__dq11__ctrl_none__endpoint__value_ps,sdf,direct_max__clocking__lane1__dq11__ctrl_none__endpoint__value_ps,direct_max,clocking,lane1,dq11,,endpoint,43,18,0.0,0.0,0,0,0,10,0.0,0.0,0,0,0,6,0.0,0.0,0,0,0,9,0.0,0.0,0,0,0,0.0,0.0,0.0
sdf::direct_max__clocking__lane1__dq12__ctrl_none__endpoint__value_ps,sdf,direct_max__clocking__lane1__dq12__ctrl_none__endpoint__value_ps,direct_max,clocking,lane1,dq12,,endpoint,43,18,0.0,0.0,0,0,0,10,0.0,0.0,0,0,0,6,0.0,0.0,0,0,0,9,0.0,0.0,0,0,0,0.0,0.0,0.0
sdf::direct_max__clocking__lane1__dq13__ctrl_none__endpoint__value_ps,sdf,direct_max__clocking__lane1__dq13__ctrl_none__endpoint__value_ps,direct_max,clocking,lane1,dq13,,endpoint,43,18,0.0,0.0,0,0,0,10,0.0,0.0,0,0,0,6,0.0,0.0,0,0,0,9,0.0,0.0,0,0,0,0.0,0.0,0.0
sdf::direct_max__clocking__lane1__dq14__ctrl_none__endpoint__value_ps,sdf,direct_max__clocking__lane1__dq14__ctrl_none__endpoint__value_ps,direct_max,clocking,lane1,dq14,,endpoint,43,18,0.0,0.0,0,0,0,10,0.0,0.0,0,0,0,6,0.0,0.0,0,0,0,9,0.0,0.0,0,0,0,0.0,0.0,0.0
sdf::direct_max__clocking__lane1__dq15__ctrl_none__endpoint__value_ps,sdf,direct_max__clocking__lane1__dq15__ctrl_none__endpoint__value_ps,direct_max,clocking,lane1,dq15,,endpoint,43,18,0.0,0.0,0,0,0,10,0.0,0.0,0,0,0,6,0.0,0.0,0,0,0,9,0.0,0.0,0,0,0,0.0,0.0,0.0
sdf::direct_max__clocking__lane1__dq8__ctrl_none__endpoint__value_ps,sdf,direct_max__clocking__lane1__dq8__ctrl_none__endpoint__value_ps,direct_max,clocking,lane1,dq8,,endpoint,43,18,0.0,0.0,0,0,0,10,0.0,0.0,0,0,0,6,0.0,0.0,0,0,0,9,0.0,0.0,0,0,0,0.0,0.0,0.0
sdf::direct_max__clocking__lane1__dq9__ctrl_none__endpoint__value_ps,sdf,direct_max__clocking__lane1__dq9__ctrl_none__endpoint__value_ps,direct_max,clocking,lane1,dq9,,endpoint,43,18,0.0,0.0,0,0,0,10,0.0,0.0,0,0,0,6,0.0,0.0,0,0,0,9,0.0,0.0,0,0,0,0.0,0.0,0.0
sdf::direct_max__clocking__lane1__dqs1__ctrl_none__endpoint__value_ps,sdf,direct_max__clocking__lane1__dqs1__ctrl_none__endpoint__value_ps,direct_max,clocking,lane1,dqs1,,endpoint,43,18,0.0,0.0,0,0,0,10,0.0,0.0,0,0,0,6,0.0,0.0,0,0,0,9,0.0,0.0,0,0,0,0.0,0.0,0.0
sdf::lane_spread__clocking__lane0__no_bit__ctrl_none__lane__value_ps,sdf,lane_spread__clocking__lane0__no_bit__ctrl_none__lane__value_ps,lane_spread,clocking,lane0,,,lane,43,18,0.0,0.0,0,0,0,10,0.0,0.0,0,0,0,6,0.0,0.0,0,0,0,9,0.0,0.0,0,0,0,0.0,0.0,0.0
sdf::lane_spread__clocking__lane1__no_bit__ctrl_none__lane__value_ps,sdf,lane_spread__clocking__lane1__no_bit__ctrl_none__lane__value_ps,lane_spread,clocking,lane1,,,lane,43,18,0.0,0.0,0,0,0,10,0.0,0.0,0,0,0,6,0.0,0.0,0,0,0,9,0.0,0.0,0,0,0,0.0,0.0,0.0
skew::abs_dqs_minus_dq_median__clocking_skew__lane0__dqs0__ctrl_none__dqs_vs_dq_lane__value_ps,skew,abs_dqs_minus_dq_median__clocking_skew__lane0__dqs0__ctrl_none__dqs_vs_dq_lane__value_ps,abs_dqs_minus_dq_median,clocking_skew,lane0,dqs0,,dqs_vs_dq_lane,43,18,0.0,0.0,0,0,0,10,0.0,0.0,0,0,0,6,0.0,0.0,0,0,0,9,0.0,0.0,0,0,0,0.0,0.0,0.0
skew::abs_dqs_minus_dq_median__clocking_skew__lane1__dqs1__ctrl_none__dqs_vs_dq_lane__value_ps,skew,abs_dqs_minus_dq_median__clocking_skew__lane1__dqs1__ctrl_none__dqs_vs_dq_lane__value_ps,abs_dqs_minus_dq_median,clocking_skew,lane1,dqs1,,dqs_vs_dq_lane,43,18,0.0,0.0,0,0,0,10,0.0,0.0,0,0,0,6,0.0,0.0,0,0,0,9,0.0,0.0,0,0,0,0.0,0.0,0.0
skew::dq_lane_range__clocking_skew__lane0__no_bit__ctrl_none__dq_lane__value_ps,skew,dq_lane_range__clocking_skew__lane0__no_bit__ctrl_none__dq_lane__value_ps,dq_lane_range,clocking_skew,lane0,,,dq_lane,43,18,0.0,0.0,0,0,0,10,0.0,0.0,0,0,0,6,0.0,0.0,0,0,0,9,0.0,0.0,0,0,0,0.0,0.0,0.0
skew::dq_lane_range__clocking_skew__lane1__no_bit__ctrl_none__dq_lane__value_ps,skew,dq_lane_range__clocking_skew__lane1__no_bit__ctrl_none__dq_lane__value_ps,dq_lane_range,clocking_skew,lane1,,,dq_lane,43,18,0.0,0.0,0,0,0,10,0.0,0.0,0,0,0,6,0.0,0.0,0,0,0,9,0.0,0.0,0,0,0,0.0,0.0,0.0
skew::signed_dqs_minus_dq_median__clocking_skew__lane0__dqs0__ctrl_none__dqs_vs_dq_lane__value_ps,skew,signed_dqs_minus_dq_median__clocking_skew__lane0__dqs0__ctrl_none__dqs_vs_dq_lane__value_ps,signed_dqs_minus_dq_median,clocking_skew,lane0,dqs0,,dqs_vs_dq_lane,43,18,0.0,0.0,0,0,0,10,0.0,0.0,0,0,0,6,0.0,0.0,0,0,0,9,0.0,0.0,0,0,0,0.0,0.0,0.0
skew::signed_dqs_minus_dq_median__clocking_skew__lane1__dqs1__ctrl_none__dqs_vs_dq_lane__value_ps,skew,signed_dqs_minus_dq_median__clocking_skew__lane1__dqs1__ctrl_none__dqs_vs_dq_lane__value_ps,signed_dqs_minus_dq_median,clocking_skew,lane1,dqs1,,dqs_vs_dq_lane,43,18,0.0,0.0,0,0,0,10,0.0,0.0,0,0,0,6,0.0,0.0,0,0,0,9,0.0,0.0,0,0,0,0.0,0.0,0.0
