seed,hardware_transition,baseline_experiment_id,locked_experiment_id,baseline_pass,locked_pass,baseline_abort_reason,locked_abort_reason,locked_abort_reason_name,feature,metric,family,lane,bit,control_bit,scope,baseline_value_ps,locked_value_ps,delta_ps,baseline_abs_ps,locked_abs_ps,delta_abs_ps,baseline_sign,locked_sign,sign_flip,abs_improved,abs_worsened
1,pass_to_pass,baseline-no-lock-seed-1,cntvaluein3-skew-locked-seed1,True,True,0,0,none,signed_dqs_bus_skew_minus_dq_median__idelay_cntvaluein_skew__lane0__dqs0__ctrl_none__dqs_vs_dq_bus_skew__value_ps,signed_dqs_bus_skew_minus_dq_median,idelay_cntvaluein_skew,lane0,dqs0,,dqs_vs_dq_bus_skew,-485.5,579.5,1065,485.5,579.5,94,negative,positive,True,False,True
1,pass_to_pass,baseline-no-lock-seed-1,cntvaluein3-skew-locked-seed1,True,True,0,0,none,signed_dqs_bus_skew_minus_dq_median__idelay_cntvaluein_skew__lane1__dqs1__ctrl_none__dqs_vs_dq_bus_skew__value_ps,signed_dqs_bus_skew_minus_dq_median,idelay_cntvaluein_skew,lane1,dqs1,,dqs_vs_dq_bus_skew,164.5,2.5,-162,164.5,2.5,-162,positive,positive,False,True,False
1,pass_to_pass,baseline-no-lock-seed-1,cntvaluein3-skew-locked-seed1,True,True,0,0,none,signed_dqs_minus_dq_bit__idelay_cntvaluein_skew__lane0__dq0__ctrl_0__dqs_vs_dq_bit__value_ps,signed_dqs_minus_dq_bit,idelay_cntvaluein_skew,lane0,dq0,0,dqs_vs_dq_bit,192,-77,-269,192,77,-115,positive,negative,True,True,False
1,pass_to_pass,baseline-no-lock-seed-1,cntvaluein3-skew-locked-seed1,True,True,0,0,none,signed_dqs_minus_dq_bit__idelay_cntvaluein_skew__lane0__dq0__ctrl_1__dqs_vs_dq_bit__value_ps,signed_dqs_minus_dq_bit,idelay_cntvaluein_skew,lane0,dq0,1,dqs_vs_dq_bit,-409,339,748,409,339,-70,negative,positive,True,True,False
1,pass_to_pass,baseline-no-lock-seed-1,cntvaluein3-skew-locked-seed1,True,True,0,0,none,signed_dqs_minus_dq_bit__idelay_cntvaluein_skew__lane0__dq0__ctrl_2__dqs_vs_dq_bit__value_ps,signed_dqs_minus_dq_bit,idelay_cntvaluein_skew,lane0,dq0,2,dqs_vs_dq_bit,694,855,161,694,855,161,positive,positive,False,False,True
1,pass_to_pass,baseline-no-lock-seed-1,cntvaluein3-skew-locked-seed1,True,True,0,0,none,signed_dqs_minus_dq_bit__idelay_cntvaluein_skew__lane0__dq0__ctrl_3__dqs_vs_dq_bit__value_ps,signed_dqs_minus_dq_bit,idelay_cntvaluein_skew,lane0,dq0,3,dqs_vs_dq_bit,-229,605,834,229,605,376,negative,positive,True,False,True
1,pass_to_pass,baseline-no-lock-seed-1,cntvaluein3-skew-locked-seed1,True,True,0,0,none,signed_dqs_minus_dq_bit__idelay_cntvaluein_skew__lane0__dq0__ctrl_4__dqs_vs_dq_bit__value_ps,signed_dqs_minus_dq_bit,idelay_cntvaluein_skew,lane0,dq0,4,dqs_vs_dq_bit,-190,720,910,190,720,530,negative,positive,True,False,True
1,pass_to_pass,baseline-no-lock-seed-1,cntvaluein3-skew-locked-seed1,True,True,0,0,none,signed_dqs_minus_dq_bit__idelay_cntvaluein_skew__lane0__dq1__ctrl_0__dqs_vs_dq_bit__value_ps,signed_dqs_minus_dq_bit,idelay_cntvaluein_skew,lane0,dq1,0,dqs_vs_dq_bit,291,-77,-368,291,77,-214,positive,negative,True,True,False
1,pass_to_pass,baseline-no-lock-seed-1,cntvaluein3-skew-locked-seed1,True,True,0,0,none,signed_dqs_minus_dq_bit__idelay_cntvaluein_skew__lane0__dq1__ctrl_1__dqs_vs_dq_bit__value_ps,signed_dqs_minus_dq_bit,idelay_cntvaluein_skew,lane0,dq1,1,dqs_vs_dq_bit,-494,249,743,494,249,-245,negative,positive,True,True,False
1,pass_to_pass,baseline-no-lock-seed-1,cntvaluein3-skew-locked-seed1,True,True,0,0,none,signed_dqs_minus_dq_bit__idelay_cntvaluein_skew__lane0__dq1__ctrl_2__dqs_vs_dq_bit__value_ps,signed_dqs_minus_dq_bit,idelay_cntvaluein_skew,lane0,dq1,2,dqs_vs_dq_bit,781,768,-13,781,768,-13,positive,positive,False,True,False
1,pass_to_pass,baseline-no-lock-seed-1,cntvaluein3-skew-locked-seed1,True,True,0,0,none,signed_dqs_minus_dq_bit__idelay_cntvaluein_skew__lane0__dq1__ctrl_3__dqs_vs_dq_bit__value_ps,signed_dqs_minus_dq_bit,idelay_cntvaluein_skew,lane0,dq1,3,dqs_vs_dq_bit,-184,653,837,184,653,469,negative,positive,True,False,True
1,pass_to_pass,baseline-no-lock-seed-1,cntvaluein3-skew-locked-seed1,True,True,0,0,none,signed_dqs_minus_dq_bit__idelay_cntvaluein_skew__lane0__dq1__ctrl_4__dqs_vs_dq_bit__value_ps,signed_dqs_minus_dq_bit,idelay_cntvaluein_skew,lane0,dq1,4,dqs_vs_dq_bit,-110,628,738,110,628,518,negative,positive,True,False,True
1,pass_to_pass,baseline-no-lock-seed-1,cntvaluein3-skew-locked-seed1,True,True,0,0,none,signed_dqs_minus_dq_bit__idelay_cntvaluein_skew__lane0__dq2__ctrl_0__dqs_vs_dq_bit__value_ps,signed_dqs_minus_dq_bit,idelay_cntvaluein_skew,lane0,dq2,0,dqs_vs_dq_bit,201,9,-192,201,9,-192,positive,positive,False,True,False
1,pass_to_pass,baseline-no-lock-seed-1,cntvaluein3-skew-locked-seed1,True,True,0,0,none,signed_dqs_minus_dq_bit__idelay_cntvaluein_skew__lane0__dq2__ctrl_1__dqs_vs_dq_bit__value_ps,signed_dqs_minus_dq_bit,idelay_cntvaluein_skew,lane0,dq2,1,dqs_vs_dq_bit,-587,155,742,587,155,-432,negative,positive,True,True,False
1,pass_to_pass,baseline-no-lock-seed-1,cntvaluein3-skew-locked-seed1,True,True,0,0,none,signed_dqs_minus_dq_bit__idelay_cntvaluein_skew__lane0__dq2__ctrl_2__dqs_vs_dq_bit__value_ps,signed_dqs_minus_dq_bit,idelay_cntvaluein_skew,lane0,dq2,2,dqs_vs_dq_bit,600,997,397,600,997,397,positive,positive,False,False,True
1,pass_to_pass,baseline-no-lock-seed-1,cntvaluein3-skew-locked-seed1,True,True,0,0,none,signed_dqs_minus_dq_bit__idelay_cntvaluein_skew__lane0__dq2__ctrl_3__dqs_vs_dq_bit__value_ps,signed_dqs_minus_dq_bit,idelay_cntvaluein_skew,lane0,dq2,3,dqs_vs_dq_bit,-277,483,760,277,483,206,negative,positive,True,False,True
1,pass_to_pass,baseline-no-lock-seed-1,cntvaluein3-skew-locked-seed1,True,True,0,0,none,signed_dqs_minus_dq_bit__idelay_cntvaluein_skew__lane0__dq2__ctrl_4__dqs_vs_dq_bit__value_ps,signed_dqs_minus_dq_bit,idelay_cntvaluein_skew,lane0,dq2,4,dqs_vs_dq_bit,-82,531,613,82,531,449,negative,positive,True,False,True
1,pass_to_pass,baseline-no-lock-seed-1,cntvaluein3-skew-locked-seed1,True,True,0,0,none,signed_dqs_minus_dq_bit__idelay_cntvaluein_skew__lane0__dq3__ctrl_0__dqs_vs_dq_bit__value_ps,signed_dqs_minus_dq_bit,idelay_cntvaluein_skew,lane0,dq3,0,dqs_vs_dq_bit,423,-79,-502,423,79,-344,positive,negative,True,True,False
1,pass_to_pass,baseline-no-lock-seed-1,cntvaluein3-skew-locked-seed1,True,True,0,0,none,signed_dqs_minus_dq_bit__idelay_cntvaluein_skew__lane0__dq3__ctrl_1__dqs_vs_dq_bit__value_ps,signed_dqs_minus_dq_bit,idelay_cntvaluein_skew,lane0,dq3,1,dqs_vs_dq_bit,-54,569,623,54,569,515,negative,positive,True,False,True
1,pass_to_pass,baseline-no-lock-seed-1,cntvaluein3-skew-locked-seed1,True,True,0,0,none,signed_dqs_minus_dq_bit__idelay_cntvaluein_skew__lane0__dq3__ctrl_2__dqs_vs_dq_bit__value_ps,signed_dqs_minus_dq_bit,idelay_cntvaluein_skew,lane0,dq3,2,dqs_vs_dq_bit,696,1123,427,696,1123,427,positive,positive,False,False,True
1,pass_to_pass,baseline-no-lock-seed-1,cntvaluein3-skew-locked-seed1,True,True,0,0,none,signed_dqs_minus_dq_bit__idelay_cntvaluein_skew__lane0__dq3__ctrl_3__dqs_vs_dq_bit__value_ps,signed_dqs_minus_dq_bit,idelay_cntvaluein_skew,lane0,dq3,3,dqs_vs_dq_bit,-100,738,838,100,738,638,negative,positive,True,False,True
1,pass_to_pass,baseline-no-lock-seed-1,cntvaluein3-skew-locked-seed1,True,True,0,0,none,signed_dqs_minus_dq_bit__idelay_cntvaluein_skew__lane0__dq3__ctrl_4__dqs_vs_dq_bit__value_ps,signed_dqs_minus_dq_bit,idelay_cntvaluein_skew,lane0,dq3,4,dqs_vs_dq_bit,311,854,543,311,854,543,positive,positive,False,False,True
1,pass_to_pass,baseline-no-lock-seed-1,cntvaluein3-skew-locked-seed1,True,True,0,0,none,signed_dqs_minus_dq_bit__idelay_cntvaluein_skew__lane0__dq4__ctrl_0__dqs_vs_dq_bit__value_ps,signed_dqs_minus_dq_bit,idelay_cntvaluein_skew,lane0,dq4,0,dqs_vs_dq_bit,285,-2,-287,285,2,-283,positive,negative,True,True,False
1,pass_to_pass,baseline-no-lock-seed-1,cntvaluein3-skew-locked-seed1,True,True,0,0,none,signed_dqs_minus_dq_bit__idelay_cntvaluein_skew__lane0__dq4__ctrl_1__dqs_vs_dq_bit__value_ps,signed_dqs_minus_dq_bit,idelay_cntvaluein_skew,lane0,dq4,1,dqs_vs_dq_bit,-584,158,742,584,158,-426,negative,positive,True,True,False
1,pass_to_pass,baseline-no-lock-seed-1,cntvaluein3-skew-locked-seed1,True,True,0,0,none,signed_dqs_minus_dq_bit__idelay_cntvaluein_skew__lane0__dq4__ctrl_2__dqs_vs_dq_bit__value_ps,signed_dqs_minus_dq_bit,idelay_cntvaluein_skew,lane0,dq4,2,dqs_vs_dq_bit,696,909,213,696,909,213,positive,positive,False,False,True
1,pass_to_pass,baseline-no-lock-seed-1,cntvaluein3-skew-locked-seed1,True,True,0,0,none,signed_dqs_minus_dq_bit__idelay_cntvaluein_skew__lane0__dq4__ctrl_3__dqs_vs_dq_bit__value_ps,signed_dqs_minus_dq_bit,idelay_cntvaluein_skew,lane0,dq4,3,dqs_vs_dq_bit,-276,567,843,276,567,291,negative,positive,True,False,True
1,pass_to_pass,baseline-no-lock-seed-1,cntvaluein3-skew-locked-seed1,True,True,0,0,none,signed_dqs_minus_dq_bit__idelay_cntvaluein_skew__lane0__dq4__ctrl_4__dqs_vs_dq_bit__value_ps,signed_dqs_minus_dq_bit,idelay_cntvaluein_skew,lane0,dq4,4,dqs_vs_dq_bit,-24,444,468,24,444,420,negative,positive,True,False,True
1,pass_to_pass,baseline-no-lock-seed-1,cntvaluein3-skew-locked-seed1,True,True,0,0,none,signed_dqs_minus_dq_bit__idelay_cntvaluein_skew__lane0__dq5__ctrl_0__dqs_vs_dq_bit__value_ps,signed_dqs_minus_dq_bit,idelay_cntvaluein_skew,lane0,dq5,0,dqs_vs_dq_bit,215,-77,-292,215,77,-138,positive,negative,True,True,False
1,pass_to_pass,baseline-no-lock-seed-1,cntvaluein3-skew-locked-seed1,True,True,0,0,none,signed_dqs_minus_dq_bit__idelay_cntvaluein_skew__lane0__dq5__ctrl_1__dqs_vs_dq_bit__value_ps,signed_dqs_minus_dq_bit,idelay_cntvaluein_skew,lane0,dq5,1,dqs_vs_dq_bit,-108,484,592,108,484,376,negative,positive,True,False,True
1,pass_to_pass,baseline-no-lock-seed-1,cntvaluein3-skew-locked-seed1,True,True,0,0,none,signed_dqs_minus_dq_bit__idelay_cntvaluein_skew__lane0__dq5__ctrl_2__dqs_vs_dq_bit__value_ps,signed_dqs_minus_dq_bit,idelay_cntvaluein_skew,lane0,dq5,2,dqs_vs_dq_bit,785,1071,286,785,1071,286,positive,positive,False,False,True
1,pass_to_pass,baseline-no-lock-seed-1,cntvaluein3-skew-locked-seed1,True,True,0,0,none,signed_dqs_minus_dq_bit__idelay_cntvaluein_skew__lane0__dq5__ctrl_3__dqs_vs_dq_bit__value_ps,signed_dqs_minus_dq_bit,idelay_cntvaluein_skew,lane0,dq5,3,dqs_vs_dq_bit,28,653,625,28,653,625,positive,positive,False,False,True
1,pass_to_pass,baseline-no-lock-seed-1,cntvaluein3-skew-locked-seed1,True,True,0,0,none,signed_dqs_minus_dq_bit__idelay_cntvaluein_skew__lane0__dq5__ctrl_4__dqs_vs_dq_bit__value_ps,signed_dqs_minus_dq_bit,idelay_cntvaluein_skew,lane0,dq5,4,dqs_vs_dq_bit,392,901,509,392,901,509,positive,positive,False,False,True
1,pass_to_pass,baseline-no-lock-seed-1,cntvaluein3-skew-locked-seed1,True,True,0,0,none,signed_dqs_minus_dq_bit__idelay_cntvaluein_skew__lane0__dq6__ctrl_0__dqs_vs_dq_bit__value_ps,signed_dqs_minus_dq_bit,idelay_cntvaluein_skew,lane0,dq6,0,dqs_vs_dq_bit,304,-59,-363,304,59,-245,positive,negative,True,True,False
1,pass_to_pass,baseline-no-lock-seed-1,cntvaluein3-skew-locked-seed1,True,True,0,0,none,signed_dqs_minus_dq_bit__idelay_cntvaluein_skew__lane0__dq6__ctrl_1__dqs_vs_dq_bit__value_ps,signed_dqs_minus_dq_bit,idelay_cntvaluein_skew,lane0,dq6,1,dqs_vs_dq_bit,-679,63,742,679,63,-616,negative,positive,True,True,False
1,pass_to_pass,baseline-no-lock-seed-1,cntvaluein3-skew-locked-seed1,True,True,0,0,none,signed_dqs_minus_dq_bit__idelay_cntvaluein_skew__lane0__dq6__ctrl_2__dqs_vs_dq_bit__value_ps,signed_dqs_minus_dq_bit,idelay_cntvaluein_skew,lane0,dq6,2,dqs_vs_dq_bit,645,906,261,645,906,261,positive,positive,False,False,True
1,pass_to_pass,baseline-no-lock-seed-1,cntvaluein3-skew-locked-seed1,True,True,0,0,none,signed_dqs_minus_dq_bit__idelay_cntvaluein_skew__lane0__dq6__ctrl_3__dqs_vs_dq_bit__value_ps,signed_dqs_minus_dq_bit,idelay_cntvaluein_skew,lane0,dq6,3,dqs_vs_dq_bit,-371,390,761,371,390,19,negative,positive,True,False,True
1,pass_to_pass,baseline-no-lock-seed-1,cntvaluein3-skew-locked-seed1,True,True,0,0,none,signed_dqs_minus_dq_bit__idelay_cntvaluein_skew__lane0__dq6__ctrl_4__dqs_vs_dq_bit__value_ps,signed_dqs_minus_dq_bit,idelay_cntvaluein_skew,lane0,dq6,4,dqs_vs_dq_bit,132,436,304,132,436,304,positive,positive,False,False,True
1,pass_to_pass,baseline-no-lock-seed-1,cntvaluein3-skew-locked-seed1,True,True,0,0,none,signed_dqs_minus_dq_bit__idelay_cntvaluein_skew__lane0__dq7__ctrl_0__dqs_vs_dq_bit__value_ps,signed_dqs_minus_dq_bit,idelay_cntvaluein_skew,lane0,dq7,0,dqs_vs_dq_bit,117,-51,-168,117,51,-66,positive,negative,True,True,False
1,pass_to_pass,baseline-no-lock-seed-1,cntvaluein3-skew-locked-seed1,True,True,0,0,none,signed_dqs_minus_dq_bit__idelay_cntvaluein_skew__lane0__dq7__ctrl_1__dqs_vs_dq_bit__value_ps,signed_dqs_minus_dq_bit,idelay_cntvaluein_skew,lane0,dq7,1,dqs_vs_dq_bit,-678,64,742,678,64,-614,negative,positive,True,True,False
1,pass_to_pass,baseline-no-lock-seed-1,cntvaluein3-skew-locked-seed1,True,True,0,0,none,signed_dqs_minus_dq_bit__idelay_cntvaluein_skew__lane0__dq7__ctrl_2__dqs_vs_dq_bit__value_ps,signed_dqs_minus_dq_bit,idelay_cntvaluein_skew,lane0,dq7,2,dqs_vs_dq_bit,558,826,268,558,826,268,positive,positive,False,False,True
1,pass_to_pass,baseline-no-lock-seed-1,cntvaluein3-skew-locked-seed1,True,True,0,0,none,signed_dqs_minus_dq_bit__idelay_cntvaluein_skew__lane0__dq7__ctrl_3__dqs_vs_dq_bit__value_ps,signed_dqs_minus_dq_bit,idelay_cntvaluein_skew,lane0,dq7,3,dqs_vs_dq_bit,-368,391,759,368,391,23,negative,positive,True,False,True
1,pass_to_pass,baseline-no-lock-seed-1,cntvaluein3-skew-locked-seed1,True,True,0,0,none,signed_dqs_minus_dq_bit__idelay_cntvaluein_skew__lane0__dq7__ctrl_4__dqs_vs_dq_bit__value_ps,signed_dqs_minus_dq_bit,idelay_cntvaluein_skew,lane0,dq7,4,dqs_vs_dq_bit,43,444,401,43,444,401,positive,positive,False,False,True
1,pass_to_pass,baseline-no-lock-seed-1,cntvaluein3-skew-locked-seed1,True,True,0,0,none,signed_dqs_minus_dq_bit__idelay_cntvaluein_skew__lane1__dq10__ctrl_0__dqs_vs_dq_bit__value_ps,signed_dqs_minus_dq_bit,idelay_cntvaluein_skew,lane1,dq10,0,dqs_vs_dq_bit,35,254,219,35,254,219,positive,positive,False,False,True
1,pass_to_pass,baseline-no-lock-seed-1,cntvaluein3-skew-locked-seed1,True,True,0,0,none,signed_dqs_minus_dq_bit__idelay_cntvaluein_skew__lane1__dq10__ctrl_1__dqs_vs_dq_bit__value_ps,signed_dqs_minus_dq_bit,idelay_cntvaluein_skew,lane1,dq10,1,dqs_vs_dq_bit,-346,423,769,346,423,77,negative,positive,True,False,True
1,pass_to_pass,baseline-no-lock-seed-1,cntvaluein3-skew-locked-seed1,True,True,0,0,none,signed_dqs_minus_dq_bit__idelay_cntvaluein_skew__lane1__dq10__ctrl_2__dqs_vs_dq_bit__value_ps,signed_dqs_minus_dq_bit,idelay_cntvaluein_skew,lane1,dq10,2,dqs_vs_dq_bit,814,869,55,814,869,55,positive,positive,False,False,True
1,pass_to_pass,baseline-no-lock-seed-1,cntvaluein3-skew-locked-seed1,True,True,0,0,none,signed_dqs_minus_dq_bit__idelay_cntvaluein_skew__lane1__dq10__ctrl_3__dqs_vs_dq_bit__value_ps,signed_dqs_minus_dq_bit,idelay_cntvaluein_skew,lane1,dq10,3,dqs_vs_dq_bit,-248,363,611,248,363,115,negative,positive,True,False,True
1,pass_to_pass,baseline-no-lock-seed-1,cntvaluein3-skew-locked-seed1,True,True,0,0,none,signed_dqs_minus_dq_bit__idelay_cntvaluein_skew__lane1__dq10__ctrl_4__dqs_vs_dq_bit__value_ps,signed_dqs_minus_dq_bit,idelay_cntvaluein_skew,lane1,dq10,4,dqs_vs_dq_bit,-39,733,772,39,733,694,negative,positive,True,False,True
1,pass_to_pass,baseline-no-lock-seed-1,cntvaluein3-skew-locked-seed1,True,True,0,0,none,signed_dqs_minus_dq_bit__idelay_cntvaluein_skew__lane1__dq11__ctrl_0__dqs_vs_dq_bit__value_ps,signed_dqs_minus_dq_bit,idelay_cntvaluein_skew,lane1,dq11,0,dqs_vs_dq_bit,-33,335,368,33,335,302,negative,positive,True,False,True
1,pass_to_pass,baseline-no-lock-seed-1,cntvaluein3-skew-locked-seed1,True,True,0,0,none,signed_dqs_minus_dq_bit__idelay_cntvaluein_skew__lane1__dq11__ctrl_1__dqs_vs_dq_bit__value_ps,signed_dqs_minus_dq_bit,idelay_cntvaluein_skew,lane1,dq11,1,dqs_vs_dq_bit,-252,459,711,252,459,207,negative,positive,True,False,True
1,pass_to_pass,baseline-no-lock-seed-1,cntvaluein3-skew-locked-seed1,True,True,0,0,none,signed_dqs_minus_dq_bit__idelay_cntvaluein_skew__lane1__dq11__ctrl_2__dqs_vs_dq_bit__value_ps,signed_dqs_minus_dq_bit,idelay_cntvaluein_skew,lane1,dq11,2,dqs_vs_dq_bit,740,957,217,740,957,217,positive,positive,False,False,True
1,pass_to_pass,baseline-no-lock-seed-1,cntvaluein3-skew-locked-seed1,True,True,0,0,none,signed_dqs_minus_dq_bit__idelay_cntvaluein_skew__lane1__dq11__ctrl_3__dqs_vs_dq_bit__value_ps,signed_dqs_minus_dq_bit,idelay_cntvaluein_skew,lane1,dq11,3,dqs_vs_dq_bit,-49,476,525,49,476,427,negative,positive,True,False,True
1,pass_to_pass,baseline-no-lock-seed-1,cntvaluein3-skew-locked-seed1,True,True,0,0,none,signed_dqs_minus_dq_bit__idelay_cntvaluein_skew__lane1__dq11__ctrl_4__dqs_vs_dq_bit__value_ps,signed_dqs_minus_dq_bit,idelay_cntvaluein_skew,lane1,dq11,4,dqs_vs_dq_bit,189,913,724,189,913,724,positive,positive,False,False,True
1,pass_to_pass,baseline-no-lock-seed-1,cntvaluein3-skew-locked-seed1,True,True,0,0,none,signed_dqs_minus_dq_bit__idelay_cntvaluein_skew__lane1__dq12__ctrl_0__dqs_vs_dq_bit__value_ps,signed_dqs_minus_dq_bit,idelay_cntvaluein_skew,lane1,dq12,0,dqs_vs_dq_bit,-49,254,303,49,254,205,negative,positive,True,False,True
1,pass_to_pass,baseline-no-lock-seed-1,cntvaluein3-skew-locked-seed1,True,True,0,0,none,signed_dqs_minus_dq_bit__idelay_cntvaluein_skew__lane1__dq12__ctrl_1__dqs_vs_dq_bit__value_ps,signed_dqs_minus_dq_bit,idelay_cntvaluein_skew,lane1,dq12,1,dqs_vs_dq_bit,-259,342,601,259,342,83,negative,positive,True,False,True
1,pass_to_pass,baseline-no-lock-seed-1,cntvaluein3-skew-locked-seed1,True,True,0,0,none,signed_dqs_minus_dq_bit__idelay_cntvaluein_skew__lane1__dq12__ctrl_2__dqs_vs_dq_bit__value_ps,signed_dqs_minus_dq_bit,idelay_cntvaluein_skew,lane1,dq12,2,dqs_vs_dq_bit,783,785,2,783,785,2,positive,positive,False,False,True
1,pass_to_pass,baseline-no-lock-seed-1,cntvaluein3-skew-locked-seed1,True,True,0,0,none,signed_dqs_minus_dq_bit__idelay_cntvaluein_skew__lane1__dq12__ctrl_3__dqs_vs_dq_bit__value_ps,signed_dqs_minus_dq_bit,idelay_cntvaluein_skew,lane1,dq12,3,dqs_vs_dq_bit,-157,411,568,157,411,254,negative,positive,True,False,True
1,pass_to_pass,baseline-no-lock-seed-1,cntvaluein3-skew-locked-seed1,True,True,0,0,none,signed_dqs_minus_dq_bit__idelay_cntvaluein_skew__lane1__dq12__ctrl_4__dqs_vs_dq_bit__value_ps,signed_dqs_minus_dq_bit,idelay_cntvaluein_skew,lane1,dq12,4,dqs_vs_dq_bit,-125,737,862,125,737,612,negative,positive,True,False,True
1,pass_to_pass,baseline-no-lock-seed-1,cntvaluein3-skew-locked-seed1,True,True,0,0,none,signed_dqs_minus_dq_bit__idelay_cntvaluein_skew__lane1__dq13__ctrl_0__dqs_vs_dq_bit__value_ps,signed_dqs_minus_dq_bit,idelay_cntvaluein_skew,lane1,dq13,0,dqs_vs_dq_bit,-120,415,535,120,415,295,negative,positive,True,False,True
1,pass_to_pass,baseline-no-lock-seed-1,cntvaluein3-skew-locked-seed1,True,True,0,0,none,signed_dqs_minus_dq_bit__idelay_cntvaluein_skew__lane1__dq13__ctrl_1__dqs_vs_dq_bit__value_ps,signed_dqs_minus_dq_bit,idelay_cntvaluein_skew,lane1,dq13,1,dqs_vs_dq_bit,-342,376,718,342,376,34,negative,positive,True,False,True
1,pass_to_pass,baseline-no-lock-seed-1,cntvaluein3-skew-locked-seed1,True,True,0,0,none,signed_dqs_minus_dq_bit__idelay_cntvaluein_skew__lane1__dq13__ctrl_2__dqs_vs_dq_bit__value_ps,signed_dqs_minus_dq_bit,idelay_cntvaluein_skew,lane1,dq13,2,dqs_vs_dq_bit,1008,1059,51,1008,1059,51,positive,positive,False,False,True
1,pass_to_pass,baseline-no-lock-seed-1,cntvaluein3-skew-locked-seed1,True,True,0,0,none,signed_dqs_minus_dq_bit__idelay_cntvaluein_skew__lane1__dq13__ctrl_3__dqs_vs_dq_bit__value_ps,signed_dqs_minus_dq_bit,idelay_cntvaluein_skew,lane1,dq13,3,dqs_vs_dq_bit,-134,613,747,134,613,479,negative,positive,True,False,True
1,pass_to_pass,baseline-no-lock-seed-1,cntvaluein3-skew-locked-seed1,True,True,0,0,none,signed_dqs_minus_dq_bit__idelay_cntvaluein_skew__lane1__dq13__ctrl_4__dqs_vs_dq_bit__value_ps,signed_dqs_minus_dq_bit,idelay_cntvaluein_skew,lane1,dq13,4,dqs_vs_dq_bit,184,825,641,184,825,641,positive,positive,False,False,True
1,pass_to_pass,baseline-no-lock-seed-1,cntvaluein3-skew-locked-seed1,True,True,0,0,none,signed_dqs_minus_dq_bit__idelay_cntvaluein_skew__lane1__dq14__ctrl_0__dqs_vs_dq_bit__value_ps,signed_dqs_minus_dq_bit,idelay_cntvaluein_skew,lane1,dq14,0,dqs_vs_dq_bit,127,243,116,127,243,116,positive,positive,False,False,True
1,pass_to_pass,baseline-no-lock-seed-1,cntvaluein3-skew-locked-seed1,True,True,0,0,none,signed_dqs_minus_dq_bit__idelay_cntvaluein_skew__lane1__dq14__ctrl_1__dqs_vs_dq_bit__value_ps,signed_dqs_minus_dq_bit,idelay_cntvaluein_skew,lane1,dq14,1,dqs_vs_dq_bit,-344,251,595,344,251,-93,negative,positive,True,True,False
1,pass_to_pass,baseline-no-lock-seed-1,cntvaluein3-skew-locked-seed1,True,True,0,0,none,signed_dqs_minus_dq_bit__idelay_cntvaluein_skew__lane1__dq14__ctrl_2__dqs_vs_dq_bit__value_ps,signed_dqs_minus_dq_bit,idelay_cntvaluein_skew,lane1,dq14,2,dqs_vs_dq_bit,745,773,28,745,773,28,positive,positive,False,False,True
1,pass_to_pass,baseline-no-lock-seed-1,cntvaluein3-skew-locked-seed1,True,True,0,0,none,signed_dqs_minus_dq_bit__idelay_cntvaluein_skew__lane1__dq14__ctrl_3__dqs_vs_dq_bit__value_ps,signed_dqs_minus_dq_bit,idelay_cntvaluein_skew,lane1,dq14,3,dqs_vs_dq_bit,-141,325,466,141,325,184,negative,positive,True,False,True
1,pass_to_pass,baseline-no-lock-seed-1,cntvaluein3-skew-locked-seed1,True,True,0,0,none,signed_dqs_minus_dq_bit__idelay_cntvaluein_skew__lane1__dq14__ctrl_4__dqs_vs_dq_bit__value_ps,signed_dqs_minus_dq_bit,idelay_cntvaluein_skew,lane1,dq14,4,dqs_vs_dq_bit,-209,825,1034,209,825,616,negative,positive,True,False,True
1,pass_to_pass,baseline-no-lock-seed-1,cntvaluein3-skew-locked-seed1,True,True,0,0,none,signed_dqs_minus_dq_bit__idelay_cntvaluein_skew__lane1__dq15__ctrl_0__dqs_vs_dq_bit__value_ps,signed_dqs_minus_dq_bit,idelay_cntvaluein_skew,lane1,dq15,0,dqs_vs_dq_bit,196,197,1,196,197,1,positive,positive,False,False,True
1,pass_to_pass,baseline-no-lock-seed-1,cntvaluein3-skew-locked-seed1,True,True,0,0,none,signed_dqs_minus_dq_bit__idelay_cntvaluein_skew__lane1__dq15__ctrl_1__dqs_vs_dq_bit__value_ps,signed_dqs_minus_dq_bit,idelay_cntvaluein_skew,lane1,dq15,1,dqs_vs_dq_bit,80,252,172,80,252,172,positive,positive,False,False,True
1,pass_to_pass,baseline-no-lock-seed-1,cntvaluein3-skew-locked-seed1,True,True,0,0,none,signed_dqs_minus_dq_bit__idelay_cntvaluein_skew__lane1__dq15__ctrl_2__dqs_vs_dq_bit__value_ps,signed_dqs_minus_dq_bit,idelay_cntvaluein_skew,lane1,dq15,2,dqs_vs_dq_bit,784,955,171,784,955,171,positive,positive,False,False,True
1,pass_to_pass,baseline-no-lock-seed-1,cntvaluein3-skew-locked-seed1,True,True,0,0,none,signed_dqs_minus_dq_bit__idelay_cntvaluein_skew__lane1__dq15__ctrl_3__dqs_vs_dq_bit__value_ps,signed_dqs_minus_dq_bit,idelay_cntvaluein_skew,lane1,dq15,3,dqs_vs_dq_bit,89,669,580,89,669,580,positive,positive,False,False,True
1,pass_to_pass,baseline-no-lock-seed-1,cntvaluein3-skew-locked-seed1,True,True,0,0,none,signed_dqs_minus_dq_bit__idelay_cntvaluein_skew__lane1__dq15__ctrl_4__dqs_vs_dq_bit__value_ps,signed_dqs_minus_dq_bit,idelay_cntvaluein_skew,lane1,dq15,4,dqs_vs_dq_bit,479,775,296,479,775,296,positive,positive,False,False,True
1,pass_to_pass,baseline-no-lock-seed-1,cntvaluein3-skew-locked-seed1,True,True,0,0,none,signed_dqs_minus_dq_bit__idelay_cntvaluein_skew__lane1__dq8__ctrl_0__dqs_vs_dq_bit__value_ps,signed_dqs_minus_dq_bit,idelay_cntvaluein_skew,lane1,dq8,0,dqs_vs_dq_bit,43,159,116,43,159,116,positive,positive,False,False,True
1,pass_to_pass,baseline-no-lock-seed-1,cntvaluein3-skew-locked-seed1,True,True,0,0,none,signed_dqs_minus_dq_bit__idelay_cntvaluein_skew__lane1__dq8__ctrl_1__dqs_vs_dq_bit__value_ps,signed_dqs_minus_dq_bit,idelay_cntvaluein_skew,lane1,dq8,1,dqs_vs_dq_bit,-166,159,325,166,159,-7,negative,positive,True,True,False
1,pass_to_pass,baseline-no-lock-seed-1,cntvaluein3-skew-locked-seed1,True,True,0,0,none,signed_dqs_minus_dq_bit__idelay_cntvaluein_skew__lane1__dq8__ctrl_2__dqs_vs_dq_bit__value_ps,signed_dqs_minus_dq_bit,idelay_cntvaluein_skew,lane1,dq8,2,dqs_vs_dq_bit,832,932,100,832,932,100,positive,positive,False,False,True
1,pass_to_pass,baseline-no-lock-seed-1,cntvaluein3-skew-locked-seed1,True,True,0,0,none,signed_dqs_minus_dq_bit__idelay_cntvaluein_skew__lane1__dq8__ctrl_3__dqs_vs_dq_bit__value_ps,signed_dqs_minus_dq_bit,idelay_cntvaluein_skew,lane1,dq8,3,dqs_vs_dq_bit,-251,241,492,251,241,-10,negative,positive,True,True,False
1,pass_to_pass,baseline-no-lock-seed-1,cntvaluein3-skew-locked-seed1,True,True,0,0,none,signed_dqs_minus_dq_bit__idelay_cntvaluein_skew__lane1__dq8__ctrl_4__dqs_vs_dq_bit__value_ps,signed_dqs_minus_dq_bit,idelay_cntvaluein_skew,lane1,dq8,4,dqs_vs_dq_bit,92,825,733,92,825,733,positive,positive,False,False,True
1,pass_to_pass,baseline-no-lock-seed-1,cntvaluein3-skew-locked-seed1,True,True,0,0,none,signed_dqs_minus_dq_bit__idelay_cntvaluein_skew__lane1__dq9__ctrl_0__dqs_vs_dq_bit__value_ps,signed_dqs_minus_dq_bit,idelay_cntvaluein_skew,lane1,dq9,0,dqs_vs_dq_bit,112,277,165,112,277,165,positive,positive,False,False,True
1,pass_to_pass,baseline-no-lock-seed-1,cntvaluein3-skew-locked-seed1,True,True,0,0,none,signed_dqs_minus_dq_bit__idelay_cntvaluein_skew__lane1__dq9__ctrl_1__dqs_vs_dq_bit__value_ps,signed_dqs_minus_dq_bit,idelay_cntvaluein_skew,lane1,dq9,1,dqs_vs_dq_bit,28,162,134,28,162,134,positive,positive,False,False,True
1,pass_to_pass,baseline-no-lock-seed-1,cntvaluein3-skew-locked-seed1,True,True,0,0,none,signed_dqs_minus_dq_bit__idelay_cntvaluein_skew__lane1__dq9__ctrl_2__dqs_vs_dq_bit__value_ps,signed_dqs_minus_dq_bit,idelay_cntvaluein_skew,lane1,dq9,2,dqs_vs_dq_bit,873,869,-4,873,869,-4,positive,positive,False,True,False
1,pass_to_pass,baseline-no-lock-seed-1,cntvaluein3-skew-locked-seed1,True,True,0,0,none,signed_dqs_minus_dq_bit__idelay_cntvaluein_skew__lane1__dq9__ctrl_3__dqs_vs_dq_bit__value_ps,signed_dqs_minus_dq_bit,idelay_cntvaluein_skew,lane1,dq9,3,dqs_vs_dq_bit,-1,585,586,1,585,584,negative,positive,True,False,True
1,pass_to_pass,baseline-no-lock-seed-1,cntvaluein3-skew-locked-seed1,True,True,0,0,none,signed_dqs_minus_dq_bit__idelay_cntvaluein_skew__lane1__dq9__ctrl_4__dqs_vs_dq_bit__value_ps,signed_dqs_minus_dq_bit,idelay_cntvaluein_skew,lane1,dq9,4,dqs_vs_dq_bit,224,687,463,224,687,463,positive,positive,False,False,True
1,pass_to_pass,baseline-no-lock-seed-1,cntvaluein3-skew-locked-seed1,True,True,0,0,none,signed_dqs_minus_dq_median__idelay_cntvaluein_skew__lane0__dqs0__ctrl_0__dqs_vs_dq_lane__value_ps,signed_dqs_minus_dq_median,idelay_cntvaluein_skew,lane0,dqs0,0,dqs_vs_dq_lane,250,-68,-318,250,68,-182,positive,negative,True,True,False
1,pass_to_pass,baseline-no-lock-seed-1,cntvaluein3-skew-locked-seed1,True,True,0,0,none,signed_dqs_minus_dq_median__idelay_cntvaluein_skew__lane0__dqs0__ctrl_1__dqs_vs_dq_lane__value_ps,signed_dqs_minus_dq_median,idelay_cntvaluein_skew,lane0,dqs0,1,dqs_vs_dq_lane,-539,203.5,742.5,539,203.5,-335.5,negative,positive,True,True,False
1,pass_to_pass,baseline-no-lock-seed-1,cntvaluein3-skew-locked-seed1,True,True,0,0,none,signed_dqs_minus_dq_median__idelay_cntvaluein_skew__lane0__dqs0__ctrl_2__dqs_vs_dq_lane__value_ps,signed_dqs_minus_dq_median,idelay_cntvaluein_skew,lane0,dqs0,2,dqs_vs_dq_lane,695,907.5,212.5,695,907.5,212.5,positive,positive,False,False,True
1,pass_to_pass,baseline-no-lock-seed-1,cntvaluein3-skew-locked-seed1,True,True,0,0,none,signed_dqs_minus_dq_median__idelay_cntvaluein_skew__lane0__dqs0__ctrl_3__dqs_vs_dq_lane__value_ps,signed_dqs_minus_dq_median,idelay_cntvaluein_skew,lane0,dqs0,3,dqs_vs_dq_lane,-252.5,586,838.5,252.5,586,333.5,negative,positive,True,False,True
1,pass_to_pass,baseline-no-lock-seed-1,cntvaluein3-skew-locked-seed1,True,True,0,0,none,signed_dqs_minus_dq_median__idelay_cntvaluein_skew__lane0__dqs0__ctrl_4__dqs_vs_dq_lane__value_ps,signed_dqs_minus_dq_median,idelay_cntvaluein_skew,lane0,dqs0,4,dqs_vs_dq_lane,9.5,579.5,570,9.5,579.5,570,positive,positive,False,False,True
1,pass_to_pass,baseline-no-lock-seed-1,cntvaluein3-skew-locked-seed1,True,True,0,0,none,signed_dqs_minus_dq_median__idelay_cntvaluein_skew__lane1__dqs1__ctrl_0__dqs_vs_dq_lane__value_ps,signed_dqs_minus_dq_median,idelay_cntvaluein_skew,lane1,dqs1,0,dqs_vs_dq_lane,39,254,215,39,254,215,positive,positive,False,False,True
1,pass_to_pass,baseline-no-lock-seed-1,cntvaluein3-skew-locked-seed1,True,True,0,0,none,signed_dqs_minus_dq_median__idelay_cntvaluein_skew__lane1__dqs1__ctrl_1__dqs_vs_dq_lane__value_ps,signed_dqs_minus_dq_median,idelay_cntvaluein_skew,lane1,dqs1,1,dqs_vs_dq_lane,-255.5,297,552.5,255.5,297,41.5,negative,positive,True,False,True
1,pass_to_pass,baseline-no-lock-seed-1,cntvaluein3-skew-locked-seed1,True,True,0,0,none,signed_dqs_minus_dq_median__idelay_cntvaluein_skew__lane1__dqs1__ctrl_2__dqs_vs_dq_lane__value_ps,signed_dqs_minus_dq_median,idelay_cntvaluein_skew,lane1,dqs1,2,dqs_vs_dq_lane,799,900.5,101.5,799,900.5,101.5,positive,positive,False,False,True
1,pass_to_pass,baseline-no-lock-seed-1,cntvaluein3-skew-locked-seed1,True,True,0,0,none,signed_dqs_minus_dq_median__idelay_cntvaluein_skew__lane1__dqs1__ctrl_3__dqs_vs_dq_lane__value_ps,signed_dqs_minus_dq_median,idelay_cntvaluein_skew,lane1,dqs1,3,dqs_vs_dq_lane,-137.5,443.5,581,137.5,443.5,306,negative,positive,True,False,True
1,pass_to_pass,baseline-no-lock-seed-1,cntvaluein3-skew-locked-seed1,True,True,0,0,none,signed_dqs_minus_dq_median__idelay_cntvaluein_skew__lane1__dqs1__ctrl_4__dqs_vs_dq_lane__value_ps,signed_dqs_minus_dq_median,idelay_cntvaluein_skew,lane1,dqs1,4,dqs_vs_dq_lane,138,800,662,138,800,662,positive,positive,False,False,True
1,pass_to_pass,baseline-no-lock-seed-1,cntvaluein3-skew-locked-seed1,True,True,0,0,none,signed_lane1_minus_lane0_dq_median__idelay_cntvaluein_skew__all__no_bit__ctrl_0__lane1_vs_lane0_dq__value_ps,signed_lane1_minus_lane0_dq_median,idelay_cntvaluein_skew,all,,0,lane1_vs_lane0_dq,-223,-194,29,223,194,-29,negative,negative,False,True,False
1,pass_to_pass,baseline-no-lock-seed-1,cntvaluein3-skew-locked-seed1,True,True,0,0,none,signed_lane1_minus_lane0_dq_median__idelay_cntvaluein_skew__all__no_bit__ctrl_1__lane1_vs_lane0_dq__value_ps,signed_lane1_minus_lane0_dq_median,idelay_cntvaluein_skew,all,,1,lane1_vs_lane0_dq,-542.5,-365.5,177,542.5,365.5,-177,negative,negative,False,True,False
1,pass_to_pass,baseline-no-lock-seed-1,cntvaluein3-skew-locked-seed1,True,True,0,0,none,signed_lane1_minus_lane0_dq_median__idelay_cntvaluein_skew__all__no_bit__ctrl_2__lane1_vs_lane0_dq__value_ps,signed_lane1_minus_lane0_dq_median,idelay_cntvaluein_skew,all,,2,lane1_vs_lane0_dq,-86,-256,-170,86,256,170,negative,negative,False,False,True
1,pass_to_pass,baseline-no-lock-seed-1,cntvaluein3-skew-locked-seed1,True,True,0,0,none,signed_lane1_minus_lane0_dq_median__idelay_cntvaluein_skew__all__no_bit__ctrl_3__lane1_vs_lane0_dq__value_ps,signed_lane1_minus_lane0_dq_median,idelay_cntvaluein_skew,all,,3,lane1_vs_lane0_dq,-396,-303.5,92.5,396,303.5,-92.5,negative,negative,False,True,False
1,pass_to_pass,baseline-no-lock-seed-1,cntvaluein3-skew-locked-seed1,True,True,0,0,none,signed_lane1_minus_lane0_dq_median__idelay_cntvaluein_skew__all__no_bit__ctrl_4__lane1_vs_lane0_dq__value_ps,signed_lane1_minus_lane0_dq_median,idelay_cntvaluein_skew,all,,4,lane1_vs_lane0_dq,-487.5,-562.5,-75,487.5,562.5,75,negative,negative,False,False,True
1,pass_to_pass,baseline-no-lock-seed-1,cntvaluein3-skew-locked-seed1,True,True,0,0,none,signed_lane1_minus_lane0_dqs__idelay_cntvaluein_skew__all__no_bit__ctrl_0__lane1_vs_lane0_dqs__value_ps,signed_lane1_minus_lane0_dqs,idelay_cntvaluein_skew,all,,0,lane1_vs_lane0_dqs,-434,128,562,434,128,-306,negative,positive,True,True,False
1,pass_to_pass,baseline-no-lock-seed-1,cntvaluein3-skew-locked-seed1,True,True,0,0,none,signed_lane1_minus_lane0_dqs__idelay_cntvaluein_skew__all__no_bit__ctrl_1__lane1_vs_lane0_dqs__value_ps,signed_lane1_minus_lane0_dqs,idelay_cntvaluein_skew,all,,1,lane1_vs_lane0_dqs,-259,-272,-13,259,272,13,negative,negative,False,False,True
1,pass_to_pass,baseline-no-lock-seed-1,cntvaluein3-skew-locked-seed1,True,True,0,0,none,signed_lane1_minus_lane0_dqs__idelay_cntvaluein_skew__all__no_bit__ctrl_2__lane1_vs_lane0_dqs__value_ps,signed_lane1_minus_lane0_dqs,idelay_cntvaluein_skew,all,,2,lane1_vs_lane0_dqs,18,-263,-281,18,263,245,positive,negative,True,False,True
1,pass_to_pass,baseline-no-lock-seed-1,cntvaluein3-skew-locked-seed1,True,True,0,0,none,signed_lane1_minus_lane0_dqs__idelay_cntvaluein_skew__all__no_bit__ctrl_3__lane1_vs_lane0_dqs__value_ps,signed_lane1_minus_lane0_dqs,idelay_cntvaluein_skew,all,,3,lane1_vs_lane0_dqs,-281,-446,-165,281,446,165,negative,negative,False,False,True
1,pass_to_pass,baseline-no-lock-seed-1,cntvaluein3-skew-locked-seed1,True,True,0,0,none,signed_lane1_minus_lane0_dqs__idelay_cntvaluein_skew__all__no_bit__ctrl_4__lane1_vs_lane0_dqs__value_ps,signed_lane1_minus_lane0_dqs,idelay_cntvaluein_skew,all,,4,lane1_vs_lane0_dqs,-359,-342,17,359,342,-17,negative,negative,False,True,False
1,pass_to_pass,baseline-no-lock-seed-1,cntvaluein3-skew-locked-seed1,True,True,0,0,none,signed_ld_dqs_minus_dq_median__idelay_ld_skew__lane0__dqs0__ctrl_none__dqs_vs_dq_lane__value_ps,signed_ld_dqs_minus_dq_median,idelay_ld_skew,lane0,dqs0,,dqs_vs_dq_lane,77,-100,-177,77,100,23,positive,negative,True,False,True
1,pass_to_pass,baseline-no-lock-seed-1,cntvaluein3-skew-locked-seed1,True,True,0,0,none,signed_ld_dqs_minus_dq_median__idelay_ld_skew__lane1__dqs1__ctrl_none__dqs_vs_dq_lane__value_ps,signed_ld_dqs_minus_dq_median,idelay_ld_skew,lane1,dqs1,,dqs_vs_dq_lane,-195,48,243,195,48,-147,negative,positive,True,True,False
1,pass_to_pass,baseline-no-lock-seed-1,cntvaluein3-skew-locked-seed1,True,True,0,0,none,signed_ld_minus_cntvaluein_dq_median__idelay_ld_cntvaluein_skew__lane0__no_bit__ctrl_0__ld_vs_cntvaluein_dq_lane__value_ps,signed_ld_minus_cntvaluein_dq_median,idelay_ld_cntvaluein_skew,lane0,,0,ld_vs_cntvaluein_dq_lane,191,421,230,191,421,230,positive,positive,False,False,True
1,pass_to_pass,baseline-no-lock-seed-1,cntvaluein3-skew-locked-seed1,True,True,0,0,none,signed_ld_minus_cntvaluein_dq_median__idelay_ld_cntvaluein_skew__lane0__no_bit__ctrl_1__ld_vs_cntvaluein_dq_lane__value_ps,signed_ld_minus_cntvaluein_dq_median,idelay_ld_cntvaluein_skew,lane0,,1,ld_vs_cntvaluein_dq_lane,-360,271.5,631.5,360,271.5,-88.5,negative,positive,True,True,False
1,pass_to_pass,baseline-no-lock-seed-1,cntvaluein3-skew-locked-seed1,True,True,0,0,none,signed_ld_minus_cntvaluein_dq_median__idelay_ld_cntvaluein_skew__lane0__no_bit__ctrl_2__ld_vs_cntvaluein_dq_lane__value_ps,signed_ld_minus_cntvaluein_dq_median,idelay_ld_cntvaluein_skew,lane0,,2,ld_vs_cntvaluein_dq_lane,511,278.5,-232.5,511,278.5,-232.5,positive,positive,False,True,False
1,pass_to_pass,baseline-no-lock-seed-1,cntvaluein3-skew-locked-seed1,True,True,0,0,none,signed_ld_minus_cntvaluein_dq_median__idelay_ld_cntvaluein_skew__lane0__no_bit__ctrl_3__ld_vs_cntvaluein_dq_lane__value_ps,signed_ld_minus_cntvaluein_dq_median,idelay_ld_cntvaluein_skew,lane0,,3,ld_vs_cntvaluein_dq_lane,-275.5,-467,-191.5,275.5,467,191.5,negative,negative,False,False,True
1,pass_to_pass,baseline-no-lock-seed-1,cntvaluein3-skew-locked-seed1,True,True,0,0,none,signed_ld_minus_cntvaluein_dq_median__idelay_ld_cntvaluein_skew__lane0__no_bit__ctrl_4__ld_vs_cntvaluein_dq_lane__value_ps,signed_ld_minus_cntvaluein_dq_median,idelay_ld_cntvaluein_skew,lane0,,4,ld_vs_cntvaluein_dq_lane,-10.5,228.5,239,10.5,228.5,218,negative,positive,True,False,True
1,pass_to_pass,baseline-no-lock-seed-1,cntvaluein3-skew-locked-seed1,True,True,0,0,none,signed_ld_minus_cntvaluein_dq_median__idelay_ld_cntvaluein_skew__lane1__no_bit__ctrl_0__ld_vs_cntvaluein_dq_lane__value_ps,signed_ld_minus_cntvaluein_dq_median,idelay_ld_cntvaluein_skew,lane1,,0,ld_vs_cntvaluein_dq_lane,56,472,416,56,472,416,positive,positive,False,False,True
1,pass_to_pass,baseline-no-lock-seed-1,cntvaluein3-skew-locked-seed1,True,True,0,0,none,signed_ld_minus_cntvaluein_dq_median__idelay_ld_cntvaluein_skew__lane1__no_bit__ctrl_1__ld_vs_cntvaluein_dq_lane__value_ps,signed_ld_minus_cntvaluein_dq_median,idelay_ld_cntvaluein_skew,lane1,,1,ld_vs_cntvaluein_dq_lane,-175.5,494,669.5,175.5,494,318.5,negative,positive,True,False,True
1,pass_to_pass,baseline-no-lock-seed-1,cntvaluein3-skew-locked-seed1,True,True,0,0,none,signed_ld_minus_cntvaluein_dq_median__idelay_ld_cntvaluein_skew__lane1__no_bit__ctrl_2__ld_vs_cntvaluein_dq_lane__value_ps,signed_ld_minus_cntvaluein_dq_median,idelay_ld_cntvaluein_skew,lane1,,2,ld_vs_cntvaluein_dq_lane,239,391.5,152.5,239,391.5,152.5,positive,positive,False,False,True
1,pass_to_pass,baseline-no-lock-seed-1,cntvaluein3-skew-locked-seed1,True,True,0,0,none,signed_ld_minus_cntvaluein_dq_median__idelay_ld_cntvaluein_skew__lane1__no_bit__ctrl_3__ld_vs_cntvaluein_dq_lane__value_ps,signed_ld_minus_cntvaluein_dq_median,idelay_ld_cntvaluein_skew,lane1,,3,ld_vs_cntvaluein_dq_lane,-237.5,-306.5,-69,237.5,306.5,69,negative,negative,False,False,True
1,pass_to_pass,baseline-no-lock-seed-1,cntvaluein3-skew-locked-seed1,True,True,0,0,none,signed_ld_minus_cntvaluein_dq_median__idelay_ld_cntvaluein_skew__lane1__no_bit__ctrl_4__ld_vs_cntvaluein_dq_lane__value_ps,signed_ld_minus_cntvaluein_dq_median,idelay_ld_cntvaluein_skew,lane1,,4,ld_vs_cntvaluein_dq_lane,119,648,529,119,648,529,positive,positive,False,False,True
1,pass_to_pass,baseline-no-lock-seed-1,cntvaluein3-skew-locked-seed1,True,True,0,0,none,signed_ld_minus_cntvaluein_dqs__idelay_ld_cntvaluein_skew__lane0__dqs0__ctrl_0__ld_vs_cntvaluein_dqs__value_ps,signed_ld_minus_cntvaluein_dqs,idelay_ld_cntvaluein_skew,lane0,dqs0,0,ld_vs_cntvaluein_dqs,18,389,371,18,389,371,positive,positive,False,False,True
1,pass_to_pass,baseline-no-lock-seed-1,cntvaluein3-skew-locked-seed1,True,True,0,0,none,signed_ld_minus_cntvaluein_dqs__idelay_ld_cntvaluein_skew__lane0__dqs0__ctrl_1__ld_vs_cntvaluein_dqs__value_ps,signed_ld_minus_cntvaluein_dqs,idelay_ld_cntvaluein_skew,lane0,dqs0,1,ld_vs_cntvaluein_dqs,256,-32,-288,256,32,-224,positive,negative,True,True,False
1,pass_to_pass,baseline-no-lock-seed-1,cntvaluein3-skew-locked-seed1,True,True,0,0,none,signed_ld_minus_cntvaluein_dqs__idelay_ld_cntvaluein_skew__lane0__dqs0__ctrl_2__ld_vs_cntvaluein_dqs__value_ps,signed_ld_minus_cntvaluein_dqs,idelay_ld_cntvaluein_skew,lane0,dqs0,2,ld_vs_cntvaluein_dqs,-107,-729,-622,107,729,622,negative,negative,False,False,True
1,pass_to_pass,baseline-no-lock-seed-1,cntvaluein3-skew-locked-seed1,True,True,0,0,none,signed_ld_minus_cntvaluein_dqs__idelay_ld_cntvaluein_skew__lane0__dqs0__ctrl_3__ld_vs_cntvaluein_dqs__value_ps,signed_ld_minus_cntvaluein_dqs,idelay_ld_cntvaluein_skew,lane0,dqs0,3,ld_vs_cntvaluein_dqs,54,-1153,-1207,54,1153,1099,positive,negative,True,False,True
1,pass_to_pass,baseline-no-lock-seed-1,cntvaluein3-skew-locked-seed1,True,True,0,0,none,signed_ld_minus_cntvaluein_dqs__idelay_ld_cntvaluein_skew__lane0__dqs0__ctrl_4__ld_vs_cntvaluein_dqs__value_ps,signed_ld_minus_cntvaluein_dqs,idelay_ld_cntvaluein_skew,lane0,dqs0,4,ld_vs_cntvaluein_dqs,57,-451,-508,57,451,394,positive,negative,True,False,True
1,pass_to_pass,baseline-no-lock-seed-1,cntvaluein3-skew-locked-seed1,True,True,0,0,none,signed_ld_minus_cntvaluein_dqs__idelay_ld_cntvaluein_skew__lane1__dqs1__ctrl_0__ld_vs_cntvaluein_dqs__value_ps,signed_ld_minus_cntvaluein_dqs,idelay_ld_cntvaluein_skew,lane1,dqs1,0,ld_vs_cntvaluein_dqs,-178,266,444,178,266,88,negative,positive,True,False,True
1,pass_to_pass,baseline-no-lock-seed-1,cntvaluein3-skew-locked-seed1,True,True,0,0,none,signed_ld_minus_cntvaluein_dqs__idelay_ld_cntvaluein_skew__lane1__dqs1__ctrl_1__ld_vs_cntvaluein_dqs__value_ps,signed_ld_minus_cntvaluein_dqs,idelay_ld_cntvaluein_skew,lane1,dqs1,1,ld_vs_cntvaluein_dqs,-115,245,360,115,245,130,negative,positive,True,False,True
1,pass_to_pass,baseline-no-lock-seed-1,cntvaluein3-skew-locked-seed1,True,True,0,0,none,signed_ld_minus_cntvaluein_dqs__idelay_ld_cntvaluein_skew__lane1__dqs1__ctrl_2__ld_vs_cntvaluein_dqs__value_ps,signed_ld_minus_cntvaluein_dqs,idelay_ld_cntvaluein_skew,lane1,dqs1,2,ld_vs_cntvaluein_dqs,-755,-461,294,755,461,-294,negative,negative,False,True,False
1,pass_to_pass,baseline-no-lock-seed-1,cntvaluein3-skew-locked-seed1,True,True,0,0,none,signed_ld_minus_cntvaluein_dqs__idelay_ld_cntvaluein_skew__lane1__dqs1__ctrl_3__ld_vs_cntvaluein_dqs__value_ps,signed_ld_minus_cntvaluein_dqs,idelay_ld_cntvaluein_skew,lane1,dqs1,3,ld_vs_cntvaluein_dqs,-295,-702,-407,295,702,407,negative,negative,False,False,True
1,pass_to_pass,baseline-no-lock-seed-1,cntvaluein3-skew-locked-seed1,True,True,0,0,none,signed_ld_minus_cntvaluein_dqs__idelay_ld_cntvaluein_skew__lane1__dqs1__ctrl_4__ld_vs_cntvaluein_dqs__value_ps,signed_ld_minus_cntvaluein_dqs,idelay_ld_cntvaluein_skew,lane1,dqs1,4,ld_vs_cntvaluein_dqs,-214,-104,110,214,104,-110,negative,negative,False,True,False
2,fail_to_pass,baseline-no-lock-seed-2,cntvaluein3-skew-locked-seed2,False,True,2,0,none,signed_dqs_bus_skew_minus_dq_median__idelay_cntvaluein_skew__lane0__dqs0__ctrl_none__dqs_vs_dq_bus_skew__value_ps,signed_dqs_bus_skew_minus_dq_median,idelay_cntvaluein_skew,lane0,dqs0,,dqs_vs_dq_bus_skew,90,568,478,90,568,478,positive,positive,False,False,True
2,fail_to_pass,baseline-no-lock-seed-2,cntvaluein3-skew-locked-seed2,False,True,2,0,none,signed_dqs_bus_skew_minus_dq_median__idelay_cntvaluein_skew__lane1__dqs1__ctrl_none__dqs_vs_dq_bus_skew__value_ps,signed_dqs_bus_skew_minus_dq_median,idelay_cntvaluein_skew,lane1,dqs1,,dqs_vs_dq_bus_skew,54,69,15,54,69,15,positive,positive,False,False,True
2,fail_to_pass,baseline-no-lock-seed-2,cntvaluein3-skew-locked-seed2,False,True,2,0,none,signed_dqs_minus_dq_bit__idelay_cntvaluein_skew__lane0__dq0__ctrl_0__dqs_vs_dq_bit__value_ps,signed_dqs_minus_dq_bit,idelay_cntvaluein_skew,lane0,dq0,0,dqs_vs_dq_bit,-31,303,334,31,303,272,negative,positive,True,False,True
2,fail_to_pass,baseline-no-lock-seed-2,cntvaluein3-skew-locked-seed2,False,True,2,0,none,signed_dqs_minus_dq_bit__idelay_cntvaluein_skew__lane0__dq0__ctrl_1__dqs_vs_dq_bit__value_ps,signed_dqs_minus_dq_bit,idelay_cntvaluein_skew,lane0,dq0,1,dqs_vs_dq_bit,43,-43,-86,43,43,0,positive,negative,True,False,False
2,fail_to_pass,baseline-no-lock-seed-2,cntvaluein3-skew-locked-seed2,False,True,2,0,none,signed_dqs_minus_dq_bit__idelay_cntvaluein_skew__lane0__dq0__ctrl_2__dqs_vs_dq_bit__value_ps,signed_dqs_minus_dq_bit,idelay_cntvaluein_skew,lane0,dq0,2,dqs_vs_dq_bit,461,-302,-763,461,302,-159,positive,negative,True,True,False
2,fail_to_pass,baseline-no-lock-seed-2,cntvaluein3-skew-locked-seed2,False,True,2,0,none,signed_dqs_minus_dq_bit__idelay_cntvaluein_skew__lane0__dq0__ctrl_3__dqs_vs_dq_bit__value_ps,signed_dqs_minus_dq_bit,idelay_cntvaluein_skew,lane0,dq0,3,dqs_vs_dq_bit,796,521,-275,796,521,-275,positive,positive,False,True,False
2,fail_to_pass,baseline-no-lock-seed-2,cntvaluein3-skew-locked-seed2,False,True,2,0,none,signed_dqs_minus_dq_bit__idelay_cntvaluein_skew__lane0__dq0__ctrl_4__dqs_vs_dq_bit__value_ps,signed_dqs_minus_dq_bit,idelay_cntvaluein_skew,lane0,dq0,4,dqs_vs_dq_bit,91,538,447,91,538,447,positive,positive,False,False,True
2,fail_to_pass,baseline-no-lock-seed-2,cntvaluein3-skew-locked-seed2,False,True,2,0,none,signed_dqs_minus_dq_bit__idelay_cntvaluein_skew__lane0__dq1__ctrl_0__dqs_vs_dq_bit__value_ps,signed_dqs_minus_dq_bit,idelay_cntvaluein_skew,lane0,dq1,0,dqs_vs_dq_bit,-57,216,273,57,216,159,negative,positive,True,False,True
2,fail_to_pass,baseline-no-lock-seed-2,cntvaluein3-skew-locked-seed2,False,True,2,0,none,signed_dqs_minus_dq_bit__idelay_cntvaluein_skew__lane0__dq1__ctrl_1__dqs_vs_dq_bit__value_ps,signed_dqs_minus_dq_bit,idelay_cntvaluein_skew,lane0,dq1,1,dqs_vs_dq_bit,-3,-127,-124,3,127,124,negative,negative,False,False,True
2,fail_to_pass,baseline-no-lock-seed-2,cntvaluein3-skew-locked-seed2,False,True,2,0,none,signed_dqs_minus_dq_bit__idelay_cntvaluein_skew__lane0__dq1__ctrl_2__dqs_vs_dq_bit__value_ps,signed_dqs_minus_dq_bit,idelay_cntvaluein_skew,lane0,dq1,2,dqs_vs_dq_bit,380,-358,-738,380,358,-22,positive,negative,True,True,False
2,fail_to_pass,baseline-no-lock-seed-2,cntvaluein3-skew-locked-seed2,False,True,2,0,none,signed_dqs_minus_dq_bit__idelay_cntvaluein_skew__lane0__dq1__ctrl_3__dqs_vs_dq_bit__value_ps,signed_dqs_minus_dq_bit,idelay_cntvaluein_skew,lane0,dq1,3,dqs_vs_dq_bit,794,436,-358,794,436,-358,positive,positive,False,True,False
2,fail_to_pass,baseline-no-lock-seed-2,cntvaluein3-skew-locked-seed2,False,True,2,0,none,signed_dqs_minus_dq_bit__idelay_cntvaluein_skew__lane0__dq1__ctrl_4__dqs_vs_dq_bit__value_ps,signed_dqs_minus_dq_bit,idelay_cntvaluein_skew,lane0,dq1,4,dqs_vs_dq_bit,84,451,367,84,451,367,positive,positive,False,False,True
2,fail_to_pass,baseline-no-lock-seed-2,cntvaluein3-skew-locked-seed2,False,True,2,0,none,signed_dqs_minus_dq_bit__idelay_cntvaluein_skew__lane0__dq2__ctrl_0__dqs_vs_dq_bit__value_ps,signed_dqs_minus_dq_bit,idelay_cntvaluein_skew,lane0,dq2,0,dqs_vs_dq_bit,163,121,-42,163,121,-42,positive,positive,False,True,False
2,fail_to_pass,baseline-no-lock-seed-2,cntvaluein3-skew-locked-seed2,False,True,2,0,none,signed_dqs_minus_dq_bit__idelay_cntvaluein_skew__lane0__dq2__ctrl_1__dqs_vs_dq_bit__value_ps,signed_dqs_minus_dq_bit,idelay_cntvaluein_skew,lane0,dq2,1,dqs_vs_dq_bit,82,-221,-303,82,221,139,positive,negative,True,False,True
2,fail_to_pass,baseline-no-lock-seed-2,cntvaluein3-skew-locked-seed2,False,True,2,0,none,signed_dqs_minus_dq_bit__idelay_cntvaluein_skew__lane0__dq2__ctrl_2__dqs_vs_dq_bit__value_ps,signed_dqs_minus_dq_bit,idelay_cntvaluein_skew,lane0,dq2,2,dqs_vs_dq_bit,288,-144,-432,288,144,-144,positive,negative,True,True,False
2,fail_to_pass,baseline-no-lock-seed-2,cntvaluein3-skew-locked-seed2,False,True,2,0,none,signed_dqs_minus_dq_bit__idelay_cntvaluein_skew__lane0__dq2__ctrl_3__dqs_vs_dq_bit__value_ps,signed_dqs_minus_dq_bit,idelay_cntvaluein_skew,lane0,dq2,3,dqs_vs_dq_bit,781,342,-439,781,342,-439,positive,positive,False,True,False
2,fail_to_pass,baseline-no-lock-seed-2,cntvaluein3-skew-locked-seed2,False,True,2,0,none,signed_dqs_minus_dq_bit__idelay_cntvaluein_skew__lane0__dq2__ctrl_4__dqs_vs_dq_bit__value_ps,signed_dqs_minus_dq_bit,idelay_cntvaluein_skew,lane0,dq2,4,dqs_vs_dq_bit,-11,355,366,11,355,344,negative,positive,True,False,True
2,fail_to_pass,baseline-no-lock-seed-2,cntvaluein3-skew-locked-seed2,False,True,2,0,none,signed_dqs_minus_dq_bit__idelay_cntvaluein_skew__lane0__dq3__ctrl_0__dqs_vs_dq_bit__value_ps,signed_dqs_minus_dq_bit,idelay_cntvaluein_skew,lane0,dq3,0,dqs_vs_dq_bit,82,532,450,82,532,450,positive,positive,False,False,True
2,fail_to_pass,baseline-no-lock-seed-2,cntvaluein3-skew-locked-seed2,False,True,2,0,none,signed_dqs_minus_dq_bit__idelay_cntvaluein_skew__lane0__dq3__ctrl_1__dqs_vs_dq_bit__value_ps,signed_dqs_minus_dq_bit,idelay_cntvaluein_skew,lane0,dq3,1,dqs_vs_dq_bit,217,24,-193,217,24,-193,positive,positive,False,True,False
2,fail_to_pass,baseline-no-lock-seed-2,cntvaluein3-skew-locked-seed2,False,True,2,0,none,signed_dqs_minus_dq_bit__idelay_cntvaluein_skew__lane0__dq3__ctrl_2__dqs_vs_dq_bit__value_ps,signed_dqs_minus_dq_bit,idelay_cntvaluein_skew,lane0,dq3,2,dqs_vs_dq_bit,624,-182,-806,624,182,-442,positive,negative,True,True,False
2,fail_to_pass,baseline-no-lock-seed-2,cntvaluein3-skew-locked-seed2,False,True,2,0,none,signed_dqs_minus_dq_bit__idelay_cntvaluein_skew__lane0__dq3__ctrl_3__dqs_vs_dq_bit__value_ps,signed_dqs_minus_dq_bit,idelay_cntvaluein_skew,lane0,dq3,3,dqs_vs_dq_bit,1000,434,-566,1000,434,-566,positive,positive,False,True,False
2,fail_to_pass,baseline-no-lock-seed-2,cntvaluein3-skew-locked-seed2,False,True,2,0,none,signed_dqs_minus_dq_bit__idelay_cntvaluein_skew__lane0__dq3__ctrl_4__dqs_vs_dq_bit__value_ps,signed_dqs_minus_dq_bit,idelay_cntvaluein_skew,lane0,dq3,4,dqs_vs_dq_bit,102,145,43,102,145,43,positive,positive,False,False,True
2,fail_to_pass,baseline-no-lock-seed-2,cntvaluein3-skew-locked-seed2,False,True,2,0,none,signed_dqs_minus_dq_bit__idelay_cntvaluein_skew__lane0__dq4__ctrl_0__dqs_vs_dq_bit__value_ps,signed_dqs_minus_dq_bit,idelay_cntvaluein_skew,lane0,dq4,0,dqs_vs_dq_bit,-144,127,271,144,127,-17,negative,positive,True,True,False
2,fail_to_pass,baseline-no-lock-seed-2,cntvaluein3-skew-locked-seed2,False,True,2,0,none,signed_dqs_minus_dq_bit__idelay_cntvaluein_skew__lane0__dq4__ctrl_1__dqs_vs_dq_bit__value_ps,signed_dqs_minus_dq_bit,idelay_cntvaluein_skew,lane0,dq4,1,dqs_vs_dq_bit,77,-219,-296,77,219,142,positive,negative,True,False,True
2,fail_to_pass,baseline-no-lock-seed-2,cntvaluein3-skew-locked-seed2,False,True,2,0,none,signed_dqs_minus_dq_bit__idelay_cntvaluein_skew__lane0__dq4__ctrl_2__dqs_vs_dq_bit__value_ps,signed_dqs_minus_dq_bit,idelay_cntvaluein_skew,lane0,dq4,2,dqs_vs_dq_bit,290,-304,-594,290,304,14,positive,negative,True,False,True
2,fail_to_pass,baseline-no-lock-seed-2,cntvaluein3-skew-locked-seed2,False,True,2,0,none,signed_dqs_minus_dq_bit__idelay_cntvaluein_skew__lane0__dq4__ctrl_3__dqs_vs_dq_bit__value_ps,signed_dqs_minus_dq_bit,idelay_cntvaluein_skew,lane0,dq4,3,dqs_vs_dq_bit,781,350,-431,781,350,-431,positive,positive,False,True,False
2,fail_to_pass,baseline-no-lock-seed-2,cntvaluein3-skew-locked-seed2,False,True,2,0,none,signed_dqs_minus_dq_bit__idelay_cntvaluein_skew__lane0__dq4__ctrl_4__dqs_vs_dq_bit__value_ps,signed_dqs_minus_dq_bit,idelay_cntvaluein_skew,lane0,dq4,4,dqs_vs_dq_bit,-5,362,367,5,362,357,negative,positive,True,False,True
2,fail_to_pass,baseline-no-lock-seed-2,cntvaluein3-skew-locked-seed2,False,True,2,0,none,signed_dqs_minus_dq_bit__idelay_cntvaluein_skew__lane0__dq5__ctrl_0__dqs_vs_dq_bit__value_ps,signed_dqs_minus_dq_bit,idelay_cntvaluein_skew,lane0,dq5,0,dqs_vs_dq_bit,-1,445,446,1,445,444,negative,positive,True,False,True
2,fail_to_pass,baseline-no-lock-seed-2,cntvaluein3-skew-locked-seed2,False,True,2,0,none,signed_dqs_minus_dq_bit__idelay_cntvaluein_skew__lane0__dq5__ctrl_1__dqs_vs_dq_bit__value_ps,signed_dqs_minus_dq_bit,idelay_cntvaluein_skew,lane0,dq5,1,dqs_vs_dq_bit,131,-58,-189,131,58,-73,positive,negative,True,True,False
2,fail_to_pass,baseline-no-lock-seed-2,cntvaluein3-skew-locked-seed2,False,True,2,0,none,signed_dqs_minus_dq_bit__idelay_cntvaluein_skew__lane0__dq5__ctrl_2__dqs_vs_dq_bit__value_ps,signed_dqs_minus_dq_bit,idelay_cntvaluein_skew,lane0,dq5,2,dqs_vs_dq_bit,541,-274,-815,541,274,-267,positive,negative,True,True,False
2,fail_to_pass,baseline-no-lock-seed-2,cntvaluein3-skew-locked-seed2,False,True,2,0,none,signed_dqs_minus_dq_bit__idelay_cntvaluein_skew__lane0__dq5__ctrl_3__dqs_vs_dq_bit__value_ps,signed_dqs_minus_dq_bit,idelay_cntvaluein_skew,lane0,dq5,3,dqs_vs_dq_bit,934,515,-419,934,515,-419,positive,positive,False,True,False
2,fail_to_pass,baseline-no-lock-seed-2,cntvaluein3-skew-locked-seed2,False,True,2,0,none,signed_dqs_minus_dq_bit__idelay_cntvaluein_skew__lane0__dq5__ctrl_4__dqs_vs_dq_bit__value_ps,signed_dqs_minus_dq_bit,idelay_cntvaluein_skew,lane0,dq5,4,dqs_vs_dq_bit,189,56,-133,189,56,-133,positive,positive,False,True,False
2,fail_to_pass,baseline-no-lock-seed-2,cntvaluein3-skew-locked-seed2,False,True,2,0,none,signed_dqs_minus_dq_bit__idelay_cntvaluein_skew__lane0__dq6__ctrl_0__dqs_vs_dq_bit__value_ps,signed_dqs_minus_dq_bit,idelay_cntvaluein_skew,lane0,dq6,0,dqs_vs_dq_bit,10,25,15,10,25,15,positive,positive,False,False,True
2,fail_to_pass,baseline-no-lock-seed-2,cntvaluein3-skew-locked-seed2,False,True,2,0,none,signed_dqs_minus_dq_bit__idelay_cntvaluein_skew__lane0__dq6__ctrl_1__dqs_vs_dq_bit__value_ps,signed_dqs_minus_dq_bit,idelay_cntvaluein_skew,lane0,dq6,1,dqs_vs_dq_bit,28,-313,-341,28,313,285,positive,negative,True,False,True
2,fail_to_pass,baseline-no-lock-seed-2,cntvaluein3-skew-locked-seed2,False,True,2,0,none,signed_dqs_minus_dq_bit__idelay_cntvaluein_skew__lane0__dq6__ctrl_2__dqs_vs_dq_bit__value_ps,signed_dqs_minus_dq_bit,idelay_cntvaluein_skew,lane0,dq6,2,dqs_vs_dq_bit,194,-149,-343,194,149,-45,positive,negative,True,True,False
2,fail_to_pass,baseline-no-lock-seed-2,cntvaluein3-skew-locked-seed2,False,True,2,0,none,signed_dqs_minus_dq_bit__idelay_cntvaluein_skew__lane0__dq6__ctrl_3__dqs_vs_dq_bit__value_ps,signed_dqs_minus_dq_bit,idelay_cntvaluein_skew,lane0,dq6,3,dqs_vs_dq_bit,1121,250,-871,1121,250,-871,positive,positive,False,True,False
2,fail_to_pass,baseline-no-lock-seed-2,cntvaluein3-skew-locked-seed2,False,True,2,0,none,signed_dqs_minus_dq_bit__idelay_cntvaluein_skew__lane0__dq6__ctrl_4__dqs_vs_dq_bit__value_ps,signed_dqs_minus_dq_bit,idelay_cntvaluein_skew,lane0,dq6,4,dqs_vs_dq_bit,-107,260,367,107,260,153,negative,positive,True,False,True
2,fail_to_pass,baseline-no-lock-seed-2,cntvaluein3-skew-locked-seed2,False,True,2,0,none,signed_dqs_minus_dq_bit__idelay_cntvaluein_skew__lane0__dq7__ctrl_0__dqs_vs_dq_bit__value_ps,signed_dqs_minus_dq_bit,idelay_cntvaluein_skew,lane0,dq7,0,dqs_vs_dq_bit,-240,32,272,240,32,-208,negative,positive,True,True,False
2,fail_to_pass,baseline-no-lock-seed-2,cntvaluein3-skew-locked-seed2,False,True,2,0,none,signed_dqs_minus_dq_bit__idelay_cntvaluein_skew__lane0__dq7__ctrl_1__dqs_vs_dq_bit__value_ps,signed_dqs_minus_dq_bit,idelay_cntvaluein_skew,lane0,dq7,1,dqs_vs_dq_bit,0,-311,-311,0,311,311,zero,negative,False,False,True
2,fail_to_pass,baseline-no-lock-seed-2,cntvaluein3-skew-locked-seed2,False,True,2,0,none,signed_dqs_minus_dq_bit__idelay_cntvaluein_skew__lane0__dq7__ctrl_2__dqs_vs_dq_bit__value_ps,signed_dqs_minus_dq_bit,idelay_cntvaluein_skew,lane0,dq7,2,dqs_vs_dq_bit,196,-278,-474,196,278,82,positive,negative,True,False,True
2,fail_to_pass,baseline-no-lock-seed-2,cntvaluein3-skew-locked-seed2,False,True,2,0,none,signed_dqs_minus_dq_bit__idelay_cntvaluein_skew__lane0__dq7__ctrl_3__dqs_vs_dq_bit__value_ps,signed_dqs_minus_dq_bit,idelay_cntvaluein_skew,lane0,dq7,3,dqs_vs_dq_bit,1034,257,-777,1034,257,-777,positive,positive,False,True,False
2,fail_to_pass,baseline-no-lock-seed-2,cntvaluein3-skew-locked-seed2,False,True,2,0,none,signed_dqs_minus_dq_bit__idelay_cntvaluein_skew__lane0__dq7__ctrl_4__dqs_vs_dq_bit__value_ps,signed_dqs_minus_dq_bit,idelay_cntvaluein_skew,lane0,dq7,4,dqs_vs_dq_bit,-100,268,368,100,268,168,negative,positive,True,False,True
2,fail_to_pass,baseline-no-lock-seed-2,cntvaluein3-skew-locked-seed2,False,True,2,0,none,signed_dqs_minus_dq_bit__idelay_cntvaluein_skew__lane1__dq10__ctrl_0__dqs_vs_dq_bit__value_ps,signed_dqs_minus_dq_bit,idelay_cntvaluein_skew,lane1,dq10,0,dqs_vs_dq_bit,-215,277,492,215,277,62,negative,positive,True,False,True
2,fail_to_pass,baseline-no-lock-seed-2,cntvaluein3-skew-locked-seed2,False,True,2,0,none,signed_dqs_minus_dq_bit__idelay_cntvaluein_skew__lane1__dq10__ctrl_1__dqs_vs_dq_bit__value_ps,signed_dqs_minus_dq_bit,idelay_cntvaluein_skew,lane1,dq10,1,dqs_vs_dq_bit,140,13,-127,140,13,-127,positive,positive,False,True,False
2,fail_to_pass,baseline-no-lock-seed-2,cntvaluein3-skew-locked-seed2,False,True,2,0,none,signed_dqs_minus_dq_bit__idelay_cntvaluein_skew__lane1__dq10__ctrl_2__dqs_vs_dq_bit__value_ps,signed_dqs_minus_dq_bit,idelay_cntvaluein_skew,lane1,dq10,2,dqs_vs_dq_bit,129,-198,-327,129,198,69,positive,negative,True,False,True
2,fail_to_pass,baseline-no-lock-seed-2,cntvaluein3-skew-locked-seed2,False,True,2,0,none,signed_dqs_minus_dq_bit__idelay_cntvaluein_skew__lane1__dq10__ctrl_3__dqs_vs_dq_bit__value_ps,signed_dqs_minus_dq_bit,idelay_cntvaluein_skew,lane1,dq10,3,dqs_vs_dq_bit,880,-53,-933,880,53,-827,positive,negative,True,True,False
2,fail_to_pass,baseline-no-lock-seed-2,cntvaluein3-skew-locked-seed2,False,True,2,0,none,signed_dqs_minus_dq_bit__idelay_cntvaluein_skew__lane1__dq10__ctrl_4__dqs_vs_dq_bit__value_ps,signed_dqs_minus_dq_bit,idelay_cntvaluein_skew,lane1,dq10,4,dqs_vs_dq_bit,145,124,-21,145,124,-21,positive,positive,False,True,False
2,fail_to_pass,baseline-no-lock-seed-2,cntvaluein3-skew-locked-seed2,False,True,2,0,none,signed_dqs_minus_dq_bit__idelay_cntvaluein_skew__lane1__dq11__ctrl_0__dqs_vs_dq_bit__value_ps,signed_dqs_minus_dq_bit,idelay_cntvaluein_skew,lane1,dq11,0,dqs_vs_dq_bit,-140,275,415,140,275,135,negative,positive,True,False,True
2,fail_to_pass,baseline-no-lock-seed-2,cntvaluein3-skew-locked-seed2,False,True,2,0,none,signed_dqs_minus_dq_bit__idelay_cntvaluein_skew__lane1__dq11__ctrl_1__dqs_vs_dq_bit__value_ps,signed_dqs_minus_dq_bit,idelay_cntvaluein_skew,lane1,dq11,1,dqs_vs_dq_bit,186,100,-86,186,100,-86,positive,positive,False,True,False
2,fail_to_pass,baseline-no-lock-seed-2,cntvaluein3-skew-locked-seed2,False,True,2,0,none,signed_dqs_minus_dq_bit__idelay_cntvaluein_skew__lane1__dq11__ctrl_2__dqs_vs_dq_bit__value_ps,signed_dqs_minus_dq_bit,idelay_cntvaluein_skew,lane1,dq11,2,dqs_vs_dq_bit,481,-117,-598,481,117,-364,positive,negative,True,True,False
2,fail_to_pass,baseline-no-lock-seed-2,cntvaluein3-skew-locked-seed2,False,True,2,0,none,signed_dqs_minus_dq_bit__idelay_cntvaluein_skew__lane1__dq11__ctrl_3__dqs_vs_dq_bit__value_ps,signed_dqs_minus_dq_bit,idelay_cntvaluein_skew,lane1,dq11,3,dqs_vs_dq_bit,789,238,-551,789,238,-551,positive,positive,False,True,False
2,fail_to_pass,baseline-no-lock-seed-2,cntvaluein3-skew-locked-seed2,False,True,2,0,none,signed_dqs_minus_dq_bit__idelay_cntvaluein_skew__lane1__dq11__ctrl_4__dqs_vs_dq_bit__value_ps,signed_dqs_minus_dq_bit,idelay_cntvaluein_skew,lane1,dq11,4,dqs_vs_dq_bit,-127,389,516,127,389,262,negative,positive,True,False,True
2,fail_to_pass,baseline-no-lock-seed-2,cntvaluein3-skew-locked-seed2,False,True,2,0,none,signed_dqs_minus_dq_bit__idelay_cntvaluein_skew__lane1__dq12__ctrl_0__dqs_vs_dq_bit__value_ps,signed_dqs_minus_dq_bit,idelay_cntvaluein_skew,lane1,dq12,0,dqs_vs_dq_bit,-273,188,461,273,188,-85,negative,positive,True,True,False
2,fail_to_pass,baseline-no-lock-seed-2,cntvaluein3-skew-locked-seed2,False,True,2,0,none,signed_dqs_minus_dq_bit__idelay_cntvaluein_skew__lane1__dq12__ctrl_1__dqs_vs_dq_bit__value_ps,signed_dqs_minus_dq_bit,idelay_cntvaluein_skew,lane1,dq12,1,dqs_vs_dq_bit,71,94,23,71,94,23,positive,positive,False,False,True
2,fail_to_pass,baseline-no-lock-seed-2,cntvaluein3-skew-locked-seed2,False,True,2,0,none,signed_dqs_minus_dq_bit__idelay_cntvaluein_skew__lane1__dq12__ctrl_2__dqs_vs_dq_bit__value_ps,signed_dqs_minus_dq_bit,idelay_cntvaluein_skew,lane1,dq12,2,dqs_vs_dq_bit,76,-367,-443,76,367,291,positive,negative,True,False,True
2,fail_to_pass,baseline-no-lock-seed-2,cntvaluein3-skew-locked-seed2,False,True,2,0,none,signed_dqs_minus_dq_bit__idelay_cntvaluein_skew__lane1__dq12__ctrl_3__dqs_vs_dq_bit__value_ps,signed_dqs_minus_dq_bit,idelay_cntvaluein_skew,lane1,dq12,3,dqs_vs_dq_bit,876,-143,-1019,876,143,-733,positive,negative,True,True,False
2,fail_to_pass,baseline-no-lock-seed-2,cntvaluein3-skew-locked-seed2,False,True,2,0,none,signed_dqs_minus_dq_bit__idelay_cntvaluein_skew__lane1__dq12__ctrl_4__dqs_vs_dq_bit__value_ps,signed_dqs_minus_dq_bit,idelay_cntvaluein_skew,lane1,dq12,4,dqs_vs_dq_bit,61,147,86,61,147,86,positive,positive,False,False,True
2,fail_to_pass,baseline-no-lock-seed-2,cntvaluein3-skew-locked-seed2,False,True,2,0,none,signed_dqs_minus_dq_bit__idelay_cntvaluein_skew__lane1__dq13__ctrl_0__dqs_vs_dq_bit__value_ps,signed_dqs_minus_dq_bit,idelay_cntvaluein_skew,lane1,dq13,0,dqs_vs_dq_bit,-59,186,245,59,186,127,negative,positive,True,False,True
2,fail_to_pass,baseline-no-lock-seed-2,cntvaluein3-skew-locked-seed2,False,True,2,0,none,signed_dqs_minus_dq_bit__idelay_cntvaluein_skew__lane1__dq13__ctrl_1__dqs_vs_dq_bit__value_ps,signed_dqs_minus_dq_bit,idelay_cntvaluein_skew,lane1,dq13,1,dqs_vs_dq_bit,102,10,-92,102,10,-92,positive,positive,False,True,False
2,fail_to_pass,baseline-no-lock-seed-2,cntvaluein3-skew-locked-seed2,False,True,2,0,none,signed_dqs_minus_dq_bit__idelay_cntvaluein_skew__lane1__dq13__ctrl_2__dqs_vs_dq_bit__value_ps,signed_dqs_minus_dq_bit,idelay_cntvaluein_skew,lane1,dq13,2,dqs_vs_dq_bit,397,-140,-537,397,140,-257,positive,negative,True,True,False
2,fail_to_pass,baseline-no-lock-seed-2,cntvaluein3-skew-locked-seed2,False,True,2,0,none,signed_dqs_minus_dq_bit__idelay_cntvaluein_skew__lane1__dq13__ctrl_3__dqs_vs_dq_bit__value_ps,signed_dqs_minus_dq_bit,idelay_cntvaluein_skew,lane1,dq13,3,dqs_vs_dq_bit,704,283,-421,704,283,-421,positive,positive,False,True,False
2,fail_to_pass,baseline-no-lock-seed-2,cntvaluein3-skew-locked-seed2,False,True,2,0,none,signed_dqs_minus_dq_bit__idelay_cntvaluein_skew__lane1__dq13__ctrl_4__dqs_vs_dq_bit__value_ps,signed_dqs_minus_dq_bit,idelay_cntvaluein_skew,lane1,dq13,4,dqs_vs_dq_bit,-133,477,610,133,477,344,negative,positive,True,False,True
2,fail_to_pass,baseline-no-lock-seed-2,cntvaluein3-skew-locked-seed2,False,True,2,0,none,signed_dqs_minus_dq_bit__idelay_cntvaluein_skew__lane1__dq14__ctrl_0__dqs_vs_dq_bit__value_ps,signed_dqs_minus_dq_bit,idelay_cntvaluein_skew,lane1,dq14,0,dqs_vs_dq_bit,-279,101,380,279,101,-178,negative,positive,True,True,False
2,fail_to_pass,baseline-no-lock-seed-2,cntvaluein3-skew-locked-seed2,False,True,2,0,none,signed_dqs_minus_dq_bit__idelay_cntvaluein_skew__lane1__dq14__ctrl_1__dqs_vs_dq_bit__value_ps,signed_dqs_minus_dq_bit,idelay_cntvaluein_skew,lane1,dq14,1,dqs_vs_dq_bit,-11,181,192,11,181,170,negative,positive,True,False,True
2,fail_to_pass,baseline-no-lock-seed-2,cntvaluein3-skew-locked-seed2,False,True,2,0,none,signed_dqs_minus_dq_bit__idelay_cntvaluein_skew__lane1__dq14__ctrl_2__dqs_vs_dq_bit__value_ps,signed_dqs_minus_dq_bit,idelay_cntvaluein_skew,lane1,dq14,2,dqs_vs_dq_bit,213,-33,-246,213,33,-180,positive,negative,True,True,False
2,fail_to_pass,baseline-no-lock-seed-2,cntvaluein3-skew-locked-seed2,False,True,2,0,none,signed_dqs_minus_dq_bit__idelay_cntvaluein_skew__lane1__dq14__ctrl_3__dqs_vs_dq_bit__value_ps,signed_dqs_minus_dq_bit,idelay_cntvaluein_skew,lane1,dq14,3,dqs_vs_dq_bit,707,163,-544,707,163,-544,positive,positive,False,True,False
2,fail_to_pass,baseline-no-lock-seed-2,cntvaluein3-skew-locked-seed2,False,True,2,0,none,signed_dqs_minus_dq_bit__idelay_cntvaluein_skew__lane1__dq14__ctrl_4__dqs_vs_dq_bit__value_ps,signed_dqs_minus_dq_bit,idelay_cntvaluein_skew,lane1,dq14,4,dqs_vs_dq_bit,49,221,172,49,221,172,positive,positive,False,False,True
2,fail_to_pass,baseline-no-lock-seed-2,cntvaluein3-skew-locked-seed2,False,True,2,0,none,signed_dqs_minus_dq_bit__idelay_cntvaluein_skew__lane1__dq15__ctrl_0__dqs_vs_dq_bit__value_ps,signed_dqs_minus_dq_bit,idelay_cntvaluein_skew,lane1,dq15,0,dqs_vs_dq_bit,227,412,185,227,412,185,positive,positive,False,False,True
2,fail_to_pass,baseline-no-lock-seed-2,cntvaluein3-skew-locked-seed2,False,True,2,0,none,signed_dqs_minus_dq_bit__idelay_cntvaluein_skew__lane1__dq15__ctrl_1__dqs_vs_dq_bit__value_ps,signed_dqs_minus_dq_bit,idelay_cntvaluein_skew,lane1,dq15,1,dqs_vs_dq_bit,451,225,-226,451,225,-226,positive,positive,False,True,False
2,fail_to_pass,baseline-no-lock-seed-2,cntvaluein3-skew-locked-seed2,False,True,2,0,none,signed_dqs_minus_dq_bit__idelay_cntvaluein_skew__lane1__dq15__ctrl_2__dqs_vs_dq_bit__value_ps,signed_dqs_minus_dq_bit,idelay_cntvaluein_skew,lane1,dq15,2,dqs_vs_dq_bit,288,219,-69,288,219,-69,positive,positive,False,True,False
2,fail_to_pass,baseline-no-lock-seed-2,cntvaluein3-skew-locked-seed2,False,True,2,0,none,signed_dqs_minus_dq_bit__idelay_cntvaluein_skew__lane1__dq15__ctrl_3__dqs_vs_dq_bit__value_ps,signed_dqs_minus_dq_bit,idelay_cntvaluein_skew,lane1,dq15,3,dqs_vs_dq_bit,886,401,-485,886,401,-485,positive,positive,False,True,False
2,fail_to_pass,baseline-no-lock-seed-2,cntvaluein3-skew-locked-seed2,False,True,2,0,none,signed_dqs_minus_dq_bit__idelay_cntvaluein_skew__lane1__dq15__ctrl_4__dqs_vs_dq_bit__value_ps,signed_dqs_minus_dq_bit,idelay_cntvaluein_skew,lane1,dq15,4,dqs_vs_dq_bit,-263,355,618,263,355,92,negative,positive,True,False,True
2,fail_to_pass,baseline-no-lock-seed-2,cntvaluein3-skew-locked-seed2,False,True,2,0,none,signed_dqs_minus_dq_bit__idelay_cntvaluein_skew__lane1__dq8__ctrl_0__dqs_vs_dq_bit__value_ps,signed_dqs_minus_dq_bit,idelay_cntvaluein_skew,lane1,dq8,0,dqs_vs_dq_bit,-195,12,207,195,12,-183,negative,positive,True,True,False
2,fail_to_pass,baseline-no-lock-seed-2,cntvaluein3-skew-locked-seed2,False,True,2,0,none,signed_dqs_minus_dq_bit__idelay_cntvaluein_skew__lane1__dq8__ctrl_1__dqs_vs_dq_bit__value_ps,signed_dqs_minus_dq_bit,idelay_cntvaluein_skew,lane1,dq8,1,dqs_vs_dq_bit,-103,186,289,103,186,83,negative,positive,True,False,True
2,fail_to_pass,baseline-no-lock-seed-2,cntvaluein3-skew-locked-seed2,False,True,2,0,none,signed_dqs_minus_dq_bit__idelay_cntvaluein_skew__lane1__dq8__ctrl_2__dqs_vs_dq_bit__value_ps,signed_dqs_minus_dq_bit,idelay_cntvaluein_skew,lane1,dq8,2,dqs_vs_dq_bit,483,-46,-529,483,46,-437,positive,negative,True,True,False
2,fail_to_pass,baseline-no-lock-seed-2,cntvaluein3-skew-locked-seed2,False,True,2,0,none,signed_dqs_minus_dq_bit__idelay_cntvaluein_skew__lane1__dq8__ctrl_3__dqs_vs_dq_bit__value_ps,signed_dqs_minus_dq_bit,idelay_cntvaluein_skew,lane1,dq8,3,dqs_vs_dq_bit,615,-237,-852,615,237,-378,positive,negative,True,True,False
2,fail_to_pass,baseline-no-lock-seed-2,cntvaluein3-skew-locked-seed2,False,True,2,0,none,signed_dqs_minus_dq_bit__idelay_cntvaluein_skew__lane1__dq8__ctrl_4__dqs_vs_dq_bit__value_ps,signed_dqs_minus_dq_bit,idelay_cntvaluein_skew,lane1,dq8,4,dqs_vs_dq_bit,-38,308,346,38,308,270,negative,positive,True,False,True
2,fail_to_pass,baseline-no-lock-seed-2,cntvaluein3-skew-locked-seed2,False,True,2,0,none,signed_dqs_minus_dq_bit__idelay_cntvaluein_skew__lane1__dq9__ctrl_0__dqs_vs_dq_bit__value_ps,signed_dqs_minus_dq_bit,idelay_cntvaluein_skew,lane1,dq9,0,dqs_vs_dq_bit,227,323,96,227,323,96,positive,positive,False,False,True
2,fail_to_pass,baseline-no-lock-seed-2,cntvaluein3-skew-locked-seed2,False,True,2,0,none,signed_dqs_minus_dq_bit__idelay_cntvaluein_skew__lane1__dq9__ctrl_1__dqs_vs_dq_bit__value_ps,signed_dqs_minus_dq_bit,idelay_cntvaluein_skew,lane1,dq9,1,dqs_vs_dq_bit,359,-46,-405,359,46,-313,positive,negative,True,True,False
2,fail_to_pass,baseline-no-lock-seed-2,cntvaluein3-skew-locked-seed2,False,True,2,0,none,signed_dqs_minus_dq_bit__idelay_cntvaluein_skew__lane1__dq9__ctrl_2__dqs_vs_dq_bit__value_ps,signed_dqs_minus_dq_bit,idelay_cntvaluein_skew,lane1,dq9,2,dqs_vs_dq_bit,259,129,-130,259,129,-130,positive,positive,False,True,False
2,fail_to_pass,baseline-no-lock-seed-2,cntvaluein3-skew-locked-seed2,False,True,2,0,none,signed_dqs_minus_dq_bit__idelay_cntvaluein_skew__lane1__dq9__ctrl_3__dqs_vs_dq_bit__value_ps,signed_dqs_minus_dq_bit,idelay_cntvaluein_skew,lane1,dq9,3,dqs_vs_dq_bit,804,309,-495,804,309,-495,positive,positive,False,True,False
2,fail_to_pass,baseline-no-lock-seed-2,cntvaluein3-skew-locked-seed2,False,True,2,0,none,signed_dqs_minus_dq_bit__idelay_cntvaluein_skew__lane1__dq9__ctrl_4__dqs_vs_dq_bit__value_ps,signed_dqs_minus_dq_bit,idelay_cntvaluein_skew,lane1,dq9,4,dqs_vs_dq_bit,-350,267,617,350,267,-83,negative,positive,True,True,False
2,fail_to_pass,baseline-no-lock-seed-2,cntvaluein3-skew-locked-seed2,False,True,2,0,none,signed_dqs_minus_dq_median__idelay_cntvaluein_skew__lane0__dqs0__ctrl_0__dqs_vs_dq_lane__value_ps,signed_dqs_minus_dq_median,idelay_cntvaluein_skew,lane0,dqs0,0,dqs_vs_dq_lane,-16,171.5,187.5,16,171.5,155.5,negative,positive,True,False,True
2,fail_to_pass,baseline-no-lock-seed-2,cntvaluein3-skew-locked-seed2,False,True,2,0,none,signed_dqs_minus_dq_median__idelay_cntvaluein_skew__lane0__dqs0__ctrl_1__dqs_vs_dq_lane__value_ps,signed_dqs_minus_dq_median,idelay_cntvaluein_skew,lane0,dqs0,1,dqs_vs_dq_lane,60,-173,-233,60,173,113,positive,negative,True,False,True
2,fail_to_pass,baseline-no-lock-seed-2,cntvaluein3-skew-locked-seed2,False,True,2,0,none,signed_dqs_minus_dq_median__idelay_cntvaluein_skew__lane0__dqs0__ctrl_2__dqs_vs_dq_lane__value_ps,signed_dqs_minus_dq_median,idelay_cntvaluein_skew,lane0,dqs0,2,dqs_vs_dq_lane,335,-276,-611,335,276,-59,positive,negative,True,True,False
2,fail_to_pass,baseline-no-lock-seed-2,cntvaluein3-skew-locked-seed2,False,True,2,0,none,signed_dqs_minus_dq_median__idelay_cntvaluein_skew__lane0__dqs0__ctrl_3__dqs_vs_dq_lane__value_ps,signed_dqs_minus_dq_median,idelay_cntvaluein_skew,lane0,dqs0,3,dqs_vs_dq_lane,865,392,-473,865,392,-473,positive,positive,False,True,False
2,fail_to_pass,baseline-no-lock-seed-2,cntvaluein3-skew-locked-seed2,False,True,2,0,none,signed_dqs_minus_dq_median__idelay_cntvaluein_skew__lane0__dqs0__ctrl_4__dqs_vs_dq_lane__value_ps,signed_dqs_minus_dq_median,idelay_cntvaluein_skew,lane0,dqs0,4,dqs_vs_dq_lane,39.5,311.5,272,39.5,311.5,272,positive,positive,False,False,True
2,fail_to_pass,baseline-no-lock-seed-2,cntvaluein3-skew-locked-seed2,False,True,2,0,none,signed_dqs_minus_dq_median__idelay_cntvaluein_skew__lane1__dqs1__ctrl_0__dqs_vs_dq_lane__value_ps,signed_dqs_minus_dq_median,idelay_cntvaluein_skew,lane1,dqs1,0,dqs_vs_dq_lane,-167.5,231.5,399,167.5,231.5,64,negative,positive,True,False,True
2,fail_to_pass,baseline-no-lock-seed-2,cntvaluein3-skew-locked-seed2,False,True,2,0,none,signed_dqs_minus_dq_median__idelay_cntvaluein_skew__lane1__dqs1__ctrl_1__dqs_vs_dq_lane__value_ps,signed_dqs_minus_dq_median,idelay_cntvaluein_skew,lane1,dqs1,1,dqs_vs_dq_lane,121,97,-24,121,97,-24,positive,positive,False,True,False
2,fail_to_pass,baseline-no-lock-seed-2,cntvaluein3-skew-locked-seed2,False,True,2,0,none,signed_dqs_minus_dq_median__idelay_cntvaluein_skew__lane1__dqs1__ctrl_2__dqs_vs_dq_lane__value_ps,signed_dqs_minus_dq_median,idelay_cntvaluein_skew,lane1,dqs1,2,dqs_vs_dq_lane,273.5,-81.5,-355,273.5,81.5,-192,positive,negative,True,True,False
2,fail_to_pass,baseline-no-lock-seed-2,cntvaluein3-skew-locked-seed2,False,True,2,0,none,signed_dqs_minus_dq_median__idelay_cntvaluein_skew__lane1__dqs1__ctrl_3__dqs_vs_dq_lane__value_ps,signed_dqs_minus_dq_median,idelay_cntvaluein_skew,lane1,dqs1,3,dqs_vs_dq_lane,796.5,200.5,-596,796.5,200.5,-596,positive,positive,False,True,False
2,fail_to_pass,baseline-no-lock-seed-2,cntvaluein3-skew-locked-seed2,False,True,2,0,none,signed_dqs_minus_dq_median__idelay_cntvaluein_skew__lane1__dqs1__ctrl_4__dqs_vs_dq_lane__value_ps,signed_dqs_minus_dq_median,idelay_cntvaluein_skew,lane1,dqs1,4,dqs_vs_dq_lane,-82.5,287.5,370,82.5,287.5,205,negative,positive,True,False,True
2,fail_to_pass,baseline-no-lock-seed-2,cntvaluein3-skew-locked-seed2,False,True,2,0,none,signed_lane1_minus_lane0_dq_median__idelay_cntvaluein_skew__all__no_bit__ctrl_0__lane1_vs_lane0_dq__value_ps,signed_lane1_minus_lane0_dq_median,idelay_cntvaluein_skew,all,,0,lane1_vs_lane0_dq,-149.5,-361,-211.5,149.5,361,211.5,negative,negative,False,False,True
2,fail_to_pass,baseline-no-lock-seed-2,cntvaluein3-skew-locked-seed2,False,True,2,0,none,signed_lane1_minus_lane0_dq_median__idelay_cntvaluein_skew__all__no_bit__ctrl_1__lane1_vs_lane0_dq__value_ps,signed_lane1_minus_lane0_dq_median,idelay_cntvaluein_skew,all,,1,lane1_vs_lane0_dq,-322,-416,-94,322,416,94,negative,negative,False,False,True
2,fail_to_pass,baseline-no-lock-seed-2,cntvaluein3-skew-locked-seed2,False,True,2,0,none,signed_lane1_minus_lane0_dq_median__idelay_cntvaluein_skew__all__no_bit__ctrl_2__lane1_vs_lane0_dq__value_ps,signed_lane1_minus_lane0_dq_median,idelay_cntvaluein_skew,all,,2,lane1_vs_lane0_dq,-214.5,-175.5,39,214.5,175.5,-39,negative,negative,False,True,False
2,fail_to_pass,baseline-no-lock-seed-2,cntvaluein3-skew-locked-seed2,False,True,2,0,none,signed_lane1_minus_lane0_dq_median__idelay_cntvaluein_skew__all__no_bit__ctrl_3__lane1_vs_lane0_dq__value_ps,signed_lane1_minus_lane0_dq_median,idelay_cntvaluein_skew,all,,3,lane1_vs_lane0_dq,-171.5,-382.5,-211,171.5,382.5,211,negative,negative,False,False,True
2,fail_to_pass,baseline-no-lock-seed-2,cntvaluein3-skew-locked-seed2,False,True,2,0,none,signed_lane1_minus_lane0_dq_median__idelay_cntvaluein_skew__all__no_bit__ctrl_4__lane1_vs_lane0_dq__value_ps,signed_lane1_minus_lane0_dq_median,idelay_cntvaluein_skew,all,,4,lane1_vs_lane0_dq,97,-558,-655,97,558,461,positive,negative,True,False,True
2,fail_to_pass,baseline-no-lock-seed-2,cntvaluein3-skew-locked-seed2,False,True,2,0,none,signed_lane1_minus_lane0_dqs__idelay_cntvaluein_skew__all__no_bit__ctrl_0__lane1_vs_lane0_dqs__value_ps,signed_lane1_minus_lane0_dqs,idelay_cntvaluein_skew,all,,0,lane1_vs_lane0_dqs,-301,-301,0,301,301,0,negative,negative,False,False,False
2,fail_to_pass,baseline-no-lock-seed-2,cntvaluein3-skew-locked-seed2,False,True,2,0,none,signed_lane1_minus_lane0_dqs__idelay_cntvaluein_skew__all__no_bit__ctrl_1__lane1_vs_lane0_dqs__value_ps,signed_lane1_minus_lane0_dqs,idelay_cntvaluein_skew,all,,1,lane1_vs_lane0_dqs,-261,-146,115,261,146,-115,negative,negative,False,True,False
2,fail_to_pass,baseline-no-lock-seed-2,cntvaluein3-skew-locked-seed2,False,True,2,0,none,signed_lane1_minus_lane0_dqs__idelay_cntvaluein_skew__all__no_bit__ctrl_2__lane1_vs_lane0_dqs__value_ps,signed_lane1_minus_lane0_dqs,idelay_cntvaluein_skew,all,,2,lane1_vs_lane0_dqs,-276,19,295,276,19,-257,negative,positive,True,True,False
2,fail_to_pass,baseline-no-lock-seed-2,cntvaluein3-skew-locked-seed2,False,True,2,0,none,signed_lane1_minus_lane0_dqs__idelay_cntvaluein_skew__all__no_bit__ctrl_3__lane1_vs_lane0_dqs__value_ps,signed_lane1_minus_lane0_dqs,idelay_cntvaluein_skew,all,,3,lane1_vs_lane0_dqs,-240,-574,-334,240,574,334,negative,negative,False,False,True
2,fail_to_pass,baseline-no-lock-seed-2,cntvaluein3-skew-locked-seed2,False,True,2,0,none,signed_lane1_minus_lane0_dqs__idelay_cntvaluein_skew__all__no_bit__ctrl_4__lane1_vs_lane0_dqs__value_ps,signed_lane1_minus_lane0_dqs,idelay_cntvaluein_skew,all,,4,lane1_vs_lane0_dqs,-25,-582,-557,25,582,557,negative,negative,False,False,True
2,fail_to_pass,baseline-no-lock-seed-2,cntvaluein3-skew-locked-seed2,False,True,2,0,none,signed_ld_dqs_minus_dq_median__idelay_ld_skew__lane0__dqs0__ctrl_none__dqs_vs_dq_lane__value_ps,signed_ld_dqs_minus_dq_median,idelay_ld_skew,lane0,dqs0,,dqs_vs_dq_lane,-72.5,-158,-85.5,72.5,158,85.5,negative,negative,False,False,True
2,fail_to_pass,baseline-no-lock-seed-2,cntvaluein3-skew-locked-seed2,False,True,2,0,none,signed_ld_dqs_minus_dq_median__idelay_ld_skew__lane1__dqs1__ctrl_none__dqs_vs_dq_lane__value_ps,signed_ld_dqs_minus_dq_median,idelay_ld_skew,lane1,dqs1,,dqs_vs_dq_lane,-32.5,-21,11.5,32.5,21,-11.5,negative,negative,False,True,False
2,fail_to_pass,baseline-no-lock-seed-2,cntvaluein3-skew-locked-seed2,False,True,2,0,none,signed_ld_minus_cntvaluein_dq_median__idelay_ld_cntvaluein_skew__lane0__no_bit__ctrl_0__ld_vs_cntvaluein_dq_lane__value_ps,signed_ld_minus_cntvaluein_dq_median,idelay_ld_cntvaluein_skew,lane0,,0,ld_vs_cntvaluein_dq_lane,-154.5,-118.5,36,154.5,118.5,-36,negative,negative,False,True,False
2,fail_to_pass,baseline-no-lock-seed-2,cntvaluein3-skew-locked-seed2,False,True,2,0,none,signed_ld_minus_cntvaluein_dq_median__idelay_ld_cntvaluein_skew__lane0__no_bit__ctrl_1__ld_vs_cntvaluein_dq_lane__value_ps,signed_ld_minus_cntvaluein_dq_median,idelay_ld_cntvaluein_skew,lane0,,1,ld_vs_cntvaluein_dq_lane,-344.5,-444,-99.5,344.5,444,99.5,negative,negative,False,False,True
2,fail_to_pass,baseline-no-lock-seed-2,cntvaluein3-skew-locked-seed2,False,True,2,0,none,signed_ld_minus_cntvaluein_dq_median__idelay_ld_cntvaluein_skew__lane0__no_bit__ctrl_2__ld_vs_cntvaluein_dq_lane__value_ps,signed_ld_minus_cntvaluein_dq_median,idelay_ld_cntvaluein_skew,lane0,,2,ld_vs_cntvaluein_dq_lane,229.5,13,-216.5,229.5,13,-216.5,positive,positive,False,True,False
2,fail_to_pass,baseline-no-lock-seed-2,cntvaluein3-skew-locked-seed2,False,True,2,0,none,signed_ld_minus_cntvaluein_dq_median__idelay_ld_cntvaluein_skew__lane0__no_bit__ctrl_3__ld_vs_cntvaluein_dq_lane__value_ps,signed_ld_minus_cntvaluein_dq_median,idelay_ld_cntvaluein_skew,lane0,,3,ld_vs_cntvaluein_dq_lane,317.5,-575,-892.5,317.5,575,257.5,positive,negative,True,False,True
2,fail_to_pass,baseline-no-lock-seed-2,cntvaluein3-skew-locked-seed2,False,True,2,0,none,signed_ld_minus_cntvaluein_dq_median__idelay_ld_cntvaluein_skew__lane0__no_bit__ctrl_4__ld_vs_cntvaluein_dq_lane__value_ps,signed_ld_minus_cntvaluein_dq_median,idelay_ld_cntvaluein_skew,lane0,,4,ld_vs_cntvaluein_dq_lane,378,-244.5,-622.5,378,244.5,-133.5,positive,negative,True,True,False
2,fail_to_pass,baseline-no-lock-seed-2,cntvaluein3-skew-locked-seed2,False,True,2,0,none,signed_ld_minus_cntvaluein_dq_median__idelay_ld_cntvaluein_skew__lane1__no_bit__ctrl_0__ld_vs_cntvaluein_dq_lane__value_ps,signed_ld_minus_cntvaluein_dq_median,idelay_ld_cntvaluein_skew,lane1,,0,ld_vs_cntvaluein_dq_lane,-311,194.5,505.5,311,194.5,-116.5,negative,positive,True,True,False
2,fail_to_pass,baseline-no-lock-seed-2,cntvaluein3-skew-locked-seed2,False,True,2,0,none,signed_ld_minus_cntvaluein_dq_median__idelay_ld_cntvaluein_skew__lane1__no_bit__ctrl_1__ld_vs_cntvaluein_dq_lane__value_ps,signed_ld_minus_cntvaluein_dq_median,idelay_ld_cntvaluein_skew,lane1,,1,ld_vs_cntvaluein_dq_lane,-328.5,-76,252.5,328.5,76,-252.5,negative,negative,False,True,False
2,fail_to_pass,baseline-no-lock-seed-2,cntvaluein3-skew-locked-seed2,False,True,2,0,none,signed_ld_minus_cntvaluein_dq_median__idelay_ld_cntvaluein_skew__lane1__no_bit__ctrl_2__ld_vs_cntvaluein_dq_lane__value_ps,signed_ld_minus_cntvaluein_dq_median,idelay_ld_cntvaluein_skew,lane1,,2,ld_vs_cntvaluein_dq_lane,138,140.5,2.5,138,140.5,2.5,positive,positive,False,False,True
2,fail_to_pass,baseline-no-lock-seed-2,cntvaluein3-skew-locked-seed2,False,True,2,0,none,signed_ld_minus_cntvaluein_dq_median__idelay_ld_cntvaluein_skew__lane1__no_bit__ctrl_3__ld_vs_cntvaluein_dq_lane__value_ps,signed_ld_minus_cntvaluein_dq_median,idelay_ld_cntvaluein_skew,lane1,,3,ld_vs_cntvaluein_dq_lane,183,-240.5,-423.5,183,240.5,57.5,positive,negative,True,False,True
2,fail_to_pass,baseline-no-lock-seed-2,cntvaluein3-skew-locked-seed2,False,True,2,0,none,signed_ld_minus_cntvaluein_dq_median__idelay_ld_cntvaluein_skew__lane1__no_bit__ctrl_4__ld_vs_cntvaluein_dq_lane__value_ps,signed_ld_minus_cntvaluein_dq_median,idelay_ld_cntvaluein_skew,lane1,,4,ld_vs_cntvaluein_dq_lane,-25,265.5,290.5,25,265.5,240.5,negative,positive,True,False,True
2,fail_to_pass,baseline-no-lock-seed-2,cntvaluein3-skew-locked-seed2,False,True,2,0,none,signed_ld_minus_cntvaluein_dqs__idelay_ld_cntvaluein_skew__lane0__dqs0__ctrl_0__ld_vs_cntvaluein_dqs__value_ps,signed_ld_minus_cntvaluein_dqs,idelay_ld_cntvaluein_skew,lane0,dqs0,0,ld_vs_cntvaluein_dqs,-211,-448,-237,211,448,237,negative,negative,False,False,True
2,fail_to_pass,baseline-no-lock-seed-2,cntvaluein3-skew-locked-seed2,False,True,2,0,none,signed_ld_minus_cntvaluein_dqs__idelay_ld_cntvaluein_skew__lane0__dqs0__ctrl_1__ld_vs_cntvaluein_dqs__value_ps,signed_ld_minus_cntvaluein_dqs,idelay_ld_cntvaluein_skew,lane0,dqs0,1,ld_vs_cntvaluein_dqs,-477,-429,48,477,429,-48,negative,negative,False,True,False
2,fail_to_pass,baseline-no-lock-seed-2,cntvaluein3-skew-locked-seed2,False,True,2,0,none,signed_ld_minus_cntvaluein_dqs__idelay_ld_cntvaluein_skew__lane0__dqs0__ctrl_2__ld_vs_cntvaluein_dqs__value_ps,signed_ld_minus_cntvaluein_dqs,idelay_ld_cntvaluein_skew,lane0,dqs0,2,ld_vs_cntvaluein_dqs,-178,131,309,178,131,-47,negative,positive,True,True,False
2,fail_to_pass,baseline-no-lock-seed-2,cntvaluein3-skew-locked-seed2,False,True,2,0,none,signed_ld_minus_cntvaluein_dqs__idelay_ld_cntvaluein_skew__lane0__dqs0__ctrl_3__ld_vs_cntvaluein_dqs__value_ps,signed_ld_minus_cntvaluein_dqs,idelay_ld_cntvaluein_skew,lane0,dqs0,3,ld_vs_cntvaluein_dqs,-620,-1125,-505,620,1125,505,negative,negative,False,False,True
2,fail_to_pass,baseline-no-lock-seed-2,cntvaluein3-skew-locked-seed2,False,True,2,0,none,signed_ld_minus_cntvaluein_dqs__idelay_ld_cntvaluein_skew__lane0__dqs0__ctrl_4__ld_vs_cntvaluein_dqs__value_ps,signed_ld_minus_cntvaluein_dqs,idelay_ld_cntvaluein_skew,lane0,dqs0,4,ld_vs_cntvaluein_dqs,266,-714,-980,266,714,448,positive,negative,True,False,True
2,fail_to_pass,baseline-no-lock-seed-2,cntvaluein3-skew-locked-seed2,False,True,2,0,none,signed_ld_minus_cntvaluein_dqs__idelay_ld_cntvaluein_skew__lane1__dqs1__ctrl_0__ld_vs_cntvaluein_dqs__value_ps,signed_ld_minus_cntvaluein_dqs,idelay_ld_cntvaluein_skew,lane1,dqs1,0,ld_vs_cntvaluein_dqs,-176,-58,118,176,58,-118,negative,negative,False,True,False
2,fail_to_pass,baseline-no-lock-seed-2,cntvaluein3-skew-locked-seed2,False,True,2,0,none,signed_ld_minus_cntvaluein_dqs__idelay_ld_cntvaluein_skew__lane1__dqs1__ctrl_1__ld_vs_cntvaluein_dqs__value_ps,signed_ld_minus_cntvaluein_dqs,idelay_ld_cntvaluein_skew,lane1,dqs1,1,ld_vs_cntvaluein_dqs,-482,-194,288,482,194,-288,negative,negative,False,True,False
2,fail_to_pass,baseline-no-lock-seed-2,cntvaluein3-skew-locked-seed2,False,True,2,0,none,signed_ld_minus_cntvaluein_dqs__idelay_ld_cntvaluein_skew__lane1__dqs1__ctrl_2__ld_vs_cntvaluein_dqs__value_ps,signed_ld_minus_cntvaluein_dqs,idelay_ld_cntvaluein_skew,lane1,dqs1,2,ld_vs_cntvaluein_dqs,-168,201,369,168,201,33,negative,positive,True,False,True
2,fail_to_pass,baseline-no-lock-seed-2,cntvaluein3-skew-locked-seed2,False,True,2,0,none,signed_ld_minus_cntvaluein_dqs__idelay_ld_cntvaluein_skew__lane1__dqs1__ctrl_3__ld_vs_cntvaluein_dqs__value_ps,signed_ld_minus_cntvaluein_dqs,idelay_ld_cntvaluein_skew,lane1,dqs1,3,ld_vs_cntvaluein_dqs,-646,-462,184,646,462,-184,negative,negative,False,True,False
2,fail_to_pass,baseline-no-lock-seed-2,cntvaluein3-skew-locked-seed2,False,True,2,0,none,signed_ld_minus_cntvaluein_dqs__idelay_ld_cntvaluein_skew__lane1__dqs1__ctrl_4__ld_vs_cntvaluein_dqs__value_ps,signed_ld_minus_cntvaluein_dqs,idelay_ld_cntvaluein_skew,lane1,dqs1,4,ld_vs_cntvaluein_dqs,25,-43,-68,25,43,18,positive,negative,True,False,True
3,pass_to_pass,baseline-no-lock-seed-3,cntvaluein3-skew-locked-seed3,True,True,0,0,none,signed_dqs_bus_skew_minus_dq_median__idelay_cntvaluein_skew__lane0__dqs0__ctrl_none__dqs_vs_dq_bus_skew__value_ps,signed_dqs_bus_skew_minus_dq_median,idelay_cntvaluein_skew,lane0,dqs0,,dqs_vs_dq_bus_skew,168.5,-572,-740.5,168.5,572,403.5,positive,negative,True,False,True
3,pass_to_pass,baseline-no-lock-seed-3,cntvaluein3-skew-locked-seed3,True,True,0,0,none,signed_dqs_bus_skew_minus_dq_median__idelay_cntvaluein_skew__lane1__dqs1__ctrl_none__dqs_vs_dq_bus_skew__value_ps,signed_dqs_bus_skew_minus_dq_median,idelay_cntvaluein_skew,lane1,dqs1,,dqs_vs_dq_bus_skew,-100.5,-653,-552.5,100.5,653,552.5,negative,negative,False,False,True
3,pass_to_pass,baseline-no-lock-seed-3,cntvaluein3-skew-locked-seed3,True,True,0,0,none,signed_dqs_minus_dq_bit__idelay_cntvaluein_skew__lane0__dq0__ctrl_0__dqs_vs_dq_bit__value_ps,signed_dqs_minus_dq_bit,idelay_cntvaluein_skew,lane0,dq0,0,dqs_vs_dq_bit,-421,587,1008,421,587,166,negative,positive,True,False,True
3,pass_to_pass,baseline-no-lock-seed-3,cntvaluein3-skew-locked-seed3,True,True,0,0,none,signed_dqs_minus_dq_bit__idelay_cntvaluein_skew__lane0__dq0__ctrl_1__dqs_vs_dq_bit__value_ps,signed_dqs_minus_dq_bit,idelay_cntvaluein_skew,lane0,dq0,1,dqs_vs_dq_bit,-50,1012,1062,50,1012,962,negative,positive,True,False,True
3,pass_to_pass,baseline-no-lock-seed-3,cntvaluein3-skew-locked-seed3,True,True,0,0,none,signed_dqs_minus_dq_bit__idelay_cntvaluein_skew__lane0__dq0__ctrl_2__dqs_vs_dq_bit__value_ps,signed_dqs_minus_dq_bit,idelay_cntvaluein_skew,lane0,dq0,2,dqs_vs_dq_bit,-499,159,658,499,159,-340,negative,positive,True,True,False
3,pass_to_pass,baseline-no-lock-seed-3,cntvaluein3-skew-locked-seed3,True,True,0,0,none,signed_dqs_minus_dq_bit__idelay_cntvaluein_skew__lane0__dq0__ctrl_3__dqs_vs_dq_bit__value_ps,signed_dqs_minus_dq_bit,idelay_cntvaluein_skew,lane0,dq0,3,dqs_vs_dq_bit,-108,-474,-366,108,474,366,negative,negative,False,False,True
3,pass_to_pass,baseline-no-lock-seed-3,cntvaluein3-skew-locked-seed3,True,True,0,0,none,signed_dqs_minus_dq_bit__idelay_cntvaluein_skew__lane0__dq0__ctrl_4__dqs_vs_dq_bit__value_ps,signed_dqs_minus_dq_bit,idelay_cntvaluein_skew,lane0,dq0,4,dqs_vs_dq_bit,-372,1092,1464,372,1092,720,negative,positive,True,False,True
3,pass_to_pass,baseline-no-lock-seed-3,cntvaluein3-skew-locked-seed3,True,True,0,0,none,signed_dqs_minus_dq_bit__idelay_cntvaluein_skew__lane0__dq1__ctrl_0__dqs_vs_dq_bit__value_ps,signed_dqs_minus_dq_bit,idelay_cntvaluein_skew,lane0,dq1,0,dqs_vs_dq_bit,-480,584,1064,480,584,104,negative,positive,True,False,True
3,pass_to_pass,baseline-no-lock-seed-3,cntvaluein3-skew-locked-seed3,True,True,0,0,none,signed_dqs_minus_dq_bit__idelay_cntvaluein_skew__lane0__dq1__ctrl_1__dqs_vs_dq_bit__value_ps,signed_dqs_minus_dq_bit,idelay_cntvaluein_skew,lane0,dq1,1,dqs_vs_dq_bit,-26,929,955,26,929,903,negative,positive,True,False,True
3,pass_to_pass,baseline-no-lock-seed-3,cntvaluein3-skew-locked-seed3,True,True,0,0,none,signed_dqs_minus_dq_bit__idelay_cntvaluein_skew__lane0__dq1__ctrl_2__dqs_vs_dq_bit__value_ps,signed_dqs_minus_dq_bit,idelay_cntvaluein_skew,lane0,dq1,2,dqs_vs_dq_bit,-591,156,747,591,156,-435,negative,positive,True,True,False
3,pass_to_pass,baseline-no-lock-seed-3,cntvaluein3-skew-locked-seed3,True,True,0,0,none,signed_dqs_minus_dq_bit__idelay_cntvaluein_skew__lane0__dq1__ctrl_3__dqs_vs_dq_bit__value_ps,signed_dqs_minus_dq_bit,idelay_cntvaluein_skew,lane0,dq1,3,dqs_vs_dq_bit,-200,-394,-194,200,394,194,negative,negative,False,False,True
3,pass_to_pass,baseline-no-lock-seed-3,cntvaluein3-skew-locked-seed3,True,True,0,0,none,signed_dqs_minus_dq_bit__idelay_cntvaluein_skew__lane0__dq1__ctrl_4__dqs_vs_dq_bit__value_ps,signed_dqs_minus_dq_bit,idelay_cntvaluein_skew,lane0,dq1,4,dqs_vs_dq_bit,-459,1088,1547,459,1088,629,negative,positive,True,False,True
3,pass_to_pass,baseline-no-lock-seed-3,cntvaluein3-skew-locked-seed3,True,True,0,0,none,signed_dqs_minus_dq_bit__idelay_cntvaluein_skew__lane0__dq2__ctrl_0__dqs_vs_dq_bit__value_ps,signed_dqs_minus_dq_bit,idelay_cntvaluein_skew,lane0,dq2,0,dqs_vs_dq_bit,-526,766,1292,526,766,240,negative,positive,True,False,True
3,pass_to_pass,baseline-no-lock-seed-3,cntvaluein3-skew-locked-seed3,True,True,0,0,none,signed_dqs_minus_dq_bit__idelay_cntvaluein_skew__lane0__dq2__ctrl_1__dqs_vs_dq_bit__value_ps,signed_dqs_minus_dq_bit,idelay_cntvaluein_skew,lane0,dq2,1,dqs_vs_dq_bit,-57,837,894,57,837,780,negative,positive,True,False,True
3,pass_to_pass,baseline-no-lock-seed-3,cntvaluein3-skew-locked-seed3,True,True,0,0,none,signed_dqs_minus_dq_bit__idelay_cntvaluein_skew__lane0__dq2__ctrl_2__dqs_vs_dq_bit__value_ps,signed_dqs_minus_dq_bit,idelay_cntvaluein_skew,lane0,dq2,2,dqs_vs_dq_bit,-459,-104,355,459,104,-355,negative,negative,False,True,False
3,pass_to_pass,baseline-no-lock-seed-3,cntvaluein3-skew-locked-seed3,True,True,0,0,none,signed_dqs_minus_dq_bit__idelay_cntvaluein_skew__lane0__dq2__ctrl_3__dqs_vs_dq_bit__value_ps,signed_dqs_minus_dq_bit,idelay_cntvaluein_skew,lane0,dq2,3,dqs_vs_dq_bit,-293,-509,-216,293,509,216,negative,negative,False,False,True
3,pass_to_pass,baseline-no-lock-seed-3,cntvaluein3-skew-locked-seed3,True,True,0,0,none,signed_dqs_minus_dq_bit__idelay_cntvaluein_skew__lane0__dq2__ctrl_4__dqs_vs_dq_bit__value_ps,signed_dqs_minus_dq_bit,idelay_cntvaluein_skew,lane0,dq2,4,dqs_vs_dq_bit,-555,1004,1559,555,1004,449,negative,positive,True,False,True
3,pass_to_pass,baseline-no-lock-seed-3,cntvaluein3-skew-locked-seed3,True,True,0,0,none,signed_dqs_minus_dq_bit__idelay_cntvaluein_skew__lane0__dq3__ctrl_0__dqs_vs_dq_bit__value_ps,signed_dqs_minus_dq_bit,idelay_cntvaluein_skew,lane0,dq3,0,dqs_vs_dq_bit,-113,982,1095,113,982,869,negative,positive,True,False,True
3,pass_to_pass,baseline-no-lock-seed-3,cntvaluein3-skew-locked-seed3,True,True,0,0,none,signed_dqs_minus_dq_bit__idelay_cntvaluein_skew__lane0__dq3__ctrl_1__dqs_vs_dq_bit__value_ps,signed_dqs_minus_dq_bit,idelay_cntvaluein_skew,lane0,dq3,1,dqs_vs_dq_bit,71,988,917,71,988,917,positive,positive,False,False,True
3,pass_to_pass,baseline-no-lock-seed-3,cntvaluein3-skew-locked-seed3,True,True,0,0,none,signed_dqs_minus_dq_bit__idelay_cntvaluein_skew__lane0__dq3__ctrl_2__dqs_vs_dq_bit__value_ps,signed_dqs_minus_dq_bit,idelay_cntvaluein_skew,lane0,dq3,2,dqs_vs_dq_bit,-600,184,784,600,184,-416,negative,positive,True,True,False
3,pass_to_pass,baseline-no-lock-seed-3,cntvaluein3-skew-locked-seed3,True,True,0,0,none,signed_dqs_minus_dq_bit__idelay_cntvaluein_skew__lane0__dq3__ctrl_3__dqs_vs_dq_bit__value_ps,signed_dqs_minus_dq_bit,idelay_cntvaluein_skew,lane0,dq3,3,dqs_vs_dq_bit,229,-394,-623,229,394,165,positive,negative,True,False,True
3,pass_to_pass,baseline-no-lock-seed-3,cntvaluein3-skew-locked-seed3,True,True,0,0,none,signed_dqs_minus_dq_bit__idelay_cntvaluein_skew__lane0__dq3__ctrl_4__dqs_vs_dq_bit__value_ps,signed_dqs_minus_dq_bit,idelay_cntvaluein_skew,lane0,dq3,4,dqs_vs_dq_bit,213,1008,795,213,1008,795,positive,positive,False,False,True
3,pass_to_pass,baseline-no-lock-seed-3,cntvaluein3-skew-locked-seed3,True,True,0,0,none,signed_dqs_minus_dq_bit__idelay_cntvaluein_skew__lane0__dq4__ctrl_0__dqs_vs_dq_bit__value_ps,signed_dqs_minus_dq_bit,idelay_cntvaluein_skew,lane0,dq4,0,dqs_vs_dq_bit,-253,676,929,253,676,423,negative,positive,True,False,True
3,pass_to_pass,baseline-no-lock-seed-3,cntvaluein3-skew-locked-seed3,True,True,0,0,none,signed_dqs_minus_dq_bit__idelay_cntvaluein_skew__lane0__dq4__ctrl_1__dqs_vs_dq_bit__value_ps,signed_dqs_minus_dq_bit,idelay_cntvaluein_skew,lane0,dq4,1,dqs_vs_dq_bit,-66,767,833,66,767,701,negative,positive,True,False,True
3,pass_to_pass,baseline-no-lock-seed-3,cntvaluein3-skew-locked-seed3,True,True,0,0,none,signed_dqs_minus_dq_bit__idelay_cntvaluein_skew__lane0__dq4__ctrl_2__dqs_vs_dq_bit__value_ps,signed_dqs_minus_dq_bit,idelay_cntvaluein_skew,lane0,dq4,2,dqs_vs_dq_bit,-547,-13,534,547,13,-534,negative,negative,False,True,False
3,pass_to_pass,baseline-no-lock-seed-3,cntvaluein3-skew-locked-seed3,True,True,0,0,none,signed_dqs_minus_dq_bit__idelay_cntvaluein_skew__lane0__dq4__ctrl_3__dqs_vs_dq_bit__value_ps,signed_dqs_minus_dq_bit,idelay_cntvaluein_skew,lane0,dq4,3,dqs_vs_dq_bit,-290,-530,-240,290,530,240,negative,negative,False,False,True
3,pass_to_pass,baseline-no-lock-seed-3,cntvaluein3-skew-locked-seed3,True,True,0,0,none,signed_dqs_minus_dq_bit__idelay_cntvaluein_skew__lane0__dq4__ctrl_4__dqs_vs_dq_bit__value_ps,signed_dqs_minus_dq_bit,idelay_cntvaluein_skew,lane0,dq4,4,dqs_vs_dq_bit,-548,1092,1640,548,1092,544,negative,positive,True,False,True
3,pass_to_pass,baseline-no-lock-seed-3,cntvaluein3-skew-locked-seed3,True,True,0,0,none,signed_dqs_minus_dq_bit__idelay_cntvaluein_skew__lane0__dq5__ctrl_0__dqs_vs_dq_bit__value_ps,signed_dqs_minus_dq_bit,idelay_cntvaluein_skew,lane0,dq5,0,dqs_vs_dq_bit,-172,983,1155,172,983,811,negative,positive,True,False,True
3,pass_to_pass,baseline-no-lock-seed-3,cntvaluein3-skew-locked-seed3,True,True,0,0,none,signed_dqs_minus_dq_bit__idelay_cntvaluein_skew__lane0__dq5__ctrl_1__dqs_vs_dq_bit__value_ps,signed_dqs_minus_dq_bit,idelay_cntvaluein_skew,lane0,dq5,1,dqs_vs_dq_bit,201,980,779,201,980,779,positive,positive,False,False,True
3,pass_to_pass,baseline-no-lock-seed-3,cntvaluein3-skew-locked-seed3,True,True,0,0,none,signed_dqs_minus_dq_bit__idelay_cntvaluein_skew__lane0__dq5__ctrl_2__dqs_vs_dq_bit__value_ps,signed_dqs_minus_dq_bit,idelay_cntvaluein_skew,lane0,dq5,2,dqs_vs_dq_bit,-683,320,1003,683,320,-363,negative,positive,True,True,False
3,pass_to_pass,baseline-no-lock-seed-3,cntvaluein3-skew-locked-seed3,True,True,0,0,none,signed_dqs_minus_dq_bit__idelay_cntvaluein_skew__lane0__dq5__ctrl_3__dqs_vs_dq_bit__value_ps,signed_dqs_minus_dq_bit,idelay_cntvaluein_skew,lane0,dq5,3,dqs_vs_dq_bit,143,-371,-514,143,371,228,positive,negative,True,False,True
3,pass_to_pass,baseline-no-lock-seed-3,cntvaluein3-skew-locked-seed3,True,True,0,0,none,signed_dqs_minus_dq_bit__idelay_cntvaluein_skew__lane0__dq5__ctrl_4__dqs_vs_dq_bit__value_ps,signed_dqs_minus_dq_bit,idelay_cntvaluein_skew,lane0,dq5,4,dqs_vs_dq_bit,157,919,762,157,919,762,positive,positive,False,False,True
3,pass_to_pass,baseline-no-lock-seed-3,cntvaluein3-skew-locked-seed3,True,True,0,0,none,signed_dqs_minus_dq_bit__idelay_cntvaluein_skew__lane0__dq6__ctrl_0__dqs_vs_dq_bit__value_ps,signed_dqs_minus_dq_bit,idelay_cntvaluein_skew,lane0,dq6,0,dqs_vs_dq_bit,-431,595,1026,431,595,164,negative,positive,True,False,True
3,pass_to_pass,baseline-no-lock-seed-3,cntvaluein3-skew-locked-seed3,True,True,0,0,none,signed_dqs_minus_dq_bit__idelay_cntvaluein_skew__lane0__dq6__ctrl_1__dqs_vs_dq_bit__value_ps,signed_dqs_minus_dq_bit,idelay_cntvaluein_skew,lane0,dq6,1,dqs_vs_dq_bit,-151,980,1131,151,980,829,negative,positive,True,False,True
3,pass_to_pass,baseline-no-lock-seed-3,cntvaluein3-skew-locked-seed3,True,True,0,0,none,signed_dqs_minus_dq_bit__idelay_cntvaluein_skew__lane0__dq6__ctrl_2__dqs_vs_dq_bit__value_ps,signed_dqs_minus_dq_bit,idelay_cntvaluein_skew,lane0,dq6,2,dqs_vs_dq_bit,-624,-198,426,624,198,-426,negative,negative,False,True,False
3,pass_to_pass,baseline-no-lock-seed-3,cntvaluein3-skew-locked-seed3,True,True,0,0,none,signed_dqs_minus_dq_bit__idelay_cntvaluein_skew__lane0__dq6__ctrl_3__dqs_vs_dq_bit__value_ps,signed_dqs_minus_dq_bit,idelay_cntvaluein_skew,lane0,dq6,3,dqs_vs_dq_bit,-385,-348,37,385,348,-37,negative,negative,False,True,False
3,pass_to_pass,baseline-no-lock-seed-3,cntvaluein3-skew-locked-seed3,True,True,0,0,none,signed_dqs_minus_dq_bit__idelay_cntvaluein_skew__lane0__dq6__ctrl_4__dqs_vs_dq_bit__value_ps,signed_dqs_minus_dq_bit,idelay_cntvaluein_skew,lane0,dq6,4,dqs_vs_dq_bit,-650,909,1559,650,909,259,negative,positive,True,False,True
3,pass_to_pass,baseline-no-lock-seed-3,cntvaluein3-skew-locked-seed3,True,True,0,0,none,signed_dqs_minus_dq_bit__idelay_cntvaluein_skew__lane0__dq7__ctrl_0__dqs_vs_dq_bit__value_ps,signed_dqs_minus_dq_bit,idelay_cntvaluein_skew,lane0,dq7,0,dqs_vs_dq_bit,-424,707,1131,424,707,283,negative,positive,True,False,True
3,pass_to_pass,baseline-no-lock-seed-3,cntvaluein3-skew-locked-seed3,True,True,0,0,none,signed_dqs_minus_dq_bit__idelay_cntvaluein_skew__lane0__dq7__ctrl_1__dqs_vs_dq_bit__value_ps,signed_dqs_minus_dq_bit,idelay_cntvaluein_skew,lane0,dq7,1,dqs_vs_dq_bit,-148,892,1040,148,892,744,negative,positive,True,False,True
3,pass_to_pass,baseline-no-lock-seed-3,cntvaluein3-skew-locked-seed3,True,True,0,0,none,signed_dqs_minus_dq_bit__idelay_cntvaluein_skew__lane0__dq7__ctrl_2__dqs_vs_dq_bit__value_ps,signed_dqs_minus_dq_bit,idelay_cntvaluein_skew,lane0,dq7,2,dqs_vs_dq_bit,-677,-196,481,677,196,-481,negative,negative,False,True,False
3,pass_to_pass,baseline-no-lock-seed-3,cntvaluein3-skew-locked-seed3,True,True,0,0,none,signed_dqs_minus_dq_bit__idelay_cntvaluein_skew__lane0__dq7__ctrl_3__dqs_vs_dq_bit__value_ps,signed_dqs_minus_dq_bit,idelay_cntvaluein_skew,lane0,dq7,3,dqs_vs_dq_bit,183,-556,-739,183,556,373,positive,negative,True,False,True
3,pass_to_pass,baseline-no-lock-seed-3,cntvaluein3-skew-locked-seed3,True,True,0,0,none,signed_dqs_minus_dq_bit__idelay_cntvaluein_skew__lane0__dq7__ctrl_4__dqs_vs_dq_bit__value_ps,signed_dqs_minus_dq_bit,idelay_cntvaluein_skew,lane0,dq7,4,dqs_vs_dq_bit,-642,917,1559,642,917,275,negative,positive,True,False,True
3,pass_to_pass,baseline-no-lock-seed-3,cntvaluein3-skew-locked-seed3,True,True,0,0,none,signed_dqs_minus_dq_bit__idelay_cntvaluein_skew__lane1__dq10__ctrl_0__dqs_vs_dq_bit__value_ps,signed_dqs_minus_dq_bit,idelay_cntvaluein_skew,lane1,dq10,0,dqs_vs_dq_bit,-291,1027,1318,291,1027,736,negative,positive,True,False,True
3,pass_to_pass,baseline-no-lock-seed-3,cntvaluein3-skew-locked-seed3,True,True,0,0,none,signed_dqs_minus_dq_bit__idelay_cntvaluein_skew__lane1__dq10__ctrl_1__dqs_vs_dq_bit__value_ps,signed_dqs_minus_dq_bit,idelay_cntvaluein_skew,lane1,dq10,1,dqs_vs_dq_bit,-207,1214,1421,207,1214,1007,negative,positive,True,False,True
3,pass_to_pass,baseline-no-lock-seed-3,cntvaluein3-skew-locked-seed3,True,True,0,0,none,signed_dqs_minus_dq_bit__idelay_cntvaluein_skew__lane1__dq10__ctrl_2__dqs_vs_dq_bit__value_ps,signed_dqs_minus_dq_bit,idelay_cntvaluein_skew,lane1,dq10,2,dqs_vs_dq_bit,-708,-36,672,708,36,-672,negative,negative,False,True,False
3,pass_to_pass,baseline-no-lock-seed-3,cntvaluein3-skew-locked-seed3,True,True,0,0,none,signed_dqs_minus_dq_bit__idelay_cntvaluein_skew__lane1__dq10__ctrl_3__dqs_vs_dq_bit__value_ps,signed_dqs_minus_dq_bit,idelay_cntvaluein_skew,lane1,dq10,3,dqs_vs_dq_bit,229,-485,-714,229,485,256,positive,negative,True,False,True
3,pass_to_pass,baseline-no-lock-seed-3,cntvaluein3-skew-locked-seed3,True,True,0,0,none,signed_dqs_minus_dq_bit__idelay_cntvaluein_skew__lane1__dq10__ctrl_4__dqs_vs_dq_bit__value_ps,signed_dqs_minus_dq_bit,idelay_cntvaluein_skew,lane1,dq10,4,dqs_vs_dq_bit,-7,673,680,7,673,666,negative,positive,True,False,True
3,pass_to_pass,baseline-no-lock-seed-3,cntvaluein3-skew-locked-seed3,True,True,0,0,none,signed_dqs_minus_dq_bit__idelay_cntvaluein_skew__lane1__dq11__ctrl_0__dqs_vs_dq_bit__value_ps,signed_dqs_minus_dq_bit,idelay_cntvaluein_skew,lane1,dq11,0,dqs_vs_dq_bit,-166,1075,1241,166,1075,909,negative,positive,True,False,True
3,pass_to_pass,baseline-no-lock-seed-3,cntvaluein3-skew-locked-seed3,True,True,0,0,none,signed_dqs_minus_dq_bit__idelay_cntvaluein_skew__lane1__dq11__ctrl_1__dqs_vs_dq_bit__value_ps,signed_dqs_minus_dq_bit,idelay_cntvaluein_skew,lane1,dq11,1,dqs_vs_dq_bit,-108,1348,1456,108,1348,1240,negative,positive,True,False,True
3,pass_to_pass,baseline-no-lock-seed-3,cntvaluein3-skew-locked-seed3,True,True,0,0,none,signed_dqs_minus_dq_bit__idelay_cntvaluein_skew__lane1__dq11__ctrl_2__dqs_vs_dq_bit__value_ps,signed_dqs_minus_dq_bit,idelay_cntvaluein_skew,lane1,dq11,2,dqs_vs_dq_bit,-543,66,609,543,66,-477,negative,positive,True,True,False
3,pass_to_pass,baseline-no-lock-seed-3,cntvaluein3-skew-locked-seed3,True,True,0,0,none,signed_dqs_minus_dq_bit__idelay_cntvaluein_skew__lane1__dq11__ctrl_3__dqs_vs_dq_bit__value_ps,signed_dqs_minus_dq_bit,idelay_cntvaluein_skew,lane1,dq11,3,dqs_vs_dq_bit,357,-441,-798,357,441,84,positive,negative,True,False,True
3,pass_to_pass,baseline-no-lock-seed-3,cntvaluein3-skew-locked-seed3,True,True,0,0,none,signed_dqs_minus_dq_bit__idelay_cntvaluein_skew__lane1__dq11__ctrl_4__dqs_vs_dq_bit__value_ps,signed_dqs_minus_dq_bit,idelay_cntvaluein_skew,lane1,dq11,4,dqs_vs_dq_bit,-53,555,608,53,555,502,negative,positive,True,False,True
3,pass_to_pass,baseline-no-lock-seed-3,cntvaluein3-skew-locked-seed3,True,True,0,0,none,signed_dqs_minus_dq_bit__idelay_cntvaluein_skew__lane1__dq12__ctrl_0__dqs_vs_dq_bit__value_ps,signed_dqs_minus_dq_bit,idelay_cntvaluein_skew,lane1,dq12,0,dqs_vs_dq_bit,-513,807,1320,513,807,294,negative,positive,True,False,True
3,pass_to_pass,baseline-no-lock-seed-3,cntvaluein3-skew-locked-seed3,True,True,0,0,none,signed_dqs_minus_dq_bit__idelay_cntvaluein_skew__lane1__dq12__ctrl_1__dqs_vs_dq_bit__value_ps,signed_dqs_minus_dq_bit,idelay_cntvaluein_skew,lane1,dq12,1,dqs_vs_dq_bit,-62,1131,1193,62,1131,1069,negative,positive,True,False,True
3,pass_to_pass,baseline-no-lock-seed-3,cntvaluein3-skew-locked-seed3,True,True,0,0,none,signed_dqs_minus_dq_bit__idelay_cntvaluein_skew__lane1__dq12__ctrl_2__dqs_vs_dq_bit__value_ps,signed_dqs_minus_dq_bit,idelay_cntvaluein_skew,lane1,dq12,2,dqs_vs_dq_bit,-764,26,790,764,26,-738,negative,positive,True,True,False
3,pass_to_pass,baseline-no-lock-seed-3,cntvaluein3-skew-locked-seed3,True,True,0,0,none,signed_dqs_minus_dq_bit__idelay_cntvaluein_skew__lane1__dq12__ctrl_3__dqs_vs_dq_bit__value_ps,signed_dqs_minus_dq_bit,idelay_cntvaluein_skew,lane1,dq12,3,dqs_vs_dq_bit,143,-538,-681,143,538,395,positive,negative,True,False,True
3,pass_to_pass,baseline-no-lock-seed-3,cntvaluein3-skew-locked-seed3,True,True,0,0,none,signed_dqs_minus_dq_bit__idelay_cntvaluein_skew__lane1__dq12__ctrl_4__dqs_vs_dq_bit__value_ps,signed_dqs_minus_dq_bit,idelay_cntvaluein_skew,lane1,dq12,4,dqs_vs_dq_bit,-91,586,677,91,586,495,negative,positive,True,False,True
3,pass_to_pass,baseline-no-lock-seed-3,cntvaluein3-skew-locked-seed3,True,True,0,0,none,signed_dqs_minus_dq_bit__idelay_cntvaluein_skew__lane1__dq13__ctrl_0__dqs_vs_dq_bit__value_ps,signed_dqs_minus_dq_bit,idelay_cntvaluein_skew,lane1,dq13,0,dqs_vs_dq_bit,-77,1016,1093,77,1016,939,negative,positive,True,False,True
3,pass_to_pass,baseline-no-lock-seed-3,cntvaluein3-skew-locked-seed3,True,True,0,0,none,signed_dqs_minus_dq_bit__idelay_cntvaluein_skew__lane1__dq13__ctrl_1__dqs_vs_dq_bit__value_ps,signed_dqs_minus_dq_bit,idelay_cntvaluein_skew,lane1,dq13,1,dqs_vs_dq_bit,-134,1089,1223,134,1089,955,negative,positive,True,False,True
3,pass_to_pass,baseline-no-lock-seed-3,cntvaluein3-skew-locked-seed3,True,True,0,0,none,signed_dqs_minus_dq_bit__idelay_cntvaluein_skew__lane1__dq13__ctrl_2__dqs_vs_dq_bit__value_ps,signed_dqs_minus_dq_bit,idelay_cntvaluein_skew,lane1,dq13,2,dqs_vs_dq_bit,-544,10,554,544,10,-534,negative,positive,True,True,False
3,pass_to_pass,baseline-no-lock-seed-3,cntvaluein3-skew-locked-seed3,True,True,0,0,none,signed_dqs_minus_dq_bit__idelay_cntvaluein_skew__lane1__dq13__ctrl_3__dqs_vs_dq_bit__value_ps,signed_dqs_minus_dq_bit,idelay_cntvaluein_skew,lane1,dq13,3,dqs_vs_dq_bit,275,-359,-634,275,359,84,positive,negative,True,False,True
3,pass_to_pass,baseline-no-lock-seed-3,cntvaluein3-skew-locked-seed3,True,True,0,0,none,signed_dqs_minus_dq_bit__idelay_cntvaluein_skew__lane1__dq13__ctrl_4__dqs_vs_dq_bit__value_ps,signed_dqs_minus_dq_bit,idelay_cntvaluein_skew,lane1,dq13,4,dqs_vs_dq_bit,-60,466,526,60,466,406,negative,positive,True,False,True
3,pass_to_pass,baseline-no-lock-seed-3,cntvaluein3-skew-locked-seed3,True,True,0,0,none,signed_dqs_minus_dq_bit__idelay_cntvaluein_skew__lane1__dq14__ctrl_0__dqs_vs_dq_bit__value_ps,signed_dqs_minus_dq_bit,idelay_cntvaluein_skew,lane1,dq14,0,dqs_vs_dq_bit,-464,855,1319,464,855,391,negative,positive,True,False,True
3,pass_to_pass,baseline-no-lock-seed-3,cntvaluein3-skew-locked-seed3,True,True,0,0,none,signed_dqs_minus_dq_bit__idelay_cntvaluein_skew__lane1__dq14__ctrl_1__dqs_vs_dq_bit__value_ps,signed_dqs_minus_dq_bit,idelay_cntvaluein_skew,lane1,dq14,1,dqs_vs_dq_bit,-115,1040,1155,115,1040,925,negative,positive,True,False,True
3,pass_to_pass,baseline-no-lock-seed-3,cntvaluein3-skew-locked-seed3,True,True,0,0,none,signed_dqs_minus_dq_bit__idelay_cntvaluein_skew__lane1__dq14__ctrl_2__dqs_vs_dq_bit__value_ps,signed_dqs_minus_dq_bit,idelay_cntvaluein_skew,lane1,dq14,2,dqs_vs_dq_bit,-533,-130,403,533,130,-403,negative,negative,False,True,False
3,pass_to_pass,baseline-no-lock-seed-3,cntvaluein3-skew-locked-seed3,True,True,0,0,none,signed_dqs_minus_dq_bit__idelay_cntvaluein_skew__lane1__dq14__ctrl_3__dqs_vs_dq_bit__value_ps,signed_dqs_minus_dq_bit,idelay_cntvaluein_skew,lane1,dq14,3,dqs_vs_dq_bit,53,-533,-586,53,533,480,positive,negative,True,False,True
3,pass_to_pass,baseline-no-lock-seed-3,cntvaluein3-skew-locked-seed3,True,True,0,0,none,signed_dqs_minus_dq_bit__idelay_cntvaluein_skew__lane1__dq14__ctrl_4__dqs_vs_dq_bit__value_ps,signed_dqs_minus_dq_bit,idelay_cntvaluein_skew,lane1,dq14,4,dqs_vs_dq_bit,-102,497,599,102,497,395,negative,positive,True,False,True
3,pass_to_pass,baseline-no-lock-seed-3,cntvaluein3-skew-locked-seed3,True,True,0,0,none,signed_dqs_minus_dq_bit__idelay_cntvaluein_skew__lane1__dq15__ctrl_0__dqs_vs_dq_bit__value_ps,signed_dqs_minus_dq_bit,idelay_cntvaluein_skew,lane1,dq15,0,dqs_vs_dq_bit,137,1215,1078,137,1215,1078,positive,positive,False,False,True
3,pass_to_pass,baseline-no-lock-seed-3,cntvaluein3-skew-locked-seed3,True,True,0,0,none,signed_dqs_minus_dq_bit__idelay_cntvaluein_skew__lane1__dq15__ctrl_1__dqs_vs_dq_bit__value_ps,signed_dqs_minus_dq_bit,idelay_cntvaluein_skew,lane1,dq15,1,dqs_vs_dq_bit,-67,1381,1448,67,1381,1314,negative,positive,True,False,True
3,pass_to_pass,baseline-no-lock-seed-3,cntvaluein3-skew-locked-seed3,True,True,0,0,none,signed_dqs_minus_dq_bit__idelay_cntvaluein_skew__lane1__dq15__ctrl_2__dqs_vs_dq_bit__value_ps,signed_dqs_minus_dq_bit,idelay_cntvaluein_skew,lane1,dq15,2,dqs_vs_dq_bit,-191,748,939,191,748,557,negative,positive,True,False,True
3,pass_to_pass,baseline-no-lock-seed-3,cntvaluein3-skew-locked-seed3,True,True,0,0,none,signed_dqs_minus_dq_bit__idelay_cntvaluein_skew__lane1__dq15__ctrl_3__dqs_vs_dq_bit__value_ps,signed_dqs_minus_dq_bit,idelay_cntvaluein_skew,lane1,dq15,3,dqs_vs_dq_bit,494,-484,-978,494,484,-10,positive,negative,True,True,False
3,pass_to_pass,baseline-no-lock-seed-3,cntvaluein3-skew-locked-seed3,True,True,0,0,none,signed_dqs_minus_dq_bit__idelay_cntvaluein_skew__lane1__dq15__ctrl_4__dqs_vs_dq_bit__value_ps,signed_dqs_minus_dq_bit,idelay_cntvaluein_skew,lane1,dq15,4,dqs_vs_dq_bit,-270,1044,1314,270,1044,774,negative,positive,True,False,True
3,pass_to_pass,baseline-no-lock-seed-3,cntvaluein3-skew-locked-seed3,True,True,0,0,none,signed_dqs_minus_dq_bit__idelay_cntvaluein_skew__lane1__dq8__ctrl_0__dqs_vs_dq_bit__value_ps,signed_dqs_minus_dq_bit,idelay_cntvaluein_skew,lane1,dq8,0,dqs_vs_dq_bit,-551,767,1318,551,767,216,negative,positive,True,False,True
3,pass_to_pass,baseline-no-lock-seed-3,cntvaluein3-skew-locked-seed3,True,True,0,0,none,signed_dqs_minus_dq_bit__idelay_cntvaluein_skew__lane1__dq8__ctrl_1__dqs_vs_dq_bit__value_ps,signed_dqs_minus_dq_bit,idelay_cntvaluein_skew,lane1,dq8,1,dqs_vs_dq_bit,-105,950,1055,105,950,845,negative,positive,True,False,True
3,pass_to_pass,baseline-no-lock-seed-3,cntvaluein3-skew-locked-seed3,True,True,0,0,none,signed_dqs_minus_dq_bit__idelay_cntvaluein_skew__lane1__dq8__ctrl_2__dqs_vs_dq_bit__value_ps,signed_dqs_minus_dq_bit,idelay_cntvaluein_skew,lane1,dq8,2,dqs_vs_dq_bit,-452,-15,437,452,15,-437,negative,negative,False,True,False
3,pass_to_pass,baseline-no-lock-seed-3,cntvaluein3-skew-locked-seed3,True,True,0,0,none,signed_dqs_minus_dq_bit__idelay_cntvaluein_skew__lane1__dq8__ctrl_3__dqs_vs_dq_bit__value_ps,signed_dqs_minus_dq_bit,idelay_cntvaluein_skew,lane1,dq8,3,dqs_vs_dq_bit,-39,-586,-547,39,586,547,negative,negative,False,False,True
3,pass_to_pass,baseline-no-lock-seed-3,cntvaluein3-skew-locked-seed3,True,True,0,0,none,signed_dqs_minus_dq_bit__idelay_cntvaluein_skew__lane1__dq8__ctrl_4__dqs_vs_dq_bit__value_ps,signed_dqs_minus_dq_bit,idelay_cntvaluein_skew,lane1,dq8,4,dqs_vs_dq_bit,-186,410,596,186,410,224,negative,positive,True,False,True
3,pass_to_pass,baseline-no-lock-seed-3,cntvaluein3-skew-locked-seed3,True,True,0,0,none,signed_dqs_minus_dq_bit__idelay_cntvaluein_skew__lane1__dq9__ctrl_0__dqs_vs_dq_bit__value_ps,signed_dqs_minus_dq_bit,idelay_cntvaluein_skew,lane1,dq9,0,dqs_vs_dq_bit,-84,1127,1211,84,1127,1043,negative,positive,True,False,True
3,pass_to_pass,baseline-no-lock-seed-3,cntvaluein3-skew-locked-seed3,True,True,0,0,none,signed_dqs_minus_dq_bit__idelay_cntvaluein_skew__lane1__dq9__ctrl_1__dqs_vs_dq_bit__value_ps,signed_dqs_minus_dq_bit,idelay_cntvaluein_skew,lane1,dq9,1,dqs_vs_dq_bit,-95,1374,1469,95,1374,1279,negative,positive,True,False,True
3,pass_to_pass,baseline-no-lock-seed-3,cntvaluein3-skew-locked-seed3,True,True,0,0,none,signed_dqs_minus_dq_bit__idelay_cntvaluein_skew__lane1__dq9__ctrl_2__dqs_vs_dq_bit__value_ps,signed_dqs_minus_dq_bit,idelay_cntvaluein_skew,lane1,dq9,2,dqs_vs_dq_bit,-191,741,932,191,741,550,negative,positive,True,False,True
3,pass_to_pass,baseline-no-lock-seed-3,cntvaluein3-skew-locked-seed3,True,True,0,0,none,signed_dqs_minus_dq_bit__idelay_cntvaluein_skew__lane1__dq9__ctrl_3__dqs_vs_dq_bit__value_ps,signed_dqs_minus_dq_bit,idelay_cntvaluein_skew,lane1,dq9,3,dqs_vs_dq_bit,413,-576,-989,413,576,163,positive,negative,True,False,True
3,pass_to_pass,baseline-no-lock-seed-3,cntvaluein3-skew-locked-seed3,True,True,0,0,none,signed_dqs_minus_dq_bit__idelay_cntvaluein_skew__lane1__dq9__ctrl_4__dqs_vs_dq_bit__value_ps,signed_dqs_minus_dq_bit,idelay_cntvaluein_skew,lane1,dq9,4,dqs_vs_dq_bit,-359,956,1315,359,956,597,negative,positive,True,False,True
3,pass_to_pass,baseline-no-lock-seed-3,cntvaluein3-skew-locked-seed3,True,True,0,0,none,signed_dqs_minus_dq_median__idelay_cntvaluein_skew__lane0__dqs0__ctrl_0__dqs_vs_dq_lane__value_ps,signed_dqs_minus_dq_median,idelay_cntvaluein_skew,lane0,dqs0,0,dqs_vs_dq_lane,-422.5,691.5,1114,422.5,691.5,269,negative,positive,True,False,True
3,pass_to_pass,baseline-no-lock-seed-3,cntvaluein3-skew-locked-seed3,True,True,0,0,none,signed_dqs_minus_dq_median__idelay_cntvaluein_skew__lane0__dqs0__ctrl_1__dqs_vs_dq_lane__value_ps,signed_dqs_minus_dq_median,idelay_cntvaluein_skew,lane0,dqs0,1,dqs_vs_dq_lane,-53.5,954.5,1008,53.5,954.5,901,negative,positive,True,False,True
3,pass_to_pass,baseline-no-lock-seed-3,cntvaluein3-skew-locked-seed3,True,True,0,0,none,signed_dqs_minus_dq_median__idelay_cntvaluein_skew__lane0__dqs0__ctrl_2__dqs_vs_dq_lane__value_ps,signed_dqs_minus_dq_median,idelay_cntvaluein_skew,lane0,dqs0,2,dqs_vs_dq_lane,-595.5,71.5,667,595.5,71.5,-524,negative,positive,True,True,False
3,pass_to_pass,baseline-no-lock-seed-3,cntvaluein3-skew-locked-seed3,True,True,0,0,none,signed_dqs_minus_dq_median__idelay_cntvaluein_skew__lane0__dqs0__ctrl_3__dqs_vs_dq_lane__value_ps,signed_dqs_minus_dq_median,idelay_cntvaluein_skew,lane0,dqs0,3,dqs_vs_dq_lane,-154,-434,-280,154,434,280,negative,negative,False,False,True
3,pass_to_pass,baseline-no-lock-seed-3,cntvaluein3-skew-locked-seed3,True,True,0,0,none,signed_dqs_minus_dq_median__idelay_cntvaluein_skew__lane0__dqs0__ctrl_4__dqs_vs_dq_lane__value_ps,signed_dqs_minus_dq_median,idelay_cntvaluein_skew,lane0,dqs0,4,dqs_vs_dq_lane,-503.5,1006,1509.5,503.5,1006,502.5,negative,positive,True,False,True
3,pass_to_pass,baseline-no-lock-seed-3,cntvaluein3-skew-locked-seed3,True,True,0,0,none,signed_dqs_minus_dq_median__idelay_cntvaluein_skew__lane1__dqs1__ctrl_0__dqs_vs_dq_lane__value_ps,signed_dqs_minus_dq_median,idelay_cntvaluein_skew,lane1,dqs1,0,dqs_vs_dq_lane,-228.5,1021.5,1250,228.5,1021.5,793,negative,positive,True,False,True
3,pass_to_pass,baseline-no-lock-seed-3,cntvaluein3-skew-locked-seed3,True,True,0,0,none,signed_dqs_minus_dq_median__idelay_cntvaluein_skew__lane1__dqs1__ctrl_1__dqs_vs_dq_lane__value_ps,signed_dqs_minus_dq_median,idelay_cntvaluein_skew,lane1,dqs1,1,dqs_vs_dq_lane,-106.5,1172.5,1279,106.5,1172.5,1066,negative,positive,True,False,True
3,pass_to_pass,baseline-no-lock-seed-3,cntvaluein3-skew-locked-seed3,True,True,0,0,none,signed_dqs_minus_dq_median__idelay_cntvaluein_skew__lane1__dqs1__ctrl_2__dqs_vs_dq_lane__value_ps,signed_dqs_minus_dq_median,idelay_cntvaluein_skew,lane1,dqs1,2,dqs_vs_dq_lane,-538,18,556,538,18,-520,negative,positive,True,True,False
3,pass_to_pass,baseline-no-lock-seed-3,cntvaluein3-skew-locked-seed3,True,True,0,0,none,signed_dqs_minus_dq_median__idelay_cntvaluein_skew__lane1__dqs1__ctrl_3__dqs_vs_dq_lane__value_ps,signed_dqs_minus_dq_median,idelay_cntvaluein_skew,lane1,dqs1,3,dqs_vs_dq_lane,252,-509,-761,252,509,257,positive,negative,True,False,True
3,pass_to_pass,baseline-no-lock-seed-3,cntvaluein3-skew-locked-seed3,True,True,0,0,none,signed_dqs_minus_dq_median__idelay_cntvaluein_skew__lane1__dqs1__ctrl_4__dqs_vs_dq_lane__value_ps,signed_dqs_minus_dq_median,idelay_cntvaluein_skew,lane1,dqs1,4,dqs_vs_dq_lane,-96.5,570.5,667,96.5,570.5,474,negative,positive,True,False,True
3,pass_to_pass,baseline-no-lock-seed-3,cntvaluein3-skew-locked-seed3,True,True,0,0,none,signed_lane1_minus_lane0_dq_median__idelay_cntvaluein_skew__all__no_bit__ctrl_0__lane1_vs_lane0_dq__value_ps,signed_lane1_minus_lane0_dq_median,idelay_cntvaluein_skew,all,,0,lane1_vs_lane0_dq,-556,-468,88,556,468,-88,negative,negative,False,True,False
3,pass_to_pass,baseline-no-lock-seed-3,cntvaluein3-skew-locked-seed3,True,True,0,0,none,signed_lane1_minus_lane0_dq_median__idelay_cntvaluein_skew__all__no_bit__ctrl_1__lane1_vs_lane0_dq__value_ps,signed_lane1_minus_lane0_dq_median,idelay_cntvaluein_skew,all,,1,lane1_vs_lane0_dq,-394,-220,174,394,220,-174,negative,negative,False,True,False
3,pass_to_pass,baseline-no-lock-seed-3,cntvaluein3-skew-locked-seed3,True,True,0,0,none,signed_lane1_minus_lane0_dq_median__idelay_cntvaluein_skew__all__no_bit__ctrl_2__lane1_vs_lane0_dq__value_ps,signed_lane1_minus_lane0_dq_median,idelay_cntvaluein_skew,all,,2,lane1_vs_lane0_dq,-323.5,-125.5,198,323.5,125.5,-198,negative,negative,False,True,False
3,pass_to_pass,baseline-no-lock-seed-3,cntvaluein3-skew-locked-seed3,True,True,0,0,none,signed_lane1_minus_lane0_dq_median__idelay_cntvaluein_skew__all__no_bit__ctrl_3__lane1_vs_lane0_dq__value_ps,signed_lane1_minus_lane0_dq_median,idelay_cntvaluein_skew,all,,3,lane1_vs_lane0_dq,-590,-210,380,590,210,-380,negative,negative,False,True,False
3,pass_to_pass,baseline-no-lock-seed-3,cntvaluein3-skew-locked-seed3,True,True,0,0,none,signed_lane1_minus_lane0_dq_median__idelay_cntvaluein_skew__all__no_bit__ctrl_4__lane1_vs_lane0_dq__value_ps,signed_lane1_minus_lane0_dq_median,idelay_cntvaluein_skew,all,,4,lane1_vs_lane0_dq,-611,97.5,708.5,611,97.5,-513.5,negative,positive,True,True,False
3,pass_to_pass,baseline-no-lock-seed-3,cntvaluein3-skew-locked-seed3,True,True,0,0,none,signed_lane1_minus_lane0_dqs__idelay_cntvaluein_skew__all__no_bit__ctrl_0__lane1_vs_lane0_dqs__value_ps,signed_lane1_minus_lane0_dqs,idelay_cntvaluein_skew,all,,0,lane1_vs_lane0_dqs,-362,-138,224,362,138,-224,negative,negative,False,True,False
3,pass_to_pass,baseline-no-lock-seed-3,cntvaluein3-skew-locked-seed3,True,True,0,0,none,signed_lane1_minus_lane0_dqs__idelay_cntvaluein_skew__all__no_bit__ctrl_1__lane1_vs_lane0_dqs__value_ps,signed_lane1_minus_lane0_dqs,idelay_cntvaluein_skew,all,,1,lane1_vs_lane0_dqs,-447,-2,445,447,2,-445,negative,negative,False,True,False
3,pass_to_pass,baseline-no-lock-seed-3,cntvaluein3-skew-locked-seed3,True,True,0,0,none,signed_lane1_minus_lane0_dqs__idelay_cntvaluein_skew__all__no_bit__ctrl_2__lane1_vs_lane0_dqs__value_ps,signed_lane1_minus_lane0_dqs,idelay_cntvaluein_skew,all,,2,lane1_vs_lane0_dqs,-266,-179,87,266,179,-87,negative,negative,False,True,False
3,pass_to_pass,baseline-no-lock-seed-3,cntvaluein3-skew-locked-seed3,True,True,0,0,none,signed_lane1_minus_lane0_dqs__idelay_cntvaluein_skew__all__no_bit__ctrl_3__lane1_vs_lane0_dqs__value_ps,signed_lane1_minus_lane0_dqs,idelay_cntvaluein_skew,all,,3,lane1_vs_lane0_dqs,-184,-285,-101,184,285,101,negative,negative,False,False,True
3,pass_to_pass,baseline-no-lock-seed-3,cntvaluein3-skew-locked-seed3,True,True,0,0,none,signed_lane1_minus_lane0_dqs__idelay_cntvaluein_skew__all__no_bit__ctrl_4__lane1_vs_lane0_dqs__value_ps,signed_lane1_minus_lane0_dqs,idelay_cntvaluein_skew,all,,4,lane1_vs_lane0_dqs,-204,-338,-134,204,338,134,negative,negative,False,False,True
3,pass_to_pass,baseline-no-lock-seed-3,cntvaluein3-skew-locked-seed3,True,True,0,0,none,signed_ld_dqs_minus_dq_median__idelay_ld_skew__lane0__dqs0__ctrl_none__dqs_vs_dq_lane__value_ps,signed_ld_dqs_minus_dq_median,idelay_ld_skew,lane0,dqs0,,dqs_vs_dq_lane,49,-6.5,-55.5,49,6.5,-42.5,positive,negative,True,True,False
3,pass_to_pass,baseline-no-lock-seed-3,cntvaluein3-skew-locked-seed3,True,True,0,0,none,signed_ld_dqs_minus_dq_median__idelay_ld_skew__lane1__dqs1__ctrl_none__dqs_vs_dq_lane__value_ps,signed_ld_dqs_minus_dq_median,idelay_ld_skew,lane1,dqs1,,dqs_vs_dq_lane,-163,-148.5,14.5,163,148.5,-14.5,negative,negative,False,True,False
3,pass_to_pass,baseline-no-lock-seed-3,cntvaluein3-skew-locked-seed3,True,True,0,0,none,signed_ld_minus_cntvaluein_dq_median__idelay_ld_cntvaluein_skew__lane0__no_bit__ctrl_0__ld_vs_cntvaluein_dq_lane__value_ps,signed_ld_minus_cntvaluein_dq_median,idelay_ld_cntvaluein_skew,lane0,,0,ld_vs_cntvaluein_dq_lane,-53.5,177,230.5,53.5,177,123.5,negative,positive,True,False,True
3,pass_to_pass,baseline-no-lock-seed-3,cntvaluein3-skew-locked-seed3,True,True,0,0,none,signed_ld_minus_cntvaluein_dq_median__idelay_ld_cntvaluein_skew__lane0__no_bit__ctrl_1__ld_vs_cntvaluein_dq_lane__value_ps,signed_ld_minus_cntvaluein_dq_median,idelay_ld_cntvaluein_skew,lane0,,1,ld_vs_cntvaluein_dq_lane,-72.5,392,464.5,72.5,392,319.5,negative,positive,True,False,True
3,pass_to_pass,baseline-no-lock-seed-3,cntvaluein3-skew-locked-seed3,True,True,0,0,none,signed_ld_minus_cntvaluein_dq_median__idelay_ld_cntvaluein_skew__lane0__no_bit__ctrl_2__ld_vs_cntvaluein_dq_lane__value_ps,signed_ld_minus_cntvaluein_dq_median,idelay_ld_cntvaluein_skew,lane0,,2,ld_vs_cntvaluein_dq_lane,-316.5,-58,258.5,316.5,58,-258.5,negative,negative,False,True,False
3,pass_to_pass,baseline-no-lock-seed-3,cntvaluein3-skew-locked-seed3,True,True,0,0,none,signed_ld_minus_cntvaluein_dq_median__idelay_ld_cntvaluein_skew__lane0__no_bit__ctrl_3__ld_vs_cntvaluein_dq_lane__value_ps,signed_ld_minus_cntvaluein_dq_median,idelay_ld_cntvaluein_skew,lane0,,3,ld_vs_cntvaluein_dq_lane,-150,-858.5,-708.5,150,858.5,708.5,negative,negative,False,False,True
3,pass_to_pass,baseline-no-lock-seed-3,cntvaluein3-skew-locked-seed3,True,True,0,0,none,signed_ld_minus_cntvaluein_dq_median__idelay_ld_cntvaluein_skew__lane0__no_bit__ctrl_4__ld_vs_cntvaluein_dq_lane__value_ps,signed_ld_minus_cntvaluein_dq_median,idelay_ld_cntvaluein_skew,lane0,,4,ld_vs_cntvaluein_dq_lane,211.5,197.5,-14,211.5,197.5,-14,positive,positive,False,True,False
3,pass_to_pass,baseline-no-lock-seed-3,cntvaluein3-skew-locked-seed3,True,True,0,0,none,signed_ld_minus_cntvaluein_dq_median__idelay_ld_cntvaluein_skew__lane1__no_bit__ctrl_0__ld_vs_cntvaluein_dq_lane__value_ps,signed_ld_minus_cntvaluein_dq_median,idelay_ld_cntvaluein_skew,lane1,,0,ld_vs_cntvaluein_dq_lane,299.5,599,299.5,299.5,599,299.5,positive,positive,False,False,True
3,pass_to_pass,baseline-no-lock-seed-3,cntvaluein3-skew-locked-seed3,True,True,0,0,none,signed_ld_minus_cntvaluein_dq_median__idelay_ld_cntvaluein_skew__lane1__no_bit__ctrl_1__ld_vs_cntvaluein_dq_lane__value_ps,signed_ld_minus_cntvaluein_dq_median,idelay_ld_cntvaluein_skew,lane1,,1,ld_vs_cntvaluein_dq_lane,118.5,566,447.5,118.5,566,447.5,positive,positive,False,False,True
3,pass_to_pass,baseline-no-lock-seed-3,cntvaluein3-skew-locked-seed3,True,True,0,0,none,signed_ld_minus_cntvaluein_dq_median__idelay_ld_cntvaluein_skew__lane1__no_bit__ctrl_2__ld_vs_cntvaluein_dq_lane__value_ps,signed_ld_minus_cntvaluein_dq_median,idelay_ld_cntvaluein_skew,lane1,,2,ld_vs_cntvaluein_dq_lane,-196,21.5,217.5,196,21.5,-174.5,negative,positive,True,True,False
3,pass_to_pass,baseline-no-lock-seed-3,cntvaluein3-skew-locked-seed3,True,True,0,0,none,signed_ld_minus_cntvaluein_dq_median__idelay_ld_cntvaluein_skew__lane1__no_bit__ctrl_3__ld_vs_cntvaluein_dq_lane__value_ps,signed_ld_minus_cntvaluein_dq_median,idelay_ld_cntvaluein_skew,lane1,,3,ld_vs_cntvaluein_dq_lane,237,-694.5,-931.5,237,694.5,457.5,positive,negative,True,False,True
3,pass_to_pass,baseline-no-lock-seed-3,cntvaluein3-skew-locked-seed3,True,True,0,0,none,signed_ld_minus_cntvaluein_dq_median__idelay_ld_cntvaluein_skew__lane1__no_bit__ctrl_4__ld_vs_cntvaluein_dq_lane__value_ps,signed_ld_minus_cntvaluein_dq_median,idelay_ld_cntvaluein_skew,lane1,,4,ld_vs_cntvaluein_dq_lane,619.5,54,-565.5,619.5,54,-565.5,positive,positive,False,True,False
3,pass_to_pass,baseline-no-lock-seed-3,cntvaluein3-skew-locked-seed3,True,True,0,0,none,signed_ld_minus_cntvaluein_dqs__idelay_ld_cntvaluein_skew__lane0__dqs0__ctrl_0__ld_vs_cntvaluein_dqs__value_ps,signed_ld_minus_cntvaluein_dqs,idelay_ld_cntvaluein_skew,lane0,dqs0,0,ld_vs_cntvaluein_dqs,418,-521,-939,418,521,103,positive,negative,True,False,True
3,pass_to_pass,baseline-no-lock-seed-3,cntvaluein3-skew-locked-seed3,True,True,0,0,none,signed_ld_minus_cntvaluein_dqs__idelay_ld_cntvaluein_skew__lane0__dqs0__ctrl_1__ld_vs_cntvaluein_dqs__value_ps,signed_ld_minus_cntvaluein_dqs,idelay_ld_cntvaluein_skew,lane0,dqs0,1,ld_vs_cntvaluein_dqs,30,-569,-599,30,569,539,positive,negative,True,False,True
3,pass_to_pass,baseline-no-lock-seed-3,cntvaluein3-skew-locked-seed3,True,True,0,0,none,signed_ld_minus_cntvaluein_dqs__idelay_ld_cntvaluein_skew__lane0__dqs0__ctrl_2__ld_vs_cntvaluein_dqs__value_ps,signed_ld_minus_cntvaluein_dqs,idelay_ld_cntvaluein_skew,lane0,dqs0,2,ld_vs_cntvaluein_dqs,328,-136,-464,328,136,-192,positive,negative,True,True,False
3,pass_to_pass,baseline-no-lock-seed-3,cntvaluein3-skew-locked-seed3,True,True,0,0,none,signed_ld_minus_cntvaluein_dqs__idelay_ld_cntvaluein_skew__lane0__dqs0__ctrl_3__ld_vs_cntvaluein_dqs__value_ps,signed_ld_minus_cntvaluein_dqs,idelay_ld_cntvaluein_skew,lane0,dqs0,3,ld_vs_cntvaluein_dqs,53,-431,-484,53,431,378,positive,negative,True,False,True
3,pass_to_pass,baseline-no-lock-seed-3,cntvaluein3-skew-locked-seed3,True,True,0,0,none,signed_ld_minus_cntvaluein_dqs__idelay_ld_cntvaluein_skew__lane0__dqs0__ctrl_4__ld_vs_cntvaluein_dqs__value_ps,signed_ld_minus_cntvaluein_dqs,idelay_ld_cntvaluein_skew,lane0,dqs0,4,ld_vs_cntvaluein_dqs,764,-815,-1579,764,815,51,positive,negative,True,False,True
3,pass_to_pass,baseline-no-lock-seed-3,cntvaluein3-skew-locked-seed3,True,True,0,0,none,signed_ld_minus_cntvaluein_dqs__idelay_ld_cntvaluein_skew__lane1__dqs1__ctrl_0__ld_vs_cntvaluein_dqs__value_ps,signed_ld_minus_cntvaluein_dqs,idelay_ld_cntvaluein_skew,lane1,dqs1,0,ld_vs_cntvaluein_dqs,365,-571,-936,365,571,206,positive,negative,True,False,True
3,pass_to_pass,baseline-no-lock-seed-3,cntvaluein3-skew-locked-seed3,True,True,0,0,none,signed_ld_minus_cntvaluein_dqs__idelay_ld_cntvaluein_skew__lane1__dqs1__ctrl_1__ld_vs_cntvaluein_dqs__value_ps,signed_ld_minus_cntvaluein_dqs,idelay_ld_cntvaluein_skew,lane1,dqs1,1,ld_vs_cntvaluein_dqs,62,-755,-817,62,755,693,positive,negative,True,False,True
3,pass_to_pass,baseline-no-lock-seed-3,cntvaluein3-skew-locked-seed3,True,True,0,0,none,signed_ld_minus_cntvaluein_dqs__idelay_ld_cntvaluein_skew__lane1__dqs1__ctrl_2__ld_vs_cntvaluein_dqs__value_ps,signed_ld_minus_cntvaluein_dqs,idelay_ld_cntvaluein_skew,lane1,dqs1,2,ld_vs_cntvaluein_dqs,179,-145,-324,179,145,-34,positive,negative,True,True,False
3,pass_to_pass,baseline-no-lock-seed-3,cntvaluein3-skew-locked-seed3,True,True,0,0,none,signed_ld_minus_cntvaluein_dqs__idelay_ld_cntvaluein_skew__lane1__dqs1__ctrl_3__ld_vs_cntvaluein_dqs__value_ps,signed_ld_minus_cntvaluein_dqs,idelay_ld_cntvaluein_skew,lane1,dqs1,3,ld_vs_cntvaluein_dqs,-178,-334,-156,178,334,156,negative,negative,False,False,True
3,pass_to_pass,baseline-no-lock-seed-3,cntvaluein3-skew-locked-seed3,True,True,0,0,none,signed_ld_minus_cntvaluein_dqs__idelay_ld_cntvaluein_skew__lane1__dqs1__ctrl_4__ld_vs_cntvaluein_dqs__value_ps,signed_ld_minus_cntvaluein_dqs,idelay_ld_cntvaluein_skew,lane1,dqs1,4,ld_vs_cntvaluein_dqs,553,-665,-1218,553,665,112,positive,negative,True,False,True
5,pass_to_pass,baseline-no-lock-seed-5,cntvaluein3-skew-locked-seed5,True,True,0,0,none,signed_dqs_bus_skew_minus_dq_median__idelay_cntvaluein_skew__lane0__dqs0__ctrl_none__dqs_vs_dq_bus_skew__value_ps,signed_dqs_bus_skew_minus_dq_median,idelay_cntvaluein_skew,lane0,dqs0,,dqs_vs_dq_bus_skew,-126,-985,-859,126,985,859,negative,negative,False,False,True
5,pass_to_pass,baseline-no-lock-seed-5,cntvaluein3-skew-locked-seed5,True,True,0,0,none,signed_dqs_bus_skew_minus_dq_median__idelay_cntvaluein_skew__lane1__dqs1__ctrl_none__dqs_vs_dq_bus_skew__value_ps,signed_dqs_bus_skew_minus_dq_median,idelay_cntvaluein_skew,lane1,dqs1,,dqs_vs_dq_bus_skew,-197.5,-702.5,-505,197.5,702.5,505,negative,negative,False,False,True
5,pass_to_pass,baseline-no-lock-seed-5,cntvaluein3-skew-locked-seed5,True,True,0,0,none,signed_dqs_minus_dq_bit__idelay_cntvaluein_skew__lane0__dq0__ctrl_0__dqs_vs_dq_bit__value_ps,signed_dqs_minus_dq_bit,idelay_cntvaluein_skew,lane0,dq0,0,dqs_vs_dq_bit,-125,484,609,125,484,359,negative,positive,True,False,True
5,pass_to_pass,baseline-no-lock-seed-5,cntvaluein3-skew-locked-seed5,True,True,0,0,none,signed_dqs_minus_dq_bit__idelay_cntvaluein_skew__lane0__dq0__ctrl_1__dqs_vs_dq_bit__value_ps,signed_dqs_minus_dq_bit,idelay_cntvaluein_skew,lane0,dq0,1,dqs_vs_dq_bit,-326,861,1187,326,861,535,negative,positive,True,False,True
5,pass_to_pass,baseline-no-lock-seed-5,cntvaluein3-skew-locked-seed5,True,True,0,0,none,signed_dqs_minus_dq_bit__idelay_cntvaluein_skew__lane0__dq0__ctrl_2__dqs_vs_dq_bit__value_ps,signed_dqs_minus_dq_bit,idelay_cntvaluein_skew,lane0,dq0,2,dqs_vs_dq_bit,-234,782,1016,234,782,548,negative,positive,True,False,True
5,pass_to_pass,baseline-no-lock-seed-5,cntvaluein3-skew-locked-seed5,True,True,0,0,none,signed_dqs_minus_dq_bit__idelay_cntvaluein_skew__lane0__dq0__ctrl_3__dqs_vs_dq_bit__value_ps,signed_dqs_minus_dq_bit,idelay_cntvaluein_skew,lane0,dq0,3,dqs_vs_dq_bit,250,-522,-772,250,522,272,positive,negative,True,False,True
5,pass_to_pass,baseline-no-lock-seed-5,cntvaluein3-skew-locked-seed5,True,True,0,0,none,signed_dqs_minus_dq_bit__idelay_cntvaluein_skew__lane0__dq0__ctrl_4__dqs_vs_dq_bit__value_ps,signed_dqs_minus_dq_bit,idelay_cntvaluein_skew,lane0,dq0,4,dqs_vs_dq_bit,-113,942,1055,113,942,829,negative,positive,True,False,True
5,pass_to_pass,baseline-no-lock-seed-5,cntvaluein3-skew-locked-seed5,True,True,0,0,none,signed_dqs_minus_dq_bit__idelay_cntvaluein_skew__lane0__dq1__ctrl_0__dqs_vs_dq_bit__value_ps,signed_dqs_minus_dq_bit,idelay_cntvaluein_skew,lane0,dq1,0,dqs_vs_dq_bit,-214,395,609,214,395,181,negative,positive,True,False,True
5,pass_to_pass,baseline-no-lock-seed-5,cntvaluein3-skew-locked-seed5,True,True,0,0,none,signed_dqs_minus_dq_bit__idelay_cntvaluein_skew__lane0__dq1__ctrl_1__dqs_vs_dq_bit__value_ps,signed_dqs_minus_dq_bit,idelay_cntvaluein_skew,lane0,dq1,1,dqs_vs_dq_bit,-181,861,1042,181,861,680,negative,positive,True,False,True
5,pass_to_pass,baseline-no-lock-seed-5,cntvaluein3-skew-locked-seed5,True,True,0,0,none,signed_dqs_minus_dq_bit__idelay_cntvaluein_skew__lane0__dq1__ctrl_2__dqs_vs_dq_bit__value_ps,signed_dqs_minus_dq_bit,idelay_cntvaluein_skew,lane0,dq1,2,dqs_vs_dq_bit,-231,709,940,231,709,478,negative,positive,True,False,True
5,pass_to_pass,baseline-no-lock-seed-5,cntvaluein3-skew-locked-seed5,True,True,0,0,none,signed_dqs_minus_dq_bit__idelay_cntvaluein_skew__lane0__dq1__ctrl_3__dqs_vs_dq_bit__value_ps,signed_dqs_minus_dq_bit,idelay_cntvaluein_skew,lane0,dq1,3,dqs_vs_dq_bit,168,-607,-775,168,607,439,positive,negative,True,False,True
5,pass_to_pass,baseline-no-lock-seed-5,cntvaluein3-skew-locked-seed5,True,True,0,0,none,signed_dqs_minus_dq_bit__idelay_cntvaluein_skew__lane0__dq1__ctrl_4__dqs_vs_dq_bit__value_ps,signed_dqs_minus_dq_bit,idelay_cntvaluein_skew,lane0,dq1,4,dqs_vs_dq_bit,-120,855,975,120,855,735,negative,positive,True,False,True
5,pass_to_pass,baseline-no-lock-seed-5,cntvaluein3-skew-locked-seed5,True,True,0,0,none,signed_dqs_minus_dq_bit__idelay_cntvaluein_skew__lane0__dq2__ctrl_0__dqs_vs_dq_bit__value_ps,signed_dqs_minus_dq_bit,idelay_cntvaluein_skew,lane0,dq2,0,dqs_vs_dq_bit,-309,301,610,309,301,-8,negative,positive,True,True,False
5,pass_to_pass,baseline-no-lock-seed-5,cntvaluein3-skew-locked-seed5,True,True,0,0,none,signed_dqs_minus_dq_bit__idelay_cntvaluein_skew__lane0__dq2__ctrl_1__dqs_vs_dq_bit__value_ps,signed_dqs_minus_dq_bit,idelay_cntvaluein_skew,lane0,dq2,1,dqs_vs_dq_bit,-334,1048,1382,334,1048,714,negative,positive,True,False,True
5,pass_to_pass,baseline-no-lock-seed-5,cntvaluein3-skew-locked-seed5,True,True,0,0,none,signed_dqs_minus_dq_bit__idelay_cntvaluein_skew__lane0__dq2__ctrl_2__dqs_vs_dq_bit__value_ps,signed_dqs_minus_dq_bit,idelay_cntvaluein_skew,lane0,dq2,2,dqs_vs_dq_bit,-324,617,941,324,617,293,negative,positive,True,False,True
5,pass_to_pass,baseline-no-lock-seed-5,cntvaluein3-skew-locked-seed5,True,True,0,0,none,signed_dqs_minus_dq_bit__idelay_cntvaluein_skew__lane0__dq2__ctrl_3__dqs_vs_dq_bit__value_ps,signed_dqs_minus_dq_bit,idelay_cntvaluein_skew,lane0,dq2,3,dqs_vs_dq_bit,260,-400,-660,260,400,140,positive,negative,True,False,True
5,pass_to_pass,baseline-no-lock-seed-5,cntvaluein3-skew-locked-seed5,True,True,0,0,none,signed_dqs_minus_dq_bit__idelay_cntvaluein_skew__lane0__dq2__ctrl_4__dqs_vs_dq_bit__value_ps,signed_dqs_minus_dq_bit,idelay_cntvaluein_skew,lane0,dq2,4,dqs_vs_dq_bit,-215,760,975,215,760,545,negative,positive,True,False,True
5,pass_to_pass,baseline-no-lock-seed-5,cntvaluein3-skew-locked-seed5,True,True,0,0,none,signed_dqs_minus_dq_bit__idelay_cntvaluein_skew__lane0__dq3__ctrl_0__dqs_vs_dq_bit__value_ps,signed_dqs_minus_dq_bit,idelay_cntvaluein_skew,lane0,dq3,0,dqs_vs_dq_bit,61,747,686,61,747,686,positive,positive,False,False,True
5,pass_to_pass,baseline-no-lock-seed-5,cntvaluein3-skew-locked-seed5,True,True,0,0,none,signed_dqs_minus_dq_bit__idelay_cntvaluein_skew__lane0__dq3__ctrl_1__dqs_vs_dq_bit__value_ps,signed_dqs_minus_dq_bit,idelay_cntvaluein_skew,lane0,dq3,1,dqs_vs_dq_bit,-123,1005,1128,123,1005,882,negative,positive,True,False,True
5,pass_to_pass,baseline-no-lock-seed-5,cntvaluein3-skew-locked-seed5,True,True,0,0,none,signed_dqs_minus_dq_bit__idelay_cntvaluein_skew__lane0__dq3__ctrl_2__dqs_vs_dq_bit__value_ps,signed_dqs_minus_dq_bit,idelay_cntvaluein_skew,lane0,dq3,2,dqs_vs_dq_bit,-65,749,814,65,749,684,negative,positive,True,False,True
5,pass_to_pass,baseline-no-lock-seed-5,cntvaluein3-skew-locked-seed5,True,True,0,0,none,signed_dqs_minus_dq_bit__idelay_cntvaluein_skew__lane0__dq3__ctrl_3__dqs_vs_dq_bit__value_ps,signed_dqs_minus_dq_bit,idelay_cntvaluein_skew,lane0,dq3,3,dqs_vs_dq_bit,480,12,-468,480,12,-468,positive,positive,False,True,False
5,pass_to_pass,baseline-no-lock-seed-5,cntvaluein3-skew-locked-seed5,True,True,0,0,none,signed_dqs_minus_dq_bit__idelay_cntvaluein_skew__lane0__dq3__ctrl_4__dqs_vs_dq_bit__value_ps,signed_dqs_minus_dq_bit,idelay_cntvaluein_skew,lane0,dq3,4,dqs_vs_dq_bit,56,1036,980,56,1036,980,positive,positive,False,False,True
5,pass_to_pass,baseline-no-lock-seed-5,cntvaluein3-skew-locked-seed5,True,True,0,0,none,signed_dqs_minus_dq_bit__idelay_cntvaluein_skew__lane0__dq4__ctrl_0__dqs_vs_dq_bit__value_ps,signed_dqs_minus_dq_bit,idelay_cntvaluein_skew,lane0,dq4,0,dqs_vs_dq_bit,-301,308,609,301,308,7,negative,positive,True,False,True
5,pass_to_pass,baseline-no-lock-seed-5,cntvaluein3-skew-locked-seed5,True,True,0,0,none,signed_dqs_minus_dq_bit__idelay_cntvaluein_skew__lane0__dq4__ctrl_1__dqs_vs_dq_bit__value_ps,signed_dqs_minus_dq_bit,idelay_cntvaluein_skew,lane0,dq4,1,dqs_vs_dq_bit,-263,968,1231,263,968,705,negative,positive,True,False,True
5,pass_to_pass,baseline-no-lock-seed-5,cntvaluein3-skew-locked-seed5,True,True,0,0,none,signed_dqs_minus_dq_bit__idelay_cntvaluein_skew__lane0__dq4__ctrl_2__dqs_vs_dq_bit__value_ps,signed_dqs_minus_dq_bit,idelay_cntvaluein_skew,lane0,dq4,2,dqs_vs_dq_bit,-326,619,945,326,619,293,negative,positive,True,False,True
5,pass_to_pass,baseline-no-lock-seed-5,cntvaluein3-skew-locked-seed5,True,True,0,0,none,signed_dqs_minus_dq_bit__idelay_cntvaluein_skew__lane0__dq4__ctrl_3__dqs_vs_dq_bit__value_ps,signed_dqs_minus_dq_bit,idelay_cntvaluein_skew,lane0,dq4,3,dqs_vs_dq_bit,84,-692,-776,84,692,608,positive,negative,True,False,True
5,pass_to_pass,baseline-no-lock-seed-5,cntvaluein3-skew-locked-seed5,True,True,0,0,none,signed_dqs_minus_dq_bit__idelay_cntvaluein_skew__lane0__dq4__ctrl_4__dqs_vs_dq_bit__value_ps,signed_dqs_minus_dq_bit,idelay_cntvaluein_skew,lane0,dq4,4,dqs_vs_dq_bit,-209,767,976,209,767,558,negative,positive,True,False,True
5,pass_to_pass,baseline-no-lock-seed-5,cntvaluein3-skew-locked-seed5,True,True,0,0,none,signed_dqs_minus_dq_bit__idelay_cntvaluein_skew__lane0__dq5__ctrl_0__dqs_vs_dq_bit__value_ps,signed_dqs_minus_dq_bit,idelay_cntvaluein_skew,lane0,dq5,0,dqs_vs_dq_bit,-26,658,684,26,658,632,negative,positive,True,False,True
5,pass_to_pass,baseline-no-lock-seed-5,cntvaluein3-skew-locked-seed5,True,True,0,0,none,signed_dqs_minus_dq_bit__idelay_cntvaluein_skew__lane0__dq5__ctrl_1__dqs_vs_dq_bit__value_ps,signed_dqs_minus_dq_bit,idelay_cntvaluein_skew,lane0,dq5,1,dqs_vs_dq_bit,-214,921,1135,214,921,707,negative,positive,True,False,True
5,pass_to_pass,baseline-no-lock-seed-5,cntvaluein3-skew-locked-seed5,True,True,0,0,none,signed_dqs_minus_dq_bit__idelay_cntvaluein_skew__lane0__dq5__ctrl_2__dqs_vs_dq_bit__value_ps,signed_dqs_minus_dq_bit,idelay_cntvaluein_skew,lane0,dq5,2,dqs_vs_dq_bit,-66,658,724,66,658,592,negative,positive,True,False,True
5,pass_to_pass,baseline-no-lock-seed-5,cntvaluein3-skew-locked-seed5,True,True,0,0,none,signed_dqs_minus_dq_bit__idelay_cntvaluein_skew__lane0__dq5__ctrl_3__dqs_vs_dq_bit__value_ps,signed_dqs_minus_dq_bit,idelay_cntvaluein_skew,lane0,dq5,3,dqs_vs_dq_bit,260,156,-104,260,156,-104,positive,positive,False,True,False
5,pass_to_pass,baseline-no-lock-seed-5,cntvaluein3-skew-locked-seed5,True,True,0,0,none,signed_dqs_minus_dq_bit__idelay_cntvaluein_skew__lane0__dq5__ctrl_4__dqs_vs_dq_bit__value_ps,signed_dqs_minus_dq_bit,idelay_cntvaluein_skew,lane0,dq5,4,dqs_vs_dq_bit,-29,948,977,29,948,919,negative,positive,True,False,True
5,pass_to_pass,baseline-no-lock-seed-5,cntvaluein3-skew-locked-seed5,True,True,0,0,none,signed_dqs_minus_dq_bit__idelay_cntvaluein_skew__lane0__dq6__ctrl_0__dqs_vs_dq_bit__value_ps,signed_dqs_minus_dq_bit,idelay_cntvaluein_skew,lane0,dq6,0,dqs_vs_dq_bit,-403,206,609,403,206,-197,negative,positive,True,True,False
5,pass_to_pass,baseline-no-lock-seed-5,cntvaluein3-skew-locked-seed5,True,True,0,0,none,signed_dqs_minus_dq_bit__idelay_cntvaluein_skew__lane0__dq6__ctrl_1__dqs_vs_dq_bit__value_ps,signed_dqs_minus_dq_bit,idelay_cntvaluein_skew,lane0,dq6,1,dqs_vs_dq_bit,-54,1041,1095,54,1041,987,negative,positive,True,False,True
5,pass_to_pass,baseline-no-lock-seed-5,cntvaluein3-skew-locked-seed5,True,True,0,0,none,signed_dqs_minus_dq_bit__idelay_cntvaluein_skew__lane0__dq6__ctrl_2__dqs_vs_dq_bit__value_ps,signed_dqs_minus_dq_bit,idelay_cntvaluein_skew,lane0,dq6,2,dqs_vs_dq_bit,-418,524,942,418,524,106,negative,positive,True,False,True
5,pass_to_pass,baseline-no-lock-seed-5,cntvaluein3-skew-locked-seed5,True,True,0,0,none,signed_dqs_minus_dq_bit__idelay_cntvaluein_skew__lane0__dq6__ctrl_3__dqs_vs_dq_bit__value_ps,signed_dqs_minus_dq_bit,idelay_cntvaluein_skew,lane0,dq6,3,dqs_vs_dq_bit,166,3,-163,166,3,-163,positive,positive,False,True,False
5,pass_to_pass,baseline-no-lock-seed-5,cntvaluein3-skew-locked-seed5,True,True,0,0,none,signed_dqs_minus_dq_bit__idelay_cntvaluein_skew__lane0__dq6__ctrl_4__dqs_vs_dq_bit__value_ps,signed_dqs_minus_dq_bit,idelay_cntvaluein_skew,lane0,dq6,4,dqs_vs_dq_bit,-311,665,976,311,665,354,negative,positive,True,False,True
5,pass_to_pass,baseline-no-lock-seed-5,cntvaluein3-skew-locked-seed5,True,True,0,0,none,signed_dqs_minus_dq_bit__idelay_cntvaluein_skew__lane0__dq7__ctrl_0__dqs_vs_dq_bit__value_ps,signed_dqs_minus_dq_bit,idelay_cntvaluein_skew,lane0,dq7,0,dqs_vs_dq_bit,-396,212,608,396,212,-184,negative,positive,True,True,False
5,pass_to_pass,baseline-no-lock-seed-5,cntvaluein3-skew-locked-seed5,True,True,0,0,none,signed_dqs_minus_dq_bit__idelay_cntvaluein_skew__lane0__dq7__ctrl_1__dqs_vs_dq_bit__value_ps,signed_dqs_minus_dq_bit,idelay_cntvaluein_skew,lane0,dq7,1,dqs_vs_dq_bit,-355,963,1318,355,963,608,negative,positive,True,False,True
5,pass_to_pass,baseline-no-lock-seed-5,cntvaluein3-skew-locked-seed5,True,True,0,0,none,signed_dqs_minus_dq_bit__idelay_cntvaluein_skew__lane0__dq7__ctrl_2__dqs_vs_dq_bit__value_ps,signed_dqs_minus_dq_bit,idelay_cntvaluein_skew,lane0,dq7,2,dqs_vs_dq_bit,-415,525,940,415,525,110,negative,positive,True,False,True
5,pass_to_pass,baseline-no-lock-seed-5,cntvaluein3-skew-locked-seed5,True,True,0,0,none,signed_dqs_minus_dq_bit__idelay_cntvaluein_skew__lane0__dq7__ctrl_3__dqs_vs_dq_bit__value_ps,signed_dqs_minus_dq_bit,idelay_cntvaluein_skew,lane0,dq7,3,dqs_vs_dq_bit,176,8,-168,176,8,-168,positive,positive,False,True,False
5,pass_to_pass,baseline-no-lock-seed-5,cntvaluein3-skew-locked-seed5,True,True,0,0,none,signed_dqs_minus_dq_bit__idelay_cntvaluein_skew__lane0__dq7__ctrl_4__dqs_vs_dq_bit__value_ps,signed_dqs_minus_dq_bit,idelay_cntvaluein_skew,lane0,dq7,4,dqs_vs_dq_bit,-304,671,975,304,671,367,negative,positive,True,False,True
5,pass_to_pass,baseline-no-lock-seed-5,cntvaluein3-skew-locked-seed5,True,True,0,0,none,signed_dqs_minus_dq_bit__idelay_cntvaluein_skew__lane1__dq10__ctrl_0__dqs_vs_dq_bit__value_ps,signed_dqs_minus_dq_bit,idelay_cntvaluein_skew,lane1,dq10,0,dqs_vs_dq_bit,-487,605,1092,487,605,118,negative,positive,True,False,True
5,pass_to_pass,baseline-no-lock-seed-5,cntvaluein3-skew-locked-seed5,True,True,0,0,none,signed_dqs_minus_dq_bit__idelay_cntvaluein_skew__lane1__dq10__ctrl_1__dqs_vs_dq_bit__value_ps,signed_dqs_minus_dq_bit,idelay_cntvaluein_skew,lane1,dq10,1,dqs_vs_dq_bit,-105,789,894,105,789,684,negative,positive,True,False,True
5,pass_to_pass,baseline-no-lock-seed-5,cntvaluein3-skew-locked-seed5,True,True,0,0,none,signed_dqs_minus_dq_bit__idelay_cntvaluein_skew__lane1__dq10__ctrl_2__dqs_vs_dq_bit__value_ps,signed_dqs_minus_dq_bit,idelay_cntvaluein_skew,lane1,dq10,2,dqs_vs_dq_bit,-123,607,730,123,607,484,negative,positive,True,False,True
5,pass_to_pass,baseline-no-lock-seed-5,cntvaluein3-skew-locked-seed5,True,True,0,0,none,signed_dqs_minus_dq_bit__idelay_cntvaluein_skew__lane1__dq10__ctrl_3__dqs_vs_dq_bit__value_ps,signed_dqs_minus_dq_bit,idelay_cntvaluein_skew,lane1,dq10,3,dqs_vs_dq_bit,47,-220,-267,47,220,173,positive,negative,True,False,True
5,pass_to_pass,baseline-no-lock-seed-5,cntvaluein3-skew-locked-seed5,True,True,0,0,none,signed_dqs_minus_dq_bit__idelay_cntvaluein_skew__lane1__dq10__ctrl_4__dqs_vs_dq_bit__value_ps,signed_dqs_minus_dq_bit,idelay_cntvaluein_skew,lane1,dq10,4,dqs_vs_dq_bit,-352,314,666,352,314,-38,negative,positive,True,True,False
5,pass_to_pass,baseline-no-lock-seed-5,cntvaluein3-skew-locked-seed5,True,True,0,0,none,signed_dqs_minus_dq_bit__idelay_cntvaluein_skew__lane1__dq11__ctrl_0__dqs_vs_dq_bit__value_ps,signed_dqs_minus_dq_bit,idelay_cntvaluein_skew,lane1,dq11,0,dqs_vs_dq_bit,-306,651,957,306,651,345,negative,positive,True,False,True
5,pass_to_pass,baseline-no-lock-seed-5,cntvaluein3-skew-locked-seed5,True,True,0,0,none,signed_dqs_minus_dq_bit__idelay_cntvaluein_skew__lane1__dq11__ctrl_1__dqs_vs_dq_bit__value_ps,signed_dqs_minus_dq_bit,idelay_cntvaluein_skew,lane1,dq11,1,dqs_vs_dq_bit,-189,803,992,189,803,614,negative,positive,True,False,True
5,pass_to_pass,baseline-no-lock-seed-5,cntvaluein3-skew-locked-seed5,True,True,0,0,none,signed_dqs_minus_dq_bit__idelay_cntvaluein_skew__lane1__dq11__ctrl_2__dqs_vs_dq_bit__value_ps,signed_dqs_minus_dq_bit,idelay_cntvaluein_skew,lane1,dq11,2,dqs_vs_dq_bit,-80,758,838,80,758,678,negative,positive,True,False,True
5,pass_to_pass,baseline-no-lock-seed-5,cntvaluein3-skew-locked-seed5,True,True,0,0,none,signed_dqs_minus_dq_bit__idelay_cntvaluein_skew__lane1__dq11__ctrl_3__dqs_vs_dq_bit__value_ps,signed_dqs_minus_dq_bit,idelay_cntvaluein_skew,lane1,dq11,3,dqs_vs_dq_bit,149,-95,-244,149,95,-54,positive,negative,True,True,False
5,pass_to_pass,baseline-no-lock-seed-5,cntvaluein3-skew-locked-seed5,True,True,0,0,none,signed_dqs_minus_dq_bit__idelay_cntvaluein_skew__lane1__dq11__ctrl_4__dqs_vs_dq_bit__value_ps,signed_dqs_minus_dq_bit,idelay_cntvaluein_skew,lane1,dq11,4,dqs_vs_dq_bit,-168,450,618,168,450,282,negative,positive,True,False,True
5,pass_to_pass,baseline-no-lock-seed-5,cntvaluein3-skew-locked-seed5,True,True,0,0,none,signed_dqs_minus_dq_bit__idelay_cntvaluein_skew__lane1__dq12__ctrl_0__dqs_vs_dq_bit__value_ps,signed_dqs_minus_dq_bit,idelay_cntvaluein_skew,lane1,dq12,0,dqs_vs_dq_bit,-492,687,1179,492,687,195,negative,positive,True,False,True
5,pass_to_pass,baseline-no-lock-seed-5,cntvaluein3-skew-locked-seed5,True,True,0,0,none,signed_dqs_minus_dq_bit__idelay_cntvaluein_skew__lane1__dq12__ctrl_1__dqs_vs_dq_bit__value_ps,signed_dqs_minus_dq_bit,idelay_cntvaluein_skew,lane1,dq12,1,dqs_vs_dq_bit,-100,703,803,100,703,603,negative,positive,True,False,True
5,pass_to_pass,baseline-no-lock-seed-5,cntvaluein3-skew-locked-seed5,True,True,0,0,none,signed_dqs_minus_dq_bit__idelay_cntvaluein_skew__lane1__dq12__ctrl_2__dqs_vs_dq_bit__value_ps,signed_dqs_minus_dq_bit,idelay_cntvaluein_skew,lane1,dq12,2,dqs_vs_dq_bit,-43,516,559,43,516,473,negative,positive,True,False,True
5,pass_to_pass,baseline-no-lock-seed-5,cntvaluein3-skew-locked-seed5,True,True,0,0,none,signed_dqs_minus_dq_bit__idelay_cntvaluein_skew__lane1__dq12__ctrl_3__dqs_vs_dq_bit__value_ps,signed_dqs_minus_dq_bit,idelay_cntvaluein_skew,lane1,dq12,3,dqs_vs_dq_bit,-35,-265,-230,35,265,230,negative,negative,False,False,True
5,pass_to_pass,baseline-no-lock-seed-5,cntvaluein3-skew-locked-seed5,True,True,0,0,none,signed_dqs_minus_dq_bit__idelay_cntvaluein_skew__lane1__dq12__ctrl_4__dqs_vs_dq_bit__value_ps,signed_dqs_minus_dq_bit,idelay_cntvaluein_skew,lane1,dq12,4,dqs_vs_dq_bit,-438,227,665,438,227,-211,negative,positive,True,True,False
5,pass_to_pass,baseline-no-lock-seed-5,cntvaluein3-skew-locked-seed5,True,True,0,0,none,signed_dqs_minus_dq_bit__idelay_cntvaluein_skew__lane1__dq13__ctrl_0__dqs_vs_dq_bit__value_ps,signed_dqs_minus_dq_bit,idelay_cntvaluein_skew,lane1,dq13,0,dqs_vs_dq_bit,-189,563,752,189,563,374,negative,positive,True,False,True
5,pass_to_pass,baseline-no-lock-seed-5,cntvaluein3-skew-locked-seed5,True,True,0,0,none,signed_dqs_minus_dq_bit__idelay_cntvaluein_skew__lane1__dq13__ctrl_1__dqs_vs_dq_bit__value_ps,signed_dqs_minus_dq_bit,idelay_cntvaluein_skew,lane1,dq13,1,dqs_vs_dq_bit,-280,883,1163,280,883,603,negative,positive,True,False,True
5,pass_to_pass,baseline-no-lock-seed-5,cntvaluein3-skew-locked-seed5,True,True,0,0,none,signed_dqs_minus_dq_bit__idelay_cntvaluein_skew__lane1__dq13__ctrl_2__dqs_vs_dq_bit__value_ps,signed_dqs_minus_dq_bit,idelay_cntvaluein_skew,lane1,dq13,2,dqs_vs_dq_bit,71,838,767,71,838,767,positive,positive,False,False,True
5,pass_to_pass,baseline-no-lock-seed-5,cntvaluein3-skew-locked-seed5,True,True,0,0,none,signed_dqs_minus_dq_bit__idelay_cntvaluein_skew__lane1__dq13__ctrl_3__dqs_vs_dq_bit__value_ps,signed_dqs_minus_dq_bit,idelay_cntvaluein_skew,lane1,dq13,3,dqs_vs_dq_bit,64,-84,-148,64,84,20,positive,negative,True,False,True
5,pass_to_pass,baseline-no-lock-seed-5,cntvaluein3-skew-locked-seed5,True,True,0,0,none,signed_dqs_minus_dq_bit__idelay_cntvaluein_skew__lane1__dq13__ctrl_4__dqs_vs_dq_bit__value_ps,signed_dqs_minus_dq_bit,idelay_cntvaluein_skew,lane1,dq13,4,dqs_vs_dq_bit,-165,365,530,165,365,200,negative,positive,True,False,True
5,pass_to_pass,baseline-no-lock-seed-5,cntvaluein3-skew-locked-seed5,True,True,0,0,none,signed_dqs_minus_dq_bit__idelay_cntvaluein_skew__lane1__dq14__ctrl_0__dqs_vs_dq_bit__value_ps,signed_dqs_minus_dq_bit,idelay_cntvaluein_skew,lane1,dq14,0,dqs_vs_dq_bit,-577,599,1176,577,599,22,negative,positive,True,False,True
5,pass_to_pass,baseline-no-lock-seed-5,cntvaluein3-skew-locked-seed5,True,True,0,0,none,signed_dqs_minus_dq_bit__idelay_cntvaluein_skew__lane1__dq14__ctrl_1__dqs_vs_dq_bit__value_ps,signed_dqs_minus_dq_bit,idelay_cntvaluein_skew,lane1,dq14,1,dqs_vs_dq_bit,-234,612,846,234,612,378,negative,positive,True,False,True
5,pass_to_pass,baseline-no-lock-seed-5,cntvaluein3-skew-locked-seed5,True,True,0,0,none,signed_dqs_minus_dq_bit__idelay_cntvaluein_skew__lane1__dq14__ctrl_2__dqs_vs_dq_bit__value_ps,signed_dqs_minus_dq_bit,idelay_cntvaluein_skew,lane1,dq14,2,dqs_vs_dq_bit,12,514,502,12,514,502,positive,positive,False,False,True
5,pass_to_pass,baseline-no-lock-seed-5,cntvaluein3-skew-locked-seed5,True,True,0,0,none,signed_dqs_minus_dq_bit__idelay_cntvaluein_skew__lane1__dq14__ctrl_3__dqs_vs_dq_bit__value_ps,signed_dqs_minus_dq_bit,idelay_cntvaluein_skew,lane1,dq14,3,dqs_vs_dq_bit,139,-355,-494,139,355,216,positive,negative,True,False,True
5,pass_to_pass,baseline-no-lock-seed-5,cntvaluein3-skew-locked-seed5,True,True,0,0,none,signed_dqs_minus_dq_bit__idelay_cntvaluein_skew__lane1__dq14__ctrl_4__dqs_vs_dq_bit__value_ps,signed_dqs_minus_dq_bit,idelay_cntvaluein_skew,lane1,dq14,4,dqs_vs_dq_bit,-260,138,398,260,138,-122,negative,positive,True,True,False
5,pass_to_pass,baseline-no-lock-seed-5,cntvaluein3-skew-locked-seed5,True,True,0,0,none,signed_dqs_minus_dq_bit__idelay_cntvaluein_skew__lane1__dq15__ctrl_0__dqs_vs_dq_bit__value_ps,signed_dqs_minus_dq_bit,idelay_cntvaluein_skew,lane1,dq15,0,dqs_vs_dq_bit,120,788,668,120,788,668,positive,positive,False,False,True
5,pass_to_pass,baseline-no-lock-seed-5,cntvaluein3-skew-locked-seed5,True,True,0,0,none,signed_dqs_minus_dq_bit__idelay_cntvaluein_skew__lane1__dq15__ctrl_1__dqs_vs_dq_bit__value_ps,signed_dqs_minus_dq_bit,idelay_cntvaluein_skew,lane1,dq15,1,dqs_vs_dq_bit,219,869,650,219,869,650,positive,positive,False,False,True
5,pass_to_pass,baseline-no-lock-seed-5,cntvaluein3-skew-locked-seed5,True,True,0,0,none,signed_dqs_minus_dq_bit__idelay_cntvaluein_skew__lane1__dq15__ctrl_2__dqs_vs_dq_bit__value_ps,signed_dqs_minus_dq_bit,idelay_cntvaluein_skew,lane1,dq15,2,dqs_vs_dq_bit,150,967,817,150,967,817,positive,positive,False,False,True
5,pass_to_pass,baseline-no-lock-seed-5,cntvaluein3-skew-locked-seed5,True,True,0,0,none,signed_dqs_minus_dq_bit__idelay_cntvaluein_skew__lane1__dq15__ctrl_3__dqs_vs_dq_bit__value_ps,signed_dqs_minus_dq_bit,idelay_cntvaluein_skew,lane1,dq15,3,dqs_vs_dq_bit,288,81,-207,288,81,-207,positive,positive,False,True,False
5,pass_to_pass,baseline-no-lock-seed-5,cntvaluein3-skew-locked-seed5,True,True,0,0,none,signed_dqs_minus_dq_bit__idelay_cntvaluein_skew__lane1__dq15__ctrl_4__dqs_vs_dq_bit__value_ps,signed_dqs_minus_dq_bit,idelay_cntvaluein_skew,lane1,dq15,4,dqs_vs_dq_bit,33,578,545,33,578,545,positive,positive,False,False,True
5,pass_to_pass,baseline-no-lock-seed-5,cntvaluein3-skew-locked-seed5,True,True,0,0,none,signed_dqs_minus_dq_bit__idelay_cntvaluein_skew__lane1__dq8__ctrl_0__dqs_vs_dq_bit__value_ps,signed_dqs_minus_dq_bit,idelay_cntvaluein_skew,lane1,dq8,0,dqs_vs_dq_bit,-661,511,1172,661,511,-150,negative,positive,True,True,False
5,pass_to_pass,baseline-no-lock-seed-5,cntvaluein3-skew-locked-seed5,True,True,0,0,none,signed_dqs_minus_dq_bit__idelay_cntvaluein_skew__lane1__dq8__ctrl_1__dqs_vs_dq_bit__value_ps,signed_dqs_minus_dq_bit,idelay_cntvaluein_skew,lane1,dq8,1,dqs_vs_dq_bit,-97,521,618,97,521,424,negative,positive,True,False,True
5,pass_to_pass,baseline-no-lock-seed-5,cntvaluein3-skew-locked-seed5,True,True,0,0,none,signed_dqs_minus_dq_bit__idelay_cntvaluein_skew__lane1__dq8__ctrl_2__dqs_vs_dq_bit__value_ps,signed_dqs_minus_dq_bit,idelay_cntvaluein_skew,lane1,dq8,2,dqs_vs_dq_bit,-79,424,503,79,424,345,negative,positive,True,False,True
5,pass_to_pass,baseline-no-lock-seed-5,cntvaluein3-skew-locked-seed5,True,True,0,0,none,signed_dqs_minus_dq_bit__idelay_cntvaluein_skew__lane1__dq8__ctrl_3__dqs_vs_dq_bit__value_ps,signed_dqs_minus_dq_bit,idelay_cntvaluein_skew,lane1,dq8,3,dqs_vs_dq_bit,-127,-447,-320,127,447,320,negative,negative,False,False,True
5,pass_to_pass,baseline-no-lock-seed-5,cntvaluein3-skew-locked-seed5,True,True,0,0,none,signed_dqs_minus_dq_bit__idelay_cntvaluein_skew__lane1__dq8__ctrl_4__dqs_vs_dq_bit__value_ps,signed_dqs_minus_dq_bit,idelay_cntvaluein_skew,lane1,dq8,4,dqs_vs_dq_bit,-345,51,396,345,51,-294,negative,positive,True,True,False
5,pass_to_pass,baseline-no-lock-seed-5,cntvaluein3-skew-locked-seed5,True,True,0,0,none,signed_dqs_minus_dq_bit__idelay_cntvaluein_skew__lane1__dq9__ctrl_0__dqs_vs_dq_bit__value_ps,signed_dqs_minus_dq_bit,idelay_cntvaluein_skew,lane1,dq9,0,dqs_vs_dq_bit,36,700,664,36,700,664,positive,positive,False,False,True
5,pass_to_pass,baseline-no-lock-seed-5,cntvaluein3-skew-locked-seed5,True,True,0,0,none,signed_dqs_minus_dq_bit__idelay_cntvaluein_skew__lane1__dq9__ctrl_1__dqs_vs_dq_bit__value_ps,signed_dqs_minus_dq_bit,idelay_cntvaluein_skew,lane1,dq9,1,dqs_vs_dq_bit,133,787,654,133,787,654,positive,positive,False,False,True
5,pass_to_pass,baseline-no-lock-seed-5,cntvaluein3-skew-locked-seed5,True,True,0,0,none,signed_dqs_minus_dq_bit__idelay_cntvaluein_skew__lane1__dq9__ctrl_2__dqs_vs_dq_bit__value_ps,signed_dqs_minus_dq_bit,idelay_cntvaluein_skew,lane1,dq9,2,dqs_vs_dq_bit,59,1019,960,59,1019,960,positive,positive,False,False,True
5,pass_to_pass,baseline-no-lock-seed-5,cntvaluein3-skew-locked-seed5,True,True,0,0,none,signed_dqs_minus_dq_bit__idelay_cntvaluein_skew__lane1__dq9__ctrl_3__dqs_vs_dq_bit__value_ps,signed_dqs_minus_dq_bit,idelay_cntvaluein_skew,lane1,dq9,3,dqs_vs_dq_bit,202,-10,-212,202,10,-192,positive,negative,True,True,False
5,pass_to_pass,baseline-no-lock-seed-5,cntvaluein3-skew-locked-seed5,True,True,0,0,none,signed_dqs_minus_dq_bit__idelay_cntvaluein_skew__lane1__dq9__ctrl_4__dqs_vs_dq_bit__value_ps,signed_dqs_minus_dq_bit,idelay_cntvaluein_skew,lane1,dq9,4,dqs_vs_dq_bit,-171,490,661,171,490,319,negative,positive,True,False,True
5,pass_to_pass,baseline-no-lock-seed-5,cntvaluein3-skew-locked-seed5,True,True,0,0,none,signed_dqs_minus_dq_median__idelay_cntvaluein_skew__lane0__dqs0__ctrl_0__dqs_vs_dq_lane__value_ps,signed_dqs_minus_dq_median,idelay_cntvaluein_skew,lane0,dqs0,0,dqs_vs_dq_lane,-257.5,351.5,609,257.5,351.5,94,negative,positive,True,False,True
5,pass_to_pass,baseline-no-lock-seed-5,cntvaluein3-skew-locked-seed5,True,True,0,0,none,signed_dqs_minus_dq_median__idelay_cntvaluein_skew__lane0__dqs0__ctrl_1__dqs_vs_dq_lane__value_ps,signed_dqs_minus_dq_median,idelay_cntvaluein_skew,lane0,dqs0,1,dqs_vs_dq_lane,-238.5,965.5,1204,238.5,965.5,727,negative,positive,True,False,True
5,pass_to_pass,baseline-no-lock-seed-5,cntvaluein3-skew-locked-seed5,True,True,0,0,none,signed_dqs_minus_dq_median__idelay_cntvaluein_skew__lane0__dqs0__ctrl_2__dqs_vs_dq_lane__value_ps,signed_dqs_minus_dq_median,idelay_cntvaluein_skew,lane0,dqs0,2,dqs_vs_dq_lane,-279,638.5,917.5,279,638.5,359.5,negative,positive,True,False,True
5,pass_to_pass,baseline-no-lock-seed-5,cntvaluein3-skew-locked-seed5,True,True,0,0,none,signed_dqs_minus_dq_median__idelay_cntvaluein_skew__lane0__dqs0__ctrl_3__dqs_vs_dq_lane__value_ps,signed_dqs_minus_dq_median,idelay_cntvaluein_skew,lane0,dqs0,3,dqs_vs_dq_lane,213,-198.5,-411.5,213,198.5,-14.5,positive,negative,True,True,False
5,pass_to_pass,baseline-no-lock-seed-5,cntvaluein3-skew-locked-seed5,True,True,0,0,none,signed_dqs_minus_dq_median__idelay_cntvaluein_skew__lane0__dqs0__ctrl_4__dqs_vs_dq_lane__value_ps,signed_dqs_minus_dq_median,idelay_cntvaluein_skew,lane0,dqs0,4,dqs_vs_dq_lane,-164.5,811,975.5,164.5,811,646.5,negative,positive,True,False,True
5,pass_to_pass,baseline-no-lock-seed-5,cntvaluein3-skew-locked-seed5,True,True,0,0,none,signed_dqs_minus_dq_median__idelay_cntvaluein_skew__lane1__dqs1__ctrl_0__dqs_vs_dq_lane__value_ps,signed_dqs_minus_dq_median,idelay_cntvaluein_skew,lane1,dqs1,0,dqs_vs_dq_lane,-396.5,628,1024.5,396.5,628,231.5,negative,positive,True,False,True
5,pass_to_pass,baseline-no-lock-seed-5,cntvaluein3-skew-locked-seed5,True,True,0,0,none,signed_dqs_minus_dq_median__idelay_cntvaluein_skew__lane1__dqs1__ctrl_1__dqs_vs_dq_lane__value_ps,signed_dqs_minus_dq_median,idelay_cntvaluein_skew,lane1,dqs1,1,dqs_vs_dq_lane,-102.5,788,890.5,102.5,788,685.5,negative,positive,True,False,True
5,pass_to_pass,baseline-no-lock-seed-5,cntvaluein3-skew-locked-seed5,True,True,0,0,none,signed_dqs_minus_dq_median__idelay_cntvaluein_skew__lane1__dqs1__ctrl_2__dqs_vs_dq_lane__value_ps,signed_dqs_minus_dq_median,idelay_cntvaluein_skew,lane1,dqs1,2,dqs_vs_dq_lane,-15.5,682.5,698,15.5,682.5,667,negative,positive,True,False,True
5,pass_to_pass,baseline-no-lock-seed-5,cntvaluein3-skew-locked-seed5,True,True,0,0,none,signed_dqs_minus_dq_median__idelay_cntvaluein_skew__lane1__dqs1__ctrl_3__dqs_vs_dq_lane__value_ps,signed_dqs_minus_dq_median,idelay_cntvaluein_skew,lane1,dqs1,3,dqs_vs_dq_lane,101.5,-157.5,-259,101.5,157.5,56,positive,negative,True,False,True
5,pass_to_pass,baseline-no-lock-seed-5,cntvaluein3-skew-locked-seed5,True,True,0,0,none,signed_dqs_minus_dq_median__idelay_cntvaluein_skew__lane1__dqs1__ctrl_4__dqs_vs_dq_lane__value_ps,signed_dqs_minus_dq_median,idelay_cntvaluein_skew,lane1,dqs1,4,dqs_vs_dq_lane,-215.5,339.5,555,215.5,339.5,124,negative,positive,True,False,True
5,pass_to_pass,baseline-no-lock-seed-5,cntvaluein3-skew-locked-seed5,True,True,0,0,none,signed_lane1_minus_lane0_dq_median__idelay_cntvaluein_skew__all__no_bit__ctrl_0__lane1_vs_lane0_dq__value_ps,signed_lane1_minus_lane0_dq_median,idelay_cntvaluein_skew,all,,0,lane1_vs_lane0_dq,-213,-554.5,-341.5,213,554.5,341.5,negative,negative,False,False,True
5,pass_to_pass,baseline-no-lock-seed-5,cntvaluein3-skew-locked-seed5,True,True,0,0,none,signed_lane1_minus_lane0_dq_median__idelay_cntvaluein_skew__all__no_bit__ctrl_1__lane1_vs_lane0_dq__value_ps,signed_lane1_minus_lane0_dq_median,idelay_cntvaluein_skew,all,,1,lane1_vs_lane0_dq,-414,-83.5,330.5,414,83.5,-330.5,negative,negative,False,True,False
5,pass_to_pass,baseline-no-lock-seed-5,cntvaluein3-skew-locked-seed5,True,True,0,0,none,signed_lane1_minus_lane0_dq_median__idelay_cntvaluein_skew__all__no_bit__ctrl_2__lane1_vs_lane0_dq__value_ps,signed_lane1_minus_lane0_dq_median,idelay_cntvaluein_skew,all,,2,lane1_vs_lane0_dq,-537.5,-494,43.5,537.5,494,-43.5,negative,negative,False,True,False
5,pass_to_pass,baseline-no-lock-seed-5,cntvaluein3-skew-locked-seed5,True,True,0,0,none,signed_lane1_minus_lane0_dq_median__idelay_cntvaluein_skew__all__no_bit__ctrl_3__lane1_vs_lane0_dq__value_ps,signed_lane1_minus_lane0_dq_median,idelay_cntvaluein_skew,all,,3,lane1_vs_lane0_dq,-367.5,-457,-89.5,367.5,457,89.5,negative,negative,False,False,True
5,pass_to_pass,baseline-no-lock-seed-5,cntvaluein3-skew-locked-seed5,True,True,0,0,none,signed_lane1_minus_lane0_dq_median__idelay_cntvaluein_skew__all__no_bit__ctrl_4__lane1_vs_lane0_dq__value_ps,signed_lane1_minus_lane0_dq_median,idelay_cntvaluein_skew,all,,4,lane1_vs_lane0_dq,-362,20.5,382.5,362,20.5,-341.5,negative,positive,True,True,False
5,pass_to_pass,baseline-no-lock-seed-5,cntvaluein3-skew-locked-seed5,True,True,0,0,none,signed_lane1_minus_lane0_dqs__idelay_cntvaluein_skew__all__no_bit__ctrl_0__lane1_vs_lane0_dqs__value_ps,signed_lane1_minus_lane0_dqs,idelay_cntvaluein_skew,all,,0,lane1_vs_lane0_dqs,-352,-278,74,352,278,-74,negative,negative,False,True,False
5,pass_to_pass,baseline-no-lock-seed-5,cntvaluein3-skew-locked-seed5,True,True,0,0,none,signed_lane1_minus_lane0_dqs__idelay_cntvaluein_skew__all__no_bit__ctrl_1__lane1_vs_lane0_dqs__value_ps,signed_lane1_minus_lane0_dqs,idelay_cntvaluein_skew,all,,1,lane1_vs_lane0_dqs,-278,-261,17,278,261,-17,negative,negative,False,True,False
5,pass_to_pass,baseline-no-lock-seed-5,cntvaluein3-skew-locked-seed5,True,True,0,0,none,signed_lane1_minus_lane0_dqs__idelay_cntvaluein_skew__all__no_bit__ctrl_2__lane1_vs_lane0_dqs__value_ps,signed_lane1_minus_lane0_dqs,idelay_cntvaluein_skew,all,,2,lane1_vs_lane0_dqs,-274,-450,-176,274,450,176,negative,negative,False,False,True
5,pass_to_pass,baseline-no-lock-seed-5,cntvaluein3-skew-locked-seed5,True,True,0,0,none,signed_lane1_minus_lane0_dqs__idelay_cntvaluein_skew__all__no_bit__ctrl_3__lane1_vs_lane0_dqs__value_ps,signed_lane1_minus_lane0_dqs,idelay_cntvaluein_skew,all,,3,lane1_vs_lane0_dqs,-479,-416,63,479,416,-63,negative,negative,False,True,False
5,pass_to_pass,baseline-no-lock-seed-5,cntvaluein3-skew-locked-seed5,True,True,0,0,none,signed_lane1_minus_lane0_dqs__idelay_cntvaluein_skew__all__no_bit__ctrl_4__lane1_vs_lane0_dqs__value_ps,signed_lane1_minus_lane0_dqs,idelay_cntvaluein_skew,all,,4,lane1_vs_lane0_dqs,-413,-451,-38,413,451,38,negative,negative,False,False,True
5,pass_to_pass,baseline-no-lock-seed-5,cntvaluein3-skew-locked-seed5,True,True,0,0,none,signed_ld_dqs_minus_dq_median__idelay_ld_skew__lane0__dqs0__ctrl_none__dqs_vs_dq_lane__value_ps,signed_ld_dqs_minus_dq_median,idelay_ld_skew,lane0,dqs0,,dqs_vs_dq_lane,-176.5,-130,46.5,176.5,130,-46.5,negative,negative,False,True,False
5,pass_to_pass,baseline-no-lock-seed-5,cntvaluein3-skew-locked-seed5,True,True,0,0,none,signed_ld_dqs_minus_dq_median__idelay_ld_skew__lane1__dqs1__ctrl_none__dqs_vs_dq_lane__value_ps,signed_ld_dqs_minus_dq_median,idelay_ld_skew,lane1,dqs1,,dqs_vs_dq_lane,27.5,249,221.5,27.5,249,221.5,positive,positive,False,False,True
5,pass_to_pass,baseline-no-lock-seed-5,cntvaluein3-skew-locked-seed5,True,True,0,0,none,signed_ld_minus_cntvaluein_dq_median__idelay_ld_cntvaluein_skew__lane0__no_bit__ctrl_0__ld_vs_cntvaluein_dq_lane__value_ps,signed_ld_minus_cntvaluein_dq_median,idelay_ld_cntvaluein_skew,lane0,,0,ld_vs_cntvaluein_dq_lane,18,308.5,290.5,18,308.5,290.5,positive,positive,False,False,True
5,pass_to_pass,baseline-no-lock-seed-5,cntvaluein3-skew-locked-seed5,True,True,0,0,none,signed_ld_minus_cntvaluein_dq_median__idelay_ld_cntvaluein_skew__lane0__no_bit__ctrl_1__ld_vs_cntvaluein_dq_lane__value_ps,signed_ld_minus_cntvaluein_dq_median,idelay_ld_cntvaluein_skew,lane0,,1,ld_vs_cntvaluein_dq_lane,42,684.5,642.5,42,684.5,642.5,positive,positive,False,False,True
5,pass_to_pass,baseline-no-lock-seed-5,cntvaluein3-skew-locked-seed5,True,True,0,0,none,signed_ld_minus_cntvaluein_dq_median__idelay_ld_cntvaluein_skew__lane0__no_bit__ctrl_2__ld_vs_cntvaluein_dq_lane__value_ps,signed_ld_minus_cntvaluein_dq_median,idelay_ld_cntvaluein_skew,lane0,,2,ld_vs_cntvaluein_dq_lane,115.5,264.5,149,115.5,264.5,149,positive,positive,False,False,True
5,pass_to_pass,baseline-no-lock-seed-5,cntvaluein3-skew-locked-seed5,True,True,0,0,none,signed_ld_minus_cntvaluein_dq_median__idelay_ld_cntvaluein_skew__lane0__no_bit__ctrl_3__ld_vs_cntvaluein_dq_lane__value_ps,signed_ld_minus_cntvaluein_dq_median,idelay_ld_cntvaluein_skew,lane0,,3,ld_vs_cntvaluein_dq_lane,340.5,-514.5,-855,340.5,514.5,174,positive,negative,True,False,True
5,pass_to_pass,baseline-no-lock-seed-5,cntvaluein3-skew-locked-seed5,True,True,0,0,none,signed_ld_minus_cntvaluein_dq_median__idelay_ld_cntvaluein_skew__lane0__no_bit__ctrl_4__ld_vs_cntvaluein_dq_lane__value_ps,signed_ld_minus_cntvaluein_dq_median,idelay_ld_cntvaluein_skew,lane0,,4,ld_vs_cntvaluein_dq_lane,259,620,361,259,620,361,positive,positive,False,False,True
5,pass_to_pass,baseline-no-lock-seed-5,cntvaluein3-skew-locked-seed5,True,True,0,0,none,signed_ld_minus_cntvaluein_dq_median__idelay_ld_cntvaluein_skew__lane1__no_bit__ctrl_0__ld_vs_cntvaluein_dq_lane__value_ps,signed_ld_minus_cntvaluein_dq_median,idelay_ld_cntvaluein_skew,lane1,,0,ld_vs_cntvaluein_dq_lane,28,558,530,28,558,530,positive,positive,False,False,True
5,pass_to_pass,baseline-no-lock-seed-5,cntvaluein3-skew-locked-seed5,True,True,0,0,none,signed_ld_minus_cntvaluein_dq_median__idelay_ld_cntvaluein_skew__lane1__no_bit__ctrl_1__ld_vs_cntvaluein_dq_lane__value_ps,signed_ld_minus_cntvaluein_dq_median,idelay_ld_cntvaluein_skew,lane1,,1,ld_vs_cntvaluein_dq_lane,253,463,210,253,463,210,positive,positive,False,False,True
5,pass_to_pass,baseline-no-lock-seed-5,cntvaluein3-skew-locked-seed5,True,True,0,0,none,signed_ld_minus_cntvaluein_dq_median__idelay_ld_cntvaluein_skew__lane1__no_bit__ctrl_2__ld_vs_cntvaluein_dq_lane__value_ps,signed_ld_minus_cntvaluein_dq_median,idelay_ld_cntvaluein_skew,lane1,,2,ld_vs_cntvaluein_dq_lane,450,453.5,3.5,450,453.5,3.5,positive,positive,False,False,True
5,pass_to_pass,baseline-no-lock-seed-5,cntvaluein3-skew-locked-seed5,True,True,0,0,none,signed_ld_minus_cntvaluein_dq_median__idelay_ld_cntvaluein_skew__lane1__no_bit__ctrl_3__ld_vs_cntvaluein_dq_lane__value_ps,signed_ld_minus_cntvaluein_dq_median,idelay_ld_cntvaluein_skew,lane1,,3,ld_vs_cntvaluein_dq_lane,505,-362.5,-867.5,505,362.5,-142.5,positive,negative,True,True,False
5,pass_to_pass,baseline-no-lock-seed-5,cntvaluein3-skew-locked-seed5,True,True,0,0,none,signed_ld_minus_cntvaluein_dq_median__idelay_ld_cntvaluein_skew__lane1__no_bit__ctrl_4__ld_vs_cntvaluein_dq_lane__value_ps,signed_ld_minus_cntvaluein_dq_median,idelay_ld_cntvaluein_skew,lane1,,4,ld_vs_cntvaluein_dq_lane,418,294.5,-123.5,418,294.5,-123.5,positive,positive,False,True,False
5,pass_to_pass,baseline-no-lock-seed-5,cntvaluein3-skew-locked-seed5,True,True,0,0,none,signed_ld_minus_cntvaluein_dqs__idelay_ld_cntvaluein_skew__lane0__dqs0__ctrl_0__ld_vs_cntvaluein_dqs__value_ps,signed_ld_minus_cntvaluein_dqs,idelay_ld_cntvaluein_skew,lane0,dqs0,0,ld_vs_cntvaluein_dqs,99,-173,-272,99,173,74,positive,negative,True,False,True
5,pass_to_pass,baseline-no-lock-seed-5,cntvaluein3-skew-locked-seed5,True,True,0,0,none,signed_ld_minus_cntvaluein_dqs__idelay_ld_cntvaluein_skew__lane0__dqs0__ctrl_1__ld_vs_cntvaluein_dqs__value_ps,signed_ld_minus_cntvaluein_dqs,idelay_ld_cntvaluein_skew,lane0,dqs0,1,ld_vs_cntvaluein_dqs,104,-411,-515,104,411,307,positive,negative,True,False,True
5,pass_to_pass,baseline-no-lock-seed-5,cntvaluein3-skew-locked-seed5,True,True,0,0,none,signed_ld_minus_cntvaluein_dqs__idelay_ld_cntvaluein_skew__lane0__dqs0__ctrl_2__ld_vs_cntvaluein_dqs__value_ps,signed_ld_minus_cntvaluein_dqs,idelay_ld_cntvaluein_skew,lane0,dqs0,2,ld_vs_cntvaluein_dqs,218,-504,-722,218,504,286,positive,negative,True,False,True
5,pass_to_pass,baseline-no-lock-seed-5,cntvaluein3-skew-locked-seed5,True,True,0,0,none,signed_ld_minus_cntvaluein_dqs__idelay_ld_cntvaluein_skew__lane0__dqs0__ctrl_3__ld_vs_cntvaluein_dqs__value_ps,signed_ld_minus_cntvaluein_dqs,idelay_ld_cntvaluein_skew,lane0,dqs0,3,ld_vs_cntvaluein_dqs,-49,-446,-397,49,446,397,negative,negative,False,False,True
5,pass_to_pass,baseline-no-lock-seed-5,cntvaluein3-skew-locked-seed5,True,True,0,0,none,signed_ld_minus_cntvaluein_dqs__idelay_ld_cntvaluein_skew__lane0__dqs0__ctrl_4__ld_vs_cntvaluein_dqs__value_ps,signed_ld_minus_cntvaluein_dqs,idelay_ld_cntvaluein_skew,lane0,dqs0,4,ld_vs_cntvaluein_dqs,247,-321,-568,247,321,74,positive,negative,True,False,True
5,pass_to_pass,baseline-no-lock-seed-5,cntvaluein3-skew-locked-seed5,True,True,0,0,none,signed_ld_minus_cntvaluein_dqs__idelay_ld_cntvaluein_skew__lane1__dqs1__ctrl_0__ld_vs_cntvaluein_dqs__value_ps,signed_ld_minus_cntvaluein_dqs,idelay_ld_cntvaluein_skew,lane1,dqs1,0,ld_vs_cntvaluein_dqs,452,179,-273,452,179,-273,positive,positive,False,True,False
5,pass_to_pass,baseline-no-lock-seed-5,cntvaluein3-skew-locked-seed5,True,True,0,0,none,signed_ld_minus_cntvaluein_dqs__idelay_ld_cntvaluein_skew__lane1__dqs1__ctrl_1__ld_vs_cntvaluein_dqs__value_ps,signed_ld_minus_cntvaluein_dqs,idelay_ld_cntvaluein_skew,lane1,dqs1,1,ld_vs_cntvaluein_dqs,383,-76,-459,383,76,-307,positive,negative,True,True,False
5,pass_to_pass,baseline-no-lock-seed-5,cntvaluein3-skew-locked-seed5,True,True,0,0,none,signed_ld_minus_cntvaluein_dqs__idelay_ld_cntvaluein_skew__lane1__dqs1__ctrl_2__ld_vs_cntvaluein_dqs__value_ps,signed_ld_minus_cntvaluein_dqs,idelay_ld_cntvaluein_skew,lane1,dqs1,2,ld_vs_cntvaluein_dqs,493,20,-473,493,20,-473,positive,positive,False,True,False
5,pass_to_pass,baseline-no-lock-seed-5,cntvaluein3-skew-locked-seed5,True,True,0,0,none,signed_ld_minus_cntvaluein_dqs__idelay_ld_cntvaluein_skew__lane1__dqs1__ctrl_3__ld_vs_cntvaluein_dqs__value_ps,signed_ld_minus_cntvaluein_dqs,idelay_ld_cntvaluein_skew,lane1,dqs1,3,ld_vs_cntvaluein_dqs,431,44,-387,431,44,-387,positive,positive,False,True,False
5,pass_to_pass,baseline-no-lock-seed-5,cntvaluein3-skew-locked-seed5,True,True,0,0,none,signed_ld_minus_cntvaluein_dqs__idelay_ld_cntvaluein_skew__lane1__dqs1__ctrl_4__ld_vs_cntvaluein_dqs__value_ps,signed_ld_minus_cntvaluein_dqs,idelay_ld_cntvaluein_skew,lane1,dqs1,4,ld_vs_cntvaluein_dqs,661,204,-457,661,204,-457,positive,positive,False,True,False
6,fail_to_pass,baseline-no-lock-seed-6,cntvaluein3-skew-locked-seed6,False,True,2,0,none,signed_dqs_bus_skew_minus_dq_median__idelay_cntvaluein_skew__lane0__dqs0__ctrl_none__dqs_vs_dq_bus_skew__value_ps,signed_dqs_bus_skew_minus_dq_median,idelay_cntvaluein_skew,lane0,dqs0,,dqs_vs_dq_bus_skew,467.5,-306.5,-774,467.5,306.5,-161,positive,negative,True,True,False
6,fail_to_pass,baseline-no-lock-seed-6,cntvaluein3-skew-locked-seed6,False,True,2,0,none,signed_dqs_bus_skew_minus_dq_median__idelay_cntvaluein_skew__lane1__dqs1__ctrl_none__dqs_vs_dq_bus_skew__value_ps,signed_dqs_bus_skew_minus_dq_median,idelay_cntvaluein_skew,lane1,dqs1,,dqs_vs_dq_bus_skew,301,-955,-1256,301,955,654,positive,negative,True,False,True
6,fail_to_pass,baseline-no-lock-seed-6,cntvaluein3-skew-locked-seed6,False,True,2,0,none,signed_dqs_minus_dq_bit__idelay_cntvaluein_skew__lane0__dq0__ctrl_0__dqs_vs_dq_bit__value_ps,signed_dqs_minus_dq_bit,idelay_cntvaluein_skew,lane0,dq0,0,dqs_vs_dq_bit,963,98,-865,963,98,-865,positive,positive,False,True,False
6,fail_to_pass,baseline-no-lock-seed-6,cntvaluein3-skew-locked-seed6,False,True,2,0,none,signed_dqs_minus_dq_bit__idelay_cntvaluein_skew__lane0__dq0__ctrl_1__dqs_vs_dq_bit__value_ps,signed_dqs_minus_dq_bit,idelay_cntvaluein_skew,lane0,dq0,1,dqs_vs_dq_bit,335,873,538,335,873,538,positive,positive,False,False,True
6,fail_to_pass,baseline-no-lock-seed-6,cntvaluein3-skew-locked-seed6,False,True,2,0,none,signed_dqs_minus_dq_bit__idelay_cntvaluein_skew__lane0__dq0__ctrl_2__dqs_vs_dq_bit__value_ps,signed_dqs_minus_dq_bit,idelay_cntvaluein_skew,lane0,dq0,2,dqs_vs_dq_bit,-795,533,1328,795,533,-262,negative,positive,True,True,False
6,fail_to_pass,baseline-no-lock-seed-6,cntvaluein3-skew-locked-seed6,False,True,2,0,none,signed_dqs_minus_dq_bit__idelay_cntvaluein_skew__lane0__dq0__ctrl_3__dqs_vs_dq_bit__value_ps,signed_dqs_minus_dq_bit,idelay_cntvaluein_skew,lane0,dq0,3,dqs_vs_dq_bit,-372,-41,331,372,41,-331,negative,negative,False,True,False
6,fail_to_pass,baseline-no-lock-seed-6,cntvaluein3-skew-locked-seed6,False,True,2,0,none,signed_dqs_minus_dq_bit__idelay_cntvaluein_skew__lane0__dq0__ctrl_4__dqs_vs_dq_bit__value_ps,signed_dqs_minus_dq_bit,idelay_cntvaluein_skew,lane0,dq0,4,dqs_vs_dq_bit,-755,753,1508,755,753,-2,negative,positive,True,True,False
6,fail_to_pass,baseline-no-lock-seed-6,cntvaluein3-skew-locked-seed6,False,True,2,0,none,signed_dqs_minus_dq_bit__idelay_cntvaluein_skew__lane0__dq1__ctrl_0__dqs_vs_dq_bit__value_ps,signed_dqs_minus_dq_bit,idelay_cntvaluein_skew,lane0,dq1,0,dqs_vs_dq_bit,871,42,-829,871,42,-829,positive,positive,False,True,False
6,fail_to_pass,baseline-no-lock-seed-6,cntvaluein3-skew-locked-seed6,False,True,2,0,none,signed_dqs_minus_dq_bit__idelay_cntvaluein_skew__lane0__dq1__ctrl_1__dqs_vs_dq_bit__value_ps,signed_dqs_minus_dq_bit,idelay_cntvaluein_skew,lane0,dq1,1,dqs_vs_dq_bit,422,786,364,422,786,364,positive,positive,False,False,True
6,fail_to_pass,baseline-no-lock-seed-6,cntvaluein3-skew-locked-seed6,False,True,2,0,none,signed_dqs_minus_dq_bit__idelay_cntvaluein_skew__lane0__dq1__ctrl_2__dqs_vs_dq_bit__value_ps,signed_dqs_minus_dq_bit,idelay_cntvaluein_skew,lane0,dq1,2,dqs_vs_dq_bit,-880,620,1500,880,620,-260,negative,positive,True,True,False
6,fail_to_pass,baseline-no-lock-seed-6,cntvaluein3-skew-locked-seed6,False,True,2,0,none,signed_dqs_minus_dq_bit__idelay_cntvaluein_skew__lane0__dq1__ctrl_3__dqs_vs_dq_bit__value_ps,signed_dqs_minus_dq_bit,idelay_cntvaluein_skew,lane0,dq1,3,dqs_vs_dq_bit,-462,-125,337,462,125,-337,negative,negative,False,True,False
6,fail_to_pass,baseline-no-lock-seed-6,cntvaluein3-skew-locked-seed6,False,True,2,0,none,signed_dqs_minus_dq_bit__idelay_cntvaluein_skew__lane0__dq1__ctrl_4__dqs_vs_dq_bit__value_ps,signed_dqs_minus_dq_bit,idelay_cntvaluein_skew,lane0,dq1,4,dqs_vs_dq_bit,-754,809,1563,754,809,55,negative,positive,True,False,True
6,fail_to_pass,baseline-no-lock-seed-6,cntvaluein3-skew-locked-seed6,False,True,2,0,none,signed_dqs_minus_dq_bit__idelay_cntvaluein_skew__lane0__dq2__ctrl_0__dqs_vs_dq_bit__value_ps,signed_dqs_minus_dq_bit,idelay_cntvaluein_skew,lane0,dq2,0,dqs_vs_dq_bit,779,189,-590,779,189,-590,positive,positive,False,True,False
6,fail_to_pass,baseline-no-lock-seed-6,cntvaluein3-skew-locked-seed6,False,True,2,0,none,signed_dqs_minus_dq_bit__idelay_cntvaluein_skew__lane0__dq2__ctrl_1__dqs_vs_dq_bit__value_ps,signed_dqs_minus_dq_bit,idelay_cntvaluein_skew,lane0,dq2,1,dqs_vs_dq_bit,363,692,329,363,692,329,positive,positive,False,False,True
6,fail_to_pass,baseline-no-lock-seed-6,cntvaluein3-skew-locked-seed6,False,True,2,0,none,signed_dqs_minus_dq_bit__idelay_cntvaluein_skew__lane0__dq2__ctrl_2__dqs_vs_dq_bit__value_ps,signed_dqs_minus_dq_bit,idelay_cntvaluein_skew,lane0,dq2,2,dqs_vs_dq_bit,-778,521,1299,778,521,-257,negative,positive,True,True,False
6,fail_to_pass,baseline-no-lock-seed-6,cntvaluein3-skew-locked-seed6,False,True,2,0,none,signed_dqs_minus_dq_bit__idelay_cntvaluein_skew__lane0__dq2__ctrl_3__dqs_vs_dq_bit__value_ps,signed_dqs_minus_dq_bit,idelay_cntvaluein_skew,lane0,dq2,3,dqs_vs_dq_bit,-365,-219,146,365,219,-146,negative,negative,False,True,False
6,fail_to_pass,baseline-no-lock-seed-6,cntvaluein3-skew-locked-seed6,False,True,2,0,none,signed_dqs_minus_dq_bit__idelay_cntvaluein_skew__lane0__dq2__ctrl_4__dqs_vs_dq_bit__value_ps,signed_dqs_minus_dq_bit,idelay_cntvaluein_skew,lane0,dq2,4,dqs_vs_dq_bit,-744,715,1459,744,715,-29,negative,positive,True,True,False
6,fail_to_pass,baseline-no-lock-seed-6,cntvaluein3-skew-locked-seed6,False,True,2,0,none,signed_dqs_minus_dq_bit__idelay_cntvaluein_skew__lane0__dq3__ctrl_0__dqs_vs_dq_bit__value_ps,signed_dqs_minus_dq_bit,idelay_cntvaluein_skew,lane0,dq3,0,dqs_vs_dq_bit,1027,542,-485,1027,542,-485,positive,positive,False,True,False
6,fail_to_pass,baseline-no-lock-seed-6,cntvaluein3-skew-locked-seed6,False,True,2,0,none,signed_dqs_minus_dq_bit__idelay_cntvaluein_skew__lane0__dq3__ctrl_1__dqs_vs_dq_bit__value_ps,signed_dqs_minus_dq_bit,idelay_cntvaluein_skew,lane0,dq3,1,dqs_vs_dq_bit,643,1048,405,643,1048,405,positive,positive,False,False,True
6,fail_to_pass,baseline-no-lock-seed-6,cntvaluein3-skew-locked-seed6,False,True,2,0,none,signed_dqs_minus_dq_bit__idelay_cntvaluein_skew__lane0__dq3__ctrl_2__dqs_vs_dq_bit__value_ps,signed_dqs_minus_dq_bit,idelay_cntvaluein_skew,lane0,dq3,2,dqs_vs_dq_bit,-815,468,1283,815,468,-347,negative,positive,True,True,False
6,fail_to_pass,baseline-no-lock-seed-6,cntvaluein3-skew-locked-seed6,False,True,2,0,none,signed_dqs_minus_dq_bit__idelay_cntvaluein_skew__lane0__dq3__ctrl_3__dqs_vs_dq_bit__value_ps,signed_dqs_minus_dq_bit,idelay_cntvaluein_skew,lane0,dq3,3,dqs_vs_dq_bit,-103,-212,-109,103,212,109,negative,negative,False,False,True
6,fail_to_pass,baseline-no-lock-seed-6,cntvaluein3-skew-locked-seed6,False,True,2,0,none,signed_dqs_minus_dq_bit__idelay_cntvaluein_skew__lane0__dq3__ctrl_4__dqs_vs_dq_bit__value_ps,signed_dqs_minus_dq_bit,idelay_cntvaluein_skew,lane0,dq3,4,dqs_vs_dq_bit,-866,732,1598,866,732,-134,negative,positive,True,True,False
6,fail_to_pass,baseline-no-lock-seed-6,cntvaluein3-skew-locked-seed6,False,True,2,0,none,signed_dqs_minus_dq_bit__idelay_cntvaluein_skew__lane0__dq4__ctrl_0__dqs_vs_dq_bit__value_ps,signed_dqs_minus_dq_bit,idelay_cntvaluein_skew,lane0,dq4,0,dqs_vs_dq_bit,937,95,-842,937,95,-842,positive,positive,False,True,False
6,fail_to_pass,baseline-no-lock-seed-6,cntvaluein3-skew-locked-seed6,False,True,2,0,none,signed_dqs_minus_dq_bit__idelay_cntvaluein_skew__lane0__dq4__ctrl_1__dqs_vs_dq_bit__value_ps,signed_dqs_minus_dq_bit,idelay_cntvaluein_skew,lane0,dq4,1,dqs_vs_dq_bit,503,694,191,503,694,191,positive,positive,False,False,True
6,fail_to_pass,baseline-no-lock-seed-6,cntvaluein3-skew-locked-seed6,False,True,2,0,none,signed_dqs_minus_dq_bit__idelay_cntvaluein_skew__lane0__dq4__ctrl_2__dqs_vs_dq_bit__value_ps,signed_dqs_minus_dq_bit,idelay_cntvaluein_skew,lane0,dq4,2,dqs_vs_dq_bit,-963,434,1397,963,434,-529,negative,positive,True,True,False
6,fail_to_pass,baseline-no-lock-seed-6,cntvaluein3-skew-locked-seed6,False,True,2,0,none,signed_dqs_minus_dq_bit__idelay_cntvaluein_skew__lane0__dq4__ctrl_3__dqs_vs_dq_bit__value_ps,signed_dqs_minus_dq_bit,idelay_cntvaluein_skew,lane0,dq4,3,dqs_vs_dq_bit,-547,-211,336,547,211,-336,negative,negative,False,True,False
6,fail_to_pass,baseline-no-lock-seed-6,cntvaluein3-skew-locked-seed6,False,True,2,0,none,signed_dqs_minus_dq_bit__idelay_cntvaluein_skew__lane0__dq4__ctrl_4__dqs_vs_dq_bit__value_ps,signed_dqs_minus_dq_bit,idelay_cntvaluein_skew,lane0,dq4,4,dqs_vs_dq_bit,-738,722,1460,738,722,-16,negative,positive,True,True,False
6,fail_to_pass,baseline-no-lock-seed-6,cntvaluein3-skew-locked-seed6,False,True,2,0,none,signed_dqs_minus_dq_bit__idelay_cntvaluein_skew__lane0__dq5__ctrl_0__dqs_vs_dq_bit__value_ps,signed_dqs_minus_dq_bit,idelay_cntvaluein_skew,lane0,dq5,0,dqs_vs_dq_bit,1021,458,-563,1021,458,-563,positive,positive,False,True,False
6,fail_to_pass,baseline-no-lock-seed-6,cntvaluein3-skew-locked-seed6,False,True,2,0,none,signed_dqs_minus_dq_bit__idelay_cntvaluein_skew__lane0__dq5__ctrl_1__dqs_vs_dq_bit__value_ps,signed_dqs_minus_dq_bit,idelay_cntvaluein_skew,lane0,dq5,1,dqs_vs_dq_bit,557,965,408,557,965,408,positive,positive,False,False,True
6,fail_to_pass,baseline-no-lock-seed-6,cntvaluein3-skew-locked-seed6,False,True,2,0,none,signed_dqs_minus_dq_bit__idelay_cntvaluein_skew__lane0__dq5__ctrl_2__dqs_vs_dq_bit__value_ps,signed_dqs_minus_dq_bit,idelay_cntvaluein_skew,lane0,dq5,2,dqs_vs_dq_bit,-906,378,1284,906,378,-528,negative,positive,True,True,False
6,fail_to_pass,baseline-no-lock-seed-6,cntvaluein3-skew-locked-seed6,False,True,2,0,none,signed_dqs_minus_dq_bit__idelay_cntvaluein_skew__lane0__dq5__ctrl_3__dqs_vs_dq_bit__value_ps,signed_dqs_minus_dq_bit,idelay_cntvaluein_skew,lane0,dq5,3,dqs_vs_dq_bit,-99,-209,-110,99,209,110,negative,negative,False,False,True
6,fail_to_pass,baseline-no-lock-seed-6,cntvaluein3-skew-locked-seed6,False,True,2,0,none,signed_dqs_minus_dq_bit__idelay_cntvaluein_skew__lane0__dq5__ctrl_4__dqs_vs_dq_bit__value_ps,signed_dqs_minus_dq_bit,idelay_cntvaluein_skew,lane0,dq5,4,dqs_vs_dq_bit,-864,812,1676,864,812,-52,negative,positive,True,True,False
6,fail_to_pass,baseline-no-lock-seed-6,cntvaluein3-skew-locked-seed6,False,True,2,0,none,signed_dqs_minus_dq_bit__idelay_cntvaluein_skew__lane0__dq6__ctrl_0__dqs_vs_dq_bit__value_ps,signed_dqs_minus_dq_bit,idelay_cntvaluein_skew,lane0,dq6,0,dqs_vs_dq_bit,744,93,-651,744,93,-651,positive,positive,False,True,False
6,fail_to_pass,baseline-no-lock-seed-6,cntvaluein3-skew-locked-seed6,False,True,2,0,none,signed_dqs_minus_dq_bit__idelay_cntvaluein_skew__lane0__dq6__ctrl_1__dqs_vs_dq_bit__value_ps,signed_dqs_minus_dq_bit,idelay_cntvaluein_skew,lane0,dq6,1,dqs_vs_dq_bit,332,600,268,332,600,268,positive,positive,False,False,True
6,fail_to_pass,baseline-no-lock-seed-6,cntvaluein3-skew-locked-seed6,False,True,2,0,none,signed_dqs_minus_dq_bit__idelay_cntvaluein_skew__lane0__dq6__ctrl_2__dqs_vs_dq_bit__value_ps,signed_dqs_minus_dq_bit,idelay_cntvaluein_skew,lane0,dq6,2,dqs_vs_dq_bit,-653,429,1082,653,429,-224,negative,positive,True,True,False
6,fail_to_pass,baseline-no-lock-seed-6,cntvaluein3-skew-locked-seed6,False,True,2,0,none,signed_dqs_minus_dq_bit__idelay_cntvaluein_skew__lane0__dq6__ctrl_3__dqs_vs_dq_bit__value_ps,signed_dqs_minus_dq_bit,idelay_cntvaluein_skew,lane0,dq6,3,dqs_vs_dq_bit,-164,-311,-147,164,311,147,negative,negative,False,False,True
6,fail_to_pass,baseline-no-lock-seed-6,cntvaluein3-skew-locked-seed6,False,True,2,0,none,signed_dqs_minus_dq_bit__idelay_cntvaluein_skew__lane0__dq6__ctrl_4__dqs_vs_dq_bit__value_ps,signed_dqs_minus_dq_bit,idelay_cntvaluein_skew,lane0,dq6,4,dqs_vs_dq_bit,-837,1033,1870,837,1033,196,negative,positive,True,False,True
6,fail_to_pass,baseline-no-lock-seed-6,cntvaluein3-skew-locked-seed6,False,True,2,0,none,signed_dqs_minus_dq_bit__idelay_cntvaluein_skew__lane0__dq7__ctrl_0__dqs_vs_dq_bit__value_ps,signed_dqs_minus_dq_bit,idelay_cntvaluein_skew,lane0,dq7,0,dqs_vs_dq_bit,804,100,-704,804,100,-704,positive,positive,False,True,False
6,fail_to_pass,baseline-no-lock-seed-6,cntvaluein3-skew-locked-seed6,False,True,2,0,none,signed_dqs_minus_dq_bit__idelay_cntvaluein_skew__lane0__dq7__ctrl_1__dqs_vs_dq_bit__value_ps,signed_dqs_minus_dq_bit,idelay_cntvaluein_skew,lane0,dq7,1,dqs_vs_dq_bit,418,602,184,418,602,184,positive,positive,False,False,True
6,fail_to_pass,baseline-no-lock-seed-6,cntvaluein3-skew-locked-seed6,False,True,2,0,none,signed_dqs_minus_dq_bit__idelay_cntvaluein_skew__lane0__dq7__ctrl_2__dqs_vs_dq_bit__value_ps,signed_dqs_minus_dq_bit,idelay_cntvaluein_skew,lane0,dq7,2,dqs_vs_dq_bit,-861,426,1287,861,426,-435,negative,positive,True,True,False
6,fail_to_pass,baseline-no-lock-seed-6,cntvaluein3-skew-locked-seed6,False,True,2,0,none,signed_dqs_minus_dq_bit__idelay_cntvaluein_skew__lane0__dq7__ctrl_3__dqs_vs_dq_bit__value_ps,signed_dqs_minus_dq_bit,idelay_cntvaluein_skew,lane0,dq7,3,dqs_vs_dq_bit,-641,-304,337,641,304,-337,negative,negative,False,True,False
6,fail_to_pass,baseline-no-lock-seed-6,cntvaluein3-skew-locked-seed6,False,True,2,0,none,signed_dqs_minus_dq_bit__idelay_cntvaluein_skew__lane0__dq7__ctrl_4__dqs_vs_dq_bit__value_ps,signed_dqs_minus_dq_bit,idelay_cntvaluein_skew,lane0,dq7,4,dqs_vs_dq_bit,-918,626,1544,918,626,-292,negative,positive,True,True,False
6,fail_to_pass,baseline-no-lock-seed-6,cntvaluein3-skew-locked-seed6,False,True,2,0,none,signed_dqs_minus_dq_bit__idelay_cntvaluein_skew__lane1__dq10__ctrl_0__dqs_vs_dq_bit__value_ps,signed_dqs_minus_dq_bit,idelay_cntvaluein_skew,lane1,dq10,0,dqs_vs_dq_bit,911,309,-602,911,309,-602,positive,positive,False,True,False
6,fail_to_pass,baseline-no-lock-seed-6,cntvaluein3-skew-locked-seed6,False,True,2,0,none,signed_dqs_minus_dq_bit__idelay_cntvaluein_skew__lane1__dq10__ctrl_1__dqs_vs_dq_bit__value_ps,signed_dqs_minus_dq_bit,idelay_cntvaluein_skew,lane1,dq10,1,dqs_vs_dq_bit,591,623,32,591,623,32,positive,positive,False,False,True
6,fail_to_pass,baseline-no-lock-seed-6,cntvaluein3-skew-locked-seed6,False,True,2,0,none,signed_dqs_minus_dq_bit__idelay_cntvaluein_skew__lane1__dq10__ctrl_2__dqs_vs_dq_bit__value_ps,signed_dqs_minus_dq_bit,idelay_cntvaluein_skew,lane1,dq10,2,dqs_vs_dq_bit,-628,916,1544,628,916,288,negative,positive,True,False,True
6,fail_to_pass,baseline-no-lock-seed-6,cntvaluein3-skew-locked-seed6,False,True,2,0,none,signed_dqs_minus_dq_bit__idelay_cntvaluein_skew__lane1__dq10__ctrl_3__dqs_vs_dq_bit__value_ps,signed_dqs_minus_dq_bit,idelay_cntvaluein_skew,lane1,dq10,3,dqs_vs_dq_bit,-232,-372,-140,232,372,140,negative,negative,False,False,True
6,fail_to_pass,baseline-no-lock-seed-6,cntvaluein3-skew-locked-seed6,False,True,2,0,none,signed_dqs_minus_dq_bit__idelay_cntvaluein_skew__lane1__dq10__ctrl_4__dqs_vs_dq_bit__value_ps,signed_dqs_minus_dq_bit,idelay_cntvaluein_skew,lane1,dq10,4,dqs_vs_dq_bit,-449,387,836,449,387,-62,negative,positive,True,True,False
6,fail_to_pass,baseline-no-lock-seed-6,cntvaluein3-skew-locked-seed6,False,True,2,0,none,signed_dqs_minus_dq_bit__idelay_cntvaluein_skew__lane1__dq11__ctrl_0__dqs_vs_dq_bit__value_ps,signed_dqs_minus_dq_bit,idelay_cntvaluein_skew,lane1,dq11,0,dqs_vs_dq_bit,786,301,-485,786,301,-485,positive,positive,False,True,False
6,fail_to_pass,baseline-no-lock-seed-6,cntvaluein3-skew-locked-seed6,False,True,2,0,none,signed_dqs_minus_dq_bit__idelay_cntvaluein_skew__lane1__dq11__ctrl_1__dqs_vs_dq_bit__value_ps,signed_dqs_minus_dq_bit,idelay_cntvaluein_skew,lane1,dq11,1,dqs_vs_dq_bit,605,756,151,605,756,151,positive,positive,False,False,True
6,fail_to_pass,baseline-no-lock-seed-6,cntvaluein3-skew-locked-seed6,False,True,2,0,none,signed_dqs_minus_dq_bit__idelay_cntvaluein_skew__lane1__dq11__ctrl_2__dqs_vs_dq_bit__value_ps,signed_dqs_minus_dq_bit,idelay_cntvaluein_skew,lane1,dq11,2,dqs_vs_dq_bit,-457,914,1371,457,914,457,negative,positive,True,False,True
6,fail_to_pass,baseline-no-lock-seed-6,cntvaluein3-skew-locked-seed6,False,True,2,0,none,signed_dqs_minus_dq_bit__idelay_cntvaluein_skew__lane1__dq11__ctrl_3__dqs_vs_dq_bit__value_ps,signed_dqs_minus_dq_bit,idelay_cntvaluein_skew,lane1,dq11,3,dqs_vs_dq_bit,-82,-430,-348,82,430,348,negative,negative,False,False,True
6,fail_to_pass,baseline-no-lock-seed-6,cntvaluein3-skew-locked-seed6,False,True,2,0,none,signed_dqs_minus_dq_bit__idelay_cntvaluein_skew__lane1__dq11__ctrl_4__dqs_vs_dq_bit__value_ps,signed_dqs_minus_dq_bit,idelay_cntvaluein_skew,lane1,dq11,4,dqs_vs_dq_bit,-285,786,1071,285,786,501,negative,positive,True,False,True
6,fail_to_pass,baseline-no-lock-seed-6,cntvaluein3-skew-locked-seed6,False,True,2,0,none,signed_dqs_minus_dq_bit__idelay_cntvaluein_skew__lane1__dq12__ctrl_0__dqs_vs_dq_bit__value_ps,signed_dqs_minus_dq_bit,idelay_cntvaluein_skew,lane1,dq12,0,dqs_vs_dq_bit,967,389,-578,967,389,-578,positive,positive,False,True,False
6,fail_to_pass,baseline-no-lock-seed-6,cntvaluein3-skew-locked-seed6,False,True,2,0,none,signed_dqs_minus_dq_bit__idelay_cntvaluein_skew__lane1__dq12__ctrl_1__dqs_vs_dq_bit__value_ps,signed_dqs_minus_dq_bit,idelay_cntvaluein_skew,lane1,dq12,1,dqs_vs_dq_bit,508,710,202,508,710,202,positive,positive,False,False,True
6,fail_to_pass,baseline-no-lock-seed-6,cntvaluein3-skew-locked-seed6,False,True,2,0,none,signed_dqs_minus_dq_bit__idelay_cntvaluein_skew__lane1__dq12__ctrl_2__dqs_vs_dq_bit__value_ps,signed_dqs_minus_dq_bit,idelay_cntvaluein_skew,lane1,dq12,2,dqs_vs_dq_bit,-579,832,1411,579,832,253,negative,positive,True,False,True
6,fail_to_pass,baseline-no-lock-seed-6,cntvaluein3-skew-locked-seed6,False,True,2,0,none,signed_dqs_minus_dq_bit__idelay_cntvaluein_skew__lane1__dq12__ctrl_3__dqs_vs_dq_bit__value_ps,signed_dqs_minus_dq_bit,idelay_cntvaluein_skew,lane1,dq12,3,dqs_vs_dq_bit,-322,-456,-134,322,456,134,negative,negative,False,False,True
6,fail_to_pass,baseline-no-lock-seed-6,cntvaluein3-skew-locked-seed6,False,True,2,0,none,signed_dqs_minus_dq_bit__idelay_cntvaluein_skew__lane1__dq12__ctrl_4__dqs_vs_dq_bit__value_ps,signed_dqs_minus_dq_bit,idelay_cntvaluein_skew,lane1,dq12,4,dqs_vs_dq_bit,-499,564,1063,499,564,65,negative,positive,True,False,True
6,fail_to_pass,baseline-no-lock-seed-6,cntvaluein3-skew-locked-seed6,False,True,2,0,none,signed_dqs_minus_dq_bit__idelay_cntvaluein_skew__lane1__dq13__ctrl_0__dqs_vs_dq_bit__value_ps,signed_dqs_minus_dq_bit,idelay_cntvaluein_skew,lane1,dq13,0,dqs_vs_dq_bit,697,217,-480,697,217,-480,positive,positive,False,True,False
6,fail_to_pass,baseline-no-lock-seed-6,cntvaluein3-skew-locked-seed6,False,True,2,0,none,signed_dqs_minus_dq_bit__idelay_cntvaluein_skew__lane1__dq13__ctrl_1__dqs_vs_dq_bit__value_ps,signed_dqs_minus_dq_bit,idelay_cntvaluein_skew,lane1,dq13,1,dqs_vs_dq_bit,513,674,161,513,674,161,positive,positive,False,False,True
6,fail_to_pass,baseline-no-lock-seed-6,cntvaluein3-skew-locked-seed6,False,True,2,0,none,signed_dqs_minus_dq_bit__idelay_cntvaluein_skew__lane1__dq13__ctrl_2__dqs_vs_dq_bit__value_ps,signed_dqs_minus_dq_bit,idelay_cntvaluein_skew,lane1,dq13,2,dqs_vs_dq_bit,-541,823,1364,541,823,282,negative,positive,True,False,True
6,fail_to_pass,baseline-no-lock-seed-6,cntvaluein3-skew-locked-seed6,False,True,2,0,none,signed_dqs_minus_dq_bit__idelay_cntvaluein_skew__lane1__dq13__ctrl_3__dqs_vs_dq_bit__value_ps,signed_dqs_minus_dq_bit,idelay_cntvaluein_skew,lane1,dq13,3,dqs_vs_dq_bit,-135,-515,-380,135,515,380,negative,negative,False,False,True
6,fail_to_pass,baseline-no-lock-seed-6,cntvaluein3-skew-locked-seed6,False,True,2,0,none,signed_dqs_minus_dq_bit__idelay_cntvaluein_skew__lane1__dq13__ctrl_4__dqs_vs_dq_bit__value_ps,signed_dqs_minus_dq_bit,idelay_cntvaluein_skew,lane1,dq13,4,dqs_vs_dq_bit,-364,698,1062,364,698,334,negative,positive,True,False,True
6,fail_to_pass,baseline-no-lock-seed-6,cntvaluein3-skew-locked-seed6,False,True,2,0,none,signed_dqs_minus_dq_bit__idelay_cntvaluein_skew__lane1__dq14__ctrl_0__dqs_vs_dq_bit__value_ps,signed_dqs_minus_dq_bit,idelay_cntvaluein_skew,lane1,dq14,0,dqs_vs_dq_bit,878,304,-574,878,304,-574,positive,positive,False,True,False
6,fail_to_pass,baseline-no-lock-seed-6,cntvaluein3-skew-locked-seed6,False,True,2,0,none,signed_dqs_minus_dq_bit__idelay_cntvaluein_skew__lane1__dq14__ctrl_1__dqs_vs_dq_bit__value_ps,signed_dqs_minus_dq_bit,idelay_cntvaluein_skew,lane1,dq14,1,dqs_vs_dq_bit,418,720,302,418,720,302,positive,positive,False,False,True
6,fail_to_pass,baseline-no-lock-seed-6,cntvaluein3-skew-locked-seed6,False,True,2,0,none,signed_dqs_minus_dq_bit__idelay_cntvaluein_skew__lane1__dq14__ctrl_2__dqs_vs_dq_bit__value_ps,signed_dqs_minus_dq_bit,idelay_cntvaluein_skew,lane1,dq14,2,dqs_vs_dq_bit,-454,748,1202,454,748,294,negative,positive,True,False,True
6,fail_to_pass,baseline-no-lock-seed-6,cntvaluein3-skew-locked-seed6,False,True,2,0,none,signed_dqs_minus_dq_bit__idelay_cntvaluein_skew__lane1__dq14__ctrl_3__dqs_vs_dq_bit__value_ps,signed_dqs_minus_dq_bit,idelay_cntvaluein_skew,lane1,dq14,3,dqs_vs_dq_bit,-326,-522,-196,326,522,196,negative,negative,False,False,True
6,fail_to_pass,baseline-no-lock-seed-6,cntvaluein3-skew-locked-seed6,False,True,2,0,none,signed_dqs_minus_dq_bit__idelay_cntvaluein_skew__lane1__dq14__ctrl_4__dqs_vs_dq_bit__value_ps,signed_dqs_minus_dq_bit,idelay_cntvaluein_skew,lane1,dq14,4,dqs_vs_dq_bit,-410,480,890,410,480,70,negative,positive,True,False,True
6,fail_to_pass,baseline-no-lock-seed-6,cntvaluein3-skew-locked-seed6,False,True,2,0,none,signed_dqs_minus_dq_bit__idelay_cntvaluein_skew__lane1__dq15__ctrl_0__dqs_vs_dq_bit__value_ps,signed_dqs_minus_dq_bit,idelay_cntvaluein_skew,lane1,dq15,0,dqs_vs_dq_bit,1240,528,-712,1240,528,-712,positive,positive,False,True,False
6,fail_to_pass,baseline-no-lock-seed-6,cntvaluein3-skew-locked-seed6,False,True,2,0,none,signed_dqs_minus_dq_bit__idelay_cntvaluein_skew__lane1__dq15__ctrl_1__dqs_vs_dq_bit__value_ps,signed_dqs_minus_dq_bit,idelay_cntvaluein_skew,lane1,dq15,1,dqs_vs_dq_bit,469,746,277,469,746,277,positive,positive,False,False,True
6,fail_to_pass,baseline-no-lock-seed-6,cntvaluein3-skew-locked-seed6,False,True,2,0,none,signed_dqs_minus_dq_bit__idelay_cntvaluein_skew__lane1__dq15__ctrl_2__dqs_vs_dq_bit__value_ps,signed_dqs_minus_dq_bit,idelay_cntvaluein_skew,lane1,dq15,2,dqs_vs_dq_bit,-159,601,760,159,601,442,negative,positive,True,False,True
6,fail_to_pass,baseline-no-lock-seed-6,cntvaluein3-skew-locked-seed6,False,True,2,0,none,signed_dqs_minus_dq_bit__idelay_cntvaluein_skew__lane1__dq15__ctrl_3__dqs_vs_dq_bit__value_ps,signed_dqs_minus_dq_bit,idelay_cntvaluein_skew,lane1,dq15,3,dqs_vs_dq_bit,151,-48,-199,151,48,-103,positive,negative,True,True,False
6,fail_to_pass,baseline-no-lock-seed-6,cntvaluein3-skew-locked-seed6,False,True,2,0,none,signed_dqs_minus_dq_bit__idelay_cntvaluein_skew__lane1__dq15__ctrl_4__dqs_vs_dq_bit__value_ps,signed_dqs_minus_dq_bit,idelay_cntvaluein_skew,lane1,dq15,4,dqs_vs_dq_bit,3,922,919,3,922,919,positive,positive,False,False,True
6,fail_to_pass,baseline-no-lock-seed-6,cntvaluein3-skew-locked-seed6,False,True,2,0,none,signed_dqs_minus_dq_bit__idelay_cntvaluein_skew__lane1__dq8__ctrl_0__dqs_vs_dq_bit__value_ps,signed_dqs_minus_dq_bit,idelay_cntvaluein_skew,lane1,dq8,0,dqs_vs_dq_bit,873,343,-530,873,343,-530,positive,positive,False,True,False
6,fail_to_pass,baseline-no-lock-seed-6,cntvaluein3-skew-locked-seed6,False,True,2,0,none,signed_dqs_minus_dq_bit__idelay_cntvaluein_skew__lane1__dq8__ctrl_1__dqs_vs_dq_bit__value_ps,signed_dqs_minus_dq_bit,idelay_cntvaluein_skew,lane1,dq8,1,dqs_vs_dq_bit,326,802,476,326,802,476,positive,positive,False,False,True
6,fail_to_pass,baseline-no-lock-seed-6,cntvaluein3-skew-locked-seed6,False,True,2,0,none,signed_dqs_minus_dq_bit__idelay_cntvaluein_skew__lane1__dq8__ctrl_2__dqs_vs_dq_bit__value_ps,signed_dqs_minus_dq_bit,idelay_cntvaluein_skew,lane1,dq8,2,dqs_vs_dq_bit,-373,916,1289,373,916,543,negative,positive,True,False,True
6,fail_to_pass,baseline-no-lock-seed-6,cntvaluein3-skew-locked-seed6,False,True,2,0,none,signed_dqs_minus_dq_bit__idelay_cntvaluein_skew__lane1__dq8__ctrl_3__dqs_vs_dq_bit__value_ps,signed_dqs_minus_dq_bit,idelay_cntvaluein_skew,lane1,dq8,3,dqs_vs_dq_bit,-417,-550,-133,417,550,133,negative,negative,False,False,True
6,fail_to_pass,baseline-no-lock-seed-6,cntvaluein3-skew-locked-seed6,False,True,2,0,none,signed_dqs_minus_dq_bit__idelay_cntvaluein_skew__lane1__dq8__ctrl_4__dqs_vs_dq_bit__value_ps,signed_dqs_minus_dq_bit,idelay_cntvaluein_skew,lane1,dq8,4,dqs_vs_dq_bit,-365,730,1095,365,730,365,negative,positive,True,False,True
6,fail_to_pass,baseline-no-lock-seed-6,cntvaluein3-skew-locked-seed6,False,True,2,0,none,signed_dqs_minus_dq_bit__idelay_cntvaluein_skew__lane1__dq9__ctrl_0__dqs_vs_dq_bit__value_ps,signed_dqs_minus_dq_bit,idelay_cntvaluein_skew,lane1,dq9,0,dqs_vs_dq_bit,1018,440,-578,1018,440,-578,positive,positive,False,True,False
6,fail_to_pass,baseline-no-lock-seed-6,cntvaluein3-skew-locked-seed6,False,True,2,0,none,signed_dqs_minus_dq_bit__idelay_cntvaluein_skew__lane1__dq9__ctrl_1__dqs_vs_dq_bit__value_ps,signed_dqs_minus_dq_bit,idelay_cntvaluein_skew,lane1,dq9,1,dqs_vs_dq_bit,377,660,283,377,660,283,positive,positive,False,False,True
6,fail_to_pass,baseline-no-lock-seed-6,cntvaluein3-skew-locked-seed6,False,True,2,0,none,signed_dqs_minus_dq_bit__idelay_cntvaluein_skew__lane1__dq9__ctrl_2__dqs_vs_dq_bit__value_ps,signed_dqs_minus_dq_bit,idelay_cntvaluein_skew,lane1,dq9,2,dqs_vs_dq_bit,-61,685,746,61,685,624,negative,positive,True,False,True
6,fail_to_pass,baseline-no-lock-seed-6,cntvaluein3-skew-locked-seed6,False,True,2,0,none,signed_dqs_minus_dq_bit__idelay_cntvaluein_skew__lane1__dq9__ctrl_3__dqs_vs_dq_bit__value_ps,signed_dqs_minus_dq_bit,idelay_cntvaluein_skew,lane1,dq9,3,dqs_vs_dq_bit,120,-132,-252,120,132,12,positive,negative,True,False,True
6,fail_to_pass,baseline-no-lock-seed-6,cntvaluein3-skew-locked-seed6,False,True,2,0,none,signed_dqs_minus_dq_bit__idelay_cntvaluein_skew__lane1__dq9__ctrl_4__dqs_vs_dq_bit__value_ps,signed_dqs_minus_dq_bit,idelay_cntvaluein_skew,lane1,dq9,4,dqs_vs_dq_bit,13,834,821,13,834,821,positive,positive,False,False,True
6,fail_to_pass,baseline-no-lock-seed-6,cntvaluein3-skew-locked-seed6,False,True,2,0,none,signed_dqs_minus_dq_median__idelay_cntvaluein_skew__lane0__dqs0__ctrl_0__dqs_vs_dq_lane__value_ps,signed_dqs_minus_dq_median,idelay_cntvaluein_skew,lane0,dqs0,0,dqs_vs_dq_lane,904,99,-805,904,99,-805,positive,positive,False,True,False
6,fail_to_pass,baseline-no-lock-seed-6,cntvaluein3-skew-locked-seed6,False,True,2,0,none,signed_dqs_minus_dq_median__idelay_cntvaluein_skew__lane0__dqs0__ctrl_1__dqs_vs_dq_lane__value_ps,signed_dqs_minus_dq_median,idelay_cntvaluein_skew,lane0,dqs0,1,dqs_vs_dq_lane,420,740,320,420,740,320,positive,positive,False,False,True
6,fail_to_pass,baseline-no-lock-seed-6,cntvaluein3-skew-locked-seed6,False,True,2,0,none,signed_dqs_minus_dq_median__idelay_cntvaluein_skew__lane0__dqs0__ctrl_2__dqs_vs_dq_lane__value_ps,signed_dqs_minus_dq_median,idelay_cntvaluein_skew,lane0,dqs0,2,dqs_vs_dq_lane,-838,451,1289,838,451,-387,negative,positive,True,True,False
6,fail_to_pass,baseline-no-lock-seed-6,cntvaluein3-skew-locked-seed6,False,True,2,0,none,signed_dqs_minus_dq_median__idelay_cntvaluein_skew__lane0__dqs0__ctrl_3__dqs_vs_dq_lane__value_ps,signed_dqs_minus_dq_median,idelay_cntvaluein_skew,lane0,dqs0,3,dqs_vs_dq_lane,-368.5,-211.5,157,368.5,211.5,-157,negative,negative,False,True,False
6,fail_to_pass,baseline-no-lock-seed-6,cntvaluein3-skew-locked-seed6,False,True,2,0,none,signed_dqs_minus_dq_median__idelay_cntvaluein_skew__lane0__dqs0__ctrl_4__dqs_vs_dq_lane__value_ps,signed_dqs_minus_dq_median,idelay_cntvaluein_skew,lane0,dqs0,4,dqs_vs_dq_lane,-796,742.5,1538.5,796,742.5,-53.5,negative,positive,True,True,False
6,fail_to_pass,baseline-no-lock-seed-6,cntvaluein3-skew-locked-seed6,False,True,2,0,none,signed_dqs_minus_dq_median__idelay_cntvaluein_skew__lane1__dqs1__ctrl_0__dqs_vs_dq_lane__value_ps,signed_dqs_minus_dq_median,idelay_cntvaluein_skew,lane1,dqs1,0,dqs_vs_dq_lane,894.5,326,-568.5,894.5,326,-568.5,positive,positive,False,True,False
6,fail_to_pass,baseline-no-lock-seed-6,cntvaluein3-skew-locked-seed6,False,True,2,0,none,signed_dqs_minus_dq_median__idelay_cntvaluein_skew__lane1__dqs1__ctrl_1__dqs_vs_dq_lane__value_ps,signed_dqs_minus_dq_median,idelay_cntvaluein_skew,lane1,dqs1,1,dqs_vs_dq_lane,488.5,715,226.5,488.5,715,226.5,positive,positive,False,False,True
6,fail_to_pass,baseline-no-lock-seed-6,cntvaluein3-skew-locked-seed6,False,True,2,0,none,signed_dqs_minus_dq_median__idelay_cntvaluein_skew__lane1__dqs1__ctrl_2__dqs_vs_dq_lane__value_ps,signed_dqs_minus_dq_median,idelay_cntvaluein_skew,lane1,dqs1,2,dqs_vs_dq_lane,-455.5,827.5,1283,455.5,827.5,372,negative,positive,True,False,True
6,fail_to_pass,baseline-no-lock-seed-6,cntvaluein3-skew-locked-seed6,False,True,2,0,none,signed_dqs_minus_dq_median__idelay_cntvaluein_skew__lane1__dqs1__ctrl_3__dqs_vs_dq_lane__value_ps,signed_dqs_minus_dq_median,idelay_cntvaluein_skew,lane1,dqs1,3,dqs_vs_dq_lane,-183.5,-443,-259.5,183.5,443,259.5,negative,negative,False,False,True
6,fail_to_pass,baseline-no-lock-seed-6,cntvaluein3-skew-locked-seed6,False,True,2,0,none,signed_dqs_minus_dq_median__idelay_cntvaluein_skew__lane1__dqs1__ctrl_4__dqs_vs_dq_lane__value_ps,signed_dqs_minus_dq_median,idelay_cntvaluein_skew,lane1,dqs1,4,dqs_vs_dq_lane,-364.5,714,1078.5,364.5,714,349.5,negative,positive,True,False,True
6,fail_to_pass,baseline-no-lock-seed-6,cntvaluein3-skew-locked-seed6,False,True,2,0,none,signed_lane1_minus_lane0_dq_median__idelay_cntvaluein_skew__all__no_bit__ctrl_0__lane1_vs_lane0_dq__value_ps,signed_lane1_minus_lane0_dq_median,idelay_cntvaluein_skew,all,,0,lane1_vs_lane0_dq,-256.5,-524,-267.5,256.5,524,267.5,negative,negative,False,False,True
6,fail_to_pass,baseline-no-lock-seed-6,cntvaluein3-skew-locked-seed6,False,True,2,0,none,signed_lane1_minus_lane0_dq_median__idelay_cntvaluein_skew__all__no_bit__ctrl_1__lane1_vs_lane0_dq__value_ps,signed_lane1_minus_lane0_dq_median,idelay_cntvaluein_skew,all,,1,lane1_vs_lane0_dq,-247.5,-498,-250.5,247.5,498,250.5,negative,negative,False,False,True
6,fail_to_pass,baseline-no-lock-seed-6,cntvaluein3-skew-locked-seed6,False,True,2,0,none,signed_lane1_minus_lane0_dq_median__idelay_cntvaluein_skew__all__no_bit__ctrl_2__lane1_vs_lane0_dq__value_ps,signed_lane1_minus_lane0_dq_median,idelay_cntvaluein_skew,all,,2,lane1_vs_lane0_dq,-367.5,-581.5,-214,367.5,581.5,214,negative,negative,False,False,True
6,fail_to_pass,baseline-no-lock-seed-6,cntvaluein3-skew-locked-seed6,False,True,2,0,none,signed_lane1_minus_lane0_dq_median__idelay_cntvaluein_skew__all__no_bit__ctrl_3__lane1_vs_lane0_dq__value_ps,signed_lane1_minus_lane0_dq_median,idelay_cntvaluein_skew,all,,3,lane1_vs_lane0_dq,-461,-25.5,435.5,461,25.5,-435.5,negative,negative,False,True,False
6,fail_to_pass,baseline-no-lock-seed-6,cntvaluein3-skew-locked-seed6,False,True,2,0,none,signed_lane1_minus_lane0_dq_median__idelay_cntvaluein_skew__all__no_bit__ctrl_4__lane1_vs_lane0_dq__value_ps,signed_lane1_minus_lane0_dq_median,idelay_cntvaluein_skew,all,,4,lane1_vs_lane0_dq,-328.5,-403.5,-75,328.5,403.5,75,negative,negative,False,False,True
6,fail_to_pass,baseline-no-lock-seed-6,cntvaluein3-skew-locked-seed6,False,True,2,0,none,signed_lane1_minus_lane0_dqs__idelay_cntvaluein_skew__all__no_bit__ctrl_0__lane1_vs_lane0_dqs__value_ps,signed_lane1_minus_lane0_dqs,idelay_cntvaluein_skew,all,,0,lane1_vs_lane0_dqs,-266,-297,-31,266,297,31,negative,negative,False,False,True
6,fail_to_pass,baseline-no-lock-seed-6,cntvaluein3-skew-locked-seed6,False,True,2,0,none,signed_lane1_minus_lane0_dqs__idelay_cntvaluein_skew__all__no_bit__ctrl_1__lane1_vs_lane0_dqs__value_ps,signed_lane1_minus_lane0_dqs,idelay_cntvaluein_skew,all,,1,lane1_vs_lane0_dqs,-179,-523,-344,179,523,344,negative,negative,False,False,True
6,fail_to_pass,baseline-no-lock-seed-6,cntvaluein3-skew-locked-seed6,False,True,2,0,none,signed_lane1_minus_lane0_dqs__idelay_cntvaluein_skew__all__no_bit__ctrl_2__lane1_vs_lane0_dqs__value_ps,signed_lane1_minus_lane0_dqs,idelay_cntvaluein_skew,all,,2,lane1_vs_lane0_dqs,15,-205,-220,15,205,190,positive,negative,True,False,True
6,fail_to_pass,baseline-no-lock-seed-6,cntvaluein3-skew-locked-seed6,False,True,2,0,none,signed_lane1_minus_lane0_dqs__idelay_cntvaluein_skew__all__no_bit__ctrl_3__lane1_vs_lane0_dqs__value_ps,signed_lane1_minus_lane0_dqs,idelay_cntvaluein_skew,all,,3,lane1_vs_lane0_dqs,-276,-257,19,276,257,-19,negative,negative,False,True,False
6,fail_to_pass,baseline-no-lock-seed-6,cntvaluein3-skew-locked-seed6,False,True,2,0,none,signed_lane1_minus_lane0_dqs__idelay_cntvaluein_skew__all__no_bit__ctrl_4__lane1_vs_lane0_dqs__value_ps,signed_lane1_minus_lane0_dqs,idelay_cntvaluein_skew,all,,4,lane1_vs_lane0_dqs,103,-432,-535,103,432,329,positive,negative,True,False,True
6,fail_to_pass,baseline-no-lock-seed-6,cntvaluein3-skew-locked-seed6,False,True,2,0,none,signed_ld_dqs_minus_dq_median__idelay_ld_skew__lane0__dqs0__ctrl_none__dqs_vs_dq_lane__value_ps,signed_ld_dqs_minus_dq_median,idelay_ld_skew,lane0,dqs0,,dqs_vs_dq_lane,106.5,-107,-213.5,106.5,107,0.5,positive,negative,True,False,True
6,fail_to_pass,baseline-no-lock-seed-6,cntvaluein3-skew-locked-seed6,False,True,2,0,none,signed_ld_dqs_minus_dq_median__idelay_ld_skew__lane1__dqs1__ctrl_none__dqs_vs_dq_lane__value_ps,signed_ld_dqs_minus_dq_median,idelay_ld_skew,lane1,dqs1,,dqs_vs_dq_lane,123,-105,-228,123,105,-18,positive,negative,True,True,False
6,fail_to_pass,baseline-no-lock-seed-6,cntvaluein3-skew-locked-seed6,False,True,2,0,none,signed_ld_minus_cntvaluein_dq_median__idelay_ld_cntvaluein_skew__lane0__no_bit__ctrl_0__ld_vs_cntvaluein_dq_lane__value_ps,signed_ld_minus_cntvaluein_dq_median,idelay_ld_cntvaluein_skew,lane0,,0,ld_vs_cntvaluein_dq_lane,-211.5,180,391.5,211.5,180,-31.5,negative,positive,True,True,False
6,fail_to_pass,baseline-no-lock-seed-6,cntvaluein3-skew-locked-seed6,False,True,2,0,none,signed_ld_minus_cntvaluein_dq_median__idelay_ld_cntvaluein_skew__lane0__no_bit__ctrl_1__ld_vs_cntvaluein_dq_lane__value_ps,signed_ld_minus_cntvaluein_dq_median,idelay_ld_cntvaluein_skew,lane0,,1,ld_vs_cntvaluein_dq_lane,-49.5,286,335.5,49.5,286,236.5,negative,positive,True,False,True
6,fail_to_pass,baseline-no-lock-seed-6,cntvaluein3-skew-locked-seed6,False,True,2,0,none,signed_ld_minus_cntvaluein_dq_median__idelay_ld_cntvaluein_skew__lane0__no_bit__ctrl_2__ld_vs_cntvaluein_dq_lane__value_ps,signed_ld_minus_cntvaluein_dq_median,idelay_ld_cntvaluein_skew,lane0,,2,ld_vs_cntvaluein_dq_lane,-702.5,318,1020.5,702.5,318,-384.5,negative,positive,True,True,False
6,fail_to_pass,baseline-no-lock-seed-6,cntvaluein3-skew-locked-seed6,False,True,2,0,none,signed_ld_minus_cntvaluein_dq_median__idelay_ld_cntvaluein_skew__lane0__no_bit__ctrl_3__ld_vs_cntvaluein_dq_lane__value_ps,signed_ld_minus_cntvaluein_dq_median,idelay_ld_cntvaluein_skew,lane0,,3,ld_vs_cntvaluein_dq_lane,-879,-443.5,435.5,879,443.5,-435.5,negative,negative,False,True,False
6,fail_to_pass,baseline-no-lock-seed-6,cntvaluein3-skew-locked-seed6,False,True,2,0,none,signed_ld_minus_cntvaluein_dq_median__idelay_ld_cntvaluein_skew__lane0__no_bit__ctrl_4__ld_vs_cntvaluein_dq_lane__value_ps,signed_ld_minus_cntvaluein_dq_median,idelay_ld_cntvaluein_skew,lane0,,4,ld_vs_cntvaluein_dq_lane,-588.5,308.5,897,588.5,308.5,-280,negative,positive,True,True,False
6,fail_to_pass,baseline-no-lock-seed-6,cntvaluein3-skew-locked-seed6,False,True,2,0,none,signed_ld_minus_cntvaluein_dq_median__idelay_ld_cntvaluein_skew__lane1__no_bit__ctrl_0__ld_vs_cntvaluein_dq_lane__value_ps,signed_ld_minus_cntvaluein_dq_median,idelay_ld_cntvaluein_skew,lane1,,0,ld_vs_cntvaluein_dq_lane,362.5,279,-83.5,362.5,279,-83.5,positive,positive,False,True,False
6,fail_to_pass,baseline-no-lock-seed-6,cntvaluein3-skew-locked-seed6,False,True,2,0,none,signed_ld_minus_cntvaluein_dq_median__idelay_ld_cntvaluein_skew__lane1__no_bit__ctrl_1__ld_vs_cntvaluein_dq_lane__value_ps,signed_ld_minus_cntvaluein_dq_median,idelay_ld_cntvaluein_skew,lane1,,1,ld_vs_cntvaluein_dq_lane,515.5,359,-156.5,515.5,359,-156.5,positive,positive,False,True,False
6,fail_to_pass,baseline-no-lock-seed-6,cntvaluein3-skew-locked-seed6,False,True,2,0,none,signed_ld_minus_cntvaluein_dq_median__idelay_ld_cntvaluein_skew__lane1__no_bit__ctrl_2__ld_vs_cntvaluein_dq_lane__value_ps,signed_ld_minus_cntvaluein_dq_median,idelay_ld_cntvaluein_skew,lane1,,2,ld_vs_cntvaluein_dq_lane,-17.5,474.5,492,17.5,474.5,457,negative,positive,True,False,True
6,fail_to_pass,baseline-no-lock-seed-6,cntvaluein3-skew-locked-seed6,False,True,2,0,none,signed_ld_minus_cntvaluein_dq_median__idelay_ld_cntvaluein_skew__lane1__no_bit__ctrl_3__ld_vs_cntvaluein_dq_lane__value_ps,signed_ld_minus_cntvaluein_dq_median,idelay_ld_cntvaluein_skew,lane1,,3,ld_vs_cntvaluein_dq_lane,-100.5,-843,-742.5,100.5,843,742.5,negative,negative,False,False,True
6,fail_to_pass,baseline-no-lock-seed-6,cntvaluein3-skew-locked-seed6,False,True,2,0,none,signed_ld_minus_cntvaluein_dq_median__idelay_ld_cntvaluein_skew__lane1__no_bit__ctrl_4__ld_vs_cntvaluein_dq_lane__value_ps,signed_ld_minus_cntvaluein_dq_median,idelay_ld_cntvaluein_skew,lane1,,4,ld_vs_cntvaluein_dq_lane,57.5,287,229.5,57.5,287,229.5,positive,positive,False,False,True
6,fail_to_pass,baseline-no-lock-seed-6,cntvaluein3-skew-locked-seed6,False,True,2,0,none,signed_ld_minus_cntvaluein_dqs__idelay_ld_cntvaluein_skew__lane0__dqs0__ctrl_0__ld_vs_cntvaluein_dqs__value_ps,signed_ld_minus_cntvaluein_dqs,idelay_ld_cntvaluein_skew,lane0,dqs0,0,ld_vs_cntvaluein_dqs,-1009,-26,983,1009,26,-983,negative,negative,False,True,False
6,fail_to_pass,baseline-no-lock-seed-6,cntvaluein3-skew-locked-seed6,False,True,2,0,none,signed_ld_minus_cntvaluein_dqs__idelay_ld_cntvaluein_skew__lane0__dqs0__ctrl_1__ld_vs_cntvaluein_dqs__value_ps,signed_ld_minus_cntvaluein_dqs,idelay_ld_cntvaluein_skew,lane0,dqs0,1,ld_vs_cntvaluein_dqs,-363,-561,-198,363,561,198,negative,negative,False,False,True
6,fail_to_pass,baseline-no-lock-seed-6,cntvaluein3-skew-locked-seed6,False,True,2,0,none,signed_ld_minus_cntvaluein_dqs__idelay_ld_cntvaluein_skew__lane0__dqs0__ctrl_2__ld_vs_cntvaluein_dqs__value_ps,signed_ld_minus_cntvaluein_dqs,idelay_ld_cntvaluein_skew,lane0,dqs0,2,ld_vs_cntvaluein_dqs,242,-240,-482,242,240,-2,positive,negative,True,True,False
6,fail_to_pass,baseline-no-lock-seed-6,cntvaluein3-skew-locked-seed6,False,True,2,0,none,signed_ld_minus_cntvaluein_dqs__idelay_ld_cntvaluein_skew__lane0__dqs0__ctrl_3__ld_vs_cntvaluein_dqs__value_ps,signed_ld_minus_cntvaluein_dqs,idelay_ld_cntvaluein_skew,lane0,dqs0,3,ld_vs_cntvaluein_dqs,-404,-339,65,404,339,-65,negative,negative,False,True,False
6,fail_to_pass,baseline-no-lock-seed-6,cntvaluein3-skew-locked-seed6,False,True,2,0,none,signed_ld_minus_cntvaluein_dqs__idelay_ld_cntvaluein_skew__lane0__dqs0__ctrl_4__ld_vs_cntvaluein_dqs__value_ps,signed_ld_minus_cntvaluein_dqs,idelay_ld_cntvaluein_skew,lane0,dqs0,4,ld_vs_cntvaluein_dqs,314,-541,-855,314,541,227,positive,negative,True,False,True
6,fail_to_pass,baseline-no-lock-seed-6,cntvaluein3-skew-locked-seed6,False,True,2,0,none,signed_ld_minus_cntvaluein_dqs__idelay_ld_cntvaluein_skew__lane1__dqs1__ctrl_0__ld_vs_cntvaluein_dqs__value_ps,signed_ld_minus_cntvaluein_dqs,idelay_ld_cntvaluein_skew,lane1,dqs1,0,ld_vs_cntvaluein_dqs,-409,-152,257,409,152,-257,negative,negative,False,True,False
6,fail_to_pass,baseline-no-lock-seed-6,cntvaluein3-skew-locked-seed6,False,True,2,0,none,signed_ld_minus_cntvaluein_dqs__idelay_ld_cntvaluein_skew__lane1__dqs1__ctrl_1__ld_vs_cntvaluein_dqs__value_ps,signed_ld_minus_cntvaluein_dqs,idelay_ld_cntvaluein_skew,lane1,dqs1,1,ld_vs_cntvaluein_dqs,150,-461,-611,150,461,311,positive,negative,True,False,True
6,fail_to_pass,baseline-no-lock-seed-6,cntvaluein3-skew-locked-seed6,False,True,2,0,none,signed_ld_minus_cntvaluein_dqs__idelay_ld_cntvaluein_skew__lane1__dqs1__ctrl_2__ld_vs_cntvaluein_dqs__value_ps,signed_ld_minus_cntvaluein_dqs,idelay_ld_cntvaluein_skew,lane1,dqs1,2,ld_vs_cntvaluein_dqs,561,-458,-1019,561,458,-103,positive,negative,True,True,False
6,fail_to_pass,baseline-no-lock-seed-6,cntvaluein3-skew-locked-seed6,False,True,2,0,none,signed_ld_minus_cntvaluein_dqs__idelay_ld_cntvaluein_skew__lane1__dqs1__ctrl_3__ld_vs_cntvaluein_dqs__value_ps,signed_ld_minus_cntvaluein_dqs,idelay_ld_cntvaluein_skew,lane1,dqs1,3,ld_vs_cntvaluein_dqs,206,-505,-711,206,505,299,positive,negative,True,False,True
6,fail_to_pass,baseline-no-lock-seed-6,cntvaluein3-skew-locked-seed6,False,True,2,0,none,signed_ld_minus_cntvaluein_dqs__idelay_ld_cntvaluein_skew__lane1__dqs1__ctrl_4__ld_vs_cntvaluein_dqs__value_ps,signed_ld_minus_cntvaluein_dqs,idelay_ld_cntvaluein_skew,lane1,dqs1,4,ld_vs_cntvaluein_dqs,545,-532,-1077,545,532,-13,positive,negative,True,True,False
11,fail_to_pass,baseline-no-lock-seed-11,cntvaluein3-skew-locked-seed11,False,True,2,0,none,signed_dqs_bus_skew_minus_dq_median__idelay_cntvaluein_skew__lane0__dqs0__ctrl_none__dqs_vs_dq_bus_skew__value_ps,signed_dqs_bus_skew_minus_dq_median,idelay_cntvaluein_skew,lane0,dqs0,,dqs_vs_dq_bus_skew,320,-38.5,-358.5,320,38.5,-281.5,positive,negative,True,True,False
11,fail_to_pass,baseline-no-lock-seed-11,cntvaluein3-skew-locked-seed11,False,True,2,0,none,signed_dqs_bus_skew_minus_dq_median__idelay_cntvaluein_skew__lane1__dqs1__ctrl_none__dqs_vs_dq_bus_skew__value_ps,signed_dqs_bus_skew_minus_dq_median,idelay_cntvaluein_skew,lane1,dqs1,,dqs_vs_dq_bus_skew,152,-79,-231,152,79,-73,positive,negative,True,True,False
11,fail_to_pass,baseline-no-lock-seed-11,cntvaluein3-skew-locked-seed11,False,True,2,0,none,signed_dqs_minus_dq_bit__idelay_cntvaluein_skew__lane0__dq0__ctrl_0__dqs_vs_dq_bit__value_ps,signed_dqs_minus_dq_bit,idelay_cntvaluein_skew,lane0,dq0,0,dqs_vs_dq_bit,-120,92,212,120,92,-28,negative,positive,True,True,False
11,fail_to_pass,baseline-no-lock-seed-11,cntvaluein3-skew-locked-seed11,False,True,2,0,none,signed_dqs_minus_dq_bit__idelay_cntvaluein_skew__lane0__dq0__ctrl_1__dqs_vs_dq_bit__value_ps,signed_dqs_minus_dq_bit,idelay_cntvaluein_skew,lane0,dq0,1,dqs_vs_dq_bit,-36,625,661,36,625,589,negative,positive,True,False,True
11,fail_to_pass,baseline-no-lock-seed-11,cntvaluein3-skew-locked-seed11,False,True,2,0,none,signed_dqs_minus_dq_bit__idelay_cntvaluein_skew__lane0__dq0__ctrl_2__dqs_vs_dq_bit__value_ps,signed_dqs_minus_dq_bit,idelay_cntvaluein_skew,lane0,dq0,2,dqs_vs_dq_bit,67,824,757,67,824,757,positive,positive,False,False,True
11,fail_to_pass,baseline-no-lock-seed-11,cntvaluein3-skew-locked-seed11,False,True,2,0,none,signed_dqs_minus_dq_bit__idelay_cntvaluein_skew__lane0__dq0__ctrl_3__dqs_vs_dq_bit__value_ps,signed_dqs_minus_dq_bit,idelay_cntvaluein_skew,lane0,dq0,3,dqs_vs_dq_bit,289,379,90,289,379,90,positive,positive,False,False,True
11,fail_to_pass,baseline-no-lock-seed-11,cntvaluein3-skew-locked-seed11,False,True,2,0,none,signed_dqs_minus_dq_bit__idelay_cntvaluein_skew__lane0__dq0__ctrl_4__dqs_vs_dq_bit__value_ps,signed_dqs_minus_dq_bit,idelay_cntvaluein_skew,lane0,dq0,4,dqs_vs_dq_bit,513,511,-2,513,511,-2,positive,positive,False,True,False
11,fail_to_pass,baseline-no-lock-seed-11,cntvaluein3-skew-locked-seed11,False,True,2,0,none,signed_dqs_minus_dq_bit__idelay_cntvaluein_skew__lane0__dq1__ctrl_0__dqs_vs_dq_bit__value_ps,signed_dqs_minus_dq_bit,idelay_cntvaluein_skew,lane0,dq1,0,dqs_vs_dq_bit,-33,173,206,33,173,140,negative,positive,True,False,True
11,fail_to_pass,baseline-no-lock-seed-11,cntvaluein3-skew-locked-seed11,False,True,2,0,none,signed_dqs_minus_dq_bit__idelay_cntvaluein_skew__lane0__dq1__ctrl_1__dqs_vs_dq_bit__value_ps,signed_dqs_minus_dq_bit,idelay_cntvaluein_skew,lane0,dq1,1,dqs_vs_dq_bit,46,706,660,46,706,660,positive,positive,False,False,True
11,fail_to_pass,baseline-no-lock-seed-11,cntvaluein3-skew-locked-seed11,False,True,2,0,none,signed_dqs_minus_dq_bit__idelay_cntvaluein_skew__lane0__dq1__ctrl_2__dqs_vs_dq_bit__value_ps,signed_dqs_minus_dq_bit,idelay_cntvaluein_skew,lane0,dq1,2,dqs_vs_dq_bit,154,740,586,154,740,586,positive,positive,False,False,True
11,fail_to_pass,baseline-no-lock-seed-11,cntvaluein3-skew-locked-seed11,False,True,2,0,none,signed_dqs_minus_dq_bit__idelay_cntvaluein_skew__lane0__dq1__ctrl_3__dqs_vs_dq_bit__value_ps,signed_dqs_minus_dq_bit,idelay_cntvaluein_skew,lane0,dq1,3,dqs_vs_dq_bit,197,287,90,197,287,90,positive,positive,False,False,True
11,fail_to_pass,baseline-no-lock-seed-11,cntvaluein3-skew-locked-seed11,False,True,2,0,none,signed_dqs_minus_dq_bit__idelay_cntvaluein_skew__lane0__dq1__ctrl_4__dqs_vs_dq_bit__value_ps,signed_dqs_minus_dq_bit,idelay_cntvaluein_skew,lane0,dq1,4,dqs_vs_dq_bit,427,424,-3,427,424,-3,positive,positive,False,True,False
11,fail_to_pass,baseline-no-lock-seed-11,cntvaluein3-skew-locked-seed11,False,True,2,0,none,signed_dqs_minus_dq_bit__idelay_cntvaluein_skew__lane0__dq2__ctrl_0__dqs_vs_dq_bit__value_ps,signed_dqs_minus_dq_bit,idelay_cntvaluein_skew,lane0,dq2,0,dqs_vs_dq_bit,-95,265,360,95,265,170,negative,positive,True,False,True
11,fail_to_pass,baseline-no-lock-seed-11,cntvaluein3-skew-locked-seed11,False,True,2,0,none,signed_dqs_minus_dq_bit__idelay_cntvaluein_skew__lane0__dq2__ctrl_1__dqs_vs_dq_bit__value_ps,signed_dqs_minus_dq_bit,idelay_cntvaluein_skew,lane0,dq2,1,dqs_vs_dq_bit,-49,612,661,49,612,563,negative,positive,True,False,True
11,fail_to_pass,baseline-no-lock-seed-11,cntvaluein3-skew-locked-seed11,False,True,2,0,none,signed_dqs_minus_dq_bit__idelay_cntvaluein_skew__lane0__dq2__ctrl_2__dqs_vs_dq_bit__value_ps,signed_dqs_minus_dq_bit,idelay_cntvaluein_skew,lane0,dq2,2,dqs_vs_dq_bit,69,832,763,69,832,763,positive,positive,False,False,True
11,fail_to_pass,baseline-no-lock-seed-11,cntvaluein3-skew-locked-seed11,False,True,2,0,none,signed_dqs_minus_dq_bit__idelay_cntvaluein_skew__lane0__dq2__ctrl_3__dqs_vs_dq_bit__value_ps,signed_dqs_minus_dq_bit,idelay_cntvaluein_skew,lane0,dq2,3,dqs_vs_dq_bit,105,200,95,105,200,95,positive,positive,False,False,True
11,fail_to_pass,baseline-no-lock-seed-11,cntvaluein3-skew-locked-seed11,False,True,2,0,none,signed_dqs_minus_dq_bit__idelay_cntvaluein_skew__lane0__dq2__ctrl_4__dqs_vs_dq_bit__value_ps,signed_dqs_minus_dq_bit,idelay_cntvaluein_skew,lane0,dq2,4,dqs_vs_dq_bit,465,483,18,465,483,18,positive,positive,False,False,True
11,fail_to_pass,baseline-no-lock-seed-11,cntvaluein3-skew-locked-seed11,False,True,2,0,none,signed_dqs_minus_dq_bit__idelay_cntvaluein_skew__lane0__dq3__ctrl_0__dqs_vs_dq_bit__value_ps,signed_dqs_minus_dq_bit,idelay_cntvaluein_skew,lane0,dq3,0,dqs_vs_dq_bit,-31,-11,20,31,11,-20,negative,negative,False,True,False
11,fail_to_pass,baseline-no-lock-seed-11,cntvaluein3-skew-locked-seed11,False,True,2,0,none,signed_dqs_minus_dq_bit__idelay_cntvaluein_skew__lane0__dq3__ctrl_1__dqs_vs_dq_bit__value_ps,signed_dqs_minus_dq_bit,idelay_cntvaluein_skew,lane0,dq3,1,dqs_vs_dq_bit,25,566,541,25,566,541,positive,positive,False,False,True
11,fail_to_pass,baseline-no-lock-seed-11,cntvaluein3-skew-locked-seed11,False,True,2,0,none,signed_dqs_minus_dq_bit__idelay_cntvaluein_skew__lane0__dq3__ctrl_2__dqs_vs_dq_bit__value_ps,signed_dqs_minus_dq_bit,idelay_cntvaluein_skew,lane0,dq3,2,dqs_vs_dq_bit,240,1053,813,240,1053,813,positive,positive,False,False,True
11,fail_to_pass,baseline-no-lock-seed-11,cntvaluein3-skew-locked-seed11,False,True,2,0,none,signed_dqs_minus_dq_bit__idelay_cntvaluein_skew__lane0__dq3__ctrl_3__dqs_vs_dq_bit__value_ps,signed_dqs_minus_dq_bit,idelay_cntvaluein_skew,lane0,dq3,3,dqs_vs_dq_bit,365,394,29,365,394,29,positive,positive,False,False,True
11,fail_to_pass,baseline-no-lock-seed-11,cntvaluein3-skew-locked-seed11,False,True,2,0,none,signed_dqs_minus_dq_bit__idelay_cntvaluein_skew__lane0__dq3__ctrl_4__dqs_vs_dq_bit__value_ps,signed_dqs_minus_dq_bit,idelay_cntvaluein_skew,lane0,dq3,4,dqs_vs_dq_bit,335,704,369,335,704,369,positive,positive,False,False,True
11,fail_to_pass,baseline-no-lock-seed-11,cntvaluein3-skew-locked-seed11,False,True,2,0,none,signed_dqs_minus_dq_bit__idelay_cntvaluein_skew__lane0__dq4__ctrl_0__dqs_vs_dq_bit__value_ps,signed_dqs_minus_dq_bit,idelay_cntvaluein_skew,lane0,dq4,0,dqs_vs_dq_bit,-95,178,273,95,178,83,negative,positive,True,False,True
11,fail_to_pass,baseline-no-lock-seed-11,cntvaluein3-skew-locked-seed11,False,True,2,0,none,signed_dqs_minus_dq_bit__idelay_cntvaluein_skew__lane0__dq4__ctrl_1__dqs_vs_dq_bit__value_ps,signed_dqs_minus_dq_bit,idelay_cntvaluein_skew,lane0,dq4,1,dqs_vs_dq_bit,-39,531,570,39,531,492,negative,positive,True,False,True
11,fail_to_pass,baseline-no-lock-seed-11,cntvaluein3-skew-locked-seed11,False,True,2,0,none,signed_dqs_minus_dq_bit__idelay_cntvaluein_skew__lane0__dq4__ctrl_2__dqs_vs_dq_bit__value_ps,signed_dqs_minus_dq_bit,idelay_cntvaluein_skew,lane0,dq4,2,dqs_vs_dq_bit,13,656,643,13,656,643,positive,positive,False,False,True
11,fail_to_pass,baseline-no-lock-seed-11,cntvaluein3-skew-locked-seed11,False,True,2,0,none,signed_dqs_minus_dq_bit__idelay_cntvaluein_skew__lane0__dq4__ctrl_3__dqs_vs_dq_bit__value_ps,signed_dqs_minus_dq_bit,idelay_cntvaluein_skew,lane0,dq4,3,dqs_vs_dq_bit,107,285,178,107,285,178,positive,positive,False,False,True
11,fail_to_pass,baseline-no-lock-seed-11,cntvaluein3-skew-locked-seed11,False,True,2,0,none,signed_dqs_minus_dq_bit__idelay_cntvaluein_skew__lane0__dq4__ctrl_4__dqs_vs_dq_bit__value_ps,signed_dqs_minus_dq_bit,idelay_cntvaluein_skew,lane0,dq4,4,dqs_vs_dq_bit,376,335,-41,376,335,-41,positive,positive,False,True,False
11,fail_to_pass,baseline-no-lock-seed-11,cntvaluein3-skew-locked-seed11,False,True,2,0,none,signed_dqs_minus_dq_bit__idelay_cntvaluein_skew__lane0__dq5__ctrl_0__dqs_vs_dq_bit__value_ps,signed_dqs_minus_dq_bit,idelay_cntvaluein_skew,lane0,dq5,0,dqs_vs_dq_bit,-31,41,72,31,41,10,negative,positive,True,False,True
11,fail_to_pass,baseline-no-lock-seed-11,cntvaluein3-skew-locked-seed11,False,True,2,0,none,signed_dqs_minus_dq_bit__idelay_cntvaluein_skew__lane0__dq5__ctrl_1__dqs_vs_dq_bit__value_ps,signed_dqs_minus_dq_bit,idelay_cntvaluein_skew,lane0,dq5,1,dqs_vs_dq_bit,-56,480,536,56,480,424,negative,positive,True,False,True
11,fail_to_pass,baseline-no-lock-seed-11,cntvaluein3-skew-locked-seed11,False,True,2,0,none,signed_dqs_minus_dq_bit__idelay_cntvaluein_skew__lane0__dq5__ctrl_2__dqs_vs_dq_bit__value_ps,signed_dqs_minus_dq_bit,idelay_cntvaluein_skew,lane0,dq5,2,dqs_vs_dq_bit,251,969,718,251,969,718,positive,positive,False,False,True
11,fail_to_pass,baseline-no-lock-seed-11,cntvaluein3-skew-locked-seed11,False,True,2,0,none,signed_dqs_minus_dq_bit__idelay_cntvaluein_skew__lane0__dq5__ctrl_3__dqs_vs_dq_bit__value_ps,signed_dqs_minus_dq_bit,idelay_cntvaluein_skew,lane0,dq5,3,dqs_vs_dq_bit,281,310,29,281,310,29,positive,positive,False,False,True
11,fail_to_pass,baseline-no-lock-seed-11,cntvaluein3-skew-locked-seed11,False,True,2,0,none,signed_dqs_minus_dq_bit__idelay_cntvaluein_skew__lane0__dq5__ctrl_4__dqs_vs_dq_bit__value_ps,signed_dqs_minus_dq_bit,idelay_cntvaluein_skew,lane0,dq5,4,dqs_vs_dq_bit,246,615,369,246,615,369,positive,positive,False,False,True
11,fail_to_pass,baseline-no-lock-seed-11,cntvaluein3-skew-locked-seed11,False,True,2,0,none,signed_dqs_minus_dq_bit__idelay_cntvaluein_skew__lane0__dq6__ctrl_0__dqs_vs_dq_bit__value_ps,signed_dqs_minus_dq_bit,idelay_cntvaluein_skew,lane0,dq6,0,dqs_vs_dq_bit,-212,89,301,212,89,-123,negative,positive,True,True,False
11,fail_to_pass,baseline-no-lock-seed-11,cntvaluein3-skew-locked-seed11,False,True,2,0,none,signed_dqs_minus_dq_bit__idelay_cntvaluein_skew__lane0__dq6__ctrl_1__dqs_vs_dq_bit__value_ps,signed_dqs_minus_dq_bit,idelay_cntvaluein_skew,lane0,dq6,1,dqs_vs_dq_bit,35,520,485,35,520,485,positive,positive,False,False,True
11,fail_to_pass,baseline-no-lock-seed-11,cntvaluein3-skew-locked-seed11,False,True,2,0,none,signed_dqs_minus_dq_bit__idelay_cntvaluein_skew__lane0__dq6__ctrl_2__dqs_vs_dq_bit__value_ps,signed_dqs_minus_dq_bit,idelay_cntvaluein_skew,lane0,dq6,2,dqs_vs_dq_bit,-25,880,905,25,880,855,negative,positive,True,False,True
11,fail_to_pass,baseline-no-lock-seed-11,cntvaluein3-skew-locked-seed11,False,True,2,0,none,signed_dqs_minus_dq_bit__idelay_cntvaluein_skew__lane0__dq6__ctrl_3__dqs_vs_dq_bit__value_ps,signed_dqs_minus_dq_bit,idelay_cntvaluein_skew,lane0,dq6,3,dqs_vs_dq_bit,11,108,97,11,108,97,positive,positive,False,False,True
11,fail_to_pass,baseline-no-lock-seed-11,cntvaluein3-skew-locked-seed11,False,True,2,0,none,signed_dqs_minus_dq_bit__idelay_cntvaluein_skew__lane0__dq6__ctrl_4__dqs_vs_dq_bit__value_ps,signed_dqs_minus_dq_bit,idelay_cntvaluein_skew,lane0,dq6,4,dqs_vs_dq_bit,460,388,-72,460,388,-72,positive,positive,False,True,False
11,fail_to_pass,baseline-no-lock-seed-11,cntvaluein3-skew-locked-seed11,False,True,2,0,none,signed_dqs_minus_dq_bit__idelay_cntvaluein_skew__lane0__dq7__ctrl_0__dqs_vs_dq_bit__value_ps,signed_dqs_minus_dq_bit,idelay_cntvaluein_skew,lane0,dq7,0,dqs_vs_dq_bit,-205,2,207,205,2,-203,negative,positive,True,True,False
11,fail_to_pass,baseline-no-lock-seed-11,cntvaluein3-skew-locked-seed11,False,True,2,0,none,signed_dqs_minus_dq_bit__idelay_cntvaluein_skew__lane0__dq7__ctrl_1__dqs_vs_dq_bit__value_ps,signed_dqs_minus_dq_bit,idelay_cntvaluein_skew,lane0,dq7,1,dqs_vs_dq_bit,-133,522,655,133,522,389,negative,positive,True,False,True
11,fail_to_pass,baseline-no-lock-seed-11,cntvaluein3-skew-locked-seed11,False,True,2,0,none,signed_dqs_minus_dq_bit__idelay_cntvaluein_skew__lane0__dq7__ctrl_2__dqs_vs_dq_bit__value_ps,signed_dqs_minus_dq_bit,idelay_cntvaluein_skew,lane0,dq7,2,dqs_vs_dq_bit,-23,748,771,23,748,725,negative,positive,True,False,True
11,fail_to_pass,baseline-no-lock-seed-11,cntvaluein3-skew-locked-seed11,False,True,2,0,none,signed_dqs_minus_dq_bit__idelay_cntvaluein_skew__lane0__dq7__ctrl_3__dqs_vs_dq_bit__value_ps,signed_dqs_minus_dq_bit,idelay_cntvaluein_skew,lane0,dq7,3,dqs_vs_dq_bit,13,193,180,13,193,180,positive,positive,False,False,True
11,fail_to_pass,baseline-no-lock-seed-11,cntvaluein3-skew-locked-seed11,False,True,2,0,none,signed_dqs_minus_dq_bit__idelay_cntvaluein_skew__lane0__dq7__ctrl_4__dqs_vs_dq_bit__value_ps,signed_dqs_minus_dq_bit,idelay_cntvaluein_skew,lane0,dq7,4,dqs_vs_dq_bit,373,396,23,373,396,23,positive,positive,False,False,True
11,fail_to_pass,baseline-no-lock-seed-11,cntvaluein3-skew-locked-seed11,False,True,2,0,none,signed_dqs_minus_dq_bit__idelay_cntvaluein_skew__lane1__dq10__ctrl_0__dqs_vs_dq_bit__value_ps,signed_dqs_minus_dq_bit,idelay_cntvaluein_skew,lane1,dq10,0,dqs_vs_dq_bit,-146,-296,-150,146,296,150,negative,negative,False,False,True
11,fail_to_pass,baseline-no-lock-seed-11,cntvaluein3-skew-locked-seed11,False,True,2,0,none,signed_dqs_minus_dq_bit__idelay_cntvaluein_skew__lane1__dq10__ctrl_1__dqs_vs_dq_bit__value_ps,signed_dqs_minus_dq_bit,idelay_cntvaluein_skew,lane1,dq10,1,dqs_vs_dq_bit,-155,599,754,155,599,444,negative,positive,True,False,True
11,fail_to_pass,baseline-no-lock-seed-11,cntvaluein3-skew-locked-seed11,False,True,2,0,none,signed_dqs_minus_dq_bit__idelay_cntvaluein_skew__lane1__dq10__ctrl_2__dqs_vs_dq_bit__value_ps,signed_dqs_minus_dq_bit,idelay_cntvaluein_skew,lane1,dq10,2,dqs_vs_dq_bit,22,739,717,22,739,717,positive,positive,False,False,True
11,fail_to_pass,baseline-no-lock-seed-11,cntvaluein3-skew-locked-seed11,False,True,2,0,none,signed_dqs_minus_dq_bit__idelay_cntvaluein_skew__lane1__dq10__ctrl_3__dqs_vs_dq_bit__value_ps,signed_dqs_minus_dq_bit,idelay_cntvaluein_skew,lane1,dq10,3,dqs_vs_dq_bit,250,-52,-302,250,52,-198,positive,negative,True,True,False
11,fail_to_pass,baseline-no-lock-seed-11,cntvaluein3-skew-locked-seed11,False,True,2,0,none,signed_dqs_minus_dq_bit__idelay_cntvaluein_skew__lane1__dq10__ctrl_4__dqs_vs_dq_bit__value_ps,signed_dqs_minus_dq_bit,idelay_cntvaluein_skew,lane1,dq10,4,dqs_vs_dq_bit,-48,523,571,48,523,475,negative,positive,True,False,True
11,fail_to_pass,baseline-no-lock-seed-11,cntvaluein3-skew-locked-seed11,False,True,2,0,none,signed_dqs_minus_dq_bit__idelay_cntvaluein_skew__lane1__dq11__ctrl_0__dqs_vs_dq_bit__value_ps,signed_dqs_minus_dq_bit,idelay_cntvaluein_skew,lane1,dq11,0,dqs_vs_dq_bit,101,-41,-142,101,41,-60,positive,negative,True,True,False
11,fail_to_pass,baseline-no-lock-seed-11,cntvaluein3-skew-locked-seed11,False,True,2,0,none,signed_dqs_minus_dq_bit__idelay_cntvaluein_skew__lane1__dq11__ctrl_1__dqs_vs_dq_bit__value_ps,signed_dqs_minus_dq_bit,idelay_cntvaluein_skew,lane1,dq11,1,dqs_vs_dq_bit,23,586,563,23,586,563,positive,positive,False,False,True
11,fail_to_pass,baseline-no-lock-seed-11,cntvaluein3-skew-locked-seed11,False,True,2,0,none,signed_dqs_minus_dq_bit__idelay_cntvaluein_skew__lane1__dq11__ctrl_2__dqs_vs_dq_bit__value_ps,signed_dqs_minus_dq_bit,idelay_cntvaluein_skew,lane1,dq11,2,dqs_vs_dq_bit,198,614,416,198,614,416,positive,positive,False,False,True
11,fail_to_pass,baseline-no-lock-seed-11,cntvaluein3-skew-locked-seed11,False,True,2,0,none,signed_dqs_minus_dq_bit__idelay_cntvaluein_skew__lane1__dq11__ctrl_3__dqs_vs_dq_bit__value_ps,signed_dqs_minus_dq_bit,idelay_cntvaluein_skew,lane1,dq11,3,dqs_vs_dq_bit,207,234,27,207,234,27,positive,positive,False,False,True
11,fail_to_pass,baseline-no-lock-seed-11,cntvaluein3-skew-locked-seed11,False,True,2,0,none,signed_dqs_minus_dq_bit__idelay_cntvaluein_skew__lane1__dq11__ctrl_4__dqs_vs_dq_bit__value_ps,signed_dqs_minus_dq_bit,idelay_cntvaluein_skew,lane1,dq11,4,dqs_vs_dq_bit,-163,752,915,163,752,589,negative,positive,True,False,True
11,fail_to_pass,baseline-no-lock-seed-11,cntvaluein3-skew-locked-seed11,False,True,2,0,none,signed_dqs_minus_dq_bit__idelay_cntvaluein_skew__lane1__dq12__ctrl_0__dqs_vs_dq_bit__value_ps,signed_dqs_minus_dq_bit,idelay_cntvaluein_skew,lane1,dq12,0,dqs_vs_dq_bit,-146,-296,-150,146,296,150,negative,negative,False,False,True
11,fail_to_pass,baseline-no-lock-seed-11,cntvaluein3-skew-locked-seed11,False,True,2,0,none,signed_dqs_minus_dq_bit__idelay_cntvaluein_skew__lane1__dq12__ctrl_1__dqs_vs_dq_bit__value_ps,signed_dqs_minus_dq_bit,idelay_cntvaluein_skew,lane1,dq12,1,dqs_vs_dq_bit,-239,596,835,239,596,357,negative,positive,True,False,True
11,fail_to_pass,baseline-no-lock-seed-11,cntvaluein3-skew-locked-seed11,False,True,2,0,none,signed_dqs_minus_dq_bit__idelay_cntvaluein_skew__lane1__dq12__ctrl_2__dqs_vs_dq_bit__value_ps,signed_dqs_minus_dq_bit,idelay_cntvaluein_skew,lane1,dq12,2,dqs_vs_dq_bit,158,836,678,158,836,678,positive,positive,False,False,True
11,fail_to_pass,baseline-no-lock-seed-11,cntvaluein3-skew-locked-seed11,False,True,2,0,none,signed_dqs_minus_dq_bit__idelay_cntvaluein_skew__lane1__dq12__ctrl_3__dqs_vs_dq_bit__value_ps,signed_dqs_minus_dq_bit,idelay_cntvaluein_skew,lane1,dq12,3,dqs_vs_dq_bit,253,-143,-396,253,143,-110,positive,negative,True,True,False
11,fail_to_pass,baseline-no-lock-seed-11,cntvaluein3-skew-locked-seed11,False,True,2,0,none,signed_dqs_minus_dq_bit__idelay_cntvaluein_skew__lane1__dq12__ctrl_4__dqs_vs_dq_bit__value_ps,signed_dqs_minus_dq_bit,idelay_cntvaluein_skew,lane1,dq12,4,dqs_vs_dq_bit,8,436,428,8,436,428,positive,positive,False,False,True
11,fail_to_pass,baseline-no-lock-seed-11,cntvaluein3-skew-locked-seed11,False,True,2,0,none,signed_dqs_minus_dq_bit__idelay_cntvaluein_skew__lane1__dq13__ctrl_0__dqs_vs_dq_bit__value_ps,signed_dqs_minus_dq_bit,idelay_cntvaluein_skew,lane1,dq13,0,dqs_vs_dq_bit,-120,-125,-5,120,125,5,negative,negative,False,False,True
11,fail_to_pass,baseline-no-lock-seed-11,cntvaluein3-skew-locked-seed11,False,True,2,0,none,signed_dqs_minus_dq_bit__idelay_cntvaluein_skew__lane1__dq13__ctrl_1__dqs_vs_dq_bit__value_ps,signed_dqs_minus_dq_bit,idelay_cntvaluein_skew,lane1,dq13,1,dqs_vs_dq_bit,-68,584,652,68,584,516,negative,positive,True,False,True
11,fail_to_pass,baseline-no-lock-seed-11,cntvaluein3-skew-locked-seed11,False,True,2,0,none,signed_dqs_minus_dq_bit__idelay_cntvaluein_skew__lane1__dq13__ctrl_2__dqs_vs_dq_bit__value_ps,signed_dqs_minus_dq_bit,idelay_cntvaluein_skew,lane1,dq13,2,dqs_vs_dq_bit,142,849,707,142,849,707,positive,positive,False,False,True
11,fail_to_pass,baseline-no-lock-seed-11,cntvaluein3-skew-locked-seed11,False,True,2,0,none,signed_dqs_minus_dq_bit__idelay_cntvaluein_skew__lane1__dq13__ctrl_3__dqs_vs_dq_bit__value_ps,signed_dqs_minus_dq_bit,idelay_cntvaluein_skew,lane1,dq13,3,dqs_vs_dq_bit,123,150,27,123,150,27,positive,positive,False,False,True
11,fail_to_pass,baseline-no-lock-seed-11,cntvaluein3-skew-locked-seed11,False,True,2,0,none,signed_dqs_minus_dq_bit__idelay_cntvaluein_skew__lane1__dq13__ctrl_4__dqs_vs_dq_bit__value_ps,signed_dqs_minus_dq_bit,idelay_cntvaluein_skew,lane1,dq13,4,dqs_vs_dq_bit,-107,664,771,107,664,557,negative,positive,True,False,True
11,fail_to_pass,baseline-no-lock-seed-11,cntvaluein3-skew-locked-seed11,False,True,2,0,none,signed_dqs_minus_dq_bit__idelay_cntvaluein_skew__lane1__dq14__ctrl_0__dqs_vs_dq_bit__value_ps,signed_dqs_minus_dq_bit,idelay_cntvaluein_skew,lane1,dq14,0,dqs_vs_dq_bit,-59,-133,-74,59,133,74,negative,negative,False,False,True
11,fail_to_pass,baseline-no-lock-seed-11,cntvaluein3-skew-locked-seed11,False,True,2,0,none,signed_dqs_minus_dq_bit__idelay_cntvaluein_skew__lane1__dq14__ctrl_1__dqs_vs_dq_bit__value_ps,signed_dqs_minus_dq_bit,idelay_cntvaluein_skew,lane1,dq14,1,dqs_vs_dq_bit,-331,510,841,331,510,179,negative,positive,True,False,True
11,fail_to_pass,baseline-no-lock-seed-11,cntvaluein3-skew-locked-seed11,False,True,2,0,none,signed_dqs_minus_dq_bit__idelay_cntvaluein_skew__lane1__dq14__ctrl_2__dqs_vs_dq_bit__value_ps,signed_dqs_minus_dq_bit,idelay_cntvaluein_skew,lane1,dq14,2,dqs_vs_dq_bit,-49,831,880,49,831,782,negative,positive,True,False,True
11,fail_to_pass,baseline-no-lock-seed-11,cntvaluein3-skew-locked-seed11,False,True,2,0,none,signed_dqs_minus_dq_bit__idelay_cntvaluein_skew__lane1__dq14__ctrl_3__dqs_vs_dq_bit__value_ps,signed_dqs_minus_dq_bit,idelay_cntvaluein_skew,lane1,dq14,3,dqs_vs_dq_bit,301,-146,-447,301,146,-155,positive,negative,True,True,False
11,fail_to_pass,baseline-no-lock-seed-11,cntvaluein3-skew-locked-seed11,False,True,2,0,none,signed_dqs_minus_dq_bit__idelay_cntvaluein_skew__lane1__dq14__ctrl_4__dqs_vs_dq_bit__value_ps,signed_dqs_minus_dq_bit,idelay_cntvaluein_skew,lane1,dq14,4,dqs_vs_dq_bit,-76,347,423,76,347,271,negative,positive,True,False,True
11,fail_to_pass,baseline-no-lock-seed-11,cntvaluein3-skew-locked-seed11,False,True,2,0,none,signed_dqs_minus_dq_bit__idelay_cntvaluein_skew__lane1__dq15__ctrl_0__dqs_vs_dq_bit__value_ps,signed_dqs_minus_dq_bit,idelay_cntvaluein_skew,lane1,dq15,0,dqs_vs_dq_bit,-148,87,235,148,87,-61,negative,positive,True,True,False
11,fail_to_pass,baseline-no-lock-seed-11,cntvaluein3-skew-locked-seed11,False,True,2,0,none,signed_dqs_minus_dq_bit__idelay_cntvaluein_skew__lane1__dq15__ctrl_1__dqs_vs_dq_bit__value_ps,signed_dqs_minus_dq_bit,idelay_cntvaluein_skew,lane1,dq15,1,dqs_vs_dq_bit,-43,1100,1143,43,1100,1057,negative,positive,True,False,True
11,fail_to_pass,baseline-no-lock-seed-11,cntvaluein3-skew-locked-seed11,False,True,2,0,none,signed_dqs_minus_dq_bit__idelay_cntvaluein_skew__lane1__dq15__ctrl_2__dqs_vs_dq_bit__value_ps,signed_dqs_minus_dq_bit,idelay_cntvaluein_skew,lane1,dq15,2,dqs_vs_dq_bit,160,813,653,160,813,653,positive,positive,False,False,True
11,fail_to_pass,baseline-no-lock-seed-11,cntvaluein3-skew-locked-seed11,False,True,2,0,none,signed_dqs_minus_dq_bit__idelay_cntvaluein_skew__lane1__dq15__ctrl_3__dqs_vs_dq_bit__value_ps,signed_dqs_minus_dq_bit,idelay_cntvaluein_skew,lane1,dq15,3,dqs_vs_dq_bit,250,372,122,250,372,122,positive,positive,False,False,True
11,fail_to_pass,baseline-no-lock-seed-11,cntvaluein3-skew-locked-seed11,False,True,2,0,none,signed_dqs_minus_dq_bit__idelay_cntvaluein_skew__lane1__dq15__ctrl_4__dqs_vs_dq_bit__value_ps,signed_dqs_minus_dq_bit,idelay_cntvaluein_skew,lane1,dq15,4,dqs_vs_dq_bit,314,891,577,314,891,577,positive,positive,False,False,True
11,fail_to_pass,baseline-no-lock-seed-11,cntvaluein3-skew-locked-seed11,False,True,2,0,none,signed_dqs_minus_dq_bit__idelay_cntvaluein_skew__lane1__dq8__ctrl_0__dqs_vs_dq_bit__value_ps,signed_dqs_minus_dq_bit,idelay_cntvaluein_skew,lane1,dq8,0,dqs_vs_dq_bit,-118,-217,-99,118,217,99,negative,negative,False,False,True
11,fail_to_pass,baseline-no-lock-seed-11,cntvaluein3-skew-locked-seed11,False,True,2,0,none,signed_dqs_minus_dq_bit__idelay_cntvaluein_skew__lane1__dq8__ctrl_1__dqs_vs_dq_bit__value_ps,signed_dqs_minus_dq_bit,idelay_cntvaluein_skew,lane1,dq8,1,dqs_vs_dq_bit,-422,678,1100,422,678,256,negative,positive,True,False,True
11,fail_to_pass,baseline-no-lock-seed-11,cntvaluein3-skew-locked-seed11,False,True,2,0,none,signed_dqs_minus_dq_bit__idelay_cntvaluein_skew__lane1__dq8__ctrl_2__dqs_vs_dq_bit__value_ps,signed_dqs_minus_dq_bit,idelay_cntvaluein_skew,lane1,dq8,2,dqs_vs_dq_bit,117,747,630,117,747,630,positive,positive,False,False,True
11,fail_to_pass,baseline-no-lock-seed-11,cntvaluein3-skew-locked-seed11,False,True,2,0,none,signed_dqs_minus_dq_bit__idelay_cntvaluein_skew__lane1__dq8__ctrl_3__dqs_vs_dq_bit__value_ps,signed_dqs_minus_dq_bit,idelay_cntvaluein_skew,lane1,dq8,3,dqs_vs_dq_bit,215,-237,-452,215,237,22,positive,negative,True,False,True
11,fail_to_pass,baseline-no-lock-seed-11,cntvaluein3-skew-locked-seed11,False,True,2,0,none,signed_dqs_minus_dq_bit__idelay_cntvaluein_skew__lane1__dq8__ctrl_4__dqs_vs_dq_bit__value_ps,signed_dqs_minus_dq_bit,idelay_cntvaluein_skew,lane1,dq8,4,dqs_vs_dq_bit,-84,260,344,84,260,176,negative,positive,True,False,True
11,fail_to_pass,baseline-no-lock-seed-11,cntvaluein3-skew-locked-seed11,False,True,2,0,none,signed_dqs_minus_dq_bit__idelay_cntvaluein_skew__lane1__dq9__ctrl_0__dqs_vs_dq_bit__value_ps,signed_dqs_minus_dq_bit,idelay_cntvaluein_skew,lane1,dq9,0,dqs_vs_dq_bit,20,41,21,20,41,21,positive,positive,False,False,True
11,fail_to_pass,baseline-no-lock-seed-11,cntvaluein3-skew-locked-seed11,False,True,2,0,none,signed_dqs_minus_dq_bit__idelay_cntvaluein_skew__lane1__dq9__ctrl_1__dqs_vs_dq_bit__value_ps,signed_dqs_minus_dq_bit,idelay_cntvaluein_skew,lane1,dq9,1,dqs_vs_dq_bit,-129,936,1065,129,936,807,negative,positive,True,False,True
11,fail_to_pass,baseline-no-lock-seed-11,cntvaluein3-skew-locked-seed11,False,True,2,0,none,signed_dqs_minus_dq_bit__idelay_cntvaluein_skew__lane1__dq9__ctrl_2__dqs_vs_dq_bit__value_ps,signed_dqs_minus_dq_bit,idelay_cntvaluein_skew,lane1,dq9,2,dqs_vs_dq_bit,76,722,646,76,722,646,positive,positive,False,False,True
11,fail_to_pass,baseline-no-lock-seed-11,cntvaluein3-skew-locked-seed11,False,True,2,0,none,signed_dqs_minus_dq_bit__idelay_cntvaluein_skew__lane1__dq9__ctrl_3__dqs_vs_dq_bit__value_ps,signed_dqs_minus_dq_bit,idelay_cntvaluein_skew,lane1,dq9,3,dqs_vs_dq_bit,223,288,65,223,288,65,positive,positive,False,False,True
11,fail_to_pass,baseline-no-lock-seed-11,cntvaluein3-skew-locked-seed11,False,True,2,0,none,signed_dqs_minus_dq_bit__idelay_cntvaluein_skew__lane1__dq9__ctrl_4__dqs_vs_dq_bit__value_ps,signed_dqs_minus_dq_bit,idelay_cntvaluein_skew,lane1,dq9,4,dqs_vs_dq_bit,230,803,573,230,803,573,positive,positive,False,False,True
11,fail_to_pass,baseline-no-lock-seed-11,cntvaluein3-skew-locked-seed11,False,True,2,0,none,signed_dqs_minus_dq_median__idelay_cntvaluein_skew__lane0__dqs0__ctrl_0__dqs_vs_dq_lane__value_ps,signed_dqs_minus_dq_median,idelay_cntvaluein_skew,lane0,dqs0,0,dqs_vs_dq_lane,-95,90.5,185.5,95,90.5,-4.5,negative,positive,True,True,False
11,fail_to_pass,baseline-no-lock-seed-11,cntvaluein3-skew-locked-seed11,False,True,2,0,none,signed_dqs_minus_dq_median__idelay_cntvaluein_skew__lane0__dqs0__ctrl_1__dqs_vs_dq_lane__value_ps,signed_dqs_minus_dq_median,idelay_cntvaluein_skew,lane0,dqs0,1,dqs_vs_dq_lane,-37.5,548.5,586,37.5,548.5,511,negative,positive,True,False,True
11,fail_to_pass,baseline-no-lock-seed-11,cntvaluein3-skew-locked-seed11,False,True,2,0,none,signed_dqs_minus_dq_median__idelay_cntvaluein_skew__lane0__dqs0__ctrl_2__dqs_vs_dq_lane__value_ps,signed_dqs_minus_dq_median,idelay_cntvaluein_skew,lane0,dqs0,2,dqs_vs_dq_lane,68,828,760,68,828,760,positive,positive,False,False,True
11,fail_to_pass,baseline-no-lock-seed-11,cntvaluein3-skew-locked-seed11,False,True,2,0,none,signed_dqs_minus_dq_median__idelay_cntvaluein_skew__lane0__dqs0__ctrl_3__dqs_vs_dq_lane__value_ps,signed_dqs_minus_dq_median,idelay_cntvaluein_skew,lane0,dqs0,3,dqs_vs_dq_lane,152,286,134,152,286,134,positive,positive,False,False,True
11,fail_to_pass,baseline-no-lock-seed-11,cntvaluein3-skew-locked-seed11,False,True,2,0,none,signed_dqs_minus_dq_median__idelay_cntvaluein_skew__lane0__dqs0__ctrl_4__dqs_vs_dq_lane__value_ps,signed_dqs_minus_dq_median,idelay_cntvaluein_skew,lane0,dqs0,4,dqs_vs_dq_lane,401.5,453.5,52,401.5,453.5,52,positive,positive,False,False,True
11,fail_to_pass,baseline-no-lock-seed-11,cntvaluein3-skew-locked-seed11,False,True,2,0,none,signed_dqs_minus_dq_median__idelay_cntvaluein_skew__lane1__dqs1__ctrl_0__dqs_vs_dq_lane__value_ps,signed_dqs_minus_dq_median,idelay_cntvaluein_skew,lane1,dqs1,0,dqs_vs_dq_lane,-119,-129,-10,119,129,10,negative,negative,False,False,True
11,fail_to_pass,baseline-no-lock-seed-11,cntvaluein3-skew-locked-seed11,False,True,2,0,none,signed_dqs_minus_dq_median__idelay_cntvaluein_skew__lane1__dqs1__ctrl_1__dqs_vs_dq_lane__value_ps,signed_dqs_minus_dq_median,idelay_cntvaluein_skew,lane1,dqs1,1,dqs_vs_dq_lane,-142,597.5,739.5,142,597.5,455.5,negative,positive,True,False,True
11,fail_to_pass,baseline-no-lock-seed-11,cntvaluein3-skew-locked-seed11,False,True,2,0,none,signed_dqs_minus_dq_median__idelay_cntvaluein_skew__lane1__dqs1__ctrl_2__dqs_vs_dq_lane__value_ps,signed_dqs_minus_dq_median,idelay_cntvaluein_skew,lane1,dqs1,2,dqs_vs_dq_lane,129.5,780,650.5,129.5,780,650.5,positive,positive,False,False,True
11,fail_to_pass,baseline-no-lock-seed-11,cntvaluein3-skew-locked-seed11,False,True,2,0,none,signed_dqs_minus_dq_median__idelay_cntvaluein_skew__lane1__dqs1__ctrl_3__dqs_vs_dq_lane__value_ps,signed_dqs_minus_dq_median,idelay_cntvaluein_skew,lane1,dqs1,3,dqs_vs_dq_lane,236.5,49,-187.5,236.5,49,-187.5,positive,positive,False,True,False
11,fail_to_pass,baseline-no-lock-seed-11,cntvaluein3-skew-locked-seed11,False,True,2,0,none,signed_dqs_minus_dq_median__idelay_cntvaluein_skew__lane1__dqs1__ctrl_4__dqs_vs_dq_lane__value_ps,signed_dqs_minus_dq_median,idelay_cntvaluein_skew,lane1,dqs1,4,dqs_vs_dq_lane,-62,593.5,655.5,62,593.5,531.5,negative,positive,True,False,True
11,fail_to_pass,baseline-no-lock-seed-11,cntvaluein3-skew-locked-seed11,False,True,2,0,none,signed_lane1_minus_lane0_dq_median__idelay_cntvaluein_skew__all__no_bit__ctrl_0__lane1_vs_lane0_dq__value_ps,signed_lane1_minus_lane0_dq_median,idelay_cntvaluein_skew,all,,0,lane1_vs_lane0_dq,-147,-122.5,24.5,147,122.5,-24.5,negative,negative,False,True,False
11,fail_to_pass,baseline-no-lock-seed-11,cntvaluein3-skew-locked-seed11,False,True,2,0,none,signed_lane1_minus_lane0_dq_median__idelay_cntvaluein_skew__all__no_bit__ctrl_1__lane1_vs_lane0_dq__value_ps,signed_lane1_minus_lane0_dq_median,idelay_cntvaluein_skew,all,,1,lane1_vs_lane0_dq,-98.5,-363,-264.5,98.5,363,264.5,negative,negative,False,False,True
11,fail_to_pass,baseline-no-lock-seed-11,cntvaluein3-skew-locked-seed11,False,True,2,0,none,signed_lane1_minus_lane0_dq_median__idelay_cntvaluein_skew__all__no_bit__ctrl_2__lane1_vs_lane0_dq__value_ps,signed_lane1_minus_lane0_dq_median,idelay_cntvaluein_skew,all,,2,lane1_vs_lane0_dq,-335.5,-302,33.5,335.5,302,-33.5,negative,negative,False,True,False
11,fail_to_pass,baseline-no-lock-seed-11,cntvaluein3-skew-locked-seed11,False,True,2,0,none,signed_lane1_minus_lane0_dq_median__idelay_cntvaluein_skew__all__no_bit__ctrl_3__lane1_vs_lane0_dq__value_ps,signed_lane1_minus_lane0_dq_median,idelay_cntvaluein_skew,all,,3,lane1_vs_lane0_dq,-288.5,-196,92.5,288.5,196,-92.5,negative,negative,False,True,False
11,fail_to_pass,baseline-no-lock-seed-11,cntvaluein3-skew-locked-seed11,False,True,2,0,none,signed_lane1_minus_lane0_dq_median__idelay_cntvaluein_skew__all__no_bit__ctrl_4__lane1_vs_lane0_dq__value_ps,signed_lane1_minus_lane0_dq_median,idelay_cntvaluein_skew,all,,4,lane1_vs_lane0_dq,-28.5,-408,-379.5,28.5,408,379.5,negative,negative,False,False,True
11,fail_to_pass,baseline-no-lock-seed-11,cntvaluein3-skew-locked-seed11,False,True,2,0,none,signed_lane1_minus_lane0_dqs__idelay_cntvaluein_skew__all__no_bit__ctrl_0__lane1_vs_lane0_dqs__value_ps,signed_lane1_minus_lane0_dqs,idelay_cntvaluein_skew,all,,0,lane1_vs_lane0_dqs,-171,-342,-171,171,342,171,negative,negative,False,False,True
11,fail_to_pass,baseline-no-lock-seed-11,cntvaluein3-skew-locked-seed11,False,True,2,0,none,signed_lane1_minus_lane0_dqs__idelay_cntvaluein_skew__all__no_bit__ctrl_1__lane1_vs_lane0_dqs__value_ps,signed_lane1_minus_lane0_dqs,idelay_cntvaluein_skew,all,,1,lane1_vs_lane0_dqs,-203,-314,-111,203,314,111,negative,negative,False,False,True
11,fail_to_pass,baseline-no-lock-seed-11,cntvaluein3-skew-locked-seed11,False,True,2,0,none,signed_lane1_minus_lane0_dqs__idelay_cntvaluein_skew__all__no_bit__ctrl_2__lane1_vs_lane0_dqs__value_ps,signed_lane1_minus_lane0_dqs,idelay_cntvaluein_skew,all,,2,lane1_vs_lane0_dqs,-274,-350,-76,274,350,76,negative,negative,False,False,True
11,fail_to_pass,baseline-no-lock-seed-11,cntvaluein3-skew-locked-seed11,False,True,2,0,none,signed_lane1_minus_lane0_dqs__idelay_cntvaluein_skew__all__no_bit__ctrl_3__lane1_vs_lane0_dqs__value_ps,signed_lane1_minus_lane0_dqs,idelay_cntvaluein_skew,all,,3,lane1_vs_lane0_dqs,-204,-433,-229,204,433,229,negative,negative,False,False,True
11,fail_to_pass,baseline-no-lock-seed-11,cntvaluein3-skew-locked-seed11,False,True,2,0,none,signed_lane1_minus_lane0_dqs__idelay_cntvaluein_skew__all__no_bit__ctrl_4__lane1_vs_lane0_dqs__value_ps,signed_lane1_minus_lane0_dqs,idelay_cntvaluein_skew,all,,4,lane1_vs_lane0_dqs,-492,-268,224,492,268,-224,negative,negative,False,True,False
11,fail_to_pass,baseline-no-lock-seed-11,cntvaluein3-skew-locked-seed11,False,True,2,0,none,signed_ld_dqs_minus_dq_median__idelay_ld_skew__lane0__dqs0__ctrl_none__dqs_vs_dq_lane__value_ps,signed_ld_dqs_minus_dq_median,idelay_ld_skew,lane0,dqs0,,dqs_vs_dq_lane,-44,-1.5,42.5,44,1.5,-42.5,negative,negative,False,True,False
11,fail_to_pass,baseline-no-lock-seed-11,cntvaluein3-skew-locked-seed11,False,True,2,0,none,signed_ld_dqs_minus_dq_median__idelay_ld_skew__lane1__dqs1__ctrl_none__dqs_vs_dq_lane__value_ps,signed_ld_dqs_minus_dq_median,idelay_ld_skew,lane1,dqs1,,dqs_vs_dq_lane,-64.5,48,112.5,64.5,48,-16.5,negative,positive,True,True,False
11,fail_to_pass,baseline-no-lock-seed-11,cntvaluein3-skew-locked-seed11,False,True,2,0,none,signed_ld_minus_cntvaluein_dq_median__idelay_ld_cntvaluein_skew__lane0__no_bit__ctrl_0__ld_vs_cntvaluein_dq_lane__value_ps,signed_ld_minus_cntvaluein_dq_median,idelay_ld_cntvaluein_skew,lane0,,0,ld_vs_cntvaluein_dq_lane,263,-127,-390,263,127,-136,positive,negative,True,True,False
11,fail_to_pass,baseline-no-lock-seed-11,cntvaluein3-skew-locked-seed11,False,True,2,0,none,signed_ld_minus_cntvaluein_dq_median__idelay_ld_cntvaluein_skew__lane0__no_bit__ctrl_1__ld_vs_cntvaluein_dq_lane__value_ps,signed_ld_minus_cntvaluein_dq_median,idelay_ld_cntvaluein_skew,lane0,,1,ld_vs_cntvaluein_dq_lane,394.5,-317,-711.5,394.5,317,-77.5,positive,negative,True,True,False
11,fail_to_pass,baseline-no-lock-seed-11,cntvaluein3-skew-locked-seed11,False,True,2,0,none,signed_ld_minus_cntvaluein_dq_median__idelay_ld_cntvaluein_skew__lane0__no_bit__ctrl_2__ld_vs_cntvaluein_dq_lane__value_ps,signed_ld_minus_cntvaluein_dq_median,idelay_ld_cntvaluein_skew,lane0,,2,ld_vs_cntvaluein_dq_lane,114,66.5,-47.5,114,66.5,-47.5,positive,positive,False,True,False
11,fail_to_pass,baseline-no-lock-seed-11,cntvaluein3-skew-locked-seed11,False,True,2,0,none,signed_ld_minus_cntvaluein_dq_median__idelay_ld_cntvaluein_skew__lane0__no_bit__ctrl_3__ld_vs_cntvaluein_dq_lane__value_ps,signed_ld_minus_cntvaluein_dq_median,idelay_ld_cntvaluein_skew,lane0,,3,ld_vs_cntvaluein_dq_lane,188,-568.5,-756.5,188,568.5,380.5,positive,negative,True,False,True
11,fail_to_pass,baseline-no-lock-seed-11,cntvaluein3-skew-locked-seed11,False,True,2,0,none,signed_ld_minus_cntvaluein_dq_median__idelay_ld_cntvaluein_skew__lane0__no_bit__ctrl_4__ld_vs_cntvaluein_dq_lane__value_ps,signed_ld_minus_cntvaluein_dq_median,idelay_ld_cntvaluein_skew,lane0,,4,ld_vs_cntvaluein_dq_lane,220.5,-295,-515.5,220.5,295,74.5,positive,negative,True,False,True
11,fail_to_pass,baseline-no-lock-seed-11,cntvaluein3-skew-locked-seed11,False,True,2,0,none,signed_ld_minus_cntvaluein_dq_median__idelay_ld_cntvaluein_skew__lane1__no_bit__ctrl_0__ld_vs_cntvaluein_dq_lane__value_ps,signed_ld_minus_cntvaluein_dq_median,idelay_ld_cntvaluein_skew,lane1,,0,ld_vs_cntvaluein_dq_lane,433.5,285,-148.5,433.5,285,-148.5,positive,positive,False,True,False
11,fail_to_pass,baseline-no-lock-seed-11,cntvaluein3-skew-locked-seed11,False,True,2,0,none,signed_ld_minus_cntvaluein_dq_median__idelay_ld_cntvaluein_skew__lane1__no_bit__ctrl_1__ld_vs_cntvaluein_dq_lane__value_ps,signed_ld_minus_cntvaluein_dq_median,idelay_ld_cntvaluein_skew,lane1,,1,ld_vs_cntvaluein_dq_lane,516.5,335.5,-181,516.5,335.5,-181,positive,positive,False,True,False
11,fail_to_pass,baseline-no-lock-seed-11,cntvaluein3-skew-locked-seed11,False,True,2,0,none,signed_ld_minus_cntvaluein_dq_median__idelay_ld_cntvaluein_skew__lane1__no_bit__ctrl_2__ld_vs_cntvaluein_dq_lane__value_ps,signed_ld_minus_cntvaluein_dq_median,idelay_ld_cntvaluein_skew,lane1,,2,ld_vs_cntvaluein_dq_lane,473,658,185,473,658,185,positive,positive,False,False,True
11,fail_to_pass,baseline-no-lock-seed-11,cntvaluein3-skew-locked-seed11,False,True,2,0,none,signed_ld_minus_cntvaluein_dq_median__idelay_ld_cntvaluein_skew__lane1__no_bit__ctrl_3__ld_vs_cntvaluein_dq_lane__value_ps,signed_ld_minus_cntvaluein_dq_median,idelay_ld_cntvaluein_skew,lane1,,3,ld_vs_cntvaluein_dq_lane,500,-83,-583,500,83,-417,positive,negative,True,True,False
11,fail_to_pass,baseline-no-lock-seed-11,cntvaluein3-skew-locked-seed11,False,True,2,0,none,signed_ld_minus_cntvaluein_dq_median__idelay_ld_cntvaluein_skew__lane1__no_bit__ctrl_4__ld_vs_cntvaluein_dq_lane__value_ps,signed_ld_minus_cntvaluein_dq_median,idelay_ld_cntvaluein_skew,lane1,,4,ld_vs_cntvaluein_dq_lane,272.5,402.5,130,272.5,402.5,130,positive,positive,False,False,True
11,fail_to_pass,baseline-no-lock-seed-11,cntvaluein3-skew-locked-seed11,False,True,2,0,none,signed_ld_minus_cntvaluein_dqs__idelay_ld_cntvaluein_skew__lane0__dqs0__ctrl_0__ld_vs_cntvaluein_dqs__value_ps,signed_ld_minus_cntvaluein_dqs,idelay_ld_cntvaluein_skew,lane0,dqs0,0,ld_vs_cntvaluein_dqs,314,-219,-533,314,219,-95,positive,negative,True,True,False
11,fail_to_pass,baseline-no-lock-seed-11,cntvaluein3-skew-locked-seed11,False,True,2,0,none,signed_ld_minus_cntvaluein_dqs__idelay_ld_cntvaluein_skew__lane0__dqs0__ctrl_1__ld_vs_cntvaluein_dqs__value_ps,signed_ld_minus_cntvaluein_dqs,idelay_ld_cntvaluein_skew,lane0,dqs0,1,ld_vs_cntvaluein_dqs,388,-867,-1255,388,867,479,positive,negative,True,False,True
11,fail_to_pass,baseline-no-lock-seed-11,cntvaluein3-skew-locked-seed11,False,True,2,0,none,signed_ld_minus_cntvaluein_dqs__idelay_ld_cntvaluein_skew__lane0__dqs0__ctrl_2__ld_vs_cntvaluein_dqs__value_ps,signed_ld_minus_cntvaluein_dqs,idelay_ld_cntvaluein_skew,lane0,dqs0,2,ld_vs_cntvaluein_dqs,2,-763,-765,2,763,761,positive,negative,True,False,True
11,fail_to_pass,baseline-no-lock-seed-11,cntvaluein3-skew-locked-seed11,False,True,2,0,none,signed_ld_minus_cntvaluein_dqs__idelay_ld_cntvaluein_skew__lane0__dqs0__ctrl_3__ld_vs_cntvaluein_dqs__value_ps,signed_ld_minus_cntvaluein_dqs,idelay_ld_cntvaluein_skew,lane0,dqs0,3,ld_vs_cntvaluein_dqs,-8,-856,-848,8,856,848,negative,negative,False,False,True
11,fail_to_pass,baseline-no-lock-seed-11,cntvaluein3-skew-locked-seed11,False,True,2,0,none,signed_ld_minus_cntvaluein_dqs__idelay_ld_cntvaluein_skew__lane0__dqs0__ctrl_4__ld_vs_cntvaluein_dqs__value_ps,signed_ld_minus_cntvaluein_dqs,idelay_ld_cntvaluein_skew,lane0,dqs0,4,ld_vs_cntvaluein_dqs,-225,-750,-525,225,750,525,negative,negative,False,False,True
11,fail_to_pass,baseline-no-lock-seed-11,cntvaluein3-skew-locked-seed11,False,True,2,0,none,signed_ld_minus_cntvaluein_dqs__idelay_ld_cntvaluein_skew__lane1__dqs1__ctrl_0__ld_vs_cntvaluein_dqs__value_ps,signed_ld_minus_cntvaluein_dqs,idelay_ld_cntvaluein_skew,lane1,dqs1,0,ld_vs_cntvaluein_dqs,488,462,-26,488,462,-26,positive,positive,False,True,False
11,fail_to_pass,baseline-no-lock-seed-11,cntvaluein3-skew-locked-seed11,False,True,2,0,none,signed_ld_minus_cntvaluein_dqs__idelay_ld_cntvaluein_skew__lane1__dqs1__ctrl_1__ld_vs_cntvaluein_dqs__value_ps,signed_ld_minus_cntvaluein_dqs,idelay_ld_cntvaluein_skew,lane1,dqs1,1,ld_vs_cntvaluein_dqs,594,-214,-808,594,214,-380,positive,negative,True,True,False
11,fail_to_pass,baseline-no-lock-seed-11,cntvaluein3-skew-locked-seed11,False,True,2,0,none,signed_ld_minus_cntvaluein_dqs__idelay_ld_cntvaluein_skew__lane1__dqs1__ctrl_2__ld_vs_cntvaluein_dqs__value_ps,signed_ld_minus_cntvaluein_dqs,idelay_ld_cntvaluein_skew,lane1,dqs1,2,ld_vs_cntvaluein_dqs,279,-74,-353,279,74,-205,positive,negative,True,True,False
11,fail_to_pass,baseline-no-lock-seed-11,cntvaluein3-skew-locked-seed11,False,True,2,0,none,signed_ld_minus_cntvaluein_dqs__idelay_ld_cntvaluein_skew__lane1__dqs1__ctrl_3__ld_vs_cntvaluein_dqs__value_ps,signed_ld_minus_cntvaluein_dqs,idelay_ld_cntvaluein_skew,lane1,dqs1,3,ld_vs_cntvaluein_dqs,199,-84,-283,199,84,-115,positive,negative,True,True,False
11,fail_to_pass,baseline-no-lock-seed-11,cntvaluein3-skew-locked-seed11,False,True,2,0,none,signed_ld_minus_cntvaluein_dqs__idelay_ld_cntvaluein_skew__lane1__dqs1__ctrl_4__ld_vs_cntvaluein_dqs__value_ps,signed_ld_minus_cntvaluein_dqs,idelay_ld_cntvaluein_skew,lane1,dqs1,4,ld_vs_cntvaluein_dqs,270,-143,-413,270,143,-127,positive,negative,True,True,False
12,fail_to_fail,baseline-no-lock-seed-12,cntvaluein3-skew-locked-seed12-long-poll,False,False,2,0,none,signed_dqs_bus_skew_minus_dq_median__idelay_cntvaluein_skew__lane0__dqs0__ctrl_none__dqs_vs_dq_bus_skew__value_ps,signed_dqs_bus_skew_minus_dq_median,idelay_cntvaluein_skew,lane0,dqs0,,dqs_vs_dq_bus_skew,162.5,-615.5,-778,162.5,615.5,453,positive,negative,True,False,True
12,fail_to_fail,baseline-no-lock-seed-12,cntvaluein3-skew-locked-seed12-long-poll,False,False,2,0,none,signed_dqs_bus_skew_minus_dq_median__idelay_cntvaluein_skew__lane1__dqs1__ctrl_none__dqs_vs_dq_bus_skew__value_ps,signed_dqs_bus_skew_minus_dq_median,idelay_cntvaluein_skew,lane1,dqs1,,dqs_vs_dq_bus_skew,228.5,-274.5,-503,228.5,274.5,46,positive,negative,True,False,True
12,fail_to_fail,baseline-no-lock-seed-12,cntvaluein3-skew-locked-seed12-long-poll,False,False,2,0,none,signed_dqs_minus_dq_bit__idelay_cntvaluein_skew__lane0__dq0__ctrl_0__dqs_vs_dq_bit__value_ps,signed_dqs_minus_dq_bit,idelay_cntvaluein_skew,lane0,dq0,0,dqs_vs_dq_bit,-42,131,173,42,131,89,negative,positive,True,False,True
12,fail_to_fail,baseline-no-lock-seed-12,cntvaluein3-skew-locked-seed12-long-poll,False,False,2,0,none,signed_dqs_minus_dq_bit__idelay_cntvaluein_skew__lane0__dq0__ctrl_1__dqs_vs_dq_bit__value_ps,signed_dqs_minus_dq_bit,idelay_cntvaluein_skew,lane0,dq0,1,dqs_vs_dq_bit,-133,411,544,133,411,278,negative,positive,True,False,True
12,fail_to_fail,baseline-no-lock-seed-12,cntvaluein3-skew-locked-seed12-long-poll,False,False,2,0,none,signed_dqs_minus_dq_bit__idelay_cntvaluein_skew__lane0__dq0__ctrl_2__dqs_vs_dq_bit__value_ps,signed_dqs_minus_dq_bit,idelay_cntvaluein_skew,lane0,dq0,2,dqs_vs_dq_bit,754,320,-434,754,320,-434,positive,positive,False,True,False
12,fail_to_fail,baseline-no-lock-seed-12,cntvaluein3-skew-locked-seed12-long-poll,False,False,2,0,none,signed_dqs_minus_dq_bit__idelay_cntvaluein_skew__lane0__dq0__ctrl_3__dqs_vs_dq_bit__value_ps,signed_dqs_minus_dq_bit,idelay_cntvaluein_skew,lane0,dq0,3,dqs_vs_dq_bit,567,-486,-1053,567,486,-81,positive,negative,True,True,False
12,fail_to_fail,baseline-no-lock-seed-12,cntvaluein3-skew-locked-seed12-long-poll,False,False,2,0,none,signed_dqs_minus_dq_bit__idelay_cntvaluein_skew__lane0__dq0__ctrl_4__dqs_vs_dq_bit__value_ps,signed_dqs_minus_dq_bit,idelay_cntvaluein_skew,lane0,dq0,4,dqs_vs_dq_bit,-113,468,581,113,468,355,negative,positive,True,False,True
12,fail_to_fail,baseline-no-lock-seed-12,cntvaluein3-skew-locked-seed12-long-poll,False,False,2,0,none,signed_dqs_minus_dq_bit__idelay_cntvaluein_skew__lane0__dq1__ctrl_0__dqs_vs_dq_bit__value_ps,signed_dqs_minus_dq_bit,idelay_cntvaluein_skew,lane0,dq1,0,dqs_vs_dq_bit,-125,46,171,125,46,-79,negative,positive,True,True,False
12,fail_to_fail,baseline-no-lock-seed-12,cntvaluein3-skew-locked-seed12-long-poll,False,False,2,0,none,signed_dqs_minus_dq_bit__idelay_cntvaluein_skew__lane0__dq1__ctrl_1__dqs_vs_dq_bit__value_ps,signed_dqs_minus_dq_bit,idelay_cntvaluein_skew,lane0,dq1,1,dqs_vs_dq_bit,-224,321,545,224,321,97,negative,positive,True,False,True
12,fail_to_fail,baseline-no-lock-seed-12,cntvaluein3-skew-locked-seed12-long-poll,False,False,2,0,none,signed_dqs_minus_dq_bit__idelay_cntvaluein_skew__lane0__dq1__ctrl_2__dqs_vs_dq_bit__value_ps,signed_dqs_minus_dq_bit,idelay_cntvaluein_skew,lane0,dq1,2,dqs_vs_dq_bit,754,146,-608,754,146,-608,positive,positive,False,True,False
12,fail_to_fail,baseline-no-lock-seed-12,cntvaluein3-skew-locked-seed12-long-poll,False,False,2,0,none,signed_dqs_minus_dq_bit__idelay_cntvaluein_skew__lane0__dq1__ctrl_3__dqs_vs_dq_bit__value_ps,signed_dqs_minus_dq_bit,idelay_cntvaluein_skew,lane0,dq1,3,dqs_vs_dq_bit,648,-483,-1131,648,483,-165,positive,negative,True,True,False
12,fail_to_fail,baseline-no-lock-seed-12,cntvaluein3-skew-locked-seed12-long-poll,False,False,2,0,none,signed_dqs_minus_dq_bit__idelay_cntvaluein_skew__lane0__dq1__ctrl_4__dqs_vs_dq_bit__value_ps,signed_dqs_minus_dq_bit,idelay_cntvaluein_skew,lane0,dq1,4,dqs_vs_dq_bit,-200,550,750,200,550,350,negative,positive,True,False,True
12,fail_to_fail,baseline-no-lock-seed-12,cntvaluein3-skew-locked-seed12-long-poll,False,False,2,0,none,signed_dqs_minus_dq_bit__idelay_cntvaluein_skew__lane0__dq2__ctrl_0__dqs_vs_dq_bit__value_ps,signed_dqs_minus_dq_bit,idelay_cntvaluein_skew,lane0,dq2,0,dqs_vs_dq_bit,88,150,62,88,150,62,positive,positive,False,False,True
12,fail_to_fail,baseline-no-lock-seed-12,cntvaluein3-skew-locked-seed12-long-poll,False,False,2,0,none,signed_dqs_minus_dq_bit__idelay_cntvaluein_skew__lane0__dq2__ctrl_1__dqs_vs_dq_bit__value_ps,signed_dqs_minus_dq_bit,idelay_cntvaluein_skew,lane0,dq2,1,dqs_vs_dq_bit,-68,227,295,68,227,159,negative,positive,True,False,True
12,fail_to_fail,baseline-no-lock-seed-12,cntvaluein3-skew-locked-seed12-long-poll,False,False,2,0,none,signed_dqs_minus_dq_bit__idelay_cntvaluein_skew__lane0__dq2__ctrl_2__dqs_vs_dq_bit__value_ps,signed_dqs_minus_dq_bit,idelay_cntvaluein_skew,lane0,dq2,2,dqs_vs_dq_bit,795,136,-659,795,136,-659,positive,positive,False,True,False
12,fail_to_fail,baseline-no-lock-seed-12,cntvaluein3-skew-locked-seed12-long-poll,False,False,2,0,none,signed_dqs_minus_dq_bit__idelay_cntvaluein_skew__lane0__dq2__ctrl_3__dqs_vs_dq_bit__value_ps,signed_dqs_minus_dq_bit,idelay_cntvaluein_skew,lane0,dq2,3,dqs_vs_dq_bit,469,-509,-978,469,509,40,positive,negative,True,False,True
12,fail_to_fail,baseline-no-lock-seed-12,cntvaluein3-skew-locked-seed12-long-poll,False,False,2,0,none,signed_dqs_minus_dq_bit__idelay_cntvaluein_skew__lane0__dq2__ctrl_4__dqs_vs_dq_bit__value_ps,signed_dqs_minus_dq_bit,idelay_cntvaluein_skew,lane0,dq2,4,dqs_vs_dq_bit,-296,374,670,296,374,78,negative,positive,True,False,True
12,fail_to_fail,baseline-no-lock-seed-12,cntvaluein3-skew-locked-seed12-long-poll,False,False,2,0,none,signed_dqs_minus_dq_bit__idelay_cntvaluein_skew__lane0__dq3__ctrl_0__dqs_vs_dq_bit__value_ps,signed_dqs_minus_dq_bit,idelay_cntvaluein_skew,lane0,dq3,0,dqs_vs_dq_bit,195,-171,-366,195,171,-24,positive,negative,True,True,False
12,fail_to_fail,baseline-no-lock-seed-12,cntvaluein3-skew-locked-seed12-long-poll,False,False,2,0,none,signed_dqs_minus_dq_bit__idelay_cntvaluein_skew__lane0__dq3__ctrl_1__dqs_vs_dq_bit__value_ps,signed_dqs_minus_dq_bit,idelay_cntvaluein_skew,lane0,dq3,1,dqs_vs_dq_bit,-73,489,562,73,489,416,negative,positive,True,False,True
12,fail_to_fail,baseline-no-lock-seed-12,cntvaluein3-skew-locked-seed12-long-poll,False,False,2,0,none,signed_dqs_minus_dq_bit__idelay_cntvaluein_skew__lane0__dq3__ctrl_2__dqs_vs_dq_bit__value_ps,signed_dqs_minus_dq_bit,idelay_cntvaluein_skew,lane0,dq3,2,dqs_vs_dq_bit,879,344,-535,879,344,-535,positive,positive,False,True,False
12,fail_to_fail,baseline-no-lock-seed-12,cntvaluein3-skew-locked-seed12-long-poll,False,False,2,0,none,signed_dqs_minus_dq_bit__idelay_cntvaluein_skew__lane0__dq3__ctrl_3__dqs_vs_dq_bit__value_ps,signed_dqs_minus_dq_bit,idelay_cntvaluein_skew,lane0,dq3,3,dqs_vs_dq_bit,383,-312,-695,383,312,-71,positive,negative,True,True,False
12,fail_to_fail,baseline-no-lock-seed-12,cntvaluein3-skew-locked-seed12-long-poll,False,False,2,0,none,signed_dqs_minus_dq_bit__idelay_cntvaluein_skew__lane0__dq3__ctrl_4__dqs_vs_dq_bit__value_ps,signed_dqs_minus_dq_bit,idelay_cntvaluein_skew,lane0,dq3,4,dqs_vs_dq_bit,-51,453,504,51,453,402,negative,positive,True,False,True
12,fail_to_fail,baseline-no-lock-seed-12,cntvaluein3-skew-locked-seed12-long-poll,False,False,2,0,none,signed_dqs_minus_dq_bit__idelay_cntvaluein_skew__lane0__dq4__ctrl_0__dqs_vs_dq_bit__value_ps,signed_dqs_minus_dq_bit,idelay_cntvaluein_skew,lane0,dq4,0,dqs_vs_dq_bit,-209,-38,171,209,38,-171,negative,negative,False,True,False
12,fail_to_fail,baseline-no-lock-seed-12,cntvaluein3-skew-locked-seed12-long-poll,False,False,2,0,none,signed_dqs_minus_dq_bit__idelay_cntvaluein_skew__lane0__dq4__ctrl_1__dqs_vs_dq_bit__value_ps,signed_dqs_minus_dq_bit,idelay_cntvaluein_skew,lane0,dq4,1,dqs_vs_dq_bit,-227,229,456,227,229,2,negative,positive,True,False,True
12,fail_to_fail,baseline-no-lock-seed-12,cntvaluein3-skew-locked-seed12-long-poll,False,False,2,0,none,signed_dqs_minus_dq_bit__idelay_cntvaluein_skew__lane0__dq4__ctrl_2__dqs_vs_dq_bit__value_ps,signed_dqs_minus_dq_bit,idelay_cntvaluein_skew,lane0,dq4,2,dqs_vs_dq_bit,797,228,-569,797,228,-569,positive,positive,False,True,False
12,fail_to_fail,baseline-no-lock-seed-12,cntvaluein3-skew-locked-seed12-long-poll,False,False,2,0,none,signed_dqs_minus_dq_bit__idelay_cntvaluein_skew__lane0__dq4__ctrl_3__dqs_vs_dq_bit__value_ps,signed_dqs_minus_dq_bit,idelay_cntvaluein_skew,lane0,dq4,3,dqs_vs_dq_bit,416,-460,-876,416,460,44,positive,negative,True,False,True
12,fail_to_fail,baseline-no-lock-seed-12,cntvaluein3-skew-locked-seed12-long-poll,False,False,2,0,none,signed_dqs_minus_dq_bit__idelay_cntvaluein_skew__lane0__dq4__ctrl_4__dqs_vs_dq_bit__value_ps,signed_dqs_minus_dq_bit,idelay_cntvaluein_skew,lane0,dq4,4,dqs_vs_dq_bit,-289,292,581,289,292,3,negative,positive,True,False,True
12,fail_to_fail,baseline-no-lock-seed-12,cntvaluein3-skew-locked-seed12-long-poll,False,False,2,0,none,signed_dqs_minus_dq_bit__idelay_cntvaluein_skew__lane0__dq5__ctrl_0__dqs_vs_dq_bit__value_ps,signed_dqs_minus_dq_bit,idelay_cntvaluein_skew,lane0,dq5,0,dqs_vs_dq_bit,108,-178,-286,108,178,70,positive,negative,True,False,True
12,fail_to_fail,baseline-no-lock-seed-12,cntvaluein3-skew-locked-seed12-long-poll,False,False,2,0,none,signed_dqs_minus_dq_bit__idelay_cntvaluein_skew__lane0__dq5__ctrl_1__dqs_vs_dq_bit__value_ps,signed_dqs_minus_dq_bit,idelay_cntvaluein_skew,lane0,dq5,1,dqs_vs_dq_bit,-163,398,561,163,398,235,negative,positive,True,False,True
12,fail_to_fail,baseline-no-lock-seed-12,cntvaluein3-skew-locked-seed12-long-poll,False,False,2,0,none,signed_dqs_minus_dq_bit__idelay_cntvaluein_skew__lane0__dq5__ctrl_2__dqs_vs_dq_bit__value_ps,signed_dqs_minus_dq_bit,idelay_cntvaluein_skew,lane0,dq5,2,dqs_vs_dq_bit,728,261,-467,728,261,-467,positive,positive,False,True,False
12,fail_to_fail,baseline-no-lock-seed-12,cntvaluein3-skew-locked-seed12-long-poll,False,False,2,0,none,signed_dqs_minus_dq_bit__idelay_cntvaluein_skew__lane0__dq5__ctrl_3__dqs_vs_dq_bit__value_ps,signed_dqs_minus_dq_bit,idelay_cntvaluein_skew,lane0,dq5,3,dqs_vs_dq_bit,387,-342,-729,387,342,-45,positive,negative,True,True,False
12,fail_to_fail,baseline-no-lock-seed-12,cntvaluein3-skew-locked-seed12-long-poll,False,False,2,0,none,signed_dqs_minus_dq_bit__idelay_cntvaluein_skew__lane0__dq5__ctrl_4__dqs_vs_dq_bit__value_ps,signed_dqs_minus_dq_bit,idelay_cntvaluein_skew,lane0,dq5,4,dqs_vs_dq_bit,-140,533,673,140,533,393,negative,positive,True,False,True
12,fail_to_fail,baseline-no-lock-seed-12,cntvaluein3-skew-locked-seed12-long-poll,False,False,2,0,none,signed_dqs_minus_dq_bit__idelay_cntvaluein_skew__lane0__dq6__ctrl_0__dqs_vs_dq_bit__value_ps,signed_dqs_minus_dq_bit,idelay_cntvaluein_skew,lane0,dq6,0,dqs_vs_dq_bit,9,12,3,9,12,3,positive,positive,False,False,True
12,fail_to_fail,baseline-no-lock-seed-12,cntvaluein3-skew-locked-seed12-long-poll,False,False,2,0,none,signed_dqs_minus_dq_bit__idelay_cntvaluein_skew__lane0__dq6__ctrl_1__dqs_vs_dq_bit__value_ps,signed_dqs_minus_dq_bit,idelay_cntvaluein_skew,lane0,dq6,1,dqs_vs_dq_bit,-160,135,295,160,135,-25,negative,positive,True,True,False
12,fail_to_fail,baseline-no-lock-seed-12,cntvaluein3-skew-locked-seed12-long-poll,False,False,2,0,none,signed_dqs_minus_dq_bit__idelay_cntvaluein_skew__lane0__dq6__ctrl_2__dqs_vs_dq_bit__value_ps,signed_dqs_minus_dq_bit,idelay_cntvaluein_skew,lane0,dq6,2,dqs_vs_dq_bit,794,347,-447,794,347,-447,positive,positive,False,True,False
12,fail_to_fail,baseline-no-lock-seed-12,cntvaluein3-skew-locked-seed12-long-poll,False,False,2,0,none,signed_dqs_minus_dq_bit__idelay_cntvaluein_skew__lane0__dq6__ctrl_3__dqs_vs_dq_bit__value_ps,signed_dqs_minus_dq_bit,idelay_cntvaluein_skew,lane0,dq6,3,dqs_vs_dq_bit,375,-691,-1066,375,691,316,positive,negative,True,False,True
12,fail_to_fail,baseline-no-lock-seed-12,cntvaluein3-skew-locked-seed12-long-poll,False,False,2,0,none,signed_dqs_minus_dq_bit__idelay_cntvaluein_skew__lane0__dq6__ctrl_4__dqs_vs_dq_bit__value_ps,signed_dqs_minus_dq_bit,idelay_cntvaluein_skew,lane0,dq6,4,dqs_vs_dq_bit,-391,279,670,391,279,-112,negative,positive,True,True,False
12,fail_to_fail,baseline-no-lock-seed-12,cntvaluein3-skew-locked-seed12-long-poll,False,False,2,0,none,signed_dqs_minus_dq_bit__idelay_cntvaluein_skew__lane0__dq7__ctrl_0__dqs_vs_dq_bit__value_ps,signed_dqs_minus_dq_bit,idelay_cntvaluein_skew,lane0,dq7,0,dqs_vs_dq_bit,93,66,-27,93,66,-27,positive,positive,False,True,False
12,fail_to_fail,baseline-no-lock-seed-12,cntvaluein3-skew-locked-seed12-long-poll,False,False,2,0,none,signed_dqs_minus_dq_bit__idelay_cntvaluein_skew__lane0__dq7__ctrl_1__dqs_vs_dq_bit__value_ps,signed_dqs_minus_dq_bit,idelay_cntvaluein_skew,lane0,dq7,1,dqs_vs_dq_bit,-168,137,305,168,137,-31,negative,positive,True,True,False
12,fail_to_fail,baseline-no-lock-seed-12,cntvaluein3-skew-locked-seed12-long-poll,False,False,2,0,none,signed_dqs_minus_dq_bit__idelay_cntvaluein_skew__lane0__dq7__ctrl_2__dqs_vs_dq_bit__value_ps,signed_dqs_minus_dq_bit,idelay_cntvaluein_skew,lane0,dq7,2,dqs_vs_dq_bit,863,134,-729,863,134,-729,positive,positive,False,True,False
12,fail_to_fail,baseline-no-lock-seed-12,cntvaluein3-skew-locked-seed12-long-poll,False,False,2,0,none,signed_dqs_minus_dq_bit__idelay_cntvaluein_skew__lane0__dq7__ctrl_3__dqs_vs_dq_bit__value_ps,signed_dqs_minus_dq_bit,idelay_cntvaluein_skew,lane0,dq7,3,dqs_vs_dq_bit,378,-599,-977,378,599,221,positive,negative,True,False,True
12,fail_to_fail,baseline-no-lock-seed-12,cntvaluein3-skew-locked-seed12-long-poll,False,False,2,0,none,signed_dqs_minus_dq_bit__idelay_cntvaluein_skew__lane0__dq7__ctrl_4__dqs_vs_dq_bit__value_ps,signed_dqs_minus_dq_bit,idelay_cntvaluein_skew,lane0,dq7,4,dqs_vs_dq_bit,-384,286,670,384,286,-98,negative,positive,True,True,False
12,fail_to_fail,baseline-no-lock-seed-12,cntvaluein3-skew-locked-seed12-long-poll,False,False,2,0,none,signed_dqs_minus_dq_bit__idelay_cntvaluein_skew__lane1__dq10__ctrl_0__dqs_vs_dq_bit__value_ps,signed_dqs_minus_dq_bit,idelay_cntvaluein_skew,lane1,dq10,0,dqs_vs_dq_bit,-34,-160,-126,34,160,126,negative,negative,False,False,True
12,fail_to_fail,baseline-no-lock-seed-12,cntvaluein3-skew-locked-seed12-long-poll,False,False,2,0,none,signed_dqs_minus_dq_bit__idelay_cntvaluein_skew__lane1__dq10__ctrl_1__dqs_vs_dq_bit__value_ps,signed_dqs_minus_dq_bit,idelay_cntvaluein_skew,lane1,dq10,1,dqs_vs_dq_bit,69,377,308,69,377,308,positive,positive,False,False,True
12,fail_to_fail,baseline-no-lock-seed-12,cntvaluein3-skew-locked-seed12-long-poll,False,False,2,0,none,signed_dqs_minus_dq_bit__idelay_cntvaluein_skew__lane1__dq10__ctrl_2__dqs_vs_dq_bit__value_ps,signed_dqs_minus_dq_bit,idelay_cntvaluein_skew,lane1,dq10,2,dqs_vs_dq_bit,737,224,-513,737,224,-513,positive,positive,False,True,False
12,fail_to_fail,baseline-no-lock-seed-12,cntvaluein3-skew-locked-seed12-long-poll,False,False,2,0,none,signed_dqs_minus_dq_bit__idelay_cntvaluein_skew__lane1__dq10__ctrl_3__dqs_vs_dq_bit__value_ps,signed_dqs_minus_dq_bit,idelay_cntvaluein_skew,lane1,dq10,3,dqs_vs_dq_bit,293,-508,-801,293,508,215,positive,negative,True,False,True
12,fail_to_fail,baseline-no-lock-seed-12,cntvaluein3-skew-locked-seed12-long-poll,False,False,2,0,none,signed_dqs_minus_dq_bit__idelay_cntvaluein_skew__lane1__dq10__ctrl_4__dqs_vs_dq_bit__value_ps,signed_dqs_minus_dq_bit,idelay_cntvaluein_skew,lane1,dq10,4,dqs_vs_dq_bit,-28,357,385,28,357,329,negative,positive,True,False,True
12,fail_to_fail,baseline-no-lock-seed-12,cntvaluein3-skew-locked-seed12-long-poll,False,False,2,0,none,signed_dqs_minus_dq_bit__idelay_cntvaluein_skew__lane1__dq11__ctrl_0__dqs_vs_dq_bit__value_ps,signed_dqs_minus_dq_bit,idelay_cntvaluein_skew,lane1,dq11,0,dqs_vs_dq_bit,150,-512,-662,150,512,362,positive,negative,True,False,True
12,fail_to_fail,baseline-no-lock-seed-12,cntvaluein3-skew-locked-seed12-long-poll,False,False,2,0,none,signed_dqs_minus_dq_bit__idelay_cntvaluein_skew__lane1__dq11__ctrl_1__dqs_vs_dq_bit__value_ps,signed_dqs_minus_dq_bit,idelay_cntvaluein_skew,lane1,dq11,1,dqs_vs_dq_bit,58,424,366,58,424,366,positive,positive,False,False,True
12,fail_to_fail,baseline-no-lock-seed-12,cntvaluein3-skew-locked-seed12-long-poll,False,False,2,0,none,signed_dqs_minus_dq_bit__idelay_cntvaluein_skew__lane1__dq11__ctrl_2__dqs_vs_dq_bit__value_ps,signed_dqs_minus_dq_bit,idelay_cntvaluein_skew,lane1,dq11,2,dqs_vs_dq_bit,717,388,-329,717,388,-329,positive,positive,False,True,False
12,fail_to_fail,baseline-no-lock-seed-12,cntvaluein3-skew-locked-seed12-long-poll,False,False,2,0,none,signed_dqs_minus_dq_bit__idelay_cntvaluein_skew__lane1__dq11__ctrl_3__dqs_vs_dq_bit__value_ps,signed_dqs_minus_dq_bit,idelay_cntvaluein_skew,lane1,dq11,3,dqs_vs_dq_bit,281,-330,-611,281,330,49,positive,negative,True,False,True
12,fail_to_fail,baseline-no-lock-seed-12,cntvaluein3-skew-locked-seed12-long-poll,False,False,2,0,none,signed_dqs_minus_dq_bit__idelay_cntvaluein_skew__lane1__dq11__ctrl_4__dqs_vs_dq_bit__value_ps,signed_dqs_minus_dq_bit,idelay_cntvaluein_skew,lane1,dq11,4,dqs_vs_dq_bit,18,567,549,18,567,549,positive,positive,False,False,True
12,fail_to_fail,baseline-no-lock-seed-12,cntvaluein3-skew-locked-seed12-long-poll,False,False,2,0,none,signed_dqs_minus_dq_bit__idelay_cntvaluein_skew__lane1__dq12__ctrl_0__dqs_vs_dq_bit__value_ps,signed_dqs_minus_dq_bit,idelay_cntvaluein_skew,lane1,dq12,0,dqs_vs_dq_bit,142,-248,-390,142,248,106,positive,negative,True,False,True
12,fail_to_fail,baseline-no-lock-seed-12,cntvaluein3-skew-locked-seed12-long-poll,False,False,2,0,none,signed_dqs_minus_dq_bit__idelay_cntvaluein_skew__lane1__dq12__ctrl_1__dqs_vs_dq_bit__value_ps,signed_dqs_minus_dq_bit,idelay_cntvaluein_skew,lane1,dq12,1,dqs_vs_dq_bit,-16,295,311,16,295,279,negative,positive,True,False,True
12,fail_to_fail,baseline-no-lock-seed-12,cntvaluein3-skew-locked-seed12-long-poll,False,False,2,0,none,signed_dqs_minus_dq_bit__idelay_cntvaluein_skew__lane1__dq12__ctrl_2__dqs_vs_dq_bit__value_ps,signed_dqs_minus_dq_bit,idelay_cntvaluein_skew,lane1,dq12,2,dqs_vs_dq_bit,566,172,-394,566,172,-394,positive,positive,False,True,False
12,fail_to_fail,baseline-no-lock-seed-12,cntvaluein3-skew-locked-seed12-long-poll,False,False,2,0,none,signed_dqs_minus_dq_bit__idelay_cntvaluein_skew__lane1__dq12__ctrl_3__dqs_vs_dq_bit__value_ps,signed_dqs_minus_dq_bit,idelay_cntvaluein_skew,lane1,dq12,3,dqs_vs_dq_bit,209,-296,-505,209,296,87,positive,negative,True,False,True
12,fail_to_fail,baseline-no-lock-seed-12,cntvaluein3-skew-locked-seed12-long-poll,False,False,2,0,none,signed_dqs_minus_dq_bit__idelay_cntvaluein_skew__lane1__dq12__ctrl_4__dqs_vs_dq_bit__value_ps,signed_dqs_minus_dq_bit,idelay_cntvaluein_skew,lane1,dq12,4,dqs_vs_dq_bit,-105,271,376,105,271,166,negative,positive,True,False,True
12,fail_to_fail,baseline-no-lock-seed-12,cntvaluein3-skew-locked-seed12-long-poll,False,False,2,0,none,signed_dqs_minus_dq_bit__idelay_cntvaluein_skew__lane1__dq13__ctrl_0__dqs_vs_dq_bit__value_ps,signed_dqs_minus_dq_bit,idelay_cntvaluein_skew,lane1,dq13,0,dqs_vs_dq_bit,66,-601,-667,66,601,535,positive,negative,True,False,True
12,fail_to_fail,baseline-no-lock-seed-12,cntvaluein3-skew-locked-seed12-long-poll,False,False,2,0,none,signed_dqs_minus_dq_bit__idelay_cntvaluein_skew__lane1__dq13__ctrl_1__dqs_vs_dq_bit__value_ps,signed_dqs_minus_dq_bit,idelay_cntvaluein_skew,lane1,dq13,1,dqs_vs_dq_bit,-33,342,375,33,342,309,negative,positive,True,False,True
12,fail_to_fail,baseline-no-lock-seed-12,cntvaluein3-skew-locked-seed12-long-poll,False,False,2,0,none,signed_dqs_minus_dq_bit__idelay_cntvaluein_skew__lane1__dq13__ctrl_2__dqs_vs_dq_bit__value_ps,signed_dqs_minus_dq_bit,idelay_cntvaluein_skew,lane1,dq13,2,dqs_vs_dq_bit,712,297,-415,712,297,-415,positive,positive,False,True,False
12,fail_to_fail,baseline-no-lock-seed-12,cntvaluein3-skew-locked-seed12-long-poll,False,False,2,0,none,signed_dqs_minus_dq_bit__idelay_cntvaluein_skew__lane1__dq13__ctrl_3__dqs_vs_dq_bit__value_ps,signed_dqs_minus_dq_bit,idelay_cntvaluein_skew,lane1,dq13,3,dqs_vs_dq_bit,196,-174,-370,196,174,-22,positive,negative,True,True,False
12,fail_to_fail,baseline-no-lock-seed-12,cntvaluein3-skew-locked-seed12-long-poll,False,False,2,0,none,signed_dqs_minus_dq_bit__idelay_cntvaluein_skew__lane1__dq13__ctrl_4__dqs_vs_dq_bit__value_ps,signed_dqs_minus_dq_bit,idelay_cntvaluein_skew,lane1,dq13,4,dqs_vs_dq_bit,115,703,588,115,703,588,positive,positive,False,False,True
12,fail_to_fail,baseline-no-lock-seed-12,cntvaluein3-skew-locked-seed12-long-poll,False,False,2,0,none,signed_dqs_minus_dq_bit__idelay_cntvaluein_skew__lane1__dq14__ctrl_0__dqs_vs_dq_bit__value_ps,signed_dqs_minus_dq_bit,idelay_cntvaluein_skew,lane1,dq14,0,dqs_vs_dq_bit,147,-336,-483,147,336,189,positive,negative,True,False,True
12,fail_to_fail,baseline-no-lock-seed-12,cntvaluein3-skew-locked-seed12-long-poll,False,False,2,0,none,signed_dqs_minus_dq_bit__idelay_cntvaluein_skew__lane1__dq14__ctrl_1__dqs_vs_dq_bit__value_ps,signed_dqs_minus_dq_bit,idelay_cntvaluein_skew,lane1,dq14,1,dqs_vs_dq_bit,-107,203,310,107,203,96,negative,positive,True,False,True
12,fail_to_fail,baseline-no-lock-seed-12,cntvaluein3-skew-locked-seed12-long-poll,False,False,2,0,none,signed_dqs_minus_dq_bit__idelay_cntvaluein_skew__lane1__dq14__ctrl_2__dqs_vs_dq_bit__value_ps,signed_dqs_minus_dq_bit,idelay_cntvaluein_skew,lane1,dq14,2,dqs_vs_dq_bit,482,182,-300,482,182,-300,positive,positive,False,True,False
12,fail_to_fail,baseline-no-lock-seed-12,cntvaluein3-skew-locked-seed12-long-poll,False,False,2,0,none,signed_dqs_minus_dq_bit__idelay_cntvaluein_skew__lane1__dq14__ctrl_3__dqs_vs_dq_bit__value_ps,signed_dqs_minus_dq_bit,idelay_cntvaluein_skew,lane1,dq14,3,dqs_vs_dq_bit,117,-350,-467,117,350,233,positive,negative,True,False,True
12,fail_to_fail,baseline-no-lock-seed-12,cntvaluein3-skew-locked-seed12-long-poll,False,False,2,0,none,signed_dqs_minus_dq_bit__idelay_cntvaluein_skew__lane1__dq14__ctrl_4__dqs_vs_dq_bit__value_ps,signed_dqs_minus_dq_bit,idelay_cntvaluein_skew,lane1,dq14,4,dqs_vs_dq_bit,-74,187,261,74,187,113,negative,positive,True,False,True
12,fail_to_fail,baseline-no-lock-seed-12,cntvaluein3-skew-locked-seed12-long-poll,False,False,2,0,none,signed_dqs_minus_dq_bit__idelay_cntvaluein_skew__lane1__dq15__ctrl_0__dqs_vs_dq_bit__value_ps,signed_dqs_minus_dq_bit,idelay_cntvaluein_skew,lane1,dq15,0,dqs_vs_dq_bit,408,16,-392,408,16,-392,positive,positive,False,True,False
12,fail_to_fail,baseline-no-lock-seed-12,cntvaluein3-skew-locked-seed12-long-poll,False,False,2,0,none,signed_dqs_minus_dq_bit__idelay_cntvaluein_skew__lane1__dq15__ctrl_1__dqs_vs_dq_bit__value_ps,signed_dqs_minus_dq_bit,idelay_cntvaluein_skew,lane1,dq15,1,dqs_vs_dq_bit,69,416,347,69,416,347,positive,positive,False,False,True
12,fail_to_fail,baseline-no-lock-seed-12,cntvaluein3-skew-locked-seed12-long-poll,False,False,2,0,none,signed_dqs_minus_dq_bit__idelay_cntvaluein_skew__lane1__dq15__ctrl_2__dqs_vs_dq_bit__value_ps,signed_dqs_minus_dq_bit,idelay_cntvaluein_skew,lane1,dq15,2,dqs_vs_dq_bit,737,528,-209,737,528,-209,positive,positive,False,True,False
12,fail_to_fail,baseline-no-lock-seed-12,cntvaluein3-skew-locked-seed12-long-poll,False,False,2,0,none,signed_dqs_minus_dq_bit__idelay_cntvaluein_skew__lane1__dq15__ctrl_3__dqs_vs_dq_bit__value_ps,signed_dqs_minus_dq_bit,idelay_cntvaluein_skew,lane1,dq15,3,dqs_vs_dq_bit,508,40,-468,508,40,-468,positive,positive,False,True,False
12,fail_to_fail,baseline-no-lock-seed-12,cntvaluein3-skew-locked-seed12-long-poll,False,False,2,0,none,signed_dqs_minus_dq_bit__idelay_cntvaluein_skew__lane1__dq15__ctrl_4__dqs_vs_dq_bit__value_ps,signed_dqs_minus_dq_bit,idelay_cntvaluein_skew,lane1,dq15,4,dqs_vs_dq_bit,76,736,660,76,736,660,positive,positive,False,False,True
12,fail_to_fail,baseline-no-lock-seed-12,cntvaluein3-skew-locked-seed12-long-poll,False,False,2,0,none,signed_dqs_minus_dq_bit__idelay_cntvaluein_skew__lane1__dq8__ctrl_0__dqs_vs_dq_bit__value_ps,signed_dqs_minus_dq_bit,idelay_cntvaluein_skew,lane1,dq8,0,dqs_vs_dq_bit,63,-425,-488,63,425,362,positive,negative,True,False,True
12,fail_to_fail,baseline-no-lock-seed-12,cntvaluein3-skew-locked-seed12-long-poll,False,False,2,0,none,signed_dqs_minus_dq_bit__idelay_cntvaluein_skew__lane1__dq8__ctrl_1__dqs_vs_dq_bit__value_ps,signed_dqs_minus_dq_bit,idelay_cntvaluein_skew,lane1,dq8,1,dqs_vs_dq_bit,143,112,-31,143,112,-31,positive,positive,False,True,False
12,fail_to_fail,baseline-no-lock-seed-12,cntvaluein3-skew-locked-seed12-long-poll,False,False,2,0,none,signed_dqs_minus_dq_bit__idelay_cntvaluein_skew__lane1__dq8__ctrl_2__dqs_vs_dq_bit__value_ps,signed_dqs_minus_dq_bit,idelay_cntvaluein_skew,lane1,dq8,2,dqs_vs_dq_bit,392,264,-128,392,264,-128,positive,positive,False,True,False
12,fail_to_fail,baseline-no-lock-seed-12,cntvaluein3-skew-locked-seed12-long-poll,False,False,2,0,none,signed_dqs_minus_dq_bit__idelay_cntvaluein_skew__lane1__dq8__ctrl_3__dqs_vs_dq_bit__value_ps,signed_dqs_minus_dq_bit,idelay_cntvaluein_skew,lane1,dq8,3,dqs_vs_dq_bit,26,-352,-378,26,352,326,positive,negative,True,False,True
12,fail_to_fail,baseline-no-lock-seed-12,cntvaluein3-skew-locked-seed12-long-poll,False,False,2,0,none,signed_dqs_minus_dq_bit__idelay_cntvaluein_skew__lane1__dq8__ctrl_4__dqs_vs_dq_bit__value_ps,signed_dqs_minus_dq_bit,idelay_cntvaluein_skew,lane1,dq8,4,dqs_vs_dq_bit,-62,622,684,62,622,560,negative,positive,True,False,True
12,fail_to_fail,baseline-no-lock-seed-12,cntvaluein3-skew-locked-seed12-long-poll,False,False,2,0,none,signed_dqs_minus_dq_bit__idelay_cntvaluein_skew__lane1__dq9__ctrl_0__dqs_vs_dq_bit__value_ps,signed_dqs_minus_dq_bit,idelay_cntvaluein_skew,lane1,dq9,0,dqs_vs_dq_bit,490,104,-386,490,104,-386,positive,positive,False,True,False
12,fail_to_fail,baseline-no-lock-seed-12,cntvaluein3-skew-locked-seed12-long-poll,False,False,2,0,none,signed_dqs_minus_dq_bit__idelay_cntvaluein_skew__lane1__dq9__ctrl_1__dqs_vs_dq_bit__value_ps,signed_dqs_minus_dq_bit,idelay_cntvaluein_skew,lane1,dq9,1,dqs_vs_dq_bit,-21,332,353,21,332,311,negative,positive,True,False,True
12,fail_to_fail,baseline-no-lock-seed-12,cntvaluein3-skew-locked-seed12-long-poll,False,False,2,0,none,signed_dqs_minus_dq_bit__idelay_cntvaluein_skew__lane1__dq9__ctrl_2__dqs_vs_dq_bit__value_ps,signed_dqs_minus_dq_bit,idelay_cntvaluein_skew,lane1,dq9,2,dqs_vs_dq_bit,589,437,-152,589,437,-152,positive,positive,False,True,False
12,fail_to_fail,baseline-no-lock-seed-12,cntvaluein3-skew-locked-seed12-long-poll,False,False,2,0,none,signed_dqs_minus_dq_bit__idelay_cntvaluein_skew__lane1__dq9__ctrl_3__dqs_vs_dq_bit__value_ps,signed_dqs_minus_dq_bit,idelay_cntvaluein_skew,lane1,dq9,3,dqs_vs_dq_bit,418,-94,-512,418,94,-324,positive,negative,True,True,False
12,fail_to_fail,baseline-no-lock-seed-12,cntvaluein3-skew-locked-seed12-long-poll,False,False,2,0,none,signed_dqs_minus_dq_bit__idelay_cntvaluein_skew__lane1__dq9__ctrl_4__dqs_vs_dq_bit__value_ps,signed_dqs_minus_dq_bit,idelay_cntvaluein_skew,lane1,dq9,4,dqs_vs_dq_bit,253,650,397,253,650,397,positive,positive,False,False,True
12,fail_to_fail,baseline-no-lock-seed-12,cntvaluein3-skew-locked-seed12-long-poll,False,False,2,0,none,signed_dqs_minus_dq_median__idelay_cntvaluein_skew__lane0__dqs0__ctrl_0__dqs_vs_dq_lane__value_ps,signed_dqs_minus_dq_median,idelay_cntvaluein_skew,lane0,dqs0,0,dqs_vs_dq_lane,48.5,29,-19.5,48.5,29,-19.5,positive,positive,False,True,False
12,fail_to_fail,baseline-no-lock-seed-12,cntvaluein3-skew-locked-seed12-long-poll,False,False,2,0,none,signed_dqs_minus_dq_median__idelay_cntvaluein_skew__lane0__dqs0__ctrl_1__dqs_vs_dq_lane__value_ps,signed_dqs_minus_dq_median,idelay_cntvaluein_skew,lane0,dqs0,1,dqs_vs_dq_lane,-161.5,275,436.5,161.5,275,113.5,negative,positive,True,False,True
12,fail_to_fail,baseline-no-lock-seed-12,cntvaluein3-skew-locked-seed12-long-poll,False,False,2,0,none,signed_dqs_minus_dq_median__idelay_cntvaluein_skew__lane0__dqs0__ctrl_2__dqs_vs_dq_lane__value_ps,signed_dqs_minus_dq_median,idelay_cntvaluein_skew,lane0,dqs0,2,dqs_vs_dq_lane,794.5,244.5,-550,794.5,244.5,-550,positive,positive,False,True,False
12,fail_to_fail,baseline-no-lock-seed-12,cntvaluein3-skew-locked-seed12-long-poll,False,False,2,0,none,signed_dqs_minus_dq_median__idelay_cntvaluein_skew__lane0__dqs0__ctrl_3__dqs_vs_dq_lane__value_ps,signed_dqs_minus_dq_median,idelay_cntvaluein_skew,lane0,dqs0,3,dqs_vs_dq_lane,401.5,-484.5,-886,401.5,484.5,83,positive,negative,True,False,True
12,fail_to_fail,baseline-no-lock-seed-12,cntvaluein3-skew-locked-seed12-long-poll,False,False,2,0,none,signed_dqs_minus_dq_median__idelay_cntvaluein_skew__lane0__dqs0__ctrl_4__dqs_vs_dq_lane__value_ps,signed_dqs_minus_dq_median,idelay_cntvaluein_skew,lane0,dqs0,4,dqs_vs_dq_lane,-244.5,413.5,658,244.5,413.5,169,negative,positive,True,False,True
12,fail_to_fail,baseline-no-lock-seed-12,cntvaluein3-skew-locked-seed12-long-poll,False,False,2,0,none,signed_dqs_minus_dq_median__idelay_cntvaluein_skew__lane1__dqs1__ctrl_0__dqs_vs_dq_lane__value_ps,signed_dqs_minus_dq_median,idelay_cntvaluein_skew,lane1,dqs1,0,dqs_vs_dq_lane,144.5,-292,-436.5,144.5,292,147.5,positive,negative,True,False,True
12,fail_to_fail,baseline-no-lock-seed-12,cntvaluein3-skew-locked-seed12-long-poll,False,False,2,0,none,signed_dqs_minus_dq_median__idelay_cntvaluein_skew__lane1__dqs1__ctrl_1__dqs_vs_dq_lane__value_ps,signed_dqs_minus_dq_median,idelay_cntvaluein_skew,lane1,dqs1,1,dqs_vs_dq_lane,21,337,316,21,337,316,positive,positive,False,False,True
12,fail_to_fail,baseline-no-lock-seed-12,cntvaluein3-skew-locked-seed12-long-poll,False,False,2,0,none,signed_dqs_minus_dq_median__idelay_cntvaluein_skew__lane1__dqs1__ctrl_2__dqs_vs_dq_lane__value_ps,signed_dqs_minus_dq_median,idelay_cntvaluein_skew,lane1,dqs1,2,dqs_vs_dq_lane,650.5,280.5,-370,650.5,280.5,-370,positive,positive,False,True,False
12,fail_to_fail,baseline-no-lock-seed-12,cntvaluein3-skew-locked-seed12-long-poll,False,False,2,0,none,signed_dqs_minus_dq_median__idelay_cntvaluein_skew__lane1__dqs1__ctrl_3__dqs_vs_dq_lane__value_ps,signed_dqs_minus_dq_median,idelay_cntvaluein_skew,lane1,dqs1,3,dqs_vs_dq_lane,245,-313,-558,245,313,68,positive,negative,True,False,True
12,fail_to_fail,baseline-no-lock-seed-12,cntvaluein3-skew-locked-seed12-long-poll,False,False,2,0,none,signed_dqs_minus_dq_median__idelay_cntvaluein_skew__lane1__dqs1__ctrl_4__dqs_vs_dq_lane__value_ps,signed_dqs_minus_dq_median,idelay_cntvaluein_skew,lane1,dqs1,4,dqs_vs_dq_lane,-5,594.5,599.5,5,594.5,589.5,negative,positive,True,False,True
12,fail_to_fail,baseline-no-lock-seed-12,cntvaluein3-skew-locked-seed12-long-poll,False,False,2,0,none,signed_lane1_minus_lane0_dq_median__idelay_cntvaluein_skew__all__no_bit__ctrl_0__lane1_vs_lane0_dq__value_ps,signed_lane1_minus_lane0_dq_median,idelay_cntvaluein_skew,all,,0,lane1_vs_lane0_dq,-365,19,384,365,19,-346,negative,positive,True,True,False
12,fail_to_fail,baseline-no-lock-seed-12,cntvaluein3-skew-locked-seed12-long-poll,False,False,2,0,none,signed_lane1_minus_lane0_dq_median__idelay_cntvaluein_skew__all__no_bit__ctrl_1__lane1_vs_lane0_dq__value_ps,signed_lane1_minus_lane0_dq_median,idelay_cntvaluein_skew,all,,1,lane1_vs_lane0_dq,-267.5,-376,-108.5,267.5,376,108.5,negative,negative,False,False,True
12,fail_to_fail,baseline-no-lock-seed-12,cntvaluein3-skew-locked-seed12-long-poll,False,False,2,0,none,signed_lane1_minus_lane0_dq_median__idelay_cntvaluein_skew__all__no_bit__ctrl_2__lane1_vs_lane0_dq__value_ps,signed_lane1_minus_lane0_dq_median,idelay_cntvaluein_skew,all,,2,lane1_vs_lane0_dq,-212,-378,-166,212,378,166,negative,negative,False,False,True
12,fail_to_fail,baseline-no-lock-seed-12,cntvaluein3-skew-locked-seed12-long-poll,False,False,2,0,none,signed_lane1_minus_lane0_dq_median__idelay_cntvaluein_skew__all__no_bit__ctrl_3__lane1_vs_lane0_dq__value_ps,signed_lane1_minus_lane0_dq_median,idelay_cntvaluein_skew,all,,3,lane1_vs_lane0_dq,-116.5,-434.5,-318,116.5,434.5,318,negative,negative,False,False,True
12,fail_to_fail,baseline-no-lock-seed-12,cntvaluein3-skew-locked-seed12-long-poll,False,False,2,0,none,signed_lane1_minus_lane0_dq_median__idelay_cntvaluein_skew__all__no_bit__ctrl_4__lane1_vs_lane0_dq__value_ps,signed_lane1_minus_lane0_dq_median,idelay_cntvaluein_skew,all,,4,lane1_vs_lane0_dq,-517.5,-365,152.5,517.5,365,-152.5,negative,negative,False,True,False
12,fail_to_fail,baseline-no-lock-seed-12,cntvaluein3-skew-locked-seed12-long-poll,False,False,2,0,none,signed_lane1_minus_lane0_dqs__idelay_cntvaluein_skew__all__no_bit__ctrl_0__lane1_vs_lane0_dqs__value_ps,signed_lane1_minus_lane0_dqs,idelay_cntvaluein_skew,all,,0,lane1_vs_lane0_dqs,-269,-302,-33,269,302,33,negative,negative,False,False,True
12,fail_to_fail,baseline-no-lock-seed-12,cntvaluein3-skew-locked-seed12-long-poll,False,False,2,0,none,signed_lane1_minus_lane0_dqs__idelay_cntvaluein_skew__all__no_bit__ctrl_1__lane1_vs_lane0_dqs__value_ps,signed_lane1_minus_lane0_dqs,idelay_cntvaluein_skew,all,,1,lane1_vs_lane0_dqs,-85,-314,-229,85,314,229,negative,negative,False,False,True
12,fail_to_fail,baseline-no-lock-seed-12,cntvaluein3-skew-locked-seed12-long-poll,False,False,2,0,none,signed_lane1_minus_lane0_dqs__idelay_cntvaluein_skew__all__no_bit__ctrl_2__lane1_vs_lane0_dqs__value_ps,signed_lane1_minus_lane0_dqs,idelay_cntvaluein_skew,all,,2,lane1_vs_lane0_dqs,-356,-342,14,356,342,-14,negative,negative,False,True,False
12,fail_to_fail,baseline-no-lock-seed-12,cntvaluein3-skew-locked-seed12-long-poll,False,False,2,0,none,signed_lane1_minus_lane0_dqs__idelay_cntvaluein_skew__all__no_bit__ctrl_3__lane1_vs_lane0_dqs__value_ps,signed_lane1_minus_lane0_dqs,idelay_cntvaluein_skew,all,,3,lane1_vs_lane0_dqs,-273,-263,10,273,263,-10,negative,negative,False,True,False
12,fail_to_fail,baseline-no-lock-seed-12,cntvaluein3-skew-locked-seed12-long-poll,False,False,2,0,none,signed_lane1_minus_lane0_dqs__idelay_cntvaluein_skew__all__no_bit__ctrl_4__lane1_vs_lane0_dqs__value_ps,signed_lane1_minus_lane0_dqs,idelay_cntvaluein_skew,all,,4,lane1_vs_lane0_dqs,-278,-184,94,278,184,-94,negative,negative,False,True,False
12,fail_to_fail,baseline-no-lock-seed-12,cntvaluein3-skew-locked-seed12-long-poll,False,False,2,0,none,signed_ld_dqs_minus_dq_median__idelay_ld_skew__lane0__dqs0__ctrl_none__dqs_vs_dq_lane__value_ps,signed_ld_dqs_minus_dq_median,idelay_ld_skew,lane0,dqs0,,dqs_vs_dq_lane,-201,187.5,388.5,201,187.5,-13.5,negative,positive,True,True,False
12,fail_to_fail,baseline-no-lock-seed-12,cntvaluein3-skew-locked-seed12-long-poll,False,False,2,0,none,signed_ld_dqs_minus_dq_median__idelay_ld_skew__lane1__dqs1__ctrl_none__dqs_vs_dq_lane__value_ps,signed_ld_dqs_minus_dq_median,idelay_ld_skew,lane1,dqs1,,dqs_vs_dq_lane,-116,-179.5,-63.5,116,179.5,63.5,negative,negative,False,False,True
12,fail_to_fail,baseline-no-lock-seed-12,cntvaluein3-skew-locked-seed12-long-poll,False,False,2,0,none,signed_ld_minus_cntvaluein_dq_median__idelay_ld_cntvaluein_skew__lane0__no_bit__ctrl_0__ld_vs_cntvaluein_dq_lane__value_ps,signed_ld_minus_cntvaluein_dq_median,idelay_ld_cntvaluein_skew,lane0,,0,ld_vs_cntvaluein_dq_lane,-180.5,446.5,627,180.5,446.5,266,negative,positive,True,False,True
12,fail_to_fail,baseline-no-lock-seed-12,cntvaluein3-skew-locked-seed12-long-poll,False,False,2,0,none,signed_ld_minus_cntvaluein_dq_median__idelay_ld_cntvaluein_skew__lane0__no_bit__ctrl_1__ld_vs_cntvaluein_dq_lane__value_ps,signed_ld_minus_cntvaluein_dq_median,idelay_ld_cntvaluein_skew,lane0,,1,ld_vs_cntvaluein_dq_lane,168.5,266.5,98,168.5,266.5,98,positive,positive,False,False,True
12,fail_to_fail,baseline-no-lock-seed-12,cntvaluein3-skew-locked-seed12-long-poll,False,False,2,0,none,signed_ld_minus_cntvaluein_dq_median__idelay_ld_cntvaluein_skew__lane0__no_bit__ctrl_2__ld_vs_cntvaluein_dq_lane__value_ps,signed_ld_minus_cntvaluein_dq_median,idelay_ld_cntvaluein_skew,lane0,,2,ld_vs_cntvaluein_dq_lane,187.5,299,111.5,187.5,299,111.5,positive,positive,False,False,True
12,fail_to_fail,baseline-no-lock-seed-12,cntvaluein3-skew-locked-seed12-long-poll,False,False,2,0,none,signed_ld_minus_cntvaluein_dq_median__idelay_ld_cntvaluein_skew__lane0__no_bit__ctrl_3__ld_vs_cntvaluein_dq_lane__value_ps,signed_ld_minus_cntvaluein_dq_median,idelay_ld_cntvaluein_skew,lane0,,3,ld_vs_cntvaluein_dq_lane,160.5,-789,-949.5,160.5,789,628.5,positive,negative,True,False,True
12,fail_to_fail,baseline-no-lock-seed-12,cntvaluein3-skew-locked-seed12-long-poll,False,False,2,0,none,signed_ld_minus_cntvaluein_dq_median__idelay_ld_cntvaluein_skew__lane0__no_bit__ctrl_4__ld_vs_cntvaluein_dq_lane__value_ps,signed_ld_minus_cntvaluein_dq_median,idelay_ld_cntvaluein_skew,lane0,,4,ld_vs_cntvaluein_dq_lane,-500.5,412,912.5,500.5,412,-88.5,negative,positive,True,True,False
12,fail_to_fail,baseline-no-lock-seed-12,cntvaluein3-skew-locked-seed12-long-poll,False,False,2,0,none,signed_ld_minus_cntvaluein_dq_median__idelay_ld_cntvaluein_skew__lane1__no_bit__ctrl_0__ld_vs_cntvaluein_dq_lane__value_ps,signed_ld_minus_cntvaluein_dq_median,idelay_ld_cntvaluein_skew,lane1,,0,ld_vs_cntvaluein_dq_lane,141.5,121.5,-20,141.5,121.5,-20,positive,positive,False,True,False
12,fail_to_fail,baseline-no-lock-seed-12,cntvaluein3-skew-locked-seed12-long-poll,False,False,2,0,none,signed_ld_minus_cntvaluein_dq_median__idelay_ld_cntvaluein_skew__lane1__no_bit__ctrl_1__ld_vs_cntvaluein_dq_lane__value_ps,signed_ld_minus_cntvaluein_dq_median,idelay_ld_cntvaluein_skew,lane1,,1,ld_vs_cntvaluein_dq_lane,393,336.5,-56.5,393,336.5,-56.5,positive,positive,False,True,False
12,fail_to_fail,baseline-no-lock-seed-12,cntvaluein3-skew-locked-seed12-long-poll,False,False,2,0,none,signed_ld_minus_cntvaluein_dq_median__idelay_ld_cntvaluein_skew__lane1__no_bit__ctrl_2__ld_vs_cntvaluein_dq_lane__value_ps,signed_ld_minus_cntvaluein_dq_median,idelay_ld_cntvaluein_skew,lane1,,2,ld_vs_cntvaluein_dq_lane,356.5,371,14.5,356.5,371,14.5,positive,positive,False,False,True
12,fail_to_fail,baseline-no-lock-seed-12,cntvaluein3-skew-locked-seed12-long-poll,False,False,2,0,none,signed_ld_minus_cntvaluein_dq_median__idelay_ld_cntvaluein_skew__lane1__no_bit__ctrl_3__ld_vs_cntvaluein_dq_lane__value_ps,signed_ld_minus_cntvaluein_dq_median,idelay_ld_cntvaluein_skew,lane1,,3,ld_vs_cntvaluein_dq_lane,234,-660.5,-894.5,234,660.5,426.5,positive,negative,True,False,True
12,fail_to_fail,baseline-no-lock-seed-12,cntvaluein3-skew-locked-seed12-long-poll,False,False,2,0,none,signed_ld_minus_cntvaluein_dq_median__idelay_ld_cntvaluein_skew__lane1__no_bit__ctrl_4__ld_vs_cntvaluein_dq_lane__value_ps,signed_ld_minus_cntvaluein_dq_median,idelay_ld_cntvaluein_skew,lane1,,4,ld_vs_cntvaluein_dq_lane,-26,471,497,26,471,445,negative,positive,True,False,True
12,fail_to_fail,baseline-no-lock-seed-12,cntvaluein3-skew-locked-seed12-long-poll,False,False,2,0,none,signed_ld_minus_cntvaluein_dqs__idelay_ld_cntvaluein_skew__lane0__dqs0__ctrl_0__ld_vs_cntvaluein_dqs__value_ps,signed_ld_minus_cntvaluein_dqs,idelay_ld_cntvaluein_skew,lane0,dqs0,0,ld_vs_cntvaluein_dqs,-430,605,1035,430,605,175,negative,positive,True,False,True
12,fail_to_fail,baseline-no-lock-seed-12,cntvaluein3-skew-locked-seed12-long-poll,False,False,2,0,none,signed_ld_minus_cntvaluein_dqs__idelay_ld_cntvaluein_skew__lane0__dqs0__ctrl_1__ld_vs_cntvaluein_dqs__value_ps,signed_ld_minus_cntvaluein_dqs,idelay_ld_cntvaluein_skew,lane0,dqs0,1,ld_vs_cntvaluein_dqs,129,179,50,129,179,50,positive,positive,False,False,True
12,fail_to_fail,baseline-no-lock-seed-12,cntvaluein3-skew-locked-seed12-long-poll,False,False,2,0,none,signed_ld_minus_cntvaluein_dqs__idelay_ld_cntvaluein_skew__lane0__dqs0__ctrl_2__ld_vs_cntvaluein_dqs__value_ps,signed_ld_minus_cntvaluein_dqs,idelay_ld_cntvaluein_skew,lane0,dqs0,2,ld_vs_cntvaluein_dqs,-808,242,1050,808,242,-566,negative,positive,True,True,False
12,fail_to_fail,baseline-no-lock-seed-12,cntvaluein3-skew-locked-seed12-long-poll,False,False,2,0,none,signed_ld_minus_cntvaluein_dqs__idelay_ld_cntvaluein_skew__lane0__dqs0__ctrl_3__ld_vs_cntvaluein_dqs__value_ps,signed_ld_minus_cntvaluein_dqs,idelay_ld_cntvaluein_skew,lane0,dqs0,3,ld_vs_cntvaluein_dqs,-442,-117,325,442,117,-325,negative,negative,False,True,False
12,fail_to_fail,baseline-no-lock-seed-12,cntvaluein3-skew-locked-seed12-long-poll,False,False,2,0,none,signed_ld_minus_cntvaluein_dqs__idelay_ld_cntvaluein_skew__lane0__dqs0__ctrl_4__ld_vs_cntvaluein_dqs__value_ps,signed_ld_minus_cntvaluein_dqs,idelay_ld_cntvaluein_skew,lane0,dqs0,4,ld_vs_cntvaluein_dqs,-457,186,643,457,186,-271,negative,positive,True,True,False
12,fail_to_fail,baseline-no-lock-seed-12,cntvaluein3-skew-locked-seed12-long-poll,False,False,2,0,none,signed_ld_minus_cntvaluein_dqs__idelay_ld_cntvaluein_skew__lane1__dqs1__ctrl_0__ld_vs_cntvaluein_dqs__value_ps,signed_ld_minus_cntvaluein_dqs,idelay_ld_cntvaluein_skew,lane1,dqs1,0,ld_vs_cntvaluein_dqs,-119,234,353,119,234,115,negative,positive,True,False,True
12,fail_to_fail,baseline-no-lock-seed-12,cntvaluein3-skew-locked-seed12-long-poll,False,False,2,0,none,signed_ld_minus_cntvaluein_dqs__idelay_ld_cntvaluein_skew__lane1__dqs1__ctrl_1__ld_vs_cntvaluein_dqs__value_ps,signed_ld_minus_cntvaluein_dqs,idelay_ld_cntvaluein_skew,lane1,dqs1,1,ld_vs_cntvaluein_dqs,256,-180,-436,256,180,-76,positive,negative,True,True,False
12,fail_to_fail,baseline-no-lock-seed-12,cntvaluein3-skew-locked-seed12-long-poll,False,False,2,0,none,signed_ld_minus_cntvaluein_dqs__idelay_ld_cntvaluein_skew__lane1__dqs1__ctrl_2__ld_vs_cntvaluein_dqs__value_ps,signed_ld_minus_cntvaluein_dqs,idelay_ld_cntvaluein_skew,lane1,dqs1,2,ld_vs_cntvaluein_dqs,-410,-89,321,410,89,-321,negative,negative,False,True,False
12,fail_to_fail,baseline-no-lock-seed-12,cntvaluein3-skew-locked-seed12-long-poll,False,False,2,0,none,signed_ld_minus_cntvaluein_dqs__idelay_ld_cntvaluein_skew__lane1__dqs1__ctrl_3__ld_vs_cntvaluein_dqs__value_ps,signed_ld_minus_cntvaluein_dqs,idelay_ld_cntvaluein_skew,lane1,dqs1,3,ld_vs_cntvaluein_dqs,-127,-527,-400,127,527,400,negative,negative,False,False,True
12,fail_to_fail,baseline-no-lock-seed-12,cntvaluein3-skew-locked-seed12-long-poll,False,False,2,0,none,signed_ld_minus_cntvaluein_dqs__idelay_ld_cntvaluein_skew__lane1__dqs1__ctrl_4__ld_vs_cntvaluein_dqs__value_ps,signed_ld_minus_cntvaluein_dqs,idelay_ld_cntvaluein_skew,lane1,dqs1,4,ld_vs_cntvaluein_dqs,-137,-303,-166,137,303,166,negative,negative,False,False,True
16,fail_to_fail,baseline-no-lock-seed-16,cntvaluein3-skew-locked-seed16-long-poll,False,False,0,2,check_starting_data_search_exhausted,signed_dqs_bus_skew_minus_dq_median__idelay_cntvaluein_skew__lane0__dqs0__ctrl_none__dqs_vs_dq_bus_skew__value_ps,signed_dqs_bus_skew_minus_dq_median,idelay_cntvaluein_skew,lane0,dqs0,,dqs_vs_dq_bus_skew,-28.5,-119.5,-91,28.5,119.5,91,negative,negative,False,False,True
16,fail_to_fail,baseline-no-lock-seed-16,cntvaluein3-skew-locked-seed16-long-poll,False,False,0,2,check_starting_data_search_exhausted,signed_dqs_bus_skew_minus_dq_median__idelay_cntvaluein_skew__lane1__dqs1__ctrl_none__dqs_vs_dq_bus_skew__value_ps,signed_dqs_bus_skew_minus_dq_median,idelay_cntvaluein_skew,lane1,dqs1,,dqs_vs_dq_bus_skew,-137.5,-439,-301.5,137.5,439,301.5,negative,negative,False,False,True
16,fail_to_fail,baseline-no-lock-seed-16,cntvaluein3-skew-locked-seed16-long-poll,False,False,0,2,check_starting_data_search_exhausted,signed_dqs_minus_dq_bit__idelay_cntvaluein_skew__lane0__dq0__ctrl_0__dqs_vs_dq_bit__value_ps,signed_dqs_minus_dq_bit,idelay_cntvaluein_skew,lane0,dq0,0,dqs_vs_dq_bit,-16,247,263,16,247,231,negative,positive,True,False,True
16,fail_to_fail,baseline-no-lock-seed-16,cntvaluein3-skew-locked-seed16-long-poll,False,False,0,2,check_starting_data_search_exhausted,signed_dqs_minus_dq_bit__idelay_cntvaluein_skew__lane0__dq0__ctrl_1__dqs_vs_dq_bit__value_ps,signed_dqs_minus_dq_bit,idelay_cntvaluein_skew,lane0,dq0,1,dqs_vs_dq_bit,-94,122,216,94,122,28,negative,positive,True,False,True
16,fail_to_fail,baseline-no-lock-seed-16,cntvaluein3-skew-locked-seed16-long-poll,False,False,0,2,check_starting_data_search_exhausted,signed_dqs_minus_dq_bit__idelay_cntvaluein_skew__lane0__dq0__ctrl_2__dqs_vs_dq_bit__value_ps,signed_dqs_minus_dq_bit,idelay_cntvaluein_skew,lane0,dq0,2,dqs_vs_dq_bit,-404,-73,331,404,73,-331,negative,negative,False,True,False
16,fail_to_fail,baseline-no-lock-seed-16,cntvaluein3-skew-locked-seed16-long-poll,False,False,0,2,check_starting_data_search_exhausted,signed_dqs_minus_dq_bit__idelay_cntvaluein_skew__lane0__dq0__ctrl_3__dqs_vs_dq_bit__value_ps,signed_dqs_minus_dq_bit,idelay_cntvaluein_skew,lane0,dq0,3,dqs_vs_dq_bit,-397,171,568,397,171,-226,negative,positive,True,True,False
16,fail_to_fail,baseline-no-lock-seed-16,cntvaluein3-skew-locked-seed16-long-poll,False,False,0,2,check_starting_data_search_exhausted,signed_dqs_minus_dq_bit__idelay_cntvaluein_skew__lane0__dq0__ctrl_4__dqs_vs_dq_bit__value_ps,signed_dqs_minus_dq_bit,idelay_cntvaluein_skew,lane0,dq0,4,dqs_vs_dq_bit,77,-2,-79,77,2,-75,positive,negative,True,True,False
16,fail_to_fail,baseline-no-lock-seed-16,cntvaluein3-skew-locked-seed16-long-poll,False,False,0,2,check_starting_data_search_exhausted,signed_dqs_minus_dq_bit__idelay_cntvaluein_skew__lane0__dq1__ctrl_0__dqs_vs_dq_bit__value_ps,signed_dqs_minus_dq_bit,idelay_cntvaluein_skew,lane0,dq1,0,dqs_vs_dq_bit,-100,270,370,100,270,170,negative,positive,True,False,True
16,fail_to_fail,baseline-no-lock-seed-16,cntvaluein3-skew-locked-seed16-long-poll,False,False,0,2,check_starting_data_search_exhausted,signed_dqs_minus_dq_bit__idelay_cntvaluein_skew__lane0__dq1__ctrl_1__dqs_vs_dq_bit__value_ps,signed_dqs_minus_dq_bit,idelay_cntvaluein_skew,lane0,dq1,1,dqs_vs_dq_bit,-179,36,215,179,36,-143,negative,positive,True,True,False
16,fail_to_fail,baseline-no-lock-seed-16,cntvaluein3-skew-locked-seed16-long-poll,False,False,0,2,check_starting_data_search_exhausted,signed_dqs_minus_dq_bit__idelay_cntvaluein_skew__lane0__dq1__ctrl_2__dqs_vs_dq_bit__value_ps,signed_dqs_minus_dq_bit,idelay_cntvaluein_skew,lane0,dq1,2,dqs_vs_dq_bit,-495,-149,346,495,149,-346,negative,negative,False,True,False
16,fail_to_fail,baseline-no-lock-seed-16,cntvaluein3-skew-locked-seed16-long-poll,False,False,0,2,check_starting_data_search_exhausted,signed_dqs_minus_dq_bit__idelay_cntvaluein_skew__lane0__dq1__ctrl_3__dqs_vs_dq_bit__value_ps,signed_dqs_minus_dq_bit,idelay_cntvaluein_skew,lane0,dq1,3,dqs_vs_dq_bit,-351,82,433,351,82,-269,negative,positive,True,True,False
16,fail_to_fail,baseline-no-lock-seed-16,cntvaluein3-skew-locked-seed16-long-poll,False,False,0,2,check_starting_data_search_exhausted,signed_dqs_minus_dq_bit__idelay_cntvaluein_skew__lane0__dq1__ctrl_4__dqs_vs_dq_bit__value_ps,signed_dqs_minus_dq_bit,idelay_cntvaluein_skew,lane0,dq1,4,dqs_vs_dq_bit,-8,-87,-79,8,87,79,negative,negative,False,False,True
16,fail_to_fail,baseline-no-lock-seed-16,cntvaluein3-skew-locked-seed16-long-poll,False,False,0,2,check_starting_data_search_exhausted,signed_dqs_minus_dq_bit__idelay_cntvaluein_skew__lane0__dq2__ctrl_0__dqs_vs_dq_bit__value_ps,signed_dqs_minus_dq_bit,idelay_cntvaluein_skew,lane0,dq2,0,dqs_vs_dq_bit,-8,359,367,8,359,351,negative,positive,True,False,True
16,fail_to_fail,baseline-no-lock-seed-16,cntvaluein3-skew-locked-seed16-long-poll,False,False,0,2,check_starting_data_search_exhausted,signed_dqs_minus_dq_bit__idelay_cntvaluein_skew__lane0__dq2__ctrl_1__dqs_vs_dq_bit__value_ps,signed_dqs_minus_dq_bit,idelay_cntvaluein_skew,lane0,dq2,1,dqs_vs_dq_bit,-271,-56,215,271,56,-215,negative,negative,False,True,False
16,fail_to_fail,baseline-no-lock-seed-16,cntvaluein3-skew-locked-seed16-long-poll,False,False,0,2,check_starting_data_search_exhausted,signed_dqs_minus_dq_bit__idelay_cntvaluein_skew__lane0__dq2__ctrl_2__dqs_vs_dq_bit__value_ps,signed_dqs_minus_dq_bit,idelay_cntvaluein_skew,lane0,dq2,2,dqs_vs_dq_bit,-369,-144,225,369,144,-225,negative,negative,False,True,False
16,fail_to_fail,baseline-no-lock-seed-16,cntvaluein3-skew-locked-seed16-long-poll,False,False,0,2,check_starting_data_search_exhausted,signed_dqs_minus_dq_bit__idelay_cntvaluein_skew__lane0__dq2__ctrl_3__dqs_vs_dq_bit__value_ps,signed_dqs_minus_dq_bit,idelay_cntvaluein_skew,lane0,dq2,3,dqs_vs_dq_bit,-444,-10,434,444,10,-434,negative,negative,False,True,False
16,fail_to_fail,baseline-no-lock-seed-16,cntvaluein3-skew-locked-seed16-long-poll,False,False,0,2,check_starting_data_search_exhausted,signed_dqs_minus_dq_bit__idelay_cntvaluein_skew__lane0__dq2__ctrl_4__dqs_vs_dq_bit__value_ps,signed_dqs_minus_dq_bit,idelay_cntvaluein_skew,lane0,dq2,4,dqs_vs_dq_bit,141,363,222,141,363,222,positive,positive,False,False,True
16,fail_to_fail,baseline-no-lock-seed-16,cntvaluein3-skew-locked-seed16-long-poll,False,False,0,2,check_starting_data_search_exhausted,signed_dqs_minus_dq_bit__idelay_cntvaluein_skew__lane0__dq3__ctrl_0__dqs_vs_dq_bit__value_ps,signed_dqs_minus_dq_bit,idelay_cntvaluein_skew,lane0,dq3,0,dqs_vs_dq_bit,-230,573,803,230,573,343,negative,positive,True,False,True
16,fail_to_fail,baseline-no-lock-seed-16,cntvaluein3-skew-locked-seed16-long-poll,False,False,0,2,check_starting_data_search_exhausted,signed_dqs_minus_dq_bit__idelay_cntvaluein_skew__lane0__dq3__ctrl_1__dqs_vs_dq_bit__value_ps,signed_dqs_minus_dq_bit,idelay_cntvaluein_skew,lane0,dq3,1,dqs_vs_dq_bit,135,218,83,135,218,83,positive,positive,False,False,True
16,fail_to_fail,baseline-no-lock-seed-16,cntvaluein3-skew-locked-seed16-long-poll,False,False,0,2,check_starting_data_search_exhausted,signed_dqs_minus_dq_bit__idelay_cntvaluein_skew__lane0__dq3__ctrl_2__dqs_vs_dq_bit__value_ps,signed_dqs_minus_dq_bit,idelay_cntvaluein_skew,lane0,dq3,2,dqs_vs_dq_bit,-174,-21,153,174,21,-153,negative,negative,False,True,False
16,fail_to_fail,baseline-no-lock-seed-16,cntvaluein3-skew-locked-seed16-long-poll,False,False,0,2,check_starting_data_search_exhausted,signed_dqs_minus_dq_bit__idelay_cntvaluein_skew__lane0__dq3__ctrl_3__dqs_vs_dq_bit__value_ps,signed_dqs_minus_dq_bit,idelay_cntvaluein_skew,lane0,dq3,3,dqs_vs_dq_bit,-153,-61,92,153,61,-92,negative,negative,False,True,False
16,fail_to_fail,baseline-no-lock-seed-16,cntvaluein3-skew-locked-seed16-long-poll,False,False,0,2,check_starting_data_search_exhausted,signed_dqs_minus_dq_bit__idelay_cntvaluein_skew__lane0__dq3__ctrl_4__dqs_vs_dq_bit__value_ps,signed_dqs_minus_dq_bit,idelay_cntvaluein_skew,lane0,dq3,4,dqs_vs_dq_bit,380,-100,-480,380,100,-280,positive,negative,True,True,False
16,fail_to_fail,baseline-no-lock-seed-16,cntvaluein3-skew-locked-seed16-long-poll,False,False,0,2,check_starting_data_search_exhausted,signed_dqs_minus_dq_bit__idelay_cntvaluein_skew__lane0__dq4__ctrl_0__dqs_vs_dq_bit__value_ps,signed_dqs_minus_dq_bit,idelay_cntvaluein_skew,lane0,dq4,0,dqs_vs_dq_bit,76,272,196,76,272,196,positive,positive,False,False,True
16,fail_to_fail,baseline-no-lock-seed-16,cntvaluein3-skew-locked-seed16-long-poll,False,False,0,2,check_starting_data_search_exhausted,signed_dqs_minus_dq_bit__idelay_cntvaluein_skew__lane0__dq4__ctrl_1__dqs_vs_dq_bit__value_ps,signed_dqs_minus_dq_bit,idelay_cntvaluein_skew,lane0,dq4,1,dqs_vs_dq_bit,-270,-54,216,270,54,-216,negative,negative,False,True,False
16,fail_to_fail,baseline-no-lock-seed-16,cntvaluein3-skew-locked-seed16-long-poll,False,False,0,2,check_starting_data_search_exhausted,signed_dqs_minus_dq_bit__idelay_cntvaluein_skew__lane0__dq4__ctrl_2__dqs_vs_dq_bit__value_ps,signed_dqs_minus_dq_bit,idelay_cntvaluein_skew,lane0,dq4,2,dqs_vs_dq_bit,-498,-205,293,498,205,-293,negative,negative,False,True,False
16,fail_to_fail,baseline-no-lock-seed-16,cntvaluein3-skew-locked-seed16-long-poll,False,False,0,2,check_starting_data_search_exhausted,signed_dqs_minus_dq_bit__idelay_cntvaluein_skew__lane0__dq4__ctrl_3__dqs_vs_dq_bit__value_ps,signed_dqs_minus_dq_bit,idelay_cntvaluein_skew,lane0,dq4,3,dqs_vs_dq_bit,-441,76,517,441,76,-365,negative,positive,True,True,False
16,fail_to_fail,baseline-no-lock-seed-16,cntvaluein3-skew-locked-seed16-long-poll,False,False,0,2,check_starting_data_search_exhausted,signed_dqs_minus_dq_bit__idelay_cntvaluein_skew__lane0__dq4__ctrl_4__dqs_vs_dq_bit__value_ps,signed_dqs_minus_dq_bit,idelay_cntvaluein_skew,lane0,dq4,4,dqs_vs_dq_bit,138,-171,-309,138,171,33,positive,negative,True,False,True
16,fail_to_fail,baseline-no-lock-seed-16,cntvaluein3-skew-locked-seed16-long-poll,False,False,0,2,check_starting_data_search_exhausted,signed_dqs_minus_dq_bit__idelay_cntvaluein_skew__lane0__dq5__ctrl_0__dqs_vs_dq_bit__value_ps,signed_dqs_minus_dq_bit,idelay_cntvaluein_skew,lane0,dq5,0,dqs_vs_dq_bit,-145,490,635,145,490,345,negative,positive,True,False,True
16,fail_to_fail,baseline-no-lock-seed-16,cntvaluein3-skew-locked-seed16-long-poll,False,False,0,2,check_starting_data_search_exhausted,signed_dqs_minus_dq_bit__idelay_cntvaluein_skew__lane0__dq5__ctrl_1__dqs_vs_dq_bit__value_ps,signed_dqs_minus_dq_bit,idelay_cntvaluein_skew,lane0,dq5,1,dqs_vs_dq_bit,51,132,81,51,132,81,positive,positive,False,False,True
16,fail_to_fail,baseline-no-lock-seed-16,cntvaluein3-skew-locked-seed16-long-poll,False,False,0,2,check_starting_data_search_exhausted,signed_dqs_minus_dq_bit__idelay_cntvaluein_skew__lane0__dq5__ctrl_2__dqs_vs_dq_bit__value_ps,signed_dqs_minus_dq_bit,idelay_cntvaluein_skew,lane0,dq5,2,dqs_vs_dq_bit,-146,24,170,146,24,-122,negative,positive,True,True,False
16,fail_to_fail,baseline-no-lock-seed-16,cntvaluein3-skew-locked-seed16-long-poll,False,False,0,2,check_starting_data_search_exhausted,signed_dqs_minus_dq_bit__idelay_cntvaluein_skew__lane0__dq5__ctrl_3__dqs_vs_dq_bit__value_ps,signed_dqs_minus_dq_bit,idelay_cntvaluein_skew,lane0,dq5,3,dqs_vs_dq_bit,-71,-145,-74,71,145,74,negative,negative,False,False,True
16,fail_to_fail,baseline-no-lock-seed-16,cntvaluein3-skew-locked-seed16-long-poll,False,False,0,2,check_starting_data_search_exhausted,signed_dqs_minus_dq_bit__idelay_cntvaluein_skew__lane0__dq5__ctrl_4__dqs_vs_dq_bit__value_ps,signed_dqs_minus_dq_bit,idelay_cntvaluein_skew,lane0,dq5,4,dqs_vs_dq_bit,291,-189,-480,291,189,-102,positive,negative,True,True,False
16,fail_to_fail,baseline-no-lock-seed-16,cntvaluein3-skew-locked-seed16-long-poll,False,False,0,2,check_starting_data_search_exhausted,signed_dqs_minus_dq_bit__idelay_cntvaluein_skew__lane0__dq6__ctrl_0__dqs_vs_dq_bit__value_ps,signed_dqs_minus_dq_bit,idelay_cntvaluein_skew,lane0,dq6,0,dqs_vs_dq_bit,95,357,262,95,357,262,positive,positive,False,False,True
16,fail_to_fail,baseline-no-lock-seed-16,cntvaluein3-skew-locked-seed16-long-poll,False,False,0,2,check_starting_data_search_exhausted,signed_dqs_minus_dq_bit__idelay_cntvaluein_skew__lane0__dq6__ctrl_1__dqs_vs_dq_bit__value_ps,signed_dqs_minus_dq_bit,idelay_cntvaluein_skew,lane0,dq6,1,dqs_vs_dq_bit,-365,-150,215,365,150,-215,negative,negative,False,True,False
16,fail_to_fail,baseline-no-lock-seed-16,cntvaluein3-skew-locked-seed16-long-poll,False,False,0,2,check_starting_data_search_exhausted,signed_dqs_minus_dq_bit__idelay_cntvaluein_skew__lane0__dq6__ctrl_2__dqs_vs_dq_bit__value_ps,signed_dqs_minus_dq_bit,idelay_cntvaluein_skew,lane0,dq6,2,dqs_vs_dq_bit,-416,-15,401,416,15,-401,negative,negative,False,True,False
16,fail_to_fail,baseline-no-lock-seed-16,cntvaluein3-skew-locked-seed16-long-poll,False,False,0,2,check_starting_data_search_exhausted,signed_dqs_minus_dq_bit__idelay_cntvaluein_skew__lane0__dq6__ctrl_3__dqs_vs_dq_bit__value_ps,signed_dqs_minus_dq_bit,idelay_cntvaluein_skew,lane0,dq6,3,dqs_vs_dq_bit,-536,-186,350,536,186,-350,negative,negative,False,True,False
16,fail_to_fail,baseline-no-lock-seed-16,cntvaluein3-skew-locked-seed16-long-poll,False,False,0,2,check_starting_data_search_exhausted,signed_dqs_minus_dq_bit__idelay_cntvaluein_skew__lane0__dq6__ctrl_4__dqs_vs_dq_bit__value_ps,signed_dqs_minus_dq_bit,idelay_cntvaluein_skew,lane0,dq6,4,dqs_vs_dq_bit,46,-105,-151,46,105,59,positive,negative,True,False,True
16,fail_to_fail,baseline-no-lock-seed-16,cntvaluein3-skew-locked-seed16-long-poll,False,False,0,2,check_starting_data_search_exhausted,signed_dqs_minus_dq_bit__idelay_cntvaluein_skew__lane0__dq7__ctrl_0__dqs_vs_dq_bit__value_ps,signed_dqs_minus_dq_bit,idelay_cntvaluein_skew,lane0,dq7,0,dqs_vs_dq_bit,-92,446,538,92,446,354,negative,positive,True,False,True
16,fail_to_fail,baseline-no-lock-seed-16,cntvaluein3-skew-locked-seed16-long-poll,False,False,0,2,check_starting_data_search_exhausted,signed_dqs_minus_dq_bit__idelay_cntvaluein_skew__lane0__dq7__ctrl_1__dqs_vs_dq_bit__value_ps,signed_dqs_minus_dq_bit,idelay_cntvaluein_skew,lane0,dq7,1,dqs_vs_dq_bit,-363,-2,361,363,2,-361,negative,negative,False,True,False
16,fail_to_fail,baseline-no-lock-seed-16,cntvaluein3-skew-locked-seed16-long-poll,False,False,0,2,check_starting_data_search_exhausted,signed_dqs_minus_dq_bit__idelay_cntvaluein_skew__lane0__dq7__ctrl_2__dqs_vs_dq_bit__value_ps,signed_dqs_minus_dq_bit,idelay_cntvaluein_skew,lane0,dq7,2,dqs_vs_dq_bit,-590,-26,564,590,26,-564,negative,negative,False,True,False
16,fail_to_fail,baseline-no-lock-seed-16,cntvaluein3-skew-locked-seed16-long-poll,False,False,0,2,check_starting_data_search_exhausted,signed_dqs_minus_dq_bit__idelay_cntvaluein_skew__lane0__dq7__ctrl_3__dqs_vs_dq_bit__value_ps,signed_dqs_minus_dq_bit,idelay_cntvaluein_skew,lane0,dq7,3,dqs_vs_dq_bit,-535,-94,441,535,94,-441,negative,negative,False,True,False
16,fail_to_fail,baseline-no-lock-seed-16,cntvaluein3-skew-locked-seed16-long-poll,False,False,0,2,check_starting_data_search_exhausted,signed_dqs_minus_dq_bit__idelay_cntvaluein_skew__lane0__dq7__ctrl_4__dqs_vs_dq_bit__value_ps,signed_dqs_minus_dq_bit,idelay_cntvaluein_skew,lane0,dq7,4,dqs_vs_dq_bit,53,-192,-245,53,192,139,positive,negative,True,False,True
16,fail_to_fail,baseline-no-lock-seed-16,cntvaluein3-skew-locked-seed16-long-poll,False,False,0,2,check_starting_data_search_exhausted,signed_dqs_minus_dq_bit__idelay_cntvaluein_skew__lane1__dq10__ctrl_0__dqs_vs_dq_bit__value_ps,signed_dqs_minus_dq_bit,idelay_cntvaluein_skew,lane1,dq10,0,dqs_vs_dq_bit,36,31,-5,36,31,-5,positive,positive,False,True,False
16,fail_to_fail,baseline-no-lock-seed-16,cntvaluein3-skew-locked-seed16-long-poll,False,False,0,2,check_starting_data_search_exhausted,signed_dqs_minus_dq_bit__idelay_cntvaluein_skew__lane1__dq10__ctrl_1__dqs_vs_dq_bit__value_ps,signed_dqs_minus_dq_bit,idelay_cntvaluein_skew,lane1,dq10,1,dqs_vs_dq_bit,-97,-242,-145,97,242,145,negative,negative,False,False,True
16,fail_to_fail,baseline-no-lock-seed-16,cntvaluein3-skew-locked-seed16-long-poll,False,False,0,2,check_starting_data_search_exhausted,signed_dqs_minus_dq_bit__idelay_cntvaluein_skew__lane1__dq10__ctrl_2__dqs_vs_dq_bit__value_ps,signed_dqs_minus_dq_bit,idelay_cntvaluein_skew,lane1,dq10,2,dqs_vs_dq_bit,-322,-69,253,322,69,-253,negative,negative,False,True,False
16,fail_to_fail,baseline-no-lock-seed-16,cntvaluein3-skew-locked-seed16-long-poll,False,False,0,2,check_starting_data_search_exhausted,signed_dqs_minus_dq_bit__idelay_cntvaluein_skew__lane1__dq10__ctrl_3__dqs_vs_dq_bit__value_ps,signed_dqs_minus_dq_bit,idelay_cntvaluein_skew,lane1,dq10,3,dqs_vs_dq_bit,-386,-296,90,386,296,-90,negative,negative,False,True,False
16,fail_to_fail,baseline-no-lock-seed-16,cntvaluein3-skew-locked-seed16-long-poll,False,False,0,2,check_starting_data_search_exhausted,signed_dqs_minus_dq_bit__idelay_cntvaluein_skew__lane1__dq10__ctrl_4__dqs_vs_dq_bit__value_ps,signed_dqs_minus_dq_bit,idelay_cntvaluein_skew,lane1,dq10,4,dqs_vs_dq_bit,-118,34,152,118,34,-84,negative,positive,True,True,False
16,fail_to_fail,baseline-no-lock-seed-16,cntvaluein3-skew-locked-seed16-long-poll,False,False,0,2,check_starting_data_search_exhausted,signed_dqs_minus_dq_bit__idelay_cntvaluein_skew__lane1__dq11__ctrl_0__dqs_vs_dq_bit__value_ps,signed_dqs_minus_dq_bit,idelay_cntvaluein_skew,lane1,dq11,0,dqs_vs_dq_bit,-2,28,30,2,28,26,negative,positive,True,False,True
16,fail_to_fail,baseline-no-lock-seed-16,cntvaluein3-skew-locked-seed16-long-poll,False,False,0,2,check_starting_data_search_exhausted,signed_dqs_minus_dq_bit__idelay_cntvaluein_skew__lane1__dq11__ctrl_1__dqs_vs_dq_bit__value_ps,signed_dqs_minus_dq_bit,idelay_cntvaluein_skew,lane1,dq11,1,dqs_vs_dq_bit,5,74,69,5,74,69,positive,positive,False,False,True
16,fail_to_fail,baseline-no-lock-seed-16,cntvaluein3-skew-locked-seed16-long-poll,False,False,0,2,check_starting_data_search_exhausted,signed_dqs_minus_dq_bit__idelay_cntvaluein_skew__lane1__dq11__ctrl_2__dqs_vs_dq_bit__value_ps,signed_dqs_minus_dq_bit,idelay_cntvaluein_skew,lane1,dq11,2,dqs_vs_dq_bit,-105,61,166,105,61,-44,negative,positive,True,True,False
16,fail_to_fail,baseline-no-lock-seed-16,cntvaluein3-skew-locked-seed16-long-poll,False,False,0,2,check_starting_data_search_exhausted,signed_dqs_minus_dq_bit__idelay_cntvaluein_skew__lane1__dq11__ctrl_3__dqs_vs_dq_bit__value_ps,signed_dqs_minus_dq_bit,idelay_cntvaluein_skew,lane1,dq11,3,dqs_vs_dq_bit,-243,184,427,243,184,-59,negative,positive,True,True,False
16,fail_to_fail,baseline-no-lock-seed-16,cntvaluein3-skew-locked-seed16-long-poll,False,False,0,2,check_starting_data_search_exhausted,signed_dqs_minus_dq_bit__idelay_cntvaluein_skew__lane1__dq11__ctrl_4__dqs_vs_dq_bit__value_ps,signed_dqs_minus_dq_bit,idelay_cntvaluein_skew,lane1,dq11,4,dqs_vs_dq_bit,40,199,159,40,199,159,positive,positive,False,False,True
16,fail_to_fail,baseline-no-lock-seed-16,cntvaluein3-skew-locked-seed16-long-poll,False,False,0,2,check_starting_data_search_exhausted,signed_dqs_minus_dq_bit__idelay_cntvaluein_skew__lane1__dq12__ctrl_0__dqs_vs_dq_bit__value_ps,signed_dqs_minus_dq_bit,idelay_cntvaluein_skew,lane1,dq12,0,dqs_vs_dq_bit,120,-57,-177,120,57,-63,positive,negative,True,True,False
16,fail_to_fail,baseline-no-lock-seed-16,cntvaluein3-skew-locked-seed16-long-poll,False,False,0,2,check_starting_data_search_exhausted,signed_dqs_minus_dq_bit__idelay_cntvaluein_skew__lane1__dq12__ctrl_1__dqs_vs_dq_bit__value_ps,signed_dqs_minus_dq_bit,idelay_cntvaluein_skew,lane1,dq12,1,dqs_vs_dq_bit,-182,118,300,182,118,-64,negative,positive,True,True,False
16,fail_to_fail,baseline-no-lock-seed-16,cntvaluein3-skew-locked-seed16-long-poll,False,False,0,2,check_starting_data_search_exhausted,signed_dqs_minus_dq_bit__idelay_cntvaluein_skew__lane1__dq12__ctrl_2__dqs_vs_dq_bit__value_ps,signed_dqs_minus_dq_bit,idelay_cntvaluein_skew,lane1,dq12,2,dqs_vs_dq_bit,-335,-104,231,335,104,-231,negative,negative,False,True,False
16,fail_to_fail,baseline-no-lock-seed-16,cntvaluein3-skew-locked-seed16-long-poll,False,False,0,2,check_starting_data_search_exhausted,signed_dqs_minus_dq_bit__idelay_cntvaluein_skew__lane1__dq12__ctrl_3__dqs_vs_dq_bit__value_ps,signed_dqs_minus_dq_bit,idelay_cntvaluein_skew,lane1,dq12,3,dqs_vs_dq_bit,-472,-345,127,472,345,-127,negative,negative,False,True,False
16,fail_to_fail,baseline-no-lock-seed-16,cntvaluein3-skew-locked-seed16-long-poll,False,False,0,2,check_starting_data_search_exhausted,signed_dqs_minus_dq_bit__idelay_cntvaluein_skew__lane1__dq12__ctrl_4__dqs_vs_dq_bit__value_ps,signed_dqs_minus_dq_bit,idelay_cntvaluein_skew,lane1,dq12,4,dqs_vs_dq_bit,-207,-51,156,207,51,-156,negative,negative,False,True,False
16,fail_to_fail,baseline-no-lock-seed-16,cntvaluein3-skew-locked-seed16-long-poll,False,False,0,2,check_starting_data_search_exhausted,signed_dqs_minus_dq_bit__idelay_cntvaluein_skew__lane1__dq13__ctrl_0__dqs_vs_dq_bit__value_ps,signed_dqs_minus_dq_bit,idelay_cntvaluein_skew,lane1,dq13,0,dqs_vs_dq_bit,-91,-60,31,91,60,-31,negative,negative,False,True,False
16,fail_to_fail,baseline-no-lock-seed-16,cntvaluein3-skew-locked-seed16-long-poll,False,False,0,2,check_starting_data_search_exhausted,signed_dqs_minus_dq_bit__idelay_cntvaluein_skew__lane1__dq13__ctrl_1__dqs_vs_dq_bit__value_ps,signed_dqs_minus_dq_bit,idelay_cntvaluein_skew,lane1,dq13,1,dqs_vs_dq_bit,-87,24,111,87,24,-63,negative,positive,True,True,False
16,fail_to_fail,baseline-no-lock-seed-16,cntvaluein3-skew-locked-seed16-long-poll,False,False,0,2,check_starting_data_search_exhausted,signed_dqs_minus_dq_bit__idelay_cntvaluein_skew__lane1__dq13__ctrl_2__dqs_vs_dq_bit__value_ps,signed_dqs_minus_dq_bit,idelay_cntvaluein_skew,lane1,dq13,2,dqs_vs_dq_bit,-19,129,148,19,129,110,negative,positive,True,False,True
16,fail_to_fail,baseline-no-lock-seed-16,cntvaluein3-skew-locked-seed16-long-poll,False,False,0,2,check_starting_data_search_exhausted,signed_dqs_minus_dq_bit__idelay_cntvaluein_skew__lane1__dq13__ctrl_3__dqs_vs_dq_bit__value_ps,signed_dqs_minus_dq_bit,idelay_cntvaluein_skew,lane1,dq13,3,dqs_vs_dq_bit,-421,99,520,421,99,-322,negative,positive,True,True,False
16,fail_to_fail,baseline-no-lock-seed-16,cntvaluein3-skew-locked-seed16-long-poll,False,False,0,2,check_starting_data_search_exhausted,signed_dqs_minus_dq_bit__idelay_cntvaluein_skew__lane1__dq13__ctrl_4__dqs_vs_dq_bit__value_ps,signed_dqs_minus_dq_bit,idelay_cntvaluein_skew,lane1,dq13,4,dqs_vs_dq_bit,0,113,113,0,113,113,zero,positive,False,False,True
16,fail_to_fail,baseline-no-lock-seed-16,cntvaluein3-skew-locked-seed16-long-poll,False,False,0,2,check_starting_data_search_exhausted,signed_dqs_minus_dq_bit__idelay_cntvaluein_skew__lane1__dq14__ctrl_0__dqs_vs_dq_bit__value_ps,signed_dqs_minus_dq_bit,idelay_cntvaluein_skew,lane1,dq14,0,dqs_vs_dq_bit,36,-145,-181,36,145,109,positive,negative,True,False,True
16,fail_to_fail,baseline-no-lock-seed-16,cntvaluein3-skew-locked-seed16-long-poll,False,False,0,2,check_starting_data_search_exhausted,signed_dqs_minus_dq_bit__idelay_cntvaluein_skew__lane1__dq14__ctrl_1__dqs_vs_dq_bit__value_ps,signed_dqs_minus_dq_bit,idelay_cntvaluein_skew,lane1,dq14,1,dqs_vs_dq_bit,-273,66,339,273,66,-207,negative,positive,True,True,False
16,fail_to_fail,baseline-no-lock-seed-16,cntvaluein3-skew-locked-seed16-long-poll,False,False,0,2,check_starting_data_search_exhausted,signed_dqs_minus_dq_bit__idelay_cntvaluein_skew__lane1__dq14__ctrl_2__dqs_vs_dq_bit__value_ps,signed_dqs_minus_dq_bit,idelay_cntvaluein_skew,lane1,dq14,2,dqs_vs_dq_bit,-337,-194,143,337,194,-143,negative,negative,False,True,False
16,fail_to_fail,baseline-no-lock-seed-16,cntvaluein3-skew-locked-seed16-long-poll,False,False,0,2,check_starting_data_search_exhausted,signed_dqs_minus_dq_bit__idelay_cntvaluein_skew__lane1__dq14__ctrl_3__dqs_vs_dq_bit__value_ps,signed_dqs_minus_dq_bit,idelay_cntvaluein_skew,lane1,dq14,3,dqs_vs_dq_bit,-480,-508,-28,480,508,28,negative,negative,False,False,True
16,fail_to_fail,baseline-no-lock-seed-16,cntvaluein3-skew-locked-seed16-long-poll,False,False,0,2,check_starting_data_search_exhausted,signed_dqs_minus_dq_bit__idelay_cntvaluein_skew__lane1__dq14__ctrl_4__dqs_vs_dq_bit__value_ps,signed_dqs_minus_dq_bit,idelay_cntvaluein_skew,lane1,dq14,4,dqs_vs_dq_bit,-294,-135,159,294,135,-159,negative,negative,False,True,False
16,fail_to_fail,baseline-no-lock-seed-16,cntvaluein3-skew-locked-seed16-long-poll,False,False,0,2,check_starting_data_search_exhausted,signed_dqs_minus_dq_bit__idelay_cntvaluein_skew__lane1__dq15__ctrl_0__dqs_vs_dq_bit__value_ps,signed_dqs_minus_dq_bit,idelay_cntvaluein_skew,lane1,dq15,0,dqs_vs_dq_bit,116,165,49,116,165,49,positive,positive,False,False,True
16,fail_to_fail,baseline-no-lock-seed-16,cntvaluein3-skew-locked-seed16-long-poll,False,False,0,2,check_starting_data_search_exhausted,signed_dqs_minus_dq_bit__idelay_cntvaluein_skew__lane1__dq15__ctrl_1__dqs_vs_dq_bit__value_ps,signed_dqs_minus_dq_bit,idelay_cntvaluein_skew,lane1,dq15,1,dqs_vs_dq_bit,142,215,73,142,215,73,positive,positive,False,False,True
16,fail_to_fail,baseline-no-lock-seed-16,cntvaluein3-skew-locked-seed16-long-poll,False,False,0,2,check_starting_data_search_exhausted,signed_dqs_minus_dq_bit__idelay_cntvaluein_skew__lane1__dq15__ctrl_2__dqs_vs_dq_bit__value_ps,signed_dqs_minus_dq_bit,idelay_cntvaluein_skew,lane1,dq15,2,dqs_vs_dq_bit,33,394,361,33,394,361,positive,positive,False,False,True
16,fail_to_fail,baseline-no-lock-seed-16,cntvaluein3-skew-locked-seed16-long-poll,False,False,0,2,check_starting_data_search_exhausted,signed_dqs_minus_dq_bit__idelay_cntvaluein_skew__lane1__dq15__ctrl_3__dqs_vs_dq_bit__value_ps,signed_dqs_minus_dq_bit,idelay_cntvaluein_skew,lane1,dq15,3,dqs_vs_dq_bit,-207,-89,118,207,89,-118,negative,negative,False,True,False
16,fail_to_fail,baseline-no-lock-seed-16,cntvaluein3-skew-locked-seed16-long-poll,False,False,0,2,check_starting_data_search_exhausted,signed_dqs_minus_dq_bit__idelay_cntvaluein_skew__lane1__dq15__ctrl_4__dqs_vs_dq_bit__value_ps,signed_dqs_minus_dq_bit,idelay_cntvaluein_skew,lane1,dq15,4,dqs_vs_dq_bit,326,450,124,326,450,124,positive,positive,False,False,True
16,fail_to_fail,baseline-no-lock-seed-16,cntvaluein3-skew-locked-seed16-long-poll,False,False,0,2,check_starting_data_search_exhausted,signed_dqs_minus_dq_bit__idelay_cntvaluein_skew__lane1__dq8__ctrl_0__dqs_vs_dq_bit__value_ps,signed_dqs_minus_dq_bit,idelay_cntvaluein_skew,lane1,dq8,0,dqs_vs_dq_bit,-89,-233,-144,89,233,144,negative,negative,False,False,True
16,fail_to_fail,baseline-no-lock-seed-16,cntvaluein3-skew-locked-seed16-long-poll,False,False,0,2,check_starting_data_search_exhausted,signed_dqs_minus_dq_bit__idelay_cntvaluein_skew__lane1__dq8__ctrl_1__dqs_vs_dq_bit__value_ps,signed_dqs_minus_dq_bit,idelay_cntvaluein_skew,lane1,dq8,1,dqs_vs_dq_bit,-365,76,441,365,76,-289,negative,positive,True,True,False
16,fail_to_fail,baseline-no-lock-seed-16,cntvaluein3-skew-locked-seed16-long-poll,False,False,0,2,check_starting_data_search_exhausted,signed_dqs_minus_dq_bit__idelay_cntvaluein_skew__lane1__dq8__ctrl_2__dqs_vs_dq_bit__value_ps,signed_dqs_minus_dq_bit,idelay_cntvaluein_skew,lane1,dq8,2,dqs_vs_dq_bit,-429,-285,144,429,285,-144,negative,negative,False,True,False
16,fail_to_fail,baseline-no-lock-seed-16,cntvaluein3-skew-locked-seed16-long-poll,False,False,0,2,check_starting_data_search_exhausted,signed_dqs_minus_dq_bit__idelay_cntvaluein_skew__lane1__dq8__ctrl_3__dqs_vs_dq_bit__value_ps,signed_dqs_minus_dq_bit,idelay_cntvaluein_skew,lane1,dq8,3,dqs_vs_dq_bit,-564,-437,127,564,437,-127,negative,negative,False,True,False
16,fail_to_fail,baseline-no-lock-seed-16,cntvaluein3-skew-locked-seed16-long-poll,False,False,0,2,check_starting_data_search_exhausted,signed_dqs_minus_dq_bit__idelay_cntvaluein_skew__lane1__dq8__ctrl_4__dqs_vs_dq_bit__value_ps,signed_dqs_minus_dq_bit,idelay_cntvaluein_skew,lane1,dq8,4,dqs_vs_dq_bit,-383,118,501,383,118,-265,negative,positive,True,True,False
16,fail_to_fail,baseline-no-lock-seed-16,cntvaluein3-skew-locked-seed16-long-poll,False,False,0,2,check_starting_data_search_exhausted,signed_dqs_minus_dq_bit__idelay_cntvaluein_skew__lane1__dq9__ctrl_0__dqs_vs_dq_bit__value_ps,signed_dqs_minus_dq_bit,idelay_cntvaluein_skew,lane1,dq9,0,dqs_vs_dq_bit,29,-53,-82,29,53,24,positive,negative,True,False,True
16,fail_to_fail,baseline-no-lock-seed-16,cntvaluein3-skew-locked-seed16-long-poll,False,False,0,2,check_starting_data_search_exhausted,signed_dqs_minus_dq_bit__idelay_cntvaluein_skew__lane1__dq9__ctrl_1__dqs_vs_dq_bit__value_ps,signed_dqs_minus_dq_bit,idelay_cntvaluein_skew,lane1,dq9,1,dqs_vs_dq_bit,51,262,211,51,262,211,positive,positive,False,False,True
16,fail_to_fail,baseline-no-lock-seed-16,cntvaluein3-skew-locked-seed16-long-poll,False,False,0,2,check_starting_data_search_exhausted,signed_dqs_minus_dq_bit__idelay_cntvaluein_skew__lane1__dq9__ctrl_2__dqs_vs_dq_bit__value_ps,signed_dqs_minus_dq_bit,idelay_cntvaluein_skew,lane1,dq9,2,dqs_vs_dq_bit,121,256,135,121,256,135,positive,positive,False,False,True
16,fail_to_fail,baseline-no-lock-seed-16,cntvaluein3-skew-locked-seed16-long-poll,False,False,0,2,check_starting_data_search_exhausted,signed_dqs_minus_dq_bit__idelay_cntvaluein_skew__lane1__dq9__ctrl_3__dqs_vs_dq_bit__value_ps,signed_dqs_minus_dq_bit,idelay_cntvaluein_skew,lane1,dq9,3,dqs_vs_dq_bit,-299,-174,125,299,174,-125,negative,negative,False,True,False
16,fail_to_fail,baseline-no-lock-seed-16,cntvaluein3-skew-locked-seed16-long-poll,False,False,0,2,check_starting_data_search_exhausted,signed_dqs_minus_dq_bit__idelay_cntvaluein_skew__lane1__dq9__ctrl_4__dqs_vs_dq_bit__value_ps,signed_dqs_minus_dq_bit,idelay_cntvaluein_skew,lane1,dq9,4,dqs_vs_dq_bit,239,394,155,239,394,155,positive,positive,False,False,True
16,fail_to_fail,baseline-no-lock-seed-16,cntvaluein3-skew-locked-seed16-long-poll,False,False,0,2,check_starting_data_search_exhausted,signed_dqs_minus_dq_median__idelay_cntvaluein_skew__lane0__dqs0__ctrl_0__dqs_vs_dq_lane__value_ps,signed_dqs_minus_dq_median,idelay_cntvaluein_skew,lane0,dqs0,0,dqs_vs_dq_lane,-54,358,412,54,358,304,negative,positive,True,False,True
16,fail_to_fail,baseline-no-lock-seed-16,cntvaluein3-skew-locked-seed16-long-poll,False,False,0,2,check_starting_data_search_exhausted,signed_dqs_minus_dq_median__idelay_cntvaluein_skew__lane0__dqs0__ctrl_1__dqs_vs_dq_lane__value_ps,signed_dqs_minus_dq_median,idelay_cntvaluein_skew,lane0,dqs0,1,dqs_vs_dq_lane,-224.5,17,241.5,224.5,17,-207.5,negative,positive,True,True,False
16,fail_to_fail,baseline-no-lock-seed-16,cntvaluein3-skew-locked-seed16-long-poll,False,False,0,2,check_starting_data_search_exhausted,signed_dqs_minus_dq_median__idelay_cntvaluein_skew__lane0__dqs0__ctrl_2__dqs_vs_dq_lane__value_ps,signed_dqs_minus_dq_median,idelay_cntvaluein_skew,lane0,dqs0,2,dqs_vs_dq_lane,-410,-49.5,360.5,410,49.5,-360.5,negative,negative,False,True,False
16,fail_to_fail,baseline-no-lock-seed-16,cntvaluein3-skew-locked-seed16-long-poll,False,False,0,2,check_starting_data_search_exhausted,signed_dqs_minus_dq_median__idelay_cntvaluein_skew__lane0__dqs0__ctrl_3__dqs_vs_dq_lane__value_ps,signed_dqs_minus_dq_median,idelay_cntvaluein_skew,lane0,dqs0,3,dqs_vs_dq_lane,-419,-35.5,383.5,419,35.5,-383.5,negative,negative,False,True,False
16,fail_to_fail,baseline-no-lock-seed-16,cntvaluein3-skew-locked-seed16-long-poll,False,False,0,2,check_starting_data_search_exhausted,signed_dqs_minus_dq_median__idelay_cntvaluein_skew__lane0__dqs0__ctrl_4__dqs_vs_dq_lane__value_ps,signed_dqs_minus_dq_median,idelay_cntvaluein_skew,lane0,dqs0,4,dqs_vs_dq_lane,107.5,-102.5,-210,107.5,102.5,-5,positive,negative,True,True,False
16,fail_to_fail,baseline-no-lock-seed-16,cntvaluein3-skew-locked-seed16-long-poll,False,False,0,2,check_starting_data_search_exhausted,signed_dqs_minus_dq_median__idelay_cntvaluein_skew__lane1__dqs1__ctrl_0__dqs_vs_dq_lane__value_ps,signed_dqs_minus_dq_median,idelay_cntvaluein_skew,lane1,dqs1,0,dqs_vs_dq_lane,32.5,-55,-87.5,32.5,55,22.5,positive,negative,True,False,True
16,fail_to_fail,baseline-no-lock-seed-16,cntvaluein3-skew-locked-seed16-long-poll,False,False,0,2,check_starting_data_search_exhausted,signed_dqs_minus_dq_median__idelay_cntvaluein_skew__lane1__dqs1__ctrl_1__dqs_vs_dq_lane__value_ps,signed_dqs_minus_dq_median,idelay_cntvaluein_skew,lane1,dqs1,1,dqs_vs_dq_lane,-92,75,167,92,75,-17,negative,positive,True,True,False
16,fail_to_fail,baseline-no-lock-seed-16,cntvaluein3-skew-locked-seed16-long-poll,False,False,0,2,check_starting_data_search_exhausted,signed_dqs_minus_dq_median__idelay_cntvaluein_skew__lane1__dqs1__ctrl_2__dqs_vs_dq_lane__value_ps,signed_dqs_minus_dq_median,idelay_cntvaluein_skew,lane1,dqs1,2,dqs_vs_dq_lane,-213.5,-4,209.5,213.5,4,-209.5,negative,negative,False,True,False
16,fail_to_fail,baseline-no-lock-seed-16,cntvaluein3-skew-locked-seed16-long-poll,False,False,0,2,check_starting_data_search_exhausted,signed_dqs_minus_dq_median__idelay_cntvaluein_skew__lane1__dqs1__ctrl_3__dqs_vs_dq_lane__value_ps,signed_dqs_minus_dq_median,idelay_cntvaluein_skew,lane1,dqs1,3,dqs_vs_dq_lane,-403.5,-235,168.5,403.5,235,-168.5,negative,negative,False,True,False
16,fail_to_fail,baseline-no-lock-seed-16,cntvaluein3-skew-locked-seed16-long-poll,False,False,0,2,check_starting_data_search_exhausted,signed_dqs_minus_dq_median__idelay_cntvaluein_skew__lane1__dqs1__ctrl_4__dqs_vs_dq_lane__value_ps,signed_dqs_minus_dq_median,idelay_cntvaluein_skew,lane1,dqs1,4,dqs_vs_dq_lane,-59,115.5,174.5,59,115.5,56.5,negative,positive,True,False,True
16,fail_to_fail,baseline-no-lock-seed-16,cntvaluein3-skew-locked-seed16-long-poll,False,False,0,2,check_starting_data_search_exhausted,signed_lane1_minus_lane0_dq_median__idelay_cntvaluein_skew__all__no_bit__ctrl_0__lane1_vs_lane0_dq__value_ps,signed_lane1_minus_lane0_dq_median,idelay_cntvaluein_skew,all,,0,lane1_vs_lane0_dq,-65.5,-258,-192.5,65.5,258,192.5,negative,negative,False,False,True
16,fail_to_fail,baseline-no-lock-seed-16,cntvaluein3-skew-locked-seed16-long-poll,False,False,0,2,check_starting_data_search_exhausted,signed_lane1_minus_lane0_dq_median__idelay_cntvaluein_skew__all__no_bit__ctrl_1__lane1_vs_lane0_dq__value_ps,signed_lane1_minus_lane0_dq_median,idelay_cntvaluein_skew,all,,1,lane1_vs_lane0_dq,-410.5,-336,74.5,410.5,336,-74.5,negative,negative,False,True,False
16,fail_to_fail,baseline-no-lock-seed-16,cntvaluein3-skew-locked-seed16-long-poll,False,False,0,2,check_starting_data_search_exhausted,signed_lane1_minus_lane0_dq_median__idelay_cntvaluein_skew__all__no_bit__ctrl_2__lane1_vs_lane0_dq__value_ps,signed_lane1_minus_lane0_dq_median,idelay_cntvaluein_skew,all,,2,lane1_vs_lane0_dq,-439.5,-179.5,260,439.5,179.5,-260,negative,negative,False,True,False
16,fail_to_fail,baseline-no-lock-seed-16,cntvaluein3-skew-locked-seed16-long-poll,False,False,0,2,check_starting_data_search_exhausted,signed_lane1_minus_lane0_dq_median__idelay_cntvaluein_skew__all__no_bit__ctrl_3__lane1_vs_lane0_dq__value_ps,signed_lane1_minus_lane0_dq_median,idelay_cntvaluein_skew,all,,3,lane1_vs_lane0_dq,-337.5,-73.5,264,337.5,73.5,-264,negative,negative,False,True,False
16,fail_to_fail,baseline-no-lock-seed-16,cntvaluein3-skew-locked-seed16-long-poll,False,False,0,2,check_starting_data_search_exhausted,signed_lane1_minus_lane0_dq_median__idelay_cntvaluein_skew__all__no_bit__ctrl_4__lane1_vs_lane0_dq__value_ps,signed_lane1_minus_lane0_dq_median,idelay_cntvaluein_skew,all,,4,lane1_vs_lane0_dq,-385.5,-386,-0.5,385.5,386,0.5,negative,negative,False,False,True
16,fail_to_fail,baseline-no-lock-seed-16,cntvaluein3-skew-locked-seed16-long-poll,False,False,0,2,check_starting_data_search_exhausted,signed_lane1_minus_lane0_dqs__idelay_cntvaluein_skew__all__no_bit__ctrl_0__lane1_vs_lane0_dqs__value_ps,signed_lane1_minus_lane0_dqs,idelay_cntvaluein_skew,all,,0,lane1_vs_lane0_dqs,21,-671,-692,21,671,650,positive,negative,True,False,True
16,fail_to_fail,baseline-no-lock-seed-16,cntvaluein3-skew-locked-seed16-long-poll,False,False,0,2,check_starting_data_search_exhausted,signed_lane1_minus_lane0_dqs__idelay_cntvaluein_skew__all__no_bit__ctrl_1__lane1_vs_lane0_dqs__value_ps,signed_lane1_minus_lane0_dqs,idelay_cntvaluein_skew,all,,1,lane1_vs_lane0_dqs,-278,-278,0,278,278,0,negative,negative,False,False,False
16,fail_to_fail,baseline-no-lock-seed-16,cntvaluein3-skew-locked-seed16-long-poll,False,False,0,2,check_starting_data_search_exhausted,signed_lane1_minus_lane0_dqs__idelay_cntvaluein_skew__all__no_bit__ctrl_2__lane1_vs_lane0_dqs__value_ps,signed_lane1_minus_lane0_dqs,idelay_cntvaluein_skew,all,,2,lane1_vs_lane0_dqs,-243,-134,109,243,134,-109,negative,negative,False,True,False
16,fail_to_fail,baseline-no-lock-seed-16,cntvaluein3-skew-locked-seed16-long-poll,False,False,0,2,check_starting_data_search_exhausted,signed_lane1_minus_lane0_dqs__idelay_cntvaluein_skew__all__no_bit__ctrl_3__lane1_vs_lane0_dqs__value_ps,signed_lane1_minus_lane0_dqs,idelay_cntvaluein_skew,all,,3,lane1_vs_lane0_dqs,-322,-273,49,322,273,-49,negative,negative,False,True,False
16,fail_to_fail,baseline-no-lock-seed-16,cntvaluein3-skew-locked-seed16-long-poll,False,False,0,2,check_starting_data_search_exhausted,signed_lane1_minus_lane0_dqs__idelay_cntvaluein_skew__all__no_bit__ctrl_4__lane1_vs_lane0_dqs__value_ps,signed_lane1_minus_lane0_dqs,idelay_cntvaluein_skew,all,,4,lane1_vs_lane0_dqs,-552,-168,384,552,168,-384,negative,negative,False,True,False
16,fail_to_fail,baseline-no-lock-seed-16,cntvaluein3-skew-locked-seed16-long-poll,False,False,0,2,check_starting_data_search_exhausted,signed_ld_dqs_minus_dq_median__idelay_ld_skew__lane0__dqs0__ctrl_none__dqs_vs_dq_lane__value_ps,signed_ld_dqs_minus_dq_median,idelay_ld_skew,lane0,dqs0,,dqs_vs_dq_lane,-134.5,-7,127.5,134.5,7,-127.5,negative,negative,False,True,False
16,fail_to_fail,baseline-no-lock-seed-16,cntvaluein3-skew-locked-seed16-long-poll,False,False,0,2,check_starting_data_search_exhausted,signed_ld_dqs_minus_dq_median__idelay_ld_skew__lane1__dqs1__ctrl_none__dqs_vs_dq_lane__value_ps,signed_ld_dqs_minus_dq_median,idelay_ld_skew,lane1,dqs1,,dqs_vs_dq_lane,52,62.5,10.5,52,62.5,10.5,positive,positive,False,False,True
16,fail_to_fail,baseline-no-lock-seed-16,cntvaluein3-skew-locked-seed16-long-poll,False,False,0,2,check_starting_data_search_exhausted,signed_ld_minus_cntvaluein_dq_median__idelay_ld_cntvaluein_skew__lane0__no_bit__ctrl_0__ld_vs_cntvaluein_dq_lane__value_ps,signed_ld_minus_cntvaluein_dq_median,idelay_ld_cntvaluein_skew,lane0,,0,ld_vs_cntvaluein_dq_lane,554.5,200,-354.5,554.5,200,-354.5,positive,positive,False,True,False
16,fail_to_fail,baseline-no-lock-seed-16,cntvaluein3-skew-locked-seed16-long-poll,False,False,0,2,check_starting_data_search_exhausted,signed_ld_minus_cntvaluein_dq_median__idelay_ld_cntvaluein_skew__lane0__no_bit__ctrl_1__ld_vs_cntvaluein_dq_lane__value_ps,signed_ld_minus_cntvaluein_dq_median,idelay_ld_cntvaluein_skew,lane0,,1,ld_vs_cntvaluein_dq_lane,-34,277,311,34,277,243,negative,positive,True,False,True
16,fail_to_fail,baseline-no-lock-seed-16,cntvaluein3-skew-locked-seed16-long-poll,False,False,0,2,check_starting_data_search_exhausted,signed_ld_minus_cntvaluein_dq_median__idelay_ld_cntvaluein_skew__lane0__no_bit__ctrl_2__ld_vs_cntvaluein_dq_lane__value_ps,signed_ld_minus_cntvaluein_dq_median,idelay_ld_cntvaluein_skew,lane0,,2,ld_vs_cntvaluein_dq_lane,-408.5,313.5,722,408.5,313.5,-95,negative,positive,True,True,False
16,fail_to_fail,baseline-no-lock-seed-16,cntvaluein3-skew-locked-seed16-long-poll,False,False,0,2,check_starting_data_search_exhausted,signed_ld_minus_cntvaluein_dq_median__idelay_ld_cntvaluein_skew__lane0__no_bit__ctrl_3__ld_vs_cntvaluein_dq_lane__value_ps,signed_ld_minus_cntvaluein_dq_median,idelay_ld_cntvaluein_skew,lane0,,3,ld_vs_cntvaluein_dq_lane,-119.5,-336.5,-217,119.5,336.5,217,negative,negative,False,False,True
16,fail_to_fail,baseline-no-lock-seed-16,cntvaluein3-skew-locked-seed16-long-poll,False,False,0,2,check_starting_data_search_exhausted,signed_ld_minus_cntvaluein_dq_median__idelay_ld_cntvaluein_skew__lane0__no_bit__ctrl_4__ld_vs_cntvaluein_dq_lane__value_ps,signed_ld_minus_cntvaluein_dq_median,idelay_ld_cntvaluein_skew,lane0,,4,ld_vs_cntvaluein_dq_lane,-254,78.5,332.5,254,78.5,-175.5,negative,positive,True,True,False
16,fail_to_fail,baseline-no-lock-seed-16,cntvaluein3-skew-locked-seed16-long-poll,False,False,0,2,check_starting_data_search_exhausted,signed_ld_minus_cntvaluein_dq_median__idelay_ld_cntvaluein_skew__lane1__no_bit__ctrl_0__ld_vs_cntvaluein_dq_lane__value_ps,signed_ld_minus_cntvaluein_dq_median,idelay_ld_cntvaluein_skew,lane1,,0,ld_vs_cntvaluein_dq_lane,276.5,96.5,-180,276.5,96.5,-180,positive,positive,False,True,False
16,fail_to_fail,baseline-no-lock-seed-16,cntvaluein3-skew-locked-seed16-long-poll,False,False,0,2,check_starting_data_search_exhausted,signed_ld_minus_cntvaluein_dq_median__idelay_ld_cntvaluein_skew__lane1__no_bit__ctrl_1__ld_vs_cntvaluein_dq_lane__value_ps,signed_ld_minus_cntvaluein_dq_median,idelay_ld_cntvaluein_skew,lane1,,1,ld_vs_cntvaluein_dq_lane,33,251.5,218.5,33,251.5,218.5,positive,positive,False,False,True
16,fail_to_fail,baseline-no-lock-seed-16,cntvaluein3-skew-locked-seed16-long-poll,False,False,0,2,check_starting_data_search_exhausted,signed_ld_minus_cntvaluein_dq_median__idelay_ld_cntvaluein_skew__lane1__no_bit__ctrl_2__ld_vs_cntvaluein_dq_lane__value_ps,signed_ld_minus_cntvaluein_dq_median,idelay_ld_cntvaluein_skew,lane1,,2,ld_vs_cntvaluein_dq_lane,-312.5,131.5,444,312.5,131.5,-181,negative,positive,True,True,False
16,fail_to_fail,baseline-no-lock-seed-16,cntvaluein3-skew-locked-seed16-long-poll,False,False,0,2,check_starting_data_search_exhausted,signed_ld_minus_cntvaluein_dq_median__idelay_ld_cntvaluein_skew__lane1__no_bit__ctrl_3__ld_vs_cntvaluein_dq_lane__value_ps,signed_ld_minus_cntvaluein_dq_median,idelay_ld_cntvaluein_skew,lane1,,3,ld_vs_cntvaluein_dq_lane,-125.5,-624.5,-499,125.5,624.5,499,negative,negative,False,False,True
16,fail_to_fail,baseline-no-lock-seed-16,cntvaluein3-skew-locked-seed16-long-poll,False,False,0,2,check_starting_data_search_exhausted,signed_ld_minus_cntvaluein_dq_median__idelay_ld_cntvaluein_skew__lane1__no_bit__ctrl_4__ld_vs_cntvaluein_dq_lane__value_ps,signed_ld_minus_cntvaluein_dq_median,idelay_ld_cntvaluein_skew,lane1,,4,ld_vs_cntvaluein_dq_lane,-212,103,315,212,103,-109,negative,positive,True,True,False
16,fail_to_fail,baseline-no-lock-seed-16,cntvaluein3-skew-locked-seed16-long-poll,False,False,0,2,check_starting_data_search_exhausted,signed_ld_minus_cntvaluein_dqs__idelay_ld_cntvaluein_skew__lane0__dqs0__ctrl_0__ld_vs_cntvaluein_dqs__value_ps,signed_ld_minus_cntvaluein_dqs,idelay_ld_cntvaluein_skew,lane0,dqs0,0,ld_vs_cntvaluein_dqs,474,-165,-639,474,165,-309,positive,negative,True,True,False
16,fail_to_fail,baseline-no-lock-seed-16,cntvaluein3-skew-locked-seed16-long-poll,False,False,0,2,check_starting_data_search_exhausted,signed_ld_minus_cntvaluein_dqs__idelay_ld_cntvaluein_skew__lane0__dqs0__ctrl_1__ld_vs_cntvaluein_dqs__value_ps,signed_ld_minus_cntvaluein_dqs,idelay_ld_cntvaluein_skew,lane0,dqs0,1,ld_vs_cntvaluein_dqs,56,253,197,56,253,197,positive,positive,False,False,True
16,fail_to_fail,baseline-no-lock-seed-16,cntvaluein3-skew-locked-seed16-long-poll,False,False,0,2,check_starting_data_search_exhausted,signed_ld_minus_cntvaluein_dqs__idelay_ld_cntvaluein_skew__lane0__dqs0__ctrl_2__ld_vs_cntvaluein_dqs__value_ps,signed_ld_minus_cntvaluein_dqs,idelay_ld_cntvaluein_skew,lane0,dqs0,2,ld_vs_cntvaluein_dqs,-133,356,489,133,356,223,negative,positive,True,False,True
16,fail_to_fail,baseline-no-lock-seed-16,cntvaluein3-skew-locked-seed16-long-poll,False,False,0,2,check_starting_data_search_exhausted,signed_ld_minus_cntvaluein_dqs__idelay_ld_cntvaluein_skew__lane0__dqs0__ctrl_3__ld_vs_cntvaluein_dqs__value_ps,signed_ld_minus_cntvaluein_dqs,idelay_ld_cntvaluein_skew,lane0,dqs0,3,ld_vs_cntvaluein_dqs,165,-308,-473,165,308,143,positive,negative,True,False,True
16,fail_to_fail,baseline-no-lock-seed-16,cntvaluein3-skew-locked-seed16-long-poll,False,False,0,2,check_starting_data_search_exhausted,signed_ld_minus_cntvaluein_dqs__idelay_ld_cntvaluein_skew__lane0__dqs0__ctrl_4__ld_vs_cntvaluein_dqs__value_ps,signed_ld_minus_cntvaluein_dqs,idelay_ld_cntvaluein_skew,lane0,dqs0,4,ld_vs_cntvaluein_dqs,-496,174,670,496,174,-322,negative,positive,True,True,False
16,fail_to_fail,baseline-no-lock-seed-16,cntvaluein3-skew-locked-seed16-long-poll,False,False,0,2,check_starting_data_search_exhausted,signed_ld_minus_cntvaluein_dqs__idelay_ld_cntvaluein_skew__lane1__dqs1__ctrl_0__ld_vs_cntvaluein_dqs__value_ps,signed_ld_minus_cntvaluein_dqs,idelay_ld_cntvaluein_skew,lane1,dqs1,0,ld_vs_cntvaluein_dqs,296,214,-82,296,214,-82,positive,positive,False,True,False
16,fail_to_fail,baseline-no-lock-seed-16,cntvaluein3-skew-locked-seed16-long-poll,False,False,0,2,check_starting_data_search_exhausted,signed_ld_minus_cntvaluein_dqs__idelay_ld_cntvaluein_skew__lane1__dqs1__ctrl_1__ld_vs_cntvaluein_dqs__value_ps,signed_ld_minus_cntvaluein_dqs,idelay_ld_cntvaluein_skew,lane1,dqs1,1,ld_vs_cntvaluein_dqs,177,239,62,177,239,62,positive,positive,False,False,True
16,fail_to_fail,baseline-no-lock-seed-16,cntvaluein3-skew-locked-seed16-long-poll,False,False,0,2,check_starting_data_search_exhausted,signed_ld_minus_cntvaluein_dqs__idelay_ld_cntvaluein_skew__lane1__dqs1__ctrl_2__ld_vs_cntvaluein_dqs__value_ps,signed_ld_minus_cntvaluein_dqs,idelay_ld_cntvaluein_skew,lane1,dqs1,2,ld_vs_cntvaluein_dqs,-47,198,245,47,198,151,negative,positive,True,False,True
16,fail_to_fail,baseline-no-lock-seed-16,cntvaluein3-skew-locked-seed16-long-poll,False,False,0,2,check_starting_data_search_exhausted,signed_ld_minus_cntvaluein_dqs__idelay_ld_cntvaluein_skew__lane1__dqs1__ctrl_3__ld_vs_cntvaluein_dqs__value_ps,signed_ld_minus_cntvaluein_dqs,idelay_ld_cntvaluein_skew,lane1,dqs1,3,ld_vs_cntvaluein_dqs,330,-327,-657,330,327,-3,positive,negative,True,True,False
16,fail_to_fail,baseline-no-lock-seed-16,cntvaluein3-skew-locked-seed16-long-poll,False,False,0,2,check_starting_data_search_exhausted,signed_ld_minus_cntvaluein_dqs__idelay_ld_cntvaluein_skew__lane1__dqs1__ctrl_4__ld_vs_cntvaluein_dqs__value_ps,signed_ld_minus_cntvaluein_dqs,idelay_ld_cntvaluein_skew,lane1,dqs1,4,ld_vs_cntvaluein_dqs,-101,50,151,101,50,-51,negative,positive,True,True,False
20,fail_to_pass,baseline-no-lock-seed-20,cntvaluein3-skew-locked-seed20,False,True,2,0,none,signed_dqs_bus_skew_minus_dq_median__idelay_cntvaluein_skew__lane0__dqs0__ctrl_none__dqs_vs_dq_bus_skew__value_ps,signed_dqs_bus_skew_minus_dq_median,idelay_cntvaluein_skew,lane0,dqs0,,dqs_vs_dq_bus_skew,-30.5,-191.5,-161,30.5,191.5,161,negative,negative,False,False,True
20,fail_to_pass,baseline-no-lock-seed-20,cntvaluein3-skew-locked-seed20,False,True,2,0,none,signed_dqs_bus_skew_minus_dq_median__idelay_cntvaluein_skew__lane1__dqs1__ctrl_none__dqs_vs_dq_bus_skew__value_ps,signed_dqs_bus_skew_minus_dq_median,idelay_cntvaluein_skew,lane1,dqs1,,dqs_vs_dq_bus_skew,56.5,-24.5,-81,56.5,24.5,-32,positive,negative,True,True,False
20,fail_to_pass,baseline-no-lock-seed-20,cntvaluein3-skew-locked-seed20,False,True,2,0,none,signed_dqs_minus_dq_bit__idelay_cntvaluein_skew__lane0__dq0__ctrl_0__dqs_vs_dq_bit__value_ps,signed_dqs_minus_dq_bit,idelay_cntvaluein_skew,lane0,dq0,0,dqs_vs_dq_bit,-262,620,882,262,620,358,negative,positive,True,False,True
20,fail_to_pass,baseline-no-lock-seed-20,cntvaluein3-skew-locked-seed20,False,True,2,0,none,signed_dqs_minus_dq_bit__idelay_cntvaluein_skew__lane0__dq0__ctrl_1__dqs_vs_dq_bit__value_ps,signed_dqs_minus_dq_bit,idelay_cntvaluein_skew,lane0,dq0,1,dqs_vs_dq_bit,-675,395,1070,675,395,-280,negative,positive,True,True,False
20,fail_to_pass,baseline-no-lock-seed-20,cntvaluein3-skew-locked-seed20,False,True,2,0,none,signed_dqs_minus_dq_bit__idelay_cntvaluein_skew__lane0__dq0__ctrl_2__dqs_vs_dq_bit__value_ps,signed_dqs_minus_dq_bit,idelay_cntvaluein_skew,lane0,dq0,2,dqs_vs_dq_bit,-469,221,690,469,221,-248,negative,positive,True,True,False
20,fail_to_pass,baseline-no-lock-seed-20,cntvaluein3-skew-locked-seed20,False,True,2,0,none,signed_dqs_minus_dq_bit__idelay_cntvaluein_skew__lane0__dq0__ctrl_3__dqs_vs_dq_bit__value_ps,signed_dqs_minus_dq_bit,idelay_cntvaluein_skew,lane0,dq0,3,dqs_vs_dq_bit,-790,49,839,790,49,-741,negative,positive,True,True,False
20,fail_to_pass,baseline-no-lock-seed-20,cntvaluein3-skew-locked-seed20,False,True,2,0,none,signed_dqs_minus_dq_bit__idelay_cntvaluein_skew__lane0__dq0__ctrl_4__dqs_vs_dq_bit__value_ps,signed_dqs_minus_dq_bit,idelay_cntvaluein_skew,lane0,dq0,4,dqs_vs_dq_bit,-157,387,544,157,387,230,negative,positive,True,False,True
20,fail_to_pass,baseline-no-lock-seed-20,cntvaluein3-skew-locked-seed20,False,True,2,0,none,signed_dqs_minus_dq_bit__idelay_cntvaluein_skew__lane0__dq1__ctrl_0__dqs_vs_dq_bit__value_ps,signed_dqs_minus_dq_bit,idelay_cntvaluein_skew,lane0,dq1,0,dqs_vs_dq_bit,-163,564,727,163,564,401,negative,positive,True,False,True
20,fail_to_pass,baseline-no-lock-seed-20,cntvaluein3-skew-locked-seed20,False,True,2,0,none,signed_dqs_minus_dq_bit__idelay_cntvaluein_skew__lane0__dq1__ctrl_1__dqs_vs_dq_bit__value_ps,signed_dqs_minus_dq_bit,idelay_cntvaluein_skew,lane0,dq1,1,dqs_vs_dq_bit,-587,303,890,587,303,-284,negative,positive,True,True,False
20,fail_to_pass,baseline-no-lock-seed-20,cntvaluein3-skew-locked-seed20,False,True,2,0,none,signed_dqs_minus_dq_bit__idelay_cntvaluein_skew__lane0__dq1__ctrl_2__dqs_vs_dq_bit__value_ps,signed_dqs_minus_dq_bit,idelay_cntvaluein_skew,lane0,dq1,2,dqs_vs_dq_bit,-525,301,826,525,301,-224,negative,positive,True,True,False
20,fail_to_pass,baseline-no-lock-seed-20,cntvaluein3-skew-locked-seed20,False,True,2,0,none,signed_dqs_minus_dq_bit__idelay_cntvaluein_skew__lane0__dq1__ctrl_3__dqs_vs_dq_bit__value_ps,signed_dqs_minus_dq_bit,idelay_cntvaluein_skew,lane0,dq1,3,dqs_vs_dq_bit,-875,138,1013,875,138,-737,negative,positive,True,True,False
20,fail_to_pass,baseline-no-lock-seed-20,cntvaluein3-skew-locked-seed20,False,True,2,0,none,signed_dqs_minus_dq_bit__idelay_cntvaluein_skew__lane0__dq1__ctrl_4__dqs_vs_dq_bit__value_ps,signed_dqs_minus_dq_bit,idelay_cntvaluein_skew,lane0,dq1,4,dqs_vs_dq_bit,-76,334,410,76,334,258,negative,positive,True,False,True
20,fail_to_pass,baseline-no-lock-seed-20,cntvaluein3-skew-locked-seed20,False,True,2,0,none,signed_dqs_minus_dq_bit__idelay_cntvaluein_skew__lane0__dq2__ctrl_0__dqs_vs_dq_bit__value_ps,signed_dqs_minus_dq_bit,idelay_cntvaluein_skew,lane0,dq2,0,dqs_vs_dq_bit,-254,736,990,254,736,482,negative,positive,True,False,True
20,fail_to_pass,baseline-no-lock-seed-20,cntvaluein3-skew-locked-seed20,False,True,2,0,none,signed_dqs_minus_dq_bit__idelay_cntvaluein_skew__lane0__dq2__ctrl_1__dqs_vs_dq_bit__value_ps,signed_dqs_minus_dq_bit,idelay_cntvaluein_skew,lane0,dq2,1,dqs_vs_dq_bit,-495,211,706,495,211,-284,negative,positive,True,True,False
20,fail_to_pass,baseline-no-lock-seed-20,cntvaluein3-skew-locked-seed20,False,True,2,0,none,signed_dqs_minus_dq_bit__idelay_cntvaluein_skew__lane0__dq2__ctrl_2__dqs_vs_dq_bit__value_ps,signed_dqs_minus_dq_bit,idelay_cntvaluein_skew,lane0,dq2,2,dqs_vs_dq_bit,-425,137,562,425,137,-288,negative,positive,True,True,False
20,fail_to_pass,baseline-no-lock-seed-20,cntvaluein3-skew-locked-seed20,False,True,2,0,none,signed_dqs_minus_dq_bit__idelay_cntvaluein_skew__lane0__dq2__ctrl_3__dqs_vs_dq_bit__value_ps,signed_dqs_minus_dq_bit,idelay_cntvaluein_skew,lane0,dq2,3,dqs_vs_dq_bit,-618,96,714,618,96,-522,negative,positive,True,True,False
20,fail_to_pass,baseline-no-lock-seed-20,cntvaluein3-skew-locked-seed20,False,True,2,0,none,signed_dqs_minus_dq_bit__idelay_cntvaluein_skew__lane0__dq2__ctrl_4__dqs_vs_dq_bit__value_ps,signed_dqs_minus_dq_bit,idelay_cntvaluein_skew,lane0,dq2,4,dqs_vs_dq_bit,-158,303,461,158,303,145,negative,positive,True,False,True
20,fail_to_pass,baseline-no-lock-seed-20,cntvaluein3-skew-locked-seed20,False,True,2,0,none,signed_dqs_minus_dq_bit__idelay_cntvaluein_skew__lane0__dq3__ctrl_0__dqs_vs_dq_bit__value_ps,signed_dqs_minus_dq_bit,idelay_cntvaluein_skew,lane0,dq3,0,dqs_vs_dq_bit,-31,746,777,31,746,715,negative,positive,True,False,True
20,fail_to_pass,baseline-no-lock-seed-20,cntvaluein3-skew-locked-seed20,False,True,2,0,none,signed_dqs_minus_dq_bit__idelay_cntvaluein_skew__lane0__dq3__ctrl_1__dqs_vs_dq_bit__value_ps,signed_dqs_minus_dq_bit,idelay_cntvaluein_skew,lane0,dq3,1,dqs_vs_dq_bit,-444,748,1192,444,748,304,negative,positive,True,False,True
20,fail_to_pass,baseline-no-lock-seed-20,cntvaluein3-skew-locked-seed20,False,True,2,0,none,signed_dqs_minus_dq_bit__idelay_cntvaluein_skew__lane0__dq3__ctrl_2__dqs_vs_dq_bit__value_ps,signed_dqs_minus_dq_bit,idelay_cntvaluein_skew,lane0,dq3,2,dqs_vs_dq_bit,-237,387,624,237,387,150,negative,positive,True,False,True
20,fail_to_pass,baseline-no-lock-seed-20,cntvaluein3-skew-locked-seed20,False,True,2,0,none,signed_dqs_minus_dq_bit__idelay_cntvaluein_skew__lane0__dq3__ctrl_3__dqs_vs_dq_bit__value_ps,signed_dqs_minus_dq_bit,idelay_cntvaluein_skew,lane0,dq3,3,dqs_vs_dq_bit,-367,358,725,367,358,-9,negative,positive,True,True,False
20,fail_to_pass,baseline-no-lock-seed-20,cntvaluein3-skew-locked-seed20,False,True,2,0,none,signed_dqs_minus_dq_bit__idelay_cntvaluein_skew__lane0__dq3__ctrl_4__dqs_vs_dq_bit__value_ps,signed_dqs_minus_dq_bit,idelay_cntvaluein_skew,lane0,dq3,4,dqs_vs_dq_bit,-107,469,576,107,469,362,negative,positive,True,False,True
20,fail_to_pass,baseline-no-lock-seed-20,cntvaluein3-skew-locked-seed20,False,True,2,0,none,signed_dqs_minus_dq_bit__idelay_cntvaluein_skew__lane0__dq4__ctrl_0__dqs_vs_dq_bit__value_ps,signed_dqs_minus_dq_bit,idelay_cntvaluein_skew,lane0,dq4,0,dqs_vs_dq_bit,-169,616,785,169,616,447,negative,positive,True,False,True
20,fail_to_pass,baseline-no-lock-seed-20,cntvaluein3-skew-locked-seed20,False,True,2,0,none,signed_dqs_minus_dq_bit__idelay_cntvaluein_skew__lane0__dq4__ctrl_1__dqs_vs_dq_bit__value_ps,signed_dqs_minus_dq_bit,idelay_cntvaluein_skew,lane0,dq4,1,dqs_vs_dq_bit,-577,212,789,577,212,-365,negative,positive,True,True,False
20,fail_to_pass,baseline-no-lock-seed-20,cntvaluein3-skew-locked-seed20,False,True,2,0,none,signed_dqs_minus_dq_bit__idelay_cntvaluein_skew__lane0__dq4__ctrl_2__dqs_vs_dq_bit__value_ps,signed_dqs_minus_dq_bit,idelay_cntvaluein_skew,lane0,dq4,2,dqs_vs_dq_bit,-377,83,460,377,83,-294,negative,positive,True,True,False
20,fail_to_pass,baseline-no-lock-seed-20,cntvaluein3-skew-locked-seed20,False,True,2,0,none,signed_dqs_minus_dq_bit__idelay_cntvaluein_skew__lane0__dq4__ctrl_3__dqs_vs_dq_bit__value_ps,signed_dqs_minus_dq_bit,idelay_cntvaluein_skew,lane0,dq4,3,dqs_vs_dq_bit,-884,181,1065,884,181,-703,negative,positive,True,True,False
20,fail_to_pass,baseline-no-lock-seed-20,cntvaluein3-skew-locked-seed20,False,True,2,0,none,signed_dqs_minus_dq_bit__idelay_cntvaluein_skew__lane0__dq4__ctrl_4__dqs_vs_dq_bit__value_ps,signed_dqs_minus_dq_bit,idelay_cntvaluein_skew,lane0,dq4,4,dqs_vs_dq_bit,-240,214,454,240,214,-26,negative,positive,True,True,False
20,fail_to_pass,baseline-no-lock-seed-20,cntvaluein3-skew-locked-seed20,False,True,2,0,none,signed_dqs_minus_dq_bit__idelay_cntvaluein_skew__lane0__dq5__ctrl_0__dqs_vs_dq_bit__value_ps,signed_dqs_minus_dq_bit,idelay_cntvaluein_skew,lane0,dq5,0,dqs_vs_dq_bit,-115,658,773,115,658,543,negative,positive,True,False,True
20,fail_to_pass,baseline-no-lock-seed-20,cntvaluein3-skew-locked-seed20,False,True,2,0,none,signed_dqs_minus_dq_bit__idelay_cntvaluein_skew__lane0__dq5__ctrl_1__dqs_vs_dq_bit__value_ps,signed_dqs_minus_dq_bit,idelay_cntvaluein_skew,lane0,dq5,1,dqs_vs_dq_bit,-357,656,1013,357,656,299,negative,positive,True,False,True
20,fail_to_pass,baseline-no-lock-seed-20,cntvaluein3-skew-locked-seed20,False,True,2,0,none,signed_dqs_minus_dq_bit__idelay_cntvaluein_skew__lane0__dq5__ctrl_2__dqs_vs_dq_bit__value_ps,signed_dqs_minus_dq_bit,idelay_cntvaluein_skew,lane0,dq5,2,dqs_vs_dq_bit,-293,532,825,293,532,239,negative,positive,True,False,True
20,fail_to_pass,baseline-no-lock-seed-20,cntvaluein3-skew-locked-seed20,False,True,2,0,none,signed_dqs_minus_dq_bit__idelay_cntvaluein_skew__lane0__dq5__ctrl_3__dqs_vs_dq_bit__value_ps,signed_dqs_minus_dq_bit,idelay_cntvaluein_skew,lane0,dq5,3,dqs_vs_dq_bit,-451,361,812,451,361,-90,negative,positive,True,True,False
20,fail_to_pass,baseline-no-lock-seed-20,cntvaluein3-skew-locked-seed20,False,True,2,0,none,signed_dqs_minus_dq_bit__idelay_cntvaluein_skew__lane0__dq5__ctrl_4__dqs_vs_dq_bit__value_ps,signed_dqs_minus_dq_bit,idelay_cntvaluein_skew,lane0,dq5,4,dqs_vs_dq_bit,-20,464,484,20,464,444,negative,positive,True,False,True
20,fail_to_pass,baseline-no-lock-seed-20,cntvaluein3-skew-locked-seed20,False,True,2,0,none,signed_dqs_minus_dq_bit__idelay_cntvaluein_skew__lane0__dq6__ctrl_0__dqs_vs_dq_bit__value_ps,signed_dqs_minus_dq_bit,idelay_cntvaluein_skew,lane0,dq6,0,dqs_vs_dq_bit,-150,642,792,150,642,492,negative,positive,True,False,True
20,fail_to_pass,baseline-no-lock-seed-20,cntvaluein3-skew-locked-seed20,False,True,2,0,none,signed_dqs_minus_dq_bit__idelay_cntvaluein_skew__lane0__dq6__ctrl_1__dqs_vs_dq_bit__value_ps,signed_dqs_minus_dq_bit,idelay_cntvaluein_skew,lane0,dq6,1,dqs_vs_dq_bit,-484,533,1017,484,533,49,negative,positive,True,False,True
20,fail_to_pass,baseline-no-lock-seed-20,cntvaluein3-skew-locked-seed20,False,True,2,0,none,signed_dqs_minus_dq_bit__idelay_cntvaluein_skew__lane0__dq6__ctrl_2__dqs_vs_dq_bit__value_ps,signed_dqs_minus_dq_bit,idelay_cntvaluein_skew,lane0,dq6,2,dqs_vs_dq_bit,-277,45,322,277,45,-232,negative,positive,True,True,False
20,fail_to_pass,baseline-no-lock-seed-20,cntvaluein3-skew-locked-seed20,False,True,2,0,none,signed_dqs_minus_dq_bit__idelay_cntvaluein_skew__lane0__dq6__ctrl_3__dqs_vs_dq_bit__value_ps,signed_dqs_minus_dq_bit,idelay_cntvaluein_skew,lane0,dq6,3,dqs_vs_dq_bit,-733,184,917,733,184,-549,negative,positive,True,True,False
20,fail_to_pass,baseline-no-lock-seed-20,cntvaluein3-skew-locked-seed20,False,True,2,0,none,signed_dqs_minus_dq_bit__idelay_cntvaluein_skew__lane0__dq6__ctrl_4__dqs_vs_dq_bit__value_ps,signed_dqs_minus_dq_bit,idelay_cntvaluein_skew,lane0,dq6,4,dqs_vs_dq_bit,-28,207,235,28,207,179,negative,positive,True,False,True
20,fail_to_pass,baseline-no-lock-seed-20,cntvaluein3-skew-locked-seed20,False,True,2,0,none,signed_dqs_minus_dq_bit__idelay_cntvaluein_skew__lane0__dq7__ctrl_0__dqs_vs_dq_bit__value_ps,signed_dqs_minus_dq_bit,idelay_cntvaluein_skew,lane0,dq7,0,dqs_vs_dq_bit,-426,648,1074,426,648,222,negative,positive,True,False,True
20,fail_to_pass,baseline-no-lock-seed-20,cntvaluein3-skew-locked-seed20,False,True,2,0,none,signed_dqs_minus_dq_bit__idelay_cntvaluein_skew__lane0__dq7__ctrl_1__dqs_vs_dq_bit__value_ps,signed_dqs_minus_dq_bit,idelay_cntvaluein_skew,lane0,dq7,1,dqs_vs_dq_bit,-571,614,1185,571,614,43,negative,positive,True,False,True
20,fail_to_pass,baseline-no-lock-seed-20,cntvaluein3-skew-locked-seed20,False,True,2,0,none,signed_dqs_minus_dq_bit__idelay_cntvaluein_skew__lane0__dq7__ctrl_2__dqs_vs_dq_bit__value_ps,signed_dqs_minus_dq_bit,idelay_cntvaluein_skew,lane0,dq7,2,dqs_vs_dq_bit,-370,46,416,370,46,-324,negative,positive,True,True,False
20,fail_to_pass,baseline-no-lock-seed-20,cntvaluein3-skew-locked-seed20,False,True,2,0,none,signed_dqs_minus_dq_bit__idelay_cntvaluein_skew__lane0__dq7__ctrl_3__dqs_vs_dq_bit__value_ps,signed_dqs_minus_dq_bit,idelay_cntvaluein_skew,lane0,dq7,3,dqs_vs_dq_bit,-708,88,796,708,88,-620,negative,positive,True,True,False
20,fail_to_pass,baseline-no-lock-seed-20,cntvaluein3-skew-locked-seed20,False,True,2,0,none,signed_dqs_minus_dq_bit__idelay_cntvaluein_skew__lane0__dq7__ctrl_4__dqs_vs_dq_bit__value_ps,signed_dqs_minus_dq_bit,idelay_cntvaluein_skew,lane0,dq7,4,dqs_vs_dq_bit,-244,204,448,244,204,-40,negative,positive,True,True,False
20,fail_to_pass,baseline-no-lock-seed-20,cntvaluein3-skew-locked-seed20,False,True,2,0,none,signed_dqs_minus_dq_bit__idelay_cntvaluein_skew__lane1__dq10__ctrl_0__dqs_vs_dq_bit__value_ps,signed_dqs_minus_dq_bit,idelay_cntvaluein_skew,lane1,dq10,0,dqs_vs_dq_bit,-189,581,770,189,581,392,negative,positive,True,False,True
20,fail_to_pass,baseline-no-lock-seed-20,cntvaluein3-skew-locked-seed20,False,True,2,0,none,signed_dqs_minus_dq_bit__idelay_cntvaluein_skew__lane1__dq10__ctrl_1__dqs_vs_dq_bit__value_ps,signed_dqs_minus_dq_bit,idelay_cntvaluein_skew,lane1,dq10,1,dqs_vs_dq_bit,-577,591,1168,577,591,14,negative,positive,True,False,True
20,fail_to_pass,baseline-no-lock-seed-20,cntvaluein3-skew-locked-seed20,False,True,2,0,none,signed_dqs_minus_dq_bit__idelay_cntvaluein_skew__lane1__dq10__ctrl_2__dqs_vs_dq_bit__value_ps,signed_dqs_minus_dq_bit,idelay_cntvaluein_skew,lane1,dq10,2,dqs_vs_dq_bit,-197,-11,186,197,11,-186,negative,negative,False,True,False
20,fail_to_pass,baseline-no-lock-seed-20,cntvaluein3-skew-locked-seed20,False,True,2,0,none,signed_dqs_minus_dq_bit__idelay_cntvaluein_skew__lane1__dq10__ctrl_3__dqs_vs_dq_bit__value_ps,signed_dqs_minus_dq_bit,idelay_cntvaluein_skew,lane1,dq10,3,dqs_vs_dq_bit,-424,63,487,424,63,-361,negative,positive,True,True,False
20,fail_to_pass,baseline-no-lock-seed-20,cntvaluein3-skew-locked-seed20,False,True,2,0,none,signed_dqs_minus_dq_bit__idelay_cntvaluein_skew__lane1__dq10__ctrl_4__dqs_vs_dq_bit__value_ps,signed_dqs_minus_dq_bit,idelay_cntvaluein_skew,lane1,dq10,4,dqs_vs_dq_bit,-82,11,93,82,11,-71,negative,positive,True,True,False
20,fail_to_pass,baseline-no-lock-seed-20,cntvaluein3-skew-locked-seed20,False,True,2,0,none,signed_dqs_minus_dq_bit__idelay_cntvaluein_skew__lane1__dq11__ctrl_0__dqs_vs_dq_bit__value_ps,signed_dqs_minus_dq_bit,idelay_cntvaluein_skew,lane1,dq11,0,dqs_vs_dq_bit,-53,602,655,53,602,549,negative,positive,True,False,True
20,fail_to_pass,baseline-no-lock-seed-20,cntvaluein3-skew-locked-seed20,False,True,2,0,none,signed_dqs_minus_dq_bit__idelay_cntvaluein_skew__lane1__dq11__ctrl_1__dqs_vs_dq_bit__value_ps,signed_dqs_minus_dq_bit,idelay_cntvaluein_skew,lane1,dq11,1,dqs_vs_dq_bit,-383,540,923,383,540,157,negative,positive,True,False,True
20,fail_to_pass,baseline-no-lock-seed-20,cntvaluein3-skew-locked-seed20,False,True,2,0,none,signed_dqs_minus_dq_bit__idelay_cntvaluein_skew__lane1__dq11__ctrl_2__dqs_vs_dq_bit__value_ps,signed_dqs_minus_dq_bit,idelay_cntvaluein_skew,lane1,dq11,2,dqs_vs_dq_bit,-98,352,450,98,352,254,negative,positive,True,False,True
20,fail_to_pass,baseline-no-lock-seed-20,cntvaluein3-skew-locked-seed20,False,True,2,0,none,signed_dqs_minus_dq_bit__idelay_cntvaluein_skew__lane1__dq11__ctrl_3__dqs_vs_dq_bit__value_ps,signed_dqs_minus_dq_bit,idelay_cntvaluein_skew,lane1,dq11,3,dqs_vs_dq_bit,-329,352,681,329,352,23,negative,positive,True,False,True
20,fail_to_pass,baseline-no-lock-seed-20,cntvaluein3-skew-locked-seed20,False,True,2,0,none,signed_dqs_minus_dq_bit__idelay_cntvaluein_skew__lane1__dq11__ctrl_4__dqs_vs_dq_bit__value_ps,signed_dqs_minus_dq_bit,idelay_cntvaluein_skew,lane1,dq11,4,dqs_vs_dq_bit,-165,467,632,165,467,302,negative,positive,True,False,True
20,fail_to_pass,baseline-no-lock-seed-20,cntvaluein3-skew-locked-seed20,False,True,2,0,none,signed_dqs_minus_dq_bit__idelay_cntvaluein_skew__lane1__dq12__ctrl_0__dqs_vs_dq_bit__value_ps,signed_dqs_minus_dq_bit,idelay_cntvaluein_skew,lane1,dq12,0,dqs_vs_dq_bit,-273,637,910,273,637,364,negative,positive,True,False,True
20,fail_to_pass,baseline-no-lock-seed-20,cntvaluein3-skew-locked-seed20,False,True,2,0,none,signed_dqs_minus_dq_bit__idelay_cntvaluein_skew__lane1__dq12__ctrl_1__dqs_vs_dq_bit__value_ps,signed_dqs_minus_dq_bit,idelay_cntvaluein_skew,lane1,dq12,1,dqs_vs_dq_bit,-490,586,1076,490,586,96,negative,positive,True,False,True
20,fail_to_pass,baseline-no-lock-seed-20,cntvaluein3-skew-locked-seed20,False,True,2,0,none,signed_dqs_minus_dq_bit__idelay_cntvaluein_skew__lane1__dq12__ctrl_2__dqs_vs_dq_bit__value_ps,signed_dqs_minus_dq_bit,idelay_cntvaluein_skew,lane1,dq12,2,dqs_vs_dq_bit,-253,-14,239,253,14,-239,negative,negative,False,True,False
20,fail_to_pass,baseline-no-lock-seed-20,cntvaluein3-skew-locked-seed20,False,True,2,0,none,signed_dqs_minus_dq_bit__idelay_cntvaluein_skew__lane1__dq12__ctrl_3__dqs_vs_dq_bit__value_ps,signed_dqs_minus_dq_bit,idelay_cntvaluein_skew,lane1,dq12,3,dqs_vs_dq_bit,-337,234,571,337,234,-103,negative,positive,True,True,False
20,fail_to_pass,baseline-no-lock-seed-20,cntvaluein3-skew-locked-seed20,False,True,2,0,none,signed_dqs_minus_dq_bit__idelay_cntvaluein_skew__lane1__dq12__ctrl_4__dqs_vs_dq_bit__value_ps,signed_dqs_minus_dq_bit,idelay_cntvaluein_skew,lane1,dq12,4,dqs_vs_dq_bit,-2,-74,-72,2,74,72,negative,negative,False,False,True
20,fail_to_pass,baseline-no-lock-seed-20,cntvaluein3-skew-locked-seed20,False,True,2,0,none,signed_dqs_minus_dq_bit__idelay_cntvaluein_skew__lane1__dq13__ctrl_0__dqs_vs_dq_bit__value_ps,signed_dqs_minus_dq_bit,idelay_cntvaluein_skew,lane1,dq13,0,dqs_vs_dq_bit,-142,460,602,142,460,318,negative,positive,True,False,True
20,fail_to_pass,baseline-no-lock-seed-20,cntvaluein3-skew-locked-seed20,False,True,2,0,none,signed_dqs_minus_dq_bit__idelay_cntvaluein_skew__lane1__dq13__ctrl_1__dqs_vs_dq_bit__value_ps,signed_dqs_minus_dq_bit,idelay_cntvaluein_skew,lane1,dq13,1,dqs_vs_dq_bit,-465,456,921,465,456,-9,negative,positive,True,True,False
20,fail_to_pass,baseline-no-lock-seed-20,cntvaluein3-skew-locked-seed20,False,True,2,0,none,signed_dqs_minus_dq_bit__idelay_cntvaluein_skew__lane1__dq13__ctrl_2__dqs_vs_dq_bit__value_ps,signed_dqs_minus_dq_bit,idelay_cntvaluein_skew,lane1,dq13,2,dqs_vs_dq_bit,-189,476,665,189,476,287,negative,positive,True,False,True
20,fail_to_pass,baseline-no-lock-seed-20,cntvaluein3-skew-locked-seed20,False,True,2,0,none,signed_dqs_minus_dq_bit__idelay_cntvaluein_skew__lane1__dq13__ctrl_3__dqs_vs_dq_bit__value_ps,signed_dqs_minus_dq_bit,idelay_cntvaluein_skew,lane1,dq13,3,dqs_vs_dq_bit,-421,441,862,421,441,20,negative,positive,True,False,True
20,fail_to_pass,baseline-no-lock-seed-20,cntvaluein3-skew-locked-seed20,False,True,2,0,none,signed_dqs_minus_dq_bit__idelay_cntvaluein_skew__lane1__dq13__ctrl_4__dqs_vs_dq_bit__value_ps,signed_dqs_minus_dq_bit,idelay_cntvaluein_skew,lane1,dq13,4,dqs_vs_dq_bit,-252,555,807,252,555,303,negative,positive,True,False,True
20,fail_to_pass,baseline-no-lock-seed-20,cntvaluein3-skew-locked-seed20,False,True,2,0,none,signed_dqs_minus_dq_bit__idelay_cntvaluein_skew__lane1__dq14__ctrl_0__dqs_vs_dq_bit__value_ps,signed_dqs_minus_dq_bit,idelay_cntvaluein_skew,lane1,dq14,0,dqs_vs_dq_bit,-357,549,906,357,549,192,negative,positive,True,False,True
20,fail_to_pass,baseline-no-lock-seed-20,cntvaluein3-skew-locked-seed20,False,True,2,0,none,signed_dqs_minus_dq_bit__idelay_cntvaluein_skew__lane1__dq14__ctrl_1__dqs_vs_dq_bit__value_ps,signed_dqs_minus_dq_bit,idelay_cntvaluein_skew,lane1,dq14,1,dqs_vs_dq_bit,-572,502,1074,572,502,-70,negative,positive,True,True,False
20,fail_to_pass,baseline-no-lock-seed-20,cntvaluein3-skew-locked-seed20,False,True,2,0,none,signed_dqs_minus_dq_bit__idelay_cntvaluein_skew__lane1__dq14__ctrl_2__dqs_vs_dq_bit__value_ps,signed_dqs_minus_dq_bit,idelay_cntvaluein_skew,lane1,dq14,2,dqs_vs_dq_bit,-105,-98,7,105,98,-7,negative,negative,False,True,False
20,fail_to_pass,baseline-no-lock-seed-20,cntvaluein3-skew-locked-seed20,False,True,2,0,none,signed_dqs_minus_dq_bit__idelay_cntvaluein_skew__lane1__dq14__ctrl_3__dqs_vs_dq_bit__value_ps,signed_dqs_minus_dq_bit,idelay_cntvaluein_skew,lane1,dq14,3,dqs_vs_dq_bit,-421,69,490,421,69,-352,negative,positive,True,True,False
20,fail_to_pass,baseline-no-lock-seed-20,cntvaluein3-skew-locked-seed20,False,True,2,0,none,signed_dqs_minus_dq_bit__idelay_cntvaluein_skew__lane1__dq14__ctrl_4__dqs_vs_dq_bit__value_ps,signed_dqs_minus_dq_bit,idelay_cntvaluein_skew,lane1,dq14,4,dqs_vs_dq_bit,-252,-160,92,252,160,-92,negative,negative,False,True,False
20,fail_to_pass,baseline-no-lock-seed-20,cntvaluein3-skew-locked-seed20,False,True,2,0,none,signed_dqs_minus_dq_bit__idelay_cntvaluein_skew__lane1__dq15__ctrl_0__dqs_vs_dq_bit__value_ps,signed_dqs_minus_dq_bit,idelay_cntvaluein_skew,lane1,dq15,0,dqs_vs_dq_bit,252,464,212,252,464,212,positive,positive,False,False,True
20,fail_to_pass,baseline-no-lock-seed-20,cntvaluein3-skew-locked-seed20,False,True,2,0,none,signed_dqs_minus_dq_bit__idelay_cntvaluein_skew__lane1__dq15__ctrl_1__dqs_vs_dq_bit__value_ps,signed_dqs_minus_dq_bit,idelay_cntvaluein_skew,lane1,dq15,1,dqs_vs_dq_bit,-171,402,573,171,402,231,negative,positive,True,False,True
20,fail_to_pass,baseline-no-lock-seed-20,cntvaluein3-skew-locked-seed20,False,True,2,0,none,signed_dqs_minus_dq_bit__idelay_cntvaluein_skew__lane1__dq15__ctrl_2__dqs_vs_dq_bit__value_ps,signed_dqs_minus_dq_bit,idelay_cntvaluein_skew,lane1,dq15,2,dqs_vs_dq_bit,-26,325,351,26,325,299,negative,positive,True,False,True
20,fail_to_pass,baseline-no-lock-seed-20,cntvaluein3-skew-locked-seed20,False,True,2,0,none,signed_dqs_minus_dq_bit__idelay_cntvaluein_skew__lane1__dq15__ctrl_3__dqs_vs_dq_bit__value_ps,signed_dqs_minus_dq_bit,idelay_cntvaluein_skew,lane1,dq15,3,dqs_vs_dq_bit,-56,525,581,56,525,469,negative,positive,True,False,True
20,fail_to_pass,baseline-no-lock-seed-20,cntvaluein3-skew-locked-seed20,False,True,2,0,none,signed_dqs_minus_dq_bit__idelay_cntvaluein_skew__lane1__dq15__ctrl_4__dqs_vs_dq_bit__value_ps,signed_dqs_minus_dq_bit,idelay_cntvaluein_skew,lane1,dq15,4,dqs_vs_dq_bit,225,602,377,225,602,377,positive,positive,False,False,True
20,fail_to_pass,baseline-no-lock-seed-20,cntvaluein3-skew-locked-seed20,False,True,2,0,none,signed_dqs_minus_dq_bit__idelay_cntvaluein_skew__lane1__dq8__ctrl_0__dqs_vs_dq_bit__value_ps,signed_dqs_minus_dq_bit,idelay_cntvaluein_skew,lane1,dq8,0,dqs_vs_dq_bit,-441,461,902,441,461,20,negative,positive,True,False,True
20,fail_to_pass,baseline-no-lock-seed-20,cntvaluein3-skew-locked-seed20,False,True,2,0,none,signed_dqs_minus_dq_bit__idelay_cntvaluein_skew__lane1__dq8__ctrl_1__dqs_vs_dq_bit__value_ps,signed_dqs_minus_dq_bit,idelay_cntvaluein_skew,lane1,dq8,1,dqs_vs_dq_bit,-663,410,1073,663,410,-253,negative,positive,True,True,False
20,fail_to_pass,baseline-no-lock-seed-20,cntvaluein3-skew-locked-seed20,False,True,2,0,none,signed_dqs_minus_dq_bit__idelay_cntvaluein_skew__lane1__dq8__ctrl_2__dqs_vs_dq_bit__value_ps,signed_dqs_minus_dq_bit,idelay_cntvaluein_skew,lane1,dq8,2,dqs_vs_dq_bit,-153,-182,-29,153,182,29,negative,negative,False,False,True
20,fail_to_pass,baseline-no-lock-seed-20,cntvaluein3-skew-locked-seed20,False,True,2,0,none,signed_dqs_minus_dq_bit__idelay_cntvaluein_skew__lane1__dq8__ctrl_3__dqs_vs_dq_bit__value_ps,signed_dqs_minus_dq_bit,idelay_cntvaluein_skew,lane1,dq8,3,dqs_vs_dq_bit,-245,140,385,245,140,-105,negative,positive,True,True,False
20,fail_to_pass,baseline-no-lock-seed-20,cntvaluein3-skew-locked-seed20,False,True,2,0,none,signed_dqs_minus_dq_bit__idelay_cntvaluein_skew__lane1__dq8__ctrl_4__dqs_vs_dq_bit__value_ps,signed_dqs_minus_dq_bit,idelay_cntvaluein_skew,lane1,dq8,4,dqs_vs_dq_bit,-84,-245,-161,84,245,161,negative,negative,False,False,True
20,fail_to_pass,baseline-no-lock-seed-20,cntvaluein3-skew-locked-seed20,False,True,2,0,none,signed_dqs_minus_dq_bit__idelay_cntvaluein_skew__lane1__dq9__ctrl_0__dqs_vs_dq_bit__value_ps,signed_dqs_minus_dq_bit,idelay_cntvaluein_skew,lane1,dq9,0,dqs_vs_dq_bit,245,376,131,245,376,131,positive,positive,False,False,True
20,fail_to_pass,baseline-no-lock-seed-20,cntvaluein3-skew-locked-seed20,False,True,2,0,none,signed_dqs_minus_dq_bit__idelay_cntvaluein_skew__lane1__dq9__ctrl_1__dqs_vs_dq_bit__value_ps,signed_dqs_minus_dq_bit,idelay_cntvaluein_skew,lane1,dq9,1,dqs_vs_dq_bit,-253,679,932,253,679,426,negative,positive,True,False,True
20,fail_to_pass,baseline-no-lock-seed-20,cntvaluein3-skew-locked-seed20,False,True,2,0,none,signed_dqs_minus_dq_bit__idelay_cntvaluein_skew__lane1__dq9__ctrl_2__dqs_vs_dq_bit__value_ps,signed_dqs_minus_dq_bit,idelay_cntvaluein_skew,lane1,dq9,2,dqs_vs_dq_bit,-118,380,498,118,380,262,negative,positive,True,False,True
20,fail_to_pass,baseline-no-lock-seed-20,cntvaluein3-skew-locked-seed20,False,True,2,0,none,signed_dqs_minus_dq_bit__idelay_cntvaluein_skew__lane1__dq9__ctrl_3__dqs_vs_dq_bit__value_ps,signed_dqs_minus_dq_bit,idelay_cntvaluein_skew,lane1,dq9,3,dqs_vs_dq_bit,11,650,639,11,650,639,positive,positive,False,False,True
20,fail_to_pass,baseline-no-lock-seed-20,cntvaluein3-skew-locked-seed20,False,True,2,0,none,signed_dqs_minus_dq_bit__idelay_cntvaluein_skew__lane1__dq9__ctrl_4__dqs_vs_dq_bit__value_ps,signed_dqs_minus_dq_bit,idelay_cntvaluein_skew,lane1,dq9,4,dqs_vs_dq_bit,141,516,375,141,516,375,positive,positive,False,False,True
20,fail_to_pass,baseline-no-lock-seed-20,cntvaluein3-skew-locked-seed20,False,True,2,0,none,signed_dqs_minus_dq_median__idelay_cntvaluein_skew__lane0__dqs0__ctrl_0__dqs_vs_dq_lane__value_ps,signed_dqs_minus_dq_median,idelay_cntvaluein_skew,lane0,dqs0,0,dqs_vs_dq_lane,-166,645,811,166,645,479,negative,positive,True,False,True
20,fail_to_pass,baseline-no-lock-seed-20,cntvaluein3-skew-locked-seed20,False,True,2,0,none,signed_dqs_minus_dq_median__idelay_cntvaluein_skew__lane0__dqs0__ctrl_1__dqs_vs_dq_lane__value_ps,signed_dqs_minus_dq_median,idelay_cntvaluein_skew,lane0,dqs0,1,dqs_vs_dq_lane,-533,464,997,533,464,-69,negative,positive,True,True,False
20,fail_to_pass,baseline-no-lock-seed-20,cntvaluein3-skew-locked-seed20,False,True,2,0,none,signed_dqs_minus_dq_median__idelay_cntvaluein_skew__lane0__dqs0__ctrl_2__dqs_vs_dq_lane__value_ps,signed_dqs_minus_dq_median,idelay_cntvaluein_skew,lane0,dqs0,2,dqs_vs_dq_lane,-373.5,179,552.5,373.5,179,-194.5,negative,positive,True,True,False
20,fail_to_pass,baseline-no-lock-seed-20,cntvaluein3-skew-locked-seed20,False,True,2,0,none,signed_dqs_minus_dq_median__idelay_cntvaluein_skew__lane0__dqs0__ctrl_3__dqs_vs_dq_lane__value_ps,signed_dqs_minus_dq_median,idelay_cntvaluein_skew,lane0,dqs0,3,dqs_vs_dq_lane,-720.5,159.5,880,720.5,159.5,-561,negative,positive,True,True,False
20,fail_to_pass,baseline-no-lock-seed-20,cntvaluein3-skew-locked-seed20,False,True,2,0,none,signed_dqs_minus_dq_median__idelay_cntvaluein_skew__lane0__dqs0__ctrl_4__dqs_vs_dq_lane__value_ps,signed_dqs_minus_dq_median,idelay_cntvaluein_skew,lane0,dqs0,4,dqs_vs_dq_lane,-132,318.5,450.5,132,318.5,186.5,negative,positive,True,False,True
20,fail_to_pass,baseline-no-lock-seed-20,cntvaluein3-skew-locked-seed20,False,True,2,0,none,signed_dqs_minus_dq_median__idelay_cntvaluein_skew__lane1__dqs1__ctrl_0__dqs_vs_dq_lane__value_ps,signed_dqs_minus_dq_median,idelay_cntvaluein_skew,lane1,dqs1,0,dqs_vs_dq_lane,-165.5,506.5,672,165.5,506.5,341,negative,positive,True,False,True
20,fail_to_pass,baseline-no-lock-seed-20,cntvaluein3-skew-locked-seed20,False,True,2,0,none,signed_dqs_minus_dq_median__idelay_cntvaluein_skew__lane1__dqs1__ctrl_1__dqs_vs_dq_lane__value_ps,signed_dqs_minus_dq_median,idelay_cntvaluein_skew,lane1,dqs1,1,dqs_vs_dq_lane,-477.5,521,998.5,477.5,521,43.5,negative,positive,True,False,True
20,fail_to_pass,baseline-no-lock-seed-20,cntvaluein3-skew-locked-seed20,False,True,2,0,none,signed_dqs_minus_dq_median__idelay_cntvaluein_skew__lane1__dqs1__ctrl_2__dqs_vs_dq_lane__value_ps,signed_dqs_minus_dq_median,idelay_cntvaluein_skew,lane1,dqs1,2,dqs_vs_dq_lane,-135.5,157,292.5,135.5,157,21.5,negative,positive,True,False,True
20,fail_to_pass,baseline-no-lock-seed-20,cntvaluein3-skew-locked-seed20,False,True,2,0,none,signed_dqs_minus_dq_median__idelay_cntvaluein_skew__lane1__dqs1__ctrl_3__dqs_vs_dq_lane__value_ps,signed_dqs_minus_dq_median,idelay_cntvaluein_skew,lane1,dqs1,3,dqs_vs_dq_lane,-333,293,626,333,293,-40,negative,positive,True,True,False
20,fail_to_pass,baseline-no-lock-seed-20,cntvaluein3-skew-locked-seed20,False,True,2,0,none,signed_dqs_minus_dq_median__idelay_cntvaluein_skew__lane1__dqs1__ctrl_4__dqs_vs_dq_lane__value_ps,signed_dqs_minus_dq_median,idelay_cntvaluein_skew,lane1,dqs1,4,dqs_vs_dq_lane,-83,239,322,83,239,156,negative,positive,True,False,True
20,fail_to_pass,baseline-no-lock-seed-20,cntvaluein3-skew-locked-seed20,False,True,2,0,none,signed_lane1_minus_lane0_dq_median__idelay_cntvaluein_skew__all__no_bit__ctrl_0__lane1_vs_lane0_dq__value_ps,signed_lane1_minus_lane0_dq_median,idelay_cntvaluein_skew,all,,0,lane1_vs_lane0_dq,-204.5,-95.5,109,204.5,95.5,-109,negative,negative,False,True,False
20,fail_to_pass,baseline-no-lock-seed-20,cntvaluein3-skew-locked-seed20,False,True,2,0,none,signed_lane1_minus_lane0_dq_median__idelay_cntvaluein_skew__all__no_bit__ctrl_1__lane1_vs_lane0_dq__value_ps,signed_lane1_minus_lane0_dq_median,idelay_cntvaluein_skew,all,,1,lane1_vs_lane0_dq,-152.5,-335,-182.5,152.5,335,182.5,negative,negative,False,False,True
20,fail_to_pass,baseline-no-lock-seed-20,cntvaluein3-skew-locked-seed20,False,True,2,0,none,signed_lane1_minus_lane0_dq_median__idelay_cntvaluein_skew__all__no_bit__ctrl_2__lane1_vs_lane0_dq__value_ps,signed_lane1_minus_lane0_dq_median,idelay_cntvaluein_skew,all,,2,lane1_vs_lane0_dq,-244,-264,-20,244,264,20,negative,negative,False,False,True
20,fail_to_pass,baseline-no-lock-seed-20,cntvaluein3-skew-locked-seed20,False,True,2,0,none,signed_lane1_minus_lane0_dq_median__idelay_cntvaluein_skew__all__no_bit__ctrl_3__lane1_vs_lane0_dq__value_ps,signed_lane1_minus_lane0_dq_median,idelay_cntvaluein_skew,all,,3,lane1_vs_lane0_dq,-657.5,-407.5,250,657.5,407.5,-250,negative,negative,False,True,False
20,fail_to_pass,baseline-no-lock-seed-20,cntvaluein3-skew-locked-seed20,False,True,2,0,none,signed_lane1_minus_lane0_dq_median__idelay_cntvaluein_skew__all__no_bit__ctrl_4__lane1_vs_lane0_dq__value_ps,signed_lane1_minus_lane0_dq_median,idelay_cntvaluein_skew,all,,4,lane1_vs_lane0_dq,-253,-338.5,-85.5,253,338.5,85.5,negative,negative,False,False,True
20,fail_to_pass,baseline-no-lock-seed-20,cntvaluein3-skew-locked-seed20,False,True,2,0,none,signed_lane1_minus_lane0_dqs__idelay_cntvaluein_skew__all__no_bit__ctrl_0__lane1_vs_lane0_dqs__value_ps,signed_lane1_minus_lane0_dqs,idelay_cntvaluein_skew,all,,0,lane1_vs_lane0_dqs,-204,-234,-30,204,234,30,negative,negative,False,False,True
20,fail_to_pass,baseline-no-lock-seed-20,cntvaluein3-skew-locked-seed20,False,True,2,0,none,signed_lane1_minus_lane0_dqs__idelay_cntvaluein_skew__all__no_bit__ctrl_1__lane1_vs_lane0_dqs__value_ps,signed_lane1_minus_lane0_dqs,idelay_cntvaluein_skew,all,,1,lane1_vs_lane0_dqs,-97,-278,-181,97,278,181,negative,negative,False,False,True
20,fail_to_pass,baseline-no-lock-seed-20,cntvaluein3-skew-locked-seed20,False,True,2,0,none,signed_lane1_minus_lane0_dqs__idelay_cntvaluein_skew__all__no_bit__ctrl_2__lane1_vs_lane0_dqs__value_ps,signed_lane1_minus_lane0_dqs,idelay_cntvaluein_skew,all,,2,lane1_vs_lane0_dqs,-6,-286,-280,6,286,280,negative,negative,False,False,True
20,fail_to_pass,baseline-no-lock-seed-20,cntvaluein3-skew-locked-seed20,False,True,2,0,none,signed_lane1_minus_lane0_dqs__idelay_cntvaluein_skew__all__no_bit__ctrl_3__lane1_vs_lane0_dqs__value_ps,signed_lane1_minus_lane0_dqs,idelay_cntvaluein_skew,all,,3,lane1_vs_lane0_dqs,-270,-274,-4,270,274,4,negative,negative,False,False,True
20,fail_to_pass,baseline-no-lock-seed-20,cntvaluein3-skew-locked-seed20,False,True,2,0,none,signed_lane1_minus_lane0_dqs__idelay_cntvaluein_skew__all__no_bit__ctrl_4__lane1_vs_lane0_dqs__value_ps,signed_lane1_minus_lane0_dqs,idelay_cntvaluein_skew,all,,4,lane1_vs_lane0_dqs,-204,-418,-214,204,418,214,negative,negative,False,False,True
20,fail_to_pass,baseline-no-lock-seed-20,cntvaluein3-skew-locked-seed20,False,True,2,0,none,signed_ld_dqs_minus_dq_median__idelay_ld_skew__lane0__dqs0__ctrl_none__dqs_vs_dq_lane__value_ps,signed_ld_dqs_minus_dq_median,idelay_ld_skew,lane0,dqs0,,dqs_vs_dq_lane,-106,117.5,223.5,106,117.5,11.5,negative,positive,True,False,True
20,fail_to_pass,baseline-no-lock-seed-20,cntvaluein3-skew-locked-seed20,False,True,2,0,none,signed_ld_dqs_minus_dq_median__idelay_ld_skew__lane1__dqs1__ctrl_none__dqs_vs_dq_lane__value_ps,signed_ld_dqs_minus_dq_median,idelay_ld_skew,lane1,dqs1,,dqs_vs_dq_lane,-177.5,93.5,271,177.5,93.5,-84,negative,positive,True,True,False
20,fail_to_pass,baseline-no-lock-seed-20,cntvaluein3-skew-locked-seed20,False,True,2,0,none,signed_ld_minus_cntvaluein_dq_median__idelay_ld_cntvaluein_skew__lane0__no_bit__ctrl_0__ld_vs_cntvaluein_dq_lane__value_ps,signed_ld_minus_cntvaluein_dq_median,idelay_ld_cntvaluein_skew,lane0,,0,ld_vs_cntvaluein_dq_lane,270,298.5,28.5,270,298.5,28.5,positive,positive,False,False,True
20,fail_to_pass,baseline-no-lock-seed-20,cntvaluein3-skew-locked-seed20,False,True,2,0,none,signed_ld_minus_cntvaluein_dq_median__idelay_ld_cntvaluein_skew__lane0__no_bit__ctrl_1__ld_vs_cntvaluein_dq_lane__value_ps,signed_ld_minus_cntvaluein_dq_median,idelay_ld_cntvaluein_skew,lane0,,1,ld_vs_cntvaluein_dq_lane,301,114.5,-186.5,301,114.5,-186.5,positive,positive,False,True,False
20,fail_to_pass,baseline-no-lock-seed-20,cntvaluein3-skew-locked-seed20,False,True,2,0,none,signed_ld_minus_cntvaluein_dq_median__idelay_ld_cntvaluein_skew__lane0__no_bit__ctrl_2__ld_vs_cntvaluein_dq_lane__value_ps,signed_ld_minus_cntvaluein_dq_median,idelay_ld_cntvaluein_skew,lane0,,2,ld_vs_cntvaluein_dq_lane,462.5,87.5,-375,462.5,87.5,-375,positive,positive,False,True,False
20,fail_to_pass,baseline-no-lock-seed-20,cntvaluein3-skew-locked-seed20,False,True,2,0,none,signed_ld_minus_cntvaluein_dq_median__idelay_ld_cntvaluein_skew__lane0__no_bit__ctrl_3__ld_vs_cntvaluein_dq_lane__value_ps,signed_ld_minus_cntvaluein_dq_median,idelay_ld_cntvaluein_skew,lane0,,3,ld_vs_cntvaluein_dq_lane,-72.5,-849,-776.5,72.5,849,776.5,negative,negative,False,False,True
20,fail_to_pass,baseline-no-lock-seed-20,cntvaluein3-skew-locked-seed20,False,True,2,0,none,signed_ld_minus_cntvaluein_dq_median__idelay_ld_cntvaluein_skew__lane0__no_bit__ctrl_4__ld_vs_cntvaluein_dq_lane__value_ps,signed_ld_minus_cntvaluein_dq_median,idelay_ld_cntvaluein_skew,lane0,,4,ld_vs_cntvaluein_dq_lane,217,-174,-391,217,174,-43,positive,negative,True,True,False
20,fail_to_pass,baseline-no-lock-seed-20,cntvaluein3-skew-locked-seed20,False,True,2,0,none,signed_ld_minus_cntvaluein_dq_median__idelay_ld_cntvaluein_skew__lane1__no_bit__ctrl_0__ld_vs_cntvaluein_dq_lane__value_ps,signed_ld_minus_cntvaluein_dq_median,idelay_ld_cntvaluein_skew,lane1,,0,ld_vs_cntvaluein_dq_lane,277,439,162,277,439,162,positive,positive,False,False,True
20,fail_to_pass,baseline-no-lock-seed-20,cntvaluein3-skew-locked-seed20,False,True,2,0,none,signed_ld_minus_cntvaluein_dq_median__idelay_ld_cntvaluein_skew__lane1__no_bit__ctrl_1__ld_vs_cntvaluein_dq_lane__value_ps,signed_ld_minus_cntvaluein_dq_median,idelay_ld_cntvaluein_skew,lane1,,1,ld_vs_cntvaluein_dq_lane,256,494.5,238.5,256,494.5,238.5,positive,positive,False,False,True
20,fail_to_pass,baseline-no-lock-seed-20,cntvaluein3-skew-locked-seed20,False,True,2,0,none,signed_ld_minus_cntvaluein_dq_median__idelay_ld_cntvaluein_skew__lane1__no_bit__ctrl_2__ld_vs_cntvaluein_dq_lane__value_ps,signed_ld_minus_cntvaluein_dq_median,idelay_ld_cntvaluein_skew,lane1,,2,ld_vs_cntvaluein_dq_lane,509,396.5,-112.5,509,396.5,-112.5,positive,positive,False,True,False
20,fail_to_pass,baseline-no-lock-seed-20,cntvaluein3-skew-locked-seed20,False,True,2,0,none,signed_ld_minus_cntvaluein_dq_median__idelay_ld_cntvaluein_skew__lane1__no_bit__ctrl_3__ld_vs_cntvaluein_dq_lane__value_ps,signed_ld_minus_cntvaluein_dq_median,idelay_ld_cntvaluein_skew,lane1,,3,ld_vs_cntvaluein_dq_lane,387.5,-396.5,-784,387.5,396.5,9,positive,negative,True,False,True
20,fail_to_pass,baseline-no-lock-seed-20,cntvaluein3-skew-locked-seed20,False,True,2,0,none,signed_ld_minus_cntvaluein_dq_median__idelay_ld_cntvaluein_skew__lane1__no_bit__ctrl_4__ld_vs_cntvaluein_dq_lane__value_ps,signed_ld_minus_cntvaluein_dq_median,idelay_ld_cntvaluein_skew,lane1,,4,ld_vs_cntvaluein_dq_lane,272.5,209.5,-63,272.5,209.5,-63,positive,positive,False,True,False
20,fail_to_pass,baseline-no-lock-seed-20,cntvaluein3-skew-locked-seed20,False,True,2,0,none,signed_ld_minus_cntvaluein_dqs__idelay_ld_cntvaluein_skew__lane0__dqs0__ctrl_0__ld_vs_cntvaluein_dqs__value_ps,signed_ld_minus_cntvaluein_dqs,idelay_ld_cntvaluein_skew,lane0,dqs0,0,ld_vs_cntvaluein_dqs,330,-229,-559,330,229,-101,positive,negative,True,True,False
20,fail_to_pass,baseline-no-lock-seed-20,cntvaluein3-skew-locked-seed20,False,True,2,0,none,signed_ld_minus_cntvaluein_dqs__idelay_ld_cntvaluein_skew__lane0__dqs0__ctrl_1__ld_vs_cntvaluein_dqs__value_ps,signed_ld_minus_cntvaluein_dqs,idelay_ld_cntvaluein_skew,lane0,dqs0,1,ld_vs_cntvaluein_dqs,728,-232,-960,728,232,-496,positive,negative,True,True,False
20,fail_to_pass,baseline-no-lock-seed-20,cntvaluein3-skew-locked-seed20,False,True,2,0,none,signed_ld_minus_cntvaluein_dqs__idelay_ld_cntvaluein_skew__lane0__dqs0__ctrl_2__ld_vs_cntvaluein_dqs__value_ps,signed_ld_minus_cntvaluein_dqs,idelay_ld_cntvaluein_skew,lane0,dqs0,2,ld_vs_cntvaluein_dqs,730,26,-704,730,26,-704,positive,positive,False,True,False
20,fail_to_pass,baseline-no-lock-seed-20,cntvaluein3-skew-locked-seed20,False,True,2,0,none,signed_ld_minus_cntvaluein_dqs__idelay_ld_cntvaluein_skew__lane0__dqs0__ctrl_3__ld_vs_cntvaluein_dqs__value_ps,signed_ld_minus_cntvaluein_dqs,idelay_ld_cntvaluein_skew,lane0,dqs0,3,ld_vs_cntvaluein_dqs,542,-891,-1433,542,891,349,positive,negative,True,False,True
20,fail_to_pass,baseline-no-lock-seed-20,cntvaluein3-skew-locked-seed20,False,True,2,0,none,signed_ld_minus_cntvaluein_dqs__idelay_ld_cntvaluein_skew__lane0__dqs0__ctrl_4__ld_vs_cntvaluein_dqs__value_ps,signed_ld_minus_cntvaluein_dqs,idelay_ld_cntvaluein_skew,lane0,dqs0,4,ld_vs_cntvaluein_dqs,243,-375,-618,243,375,132,positive,negative,True,False,True
20,fail_to_pass,baseline-no-lock-seed-20,cntvaluein3-skew-locked-seed20,False,True,2,0,none,signed_ld_minus_cntvaluein_dqs__idelay_ld_cntvaluein_skew__lane1__dqs1__ctrl_0__ld_vs_cntvaluein_dqs__value_ps,signed_ld_minus_cntvaluein_dqs,idelay_ld_cntvaluein_skew,lane1,dqs1,0,ld_vs_cntvaluein_dqs,265,26,-239,265,26,-239,positive,positive,False,True,False
20,fail_to_pass,baseline-no-lock-seed-20,cntvaluein3-skew-locked-seed20,False,True,2,0,none,signed_ld_minus_cntvaluein_dqs__idelay_ld_cntvaluein_skew__lane1__dqs1__ctrl_1__ld_vs_cntvaluein_dqs__value_ps,signed_ld_minus_cntvaluein_dqs,idelay_ld_cntvaluein_skew,lane1,dqs1,1,ld_vs_cntvaluein_dqs,556,67,-489,556,67,-489,positive,positive,False,True,False
20,fail_to_pass,baseline-no-lock-seed-20,cntvaluein3-skew-locked-seed20,False,True,2,0,none,signed_ld_minus_cntvaluein_dqs__idelay_ld_cntvaluein_skew__lane1__dqs1__ctrl_2__ld_vs_cntvaluein_dqs__value_ps,signed_ld_minus_cntvaluein_dqs,idelay_ld_cntvaluein_skew,lane1,dqs1,2,ld_vs_cntvaluein_dqs,467,333,-134,467,333,-134,positive,positive,False,True,False
20,fail_to_pass,baseline-no-lock-seed-20,cntvaluein3-skew-locked-seed20,False,True,2,0,none,signed_ld_minus_cntvaluein_dqs__idelay_ld_cntvaluein_skew__lane1__dqs1__ctrl_3__ld_vs_cntvaluein_dqs__value_ps,signed_ld_minus_cntvaluein_dqs,idelay_ld_cntvaluein_skew,lane1,dqs1,3,ld_vs_cntvaluein_dqs,543,-596,-1139,543,596,53,positive,negative,True,False,True
20,fail_to_pass,baseline-no-lock-seed-20,cntvaluein3-skew-locked-seed20,False,True,2,0,none,signed_ld_minus_cntvaluein_dqs__idelay_ld_cntvaluein_skew__lane1__dqs1__ctrl_4__ld_vs_cntvaluein_dqs__value_ps,signed_ld_minus_cntvaluein_dqs,idelay_ld_cntvaluein_skew,lane1,dqs1,4,ld_vs_cntvaluein_dqs,178,64,-114,178,64,-114,positive,positive,False,True,False
23,fail_to_fail,baseline-no-lock-seed-23,cntvaluein3-skew-locked-seed23-long-poll,False,False,2,2,check_starting_data_search_exhausted,signed_dqs_bus_skew_minus_dq_median__idelay_cntvaluein_skew__lane0__dqs0__ctrl_none__dqs_vs_dq_bus_skew__value_ps,signed_dqs_bus_skew_minus_dq_median,idelay_cntvaluein_skew,lane0,dqs0,,dqs_vs_dq_bus_skew,509,-250,-759,509,250,-259,positive,negative,True,True,False
23,fail_to_fail,baseline-no-lock-seed-23,cntvaluein3-skew-locked-seed23-long-poll,False,False,2,2,check_starting_data_search_exhausted,signed_dqs_bus_skew_minus_dq_median__idelay_cntvaluein_skew__lane1__dqs1__ctrl_none__dqs_vs_dq_bus_skew__value_ps,signed_dqs_bus_skew_minus_dq_median,idelay_cntvaluein_skew,lane1,dqs1,,dqs_vs_dq_bus_skew,363.5,-642,-1005.5,363.5,642,278.5,positive,negative,True,False,True
23,fail_to_fail,baseline-no-lock-seed-23,cntvaluein3-skew-locked-seed23-long-poll,False,False,2,2,check_starting_data_search_exhausted,signed_dqs_minus_dq_bit__idelay_cntvaluein_skew__lane0__dq0__ctrl_0__dqs_vs_dq_bit__value_ps,signed_dqs_minus_dq_bit,idelay_cntvaluein_skew,lane0,dq0,0,dqs_vs_dq_bit,768,536,-232,768,536,-232,positive,positive,False,True,False
23,fail_to_fail,baseline-no-lock-seed-23,cntvaluein3-skew-locked-seed23-long-poll,False,False,2,2,check_starting_data_search_exhausted,signed_dqs_minus_dq_bit__idelay_cntvaluein_skew__lane0__dq0__ctrl_1__dqs_vs_dq_bit__value_ps,signed_dqs_minus_dq_bit,idelay_cntvaluein_skew,lane0,dq0,1,dqs_vs_dq_bit,63,-8,-71,63,8,-55,positive,negative,True,True,False
23,fail_to_fail,baseline-no-lock-seed-23,cntvaluein3-skew-locked-seed23-long-poll,False,False,2,2,check_starting_data_search_exhausted,signed_dqs_minus_dq_bit__idelay_cntvaluein_skew__lane0__dq0__ctrl_2__dqs_vs_dq_bit__value_ps,signed_dqs_minus_dq_bit,idelay_cntvaluein_skew,lane0,dq0,2,dqs_vs_dq_bit,-324,299,623,324,299,-25,negative,positive,True,True,False
23,fail_to_fail,baseline-no-lock-seed-23,cntvaluein3-skew-locked-seed23-long-poll,False,False,2,2,check_starting_data_search_exhausted,signed_dqs_minus_dq_bit__idelay_cntvaluein_skew__lane0__dq0__ctrl_3__dqs_vs_dq_bit__value_ps,signed_dqs_minus_dq_bit,idelay_cntvaluein_skew,lane0,dq0,3,dqs_vs_dq_bit,132,-151,-283,132,151,19,positive,negative,True,False,True
23,fail_to_fail,baseline-no-lock-seed-23,cntvaluein3-skew-locked-seed23-long-poll,False,False,2,2,check_starting_data_search_exhausted,signed_dqs_minus_dq_bit__idelay_cntvaluein_skew__lane0__dq0__ctrl_4__dqs_vs_dq_bit__value_ps,signed_dqs_minus_dq_bit,idelay_cntvaluein_skew,lane0,dq0,4,dqs_vs_dq_bit,110,-69,-179,110,69,-41,positive,negative,True,True,False
23,fail_to_fail,baseline-no-lock-seed-23,cntvaluein3-skew-locked-seed23-long-poll,False,False,2,2,check_starting_data_search_exhausted,signed_dqs_minus_dq_bit__idelay_cntvaluein_skew__lane0__dq1__ctrl_0__dqs_vs_dq_bit__value_ps,signed_dqs_minus_dq_bit,idelay_cntvaluein_skew,lane0,dq1,0,dqs_vs_dq_bit,867,447,-420,867,447,-420,positive,positive,False,True,False
23,fail_to_fail,baseline-no-lock-seed-23,cntvaluein3-skew-locked-seed23-long-poll,False,False,2,2,check_starting_data_search_exhausted,signed_dqs_minus_dq_bit__idelay_cntvaluein_skew__lane0__dq1__ctrl_1__dqs_vs_dq_bit__value_ps,signed_dqs_minus_dq_bit,idelay_cntvaluein_skew,lane0,dq1,1,dqs_vs_dq_bit,-70,-92,-22,70,92,22,negative,negative,False,False,True
23,fail_to_fail,baseline-no-lock-seed-23,cntvaluein3-skew-locked-seed23-long-poll,False,False,2,2,check_starting_data_search_exhausted,signed_dqs_minus_dq_bit__idelay_cntvaluein_skew__lane0__dq1__ctrl_2__dqs_vs_dq_bit__value_ps,signed_dqs_minus_dq_bit,idelay_cntvaluein_skew,lane0,dq1,2,dqs_vs_dq_bit,-244,397,641,244,397,153,negative,positive,True,False,True
23,fail_to_fail,baseline-no-lock-seed-23,cntvaluein3-skew-locked-seed23-long-poll,False,False,2,2,check_starting_data_search_exhausted,signed_dqs_minus_dq_bit__idelay_cntvaluein_skew__lane0__dq1__ctrl_3__dqs_vs_dq_bit__value_ps,signed_dqs_minus_dq_bit,idelay_cntvaluein_skew,lane0,dq1,3,dqs_vs_dq_bit,41,-242,-283,41,242,201,positive,negative,True,False,True
23,fail_to_fail,baseline-no-lock-seed-23,cntvaluein3-skew-locked-seed23-long-poll,False,False,2,2,check_starting_data_search_exhausted,signed_dqs_minus_dq_bit__idelay_cntvaluein_skew__lane0__dq1__ctrl_4__dqs_vs_dq_bit__value_ps,signed_dqs_minus_dq_bit,idelay_cntvaluein_skew,lane0,dq1,4,dqs_vs_dq_bit,97,-158,-255,97,158,61,positive,negative,True,False,True
23,fail_to_fail,baseline-no-lock-seed-23,cntvaluein3-skew-locked-seed23-long-poll,False,False,2,2,check_starting_data_search_exhausted,signed_dqs_minus_dq_bit__idelay_cntvaluein_skew__lane0__dq2__ctrl_0__dqs_vs_dq_bit__value_ps,signed_dqs_minus_dq_bit,idelay_cntvaluein_skew,lane0,dq2,0,dqs_vs_dq_bit,771,352,-419,771,352,-419,positive,positive,False,True,False
23,fail_to_fail,baseline-no-lock-seed-23,cntvaluein3-skew-locked-seed23-long-poll,False,False,2,2,check_starting_data_search_exhausted,signed_dqs_minus_dq_bit__idelay_cntvaluein_skew__lane0__dq2__ctrl_1__dqs_vs_dq_bit__value_ps,signed_dqs_minus_dq_bit,idelay_cntvaluein_skew,lane0,dq2,1,dqs_vs_dq_bit,-123,113,236,123,113,-10,negative,positive,True,True,False
23,fail_to_fail,baseline-no-lock-seed-23,cntvaluein3-skew-locked-seed23-long-poll,False,False,2,2,check_starting_data_search_exhausted,signed_dqs_minus_dq_bit__idelay_cntvaluein_skew__lane0__dq2__ctrl_2__dqs_vs_dq_bit__value_ps,signed_dqs_minus_dq_bit,idelay_cntvaluein_skew,lane0,dq2,2,dqs_vs_dq_bit,-247,317,564,247,317,70,negative,positive,True,False,True
23,fail_to_fail,baseline-no-lock-seed-23,cntvaluein3-skew-locked-seed23-long-poll,False,False,2,2,check_starting_data_search_exhausted,signed_dqs_minus_dq_bit__idelay_cntvaluein_skew__lane0__dq2__ctrl_3__dqs_vs_dq_bit__value_ps,signed_dqs_minus_dq_bit,idelay_cntvaluein_skew,lane0,dq2,3,dqs_vs_dq_bit,-53,-90,-37,53,90,37,negative,negative,False,False,True
23,fail_to_fail,baseline-no-lock-seed-23,cntvaluein3-skew-locked-seed23-long-poll,False,False,2,2,check_starting_data_search_exhausted,signed_dqs_minus_dq_bit__idelay_cntvaluein_skew__lane0__dq2__ctrl_4__dqs_vs_dq_bit__value_ps,signed_dqs_minus_dq_bit,idelay_cntvaluein_skew,lane0,dq2,4,dqs_vs_dq_bit,61,139,78,61,139,78,positive,positive,False,False,True
23,fail_to_fail,baseline-no-lock-seed-23,cntvaluein3-skew-locked-seed23-long-poll,False,False,2,2,check_starting_data_search_exhausted,signed_dqs_minus_dq_bit__idelay_cntvaluein_skew__lane0__dq3__ctrl_0__dqs_vs_dq_bit__value_ps,signed_dqs_minus_dq_bit,idelay_cntvaluein_skew,lane0,dq3,0,dqs_vs_dq_bit,990,541,-449,990,541,-449,positive,positive,False,True,False
23,fail_to_fail,baseline-no-lock-seed-23,cntvaluein3-skew-locked-seed23-long-poll,False,False,2,2,check_starting_data_search_exhausted,signed_dqs_minus_dq_bit__idelay_cntvaluein_skew__lane0__dq3__ctrl_1__dqs_vs_dq_bit__value_ps,signed_dqs_minus_dq_bit,idelay_cntvaluein_skew,lane0,dq3,1,dqs_vs_dq_bit,40,299,259,40,299,259,positive,positive,False,False,True
23,fail_to_fail,baseline-no-lock-seed-23,cntvaluein3-skew-locked-seed23-long-poll,False,False,2,2,check_starting_data_search_exhausted,signed_dqs_minus_dq_bit__idelay_cntvaluein_skew__lane0__dq3__ctrl_2__dqs_vs_dq_bit__value_ps,signed_dqs_minus_dq_bit,idelay_cntvaluein_skew,lane0,dq3,2,dqs_vs_dq_bit,-288,528,816,288,528,240,negative,positive,True,False,True
23,fail_to_fail,baseline-no-lock-seed-23,cntvaluein3-skew-locked-seed23-long-poll,False,False,2,2,check_starting_data_search_exhausted,signed_dqs_minus_dq_bit__idelay_cntvaluein_skew__lane0__dq3__ctrl_3__dqs_vs_dq_bit__value_ps,signed_dqs_minus_dq_bit,idelay_cntvaluein_skew,lane0,dq3,3,dqs_vs_dq_bit,387,-146,-533,387,146,-241,positive,negative,True,True,False
23,fail_to_fail,baseline-no-lock-seed-23,cntvaluein3-skew-locked-seed23-long-poll,False,False,2,2,check_starting_data_search_exhausted,signed_dqs_minus_dq_bit__idelay_cntvaluein_skew__lane0__dq3__ctrl_4__dqs_vs_dq_bit__value_ps,signed_dqs_minus_dq_bit,idelay_cntvaluein_skew,lane0,dq3,4,dqs_vs_dq_bit,8,137,129,8,137,129,positive,positive,False,False,True
23,fail_to_fail,baseline-no-lock-seed-23,cntvaluein3-skew-locked-seed23-long-poll,False,False,2,2,check_starting_data_search_exhausted,signed_dqs_minus_dq_bit__idelay_cntvaluein_skew__lane0__dq4__ctrl_0__dqs_vs_dq_bit__value_ps,signed_dqs_minus_dq_bit,idelay_cntvaluein_skew,lane0,dq4,0,dqs_vs_dq_bit,778,441,-337,778,441,-337,positive,positive,False,True,False
23,fail_to_fail,baseline-no-lock-seed-23,cntvaluein3-skew-locked-seed23-long-poll,False,False,2,2,check_starting_data_search_exhausted,signed_dqs_minus_dq_bit__idelay_cntvaluein_skew__lane0__dq4__ctrl_1__dqs_vs_dq_bit__value_ps,signed_dqs_minus_dq_bit,idelay_cntvaluein_skew,lane0,dq4,1,dqs_vs_dq_bit,-103,21,124,103,21,-82,negative,positive,True,True,False
23,fail_to_fail,baseline-no-lock-seed-23,cntvaluein3-skew-locked-seed23-long-poll,False,False,2,2,check_starting_data_search_exhausted,signed_dqs_minus_dq_bit__idelay_cntvaluein_skew__lane0__dq4__ctrl_2__dqs_vs_dq_bit__value_ps,signed_dqs_minus_dq_bit,idelay_cntvaluein_skew,lane0,dq4,2,dqs_vs_dq_bit,-333,390,723,333,390,57,negative,positive,True,False,True
23,fail_to_fail,baseline-no-lock-seed-23,cntvaluein3-skew-locked-seed23-long-poll,False,False,2,2,check_starting_data_search_exhausted,signed_dqs_minus_dq_bit__idelay_cntvaluein_skew__lane0__dq4__ctrl_3__dqs_vs_dq_bit__value_ps,signed_dqs_minus_dq_bit,idelay_cntvaluein_skew,lane0,dq4,3,dqs_vs_dq_bit,-51,-34,17,51,34,-17,negative,negative,False,True,False
23,fail_to_fail,baseline-no-lock-seed-23,cntvaluein3-skew-locked-seed23-long-poll,False,False,2,2,check_starting_data_search_exhausted,signed_dqs_minus_dq_bit__idelay_cntvaluein_skew__lane0__dq4__ctrl_4__dqs_vs_dq_bit__value_ps,signed_dqs_minus_dq_bit,idelay_cntvaluein_skew,lane0,dq4,4,dqs_vs_dq_bit,15,-245,-260,15,245,230,positive,negative,True,False,True
23,fail_to_fail,baseline-no-lock-seed-23,cntvaluein3-skew-locked-seed23-long-poll,False,False,2,2,check_starting_data_search_exhausted,signed_dqs_minus_dq_bit__idelay_cntvaluein_skew__lane0__dq5__ctrl_0__dqs_vs_dq_bit__value_ps,signed_dqs_minus_dq_bit,idelay_cntvaluein_skew,lane0,dq5,0,dqs_vs_dq_bit,903,452,-451,903,452,-451,positive,positive,False,True,False
23,fail_to_fail,baseline-no-lock-seed-23,cntvaluein3-skew-locked-seed23-long-poll,False,False,2,2,check_starting_data_search_exhausted,signed_dqs_minus_dq_bit__idelay_cntvaluein_skew__lane0__dq5__ctrl_1__dqs_vs_dq_bit__value_ps,signed_dqs_minus_dq_bit,idelay_cntvaluein_skew,lane0,dq5,1,dqs_vs_dq_bit,-46,247,293,46,247,201,negative,positive,True,False,True
23,fail_to_fail,baseline-no-lock-seed-23,cntvaluein3-skew-locked-seed23-long-poll,False,False,2,2,check_starting_data_search_exhausted,signed_dqs_minus_dq_bit__idelay_cntvaluein_skew__lane0__dq5__ctrl_2__dqs_vs_dq_bit__value_ps,signed_dqs_minus_dq_bit,idelay_cntvaluein_skew,lane0,dq5,2,dqs_vs_dq_bit,-372,444,816,372,444,72,negative,positive,True,False,True
23,fail_to_fail,baseline-no-lock-seed-23,cntvaluein3-skew-locked-seed23-long-poll,False,False,2,2,check_starting_data_search_exhausted,signed_dqs_minus_dq_bit__idelay_cntvaluein_skew__lane0__dq5__ctrl_3__dqs_vs_dq_bit__value_ps,signed_dqs_minus_dq_bit,idelay_cntvaluein_skew,lane0,dq5,3,dqs_vs_dq_bit,482,-237,-719,482,237,-245,positive,negative,True,True,False
23,fail_to_fail,baseline-no-lock-seed-23,cntvaluein3-skew-locked-seed23-long-poll,False,False,2,2,check_starting_data_search_exhausted,signed_dqs_minus_dq_bit__idelay_cntvaluein_skew__lane0__dq5__ctrl_4__dqs_vs_dq_bit__value_ps,signed_dqs_minus_dq_bit,idelay_cntvaluein_skew,lane0,dq5,4,dqs_vs_dq_bit,-81,277,358,81,277,196,negative,positive,True,False,True
23,fail_to_fail,baseline-no-lock-seed-23,cntvaluein3-skew-locked-seed23-long-poll,False,False,2,2,check_starting_data_search_exhausted,signed_dqs_minus_dq_bit__idelay_cntvaluein_skew__lane0__dq6__ctrl_0__dqs_vs_dq_bit__value_ps,signed_dqs_minus_dq_bit,idelay_cntvaluein_skew,lane0,dq6,0,dqs_vs_dq_bit,676,258,-418,676,258,-418,positive,positive,False,True,False
23,fail_to_fail,baseline-no-lock-seed-23,cntvaluein3-skew-locked-seed23-long-poll,False,False,2,2,check_starting_data_search_exhausted,signed_dqs_minus_dq_bit__idelay_cntvaluein_skew__lane0__dq6__ctrl_1__dqs_vs_dq_bit__value_ps,signed_dqs_minus_dq_bit,idelay_cntvaluein_skew,lane0,dq6,1,dqs_vs_dq_bit,-217,117,334,217,117,-100,negative,positive,True,True,False
23,fail_to_fail,baseline-no-lock-seed-23,cntvaluein3-skew-locked-seed23-long-poll,False,False,2,2,check_starting_data_search_exhausted,signed_dqs_minus_dq_bit__idelay_cntvaluein_skew__lane0__dq6__ctrl_2__dqs_vs_dq_bit__value_ps,signed_dqs_minus_dq_bit,idelay_cntvaluein_skew,lane0,dq6,2,dqs_vs_dq_bit,-204,408,612,204,408,204,negative,positive,True,False,True
23,fail_to_fail,baseline-no-lock-seed-23,cntvaluein3-skew-locked-seed23-long-poll,False,False,2,2,check_starting_data_search_exhausted,signed_dqs_minus_dq_bit__idelay_cntvaluein_skew__lane0__dq6__ctrl_3__dqs_vs_dq_bit__value_ps,signed_dqs_minus_dq_bit,idelay_cntvaluein_skew,lane0,dq6,3,dqs_vs_dq_bit,260,-145,-405,260,145,-115,positive,negative,True,True,False
23,fail_to_fail,baseline-no-lock-seed-23,cntvaluein3-skew-locked-seed23-long-poll,False,False,2,2,check_starting_data_search_exhausted,signed_dqs_minus_dq_bit__idelay_cntvaluein_skew__lane0__dq6__ctrl_4__dqs_vs_dq_bit__value_ps,signed_dqs_minus_dq_bit,idelay_cntvaluein_skew,lane0,dq6,4,dqs_vs_dq_bit,-35,-36,-1,35,36,1,negative,negative,False,False,True
23,fail_to_fail,baseline-no-lock-seed-23,cntvaluein3-skew-locked-seed23-long-poll,False,False,2,2,check_starting_data_search_exhausted,signed_dqs_minus_dq_bit__idelay_cntvaluein_skew__lane0__dq7__ctrl_0__dqs_vs_dq_bit__value_ps,signed_dqs_minus_dq_bit,idelay_cntvaluein_skew,lane0,dq7,0,dqs_vs_dq_bit,684,265,-419,684,265,-419,positive,positive,False,True,False
23,fail_to_fail,baseline-no-lock-seed-23,cntvaluein3-skew-locked-seed23-long-poll,False,False,2,2,check_starting_data_search_exhausted,signed_dqs_minus_dq_bit__idelay_cntvaluein_skew__lane0__dq7__ctrl_1__dqs_vs_dq_bit__value_ps,signed_dqs_minus_dq_bit,idelay_cntvaluein_skew,lane0,dq7,1,dqs_vs_dq_bit,-215,253,468,215,253,38,negative,positive,True,False,True
23,fail_to_fail,baseline-no-lock-seed-23,cntvaluein3-skew-locked-seed23-long-poll,False,False,2,2,check_starting_data_search_exhausted,signed_dqs_minus_dq_bit__idelay_cntvaluein_skew__lane0__dq7__ctrl_2__dqs_vs_dq_bit__value_ps,signed_dqs_minus_dq_bit,idelay_cntvaluein_skew,lane0,dq7,2,dqs_vs_dq_bit,-331,233,564,331,233,-98,negative,positive,True,True,False
23,fail_to_fail,baseline-no-lock-seed-23,cntvaluein3-skew-locked-seed23-long-poll,False,False,2,2,check_starting_data_search_exhausted,signed_dqs_minus_dq_bit__idelay_cntvaluein_skew__lane0__dq7__ctrl_3__dqs_vs_dq_bit__value_ps,signed_dqs_minus_dq_bit,idelay_cntvaluein_skew,lane0,dq7,3,dqs_vs_dq_bit,339,-234,-573,339,234,-105,positive,negative,True,True,False
23,fail_to_fail,baseline-no-lock-seed-23,cntvaluein3-skew-locked-seed23-long-poll,False,False,2,2,check_starting_data_search_exhausted,signed_dqs_minus_dq_bit__idelay_cntvaluein_skew__lane0__dq7__ctrl_4__dqs_vs_dq_bit__value_ps,signed_dqs_minus_dq_bit,idelay_cntvaluein_skew,lane0,dq7,4,dqs_vs_dq_bit,-28,-340,-312,28,340,312,negative,negative,False,False,True
23,fail_to_fail,baseline-no-lock-seed-23,cntvaluein3-skew-locked-seed23-long-poll,False,False,2,2,check_starting_data_search_exhausted,signed_dqs_minus_dq_bit__idelay_cntvaluein_skew__lane1__dq10__ctrl_0__dqs_vs_dq_bit__value_ps,signed_dqs_minus_dq_bit,idelay_cntvaluein_skew,lane1,dq10,0,dqs_vs_dq_bit,793,286,-507,793,286,-507,positive,positive,False,True,False
23,fail_to_fail,baseline-no-lock-seed-23,cntvaluein3-skew-locked-seed23-long-poll,False,False,2,2,check_starting_data_search_exhausted,signed_dqs_minus_dq_bit__idelay_cntvaluein_skew__lane1__dq10__ctrl_1__dqs_vs_dq_bit__value_ps,signed_dqs_minus_dq_bit,idelay_cntvaluein_skew,lane1,dq10,1,dqs_vs_dq_bit,56,270,214,56,270,214,positive,positive,False,False,True
23,fail_to_fail,baseline-no-lock-seed-23,cntvaluein3-skew-locked-seed23-long-poll,False,False,2,2,check_starting_data_search_exhausted,signed_dqs_minus_dq_bit__idelay_cntvaluein_skew__lane1__dq10__ctrl_2__dqs_vs_dq_bit__value_ps,signed_dqs_minus_dq_bit,idelay_cntvaluein_skew,lane1,dq10,2,dqs_vs_dq_bit,-347,292,639,347,292,-55,negative,positive,True,True,False
23,fail_to_fail,baseline-no-lock-seed-23,cntvaluein3-skew-locked-seed23-long-poll,False,False,2,2,check_starting_data_search_exhausted,signed_dqs_minus_dq_bit__idelay_cntvaluein_skew__lane1__dq10__ctrl_3__dqs_vs_dq_bit__value_ps,signed_dqs_minus_dq_bit,idelay_cntvaluein_skew,lane1,dq10,3,dqs_vs_dq_bit,-54,-327,-273,54,327,273,negative,negative,False,False,True
23,fail_to_fail,baseline-no-lock-seed-23,cntvaluein3-skew-locked-seed23-long-poll,False,False,2,2,check_starting_data_search_exhausted,signed_dqs_minus_dq_bit__idelay_cntvaluein_skew__lane1__dq10__ctrl_4__dqs_vs_dq_bit__value_ps,signed_dqs_minus_dq_bit,idelay_cntvaluein_skew,lane1,dq10,4,dqs_vs_dq_bit,283,211,-72,283,211,-72,positive,positive,False,True,False
23,fail_to_fail,baseline-no-lock-seed-23,cntvaluein3-skew-locked-seed23-long-poll,False,False,2,2,check_starting_data_search_exhausted,signed_dqs_minus_dq_bit__idelay_cntvaluein_skew__lane1__dq11__ctrl_0__dqs_vs_dq_bit__value_ps,signed_dqs_minus_dq_bit,idelay_cntvaluein_skew,lane1,dq11,0,dqs_vs_dq_bit,837,553,-284,837,553,-284,positive,positive,False,True,False
23,fail_to_fail,baseline-no-lock-seed-23,cntvaluein3-skew-locked-seed23-long-poll,False,False,2,2,check_starting_data_search_exhausted,signed_dqs_minus_dq_bit__idelay_cntvaluein_skew__lane1__dq11__ctrl_1__dqs_vs_dq_bit__value_ps,signed_dqs_minus_dq_bit,idelay_cntvaluein_skew,lane1,dq11,1,dqs_vs_dq_bit,110,545,435,110,545,435,positive,positive,False,False,True
23,fail_to_fail,baseline-no-lock-seed-23,cntvaluein3-skew-locked-seed23-long-poll,False,False,2,2,check_starting_data_search_exhausted,signed_dqs_minus_dq_bit__idelay_cntvaluein_skew__lane1__dq11__ctrl_2__dqs_vs_dq_bit__value_ps,signed_dqs_minus_dq_bit,idelay_cntvaluein_skew,lane1,dq11,2,dqs_vs_dq_bit,-41,227,268,41,227,186,negative,positive,True,False,True
23,fail_to_fail,baseline-no-lock-seed-23,cntvaluein3-skew-locked-seed23-long-poll,False,False,2,2,check_starting_data_search_exhausted,signed_dqs_minus_dq_bit__idelay_cntvaluein_skew__lane1__dq11__ctrl_3__dqs_vs_dq_bit__value_ps,signed_dqs_minus_dq_bit,idelay_cntvaluein_skew,lane1,dq11,3,dqs_vs_dq_bit,164,-232,-396,164,232,68,positive,negative,True,False,True
23,fail_to_fail,baseline-no-lock-seed-23,cntvaluein3-skew-locked-seed23-long-poll,False,False,2,2,check_starting_data_search_exhausted,signed_dqs_minus_dq_bit__idelay_cntvaluein_skew__lane1__dq11__ctrl_4__dqs_vs_dq_bit__value_ps,signed_dqs_minus_dq_bit,idelay_cntvaluein_skew,lane1,dq11,4,dqs_vs_dq_bit,422,410,-12,422,410,-12,positive,positive,False,True,False
23,fail_to_fail,baseline-no-lock-seed-23,cntvaluein3-skew-locked-seed23-long-poll,False,False,2,2,check_starting_data_search_exhausted,signed_dqs_minus_dq_bit__idelay_cntvaluein_skew__lane1__dq12__ctrl_0__dqs_vs_dq_bit__value_ps,signed_dqs_minus_dq_bit,idelay_cntvaluein_skew,lane1,dq12,0,dqs_vs_dq_bit,704,197,-507,704,197,-507,positive,positive,False,True,False
23,fail_to_fail,baseline-no-lock-seed-23,cntvaluein3-skew-locked-seed23-long-poll,False,False,2,2,check_starting_data_search_exhausted,signed_dqs_minus_dq_bit__idelay_cntvaluein_skew__lane1__dq12__ctrl_1__dqs_vs_dq_bit__value_ps,signed_dqs_minus_dq_bit,idelay_cntvaluein_skew,lane1,dq12,1,dqs_vs_dq_bit,-69,242,311,69,242,173,negative,positive,True,False,True
23,fail_to_fail,baseline-no-lock-seed-23,cntvaluein3-skew-locked-seed23-long-poll,False,False,2,2,check_starting_data_search_exhausted,signed_dqs_minus_dq_bit__idelay_cntvaluein_skew__lane1__dq12__ctrl_2__dqs_vs_dq_bit__value_ps,signed_dqs_minus_dq_bit,idelay_cntvaluein_skew,lane1,dq12,2,dqs_vs_dq_bit,-438,390,828,438,390,-48,negative,positive,True,True,False
23,fail_to_fail,baseline-no-lock-seed-23,cntvaluein3-skew-locked-seed23-long-poll,False,False,2,2,check_starting_data_search_exhausted,signed_dqs_minus_dq_bit__idelay_cntvaluein_skew__lane1__dq12__ctrl_3__dqs_vs_dq_bit__value_ps,signed_dqs_minus_dq_bit,idelay_cntvaluein_skew,lane1,dq12,3,dqs_vs_dq_bit,-140,-306,-166,140,306,166,negative,negative,False,False,True
23,fail_to_fail,baseline-no-lock-seed-23,cntvaluein3-skew-locked-seed23-long-poll,False,False,2,2,check_starting_data_search_exhausted,signed_dqs_minus_dq_bit__idelay_cntvaluein_skew__lane1__dq12__ctrl_4__dqs_vs_dq_bit__value_ps,signed_dqs_minus_dq_bit,idelay_cntvaluein_skew,lane1,dq12,4,dqs_vs_dq_bit,196,233,37,196,233,37,positive,positive,False,False,True
23,fail_to_fail,baseline-no-lock-seed-23,cntvaluein3-skew-locked-seed23-long-poll,False,False,2,2,check_starting_data_search_exhausted,signed_dqs_minus_dq_bit__idelay_cntvaluein_skew__lane1__dq13__ctrl_0__dqs_vs_dq_bit__value_ps,signed_dqs_minus_dq_bit,idelay_cntvaluein_skew,lane1,dq13,0,dqs_vs_dq_bit,750,463,-287,750,463,-287,positive,positive,False,True,False
23,fail_to_fail,baseline-no-lock-seed-23,cntvaluein3-skew-locked-seed23-long-poll,False,False,2,2,check_starting_data_search_exhausted,signed_dqs_minus_dq_bit__idelay_cntvaluein_skew__lane1__dq13__ctrl_1__dqs_vs_dq_bit__value_ps,signed_dqs_minus_dq_bit,idelay_cntvaluein_skew,lane1,dq13,1,dqs_vs_dq_bit,192,555,363,192,555,363,positive,positive,False,False,True
23,fail_to_fail,baseline-no-lock-seed-23,cntvaluein3-skew-locked-seed23-long-poll,False,False,2,2,check_starting_data_search_exhausted,signed_dqs_minus_dq_bit__idelay_cntvaluein_skew__lane1__dq13__ctrl_2__dqs_vs_dq_bit__value_ps,signed_dqs_minus_dq_bit,idelay_cntvaluein_skew,lane1,dq13,2,dqs_vs_dq_bit,-125,136,261,125,136,11,negative,positive,True,False,True
23,fail_to_fail,baseline-no-lock-seed-23,cntvaluein3-skew-locked-seed23-long-poll,False,False,2,2,check_starting_data_search_exhausted,signed_dqs_minus_dq_bit__idelay_cntvaluein_skew__lane1__dq13__ctrl_3__dqs_vs_dq_bit__value_ps,signed_dqs_minus_dq_bit,idelay_cntvaluein_skew,lane1,dq13,3,dqs_vs_dq_bit,79,-281,-360,79,281,202,positive,negative,True,False,True
23,fail_to_fail,baseline-no-lock-seed-23,cntvaluein3-skew-locked-seed23-long-poll,False,False,2,2,check_starting_data_search_exhausted,signed_dqs_minus_dq_bit__idelay_cntvaluein_skew__lane1__dq13__ctrl_4__dqs_vs_dq_bit__value_ps,signed_dqs_minus_dq_bit,idelay_cntvaluein_skew,lane1,dq13,4,dqs_vs_dq_bit,510,319,-191,510,319,-191,positive,positive,False,True,False
23,fail_to_fail,baseline-no-lock-seed-23,cntvaluein3-skew-locked-seed23-long-poll,False,False,2,2,check_starting_data_search_exhausted,signed_dqs_minus_dq_bit__idelay_cntvaluein_skew__lane1__dq14__ctrl_0__dqs_vs_dq_bit__value_ps,signed_dqs_minus_dq_bit,idelay_cntvaluein_skew,lane1,dq14,0,dqs_vs_dq_bit,617,110,-507,617,110,-507,positive,positive,False,True,False
23,fail_to_fail,baseline-no-lock-seed-23,cntvaluein3-skew-locked-seed23-long-poll,False,False,2,2,check_starting_data_search_exhausted,signed_dqs_minus_dq_bit__idelay_cntvaluein_skew__lane1__dq14__ctrl_1__dqs_vs_dq_bit__value_ps,signed_dqs_minus_dq_bit,idelay_cntvaluein_skew,lane1,dq14,1,dqs_vs_dq_bit,18,151,133,18,151,133,positive,positive,False,False,True
23,fail_to_fail,baseline-no-lock-seed-23,cntvaluein3-skew-locked-seed23-long-poll,False,False,2,2,check_starting_data_search_exhausted,signed_dqs_minus_dq_bit__idelay_cntvaluein_skew__lane1__dq14__ctrl_2__dqs_vs_dq_bit__value_ps,signed_dqs_minus_dq_bit,idelay_cntvaluein_skew,lane1,dq14,2,dqs_vs_dq_bit,-209,383,592,209,383,174,negative,positive,True,False,True
23,fail_to_fail,baseline-no-lock-seed-23,cntvaluein3-skew-locked-seed23-long-poll,False,False,2,2,check_starting_data_search_exhausted,signed_dqs_minus_dq_bit__idelay_cntvaluein_skew__lane1__dq14__ctrl_3__dqs_vs_dq_bit__value_ps,signed_dqs_minus_dq_bit,idelay_cntvaluein_skew,lane1,dq14,3,dqs_vs_dq_bit,-230,-419,-189,230,419,189,negative,negative,False,False,True
23,fail_to_fail,baseline-no-lock-seed-23,cntvaluein3-skew-locked-seed23-long-poll,False,False,2,2,check_starting_data_search_exhausted,signed_dqs_minus_dq_bit__idelay_cntvaluein_skew__lane1__dq14__ctrl_4__dqs_vs_dq_bit__value_ps,signed_dqs_minus_dq_bit,idelay_cntvaluein_skew,lane1,dq14,4,dqs_vs_dq_bit,107,183,76,107,183,76,positive,positive,False,False,True
23,fail_to_fail,baseline-no-lock-seed-23,cntvaluein3-skew-locked-seed23-long-poll,False,False,2,2,check_starting_data_search_exhausted,signed_dqs_minus_dq_bit__idelay_cntvaluein_skew__lane1__dq15__ctrl_0__dqs_vs_dq_bit__value_ps,signed_dqs_minus_dq_bit,idelay_cntvaluein_skew,lane1,dq15,0,dqs_vs_dq_bit,975,673,-302,975,673,-302,positive,positive,False,True,False
23,fail_to_fail,baseline-no-lock-seed-23,cntvaluein3-skew-locked-seed23-long-poll,False,False,2,2,check_starting_data_search_exhausted,signed_dqs_minus_dq_bit__idelay_cntvaluein_skew__lane1__dq15__ctrl_1__dqs_vs_dq_bit__value_ps,signed_dqs_minus_dq_bit,idelay_cntvaluein_skew,lane1,dq15,1,dqs_vs_dq_bit,132,683,551,132,683,551,positive,positive,False,False,True
23,fail_to_fail,baseline-no-lock-seed-23,cntvaluein3-skew-locked-seed23-long-poll,False,False,2,2,check_starting_data_search_exhausted,signed_dqs_minus_dq_bit__idelay_cntvaluein_skew__lane1__dq15__ctrl_2__dqs_vs_dq_bit__value_ps,signed_dqs_minus_dq_bit,idelay_cntvaluein_skew,lane1,dq15,2,dqs_vs_dq_bit,173,363,190,173,363,190,positive,positive,False,False,True
23,fail_to_fail,baseline-no-lock-seed-23,cntvaluein3-skew-locked-seed23-long-poll,False,False,2,2,check_starting_data_search_exhausted,signed_dqs_minus_dq_bit__idelay_cntvaluein_skew__lane1__dq15__ctrl_3__dqs_vs_dq_bit__value_ps,signed_dqs_minus_dq_bit,idelay_cntvaluein_skew,lane1,dq15,3,dqs_vs_dq_bit,553,-158,-711,553,158,-395,positive,negative,True,True,False
23,fail_to_fail,baseline-no-lock-seed-23,cntvaluein3-skew-locked-seed23-long-poll,False,False,2,2,check_starting_data_search_exhausted,signed_dqs_minus_dq_bit__idelay_cntvaluein_skew__lane1__dq15__ctrl_4__dqs_vs_dq_bit__value_ps,signed_dqs_minus_dq_bit,idelay_cntvaluein_skew,lane1,dq15,4,dqs_vs_dq_bit,559,537,-22,559,537,-22,positive,positive,False,True,False
23,fail_to_fail,baseline-no-lock-seed-23,cntvaluein3-skew-locked-seed23-long-poll,False,False,2,2,check_starting_data_search_exhausted,signed_dqs_minus_dq_bit__idelay_cntvaluein_skew__lane1__dq8__ctrl_0__dqs_vs_dq_bit__value_ps,signed_dqs_minus_dq_bit,idelay_cntvaluein_skew,lane1,dq8,0,dqs_vs_dq_bit,528,21,-507,528,21,-507,positive,positive,False,True,False
23,fail_to_fail,baseline-no-lock-seed-23,cntvaluein3-skew-locked-seed23-long-poll,False,False,2,2,check_starting_data_search_exhausted,signed_dqs_minus_dq_bit__idelay_cntvaluein_skew__lane1__dq8__ctrl_1__dqs_vs_dq_bit__value_ps,signed_dqs_minus_dq_bit,idelay_cntvaluein_skew,lane1,dq8,1,dqs_vs_dq_bit,23,61,38,23,61,38,positive,positive,False,False,True
23,fail_to_fail,baseline-no-lock-seed-23,cntvaluein3-skew-locked-seed23-long-poll,False,False,2,2,check_starting_data_search_exhausted,signed_dqs_minus_dq_bit__idelay_cntvaluein_skew__lane1__dq8__ctrl_2__dqs_vs_dq_bit__value_ps,signed_dqs_minus_dq_bit,idelay_cntvaluein_skew,lane1,dq8,2,dqs_vs_dq_bit,-122,140,262,122,140,18,negative,positive,True,False,True
23,fail_to_fail,baseline-no-lock-seed-23,cntvaluein3-skew-locked-seed23-long-poll,False,False,2,2,check_starting_data_search_exhausted,signed_dqs_minus_dq_bit__idelay_cntvaluein_skew__lane1__dq8__ctrl_3__dqs_vs_dq_bit__value_ps,signed_dqs_minus_dq_bit,idelay_cntvaluein_skew,lane1,dq8,3,dqs_vs_dq_bit,247,-199,-446,247,199,-48,positive,negative,True,True,False
23,fail_to_fail,baseline-no-lock-seed-23,cntvaluein3-skew-locked-seed23-long-poll,False,False,2,2,check_starting_data_search_exhausted,signed_dqs_minus_dq_bit__idelay_cntvaluein_skew__lane1__dq8__ctrl_4__dqs_vs_dq_bit__value_ps,signed_dqs_minus_dq_bit,idelay_cntvaluein_skew,lane1,dq8,4,dqs_vs_dq_bit,20,95,75,20,95,75,positive,positive,False,False,True
23,fail_to_fail,baseline-no-lock-seed-23,cntvaluein3-skew-locked-seed23-long-poll,False,False,2,2,check_starting_data_search_exhausted,signed_dqs_minus_dq_bit__idelay_cntvaluein_skew__lane1__dq9__ctrl_0__dqs_vs_dq_bit__value_ps,signed_dqs_minus_dq_bit,idelay_cntvaluein_skew,lane1,dq9,0,dqs_vs_dq_bit,887,455,-432,887,455,-432,positive,positive,False,True,False
23,fail_to_fail,baseline-no-lock-seed-23,cntvaluein3-skew-locked-seed23-long-poll,False,False,2,2,check_starting_data_search_exhausted,signed_dqs_minus_dq_bit__idelay_cntvaluein_skew__lane1__dq9__ctrl_1__dqs_vs_dq_bit__value_ps,signed_dqs_minus_dq_bit,idelay_cntvaluein_skew,lane1,dq9,1,dqs_vs_dq_bit,319,629,310,319,629,310,positive,positive,False,False,True
23,fail_to_fail,baseline-no-lock-seed-23,cntvaluein3-skew-locked-seed23-long-poll,False,False,2,2,check_starting_data_search_exhausted,signed_dqs_minus_dq_bit__idelay_cntvaluein_skew__lane1__dq9__ctrl_2__dqs_vs_dq_bit__value_ps,signed_dqs_minus_dq_bit,idelay_cntvaluein_skew,lane1,dq9,2,dqs_vs_dq_bit,82,273,191,82,273,191,positive,positive,False,False,True
23,fail_to_fail,baseline-no-lock-seed-23,cntvaluein3-skew-locked-seed23-long-poll,False,False,2,2,check_starting_data_search_exhausted,signed_dqs_minus_dq_bit__idelay_cntvaluein_skew__lane1__dq9__ctrl_3__dqs_vs_dq_bit__value_ps,signed_dqs_minus_dq_bit,idelay_cntvaluein_skew,lane1,dq9,3,dqs_vs_dq_bit,469,-243,-712,469,243,-226,positive,negative,True,True,False
23,fail_to_fail,baseline-no-lock-seed-23,cntvaluein3-skew-locked-seed23-long-poll,False,False,2,2,check_starting_data_search_exhausted,signed_dqs_minus_dq_bit__idelay_cntvaluein_skew__lane1__dq9__ctrl_4__dqs_vs_dq_bit__value_ps,signed_dqs_minus_dq_bit,idelay_cntvaluein_skew,lane1,dq9,4,dqs_vs_dq_bit,647,449,-198,647,449,-198,positive,positive,False,True,False
23,fail_to_fail,baseline-no-lock-seed-23,cntvaluein3-skew-locked-seed23-long-poll,False,False,2,2,check_starting_data_search_exhausted,signed_dqs_minus_dq_median__idelay_cntvaluein_skew__lane0__dqs0__ctrl_0__dqs_vs_dq_lane__value_ps,signed_dqs_minus_dq_median,idelay_cntvaluein_skew,lane0,dqs0,0,dqs_vs_dq_lane,774.5,444,-330.5,774.5,444,-330.5,positive,positive,False,True,False
23,fail_to_fail,baseline-no-lock-seed-23,cntvaluein3-skew-locked-seed23-long-poll,False,False,2,2,check_starting_data_search_exhausted,signed_dqs_minus_dq_median__idelay_cntvaluein_skew__lane0__dqs0__ctrl_1__dqs_vs_dq_lane__value_ps,signed_dqs_minus_dq_median,idelay_cntvaluein_skew,lane0,dqs0,1,dqs_vs_dq_lane,-86.5,115,201.5,86.5,115,28.5,negative,positive,True,False,True
23,fail_to_fail,baseline-no-lock-seed-23,cntvaluein3-skew-locked-seed23-long-poll,False,False,2,2,check_starting_data_search_exhausted,signed_dqs_minus_dq_median__idelay_cntvaluein_skew__lane0__dqs0__ctrl_2__dqs_vs_dq_lane__value_ps,signed_dqs_minus_dq_median,idelay_cntvaluein_skew,lane0,dqs0,2,dqs_vs_dq_lane,-306,393.5,699.5,306,393.5,87.5,negative,positive,True,False,True
23,fail_to_fail,baseline-no-lock-seed-23,cntvaluein3-skew-locked-seed23-long-poll,False,False,2,2,check_starting_data_search_exhausted,signed_dqs_minus_dq_median__idelay_cntvaluein_skew__lane0__dqs0__ctrl_3__dqs_vs_dq_lane__value_ps,signed_dqs_minus_dq_median,idelay_cntvaluein_skew,lane0,dqs0,3,dqs_vs_dq_lane,196,-148.5,-344.5,196,148.5,-47.5,positive,negative,True,True,False
23,fail_to_fail,baseline-no-lock-seed-23,cntvaluein3-skew-locked-seed23-long-poll,False,False,2,2,check_starting_data_search_exhausted,signed_dqs_minus_dq_median__idelay_cntvaluein_skew__lane0__dqs0__ctrl_4__dqs_vs_dq_lane__value_ps,signed_dqs_minus_dq_median,idelay_cntvaluein_skew,lane0,dqs0,4,dqs_vs_dq_lane,11.5,-52.5,-64,11.5,52.5,41,positive,negative,True,False,True
23,fail_to_fail,baseline-no-lock-seed-23,cntvaluein3-skew-locked-seed23-long-poll,False,False,2,2,check_starting_data_search_exhausted,signed_dqs_minus_dq_median__idelay_cntvaluein_skew__lane1__dqs1__ctrl_0__dqs_vs_dq_lane__value_ps,signed_dqs_minus_dq_median,idelay_cntvaluein_skew,lane1,dqs1,0,dqs_vs_dq_lane,771.5,370.5,-401,771.5,370.5,-401,positive,positive,False,True,False
23,fail_to_fail,baseline-no-lock-seed-23,cntvaluein3-skew-locked-seed23-long-poll,False,False,2,2,check_starting_data_search_exhausted,signed_dqs_minus_dq_median__idelay_cntvaluein_skew__lane1__dqs1__ctrl_1__dqs_vs_dq_lane__value_ps,signed_dqs_minus_dq_median,idelay_cntvaluein_skew,lane1,dqs1,1,dqs_vs_dq_lane,83,407.5,324.5,83,407.5,324.5,positive,positive,False,False,True
23,fail_to_fail,baseline-no-lock-seed-23,cntvaluein3-skew-locked-seed23-long-poll,False,False,2,2,check_starting_data_search_exhausted,signed_dqs_minus_dq_median__idelay_cntvaluein_skew__lane1__dqs1__ctrl_2__dqs_vs_dq_lane__value_ps,signed_dqs_minus_dq_median,idelay_cntvaluein_skew,lane1,dqs1,2,dqs_vs_dq_lane,-123.5,282.5,406,123.5,282.5,159,negative,positive,True,False,True
23,fail_to_fail,baseline-no-lock-seed-23,cntvaluein3-skew-locked-seed23-long-poll,False,False,2,2,check_starting_data_search_exhausted,signed_dqs_minus_dq_median__idelay_cntvaluein_skew__lane1__dqs1__ctrl_3__dqs_vs_dq_lane__value_ps,signed_dqs_minus_dq_median,idelay_cntvaluein_skew,lane1,dqs1,3,dqs_vs_dq_lane,121.5,-262,-383.5,121.5,262,140.5,positive,negative,True,False,True
23,fail_to_fail,baseline-no-lock-seed-23,cntvaluein3-skew-locked-seed23-long-poll,False,False,2,2,check_starting_data_search_exhausted,signed_dqs_minus_dq_median__idelay_cntvaluein_skew__lane1__dqs1__ctrl_4__dqs_vs_dq_lane__value_ps,signed_dqs_minus_dq_median,idelay_cntvaluein_skew,lane1,dqs1,4,dqs_vs_dq_lane,352.5,276,-76.5,352.5,276,-76.5,positive,positive,False,True,False
23,fail_to_fail,baseline-no-lock-seed-23,cntvaluein3-skew-locked-seed23-long-poll,False,False,2,2,check_starting_data_search_exhausted,signed_lane1_minus_lane0_dq_median__idelay_cntvaluein_skew__all__no_bit__ctrl_0__lane1_vs_lane0_dq__value_ps,signed_lane1_minus_lane0_dq_median,idelay_cntvaluein_skew,all,,0,lane1_vs_lane0_dq,-426,-204.5,221.5,426,204.5,-221.5,negative,negative,False,True,False
23,fail_to_fail,baseline-no-lock-seed-23,cntvaluein3-skew-locked-seed23-long-poll,False,False,2,2,check_starting_data_search_exhausted,signed_lane1_minus_lane0_dq_median__idelay_cntvaluein_skew__all__no_bit__ctrl_1__lane1_vs_lane0_dq__value_ps,signed_lane1_minus_lane0_dq_median,idelay_cntvaluein_skew,all,,1,lane1_vs_lane0_dq,-447.5,-277.5,170,447.5,277.5,-170,negative,negative,False,True,False
23,fail_to_fail,baseline-no-lock-seed-23,cntvaluein3-skew-locked-seed23-long-poll,False,False,2,2,check_starting_data_search_exhausted,signed_lane1_minus_lane0_dq_median__idelay_cntvaluein_skew__all__no_bit__ctrl_2__lane1_vs_lane0_dq__value_ps,signed_lane1_minus_lane0_dq_median,idelay_cntvaluein_skew,all,,2,lane1_vs_lane0_dq,-453.5,-170,283.5,453.5,170,-283.5,negative,negative,False,True,False
23,fail_to_fail,baseline-no-lock-seed-23,cntvaluein3-skew-locked-seed23-long-poll,False,False,2,2,check_starting_data_search_exhausted,signed_lane1_minus_lane0_dq_median__idelay_cntvaluein_skew__all__no_bit__ctrl_3__lane1_vs_lane0_dq__value_ps,signed_lane1_minus_lane0_dq_median,idelay_cntvaluein_skew,all,,3,lane1_vs_lane0_dq,-300.5,-159.5,141,300.5,159.5,-141,negative,negative,False,True,False
23,fail_to_fail,baseline-no-lock-seed-23,cntvaluein3-skew-locked-seed23-long-poll,False,False,2,2,check_starting_data_search_exhausted,signed_lane1_minus_lane0_dq_median__idelay_cntvaluein_skew__all__no_bit__ctrl_4__lane1_vs_lane0_dq__value_ps,signed_lane1_minus_lane0_dq_median,idelay_cntvaluein_skew,all,,4,lane1_vs_lane0_dq,-619,-343.5,275.5,619,343.5,-275.5,negative,negative,False,True,False
23,fail_to_fail,baseline-no-lock-seed-23,cntvaluein3-skew-locked-seed23-long-poll,False,False,2,2,check_starting_data_search_exhausted,signed_lane1_minus_lane0_dqs__idelay_cntvaluein_skew__all__no_bit__ctrl_0__lane1_vs_lane0_dqs__value_ps,signed_lane1_minus_lane0_dqs,idelay_cntvaluein_skew,all,,0,lane1_vs_lane0_dqs,-429,-278,151,429,278,-151,negative,negative,False,True,False
23,fail_to_fail,baseline-no-lock-seed-23,cntvaluein3-skew-locked-seed23-long-poll,False,False,2,2,check_starting_data_search_exhausted,signed_lane1_minus_lane0_dqs__idelay_cntvaluein_skew__all__no_bit__ctrl_1__lane1_vs_lane0_dqs__value_ps,signed_lane1_minus_lane0_dqs,idelay_cntvaluein_skew,all,,1,lane1_vs_lane0_dqs,-278,15,293,278,15,-263,negative,positive,True,True,False
23,fail_to_fail,baseline-no-lock-seed-23,cntvaluein3-skew-locked-seed23-long-poll,False,False,2,2,check_starting_data_search_exhausted,signed_lane1_minus_lane0_dqs__idelay_cntvaluein_skew__all__no_bit__ctrl_2__lane1_vs_lane0_dqs__value_ps,signed_lane1_minus_lane0_dqs,idelay_cntvaluein_skew,all,,2,lane1_vs_lane0_dqs,-271,-281,-10,271,281,10,negative,negative,False,False,True
23,fail_to_fail,baseline-no-lock-seed-23,cntvaluein3-skew-locked-seed23-long-poll,False,False,2,2,check_starting_data_search_exhausted,signed_lane1_minus_lane0_dqs__idelay_cntvaluein_skew__all__no_bit__ctrl_3__lane1_vs_lane0_dqs__value_ps,signed_lane1_minus_lane0_dqs,idelay_cntvaluein_skew,all,,3,lane1_vs_lane0_dqs,-375,-273,102,375,273,-102,negative,negative,False,True,False
23,fail_to_fail,baseline-no-lock-seed-23,cntvaluein3-skew-locked-seed23-long-poll,False,False,2,2,check_starting_data_search_exhausted,signed_lane1_minus_lane0_dqs__idelay_cntvaluein_skew__all__no_bit__ctrl_4__lane1_vs_lane0_dqs__value_ps,signed_lane1_minus_lane0_dqs,idelay_cntvaluein_skew,all,,4,lane1_vs_lane0_dqs,-278,-15,263,278,15,-263,negative,negative,False,True,False
23,fail_to_fail,baseline-no-lock-seed-23,cntvaluein3-skew-locked-seed23-long-poll,False,False,2,2,check_starting_data_search_exhausted,signed_ld_dqs_minus_dq_median__idelay_ld_skew__lane0__dqs0__ctrl_none__dqs_vs_dq_lane__value_ps,signed_ld_dqs_minus_dq_median,idelay_ld_skew,lane0,dqs0,,dqs_vs_dq_lane,-220.5,101,321.5,220.5,101,-119.5,negative,positive,True,True,False
23,fail_to_fail,baseline-no-lock-seed-23,cntvaluein3-skew-locked-seed23-long-poll,False,False,2,2,check_starting_data_search_exhausted,signed_ld_dqs_minus_dq_median__idelay_ld_skew__lane1__dqs1__ctrl_none__dqs_vs_dq_lane__value_ps,signed_ld_dqs_minus_dq_median,idelay_ld_skew,lane1,dqs1,,dqs_vs_dq_lane,-53.5,-158.5,-105,53.5,158.5,105,negative,negative,False,False,True
23,fail_to_fail,baseline-no-lock-seed-23,cntvaluein3-skew-locked-seed23-long-poll,False,False,2,2,check_starting_data_search_exhausted,signed_ld_minus_cntvaluein_dq_median__idelay_ld_cntvaluein_skew__lane0__no_bit__ctrl_0__ld_vs_cntvaluein_dq_lane__value_ps,signed_ld_minus_cntvaluein_dq_median,idelay_ld_cntvaluein_skew,lane0,,0,ld_vs_cntvaluein_dq_lane,273,110,-163,273,110,-163,positive,positive,False,True,False
23,fail_to_fail,baseline-no-lock-seed-23,cntvaluein3-skew-locked-seed23-long-poll,False,False,2,2,check_starting_data_search_exhausted,signed_ld_minus_cntvaluein_dq_median__idelay_ld_cntvaluein_skew__lane0__no_bit__ctrl_1__ld_vs_cntvaluein_dq_lane__value_ps,signed_ld_minus_cntvaluein_dq_median,idelay_ld_cntvaluein_skew,lane0,,1,ld_vs_cntvaluein_dq_lane,201,105,-96,201,105,-96,positive,positive,False,True,False
23,fail_to_fail,baseline-no-lock-seed-23,cntvaluein3-skew-locked-seed23-long-poll,False,False,2,2,check_starting_data_search_exhausted,signed_ld_minus_cntvaluein_dq_median__idelay_ld_cntvaluein_skew__lane0__no_bit__ctrl_2__ld_vs_cntvaluein_dq_lane__value_ps,signed_ld_minus_cntvaluein_dq_median,idelay_ld_cntvaluein_skew,lane0,,2,ld_vs_cntvaluein_dq_lane,64.5,283.5,219,64.5,283.5,219,positive,positive,False,False,True
23,fail_to_fail,baseline-no-lock-seed-23,cntvaluein3-skew-locked-seed23-long-poll,False,False,2,2,check_starting_data_search_exhausted,signed_ld_minus_cntvaluein_dq_median__idelay_ld_cntvaluein_skew__lane0__no_bit__ctrl_3__ld_vs_cntvaluein_dq_lane__value_ps,signed_ld_minus_cntvaluein_dq_median,idelay_ld_cntvaluein_skew,lane0,,3,ld_vs_cntvaluein_dq_lane,156.5,-515.5,-672,156.5,515.5,359,positive,negative,True,False,True
23,fail_to_fail,baseline-no-lock-seed-23,cntvaluein3-skew-locked-seed23-long-poll,False,False,2,2,check_starting_data_search_exhausted,signed_ld_minus_cntvaluein_dq_median__idelay_ld_cntvaluein_skew__lane0__no_bit__ctrl_4__ld_vs_cntvaluein_dq_lane__value_ps,signed_ld_minus_cntvaluein_dq_median,idelay_ld_cntvaluein_skew,lane0,,4,ld_vs_cntvaluein_dq_lane,74,157.5,83.5,74,157.5,83.5,positive,positive,False,False,True
23,fail_to_fail,baseline-no-lock-seed-23,cntvaluein3-skew-locked-seed23-long-poll,False,False,2,2,check_starting_data_search_exhausted,signed_ld_minus_cntvaluein_dq_median__idelay_ld_cntvaluein_skew__lane1__no_bit__ctrl_0__ld_vs_cntvaluein_dq_lane__value_ps,signed_ld_minus_cntvaluein_dq_median,idelay_ld_cntvaluein_skew,lane1,,0,ld_vs_cntvaluein_dq_lane,527,544,17,527,544,17,positive,positive,False,False,True
23,fail_to_fail,baseline-no-lock-seed-23,cntvaluein3-skew-locked-seed23-long-poll,False,False,2,2,check_starting_data_search_exhausted,signed_ld_minus_cntvaluein_dq_median__idelay_ld_cntvaluein_skew__lane1__no_bit__ctrl_1__ld_vs_cntvaluein_dq_lane__value_ps,signed_ld_minus_cntvaluein_dq_median,idelay_ld_cntvaluein_skew,lane1,,1,ld_vs_cntvaluein_dq_lane,476.5,612,135.5,476.5,612,135.5,positive,positive,False,False,True
23,fail_to_fail,baseline-no-lock-seed-23,cntvaluein3-skew-locked-seed23-long-poll,False,False,2,2,check_starting_data_search_exhausted,signed_ld_minus_cntvaluein_dq_median__idelay_ld_cntvaluein_skew__lane1__no_bit__ctrl_2__ld_vs_cntvaluein_dq_lane__value_ps,signed_ld_minus_cntvaluein_dq_median,idelay_ld_cntvaluein_skew,lane1,,2,ld_vs_cntvaluein_dq_lane,346,683,337,346,683,337,positive,positive,False,False,True
23,fail_to_fail,baseline-no-lock-seed-23,cntvaluein3-skew-locked-seed23-long-poll,False,False,2,2,check_starting_data_search_exhausted,signed_ld_minus_cntvaluein_dq_median__idelay_ld_cntvaluein_skew__lane1__no_bit__ctrl_3__ld_vs_cntvaluein_dq_lane__value_ps,signed_ld_minus_cntvaluein_dq_median,idelay_ld_cntvaluein_skew,lane1,,3,ld_vs_cntvaluein_dq_lane,285,-126.5,-411.5,285,126.5,-158.5,positive,negative,True,True,False
23,fail_to_fail,baseline-no-lock-seed-23,cntvaluein3-skew-locked-seed23-long-poll,False,False,2,2,check_starting_data_search_exhausted,signed_ld_minus_cntvaluein_dq_median__idelay_ld_cntvaluein_skew__lane1__no_bit__ctrl_4__ld_vs_cntvaluein_dq_lane__value_ps,signed_ld_minus_cntvaluein_dq_median,idelay_ld_cntvaluein_skew,lane1,,4,ld_vs_cntvaluein_dq_lane,521,730.5,209.5,521,730.5,209.5,positive,positive,False,False,True
23,fail_to_fail,baseline-no-lock-seed-23,cntvaluein3-skew-locked-seed23-long-poll,False,False,2,2,check_starting_data_search_exhausted,signed_ld_minus_cntvaluein_dqs__idelay_ld_cntvaluein_skew__lane0__dqs0__ctrl_0__ld_vs_cntvaluein_dqs__value_ps,signed_ld_minus_cntvaluein_dqs,idelay_ld_cntvaluein_skew,lane0,dqs0,0,ld_vs_cntvaluein_dqs,-722,-233,489,722,233,-489,negative,negative,False,True,False
23,fail_to_fail,baseline-no-lock-seed-23,cntvaluein3-skew-locked-seed23-long-poll,False,False,2,2,check_starting_data_search_exhausted,signed_ld_minus_cntvaluein_dqs__idelay_ld_cntvaluein_skew__lane0__dqs0__ctrl_1__ld_vs_cntvaluein_dqs__value_ps,signed_ld_minus_cntvaluein_dqs,idelay_ld_cntvaluein_skew,lane0,dqs0,1,ld_vs_cntvaluein_dqs,67,91,24,67,91,24,positive,positive,False,False,True
23,fail_to_fail,baseline-no-lock-seed-23,cntvaluein3-skew-locked-seed23-long-poll,False,False,2,2,check_starting_data_search_exhausted,signed_ld_minus_cntvaluein_dqs__idelay_ld_cntvaluein_skew__lane0__dqs0__ctrl_2__ld_vs_cntvaluein_dqs__value_ps,signed_ld_minus_cntvaluein_dqs,idelay_ld_cntvaluein_skew,lane0,dqs0,2,ld_vs_cntvaluein_dqs,150,-9,-159,150,9,-141,positive,negative,True,True,False
23,fail_to_fail,baseline-no-lock-seed-23,cntvaluein3-skew-locked-seed23-long-poll,False,False,2,2,check_starting_data_search_exhausted,signed_ld_minus_cntvaluein_dqs__idelay_ld_cntvaluein_skew__lane0__dqs0__ctrl_3__ld_vs_cntvaluein_dqs__value_ps,signed_ld_minus_cntvaluein_dqs,idelay_ld_cntvaluein_skew,lane0,dqs0,3,ld_vs_cntvaluein_dqs,-260,-266,-6,260,266,6,negative,negative,False,False,True
23,fail_to_fail,baseline-no-lock-seed-23,cntvaluein3-skew-locked-seed23-long-poll,False,False,2,2,check_starting_data_search_exhausted,signed_ld_minus_cntvaluein_dqs__idelay_ld_cntvaluein_skew__lane0__dqs0__ctrl_4__ld_vs_cntvaluein_dqs__value_ps,signed_ld_minus_cntvaluein_dqs,idelay_ld_cntvaluein_skew,lane0,dqs0,4,ld_vs_cntvaluein_dqs,-158,311,469,158,311,153,negative,positive,True,False,True
23,fail_to_fail,baseline-no-lock-seed-23,cntvaluein3-skew-locked-seed23-long-poll,False,False,2,2,check_starting_data_search_exhausted,signed_ld_minus_cntvaluein_dqs__idelay_ld_cntvaluein_skew__lane1__dqs1__ctrl_0__ld_vs_cntvaluein_dqs__value_ps,signed_ld_minus_cntvaluein_dqs,idelay_ld_cntvaluein_skew,lane1,dqs1,0,ld_vs_cntvaluein_dqs,-298,15,313,298,15,-283,negative,positive,True,True,False
23,fail_to_fail,baseline-no-lock-seed-23,cntvaluein3-skew-locked-seed23-long-poll,False,False,2,2,check_starting_data_search_exhausted,signed_ld_minus_cntvaluein_dqs__idelay_ld_cntvaluein_skew__lane1__dqs1__ctrl_1__ld_vs_cntvaluein_dqs__value_ps,signed_ld_minus_cntvaluein_dqs,idelay_ld_cntvaluein_skew,lane1,dqs1,1,ld_vs_cntvaluein_dqs,340,46,-294,340,46,-294,positive,positive,False,True,False
23,fail_to_fail,baseline-no-lock-seed-23,cntvaluein3-skew-locked-seed23-long-poll,False,False,2,2,check_starting_data_search_exhausted,signed_ld_minus_cntvaluein_dqs__idelay_ld_cntvaluein_skew__lane1__dqs1__ctrl_2__ld_vs_cntvaluein_dqs__value_ps,signed_ld_minus_cntvaluein_dqs,idelay_ld_cntvaluein_skew,lane1,dqs1,2,ld_vs_cntvaluein_dqs,416,242,-174,416,242,-174,positive,positive,False,True,False
23,fail_to_fail,baseline-no-lock-seed-23,cntvaluein3-skew-locked-seed23-long-poll,False,False,2,2,check_starting_data_search_exhausted,signed_ld_minus_cntvaluein_dqs__idelay_ld_cntvaluein_skew__lane1__dqs1__ctrl_3__ld_vs_cntvaluein_dqs__value_ps,signed_ld_minus_cntvaluein_dqs,idelay_ld_cntvaluein_skew,lane1,dqs1,3,ld_vs_cntvaluein_dqs,110,-23,-133,110,23,-87,positive,negative,True,True,False
23,fail_to_fail,baseline-no-lock-seed-23,cntvaluein3-skew-locked-seed23-long-poll,False,False,2,2,check_starting_data_search_exhausted,signed_ld_minus_cntvaluein_dqs__idelay_ld_cntvaluein_skew__lane1__dqs1__ctrl_4__ld_vs_cntvaluein_dqs__value_ps,signed_ld_minus_cntvaluein_dqs,idelay_ld_cntvaluein_skew,lane1,dqs1,4,ld_vs_cntvaluein_dqs,115,296,181,115,296,181,positive,positive,False,False,True
27,fail_to_pass,baseline-no-lock-seed-27,cntvaluein3-skew-locked-seed27,False,True,2,0,none,signed_dqs_bus_skew_minus_dq_median__idelay_cntvaluein_skew__lane0__dqs0__ctrl_none__dqs_vs_dq_bus_skew__value_ps,signed_dqs_bus_skew_minus_dq_median,idelay_cntvaluein_skew,lane0,dqs0,,dqs_vs_dq_bus_skew,211.5,-346.5,-558,211.5,346.5,135,positive,negative,True,False,True
27,fail_to_pass,baseline-no-lock-seed-27,cntvaluein3-skew-locked-seed27,False,True,2,0,none,signed_dqs_bus_skew_minus_dq_median__idelay_cntvaluein_skew__lane1__dqs1__ctrl_none__dqs_vs_dq_bus_skew__value_ps,signed_dqs_bus_skew_minus_dq_median,idelay_cntvaluein_skew,lane1,dqs1,,dqs_vs_dq_bus_skew,114,-443.5,-557.5,114,443.5,329.5,positive,negative,True,False,True
27,fail_to_pass,baseline-no-lock-seed-27,cntvaluein3-skew-locked-seed27,False,True,2,0,none,signed_dqs_minus_dq_bit__idelay_cntvaluein_skew__lane0__dq0__ctrl_0__dqs_vs_dq_bit__value_ps,signed_dqs_minus_dq_bit,idelay_cntvaluein_skew,lane0,dq0,0,dqs_vs_dq_bit,77,-535,-612,77,535,458,positive,negative,True,False,True
27,fail_to_pass,baseline-no-lock-seed-27,cntvaluein3-skew-locked-seed27,False,True,2,0,none,signed_dqs_minus_dq_bit__idelay_cntvaluein_skew__lane0__dq0__ctrl_1__dqs_vs_dq_bit__value_ps,signed_dqs_minus_dq_bit,idelay_cntvaluein_skew,lane0,dq0,1,dqs_vs_dq_bit,-22,-753,-731,22,753,731,negative,negative,False,False,True
27,fail_to_pass,baseline-no-lock-seed-27,cntvaluein3-skew-locked-seed27,False,True,2,0,none,signed_dqs_minus_dq_bit__idelay_cntvaluein_skew__lane0__dq0__ctrl_2__dqs_vs_dq_bit__value_ps,signed_dqs_minus_dq_bit,idelay_cntvaluein_skew,lane0,dq0,2,dqs_vs_dq_bit,82,409,327,82,409,327,positive,positive,False,False,True
27,fail_to_pass,baseline-no-lock-seed-27,cntvaluein3-skew-locked-seed27,False,True,2,0,none,signed_dqs_minus_dq_bit__idelay_cntvaluein_skew__lane0__dq0__ctrl_3__dqs_vs_dq_bit__value_ps,signed_dqs_minus_dq_bit,idelay_cntvaluein_skew,lane0,dq0,3,dqs_vs_dq_bit,-185,-318,-133,185,318,133,negative,negative,False,False,True
27,fail_to_pass,baseline-no-lock-seed-27,cntvaluein3-skew-locked-seed27,False,True,2,0,none,signed_dqs_minus_dq_bit__idelay_cntvaluein_skew__lane0__dq0__ctrl_4__dqs_vs_dq_bit__value_ps,signed_dqs_minus_dq_bit,idelay_cntvaluein_skew,lane0,dq0,4,dqs_vs_dq_bit,-438,28,466,438,28,-410,negative,positive,True,True,False
27,fail_to_pass,baseline-no-lock-seed-27,cntvaluein3-skew-locked-seed27,False,True,2,0,none,signed_dqs_minus_dq_bit__idelay_cntvaluein_skew__lane0__dq1__ctrl_0__dqs_vs_dq_bit__value_ps,signed_dqs_minus_dq_bit,idelay_cntvaluein_skew,lane0,dq1,0,dqs_vs_dq_bit,39,-535,-574,39,535,496,positive,negative,True,False,True
27,fail_to_pass,baseline-no-lock-seed-27,cntvaluein3-skew-locked-seed27,False,True,2,0,none,signed_dqs_minus_dq_bit__idelay_cntvaluein_skew__lane0__dq1__ctrl_1__dqs_vs_dq_bit__value_ps,signed_dqs_minus_dq_bit,idelay_cntvaluein_skew,lane0,dq1,1,dqs_vs_dq_bit,-22,-838,-816,22,838,816,negative,negative,False,False,True
27,fail_to_pass,baseline-no-lock-seed-27,cntvaluein3-skew-locked-seed27,False,True,2,0,none,signed_dqs_minus_dq_bit__idelay_cntvaluein_skew__lane0__dq1__ctrl_2__dqs_vs_dq_bit__value_ps,signed_dqs_minus_dq_bit,idelay_cntvaluein_skew,lane0,dq1,2,dqs_vs_dq_bit,26,490,464,26,490,464,positive,positive,False,False,True
27,fail_to_pass,baseline-no-lock-seed-27,cntvaluein3-skew-locked-seed27,False,True,2,0,none,signed_dqs_minus_dq_bit__idelay_cntvaluein_skew__lane0__dq1__ctrl_3__dqs_vs_dq_bit__value_ps,signed_dqs_minus_dq_bit,idelay_cntvaluein_skew,lane0,dq1,3,dqs_vs_dq_bit,-270,-410,-140,270,410,140,negative,negative,False,False,True
27,fail_to_pass,baseline-no-lock-seed-27,cntvaluein3-skew-locked-seed27,False,True,2,0,none,signed_dqs_minus_dq_bit__idelay_cntvaluein_skew__lane0__dq1__ctrl_4__dqs_vs_dq_bit__value_ps,signed_dqs_minus_dq_bit,idelay_cntvaluein_skew,lane0,dq1,4,dqs_vs_dq_bit,-497,-8,489,497,8,-489,negative,negative,False,True,False
27,fail_to_pass,baseline-no-lock-seed-27,cntvaluein3-skew-locked-seed27,False,True,2,0,none,signed_dqs_minus_dq_bit__idelay_cntvaluein_skew__lane0__dq2__ctrl_0__dqs_vs_dq_bit__value_ps,signed_dqs_minus_dq_bit,idelay_cntvaluein_skew,lane0,dq2,0,dqs_vs_dq_bit,250,-616,-866,250,616,366,positive,negative,True,False,True
27,fail_to_pass,baseline-no-lock-seed-27,cntvaluein3-skew-locked-seed27,False,True,2,0,none,signed_dqs_minus_dq_bit__idelay_cntvaluein_skew__lane0__dq2__ctrl_1__dqs_vs_dq_bit__value_ps,signed_dqs_minus_dq_bit,idelay_cntvaluein_skew,lane0,dq2,1,dqs_vs_dq_bit,166,-931,-1097,166,931,765,positive,negative,True,False,True
27,fail_to_pass,baseline-no-lock-seed-27,cntvaluein3-skew-locked-seed27,False,True,2,0,none,signed_dqs_minus_dq_bit__idelay_cntvaluein_skew__lane0__dq2__ctrl_2__dqs_vs_dq_bit__value_ps,signed_dqs_minus_dq_bit,idelay_cntvaluein_skew,lane0,dq2,2,dqs_vs_dq_bit,148,406,258,148,406,258,positive,positive,False,False,True
27,fail_to_pass,baseline-no-lock-seed-27,cntvaluein3-skew-locked-seed27,False,True,2,0,none,signed_dqs_minus_dq_bit__idelay_cntvaluein_skew__lane0__dq2__ctrl_3__dqs_vs_dq_bit__value_ps,signed_dqs_minus_dq_bit,idelay_cntvaluein_skew,lane0,dq2,3,dqs_vs_dq_bit,29,-295,-324,29,295,266,positive,negative,True,False,True
27,fail_to_pass,baseline-no-lock-seed-27,cntvaluein3-skew-locked-seed27,False,True,2,0,none,signed_dqs_minus_dq_bit__idelay_cntvaluein_skew__lane0__dq2__ctrl_4__dqs_vs_dq_bit__value_ps,signed_dqs_minus_dq_bit,idelay_cntvaluein_skew,lane0,dq2,4,dqs_vs_dq_bit,-315,-179,136,315,179,-136,negative,negative,False,True,False
27,fail_to_pass,baseline-no-lock-seed-27,cntvaluein3-skew-locked-seed27,False,True,2,0,none,signed_dqs_minus_dq_bit__idelay_cntvaluein_skew__lane0__dq3__ctrl_0__dqs_vs_dq_bit__value_ps,signed_dqs_minus_dq_bit,idelay_cntvaluein_skew,lane0,dq3,0,dqs_vs_dq_bit,308,-245,-553,308,245,-63,positive,negative,True,True,False
27,fail_to_pass,baseline-no-lock-seed-27,cntvaluein3-skew-locked-seed27,False,True,2,0,none,signed_dqs_minus_dq_bit__idelay_cntvaluein_skew__lane0__dq3__ctrl_1__dqs_vs_dq_bit__value_ps,signed_dqs_minus_dq_bit,idelay_cntvaluein_skew,lane0,dq3,1,dqs_vs_dq_bit,294,-592,-886,294,592,298,positive,negative,True,False,True
27,fail_to_pass,baseline-no-lock-seed-27,cntvaluein3-skew-locked-seed27,False,True,2,0,none,signed_dqs_minus_dq_bit__idelay_cntvaluein_skew__lane0__dq3__ctrl_2__dqs_vs_dq_bit__value_ps,signed_dqs_minus_dq_bit,idelay_cntvaluein_skew,lane0,dq3,2,dqs_vs_dq_bit,255,350,95,255,350,95,positive,positive,False,False,True
27,fail_to_pass,baseline-no-lock-seed-27,cntvaluein3-skew-locked-seed27,False,True,2,0,none,signed_dqs_minus_dq_bit__idelay_cntvaluein_skew__lane0__dq3__ctrl_3__dqs_vs_dq_bit__value_ps,signed_dqs_minus_dq_bit,idelay_cntvaluein_skew,lane0,dq3,3,dqs_vs_dq_bit,243,-225,-468,243,225,-18,positive,negative,True,True,False
27,fail_to_pass,baseline-no-lock-seed-27,cntvaluein3-skew-locked-seed27,False,True,2,0,none,signed_dqs_minus_dq_bit__idelay_cntvaluein_skew__lane0__dq3__ctrl_4__dqs_vs_dq_bit__value_ps,signed_dqs_minus_dq_bit,idelay_cntvaluein_skew,lane0,dq3,4,dqs_vs_dq_bit,-404,-227,177,404,227,-177,negative,negative,False,True,False
27,fail_to_pass,baseline-no-lock-seed-27,cntvaluein3-skew-locked-seed27,False,True,2,0,none,signed_dqs_minus_dq_bit__idelay_cntvaluein_skew__lane0__dq4__ctrl_0__dqs_vs_dq_bit__value_ps,signed_dqs_minus_dq_bit,idelay_cntvaluein_skew,lane0,dq4,0,dqs_vs_dq_bit,164,-383,-547,164,383,219,positive,negative,True,False,True
27,fail_to_pass,baseline-no-lock-seed-27,cntvaluein3-skew-locked-seed27,False,True,2,0,none,signed_dqs_minus_dq_bit__idelay_cntvaluein_skew__lane0__dq4__ctrl_1__dqs_vs_dq_bit__value_ps,signed_dqs_minus_dq_bit,idelay_cntvaluein_skew,lane0,dq4,1,dqs_vs_dq_bit,85,-928,-1013,85,928,843,positive,negative,True,False,True
27,fail_to_pass,baseline-no-lock-seed-27,cntvaluein3-skew-locked-seed27,False,True,2,0,none,signed_dqs_minus_dq_bit__idelay_cntvaluein_skew__lane0__dq4__ctrl_2__dqs_vs_dq_bit__value_ps,signed_dqs_minus_dq_bit,idelay_cntvaluein_skew,lane0,dq4,2,dqs_vs_dq_bit,-10,487,497,10,487,477,negative,positive,True,False,True
27,fail_to_pass,baseline-no-lock-seed-27,cntvaluein3-skew-locked-seed27,False,True,2,0,none,signed_dqs_minus_dq_bit__idelay_cntvaluein_skew__lane0__dq4__ctrl_3__dqs_vs_dq_bit__value_ps,signed_dqs_minus_dq_bit,idelay_cntvaluein_skew,lane0,dq4,3,dqs_vs_dq_bit,-355,-376,-21,355,376,21,negative,negative,False,False,True
27,fail_to_pass,baseline-no-lock-seed-27,cntvaluein3-skew-locked-seed27,False,True,2,0,none,signed_dqs_minus_dq_bit__idelay_cntvaluein_skew__lane0__dq4__ctrl_4__dqs_vs_dq_bit__value_ps,signed_dqs_minus_dq_bit,idelay_cntvaluein_skew,lane0,dq4,4,dqs_vs_dq_bit,-523,-94,429,523,94,-429,negative,negative,False,True,False
27,fail_to_pass,baseline-no-lock-seed-27,cntvaluein3-skew-locked-seed27,False,True,2,0,none,signed_dqs_minus_dq_bit__idelay_cntvaluein_skew__lane0__dq5__ctrl_0__dqs_vs_dq_bit__value_ps,signed_dqs_minus_dq_bit,idelay_cntvaluein_skew,lane0,dq5,0,dqs_vs_dq_bit,390,-304,-694,390,304,-86,positive,negative,True,True,False
27,fail_to_pass,baseline-no-lock-seed-27,cntvaluein3-skew-locked-seed27,False,True,2,0,none,signed_dqs_minus_dq_bit__idelay_cntvaluein_skew__lane0__dq5__ctrl_1__dqs_vs_dq_bit__value_ps,signed_dqs_minus_dq_bit,idelay_cntvaluein_skew,lane0,dq5,1,dqs_vs_dq_bit,304,-681,-985,304,681,377,positive,negative,True,False,True
27,fail_to_pass,baseline-no-lock-seed-27,cntvaluein3-skew-locked-seed27,False,True,2,0,none,signed_dqs_minus_dq_bit__idelay_cntvaluein_skew__lane0__dq5__ctrl_2__dqs_vs_dq_bit__value_ps,signed_dqs_minus_dq_bit,idelay_cntvaluein_skew,lane0,dq5,2,dqs_vs_dq_bit,288,664,376,288,664,376,positive,positive,False,False,True
27,fail_to_pass,baseline-no-lock-seed-27,cntvaluein3-skew-locked-seed27,False,True,2,0,none,signed_dqs_minus_dq_bit__idelay_cntvaluein_skew__lane0__dq5__ctrl_3__dqs_vs_dq_bit__value_ps,signed_dqs_minus_dq_bit,idelay_cntvaluein_skew,lane0,dq5,3,dqs_vs_dq_bit,191,-143,-334,191,143,-48,positive,negative,True,True,False
27,fail_to_pass,baseline-no-lock-seed-27,cntvaluein3-skew-locked-seed27,False,True,2,0,none,signed_dqs_minus_dq_bit__idelay_cntvaluein_skew__lane0__dq5__ctrl_4__dqs_vs_dq_bit__value_ps,signed_dqs_minus_dq_bit,idelay_cntvaluein_skew,lane0,dq5,4,dqs_vs_dq_bit,-357,-315,42,357,315,-42,negative,negative,False,True,False
27,fail_to_pass,baseline-no-lock-seed-27,cntvaluein3-skew-locked-seed27,False,True,2,0,none,signed_dqs_minus_dq_bit__idelay_cntvaluein_skew__lane0__dq6__ctrl_0__dqs_vs_dq_bit__value_ps,signed_dqs_minus_dq_bit,idelay_cntvaluein_skew,lane0,dq6,0,dqs_vs_dq_bit,204,-612,-816,204,612,408,positive,negative,True,False,True
27,fail_to_pass,baseline-no-lock-seed-27,cntvaluein3-skew-locked-seed27,False,True,2,0,none,signed_dqs_minus_dq_bit__idelay_cntvaluein_skew__lane0__dq6__ctrl_1__dqs_vs_dq_bit__value_ps,signed_dqs_minus_dq_bit,idelay_cntvaluein_skew,lane0,dq6,1,dqs_vs_dq_bit,82,-665,-747,82,665,583,positive,negative,True,False,True
27,fail_to_pass,baseline-no-lock-seed-27,cntvaluein3-skew-locked-seed27,False,True,2,0,none,signed_dqs_minus_dq_bit__idelay_cntvaluein_skew__lane0__dq6__ctrl_2__dqs_vs_dq_bit__value_ps,signed_dqs_minus_dq_bit,idelay_cntvaluein_skew,lane0,dq6,2,dqs_vs_dq_bit,296,314,18,296,314,18,positive,positive,False,False,True
27,fail_to_pass,baseline-no-lock-seed-27,cntvaluein3-skew-locked-seed27,False,True,2,0,none,signed_dqs_minus_dq_bit__idelay_cntvaluein_skew__lane0__dq6__ctrl_3__dqs_vs_dq_bit__value_ps,signed_dqs_minus_dq_bit,idelay_cntvaluein_skew,lane0,dq6,3,dqs_vs_dq_bit,-60,-203,-143,60,203,143,negative,negative,False,False,True
27,fail_to_pass,baseline-no-lock-seed-27,cntvaluein3-skew-locked-seed27,False,True,2,0,none,signed_dqs_minus_dq_bit__idelay_cntvaluein_skew__lane0__dq6__ctrl_4__dqs_vs_dq_bit__value_ps,signed_dqs_minus_dq_bit,idelay_cntvaluein_skew,lane0,dq6,4,dqs_vs_dq_bit,-223,-272,-49,223,272,49,negative,negative,False,False,True
27,fail_to_pass,baseline-no-lock-seed-27,cntvaluein3-skew-locked-seed27,False,True,2,0,none,signed_dqs_minus_dq_bit__idelay_cntvaluein_skew__lane0__dq7__ctrl_0__dqs_vs_dq_bit__value_ps,signed_dqs_minus_dq_bit,idelay_cntvaluein_skew,lane0,dq7,0,dqs_vs_dq_bit,245,-472,-717,245,472,227,positive,negative,True,False,True
27,fail_to_pass,baseline-no-lock-seed-27,cntvaluein3-skew-locked-seed27,False,True,2,0,none,signed_dqs_minus_dq_bit__idelay_cntvaluein_skew__lane0__dq7__ctrl_1__dqs_vs_dq_bit__value_ps,signed_dqs_minus_dq_bit,idelay_cntvaluein_skew,lane0,dq7,1,dqs_vs_dq_bit,80,-1022,-1102,80,1022,942,positive,negative,True,False,True
27,fail_to_pass,baseline-no-lock-seed-27,cntvaluein3-skew-locked-seed27,False,True,2,0,none,signed_dqs_minus_dq_bit__idelay_cntvaluein_skew__lane0__dq7__ctrl_2__dqs_vs_dq_bit__value_ps,signed_dqs_minus_dq_bit,idelay_cntvaluein_skew,lane0,dq7,2,dqs_vs_dq_bit,148,315,167,148,315,167,positive,positive,False,False,True
27,fail_to_pass,baseline-no-lock-seed-27,cntvaluein3-skew-locked-seed27,False,True,2,0,none,signed_dqs_minus_dq_bit__idelay_cntvaluein_skew__lane0__dq7__ctrl_3__dqs_vs_dq_bit__value_ps,signed_dqs_minus_dq_bit,idelay_cntvaluein_skew,lane0,dq7,3,dqs_vs_dq_bit,-448,-284,164,448,284,-164,negative,negative,False,True,False
27,fail_to_pass,baseline-no-lock-seed-27,cntvaluein3-skew-locked-seed27,False,True,2,0,none,signed_dqs_minus_dq_bit__idelay_cntvaluein_skew__lane0__dq7__ctrl_4__dqs_vs_dq_bit__value_ps,signed_dqs_minus_dq_bit,idelay_cntvaluein_skew,lane0,dq7,4,dqs_vs_dq_bit,-618,-263,355,618,263,-355,negative,negative,False,True,False
27,fail_to_pass,baseline-no-lock-seed-27,cntvaluein3-skew-locked-seed27,False,True,2,0,none,signed_dqs_minus_dq_bit__idelay_cntvaluein_skew__lane1__dq10__ctrl_0__dqs_vs_dq_bit__value_ps,signed_dqs_minus_dq_bit,idelay_cntvaluein_skew,lane1,dq10,0,dqs_vs_dq_bit,-479,-294,185,479,294,-185,negative,negative,False,True,False
27,fail_to_pass,baseline-no-lock-seed-27,cntvaluein3-skew-locked-seed27,False,True,2,0,none,signed_dqs_minus_dq_bit__idelay_cntvaluein_skew__lane1__dq10__ctrl_1__dqs_vs_dq_bit__value_ps,signed_dqs_minus_dq_bit,idelay_cntvaluein_skew,lane1,dq10,1,dqs_vs_dq_bit,-163,-552,-389,163,552,389,negative,negative,False,False,True
27,fail_to_pass,baseline-no-lock-seed-27,cntvaluein3-skew-locked-seed27,False,True,2,0,none,signed_dqs_minus_dq_bit__idelay_cntvaluein_skew__lane1__dq10__ctrl_2__dqs_vs_dq_bit__value_ps,signed_dqs_minus_dq_bit,idelay_cntvaluein_skew,lane1,dq10,2,dqs_vs_dq_bit,-61,403,464,61,403,342,negative,positive,True,False,True
27,fail_to_pass,baseline-no-lock-seed-27,cntvaluein3-skew-locked-seed27,False,True,2,0,none,signed_dqs_minus_dq_bit__idelay_cntvaluein_skew__lane1__dq10__ctrl_3__dqs_vs_dq_bit__value_ps,signed_dqs_minus_dq_bit,idelay_cntvaluein_skew,lane1,dq10,3,dqs_vs_dq_bit,-217,-454,-237,217,454,237,negative,negative,False,False,True
27,fail_to_pass,baseline-no-lock-seed-27,cntvaluein3-skew-locked-seed27,False,True,2,0,none,signed_dqs_minus_dq_bit__idelay_cntvaluein_skew__lane1__dq10__ctrl_4__dqs_vs_dq_bit__value_ps,signed_dqs_minus_dq_bit,idelay_cntvaluein_skew,lane1,dq10,4,dqs_vs_dq_bit,-253,-179,74,253,179,-74,negative,negative,False,True,False
27,fail_to_pass,baseline-no-lock-seed-27,cntvaluein3-skew-locked-seed27,False,True,2,0,none,signed_dqs_minus_dq_bit__idelay_cntvaluein_skew__lane1__dq11__ctrl_0__dqs_vs_dq_bit__value_ps,signed_dqs_minus_dq_bit,idelay_cntvaluein_skew,lane1,dq11,0,dqs_vs_dq_bit,-253,-110,143,253,110,-143,negative,negative,False,True,False
27,fail_to_pass,baseline-no-lock-seed-27,cntvaluein3-skew-locked-seed27,False,True,2,0,none,signed_dqs_minus_dq_bit__idelay_cntvaluein_skew__lane1__dq11__ctrl_1__dqs_vs_dq_bit__value_ps,signed_dqs_minus_dq_bit,idelay_cntvaluein_skew,lane1,dq11,1,dqs_vs_dq_bit,-41,-406,-365,41,406,365,negative,negative,False,False,True
27,fail_to_pass,baseline-no-lock-seed-27,cntvaluein3-skew-locked-seed27,False,True,2,0,none,signed_dqs_minus_dq_bit__idelay_cntvaluein_skew__lane1__dq11__ctrl_2__dqs_vs_dq_bit__value_ps,signed_dqs_minus_dq_bit,idelay_cntvaluein_skew,lane1,dq11,2,dqs_vs_dq_bit,132,461,329,132,461,329,positive,positive,False,False,True
27,fail_to_pass,baseline-no-lock-seed-27,cntvaluein3-skew-locked-seed27,False,True,2,0,none,signed_dqs_minus_dq_bit__idelay_cntvaluein_skew__lane1__dq11__ctrl_3__dqs_vs_dq_bit__value_ps,signed_dqs_minus_dq_bit,idelay_cntvaluein_skew,lane1,dq11,3,dqs_vs_dq_bit,31,-237,-268,31,237,206,positive,negative,True,False,True
27,fail_to_pass,baseline-no-lock-seed-27,cntvaluein3-skew-locked-seed27,False,True,2,0,none,signed_dqs_minus_dq_bit__idelay_cntvaluein_skew__lane1__dq11__ctrl_4__dqs_vs_dq_bit__value_ps,signed_dqs_minus_dq_bit,idelay_cntvaluein_skew,lane1,dq11,4,dqs_vs_dq_bit,-227,-266,-39,227,266,39,negative,negative,False,False,True
27,fail_to_pass,baseline-no-lock-seed-27,cntvaluein3-skew-locked-seed27,False,True,2,0,none,signed_dqs_minus_dq_bit__idelay_cntvaluein_skew__lane1__dq12__ctrl_0__dqs_vs_dq_bit__value_ps,signed_dqs_minus_dq_bit,idelay_cntvaluein_skew,lane1,dq12,0,dqs_vs_dq_bit,-479,-283,196,479,283,-196,negative,negative,False,True,False
27,fail_to_pass,baseline-no-lock-seed-27,cntvaluein3-skew-locked-seed27,False,True,2,0,none,signed_dqs_minus_dq_bit__idelay_cntvaluein_skew__lane1__dq12__ctrl_1__dqs_vs_dq_bit__value_ps,signed_dqs_minus_dq_bit,idelay_cntvaluein_skew,lane1,dq12,1,dqs_vs_dq_bit,-248,-641,-393,248,641,393,negative,negative,False,False,True
27,fail_to_pass,baseline-no-lock-seed-27,cntvaluein3-skew-locked-seed27,False,True,2,0,none,signed_dqs_minus_dq_bit__idelay_cntvaluein_skew__lane1__dq12__ctrl_2__dqs_vs_dq_bit__value_ps,signed_dqs_minus_dq_bit,idelay_cntvaluein_skew,lane1,dq12,2,dqs_vs_dq_bit,-5,414,419,5,414,409,negative,positive,True,False,True
27,fail_to_pass,baseline-no-lock-seed-27,cntvaluein3-skew-locked-seed27,False,True,2,0,none,signed_dqs_minus_dq_bit__idelay_cntvaluein_skew__lane1__dq12__ctrl_3__dqs_vs_dq_bit__value_ps,signed_dqs_minus_dq_bit,idelay_cntvaluein_skew,lane1,dq12,3,dqs_vs_dq_bit,-307,-539,-232,307,539,232,negative,negative,False,False,True
27,fail_to_pass,baseline-no-lock-seed-27,cntvaluein3-skew-locked-seed27,False,True,2,0,none,signed_dqs_minus_dq_bit__idelay_cntvaluein_skew__lane1__dq12__ctrl_4__dqs_vs_dq_bit__value_ps,signed_dqs_minus_dq_bit,idelay_cntvaluein_skew,lane1,dq12,4,dqs_vs_dq_bit,-173,-90,83,173,90,-83,negative,negative,False,True,False
27,fail_to_pass,baseline-no-lock-seed-27,cntvaluein3-skew-locked-seed27,False,True,2,0,none,signed_dqs_minus_dq_bit__idelay_cntvaluein_skew__lane1__dq13__ctrl_0__dqs_vs_dq_bit__value_ps,signed_dqs_minus_dq_bit,idelay_cntvaluein_skew,lane1,dq13,0,dqs_vs_dq_bit,-260,-385,-125,260,385,125,negative,negative,False,False,True
27,fail_to_pass,baseline-no-lock-seed-27,cntvaluein3-skew-locked-seed27,False,True,2,0,none,signed_dqs_minus_dq_bit__idelay_cntvaluein_skew__lane1__dq13__ctrl_1__dqs_vs_dq_bit__value_ps,signed_dqs_minus_dq_bit,idelay_cntvaluein_skew,lane1,dq13,1,dqs_vs_dq_bit,-125,-460,-335,125,460,335,negative,negative,False,False,True
27,fail_to_pass,baseline-no-lock-seed-27,cntvaluein3-skew-locked-seed27,False,True,2,0,none,signed_dqs_minus_dq_bit__idelay_cntvaluein_skew__lane1__dq13__ctrl_2__dqs_vs_dq_bit__value_ps,signed_dqs_minus_dq_bit,idelay_cntvaluein_skew,lane1,dq13,2,dqs_vs_dq_bit,219,377,158,219,377,158,positive,positive,False,False,True
27,fail_to_pass,baseline-no-lock-seed-27,cntvaluein3-skew-locked-seed27,False,True,2,0,none,signed_dqs_minus_dq_bit__idelay_cntvaluein_skew__lane1__dq13__ctrl_3__dqs_vs_dq_bit__value_ps,signed_dqs_minus_dq_bit,idelay_cntvaluein_skew,lane1,dq13,3,dqs_vs_dq_bit,117,-319,-436,117,319,202,positive,negative,True,False,True
27,fail_to_pass,baseline-no-lock-seed-27,cntvaluein3-skew-locked-seed27,False,True,2,0,none,signed_dqs_minus_dq_bit__idelay_cntvaluein_skew__lane1__dq13__ctrl_4__dqs_vs_dq_bit__value_ps,signed_dqs_minus_dq_bit,idelay_cntvaluein_skew,lane1,dq13,4,dqs_vs_dq_bit,-311,-355,-44,311,355,44,negative,negative,False,False,True
27,fail_to_pass,baseline-no-lock-seed-27,cntvaluein3-skew-locked-seed27,False,True,2,0,none,signed_dqs_minus_dq_bit__idelay_cntvaluein_skew__lane1__dq14__ctrl_0__dqs_vs_dq_bit__value_ps,signed_dqs_minus_dq_bit,idelay_cntvaluein_skew,lane1,dq14,0,dqs_vs_dq_bit,-474,-202,272,474,202,-272,negative,negative,False,True,False
27,fail_to_pass,baseline-no-lock-seed-27,cntvaluein3-skew-locked-seed27,False,True,2,0,none,signed_dqs_minus_dq_bit__idelay_cntvaluein_skew__lane1__dq14__ctrl_1__dqs_vs_dq_bit__value_ps,signed_dqs_minus_dq_bit,idelay_cntvaluein_skew,lane1,dq14,1,dqs_vs_dq_bit,-339,-733,-394,339,733,394,negative,negative,False,False,True
27,fail_to_pass,baseline-no-lock-seed-27,cntvaluein3-skew-locked-seed27,False,True,2,0,none,signed_dqs_minus_dq_bit__idelay_cntvaluein_skew__lane1__dq14__ctrl_2__dqs_vs_dq_bit__value_ps,signed_dqs_minus_dq_bit,idelay_cntvaluein_skew,lane1,dq14,2,dqs_vs_dq_bit,-90,414,504,90,414,324,negative,positive,True,False,True
27,fail_to_pass,baseline-no-lock-seed-27,cntvaluein3-skew-locked-seed27,False,True,2,0,none,signed_dqs_minus_dq_bit__idelay_cntvaluein_skew__lane1__dq14__ctrl_3__dqs_vs_dq_bit__value_ps,signed_dqs_minus_dq_bit,idelay_cntvaluein_skew,lane1,dq14,3,dqs_vs_dq_bit,-400,-629,-229,400,629,229,negative,negative,False,False,True
27,fail_to_pass,baseline-no-lock-seed-27,cntvaluein3-skew-locked-seed27,False,True,2,0,none,signed_dqs_minus_dq_bit__idelay_cntvaluein_skew__lane1__dq14__ctrl_4__dqs_vs_dq_bit__value_ps,signed_dqs_minus_dq_bit,idelay_cntvaluein_skew,lane1,dq14,4,dqs_vs_dq_bit,-319,-179,140,319,179,-140,negative,negative,False,True,False
27,fail_to_pass,baseline-no-lock-seed-27,cntvaluein3-skew-locked-seed27,False,True,2,0,none,signed_dqs_minus_dq_bit__idelay_cntvaluein_skew__lane1__dq15__ctrl_0__dqs_vs_dq_bit__value_ps,signed_dqs_minus_dq_bit,idelay_cntvaluein_skew,lane1,dq15,0,dqs_vs_dq_bit,-181,28,209,181,28,-153,negative,positive,True,True,False
27,fail_to_pass,baseline-no-lock-seed-27,cntvaluein3-skew-locked-seed27,False,True,2,0,none,signed_dqs_minus_dq_bit__idelay_cntvaluein_skew__lane1__dq15__ctrl_1__dqs_vs_dq_bit__value_ps,signed_dqs_minus_dq_bit,idelay_cntvaluein_skew,lane1,dq15,1,dqs_vs_dq_bit,97,-187,-284,97,187,90,positive,negative,True,False,True
27,fail_to_pass,baseline-no-lock-seed-27,cntvaluein3-skew-locked-seed27,False,True,2,0,none,signed_dqs_minus_dq_bit__idelay_cntvaluein_skew__lane1__dq15__ctrl_2__dqs_vs_dq_bit__value_ps,signed_dqs_minus_dq_bit,idelay_cntvaluein_skew,lane1,dq15,2,dqs_vs_dq_bit,265,554,289,265,554,289,positive,positive,False,False,True
27,fail_to_pass,baseline-no-lock-seed-27,cntvaluein3-skew-locked-seed27,False,True,2,0,none,signed_dqs_minus_dq_bit__idelay_cntvaluein_skew__lane1__dq15__ctrl_3__dqs_vs_dq_bit__value_ps,signed_dqs_minus_dq_bit,idelay_cntvaluein_skew,lane1,dq15,3,dqs_vs_dq_bit,273,-11,-284,273,11,-262,positive,negative,True,True,False
27,fail_to_pass,baseline-no-lock-seed-27,cntvaluein3-skew-locked-seed27,False,True,2,0,none,signed_dqs_minus_dq_bit__idelay_cntvaluein_skew__lane1__dq15__ctrl_4__dqs_vs_dq_bit__value_ps,signed_dqs_minus_dq_bit,idelay_cntvaluein_skew,lane1,dq15,4,dqs_vs_dq_bit,59,-409,-468,59,409,350,positive,negative,True,False,True
27,fail_to_pass,baseline-no-lock-seed-27,cntvaluein3-skew-locked-seed27,False,True,2,0,none,signed_dqs_minus_dq_bit__idelay_cntvaluein_skew__lane1__dq8__ctrl_0__dqs_vs_dq_bit__value_ps,signed_dqs_minus_dq_bit,idelay_cntvaluein_skew,lane1,dq8,0,dqs_vs_dq_bit,-561,-261,300,561,261,-300,negative,negative,False,True,False
27,fail_to_pass,baseline-no-lock-seed-27,cntvaluein3-skew-locked-seed27,False,True,2,0,none,signed_dqs_minus_dq_bit__idelay_cntvaluein_skew__lane1__dq8__ctrl_1__dqs_vs_dq_bit__value_ps,signed_dqs_minus_dq_bit,idelay_cntvaluein_skew,lane1,dq8,1,dqs_vs_dq_bit,-429,-825,-396,429,825,396,negative,negative,False,False,True
27,fail_to_pass,baseline-no-lock-seed-27,cntvaluein3-skew-locked-seed27,False,True,2,0,none,signed_dqs_minus_dq_bit__idelay_cntvaluein_skew__lane1__dq8__ctrl_2__dqs_vs_dq_bit__value_ps,signed_dqs_minus_dq_bit,idelay_cntvaluein_skew,lane1,dq8,2,dqs_vs_dq_bit,-171,467,638,171,467,296,negative,positive,True,False,True
27,fail_to_pass,baseline-no-lock-seed-27,cntvaluein3-skew-locked-seed27,False,True,2,0,none,signed_dqs_minus_dq_bit__idelay_cntvaluein_skew__lane1__dq8__ctrl_3__dqs_vs_dq_bit__value_ps,signed_dqs_minus_dq_bit,idelay_cntvaluein_skew,lane1,dq8,3,dqs_vs_dq_bit,-491,-720,-229,491,720,229,negative,negative,False,False,True
27,fail_to_pass,baseline-no-lock-seed-27,cntvaluein3-skew-locked-seed27,False,True,2,0,none,signed_dqs_minus_dq_bit__idelay_cntvaluein_skew__lane1__dq8__ctrl_4__dqs_vs_dq_bit__value_ps,signed_dqs_minus_dq_bit,idelay_cntvaluein_skew,lane1,dq8,4,dqs_vs_dq_bit,-308,-179,129,308,179,-129,negative,negative,False,True,False
27,fail_to_pass,baseline-no-lock-seed-27,cntvaluein3-skew-locked-seed27,False,True,2,0,none,signed_dqs_minus_dq_bit__idelay_cntvaluein_skew__lane1__dq9__ctrl_0__dqs_vs_dq_bit__value_ps,signed_dqs_minus_dq_bit,idelay_cntvaluein_skew,lane1,dq9,0,dqs_vs_dq_bit,-184,-204,-20,184,204,20,negative,negative,False,False,True
27,fail_to_pass,baseline-no-lock-seed-27,cntvaluein3-skew-locked-seed27,False,True,2,0,none,signed_dqs_minus_dq_bit__idelay_cntvaluein_skew__lane1__dq9__ctrl_1__dqs_vs_dq_bit__value_ps,signed_dqs_minus_dq_bit,idelay_cntvaluein_skew,lane1,dq9,1,dqs_vs_dq_bit,82,-225,-307,82,225,143,positive,negative,True,False,True
27,fail_to_pass,baseline-no-lock-seed-27,cntvaluein3-skew-locked-seed27,False,True,2,0,none,signed_dqs_minus_dq_bit__idelay_cntvaluein_skew__lane1__dq9__ctrl_2__dqs_vs_dq_bit__value_ps,signed_dqs_minus_dq_bit,idelay_cntvaluein_skew,lane1,dq9,2,dqs_vs_dq_bit,173,469,296,173,469,296,positive,positive,False,False,True
27,fail_to_pass,baseline-no-lock-seed-27,cntvaluein3-skew-locked-seed27,False,True,2,0,none,signed_dqs_minus_dq_bit__idelay_cntvaluein_skew__lane1__dq9__ctrl_3__dqs_vs_dq_bit__value_ps,signed_dqs_minus_dq_bit,idelay_cntvaluein_skew,lane1,dq9,3,dqs_vs_dq_bit,273,-192,-465,273,192,-81,positive,negative,True,True,False
27,fail_to_pass,baseline-no-lock-seed-27,cntvaluein3-skew-locked-seed27,False,True,2,0,none,signed_dqs_minus_dq_bit__idelay_cntvaluein_skew__lane1__dq9__ctrl_4__dqs_vs_dq_bit__value_ps,signed_dqs_minus_dq_bit,idelay_cntvaluein_skew,lane1,dq9,4,dqs_vs_dq_bit,-30,-498,-468,30,498,468,negative,negative,False,False,True
27,fail_to_pass,baseline-no-lock-seed-27,cntvaluein3-skew-locked-seed27,False,True,2,0,none,signed_dqs_minus_dq_median__idelay_cntvaluein_skew__lane0__dqs0__ctrl_0__dqs_vs_dq_lane__value_ps,signed_dqs_minus_dq_median,idelay_cntvaluein_skew,lane0,dqs0,0,dqs_vs_dq_lane,224.5,-503.5,-728,224.5,503.5,279,positive,negative,True,False,True
27,fail_to_pass,baseline-no-lock-seed-27,cntvaluein3-skew-locked-seed27,False,True,2,0,none,signed_dqs_minus_dq_median__idelay_cntvaluein_skew__lane0__dqs0__ctrl_1__dqs_vs_dq_lane__value_ps,signed_dqs_minus_dq_median,idelay_cntvaluein_skew,lane0,dqs0,1,dqs_vs_dq_lane,83.5,-795.5,-879,83.5,795.5,712,positive,negative,True,False,True
27,fail_to_pass,baseline-no-lock-seed-27,cntvaluein3-skew-locked-seed27,False,True,2,0,none,signed_dqs_minus_dq_median__idelay_cntvaluein_skew__lane0__dqs0__ctrl_2__dqs_vs_dq_lane__value_ps,signed_dqs_minus_dq_median,idelay_cntvaluein_skew,lane0,dqs0,2,dqs_vs_dq_lane,148,407.5,259.5,148,407.5,259.5,positive,positive,False,False,True
27,fail_to_pass,baseline-no-lock-seed-27,cntvaluein3-skew-locked-seed27,False,True,2,0,none,signed_dqs_minus_dq_median__idelay_cntvaluein_skew__lane0__dqs0__ctrl_3__dqs_vs_dq_lane__value_ps,signed_dqs_minus_dq_median,idelay_cntvaluein_skew,lane0,dqs0,3,dqs_vs_dq_lane,-122.5,-289.5,-167,122.5,289.5,167,negative,negative,False,False,True
27,fail_to_pass,baseline-no-lock-seed-27,cntvaluein3-skew-locked-seed27,False,True,2,0,none,signed_dqs_minus_dq_median__idelay_cntvaluein_skew__lane0__dqs0__ctrl_4__dqs_vs_dq_lane__value_ps,signed_dqs_minus_dq_median,idelay_cntvaluein_skew,lane0,dqs0,4,dqs_vs_dq_lane,-421,-203,218,421,203,-218,negative,negative,False,True,False
27,fail_to_pass,baseline-no-lock-seed-27,cntvaluein3-skew-locked-seed27,False,True,2,0,none,signed_dqs_minus_dq_median__idelay_cntvaluein_skew__lane1__dqs1__ctrl_0__dqs_vs_dq_lane__value_ps,signed_dqs_minus_dq_median,idelay_cntvaluein_skew,lane1,dqs1,0,dqs_vs_dq_lane,-367,-232.5,134.5,367,232.5,-134.5,negative,negative,False,True,False
27,fail_to_pass,baseline-no-lock-seed-27,cntvaluein3-skew-locked-seed27,False,True,2,0,none,signed_dqs_minus_dq_median__idelay_cntvaluein_skew__lane1__dqs1__ctrl_1__dqs_vs_dq_lane__value_ps,signed_dqs_minus_dq_median,idelay_cntvaluein_skew,lane1,dqs1,1,dqs_vs_dq_lane,-144,-506,-362,144,506,362,negative,negative,False,False,True
27,fail_to_pass,baseline-no-lock-seed-27,cntvaluein3-skew-locked-seed27,False,True,2,0,none,signed_dqs_minus_dq_median__idelay_cntvaluein_skew__lane1__dqs1__ctrl_2__dqs_vs_dq_lane__value_ps,signed_dqs_minus_dq_median,idelay_cntvaluein_skew,lane1,dqs1,2,dqs_vs_dq_lane,63.5,437.5,374,63.5,437.5,374,positive,positive,False,False,True
27,fail_to_pass,baseline-no-lock-seed-27,cntvaluein3-skew-locked-seed27,False,True,2,0,none,signed_dqs_minus_dq_median__idelay_cntvaluein_skew__lane1__dqs1__ctrl_3__dqs_vs_dq_lane__value_ps,signed_dqs_minus_dq_median,idelay_cntvaluein_skew,lane1,dqs1,3,dqs_vs_dq_lane,-93,-386.5,-293.5,93,386.5,293.5,negative,negative,False,False,True
27,fail_to_pass,baseline-no-lock-seed-27,cntvaluein3-skew-locked-seed27,False,True,2,0,none,signed_dqs_minus_dq_median__idelay_cntvaluein_skew__lane1__dqs1__ctrl_4__dqs_vs_dq_lane__value_ps,signed_dqs_minus_dq_median,idelay_cntvaluein_skew,lane1,dqs1,4,dqs_vs_dq_lane,-240,-222.5,17.5,240,222.5,-17.5,negative,negative,False,True,False
27,fail_to_pass,baseline-no-lock-seed-27,cntvaluein3-skew-locked-seed27,False,True,2,0,none,signed_lane1_minus_lane0_dq_median__idelay_cntvaluein_skew__all__no_bit__ctrl_0__lane1_vs_lane0_dq__value_ps,signed_lane1_minus_lane0_dq_median,idelay_cntvaluein_skew,all,,0,lane1_vs_lane0_dq,-203.5,-368,-164.5,203.5,368,164.5,negative,negative,False,False,True
27,fail_to_pass,baseline-no-lock-seed-27,cntvaluein3-skew-locked-seed27,False,True,2,0,none,signed_lane1_minus_lane0_dq_median__idelay_cntvaluein_skew__all__no_bit__ctrl_1__lane1_vs_lane0_dq__value_ps,signed_lane1_minus_lane0_dq_median,idelay_cntvaluein_skew,all,,1,lane1_vs_lane0_dq,-186.5,-361.5,-175,186.5,361.5,175,negative,negative,False,False,True
27,fail_to_pass,baseline-no-lock-seed-27,cntvaluein3-skew-locked-seed27,False,True,2,0,none,signed_lane1_minus_lane0_dq_median__idelay_cntvaluein_skew__all__no_bit__ctrl_2__lane1_vs_lane0_dq__value_ps,signed_lane1_minus_lane0_dq_median,idelay_cntvaluein_skew,all,,2,lane1_vs_lane0_dq,-270.5,-329,-58.5,270.5,329,58.5,negative,negative,False,False,True
27,fail_to_pass,baseline-no-lock-seed-27,cntvaluein3-skew-locked-seed27,False,True,2,0,none,signed_lane1_minus_lane0_dq_median__idelay_cntvaluein_skew__all__no_bit__ctrl_3__lane1_vs_lane0_dq__value_ps,signed_lane1_minus_lane0_dq_median,idelay_cntvaluein_skew,all,,3,lane1_vs_lane0_dq,-422.5,-220,202.5,422.5,220,-202.5,negative,negative,False,True,False
27,fail_to_pass,baseline-no-lock-seed-27,cntvaluein3-skew-locked-seed27,False,True,2,0,none,signed_lane1_minus_lane0_dq_median__idelay_cntvaluein_skew__all__no_bit__ctrl_4__lane1_vs_lane0_dq__value_ps,signed_lane1_minus_lane0_dq_median,idelay_cntvaluein_skew,all,,4,lane1_vs_lane0_dq,-359,-345.5,13.5,359,345.5,-13.5,negative,negative,False,True,False
27,fail_to_pass,baseline-no-lock-seed-27,cntvaluein3-skew-locked-seed27,False,True,2,0,none,signed_lane1_minus_lane0_dqs__idelay_cntvaluein_skew__all__no_bit__ctrl_0__lane1_vs_lane0_dqs__value_ps,signed_lane1_minus_lane0_dqs,idelay_cntvaluein_skew,all,,0,lane1_vs_lane0_dqs,-795,-97,698,795,97,-698,negative,negative,False,True,False
27,fail_to_pass,baseline-no-lock-seed-27,cntvaluein3-skew-locked-seed27,False,True,2,0,none,signed_lane1_minus_lane0_dqs__idelay_cntvaluein_skew__all__no_bit__ctrl_1__lane1_vs_lane0_dqs__value_ps,signed_lane1_minus_lane0_dqs,idelay_cntvaluein_skew,all,,1,lane1_vs_lane0_dqs,-414,-72,342,414,72,-342,negative,negative,False,True,False
27,fail_to_pass,baseline-no-lock-seed-27,cntvaluein3-skew-locked-seed27,False,True,2,0,none,signed_lane1_minus_lane0_dqs__idelay_cntvaluein_skew__all__no_bit__ctrl_2__lane1_vs_lane0_dqs__value_ps,signed_lane1_minus_lane0_dqs,idelay_cntvaluein_skew,all,,2,lane1_vs_lane0_dqs,-355,-299,56,355,299,-56,negative,negative,False,True,False
27,fail_to_pass,baseline-no-lock-seed-27,cntvaluein3-skew-locked-seed27,False,True,2,0,none,signed_lane1_minus_lane0_dqs__idelay_cntvaluein_skew__all__no_bit__ctrl_3__lane1_vs_lane0_dqs__value_ps,signed_lane1_minus_lane0_dqs,idelay_cntvaluein_skew,all,,3,lane1_vs_lane0_dqs,-393,-317,76,393,317,-76,negative,negative,False,True,False
27,fail_to_pass,baseline-no-lock-seed-27,cntvaluein3-skew-locked-seed27,False,True,2,0,none,signed_lane1_minus_lane0_dqs__idelay_cntvaluein_skew__all__no_bit__ctrl_4__lane1_vs_lane0_dqs__value_ps,signed_lane1_minus_lane0_dqs,idelay_cntvaluein_skew,all,,4,lane1_vs_lane0_dqs,-178,-365,-187,178,365,187,negative,negative,False,False,True
27,fail_to_pass,baseline-no-lock-seed-27,cntvaluein3-skew-locked-seed27,False,True,2,0,none,signed_ld_dqs_minus_dq_median__idelay_ld_skew__lane0__dqs0__ctrl_none__dqs_vs_dq_lane__value_ps,signed_ld_dqs_minus_dq_median,idelay_ld_skew,lane0,dqs0,,dqs_vs_dq_lane,-156,-220,-64,156,220,64,negative,negative,False,False,True
27,fail_to_pass,baseline-no-lock-seed-27,cntvaluein3-skew-locked-seed27,False,True,2,0,none,signed_ld_dqs_minus_dq_median__idelay_ld_skew__lane1__dqs1__ctrl_none__dqs_vs_dq_lane__value_ps,signed_ld_dqs_minus_dq_median,idelay_ld_skew,lane1,dqs1,,dqs_vs_dq_lane,-171.5,60,231.5,171.5,60,-111.5,negative,positive,True,True,False
27,fail_to_pass,baseline-no-lock-seed-27,cntvaluein3-skew-locked-seed27,False,True,2,0,none,signed_ld_minus_cntvaluein_dq_median__idelay_ld_cntvaluein_skew__lane0__no_bit__ctrl_0__ld_vs_cntvaluein_dq_lane__value_ps,signed_ld_minus_cntvaluein_dq_median,idelay_ld_cntvaluein_skew,lane0,,0,ld_vs_cntvaluein_dq_lane,-452.5,-393.5,59,452.5,393.5,-59,negative,negative,False,True,False
27,fail_to_pass,baseline-no-lock-seed-27,cntvaluein3-skew-locked-seed27,False,True,2,0,none,signed_ld_minus_cntvaluein_dq_median__idelay_ld_cntvaluein_skew__lane0__no_bit__ctrl_1__ld_vs_cntvaluein_dq_lane__value_ps,signed_ld_minus_cntvaluein_dq_median,idelay_ld_cntvaluein_skew,lane0,,1,ld_vs_cntvaluein_dq_lane,-214.5,-685.5,-471,214.5,685.5,471,negative,negative,False,False,True
27,fail_to_pass,baseline-no-lock-seed-27,cntvaluein3-skew-locked-seed27,False,True,2,0,none,signed_ld_minus_cntvaluein_dq_median__idelay_ld_cntvaluein_skew__lane0__no_bit__ctrl_2__ld_vs_cntvaluein_dq_lane__value_ps,signed_ld_minus_cntvaluein_dq_median,idelay_ld_cntvaluein_skew,lane0,,2,ld_vs_cntvaluein_dq_lane,-502,24.5,526.5,502,24.5,-477.5,negative,positive,True,True,False
27,fail_to_pass,baseline-no-lock-seed-27,cntvaluein3-skew-locked-seed27,False,True,2,0,none,signed_ld_minus_cntvaluein_dq_median__idelay_ld_cntvaluein_skew__lane0__no_bit__ctrl_3__ld_vs_cntvaluein_dq_lane__value_ps,signed_ld_minus_cntvaluein_dq_median,idelay_ld_cntvaluein_skew,lane0,,3,ld_vs_cntvaluein_dq_lane,-644.5,-598.5,46,644.5,598.5,-46,negative,negative,False,True,False
27,fail_to_pass,baseline-no-lock-seed-27,cntvaluein3-skew-locked-seed27,False,True,2,0,none,signed_ld_minus_cntvaluein_dq_median__idelay_ld_cntvaluein_skew__lane0__no_bit__ctrl_4__ld_vs_cntvaluein_dq_lane__value_ps,signed_ld_minus_cntvaluein_dq_median,idelay_ld_cntvaluein_skew,lane0,,4,ld_vs_cntvaluein_dq_lane,-463,-389,74,463,389,-74,negative,negative,False,True,False
27,fail_to_pass,baseline-no-lock-seed-27,cntvaluein3-skew-locked-seed27,False,True,2,0,none,signed_ld_minus_cntvaluein_dq_median__idelay_ld_cntvaluein_skew__lane1__no_bit__ctrl_0__ld_vs_cntvaluein_dq_lane__value_ps,signed_ld_minus_cntvaluein_dq_median,idelay_ld_cntvaluein_skew,lane1,,0,ld_vs_cntvaluein_dq_lane,-381.5,-37.5,344,381.5,37.5,-344,negative,negative,False,True,False
27,fail_to_pass,baseline-no-lock-seed-27,cntvaluein3-skew-locked-seed27,False,True,2,0,none,signed_ld_minus_cntvaluein_dq_median__idelay_ld_cntvaluein_skew__lane1__no_bit__ctrl_1__ld_vs_cntvaluein_dq_lane__value_ps,signed_ld_minus_cntvaluein_dq_median,idelay_ld_cntvaluein_skew,lane1,,1,ld_vs_cntvaluein_dq_lane,-160.5,-336,-175.5,160.5,336,175.5,negative,negative,False,False,True
27,fail_to_pass,baseline-no-lock-seed-27,cntvaluein3-skew-locked-seed27,False,True,2,0,none,signed_ld_minus_cntvaluein_dq_median__idelay_ld_cntvaluein_skew__lane1__no_bit__ctrl_2__ld_vs_cntvaluein_dq_lane__value_ps,signed_ld_minus_cntvaluein_dq_median,idelay_ld_cntvaluein_skew,lane1,,2,ld_vs_cntvaluein_dq_lane,-364,341.5,705.5,364,341.5,-22.5,negative,positive,True,True,False
27,fail_to_pass,baseline-no-lock-seed-27,cntvaluein3-skew-locked-seed27,False,True,2,0,none,signed_ld_minus_cntvaluein_dq_median__idelay_ld_cntvaluein_skew__lane1__no_bit__ctrl_3__ld_vs_cntvaluein_dq_lane__value_ps,signed_ld_minus_cntvaluein_dq_median,idelay_ld_cntvaluein_skew,lane1,,3,ld_vs_cntvaluein_dq_lane,-354.5,-390.5,-36,354.5,390.5,36,negative,negative,False,False,True
27,fail_to_pass,baseline-no-lock-seed-27,cntvaluein3-skew-locked-seed27,False,True,2,0,none,signed_ld_minus_cntvaluein_dq_median__idelay_ld_cntvaluein_skew__lane1__no_bit__ctrl_4__ld_vs_cntvaluein_dq_lane__value_ps,signed_ld_minus_cntvaluein_dq_median,idelay_ld_cntvaluein_skew,lane1,,4,ld_vs_cntvaluein_dq_lane,-236.5,-55.5,181,236.5,55.5,-181,negative,negative,False,True,False
27,fail_to_pass,baseline-no-lock-seed-27,cntvaluein3-skew-locked-seed27,False,True,2,0,none,signed_ld_minus_cntvaluein_dqs__idelay_ld_cntvaluein_skew__lane0__dqs0__ctrl_0__ld_vs_cntvaluein_dqs__value_ps,signed_ld_minus_cntvaluein_dqs,idelay_ld_cntvaluein_skew,lane0,dqs0,0,ld_vs_cntvaluein_dqs,-833,-110,723,833,110,-723,negative,negative,False,True,False
27,fail_to_pass,baseline-no-lock-seed-27,cntvaluein3-skew-locked-seed27,False,True,2,0,none,signed_ld_minus_cntvaluein_dqs__idelay_ld_cntvaluein_skew__lane0__dqs0__ctrl_1__ld_vs_cntvaluein_dqs__value_ps,signed_ld_minus_cntvaluein_dqs,idelay_ld_cntvaluein_skew,lane0,dqs0,1,ld_vs_cntvaluein_dqs,-454,-110,344,454,110,-344,negative,negative,False,True,False
27,fail_to_pass,baseline-no-lock-seed-27,cntvaluein3-skew-locked-seed27,False,True,2,0,none,signed_ld_minus_cntvaluein_dqs__idelay_ld_cntvaluein_skew__lane0__dqs0__ctrl_2__ld_vs_cntvaluein_dqs__value_ps,signed_ld_minus_cntvaluein_dqs,idelay_ld_cntvaluein_skew,lane0,dqs0,2,ld_vs_cntvaluein_dqs,-806,-603,203,806,603,-203,negative,negative,False,True,False
27,fail_to_pass,baseline-no-lock-seed-27,cntvaluein3-skew-locked-seed27,False,True,2,0,none,signed_ld_minus_cntvaluein_dqs__idelay_ld_cntvaluein_skew__lane0__dqs0__ctrl_3__ld_vs_cntvaluein_dqs__value_ps,signed_ld_minus_cntvaluein_dqs,idelay_ld_cntvaluein_skew,lane0,dqs0,3,ld_vs_cntvaluein_dqs,-678,-529,149,678,529,-149,negative,negative,False,True,False
27,fail_to_pass,baseline-no-lock-seed-27,cntvaluein3-skew-locked-seed27,False,True,2,0,none,signed_ld_minus_cntvaluein_dqs__idelay_ld_cntvaluein_skew__lane0__dqs0__ctrl_4__ld_vs_cntvaluein_dqs__value_ps,signed_ld_minus_cntvaluein_dqs,idelay_ld_cntvaluein_skew,lane0,dqs0,4,ld_vs_cntvaluein_dqs,-198,-406,-208,198,406,208,negative,negative,False,False,True
27,fail_to_pass,baseline-no-lock-seed-27,cntvaluein3-skew-locked-seed27,False,True,2,0,none,signed_ld_minus_cntvaluein_dqs__idelay_ld_cntvaluein_skew__lane1__dqs1__ctrl_0__ld_vs_cntvaluein_dqs__value_ps,signed_ld_minus_cntvaluein_dqs,idelay_ld_cntvaluein_skew,lane1,dqs1,0,ld_vs_cntvaluein_dqs,-186,255,441,186,255,69,negative,positive,True,False,True
27,fail_to_pass,baseline-no-lock-seed-27,cntvaluein3-skew-locked-seed27,False,True,2,0,none,signed_ld_minus_cntvaluein_dqs__idelay_ld_cntvaluein_skew__lane1__dqs1__ctrl_1__ld_vs_cntvaluein_dqs__value_ps,signed_ld_minus_cntvaluein_dqs,idelay_ld_cntvaluein_skew,lane1,dqs1,1,ld_vs_cntvaluein_dqs,-188,230,418,188,230,42,negative,positive,True,False,True
27,fail_to_pass,baseline-no-lock-seed-27,cntvaluein3-skew-locked-seed27,False,True,2,0,none,signed_ld_minus_cntvaluein_dqs__idelay_ld_cntvaluein_skew__lane1__dqs1__ctrl_2__ld_vs_cntvaluein_dqs__value_ps,signed_ld_minus_cntvaluein_dqs,idelay_ld_cntvaluein_skew,lane1,dqs1,2,ld_vs_cntvaluein_dqs,-599,-36,563,599,36,-563,negative,negative,False,True,False
27,fail_to_pass,baseline-no-lock-seed-27,cntvaluein3-skew-locked-seed27,False,True,2,0,none,signed_ld_minus_cntvaluein_dqs__idelay_ld_cntvaluein_skew__lane1__dqs1__ctrl_3__ld_vs_cntvaluein_dqs__value_ps,signed_ld_minus_cntvaluein_dqs,idelay_ld_cntvaluein_skew,lane1,dqs1,3,ld_vs_cntvaluein_dqs,-433,56,489,433,56,-377,negative,positive,True,True,False
27,fail_to_pass,baseline-no-lock-seed-27,cntvaluein3-skew-locked-seed27,False,True,2,0,none,signed_ld_minus_cntvaluein_dqs__idelay_ld_cntvaluein_skew__lane1__dqs1__ctrl_4__ld_vs_cntvaluein_dqs__value_ps,signed_ld_minus_cntvaluein_dqs,idelay_ld_cntvaluein_skew,lane1,dqs1,4,ld_vs_cntvaluein_dqs,-168,227,395,168,227,59,negative,positive,True,False,True
28,pass_to_fail,baseline-no-lock-seed-28,cntvaluein3-skew-locked-seed28-long-poll,True,False,0,2,check_starting_data_search_exhausted,signed_dqs_bus_skew_minus_dq_median__idelay_cntvaluein_skew__lane0__dqs0__ctrl_none__dqs_vs_dq_bus_skew__value_ps,signed_dqs_bus_skew_minus_dq_median,idelay_cntvaluein_skew,lane0,dqs0,,dqs_vs_dq_bus_skew,-135,197.5,332.5,135,197.5,62.5,negative,positive,True,False,True
28,pass_to_fail,baseline-no-lock-seed-28,cntvaluein3-skew-locked-seed28-long-poll,True,False,0,2,check_starting_data_search_exhausted,signed_dqs_bus_skew_minus_dq_median__idelay_cntvaluein_skew__lane1__dqs1__ctrl_none__dqs_vs_dq_bus_skew__value_ps,signed_dqs_bus_skew_minus_dq_median,idelay_cntvaluein_skew,lane1,dqs1,,dqs_vs_dq_bus_skew,123,-153.5,-276.5,123,153.5,30.5,positive,negative,True,False,True
28,pass_to_fail,baseline-no-lock-seed-28,cntvaluein3-skew-locked-seed28-long-poll,True,False,0,2,check_starting_data_search_exhausted,signed_dqs_minus_dq_bit__idelay_cntvaluein_skew__lane0__dq0__ctrl_0__dqs_vs_dq_bit__value_ps,signed_dqs_minus_dq_bit,idelay_cntvaluein_skew,lane0,dq0,0,dqs_vs_dq_bit,-530,316,846,530,316,-214,negative,positive,True,True,False
28,pass_to_fail,baseline-no-lock-seed-28,cntvaluein3-skew-locked-seed28-long-poll,True,False,0,2,check_starting_data_search_exhausted,signed_dqs_minus_dq_bit__idelay_cntvaluein_skew__lane0__dq0__ctrl_1__dqs_vs_dq_bit__value_ps,signed_dqs_minus_dq_bit,idelay_cntvaluein_skew,lane0,dq0,1,dqs_vs_dq_bit,-411,798,1209,411,798,387,negative,positive,True,False,True
28,pass_to_fail,baseline-no-lock-seed-28,cntvaluein3-skew-locked-seed28-long-poll,True,False,0,2,check_starting_data_search_exhausted,signed_dqs_minus_dq_bit__idelay_cntvaluein_skew__lane0__dq0__ctrl_2__dqs_vs_dq_bit__value_ps,signed_dqs_minus_dq_bit,idelay_cntvaluein_skew,lane0,dq0,2,dqs_vs_dq_bit,-728,551,1279,728,551,-177,negative,positive,True,True,False
28,pass_to_fail,baseline-no-lock-seed-28,cntvaluein3-skew-locked-seed28-long-poll,True,False,0,2,check_starting_data_search_exhausted,signed_dqs_minus_dq_bit__idelay_cntvaluein_skew__lane0__dq0__ctrl_3__dqs_vs_dq_bit__value_ps,signed_dqs_minus_dq_bit,idelay_cntvaluein_skew,lane0,dq0,3,dqs_vs_dq_bit,-25,927,952,25,927,902,negative,positive,True,False,True
28,pass_to_fail,baseline-no-lock-seed-28,cntvaluein3-skew-locked-seed28-long-poll,True,False,0,2,check_starting_data_search_exhausted,signed_dqs_minus_dq_bit__idelay_cntvaluein_skew__lane0__dq0__ctrl_4__dqs_vs_dq_bit__value_ps,signed_dqs_minus_dq_bit,idelay_cntvaluein_skew,lane0,dq0,4,dqs_vs_dq_bit,336,662,326,336,662,326,positive,positive,False,False,True
28,pass_to_fail,baseline-no-lock-seed-28,cntvaluein3-skew-locked-seed28-long-poll,True,False,0,2,check_starting_data_search_exhausted,signed_dqs_minus_dq_bit__idelay_cntvaluein_skew__lane0__dq1__ctrl_0__dqs_vs_dq_bit__value_ps,signed_dqs_minus_dq_bit,idelay_cntvaluein_skew,lane0,dq1,0,dqs_vs_dq_bit,-449,229,678,449,229,-220,negative,positive,True,True,False
28,pass_to_fail,baseline-no-lock-seed-28,cntvaluein3-skew-locked-seed28-long-poll,True,False,0,2,check_starting_data_search_exhausted,signed_dqs_minus_dq_bit__idelay_cntvaluein_skew__lane0__dq1__ctrl_1__dqs_vs_dq_bit__value_ps,signed_dqs_minus_dq_bit,idelay_cntvaluein_skew,lane0,dq1,1,dqs_vs_dq_bit,-330,885,1215,330,885,555,negative,positive,True,False,True
28,pass_to_fail,baseline-no-lock-seed-28,cntvaluein3-skew-locked-seed28-long-poll,True,False,0,2,check_starting_data_search_exhausted,signed_dqs_minus_dq_bit__idelay_cntvaluein_skew__lane0__dq1__ctrl_2__dqs_vs_dq_bit__value_ps,signed_dqs_minus_dq_bit,idelay_cntvaluein_skew,lane0,dq1,2,dqs_vs_dq_bit,-863,500,1363,863,500,-363,negative,positive,True,True,False
28,pass_to_fail,baseline-no-lock-seed-28,cntvaluein3-skew-locked-seed28-long-poll,True,False,0,2,check_starting_data_search_exhausted,signed_dqs_minus_dq_bit__idelay_cntvaluein_skew__lane0__dq1__ctrl_3__dqs_vs_dq_bit__value_ps,signed_dqs_minus_dq_bit,idelay_cntvaluein_skew,lane0,dq1,3,dqs_vs_dq_bit,-162,1008,1170,162,1008,846,negative,positive,True,False,True
28,pass_to_fail,baseline-no-lock-seed-28,cntvaluein3-skew-locked-seed28-long-poll,True,False,0,2,check_starting_data_search_exhausted,signed_dqs_minus_dq_bit__idelay_cntvaluein_skew__lane0__dq1__ctrl_4__dqs_vs_dq_bit__value_ps,signed_dqs_minus_dq_bit,idelay_cntvaluein_skew,lane0,dq1,4,dqs_vs_dq_bit,388,647,259,388,647,259,positive,positive,False,False,True
28,pass_to_fail,baseline-no-lock-seed-28,cntvaluein3-skew-locked-seed28-long-poll,True,False,0,2,check_starting_data_search_exhausted,signed_dqs_minus_dq_bit__idelay_cntvaluein_skew__lane0__dq2__ctrl_0__dqs_vs_dq_bit__value_ps,signed_dqs_minus_dq_bit,idelay_cntvaluein_skew,lane0,dq2,0,dqs_vs_dq_bit,-357,133,490,357,133,-224,negative,positive,True,True,False
28,pass_to_fail,baseline-no-lock-seed-28,cntvaluein3-skew-locked-seed28-long-poll,True,False,0,2,check_starting_data_search_exhausted,signed_dqs_minus_dq_bit__idelay_cntvaluein_skew__lane0__dq2__ctrl_1__dqs_vs_dq_bit__value_ps,signed_dqs_minus_dq_bit,idelay_cntvaluein_skew,lane0,dq2,1,dqs_vs_dq_bit,-459,993,1452,459,993,534,negative,positive,True,False,True
28,pass_to_fail,baseline-no-lock-seed-28,cntvaluein3-skew-locked-seed28-long-poll,True,False,0,2,check_starting_data_search_exhausted,signed_dqs_minus_dq_bit__idelay_cntvaluein_skew__lane0__dq2__ctrl_2__dqs_vs_dq_bit__value_ps,signed_dqs_minus_dq_bit,idelay_cntvaluein_skew,lane0,dq2,2,dqs_vs_dq_bit,-688,753,1441,688,753,65,negative,positive,True,False,True
28,pass_to_fail,baseline-no-lock-seed-28,cntvaluein3-skew-locked-seed28-long-poll,True,False,0,2,check_starting_data_search_exhausted,signed_dqs_minus_dq_bit__idelay_cntvaluein_skew__lane0__dq2__ctrl_3__dqs_vs_dq_bit__value_ps,signed_dqs_minus_dq_bit,idelay_cntvaluein_skew,lane0,dq2,3,dqs_vs_dq_bit,-188,838,1026,188,838,650,negative,positive,True,False,True
28,pass_to_fail,baseline-no-lock-seed-28,cntvaluein3-skew-locked-seed28-long-poll,True,False,0,2,check_starting_data_search_exhausted,signed_dqs_minus_dq_bit__idelay_cntvaluein_skew__lane0__dq2__ctrl_4__dqs_vs_dq_bit__value_ps,signed_dqs_minus_dq_bit,idelay_cntvaluein_skew,lane0,dq2,4,dqs_vs_dq_bit,217,652,435,217,652,435,positive,positive,False,False,True
28,pass_to_fail,baseline-no-lock-seed-28,cntvaluein3-skew-locked-seed28-long-poll,True,False,0,2,check_starting_data_search_exhausted,signed_dqs_minus_dq_bit__idelay_cntvaluein_skew__lane0__dq3__ctrl_0__dqs_vs_dq_bit__value_ps,signed_dqs_minus_dq_bit,idelay_cntvaluein_skew,lane0,dq3,0,dqs_vs_dq_bit,-298,538,836,298,538,240,negative,positive,True,False,True
28,pass_to_fail,baseline-no-lock-seed-28,cntvaluein3-skew-locked-seed28-long-poll,True,False,0,2,check_starting_data_search_exhausted,signed_dqs_minus_dq_bit__idelay_cntvaluein_skew__lane0__dq3__ctrl_1__dqs_vs_dq_bit__value_ps,signed_dqs_minus_dq_bit,idelay_cntvaluein_skew,lane0,dq3,1,dqs_vs_dq_bit,-187,1382,1569,187,1382,1195,negative,positive,True,False,True
28,pass_to_fail,baseline-no-lock-seed-28,cntvaluein3-skew-locked-seed28-long-poll,True,False,0,2,check_starting_data_search_exhausted,signed_dqs_minus_dq_bit__idelay_cntvaluein_skew__lane0__dq3__ctrl_2__dqs_vs_dq_bit__value_ps,signed_dqs_minus_dq_bit,idelay_cntvaluein_skew,lane0,dq3,2,dqs_vs_dq_bit,-478,628,1106,478,628,150,negative,positive,True,False,True
28,pass_to_fail,baseline-no-lock-seed-28,cntvaluein3-skew-locked-seed28-long-poll,True,False,0,2,check_starting_data_search_exhausted,signed_dqs_minus_dq_bit__idelay_cntvaluein_skew__lane0__dq3__ctrl_3__dqs_vs_dq_bit__value_ps,signed_dqs_minus_dq_bit,idelay_cntvaluein_skew,lane0,dq3,3,dqs_vs_dq_bit,-48,1006,1054,48,1006,958,negative,positive,True,False,True
28,pass_to_fail,baseline-no-lock-seed-28,cntvaluein3-skew-locked-seed28-long-poll,True,False,0,2,check_starting_data_search_exhausted,signed_dqs_minus_dq_bit__idelay_cntvaluein_skew__lane0__dq3__ctrl_4__dqs_vs_dq_bit__value_ps,signed_dqs_minus_dq_bit,idelay_cntvaluein_skew,lane0,dq3,4,dqs_vs_dq_bit,214,599,385,214,599,385,positive,positive,False,False,True
28,pass_to_fail,baseline-no-lock-seed-28,cntvaluein3-skew-locked-seed28-long-poll,True,False,0,2,check_starting_data_search_exhausted,signed_dqs_minus_dq_bit__idelay_cntvaluein_skew__lane0__dq4__ctrl_0__dqs_vs_dq_bit__value_ps,signed_dqs_minus_dq_bit,idelay_cntvaluein_skew,lane0,dq4,0,dqs_vs_dq_bit,-444,140,584,444,140,-304,negative,positive,True,True,False
28,pass_to_fail,baseline-no-lock-seed-28,cntvaluein3-skew-locked-seed28-long-poll,True,False,0,2,check_starting_data_search_exhausted,signed_dqs_minus_dq_bit__idelay_cntvaluein_skew__lane0__dq4__ctrl_1__dqs_vs_dq_bit__value_ps,signed_dqs_minus_dq_bit,idelay_cntvaluein_skew,lane0,dq4,1,dqs_vs_dq_bit,-403,965,1368,403,965,562,negative,positive,True,False,True
28,pass_to_fail,baseline-no-lock-seed-28,cntvaluein3-skew-locked-seed28-long-poll,True,False,0,2,check_starting_data_search_exhausted,signed_dqs_minus_dq_bit__idelay_cntvaluein_skew__lane0__dq4__ctrl_2__dqs_vs_dq_bit__value_ps,signed_dqs_minus_dq_bit,idelay_cntvaluein_skew,lane0,dq4,2,dqs_vs_dq_bit,-774,416,1190,774,416,-358,negative,positive,True,True,False
28,pass_to_fail,baseline-no-lock-seed-28,cntvaluein3-skew-locked-seed28-long-poll,True,False,0,2,check_starting_data_search_exhausted,signed_dqs_minus_dq_bit__idelay_cntvaluein_skew__lane0__dq4__ctrl_3__dqs_vs_dq_bit__value_ps,signed_dqs_minus_dq_bit,idelay_cntvaluein_skew,lane0,dq4,3,dqs_vs_dq_bit,-140,924,1064,140,924,784,negative,positive,True,False,True
28,pass_to_fail,baseline-no-lock-seed-28,cntvaluein3-skew-locked-seed28-long-poll,True,False,0,2,check_starting_data_search_exhausted,signed_dqs_minus_dq_bit__idelay_cntvaluein_skew__lane0__dq4__ctrl_4__dqs_vs_dq_bit__value_ps,signed_dqs_minus_dq_bit,idelay_cntvaluein_skew,lane0,dq4,4,dqs_vs_dq_bit,303,736,433,303,736,433,positive,positive,False,False,True
28,pass_to_fail,baseline-no-lock-seed-28,cntvaluein3-skew-locked-seed28-long-poll,True,False,0,2,check_starting_data_search_exhausted,signed_dqs_minus_dq_bit__idelay_cntvaluein_skew__lane0__dq5__ctrl_0__dqs_vs_dq_bit__value_ps,signed_dqs_minus_dq_bit,idelay_cntvaluein_skew,lane0,dq5,0,dqs_vs_dq_bit,-217,449,666,217,449,232,negative,positive,True,False,True
28,pass_to_fail,baseline-no-lock-seed-28,cntvaluein3-skew-locked-seed28-long-poll,True,False,0,2,check_starting_data_search_exhausted,signed_dqs_minus_dq_bit__idelay_cntvaluein_skew__lane0__dq5__ctrl_1__dqs_vs_dq_bit__value_ps,signed_dqs_minus_dq_bit,idelay_cntvaluein_skew,lane0,dq5,1,dqs_vs_dq_bit,-319,1298,1617,319,1298,979,negative,positive,True,False,True
28,pass_to_fail,baseline-no-lock-seed-28,cntvaluein3-skew-locked-seed28-long-poll,True,False,0,2,check_starting_data_search_exhausted,signed_dqs_minus_dq_bit__idelay_cntvaluein_skew__lane0__dq5__ctrl_2__dqs_vs_dq_bit__value_ps,signed_dqs_minus_dq_bit,idelay_cntvaluein_skew,lane0,dq5,2,dqs_vs_dq_bit,-391,536,927,391,536,145,negative,positive,True,False,True
28,pass_to_fail,baseline-no-lock-seed-28,cntvaluein3-skew-locked-seed28-long-poll,True,False,0,2,check_starting_data_search_exhausted,signed_dqs_minus_dq_bit__idelay_cntvaluein_skew__lane0__dq5__ctrl_3__dqs_vs_dq_bit__value_ps,signed_dqs_minus_dq_bit,idelay_cntvaluein_skew,lane0,dq5,3,dqs_vs_dq_bit,-212,922,1134,212,922,710,negative,positive,True,False,True
28,pass_to_fail,baseline-no-lock-seed-28,cntvaluein3-skew-locked-seed28-long-poll,True,False,0,2,check_starting_data_search_exhausted,signed_dqs_minus_dq_bit__idelay_cntvaluein_skew__lane0__dq5__ctrl_4__dqs_vs_dq_bit__value_ps,signed_dqs_minus_dq_bit,idelay_cntvaluein_skew,lane0,dq5,4,dqs_vs_dq_bit,270,512,242,270,512,242,positive,positive,False,False,True
28,pass_to_fail,baseline-no-lock-seed-28,cntvaluein3-skew-locked-seed28-long-poll,True,False,0,2,check_starting_data_search_exhausted,signed_dqs_minus_dq_bit__idelay_cntvaluein_skew__lane0__dq6__ctrl_0__dqs_vs_dq_bit__value_ps,signed_dqs_minus_dq_bit,idelay_cntvaluein_skew,lane0,dq6,0,dqs_vs_dq_bit,-472,38,510,472,38,-434,negative,positive,True,True,False
28,pass_to_fail,baseline-no-lock-seed-28,cntvaluein3-skew-locked-seed28-long-poll,True,False,0,2,check_starting_data_search_exhausted,signed_dqs_minus_dq_bit__idelay_cntvaluein_skew__lane0__dq6__ctrl_1__dqs_vs_dq_bit__value_ps,signed_dqs_minus_dq_bit,idelay_cntvaluein_skew,lane0,dq6,1,dqs_vs_dq_bit,-366,1036,1402,366,1036,670,negative,positive,True,False,True
28,pass_to_fail,baseline-no-lock-seed-28,cntvaluein3-skew-locked-seed28-long-poll,True,False,0,2,check_starting_data_search_exhausted,signed_dqs_minus_dq_bit__idelay_cntvaluein_skew__lane0__dq6__ctrl_2__dqs_vs_dq_bit__value_ps,signed_dqs_minus_dq_bit,idelay_cntvaluein_skew,lane0,dq6,2,dqs_vs_dq_bit,-735,569,1304,735,569,-166,negative,positive,True,True,False
28,pass_to_fail,baseline-no-lock-seed-28,cntvaluein3-skew-locked-seed28-long-poll,True,False,0,2,check_starting_data_search_exhausted,signed_dqs_minus_dq_bit__idelay_cntvaluein_skew__lane0__dq6__ctrl_3__dqs_vs_dq_bit__value_ps,signed_dqs_minus_dq_bit,idelay_cntvaluein_skew,lane0,dq6,3,dqs_vs_dq_bit,-281,746,1027,281,746,465,negative,positive,True,False,True
28,pass_to_fail,baseline-no-lock-seed-28,cntvaluein3-skew-locked-seed28-long-poll,True,False,0,2,check_starting_data_search_exhausted,signed_dqs_minus_dq_bit__idelay_cntvaluein_skew__lane0__dq6__ctrl_4__dqs_vs_dq_bit__value_ps,signed_dqs_minus_dq_bit,idelay_cntvaluein_skew,lane0,dq6,4,dqs_vs_dq_bit,125,556,431,125,556,431,positive,positive,False,False,True
28,pass_to_fail,baseline-no-lock-seed-28,cntvaluein3-skew-locked-seed28-long-poll,True,False,0,2,check_starting_data_search_exhausted,signed_dqs_minus_dq_bit__idelay_cntvaluein_skew__lane0__dq7__ctrl_0__dqs_vs_dq_bit__value_ps,signed_dqs_minus_dq_bit,idelay_cntvaluein_skew,lane0,dq7,0,dqs_vs_dq_bit,-558,46,604,558,46,-512,negative,positive,True,True,False
28,pass_to_fail,baseline-no-lock-seed-28,cntvaluein3-skew-locked-seed28-long-poll,True,False,0,2,check_starting_data_search_exhausted,signed_dqs_minus_dq_bit__idelay_cntvaluein_skew__lane0__dq7__ctrl_1__dqs_vs_dq_bit__value_ps,signed_dqs_minus_dq_bit,idelay_cntvaluein_skew,lane0,dq7,1,dqs_vs_dq_bit,-455,1048,1503,455,1048,593,negative,positive,True,False,True
28,pass_to_fail,baseline-no-lock-seed-28,cntvaluein3-skew-locked-seed28-long-poll,True,False,0,2,check_starting_data_search_exhausted,signed_dqs_minus_dq_bit__idelay_cntvaluein_skew__lane0__dq7__ctrl_2__dqs_vs_dq_bit__value_ps,signed_dqs_minus_dq_bit,idelay_cntvaluein_skew,lane0,dq7,2,dqs_vs_dq_bit,-778,668,1446,778,668,-110,negative,positive,True,True,False
28,pass_to_fail,baseline-no-lock-seed-28,cntvaluein3-skew-locked-seed28-long-poll,True,False,0,2,check_starting_data_search_exhausted,signed_dqs_minus_dq_bit__idelay_cntvaluein_skew__lane0__dq7__ctrl_3__dqs_vs_dq_bit__value_ps,signed_dqs_minus_dq_bit,idelay_cntvaluein_skew,lane0,dq7,3,dqs_vs_dq_bit,-280,830,1110,280,830,550,negative,positive,True,False,True
28,pass_to_fail,baseline-no-lock-seed-28,cntvaluein3-skew-locked-seed28-long-poll,True,False,0,2,check_starting_data_search_exhausted,signed_dqs_minus_dq_bit__idelay_cntvaluein_skew__lane0__dq7__ctrl_4__dqs_vs_dq_bit__value_ps,signed_dqs_minus_dq_bit,idelay_cntvaluein_skew,lane0,dq7,4,dqs_vs_dq_bit,72,563,491,72,563,491,positive,positive,False,False,True
28,pass_to_fail,baseline-no-lock-seed-28,cntvaluein3-skew-locked-seed28-long-poll,True,False,0,2,check_starting_data_search_exhausted,signed_dqs_minus_dq_bit__idelay_cntvaluein_skew__lane1__dq10__ctrl_0__dqs_vs_dq_bit__value_ps,signed_dqs_minus_dq_bit,idelay_cntvaluein_skew,lane1,dq10,0,dqs_vs_dq_bit,-527,461,988,527,461,-66,negative,positive,True,True,False
28,pass_to_fail,baseline-no-lock-seed-28,cntvaluein3-skew-locked-seed28-long-poll,True,False,0,2,check_starting_data_search_exhausted,signed_dqs_minus_dq_bit__idelay_cntvaluein_skew__lane1__dq10__ctrl_1__dqs_vs_dq_bit__value_ps,signed_dqs_minus_dq_bit,idelay_cntvaluein_skew,lane1,dq10,1,dqs_vs_dq_bit,-397,1031,1428,397,1031,634,negative,positive,True,False,True
28,pass_to_fail,baseline-no-lock-seed-28,cntvaluein3-skew-locked-seed28-long-poll,True,False,0,2,check_starting_data_search_exhausted,signed_dqs_minus_dq_bit__idelay_cntvaluein_skew__lane1__dq10__ctrl_2__dqs_vs_dq_bit__value_ps,signed_dqs_minus_dq_bit,idelay_cntvaluein_skew,lane1,dq10,2,dqs_vs_dq_bit,-503,308,811,503,308,-195,negative,positive,True,True,False
28,pass_to_fail,baseline-no-lock-seed-28,cntvaluein3-skew-locked-seed28-long-poll,True,False,0,2,check_starting_data_search_exhausted,signed_dqs_minus_dq_bit__idelay_cntvaluein_skew__lane1__dq10__ctrl_3__dqs_vs_dq_bit__value_ps,signed_dqs_minus_dq_bit,idelay_cntvaluein_skew,lane1,dq10,3,dqs_vs_dq_bit,-194,711,905,194,711,517,negative,positive,True,False,True
28,pass_to_fail,baseline-no-lock-seed-28,cntvaluein3-skew-locked-seed28-long-poll,True,False,0,2,check_starting_data_search_exhausted,signed_dqs_minus_dq_bit__idelay_cntvaluein_skew__lane1__dq10__ctrl_4__dqs_vs_dq_bit__value_ps,signed_dqs_minus_dq_bit,idelay_cntvaluein_skew,lane1,dq10,4,dqs_vs_dq_bit,201,434,233,201,434,233,positive,positive,False,False,True
28,pass_to_fail,baseline-no-lock-seed-28,cntvaluein3-skew-locked-seed28-long-poll,True,False,0,2,check_starting_data_search_exhausted,signed_dqs_minus_dq_bit__idelay_cntvaluein_skew__lane1__dq11__ctrl_0__dqs_vs_dq_bit__value_ps,signed_dqs_minus_dq_bit,idelay_cntvaluein_skew,lane1,dq11,0,dqs_vs_dq_bit,-430,644,1074,430,644,214,negative,positive,True,False,True
28,pass_to_fail,baseline-no-lock-seed-28,cntvaluein3-skew-locked-seed28-long-poll,True,False,0,2,check_starting_data_search_exhausted,signed_dqs_minus_dq_bit__idelay_cntvaluein_skew__lane1__dq11__ctrl_1__dqs_vs_dq_bit__value_ps,signed_dqs_minus_dq_bit,idelay_cntvaluein_skew,lane1,dq11,1,dqs_vs_dq_bit,-294,1216,1510,294,1216,922,negative,positive,True,False,True
28,pass_to_fail,baseline-no-lock-seed-28,cntvaluein3-skew-locked-seed28-long-poll,True,False,0,2,check_starting_data_search_exhausted,signed_dqs_minus_dq_bit__idelay_cntvaluein_skew__lane1__dq11__ctrl_2__dqs_vs_dq_bit__value_ps,signed_dqs_minus_dq_bit,idelay_cntvaluein_skew,lane1,dq11,2,dqs_vs_dq_bit,-373,699,1072,373,699,326,negative,positive,True,False,True
28,pass_to_fail,baseline-no-lock-seed-28,cntvaluein3-skew-locked-seed28-long-poll,True,False,0,2,check_starting_data_search_exhausted,signed_dqs_minus_dq_bit__idelay_cntvaluein_skew__lane1__dq11__ctrl_3__dqs_vs_dq_bit__value_ps,signed_dqs_minus_dq_bit,idelay_cntvaluein_skew,lane1,dq11,3,dqs_vs_dq_bit,-89,653,742,89,653,564,negative,positive,True,False,True
28,pass_to_fail,baseline-no-lock-seed-28,cntvaluein3-skew-locked-seed28-long-poll,True,False,0,2,check_starting_data_search_exhausted,signed_dqs_minus_dq_bit__idelay_cntvaluein_skew__lane1__dq11__ctrl_4__dqs_vs_dq_bit__value_ps,signed_dqs_minus_dq_bit,idelay_cntvaluein_skew,lane1,dq11,4,dqs_vs_dq_bit,10,649,639,10,649,639,positive,positive,False,False,True
28,pass_to_fail,baseline-no-lock-seed-28,cntvaluein3-skew-locked-seed28-long-poll,True,False,0,2,check_starting_data_search_exhausted,signed_dqs_minus_dq_bit__idelay_cntvaluein_skew__lane1__dq12__ctrl_0__dqs_vs_dq_bit__value_ps,signed_dqs_minus_dq_bit,idelay_cntvaluein_skew,lane1,dq12,0,dqs_vs_dq_bit,-446,472,918,446,472,26,negative,positive,True,False,True
28,pass_to_fail,baseline-no-lock-seed-28,cntvaluein3-skew-locked-seed28-long-poll,True,False,0,2,check_starting_data_search_exhausted,signed_dqs_minus_dq_bit__idelay_cntvaluein_skew__lane1__dq12__ctrl_1__dqs_vs_dq_bit__value_ps,signed_dqs_minus_dq_bit,idelay_cntvaluein_skew,lane1,dq12,1,dqs_vs_dq_bit,-310,1050,1360,310,1050,740,negative,positive,True,False,True
28,pass_to_fail,baseline-no-lock-seed-28,cntvaluein3-skew-locked-seed28-long-poll,True,False,0,2,check_starting_data_search_exhausted,signed_dqs_minus_dq_bit__idelay_cntvaluein_skew__lane1__dq12__ctrl_2__dqs_vs_dq_bit__value_ps,signed_dqs_minus_dq_bit,idelay_cntvaluein_skew,lane1,dq12,2,dqs_vs_dq_bit,-477,364,841,477,364,-113,negative,positive,True,True,False
28,pass_to_fail,baseline-no-lock-seed-28,cntvaluein3-skew-locked-seed28-long-poll,True,False,0,2,check_starting_data_search_exhausted,signed_dqs_minus_dq_bit__idelay_cntvaluein_skew__lane1__dq12__ctrl_3__dqs_vs_dq_bit__value_ps,signed_dqs_minus_dq_bit,idelay_cntvaluein_skew,lane1,dq12,3,dqs_vs_dq_bit,-201,622,823,201,622,421,negative,positive,True,False,True
28,pass_to_fail,baseline-no-lock-seed-28,cntvaluein3-skew-locked-seed28-long-poll,True,False,0,2,check_starting_data_search_exhausted,signed_dqs_minus_dq_bit__idelay_cntvaluein_skew__lane1__dq12__ctrl_4__dqs_vs_dq_bit__value_ps,signed_dqs_minus_dq_bit,idelay_cntvaluein_skew,lane1,dq12,4,dqs_vs_dq_bit,-18,345,363,18,345,327,negative,positive,True,False,True
28,pass_to_fail,baseline-no-lock-seed-28,cntvaluein3-skew-locked-seed28-long-poll,True,False,0,2,check_starting_data_search_exhausted,signed_dqs_minus_dq_bit__idelay_cntvaluein_skew__lane1__dq13__ctrl_0__dqs_vs_dq_bit__value_ps,signed_dqs_minus_dq_bit,idelay_cntvaluein_skew,lane1,dq13,0,dqs_vs_dq_bit,-438,656,1094,438,656,218,negative,positive,True,False,True
28,pass_to_fail,baseline-no-lock-seed-28,cntvaluein3-skew-locked-seed28-long-poll,True,False,0,2,check_starting_data_search_exhausted,signed_dqs_minus_dq_bit__idelay_cntvaluein_skew__lane1__dq13__ctrl_1__dqs_vs_dq_bit__value_ps,signed_dqs_minus_dq_bit,idelay_cntvaluein_skew,lane1,dq13,1,dqs_vs_dq_bit,-376,1138,1514,376,1138,762,negative,positive,True,False,True
28,pass_to_fail,baseline-no-lock-seed-28,cntvaluein3-skew-locked-seed28-long-poll,True,False,0,2,check_starting_data_search_exhausted,signed_dqs_minus_dq_bit__idelay_cntvaluein_skew__lane1__dq13__ctrl_2__dqs_vs_dq_bit__value_ps,signed_dqs_minus_dq_bit,idelay_cntvaluein_skew,lane1,dq13,2,dqs_vs_dq_bit,-293,708,1001,293,708,415,negative,positive,True,False,True
28,pass_to_fail,baseline-no-lock-seed-28,cntvaluein3-skew-locked-seed28-long-poll,True,False,0,2,check_starting_data_search_exhausted,signed_dqs_minus_dq_bit__idelay_cntvaluein_skew__lane1__dq13__ctrl_3__dqs_vs_dq_bit__value_ps,signed_dqs_minus_dq_bit,idelay_cntvaluein_skew,lane1,dq13,3,dqs_vs_dq_bit,-8,568,576,8,568,560,negative,positive,True,False,True
28,pass_to_fail,baseline-no-lock-seed-28,cntvaluein3-skew-locked-seed28-long-poll,True,False,0,2,check_starting_data_search_exhausted,signed_dqs_minus_dq_bit__idelay_cntvaluein_skew__lane1__dq13__ctrl_4__dqs_vs_dq_bit__value_ps,signed_dqs_minus_dq_bit,idelay_cntvaluein_skew,lane1,dq13,4,dqs_vs_dq_bit,-77,561,638,77,561,484,negative,positive,True,False,True
28,pass_to_fail,baseline-no-lock-seed-28,cntvaluein3-skew-locked-seed28-long-poll,True,False,0,2,check_starting_data_search_exhausted,signed_dqs_minus_dq_bit__idelay_cntvaluein_skew__lane1__dq14__ctrl_0__dqs_vs_dq_bit__value_ps,signed_dqs_minus_dq_bit,idelay_cntvaluein_skew,lane1,dq14,0,dqs_vs_dq_bit,-522,552,1074,522,552,30,negative,positive,True,False,True
28,pass_to_fail,baseline-no-lock-seed-28,cntvaluein3-skew-locked-seed28-long-poll,True,False,0,2,check_starting_data_search_exhausted,signed_dqs_minus_dq_bit__idelay_cntvaluein_skew__lane1__dq14__ctrl_1__dqs_vs_dq_bit__value_ps,signed_dqs_minus_dq_bit,idelay_cntvaluein_skew,lane1,dq14,1,dqs_vs_dq_bit,-305,1123,1428,305,1123,818,negative,positive,True,False,True
28,pass_to_fail,baseline-no-lock-seed-28,cntvaluein3-skew-locked-seed28-long-poll,True,False,0,2,check_starting_data_search_exhausted,signed_dqs_minus_dq_bit__idelay_cntvaluein_skew__lane1__dq14__ctrl_2__dqs_vs_dq_bit__value_ps,signed_dqs_minus_dq_bit,idelay_cntvaluein_skew,lane1,dq14,2,dqs_vs_dq_bit,-454,272,726,454,272,-182,negative,positive,True,True,False
28,pass_to_fail,baseline-no-lock-seed-28,cntvaluein3-skew-locked-seed28-long-poll,True,False,0,2,check_starting_data_search_exhausted,signed_dqs_minus_dq_bit__idelay_cntvaluein_skew__lane1__dq14__ctrl_3__dqs_vs_dq_bit__value_ps,signed_dqs_minus_dq_bit,idelay_cntvaluein_skew,lane1,dq14,3,dqs_vs_dq_bit,-179,538,717,179,538,359,negative,positive,True,False,True
28,pass_to_fail,baseline-no-lock-seed-28,cntvaluein3-skew-locked-seed28-long-poll,True,False,0,2,check_starting_data_search_exhausted,signed_dqs_minus_dq_bit__idelay_cntvaluein_skew__lane1__dq14__ctrl_4__dqs_vs_dq_bit__value_ps,signed_dqs_minus_dq_bit,idelay_cntvaluein_skew,lane1,dq14,4,dqs_vs_dq_bit,105,258,153,105,258,153,positive,positive,False,False,True
28,pass_to_fail,baseline-no-lock-seed-28,cntvaluein3-skew-locked-seed28-long-poll,True,False,0,2,check_starting_data_search_exhausted,signed_dqs_minus_dq_bit__idelay_cntvaluein_skew__lane1__dq15__ctrl_0__dqs_vs_dq_bit__value_ps,signed_dqs_minus_dq_bit,idelay_cntvaluein_skew,lane1,dq15,0,dqs_vs_dq_bit,-387,884,1271,387,884,497,negative,positive,True,False,True
28,pass_to_fail,baseline-no-lock-seed-28,cntvaluein3-skew-locked-seed28-long-poll,True,False,0,2,check_starting_data_search_exhausted,signed_dqs_minus_dq_bit__idelay_cntvaluein_skew__lane1__dq15__ctrl_1__dqs_vs_dq_bit__value_ps,signed_dqs_minus_dq_bit,idelay_cntvaluein_skew,lane1,dq15,1,dqs_vs_dq_bit,-164,1440,1604,164,1440,1276,negative,positive,True,False,True
28,pass_to_fail,baseline-no-lock-seed-28,cntvaluein3-skew-locked-seed28-long-poll,True,False,0,2,check_starting_data_search_exhausted,signed_dqs_minus_dq_bit__idelay_cntvaluein_skew__lane1__dq15__ctrl_2__dqs_vs_dq_bit__value_ps,signed_dqs_minus_dq_bit,idelay_cntvaluein_skew,lane1,dq15,2,dqs_vs_dq_bit,-67,823,890,67,823,756,negative,positive,True,False,True
28,pass_to_fail,baseline-no-lock-seed-28,cntvaluein3-skew-locked-seed28-long-poll,True,False,0,2,check_starting_data_search_exhausted,signed_dqs_minus_dq_bit__idelay_cntvaluein_skew__lane1__dq15__ctrl_3__dqs_vs_dq_bit__value_ps,signed_dqs_minus_dq_bit,idelay_cntvaluein_skew,lane1,dq15,3,dqs_vs_dq_bit,204,716,512,204,716,512,positive,positive,False,False,True
28,pass_to_fail,baseline-no-lock-seed-28,cntvaluein3-skew-locked-seed28-long-poll,True,False,0,2,check_starting_data_search_exhausted,signed_dqs_minus_dq_bit__idelay_cntvaluein_skew__lane1__dq15__ctrl_4__dqs_vs_dq_bit__value_ps,signed_dqs_minus_dq_bit,idelay_cntvaluein_skew,lane1,dq15,4,dqs_vs_dq_bit,388,350,-38,388,350,-38,positive,positive,False,True,False
28,pass_to_fail,baseline-no-lock-seed-28,cntvaluein3-skew-locked-seed28-long-poll,True,False,0,2,check_starting_data_search_exhausted,signed_dqs_minus_dq_bit__idelay_cntvaluein_skew__lane1__dq8__ctrl_0__dqs_vs_dq_bit__value_ps,signed_dqs_minus_dq_bit,idelay_cntvaluein_skew,lane1,dq8,0,dqs_vs_dq_bit,-606,622,1228,606,622,16,negative,positive,True,False,True
28,pass_to_fail,baseline-no-lock-seed-28,cntvaluein3-skew-locked-seed28-long-poll,True,False,0,2,check_starting_data_search_exhausted,signed_dqs_minus_dq_bit__idelay_cntvaluein_skew__lane1__dq8__ctrl_1__dqs_vs_dq_bit__value_ps,signed_dqs_minus_dq_bit,idelay_cntvaluein_skew,lane1,dq8,1,dqs_vs_dq_bit,-381,1134,1515,381,1134,753,negative,positive,True,False,True
28,pass_to_fail,baseline-no-lock-seed-28,cntvaluein3-skew-locked-seed28-long-poll,True,False,0,2,check_starting_data_search_exhausted,signed_dqs_minus_dq_bit__idelay_cntvaluein_skew__lane1__dq8__ctrl_2__dqs_vs_dq_bit__value_ps,signed_dqs_minus_dq_bit,idelay_cntvaluein_skew,lane1,dq8,2,dqs_vs_dq_bit,-385,181,566,385,181,-204,negative,positive,True,True,False
28,pass_to_fail,baseline-no-lock-seed-28,cntvaluein3-skew-locked-seed28-long-poll,True,False,0,2,check_starting_data_search_exhausted,signed_dqs_minus_dq_bit__idelay_cntvaluein_skew__lane1__dq8__ctrl_3__dqs_vs_dq_bit__value_ps,signed_dqs_minus_dq_bit,idelay_cntvaluein_skew,lane1,dq8,3,dqs_vs_dq_bit,-227,530,757,227,530,303,negative,positive,True,False,True
28,pass_to_fail,baseline-no-lock-seed-28,cntvaluein3-skew-locked-seed28-long-poll,True,False,0,2,check_starting_data_search_exhausted,signed_dqs_minus_dq_bit__idelay_cntvaluein_skew__lane1__dq8__ctrl_4__dqs_vs_dq_bit__value_ps,signed_dqs_minus_dq_bit,idelay_cntvaluein_skew,lane1,dq8,4,dqs_vs_dq_bit,18,169,151,18,169,151,positive,positive,False,False,True
28,pass_to_fail,baseline-no-lock-seed-28,cntvaluein3-skew-locked-seed28-long-poll,True,False,0,2,check_starting_data_search_exhausted,signed_dqs_minus_dq_bit__idelay_cntvaluein_skew__lane1__dq9__ctrl_0__dqs_vs_dq_bit__value_ps,signed_dqs_minus_dq_bit,idelay_cntvaluein_skew,lane1,dq9,0,dqs_vs_dq_bit,-471,801,1272,471,801,330,negative,positive,True,False,True
28,pass_to_fail,baseline-no-lock-seed-28,cntvaluein3-skew-locked-seed28-long-poll,True,False,0,2,check_starting_data_search_exhausted,signed_dqs_minus_dq_bit__idelay_cntvaluein_skew__lane1__dq9__ctrl_1__dqs_vs_dq_bit__value_ps,signed_dqs_minus_dq_bit,idelay_cntvaluein_skew,lane1,dq9,1,dqs_vs_dq_bit,-254,1350,1604,254,1350,1096,negative,positive,True,False,True
28,pass_to_fail,baseline-no-lock-seed-28,cntvaluein3-skew-locked-seed28-long-poll,True,False,0,2,check_starting_data_search_exhausted,signed_dqs_minus_dq_bit__idelay_cntvaluein_skew__lane1__dq9__ctrl_2__dqs_vs_dq_bit__value_ps,signed_dqs_minus_dq_bit,idelay_cntvaluein_skew,lane1,dq9,2,dqs_vs_dq_bit,20,801,781,20,801,781,positive,positive,False,False,True
28,pass_to_fail,baseline-no-lock-seed-28,cntvaluein3-skew-locked-seed28-long-poll,True,False,0,2,check_starting_data_search_exhausted,signed_dqs_minus_dq_bit__idelay_cntvaluein_skew__lane1__dq9__ctrl_3__dqs_vs_dq_bit__value_ps,signed_dqs_minus_dq_bit,idelay_cntvaluein_skew,lane1,dq9,3,dqs_vs_dq_bit,204,630,426,204,630,426,positive,positive,False,False,True
28,pass_to_fail,baseline-no-lock-seed-28,cntvaluein3-skew-locked-seed28-long-poll,True,False,0,2,check_starting_data_search_exhausted,signed_dqs_minus_dq_bit__idelay_cntvaluein_skew__lane1__dq9__ctrl_4__dqs_vs_dq_bit__value_ps,signed_dqs_minus_dq_bit,idelay_cntvaluein_skew,lane1,dq9,4,dqs_vs_dq_bit,300,263,-37,300,263,-37,positive,positive,False,True,False
28,pass_to_fail,baseline-no-lock-seed-28,cntvaluein3-skew-locked-seed28-long-poll,True,False,0,2,check_starting_data_search_exhausted,signed_dqs_minus_dq_median__idelay_cntvaluein_skew__lane0__dqs0__ctrl_0__dqs_vs_dq_lane__value_ps,signed_dqs_minus_dq_median,idelay_cntvaluein_skew,lane0,dqs0,0,dqs_vs_dq_lane,-446.5,184.5,631,446.5,184.5,-262,negative,positive,True,True,False
28,pass_to_fail,baseline-no-lock-seed-28,cntvaluein3-skew-locked-seed28-long-poll,True,False,0,2,check_starting_data_search_exhausted,signed_dqs_minus_dq_median__idelay_cntvaluein_skew__lane0__dqs0__ctrl_1__dqs_vs_dq_lane__value_ps,signed_dqs_minus_dq_median,idelay_cntvaluein_skew,lane0,dqs0,1,dqs_vs_dq_lane,-384.5,1014.5,1399,384.5,1014.5,630,negative,positive,True,False,True
28,pass_to_fail,baseline-no-lock-seed-28,cntvaluein3-skew-locked-seed28-long-poll,True,False,0,2,check_starting_data_search_exhausted,signed_dqs_minus_dq_median__idelay_cntvaluein_skew__lane0__dqs0__ctrl_2__dqs_vs_dq_lane__value_ps,signed_dqs_minus_dq_median,idelay_cntvaluein_skew,lane0,dqs0,2,dqs_vs_dq_lane,-731.5,560,1291.5,731.5,560,-171.5,negative,positive,True,True,False
28,pass_to_fail,baseline-no-lock-seed-28,cntvaluein3-skew-locked-seed28-long-poll,True,False,0,2,check_starting_data_search_exhausted,signed_dqs_minus_dq_median__idelay_cntvaluein_skew__lane0__dqs0__ctrl_3__dqs_vs_dq_lane__value_ps,signed_dqs_minus_dq_median,idelay_cntvaluein_skew,lane0,dqs0,3,dqs_vs_dq_lane,-175,923,1098,175,923,748,negative,positive,True,False,True
28,pass_to_fail,baseline-no-lock-seed-28,cntvaluein3-skew-locked-seed28-long-poll,True,False,0,2,check_starting_data_search_exhausted,signed_dqs_minus_dq_median__idelay_cntvaluein_skew__lane0__dqs0__ctrl_4__dqs_vs_dq_lane__value_ps,signed_dqs_minus_dq_median,idelay_cntvaluein_skew,lane0,dqs0,4,dqs_vs_dq_lane,243.5,623,379.5,243.5,623,379.5,positive,positive,False,False,True
28,pass_to_fail,baseline-no-lock-seed-28,cntvaluein3-skew-locked-seed28-long-poll,True,False,0,2,check_starting_data_search_exhausted,signed_dqs_minus_dq_median__idelay_cntvaluein_skew__lane1__dqs1__ctrl_0__dqs_vs_dq_lane__value_ps,signed_dqs_minus_dq_median,idelay_cntvaluein_skew,lane1,dqs1,0,dqs_vs_dq_lane,-458.5,633,1091.5,458.5,633,174.5,negative,positive,True,False,True
28,pass_to_fail,baseline-no-lock-seed-28,cntvaluein3-skew-locked-seed28-long-poll,True,False,0,2,check_starting_data_search_exhausted,signed_dqs_minus_dq_median__idelay_cntvaluein_skew__lane1__dqs1__ctrl_1__dqs_vs_dq_lane__value_ps,signed_dqs_minus_dq_median,idelay_cntvaluein_skew,lane1,dqs1,1,dqs_vs_dq_lane,-307.5,1136,1443.5,307.5,1136,828.5,negative,positive,True,False,True
28,pass_to_fail,baseline-no-lock-seed-28,cntvaluein3-skew-locked-seed28-long-poll,True,False,0,2,check_starting_data_search_exhausted,signed_dqs_minus_dq_median__idelay_cntvaluein_skew__lane1__dqs1__ctrl_2__dqs_vs_dq_lane__value_ps,signed_dqs_minus_dq_median,idelay_cntvaluein_skew,lane1,dqs1,2,dqs_vs_dq_lane,-379,531.5,910.5,379,531.5,152.5,negative,positive,True,False,True
28,pass_to_fail,baseline-no-lock-seed-28,cntvaluein3-skew-locked-seed28-long-poll,True,False,0,2,check_starting_data_search_exhausted,signed_dqs_minus_dq_median__idelay_cntvaluein_skew__lane1__dqs1__ctrl_3__dqs_vs_dq_lane__value_ps,signed_dqs_minus_dq_median,idelay_cntvaluein_skew,lane1,dqs1,3,dqs_vs_dq_lane,-134,626,760,134,626,492,negative,positive,True,False,True
28,pass_to_fail,baseline-no-lock-seed-28,cntvaluein3-skew-locked-seed28-long-poll,True,False,0,2,check_starting_data_search_exhausted,signed_dqs_minus_dq_median__idelay_cntvaluein_skew__lane1__dqs1__ctrl_4__dqs_vs_dq_lane__value_ps,signed_dqs_minus_dq_median,idelay_cntvaluein_skew,lane1,dqs1,4,dqs_vs_dq_lane,61.5,347.5,286,61.5,347.5,286,positive,positive,False,False,True
28,pass_to_fail,baseline-no-lock-seed-28,cntvaluein3-skew-locked-seed28-long-poll,True,False,0,2,check_starting_data_search_exhausted,signed_lane1_minus_lane0_dq_median__idelay_cntvaluein_skew__all__no_bit__ctrl_0__lane1_vs_lane0_dq__value_ps,signed_lane1_minus_lane0_dq_median,idelay_cntvaluein_skew,all,,0,lane1_vs_lane0_dq,-263,-724.5,-461.5,263,724.5,461.5,negative,negative,False,False,True
28,pass_to_fail,baseline-no-lock-seed-28,cntvaluein3-skew-locked-seed28-long-poll,True,False,0,2,check_starting_data_search_exhausted,signed_lane1_minus_lane0_dq_median__idelay_cntvaluein_skew__all__no_bit__ctrl_1__lane1_vs_lane0_dq__value_ps,signed_lane1_minus_lane0_dq_median,idelay_cntvaluein_skew,all,,1,lane1_vs_lane0_dq,-335,-519.5,-184.5,335,519.5,184.5,negative,negative,False,False,True
28,pass_to_fail,baseline-no-lock-seed-28,cntvaluein3-skew-locked-seed28-long-poll,True,False,0,2,check_starting_data_search_exhausted,signed_lane1_minus_lane0_dq_median__idelay_cntvaluein_skew__all__no_bit__ctrl_2__lane1_vs_lane0_dq__value_ps,signed_lane1_minus_lane0_dq_median,idelay_cntvaluein_skew,all,,2,lane1_vs_lane0_dq,-472.5,-288.5,184,472.5,288.5,-184,negative,negative,False,True,False
28,pass_to_fail,baseline-no-lock-seed-28,cntvaluein3-skew-locked-seed28-long-poll,True,False,0,2,check_starting_data_search_exhausted,signed_lane1_minus_lane0_dq_median__idelay_cntvaluein_skew__all__no_bit__ctrl_3__lane1_vs_lane0_dq__value_ps,signed_lane1_minus_lane0_dq_median,idelay_cntvaluein_skew,all,,3,lane1_vs_lane0_dq,-353,92,445,353,92,-261,negative,positive,True,True,False
28,pass_to_fail,baseline-no-lock-seed-28,cntvaluein3-skew-locked-seed28-long-poll,True,False,0,2,check_starting_data_search_exhausted,signed_lane1_minus_lane0_dq_median__idelay_cntvaluein_skew__all__no_bit__ctrl_4__lane1_vs_lane0_dq__value_ps,signed_lane1_minus_lane0_dq_median,idelay_cntvaluein_skew,all,,4,lane1_vs_lane0_dq,-22,-144.5,-122.5,22,144.5,122.5,negative,negative,False,False,True
28,pass_to_fail,baseline-no-lock-seed-28,cntvaluein3-skew-locked-seed28-long-poll,True,False,0,2,check_starting_data_search_exhausted,signed_lane1_minus_lane0_dqs__idelay_cntvaluein_skew__all__no_bit__ctrl_0__lane1_vs_lane0_dqs__value_ps,signed_lane1_minus_lane0_dqs,idelay_cntvaluein_skew,all,,0,lane1_vs_lane0_dqs,-275,-276,-1,275,276,1,negative,negative,False,False,True
28,pass_to_fail,baseline-no-lock-seed-28,cntvaluein3-skew-locked-seed28-long-poll,True,False,0,2,check_starting_data_search_exhausted,signed_lane1_minus_lane0_dqs__idelay_cntvaluein_skew__all__no_bit__ctrl_1__lane1_vs_lane0_dqs__value_ps,signed_lane1_minus_lane0_dqs,idelay_cntvaluein_skew,all,,1,lane1_vs_lane0_dqs,-258,-398,-140,258,398,140,negative,negative,False,False,True
28,pass_to_fail,baseline-no-lock-seed-28,cntvaluein3-skew-locked-seed28-long-poll,True,False,0,2,check_starting_data_search_exhausted,signed_lane1_minus_lane0_dqs__idelay_cntvaluein_skew__all__no_bit__ctrl_2__lane1_vs_lane0_dqs__value_ps,signed_lane1_minus_lane0_dqs,idelay_cntvaluein_skew,all,,2,lane1_vs_lane0_dqs,-120,-317,-197,120,317,197,negative,negative,False,False,True
28,pass_to_fail,baseline-no-lock-seed-28,cntvaluein3-skew-locked-seed28-long-poll,True,False,0,2,check_starting_data_search_exhausted,signed_lane1_minus_lane0_dqs__idelay_cntvaluein_skew__all__no_bit__ctrl_3__lane1_vs_lane0_dqs__value_ps,signed_lane1_minus_lane0_dqs,idelay_cntvaluein_skew,all,,3,lane1_vs_lane0_dqs,-312,-205,107,312,205,-107,negative,negative,False,True,False
28,pass_to_fail,baseline-no-lock-seed-28,cntvaluein3-skew-locked-seed28-long-poll,True,False,0,2,check_starting_data_search_exhausted,signed_lane1_minus_lane0_dqs__idelay_cntvaluein_skew__all__no_bit__ctrl_4__lane1_vs_lane0_dqs__value_ps,signed_lane1_minus_lane0_dqs,idelay_cntvaluein_skew,all,,4,lane1_vs_lane0_dqs,-204,-420,-216,204,420,216,negative,negative,False,False,True
28,pass_to_fail,baseline-no-lock-seed-28,cntvaluein3-skew-locked-seed28-long-poll,True,False,0,2,check_starting_data_search_exhausted,signed_ld_dqs_minus_dq_median__idelay_ld_skew__lane0__dqs0__ctrl_none__dqs_vs_dq_lane__value_ps,signed_ld_dqs_minus_dq_median,idelay_ld_skew,lane0,dqs0,,dqs_vs_dq_lane,-66,-88.5,-22.5,66,88.5,22.5,negative,negative,False,False,True
28,pass_to_fail,baseline-no-lock-seed-28,cntvaluein3-skew-locked-seed28-long-poll,True,False,0,2,check_starting_data_search_exhausted,signed_ld_dqs_minus_dq_median__idelay_ld_skew__lane1__dqs1__ctrl_none__dqs_vs_dq_lane__value_ps,signed_ld_dqs_minus_dq_median,idelay_ld_skew,lane1,dqs1,,dqs_vs_dq_lane,90.5,239.5,149,90.5,239.5,149,positive,positive,False,False,True
28,pass_to_fail,baseline-no-lock-seed-28,cntvaluein3-skew-locked-seed28-long-poll,True,False,0,2,check_starting_data_search_exhausted,signed_ld_minus_cntvaluein_dq_median__idelay_ld_cntvaluein_skew__lane0__no_bit__ctrl_0__ld_vs_cntvaluein_dq_lane__value_ps,signed_ld_minus_cntvaluein_dq_median,idelay_ld_cntvaluein_skew,lane0,,0,ld_vs_cntvaluein_dq_lane,364.5,-360,-724.5,364.5,360,-4.5,positive,negative,True,True,False
28,pass_to_fail,baseline-no-lock-seed-28,cntvaluein3-skew-locked-seed28-long-poll,True,False,0,2,check_starting_data_search_exhausted,signed_ld_minus_cntvaluein_dq_median__idelay_ld_cntvaluein_skew__lane0__no_bit__ctrl_1__ld_vs_cntvaluein_dq_lane__value_ps,signed_ld_minus_cntvaluein_dq_median,idelay_ld_cntvaluein_skew,lane0,,1,ld_vs_cntvaluein_dq_lane,539.5,-127,-666.5,539.5,127,-412.5,positive,negative,True,True,False
28,pass_to_fail,baseline-no-lock-seed-28,cntvaluein3-skew-locked-seed28-long-poll,True,False,0,2,check_starting_data_search_exhausted,signed_ld_minus_cntvaluein_dq_median__idelay_ld_cntvaluein_skew__lane0__no_bit__ctrl_2__ld_vs_cntvaluein_dq_lane__value_ps,signed_ld_minus_cntvaluein_dq_median,idelay_ld_cntvaluein_skew,lane0,,2,ld_vs_cntvaluein_dq_lane,26.5,-206.5,-233,26.5,206.5,180,positive,negative,True,False,True
28,pass_to_fail,baseline-no-lock-seed-28,cntvaluein3-skew-locked-seed28-long-poll,True,False,0,2,check_starting_data_search_exhausted,signed_ld_minus_cntvaluein_dq_median__idelay_ld_cntvaluein_skew__lane0__no_bit__ctrl_3__ld_vs_cntvaluein_dq_lane__value_ps,signed_ld_minus_cntvaluein_dq_median,idelay_ld_cntvaluein_skew,lane0,,3,ld_vs_cntvaluein_dq_lane,59,-86.5,-145.5,59,86.5,27.5,positive,negative,True,False,True
28,pass_to_fail,baseline-no-lock-seed-28,cntvaluein3-skew-locked-seed28-long-poll,True,False,0,2,check_starting_data_search_exhausted,signed_ld_minus_cntvaluein_dq_median__idelay_ld_cntvaluein_skew__lane0__no_bit__ctrl_4__ld_vs_cntvaluein_dq_lane__value_ps,signed_ld_minus_cntvaluein_dq_median,idelay_ld_cntvaluein_skew,lane0,,4,ld_vs_cntvaluein_dq_lane,858.5,-423.5,-1282,858.5,423.5,-435,positive,negative,True,True,False
28,pass_to_fail,baseline-no-lock-seed-28,cntvaluein3-skew-locked-seed28-long-poll,True,False,0,2,check_starting_data_search_exhausted,signed_ld_minus_cntvaluein_dq_median__idelay_ld_cntvaluein_skew__lane1__no_bit__ctrl_0__ld_vs_cntvaluein_dq_lane__value_ps,signed_ld_minus_cntvaluein_dq_median,idelay_ld_cntvaluein_skew,lane1,,0,ld_vs_cntvaluein_dq_lane,264,692.5,428.5,264,692.5,428.5,positive,positive,False,False,True
28,pass_to_fail,baseline-no-lock-seed-28,cntvaluein3-skew-locked-seed28-long-poll,True,False,0,2,check_starting_data_search_exhausted,signed_ld_minus_cntvaluein_dq_median__idelay_ld_cntvaluein_skew__lane1__no_bit__ctrl_1__ld_vs_cntvaluein_dq_lane__value_ps,signed_ld_minus_cntvaluein_dq_median,idelay_ld_cntvaluein_skew,lane1,,1,ld_vs_cntvaluein_dq_lane,511,720.5,209.5,511,720.5,209.5,positive,positive,False,False,True
28,pass_to_fail,baseline-no-lock-seed-28,cntvaluein3-skew-locked-seed28-long-poll,True,False,0,2,check_starting_data_search_exhausted,signed_ld_minus_cntvaluein_dq_median__idelay_ld_cntvaluein_skew__lane1__no_bit__ctrl_2__ld_vs_cntvaluein_dq_lane__value_ps,signed_ld_minus_cntvaluein_dq_median,idelay_ld_cntvaluein_skew,lane1,,2,ld_vs_cntvaluein_dq_lane,135.5,410,274.5,135.5,410,274.5,positive,positive,False,False,True
28,pass_to_fail,baseline-no-lock-seed-28,cntvaluein3-skew-locked-seed28-long-poll,True,False,0,2,check_starting_data_search_exhausted,signed_ld_minus_cntvaluein_dq_median__idelay_ld_cntvaluein_skew__lane1__no_bit__ctrl_3__ld_vs_cntvaluein_dq_lane__value_ps,signed_ld_minus_cntvaluein_dq_median,idelay_ld_cntvaluein_skew,lane1,,3,ld_vs_cntvaluein_dq_lane,48.5,149.5,101,48.5,149.5,101,positive,positive,False,False,True
28,pass_to_fail,baseline-no-lock-seed-28,cntvaluein3-skew-locked-seed28-long-poll,True,False,0,2,check_starting_data_search_exhausted,signed_ld_minus_cntvaluein_dq_median__idelay_ld_cntvaluein_skew__lane1__no_bit__ctrl_4__ld_vs_cntvaluein_dq_lane__value_ps,signed_ld_minus_cntvaluein_dq_median,idelay_ld_cntvaluein_skew,lane1,,4,ld_vs_cntvaluein_dq_lane,517,49,-468,517,49,-468,positive,positive,False,True,False
28,pass_to_fail,baseline-no-lock-seed-28,cntvaluein3-skew-locked-seed28-long-poll,True,False,0,2,check_starting_data_search_exhausted,signed_ld_minus_cntvaluein_dqs__idelay_ld_cntvaluein_skew__lane0__dqs0__ctrl_0__ld_vs_cntvaluein_dqs__value_ps,signed_ld_minus_cntvaluein_dqs,idelay_ld_cntvaluein_skew,lane0,dqs0,0,ld_vs_cntvaluein_dqs,745,-633,-1378,745,633,-112,positive,negative,True,True,False
28,pass_to_fail,baseline-no-lock-seed-28,cntvaluein3-skew-locked-seed28-long-poll,True,False,0,2,check_starting_data_search_exhausted,signed_ld_minus_cntvaluein_dqs__idelay_ld_cntvaluein_skew__lane0__dqs0__ctrl_1__ld_vs_cntvaluein_dqs__value_ps,signed_ld_minus_cntvaluein_dqs,idelay_ld_cntvaluein_skew,lane0,dqs0,1,ld_vs_cntvaluein_dqs,858,-1230,-2088,858,1230,372,positive,negative,True,False,True
28,pass_to_fail,baseline-no-lock-seed-28,cntvaluein3-skew-locked-seed28-long-poll,True,False,0,2,check_starting_data_search_exhausted,signed_ld_minus_cntvaluein_dqs__idelay_ld_cntvaluein_skew__lane0__dqs0__ctrl_2__ld_vs_cntvaluein_dqs__value_ps,signed_ld_minus_cntvaluein_dqs,idelay_ld_cntvaluein_skew,lane0,dqs0,2,ld_vs_cntvaluein_dqs,692,-855,-1547,692,855,163,positive,negative,True,False,True
28,pass_to_fail,baseline-no-lock-seed-28,cntvaluein3-skew-locked-seed28-long-poll,True,False,0,2,check_starting_data_search_exhausted,signed_ld_minus_cntvaluein_dqs__idelay_ld_cntvaluein_skew__lane0__dqs0__ctrl_3__ld_vs_cntvaluein_dqs__value_ps,signed_ld_minus_cntvaluein_dqs,idelay_ld_cntvaluein_skew,lane0,dqs0,3,ld_vs_cntvaluein_dqs,168,-1098,-1266,168,1098,930,positive,negative,True,False,True
28,pass_to_fail,baseline-no-lock-seed-28,cntvaluein3-skew-locked-seed28-long-poll,True,False,0,2,check_starting_data_search_exhausted,signed_ld_minus_cntvaluein_dqs__idelay_ld_cntvaluein_skew__lane0__dqs0__ctrl_4__ld_vs_cntvaluein_dqs__value_ps,signed_ld_minus_cntvaluein_dqs,idelay_ld_cntvaluein_skew,lane0,dqs0,4,ld_vs_cntvaluein_dqs,549,-1135,-1684,549,1135,586,positive,negative,True,False,True
28,pass_to_fail,baseline-no-lock-seed-28,cntvaluein3-skew-locked-seed28-long-poll,True,False,0,2,check_starting_data_search_exhausted,signed_ld_minus_cntvaluein_dqs__idelay_ld_cntvaluein_skew__lane1__dqs1__ctrl_0__ld_vs_cntvaluein_dqs__value_ps,signed_ld_minus_cntvaluein_dqs,idelay_ld_cntvaluein_skew,lane1,dqs1,0,ld_vs_cntvaluein_dqs,813,299,-514,813,299,-514,positive,positive,False,True,False
28,pass_to_fail,baseline-no-lock-seed-28,cntvaluein3-skew-locked-seed28-long-poll,True,False,0,2,check_starting_data_search_exhausted,signed_ld_minus_cntvaluein_dqs__idelay_ld_cntvaluein_skew__lane1__dqs1__ctrl_1__ld_vs_cntvaluein_dqs__value_ps,signed_ld_minus_cntvaluein_dqs,idelay_ld_cntvaluein_skew,lane1,dqs1,1,ld_vs_cntvaluein_dqs,909,-176,-1085,909,176,-733,positive,negative,True,True,False
28,pass_to_fail,baseline-no-lock-seed-28,cntvaluein3-skew-locked-seed28-long-poll,True,False,0,2,check_starting_data_search_exhausted,signed_ld_minus_cntvaluein_dqs__idelay_ld_cntvaluein_skew__lane1__dqs1__ctrl_2__ld_vs_cntvaluein_dqs__value_ps,signed_ld_minus_cntvaluein_dqs,idelay_ld_cntvaluein_skew,lane1,dqs1,2,ld_vs_cntvaluein_dqs,605,118,-487,605,118,-487,positive,positive,False,True,False
28,pass_to_fail,baseline-no-lock-seed-28,cntvaluein3-skew-locked-seed28-long-poll,True,False,0,2,check_starting_data_search_exhausted,signed_ld_minus_cntvaluein_dqs__idelay_ld_cntvaluein_skew__lane1__dqs1__ctrl_3__ld_vs_cntvaluein_dqs__value_ps,signed_ld_minus_cntvaluein_dqs,idelay_ld_cntvaluein_skew,lane1,dqs1,3,ld_vs_cntvaluein_dqs,273,-237,-510,273,237,-36,positive,negative,True,True,False
28,pass_to_fail,baseline-no-lock-seed-28,cntvaluein3-skew-locked-seed28-long-poll,True,False,0,2,check_starting_data_search_exhausted,signed_ld_minus_cntvaluein_dqs__idelay_ld_cntvaluein_skew__lane1__dqs1__ctrl_4__ld_vs_cntvaluein_dqs__value_ps,signed_ld_minus_cntvaluein_dqs,idelay_ld_cntvaluein_skew,lane1,dqs1,4,ld_vs_cntvaluein_dqs,546,-59,-605,546,59,-487,positive,negative,True,True,False
30,pass_to_fail,baseline-no-lock-seed-30,cntvaluein3-skew-locked-seed30-long-poll,True,False,0,2,check_starting_data_search_exhausted,signed_dqs_bus_skew_minus_dq_median__idelay_cntvaluein_skew__lane0__dqs0__ctrl_none__dqs_vs_dq_bus_skew__value_ps,signed_dqs_bus_skew_minus_dq_median,idelay_cntvaluein_skew,lane0,dqs0,,dqs_vs_dq_bus_skew,-457,426.5,883.5,457,426.5,-30.5,negative,positive,True,True,False
30,pass_to_fail,baseline-no-lock-seed-30,cntvaluein3-skew-locked-seed30-long-poll,True,False,0,2,check_starting_data_search_exhausted,signed_dqs_bus_skew_minus_dq_median__idelay_cntvaluein_skew__lane1__dqs1__ctrl_none__dqs_vs_dq_bus_skew__value_ps,signed_dqs_bus_skew_minus_dq_median,idelay_cntvaluein_skew,lane1,dqs1,,dqs_vs_dq_bus_skew,-67,3.5,70.5,67,3.5,-63.5,negative,positive,True,True,False
30,pass_to_fail,baseline-no-lock-seed-30,cntvaluein3-skew-locked-seed30-long-poll,True,False,0,2,check_starting_data_search_exhausted,signed_dqs_minus_dq_bit__idelay_cntvaluein_skew__lane0__dq0__ctrl_0__dqs_vs_dq_bit__value_ps,signed_dqs_minus_dq_bit,idelay_cntvaluein_skew,lane0,dq0,0,dqs_vs_dq_bit,62,-33,-95,62,33,-29,positive,negative,True,True,False
30,pass_to_fail,baseline-no-lock-seed-30,cntvaluein3-skew-locked-seed30-long-poll,True,False,0,2,check_starting_data_search_exhausted,signed_dqs_minus_dq_bit__idelay_cntvaluein_skew__lane0__dq0__ctrl_1__dqs_vs_dq_bit__value_ps,signed_dqs_minus_dq_bit,idelay_cntvaluein_skew,lane0,dq0,1,dqs_vs_dq_bit,26,61,35,26,61,35,positive,positive,False,False,True
30,pass_to_fail,baseline-no-lock-seed-30,cntvaluein3-skew-locked-seed30-long-poll,True,False,0,2,check_starting_data_search_exhausted,signed_dqs_minus_dq_bit__idelay_cntvaluein_skew__lane0__dq0__ctrl_2__dqs_vs_dq_bit__value_ps,signed_dqs_minus_dq_bit,idelay_cntvaluein_skew,lane0,dq0,2,dqs_vs_dq_bit,105,-502,-607,105,502,397,positive,negative,True,False,True
30,pass_to_fail,baseline-no-lock-seed-30,cntvaluein3-skew-locked-seed30-long-poll,True,False,0,2,check_starting_data_search_exhausted,signed_dqs_minus_dq_bit__idelay_cntvaluein_skew__lane0__dq0__ctrl_3__dqs_vs_dq_bit__value_ps,signed_dqs_minus_dq_bit,idelay_cntvaluein_skew,lane0,dq0,3,dqs_vs_dq_bit,-102,257,359,102,257,155,negative,positive,True,False,True
30,pass_to_fail,baseline-no-lock-seed-30,cntvaluein3-skew-locked-seed30-long-poll,True,False,0,2,check_starting_data_search_exhausted,signed_dqs_minus_dq_bit__idelay_cntvaluein_skew__lane0__dq0__ctrl_4__dqs_vs_dq_bit__value_ps,signed_dqs_minus_dq_bit,idelay_cntvaluein_skew,lane0,dq0,4,dqs_vs_dq_bit,671,50,-621,671,50,-621,positive,positive,False,True,False
30,pass_to_fail,baseline-no-lock-seed-30,cntvaluein3-skew-locked-seed30-long-poll,True,False,0,2,check_starting_data_search_exhausted,signed_dqs_minus_dq_bit__idelay_cntvaluein_skew__lane0__dq1__ctrl_0__dqs_vs_dq_bit__value_ps,signed_dqs_minus_dq_bit,idelay_cntvaluein_skew,lane0,dq1,0,dqs_vs_dq_bit,-211,-72,139,211,72,-139,negative,negative,False,True,False
30,pass_to_fail,baseline-no-lock-seed-30,cntvaluein3-skew-locked-seed30-long-poll,True,False,0,2,check_starting_data_search_exhausted,signed_dqs_minus_dq_bit__idelay_cntvaluein_skew__lane0__dq1__ctrl_1__dqs_vs_dq_bit__value_ps,signed_dqs_minus_dq_bit,idelay_cntvaluein_skew,lane0,dq1,1,dqs_vs_dq_bit,-10,-21,-11,10,21,11,negative,negative,False,False,True
30,pass_to_fail,baseline-no-lock-seed-30,cntvaluein3-skew-locked-seed30-long-poll,True,False,0,2,check_starting_data_search_exhausted,signed_dqs_minus_dq_bit__idelay_cntvaluein_skew__lane0__dq1__ctrl_2__dqs_vs_dq_bit__value_ps,signed_dqs_minus_dq_bit,idelay_cntvaluein_skew,lane0,dq1,2,dqs_vs_dq_bit,165,-359,-524,165,359,194,positive,negative,True,False,True
30,pass_to_fail,baseline-no-lock-seed-30,cntvaluein3-skew-locked-seed30-long-poll,True,False,0,2,check_starting_data_search_exhausted,signed_dqs_minus_dq_bit__idelay_cntvaluein_skew__lane0__dq1__ctrl_3__dqs_vs_dq_bit__value_ps,signed_dqs_minus_dq_bit,idelay_cntvaluein_skew,lane0,dq1,3,dqs_vs_dq_bit,-187,173,360,187,173,-14,negative,positive,True,True,False
30,pass_to_fail,baseline-no-lock-seed-30,cntvaluein3-skew-locked-seed30-long-poll,True,False,0,2,check_starting_data_search_exhausted,signed_dqs_minus_dq_bit__idelay_cntvaluein_skew__lane0__dq1__ctrl_4__dqs_vs_dq_bit__value_ps,signed_dqs_minus_dq_bit,idelay_cntvaluein_skew,lane0,dq1,4,dqs_vs_dq_bit,687,130,-557,687,130,-557,positive,positive,False,True,False
30,pass_to_fail,baseline-no-lock-seed-30,cntvaluein3-skew-locked-seed30-long-poll,True,False,0,2,check_starting_data_search_exhausted,signed_dqs_minus_dq_bit__idelay_cntvaluein_skew__lane0__dq2__ctrl_0__dqs_vs_dq_bit__value_ps,signed_dqs_minus_dq_bit,idelay_cntvaluein_skew,lane0,dq2,0,dqs_vs_dq_bit,29,140,111,29,140,111,positive,positive,False,False,True
30,pass_to_fail,baseline-no-lock-seed-30,cntvaluein3-skew-locked-seed30-long-poll,True,False,0,2,check_starting_data_search_exhausted,signed_dqs_minus_dq_bit__idelay_cntvaluein_skew__lane0__dq2__ctrl_1__dqs_vs_dq_bit__value_ps,signed_dqs_minus_dq_bit,idelay_cntvaluein_skew,lane0,dq2,1,dqs_vs_dq_bit,212,-28,-240,212,28,-184,positive,negative,True,True,False
30,pass_to_fail,baseline-no-lock-seed-30,cntvaluein3-skew-locked-seed30-long-poll,True,False,0,2,check_starting_data_search_exhausted,signed_dqs_minus_dq_bit__idelay_cntvaluein_skew__lane0__dq2__ctrl_2__dqs_vs_dq_bit__value_ps,signed_dqs_minus_dq_bit,idelay_cntvaluein_skew,lane0,dq2,2,dqs_vs_dq_bit,153,-400,-553,153,400,247,positive,negative,True,False,True
30,pass_to_fail,baseline-no-lock-seed-30,cntvaluein3-skew-locked-seed30-long-poll,True,False,0,2,check_starting_data_search_exhausted,signed_dqs_minus_dq_bit__idelay_cntvaluein_skew__lane0__dq2__ctrl_3__dqs_vs_dq_bit__value_ps,signed_dqs_minus_dq_bit,idelay_cntvaluein_skew,lane0,dq2,3,dqs_vs_dq_bit,-280,79,359,280,79,-201,negative,positive,True,True,False
30,pass_to_fail,baseline-no-lock-seed-30,cntvaluein3-skew-locked-seed30-long-poll,True,False,0,2,check_starting_data_search_exhausted,signed_dqs_minus_dq_bit__idelay_cntvaluein_skew__lane0__dq2__ctrl_4__dqs_vs_dq_bit__value_ps,signed_dqs_minus_dq_bit,idelay_cntvaluein_skew,lane0,dq2,4,dqs_vs_dq_bit,754,38,-716,754,38,-716,positive,positive,False,True,False
30,pass_to_fail,baseline-no-lock-seed-30,cntvaluein3-skew-locked-seed30-long-poll,True,False,0,2,check_starting_data_search_exhausted,signed_dqs_minus_dq_bit__idelay_cntvaluein_skew__lane0__dq3__ctrl_0__dqs_vs_dq_bit__value_ps,signed_dqs_minus_dq_bit,idelay_cntvaluein_skew,lane0,dq3,0,dqs_vs_dq_bit,116,197,81,116,197,81,positive,positive,False,False,True
30,pass_to_fail,baseline-no-lock-seed-30,cntvaluein3-skew-locked-seed30-long-poll,True,False,0,2,check_starting_data_search_exhausted,signed_dqs_minus_dq_bit__idelay_cntvaluein_skew__lane0__dq3__ctrl_1__dqs_vs_dq_bit__value_ps,signed_dqs_minus_dq_bit,idelay_cntvaluein_skew,lane0,dq3,1,dqs_vs_dq_bit,342,451,109,342,451,109,positive,positive,False,False,True
30,pass_to_fail,baseline-no-lock-seed-30,cntvaluein3-skew-locked-seed30-long-poll,True,False,0,2,check_starting_data_search_exhausted,signed_dqs_minus_dq_bit__idelay_cntvaluein_skew__lane0__dq3__ctrl_2__dqs_vs_dq_bit__value_ps,signed_dqs_minus_dq_bit,idelay_cntvaluein_skew,lane0,dq3,2,dqs_vs_dq_bit,260,-357,-617,260,357,97,positive,negative,True,False,True
30,pass_to_fail,baseline-no-lock-seed-30,cntvaluein3-skew-locked-seed30-long-poll,True,False,0,2,check_starting_data_search_exhausted,signed_dqs_minus_dq_bit__idelay_cntvaluein_skew__lane0__dq3__ctrl_3__dqs_vs_dq_bit__value_ps,signed_dqs_minus_dq_bit,idelay_cntvaluein_skew,lane0,dq3,3,dqs_vs_dq_bit,248,318,70,248,318,70,positive,positive,False,False,True
30,pass_to_fail,baseline-no-lock-seed-30,cntvaluein3-skew-locked-seed30-long-poll,True,False,0,2,check_starting_data_search_exhausted,signed_dqs_minus_dq_bit__idelay_cntvaluein_skew__lane0__dq3__ctrl_4__dqs_vs_dq_bit__value_ps,signed_dqs_minus_dq_bit,idelay_cntvaluein_skew,lane0,dq3,4,dqs_vs_dq_bit,736,216,-520,736,216,-520,positive,positive,False,True,False
30,pass_to_fail,baseline-no-lock-seed-30,cntvaluein3-skew-locked-seed30-long-poll,True,False,0,2,check_starting_data_search_exhausted,signed_dqs_minus_dq_bit__idelay_cntvaluein_skew__lane0__dq4__ctrl_0__dqs_vs_dq_bit__value_ps,signed_dqs_minus_dq_bit,idelay_cntvaluein_skew,lane0,dq4,0,dqs_vs_dq_bit,-59,53,112,59,53,-6,negative,positive,True,True,False
30,pass_to_fail,baseline-no-lock-seed-30,cntvaluein3-skew-locked-seed30-long-poll,True,False,0,2,check_starting_data_search_exhausted,signed_dqs_minus_dq_bit__idelay_cntvaluein_skew__lane0__dq4__ctrl_1__dqs_vs_dq_bit__value_ps,signed_dqs_minus_dq_bit,idelay_cntvaluein_skew,lane0,dq4,1,dqs_vs_dq_bit,131,-112,-243,131,112,-19,positive,negative,True,True,False
30,pass_to_fail,baseline-no-lock-seed-30,cntvaluein3-skew-locked-seed30-long-poll,True,False,0,2,check_starting_data_search_exhausted,signed_dqs_minus_dq_bit__idelay_cntvaluein_skew__lane0__dq4__ctrl_2__dqs_vs_dq_bit__value_ps,signed_dqs_minus_dq_bit,idelay_cntvaluein_skew,lane0,dq4,2,dqs_vs_dq_bit,81,-412,-493,81,412,331,positive,negative,True,False,True
30,pass_to_fail,baseline-no-lock-seed-30,cntvaluein3-skew-locked-seed30-long-poll,True,False,0,2,check_starting_data_search_exhausted,signed_dqs_minus_dq_bit__idelay_cntvaluein_skew__lane0__dq4__ctrl_3__dqs_vs_dq_bit__value_ps,signed_dqs_minus_dq_bit,idelay_cntvaluein_skew,lane0,dq4,3,dqs_vs_dq_bit,-194,81,275,194,81,-113,negative,positive,True,True,False
30,pass_to_fail,baseline-no-lock-seed-30,cntvaluein3-skew-locked-seed30-long-poll,True,False,0,2,check_starting_data_search_exhausted,signed_dqs_minus_dq_bit__idelay_cntvaluein_skew__lane0__dq4__ctrl_4__dqs_vs_dq_bit__value_ps,signed_dqs_minus_dq_bit,idelay_cntvaluein_skew,lane0,dq4,4,dqs_vs_dq_bit,758,45,-713,758,45,-713,positive,positive,False,True,False
30,pass_to_fail,baseline-no-lock-seed-30,cntvaluein3-skew-locked-seed30-long-poll,True,False,0,2,check_starting_data_search_exhausted,signed_dqs_minus_dq_bit__idelay_cntvaluein_skew__lane0__dq5__ctrl_0__dqs_vs_dq_bit__value_ps,signed_dqs_minus_dq_bit,idelay_cntvaluein_skew,lane0,dq5,0,dqs_vs_dq_bit,32,278,246,32,278,246,positive,positive,False,False,True
30,pass_to_fail,baseline-no-lock-seed-30,cntvaluein3-skew-locked-seed30-long-poll,True,False,0,2,check_starting_data_search_exhausted,signed_dqs_minus_dq_bit__idelay_cntvaluein_skew__lane0__dq5__ctrl_1__dqs_vs_dq_bit__value_ps,signed_dqs_minus_dq_bit,idelay_cntvaluein_skew,lane0,dq5,1,dqs_vs_dq_bit,289,538,249,289,538,249,positive,positive,False,False,True
30,pass_to_fail,baseline-no-lock-seed-30,cntvaluein3-skew-locked-seed30-long-poll,True,False,0,2,check_starting_data_search_exhausted,signed_dqs_minus_dq_bit__idelay_cntvaluein_skew__lane0__dq5__ctrl_2__dqs_vs_dq_bit__value_ps,signed_dqs_minus_dq_bit,idelay_cntvaluein_skew,lane0,dq5,2,dqs_vs_dq_bit,168,-262,-430,168,262,94,positive,negative,True,False,True
30,pass_to_fail,baseline-no-lock-seed-30,cntvaluein3-skew-locked-seed30-long-poll,True,False,0,2,check_starting_data_search_exhausted,signed_dqs_minus_dq_bit__idelay_cntvaluein_skew__lane0__dq5__ctrl_3__dqs_vs_dq_bit__value_ps,signed_dqs_minus_dq_bit,idelay_cntvaluein_skew,lane0,dq5,3,dqs_vs_dq_bit,337,227,-110,337,227,-110,positive,positive,False,True,False
30,pass_to_fail,baseline-no-lock-seed-30,cntvaluein3-skew-locked-seed30-long-poll,True,False,0,2,check_starting_data_search_exhausted,signed_dqs_minus_dq_bit__idelay_cntvaluein_skew__lane0__dq5__ctrl_4__dqs_vs_dq_bit__value_ps,signed_dqs_minus_dq_bit,idelay_cntvaluein_skew,lane0,dq5,4,dqs_vs_dq_bit,616,326,-290,616,326,-290,positive,positive,False,True,False
30,pass_to_fail,baseline-no-lock-seed-30,cntvaluein3-skew-locked-seed30-long-poll,True,False,0,2,check_starting_data_search_exhausted,signed_dqs_minus_dq_bit__idelay_cntvaluein_skew__lane0__dq6__ctrl_0__dqs_vs_dq_bit__value_ps,signed_dqs_minus_dq_bit,idelay_cntvaluein_skew,lane0,dq6,0,dqs_vs_dq_bit,121,94,-27,121,94,-27,positive,positive,False,True,False
30,pass_to_fail,baseline-no-lock-seed-30,cntvaluein3-skew-locked-seed30-long-poll,True,False,0,2,check_starting_data_search_exhausted,signed_dqs_minus_dq_bit__idelay_cntvaluein_skew__lane0__dq6__ctrl_1__dqs_vs_dq_bit__value_ps,signed_dqs_minus_dq_bit,idelay_cntvaluein_skew,lane0,dq6,1,dqs_vs_dq_bit,121,-120,-241,121,120,-1,positive,negative,True,True,False
30,pass_to_fail,baseline-no-lock-seed-30,cntvaluein3-skew-locked-seed30-long-poll,True,False,0,2,check_starting_data_search_exhausted,signed_dqs_minus_dq_bit__idelay_cntvaluein_skew__lane0__dq6__ctrl_2__dqs_vs_dq_bit__value_ps,signed_dqs_minus_dq_bit,idelay_cntvaluein_skew,lane0,dq6,2,dqs_vs_dq_bit,245,-375,-620,245,375,130,positive,negative,True,False,True
30,pass_to_fail,baseline-no-lock-seed-30,cntvaluein3-skew-locked-seed30-long-poll,True,False,0,2,check_starting_data_search_exhausted,signed_dqs_minus_dq_bit__idelay_cntvaluein_skew__lane0__dq6__ctrl_3__dqs_vs_dq_bit__value_ps,signed_dqs_minus_dq_bit,idelay_cntvaluein_skew,lane0,dq6,3,dqs_vs_dq_bit,209,-14,-223,209,14,-195,positive,negative,True,True,False
30,pass_to_fail,baseline-no-lock-seed-30,cntvaluein3-skew-locked-seed30-long-poll,True,False,0,2,check_starting_data_search_exhausted,signed_dqs_minus_dq_bit__idelay_cntvaluein_skew__lane0__dq6__ctrl_4__dqs_vs_dq_bit__value_ps,signed_dqs_minus_dq_bit,idelay_cntvaluein_skew,lane0,dq6,4,dqs_vs_dq_bit,730,-133,-863,730,133,-597,positive,negative,True,True,False
30,pass_to_fail,baseline-no-lock-seed-30,cntvaluein3-skew-locked-seed30-long-poll,True,False,0,2,check_starting_data_search_exhausted,signed_dqs_minus_dq_bit__idelay_cntvaluein_skew__lane0__dq7__ctrl_0__dqs_vs_dq_bit__value_ps,signed_dqs_minus_dq_bit,idelay_cntvaluein_skew,lane0,dq7,0,dqs_vs_dq_bit,39,153,114,39,153,114,positive,positive,False,False,True
30,pass_to_fail,baseline-no-lock-seed-30,cntvaluein3-skew-locked-seed30-long-poll,True,False,0,2,check_starting_data_search_exhausted,signed_dqs_minus_dq_bit__idelay_cntvaluein_skew__lane0__dq7__ctrl_1__dqs_vs_dq_bit__value_ps,signed_dqs_minus_dq_bit,idelay_cntvaluein_skew,lane0,dq7,1,dqs_vs_dq_bit,144,-118,-262,144,118,-26,positive,negative,True,True,False
30,pass_to_fail,baseline-no-lock-seed-30,cntvaluein3-skew-locked-seed30-long-poll,True,False,0,2,check_starting_data_search_exhausted,signed_dqs_minus_dq_bit__idelay_cntvaluein_skew__lane0__dq7__ctrl_2__dqs_vs_dq_bit__value_ps,signed_dqs_minus_dq_bit,idelay_cntvaluein_skew,lane0,dq7,2,dqs_vs_dq_bit,219,-319,-538,219,319,100,positive,negative,True,False,True
30,pass_to_fail,baseline-no-lock-seed-30,cntvaluein3-skew-locked-seed30-long-poll,True,False,0,2,check_starting_data_search_exhausted,signed_dqs_minus_dq_bit__idelay_cntvaluein_skew__lane0__dq7__ctrl_3__dqs_vs_dq_bit__value_ps,signed_dqs_minus_dq_bit,idelay_cntvaluein_skew,lane0,dq7,3,dqs_vs_dq_bit,-287,-11,276,287,11,-276,negative,negative,False,True,False
30,pass_to_fail,baseline-no-lock-seed-30,cntvaluein3-skew-locked-seed30-long-poll,True,False,0,2,check_starting_data_search_exhausted,signed_dqs_minus_dq_bit__idelay_cntvaluein_skew__lane0__dq7__ctrl_4__dqs_vs_dq_bit__value_ps,signed_dqs_minus_dq_bit,idelay_cntvaluein_skew,lane0,dq7,4,dqs_vs_dq_bit,641,-47,-688,641,47,-594,positive,negative,True,True,False
30,pass_to_fail,baseline-no-lock-seed-30,cntvaluein3-skew-locked-seed30-long-poll,True,False,0,2,check_starting_data_search_exhausted,signed_dqs_minus_dq_bit__idelay_cntvaluein_skew__lane1__dq10__ctrl_0__dqs_vs_dq_bit__value_ps,signed_dqs_minus_dq_bit,idelay_cntvaluein_skew,lane1,dq10,0,dqs_vs_dq_bit,367,-211,-578,367,211,-156,positive,negative,True,True,False
30,pass_to_fail,baseline-no-lock-seed-30,cntvaluein3-skew-locked-seed30-long-poll,True,False,0,2,check_starting_data_search_exhausted,signed_dqs_minus_dq_bit__idelay_cntvaluein_skew__lane1__dq10__ctrl_1__dqs_vs_dq_bit__value_ps,signed_dqs_minus_dq_bit,idelay_cntvaluein_skew,lane1,dq10,1,dqs_vs_dq_bit,28,150,122,28,150,122,positive,positive,False,False,True
30,pass_to_fail,baseline-no-lock-seed-30,cntvaluein3-skew-locked-seed30-long-poll,True,False,0,2,check_starting_data_search_exhausted,signed_dqs_minus_dq_bit__idelay_cntvaluein_skew__lane1__dq10__ctrl_2__dqs_vs_dq_bit__value_ps,signed_dqs_minus_dq_bit,idelay_cntvaluein_skew,lane1,dq10,2,dqs_vs_dq_bit,59,-117,-176,59,117,58,positive,negative,True,False,True
30,pass_to_fail,baseline-no-lock-seed-30,cntvaluein3-skew-locked-seed30-long-poll,True,False,0,2,check_starting_data_search_exhausted,signed_dqs_minus_dq_bit__idelay_cntvaluein_skew__lane1__dq10__ctrl_3__dqs_vs_dq_bit__value_ps,signed_dqs_minus_dq_bit,idelay_cntvaluein_skew,lane1,dq10,3,dqs_vs_dq_bit,33,251,218,33,251,218,positive,positive,False,False,True
30,pass_to_fail,baseline-no-lock-seed-30,cntvaluein3-skew-locked-seed30-long-poll,True,False,0,2,check_starting_data_search_exhausted,signed_dqs_minus_dq_bit__idelay_cntvaluein_skew__lane1__dq10__ctrl_4__dqs_vs_dq_bit__value_ps,signed_dqs_minus_dq_bit,idelay_cntvaluein_skew,lane1,dq10,4,dqs_vs_dq_bit,646,-72,-718,646,72,-574,positive,negative,True,True,False
30,pass_to_fail,baseline-no-lock-seed-30,cntvaluein3-skew-locked-seed30-long-poll,True,False,0,2,check_starting_data_search_exhausted,signed_dqs_minus_dq_bit__idelay_cntvaluein_skew__lane1__dq11__ctrl_0__dqs_vs_dq_bit__value_ps,signed_dqs_minus_dq_bit,idelay_cntvaluein_skew,lane1,dq11,0,dqs_vs_dq_bit,414,16,-398,414,16,-398,positive,positive,False,True,False
30,pass_to_fail,baseline-no-lock-seed-30,cntvaluein3-skew-locked-seed30-long-poll,True,False,0,2,check_starting_data_search_exhausted,signed_dqs_minus_dq_bit__idelay_cntvaluein_skew__lane1__dq11__ctrl_1__dqs_vs_dq_bit__value_ps,signed_dqs_minus_dq_bit,idelay_cntvaluein_skew,lane1,dq11,1,dqs_vs_dq_bit,130,158,28,130,158,28,positive,positive,False,False,True
30,pass_to_fail,baseline-no-lock-seed-30,cntvaluein3-skew-locked-seed30-long-poll,True,False,0,2,check_starting_data_search_exhausted,signed_dqs_minus_dq_bit__idelay_cntvaluein_skew__lane1__dq11__ctrl_2__dqs_vs_dq_bit__value_ps,signed_dqs_minus_dq_bit,idelay_cntvaluein_skew,lane1,dq11,2,dqs_vs_dq_bit,224,-20,-244,224,20,-204,positive,negative,True,True,False
30,pass_to_fail,baseline-no-lock-seed-30,cntvaluein3-skew-locked-seed30-long-poll,True,False,0,2,check_starting_data_search_exhausted,signed_dqs_minus_dq_bit__idelay_cntvaluein_skew__lane1__dq11__ctrl_3__dqs_vs_dq_bit__value_ps,signed_dqs_minus_dq_bit,idelay_cntvaluein_skew,lane1,dq11,3,dqs_vs_dq_bit,35,383,348,35,383,348,positive,positive,False,False,True
30,pass_to_fail,baseline-no-lock-seed-30,cntvaluein3-skew-locked-seed30-long-poll,True,False,0,2,check_starting_data_search_exhausted,signed_dqs_minus_dq_bit__idelay_cntvaluein_skew__lane1__dq11__ctrl_4__dqs_vs_dq_bit__value_ps,signed_dqs_minus_dq_bit,idelay_cntvaluein_skew,lane1,dq11,4,dqs_vs_dq_bit,803,-166,-969,803,166,-637,positive,negative,True,True,False
30,pass_to_fail,baseline-no-lock-seed-30,cntvaluein3-skew-locked-seed30-long-poll,True,False,0,2,check_starting_data_search_exhausted,signed_dqs_minus_dq_bit__idelay_cntvaluein_skew__lane1__dq12__ctrl_0__dqs_vs_dq_bit__value_ps,signed_dqs_minus_dq_bit,idelay_cntvaluein_skew,lane1,dq12,0,dqs_vs_dq_bit,56,-209,-265,56,209,153,positive,negative,True,False,True
30,pass_to_fail,baseline-no-lock-seed-30,cntvaluein3-skew-locked-seed30-long-poll,True,False,0,2,check_starting_data_search_exhausted,signed_dqs_minus_dq_bit__idelay_cntvaluein_skew__lane1__dq12__ctrl_1__dqs_vs_dq_bit__value_ps,signed_dqs_minus_dq_bit,idelay_cntvaluein_skew,lane1,dq12,1,dqs_vs_dq_bit,122,64,-58,122,64,-58,positive,positive,False,True,False
30,pass_to_fail,baseline-no-lock-seed-30,cntvaluein3-skew-locked-seed30-long-poll,True,False,0,2,check_starting_data_search_exhausted,signed_dqs_minus_dq_bit__idelay_cntvaluein_skew__lane1__dq12__ctrl_2__dqs_vs_dq_bit__value_ps,signed_dqs_minus_dq_bit,idelay_cntvaluein_skew,lane1,dq12,2,dqs_vs_dq_bit,123,26,-97,123,26,-97,positive,positive,False,True,False
30,pass_to_fail,baseline-no-lock-seed-30,cntvaluein3-skew-locked-seed30-long-poll,True,False,0,2,check_starting_data_search_exhausted,signed_dqs_minus_dq_bit__idelay_cntvaluein_skew__lane1__dq12__ctrl_3__dqs_vs_dq_bit__value_ps,signed_dqs_minus_dq_bit,idelay_cntvaluein_skew,lane1,dq12,3,dqs_vs_dq_bit,-51,161,212,51,161,110,negative,positive,True,False,True
30,pass_to_fail,baseline-no-lock-seed-30,cntvaluein3-skew-locked-seed30-long-poll,True,False,0,2,check_starting_data_search_exhausted,signed_dqs_minus_dq_bit__idelay_cntvaluein_skew__lane1__dq12__ctrl_4__dqs_vs_dq_bit__value_ps,signed_dqs_minus_dq_bit,idelay_cntvaluein_skew,lane1,dq12,4,dqs_vs_dq_bit,727,-126,-853,727,126,-601,positive,negative,True,True,False
30,pass_to_fail,baseline-no-lock-seed-30,cntvaluein3-skew-locked-seed30-long-poll,True,False,0,2,check_starting_data_search_exhausted,signed_dqs_minus_dq_bit__idelay_cntvaluein_skew__lane1__dq13__ctrl_0__dqs_vs_dq_bit__value_ps,signed_dqs_minus_dq_bit,idelay_cntvaluein_skew,lane1,dq13,0,dqs_vs_dq_bit,331,9,-322,331,9,-322,positive,positive,False,True,False
30,pass_to_fail,baseline-no-lock-seed-30,cntvaluein3-skew-locked-seed30-long-poll,True,False,0,2,check_starting_data_search_exhausted,signed_dqs_minus_dq_bit__idelay_cntvaluein_skew__lane1__dq13__ctrl_1__dqs_vs_dq_bit__value_ps,signed_dqs_minus_dq_bit,idelay_cntvaluein_skew,lane1,dq13,1,dqs_vs_dq_bit,45,66,21,45,66,21,positive,positive,False,False,True
30,pass_to_fail,baseline-no-lock-seed-30,cntvaluein3-skew-locked-seed30-long-poll,True,False,0,2,check_starting_data_search_exhausted,signed_dqs_minus_dq_bit__idelay_cntvaluein_skew__lane1__dq13__ctrl_2__dqs_vs_dq_bit__value_ps,signed_dqs_minus_dq_bit,idelay_cntvaluein_skew,lane1,dq13,2,dqs_vs_dq_bit,133,-76,-209,133,76,-57,positive,negative,True,True,False
30,pass_to_fail,baseline-no-lock-seed-30,cntvaluein3-skew-locked-seed30-long-poll,True,False,0,2,check_starting_data_search_exhausted,signed_dqs_minus_dq_bit__idelay_cntvaluein_skew__lane1__dq13__ctrl_3__dqs_vs_dq_bit__value_ps,signed_dqs_minus_dq_bit,idelay_cntvaluein_skew,lane1,dq13,3,dqs_vs_dq_bit,-51,292,343,51,292,241,negative,positive,True,False,True
30,pass_to_fail,baseline-no-lock-seed-30,cntvaluein3-skew-locked-seed30-long-poll,True,False,0,2,check_starting_data_search_exhausted,signed_dqs_minus_dq_bit__idelay_cntvaluein_skew__lane1__dq13__ctrl_4__dqs_vs_dq_bit__value_ps,signed_dqs_minus_dq_bit,idelay_cntvaluein_skew,lane1,dq13,4,dqs_vs_dq_bit,795,-251,-1046,795,251,-544,positive,negative,True,True,False
30,pass_to_fail,baseline-no-lock-seed-30,cntvaluein3-skew-locked-seed30-long-poll,True,False,0,2,check_starting_data_search_exhausted,signed_dqs_minus_dq_bit__idelay_cntvaluein_skew__lane1__dq14__ctrl_0__dqs_vs_dq_bit__value_ps,signed_dqs_minus_dq_bit,idelay_cntvaluein_skew,lane1,dq14,0,dqs_vs_dq_bit,247,-122,-369,247,122,-125,positive,negative,True,True,False
30,pass_to_fail,baseline-no-lock-seed-30,cntvaluein3-skew-locked-seed30-long-poll,True,False,0,2,check_starting_data_search_exhausted,signed_dqs_minus_dq_bit__idelay_cntvaluein_skew__lane1__dq14__ctrl_1__dqs_vs_dq_bit__value_ps,signed_dqs_minus_dq_bit,idelay_cntvaluein_skew,lane1,dq14,1,dqs_vs_dq_bit,33,242,209,33,242,209,positive,positive,False,False,True
30,pass_to_fail,baseline-no-lock-seed-30,cntvaluein3-skew-locked-seed30-long-poll,True,False,0,2,check_starting_data_search_exhausted,signed_dqs_minus_dq_bit__idelay_cntvaluein_skew__lane1__dq14__ctrl_2__dqs_vs_dq_bit__value_ps,signed_dqs_minus_dq_bit,idelay_cntvaluein_skew,lane1,dq14,2,dqs_vs_dq_bit,217,-112,-329,217,112,-105,positive,negative,True,True,False
30,pass_to_fail,baseline-no-lock-seed-30,cntvaluein3-skew-locked-seed30-long-poll,True,False,0,2,check_starting_data_search_exhausted,signed_dqs_minus_dq_bit__idelay_cntvaluein_skew__lane1__dq14__ctrl_3__dqs_vs_dq_bit__value_ps,signed_dqs_minus_dq_bit,idelay_cntvaluein_skew,lane1,dq14,3,dqs_vs_dq_bit,-143,69,212,143,69,-74,negative,positive,True,True,False
30,pass_to_fail,baseline-no-lock-seed-30,cntvaluein3-skew-locked-seed30-long-poll,True,False,0,2,check_starting_data_search_exhausted,signed_dqs_minus_dq_bit__idelay_cntvaluein_skew__lane1__dq14__ctrl_4__dqs_vs_dq_bit__value_ps,signed_dqs_minus_dq_bit,idelay_cntvaluein_skew,lane1,dq14,4,dqs_vs_dq_bit,816,-166,-982,816,166,-650,positive,negative,True,True,False
30,pass_to_fail,baseline-no-lock-seed-30,cntvaluein3-skew-locked-seed30-long-poll,True,False,0,2,check_starting_data_search_exhausted,signed_dqs_minus_dq_bit__idelay_cntvaluein_skew__lane1__dq15__ctrl_0__dqs_vs_dq_bit__value_ps,signed_dqs_minus_dq_bit,idelay_cntvaluein_skew,lane1,dq15,0,dqs_vs_dq_bit,513,154,-359,513,154,-359,positive,positive,False,True,False
30,pass_to_fail,baseline-no-lock-seed-30,cntvaluein3-skew-locked-seed30-long-poll,True,False,0,2,check_starting_data_search_exhausted,signed_dqs_minus_dq_bit__idelay_cntvaluein_skew__lane1__dq15__ctrl_1__dqs_vs_dq_bit__value_ps,signed_dqs_minus_dq_bit,idelay_cntvaluein_skew,lane1,dq15,1,dqs_vs_dq_bit,257,296,39,257,296,39,positive,positive,False,False,True
30,pass_to_fail,baseline-no-lock-seed-30,cntvaluein3-skew-locked-seed30-long-poll,True,False,0,2,check_starting_data_search_exhausted,signed_dqs_minus_dq_bit__idelay_cntvaluein_skew__lane1__dq15__ctrl_2__dqs_vs_dq_bit__value_ps,signed_dqs_minus_dq_bit,idelay_cntvaluein_skew,lane1,dq15,2,dqs_vs_dq_bit,362,28,-334,362,28,-334,positive,positive,False,True,False
30,pass_to_fail,baseline-no-lock-seed-30,cntvaluein3-skew-locked-seed30-long-poll,True,False,0,2,check_starting_data_search_exhausted,signed_dqs_minus_dq_bit__idelay_cntvaluein_skew__lane1__dq15__ctrl_3__dqs_vs_dq_bit__value_ps,signed_dqs_minus_dq_bit,idelay_cntvaluein_skew,lane1,dq15,3,dqs_vs_dq_bit,69,245,176,69,245,176,positive,positive,False,False,True
30,pass_to_fail,baseline-no-lock-seed-30,cntvaluein3-skew-locked-seed30-long-poll,True,False,0,2,check_starting_data_search_exhausted,signed_dqs_minus_dq_bit__idelay_cntvaluein_skew__lane1__dq15__ctrl_4__dqs_vs_dq_bit__value_ps,signed_dqs_minus_dq_bit,idelay_cntvaluein_skew,lane1,dq15,4,dqs_vs_dq_bit,584,201,-383,584,201,-383,positive,positive,False,True,False
30,pass_to_fail,baseline-no-lock-seed-30,cntvaluein3-skew-locked-seed30-long-poll,True,False,0,2,check_starting_data_search_exhausted,signed_dqs_minus_dq_bit__idelay_cntvaluein_skew__lane1__dq8__ctrl_0__dqs_vs_dq_bit__value_ps,signed_dqs_minus_dq_bit,idelay_cntvaluein_skew,lane1,dq8,0,dqs_vs_dq_bit,334,-206,-540,334,206,-128,positive,negative,True,True,False
30,pass_to_fail,baseline-no-lock-seed-30,cntvaluein3-skew-locked-seed30-long-poll,True,False,0,2,check_starting_data_search_exhausted,signed_dqs_minus_dq_bit__idelay_cntvaluein_skew__lane1__dq8__ctrl_1__dqs_vs_dq_bit__value_ps,signed_dqs_minus_dq_bit,idelay_cntvaluein_skew,lane1,dq8,1,dqs_vs_dq_bit,214,-28,-242,214,28,-186,positive,negative,True,True,False
30,pass_to_fail,baseline-no-lock-seed-30,cntvaluein3-skew-locked-seed30-long-poll,True,False,0,2,check_starting_data_search_exhausted,signed_dqs_minus_dq_bit__idelay_cntvaluein_skew__lane1__dq8__ctrl_2__dqs_vs_dq_bit__value_ps,signed_dqs_minus_dq_bit,idelay_cntvaluein_skew,lane1,dq8,2,dqs_vs_dq_bit,127,-168,-295,127,168,41,positive,negative,True,False,True
30,pass_to_fail,baseline-no-lock-seed-30,cntvaluein3-skew-locked-seed30-long-poll,True,False,0,2,check_starting_data_search_exhausted,signed_dqs_minus_dq_bit__idelay_cntvaluein_skew__lane1__dq8__ctrl_3__dqs_vs_dq_bit__value_ps,signed_dqs_minus_dq_bit,idelay_cntvaluein_skew,lane1,dq8,3,dqs_vs_dq_bit,207,-22,-229,207,22,-185,positive,negative,True,True,False
30,pass_to_fail,baseline-no-lock-seed-30,cntvaluein3-skew-locked-seed30-long-poll,True,False,0,2,check_starting_data_search_exhausted,signed_dqs_minus_dq_bit__idelay_cntvaluein_skew__lane1__dq8__ctrl_4__dqs_vs_dq_bit__value_ps,signed_dqs_minus_dq_bit,idelay_cntvaluein_skew,lane1,dq8,4,dqs_vs_dq_bit,727,-218,-945,727,218,-509,positive,negative,True,True,False
30,pass_to_fail,baseline-no-lock-seed-30,cntvaluein3-skew-locked-seed30-long-poll,True,False,0,2,check_starting_data_search_exhausted,signed_dqs_minus_dq_bit__idelay_cntvaluein_skew__lane1__dq9__ctrl_0__dqs_vs_dq_bit__value_ps,signed_dqs_minus_dq_bit,idelay_cntvaluein_skew,lane1,dq9,0,dqs_vs_dq_bit,429,149,-280,429,149,-280,positive,positive,False,True,False
30,pass_to_fail,baseline-no-lock-seed-30,cntvaluein3-skew-locked-seed30-long-poll,True,False,0,2,check_starting_data_search_exhausted,signed_dqs_minus_dq_bit__idelay_cntvaluein_skew__lane1__dq9__ctrl_1__dqs_vs_dq_bit__value_ps,signed_dqs_minus_dq_bit,idelay_cntvaluein_skew,lane1,dq9,1,dqs_vs_dq_bit,173,206,33,173,206,33,positive,positive,False,False,True
30,pass_to_fail,baseline-no-lock-seed-30,cntvaluein3-skew-locked-seed30-long-poll,True,False,0,2,check_starting_data_search_exhausted,signed_dqs_minus_dq_bit__idelay_cntvaluein_skew__lane1__dq9__ctrl_2__dqs_vs_dq_bit__value_ps,signed_dqs_minus_dq_bit,idelay_cntvaluein_skew,lane1,dq9,2,dqs_vs_dq_bit,271,-56,-327,271,56,-215,positive,negative,True,True,False
30,pass_to_fail,baseline-no-lock-seed-30,cntvaluein3-skew-locked-seed30-long-poll,True,False,0,2,check_starting_data_search_exhausted,signed_dqs_minus_dq_bit__idelay_cntvaluein_skew__lane1__dq9__ctrl_3__dqs_vs_dq_bit__value_ps,signed_dqs_minus_dq_bit,idelay_cntvaluein_skew,lane1,dq9,3,dqs_vs_dq_bit,-21,154,175,21,154,133,negative,positive,True,False,True
30,pass_to_fail,baseline-no-lock-seed-30,cntvaluein3-skew-locked-seed30-long-poll,True,False,0,2,check_starting_data_search_exhausted,signed_dqs_minus_dq_bit__idelay_cntvaluein_skew__lane1__dq9__ctrl_4__dqs_vs_dq_bit__value_ps,signed_dqs_minus_dq_bit,idelay_cntvaluein_skew,lane1,dq9,4,dqs_vs_dq_bit,497,115,-382,497,115,-382,positive,positive,False,True,False
30,pass_to_fail,baseline-no-lock-seed-30,cntvaluein3-skew-locked-seed30-long-poll,True,False,0,2,check_starting_data_search_exhausted,signed_dqs_minus_dq_median__idelay_cntvaluein_skew__lane0__dqs0__ctrl_0__dqs_vs_dq_lane__value_ps,signed_dqs_minus_dq_median,idelay_cntvaluein_skew,lane0,dqs0,0,dqs_vs_dq_lane,35.5,117,81.5,35.5,117,81.5,positive,positive,False,False,True
30,pass_to_fail,baseline-no-lock-seed-30,cntvaluein3-skew-locked-seed30-long-poll,True,False,0,2,check_starting_data_search_exhausted,signed_dqs_minus_dq_median__idelay_cntvaluein_skew__lane0__dqs0__ctrl_1__dqs_vs_dq_lane__value_ps,signed_dqs_minus_dq_median,idelay_cntvaluein_skew,lane0,dqs0,1,dqs_vs_dq_lane,137.5,-24.5,-162,137.5,24.5,-113,positive,negative,True,True,False
30,pass_to_fail,baseline-no-lock-seed-30,cntvaluein3-skew-locked-seed30-long-poll,True,False,0,2,check_starting_data_search_exhausted,signed_dqs_minus_dq_median__idelay_cntvaluein_skew__lane0__dqs0__ctrl_2__dqs_vs_dq_lane__value_ps,signed_dqs_minus_dq_median,idelay_cntvaluein_skew,lane0,dqs0,2,dqs_vs_dq_lane,166.5,-367,-533.5,166.5,367,200.5,positive,negative,True,False,True
30,pass_to_fail,baseline-no-lock-seed-30,cntvaluein3-skew-locked-seed30-long-poll,True,False,0,2,check_starting_data_search_exhausted,signed_dqs_minus_dq_median__idelay_cntvaluein_skew__lane0__dqs0__ctrl_3__dqs_vs_dq_lane__value_ps,signed_dqs_minus_dq_median,idelay_cntvaluein_skew,lane0,dqs0,3,dqs_vs_dq_lane,-144.5,127,271.5,144.5,127,-17.5,negative,positive,True,True,False
30,pass_to_fail,baseline-no-lock-seed-30,cntvaluein3-skew-locked-seed30-long-poll,True,False,0,2,check_starting_data_search_exhausted,signed_dqs_minus_dq_median__idelay_cntvaluein_skew__lane0__dqs0__ctrl_4__dqs_vs_dq_lane__value_ps,signed_dqs_minus_dq_median,idelay_cntvaluein_skew,lane0,dqs0,4,dqs_vs_dq_lane,708.5,47.5,-661,708.5,47.5,-661,positive,positive,False,True,False
30,pass_to_fail,baseline-no-lock-seed-30,cntvaluein3-skew-locked-seed30-long-poll,True,False,0,2,check_starting_data_search_exhausted,signed_dqs_minus_dq_median__idelay_cntvaluein_skew__lane1__dqs1__ctrl_0__dqs_vs_dq_lane__value_ps,signed_dqs_minus_dq_median,idelay_cntvaluein_skew,lane1,dqs1,0,dqs_vs_dq_lane,350.5,-56.5,-407,350.5,56.5,-294,positive,negative,True,True,False
30,pass_to_fail,baseline-no-lock-seed-30,cntvaluein3-skew-locked-seed30-long-poll,True,False,0,2,check_starting_data_search_exhausted,signed_dqs_minus_dq_median__idelay_cntvaluein_skew__lane1__dqs1__ctrl_1__dqs_vs_dq_lane__value_ps,signed_dqs_minus_dq_median,idelay_cntvaluein_skew,lane1,dqs1,1,dqs_vs_dq_lane,126,154,28,126,154,28,positive,positive,False,False,True
30,pass_to_fail,baseline-no-lock-seed-30,cntvaluein3-skew-locked-seed30-long-poll,True,False,0,2,check_starting_data_search_exhausted,signed_dqs_minus_dq_median__idelay_cntvaluein_skew__lane1__dqs1__ctrl_2__dqs_vs_dq_lane__value_ps,signed_dqs_minus_dq_median,idelay_cntvaluein_skew,lane1,dqs1,2,dqs_vs_dq_lane,175,-66,-241,175,66,-109,positive,negative,True,True,False
30,pass_to_fail,baseline-no-lock-seed-30,cntvaluein3-skew-locked-seed30-long-poll,True,False,0,2,check_starting_data_search_exhausted,signed_dqs_minus_dq_median__idelay_cntvaluein_skew__lane1__dqs1__ctrl_3__dqs_vs_dq_lane__value_ps,signed_dqs_minus_dq_median,idelay_cntvaluein_skew,lane1,dqs1,3,dqs_vs_dq_lane,6,203,197,6,203,197,positive,positive,False,False,True
30,pass_to_fail,baseline-no-lock-seed-30,cntvaluein3-skew-locked-seed30-long-poll,True,False,0,2,check_starting_data_search_exhausted,signed_dqs_minus_dq_median__idelay_cntvaluein_skew__lane1__dqs1__ctrl_4__dqs_vs_dq_lane__value_ps,signed_dqs_minus_dq_median,idelay_cntvaluein_skew,lane1,dqs1,4,dqs_vs_dq_lane,727,-146,-873,727,146,-581,positive,negative,True,True,False
30,pass_to_fail,baseline-no-lock-seed-30,cntvaluein3-skew-locked-seed30-long-poll,True,False,0,2,check_starting_data_search_exhausted,signed_lane1_minus_lane0_dq_median__idelay_cntvaluein_skew__all__no_bit__ctrl_0__lane1_vs_lane0_dq__value_ps,signed_lane1_minus_lane0_dq_median,idelay_cntvaluein_skew,all,,0,lane1_vs_lane0_dq,-288,-241.5,46.5,288,241.5,-46.5,negative,negative,False,True,False
30,pass_to_fail,baseline-no-lock-seed-30,cntvaluein3-skew-locked-seed30-long-poll,True,False,0,2,check_starting_data_search_exhausted,signed_lane1_minus_lane0_dq_median__idelay_cntvaluein_skew__all__no_bit__ctrl_1__lane1_vs_lane0_dq__value_ps,signed_lane1_minus_lane0_dq_median,idelay_cntvaluein_skew,all,,1,lane1_vs_lane0_dq,-262.5,-591.5,-329,262.5,591.5,329,negative,negative,False,False,True
30,pass_to_fail,baseline-no-lock-seed-30,cntvaluein3-skew-locked-seed30-long-poll,True,False,0,2,check_starting_data_search_exhausted,signed_lane1_minus_lane0_dq_median__idelay_cntvaluein_skew__all__no_bit__ctrl_2__lane1_vs_lane0_dq__value_ps,signed_lane1_minus_lane0_dq_median,idelay_cntvaluein_skew,all,,2,lane1_vs_lane0_dq,-416.5,-194,222.5,416.5,194,-222.5,negative,negative,False,True,False
30,pass_to_fail,baseline-no-lock-seed-30,cntvaluein3-skew-locked-seed30-long-poll,True,False,0,2,check_starting_data_search_exhausted,signed_lane1_minus_lane0_dq_median__idelay_cntvaluein_skew__all__no_bit__ctrl_3__lane1_vs_lane0_dq__value_ps,signed_lane1_minus_lane0_dq_median,idelay_cntvaluein_skew,all,,3,lane1_vs_lane0_dq,-500.5,-355,145.5,500.5,355,-145.5,negative,negative,False,True,False
30,pass_to_fail,baseline-no-lock-seed-30,cntvaluein3-skew-locked-seed30-long-poll,True,False,0,2,check_starting_data_search_exhausted,signed_lane1_minus_lane0_dq_median__idelay_cntvaluein_skew__all__no_bit__ctrl_4__lane1_vs_lane0_dq__value_ps,signed_lane1_minus_lane0_dq_median,idelay_cntvaluein_skew,all,,4,lane1_vs_lane0_dq,-251.5,-125.5,126,251.5,125.5,-126,negative,negative,False,True,False
30,pass_to_fail,baseline-no-lock-seed-30,cntvaluein3-skew-locked-seed30-long-poll,True,False,0,2,check_starting_data_search_exhausted,signed_lane1_minus_lane0_dqs__idelay_cntvaluein_skew__all__no_bit__ctrl_0__lane1_vs_lane0_dqs__value_ps,signed_lane1_minus_lane0_dqs,idelay_cntvaluein_skew,all,,0,lane1_vs_lane0_dqs,27,-415,-442,27,415,388,positive,negative,True,False,True
30,pass_to_fail,baseline-no-lock-seed-30,cntvaluein3-skew-locked-seed30-long-poll,True,False,0,2,check_starting_data_search_exhausted,signed_lane1_minus_lane0_dqs__idelay_cntvaluein_skew__all__no_bit__ctrl_1__lane1_vs_lane0_dqs__value_ps,signed_lane1_minus_lane0_dqs,idelay_cntvaluein_skew,all,,1,lane1_vs_lane0_dqs,-274,-413,-139,274,413,139,negative,negative,False,False,True
30,pass_to_fail,baseline-no-lock-seed-30,cntvaluein3-skew-locked-seed30-long-poll,True,False,0,2,check_starting_data_search_exhausted,signed_lane1_minus_lane0_dqs__idelay_cntvaluein_skew__all__no_bit__ctrl_2__lane1_vs_lane0_dqs__value_ps,signed_lane1_minus_lane0_dqs,idelay_cntvaluein_skew,all,,2,lane1_vs_lane0_dqs,-408,107,515,408,107,-301,negative,positive,True,True,False
30,pass_to_fail,baseline-no-lock-seed-30,cntvaluein3-skew-locked-seed30-long-poll,True,False,0,2,check_starting_data_search_exhausted,signed_lane1_minus_lane0_dqs__idelay_cntvaluein_skew__all__no_bit__ctrl_3__lane1_vs_lane0_dqs__value_ps,signed_lane1_minus_lane0_dqs,idelay_cntvaluein_skew,all,,3,lane1_vs_lane0_dqs,-350,-279,71,350,279,-71,negative,negative,False,True,False
30,pass_to_fail,baseline-no-lock-seed-30,cntvaluein3-skew-locked-seed30-long-poll,True,False,0,2,check_starting_data_search_exhausted,signed_lane1_minus_lane0_dqs__idelay_cntvaluein_skew__all__no_bit__ctrl_4__lane1_vs_lane0_dqs__value_ps,signed_lane1_minus_lane0_dqs,idelay_cntvaluein_skew,all,,4,lane1_vs_lane0_dqs,-233,-319,-86,233,319,86,negative,negative,False,False,True
30,pass_to_fail,baseline-no-lock-seed-30,cntvaluein3-skew-locked-seed30-long-poll,True,False,0,2,check_starting_data_search_exhausted,signed_ld_dqs_minus_dq_median__idelay_ld_skew__lane0__dqs0__ctrl_none__dqs_vs_dq_lane__value_ps,signed_ld_dqs_minus_dq_median,idelay_ld_skew,lane0,dqs0,,dqs_vs_dq_lane,6,81,75,6,81,75,positive,positive,False,False,True
30,pass_to_fail,baseline-no-lock-seed-30,cntvaluein3-skew-locked-seed30-long-poll,True,False,0,2,check_starting_data_search_exhausted,signed_ld_dqs_minus_dq_median__idelay_ld_skew__lane1__dqs1__ctrl_none__dqs_vs_dq_lane__value_ps,signed_ld_dqs_minus_dq_median,idelay_ld_skew,lane1,dqs1,,dqs_vs_dq_lane,-56,152.5,208.5,56,152.5,96.5,negative,positive,True,False,True
30,pass_to_fail,baseline-no-lock-seed-30,cntvaluein3-skew-locked-seed30-long-poll,True,False,0,2,check_starting_data_search_exhausted,signed_ld_minus_cntvaluein_dq_median__idelay_ld_cntvaluein_skew__lane0__no_bit__ctrl_0__ld_vs_cntvaluein_dq_lane__value_ps,signed_ld_minus_cntvaluein_dq_median,idelay_ld_cntvaluein_skew,lane0,,0,ld_vs_cntvaluein_dq_lane,-20.5,-385,-364.5,20.5,385,364.5,negative,negative,False,False,True
30,pass_to_fail,baseline-no-lock-seed-30,cntvaluein3-skew-locked-seed30-long-poll,True,False,0,2,check_starting_data_search_exhausted,signed_ld_minus_cntvaluein_dq_median__idelay_ld_cntvaluein_skew__lane0__no_bit__ctrl_1__ld_vs_cntvaluein_dq_lane__value_ps,signed_ld_minus_cntvaluein_dq_median,idelay_ld_cntvaluein_skew,lane0,,1,ld_vs_cntvaluein_dq_lane,140.5,-230.5,-371,140.5,230.5,90,positive,negative,True,False,True
30,pass_to_fail,baseline-no-lock-seed-30,cntvaluein3-skew-locked-seed30-long-poll,True,False,0,2,check_starting_data_search_exhausted,signed_ld_minus_cntvaluein_dq_median__idelay_ld_cntvaluein_skew__lane0__no_bit__ctrl_2__ld_vs_cntvaluein_dq_lane__value_ps,signed_ld_minus_cntvaluein_dq_median,idelay_ld_cntvaluein_skew,lane0,,2,ld_vs_cntvaluein_dq_lane,170.5,-66,-236.5,170.5,66,-104.5,positive,negative,True,True,False
30,pass_to_fail,baseline-no-lock-seed-30,cntvaluein3-skew-locked-seed30-long-poll,True,False,0,2,check_starting_data_search_exhausted,signed_ld_minus_cntvaluein_dq_median__idelay_ld_cntvaluein_skew__lane0__no_bit__ctrl_3__ld_vs_cntvaluein_dq_lane__value_ps,signed_ld_minus_cntvaluein_dq_median,idelay_ld_cntvaluein_skew,lane0,,3,ld_vs_cntvaluein_dq_lane,19.5,-601,-620.5,19.5,601,581.5,positive,negative,True,False,True
30,pass_to_fail,baseline-no-lock-seed-30,cntvaluein3-skew-locked-seed30-long-poll,True,False,0,2,check_starting_data_search_exhausted,signed_ld_minus_cntvaluein_dq_median__idelay_ld_cntvaluein_skew__lane0__no_bit__ctrl_4__ld_vs_cntvaluein_dq_lane__value_ps,signed_ld_minus_cntvaluein_dq_median,idelay_ld_cntvaluein_skew,lane0,,4,ld_vs_cntvaluein_dq_lane,665.5,-247.5,-913,665.5,247.5,-418,positive,negative,True,True,False
30,pass_to_fail,baseline-no-lock-seed-30,cntvaluein3-skew-locked-seed30-long-poll,True,False,0,2,check_starting_data_search_exhausted,signed_ld_minus_cntvaluein_dq_median__idelay_ld_cntvaluein_skew__lane1__no_bit__ctrl_0__ld_vs_cntvaluein_dq_lane__value_ps,signed_ld_minus_cntvaluein_dq_median,idelay_ld_cntvaluein_skew,lane1,,0,ld_vs_cntvaluein_dq_lane,-77.5,-21,56.5,77.5,21,-56.5,negative,negative,False,True,False
30,pass_to_fail,baseline-no-lock-seed-30,cntvaluein3-skew-locked-seed30-long-poll,True,False,0,2,check_starting_data_search_exhausted,signed_ld_minus_cntvaluein_dq_median__idelay_ld_cntvaluein_skew__lane1__no_bit__ctrl_1__ld_vs_cntvaluein_dq_lane__value_ps,signed_ld_minus_cntvaluein_dq_median,idelay_ld_cntvaluein_skew,lane1,,1,ld_vs_cntvaluein_dq_lane,58,483.5,425.5,58,483.5,425.5,positive,positive,False,False,True
30,pass_to_fail,baseline-no-lock-seed-30,cntvaluein3-skew-locked-seed30-long-poll,True,False,0,2,check_starting_data_search_exhausted,signed_ld_minus_cntvaluein_dq_median__idelay_ld_cntvaluein_skew__lane1__no_bit__ctrl_2__ld_vs_cntvaluein_dq_lane__value_ps,signed_ld_minus_cntvaluein_dq_median,idelay_ld_cntvaluein_skew,lane1,,2,ld_vs_cntvaluein_dq_lane,242,250.5,8.5,242,250.5,8.5,positive,positive,False,False,True
30,pass_to_fail,baseline-no-lock-seed-30,cntvaluein3-skew-locked-seed30-long-poll,True,False,0,2,check_starting_data_search_exhausted,signed_ld_minus_cntvaluein_dq_median__idelay_ld_cntvaluein_skew__lane1__no_bit__ctrl_3__ld_vs_cntvaluein_dq_lane__value_ps,signed_ld_minus_cntvaluein_dq_median,idelay_ld_cntvaluein_skew,lane1,,3,ld_vs_cntvaluein_dq_lane,175,-123.5,-298.5,175,123.5,-51.5,positive,negative,True,True,False
30,pass_to_fail,baseline-no-lock-seed-30,cntvaluein3-skew-locked-seed30-long-poll,True,False,0,2,check_starting_data_search_exhausted,signed_ld_minus_cntvaluein_dq_median__idelay_ld_cntvaluein_skew__lane1__no_bit__ctrl_4__ld_vs_cntvaluein_dq_lane__value_ps,signed_ld_minus_cntvaluein_dq_median,idelay_ld_cntvaluein_skew,lane1,,4,ld_vs_cntvaluein_dq_lane,572,0.5,-571.5,572,0.5,-571.5,positive,positive,False,True,False
30,pass_to_fail,baseline-no-lock-seed-30,cntvaluein3-skew-locked-seed30-long-poll,True,False,0,2,check_starting_data_search_exhausted,signed_ld_minus_cntvaluein_dqs__idelay_ld_cntvaluein_skew__lane0__dqs0__ctrl_0__ld_vs_cntvaluein_dqs__value_ps,signed_ld_minus_cntvaluein_dqs,idelay_ld_cntvaluein_skew,lane0,dqs0,0,ld_vs_cntvaluein_dqs,-50,-421,-371,50,421,371,negative,negative,False,False,True
30,pass_to_fail,baseline-no-lock-seed-30,cntvaluein3-skew-locked-seed30-long-poll,True,False,0,2,check_starting_data_search_exhausted,signed_ld_minus_cntvaluein_dqs__idelay_ld_cntvaluein_skew__lane0__dqs0__ctrl_1__ld_vs_cntvaluein_dqs__value_ps,signed_ld_minus_cntvaluein_dqs,idelay_ld_cntvaluein_skew,lane0,dqs0,1,ld_vs_cntvaluein_dqs,9,-125,-134,9,125,116,positive,negative,True,False,True
30,pass_to_fail,baseline-no-lock-seed-30,cntvaluein3-skew-locked-seed30-long-poll,True,False,0,2,check_starting_data_search_exhausted,signed_ld_minus_cntvaluein_dqs__idelay_ld_cntvaluein_skew__lane0__dqs0__ctrl_2__ld_vs_cntvaluein_dqs__value_ps,signed_ld_minus_cntvaluein_dqs,idelay_ld_cntvaluein_skew,lane0,dqs0,2,ld_vs_cntvaluein_dqs,10,382,372,10,382,372,positive,positive,False,False,True
30,pass_to_fail,baseline-no-lock-seed-30,cntvaluein3-skew-locked-seed30-long-poll,True,False,0,2,check_starting_data_search_exhausted,signed_ld_minus_cntvaluein_dqs__idelay_ld_cntvaluein_skew__lane0__dqs0__ctrl_3__ld_vs_cntvaluein_dqs__value_ps,signed_ld_minus_cntvaluein_dqs,idelay_ld_cntvaluein_skew,lane0,dqs0,3,ld_vs_cntvaluein_dqs,170,-647,-817,170,647,477,positive,negative,True,False,True
30,pass_to_fail,baseline-no-lock-seed-30,cntvaluein3-skew-locked-seed30-long-poll,True,False,0,2,check_starting_data_search_exhausted,signed_ld_minus_cntvaluein_dqs__idelay_ld_cntvaluein_skew__lane0__dqs0__ctrl_4__ld_vs_cntvaluein_dqs__value_ps,signed_ld_minus_cntvaluein_dqs,idelay_ld_cntvaluein_skew,lane0,dqs0,4,ld_vs_cntvaluein_dqs,-37,-214,-177,37,214,177,negative,negative,False,False,True
30,pass_to_fail,baseline-no-lock-seed-30,cntvaluein3-skew-locked-seed30-long-poll,True,False,0,2,check_starting_data_search_exhausted,signed_ld_minus_cntvaluein_dqs__idelay_ld_cntvaluein_skew__lane1__dqs1__ctrl_0__ld_vs_cntvaluein_dqs__value_ps,signed_ld_minus_cntvaluein_dqs,idelay_ld_cntvaluein_skew,lane1,dqs1,0,ld_vs_cntvaluein_dqs,-484,188,672,484,188,-296,negative,positive,True,True,False
30,pass_to_fail,baseline-no-lock-seed-30,cntvaluein3-skew-locked-seed30-long-poll,True,False,0,2,check_starting_data_search_exhausted,signed_ld_minus_cntvaluein_dqs__idelay_ld_cntvaluein_skew__lane1__dqs1__ctrl_1__ld_vs_cntvaluein_dqs__value_ps,signed_ld_minus_cntvaluein_dqs,idelay_ld_cntvaluein_skew,lane1,dqs1,1,ld_vs_cntvaluein_dqs,-124,482,606,124,482,358,negative,positive,True,False,True
30,pass_to_fail,baseline-no-lock-seed-30,cntvaluein3-skew-locked-seed30-long-poll,True,False,0,2,check_starting_data_search_exhausted,signed_ld_minus_cntvaluein_dqs__idelay_ld_cntvaluein_skew__lane1__dqs1__ctrl_2__ld_vs_cntvaluein_dqs__value_ps,signed_ld_minus_cntvaluein_dqs,idelay_ld_cntvaluein_skew,lane1,dqs1,2,ld_vs_cntvaluein_dqs,11,469,458,11,469,458,positive,positive,False,False,True
30,pass_to_fail,baseline-no-lock-seed-30,cntvaluein3-skew-locked-seed30-long-poll,True,False,0,2,check_starting_data_search_exhausted,signed_ld_minus_cntvaluein_dqs__idelay_ld_cntvaluein_skew__lane1__dqs1__ctrl_3__ld_vs_cntvaluein_dqs__value_ps,signed_ld_minus_cntvaluein_dqs,idelay_ld_cntvaluein_skew,lane1,dqs1,3,ld_vs_cntvaluein_dqs,113,-174,-287,113,174,61,positive,negative,True,False,True
30,pass_to_fail,baseline-no-lock-seed-30,cntvaluein3-skew-locked-seed30-long-poll,True,False,0,2,check_starting_data_search_exhausted,signed_ld_minus_cntvaluein_dqs__idelay_ld_cntvaluein_skew__lane1__dqs1__ctrl_4__ld_vs_cntvaluein_dqs__value_ps,signed_ld_minus_cntvaluein_dqs,idelay_ld_cntvaluein_skew,lane1,dqs1,4,ld_vs_cntvaluein_dqs,-211,299,510,211,299,88,negative,positive,True,False,True
