family,constant_edge,delta_ps,baseline_ps,variant_ps,key,baseline_text,variant_text
dq_dqs_input,False,-1853.0,3213.0,1360.0,INTERCONNECT:ddr3_top_inst.ddr3_phy_inst.genblk5[8].ISERDESE2_data.RST,(INTERCONNECT \$auto\$ff\.cc\:266\:slice\$43799.Q ddr3_top_inst\.ddr3_phy_inst\.genblk5\[8\]\.ISERDESE2_data.RST (3213:3213:3213) (3213:3213:3213)),(INTERCONNECT \$auto\$ff\.cc\:266\:slice\$43799.Q ddr3_top_inst\.ddr3_phy_inst\.genblk5\[8\]\.ISERDESE2_data.RST (1360:1360:1360) (1360:1360:1360))
dq_dqs_input,False,-1724.0,2937.0,1213.0,INTERCONNECT:ddr3_top_inst.ddr3_phy_inst.genblk5[2].ISERDESE2_data.RST,(INTERCONNECT \$auto\$ff\.cc\:266\:slice\$43799.Q ddr3_top_inst\.ddr3_phy_inst\.genblk5\[2\]\.ISERDESE2_data.RST (2937:2937:2937) (2937:2937:2937)),(INTERCONNECT \$auto\$ff\.cc\:266\:slice\$43799.Q ddr3_top_inst\.ddr3_phy_inst\.genblk5\[2\]\.ISERDESE2_data.RST (1213:1213:1213) (1213:1213:1213))
dq_dqs_input,False,-1608.0,3042.0,1434.0,INTERCONNECT:ddr3_top_inst.ddr3_phy_inst.genblk5[9].ISERDESE2_data.RST,(INTERCONNECT \$auto\$ff\.cc\:266\:slice\$43799.Q ddr3_top_inst\.ddr3_phy_inst\.genblk5\[9\]\.ISERDESE2_data.RST (3042:3042:3042) (3042:3042:3042)),(INTERCONNECT \$auto\$ff\.cc\:266\:slice\$43799.Q ddr3_top_inst\.ddr3_phy_inst\.genblk5\[9\]\.ISERDESE2_data.RST (1434:1434:1434) (1434:1434:1434))
dq_dqs_input,False,-1551.0,3075.0,1524.0,INTERCONNECT:ddr3_top_inst.ddr3_phy_inst.genblk5[5].ISERDESE2_data.RST,(INTERCONNECT \$auto\$ff\.cc\:266\:slice\$43799.Q ddr3_top_inst\.ddr3_phy_inst\.genblk5\[5\]\.ISERDESE2_data.RST (3075:3075:3075) (3075:3075:3075)),(INTERCONNECT \$auto\$ff\.cc\:266\:slice\$43799.Q ddr3_top_inst\.ddr3_phy_inst\.genblk5\[5\]\.ISERDESE2_data.RST (1524:1524:1524) (1524:1524:1524))
dq_dqs_input,False,-1531.0,2878.0,1347.0,INTERCONNECT:ddr3_top_inst.ddr3_phy_inst.genblk5[15].ISERDESE2_data.RST,(INTERCONNECT \$auto\$ff\.cc\:266\:slice\$43799.Q ddr3_top_inst\.ddr3_phy_inst\.genblk5\[15\]\.ISERDESE2_data.RST (2878:2878:2878) (2878:2878:2878)),(INTERCONNECT \$auto\$ff\.cc\:266\:slice\$43799.Q ddr3_top_inst\.ddr3_phy_inst\.genblk5\[15\]\.ISERDESE2_data.RST (1347:1347:1347) (1347:1347:1347))
idelayctrl_ready,False,-1479.0,2457.0,978.0,INTERCONNECT:ddr3_top_inst.ddr3_phy_inst.IDELAYCTRL_inst$intcell$CTRL_DUP_0.RST,(INTERCONNECT \$auto\$ff\.cc\:266\:slice\$43799.Q ddr3_top_inst\.ddr3_phy_inst\.IDELAYCTRL_inst\$intcell\$CTRL_DUP_0.RST (2457:2457:2457) (2457:2457:2457)),(INTERCONNECT \$auto\$ff\.cc\:266\:slice\$43799.Q ddr3_top_inst\.ddr3_phy_inst\.IDELAYCTRL_inst\$intcell\$CTRL_DUP_0.RST (978:978:978) (978:978:978))
dq_dqs_input,False,-1429.0,2657.0,1228.0,INTERCONNECT:ddr3_top_inst.ddr3_phy_inst.genblk5[12].ISERDESE2_data.RST,(INTERCONNECT \$auto\$ff\.cc\:266\:slice\$43799.Q ddr3_top_inst\.ddr3_phy_inst\.genblk5\[12\]\.ISERDESE2_data.RST (2657:2657:2657) (2657:2657:2657)),(INTERCONNECT \$auto\$ff\.cc\:266\:slice\$43799.Q ddr3_top_inst\.ddr3_phy_inst\.genblk5\[12\]\.ISERDESE2_data.RST (1228:1228:1228) (1228:1228:1228))
dq_dqs_input,False,-1428.0,2572.0,1144.0,INTERCONNECT:ddr3_top_inst.ddr3_phy_inst.genblk5[10].ISERDESE2_data.RST,(INTERCONNECT \$auto\$ff\.cc\:266\:slice\$43799.Q ddr3_top_inst\.ddr3_phy_inst\.genblk5\[10\]\.ISERDESE2_data.RST (2572:2572:2572) (2572:2572:2572)),(INTERCONNECT \$auto\$ff\.cc\:266\:slice\$43799.Q ddr3_top_inst\.ddr3_phy_inst\.genblk5\[10\]\.ISERDESE2_data.RST (1144:1144:1144) (1144:1144:1144))
dq_dqs_input,False,-1368.0,2578.0,1210.0,INTERCONNECT:ddr3_top_inst.ddr3_phy_inst.genblk5[11].ISERDESE2_data.RST,(INTERCONNECT \$auto\$ff\.cc\:266\:slice\$43799.Q ddr3_top_inst\.ddr3_phy_inst\.genblk5\[11\]\.ISERDESE2_data.RST (2578:2578:2578) (2578:2578:2578)),(INTERCONNECT \$auto\$ff\.cc\:266\:slice\$43799.Q ddr3_top_inst\.ddr3_phy_inst\.genblk5\[11\]\.ISERDESE2_data.RST (1210:1210:1210) (1210:1210:1210))
dq_dqs_input,False,-1367.0,2663.0,1296.0,INTERCONNECT:ddr3_top_inst.ddr3_phy_inst.genblk5[13].ISERDESE2_data.RST,(INTERCONNECT \$auto\$ff\.cc\:266\:slice\$43799.Q ddr3_top_inst\.ddr3_phy_inst\.genblk5\[13\]\.ISERDESE2_data.RST (2663:2663:2663) (2663:2663:2663)),(INTERCONNECT \$auto\$ff\.cc\:266\:slice\$43799.Q ddr3_top_inst\.ddr3_phy_inst\.genblk5\[13\]\.ISERDESE2_data.RST (1296:1296:1296) (1296:1296:1296))
dq_dqs_input,False,-1366.0,2838.0,1472.0,INTERCONNECT:ddr3_top_inst.ddr3_phy_inst.genblk7[1].ISERDESE2_dqs.RST,(INTERCONNECT \$auto\$ff\.cc\:266\:slice\$43799.Q ddr3_top_inst\.ddr3_phy_inst\.genblk7\[1\]\.ISERDESE2_dqs.RST (2838:2838:2838) (2838:2838:2838)),(INTERCONNECT \$auto\$ff\.cc\:266\:slice\$43799.Q ddr3_top_inst\.ddr3_phy_inst\.genblk7\[1\]\.ISERDESE2_dqs.RST (1472:1472:1472) (1472:1472:1472))
dq_dqs_input,False,-1352.0,3029.0,1677.0,INTERCONNECT:ddr3_top_inst.ddr3_phy_inst.genblk5[6].ISERDESE2_data.RST,(INTERCONNECT \$auto\$ff\.cc\:266\:slice\$43799.Q ddr3_top_inst\.ddr3_phy_inst\.genblk5\[6\]\.ISERDESE2_data.RST (3029:3029:3029) (3029:3029:3029)),(INTERCONNECT \$auto\$ff\.cc\:266\:slice\$43799.Q ddr3_top_inst\.ddr3_phy_inst\.genblk5\[6\]\.ISERDESE2_data.RST (1677:1677:1677) (1677:1677:1677))
dq_dqs_input,False,-1264.0,3122.0,1858.0,INTERCONNECT:ddr3_top_inst.ddr3_phy_inst.genblk7[0].ISERDESE2_dqs.RST,(INTERCONNECT \$auto\$ff\.cc\:266\:slice\$43799.Q ddr3_top_inst\.ddr3_phy_inst\.genblk7\[0\]\.ISERDESE2_dqs.RST (3122:3122:3122) (3122:3122:3122)),(INTERCONNECT \$auto\$ff\.cc\:266\:slice\$43799.Q ddr3_top_inst\.ddr3_phy_inst\.genblk7\[0\]\.ISERDESE2_dqs.RST (1858:1858:1858) (1858:1858:1858))
dq_dqs_input,False,-1200.0,2665.0,1465.0,INTERCONNECT:ddr3_top_inst.ddr3_phy_inst.genblk5[0].ISERDESE2_data.RST,(INTERCONNECT \$auto\$ff\.cc\:266\:slice\$43799.Q ddr3_top_inst\.ddr3_phy_inst\.genblk5\[0\]\.ISERDESE2_data.RST (2665:2665:2665) (2665:2665:2665)),(INTERCONNECT \$auto\$ff\.cc\:266\:slice\$43799.Q ddr3_top_inst\.ddr3_phy_inst\.genblk5\[0\]\.ISERDESE2_data.RST (1465:1465:1465) (1465:1465:1465))
dq_dqs_input,False,-1152.0,2913.0,1761.0,INTERCONNECT:ddr3_top_inst.ddr3_phy_inst.genblk5[7].ISERDESE2_data.RST,(INTERCONNECT \$auto\$ff\.cc\:266\:slice\$43799.Q ddr3_top_inst\.ddr3_phy_inst\.genblk5\[7\]\.ISERDESE2_data.RST (2913:2913:2913) (2913:2913:2913)),(INTERCONNECT \$auto\$ff\.cc\:266\:slice\$43799.Q ddr3_top_inst\.ddr3_phy_inst\.genblk5\[7\]\.ISERDESE2_data.RST (1761:1761:1761) (1761:1761:1761))
dq_dqs_input,False,-1140.0,2694.0,1554.0,INTERCONNECT:ddr3_top_inst.ddr3_phy_inst.genblk5[1].ISERDESE2_data.RST,(INTERCONNECT \$auto\$ff\.cc\:266\:slice\$43799.Q ddr3_top_inst\.ddr3_phy_inst\.genblk5\[1\]\.ISERDESE2_data.RST (2694:2694:2694) (2694:2694:2694)),(INTERCONNECT \$auto\$ff\.cc\:266\:slice\$43799.Q ddr3_top_inst\.ddr3_phy_inst\.genblk5\[1\]\.ISERDESE2_data.RST (1554:1554:1554) (1554:1554:1554))
dq_dqs_input,False,-1138.0,2335.0,1197.0,INTERCONNECT:ddr3_top_inst.ddr3_phy_inst.genblk5[14].ISERDESE2_data.RST,(INTERCONNECT \$auto\$ff\.cc\:266\:slice\$43799.Q ddr3_top_inst\.ddr3_phy_inst\.genblk5\[14\]\.ISERDESE2_data.RST (2335:2335:2335) (2335:2335:2335)),(INTERCONNECT \$auto\$ff\.cc\:266\:slice\$43799.Q ddr3_top_inst\.ddr3_phy_inst\.genblk5\[14\]\.ISERDESE2_data.RST (1197:1197:1197) (1197:1197:1197))
dq_dqs_input,False,-1024.0,2464.0,1440.0,INTERCONNECT:ddr3_top_inst.ddr3_phy_inst.genblk5[3].ISERDESE2_data.RST,(INTERCONNECT \$auto\$ff\.cc\:266\:slice\$43799.Q ddr3_top_inst\.ddr3_phy_inst\.genblk5\[3\]\.ISERDESE2_data.RST (2464:2464:2464) (2464:2464:2464)),(INTERCONNECT \$auto\$ff\.cc\:266\:slice\$43799.Q ddr3_top_inst\.ddr3_phy_inst\.genblk5\[3\]\.ISERDESE2_data.RST (1440:1440:1440) (1440:1440:1440))
dq_dqs_input,False,-963.0,2604.0,1641.0,INTERCONNECT:ddr3_top_inst.ddr3_phy_inst.genblk5[4].ISERDESE2_data.RST,(INTERCONNECT \$auto\$ff\.cc\:266\:slice\$43799.Q ddr3_top_inst\.ddr3_phy_inst\.genblk5\[4\]\.ISERDESE2_data.RST (2604:2604:2604) (2604:2604:2604)),(INTERCONNECT \$auto\$ff\.cc\:266\:slice\$43799.Q ddr3_top_inst\.ddr3_phy_inst\.genblk5\[4\]\.ISERDESE2_data.RST (1641:1641:1641) (1641:1641:1641))
idelay_programming,False,824.0,1774.0,2598.0,INTERCONNECT:ddr3_top_inst.ddr3_phy_inst.genblk5[7].IDELAYE2_data.LD,(INTERCONNECT \$auto\$ff\.cc\:266\:slice\$43075.Q ddr3_top_inst\.ddr3_phy_inst\.genblk5\[7\]\.IDELAYE2_data.LD (1774:1774:1774) (1774:1774:1774)),(INTERCONNECT \$auto\$ff\.cc\:266\:slice\$43075.Q ddr3_top_inst\.ddr3_phy_inst\.genblk5\[7\]\.IDELAYE2_data.LD (2598:2598:2598) (2598:2598:2598))
dq_dqs_input,False,824.0,1774.0,2598.0,INTERCONNECT:ddr3_top_inst.ddr3_phy_inst.genblk5[7].IDELAYE2_data.LD,(INTERCONNECT \$auto\$ff\.cc\:266\:slice\$43075.Q ddr3_top_inst\.ddr3_phy_inst\.genblk5\[7\]\.IDELAYE2_data.LD (1774:1774:1774) (1774:1774:1774)),(INTERCONNECT \$auto\$ff\.cc\:266\:slice\$43075.Q ddr3_top_inst\.ddr3_phy_inst\.genblk5\[7\]\.IDELAYE2_data.LD (2598:2598:2598) (2598:2598:2598))
idelay_programming,False,801.0,1310.0,2111.0,INTERCONNECT:ddr3_top_inst.ddr3_phy_inst.genblk5[14].IDELAYE2_data.CNTVALUEIN3,(INTERCONNECT \$abc\$179448\$lut\\ddr3_top_inst\.ddr3_phy_inst\.i_controller_idelay_data_cntvaluein\[3\].O6 ddr3_top_inst\.ddr3_phy_inst\.genblk5\[14\]\.IDELAYE2_data.CNTVALUEIN3 (1310:1310:1310) (1310:1310:1310)),(INTERCONNECT \$abc\$179448\$lut\\ddr3_top_inst\.ddr3_phy_inst\.i_controller_idelay_data_cntvaluein\[3\].O6 ddr3_top_inst\.ddr3_phy_inst\.genblk5\[14\]\.IDELAYE2_data.CNTVALUEIN3 (2111:2111:2111) (2111:2111:2111))
dq_dqs_input,False,801.0,1310.0,2111.0,INTERCONNECT:ddr3_top_inst.ddr3_phy_inst.genblk5[14].IDELAYE2_data.CNTVALUEIN3,(INTERCONNECT \$abc\$179448\$lut\\ddr3_top_inst\.ddr3_phy_inst\.i_controller_idelay_data_cntvaluein\[3\].O6 ddr3_top_inst\.ddr3_phy_inst\.genblk5\[14\]\.IDELAYE2_data.CNTVALUEIN3 (1310:1310:1310) (1310:1310:1310)),(INTERCONNECT \$abc\$179448\$lut\\ddr3_top_inst\.ddr3_phy_inst\.i_controller_idelay_data_cntvaluein\[3\].O6 ddr3_top_inst\.ddr3_phy_inst\.genblk5\[14\]\.IDELAYE2_data.CNTVALUEIN3 (2111:2111:2111) (2111:2111:2111))
idelay_programming,False,791.0,1442.0,2233.0,INTERCONNECT:ddr3_top_inst.ddr3_phy_inst.genblk5[5].IDELAYE2_data.CNTVALUEIN3,(INTERCONNECT \$abc\$179448\$lut\\ddr3_top_inst\.ddr3_phy_inst\.i_controller_idelay_data_cntvaluein\[3\].O6 ddr3_top_inst\.ddr3_phy_inst\.genblk5\[5\]\.IDELAYE2_data.CNTVALUEIN3 (1442:1442:1442) (1442:1442:1442)),(INTERCONNECT \$abc\$179448\$lut\\ddr3_top_inst\.ddr3_phy_inst\.i_controller_idelay_data_cntvaluein\[3\].O6 ddr3_top_inst\.ddr3_phy_inst\.genblk5\[5\]\.IDELAYE2_data.CNTVALUEIN3 (2233:2233:2233) (2233:2233:2233))
dq_dqs_input,False,791.0,1442.0,2233.0,INTERCONNECT:ddr3_top_inst.ddr3_phy_inst.genblk5[5].IDELAYE2_data.CNTVALUEIN3,(INTERCONNECT \$abc\$179448\$lut\\ddr3_top_inst\.ddr3_phy_inst\.i_controller_idelay_data_cntvaluein\[3\].O6 ddr3_top_inst\.ddr3_phy_inst\.genblk5\[5\]\.IDELAYE2_data.CNTVALUEIN3 (1442:1442:1442) (1442:1442:1442)),(INTERCONNECT \$abc\$179448\$lut\\ddr3_top_inst\.ddr3_phy_inst\.i_controller_idelay_data_cntvaluein\[3\].O6 ddr3_top_inst\.ddr3_phy_inst\.genblk5\[5\]\.IDELAYE2_data.CNTVALUEIN3 (2233:2233:2233) (2233:2233:2233))
idelay_programming,False,762.0,1439.0,2201.0,INTERCONNECT:ddr3_top_inst.ddr3_phy_inst.genblk5[8].IDELAYE2_data.CNTVALUEIN3,(INTERCONNECT \$abc\$179448\$lut\\ddr3_top_inst\.ddr3_phy_inst\.i_controller_idelay_data_cntvaluein\[3\].O6 ddr3_top_inst\.ddr3_phy_inst\.genblk5\[8\]\.IDELAYE2_data.CNTVALUEIN3 (1439:1439:1439) (1439:1439:1439)),(INTERCONNECT \$abc\$179448\$lut\\ddr3_top_inst\.ddr3_phy_inst\.i_controller_idelay_data_cntvaluein\[3\].O6 ddr3_top_inst\.ddr3_phy_inst\.genblk5\[8\]\.IDELAYE2_data.CNTVALUEIN3 (2201:2201:2201) (2201:2201:2201))
dq_dqs_input,False,762.0,1439.0,2201.0,INTERCONNECT:ddr3_top_inst.ddr3_phy_inst.genblk5[8].IDELAYE2_data.CNTVALUEIN3,(INTERCONNECT \$abc\$179448\$lut\\ddr3_top_inst\.ddr3_phy_inst\.i_controller_idelay_data_cntvaluein\[3\].O6 ddr3_top_inst\.ddr3_phy_inst\.genblk5\[8\]\.IDELAYE2_data.CNTVALUEIN3 (1439:1439:1439) (1439:1439:1439)),(INTERCONNECT \$abc\$179448\$lut\\ddr3_top_inst\.ddr3_phy_inst\.i_controller_idelay_data_cntvaluein\[3\].O6 ddr3_top_inst\.ddr3_phy_inst\.genblk5\[8\]\.IDELAYE2_data.CNTVALUEIN3 (2201:2201:2201) (2201:2201:2201))
idelay_programming,False,758.0,1626.0,2384.0,INTERCONNECT:ddr3_top_inst.ddr3_phy_inst.genblk5[4].IDELAYE2_data.CNTVALUEIN3,(INTERCONNECT \$abc\$179448\$lut\\ddr3_top_inst\.ddr3_phy_inst\.i_controller_idelay_data_cntvaluein\[3\].O6 ddr3_top_inst\.ddr3_phy_inst\.genblk5\[4\]\.IDELAYE2_data.CNTVALUEIN3 (1626:1626:1626) (1626:1626:1626)),(INTERCONNECT \$abc\$179448\$lut\\ddr3_top_inst\.ddr3_phy_inst\.i_controller_idelay_data_cntvaluein\[3\].O6 ddr3_top_inst\.ddr3_phy_inst\.genblk5\[4\]\.IDELAYE2_data.CNTVALUEIN3 (2384:2384:2384) (2384:2384:2384))
dq_dqs_input,False,758.0,1626.0,2384.0,INTERCONNECT:ddr3_top_inst.ddr3_phy_inst.genblk5[4].IDELAYE2_data.CNTVALUEIN3,(INTERCONNECT \$abc\$179448\$lut\\ddr3_top_inst\.ddr3_phy_inst\.i_controller_idelay_data_cntvaluein\[3\].O6 ddr3_top_inst\.ddr3_phy_inst\.genblk5\[4\]\.IDELAYE2_data.CNTVALUEIN3 (1626:1626:1626) (1626:1626:1626)),(INTERCONNECT \$abc\$179448\$lut\\ddr3_top_inst\.ddr3_phy_inst\.i_controller_idelay_data_cntvaluein\[3\].O6 ddr3_top_inst\.ddr3_phy_inst\.genblk5\[4\]\.IDELAYE2_data.CNTVALUEIN3 (2384:2384:2384) (2384:2384:2384))
idelay_programming,False,755.0,1393.0,2148.0,INTERCONNECT:ddr3_top_inst.ddr3_phy_inst.genblk5[3].IDELAYE2_data.CNTVALUEIN3,(INTERCONNECT \$abc\$179448\$lut\\ddr3_top_inst\.ddr3_phy_inst\.i_controller_idelay_data_cntvaluein\[3\].O6 ddr3_top_inst\.ddr3_phy_inst\.genblk5\[3\]\.IDELAYE2_data.CNTVALUEIN3 (1393:1393:1393) (1393:1393:1393)),(INTERCONNECT \$abc\$179448\$lut\\ddr3_top_inst\.ddr3_phy_inst\.i_controller_idelay_data_cntvaluein\[3\].O6 ddr3_top_inst\.ddr3_phy_inst\.genblk5\[3\]\.IDELAYE2_data.CNTVALUEIN3 (2148:2148:2148) (2148:2148:2148))
dq_dqs_input,False,755.0,1393.0,2148.0,INTERCONNECT:ddr3_top_inst.ddr3_phy_inst.genblk5[3].IDELAYE2_data.CNTVALUEIN3,(INTERCONNECT \$abc\$179448\$lut\\ddr3_top_inst\.ddr3_phy_inst\.i_controller_idelay_data_cntvaluein\[3\].O6 ddr3_top_inst\.ddr3_phy_inst\.genblk5\[3\]\.IDELAYE2_data.CNTVALUEIN3 (1393:1393:1393) (1393:1393:1393)),(INTERCONNECT \$abc\$179448\$lut\\ddr3_top_inst\.ddr3_phy_inst\.i_controller_idelay_data_cntvaluein\[3\].O6 ddr3_top_inst\.ddr3_phy_inst\.genblk5\[3\]\.IDELAYE2_data.CNTVALUEIN3 (2148:2148:2148) (2148:2148:2148))
idelay_programming,False,696.0,1855.0,2551.0,INTERCONNECT:ddr3_top_inst.ddr3_phy_inst.genblk5[2].IDELAYE2_data.LD,(INTERCONNECT \$auto\$ff\.cc\:266\:slice\$43075.Q ddr3_top_inst\.ddr3_phy_inst\.genblk5\[2\]\.IDELAYE2_data.LD (1855:1855:1855) (1855:1855:1855)),(INTERCONNECT \$auto\$ff\.cc\:266\:slice\$43075.Q ddr3_top_inst\.ddr3_phy_inst\.genblk5\[2\]\.IDELAYE2_data.LD (2551:2551:2551) (2551:2551:2551))
dq_dqs_input,False,696.0,1855.0,2551.0,INTERCONNECT:ddr3_top_inst.ddr3_phy_inst.genblk5[2].IDELAYE2_data.LD,(INTERCONNECT \$auto\$ff\.cc\:266\:slice\$43075.Q ddr3_top_inst\.ddr3_phy_inst\.genblk5\[2\]\.IDELAYE2_data.LD (1855:1855:1855) (1855:1855:1855)),(INTERCONNECT \$auto\$ff\.cc\:266\:slice\$43075.Q ddr3_top_inst\.ddr3_phy_inst\.genblk5\[2\]\.IDELAYE2_data.LD (2551:2551:2551) (2551:2551:2551))
idelay_programming,False,678.0,1338.0,2016.0,INTERCONNECT:ddr3_top_inst.ddr3_phy_inst.genblk5[10].IDELAYE2_data.CNTVALUEIN3,(INTERCONNECT \$abc\$179448\$lut\\ddr3_top_inst\.ddr3_phy_inst\.i_controller_idelay_data_cntvaluein\[3\].O6 ddr3_top_inst\.ddr3_phy_inst\.genblk5\[10\]\.IDELAYE2_data.CNTVALUEIN3 (1338:1338:1338) (1338:1338:1338)),(INTERCONNECT \$abc\$179448\$lut\\ddr3_top_inst\.ddr3_phy_inst\.i_controller_idelay_data_cntvaluein\[3\].O6 ddr3_top_inst\.ddr3_phy_inst\.genblk5\[10\]\.IDELAYE2_data.CNTVALUEIN3 (2016:2016:2016) (2016:2016:2016))
dq_dqs_input,False,678.0,1338.0,2016.0,INTERCONNECT:ddr3_top_inst.ddr3_phy_inst.genblk5[10].IDELAYE2_data.CNTVALUEIN3,(INTERCONNECT \$abc\$179448\$lut\\ddr3_top_inst\.ddr3_phy_inst\.i_controller_idelay_data_cntvaluein\[3\].O6 ddr3_top_inst\.ddr3_phy_inst\.genblk5\[10\]\.IDELAYE2_data.CNTVALUEIN3 (1338:1338:1338) (1338:1338:1338)),(INTERCONNECT \$abc\$179448\$lut\\ddr3_top_inst\.ddr3_phy_inst\.i_controller_idelay_data_cntvaluein\[3\].O6 ddr3_top_inst\.ddr3_phy_inst\.genblk5\[10\]\.IDELAYE2_data.CNTVALUEIN3 (2016:2016:2016) (2016:2016:2016))
idelay_programming,False,675.0,1771.0,2446.0,INTERCONNECT:ddr3_top_inst.ddr3_phy_inst.genblk5[5].IDELAYE2_data.LD,(INTERCONNECT \$auto\$ff\.cc\:266\:slice\$43075.Q ddr3_top_inst\.ddr3_phy_inst\.genblk5\[5\]\.IDELAYE2_data.LD (1771:1771:1771) (1771:1771:1771)),(INTERCONNECT \$auto\$ff\.cc\:266\:slice\$43075.Q ddr3_top_inst\.ddr3_phy_inst\.genblk5\[5\]\.IDELAYE2_data.LD (2446:2446:2446) (2446:2446:2446))
dq_dqs_input,False,675.0,1771.0,2446.0,INTERCONNECT:ddr3_top_inst.ddr3_phy_inst.genblk5[5].IDELAYE2_data.LD,(INTERCONNECT \$auto\$ff\.cc\:266\:slice\$43075.Q ddr3_top_inst\.ddr3_phy_inst\.genblk5\[5\]\.IDELAYE2_data.LD (1771:1771:1771) (1771:1771:1771)),(INTERCONNECT \$auto\$ff\.cc\:266\:slice\$43075.Q ddr3_top_inst\.ddr3_phy_inst\.genblk5\[5\]\.IDELAYE2_data.LD (2446:2446:2446) (2446:2446:2446))
idelay_programming,False,640.0,1256.0,1896.0,INTERCONNECT:ddr3_top_inst.ddr3_phy_inst.genblk5[11].IDELAYE2_data.CNTVALUEIN3,(INTERCONNECT \$abc\$179448\$lut\\ddr3_top_inst\.ddr3_phy_inst\.i_controller_idelay_data_cntvaluein\[3\].O6 ddr3_top_inst\.ddr3_phy_inst\.genblk5\[11\]\.IDELAYE2_data.CNTVALUEIN3 (1256:1256:1256) (1256:1256:1256)),(INTERCONNECT \$abc\$179448\$lut\\ddr3_top_inst\.ddr3_phy_inst\.i_controller_idelay_data_cntvaluein\[3\].O6 ddr3_top_inst\.ddr3_phy_inst\.genblk5\[11\]\.IDELAYE2_data.CNTVALUEIN3 (1896:1896:1896) (1896:1896:1896))
dq_dqs_input,False,640.0,1256.0,1896.0,INTERCONNECT:ddr3_top_inst.ddr3_phy_inst.genblk5[11].IDELAYE2_data.CNTVALUEIN3,(INTERCONNECT \$abc\$179448\$lut\\ddr3_top_inst\.ddr3_phy_inst\.i_controller_idelay_data_cntvaluein\[3\].O6 ddr3_top_inst\.ddr3_phy_inst\.genblk5\[11\]\.IDELAYE2_data.CNTVALUEIN3 (1256:1256:1256) (1256:1256:1256)),(INTERCONNECT \$abc\$179448\$lut\\ddr3_top_inst\.ddr3_phy_inst\.i_controller_idelay_data_cntvaluein\[3\].O6 ddr3_top_inst\.ddr3_phy_inst\.genblk5\[11\]\.IDELAYE2_data.CNTVALUEIN3 (1896:1896:1896) (1896:1896:1896))
idelay_programming,False,-631.0,2247.0,1616.0,INTERCONNECT:ddr3_top_inst.ddr3_phy_inst.genblk5[7].IDELAYE2_data.CNTVALUEIN0,(INTERCONNECT \$abc\$179448\$lut\\ddr3_top_inst\.ddr3_phy_inst\.i_controller_idelay_data_cntvaluein\[0\].O6 ddr3_top_inst\.ddr3_phy_inst\.genblk5\[7\]\.IDELAYE2_data.CNTVALUEIN0 (2247:2247:2247) (2247:2247:2247)),(INTERCONNECT \$abc\$179448\$lut\\ddr3_top_inst\.ddr3_phy_inst\.i_controller_idelay_data_cntvaluein\[0\].O6 ddr3_top_inst\.ddr3_phy_inst\.genblk5\[7\]\.IDELAYE2_data.CNTVALUEIN0 (1616:1616:1616) (1616:1616:1616))
dq_dqs_input,False,-631.0,2247.0,1616.0,INTERCONNECT:ddr3_top_inst.ddr3_phy_inst.genblk5[7].IDELAYE2_data.CNTVALUEIN0,(INTERCONNECT \$abc\$179448\$lut\\ddr3_top_inst\.ddr3_phy_inst\.i_controller_idelay_data_cntvaluein\[0\].O6 ddr3_top_inst\.ddr3_phy_inst\.genblk5\[7\]\.IDELAYE2_data.CNTVALUEIN0 (2247:2247:2247) (2247:2247:2247)),(INTERCONNECT \$abc\$179448\$lut\\ddr3_top_inst\.ddr3_phy_inst\.i_controller_idelay_data_cntvaluein\[0\].O6 ddr3_top_inst\.ddr3_phy_inst\.genblk5\[7\]\.IDELAYE2_data.CNTVALUEIN0 (1616:1616:1616) (1616:1616:1616))
idelay_programming,False,622.0,1394.0,2016.0,INTERCONNECT:ddr3_top_inst.ddr3_phy_inst.genblk5[12].IDELAYE2_data.CNTVALUEIN3,(INTERCONNECT \$abc\$179448\$lut\\ddr3_top_inst\.ddr3_phy_inst\.i_controller_idelay_data_cntvaluein\[3\].O6 ddr3_top_inst\.ddr3_phy_inst\.genblk5\[12\]\.IDELAYE2_data.CNTVALUEIN3 (1394:1394:1394) (1394:1394:1394)),(INTERCONNECT \$abc\$179448\$lut\\ddr3_top_inst\.ddr3_phy_inst\.i_controller_idelay_data_cntvaluein\[3\].O6 ddr3_top_inst\.ddr3_phy_inst\.genblk5\[12\]\.IDELAYE2_data.CNTVALUEIN3 (2016:2016:2016) (2016:2016:2016))
dq_dqs_input,False,622.0,1394.0,2016.0,INTERCONNECT:ddr3_top_inst.ddr3_phy_inst.genblk5[12].IDELAYE2_data.CNTVALUEIN3,(INTERCONNECT \$abc\$179448\$lut\\ddr3_top_inst\.ddr3_phy_inst\.i_controller_idelay_data_cntvaluein\[3\].O6 ddr3_top_inst\.ddr3_phy_inst\.genblk5\[12\]\.IDELAYE2_data.CNTVALUEIN3 (1394:1394:1394) (1394:1394:1394)),(INTERCONNECT \$abc\$179448\$lut\\ddr3_top_inst\.ddr3_phy_inst\.i_controller_idelay_data_cntvaluein\[3\].O6 ddr3_top_inst\.ddr3_phy_inst\.genblk5\[12\]\.IDELAYE2_data.CNTVALUEIN3 (2016:2016:2016) (2016:2016:2016))
idelay_programming,False,608.0,1572.0,2180.0,INTERCONNECT:ddr3_top_inst.ddr3_phy_inst.genblk5[6].IDELAYE2_data.CNTVALUEIN3,(INTERCONNECT \$abc\$179448\$lut\\ddr3_top_inst\.ddr3_phy_inst\.i_controller_idelay_data_cntvaluein\[3\].O6 ddr3_top_inst\.ddr3_phy_inst\.genblk5\[6\]\.IDELAYE2_data.CNTVALUEIN3 (1572:1572:1572) (1572:1572:1572)),(INTERCONNECT \$abc\$179448\$lut\\ddr3_top_inst\.ddr3_phy_inst\.i_controller_idelay_data_cntvaluein\[3\].O6 ddr3_top_inst\.ddr3_phy_inst\.genblk5\[6\]\.IDELAYE2_data.CNTVALUEIN3 (2180:2180:2180) (2180:2180:2180))
dq_dqs_input,False,608.0,1572.0,2180.0,INTERCONNECT:ddr3_top_inst.ddr3_phy_inst.genblk5[6].IDELAYE2_data.CNTVALUEIN3,(INTERCONNECT \$abc\$179448\$lut\\ddr3_top_inst\.ddr3_phy_inst\.i_controller_idelay_data_cntvaluein\[3\].O6 ddr3_top_inst\.ddr3_phy_inst\.genblk5\[6\]\.IDELAYE2_data.CNTVALUEIN3 (1572:1572:1572) (1572:1572:1572)),(INTERCONNECT \$abc\$179448\$lut\\ddr3_top_inst\.ddr3_phy_inst\.i_controller_idelay_data_cntvaluein\[3\].O6 ddr3_top_inst\.ddr3_phy_inst\.genblk5\[6\]\.IDELAYE2_data.CNTVALUEIN3 (2180:2180:2180) (2180:2180:2180))
idelay_programming,False,-602.0,2161.0,1559.0,INTERCONNECT:ddr3_top_inst.ddr3_phy_inst.genblk5[6].IDELAYE2_data.CNTVALUEIN0,(INTERCONNECT \$abc\$179448\$lut\\ddr3_top_inst\.ddr3_phy_inst\.i_controller_idelay_data_cntvaluein\[0\].O6 ddr3_top_inst\.ddr3_phy_inst\.genblk5\[6\]\.IDELAYE2_data.CNTVALUEIN0 (2161:2161:2161) (2161:2161:2161)),(INTERCONNECT \$abc\$179448\$lut\\ddr3_top_inst\.ddr3_phy_inst\.i_controller_idelay_data_cntvaluein\[0\].O6 ddr3_top_inst\.ddr3_phy_inst\.genblk5\[6\]\.IDELAYE2_data.CNTVALUEIN0 (1559:1559:1559) (1559:1559:1559))
dq_dqs_input,False,-602.0,2161.0,1559.0,INTERCONNECT:ddr3_top_inst.ddr3_phy_inst.genblk5[6].IDELAYE2_data.CNTVALUEIN0,(INTERCONNECT \$abc\$179448\$lut\\ddr3_top_inst\.ddr3_phy_inst\.i_controller_idelay_data_cntvaluein\[0\].O6 ddr3_top_inst\.ddr3_phy_inst\.genblk5\[6\]\.IDELAYE2_data.CNTVALUEIN0 (2161:2161:2161) (2161:2161:2161)),(INTERCONNECT \$abc\$179448\$lut\\ddr3_top_inst\.ddr3_phy_inst\.i_controller_idelay_data_cntvaluein\[0\].O6 ddr3_top_inst\.ddr3_phy_inst\.genblk5\[6\]\.IDELAYE2_data.CNTVALUEIN0 (1559:1559:1559) (1559:1559:1559))
idelay_programming,False,601.0,1445.0,2046.0,INTERCONNECT:ddr3_top_inst.ddr3_phy_inst.genblk5[4].IDELAYE2_data.CNTVALUEIN1,(INTERCONNECT \$abc\$179448\$lut\\ddr3_top_inst\.ddr3_phy_inst\.i_controller_idelay_data_cntvaluein\[1\].O6 ddr3_top_inst\.ddr3_phy_inst\.genblk5\[4\]\.IDELAYE2_data.CNTVALUEIN1 (1445:1445:1445) (1445:1445:1445)),(INTERCONNECT \$abc\$179448\$lut\\ddr3_top_inst\.ddr3_phy_inst\.i_controller_idelay_data_cntvaluein\[1\].O6 ddr3_top_inst\.ddr3_phy_inst\.genblk5\[4\]\.IDELAYE2_data.CNTVALUEIN1 (2046:2046:2046) (2046:2046:2046))
dq_dqs_input,False,601.0,1445.0,2046.0,INTERCONNECT:ddr3_top_inst.ddr3_phy_inst.genblk5[4].IDELAYE2_data.CNTVALUEIN1,(INTERCONNECT \$abc\$179448\$lut\\ddr3_top_inst\.ddr3_phy_inst\.i_controller_idelay_data_cntvaluein\[1\].O6 ddr3_top_inst\.ddr3_phy_inst\.genblk5\[4\]\.IDELAYE2_data.CNTVALUEIN1 (1445:1445:1445) (1445:1445:1445)),(INTERCONNECT \$abc\$179448\$lut\\ddr3_top_inst\.ddr3_phy_inst\.i_controller_idelay_data_cntvaluein\[1\].O6 ddr3_top_inst\.ddr3_phy_inst\.genblk5\[4\]\.IDELAYE2_data.CNTVALUEIN1 (2046:2046:2046) (2046:2046:2046))
idelay_programming,False,587.0,1577.0,2164.0,INTERCONNECT:ddr3_top_inst.ddr3_phy_inst.genblk5[2].IDELAYE2_data.CNTVALUEIN3,(INTERCONNECT \$abc\$179448\$lut\\ddr3_top_inst\.ddr3_phy_inst\.i_controller_idelay_data_cntvaluein\[3\].O6 ddr3_top_inst\.ddr3_phy_inst\.genblk5\[2\]\.IDELAYE2_data.CNTVALUEIN3 (1577:1577:1577) (1577:1577:1577)),(INTERCONNECT \$abc\$179448\$lut\\ddr3_top_inst\.ddr3_phy_inst\.i_controller_idelay_data_cntvaluein\[3\].O6 ddr3_top_inst\.ddr3_phy_inst\.genblk5\[2\]\.IDELAYE2_data.CNTVALUEIN3 (2164:2164:2164) (2164:2164:2164))
dq_dqs_input,False,587.0,1577.0,2164.0,INTERCONNECT:ddr3_top_inst.ddr3_phy_inst.genblk5[2].IDELAYE2_data.CNTVALUEIN3,(INTERCONNECT \$abc\$179448\$lut\\ddr3_top_inst\.ddr3_phy_inst\.i_controller_idelay_data_cntvaluein\[3\].O6 ddr3_top_inst\.ddr3_phy_inst\.genblk5\[2\]\.IDELAYE2_data.CNTVALUEIN3 (1577:1577:1577) (1577:1577:1577)),(INTERCONNECT \$abc\$179448\$lut\\ddr3_top_inst\.ddr3_phy_inst\.i_controller_idelay_data_cntvaluein\[3\].O6 ddr3_top_inst\.ddr3_phy_inst\.genblk5\[2\]\.IDELAYE2_data.CNTVALUEIN3 (2164:2164:2164) (2164:2164:2164))
idelay_programming,False,577.0,1309.0,1886.0,INTERCONNECT:ddr3_top_inst.ddr3_phy_inst.genblk5[10].IDELAYE2_data.CNTVALUEIN4,(INTERCONNECT \$abc\$179448\$lut\\ddr3_top_inst\.ddr3_phy_inst\.i_controller_idelay_data_cntvaluein\[4\].O6 ddr3_top_inst\.ddr3_phy_inst\.genblk5\[10\]\.IDELAYE2_data.CNTVALUEIN4 (1309:1309:1309) (1309:1309:1309)),(INTERCONNECT \$abc\$179448\$lut\\ddr3_top_inst\.ddr3_phy_inst\.i_controller_idelay_data_cntvaluein\[4\].O6 ddr3_top_inst\.ddr3_phy_inst\.genblk5\[10\]\.IDELAYE2_data.CNTVALUEIN4 (1886:1886:1886) (1886:1886:1886))
dq_dqs_input,False,577.0,1309.0,1886.0,INTERCONNECT:ddr3_top_inst.ddr3_phy_inst.genblk5[10].IDELAYE2_data.CNTVALUEIN4,(INTERCONNECT \$abc\$179448\$lut\\ddr3_top_inst\.ddr3_phy_inst\.i_controller_idelay_data_cntvaluein\[4\].O6 ddr3_top_inst\.ddr3_phy_inst\.genblk5\[10\]\.IDELAYE2_data.CNTVALUEIN4 (1309:1309:1309) (1309:1309:1309)),(INTERCONNECT \$abc\$179448\$lut\\ddr3_top_inst\.ddr3_phy_inst\.i_controller_idelay_data_cntvaluein\[4\].O6 ddr3_top_inst\.ddr3_phy_inst\.genblk5\[10\]\.IDELAYE2_data.CNTVALUEIN4 (1886:1886:1886) (1886:1886:1886))
idelay_programming,False,539.0,1799.0,2338.0,INTERCONNECT:ddr3_top_inst.ddr3_phy_inst.genblk5[7].IDELAYE2_data.CNTVALUEIN4,(INTERCONNECT \$abc\$179448\$lut\\ddr3_top_inst\.ddr3_phy_inst\.i_controller_idelay_data_cntvaluein\[4\].O6 ddr3_top_inst\.ddr3_phy_inst\.genblk5\[7\]\.IDELAYE2_data.CNTVALUEIN4 (1799:1799:1799) (1799:1799:1799)),(INTERCONNECT \$abc\$179448\$lut\\ddr3_top_inst\.ddr3_phy_inst\.i_controller_idelay_data_cntvaluein\[4\].O6 ddr3_top_inst\.ddr3_phy_inst\.genblk5\[7\]\.IDELAYE2_data.CNTVALUEIN4 (2338:2338:2338) (2338:2338:2338))
dq_dqs_input,False,539.0,1799.0,2338.0,INTERCONNECT:ddr3_top_inst.ddr3_phy_inst.genblk5[7].IDELAYE2_data.CNTVALUEIN4,(INTERCONNECT \$abc\$179448\$lut\\ddr3_top_inst\.ddr3_phy_inst\.i_controller_idelay_data_cntvaluein\[4\].O6 ddr3_top_inst\.ddr3_phy_inst\.genblk5\[7\]\.IDELAYE2_data.CNTVALUEIN4 (1799:1799:1799) (1799:1799:1799)),(INTERCONNECT \$abc\$179448\$lut\\ddr3_top_inst\.ddr3_phy_inst\.i_controller_idelay_data_cntvaluein\[4\].O6 ddr3_top_inst\.ddr3_phy_inst\.genblk5\[7\]\.IDELAYE2_data.CNTVALUEIN4 (2338:2338:2338) (2338:2338:2338))
idelay_programming,False,538.0,1500.0,2038.0,INTERCONNECT:ddr3_top_inst.ddr3_phy_inst.genblk5[1].IDELAYE2_data.CNTVALUEIN1,(INTERCONNECT \$abc\$179448\$lut\\ddr3_top_inst\.ddr3_phy_inst\.i_controller_idelay_data_cntvaluein\[1\].O6 ddr3_top_inst\.ddr3_phy_inst\.genblk5\[1\]\.IDELAYE2_data.CNTVALUEIN1 (1500:1500:1500) (1500:1500:1500)),(INTERCONNECT \$abc\$179448\$lut\\ddr3_top_inst\.ddr3_phy_inst\.i_controller_idelay_data_cntvaluein\[1\].O6 ddr3_top_inst\.ddr3_phy_inst\.genblk5\[1\]\.IDELAYE2_data.CNTVALUEIN1 (2038:2038:2038) (2038:2038:2038))
idelay_programming,False,538.0,1712.0,2250.0,INTERCONNECT:ddr3_top_inst.ddr3_phy_inst.genblk5[2].IDELAYE2_data.CNTVALUEIN4,(INTERCONNECT \$abc\$179448\$lut\\ddr3_top_inst\.ddr3_phy_inst\.i_controller_idelay_data_cntvaluein\[4\].O6 ddr3_top_inst\.ddr3_phy_inst\.genblk5\[2\]\.IDELAYE2_data.CNTVALUEIN4 (1712:1712:1712) (1712:1712:1712)),(INTERCONNECT \$abc\$179448\$lut\\ddr3_top_inst\.ddr3_phy_inst\.i_controller_idelay_data_cntvaluein\[4\].O6 ddr3_top_inst\.ddr3_phy_inst\.genblk5\[2\]\.IDELAYE2_data.CNTVALUEIN4 (2250:2250:2250) (2250:2250:2250))
idelay_programming,False,538.0,1481.0,2019.0,INTERCONNECT:ddr3_top_inst.ddr3_phy_inst.genblk5[5].IDELAYE2_data.CNTVALUEIN4,(INTERCONNECT \$abc\$179448\$lut\\ddr3_top_inst\.ddr3_phy_inst\.i_controller_idelay_data_cntvaluein\[4\].O6 ddr3_top_inst\.ddr3_phy_inst\.genblk5\[5\]\.IDELAYE2_data.CNTVALUEIN4 (1481:1481:1481) (1481:1481:1481)),(INTERCONNECT \$abc\$179448\$lut\\ddr3_top_inst\.ddr3_phy_inst\.i_controller_idelay_data_cntvaluein\[4\].O6 ddr3_top_inst\.ddr3_phy_inst\.genblk5\[5\]\.IDELAYE2_data.CNTVALUEIN4 (2019:2019:2019) (2019:2019:2019))
idelay_programming,False,538.0,1807.0,2345.0,INTERCONNECT:ddr3_top_inst.ddr3_phy_inst.genblk5[6].IDELAYE2_data.CNTVALUEIN4,(INTERCONNECT \$abc\$179448\$lut\\ddr3_top_inst\.ddr3_phy_inst\.i_controller_idelay_data_cntvaluein\[4\].O6 ddr3_top_inst\.ddr3_phy_inst\.genblk5\[6\]\.IDELAYE2_data.CNTVALUEIN4 (1807:1807:1807) (1807:1807:1807)),(INTERCONNECT \$abc\$179448\$lut\\ddr3_top_inst\.ddr3_phy_inst\.i_controller_idelay_data_cntvaluein\[4\].O6 ddr3_top_inst\.ddr3_phy_inst\.genblk5\[6\]\.IDELAYE2_data.CNTVALUEIN4 (2345:2345:2345) (2345:2345:2345))
dq_dqs_input,False,538.0,1500.0,2038.0,INTERCONNECT:ddr3_top_inst.ddr3_phy_inst.genblk5[1].IDELAYE2_data.CNTVALUEIN1,(INTERCONNECT \$abc\$179448\$lut\\ddr3_top_inst\.ddr3_phy_inst\.i_controller_idelay_data_cntvaluein\[1\].O6 ddr3_top_inst\.ddr3_phy_inst\.genblk5\[1\]\.IDELAYE2_data.CNTVALUEIN1 (1500:1500:1500) (1500:1500:1500)),(INTERCONNECT \$abc\$179448\$lut\\ddr3_top_inst\.ddr3_phy_inst\.i_controller_idelay_data_cntvaluein\[1\].O6 ddr3_top_inst\.ddr3_phy_inst\.genblk5\[1\]\.IDELAYE2_data.CNTVALUEIN1 (2038:2038:2038) (2038:2038:2038))
dq_dqs_input,False,538.0,1712.0,2250.0,INTERCONNECT:ddr3_top_inst.ddr3_phy_inst.genblk5[2].IDELAYE2_data.CNTVALUEIN4,(INTERCONNECT \$abc\$179448\$lut\\ddr3_top_inst\.ddr3_phy_inst\.i_controller_idelay_data_cntvaluein\[4\].O6 ddr3_top_inst\.ddr3_phy_inst\.genblk5\[2\]\.IDELAYE2_data.CNTVALUEIN4 (1712:1712:1712) (1712:1712:1712)),(INTERCONNECT \$abc\$179448\$lut\\ddr3_top_inst\.ddr3_phy_inst\.i_controller_idelay_data_cntvaluein\[4\].O6 ddr3_top_inst\.ddr3_phy_inst\.genblk5\[2\]\.IDELAYE2_data.CNTVALUEIN4 (2250:2250:2250) (2250:2250:2250))
dq_dqs_input,False,538.0,1481.0,2019.0,INTERCONNECT:ddr3_top_inst.ddr3_phy_inst.genblk5[5].IDELAYE2_data.CNTVALUEIN4,(INTERCONNECT \$abc\$179448\$lut\\ddr3_top_inst\.ddr3_phy_inst\.i_controller_idelay_data_cntvaluein\[4\].O6 ddr3_top_inst\.ddr3_phy_inst\.genblk5\[5\]\.IDELAYE2_data.CNTVALUEIN4 (1481:1481:1481) (1481:1481:1481)),(INTERCONNECT \$abc\$179448\$lut\\ddr3_top_inst\.ddr3_phy_inst\.i_controller_idelay_data_cntvaluein\[4\].O6 ddr3_top_inst\.ddr3_phy_inst\.genblk5\[5\]\.IDELAYE2_data.CNTVALUEIN4 (2019:2019:2019) (2019:2019:2019))
dq_dqs_input,False,538.0,1807.0,2345.0,INTERCONNECT:ddr3_top_inst.ddr3_phy_inst.genblk5[6].IDELAYE2_data.CNTVALUEIN4,(INTERCONNECT \$abc\$179448\$lut\\ddr3_top_inst\.ddr3_phy_inst\.i_controller_idelay_data_cntvaluein\[4\].O6 ddr3_top_inst\.ddr3_phy_inst\.genblk5\[6\]\.IDELAYE2_data.CNTVALUEIN4 (1807:1807:1807) (1807:1807:1807)),(INTERCONNECT \$abc\$179448\$lut\\ddr3_top_inst\.ddr3_phy_inst\.i_controller_idelay_data_cntvaluein\[4\].O6 ddr3_top_inst\.ddr3_phy_inst\.genblk5\[6\]\.IDELAYE2_data.CNTVALUEIN4 (2345:2345:2345) (2345:2345:2345))
idelay_programming,False,534.0,1758.0,2292.0,INTERCONNECT:ddr3_top_inst.ddr3_phy_inst.genblk5[0].IDELAYE2_data.CNTVALUEIN3,(INTERCONNECT \$abc\$179448\$lut\\ddr3_top_inst\.ddr3_phy_inst\.i_controller_idelay_data_cntvaluein\[3\].O6 ddr3_top_inst\.ddr3_phy_inst\.genblk5\[0\]\.IDELAYE2_data.CNTVALUEIN3 (1758:1758:1758) (1758:1758:1758)),(INTERCONNECT \$abc\$179448\$lut\\ddr3_top_inst\.ddr3_phy_inst\.i_controller_idelay_data_cntvaluein\[3\].O6 ddr3_top_inst\.ddr3_phy_inst\.genblk5\[0\]\.IDELAYE2_data.CNTVALUEIN3 (2292:2292:2292) (2292:2292:2292))
dq_dqs_input,False,534.0,1758.0,2292.0,INTERCONNECT:ddr3_top_inst.ddr3_phy_inst.genblk5[0].IDELAYE2_data.CNTVALUEIN3,(INTERCONNECT \$abc\$179448\$lut\\ddr3_top_inst\.ddr3_phy_inst\.i_controller_idelay_data_cntvaluein\[3\].O6 ddr3_top_inst\.ddr3_phy_inst\.genblk5\[0\]\.IDELAYE2_data.CNTVALUEIN3 (1758:1758:1758) (1758:1758:1758)),(INTERCONNECT \$abc\$179448\$lut\\ddr3_top_inst\.ddr3_phy_inst\.i_controller_idelay_data_cntvaluein\[3\].O6 ddr3_top_inst\.ddr3_phy_inst\.genblk5\[0\]\.IDELAYE2_data.CNTVALUEIN3 (2292:2292:2292) (2292:2292:2292))
idelay_programming,False,532.0,1858.0,2390.0,INTERCONNECT:ddr3_top_inst.ddr3_phy_inst.genblk5[3].IDELAYE2_data.LD,(INTERCONNECT \$auto\$ff\.cc\:266\:slice\$43075.Q ddr3_top_inst\.ddr3_phy_inst\.genblk5\[3\]\.IDELAYE2_data.LD (1858:1858:1858) (1858:1858:1858)),(INTERCONNECT \$auto\$ff\.cc\:266\:slice\$43075.Q ddr3_top_inst\.ddr3_phy_inst\.genblk5\[3\]\.IDELAYE2_data.LD (2390:2390:2390) (2390:2390:2390))
dq_dqs_input,False,532.0,1858.0,2390.0,INTERCONNECT:ddr3_top_inst.ddr3_phy_inst.genblk5[3].IDELAYE2_data.LD,(INTERCONNECT \$auto\$ff\.cc\:266\:slice\$43075.Q ddr3_top_inst\.ddr3_phy_inst\.genblk5\[3\]\.IDELAYE2_data.LD (1858:1858:1858) (1858:1858:1858)),(INTERCONNECT \$auto\$ff\.cc\:266\:slice\$43075.Q ddr3_top_inst\.ddr3_phy_inst\.genblk5\[3\]\.IDELAYE2_data.LD (2390:2390:2390) (2390:2390:2390))
idelay_programming,False,521.0,1669.0,2190.0,INTERCONNECT:ddr3_top_inst.ddr3_phy_inst.genblk5[1].IDELAYE2_data.CNTVALUEIN3,(INTERCONNECT \$abc\$179448\$lut\\ddr3_top_inst\.ddr3_phy_inst\.i_controller_idelay_data_cntvaluein\[3\].O6 ddr3_top_inst\.ddr3_phy_inst\.genblk5\[1\]\.IDELAYE2_data.CNTVALUEIN3 (1669:1669:1669) (1669:1669:1669)),(INTERCONNECT \$abc\$179448\$lut\\ddr3_top_inst\.ddr3_phy_inst\.i_controller_idelay_data_cntvaluein\[3\].O6 ddr3_top_inst\.ddr3_phy_inst\.genblk5\[1\]\.IDELAYE2_data.CNTVALUEIN3 (2190:2190:2190) (2190:2190:2190))
dq_dqs_input,False,521.0,1669.0,2190.0,INTERCONNECT:ddr3_top_inst.ddr3_phy_inst.genblk5[1].IDELAYE2_data.CNTVALUEIN3,(INTERCONNECT \$abc\$179448\$lut\\ddr3_top_inst\.ddr3_phy_inst\.i_controller_idelay_data_cntvaluein\[3\].O6 ddr3_top_inst\.ddr3_phy_inst\.genblk5\[1\]\.IDELAYE2_data.CNTVALUEIN3 (1669:1669:1669) (1669:1669:1669)),(INTERCONNECT \$abc\$179448\$lut\\ddr3_top_inst\.ddr3_phy_inst\.i_controller_idelay_data_cntvaluein\[3\].O6 ddr3_top_inst\.ddr3_phy_inst\.genblk5\[1\]\.IDELAYE2_data.CNTVALUEIN3 (2190:2190:2190) (2190:2190:2190))
idelay_programming,False,-520.0,1883.0,1363.0,INTERCONNECT:ddr3_top_inst.ddr3_phy_inst.genblk5[10].IDELAYE2_data.CNTVALUEIN0,(INTERCONNECT \$abc\$179448\$lut\\ddr3_top_inst\.ddr3_phy_inst\.i_controller_idelay_data_cntvaluein\[0\].O6 ddr3_top_inst\.ddr3_phy_inst\.genblk5\[10\]\.IDELAYE2_data.CNTVALUEIN0 (1883:1883:1883) (1883:1883:1883)),(INTERCONNECT \$abc\$179448\$lut\\ddr3_top_inst\.ddr3_phy_inst\.i_controller_idelay_data_cntvaluein\[0\].O6 ddr3_top_inst\.ddr3_phy_inst\.genblk5\[10\]\.IDELAYE2_data.CNTVALUEIN0 (1363:1363:1363) (1363:1363:1363))
dq_dqs_input,False,-520.0,1883.0,1363.0,INTERCONNECT:ddr3_top_inst.ddr3_phy_inst.genblk5[10].IDELAYE2_data.CNTVALUEIN0,(INTERCONNECT \$abc\$179448\$lut\\ddr3_top_inst\.ddr3_phy_inst\.i_controller_idelay_data_cntvaluein\[0\].O6 ddr3_top_inst\.ddr3_phy_inst\.genblk5\[10\]\.IDELAYE2_data.CNTVALUEIN0 (1883:1883:1883) (1883:1883:1883)),(INTERCONNECT \$abc\$179448\$lut\\ddr3_top_inst\.ddr3_phy_inst\.i_controller_idelay_data_cntvaluein\[0\].O6 ddr3_top_inst\.ddr3_phy_inst\.genblk5\[10\]\.IDELAYE2_data.CNTVALUEIN0 (1363:1363:1363) (1363:1363:1363))
idelay_programming,False,518.0,1718.0,2236.0,INTERCONNECT:ddr3_top_inst.ddr3_phy_inst.genblk5[7].IDELAYE2_data.CNTVALUEIN3,(INTERCONNECT \$abc\$179448\$lut\\ddr3_top_inst\.ddr3_phy_inst\.i_controller_idelay_data_cntvaluein\[3\].O6 ddr3_top_inst\.ddr3_phy_inst\.genblk5\[7\]\.IDELAYE2_data.CNTVALUEIN3 (1718:1718:1718) (1718:1718:1718)),(INTERCONNECT \$abc\$179448\$lut\\ddr3_top_inst\.ddr3_phy_inst\.i_controller_idelay_data_cntvaluein\[3\].O6 ddr3_top_inst\.ddr3_phy_inst\.genblk5\[7\]\.IDELAYE2_data.CNTVALUEIN3 (2236:2236:2236) (2236:2236:2236))
dq_dqs_input,False,518.0,1718.0,2236.0,INTERCONNECT:ddr3_top_inst.ddr3_phy_inst.genblk5[7].IDELAYE2_data.CNTVALUEIN3,(INTERCONNECT \$abc\$179448\$lut\\ddr3_top_inst\.ddr3_phy_inst\.i_controller_idelay_data_cntvaluein\[3\].O6 ddr3_top_inst\.ddr3_phy_inst\.genblk5\[7\]\.IDELAYE2_data.CNTVALUEIN3 (1718:1718:1718) (1718:1718:1718)),(INTERCONNECT \$abc\$179448\$lut\\ddr3_top_inst\.ddr3_phy_inst\.i_controller_idelay_data_cntvaluein\[3\].O6 ddr3_top_inst\.ddr3_phy_inst\.genblk5\[7\]\.IDELAYE2_data.CNTVALUEIN3 (2236:2236:2236) (2236:2236:2236))
idelay_programming,False,507.0,1338.0,1845.0,INTERCONNECT:ddr3_top_inst.ddr3_phy_inst.genblk5[8].IDELAYE2_data.CNTVALUEIN1,(INTERCONNECT \$abc\$179448\$lut\\ddr3_top_inst\.ddr3_phy_inst\.i_controller_idelay_data_cntvaluein\[1\].O6 ddr3_top_inst\.ddr3_phy_inst\.genblk5\[8\]\.IDELAYE2_data.CNTVALUEIN1 (1338:1338:1338) (1338:1338:1338)),(INTERCONNECT \$abc\$179448\$lut\\ddr3_top_inst\.ddr3_phy_inst\.i_controller_idelay_data_cntvaluein\[1\].O6 ddr3_top_inst\.ddr3_phy_inst\.genblk5\[8\]\.IDELAYE2_data.CNTVALUEIN1 (1845:1845:1845) (1845:1845:1845))
dq_dqs_input,False,507.0,1338.0,1845.0,INTERCONNECT:ddr3_top_inst.ddr3_phy_inst.genblk5[8].IDELAYE2_data.CNTVALUEIN1,(INTERCONNECT \$abc\$179448\$lut\\ddr3_top_inst\.ddr3_phy_inst\.i_controller_idelay_data_cntvaluein\[1\].O6 ddr3_top_inst\.ddr3_phy_inst\.genblk5\[8\]\.IDELAYE2_data.CNTVALUEIN1 (1338:1338:1338) (1338:1338:1338)),(INTERCONNECT \$abc\$179448\$lut\\ddr3_top_inst\.ddr3_phy_inst\.i_controller_idelay_data_cntvaluein\[1\].O6 ddr3_top_inst\.ddr3_phy_inst\.genblk5\[8\]\.IDELAYE2_data.CNTVALUEIN1 (1845:1845:1845) (1845:1845:1845))
idelay_programming,False,499.0,1453.0,1952.0,INTERCONNECT:ddr3_top_inst.ddr3_phy_inst.genblk5[0].IDELAYE2_data.CNTVALUEIN1,(INTERCONNECT \$abc\$179448\$lut\\ddr3_top_inst\.ddr3_phy_inst\.i_controller_idelay_data_cntvaluein\[1\].O6 ddr3_top_inst\.ddr3_phy_inst\.genblk5\[0\]\.IDELAYE2_data.CNTVALUEIN1 (1453:1453:1453) (1453:1453:1453)),(INTERCONNECT \$abc\$179448\$lut\\ddr3_top_inst\.ddr3_phy_inst\.i_controller_idelay_data_cntvaluein\[1\].O6 ddr3_top_inst\.ddr3_phy_inst\.genblk5\[0\]\.IDELAYE2_data.CNTVALUEIN1 (1952:1952:1952) (1952:1952:1952))
dq_dqs_input,False,499.0,1453.0,1952.0,INTERCONNECT:ddr3_top_inst.ddr3_phy_inst.genblk5[0].IDELAYE2_data.CNTVALUEIN1,(INTERCONNECT \$abc\$179448\$lut\\ddr3_top_inst\.ddr3_phy_inst\.i_controller_idelay_data_cntvaluein\[1\].O6 ddr3_top_inst\.ddr3_phy_inst\.genblk5\[0\]\.IDELAYE2_data.CNTVALUEIN1 (1453:1453:1453) (1453:1453:1453)),(INTERCONNECT \$abc\$179448\$lut\\ddr3_top_inst\.ddr3_phy_inst\.i_controller_idelay_data_cntvaluein\[1\].O6 ddr3_top_inst\.ddr3_phy_inst\.genblk5\[0\]\.IDELAYE2_data.CNTVALUEIN1 (1952:1952:1952) (1952:1952:1952))
read_bist_state17,False,-496.0,2089.0,1593.0,INTERCONNECT:ddr3_top_inst.ddr3_phy_inst.genblk5[9].ISERDESE2_data.BITSLIP,(INTERCONNECT \$auto\$ff\.cc\:266\:slice\$59269.Q ddr3_top_inst\.ddr3_phy_inst\.genblk5\[9\]\.ISERDESE2_data.BITSLIP (2089:2089:2089) (2089:2089:2089)),(INTERCONNECT \$auto\$ff\.cc\:266\:slice\$59269.Q ddr3_top_inst\.ddr3_phy_inst\.genblk5\[9\]\.ISERDESE2_data.BITSLIP (1593:1593:1593) (1593:1593:1593))
dq_dqs_input,False,-496.0,2089.0,1593.0,INTERCONNECT:ddr3_top_inst.ddr3_phy_inst.genblk5[9].ISERDESE2_data.BITSLIP,(INTERCONNECT \$auto\$ff\.cc\:266\:slice\$59269.Q ddr3_top_inst\.ddr3_phy_inst\.genblk5\[9\]\.ISERDESE2_data.BITSLIP (2089:2089:2089) (2089:2089:2089)),(INTERCONNECT \$auto\$ff\.cc\:266\:slice\$59269.Q ddr3_top_inst\.ddr3_phy_inst\.genblk5\[9\]\.ISERDESE2_data.BITSLIP (1593:1593:1593) (1593:1593:1593))
idelay_programming,False,490.0,1347.0,1837.0,INTERCONNECT:ddr3_top_inst.ddr3_phy_inst.genblk5[13].IDELAYE2_data.CNTVALUEIN3,(INTERCONNECT \$abc\$179448\$lut\\ddr3_top_inst\.ddr3_phy_inst\.i_controller_idelay_data_cntvaluein\[3\].O6 ddr3_top_inst\.ddr3_phy_inst\.genblk5\[13\]\.IDELAYE2_data.CNTVALUEIN3 (1347:1347:1347) (1347:1347:1347)),(INTERCONNECT \$abc\$179448\$lut\\ddr3_top_inst\.ddr3_phy_inst\.i_controller_idelay_data_cntvaluein\[3\].O6 ddr3_top_inst\.ddr3_phy_inst\.genblk5\[13\]\.IDELAYE2_data.CNTVALUEIN3 (1837:1837:1837) (1837:1837:1837))
dq_dqs_input,False,490.0,1347.0,1837.0,INTERCONNECT:ddr3_top_inst.ddr3_phy_inst.genblk5[13].IDELAYE2_data.CNTVALUEIN3,(INTERCONNECT \$abc\$179448\$lut\\ddr3_top_inst\.ddr3_phy_inst\.i_controller_idelay_data_cntvaluein\[3\].O6 ddr3_top_inst\.ddr3_phy_inst\.genblk5\[13\]\.IDELAYE2_data.CNTVALUEIN3 (1347:1347:1347) (1347:1347:1347)),(INTERCONNECT \$abc\$179448\$lut\\ddr3_top_inst\.ddr3_phy_inst\.i_controller_idelay_data_cntvaluein\[3\].O6 ddr3_top_inst\.ddr3_phy_inst\.genblk5\[13\]\.IDELAYE2_data.CNTVALUEIN3 (1837:1837:1837) (1837:1837:1837))
idelay_programming,False,489.0,2000.0,2489.0,INTERCONNECT:ddr3_top_inst.ddr3_phy_inst.genblk5[4].IDELAYE2_data.LD,(INTERCONNECT \$auto\$ff\.cc\:266\:slice\$43075.Q ddr3_top_inst\.ddr3_phy_inst\.genblk5\[4\]\.IDELAYE2_data.LD (2000:2000:2000) (2000:2000:2000)),(INTERCONNECT \$auto\$ff\.cc\:266\:slice\$43075.Q ddr3_top_inst\.ddr3_phy_inst\.genblk5\[4\]\.IDELAYE2_data.LD (2489:2489:2489) (2489:2489:2489))
dq_dqs_input,False,489.0,2000.0,2489.0,INTERCONNECT:ddr3_top_inst.ddr3_phy_inst.genblk5[4].IDELAYE2_data.LD,(INTERCONNECT \$auto\$ff\.cc\:266\:slice\$43075.Q ddr3_top_inst\.ddr3_phy_inst\.genblk5\[4\]\.IDELAYE2_data.LD (2000:2000:2000) (2000:2000:2000)),(INTERCONNECT \$auto\$ff\.cc\:266\:slice\$43075.Q ddr3_top_inst\.ddr3_phy_inst\.genblk5\[4\]\.IDELAYE2_data.LD (2489:2489:2489) (2489:2489:2489))
idelay_programming,False,-485.0,1983.0,1498.0,INTERCONNECT:ddr3_top_inst.ddr3_phy_inst.genblk5[3].IDELAYE2_data.CNTVALUEIN0,(INTERCONNECT \$abc\$179448\$lut\\ddr3_top_inst\.ddr3_phy_inst\.i_controller_idelay_data_cntvaluein\[0\].O6 ddr3_top_inst\.ddr3_phy_inst\.genblk5\[3\]\.IDELAYE2_data.CNTVALUEIN0 (1983:1983:1983) (1983:1983:1983)),(INTERCONNECT \$abc\$179448\$lut\\ddr3_top_inst\.ddr3_phy_inst\.i_controller_idelay_data_cntvaluein\[0\].O6 ddr3_top_inst\.ddr3_phy_inst\.genblk5\[3\]\.IDELAYE2_data.CNTVALUEIN0 (1498:1498:1498) (1498:1498:1498))
dq_dqs_input,False,-485.0,1983.0,1498.0,INTERCONNECT:ddr3_top_inst.ddr3_phy_inst.genblk5[3].IDELAYE2_data.CNTVALUEIN0,(INTERCONNECT \$abc\$179448\$lut\\ddr3_top_inst\.ddr3_phy_inst\.i_controller_idelay_data_cntvaluein\[0\].O6 ddr3_top_inst\.ddr3_phy_inst\.genblk5\[3\]\.IDELAYE2_data.CNTVALUEIN0 (1983:1983:1983) (1983:1983:1983)),(INTERCONNECT \$abc\$179448\$lut\\ddr3_top_inst\.ddr3_phy_inst\.i_controller_idelay_data_cntvaluein\[0\].O6 ddr3_top_inst\.ddr3_phy_inst\.genblk5\[3\]\.IDELAYE2_data.CNTVALUEIN0 (1498:1498:1498) (1498:1498:1498))
read_bist_state17,False,-461.0,2002.0,1541.0,INTERCONNECT:ddr3_top_inst.ddr3_phy_inst.genblk5[15].ISERDESE2_data.BITSLIP,(INTERCONNECT \$auto\$ff\.cc\:266\:slice\$59269.Q ddr3_top_inst\.ddr3_phy_inst\.genblk5\[15\]\.ISERDESE2_data.BITSLIP (2002:2002:2002) (2002:2002:2002)),(INTERCONNECT \$auto\$ff\.cc\:266\:slice\$59269.Q ddr3_top_inst\.ddr3_phy_inst\.genblk5\[15\]\.ISERDESE2_data.BITSLIP (1541:1541:1541) (1541:1541:1541))
dq_dqs_input,False,-461.0,2002.0,1541.0,INTERCONNECT:ddr3_top_inst.ddr3_phy_inst.genblk5[15].ISERDESE2_data.BITSLIP,(INTERCONNECT \$auto\$ff\.cc\:266\:slice\$59269.Q ddr3_top_inst\.ddr3_phy_inst\.genblk5\[15\]\.ISERDESE2_data.BITSLIP (2002:2002:2002) (2002:2002:2002)),(INTERCONNECT \$auto\$ff\.cc\:266\:slice\$59269.Q ddr3_top_inst\.ddr3_phy_inst\.genblk5\[15\]\.ISERDESE2_data.BITSLIP (1541:1541:1541) (1541:1541:1541))
idelay_programming,False,457.0,1664.0,2121.0,INTERCONNECT:ddr3_top_inst.ddr3_phy_inst.genblk5[0].IDELAYE2_data.CNTVALUEIN4,(INTERCONNECT \$abc\$179448\$lut\\ddr3_top_inst\.ddr3_phy_inst\.i_controller_idelay_data_cntvaluein\[4\].O6 ddr3_top_inst\.ddr3_phy_inst\.genblk5\[0\]\.IDELAYE2_data.CNTVALUEIN4 (1664:1664:1664) (1664:1664:1664)),(INTERCONNECT \$abc\$179448\$lut\\ddr3_top_inst\.ddr3_phy_inst\.i_controller_idelay_data_cntvaluein\[4\].O6 ddr3_top_inst\.ddr3_phy_inst\.genblk5\[0\]\.IDELAYE2_data.CNTVALUEIN4 (2121:2121:2121) (2121:2121:2121))
dq_dqs_input,False,457.0,1664.0,2121.0,INTERCONNECT:ddr3_top_inst.ddr3_phy_inst.genblk5[0].IDELAYE2_data.CNTVALUEIN4,(INTERCONNECT \$abc\$179448\$lut\\ddr3_top_inst\.ddr3_phy_inst\.i_controller_idelay_data_cntvaluein\[4\].O6 ddr3_top_inst\.ddr3_phy_inst\.genblk5\[0\]\.IDELAYE2_data.CNTVALUEIN4 (1664:1664:1664) (1664:1664:1664)),(INTERCONNECT \$abc\$179448\$lut\\ddr3_top_inst\.ddr3_phy_inst\.i_controller_idelay_data_cntvaluein\[4\].O6 ddr3_top_inst\.ddr3_phy_inst\.genblk5\[0\]\.IDELAYE2_data.CNTVALUEIN4 (2121:2121:2121) (2121:2121:2121))
idelay_programming,False,450.0,1937.0,2387.0,INTERCONNECT:ddr3_top_inst.ddr3_phy_inst.genblk7[0].IDELAYE2_dqs.LD,(INTERCONNECT \$auto\$ff\.cc\:266\:slice\$43075.Q ddr3_top_inst\.ddr3_phy_inst\.genblk7\[0\]\.IDELAYE2_dqs.LD (1937:1937:1937) (1937:1937:1937)),(INTERCONNECT \$auto\$ff\.cc\:266\:slice\$43075.Q ddr3_top_inst\.ddr3_phy_inst\.genblk7\[0\]\.IDELAYE2_dqs.LD (2387:2387:2387) (2387:2387:2387))
dq_dqs_input,False,450.0,1937.0,2387.0,INTERCONNECT:ddr3_top_inst.ddr3_phy_inst.genblk7[0].IDELAYE2_dqs.LD,(INTERCONNECT \$auto\$ff\.cc\:266\:slice\$43075.Q ddr3_top_inst\.ddr3_phy_inst\.genblk7\[0\]\.IDELAYE2_dqs.LD (1937:1937:1937) (1937:1937:1937)),(INTERCONNECT \$auto\$ff\.cc\:266\:slice\$43075.Q ddr3_top_inst\.ddr3_phy_inst\.genblk7\[0\]\.IDELAYE2_dqs.LD (2387:2387:2387) (2387:2387:2387))
idelay_programming,False,-445.0,1968.0,1523.0,INTERCONNECT:ddr3_top_inst.ddr3_phy_inst.genblk5[13].IDELAYE2_data.CNTVALUEIN0,(INTERCONNECT \$abc\$179448\$lut\\ddr3_top_inst\.ddr3_phy_inst\.i_controller_idelay_data_cntvaluein\[0\].O6 ddr3_top_inst\.ddr3_phy_inst\.genblk5\[13\]\.IDELAYE2_data.CNTVALUEIN0 (1968:1968:1968) (1968:1968:1968)),(INTERCONNECT \$abc\$179448\$lut\\ddr3_top_inst\.ddr3_phy_inst\.i_controller_idelay_data_cntvaluein\[0\].O6 ddr3_top_inst\.ddr3_phy_inst\.genblk5\[13\]\.IDELAYE2_data.CNTVALUEIN0 (1523:1523:1523) (1523:1523:1523))
dq_dqs_input,False,-445.0,1968.0,1523.0,INTERCONNECT:ddr3_top_inst.ddr3_phy_inst.genblk5[13].IDELAYE2_data.CNTVALUEIN0,(INTERCONNECT \$abc\$179448\$lut\\ddr3_top_inst\.ddr3_phy_inst\.i_controller_idelay_data_cntvaluein\[0\].O6 ddr3_top_inst\.ddr3_phy_inst\.genblk5\[13\]\.IDELAYE2_data.CNTVALUEIN0 (1968:1968:1968) (1968:1968:1968)),(INTERCONNECT \$abc\$179448\$lut\\ddr3_top_inst\.ddr3_phy_inst\.i_controller_idelay_data_cntvaluein\[0\].O6 ddr3_top_inst\.ddr3_phy_inst\.genblk5\[13\]\.IDELAYE2_data.CNTVALUEIN0 (1523:1523:1523) (1523:1523:1523))
idelay_programming,False,444.0,1799.0,2243.0,INTERCONNECT:ddr3_top_inst.ddr3_phy_inst.genblk5[4].IDELAYE2_data.CNTVALUEIN4,(INTERCONNECT \$abc\$179448\$lut\\ddr3_top_inst\.ddr3_phy_inst\.i_controller_idelay_data_cntvaluein\[4\].O6 ddr3_top_inst\.ddr3_phy_inst\.genblk5\[4\]\.IDELAYE2_data.CNTVALUEIN4 (1799:1799:1799) (1799:1799:1799)),(INTERCONNECT \$abc\$179448\$lut\\ddr3_top_inst\.ddr3_phy_inst\.i_controller_idelay_data_cntvaluein\[4\].O6 ddr3_top_inst\.ddr3_phy_inst\.genblk5\[4\]\.IDELAYE2_data.CNTVALUEIN4 (2243:2243:2243) (2243:2243:2243))
dq_dqs_input,False,444.0,1799.0,2243.0,INTERCONNECT:ddr3_top_inst.ddr3_phy_inst.genblk5[4].IDELAYE2_data.CNTVALUEIN4,(INTERCONNECT \$abc\$179448\$lut\\ddr3_top_inst\.ddr3_phy_inst\.i_controller_idelay_data_cntvaluein\[4\].O6 ddr3_top_inst\.ddr3_phy_inst\.genblk5\[4\]\.IDELAYE2_data.CNTVALUEIN4 (1799:1799:1799) (1799:1799:1799)),(INTERCONNECT \$abc\$179448\$lut\\ddr3_top_inst\.ddr3_phy_inst\.i_controller_idelay_data_cntvaluein\[4\].O6 ddr3_top_inst\.ddr3_phy_inst\.genblk5\[4\]\.IDELAYE2_data.CNTVALUEIN4 (2243:2243:2243) (2243:2243:2243))
idelay_programming,False,-431.0,1794.0,1363.0,INTERCONNECT:ddr3_top_inst.ddr3_phy_inst.genblk5[12].IDELAYE2_data.CNTVALUEIN0,(INTERCONNECT \$abc\$179448\$lut\\ddr3_top_inst\.ddr3_phy_inst\.i_controller_idelay_data_cntvaluein\[0\].O6 ddr3_top_inst\.ddr3_phy_inst\.genblk5\[12\]\.IDELAYE2_data.CNTVALUEIN0 (1794:1794:1794) (1794:1794:1794)),(INTERCONNECT \$abc\$179448\$lut\\ddr3_top_inst\.ddr3_phy_inst\.i_controller_idelay_data_cntvaluein\[0\].O6 ddr3_top_inst\.ddr3_phy_inst\.genblk5\[12\]\.IDELAYE2_data.CNTVALUEIN0 (1363:1363:1363) (1363:1363:1363))
dq_dqs_input,False,-431.0,1794.0,1363.0,INTERCONNECT:ddr3_top_inst.ddr3_phy_inst.genblk5[12].IDELAYE2_data.CNTVALUEIN0,(INTERCONNECT \$abc\$179448\$lut\\ddr3_top_inst\.ddr3_phy_inst\.i_controller_idelay_data_cntvaluein\[0\].O6 ddr3_top_inst\.ddr3_phy_inst\.genblk5\[12\]\.IDELAYE2_data.CNTVALUEIN0 (1794:1794:1794) (1794:1794:1794)),(INTERCONNECT \$abc\$179448\$lut\\ddr3_top_inst\.ddr3_phy_inst\.i_controller_idelay_data_cntvaluein\[0\].O6 ddr3_top_inst\.ddr3_phy_inst\.genblk5\[12\]\.IDELAYE2_data.CNTVALUEIN0 (1363:1363:1363) (1363:1363:1363))
idelay_programming,False,426.0,1245.0,1671.0,INTERCONNECT:ddr3_top_inst.ddr3_phy_inst.genblk5[10].IDELAYE2_data.CNTVALUEIN1,(INTERCONNECT \$abc\$179448\$lut\\ddr3_top_inst\.ddr3_phy_inst\.i_controller_idelay_data_cntvaluein\[1\].O6 ddr3_top_inst\.ddr3_phy_inst\.genblk5\[10\]\.IDELAYE2_data.CNTVALUEIN1 (1245:1245:1245) (1245:1245:1245)),(INTERCONNECT \$abc\$179448\$lut\\ddr3_top_inst\.ddr3_phy_inst\.i_controller_idelay_data_cntvaluein\[1\].O6 ddr3_top_inst\.ddr3_phy_inst\.genblk5\[10\]\.IDELAYE2_data.CNTVALUEIN1 (1671:1671:1671) (1671:1671:1671))
dq_dqs_input,False,426.0,1245.0,1671.0,INTERCONNECT:ddr3_top_inst.ddr3_phy_inst.genblk5[10].IDELAYE2_data.CNTVALUEIN1,(INTERCONNECT \$abc\$179448\$lut\\ddr3_top_inst\.ddr3_phy_inst\.i_controller_idelay_data_cntvaluein\[1\].O6 ddr3_top_inst\.ddr3_phy_inst\.genblk5\[10\]\.IDELAYE2_data.CNTVALUEIN1 (1245:1245:1245) (1245:1245:1245)),(INTERCONNECT \$abc\$179448\$lut\\ddr3_top_inst\.ddr3_phy_inst\.i_controller_idelay_data_cntvaluein\[1\].O6 ddr3_top_inst\.ddr3_phy_inst\.genblk5\[10\]\.IDELAYE2_data.CNTVALUEIN1 (1671:1671:1671) (1671:1671:1671))
idelay_programming,False,425.0,1157.0,1582.0,INTERCONNECT:ddr3_top_inst.ddr3_phy_inst.genblk5[15].IDELAYE2_data.CNTVALUEIN3,(INTERCONNECT \$abc\$179448\$lut\\ddr3_top_inst\.ddr3_phy_inst\.i_controller_idelay_data_cntvaluein\[3\].O6 ddr3_top_inst\.ddr3_phy_inst\.genblk5\[15\]\.IDELAYE2_data.CNTVALUEIN3 (1157:1157:1157) (1157:1157:1157)),(INTERCONNECT \$abc\$179448\$lut\\ddr3_top_inst\.ddr3_phy_inst\.i_controller_idelay_data_cntvaluein\[3\].O6 ddr3_top_inst\.ddr3_phy_inst\.genblk5\[15\]\.IDELAYE2_data.CNTVALUEIN3 (1582:1582:1582) (1582:1582:1582))
dq_dqs_input,False,425.0,1157.0,1582.0,INTERCONNECT:ddr3_top_inst.ddr3_phy_inst.genblk5[15].IDELAYE2_data.CNTVALUEIN3,(INTERCONNECT \$abc\$179448\$lut\\ddr3_top_inst\.ddr3_phy_inst\.i_controller_idelay_data_cntvaluein\[3\].O6 ddr3_top_inst\.ddr3_phy_inst\.genblk5\[15\]\.IDELAYE2_data.CNTVALUEIN3 (1157:1157:1157) (1157:1157:1157)),(INTERCONNECT \$abc\$179448\$lut\\ddr3_top_inst\.ddr3_phy_inst\.i_controller_idelay_data_cntvaluein\[3\].O6 ddr3_top_inst\.ddr3_phy_inst\.genblk5\[15\]\.IDELAYE2_data.CNTVALUEIN3 (1582:1582:1582) (1582:1582:1582))
idelay_programming,False,421.0,1243.0,1664.0,INTERCONNECT:ddr3_top_inst.ddr3_phy_inst.genblk5[12].IDELAYE2_data.CNTVALUEIN1,(INTERCONNECT \$abc\$179448\$lut\\ddr3_top_inst\.ddr3_phy_inst\.i_controller_idelay_data_cntvaluein\[1\].O6 ddr3_top_inst\.ddr3_phy_inst\.genblk5\[12\]\.IDELAYE2_data.CNTVALUEIN1 (1243:1243:1243) (1243:1243:1243)),(INTERCONNECT \$abc\$179448\$lut\\ddr3_top_inst\.ddr3_phy_inst\.i_controller_idelay_data_cntvaluein\[1\].O6 ddr3_top_inst\.ddr3_phy_inst\.genblk5\[12\]\.IDELAYE2_data.CNTVALUEIN1 (1664:1664:1664) (1664:1664:1664))
dq_dqs_input,False,421.0,1243.0,1664.0,INTERCONNECT:ddr3_top_inst.ddr3_phy_inst.genblk5[12].IDELAYE2_data.CNTVALUEIN1,(INTERCONNECT \$abc\$179448\$lut\\ddr3_top_inst\.ddr3_phy_inst\.i_controller_idelay_data_cntvaluein\[1\].O6 ddr3_top_inst\.ddr3_phy_inst\.genblk5\[12\]\.IDELAYE2_data.CNTVALUEIN1 (1243:1243:1243) (1243:1243:1243)),(INTERCONNECT \$abc\$179448\$lut\\ddr3_top_inst\.ddr3_phy_inst\.i_controller_idelay_data_cntvaluein\[1\].O6 ddr3_top_inst\.ddr3_phy_inst\.genblk5\[12\]\.IDELAYE2_data.CNTVALUEIN1 (1664:1664:1664) (1664:1664:1664))
idelay_programming,False,-417.0,2163.0,1746.0,INTERCONNECT:ddr3_top_inst.ddr3_phy_inst.genblk5[0].IDELAYE2_data.CNTVALUEIN0,(INTERCONNECT \$abc\$179448\$lut\\ddr3_top_inst\.ddr3_phy_inst\.i_controller_idelay_data_cntvaluein\[0\].O6 ddr3_top_inst\.ddr3_phy_inst\.genblk5\[0\]\.IDELAYE2_data.CNTVALUEIN0 (2163:2163:2163) (2163:2163:2163)),(INTERCONNECT \$abc\$179448\$lut\\ddr3_top_inst\.ddr3_phy_inst\.i_controller_idelay_data_cntvaluein\[0\].O6 ddr3_top_inst\.ddr3_phy_inst\.genblk5\[0\]\.IDELAYE2_data.CNTVALUEIN0 (1746:1746:1746) (1746:1746:1746))
dq_dqs_input,False,-417.0,2163.0,1746.0,INTERCONNECT:ddr3_top_inst.ddr3_phy_inst.genblk5[0].IDELAYE2_data.CNTVALUEIN0,(INTERCONNECT \$abc\$179448\$lut\\ddr3_top_inst\.ddr3_phy_inst\.i_controller_idelay_data_cntvaluein\[0\].O6 ddr3_top_inst\.ddr3_phy_inst\.genblk5\[0\]\.IDELAYE2_data.CNTVALUEIN0 (2163:2163:2163) (2163:2163:2163)),(INTERCONNECT \$abc\$179448\$lut\\ddr3_top_inst\.ddr3_phy_inst\.i_controller_idelay_data_cntvaluein\[0\].O6 ddr3_top_inst\.ddr3_phy_inst\.genblk5\[0\]\.IDELAYE2_data.CNTVALUEIN0 (1746:1746:1746) (1746:1746:1746))
idelay_programming,False,414.0,1340.0,1754.0,INTERCONNECT:ddr3_top_inst.ddr3_phy_inst.genblk5[14].IDELAYE2_data.CNTVALUEIN1,(INTERCONNECT \$abc\$179448\$lut\\ddr3_top_inst\.ddr3_phy_inst\.i_controller_idelay_data_cntvaluein\[1\].O6 ddr3_top_inst\.ddr3_phy_inst\.genblk5\[14\]\.IDELAYE2_data.CNTVALUEIN1 (1340:1340:1340) (1340:1340:1340)),(INTERCONNECT \$abc\$179448\$lut\\ddr3_top_inst\.ddr3_phy_inst\.i_controller_idelay_data_cntvaluein\[1\].O6 ddr3_top_inst\.ddr3_phy_inst\.genblk5\[14\]\.IDELAYE2_data.CNTVALUEIN1 (1754:1754:1754) (1754:1754:1754))
dq_dqs_input,False,414.0,1340.0,1754.0,INTERCONNECT:ddr3_top_inst.ddr3_phy_inst.genblk5[14].IDELAYE2_data.CNTVALUEIN1,(INTERCONNECT \$abc\$179448\$lut\\ddr3_top_inst\.ddr3_phy_inst\.i_controller_idelay_data_cntvaluein\[1\].O6 ddr3_top_inst\.ddr3_phy_inst\.genblk5\[14\]\.IDELAYE2_data.CNTVALUEIN1 (1340:1340:1340) (1340:1340:1340)),(INTERCONNECT \$abc\$179448\$lut\\ddr3_top_inst\.ddr3_phy_inst\.i_controller_idelay_data_cntvaluein\[1\].O6 ddr3_top_inst\.ddr3_phy_inst\.genblk5\[14\]\.IDELAYE2_data.CNTVALUEIN1 (1754:1754:1754) (1754:1754:1754))
idelay_programming,False,-413.0,2135.0,1722.0,INTERCONNECT:ddr3_top_inst.ddr3_phy_inst.genblk5[2].IDELAYE2_data.CNTVALUEIN0,(INTERCONNECT \$abc\$179448\$lut\\ddr3_top_inst\.ddr3_phy_inst\.i_controller_idelay_data_cntvaluein\[0\].O6 ddr3_top_inst\.ddr3_phy_inst\.genblk5\[2\]\.IDELAYE2_data.CNTVALUEIN0 (2135:2135:2135) (2135:2135:2135)),(INTERCONNECT \$abc\$179448\$lut\\ddr3_top_inst\.ddr3_phy_inst\.i_controller_idelay_data_cntvaluein\[0\].O6 ddr3_top_inst\.ddr3_phy_inst\.genblk5\[2\]\.IDELAYE2_data.CNTVALUEIN0 (1722:1722:1722) (1722:1722:1722))
idelay_programming,False,-413.0,2135.0,1722.0,INTERCONNECT:ddr3_top_inst.ddr3_phy_inst.genblk5[4].IDELAYE2_data.CNTVALUEIN0,(INTERCONNECT \$abc\$179448\$lut\\ddr3_top_inst\.ddr3_phy_inst\.i_controller_idelay_data_cntvaluein\[0\].O6 ddr3_top_inst\.ddr3_phy_inst\.genblk5\[4\]\.IDELAYE2_data.CNTVALUEIN0 (2135:2135:2135) (2135:2135:2135)),(INTERCONNECT \$abc\$179448\$lut\\ddr3_top_inst\.ddr3_phy_inst\.i_controller_idelay_data_cntvaluein\[0\].O6 ddr3_top_inst\.ddr3_phy_inst\.genblk5\[4\]\.IDELAYE2_data.CNTVALUEIN0 (1722:1722:1722) (1722:1722:1722))
dq_dqs_input,False,-413.0,2135.0,1722.0,INTERCONNECT:ddr3_top_inst.ddr3_phy_inst.genblk5[2].IDELAYE2_data.CNTVALUEIN0,(INTERCONNECT \$abc\$179448\$lut\\ddr3_top_inst\.ddr3_phy_inst\.i_controller_idelay_data_cntvaluein\[0\].O6 ddr3_top_inst\.ddr3_phy_inst\.genblk5\[2\]\.IDELAYE2_data.CNTVALUEIN0 (2135:2135:2135) (2135:2135:2135)),(INTERCONNECT \$abc\$179448\$lut\\ddr3_top_inst\.ddr3_phy_inst\.i_controller_idelay_data_cntvaluein\[0\].O6 ddr3_top_inst\.ddr3_phy_inst\.genblk5\[2\]\.IDELAYE2_data.CNTVALUEIN0 (1722:1722:1722) (1722:1722:1722))
dq_dqs_input,False,-413.0,2135.0,1722.0,INTERCONNECT:ddr3_top_inst.ddr3_phy_inst.genblk5[4].IDELAYE2_data.CNTVALUEIN0,(INTERCONNECT \$abc\$179448\$lut\\ddr3_top_inst\.ddr3_phy_inst\.i_controller_idelay_data_cntvaluein\[0\].O6 ddr3_top_inst\.ddr3_phy_inst\.genblk5\[4\]\.IDELAYE2_data.CNTVALUEIN0 (2135:2135:2135) (2135:2135:2135)),(INTERCONNECT \$abc\$179448\$lut\\ddr3_top_inst\.ddr3_phy_inst\.i_controller_idelay_data_cntvaluein\[0\].O6 ddr3_top_inst\.ddr3_phy_inst\.genblk5\[4\]\.IDELAYE2_data.CNTVALUEIN0 (1722:1722:1722) (1722:1722:1722))
idelay_programming,False,410.0,1481.0,1891.0,INTERCONNECT:ddr3_top_inst.ddr3_phy_inst.genblk5[12].IDELAYE2_data.CNTVALUEIN4,(INTERCONNECT \$abc\$179448\$lut\\ddr3_top_inst\.ddr3_phy_inst\.i_controller_idelay_data_cntvaluein\[4\].O6 ddr3_top_inst\.ddr3_phy_inst\.genblk5\[12\]\.IDELAYE2_data.CNTVALUEIN4 (1481:1481:1481) (1481:1481:1481)),(INTERCONNECT \$abc\$179448\$lut\\ddr3_top_inst\.ddr3_phy_inst\.i_controller_idelay_data_cntvaluein\[4\].O6 ddr3_top_inst\.ddr3_phy_inst\.genblk5\[12\]\.IDELAYE2_data.CNTVALUEIN4 (1891:1891:1891) (1891:1891:1891))
dq_dqs_input,False,410.0,1481.0,1891.0,INTERCONNECT:ddr3_top_inst.ddr3_phy_inst.genblk5[12].IDELAYE2_data.CNTVALUEIN4,(INTERCONNECT \$abc\$179448\$lut\\ddr3_top_inst\.ddr3_phy_inst\.i_controller_idelay_data_cntvaluein\[4\].O6 ddr3_top_inst\.ddr3_phy_inst\.genblk5\[12\]\.IDELAYE2_data.CNTVALUEIN4 (1481:1481:1481) (1481:1481:1481)),(INTERCONNECT \$abc\$179448\$lut\\ddr3_top_inst\.ddr3_phy_inst\.i_controller_idelay_data_cntvaluein\[4\].O6 ddr3_top_inst\.ddr3_phy_inst\.genblk5\[12\]\.IDELAYE2_data.CNTVALUEIN4 (1891:1891:1891) (1891:1891:1891))
idelay_programming,False,409.0,1657.0,2066.0,INTERCONNECT:ddr3_top_inst.ddr3_phy_inst.genblk5[8].IDELAYE2_data.CNTVALUEIN4,(INTERCONNECT \$abc\$179448\$lut\\ddr3_top_inst\.ddr3_phy_inst\.i_controller_idelay_data_cntvaluein\[4\].O6 ddr3_top_inst\.ddr3_phy_inst\.genblk5\[8\]\.IDELAYE2_data.CNTVALUEIN4 (1657:1657:1657) (1657:1657:1657)),(INTERCONNECT \$abc\$179448\$lut\\ddr3_top_inst\.ddr3_phy_inst\.i_controller_idelay_data_cntvaluein\[4\].O6 ddr3_top_inst\.ddr3_phy_inst\.genblk5\[8\]\.IDELAYE2_data.CNTVALUEIN4 (2066:2066:2066) (2066:2066:2066))
dq_dqs_input,False,409.0,1657.0,2066.0,INTERCONNECT:ddr3_top_inst.ddr3_phy_inst.genblk5[8].IDELAYE2_data.CNTVALUEIN4,(INTERCONNECT \$abc\$179448\$lut\\ddr3_top_inst\.ddr3_phy_inst\.i_controller_idelay_data_cntvaluein\[4\].O6 ddr3_top_inst\.ddr3_phy_inst\.genblk5\[8\]\.IDELAYE2_data.CNTVALUEIN4 (1657:1657:1657) (1657:1657:1657)),(INTERCONNECT \$abc\$179448\$lut\\ddr3_top_inst\.ddr3_phy_inst\.i_controller_idelay_data_cntvaluein\[4\].O6 ddr3_top_inst\.ddr3_phy_inst\.genblk5\[8\]\.IDELAYE2_data.CNTVALUEIN4 (2066:2066:2066) (2066:2066:2066))
idelay_programming,False,408.0,1570.0,1978.0,INTERCONNECT:ddr3_top_inst.ddr3_phy_inst.genblk5[14].IDELAYE2_data.CNTVALUEIN4,(INTERCONNECT \$abc\$179448\$lut\\ddr3_top_inst\.ddr3_phy_inst\.i_controller_idelay_data_cntvaluein\[4\].O6 ddr3_top_inst\.ddr3_phy_inst\.genblk5\[14\]\.IDELAYE2_data.CNTVALUEIN4 (1570:1570:1570) (1570:1570:1570)),(INTERCONNECT \$abc\$179448\$lut\\ddr3_top_inst\.ddr3_phy_inst\.i_controller_idelay_data_cntvaluein\[4\].O6 ddr3_top_inst\.ddr3_phy_inst\.genblk5\[14\]\.IDELAYE2_data.CNTVALUEIN4 (1978:1978:1978) (1978:1978:1978))
dq_dqs_input,False,408.0,1570.0,1978.0,INTERCONNECT:ddr3_top_inst.ddr3_phy_inst.genblk5[14].IDELAYE2_data.CNTVALUEIN4,(INTERCONNECT \$abc\$179448\$lut\\ddr3_top_inst\.ddr3_phy_inst\.i_controller_idelay_data_cntvaluein\[4\].O6 ddr3_top_inst\.ddr3_phy_inst\.genblk5\[14\]\.IDELAYE2_data.CNTVALUEIN4 (1570:1570:1570) (1570:1570:1570)),(INTERCONNECT \$abc\$179448\$lut\\ddr3_top_inst\.ddr3_phy_inst\.i_controller_idelay_data_cntvaluein\[4\].O6 ddr3_top_inst\.ddr3_phy_inst\.genblk5\[14\]\.IDELAYE2_data.CNTVALUEIN4 (1978:1978:1978) (1978:1978:1978))
idelay_programming,False,-403.0,1957.0,1554.0,INTERCONNECT:ddr3_top_inst.ddr3_phy_inst.genblk5[8].IDELAYE2_data.LD,(INTERCONNECT \$auto\$ff\.cc\:266\:slice\$43076.Q ddr3_top_inst\.ddr3_phy_inst\.genblk5\[8\]\.IDELAYE2_data.LD (1957:1957:1957) (1957:1957:1957)),(INTERCONNECT \$auto\$ff\.cc\:266\:slice\$43076.Q ddr3_top_inst\.ddr3_phy_inst\.genblk5\[8\]\.IDELAYE2_data.LD (1554:1554:1554) (1554:1554:1554))
dq_dqs_input,False,-403.0,1957.0,1554.0,INTERCONNECT:ddr3_top_inst.ddr3_phy_inst.genblk5[8].IDELAYE2_data.LD,(INTERCONNECT \$auto\$ff\.cc\:266\:slice\$43076.Q ddr3_top_inst\.ddr3_phy_inst\.genblk5\[8\]\.IDELAYE2_data.LD (1957:1957:1957) (1957:1957:1957)),(INTERCONNECT \$auto\$ff\.cc\:266\:slice\$43076.Q ddr3_top_inst\.ddr3_phy_inst\.genblk5\[8\]\.IDELAYE2_data.LD (1554:1554:1554) (1554:1554:1554))
idelay_programming,False,398.0,1756.0,2154.0,INTERCONNECT:ddr3_top_inst.ddr3_phy_inst.genblk5[1].IDELAYE2_data.CNTVALUEIN4,(INTERCONNECT \$abc\$179448\$lut\\ddr3_top_inst\.ddr3_phy_inst\.i_controller_idelay_data_cntvaluein\[4\].O6 ddr3_top_inst\.ddr3_phy_inst\.genblk5\[1\]\.IDELAYE2_data.CNTVALUEIN4 (1756:1756:1756) (1756:1756:1756)),(INTERCONNECT \$abc\$179448\$lut\\ddr3_top_inst\.ddr3_phy_inst\.i_controller_idelay_data_cntvaluein\[4\].O6 ddr3_top_inst\.ddr3_phy_inst\.genblk5\[1\]\.IDELAYE2_data.CNTVALUEIN4 (2154:2154:2154) (2154:2154:2154))
dq_dqs_input,False,398.0,1756.0,2154.0,INTERCONNECT:ddr3_top_inst.ddr3_phy_inst.genblk5[1].IDELAYE2_data.CNTVALUEIN4,(INTERCONNECT \$abc\$179448\$lut\\ddr3_top_inst\.ddr3_phy_inst\.i_controller_idelay_data_cntvaluein\[4\].O6 ddr3_top_inst\.ddr3_phy_inst\.genblk5\[1\]\.IDELAYE2_data.CNTVALUEIN4 (1756:1756:1756) (1756:1756:1756)),(INTERCONNECT \$abc\$179448\$lut\\ddr3_top_inst\.ddr3_phy_inst\.i_controller_idelay_data_cntvaluein\[4\].O6 ddr3_top_inst\.ddr3_phy_inst\.genblk5\[1\]\.IDELAYE2_data.CNTVALUEIN4 (2154:2154:2154) (2154:2154:2154))
idelay_programming,False,397.0,1911.0,2308.0,INTERCONNECT:ddr3_top_inst.ddr3_phy_inst.genblk5[6].IDELAYE2_data.LD,(INTERCONNECT \$auto\$ff\.cc\:266\:slice\$43075.Q ddr3_top_inst\.ddr3_phy_inst\.genblk5\[6\]\.IDELAYE2_data.LD (1911:1911:1911) (1911:1911:1911)),(INTERCONNECT \$auto\$ff\.cc\:266\:slice\$43075.Q ddr3_top_inst\.ddr3_phy_inst\.genblk5\[6\]\.IDELAYE2_data.LD (2308:2308:2308) (2308:2308:2308))
dq_dqs_input,False,397.0,1911.0,2308.0,INTERCONNECT:ddr3_top_inst.ddr3_phy_inst.genblk5[6].IDELAYE2_data.LD,(INTERCONNECT \$auto\$ff\.cc\:266\:slice\$43075.Q ddr3_top_inst\.ddr3_phy_inst\.genblk5\[6\]\.IDELAYE2_data.LD (1911:1911:1911) (1911:1911:1911)),(INTERCONNECT \$auto\$ff\.cc\:266\:slice\$43075.Q ddr3_top_inst\.ddr3_phy_inst\.genblk5\[6\]\.IDELAYE2_data.LD (2308:2308:2308) (2308:2308:2308))
idelay_programming,False,385.0,2131.0,2516.0,INTERCONNECT:ddr3_top_inst.ddr3_phy_inst.genblk5[0].IDELAYE2_data.LD,(INTERCONNECT \$auto\$ff\.cc\:266\:slice\$43075.Q ddr3_top_inst\.ddr3_phy_inst\.genblk5\[0\]\.IDELAYE2_data.LD (2131:2131:2131) (2131:2131:2131)),(INTERCONNECT \$auto\$ff\.cc\:266\:slice\$43075.Q ddr3_top_inst\.ddr3_phy_inst\.genblk5\[0\]\.IDELAYE2_data.LD (2516:2516:2516) (2516:2516:2516))
dq_dqs_input,False,385.0,2131.0,2516.0,INTERCONNECT:ddr3_top_inst.ddr3_phy_inst.genblk5[0].IDELAYE2_data.LD,(INTERCONNECT \$auto\$ff\.cc\:266\:slice\$43075.Q ddr3_top_inst\.ddr3_phy_inst\.genblk5\[0\]\.IDELAYE2_data.LD (2131:2131:2131) (2131:2131:2131)),(INTERCONNECT \$auto\$ff\.cc\:266\:slice\$43075.Q ddr3_top_inst\.ddr3_phy_inst\.genblk5\[0\]\.IDELAYE2_data.LD (2516:2516:2516) (2516:2516:2516))
read_bist_state17,False,-373.0,2141.0,1768.0,INTERCONNECT:ddr3_top_inst.ddr3_phy_inst.genblk5[3].ISERDESE2_data.BITSLIP,(INTERCONNECT \$auto\$ff\.cc\:266\:slice\$59276.Q ddr3_top_inst\.ddr3_phy_inst\.genblk5\[3\]\.ISERDESE2_data.BITSLIP (2141:2141:2141) (2141:2141:2141)),(INTERCONNECT \$auto\$ff\.cc\:266\:slice\$59276.Q ddr3_top_inst\.ddr3_phy_inst\.genblk5\[3\]\.ISERDESE2_data.BITSLIP (1768:1768:1768) (1768:1768:1768))
dq_dqs_input,False,-373.0,2141.0,1768.0,INTERCONNECT:ddr3_top_inst.ddr3_phy_inst.genblk5[3].ISERDESE2_data.BITSLIP,(INTERCONNECT \$auto\$ff\.cc\:266\:slice\$59276.Q ddr3_top_inst\.ddr3_phy_inst\.genblk5\[3\]\.ISERDESE2_data.BITSLIP (2141:2141:2141) (2141:2141:2141)),(INTERCONNECT \$auto\$ff\.cc\:266\:slice\$59276.Q ddr3_top_inst\.ddr3_phy_inst\.genblk5\[3\]\.ISERDESE2_data.BITSLIP (1768:1768:1768) (1768:1768:1768))
idelay_programming,False,346.0,2137.0,2483.0,INTERCONNECT:ddr3_top_inst.ddr3_phy_inst.genblk5[1].IDELAYE2_data.LD,(INTERCONNECT \$auto\$ff\.cc\:266\:slice\$43075.Q ddr3_top_inst\.ddr3_phy_inst\.genblk5\[1\]\.IDELAYE2_data.LD (2137:2137:2137) (2137:2137:2137)),(INTERCONNECT \$auto\$ff\.cc\:266\:slice\$43075.Q ddr3_top_inst\.ddr3_phy_inst\.genblk5\[1\]\.IDELAYE2_data.LD (2483:2483:2483) (2483:2483:2483))
dq_dqs_input,False,346.0,2137.0,2483.0,INTERCONNECT:ddr3_top_inst.ddr3_phy_inst.genblk5[1].IDELAYE2_data.LD,(INTERCONNECT \$auto\$ff\.cc\:266\:slice\$43075.Q ddr3_top_inst\.ddr3_phy_inst\.genblk5\[1\]\.IDELAYE2_data.LD (2137:2137:2137) (2137:2137:2137)),(INTERCONNECT \$auto\$ff\.cc\:266\:slice\$43075.Q ddr3_top_inst\.ddr3_phy_inst\.genblk5\[1\]\.IDELAYE2_data.LD (2483:2483:2483) (2483:2483:2483))
idelay_programming,False,343.0,1587.0,1930.0,INTERCONNECT:ddr3_top_inst.ddr3_phy_inst.genblk5[3].IDELAYE2_data.CNTVALUEIN4,(INTERCONNECT \$abc\$179448\$lut\\ddr3_top_inst\.ddr3_phy_inst\.i_controller_idelay_data_cntvaluein\[4\].O6 ddr3_top_inst\.ddr3_phy_inst\.genblk5\[3\]\.IDELAYE2_data.CNTVALUEIN4 (1587:1587:1587) (1587:1587:1587)),(INTERCONNECT \$abc\$179448\$lut\\ddr3_top_inst\.ddr3_phy_inst\.i_controller_idelay_data_cntvaluein\[4\].O6 ddr3_top_inst\.ddr3_phy_inst\.genblk5\[3\]\.IDELAYE2_data.CNTVALUEIN4 (1930:1930:1930) (1930:1930:1930))
dq_dqs_input,False,343.0,1587.0,1930.0,INTERCONNECT:ddr3_top_inst.ddr3_phy_inst.genblk5[3].IDELAYE2_data.CNTVALUEIN4,(INTERCONNECT \$abc\$179448\$lut\\ddr3_top_inst\.ddr3_phy_inst\.i_controller_idelay_data_cntvaluein\[4\].O6 ddr3_top_inst\.ddr3_phy_inst\.genblk5\[3\]\.IDELAYE2_data.CNTVALUEIN4 (1587:1587:1587) (1587:1587:1587)),(INTERCONNECT \$abc\$179448\$lut\\ddr3_top_inst\.ddr3_phy_inst\.i_controller_idelay_data_cntvaluein\[4\].O6 ddr3_top_inst\.ddr3_phy_inst\.genblk5\[3\]\.IDELAYE2_data.CNTVALUEIN4 (1930:1930:1930) (1930:1930:1930))
idelay_programming,False,-342.0,1927.0,1585.0,INTERCONNECT:ddr3_top_inst.ddr3_phy_inst.genblk5[5].IDELAYE2_data.CNTVALUEIN0,(INTERCONNECT \$abc\$179448\$lut\\ddr3_top_inst\.ddr3_phy_inst\.i_controller_idelay_data_cntvaluein\[0\].O6 ddr3_top_inst\.ddr3_phy_inst\.genblk5\[5\]\.IDELAYE2_data.CNTVALUEIN0 (1927:1927:1927) (1927:1927:1927)),(INTERCONNECT \$abc\$179448\$lut\\ddr3_top_inst\.ddr3_phy_inst\.i_controller_idelay_data_cntvaluein\[0\].O6 ddr3_top_inst\.ddr3_phy_inst\.genblk5\[5\]\.IDELAYE2_data.CNTVALUEIN0 (1585:1585:1585) (1585:1585:1585))
dq_dqs_input,False,-342.0,1927.0,1585.0,INTERCONNECT:ddr3_top_inst.ddr3_phy_inst.genblk5[5].IDELAYE2_data.CNTVALUEIN0,(INTERCONNECT \$abc\$179448\$lut\\ddr3_top_inst\.ddr3_phy_inst\.i_controller_idelay_data_cntvaluein\[0\].O6 ddr3_top_inst\.ddr3_phy_inst\.genblk5\[5\]\.IDELAYE2_data.CNTVALUEIN0 (1927:1927:1927) (1927:1927:1927)),(INTERCONNECT \$abc\$179448\$lut\\ddr3_top_inst\.ddr3_phy_inst\.i_controller_idelay_data_cntvaluein\[0\].O6 ddr3_top_inst\.ddr3_phy_inst\.genblk5\[5\]\.IDELAYE2_data.CNTVALUEIN0 (1585:1585:1585) (1585:1585:1585))
read_bist_state17,False,330.0,1705.0,2035.0,INTERCONNECT:ddr3_top_inst.ddr3_phy_inst.genblk5[12].ISERDESE2_data.BITSLIP,(INTERCONNECT \$auto\$ff\.cc\:266\:slice\$59269.Q ddr3_top_inst\.ddr3_phy_inst\.genblk5\[12\]\.ISERDESE2_data.BITSLIP (1705:1705:1705) (1705:1705:1705)),(INTERCONNECT \$auto\$ff\.cc\:266\:slice\$59269.Q ddr3_top_inst\.ddr3_phy_inst\.genblk5\[12\]\.ISERDESE2_data.BITSLIP (2035:2035:2035) (2035:2035:2035))
read_bist_state17,False,330.0,1800.0,2130.0,INTERCONNECT:ddr3_top_inst.ddr3_phy_inst.genblk5[8].ISERDESE2_data.BITSLIP,(INTERCONNECT \$auto\$ff\.cc\:266\:slice\$59269.Q ddr3_top_inst\.ddr3_phy_inst\.genblk5\[8\]\.ISERDESE2_data.BITSLIP (1800:1800:1800) (1800:1800:1800)),(INTERCONNECT \$auto\$ff\.cc\:266\:slice\$59269.Q ddr3_top_inst\.ddr3_phy_inst\.genblk5\[8\]\.ISERDESE2_data.BITSLIP (2130:2130:2130) (2130:2130:2130))
dq_dqs_input,False,330.0,1705.0,2035.0,INTERCONNECT:ddr3_top_inst.ddr3_phy_inst.genblk5[12].ISERDESE2_data.BITSLIP,(INTERCONNECT \$auto\$ff\.cc\:266\:slice\$59269.Q ddr3_top_inst\.ddr3_phy_inst\.genblk5\[12\]\.ISERDESE2_data.BITSLIP (1705:1705:1705) (1705:1705:1705)),(INTERCONNECT \$auto\$ff\.cc\:266\:slice\$59269.Q ddr3_top_inst\.ddr3_phy_inst\.genblk5\[12\]\.ISERDESE2_data.BITSLIP (2035:2035:2035) (2035:2035:2035))
dq_dqs_input,False,330.0,1800.0,2130.0,INTERCONNECT:ddr3_top_inst.ddr3_phy_inst.genblk5[8].ISERDESE2_data.BITSLIP,(INTERCONNECT \$auto\$ff\.cc\:266\:slice\$59269.Q ddr3_top_inst\.ddr3_phy_inst\.genblk5\[8\]\.ISERDESE2_data.BITSLIP (1800:1800:1800) (1800:1800:1800)),(INTERCONNECT \$auto\$ff\.cc\:266\:slice\$59269.Q ddr3_top_inst\.ddr3_phy_inst\.genblk5\[8\]\.ISERDESE2_data.BITSLIP (2130:2130:2130) (2130:2130:2130))
read_bist_state17,False,326.0,1621.0,1947.0,INTERCONNECT:ddr3_top_inst.ddr3_phy_inst.genblk5[10].ISERDESE2_data.BITSLIP,(INTERCONNECT \$auto\$ff\.cc\:266\:slice\$59269.Q ddr3_top_inst\.ddr3_phy_inst\.genblk5\[10\]\.ISERDESE2_data.BITSLIP (1621:1621:1621) (1621:1621:1621)),(INTERCONNECT \$auto\$ff\.cc\:266\:slice\$59269.Q ddr3_top_inst\.ddr3_phy_inst\.genblk5\[10\]\.ISERDESE2_data.BITSLIP (1947:1947:1947) (1947:1947:1947))
dq_dqs_input,False,326.0,1621.0,1947.0,INTERCONNECT:ddr3_top_inst.ddr3_phy_inst.genblk5[10].ISERDESE2_data.BITSLIP,(INTERCONNECT \$auto\$ff\.cc\:266\:slice\$59269.Q ddr3_top_inst\.ddr3_phy_inst\.genblk5\[10\]\.ISERDESE2_data.BITSLIP (1621:1621:1621) (1621:1621:1621)),(INTERCONNECT \$auto\$ff\.cc\:266\:slice\$59269.Q ddr3_top_inst\.ddr3_phy_inst\.genblk5\[10\]\.ISERDESE2_data.BITSLIP (1947:1947:1947) (1947:1947:1947))
read_bist_state17,False,-325.0,2229.0,1904.0,INTERCONNECT:ddr3_top_inst.ddr3_phy_inst.genblk5[5].ISERDESE2_data.BITSLIP,(INTERCONNECT \$auto\$ff\.cc\:266\:slice\$59276.Q ddr3_top_inst\.ddr3_phy_inst\.genblk5\[5\]\.ISERDESE2_data.BITSLIP (2229:2229:2229) (2229:2229:2229)),(INTERCONNECT \$auto\$ff\.cc\:266\:slice\$59276.Q ddr3_top_inst\.ddr3_phy_inst\.genblk5\[5\]\.ISERDESE2_data.BITSLIP (1904:1904:1904) (1904:1904:1904))
dq_dqs_input,False,-325.0,2229.0,1904.0,INTERCONNECT:ddr3_top_inst.ddr3_phy_inst.genblk5[5].ISERDESE2_data.BITSLIP,(INTERCONNECT \$auto\$ff\.cc\:266\:slice\$59276.Q ddr3_top_inst\.ddr3_phy_inst\.genblk5\[5\]\.ISERDESE2_data.BITSLIP (2229:2229:2229) (2229:2229:2229)),(INTERCONNECT \$auto\$ff\.cc\:266\:slice\$59276.Q ddr3_top_inst\.ddr3_phy_inst\.genblk5\[5\]\.ISERDESE2_data.BITSLIP (1904:1904:1904) (1904:1904:1904))
idelay_programming,False,-321.0,1710.0,1389.0,INTERCONNECT:ddr3_top_inst.ddr3_phy_inst.genblk5[9].IDELAYE2_data.LD,(INTERCONNECT \$auto\$ff\.cc\:266\:slice\$43076.Q ddr3_top_inst\.ddr3_phy_inst\.genblk5\[9\]\.IDELAYE2_data.LD (1710:1710:1710) (1710:1710:1710)),(INTERCONNECT \$auto\$ff\.cc\:266\:slice\$43076.Q ddr3_top_inst\.ddr3_phy_inst\.genblk5\[9\]\.IDELAYE2_data.LD (1389:1389:1389) (1389:1389:1389))
dq_dqs_input,False,-321.0,1710.0,1389.0,INTERCONNECT:ddr3_top_inst.ddr3_phy_inst.genblk5[9].IDELAYE2_data.LD,(INTERCONNECT \$auto\$ff\.cc\:266\:slice\$43076.Q ddr3_top_inst\.ddr3_phy_inst\.genblk5\[9\]\.IDELAYE2_data.LD (1710:1710:1710) (1710:1710:1710)),(INTERCONNECT \$auto\$ff\.cc\:266\:slice\$43076.Q ddr3_top_inst\.ddr3_phy_inst\.genblk5\[9\]\.IDELAYE2_data.LD (1389:1389:1389) (1389:1389:1389))
idelay_programming,False,312.0,1347.0,1659.0,INTERCONNECT:ddr3_top_inst.ddr3_phy_inst.genblk5[13].IDELAYE2_data.CNTVALUEIN4,(INTERCONNECT \$abc\$179448\$lut\\ddr3_top_inst\.ddr3_phy_inst\.i_controller_idelay_data_cntvaluein\[4\].O6 ddr3_top_inst\.ddr3_phy_inst\.genblk5\[13\]\.IDELAYE2_data.CNTVALUEIN4 (1347:1347:1347) (1347:1347:1347)),(INTERCONNECT \$abc\$179448\$lut\\ddr3_top_inst\.ddr3_phy_inst\.i_controller_idelay_data_cntvaluein\[4\].O6 ddr3_top_inst\.ddr3_phy_inst\.genblk5\[13\]\.IDELAYE2_data.CNTVALUEIN4 (1659:1659:1659) (1659:1659:1659))
dq_dqs_input,False,312.0,1347.0,1659.0,INTERCONNECT:ddr3_top_inst.ddr3_phy_inst.genblk5[13].IDELAYE2_data.CNTVALUEIN4,(INTERCONNECT \$abc\$179448\$lut\\ddr3_top_inst\.ddr3_phy_inst\.i_controller_idelay_data_cntvaluein\[4\].O6 ddr3_top_inst\.ddr3_phy_inst\.genblk5\[13\]\.IDELAYE2_data.CNTVALUEIN4 (1347:1347:1347) (1347:1347:1347)),(INTERCONNECT \$abc\$179448\$lut\\ddr3_top_inst\.ddr3_phy_inst\.i_controller_idelay_data_cntvaluein\[4\].O6 ddr3_top_inst\.ddr3_phy_inst\.genblk5\[13\]\.IDELAYE2_data.CNTVALUEIN4 (1659:1659:1659) (1659:1659:1659))
idelay_programming,False,-306.0,1832.0,1526.0,INTERCONNECT:ddr3_top_inst.ddr3_phy_inst.genblk5[13].IDELAYE2_data.LD,(INTERCONNECT \$auto\$ff\.cc\:266\:slice\$43076.Q ddr3_top_inst\.ddr3_phy_inst\.genblk5\[13\]\.IDELAYE2_data.LD (1832:1832:1832) (1832:1832:1832)),(INTERCONNECT \$auto\$ff\.cc\:266\:slice\$43076.Q ddr3_top_inst\.ddr3_phy_inst\.genblk5\[13\]\.IDELAYE2_data.LD (1526:1526:1526) (1526:1526:1526))
read_bist_state17,False,-306.0,2016.0,1710.0,INTERCONNECT:ddr3_top_inst.ddr3_phy_inst.genblk5[7].ISERDESE2_data.BITSLIP,(INTERCONNECT \$auto\$ff\.cc\:266\:slice\$59276.Q ddr3_top_inst\.ddr3_phy_inst\.genblk5\[7\]\.ISERDESE2_data.BITSLIP (2016:2016:2016) (2016:2016:2016)),(INTERCONNECT \$auto\$ff\.cc\:266\:slice\$59276.Q ddr3_top_inst\.ddr3_phy_inst\.genblk5\[7\]\.ISERDESE2_data.BITSLIP (1710:1710:1710) (1710:1710:1710))
dq_dqs_input,False,-306.0,1832.0,1526.0,INTERCONNECT:ddr3_top_inst.ddr3_phy_inst.genblk5[13].IDELAYE2_data.LD,(INTERCONNECT \$auto\$ff\.cc\:266\:slice\$43076.Q ddr3_top_inst\.ddr3_phy_inst\.genblk5\[13\]\.IDELAYE2_data.LD (1832:1832:1832) (1832:1832:1832)),(INTERCONNECT \$auto\$ff\.cc\:266\:slice\$43076.Q ddr3_top_inst\.ddr3_phy_inst\.genblk5\[13\]\.IDELAYE2_data.LD (1526:1526:1526) (1526:1526:1526))
dq_dqs_input,False,-306.0,2016.0,1710.0,INTERCONNECT:ddr3_top_inst.ddr3_phy_inst.genblk5[7].ISERDESE2_data.BITSLIP,(INTERCONNECT \$auto\$ff\.cc\:266\:slice\$59276.Q ddr3_top_inst\.ddr3_phy_inst\.genblk5\[7\]\.ISERDESE2_data.BITSLIP (2016:2016:2016) (2016:2016:2016)),(INTERCONNECT \$auto\$ff\.cc\:266\:slice\$59276.Q ddr3_top_inst\.ddr3_phy_inst\.genblk5\[7\]\.ISERDESE2_data.BITSLIP (1710:1710:1710) (1710:1710:1710))
read_bist_state17,False,-290.0,1919.0,1629.0,INTERCONNECT:ddr3_top_inst.ddr3_phy_inst.genblk5[4].ISERDESE2_data.BITSLIP,(INTERCONNECT \$auto\$ff\.cc\:266\:slice\$59276.Q ddr3_top_inst\.ddr3_phy_inst\.genblk5\[4\]\.ISERDESE2_data.BITSLIP (1919:1919:1919) (1919:1919:1919)),(INTERCONNECT \$auto\$ff\.cc\:266\:slice\$59276.Q ddr3_top_inst\.ddr3_phy_inst\.genblk5\[4\]\.ISERDESE2_data.BITSLIP (1629:1629:1629) (1629:1629:1629))
dq_dqs_input,False,-290.0,1919.0,1629.0,INTERCONNECT:ddr3_top_inst.ddr3_phy_inst.genblk5[4].ISERDESE2_data.BITSLIP,(INTERCONNECT \$auto\$ff\.cc\:266\:slice\$59276.Q ddr3_top_inst\.ddr3_phy_inst\.genblk5\[4\]\.ISERDESE2_data.BITSLIP (1919:1919:1919) (1919:1919:1919)),(INTERCONNECT \$auto\$ff\.cc\:266\:slice\$59276.Q ddr3_top_inst\.ddr3_phy_inst\.genblk5\[4\]\.ISERDESE2_data.BITSLIP (1629:1629:1629) (1629:1629:1629))
idelay_programming,False,-283.0,2072.0,1789.0,INTERCONNECT:ddr3_top_inst.ddr3_phy_inst.genblk5[1].IDELAYE2_data.CNTVALUEIN0,(INTERCONNECT \$abc\$179448\$lut\\ddr3_top_inst\.ddr3_phy_inst\.i_controller_idelay_data_cntvaluein\[0\].O6 ddr3_top_inst\.ddr3_phy_inst\.genblk5\[1\]\.IDELAYE2_data.CNTVALUEIN0 (2072:2072:2072) (2072:2072:2072)),(INTERCONNECT \$abc\$179448\$lut\\ddr3_top_inst\.ddr3_phy_inst\.i_controller_idelay_data_cntvaluein\[0\].O6 ddr3_top_inst\.ddr3_phy_inst\.genblk5\[1\]\.IDELAYE2_data.CNTVALUEIN0 (1789:1789:1789) (1789:1789:1789))
dq_dqs_input,False,-283.0,2072.0,1789.0,INTERCONNECT:ddr3_top_inst.ddr3_phy_inst.genblk5[1].IDELAYE2_data.CNTVALUEIN0,(INTERCONNECT \$abc\$179448\$lut\\ddr3_top_inst\.ddr3_phy_inst\.i_controller_idelay_data_cntvaluein\[0\].O6 ddr3_top_inst\.ddr3_phy_inst\.genblk5\[1\]\.IDELAYE2_data.CNTVALUEIN0 (2072:2072:2072) (2072:2072:2072)),(INTERCONNECT \$abc\$179448\$lut\\ddr3_top_inst\.ddr3_phy_inst\.i_controller_idelay_data_cntvaluein\[0\].O6 ddr3_top_inst\.ddr3_phy_inst\.genblk5\[1\]\.IDELAYE2_data.CNTVALUEIN0 (1789:1789:1789) (1789:1789:1789))
idelay_programming,False,-281.0,1618.0,1337.0,INTERCONNECT:ddr3_top_inst.ddr3_phy_inst.genblk5[15].IDELAYE2_data.LD,(INTERCONNECT \$auto\$ff\.cc\:266\:slice\$43076.Q ddr3_top_inst\.ddr3_phy_inst\.genblk5\[15\]\.IDELAYE2_data.LD (1618:1618:1618) (1618:1618:1618)),(INTERCONNECT \$auto\$ff\.cc\:266\:slice\$43076.Q ddr3_top_inst\.ddr3_phy_inst\.genblk5\[15\]\.IDELAYE2_data.LD (1337:1337:1337) (1337:1337:1337))
dq_dqs_input,False,-281.0,1618.0,1337.0,INTERCONNECT:ddr3_top_inst.ddr3_phy_inst.genblk5[15].IDELAYE2_data.LD,(INTERCONNECT \$auto\$ff\.cc\:266\:slice\$43076.Q ddr3_top_inst\.ddr3_phy_inst\.genblk5\[15\]\.IDELAYE2_data.LD (1618:1618:1618) (1618:1618:1618)),(INTERCONNECT \$auto\$ff\.cc\:266\:slice\$43076.Q ddr3_top_inst\.ddr3_phy_inst\.genblk5\[15\]\.IDELAYE2_data.LD (1337:1337:1337) (1337:1337:1337))
idelay_programming,False,-271.0,1769.0,1498.0,INTERCONNECT:ddr3_top_inst.ddr3_phy_inst.genblk5[3].IDELAYE2_data.CNTVALUEIN2,(INTERCONNECT \$abc\$179448\$lut\\ddr3_top_inst\.ddr3_phy_inst\.i_controller_idelay_data_cntvaluein\[2\].O6 ddr3_top_inst\.ddr3_phy_inst\.genblk5\[3\]\.IDELAYE2_data.CNTVALUEIN2 (1769:1769:1769) (1769:1769:1769)),(INTERCONNECT \$abc\$179448\$lut\\ddr3_top_inst\.ddr3_phy_inst\.i_controller_idelay_data_cntvaluein\[2\].O6 ddr3_top_inst\.ddr3_phy_inst\.genblk5\[3\]\.IDELAYE2_data.CNTVALUEIN2 (1498:1498:1498) (1498:1498:1498))
dq_dqs_input,False,-271.0,1769.0,1498.0,INTERCONNECT:ddr3_top_inst.ddr3_phy_inst.genblk5[3].IDELAYE2_data.CNTVALUEIN2,(INTERCONNECT \$abc\$179448\$lut\\ddr3_top_inst\.ddr3_phy_inst\.i_controller_idelay_data_cntvaluein\[2\].O6 ddr3_top_inst\.ddr3_phy_inst\.genblk5\[3\]\.IDELAYE2_data.CNTVALUEIN2 (1769:1769:1769) (1769:1769:1769)),(INTERCONNECT \$abc\$179448\$lut\\ddr3_top_inst\.ddr3_phy_inst\.i_controller_idelay_data_cntvaluein\[2\].O6 ddr3_top_inst\.ddr3_phy_inst\.genblk5\[3\]\.IDELAYE2_data.CNTVALUEIN2 (1498:1498:1498) (1498:1498:1498))
idelay_programming,False,-263.0,1271.0,1008.0,INTERCONNECT:ddr3_top_inst.ddr3_phy_inst.genblk7[1].IDELAYE2_dqs.CNTVALUEIN4,(INTERCONNECT \$abc\$179448\$lut\\ddr3_top_inst\.ddr3_phy_inst\.i_controller_idelay_dqs_cntvaluein\[4\].O6 ddr3_top_inst\.ddr3_phy_inst\.genblk7\[1\]\.IDELAYE2_dqs.CNTVALUEIN4 (1271:1271:1271) (1271:1271:1271)),(INTERCONNECT \$abc\$179448\$lut\\ddr3_top_inst\.ddr3_phy_inst\.i_controller_idelay_dqs_cntvaluein\[4\].O6 ddr3_top_inst\.ddr3_phy_inst\.genblk7\[1\]\.IDELAYE2_dqs.CNTVALUEIN4 (1008:1008:1008) (1008:1008:1008))
dq_dqs_input,False,-263.0,1271.0,1008.0,INTERCONNECT:ddr3_top_inst.ddr3_phy_inst.genblk7[1].IDELAYE2_dqs.CNTVALUEIN4,(INTERCONNECT \$abc\$179448\$lut\\ddr3_top_inst\.ddr3_phy_inst\.i_controller_idelay_dqs_cntvaluein\[4\].O6 ddr3_top_inst\.ddr3_phy_inst\.genblk7\[1\]\.IDELAYE2_dqs.CNTVALUEIN4 (1271:1271:1271) (1271:1271:1271)),(INTERCONNECT \$abc\$179448\$lut\\ddr3_top_inst\.ddr3_phy_inst\.i_controller_idelay_dqs_cntvaluein\[4\].O6 ddr3_top_inst\.ddr3_phy_inst\.genblk7\[1\]\.IDELAYE2_dqs.CNTVALUEIN4 (1008:1008:1008) (1008:1008:1008))
idelay_programming,False,250.0,1241.0,1491.0,INTERCONNECT:ddr3_top_inst.ddr3_phy_inst.genblk5[9].IDELAYE2_data.CNTVALUEIN3,(INTERCONNECT \$abc\$179448\$lut\\ddr3_top_inst\.ddr3_phy_inst\.i_controller_idelay_data_cntvaluein\[3\].O6 ddr3_top_inst\.ddr3_phy_inst\.genblk5\[9\]\.IDELAYE2_data.CNTVALUEIN3 (1241:1241:1241) (1241:1241:1241)),(INTERCONNECT \$abc\$179448\$lut\\ddr3_top_inst\.ddr3_phy_inst\.i_controller_idelay_data_cntvaluein\[3\].O6 ddr3_top_inst\.ddr3_phy_inst\.genblk5\[9\]\.IDELAYE2_data.CNTVALUEIN3 (1491:1491:1491) (1491:1491:1491))
dq_dqs_input,False,250.0,1241.0,1491.0,INTERCONNECT:ddr3_top_inst.ddr3_phy_inst.genblk5[9].IDELAYE2_data.CNTVALUEIN3,(INTERCONNECT \$abc\$179448\$lut\\ddr3_top_inst\.ddr3_phy_inst\.i_controller_idelay_data_cntvaluein\[3\].O6 ddr3_top_inst\.ddr3_phy_inst\.genblk5\[9\]\.IDELAYE2_data.CNTVALUEIN3 (1241:1241:1241) (1241:1241:1241)),(INTERCONNECT \$abc\$179448\$lut\\ddr3_top_inst\.ddr3_phy_inst\.i_controller_idelay_data_cntvaluein\[3\].O6 ddr3_top_inst\.ddr3_phy_inst\.genblk5\[9\]\.IDELAYE2_data.CNTVALUEIN3 (1491:1491:1491) (1491:1491:1491))
idelay_programming,False,245.0,1480.0,1725.0,INTERCONNECT:ddr3_top_inst.ddr3_phy_inst.genblk5[11].IDELAYE2_data.CNTVALUEIN4,(INTERCONNECT \$abc\$179448\$lut\\ddr3_top_inst\.ddr3_phy_inst\.i_controller_idelay_data_cntvaluein\[4\].O6 ddr3_top_inst\.ddr3_phy_inst\.genblk5\[11\]\.IDELAYE2_data.CNTVALUEIN4 (1480:1480:1480) (1480:1480:1480)),(INTERCONNECT \$abc\$179448\$lut\\ddr3_top_inst\.ddr3_phy_inst\.i_controller_idelay_data_cntvaluein\[4\].O6 ddr3_top_inst\.ddr3_phy_inst\.genblk5\[11\]\.IDELAYE2_data.CNTVALUEIN4 (1725:1725:1725) (1725:1725:1725))
idelay_programming,False,-245.0,1718.0,1473.0,INTERCONNECT:ddr3_top_inst.ddr3_phy_inst.genblk5[11].IDELAYE2_data.LD,(INTERCONNECT \$auto\$ff\.cc\:266\:slice\$43076.Q ddr3_top_inst\.ddr3_phy_inst\.genblk5\[11\]\.IDELAYE2_data.LD (1718:1718:1718) (1718:1718:1718)),(INTERCONNECT \$auto\$ff\.cc\:266\:slice\$43076.Q ddr3_top_inst\.ddr3_phy_inst\.genblk5\[11\]\.IDELAYE2_data.LD (1473:1473:1473) (1473:1473:1473))
dq_dqs_input,False,245.0,1480.0,1725.0,INTERCONNECT:ddr3_top_inst.ddr3_phy_inst.genblk5[11].IDELAYE2_data.CNTVALUEIN4,(INTERCONNECT \$abc\$179448\$lut\\ddr3_top_inst\.ddr3_phy_inst\.i_controller_idelay_data_cntvaluein\[4\].O6 ddr3_top_inst\.ddr3_phy_inst\.genblk5\[11\]\.IDELAYE2_data.CNTVALUEIN4 (1480:1480:1480) (1480:1480:1480)),(INTERCONNECT \$abc\$179448\$lut\\ddr3_top_inst\.ddr3_phy_inst\.i_controller_idelay_data_cntvaluein\[4\].O6 ddr3_top_inst\.ddr3_phy_inst\.genblk5\[11\]\.IDELAYE2_data.CNTVALUEIN4 (1725:1725:1725) (1725:1725:1725))
dq_dqs_input,False,-245.0,1718.0,1473.0,INTERCONNECT:ddr3_top_inst.ddr3_phy_inst.genblk5[11].IDELAYE2_data.LD,(INTERCONNECT \$auto\$ff\.cc\:266\:slice\$43076.Q ddr3_top_inst\.ddr3_phy_inst\.genblk5\[11\]\.IDELAYE2_data.LD (1718:1718:1718) (1718:1718:1718)),(INTERCONNECT \$auto\$ff\.cc\:266\:slice\$43076.Q ddr3_top_inst\.ddr3_phy_inst\.genblk5\[11\]\.IDELAYE2_data.LD (1473:1473:1473) (1473:1473:1473))
idelay_programming,False,-240.0,1853.0,1613.0,INTERCONNECT:ddr3_top_inst.ddr3_phy_inst.genblk5[14].IDELAYE2_data.CNTVALUEIN0,(INTERCONNECT \$abc\$179448\$lut\\ddr3_top_inst\.ddr3_phy_inst\.i_controller_idelay_data_cntvaluein\[0\].O6 ddr3_top_inst\.ddr3_phy_inst\.genblk5\[14\]\.IDELAYE2_data.CNTVALUEIN0 (1853:1853:1853) (1853:1853:1853)),(INTERCONNECT \$abc\$179448\$lut\\ddr3_top_inst\.ddr3_phy_inst\.i_controller_idelay_data_cntvaluein\[0\].O6 ddr3_top_inst\.ddr3_phy_inst\.genblk5\[14\]\.IDELAYE2_data.CNTVALUEIN0 (1613:1613:1613) (1613:1613:1613))
dq_dqs_input,False,-240.0,1853.0,1613.0,INTERCONNECT:ddr3_top_inst.ddr3_phy_inst.genblk5[14].IDELAYE2_data.CNTVALUEIN0,(INTERCONNECT \$abc\$179448\$lut\\ddr3_top_inst\.ddr3_phy_inst\.i_controller_idelay_data_cntvaluein\[0\].O6 ddr3_top_inst\.ddr3_phy_inst\.genblk5\[14\]\.IDELAYE2_data.CNTVALUEIN0 (1853:1853:1853) (1853:1853:1853)),(INTERCONNECT \$abc\$179448\$lut\\ddr3_top_inst\.ddr3_phy_inst\.i_controller_idelay_data_cntvaluein\[0\].O6 ddr3_top_inst\.ddr3_phy_inst\.genblk5\[14\]\.IDELAYE2_data.CNTVALUEIN0 (1613:1613:1613) (1613:1613:1613))
calib_state_release,False,237.0,1488.0,1725.0,INTERCONNECT:$iopadmap$ypcb_00338_1p1_ddr3.led$intcell$OBUF.IN,(INTERCONNECT \$abc\$179448\$lut\\bist_done.O6 \$iopadmap\$ypcb_00338_1p1_ddr3\.led\$intcell\$OBUF.IN (1488:1488:1488) (1488:1488:1488)),(INTERCONNECT \$abc\$179448\$lut\\bist_done.O6 \$iopadmap\$ypcb_00338_1p1_ddr3\.led\$intcell\$OBUF.IN (1725:1725:1725) (1725:1725:1725))
idelay_programming,False,-237.0,1648.0,1411.0,INTERCONNECT:ddr3_top_inst.ddr3_phy_inst.genblk5[10].IDELAYE2_data.CNTVALUEIN2,(INTERCONNECT \$abc\$179448\$lut\\ddr3_top_inst\.ddr3_phy_inst\.i_controller_idelay_data_cntvaluein\[2\].O6 ddr3_top_inst\.ddr3_phy_inst\.genblk5\[10\]\.IDELAYE2_data.CNTVALUEIN2 (1648:1648:1648) (1648:1648:1648)),(INTERCONNECT \$abc\$179448\$lut\\ddr3_top_inst\.ddr3_phy_inst\.i_controller_idelay_data_cntvaluein\[2\].O6 ddr3_top_inst\.ddr3_phy_inst\.genblk5\[10\]\.IDELAYE2_data.CNTVALUEIN2 (1411:1411:1411) (1411:1411:1411))
dq_dqs_input,False,-237.0,1648.0,1411.0,INTERCONNECT:ddr3_top_inst.ddr3_phy_inst.genblk5[10].IDELAYE2_data.CNTVALUEIN2,(INTERCONNECT \$abc\$179448\$lut\\ddr3_top_inst\.ddr3_phy_inst\.i_controller_idelay_data_cntvaluein\[2\].O6 ddr3_top_inst\.ddr3_phy_inst\.genblk5\[10\]\.IDELAYE2_data.CNTVALUEIN2 (1648:1648:1648) (1648:1648:1648)),(INTERCONNECT \$abc\$179448\$lut\\ddr3_top_inst\.ddr3_phy_inst\.i_controller_idelay_data_cntvaluein\[2\].O6 ddr3_top_inst\.ddr3_phy_inst\.genblk5\[10\]\.IDELAYE2_data.CNTVALUEIN2 (1411:1411:1411) (1411:1411:1411))
idelay_programming,False,-234.0,1873.0,1639.0,INTERCONNECT:ddr3_top_inst.ddr3_phy_inst.genblk5[14].IDELAYE2_data.LD,(INTERCONNECT \$auto\$ff\.cc\:266\:slice\$43076.Q ddr3_top_inst\.ddr3_phy_inst\.genblk5\[14\]\.IDELAYE2_data.LD (1873:1873:1873) (1873:1873:1873)),(INTERCONNECT \$auto\$ff\.cc\:266\:slice\$43076.Q ddr3_top_inst\.ddr3_phy_inst\.genblk5\[14\]\.IDELAYE2_data.LD (1639:1639:1639) (1639:1639:1639))
dq_dqs_input,False,-234.0,1873.0,1639.0,INTERCONNECT:ddr3_top_inst.ddr3_phy_inst.genblk5[14].IDELAYE2_data.LD,(INTERCONNECT \$auto\$ff\.cc\:266\:slice\$43076.Q ddr3_top_inst\.ddr3_phy_inst\.genblk5\[14\]\.IDELAYE2_data.LD (1873:1873:1873) (1873:1873:1873)),(INTERCONNECT \$auto\$ff\.cc\:266\:slice\$43076.Q ddr3_top_inst\.ddr3_phy_inst\.genblk5\[14\]\.IDELAYE2_data.LD (1639:1639:1639) (1639:1639:1639))
read_bist_state17,False,-220.0,2025.0,1805.0,INTERCONNECT:ddr3_top_inst.ddr3_phy_inst.genblk5[6].ISERDESE2_data.BITSLIP,(INTERCONNECT \$auto\$ff\.cc\:266\:slice\$59276.Q ddr3_top_inst\.ddr3_phy_inst\.genblk5\[6\]\.ISERDESE2_data.BITSLIP (2025:2025:2025) (2025:2025:2025)),(INTERCONNECT \$auto\$ff\.cc\:266\:slice\$59276.Q ddr3_top_inst\.ddr3_phy_inst\.genblk5\[6\]\.ISERDESE2_data.BITSLIP (1805:1805:1805) (1805:1805:1805))
dq_dqs_input,False,-220.0,2025.0,1805.0,INTERCONNECT:ddr3_top_inst.ddr3_phy_inst.genblk5[6].ISERDESE2_data.BITSLIP,(INTERCONNECT \$auto\$ff\.cc\:266\:slice\$59276.Q ddr3_top_inst\.ddr3_phy_inst\.genblk5\[6\]\.ISERDESE2_data.BITSLIP (2025:2025:2025) (2025:2025:2025)),(INTERCONNECT \$auto\$ff\.cc\:266\:slice\$59276.Q ddr3_top_inst\.ddr3_phy_inst\.genblk5\[6\]\.ISERDESE2_data.BITSLIP (1805:1805:1805) (1805:1805:1805))
idelay_programming,False,219.0,1827.0,2046.0,INTERCONNECT:ddr3_top_inst.ddr3_phy_inst.genblk5[2].IDELAYE2_data.CNTVALUEIN2,(INTERCONNECT \$abc\$179448\$lut\\ddr3_top_inst\.ddr3_phy_inst\.i_controller_idelay_data_cntvaluein\[2\].O6 ddr3_top_inst\.ddr3_phy_inst\.genblk5\[2\]\.IDELAYE2_data.CNTVALUEIN2 (1827:1827:1827) (1827:1827:1827)),(INTERCONNECT \$abc\$179448\$lut\\ddr3_top_inst\.ddr3_phy_inst\.i_controller_idelay_data_cntvaluein\[2\].O6 ddr3_top_inst\.ddr3_phy_inst\.genblk5\[2\]\.IDELAYE2_data.CNTVALUEIN2 (2046:2046:2046) (2046:2046:2046))
dq_dqs_input,False,219.0,1827.0,2046.0,INTERCONNECT:ddr3_top_inst.ddr3_phy_inst.genblk5[2].IDELAYE2_data.CNTVALUEIN2,(INTERCONNECT \$abc\$179448\$lut\\ddr3_top_inst\.ddr3_phy_inst\.i_controller_idelay_data_cntvaluein\[2\].O6 ddr3_top_inst\.ddr3_phy_inst\.genblk5\[2\]\.IDELAYE2_data.CNTVALUEIN2 (1827:1827:1827) (1827:1827:1827)),(INTERCONNECT \$abc\$179448\$lut\\ddr3_top_inst\.ddr3_phy_inst\.i_controller_idelay_data_cntvaluein\[2\].O6 ddr3_top_inst\.ddr3_phy_inst\.genblk5\[2\]\.IDELAYE2_data.CNTVALUEIN2 (2046:2046:2046) (2046:2046:2046))
read_bist_state17,False,-218.0,2119.0,1901.0,INTERCONNECT:ddr3_top_inst.ddr3_phy_inst.genblk7[0].ISERDESE2_dqs.BITSLIP,(INTERCONNECT \$auto\$ff\.cc\:266\:slice\$59276.Q ddr3_top_inst\.ddr3_phy_inst\.genblk7\[0\]\.ISERDESE2_dqs.BITSLIP (2119:2119:2119) (2119:2119:2119)),(INTERCONNECT \$auto\$ff\.cc\:266\:slice\$59276.Q ddr3_top_inst\.ddr3_phy_inst\.genblk7\[0\]\.ISERDESE2_dqs.BITSLIP (1901:1901:1901) (1901:1901:1901))
dq_dqs_input,False,-218.0,2119.0,1901.0,INTERCONNECT:ddr3_top_inst.ddr3_phy_inst.genblk7[0].ISERDESE2_dqs.BITSLIP,(INTERCONNECT \$auto\$ff\.cc\:266\:slice\$59276.Q ddr3_top_inst\.ddr3_phy_inst\.genblk7\[0\]\.ISERDESE2_dqs.BITSLIP (2119:2119:2119) (2119:2119:2119)),(INTERCONNECT \$auto\$ff\.cc\:266\:slice\$59276.Q ddr3_top_inst\.ddr3_phy_inst\.genblk7\[0\]\.ISERDESE2_dqs.BITSLIP (1901:1901:1901) (1901:1901:1901))
idelay_programming,False,215.0,1378.0,1593.0,INTERCONNECT:ddr3_top_inst.ddr3_phy_inst.genblk5[3].IDELAYE2_data.CNTVALUEIN1,(INTERCONNECT \$abc\$179448\$lut\\ddr3_top_inst\.ddr3_phy_inst\.i_controller_idelay_data_cntvaluein\[1\].O6 ddr3_top_inst\.ddr3_phy_inst\.genblk5\[3\]\.IDELAYE2_data.CNTVALUEIN1 (1378:1378:1378) (1378:1378:1378)),(INTERCONNECT \$abc\$179448\$lut\\ddr3_top_inst\.ddr3_phy_inst\.i_controller_idelay_data_cntvaluein\[1\].O6 ddr3_top_inst\.ddr3_phy_inst\.genblk5\[3\]\.IDELAYE2_data.CNTVALUEIN1 (1593:1593:1593) (1593:1593:1593))
dq_dqs_input,False,215.0,1378.0,1593.0,INTERCONNECT:ddr3_top_inst.ddr3_phy_inst.genblk5[3].IDELAYE2_data.CNTVALUEIN1,(INTERCONNECT \$abc\$179448\$lut\\ddr3_top_inst\.ddr3_phy_inst\.i_controller_idelay_data_cntvaluein\[1\].O6 ddr3_top_inst\.ddr3_phy_inst\.genblk5\[3\]\.IDELAYE2_data.CNTVALUEIN1 (1378:1378:1378) (1378:1378:1378)),(INTERCONNECT \$abc\$179448\$lut\\ddr3_top_inst\.ddr3_phy_inst\.i_controller_idelay_data_cntvaluein\[1\].O6 ddr3_top_inst\.ddr3_phy_inst\.genblk5\[3\]\.IDELAYE2_data.CNTVALUEIN1 (1593:1593:1593) (1593:1593:1593))
idelay_programming,False,206.0,1705.0,1911.0,INTERCONNECT:ddr3_top_inst.ddr3_phy_inst.genblk5[6].IDELAYE2_data.CNTVALUEIN1,(INTERCONNECT \$abc\$179448\$lut\\ddr3_top_inst\.ddr3_phy_inst\.i_controller_idelay_data_cntvaluein\[1\].O6 ddr3_top_inst\.ddr3_phy_inst\.genblk5\[6\]\.IDELAYE2_data.CNTVALUEIN1 (1705:1705:1705) (1705:1705:1705)),(INTERCONNECT \$abc\$179448\$lut\\ddr3_top_inst\.ddr3_phy_inst\.i_controller_idelay_data_cntvaluein\[1\].O6 ddr3_top_inst\.ddr3_phy_inst\.genblk5\[6\]\.IDELAYE2_data.CNTVALUEIN1 (1911:1911:1911) (1911:1911:1911))
dq_dqs_input,False,206.0,1705.0,1911.0,INTERCONNECT:ddr3_top_inst.ddr3_phy_inst.genblk5[6].IDELAYE2_data.CNTVALUEIN1,(INTERCONNECT \$abc\$179448\$lut\\ddr3_top_inst\.ddr3_phy_inst\.i_controller_idelay_data_cntvaluein\[1\].O6 ddr3_top_inst\.ddr3_phy_inst\.genblk5\[6\]\.IDELAYE2_data.CNTVALUEIN1 (1705:1705:1705) (1705:1705:1705)),(INTERCONNECT \$abc\$179448\$lut\\ddr3_top_inst\.ddr3_phy_inst\.i_controller_idelay_data_cntvaluein\[1\].O6 ddr3_top_inst\.ddr3_phy_inst\.genblk5\[6\]\.IDELAYE2_data.CNTVALUEIN1 (1911:1911:1911) (1911:1911:1911))
idelay_programming,False,204.0,1621.0,1825.0,INTERCONNECT:ddr3_top_inst.ddr3_phy_inst.genblk5[7].IDELAYE2_data.CNTVALUEIN1,(INTERCONNECT \$abc\$179448\$lut\\ddr3_top_inst\.ddr3_phy_inst\.i_controller_idelay_data_cntvaluein\[1\].O6 ddr3_top_inst\.ddr3_phy_inst\.genblk5\[7\]\.IDELAYE2_data.CNTVALUEIN1 (1621:1621:1621) (1621:1621:1621)),(INTERCONNECT \$abc\$179448\$lut\\ddr3_top_inst\.ddr3_phy_inst\.i_controller_idelay_data_cntvaluein\[1\].O6 ddr3_top_inst\.ddr3_phy_inst\.genblk5\[7\]\.IDELAYE2_data.CNTVALUEIN1 (1825:1825:1825) (1825:1825:1825))
dq_dqs_input,False,204.0,1621.0,1825.0,INTERCONNECT:ddr3_top_inst.ddr3_phy_inst.genblk5[7].IDELAYE2_data.CNTVALUEIN1,(INTERCONNECT \$abc\$179448\$lut\\ddr3_top_inst\.ddr3_phy_inst\.i_controller_idelay_data_cntvaluein\[1\].O6 ddr3_top_inst\.ddr3_phy_inst\.genblk5\[7\]\.IDELAYE2_data.CNTVALUEIN1 (1621:1621:1621) (1621:1621:1621)),(INTERCONNECT \$abc\$179448\$lut\\ddr3_top_inst\.ddr3_phy_inst\.i_controller_idelay_data_cntvaluein\[1\].O6 ddr3_top_inst\.ddr3_phy_inst\.genblk5\[7\]\.IDELAYE2_data.CNTVALUEIN1 (1825:1825:1825) (1825:1825:1825))
read_bist_state17,False,196.0,1702.0,1898.0,INTERCONNECT:ddr3_top_inst.ddr3_phy_inst.genblk5[11].ISERDESE2_data.BITSLIP,(INTERCONNECT \$auto\$ff\.cc\:266\:slice\$59269.Q ddr3_top_inst\.ddr3_phy_inst\.genblk5\[11\]\.ISERDESE2_data.BITSLIP (1702:1702:1702) (1702:1702:1702)),(INTERCONNECT \$auto\$ff\.cc\:266\:slice\$59269.Q ddr3_top_inst\.ddr3_phy_inst\.genblk5\[11\]\.ISERDESE2_data.BITSLIP (1898:1898:1898) (1898:1898:1898))
dq_dqs_input,False,196.0,1702.0,1898.0,INTERCONNECT:ddr3_top_inst.ddr3_phy_inst.genblk5[11].ISERDESE2_data.BITSLIP,(INTERCONNECT \$auto\$ff\.cc\:266\:slice\$59269.Q ddr3_top_inst\.ddr3_phy_inst\.genblk5\[11\]\.ISERDESE2_data.BITSLIP (1702:1702:1702) (1702:1702:1702)),(INTERCONNECT \$auto\$ff\.cc\:266\:slice\$59269.Q ddr3_top_inst\.ddr3_phy_inst\.genblk5\[11\]\.ISERDESE2_data.BITSLIP (1898:1898:1898) (1898:1898:1898))
idelay_programming,False,-194.0,1789.0,1595.0,INTERCONNECT:ddr3_top_inst.ddr3_phy_inst.genblk5[10].IDELAYE2_data.LD,(INTERCONNECT \$auto\$ff\.cc\:266\:slice\$43076.Q ddr3_top_inst\.ddr3_phy_inst\.genblk5\[10\]\.IDELAYE2_data.LD (1789:1789:1789) (1789:1789:1789)),(INTERCONNECT \$auto\$ff\.cc\:266\:slice\$43076.Q ddr3_top_inst\.ddr3_phy_inst\.genblk5\[10\]\.IDELAYE2_data.LD (1595:1595:1595) (1595:1595:1595))
dq_dqs_input,False,-194.0,1789.0,1595.0,INTERCONNECT:ddr3_top_inst.ddr3_phy_inst.genblk5[10].IDELAYE2_data.LD,(INTERCONNECT \$auto\$ff\.cc\:266\:slice\$43076.Q ddr3_top_inst\.ddr3_phy_inst\.genblk5\[10\]\.IDELAYE2_data.LD (1789:1789:1789) (1789:1789:1789)),(INTERCONNECT \$auto\$ff\.cc\:266\:slice\$43076.Q ddr3_top_inst\.ddr3_phy_inst\.genblk5\[10\]\.IDELAYE2_data.LD (1595:1595:1595) (1595:1595:1595))
idelay_programming,False,189.0,1473.0,1662.0,INTERCONNECT:ddr3_top_inst.ddr3_phy_inst.genblk5[8].IDELAYE2_data.CNTVALUEIN2,(INTERCONNECT \$abc\$179448\$lut\\ddr3_top_inst\.ddr3_phy_inst\.i_controller_idelay_data_cntvaluein\[2\].O6 ddr3_top_inst\.ddr3_phy_inst\.genblk5\[8\]\.IDELAYE2_data.CNTVALUEIN2 (1473:1473:1473) (1473:1473:1473)),(INTERCONNECT \$abc\$179448\$lut\\ddr3_top_inst\.ddr3_phy_inst\.i_controller_idelay_data_cntvaluein\[2\].O6 ddr3_top_inst\.ddr3_phy_inst\.genblk5\[8\]\.IDELAYE2_data.CNTVALUEIN2 (1662:1662:1662) (1662:1662:1662))
dq_dqs_input,False,189.0,1473.0,1662.0,INTERCONNECT:ddr3_top_inst.ddr3_phy_inst.genblk5[8].IDELAYE2_data.CNTVALUEIN2,(INTERCONNECT \$abc\$179448\$lut\\ddr3_top_inst\.ddr3_phy_inst\.i_controller_idelay_data_cntvaluein\[2\].O6 ddr3_top_inst\.ddr3_phy_inst\.genblk5\[8\]\.IDELAYE2_data.CNTVALUEIN2 (1473:1473:1473) (1473:1473:1473)),(INTERCONNECT \$abc\$179448\$lut\\ddr3_top_inst\.ddr3_phy_inst\.i_controller_idelay_data_cntvaluein\[2\].O6 ddr3_top_inst\.ddr3_phy_inst\.genblk5\[8\]\.IDELAYE2_data.CNTVALUEIN2 (1662:1662:1662) (1662:1662:1662))
idelay_programming,False,-182.0,1223.0,1041.0,INTERCONNECT:ddr3_top_inst.ddr3_phy_inst.genblk5[15].IDELAYE2_data.CNTVALUEIN2,(INTERCONNECT \$abc\$179448\$lut\\ddr3_top_inst\.ddr3_phy_inst\.i_controller_idelay_data_cntvaluein\[2\].O6 ddr3_top_inst\.ddr3_phy_inst\.genblk5\[15\]\.IDELAYE2_data.CNTVALUEIN2 (1223:1223:1223) (1223:1223:1223)),(INTERCONNECT \$abc\$179448\$lut\\ddr3_top_inst\.ddr3_phy_inst\.i_controller_idelay_data_cntvaluein\[2\].O6 ddr3_top_inst\.ddr3_phy_inst\.genblk5\[15\]\.IDELAYE2_data.CNTVALUEIN2 (1041:1041:1041) (1041:1041:1041))
dq_dqs_input,False,-182.0,1223.0,1041.0,INTERCONNECT:ddr3_top_inst.ddr3_phy_inst.genblk5[15].IDELAYE2_data.CNTVALUEIN2,(INTERCONNECT \$abc\$179448\$lut\\ddr3_top_inst\.ddr3_phy_inst\.i_controller_idelay_data_cntvaluein\[2\].O6 ddr3_top_inst\.ddr3_phy_inst\.genblk5\[15\]\.IDELAYE2_data.CNTVALUEIN2 (1223:1223:1223) (1223:1223:1223)),(INTERCONNECT \$abc\$179448\$lut\\ddr3_top_inst\.ddr3_phy_inst\.i_controller_idelay_data_cntvaluein\[2\].O6 ddr3_top_inst\.ddr3_phy_inst\.genblk5\[15\]\.IDELAYE2_data.CNTVALUEIN2 (1041:1041:1041) (1041:1041:1041))
idelay_programming,False,-179.0,1889.0,1710.0,INTERCONNECT:ddr3_top_inst.ddr3_phy_inst.genblk5[9].IDELAYE2_data.CNTVALUEIN4,(INTERCONNECT \$abc\$179448\$lut\\ddr3_top_inst\.ddr3_phy_inst\.i_controller_idelay_data_cntvaluein\[4\].O6 ddr3_top_inst\.ddr3_phy_inst\.genblk5\[9\]\.IDELAYE2_data.CNTVALUEIN4 (1889:1889:1889) (1889:1889:1889)),(INTERCONNECT \$abc\$179448\$lut\\ddr3_top_inst\.ddr3_phy_inst\.i_controller_idelay_data_cntvaluein\[4\].O6 ddr3_top_inst\.ddr3_phy_inst\.genblk5\[9\]\.IDELAYE2_data.CNTVALUEIN4 (1710:1710:1710) (1710:1710:1710))
dq_dqs_input,False,-179.0,1889.0,1710.0,INTERCONNECT:ddr3_top_inst.ddr3_phy_inst.genblk5[9].IDELAYE2_data.CNTVALUEIN4,(INTERCONNECT \$abc\$179448\$lut\\ddr3_top_inst\.ddr3_phy_inst\.i_controller_idelay_data_cntvaluein\[4\].O6 ddr3_top_inst\.ddr3_phy_inst\.genblk5\[9\]\.IDELAYE2_data.CNTVALUEIN4 (1889:1889:1889) (1889:1889:1889)),(INTERCONNECT \$abc\$179448\$lut\\ddr3_top_inst\.ddr3_phy_inst\.i_controller_idelay_data_cntvaluein\[4\].O6 ddr3_top_inst\.ddr3_phy_inst\.genblk5\[9\]\.IDELAYE2_data.CNTVALUEIN4 (1710:1710:1710) (1710:1710:1710))
idelay_programming,False,-177.0,1800.0,1623.0,INTERCONNECT:ddr3_top_inst.ddr3_phy_inst.genblk5[15].IDELAYE2_data.CNTVALUEIN4,(INTERCONNECT \$abc\$179448\$lut\\ddr3_top_inst\.ddr3_phy_inst\.i_controller_idelay_data_cntvaluein\[4\].O6 ddr3_top_inst\.ddr3_phy_inst\.genblk5\[15\]\.IDELAYE2_data.CNTVALUEIN4 (1800:1800:1800) (1800:1800:1800)),(INTERCONNECT \$abc\$179448\$lut\\ddr3_top_inst\.ddr3_phy_inst\.i_controller_idelay_data_cntvaluein\[4\].O6 ddr3_top_inst\.ddr3_phy_inst\.genblk5\[15\]\.IDELAYE2_data.CNTVALUEIN4 (1623:1623:1623) (1623:1623:1623))
dq_dqs_input,False,-177.0,1800.0,1623.0,INTERCONNECT:ddr3_top_inst.ddr3_phy_inst.genblk5[15].IDELAYE2_data.CNTVALUEIN4,(INTERCONNECT \$abc\$179448\$lut\\ddr3_top_inst\.ddr3_phy_inst\.i_controller_idelay_data_cntvaluein\[4\].O6 ddr3_top_inst\.ddr3_phy_inst\.genblk5\[15\]\.IDELAYE2_data.CNTVALUEIN4 (1800:1800:1800) (1800:1800:1800)),(INTERCONNECT \$abc\$179448\$lut\\ddr3_top_inst\.ddr3_phy_inst\.i_controller_idelay_data_cntvaluein\[4\].O6 ddr3_top_inst\.ddr3_phy_inst\.genblk5\[15\]\.IDELAYE2_data.CNTVALUEIN4 (1623:1623:1623) (1623:1623:1623))
idelay_programming,False,-174.0,1695.0,1521.0,INTERCONNECT:ddr3_top_inst.ddr3_phy_inst.genblk5[11].IDELAYE2_data.CNTVALUEIN0,(INTERCONNECT \$abc\$179448\$lut\\ddr3_top_inst\.ddr3_phy_inst\.i_controller_idelay_data_cntvaluein\[0\].O6 ddr3_top_inst\.ddr3_phy_inst\.genblk5\[11\]\.IDELAYE2_data.CNTVALUEIN0 (1695:1695:1695) (1695:1695:1695)),(INTERCONNECT \$abc\$179448\$lut\\ddr3_top_inst\.ddr3_phy_inst\.i_controller_idelay_data_cntvaluein\[0\].O6 ddr3_top_inst\.ddr3_phy_inst\.genblk5\[11\]\.IDELAYE2_data.CNTVALUEIN0 (1521:1521:1521) (1521:1521:1521))
dq_dqs_input,False,-174.0,1695.0,1521.0,INTERCONNECT:ddr3_top_inst.ddr3_phy_inst.genblk5[11].IDELAYE2_data.CNTVALUEIN0,(INTERCONNECT \$abc\$179448\$lut\\ddr3_top_inst\.ddr3_phy_inst\.i_controller_idelay_data_cntvaluein\[0\].O6 ddr3_top_inst\.ddr3_phy_inst\.genblk5\[11\]\.IDELAYE2_data.CNTVALUEIN0 (1695:1695:1695) (1695:1695:1695)),(INTERCONNECT \$abc\$179448\$lut\\ddr3_top_inst\.ddr3_phy_inst\.i_controller_idelay_data_cntvaluein\[0\].O6 ddr3_top_inst\.ddr3_phy_inst\.genblk5\[11\]\.IDELAYE2_data.CNTVALUEIN0 (1521:1521:1521) (1521:1521:1521))
read_bist_state17,False,-163.0,1929.0,1766.0,INTERCONNECT:ddr3_top_inst.ddr3_phy_inst.genblk5[2].ISERDESE2_data.BITSLIP,(INTERCONNECT \$auto\$ff\.cc\:266\:slice\$59276.Q ddr3_top_inst\.ddr3_phy_inst\.genblk5\[2\]\.ISERDESE2_data.BITSLIP (1929:1929:1929) (1929:1929:1929)),(INTERCONNECT \$auto\$ff\.cc\:266\:slice\$59276.Q ddr3_top_inst\.ddr3_phy_inst\.genblk5\[2\]\.ISERDESE2_data.BITSLIP (1766:1766:1766) (1766:1766:1766))
dq_dqs_input,False,-163.0,1929.0,1766.0,INTERCONNECT:ddr3_top_inst.ddr3_phy_inst.genblk5[2].ISERDESE2_data.BITSLIP,(INTERCONNECT \$auto\$ff\.cc\:266\:slice\$59276.Q ddr3_top_inst\.ddr3_phy_inst\.genblk5\[2\]\.ISERDESE2_data.BITSLIP (1929:1929:1929) (1929:1929:1929)),(INTERCONNECT \$auto\$ff\.cc\:266\:slice\$59276.Q ddr3_top_inst\.ddr3_phy_inst\.genblk5\[2\]\.ISERDESE2_data.BITSLIP (1766:1766:1766) (1766:1766:1766))
idelay_programming,False,-161.0,1858.0,1697.0,INTERCONNECT:ddr3_top_inst.ddr3_phy_inst.genblk5[8].IDELAYE2_data.CNTVALUEIN0,(INTERCONNECT \$abc\$179448\$lut\\ddr3_top_inst\.ddr3_phy_inst\.i_controller_idelay_data_cntvaluein\[0\].O6 ddr3_top_inst\.ddr3_phy_inst\.genblk5\[8\]\.IDELAYE2_data.CNTVALUEIN0 (1858:1858:1858) (1858:1858:1858)),(INTERCONNECT \$abc\$179448\$lut\\ddr3_top_inst\.ddr3_phy_inst\.i_controller_idelay_data_cntvaluein\[0\].O6 ddr3_top_inst\.ddr3_phy_inst\.genblk5\[8\]\.IDELAYE2_data.CNTVALUEIN0 (1697:1697:1697) (1697:1697:1697))
dq_dqs_input,False,-161.0,1858.0,1697.0,INTERCONNECT:ddr3_top_inst.ddr3_phy_inst.genblk5[8].IDELAYE2_data.CNTVALUEIN0,(INTERCONNECT \$abc\$179448\$lut\\ddr3_top_inst\.ddr3_phy_inst\.i_controller_idelay_data_cntvaluein\[0\].O6 ddr3_top_inst\.ddr3_phy_inst\.genblk5\[8\]\.IDELAYE2_data.CNTVALUEIN0 (1858:1858:1858) (1858:1858:1858)),(INTERCONNECT \$abc\$179448\$lut\\ddr3_top_inst\.ddr3_phy_inst\.i_controller_idelay_data_cntvaluein\[0\].O6 ddr3_top_inst\.ddr3_phy_inst\.genblk5\[8\]\.IDELAYE2_data.CNTVALUEIN0 (1697:1697:1697) (1697:1697:1697))
idelay_programming,False,-158.0,1687.0,1529.0,INTERCONNECT:ddr3_top_inst.ddr3_phy_inst.genblk5[5].IDELAYE2_data.CNTVALUEIN2,(INTERCONNECT \$abc\$179448\$lut\\ddr3_top_inst\.ddr3_phy_inst\.i_controller_idelay_data_cntvaluein\[2\].O6 ddr3_top_inst\.ddr3_phy_inst\.genblk5\[5\]\.IDELAYE2_data.CNTVALUEIN2 (1687:1687:1687) (1687:1687:1687)),(INTERCONNECT \$abc\$179448\$lut\\ddr3_top_inst\.ddr3_phy_inst\.i_controller_idelay_data_cntvaluein\[2\].O6 ddr3_top_inst\.ddr3_phy_inst\.genblk5\[5\]\.IDELAYE2_data.CNTVALUEIN2 (1529:1529:1529) (1529:1529:1529))
dq_dqs_input,False,-158.0,1687.0,1529.0,INTERCONNECT:ddr3_top_inst.ddr3_phy_inst.genblk5[5].IDELAYE2_data.CNTVALUEIN2,(INTERCONNECT \$abc\$179448\$lut\\ddr3_top_inst\.ddr3_phy_inst\.i_controller_idelay_data_cntvaluein\[2\].O6 ddr3_top_inst\.ddr3_phy_inst\.genblk5\[5\]\.IDELAYE2_data.CNTVALUEIN2 (1687:1687:1687) (1687:1687:1687)),(INTERCONNECT \$abc\$179448\$lut\\ddr3_top_inst\.ddr3_phy_inst\.i_controller_idelay_data_cntvaluein\[2\].O6 ddr3_top_inst\.ddr3_phy_inst\.genblk5\[5\]\.IDELAYE2_data.CNTVALUEIN2 (1529:1529:1529) (1529:1529:1529))
idelay_programming,False,-153.0,1648.0,1495.0,INTERCONNECT:ddr3_top_inst.ddr3_phy_inst.genblk5[12].IDELAYE2_data.CNTVALUEIN2,(INTERCONNECT \$abc\$179448\$lut\\ddr3_top_inst\.ddr3_phy_inst\.i_controller_idelay_data_cntvaluein\[2\].O6 ddr3_top_inst\.ddr3_phy_inst\.genblk5\[12\]\.IDELAYE2_data.CNTVALUEIN2 (1648:1648:1648) (1648:1648:1648)),(INTERCONNECT \$abc\$179448\$lut\\ddr3_top_inst\.ddr3_phy_inst\.i_controller_idelay_data_cntvaluein\[2\].O6 ddr3_top_inst\.ddr3_phy_inst\.genblk5\[12\]\.IDELAYE2_data.CNTVALUEIN2 (1495:1495:1495) (1495:1495:1495))
read_bist_state17,False,153.0,1791.0,1944.0,INTERCONNECT:ddr3_top_inst.ddr3_phy_inst.genblk5[13].ISERDESE2_data.BITSLIP,(INTERCONNECT \$auto\$ff\.cc\:266\:slice\$59269.Q ddr3_top_inst\.ddr3_phy_inst\.genblk5\[13\]\.ISERDESE2_data.BITSLIP (1791:1791:1791) (1791:1791:1791)),(INTERCONNECT \$auto\$ff\.cc\:266\:slice\$59269.Q ddr3_top_inst\.ddr3_phy_inst\.genblk5\[13\]\.ISERDESE2_data.BITSLIP (1944:1944:1944) (1944:1944:1944))
read_bist_state17,False,153.0,1886.0,2039.0,INTERCONNECT:ddr3_top_inst.ddr3_phy_inst.genblk7[1].ISERDESE2_dqs.BITSLIP,(INTERCONNECT \$auto\$ff\.cc\:266\:slice\$59269.Q ddr3_top_inst\.ddr3_phy_inst\.genblk7\[1\]\.ISERDESE2_dqs.BITSLIP (1886:1886:1886) (1886:1886:1886)),(INTERCONNECT \$auto\$ff\.cc\:266\:slice\$59269.Q ddr3_top_inst\.ddr3_phy_inst\.genblk7\[1\]\.ISERDESE2_dqs.BITSLIP (2039:2039:2039) (2039:2039:2039))
dq_dqs_input,False,-153.0,1648.0,1495.0,INTERCONNECT:ddr3_top_inst.ddr3_phy_inst.genblk5[12].IDELAYE2_data.CNTVALUEIN2,(INTERCONNECT \$abc\$179448\$lut\\ddr3_top_inst\.ddr3_phy_inst\.i_controller_idelay_data_cntvaluein\[2\].O6 ddr3_top_inst\.ddr3_phy_inst\.genblk5\[12\]\.IDELAYE2_data.CNTVALUEIN2 (1648:1648:1648) (1648:1648:1648)),(INTERCONNECT \$abc\$179448\$lut\\ddr3_top_inst\.ddr3_phy_inst\.i_controller_idelay_data_cntvaluein\[2\].O6 ddr3_top_inst\.ddr3_phy_inst\.genblk5\[12\]\.IDELAYE2_data.CNTVALUEIN2 (1495:1495:1495) (1495:1495:1495))
dq_dqs_input,False,153.0,1791.0,1944.0,INTERCONNECT:ddr3_top_inst.ddr3_phy_inst.genblk5[13].ISERDESE2_data.BITSLIP,(INTERCONNECT \$auto\$ff\.cc\:266\:slice\$59269.Q ddr3_top_inst\.ddr3_phy_inst\.genblk5\[13\]\.ISERDESE2_data.BITSLIP (1791:1791:1791) (1791:1791:1791)),(INTERCONNECT \$auto\$ff\.cc\:266\:slice\$59269.Q ddr3_top_inst\.ddr3_phy_inst\.genblk5\[13\]\.ISERDESE2_data.BITSLIP (1944:1944:1944) (1944:1944:1944))
dq_dqs_input,False,153.0,1886.0,2039.0,INTERCONNECT:ddr3_top_inst.ddr3_phy_inst.genblk7[1].ISERDESE2_dqs.BITSLIP,(INTERCONNECT \$auto\$ff\.cc\:266\:slice\$59269.Q ddr3_top_inst\.ddr3_phy_inst\.genblk7\[1\]\.ISERDESE2_dqs.BITSLIP (1886:1886:1886) (1886:1886:1886)),(INTERCONNECT \$auto\$ff\.cc\:266\:slice\$59269.Q ddr3_top_inst\.ddr3_phy_inst\.genblk7\[1\]\.ISERDESE2_dqs.BITSLIP (2039:2039:2039) (2039:2039:2039))
idelay_programming,False,145.0,1970.0,2115.0,INTERCONNECT:ddr3_top_inst.ddr3_phy_inst.genblk7[0].IDELAYE2_dqs.CNTVALUEIN1,(INTERCONNECT \$abc\$179448\$lut\\ddr3_top_inst\.ddr3_phy_inst\.i_controller_idelay_dqs_cntvaluein\[1\].O6 ddr3_top_inst\.ddr3_phy_inst\.genblk7\[0\]\.IDELAYE2_dqs.CNTVALUEIN1 (1970:1970:1970) (1970:1970:1970)),(INTERCONNECT \$abc\$179448\$lut\\ddr3_top_inst\.ddr3_phy_inst\.i_controller_idelay_dqs_cntvaluein\[1\].O6 ddr3_top_inst\.ddr3_phy_inst\.genblk7\[0\]\.IDELAYE2_dqs.CNTVALUEIN1 (2115:2115:2115) (2115:2115:2115))
dq_dqs_input,False,145.0,1970.0,2115.0,INTERCONNECT:ddr3_top_inst.ddr3_phy_inst.genblk7[0].IDELAYE2_dqs.CNTVALUEIN1,(INTERCONNECT \$abc\$179448\$lut\\ddr3_top_inst\.ddr3_phy_inst\.i_controller_idelay_dqs_cntvaluein\[1\].O6 ddr3_top_inst\.ddr3_phy_inst\.genblk7\[0\]\.IDELAYE2_dqs.CNTVALUEIN1 (1970:1970:1970) (1970:1970:1970)),(INTERCONNECT \$abc\$179448\$lut\\ddr3_top_inst\.ddr3_phy_inst\.i_controller_idelay_dqs_cntvaluein\[1\].O6 ddr3_top_inst\.ddr3_phy_inst\.genblk7\[0\]\.IDELAYE2_dqs.CNTVALUEIN1 (2115:2115:2115) (2115:2115:2115))
idelay_programming,False,-138.0,1787.0,1649.0,INTERCONNECT:ddr3_top_inst.ddr3_phy_inst.genblk5[12].IDELAYE2_data.LD,(INTERCONNECT \$auto\$ff\.cc\:266\:slice\$43076.Q ddr3_top_inst\.ddr3_phy_inst\.genblk5\[12\]\.IDELAYE2_data.LD (1787:1787:1787) (1787:1787:1787)),(INTERCONNECT \$auto\$ff\.cc\:266\:slice\$43076.Q ddr3_top_inst\.ddr3_phy_inst\.genblk5\[12\]\.IDELAYE2_data.LD (1649:1649:1649) (1649:1649:1649))
dq_dqs_input,False,-138.0,1787.0,1649.0,INTERCONNECT:ddr3_top_inst.ddr3_phy_inst.genblk5[12].IDELAYE2_data.LD,(INTERCONNECT \$auto\$ff\.cc\:266\:slice\$43076.Q ddr3_top_inst\.ddr3_phy_inst\.genblk5\[12\]\.IDELAYE2_data.LD (1787:1787:1787) (1787:1787:1787)),(INTERCONNECT \$auto\$ff\.cc\:266\:slice\$43076.Q ddr3_top_inst\.ddr3_phy_inst\.genblk5\[12\]\.IDELAYE2_data.LD (1649:1649:1649) (1649:1649:1649))
idelay_programming,False,-133.0,2006.0,1873.0,INTERCONNECT:ddr3_top_inst.ddr3_phy_inst.genblk5[0].IDELAYE2_data.CNTVALUEIN2,(INTERCONNECT \$abc\$179448\$lut\\ddr3_top_inst\.ddr3_phy_inst\.i_controller_idelay_data_cntvaluein\[2\].O6 ddr3_top_inst\.ddr3_phy_inst\.genblk5\[0\]\.IDELAYE2_data.CNTVALUEIN2 (2006:2006:2006) (2006:2006:2006)),(INTERCONNECT \$abc\$179448\$lut\\ddr3_top_inst\.ddr3_phy_inst\.i_controller_idelay_data_cntvaluein\[2\].O6 ddr3_top_inst\.ddr3_phy_inst\.genblk5\[0\]\.IDELAYE2_data.CNTVALUEIN2 (1873:1873:1873) (1873:1873:1873))
dq_dqs_input,False,-133.0,2006.0,1873.0,INTERCONNECT:ddr3_top_inst.ddr3_phy_inst.genblk5[0].IDELAYE2_data.CNTVALUEIN2,(INTERCONNECT \$abc\$179448\$lut\\ddr3_top_inst\.ddr3_phy_inst\.i_controller_idelay_data_cntvaluein\[2\].O6 ddr3_top_inst\.ddr3_phy_inst\.genblk5\[0\]\.IDELAYE2_data.CNTVALUEIN2 (2006:2006:2006) (2006:2006:2006)),(INTERCONNECT \$abc\$179448\$lut\\ddr3_top_inst\.ddr3_phy_inst\.i_controller_idelay_data_cntvaluein\[2\].O6 ddr3_top_inst\.ddr3_phy_inst\.genblk5\[0\]\.IDELAYE2_data.CNTVALUEIN2 (1873:1873:1873) (1873:1873:1873))
idelay_programming,False,132.0,2006.0,2138.0,INTERCONNECT:ddr3_top_inst.ddr3_phy_inst.genblk5[6].IDELAYE2_data.CNTVALUEIN2,(INTERCONNECT \$abc\$179448\$lut\\ddr3_top_inst\.ddr3_phy_inst\.i_controller_idelay_data_cntvaluein\[2\].O6 ddr3_top_inst\.ddr3_phy_inst\.genblk5\[6\]\.IDELAYE2_data.CNTVALUEIN2 (2006:2006:2006) (2006:2006:2006)),(INTERCONNECT \$abc\$179448\$lut\\ddr3_top_inst\.ddr3_phy_inst\.i_controller_idelay_data_cntvaluein\[2\].O6 ddr3_top_inst\.ddr3_phy_inst\.genblk5\[6\]\.IDELAYE2_data.CNTVALUEIN2 (2138:2138:2138) (2138:2138:2138))
dq_dqs_input,False,132.0,2006.0,2138.0,INTERCONNECT:ddr3_top_inst.ddr3_phy_inst.genblk5[6].IDELAYE2_data.CNTVALUEIN2,(INTERCONNECT \$abc\$179448\$lut\\ddr3_top_inst\.ddr3_phy_inst\.i_controller_idelay_data_cntvaluein\[2\].O6 ddr3_top_inst\.ddr3_phy_inst\.genblk5\[6\]\.IDELAYE2_data.CNTVALUEIN2 (2006:2006:2006) (2006:2006:2006)),(INTERCONNECT \$abc\$179448\$lut\\ddr3_top_inst\.ddr3_phy_inst\.i_controller_idelay_data_cntvaluein\[2\].O6 ddr3_top_inst\.ddr3_phy_inst\.genblk5\[6\]\.IDELAYE2_data.CNTVALUEIN2 (2138:2138:2138) (2138:2138:2138))
idelay_programming,False,130.0,1159.0,1289.0,INTERCONNECT:ddr3_top_inst.ddr3_phy_inst.genblk5[15].IDELAYE2_data.CNTVALUEIN1,(INTERCONNECT \$abc\$179448\$lut\\ddr3_top_inst\.ddr3_phy_inst\.i_controller_idelay_data_cntvaluein\[1\].O6 ddr3_top_inst\.ddr3_phy_inst\.genblk5\[15\]\.IDELAYE2_data.CNTVALUEIN1 (1159:1159:1159) (1159:1159:1159)),(INTERCONNECT \$abc\$179448\$lut\\ddr3_top_inst\.ddr3_phy_inst\.i_controller_idelay_data_cntvaluein\[1\].O6 ddr3_top_inst\.ddr3_phy_inst\.genblk5\[15\]\.IDELAYE2_data.CNTVALUEIN1 (1289:1289:1289) (1289:1289:1289))
dq_dqs_input,False,130.0,1159.0,1289.0,INTERCONNECT:ddr3_top_inst.ddr3_phy_inst.genblk5[15].IDELAYE2_data.CNTVALUEIN1,(INTERCONNECT \$abc\$179448\$lut\\ddr3_top_inst\.ddr3_phy_inst\.i_controller_idelay_data_cntvaluein\[1\].O6 ddr3_top_inst\.ddr3_phy_inst\.genblk5\[15\]\.IDELAYE2_data.CNTVALUEIN1 (1159:1159:1159) (1159:1159:1159)),(INTERCONNECT \$abc\$179448\$lut\\ddr3_top_inst\.ddr3_phy_inst\.i_controller_idelay_data_cntvaluein\[1\].O6 ddr3_top_inst\.ddr3_phy_inst\.genblk5\[15\]\.IDELAYE2_data.CNTVALUEIN1 (1289:1289:1289) (1289:1289:1289))
idelay_programming,False,-119.0,1212.0,1093.0,INTERCONNECT:ddr3_top_inst.ddr3_phy_inst.genblk5[9].IDELAYE2_data.CNTVALUEIN2,(INTERCONNECT \$abc\$179448\$lut\\ddr3_top_inst\.ddr3_phy_inst\.i_controller_idelay_data_cntvaluein\[2\].O6 ddr3_top_inst\.ddr3_phy_inst\.genblk5\[9\]\.IDELAYE2_data.CNTVALUEIN2 (1212:1212:1212) (1212:1212:1212)),(INTERCONNECT \$abc\$179448\$lut\\ddr3_top_inst\.ddr3_phy_inst\.i_controller_idelay_data_cntvaluein\[2\].O6 ddr3_top_inst\.ddr3_phy_inst\.genblk5\[9\]\.IDELAYE2_data.CNTVALUEIN2 (1093:1093:1093) (1093:1093:1093))
dq_dqs_input,False,-119.0,1212.0,1093.0,INTERCONNECT:ddr3_top_inst.ddr3_phy_inst.genblk5[9].IDELAYE2_data.CNTVALUEIN2,(INTERCONNECT \$abc\$179448\$lut\\ddr3_top_inst\.ddr3_phy_inst\.i_controller_idelay_data_cntvaluein\[2\].O6 ddr3_top_inst\.ddr3_phy_inst\.genblk5\[9\]\.IDELAYE2_data.CNTVALUEIN2 (1212:1212:1212) (1212:1212:1212)),(INTERCONNECT \$abc\$179448\$lut\\ddr3_top_inst\.ddr3_phy_inst\.i_controller_idelay_data_cntvaluein\[2\].O6 ddr3_top_inst\.ddr3_phy_inst\.genblk5\[9\]\.IDELAYE2_data.CNTVALUEIN2 (1093:1093:1093) (1093:1093:1093))
idelay_programming,False,115.0,1536.0,1651.0,INTERCONNECT:ddr3_top_inst.ddr3_phy_inst.genblk5[2].IDELAYE2_data.CNTVALUEIN1,(INTERCONNECT \$abc\$179448\$lut\\ddr3_top_inst\.ddr3_phy_inst\.i_controller_idelay_data_cntvaluein\[1\].O6 ddr3_top_inst\.ddr3_phy_inst\.genblk5\[2\]\.IDELAYE2_data.CNTVALUEIN1 (1536:1536:1536) (1536:1536:1536)),(INTERCONNECT \$abc\$179448\$lut\\ddr3_top_inst\.ddr3_phy_inst\.i_controller_idelay_data_cntvaluein\[1\].O6 ddr3_top_inst\.ddr3_phy_inst\.genblk5\[2\]\.IDELAYE2_data.CNTVALUEIN1 (1651:1651:1651) (1651:1651:1651))
dq_dqs_input,False,115.0,1536.0,1651.0,INTERCONNECT:ddr3_top_inst.ddr3_phy_inst.genblk5[2].IDELAYE2_data.CNTVALUEIN1,(INTERCONNECT \$abc\$179448\$lut\\ddr3_top_inst\.ddr3_phy_inst\.i_controller_idelay_data_cntvaluein\[1\].O6 ddr3_top_inst\.ddr3_phy_inst\.genblk5\[2\]\.IDELAYE2_data.CNTVALUEIN1 (1536:1536:1536) (1536:1536:1536)),(INTERCONNECT \$abc\$179448\$lut\\ddr3_top_inst\.ddr3_phy_inst\.i_controller_idelay_data_cntvaluein\[1\].O6 ddr3_top_inst\.ddr3_phy_inst\.genblk5\[2\]\.IDELAYE2_data.CNTVALUEIN1 (1651:1651:1651) (1651:1651:1651))
idelay_programming,False,-99.0,1243.0,1144.0,INTERCONNECT:ddr3_top_inst.ddr3_phy_inst.genblk5[9].IDELAYE2_data.CNTVALUEIN1,(INTERCONNECT \$abc\$179448\$lut\\ddr3_top_inst\.ddr3_phy_inst\.i_controller_idelay_data_cntvaluein\[1\].O6 ddr3_top_inst\.ddr3_phy_inst\.genblk5\[9\]\.IDELAYE2_data.CNTVALUEIN1 (1243:1243:1243) (1243:1243:1243)),(INTERCONNECT \$abc\$179448\$lut\\ddr3_top_inst\.ddr3_phy_inst\.i_controller_idelay_data_cntvaluein\[1\].O6 ddr3_top_inst\.ddr3_phy_inst\.genblk5\[9\]\.IDELAYE2_data.CNTVALUEIN1 (1144:1144:1144) (1144:1144:1144))
dq_dqs_input,False,-99.0,1243.0,1144.0,INTERCONNECT:ddr3_top_inst.ddr3_phy_inst.genblk5[9].IDELAYE2_data.CNTVALUEIN1,(INTERCONNECT \$abc\$179448\$lut\\ddr3_top_inst\.ddr3_phy_inst\.i_controller_idelay_data_cntvaluein\[1\].O6 ddr3_top_inst\.ddr3_phy_inst\.genblk5\[9\]\.IDELAYE2_data.CNTVALUEIN1 (1243:1243:1243) (1243:1243:1243)),(INTERCONNECT \$abc\$179448\$lut\\ddr3_top_inst\.ddr3_phy_inst\.i_controller_idelay_data_cntvaluein\[1\].O6 ddr3_top_inst\.ddr3_phy_inst\.genblk5\[9\]\.IDELAYE2_data.CNTVALUEIN1 (1144:1144:1144) (1144:1144:1144))
idelay_programming,False,94.0,1626.0,1720.0,INTERCONNECT:ddr3_top_inst.ddr3_phy_inst.genblk5[9].IDELAYE2_data.CNTVALUEIN0,(INTERCONNECT \$abc\$179448\$lut\\ddr3_top_inst\.ddr3_phy_inst\.i_controller_idelay_data_cntvaluein\[0\].O6 ddr3_top_inst\.ddr3_phy_inst\.genblk5\[9\]\.IDELAYE2_data.CNTVALUEIN0 (1626:1626:1626) (1626:1626:1626)),(INTERCONNECT \$abc\$179448\$lut\\ddr3_top_inst\.ddr3_phy_inst\.i_controller_idelay_data_cntvaluein\[0\].O6 ddr3_top_inst\.ddr3_phy_inst\.genblk5\[9\]\.IDELAYE2_data.CNTVALUEIN0 (1720:1720:1720) (1720:1720:1720))
idelay_programming,False,94.0,1636.0,1730.0,INTERCONNECT:ddr3_top_inst.ddr3_phy_inst.genblk7[0].IDELAYE2_dqs.CNTVALUEIN3,(INTERCONNECT \$abc\$179448\$lut\\ddr3_top_inst\.ddr3_phy_inst\.i_controller_idelay_dqs_cntvaluein\[3\].O5 ddr3_top_inst\.ddr3_phy_inst\.genblk7\[0\]\.IDELAYE2_dqs.CNTVALUEIN3 (1636:1636:1636) (1636:1636:1636)),(INTERCONNECT \$abc\$179448\$lut\\ddr3_top_inst\.ddr3_phy_inst\.i_controller_idelay_dqs_cntvaluein\[3\].O5 ddr3_top_inst\.ddr3_phy_inst\.genblk7\[0\]\.IDELAYE2_dqs.CNTVALUEIN3 (1730:1730:1730) (1730:1730:1730))
dq_dqs_input,False,94.0,1626.0,1720.0,INTERCONNECT:ddr3_top_inst.ddr3_phy_inst.genblk5[9].IDELAYE2_data.CNTVALUEIN0,(INTERCONNECT \$abc\$179448\$lut\\ddr3_top_inst\.ddr3_phy_inst\.i_controller_idelay_data_cntvaluein\[0\].O6 ddr3_top_inst\.ddr3_phy_inst\.genblk5\[9\]\.IDELAYE2_data.CNTVALUEIN0 (1626:1626:1626) (1626:1626:1626)),(INTERCONNECT \$abc\$179448\$lut\\ddr3_top_inst\.ddr3_phy_inst\.i_controller_idelay_data_cntvaluein\[0\].O6 ddr3_top_inst\.ddr3_phy_inst\.genblk5\[9\]\.IDELAYE2_data.CNTVALUEIN0 (1720:1720:1720) (1720:1720:1720))
dq_dqs_input,False,94.0,1636.0,1730.0,INTERCONNECT:ddr3_top_inst.ddr3_phy_inst.genblk7[0].IDELAYE2_dqs.CNTVALUEIN3,(INTERCONNECT \$abc\$179448\$lut\\ddr3_top_inst\.ddr3_phy_inst\.i_controller_idelay_dqs_cntvaluein\[3\].O5 ddr3_top_inst\.ddr3_phy_inst\.genblk7\[0\]\.IDELAYE2_dqs.CNTVALUEIN3 (1636:1636:1636) (1636:1636:1636)),(INTERCONNECT \$abc\$179448\$lut\\ddr3_top_inst\.ddr3_phy_inst\.i_controller_idelay_dqs_cntvaluein\[3\].O5 ddr3_top_inst\.ddr3_phy_inst\.genblk7\[0\]\.IDELAYE2_dqs.CNTVALUEIN3 (1730:1730:1730) (1730:1730:1730))
idelay_programming,False,86.0,1425.0,1511.0,INTERCONNECT:ddr3_top_inst.ddr3_phy_inst.genblk5[11].IDELAYE2_data.CNTVALUEIN1,(INTERCONNECT \$abc\$179448\$lut\\ddr3_top_inst\.ddr3_phy_inst\.i_controller_idelay_data_cntvaluein\[1\].O6 ddr3_top_inst\.ddr3_phy_inst\.genblk5\[11\]\.IDELAYE2_data.CNTVALUEIN1 (1425:1425:1425) (1425:1425:1425)),(INTERCONNECT \$abc\$179448\$lut\\ddr3_top_inst\.ddr3_phy_inst\.i_controller_idelay_data_cntvaluein\[1\].O6 ddr3_top_inst\.ddr3_phy_inst\.genblk5\[11\]\.IDELAYE2_data.CNTVALUEIN1 (1511:1511:1511) (1511:1511:1511))
dq_dqs_input,False,86.0,1425.0,1511.0,INTERCONNECT:ddr3_top_inst.ddr3_phy_inst.genblk5[11].IDELAYE2_data.CNTVALUEIN1,(INTERCONNECT \$abc\$179448\$lut\\ddr3_top_inst\.ddr3_phy_inst\.i_controller_idelay_data_cntvaluein\[1\].O6 ddr3_top_inst\.ddr3_phy_inst\.genblk5\[11\]\.IDELAYE2_data.CNTVALUEIN1 (1425:1425:1425) (1425:1425:1425)),(INTERCONNECT \$abc\$179448\$lut\\ddr3_top_inst\.ddr3_phy_inst\.i_controller_idelay_data_cntvaluein\[1\].O6 ddr3_top_inst\.ddr3_phy_inst\.genblk5\[11\]\.IDELAYE2_data.CNTVALUEIN1 (1511:1511:1511) (1511:1511:1511))
idelay_programming,False,-84.0,1674.0,1590.0,INTERCONNECT:ddr3_top_inst.ddr3_phy_inst.genblk7[1].IDELAYE2_dqs.CNTVALUEIN1,(INTERCONNECT \$abc\$179448\$lut\\ddr3_top_inst\.ddr3_phy_inst\.i_controller_idelay_dqs_cntvaluein\[1\].O6 ddr3_top_inst\.ddr3_phy_inst\.genblk7\[1\]\.IDELAYE2_dqs.CNTVALUEIN1 (1674:1674:1674) (1674:1674:1674)),(INTERCONNECT \$abc\$179448\$lut\\ddr3_top_inst\.ddr3_phy_inst\.i_controller_idelay_dqs_cntvaluein\[1\].O6 ddr3_top_inst\.ddr3_phy_inst\.genblk7\[1\]\.IDELAYE2_dqs.CNTVALUEIN1 (1590:1590:1590) (1590:1590:1590))
dq_dqs_input,False,-84.0,1674.0,1590.0,INTERCONNECT:ddr3_top_inst.ddr3_phy_inst.genblk7[1].IDELAYE2_dqs.CNTVALUEIN1,(INTERCONNECT \$abc\$179448\$lut\\ddr3_top_inst\.ddr3_phy_inst\.i_controller_idelay_dqs_cntvaluein\[1\].O6 ddr3_top_inst\.ddr3_phy_inst\.genblk7\[1\]\.IDELAYE2_dqs.CNTVALUEIN1 (1674:1674:1674) (1674:1674:1674)),(INTERCONNECT \$abc\$179448\$lut\\ddr3_top_inst\.ddr3_phy_inst\.i_controller_idelay_dqs_cntvaluein\[1\].O6 ddr3_top_inst\.ddr3_phy_inst\.genblk7\[1\]\.IDELAYE2_dqs.CNTVALUEIN1 (1590:1590:1590) (1590:1590:1590))
idelay_programming,False,-82.0,1626.0,1544.0,INTERCONNECT:ddr3_top_inst.ddr3_phy_inst.genblk7[1].IDELAYE2_dqs.LD,(INTERCONNECT \$auto\$ff\.cc\:266\:slice\$43076.Q ddr3_top_inst\.ddr3_phy_inst\.genblk7\[1\]\.IDELAYE2_dqs.LD (1626:1626:1626) (1626:1626:1626)),(INTERCONNECT \$auto\$ff\.cc\:266\:slice\$43076.Q ddr3_top_inst\.ddr3_phy_inst\.genblk7\[1\]\.IDELAYE2_dqs.LD (1544:1544:1544) (1544:1544:1544))
dq_dqs_input,False,-82.0,1626.0,1544.0,INTERCONNECT:ddr3_top_inst.ddr3_phy_inst.genblk7[1].IDELAYE2_dqs.LD,(INTERCONNECT \$auto\$ff\.cc\:266\:slice\$43076.Q ddr3_top_inst\.ddr3_phy_inst\.genblk7\[1\]\.IDELAYE2_dqs.LD (1626:1626:1626) (1626:1626:1626)),(INTERCONNECT \$auto\$ff\.cc\:266\:slice\$43076.Q ddr3_top_inst\.ddr3_phy_inst\.genblk7\[1\]\.IDELAYE2_dqs.LD (1544:1544:1544) (1544:1544:1544))
idelay_programming,False,-75.0,1468.0,1393.0,INTERCONNECT:ddr3_top_inst.ddr3_phy_inst.genblk7[1].IDELAYE2_dqs.CNTVALUEIN0,(INTERCONNECT \$abc\$179448\$lut\\ddr3_top_inst\.ddr3_phy_inst\.i_controller_idelay_dqs_cntvaluein\[0\].O5 ddr3_top_inst\.ddr3_phy_inst\.genblk7\[1\]\.IDELAYE2_dqs.CNTVALUEIN0 (1468:1468:1468) (1468:1468:1468)),(INTERCONNECT \$abc\$179448\$lut\\ddr3_top_inst\.ddr3_phy_inst\.i_controller_idelay_dqs_cntvaluein\[0\].O5 ddr3_top_inst\.ddr3_phy_inst\.genblk7\[1\]\.IDELAYE2_dqs.CNTVALUEIN0 (1393:1393:1393) (1393:1393:1393))
dq_dqs_input,False,-75.0,1468.0,1393.0,INTERCONNECT:ddr3_top_inst.ddr3_phy_inst.genblk7[1].IDELAYE2_dqs.CNTVALUEIN0,(INTERCONNECT \$abc\$179448\$lut\\ddr3_top_inst\.ddr3_phy_inst\.i_controller_idelay_dqs_cntvaluein\[0\].O5 ddr3_top_inst\.ddr3_phy_inst\.genblk7\[1\]\.IDELAYE2_dqs.CNTVALUEIN0 (1468:1468:1468) (1468:1468:1468)),(INTERCONNECT \$abc\$179448\$lut\\ddr3_top_inst\.ddr3_phy_inst\.i_controller_idelay_dqs_cntvaluein\[0\].O5 ddr3_top_inst\.ddr3_phy_inst\.genblk7\[1\]\.IDELAYE2_dqs.CNTVALUEIN0 (1393:1393:1393) (1393:1393:1393))
idelay_programming,False,67.0,1975.0,2042.0,INTERCONNECT:ddr3_top_inst.ddr3_phy_inst.genblk5[4].IDELAYE2_data.CNTVALUEIN2,(INTERCONNECT \$abc\$179448\$lut\\ddr3_top_inst\.ddr3_phy_inst\.i_controller_idelay_data_cntvaluein\[2\].O6 ddr3_top_inst\.ddr3_phy_inst\.genblk5\[4\]\.IDELAYE2_data.CNTVALUEIN2 (1975:1975:1975) (1975:1975:1975)),(INTERCONNECT \$abc\$179448\$lut\\ddr3_top_inst\.ddr3_phy_inst\.i_controller_idelay_data_cntvaluein\[2\].O6 ddr3_top_inst\.ddr3_phy_inst\.genblk5\[4\]\.IDELAYE2_data.CNTVALUEIN2 (2042:2042:2042) (2042:2042:2042))
dq_dqs_input,False,67.0,1975.0,2042.0,INTERCONNECT:ddr3_top_inst.ddr3_phy_inst.genblk5[4].IDELAYE2_data.CNTVALUEIN2,(INTERCONNECT \$abc\$179448\$lut\\ddr3_top_inst\.ddr3_phy_inst\.i_controller_idelay_data_cntvaluein\[2\].O6 ddr3_top_inst\.ddr3_phy_inst\.genblk5\[4\]\.IDELAYE2_data.CNTVALUEIN2 (1975:1975:1975) (1975:1975:1975)),(INTERCONNECT \$abc\$179448\$lut\\ddr3_top_inst\.ddr3_phy_inst\.i_controller_idelay_data_cntvaluein\[2\].O6 ddr3_top_inst\.ddr3_phy_inst\.genblk5\[4\]\.IDELAYE2_data.CNTVALUEIN2 (2042:2042:2042) (2042:2042:2042))
idelay_programming,False,48.0,1830.0,1878.0,INTERCONNECT:ddr3_top_inst.ddr3_phy_inst.genblk7[0].IDELAYE2_dqs.CNTVALUEIN0,(INTERCONNECT \$abc\$179448\$lut\\ddr3_top_inst\.ddr3_phy_inst\.i_controller_idelay_dqs_cntvaluein\[0\].O5 ddr3_top_inst\.ddr3_phy_inst\.genblk7\[0\]\.IDELAYE2_dqs.CNTVALUEIN0 (1830:1830:1830) (1830:1830:1830)),(INTERCONNECT \$abc\$179448\$lut\\ddr3_top_inst\.ddr3_phy_inst\.i_controller_idelay_dqs_cntvaluein\[0\].O5 ddr3_top_inst\.ddr3_phy_inst\.genblk7\[0\]\.IDELAYE2_dqs.CNTVALUEIN0 (1878:1878:1878) (1878:1878:1878))
dq_dqs_input,False,48.0,1830.0,1878.0,INTERCONNECT:ddr3_top_inst.ddr3_phy_inst.genblk7[0].IDELAYE2_dqs.CNTVALUEIN0,(INTERCONNECT \$abc\$179448\$lut\\ddr3_top_inst\.ddr3_phy_inst\.i_controller_idelay_dqs_cntvaluein\[0\].O5 ddr3_top_inst\.ddr3_phy_inst\.genblk7\[0\]\.IDELAYE2_dqs.CNTVALUEIN0 (1830:1830:1830) (1830:1830:1830)),(INTERCONNECT \$abc\$179448\$lut\\ddr3_top_inst\.ddr3_phy_inst\.i_controller_idelay_dqs_cntvaluein\[0\].O5 ddr3_top_inst\.ddr3_phy_inst\.genblk7\[0\]\.IDELAYE2_dqs.CNTVALUEIN0 (1878:1878:1878) (1878:1878:1878))
idelay_programming,False,46.0,1613.0,1659.0,INTERCONNECT:ddr3_top_inst.ddr3_phy_inst.genblk5[15].IDELAYE2_data.CNTVALUEIN0,(INTERCONNECT \$abc\$179448\$lut\\ddr3_top_inst\.ddr3_phy_inst\.i_controller_idelay_data_cntvaluein\[0\].O6 ddr3_top_inst\.ddr3_phy_inst\.genblk5\[15\]\.IDELAYE2_data.CNTVALUEIN0 (1613:1613:1613) (1613:1613:1613)),(INTERCONNECT \$abc\$179448\$lut\\ddr3_top_inst\.ddr3_phy_inst\.i_controller_idelay_data_cntvaluein\[0\].O6 ddr3_top_inst\.ddr3_phy_inst\.genblk5\[15\]\.IDELAYE2_data.CNTVALUEIN0 (1659:1659:1659) (1659:1659:1659))
dq_dqs_input,False,46.0,1613.0,1659.0,INTERCONNECT:ddr3_top_inst.ddr3_phy_inst.genblk5[15].IDELAYE2_data.CNTVALUEIN0,(INTERCONNECT \$abc\$179448\$lut\\ddr3_top_inst\.ddr3_phy_inst\.i_controller_idelay_data_cntvaluein\[0\].O6 ddr3_top_inst\.ddr3_phy_inst\.genblk5\[15\]\.IDELAYE2_data.CNTVALUEIN0 (1613:1613:1613) (1613:1613:1613)),(INTERCONNECT \$abc\$179448\$lut\\ddr3_top_inst\.ddr3_phy_inst\.i_controller_idelay_data_cntvaluein\[0\].O6 ddr3_top_inst\.ddr3_phy_inst\.genblk5\[15\]\.IDELAYE2_data.CNTVALUEIN0 (1659:1659:1659) (1659:1659:1659))
idelay_programming,False,43.0,1470.0,1513.0,INTERCONNECT:ddr3_top_inst.ddr3_phy_inst.genblk5[5].IDELAYE2_data.CNTVALUEIN1,(INTERCONNECT \$abc\$179448\$lut\\ddr3_top_inst\.ddr3_phy_inst\.i_controller_idelay_data_cntvaluein\[1\].O6 ddr3_top_inst\.ddr3_phy_inst\.genblk5\[5\]\.IDELAYE2_data.CNTVALUEIN1 (1470:1470:1470) (1470:1470:1470)),(INTERCONNECT \$abc\$179448\$lut\\ddr3_top_inst\.ddr3_phy_inst\.i_controller_idelay_data_cntvaluein\[1\].O6 ddr3_top_inst\.ddr3_phy_inst\.genblk5\[5\]\.IDELAYE2_data.CNTVALUEIN1 (1513:1513:1513) (1513:1513:1513))
idelay_programming,False,43.0,2094.0,2137.0,INTERCONNECT:ddr3_top_inst.ddr3_phy_inst.genblk5[7].IDELAYE2_data.CNTVALUEIN2,(INTERCONNECT \$abc\$179448\$lut\\ddr3_top_inst\.ddr3_phy_inst\.i_controller_idelay_data_cntvaluein\[2\].O6 ddr3_top_inst\.ddr3_phy_inst\.genblk5\[7\]\.IDELAYE2_data.CNTVALUEIN2 (2094:2094:2094) (2094:2094:2094)),(INTERCONNECT \$abc\$179448\$lut\\ddr3_top_inst\.ddr3_phy_inst\.i_controller_idelay_data_cntvaluein\[2\].O6 ddr3_top_inst\.ddr3_phy_inst\.genblk5\[7\]\.IDELAYE2_data.CNTVALUEIN2 (2137:2137:2137) (2137:2137:2137))
dq_dqs_input,False,43.0,1470.0,1513.0,INTERCONNECT:ddr3_top_inst.ddr3_phy_inst.genblk5[5].IDELAYE2_data.CNTVALUEIN1,(INTERCONNECT \$abc\$179448\$lut\\ddr3_top_inst\.ddr3_phy_inst\.i_controller_idelay_data_cntvaluein\[1\].O6 ddr3_top_inst\.ddr3_phy_inst\.genblk5\[5\]\.IDELAYE2_data.CNTVALUEIN1 (1470:1470:1470) (1470:1470:1470)),(INTERCONNECT \$abc\$179448\$lut\\ddr3_top_inst\.ddr3_phy_inst\.i_controller_idelay_data_cntvaluein\[1\].O6 ddr3_top_inst\.ddr3_phy_inst\.genblk5\[5\]\.IDELAYE2_data.CNTVALUEIN1 (1513:1513:1513) (1513:1513:1513))
dq_dqs_input,False,43.0,2094.0,2137.0,INTERCONNECT:ddr3_top_inst.ddr3_phy_inst.genblk5[7].IDELAYE2_data.CNTVALUEIN2,(INTERCONNECT \$abc\$179448\$lut\\ddr3_top_inst\.ddr3_phy_inst\.i_controller_idelay_data_cntvaluein\[2\].O6 ddr3_top_inst\.ddr3_phy_inst\.genblk5\[7\]\.IDELAYE2_data.CNTVALUEIN2 (2094:2094:2094) (2094:2094:2094)),(INTERCONNECT \$abc\$179448\$lut\\ddr3_top_inst\.ddr3_phy_inst\.i_controller_idelay_data_cntvaluein\[2\].O6 ddr3_top_inst\.ddr3_phy_inst\.genblk5\[7\]\.IDELAYE2_data.CNTVALUEIN2 (2137:2137:2137) (2137:2137:2137))
idelay_programming,False,33.0,1919.0,1952.0,INTERCONNECT:ddr3_top_inst.ddr3_phy_inst.genblk5[1].IDELAYE2_data.CNTVALUEIN2,(INTERCONNECT \$abc\$179448\$lut\\ddr3_top_inst\.ddr3_phy_inst\.i_controller_idelay_data_cntvaluein\[2\].O6 ddr3_top_inst\.ddr3_phy_inst\.genblk5\[1\]\.IDELAYE2_data.CNTVALUEIN2 (1919:1919:1919) (1919:1919:1919)),(INTERCONNECT \$abc\$179448\$lut\\ddr3_top_inst\.ddr3_phy_inst\.i_controller_idelay_data_cntvaluein\[2\].O6 ddr3_top_inst\.ddr3_phy_inst\.genblk5\[1\]\.IDELAYE2_data.CNTVALUEIN2 (1952:1952:1952) (1952:1952:1952))
dq_dqs_input,False,33.0,1919.0,1952.0,INTERCONNECT:ddr3_top_inst.ddr3_phy_inst.genblk5[1].IDELAYE2_data.CNTVALUEIN2,(INTERCONNECT \$abc\$179448\$lut\\ddr3_top_inst\.ddr3_phy_inst\.i_controller_idelay_data_cntvaluein\[2\].O6 ddr3_top_inst\.ddr3_phy_inst\.genblk5\[1\]\.IDELAYE2_data.CNTVALUEIN2 (1919:1919:1919) (1919:1919:1919)),(INTERCONNECT \$abc\$179448\$lut\\ddr3_top_inst\.ddr3_phy_inst\.i_controller_idelay_data_cntvaluein\[2\].O6 ddr3_top_inst\.ddr3_phy_inst\.genblk5\[1\]\.IDELAYE2_data.CNTVALUEIN2 (1952:1952:1952) (1952:1952:1952))
read_bist_state17,False,-32.0,1754.0,1722.0,INTERCONNECT:ddr3_top_inst.ddr3_phy_inst.genblk5[0].ISERDESE2_data.BITSLIP,(INTERCONNECT \$auto\$ff\.cc\:266\:slice\$59276.Q ddr3_top_inst\.ddr3_phy_inst\.genblk5\[0\]\.ISERDESE2_data.BITSLIP (1754:1754:1754) (1754:1754:1754)),(INTERCONNECT \$auto\$ff\.cc\:266\:slice\$59276.Q ddr3_top_inst\.ddr3_phy_inst\.genblk5\[0\]\.ISERDESE2_data.BITSLIP (1722:1722:1722) (1722:1722:1722))
dq_dqs_input,False,-32.0,1754.0,1722.0,INTERCONNECT:ddr3_top_inst.ddr3_phy_inst.genblk5[0].ISERDESE2_data.BITSLIP,(INTERCONNECT \$auto\$ff\.cc\:266\:slice\$59276.Q ddr3_top_inst\.ddr3_phy_inst\.genblk5\[0\]\.ISERDESE2_data.BITSLIP (1754:1754:1754) (1754:1754:1754)),(INTERCONNECT \$auto\$ff\.cc\:266\:slice\$59276.Q ddr3_top_inst\.ddr3_phy_inst\.genblk5\[0\]\.ISERDESE2_data.BITSLIP (1722:1722:1722) (1722:1722:1722))
idelay_programming,False,-26.0,1350.0,1324.0,INTERCONNECT:ddr3_top_inst.ddr3_phy_inst.genblk7[0].IDELAYE2_dqs.CNTVALUEIN4,(INTERCONNECT \$abc\$179448\$lut\\ddr3_top_inst\.ddr3_phy_inst\.i_controller_idelay_dqs_cntvaluein\[4\].O6 ddr3_top_inst\.ddr3_phy_inst\.genblk7\[0\]\.IDELAYE2_dqs.CNTVALUEIN4 (1350:1350:1350) (1350:1350:1350)),(INTERCONNECT \$abc\$179448\$lut\\ddr3_top_inst\.ddr3_phy_inst\.i_controller_idelay_dqs_cntvaluein\[4\].O6 ddr3_top_inst\.ddr3_phy_inst\.genblk7\[0\]\.IDELAYE2_dqs.CNTVALUEIN4 (1324:1324:1324) (1324:1324:1324))
dq_dqs_input,False,-26.0,1350.0,1324.0,INTERCONNECT:ddr3_top_inst.ddr3_phy_inst.genblk7[0].IDELAYE2_dqs.CNTVALUEIN4,(INTERCONNECT \$abc\$179448\$lut\\ddr3_top_inst\.ddr3_phy_inst\.i_controller_idelay_dqs_cntvaluein\[4\].O6 ddr3_top_inst\.ddr3_phy_inst\.genblk7\[0\]\.IDELAYE2_dqs.CNTVALUEIN4 (1350:1350:1350) (1350:1350:1350)),(INTERCONNECT \$abc\$179448\$lut\\ddr3_top_inst\.ddr3_phy_inst\.i_controller_idelay_dqs_cntvaluein\[4\].O6 ddr3_top_inst\.ddr3_phy_inst\.genblk7\[0\]\.IDELAYE2_dqs.CNTVALUEIN4 (1324:1324:1324) (1324:1324:1324))
read_bist_state17,False,-23.0,1794.0,1771.0,INTERCONNECT:ddr3_top_inst.ddr3_phy_inst.genblk5[14].ISERDESE2_data.BITSLIP,(INTERCONNECT \$auto\$ff\.cc\:266\:slice\$59269.Q ddr3_top_inst\.ddr3_phy_inst\.genblk5\[14\]\.ISERDESE2_data.BITSLIP (1794:1794:1794) (1794:1794:1794)),(INTERCONNECT \$auto\$ff\.cc\:266\:slice\$59269.Q ddr3_top_inst\.ddr3_phy_inst\.genblk5\[14\]\.ISERDESE2_data.BITSLIP (1771:1771:1771) (1771:1771:1771))
dq_dqs_input,False,-23.0,1794.0,1771.0,INTERCONNECT:ddr3_top_inst.ddr3_phy_inst.genblk5[14].ISERDESE2_data.BITSLIP,(INTERCONNECT \$auto\$ff\.cc\:266\:slice\$59269.Q ddr3_top_inst\.ddr3_phy_inst\.genblk5\[14\]\.ISERDESE2_data.BITSLIP (1794:1794:1794) (1794:1794:1794)),(INTERCONNECT \$auto\$ff\.cc\:266\:slice\$59269.Q ddr3_top_inst\.ddr3_phy_inst\.genblk5\[14\]\.ISERDESE2_data.BITSLIP (1771:1771:1771) (1771:1771:1771))
idelay_programming,False,-19.0,1597.0,1578.0,INTERCONNECT:ddr3_top_inst.ddr3_phy_inst.genblk5[14].IDELAYE2_data.CNTVALUEIN2,(INTERCONNECT \$abc\$179448\$lut\\ddr3_top_inst\.ddr3_phy_inst\.i_controller_idelay_data_cntvaluein\[2\].O6 ddr3_top_inst\.ddr3_phy_inst\.genblk5\[14\]\.IDELAYE2_data.CNTVALUEIN2 (1597:1597:1597) (1597:1597:1597)),(INTERCONNECT \$abc\$179448\$lut\\ddr3_top_inst\.ddr3_phy_inst\.i_controller_idelay_data_cntvaluein\[2\].O6 ddr3_top_inst\.ddr3_phy_inst\.genblk5\[14\]\.IDELAYE2_data.CNTVALUEIN2 (1578:1578:1578) (1578:1578:1578))
dq_dqs_input,False,-19.0,1597.0,1578.0,INTERCONNECT:ddr3_top_inst.ddr3_phy_inst.genblk5[14].IDELAYE2_data.CNTVALUEIN2,(INTERCONNECT \$abc\$179448\$lut\\ddr3_top_inst\.ddr3_phy_inst\.i_controller_idelay_data_cntvaluein\[2\].O6 ddr3_top_inst\.ddr3_phy_inst\.genblk5\[14\]\.IDELAYE2_data.CNTVALUEIN2 (1597:1597:1597) (1597:1597:1597)),(INTERCONNECT \$abc\$179448\$lut\\ddr3_top_inst\.ddr3_phy_inst\.i_controller_idelay_data_cntvaluein\[2\].O6 ddr3_top_inst\.ddr3_phy_inst\.genblk5\[14\]\.IDELAYE2_data.CNTVALUEIN2 (1578:1578:1578) (1578:1578:1578))
read_bist_state17,False,15.0,1835.0,1850.0,INTERCONNECT:ddr3_top_inst.ddr3_phy_inst.genblk5[1].ISERDESE2_data.BITSLIP,(INTERCONNECT \$auto\$ff\.cc\:266\:slice\$59276.Q ddr3_top_inst\.ddr3_phy_inst\.genblk5\[1\]\.ISERDESE2_data.BITSLIP (1835:1835:1835) (1835:1835:1835)),(INTERCONNECT \$auto\$ff\.cc\:266\:slice\$59276.Q ddr3_top_inst\.ddr3_phy_inst\.genblk5\[1\]\.ISERDESE2_data.BITSLIP (1850:1850:1850) (1850:1850:1850))
dq_dqs_input,False,15.0,1835.0,1850.0,INTERCONNECT:ddr3_top_inst.ddr3_phy_inst.genblk5[1].ISERDESE2_data.BITSLIP,(INTERCONNECT \$auto\$ff\.cc\:266\:slice\$59276.Q ddr3_top_inst\.ddr3_phy_inst\.genblk5\[1\]\.ISERDESE2_data.BITSLIP (1835:1835:1835) (1835:1835:1835)),(INTERCONNECT \$auto\$ff\.cc\:266\:slice\$59276.Q ddr3_top_inst\.ddr3_phy_inst\.genblk5\[1\]\.ISERDESE2_data.BITSLIP (1850:1850:1850) (1850:1850:1850))
idelay_programming,False,-14.0,1504.0,1490.0,INTERCONNECT:ddr3_top_inst.ddr3_phy_inst.genblk5[11].IDELAYE2_data.CNTVALUEIN2,(INTERCONNECT \$abc\$179448\$lut\\ddr3_top_inst\.ddr3_phy_inst\.i_controller_idelay_data_cntvaluein\[2\].O6 ddr3_top_inst\.ddr3_phy_inst\.genblk5\[11\]\.IDELAYE2_data.CNTVALUEIN2 (1504:1504:1504) (1504:1504:1504)),(INTERCONNECT \$abc\$179448\$lut\\ddr3_top_inst\.ddr3_phy_inst\.i_controller_idelay_data_cntvaluein\[2\].O6 ddr3_top_inst\.ddr3_phy_inst\.genblk5\[11\]\.IDELAYE2_data.CNTVALUEIN2 (1490:1490:1490) (1490:1490:1490))
idelay_programming,False,-14.0,1588.0,1574.0,INTERCONNECT:ddr3_top_inst.ddr3_phy_inst.genblk5[13].IDELAYE2_data.CNTVALUEIN2,(INTERCONNECT \$abc\$179448\$lut\\ddr3_top_inst\.ddr3_phy_inst\.i_controller_idelay_data_cntvaluein\[2\].O6 ddr3_top_inst\.ddr3_phy_inst\.genblk5\[13\]\.IDELAYE2_data.CNTVALUEIN2 (1588:1588:1588) (1588:1588:1588)),(INTERCONNECT \$abc\$179448\$lut\\ddr3_top_inst\.ddr3_phy_inst\.i_controller_idelay_data_cntvaluein\[2\].O6 ddr3_top_inst\.ddr3_phy_inst\.genblk5\[13\]\.IDELAYE2_data.CNTVALUEIN2 (1574:1574:1574) (1574:1574:1574))
dq_dqs_input,False,-14.0,1504.0,1490.0,INTERCONNECT:ddr3_top_inst.ddr3_phy_inst.genblk5[11].IDELAYE2_data.CNTVALUEIN2,(INTERCONNECT \$abc\$179448\$lut\\ddr3_top_inst\.ddr3_phy_inst\.i_controller_idelay_data_cntvaluein\[2\].O6 ddr3_top_inst\.ddr3_phy_inst\.genblk5\[11\]\.IDELAYE2_data.CNTVALUEIN2 (1504:1504:1504) (1504:1504:1504)),(INTERCONNECT \$abc\$179448\$lut\\ddr3_top_inst\.ddr3_phy_inst\.i_controller_idelay_data_cntvaluein\[2\].O6 ddr3_top_inst\.ddr3_phy_inst\.genblk5\[11\]\.IDELAYE2_data.CNTVALUEIN2 (1490:1490:1490) (1490:1490:1490))
dq_dqs_input,False,-14.0,1588.0,1574.0,INTERCONNECT:ddr3_top_inst.ddr3_phy_inst.genblk5[13].IDELAYE2_data.CNTVALUEIN2,(INTERCONNECT \$abc\$179448\$lut\\ddr3_top_inst\.ddr3_phy_inst\.i_controller_idelay_data_cntvaluein\[2\].O6 ddr3_top_inst\.ddr3_phy_inst\.genblk5\[13\]\.IDELAYE2_data.CNTVALUEIN2 (1588:1588:1588) (1588:1588:1588)),(INTERCONNECT \$abc\$179448\$lut\\ddr3_top_inst\.ddr3_phy_inst\.i_controller_idelay_data_cntvaluein\[2\].O6 ddr3_top_inst\.ddr3_phy_inst\.genblk5\[13\]\.IDELAYE2_data.CNTVALUEIN2 (1574:1574:1574) (1574:1574:1574))
idelay_programming,False,6.0,1194.0,1200.0,INTERCONNECT:ddr3_top_inst.ddr3_phy_inst.genblk7[1].IDELAYE2_dqs.CNTVALUEIN3,(INTERCONNECT \$abc\$179448\$lut\\ddr3_top_inst\.ddr3_phy_inst\.i_controller_idelay_dqs_cntvaluein\[3\].O5 ddr3_top_inst\.ddr3_phy_inst\.genblk7\[1\]\.IDELAYE2_dqs.CNTVALUEIN3 (1194:1194:1194) (1194:1194:1194)),(INTERCONNECT \$abc\$179448\$lut\\ddr3_top_inst\.ddr3_phy_inst\.i_controller_idelay_dqs_cntvaluein\[3\].O5 ddr3_top_inst\.ddr3_phy_inst\.genblk7\[1\]\.IDELAYE2_dqs.CNTVALUEIN3 (1200:1200:1200) (1200:1200:1200))
dq_dqs_input,False,6.0,1194.0,1200.0,INTERCONNECT:ddr3_top_inst.ddr3_phy_inst.genblk7[1].IDELAYE2_dqs.CNTVALUEIN3,(INTERCONNECT \$abc\$179448\$lut\\ddr3_top_inst\.ddr3_phy_inst\.i_controller_idelay_dqs_cntvaluein\[3\].O5 ddr3_top_inst\.ddr3_phy_inst\.genblk7\[1\]\.IDELAYE2_dqs.CNTVALUEIN3 (1194:1194:1194) (1194:1194:1194)),(INTERCONNECT \$abc\$179448\$lut\\ddr3_top_inst\.ddr3_phy_inst\.i_controller_idelay_dqs_cntvaluein\[3\].O5 ddr3_top_inst\.ddr3_phy_inst\.genblk7\[1\]\.IDELAYE2_dqs.CNTVALUEIN3 (1200:1200:1200) (1200:1200:1200))
idelay_programming,False,-5.0,1516.0,1511.0,INTERCONNECT:ddr3_top_inst.ddr3_phy_inst.genblk5[13].IDELAYE2_data.CNTVALUEIN1,(INTERCONNECT \$abc\$179448\$lut\\ddr3_top_inst\.ddr3_phy_inst\.i_controller_idelay_data_cntvaluein\[1\].O6 ddr3_top_inst\.ddr3_phy_inst\.genblk5\[13\]\.IDELAYE2_data.CNTVALUEIN1 (1516:1516:1516) (1516:1516:1516)),(INTERCONNECT \$abc\$179448\$lut\\ddr3_top_inst\.ddr3_phy_inst\.i_controller_idelay_data_cntvaluein\[1\].O6 ddr3_top_inst\.ddr3_phy_inst\.genblk5\[13\]\.IDELAYE2_data.CNTVALUEIN1 (1511:1511:1511) (1511:1511:1511))
dq_dqs_input,False,-5.0,1516.0,1511.0,INTERCONNECT:ddr3_top_inst.ddr3_phy_inst.genblk5[13].IDELAYE2_data.CNTVALUEIN1,(INTERCONNECT \$abc\$179448\$lut\\ddr3_top_inst\.ddr3_phy_inst\.i_controller_idelay_data_cntvaluein\[1\].O6 ddr3_top_inst\.ddr3_phy_inst\.genblk5\[13\]\.IDELAYE2_data.CNTVALUEIN1 (1516:1516:1516) (1516:1516:1516)),(INTERCONNECT \$abc\$179448\$lut\\ddr3_top_inst\.ddr3_phy_inst\.i_controller_idelay_data_cntvaluein\[1\].O6 ddr3_top_inst\.ddr3_phy_inst\.genblk5\[13\]\.IDELAYE2_data.CNTVALUEIN1 (1511:1511:1511) (1511:1511:1511))
idelayctrl_ready,False,0.0,1126.0,1126.0,INTERCONNECT:ddr3_top_inst.ddr3_phy_inst.IDELAYCTRL_inst$intcell$CTRL_DUP_0.REFCLK,(INTERCONNECT clk_wiz_inst\.clkout3_buf.O ddr3_top_inst\.ddr3_phy_inst\.IDELAYCTRL_inst\$intcell\$CTRL_DUP_0.REFCLK (1126:1126:1126) (1126:1126:1126)),(INTERCONNECT clk_wiz_inst\.clkout3_buf.O ddr3_top_inst\.ddr3_phy_inst\.IDELAYCTRL_inst\$intcell\$CTRL_DUP_0.REFCLK (1126:1126:1126) (1126:1126:1126))
idelay_programming,False,0.0,1376.0,1376.0,INTERCONNECT:ddr3_top_inst.ddr3_phy_inst.genblk7[0].IDELAYE2_dqs.CNTVALUEIN2,(INTERCONNECT \$abc\$179448\$lut\\ddr3_top_inst\.ddr3_phy_inst\.i_controller_idelay_dqs_cntvaluein\[2\].O6 ddr3_top_inst\.ddr3_phy_inst\.genblk7\[0\]\.IDELAYE2_dqs.CNTVALUEIN2 (1376:1376:1376) (1376:1376:1376)),(INTERCONNECT \$abc\$179448\$lut\\ddr3_top_inst\.ddr3_phy_inst\.i_controller_idelay_dqs_cntvaluein\[2\].O6 ddr3_top_inst\.ddr3_phy_inst\.genblk7\[0\]\.IDELAYE2_dqs.CNTVALUEIN2 (1376:1376:1376) (1376:1376:1376))
idelay_programming,False,0.0,1103.0,1103.0,INTERCONNECT:ddr3_top_inst.ddr3_phy_inst.genblk7[1].IDELAYE2_dqs.CNTVALUEIN2,(INTERCONNECT \$abc\$179448\$lut\\ddr3_top_inst\.ddr3_phy_inst\.i_controller_idelay_dqs_cntvaluein\[2\].O6 ddr3_top_inst\.ddr3_phy_inst\.genblk7\[1\]\.IDELAYE2_dqs.CNTVALUEIN2 (1103:1103:1103) (1103:1103:1103)),(INTERCONNECT \$abc\$179448\$lut\\ddr3_top_inst\.ddr3_phy_inst\.i_controller_idelay_dqs_cntvaluein\[2\].O6 ddr3_top_inst\.ddr3_phy_inst\.genblk7\[1\]\.IDELAYE2_dqs.CNTVALUEIN2 (1103:1103:1103) (1103:1103:1103))
dq_dqs_input,False,0.0,0.0,0.0,INTERCONNECT:$iopadmap$ypcb_00338_1p1_ddr3.ddr3_dq[16]$subcell$IBUF.PAD,(INTERCONNECT \$iopadmap\$ypcb_00338_1p1_ddr3\.ddr3_dq\[16\]\$subcell\$OBUFT.OUT \$iopadmap\$ypcb_00338_1p1_ddr3\.ddr3_dq\[16\]\$subcell\$IBUF.PAD (0:0:0) (0:0:0)),(INTERCONNECT \$iopadmap\$ypcb_00338_1p1_ddr3\.ddr3_dq\[16\]\$subcell\$OBUFT.OUT \$iopadmap\$ypcb_00338_1p1_ddr3\.ddr3_dq\[16\]\$subcell\$IBUF.PAD (0:0:0) (0:0:0))
dq_dqs_input,False,0.0,0.0,0.0,INTERCONNECT:$iopadmap$ypcb_00338_1p1_ddr3.ddr3_dq[17]$subcell$IBUF.PAD,(INTERCONNECT \$iopadmap\$ypcb_00338_1p1_ddr3\.ddr3_dq\[17\]\$subcell\$OBUFT.OUT \$iopadmap\$ypcb_00338_1p1_ddr3\.ddr3_dq\[17\]\$subcell\$IBUF.PAD (0:0:0) (0:0:0)),(INTERCONNECT \$iopadmap\$ypcb_00338_1p1_ddr3\.ddr3_dq\[17\]\$subcell\$OBUFT.OUT \$iopadmap\$ypcb_00338_1p1_ddr3\.ddr3_dq\[17\]\$subcell\$IBUF.PAD (0:0:0) (0:0:0))
dq_dqs_input,False,0.0,0.0,0.0,INTERCONNECT:$iopadmap$ypcb_00338_1p1_ddr3.ddr3_dq[18]$subcell$IBUF.PAD,(INTERCONNECT \$iopadmap\$ypcb_00338_1p1_ddr3\.ddr3_dq\[18\]\$subcell\$OBUFT.OUT \$iopadmap\$ypcb_00338_1p1_ddr3\.ddr3_dq\[18\]\$subcell\$IBUF.PAD (0:0:0) (0:0:0)),(INTERCONNECT \$iopadmap\$ypcb_00338_1p1_ddr3\.ddr3_dq\[18\]\$subcell\$OBUFT.OUT \$iopadmap\$ypcb_00338_1p1_ddr3\.ddr3_dq\[18\]\$subcell\$IBUF.PAD (0:0:0) (0:0:0))
dq_dqs_input,False,0.0,0.0,0.0,INTERCONNECT:$iopadmap$ypcb_00338_1p1_ddr3.ddr3_dq[19]$subcell$IBUF.PAD,(INTERCONNECT \$iopadmap\$ypcb_00338_1p1_ddr3\.ddr3_dq\[19\]\$subcell\$OBUFT.OUT \$iopadmap\$ypcb_00338_1p1_ddr3\.ddr3_dq\[19\]\$subcell\$IBUF.PAD (0:0:0) (0:0:0)),(INTERCONNECT \$iopadmap\$ypcb_00338_1p1_ddr3\.ddr3_dq\[19\]\$subcell\$OBUFT.OUT \$iopadmap\$ypcb_00338_1p1_ddr3\.ddr3_dq\[19\]\$subcell\$IBUF.PAD (0:0:0) (0:0:0))
dq_dqs_input,False,0.0,0.0,0.0,INTERCONNECT:$iopadmap$ypcb_00338_1p1_ddr3.ddr3_dq[20]$subcell$IBUF.PAD,(INTERCONNECT \$iopadmap\$ypcb_00338_1p1_ddr3\.ddr3_dq\[20\]\$subcell\$OBUFT.OUT \$iopadmap\$ypcb_00338_1p1_ddr3\.ddr3_dq\[20\]\$subcell\$IBUF.PAD (0:0:0) (0:0:0)),(INTERCONNECT \$iopadmap\$ypcb_00338_1p1_ddr3\.ddr3_dq\[20\]\$subcell\$OBUFT.OUT \$iopadmap\$ypcb_00338_1p1_ddr3\.ddr3_dq\[20\]\$subcell\$IBUF.PAD (0:0:0) (0:0:0))
dq_dqs_input,False,0.0,0.0,0.0,INTERCONNECT:$iopadmap$ypcb_00338_1p1_ddr3.ddr3_dq[21]$subcell$IBUF.PAD,(INTERCONNECT \$iopadmap\$ypcb_00338_1p1_ddr3\.ddr3_dq\[21\]\$subcell\$OBUFT.OUT \$iopadmap\$ypcb_00338_1p1_ddr3\.ddr3_dq\[21\]\$subcell\$IBUF.PAD (0:0:0) (0:0:0)),(INTERCONNECT \$iopadmap\$ypcb_00338_1p1_ddr3\.ddr3_dq\[21\]\$subcell\$OBUFT.OUT \$iopadmap\$ypcb_00338_1p1_ddr3\.ddr3_dq\[21\]\$subcell\$IBUF.PAD (0:0:0) (0:0:0))
dq_dqs_input,False,0.0,0.0,0.0,INTERCONNECT:$iopadmap$ypcb_00338_1p1_ddr3.ddr3_dq[22]$subcell$IBUF.PAD,(INTERCONNECT \$iopadmap\$ypcb_00338_1p1_ddr3\.ddr3_dq\[22\]\$subcell\$OBUFT.OUT \$iopadmap\$ypcb_00338_1p1_ddr3\.ddr3_dq\[22\]\$subcell\$IBUF.PAD (0:0:0) (0:0:0)),(INTERCONNECT \$iopadmap\$ypcb_00338_1p1_ddr3\.ddr3_dq\[22\]\$subcell\$OBUFT.OUT \$iopadmap\$ypcb_00338_1p1_ddr3\.ddr3_dq\[22\]\$subcell\$IBUF.PAD (0:0:0) (0:0:0))
dq_dqs_input,False,0.0,0.0,0.0,INTERCONNECT:$iopadmap$ypcb_00338_1p1_ddr3.ddr3_dq[23]$subcell$IBUF.PAD,(INTERCONNECT \$iopadmap\$ypcb_00338_1p1_ddr3\.ddr3_dq\[23\]\$subcell\$OBUFT.OUT \$iopadmap\$ypcb_00338_1p1_ddr3\.ddr3_dq\[23\]\$subcell\$IBUF.PAD (0:0:0) (0:0:0)),(INTERCONNECT \$iopadmap\$ypcb_00338_1p1_ddr3\.ddr3_dq\[23\]\$subcell\$OBUFT.OUT \$iopadmap\$ypcb_00338_1p1_ddr3\.ddr3_dq\[23\]\$subcell\$IBUF.PAD (0:0:0) (0:0:0))
dq_dqs_input,False,0.0,0.0,0.0,INTERCONNECT:$iopadmap$ypcb_00338_1p1_ddr3.ddr3_dq[24]$subcell$IBUF.PAD,(INTERCONNECT \$iopadmap\$ypcb_00338_1p1_ddr3\.ddr3_dq\[24\]\$subcell\$OBUFT.OUT \$iopadmap\$ypcb_00338_1p1_ddr3\.ddr3_dq\[24\]\$subcell\$IBUF.PAD (0:0:0) (0:0:0)),(INTERCONNECT \$iopadmap\$ypcb_00338_1p1_ddr3\.ddr3_dq\[24\]\$subcell\$OBUFT.OUT \$iopadmap\$ypcb_00338_1p1_ddr3\.ddr3_dq\[24\]\$subcell\$IBUF.PAD (0:0:0) (0:0:0))
dq_dqs_input,False,0.0,0.0,0.0,INTERCONNECT:$iopadmap$ypcb_00338_1p1_ddr3.ddr3_dq[25]$subcell$IBUF.PAD,(INTERCONNECT \$iopadmap\$ypcb_00338_1p1_ddr3\.ddr3_dq\[25\]\$subcell\$OBUFT.OUT \$iopadmap\$ypcb_00338_1p1_ddr3\.ddr3_dq\[25\]\$subcell\$IBUF.PAD (0:0:0) (0:0:0)),(INTERCONNECT \$iopadmap\$ypcb_00338_1p1_ddr3\.ddr3_dq\[25\]\$subcell\$OBUFT.OUT \$iopadmap\$ypcb_00338_1p1_ddr3\.ddr3_dq\[25\]\$subcell\$IBUF.PAD (0:0:0) (0:0:0))
dq_dqs_input,False,0.0,0.0,0.0,INTERCONNECT:$iopadmap$ypcb_00338_1p1_ddr3.ddr3_dq[26]$subcell$IBUF.PAD,(INTERCONNECT \$iopadmap\$ypcb_00338_1p1_ddr3\.ddr3_dq\[26\]\$subcell\$OBUFT.OUT \$iopadmap\$ypcb_00338_1p1_ddr3\.ddr3_dq\[26\]\$subcell\$IBUF.PAD (0:0:0) (0:0:0)),(INTERCONNECT \$iopadmap\$ypcb_00338_1p1_ddr3\.ddr3_dq\[26\]\$subcell\$OBUFT.OUT \$iopadmap\$ypcb_00338_1p1_ddr3\.ddr3_dq\[26\]\$subcell\$IBUF.PAD (0:0:0) (0:0:0))
dq_dqs_input,False,0.0,0.0,0.0,INTERCONNECT:$iopadmap$ypcb_00338_1p1_ddr3.ddr3_dq[27]$subcell$IBUF.PAD,(INTERCONNECT \$iopadmap\$ypcb_00338_1p1_ddr3\.ddr3_dq\[27\]\$subcell\$OBUFT.OUT \$iopadmap\$ypcb_00338_1p1_ddr3\.ddr3_dq\[27\]\$subcell\$IBUF.PAD (0:0:0) (0:0:0)),(INTERCONNECT \$iopadmap\$ypcb_00338_1p1_ddr3\.ddr3_dq\[27\]\$subcell\$OBUFT.OUT \$iopadmap\$ypcb_00338_1p1_ddr3\.ddr3_dq\[27\]\$subcell\$IBUF.PAD (0:0:0) (0:0:0))
dq_dqs_input,False,0.0,0.0,0.0,INTERCONNECT:$iopadmap$ypcb_00338_1p1_ddr3.ddr3_dq[28]$subcell$IBUF.PAD,(INTERCONNECT \$iopadmap\$ypcb_00338_1p1_ddr3\.ddr3_dq\[28\]\$subcell\$OBUFT.OUT \$iopadmap\$ypcb_00338_1p1_ddr3\.ddr3_dq\[28\]\$subcell\$IBUF.PAD (0:0:0) (0:0:0)),(INTERCONNECT \$iopadmap\$ypcb_00338_1p1_ddr3\.ddr3_dq\[28\]\$subcell\$OBUFT.OUT \$iopadmap\$ypcb_00338_1p1_ddr3\.ddr3_dq\[28\]\$subcell\$IBUF.PAD (0:0:0) (0:0:0))
dq_dqs_input,False,0.0,0.0,0.0,INTERCONNECT:$iopadmap$ypcb_00338_1p1_ddr3.ddr3_dq[29]$subcell$IBUF.PAD,(INTERCONNECT \$iopadmap\$ypcb_00338_1p1_ddr3\.ddr3_dq\[29\]\$subcell\$OBUFT.OUT \$iopadmap\$ypcb_00338_1p1_ddr3\.ddr3_dq\[29\]\$subcell\$IBUF.PAD (0:0:0) (0:0:0)),(INTERCONNECT \$iopadmap\$ypcb_00338_1p1_ddr3\.ddr3_dq\[29\]\$subcell\$OBUFT.OUT \$iopadmap\$ypcb_00338_1p1_ddr3\.ddr3_dq\[29\]\$subcell\$IBUF.PAD (0:0:0) (0:0:0))
dq_dqs_input,False,0.0,0.0,0.0,INTERCONNECT:$iopadmap$ypcb_00338_1p1_ddr3.ddr3_dq[30]$subcell$IBUF.PAD,(INTERCONNECT \$iopadmap\$ypcb_00338_1p1_ddr3\.ddr3_dq\[30\]\$subcell\$OBUFT.OUT \$iopadmap\$ypcb_00338_1p1_ddr3\.ddr3_dq\[30\]\$subcell\$IBUF.PAD (0:0:0) (0:0:0)),(INTERCONNECT \$iopadmap\$ypcb_00338_1p1_ddr3\.ddr3_dq\[30\]\$subcell\$OBUFT.OUT \$iopadmap\$ypcb_00338_1p1_ddr3\.ddr3_dq\[30\]\$subcell\$IBUF.PAD (0:0:0) (0:0:0))
dq_dqs_input,False,0.0,0.0,0.0,INTERCONNECT:$iopadmap$ypcb_00338_1p1_ddr3.ddr3_dq[31]$subcell$IBUF.PAD,(INTERCONNECT \$iopadmap\$ypcb_00338_1p1_ddr3\.ddr3_dq\[31\]\$subcell\$OBUFT.OUT \$iopadmap\$ypcb_00338_1p1_ddr3\.ddr3_dq\[31\]\$subcell\$IBUF.PAD (0:0:0) (0:0:0)),(INTERCONNECT \$iopadmap\$ypcb_00338_1p1_ddr3\.ddr3_dq\[31\]\$subcell\$OBUFT.OUT \$iopadmap\$ypcb_00338_1p1_ddr3\.ddr3_dq\[31\]\$subcell\$IBUF.PAD (0:0:0) (0:0:0))
dq_dqs_input,False,0.0,0.0,0.0,INTERCONNECT:$iopadmap$ypcb_00338_1p1_ddr3.ddr3_dq[32]$subcell$IBUF.PAD,(INTERCONNECT \$iopadmap\$ypcb_00338_1p1_ddr3\.ddr3_dq\[32\]\$subcell\$OBUFT.OUT \$iopadmap\$ypcb_00338_1p1_ddr3\.ddr3_dq\[32\]\$subcell\$IBUF.PAD (0:0:0) (0:0:0)),(INTERCONNECT \$iopadmap\$ypcb_00338_1p1_ddr3\.ddr3_dq\[32\]\$subcell\$OBUFT.OUT \$iopadmap\$ypcb_00338_1p1_ddr3\.ddr3_dq\[32\]\$subcell\$IBUF.PAD (0:0:0) (0:0:0))
dq_dqs_input,False,0.0,0.0,0.0,INTERCONNECT:$iopadmap$ypcb_00338_1p1_ddr3.ddr3_dq[33]$subcell$IBUF.PAD,(INTERCONNECT \$iopadmap\$ypcb_00338_1p1_ddr3\.ddr3_dq\[33\]\$subcell\$OBUFT.OUT \$iopadmap\$ypcb_00338_1p1_ddr3\.ddr3_dq\[33\]\$subcell\$IBUF.PAD (0:0:0) (0:0:0)),(INTERCONNECT \$iopadmap\$ypcb_00338_1p1_ddr3\.ddr3_dq\[33\]\$subcell\$OBUFT.OUT \$iopadmap\$ypcb_00338_1p1_ddr3\.ddr3_dq\[33\]\$subcell\$IBUF.PAD (0:0:0) (0:0:0))
dq_dqs_input,False,0.0,0.0,0.0,INTERCONNECT:$iopadmap$ypcb_00338_1p1_ddr3.ddr3_dq[34]$subcell$IBUF.PAD,(INTERCONNECT \$iopadmap\$ypcb_00338_1p1_ddr3\.ddr3_dq\[34\]\$subcell\$OBUFT.OUT \$iopadmap\$ypcb_00338_1p1_ddr3\.ddr3_dq\[34\]\$subcell\$IBUF.PAD (0:0:0) (0:0:0)),(INTERCONNECT \$iopadmap\$ypcb_00338_1p1_ddr3\.ddr3_dq\[34\]\$subcell\$OBUFT.OUT \$iopadmap\$ypcb_00338_1p1_ddr3\.ddr3_dq\[34\]\$subcell\$IBUF.PAD (0:0:0) (0:0:0))
dq_dqs_input,False,0.0,0.0,0.0,INTERCONNECT:$iopadmap$ypcb_00338_1p1_ddr3.ddr3_dq[35]$subcell$IBUF.PAD,(INTERCONNECT \$iopadmap\$ypcb_00338_1p1_ddr3\.ddr3_dq\[35\]\$subcell\$OBUFT.OUT \$iopadmap\$ypcb_00338_1p1_ddr3\.ddr3_dq\[35\]\$subcell\$IBUF.PAD (0:0:0) (0:0:0)),(INTERCONNECT \$iopadmap\$ypcb_00338_1p1_ddr3\.ddr3_dq\[35\]\$subcell\$OBUFT.OUT \$iopadmap\$ypcb_00338_1p1_ddr3\.ddr3_dq\[35\]\$subcell\$IBUF.PAD (0:0:0) (0:0:0))
dq_dqs_input,False,0.0,0.0,0.0,INTERCONNECT:$iopadmap$ypcb_00338_1p1_ddr3.ddr3_dq[36]$subcell$IBUF.PAD,(INTERCONNECT \$iopadmap\$ypcb_00338_1p1_ddr3\.ddr3_dq\[36\]\$subcell\$OBUFT.OUT \$iopadmap\$ypcb_00338_1p1_ddr3\.ddr3_dq\[36\]\$subcell\$IBUF.PAD (0:0:0) (0:0:0)),(INTERCONNECT \$iopadmap\$ypcb_00338_1p1_ddr3\.ddr3_dq\[36\]\$subcell\$OBUFT.OUT \$iopadmap\$ypcb_00338_1p1_ddr3\.ddr3_dq\[36\]\$subcell\$IBUF.PAD (0:0:0) (0:0:0))
dq_dqs_input,False,0.0,0.0,0.0,INTERCONNECT:$iopadmap$ypcb_00338_1p1_ddr3.ddr3_dq[37]$subcell$IBUF.PAD,(INTERCONNECT \$iopadmap\$ypcb_00338_1p1_ddr3\.ddr3_dq\[37\]\$subcell\$OBUFT.OUT \$iopadmap\$ypcb_00338_1p1_ddr3\.ddr3_dq\[37\]\$subcell\$IBUF.PAD (0:0:0) (0:0:0)),(INTERCONNECT \$iopadmap\$ypcb_00338_1p1_ddr3\.ddr3_dq\[37\]\$subcell\$OBUFT.OUT \$iopadmap\$ypcb_00338_1p1_ddr3\.ddr3_dq\[37\]\$subcell\$IBUF.PAD (0:0:0) (0:0:0))
dq_dqs_input,False,0.0,0.0,0.0,INTERCONNECT:$iopadmap$ypcb_00338_1p1_ddr3.ddr3_dq[38]$subcell$IBUF.PAD,(INTERCONNECT \$iopadmap\$ypcb_00338_1p1_ddr3\.ddr3_dq\[38\]\$subcell\$OBUFT.OUT \$iopadmap\$ypcb_00338_1p1_ddr3\.ddr3_dq\[38\]\$subcell\$IBUF.PAD (0:0:0) (0:0:0)),(INTERCONNECT \$iopadmap\$ypcb_00338_1p1_ddr3\.ddr3_dq\[38\]\$subcell\$OBUFT.OUT \$iopadmap\$ypcb_00338_1p1_ddr3\.ddr3_dq\[38\]\$subcell\$IBUF.PAD (0:0:0) (0:0:0))
dq_dqs_input,False,0.0,0.0,0.0,INTERCONNECT:$iopadmap$ypcb_00338_1p1_ddr3.ddr3_dq[39]$subcell$IBUF.PAD,(INTERCONNECT \$iopadmap\$ypcb_00338_1p1_ddr3\.ddr3_dq\[39\]\$subcell\$OBUFT.OUT \$iopadmap\$ypcb_00338_1p1_ddr3\.ddr3_dq\[39\]\$subcell\$IBUF.PAD (0:0:0) (0:0:0)),(INTERCONNECT \$iopadmap\$ypcb_00338_1p1_ddr3\.ddr3_dq\[39\]\$subcell\$OBUFT.OUT \$iopadmap\$ypcb_00338_1p1_ddr3\.ddr3_dq\[39\]\$subcell\$IBUF.PAD (0:0:0) (0:0:0))
dq_dqs_input,False,0.0,0.0,0.0,INTERCONNECT:$iopadmap$ypcb_00338_1p1_ddr3.ddr3_dq[40]$subcell$IBUF.PAD,(INTERCONNECT \$iopadmap\$ypcb_00338_1p1_ddr3\.ddr3_dq\[40\]\$subcell\$OBUFT.OUT \$iopadmap\$ypcb_00338_1p1_ddr3\.ddr3_dq\[40\]\$subcell\$IBUF.PAD (0:0:0) (0:0:0)),(INTERCONNECT \$iopadmap\$ypcb_00338_1p1_ddr3\.ddr3_dq\[40\]\$subcell\$OBUFT.OUT \$iopadmap\$ypcb_00338_1p1_ddr3\.ddr3_dq\[40\]\$subcell\$IBUF.PAD (0:0:0) (0:0:0))
dq_dqs_input,False,0.0,0.0,0.0,INTERCONNECT:$iopadmap$ypcb_00338_1p1_ddr3.ddr3_dq[41]$subcell$IBUF.PAD,(INTERCONNECT \$iopadmap\$ypcb_00338_1p1_ddr3\.ddr3_dq\[41\]\$subcell\$OBUFT.OUT \$iopadmap\$ypcb_00338_1p1_ddr3\.ddr3_dq\[41\]\$subcell\$IBUF.PAD (0:0:0) (0:0:0)),(INTERCONNECT \$iopadmap\$ypcb_00338_1p1_ddr3\.ddr3_dq\[41\]\$subcell\$OBUFT.OUT \$iopadmap\$ypcb_00338_1p1_ddr3\.ddr3_dq\[41\]\$subcell\$IBUF.PAD (0:0:0) (0:0:0))
dq_dqs_input,False,0.0,0.0,0.0,INTERCONNECT:$iopadmap$ypcb_00338_1p1_ddr3.ddr3_dq[42]$subcell$IBUF.PAD,(INTERCONNECT \$iopadmap\$ypcb_00338_1p1_ddr3\.ddr3_dq\[42\]\$subcell\$OBUFT.OUT \$iopadmap\$ypcb_00338_1p1_ddr3\.ddr3_dq\[42\]\$subcell\$IBUF.PAD (0:0:0) (0:0:0)),(INTERCONNECT \$iopadmap\$ypcb_00338_1p1_ddr3\.ddr3_dq\[42\]\$subcell\$OBUFT.OUT \$iopadmap\$ypcb_00338_1p1_ddr3\.ddr3_dq\[42\]\$subcell\$IBUF.PAD (0:0:0) (0:0:0))
dq_dqs_input,False,0.0,0.0,0.0,INTERCONNECT:$iopadmap$ypcb_00338_1p1_ddr3.ddr3_dq[43]$subcell$IBUF.PAD,(INTERCONNECT \$iopadmap\$ypcb_00338_1p1_ddr3\.ddr3_dq\[43\]\$subcell\$OBUFT.OUT \$iopadmap\$ypcb_00338_1p1_ddr3\.ddr3_dq\[43\]\$subcell\$IBUF.PAD (0:0:0) (0:0:0)),(INTERCONNECT \$iopadmap\$ypcb_00338_1p1_ddr3\.ddr3_dq\[43\]\$subcell\$OBUFT.OUT \$iopadmap\$ypcb_00338_1p1_ddr3\.ddr3_dq\[43\]\$subcell\$IBUF.PAD (0:0:0) (0:0:0))
dq_dqs_input,False,0.0,0.0,0.0,INTERCONNECT:$iopadmap$ypcb_00338_1p1_ddr3.ddr3_dq[44]$subcell$IBUF.PAD,(INTERCONNECT \$iopadmap\$ypcb_00338_1p1_ddr3\.ddr3_dq\[44\]\$subcell\$OBUFT.OUT \$iopadmap\$ypcb_00338_1p1_ddr3\.ddr3_dq\[44\]\$subcell\$IBUF.PAD (0:0:0) (0:0:0)),(INTERCONNECT \$iopadmap\$ypcb_00338_1p1_ddr3\.ddr3_dq\[44\]\$subcell\$OBUFT.OUT \$iopadmap\$ypcb_00338_1p1_ddr3\.ddr3_dq\[44\]\$subcell\$IBUF.PAD (0:0:0) (0:0:0))
dq_dqs_input,False,0.0,0.0,0.0,INTERCONNECT:$iopadmap$ypcb_00338_1p1_ddr3.ddr3_dq[45]$subcell$IBUF.PAD,(INTERCONNECT \$iopadmap\$ypcb_00338_1p1_ddr3\.ddr3_dq\[45\]\$subcell\$OBUFT.OUT \$iopadmap\$ypcb_00338_1p1_ddr3\.ddr3_dq\[45\]\$subcell\$IBUF.PAD (0:0:0) (0:0:0)),(INTERCONNECT \$iopadmap\$ypcb_00338_1p1_ddr3\.ddr3_dq\[45\]\$subcell\$OBUFT.OUT \$iopadmap\$ypcb_00338_1p1_ddr3\.ddr3_dq\[45\]\$subcell\$IBUF.PAD (0:0:0) (0:0:0))
dq_dqs_input,False,0.0,0.0,0.0,INTERCONNECT:$iopadmap$ypcb_00338_1p1_ddr3.ddr3_dq[46]$subcell$IBUF.PAD,(INTERCONNECT \$iopadmap\$ypcb_00338_1p1_ddr3\.ddr3_dq\[46\]\$subcell\$OBUFT.OUT \$iopadmap\$ypcb_00338_1p1_ddr3\.ddr3_dq\[46\]\$subcell\$IBUF.PAD (0:0:0) (0:0:0)),(INTERCONNECT \$iopadmap\$ypcb_00338_1p1_ddr3\.ddr3_dq\[46\]\$subcell\$OBUFT.OUT \$iopadmap\$ypcb_00338_1p1_ddr3\.ddr3_dq\[46\]\$subcell\$IBUF.PAD (0:0:0) (0:0:0))
dq_dqs_input,False,0.0,0.0,0.0,INTERCONNECT:$iopadmap$ypcb_00338_1p1_ddr3.ddr3_dq[47]$subcell$IBUF.PAD,(INTERCONNECT \$iopadmap\$ypcb_00338_1p1_ddr3\.ddr3_dq\[47\]\$subcell\$OBUFT.OUT \$iopadmap\$ypcb_00338_1p1_ddr3\.ddr3_dq\[47\]\$subcell\$IBUF.PAD (0:0:0) (0:0:0)),(INTERCONNECT \$iopadmap\$ypcb_00338_1p1_ddr3\.ddr3_dq\[47\]\$subcell\$OBUFT.OUT \$iopadmap\$ypcb_00338_1p1_ddr3\.ddr3_dq\[47\]\$subcell\$IBUF.PAD (0:0:0) (0:0:0))
dq_dqs_input,False,0.0,0.0,0.0,INTERCONNECT:$iopadmap$ypcb_00338_1p1_ddr3.ddr3_dq[48]$subcell$IBUF.PAD,(INTERCONNECT \$iopadmap\$ypcb_00338_1p1_ddr3\.ddr3_dq\[48\]\$subcell\$OBUFT.OUT \$iopadmap\$ypcb_00338_1p1_ddr3\.ddr3_dq\[48\]\$subcell\$IBUF.PAD (0:0:0) (0:0:0)),(INTERCONNECT \$iopadmap\$ypcb_00338_1p1_ddr3\.ddr3_dq\[48\]\$subcell\$OBUFT.OUT \$iopadmap\$ypcb_00338_1p1_ddr3\.ddr3_dq\[48\]\$subcell\$IBUF.PAD (0:0:0) (0:0:0))
dq_dqs_input,False,0.0,0.0,0.0,INTERCONNECT:$iopadmap$ypcb_00338_1p1_ddr3.ddr3_dq[49]$subcell$IBUF.PAD,(INTERCONNECT \$iopadmap\$ypcb_00338_1p1_ddr3\.ddr3_dq\[49\]\$subcell\$OBUFT.OUT \$iopadmap\$ypcb_00338_1p1_ddr3\.ddr3_dq\[49\]\$subcell\$IBUF.PAD (0:0:0) (0:0:0)),(INTERCONNECT \$iopadmap\$ypcb_00338_1p1_ddr3\.ddr3_dq\[49\]\$subcell\$OBUFT.OUT \$iopadmap\$ypcb_00338_1p1_ddr3\.ddr3_dq\[49\]\$subcell\$IBUF.PAD (0:0:0) (0:0:0))
dq_dqs_input,False,0.0,0.0,0.0,INTERCONNECT:$iopadmap$ypcb_00338_1p1_ddr3.ddr3_dq[50]$subcell$IBUF.PAD,(INTERCONNECT \$iopadmap\$ypcb_00338_1p1_ddr3\.ddr3_dq\[50\]\$subcell\$OBUFT.OUT \$iopadmap\$ypcb_00338_1p1_ddr3\.ddr3_dq\[50\]\$subcell\$IBUF.PAD (0:0:0) (0:0:0)),(INTERCONNECT \$iopadmap\$ypcb_00338_1p1_ddr3\.ddr3_dq\[50\]\$subcell\$OBUFT.OUT \$iopadmap\$ypcb_00338_1p1_ddr3\.ddr3_dq\[50\]\$subcell\$IBUF.PAD (0:0:0) (0:0:0))
dq_dqs_input,False,0.0,0.0,0.0,INTERCONNECT:$iopadmap$ypcb_00338_1p1_ddr3.ddr3_dq[51]$subcell$IBUF.PAD,(INTERCONNECT \$iopadmap\$ypcb_00338_1p1_ddr3\.ddr3_dq\[51\]\$subcell\$OBUFT.OUT \$iopadmap\$ypcb_00338_1p1_ddr3\.ddr3_dq\[51\]\$subcell\$IBUF.PAD (0:0:0) (0:0:0)),(INTERCONNECT \$iopadmap\$ypcb_00338_1p1_ddr3\.ddr3_dq\[51\]\$subcell\$OBUFT.OUT \$iopadmap\$ypcb_00338_1p1_ddr3\.ddr3_dq\[51\]\$subcell\$IBUF.PAD (0:0:0) (0:0:0))
dq_dqs_input,False,0.0,0.0,0.0,INTERCONNECT:$iopadmap$ypcb_00338_1p1_ddr3.ddr3_dq[52]$subcell$IBUF.PAD,(INTERCONNECT \$iopadmap\$ypcb_00338_1p1_ddr3\.ddr3_dq\[52\]\$subcell\$OBUFT.OUT \$iopadmap\$ypcb_00338_1p1_ddr3\.ddr3_dq\[52\]\$subcell\$IBUF.PAD (0:0:0) (0:0:0)),(INTERCONNECT \$iopadmap\$ypcb_00338_1p1_ddr3\.ddr3_dq\[52\]\$subcell\$OBUFT.OUT \$iopadmap\$ypcb_00338_1p1_ddr3\.ddr3_dq\[52\]\$subcell\$IBUF.PAD (0:0:0) (0:0:0))
dq_dqs_input,False,0.0,0.0,0.0,INTERCONNECT:$iopadmap$ypcb_00338_1p1_ddr3.ddr3_dq[53]$subcell$IBUF.PAD,(INTERCONNECT \$iopadmap\$ypcb_00338_1p1_ddr3\.ddr3_dq\[53\]\$subcell\$OBUFT.OUT \$iopadmap\$ypcb_00338_1p1_ddr3\.ddr3_dq\[53\]\$subcell\$IBUF.PAD (0:0:0) (0:0:0)),(INTERCONNECT \$iopadmap\$ypcb_00338_1p1_ddr3\.ddr3_dq\[53\]\$subcell\$OBUFT.OUT \$iopadmap\$ypcb_00338_1p1_ddr3\.ddr3_dq\[53\]\$subcell\$IBUF.PAD (0:0:0) (0:0:0))
dq_dqs_input,False,0.0,0.0,0.0,INTERCONNECT:$iopadmap$ypcb_00338_1p1_ddr3.ddr3_dq[54]$subcell$IBUF.PAD,(INTERCONNECT \$iopadmap\$ypcb_00338_1p1_ddr3\.ddr3_dq\[54\]\$subcell\$OBUFT.OUT \$iopadmap\$ypcb_00338_1p1_ddr3\.ddr3_dq\[54\]\$subcell\$IBUF.PAD (0:0:0) (0:0:0)),(INTERCONNECT \$iopadmap\$ypcb_00338_1p1_ddr3\.ddr3_dq\[54\]\$subcell\$OBUFT.OUT \$iopadmap\$ypcb_00338_1p1_ddr3\.ddr3_dq\[54\]\$subcell\$IBUF.PAD (0:0:0) (0:0:0))
dq_dqs_input,False,0.0,0.0,0.0,INTERCONNECT:$iopadmap$ypcb_00338_1p1_ddr3.ddr3_dq[55]$subcell$IBUF.PAD,(INTERCONNECT \$iopadmap\$ypcb_00338_1p1_ddr3\.ddr3_dq\[55\]\$subcell\$OBUFT.OUT \$iopadmap\$ypcb_00338_1p1_ddr3\.ddr3_dq\[55\]\$subcell\$IBUF.PAD (0:0:0) (0:0:0)),(INTERCONNECT \$iopadmap\$ypcb_00338_1p1_ddr3\.ddr3_dq\[55\]\$subcell\$OBUFT.OUT \$iopadmap\$ypcb_00338_1p1_ddr3\.ddr3_dq\[55\]\$subcell\$IBUF.PAD (0:0:0) (0:0:0))
dq_dqs_input,False,0.0,0.0,0.0,INTERCONNECT:$iopadmap$ypcb_00338_1p1_ddr3.ddr3_dq[56]$subcell$IBUF.PAD,(INTERCONNECT \$iopadmap\$ypcb_00338_1p1_ddr3\.ddr3_dq\[56\]\$subcell\$OBUFT.OUT \$iopadmap\$ypcb_00338_1p1_ddr3\.ddr3_dq\[56\]\$subcell\$IBUF.PAD (0:0:0) (0:0:0)),(INTERCONNECT \$iopadmap\$ypcb_00338_1p1_ddr3\.ddr3_dq\[56\]\$subcell\$OBUFT.OUT \$iopadmap\$ypcb_00338_1p1_ddr3\.ddr3_dq\[56\]\$subcell\$IBUF.PAD (0:0:0) (0:0:0))
dq_dqs_input,False,0.0,0.0,0.0,INTERCONNECT:$iopadmap$ypcb_00338_1p1_ddr3.ddr3_dq[57]$subcell$IBUF.PAD,(INTERCONNECT \$iopadmap\$ypcb_00338_1p1_ddr3\.ddr3_dq\[57\]\$subcell\$OBUFT.OUT \$iopadmap\$ypcb_00338_1p1_ddr3\.ddr3_dq\[57\]\$subcell\$IBUF.PAD (0:0:0) (0:0:0)),(INTERCONNECT \$iopadmap\$ypcb_00338_1p1_ddr3\.ddr3_dq\[57\]\$subcell\$OBUFT.OUT \$iopadmap\$ypcb_00338_1p1_ddr3\.ddr3_dq\[57\]\$subcell\$IBUF.PAD (0:0:0) (0:0:0))
dq_dqs_input,False,0.0,0.0,0.0,INTERCONNECT:$iopadmap$ypcb_00338_1p1_ddr3.ddr3_dq[58]$subcell$IBUF.PAD,(INTERCONNECT \$iopadmap\$ypcb_00338_1p1_ddr3\.ddr3_dq\[58\]\$subcell\$OBUFT.OUT \$iopadmap\$ypcb_00338_1p1_ddr3\.ddr3_dq\[58\]\$subcell\$IBUF.PAD (0:0:0) (0:0:0)),(INTERCONNECT \$iopadmap\$ypcb_00338_1p1_ddr3\.ddr3_dq\[58\]\$subcell\$OBUFT.OUT \$iopadmap\$ypcb_00338_1p1_ddr3\.ddr3_dq\[58\]\$subcell\$IBUF.PAD (0:0:0) (0:0:0))
dq_dqs_input,False,0.0,0.0,0.0,INTERCONNECT:$iopadmap$ypcb_00338_1p1_ddr3.ddr3_dq[59]$subcell$IBUF.PAD,(INTERCONNECT \$iopadmap\$ypcb_00338_1p1_ddr3\.ddr3_dq\[59\]\$subcell\$OBUFT.OUT \$iopadmap\$ypcb_00338_1p1_ddr3\.ddr3_dq\[59\]\$subcell\$IBUF.PAD (0:0:0) (0:0:0)),(INTERCONNECT \$iopadmap\$ypcb_00338_1p1_ddr3\.ddr3_dq\[59\]\$subcell\$OBUFT.OUT \$iopadmap\$ypcb_00338_1p1_ddr3\.ddr3_dq\[59\]\$subcell\$IBUF.PAD (0:0:0) (0:0:0))
dq_dqs_input,False,0.0,0.0,0.0,INTERCONNECT:$iopadmap$ypcb_00338_1p1_ddr3.ddr3_dq[60]$subcell$IBUF.PAD,(INTERCONNECT \$iopadmap\$ypcb_00338_1p1_ddr3\.ddr3_dq\[60\]\$subcell\$OBUFT.OUT \$iopadmap\$ypcb_00338_1p1_ddr3\.ddr3_dq\[60\]\$subcell\$IBUF.PAD (0:0:0) (0:0:0)),(INTERCONNECT \$iopadmap\$ypcb_00338_1p1_ddr3\.ddr3_dq\[60\]\$subcell\$OBUFT.OUT \$iopadmap\$ypcb_00338_1p1_ddr3\.ddr3_dq\[60\]\$subcell\$IBUF.PAD (0:0:0) (0:0:0))
dq_dqs_input,False,0.0,0.0,0.0,INTERCONNECT:$iopadmap$ypcb_00338_1p1_ddr3.ddr3_dq[61]$subcell$IBUF.PAD,(INTERCONNECT \$iopadmap\$ypcb_00338_1p1_ddr3\.ddr3_dq\[61\]\$subcell\$OBUFT.OUT \$iopadmap\$ypcb_00338_1p1_ddr3\.ddr3_dq\[61\]\$subcell\$IBUF.PAD (0:0:0) (0:0:0)),(INTERCONNECT \$iopadmap\$ypcb_00338_1p1_ddr3\.ddr3_dq\[61\]\$subcell\$OBUFT.OUT \$iopadmap\$ypcb_00338_1p1_ddr3\.ddr3_dq\[61\]\$subcell\$IBUF.PAD (0:0:0) (0:0:0))
dq_dqs_input,False,0.0,0.0,0.0,INTERCONNECT:$iopadmap$ypcb_00338_1p1_ddr3.ddr3_dq[62]$subcell$IBUF.PAD,(INTERCONNECT \$iopadmap\$ypcb_00338_1p1_ddr3\.ddr3_dq\[62\]\$subcell\$OBUFT.OUT \$iopadmap\$ypcb_00338_1p1_ddr3\.ddr3_dq\[62\]\$subcell\$IBUF.PAD (0:0:0) (0:0:0)),(INTERCONNECT \$iopadmap\$ypcb_00338_1p1_ddr3\.ddr3_dq\[62\]\$subcell\$OBUFT.OUT \$iopadmap\$ypcb_00338_1p1_ddr3\.ddr3_dq\[62\]\$subcell\$IBUF.PAD (0:0:0) (0:0:0))
dq_dqs_input,False,0.0,0.0,0.0,INTERCONNECT:$iopadmap$ypcb_00338_1p1_ddr3.ddr3_dq[63]$subcell$IBUF.PAD,(INTERCONNECT \$iopadmap\$ypcb_00338_1p1_ddr3\.ddr3_dq\[63\]\$subcell\$OBUFT.OUT \$iopadmap\$ypcb_00338_1p1_ddr3\.ddr3_dq\[63\]\$subcell\$IBUF.PAD (0:0:0) (0:0:0)),(INTERCONNECT \$iopadmap\$ypcb_00338_1p1_ddr3\.ddr3_dq\[63\]\$subcell\$OBUFT.OUT \$iopadmap\$ypcb_00338_1p1_ddr3\.ddr3_dq\[63\]\$subcell\$IBUF.PAD (0:0:0) (0:0:0))
dq_dqs_input,False,0.0,0.0,0.0,INTERCONNECT:$iopadmap$ypcb_00338_1p1_ddr3.ddr3_dqs_n[2]$subcell$IBUF.PAD,(INTERCONNECT \$iopadmap\$ypcb_00338_1p1_ddr3\.ddr3_dqs_n\[2\]\$subcell\$OBUFT.OUT \$iopadmap\$ypcb_00338_1p1_ddr3\.ddr3_dqs_n\[2\]\$subcell\$IBUF.PAD (0:0:0) (0:0:0)),(INTERCONNECT \$iopadmap\$ypcb_00338_1p1_ddr3\.ddr3_dqs_n\[2\]\$subcell\$OBUFT.OUT \$iopadmap\$ypcb_00338_1p1_ddr3\.ddr3_dqs_n\[2\]\$subcell\$IBUF.PAD (0:0:0) (0:0:0))
dq_dqs_input,False,0.0,0.0,0.0,INTERCONNECT:$iopadmap$ypcb_00338_1p1_ddr3.ddr3_dqs_n[3]$subcell$IBUF.PAD,(INTERCONNECT \$iopadmap\$ypcb_00338_1p1_ddr3\.ddr3_dqs_n\[3\]\$subcell\$OBUFT.OUT \$iopadmap\$ypcb_00338_1p1_ddr3\.ddr3_dqs_n\[3\]\$subcell\$IBUF.PAD (0:0:0) (0:0:0)),(INTERCONNECT \$iopadmap\$ypcb_00338_1p1_ddr3\.ddr3_dqs_n\[3\]\$subcell\$OBUFT.OUT \$iopadmap\$ypcb_00338_1p1_ddr3\.ddr3_dqs_n\[3\]\$subcell\$IBUF.PAD (0:0:0) (0:0:0))
dq_dqs_input,False,0.0,0.0,0.0,INTERCONNECT:$iopadmap$ypcb_00338_1p1_ddr3.ddr3_dqs_n[4]$subcell$IBUF.PAD,(INTERCONNECT \$iopadmap\$ypcb_00338_1p1_ddr3\.ddr3_dqs_n\[4\]\$subcell\$OBUFT.OUT \$iopadmap\$ypcb_00338_1p1_ddr3\.ddr3_dqs_n\[4\]\$subcell\$IBUF.PAD (0:0:0) (0:0:0)),(INTERCONNECT \$iopadmap\$ypcb_00338_1p1_ddr3\.ddr3_dqs_n\[4\]\$subcell\$OBUFT.OUT \$iopadmap\$ypcb_00338_1p1_ddr3\.ddr3_dqs_n\[4\]\$subcell\$IBUF.PAD (0:0:0) (0:0:0))
dq_dqs_input,False,0.0,0.0,0.0,INTERCONNECT:$iopadmap$ypcb_00338_1p1_ddr3.ddr3_dqs_n[5]$subcell$IBUF.PAD,(INTERCONNECT \$iopadmap\$ypcb_00338_1p1_ddr3\.ddr3_dqs_n\[5\]\$subcell\$OBUFT.OUT \$iopadmap\$ypcb_00338_1p1_ddr3\.ddr3_dqs_n\[5\]\$subcell\$IBUF.PAD (0:0:0) (0:0:0)),(INTERCONNECT \$iopadmap\$ypcb_00338_1p1_ddr3\.ddr3_dqs_n\[5\]\$subcell\$OBUFT.OUT \$iopadmap\$ypcb_00338_1p1_ddr3\.ddr3_dqs_n\[5\]\$subcell\$IBUF.PAD (0:0:0) (0:0:0))
dq_dqs_input,False,0.0,0.0,0.0,INTERCONNECT:$iopadmap$ypcb_00338_1p1_ddr3.ddr3_dqs_n[6]$subcell$IBUF.PAD,(INTERCONNECT \$iopadmap\$ypcb_00338_1p1_ddr3\.ddr3_dqs_n\[6\]\$subcell\$OBUFT.OUT \$iopadmap\$ypcb_00338_1p1_ddr3\.ddr3_dqs_n\[6\]\$subcell\$IBUF.PAD (0:0:0) (0:0:0)),(INTERCONNECT \$iopadmap\$ypcb_00338_1p1_ddr3\.ddr3_dqs_n\[6\]\$subcell\$OBUFT.OUT \$iopadmap\$ypcb_00338_1p1_ddr3\.ddr3_dqs_n\[6\]\$subcell\$IBUF.PAD (0:0:0) (0:0:0))
dq_dqs_input,False,0.0,0.0,0.0,INTERCONNECT:$iopadmap$ypcb_00338_1p1_ddr3.ddr3_dqs_n[7]$subcell$IBUF.PAD,(INTERCONNECT \$iopadmap\$ypcb_00338_1p1_ddr3\.ddr3_dqs_n\[7\]\$subcell\$OBUFT.OUT \$iopadmap\$ypcb_00338_1p1_ddr3\.ddr3_dqs_n\[7\]\$subcell\$IBUF.PAD (0:0:0) (0:0:0)),(INTERCONNECT \$iopadmap\$ypcb_00338_1p1_ddr3\.ddr3_dqs_n\[7\]\$subcell\$OBUFT.OUT \$iopadmap\$ypcb_00338_1p1_ddr3\.ddr3_dqs_n\[7\]\$subcell\$IBUF.PAD (0:0:0) (0:0:0))
dq_dqs_input,False,0.0,0.0,0.0,INTERCONNECT:$iopadmap$ypcb_00338_1p1_ddr3.ddr3_dqs_p[2]$subcell$IBUF.PAD,(INTERCONNECT \$iopadmap\$ypcb_00338_1p1_ddr3\.ddr3_dqs_p\[2\]\$subcell\$OBUFT.OUT \$iopadmap\$ypcb_00338_1p1_ddr3\.ddr3_dqs_p\[2\]\$subcell\$IBUF.PAD (0:0:0) (0:0:0)),(INTERCONNECT \$iopadmap\$ypcb_00338_1p1_ddr3\.ddr3_dqs_p\[2\]\$subcell\$OBUFT.OUT \$iopadmap\$ypcb_00338_1p1_ddr3\.ddr3_dqs_p\[2\]\$subcell\$IBUF.PAD (0:0:0) (0:0:0))
dq_dqs_input,False,0.0,0.0,0.0,INTERCONNECT:$iopadmap$ypcb_00338_1p1_ddr3.ddr3_dqs_p[3]$subcell$IBUF.PAD,(INTERCONNECT \$iopadmap\$ypcb_00338_1p1_ddr3\.ddr3_dqs_p\[3\]\$subcell\$OBUFT.OUT \$iopadmap\$ypcb_00338_1p1_ddr3\.ddr3_dqs_p\[3\]\$subcell\$IBUF.PAD (0:0:0) (0:0:0)),(INTERCONNECT \$iopadmap\$ypcb_00338_1p1_ddr3\.ddr3_dqs_p\[3\]\$subcell\$OBUFT.OUT \$iopadmap\$ypcb_00338_1p1_ddr3\.ddr3_dqs_p\[3\]\$subcell\$IBUF.PAD (0:0:0) (0:0:0))
dq_dqs_input,False,0.0,0.0,0.0,INTERCONNECT:$iopadmap$ypcb_00338_1p1_ddr3.ddr3_dqs_p[4]$subcell$IBUF.PAD,(INTERCONNECT \$iopadmap\$ypcb_00338_1p1_ddr3\.ddr3_dqs_p\[4\]\$subcell\$OBUFT.OUT \$iopadmap\$ypcb_00338_1p1_ddr3\.ddr3_dqs_p\[4\]\$subcell\$IBUF.PAD (0:0:0) (0:0:0)),(INTERCONNECT \$iopadmap\$ypcb_00338_1p1_ddr3\.ddr3_dqs_p\[4\]\$subcell\$OBUFT.OUT \$iopadmap\$ypcb_00338_1p1_ddr3\.ddr3_dqs_p\[4\]\$subcell\$IBUF.PAD (0:0:0) (0:0:0))
dq_dqs_input,False,0.0,0.0,0.0,INTERCONNECT:$iopadmap$ypcb_00338_1p1_ddr3.ddr3_dqs_p[5]$subcell$IBUF.PAD,(INTERCONNECT \$iopadmap\$ypcb_00338_1p1_ddr3\.ddr3_dqs_p\[5\]\$subcell\$OBUFT.OUT \$iopadmap\$ypcb_00338_1p1_ddr3\.ddr3_dqs_p\[5\]\$subcell\$IBUF.PAD (0:0:0) (0:0:0)),(INTERCONNECT \$iopadmap\$ypcb_00338_1p1_ddr3\.ddr3_dqs_p\[5\]\$subcell\$OBUFT.OUT \$iopadmap\$ypcb_00338_1p1_ddr3\.ddr3_dqs_p\[5\]\$subcell\$IBUF.PAD (0:0:0) (0:0:0))
dq_dqs_input,False,0.0,0.0,0.0,INTERCONNECT:$iopadmap$ypcb_00338_1p1_ddr3.ddr3_dqs_p[6]$subcell$IBUF.PAD,(INTERCONNECT \$iopadmap\$ypcb_00338_1p1_ddr3\.ddr3_dqs_p\[6\]\$subcell\$OBUFT.OUT \$iopadmap\$ypcb_00338_1p1_ddr3\.ddr3_dqs_p\[6\]\$subcell\$IBUF.PAD (0:0:0) (0:0:0)),(INTERCONNECT \$iopadmap\$ypcb_00338_1p1_ddr3\.ddr3_dqs_p\[6\]\$subcell\$OBUFT.OUT \$iopadmap\$ypcb_00338_1p1_ddr3\.ddr3_dqs_p\[6\]\$subcell\$IBUF.PAD (0:0:0) (0:0:0))
dq_dqs_input,False,0.0,0.0,0.0,INTERCONNECT:$iopadmap$ypcb_00338_1p1_ddr3.ddr3_dqs_p[7]$subcell$IBUF.PAD,(INTERCONNECT \$iopadmap\$ypcb_00338_1p1_ddr3\.ddr3_dqs_p\[7\]\$subcell\$OBUFT.OUT \$iopadmap\$ypcb_00338_1p1_ddr3\.ddr3_dqs_p\[7\]\$subcell\$IBUF.PAD (0:0:0) (0:0:0)),(INTERCONNECT \$iopadmap\$ypcb_00338_1p1_ddr3\.ddr3_dqs_p\[7\]\$subcell\$OBUFT.OUT \$iopadmap\$ypcb_00338_1p1_ddr3\.ddr3_dqs_p\[7\]\$subcell\$IBUF.PAD (0:0:0) (0:0:0))
dq_dqs_input,False,0.0,0.0,0.0,INTERCONNECT:ddr3_dq[0].PAD,(INTERCONNECT ddr3_top_inst\.ddr3_phy_inst\.genblk5\[0\]\.genblk1\.IOBUF_data\$subcell\$OBUFT.OUT ddr3_dq\[0\].PAD (0:0:0) (0:0:0)),(INTERCONNECT ddr3_top_inst\.ddr3_phy_inst\.genblk5\[0\]\.genblk1\.IOBUF_data\$subcell\$OBUFT.OUT ddr3_dq\[0\].PAD (0:0:0) (0:0:0))
dq_dqs_input,False,0.0,0.0,0.0,INTERCONNECT:ddr3_dq[10].PAD,(INTERCONNECT ddr3_top_inst\.ddr3_phy_inst\.genblk5\[10\]\.genblk1\.IOBUF_data\$subcell\$OBUFT.OUT ddr3_dq\[10\].PAD (0:0:0) (0:0:0)),(INTERCONNECT ddr3_top_inst\.ddr3_phy_inst\.genblk5\[10\]\.genblk1\.IOBUF_data\$subcell\$OBUFT.OUT ddr3_dq\[10\].PAD (0:0:0) (0:0:0))
dq_dqs_input,False,0.0,0.0,0.0,INTERCONNECT:ddr3_dq[11].PAD,(INTERCONNECT ddr3_top_inst\.ddr3_phy_inst\.genblk5\[11\]\.genblk1\.IOBUF_data\$subcell\$OBUFT.OUT ddr3_dq\[11\].PAD (0:0:0) (0:0:0)),(INTERCONNECT ddr3_top_inst\.ddr3_phy_inst\.genblk5\[11\]\.genblk1\.IOBUF_data\$subcell\$OBUFT.OUT ddr3_dq\[11\].PAD (0:0:0) (0:0:0))
dq_dqs_input,False,0.0,0.0,0.0,INTERCONNECT:ddr3_dq[12].PAD,(INTERCONNECT ddr3_top_inst\.ddr3_phy_inst\.genblk5\[12\]\.genblk1\.IOBUF_data\$subcell\$OBUFT.OUT ddr3_dq\[12\].PAD (0:0:0) (0:0:0)),(INTERCONNECT ddr3_top_inst\.ddr3_phy_inst\.genblk5\[12\]\.genblk1\.IOBUF_data\$subcell\$OBUFT.OUT ddr3_dq\[12\].PAD (0:0:0) (0:0:0))
dq_dqs_input,False,0.0,0.0,0.0,INTERCONNECT:ddr3_dq[13].PAD,(INTERCONNECT ddr3_top_inst\.ddr3_phy_inst\.genblk5\[13\]\.genblk1\.IOBUF_data\$subcell\$OBUFT.OUT ddr3_dq\[13\].PAD (0:0:0) (0:0:0)),(INTERCONNECT ddr3_top_inst\.ddr3_phy_inst\.genblk5\[13\]\.genblk1\.IOBUF_data\$subcell\$OBUFT.OUT ddr3_dq\[13\].PAD (0:0:0) (0:0:0))
dq_dqs_input,False,0.0,0.0,0.0,INTERCONNECT:ddr3_dq[14].PAD,(INTERCONNECT ddr3_top_inst\.ddr3_phy_inst\.genblk5\[14\]\.genblk1\.IOBUF_data\$subcell\$OBUFT.OUT ddr3_dq\[14\].PAD (0:0:0) (0:0:0)),(INTERCONNECT ddr3_top_inst\.ddr3_phy_inst\.genblk5\[14\]\.genblk1\.IOBUF_data\$subcell\$OBUFT.OUT ddr3_dq\[14\].PAD (0:0:0) (0:0:0))
dq_dqs_input,False,0.0,0.0,0.0,INTERCONNECT:ddr3_dq[15].PAD,(INTERCONNECT ddr3_top_inst\.ddr3_phy_inst\.genblk5\[15\]\.genblk1\.IOBUF_data\$subcell\$OBUFT.OUT ddr3_dq\[15\].PAD (0:0:0) (0:0:0)),(INTERCONNECT ddr3_top_inst\.ddr3_phy_inst\.genblk5\[15\]\.genblk1\.IOBUF_data\$subcell\$OBUFT.OUT ddr3_dq\[15\].PAD (0:0:0) (0:0:0))
dq_dqs_input,False,0.0,0.0,0.0,INTERCONNECT:ddr3_dq[16].PAD,(INTERCONNECT \$iopadmap\$ypcb_00338_1p1_ddr3\.ddr3_dq\[16\]\$subcell\$OBUFT.OUT ddr3_dq\[16\].PAD (0:0:0) (0:0:0)),(INTERCONNECT \$iopadmap\$ypcb_00338_1p1_ddr3\.ddr3_dq\[16\]\$subcell\$OBUFT.OUT ddr3_dq\[16\].PAD (0:0:0) (0:0:0))
dq_dqs_input,False,0.0,0.0,0.0,INTERCONNECT:ddr3_dq[17].PAD,(INTERCONNECT \$iopadmap\$ypcb_00338_1p1_ddr3\.ddr3_dq\[17\]\$subcell\$OBUFT.OUT ddr3_dq\[17\].PAD (0:0:0) (0:0:0)),(INTERCONNECT \$iopadmap\$ypcb_00338_1p1_ddr3\.ddr3_dq\[17\]\$subcell\$OBUFT.OUT ddr3_dq\[17\].PAD (0:0:0) (0:0:0))
dq_dqs_input,False,0.0,0.0,0.0,INTERCONNECT:ddr3_dq[18].PAD,(INTERCONNECT \$iopadmap\$ypcb_00338_1p1_ddr3\.ddr3_dq\[18\]\$subcell\$OBUFT.OUT ddr3_dq\[18\].PAD (0:0:0) (0:0:0)),(INTERCONNECT \$iopadmap\$ypcb_00338_1p1_ddr3\.ddr3_dq\[18\]\$subcell\$OBUFT.OUT ddr3_dq\[18\].PAD (0:0:0) (0:0:0))
dq_dqs_input,False,0.0,0.0,0.0,INTERCONNECT:ddr3_dq[19].PAD,(INTERCONNECT \$iopadmap\$ypcb_00338_1p1_ddr3\.ddr3_dq\[19\]\$subcell\$OBUFT.OUT ddr3_dq\[19\].PAD (0:0:0) (0:0:0)),(INTERCONNECT \$iopadmap\$ypcb_00338_1p1_ddr3\.ddr3_dq\[19\]\$subcell\$OBUFT.OUT ddr3_dq\[19\].PAD (0:0:0) (0:0:0))
dq_dqs_input,False,0.0,0.0,0.0,INTERCONNECT:ddr3_dq[1].PAD,(INTERCONNECT ddr3_top_inst\.ddr3_phy_inst\.genblk5\[1\]\.genblk1\.IOBUF_data\$subcell\$OBUFT.OUT ddr3_dq\[1\].PAD (0:0:0) (0:0:0)),(INTERCONNECT ddr3_top_inst\.ddr3_phy_inst\.genblk5\[1\]\.genblk1\.IOBUF_data\$subcell\$OBUFT.OUT ddr3_dq\[1\].PAD (0:0:0) (0:0:0))
dq_dqs_input,False,0.0,0.0,0.0,INTERCONNECT:ddr3_dq[20].PAD,(INTERCONNECT \$iopadmap\$ypcb_00338_1p1_ddr3\.ddr3_dq\[20\]\$subcell\$OBUFT.OUT ddr3_dq\[20\].PAD (0:0:0) (0:0:0)),(INTERCONNECT \$iopadmap\$ypcb_00338_1p1_ddr3\.ddr3_dq\[20\]\$subcell\$OBUFT.OUT ddr3_dq\[20\].PAD (0:0:0) (0:0:0))
dq_dqs_input,False,0.0,0.0,0.0,INTERCONNECT:ddr3_dq[21].PAD,(INTERCONNECT \$iopadmap\$ypcb_00338_1p1_ddr3\.ddr3_dq\[21\]\$subcell\$OBUFT.OUT ddr3_dq\[21\].PAD (0:0:0) (0:0:0)),(INTERCONNECT \$iopadmap\$ypcb_00338_1p1_ddr3\.ddr3_dq\[21\]\$subcell\$OBUFT.OUT ddr3_dq\[21\].PAD (0:0:0) (0:0:0))
dq_dqs_input,False,0.0,0.0,0.0,INTERCONNECT:ddr3_dq[22].PAD,(INTERCONNECT \$iopadmap\$ypcb_00338_1p1_ddr3\.ddr3_dq\[22\]\$subcell\$OBUFT.OUT ddr3_dq\[22\].PAD (0:0:0) (0:0:0)),(INTERCONNECT \$iopadmap\$ypcb_00338_1p1_ddr3\.ddr3_dq\[22\]\$subcell\$OBUFT.OUT ddr3_dq\[22\].PAD (0:0:0) (0:0:0))
dq_dqs_input,False,0.0,0.0,0.0,INTERCONNECT:ddr3_dq[23].PAD,(INTERCONNECT \$iopadmap\$ypcb_00338_1p1_ddr3\.ddr3_dq\[23\]\$subcell\$OBUFT.OUT ddr3_dq\[23\].PAD (0:0:0) (0:0:0)),(INTERCONNECT \$iopadmap\$ypcb_00338_1p1_ddr3\.ddr3_dq\[23\]\$subcell\$OBUFT.OUT ddr3_dq\[23\].PAD (0:0:0) (0:0:0))
dq_dqs_input,False,0.0,0.0,0.0,INTERCONNECT:ddr3_dq[24].PAD,(INTERCONNECT \$iopadmap\$ypcb_00338_1p1_ddr3\.ddr3_dq\[24\]\$subcell\$OBUFT.OUT ddr3_dq\[24\].PAD (0:0:0) (0:0:0)),(INTERCONNECT \$iopadmap\$ypcb_00338_1p1_ddr3\.ddr3_dq\[24\]\$subcell\$OBUFT.OUT ddr3_dq\[24\].PAD (0:0:0) (0:0:0))
dq_dqs_input,False,0.0,0.0,0.0,INTERCONNECT:ddr3_dq[25].PAD,(INTERCONNECT \$iopadmap\$ypcb_00338_1p1_ddr3\.ddr3_dq\[25\]\$subcell\$OBUFT.OUT ddr3_dq\[25\].PAD (0:0:0) (0:0:0)),(INTERCONNECT \$iopadmap\$ypcb_00338_1p1_ddr3\.ddr3_dq\[25\]\$subcell\$OBUFT.OUT ddr3_dq\[25\].PAD (0:0:0) (0:0:0))
dq_dqs_input,False,0.0,0.0,0.0,INTERCONNECT:ddr3_dq[26].PAD,(INTERCONNECT \$iopadmap\$ypcb_00338_1p1_ddr3\.ddr3_dq\[26\]\$subcell\$OBUFT.OUT ddr3_dq\[26\].PAD (0:0:0) (0:0:0)),(INTERCONNECT \$iopadmap\$ypcb_00338_1p1_ddr3\.ddr3_dq\[26\]\$subcell\$OBUFT.OUT ddr3_dq\[26\].PAD (0:0:0) (0:0:0))
dq_dqs_input,False,0.0,0.0,0.0,INTERCONNECT:ddr3_dq[27].PAD,(INTERCONNECT \$iopadmap\$ypcb_00338_1p1_ddr3\.ddr3_dq\[27\]\$subcell\$OBUFT.OUT ddr3_dq\[27\].PAD (0:0:0) (0:0:0)),(INTERCONNECT \$iopadmap\$ypcb_00338_1p1_ddr3\.ddr3_dq\[27\]\$subcell\$OBUFT.OUT ddr3_dq\[27\].PAD (0:0:0) (0:0:0))
dq_dqs_input,False,0.0,0.0,0.0,INTERCONNECT:ddr3_dq[28].PAD,(INTERCONNECT \$iopadmap\$ypcb_00338_1p1_ddr3\.ddr3_dq\[28\]\$subcell\$OBUFT.OUT ddr3_dq\[28\].PAD (0:0:0) (0:0:0)),(INTERCONNECT \$iopadmap\$ypcb_00338_1p1_ddr3\.ddr3_dq\[28\]\$subcell\$OBUFT.OUT ddr3_dq\[28\].PAD (0:0:0) (0:0:0))
dq_dqs_input,False,0.0,0.0,0.0,INTERCONNECT:ddr3_dq[29].PAD,(INTERCONNECT \$iopadmap\$ypcb_00338_1p1_ddr3\.ddr3_dq\[29\]\$subcell\$OBUFT.OUT ddr3_dq\[29\].PAD (0:0:0) (0:0:0)),(INTERCONNECT \$iopadmap\$ypcb_00338_1p1_ddr3\.ddr3_dq\[29\]\$subcell\$OBUFT.OUT ddr3_dq\[29\].PAD (0:0:0) (0:0:0))
dq_dqs_input,False,0.0,0.0,0.0,INTERCONNECT:ddr3_dq[2].PAD,(INTERCONNECT ddr3_top_inst\.ddr3_phy_inst\.genblk5\[2\]\.genblk1\.IOBUF_data\$subcell\$OBUFT.OUT ddr3_dq\[2\].PAD (0:0:0) (0:0:0)),(INTERCONNECT ddr3_top_inst\.ddr3_phy_inst\.genblk5\[2\]\.genblk1\.IOBUF_data\$subcell\$OBUFT.OUT ddr3_dq\[2\].PAD (0:0:0) (0:0:0))
dq_dqs_input,False,0.0,0.0,0.0,INTERCONNECT:ddr3_dq[30].PAD,(INTERCONNECT \$iopadmap\$ypcb_00338_1p1_ddr3\.ddr3_dq\[30\]\$subcell\$OBUFT.OUT ddr3_dq\[30\].PAD (0:0:0) (0:0:0)),(INTERCONNECT \$iopadmap\$ypcb_00338_1p1_ddr3\.ddr3_dq\[30\]\$subcell\$OBUFT.OUT ddr3_dq\[30\].PAD (0:0:0) (0:0:0))
dq_dqs_input,False,0.0,0.0,0.0,INTERCONNECT:ddr3_dq[31].PAD,(INTERCONNECT \$iopadmap\$ypcb_00338_1p1_ddr3\.ddr3_dq\[31\]\$subcell\$OBUFT.OUT ddr3_dq\[31\].PAD (0:0:0) (0:0:0)),(INTERCONNECT \$iopadmap\$ypcb_00338_1p1_ddr3\.ddr3_dq\[31\]\$subcell\$OBUFT.OUT ddr3_dq\[31\].PAD (0:0:0) (0:0:0))
dq_dqs_input,False,0.0,0.0,0.0,INTERCONNECT:ddr3_dq[32].PAD,(INTERCONNECT \$iopadmap\$ypcb_00338_1p1_ddr3\.ddr3_dq\[32\]\$subcell\$OBUFT.OUT ddr3_dq\[32\].PAD (0:0:0) (0:0:0)),(INTERCONNECT \$iopadmap\$ypcb_00338_1p1_ddr3\.ddr3_dq\[32\]\$subcell\$OBUFT.OUT ddr3_dq\[32\].PAD (0:0:0) (0:0:0))
dq_dqs_input,False,0.0,0.0,0.0,INTERCONNECT:ddr3_dq[33].PAD,(INTERCONNECT \$iopadmap\$ypcb_00338_1p1_ddr3\.ddr3_dq\[33\]\$subcell\$OBUFT.OUT ddr3_dq\[33\].PAD (0:0:0) (0:0:0)),(INTERCONNECT \$iopadmap\$ypcb_00338_1p1_ddr3\.ddr3_dq\[33\]\$subcell\$OBUFT.OUT ddr3_dq\[33\].PAD (0:0:0) (0:0:0))
dq_dqs_input,False,0.0,0.0,0.0,INTERCONNECT:ddr3_dq[34].PAD,(INTERCONNECT \$iopadmap\$ypcb_00338_1p1_ddr3\.ddr3_dq\[34\]\$subcell\$OBUFT.OUT ddr3_dq\[34\].PAD (0:0:0) (0:0:0)),(INTERCONNECT \$iopadmap\$ypcb_00338_1p1_ddr3\.ddr3_dq\[34\]\$subcell\$OBUFT.OUT ddr3_dq\[34\].PAD (0:0:0) (0:0:0))
dq_dqs_input,False,0.0,0.0,0.0,INTERCONNECT:ddr3_dq[35].PAD,(INTERCONNECT \$iopadmap\$ypcb_00338_1p1_ddr3\.ddr3_dq\[35\]\$subcell\$OBUFT.OUT ddr3_dq\[35\].PAD (0:0:0) (0:0:0)),(INTERCONNECT \$iopadmap\$ypcb_00338_1p1_ddr3\.ddr3_dq\[35\]\$subcell\$OBUFT.OUT ddr3_dq\[35\].PAD (0:0:0) (0:0:0))
dq_dqs_input,False,0.0,0.0,0.0,INTERCONNECT:ddr3_dq[36].PAD,(INTERCONNECT \$iopadmap\$ypcb_00338_1p1_ddr3\.ddr3_dq\[36\]\$subcell\$OBUFT.OUT ddr3_dq\[36\].PAD (0:0:0) (0:0:0)),(INTERCONNECT \$iopadmap\$ypcb_00338_1p1_ddr3\.ddr3_dq\[36\]\$subcell\$OBUFT.OUT ddr3_dq\[36\].PAD (0:0:0) (0:0:0))
dq_dqs_input,False,0.0,0.0,0.0,INTERCONNECT:ddr3_dq[37].PAD,(INTERCONNECT \$iopadmap\$ypcb_00338_1p1_ddr3\.ddr3_dq\[37\]\$subcell\$OBUFT.OUT ddr3_dq\[37\].PAD (0:0:0) (0:0:0)),(INTERCONNECT \$iopadmap\$ypcb_00338_1p1_ddr3\.ddr3_dq\[37\]\$subcell\$OBUFT.OUT ddr3_dq\[37\].PAD (0:0:0) (0:0:0))
dq_dqs_input,False,0.0,0.0,0.0,INTERCONNECT:ddr3_dq[38].PAD,(INTERCONNECT \$iopadmap\$ypcb_00338_1p1_ddr3\.ddr3_dq\[38\]\$subcell\$OBUFT.OUT ddr3_dq\[38\].PAD (0:0:0) (0:0:0)),(INTERCONNECT \$iopadmap\$ypcb_00338_1p1_ddr3\.ddr3_dq\[38\]\$subcell\$OBUFT.OUT ddr3_dq\[38\].PAD (0:0:0) (0:0:0))
dq_dqs_input,False,0.0,0.0,0.0,INTERCONNECT:ddr3_dq[39].PAD,(INTERCONNECT \$iopadmap\$ypcb_00338_1p1_ddr3\.ddr3_dq\[39\]\$subcell\$OBUFT.OUT ddr3_dq\[39\].PAD (0:0:0) (0:0:0)),(INTERCONNECT \$iopadmap\$ypcb_00338_1p1_ddr3\.ddr3_dq\[39\]\$subcell\$OBUFT.OUT ddr3_dq\[39\].PAD (0:0:0) (0:0:0))
dq_dqs_input,False,0.0,0.0,0.0,INTERCONNECT:ddr3_dq[3].PAD,(INTERCONNECT ddr3_top_inst\.ddr3_phy_inst\.genblk5\[3\]\.genblk1\.IOBUF_data\$subcell\$OBUFT.OUT ddr3_dq\[3\].PAD (0:0:0) (0:0:0)),(INTERCONNECT ddr3_top_inst\.ddr3_phy_inst\.genblk5\[3\]\.genblk1\.IOBUF_data\$subcell\$OBUFT.OUT ddr3_dq\[3\].PAD (0:0:0) (0:0:0))
dq_dqs_input,False,0.0,0.0,0.0,INTERCONNECT:ddr3_dq[40].PAD,(INTERCONNECT \$iopadmap\$ypcb_00338_1p1_ddr3\.ddr3_dq\[40\]\$subcell\$OBUFT.OUT ddr3_dq\[40\].PAD (0:0:0) (0:0:0)),(INTERCONNECT \$iopadmap\$ypcb_00338_1p1_ddr3\.ddr3_dq\[40\]\$subcell\$OBUFT.OUT ddr3_dq\[40\].PAD (0:0:0) (0:0:0))
dq_dqs_input,False,0.0,0.0,0.0,INTERCONNECT:ddr3_dq[41].PAD,(INTERCONNECT \$iopadmap\$ypcb_00338_1p1_ddr3\.ddr3_dq\[41\]\$subcell\$OBUFT.OUT ddr3_dq\[41\].PAD (0:0:0) (0:0:0)),(INTERCONNECT \$iopadmap\$ypcb_00338_1p1_ddr3\.ddr3_dq\[41\]\$subcell\$OBUFT.OUT ddr3_dq\[41\].PAD (0:0:0) (0:0:0))
dq_dqs_input,False,0.0,0.0,0.0,INTERCONNECT:ddr3_dq[42].PAD,(INTERCONNECT \$iopadmap\$ypcb_00338_1p1_ddr3\.ddr3_dq\[42\]\$subcell\$OBUFT.OUT ddr3_dq\[42\].PAD (0:0:0) (0:0:0)),(INTERCONNECT \$iopadmap\$ypcb_00338_1p1_ddr3\.ddr3_dq\[42\]\$subcell\$OBUFT.OUT ddr3_dq\[42\].PAD (0:0:0) (0:0:0))
dq_dqs_input,False,0.0,0.0,0.0,INTERCONNECT:ddr3_dq[43].PAD,(INTERCONNECT \$iopadmap\$ypcb_00338_1p1_ddr3\.ddr3_dq\[43\]\$subcell\$OBUFT.OUT ddr3_dq\[43\].PAD (0:0:0) (0:0:0)),(INTERCONNECT \$iopadmap\$ypcb_00338_1p1_ddr3\.ddr3_dq\[43\]\$subcell\$OBUFT.OUT ddr3_dq\[43\].PAD (0:0:0) (0:0:0))
dq_dqs_input,False,0.0,0.0,0.0,INTERCONNECT:ddr3_dq[44].PAD,(INTERCONNECT \$iopadmap\$ypcb_00338_1p1_ddr3\.ddr3_dq\[44\]\$subcell\$OBUFT.OUT ddr3_dq\[44\].PAD (0:0:0) (0:0:0)),(INTERCONNECT \$iopadmap\$ypcb_00338_1p1_ddr3\.ddr3_dq\[44\]\$subcell\$OBUFT.OUT ddr3_dq\[44\].PAD (0:0:0) (0:0:0))
dq_dqs_input,False,0.0,0.0,0.0,INTERCONNECT:ddr3_dq[45].PAD,(INTERCONNECT \$iopadmap\$ypcb_00338_1p1_ddr3\.ddr3_dq\[45\]\$subcell\$OBUFT.OUT ddr3_dq\[45\].PAD (0:0:0) (0:0:0)),(INTERCONNECT \$iopadmap\$ypcb_00338_1p1_ddr3\.ddr3_dq\[45\]\$subcell\$OBUFT.OUT ddr3_dq\[45\].PAD (0:0:0) (0:0:0))
dq_dqs_input,False,0.0,0.0,0.0,INTERCONNECT:ddr3_dq[46].PAD,(INTERCONNECT \$iopadmap\$ypcb_00338_1p1_ddr3\.ddr3_dq\[46\]\$subcell\$OBUFT.OUT ddr3_dq\[46\].PAD (0:0:0) (0:0:0)),(INTERCONNECT \$iopadmap\$ypcb_00338_1p1_ddr3\.ddr3_dq\[46\]\$subcell\$OBUFT.OUT ddr3_dq\[46\].PAD (0:0:0) (0:0:0))
dq_dqs_input,False,0.0,0.0,0.0,INTERCONNECT:ddr3_dq[47].PAD,(INTERCONNECT \$iopadmap\$ypcb_00338_1p1_ddr3\.ddr3_dq\[47\]\$subcell\$OBUFT.OUT ddr3_dq\[47\].PAD (0:0:0) (0:0:0)),(INTERCONNECT \$iopadmap\$ypcb_00338_1p1_ddr3\.ddr3_dq\[47\]\$subcell\$OBUFT.OUT ddr3_dq\[47\].PAD (0:0:0) (0:0:0))
dq_dqs_input,False,0.0,0.0,0.0,INTERCONNECT:ddr3_dq[48].PAD,(INTERCONNECT \$iopadmap\$ypcb_00338_1p1_ddr3\.ddr3_dq\[48\]\$subcell\$OBUFT.OUT ddr3_dq\[48\].PAD (0:0:0) (0:0:0)),(INTERCONNECT \$iopadmap\$ypcb_00338_1p1_ddr3\.ddr3_dq\[48\]\$subcell\$OBUFT.OUT ddr3_dq\[48\].PAD (0:0:0) (0:0:0))
dq_dqs_input,False,0.0,0.0,0.0,INTERCONNECT:ddr3_dq[49].PAD,(INTERCONNECT \$iopadmap\$ypcb_00338_1p1_ddr3\.ddr3_dq\[49\]\$subcell\$OBUFT.OUT ddr3_dq\[49\].PAD (0:0:0) (0:0:0)),(INTERCONNECT \$iopadmap\$ypcb_00338_1p1_ddr3\.ddr3_dq\[49\]\$subcell\$OBUFT.OUT ddr3_dq\[49\].PAD (0:0:0) (0:0:0))
dq_dqs_input,False,0.0,0.0,0.0,INTERCONNECT:ddr3_dq[4].PAD,(INTERCONNECT ddr3_top_inst\.ddr3_phy_inst\.genblk5\[4\]\.genblk1\.IOBUF_data\$subcell\$OBUFT.OUT ddr3_dq\[4\].PAD (0:0:0) (0:0:0)),(INTERCONNECT ddr3_top_inst\.ddr3_phy_inst\.genblk5\[4\]\.genblk1\.IOBUF_data\$subcell\$OBUFT.OUT ddr3_dq\[4\].PAD (0:0:0) (0:0:0))
dq_dqs_input,False,0.0,0.0,0.0,INTERCONNECT:ddr3_dq[50].PAD,(INTERCONNECT \$iopadmap\$ypcb_00338_1p1_ddr3\.ddr3_dq\[50\]\$subcell\$OBUFT.OUT ddr3_dq\[50\].PAD (0:0:0) (0:0:0)),(INTERCONNECT \$iopadmap\$ypcb_00338_1p1_ddr3\.ddr3_dq\[50\]\$subcell\$OBUFT.OUT ddr3_dq\[50\].PAD (0:0:0) (0:0:0))
dq_dqs_input,False,0.0,0.0,0.0,INTERCONNECT:ddr3_dq[51].PAD,(INTERCONNECT \$iopadmap\$ypcb_00338_1p1_ddr3\.ddr3_dq\[51\]\$subcell\$OBUFT.OUT ddr3_dq\[51\].PAD (0:0:0) (0:0:0)),(INTERCONNECT \$iopadmap\$ypcb_00338_1p1_ddr3\.ddr3_dq\[51\]\$subcell\$OBUFT.OUT ddr3_dq\[51\].PAD (0:0:0) (0:0:0))
dq_dqs_input,False,0.0,0.0,0.0,INTERCONNECT:ddr3_dq[52].PAD,(INTERCONNECT \$iopadmap\$ypcb_00338_1p1_ddr3\.ddr3_dq\[52\]\$subcell\$OBUFT.OUT ddr3_dq\[52\].PAD (0:0:0) (0:0:0)),(INTERCONNECT \$iopadmap\$ypcb_00338_1p1_ddr3\.ddr3_dq\[52\]\$subcell\$OBUFT.OUT ddr3_dq\[52\].PAD (0:0:0) (0:0:0))
dq_dqs_input,False,0.0,0.0,0.0,INTERCONNECT:ddr3_dq[53].PAD,(INTERCONNECT \$iopadmap\$ypcb_00338_1p1_ddr3\.ddr3_dq\[53\]\$subcell\$OBUFT.OUT ddr3_dq\[53\].PAD (0:0:0) (0:0:0)),(INTERCONNECT \$iopadmap\$ypcb_00338_1p1_ddr3\.ddr3_dq\[53\]\$subcell\$OBUFT.OUT ddr3_dq\[53\].PAD (0:0:0) (0:0:0))
dq_dqs_input,False,0.0,0.0,0.0,INTERCONNECT:ddr3_dq[54].PAD,(INTERCONNECT \$iopadmap\$ypcb_00338_1p1_ddr3\.ddr3_dq\[54\]\$subcell\$OBUFT.OUT ddr3_dq\[54\].PAD (0:0:0) (0:0:0)),(INTERCONNECT \$iopadmap\$ypcb_00338_1p1_ddr3\.ddr3_dq\[54\]\$subcell\$OBUFT.OUT ddr3_dq\[54\].PAD (0:0:0) (0:0:0))
dq_dqs_input,False,0.0,0.0,0.0,INTERCONNECT:ddr3_dq[55].PAD,(INTERCONNECT \$iopadmap\$ypcb_00338_1p1_ddr3\.ddr3_dq\[55\]\$subcell\$OBUFT.OUT ddr3_dq\[55\].PAD (0:0:0) (0:0:0)),(INTERCONNECT \$iopadmap\$ypcb_00338_1p1_ddr3\.ddr3_dq\[55\]\$subcell\$OBUFT.OUT ddr3_dq\[55\].PAD (0:0:0) (0:0:0))
dq_dqs_input,False,0.0,0.0,0.0,INTERCONNECT:ddr3_dq[56].PAD,(INTERCONNECT \$iopadmap\$ypcb_00338_1p1_ddr3\.ddr3_dq\[56\]\$subcell\$OBUFT.OUT ddr3_dq\[56\].PAD (0:0:0) (0:0:0)),(INTERCONNECT \$iopadmap\$ypcb_00338_1p1_ddr3\.ddr3_dq\[56\]\$subcell\$OBUFT.OUT ddr3_dq\[56\].PAD (0:0:0) (0:0:0))
dq_dqs_input,False,0.0,0.0,0.0,INTERCONNECT:ddr3_dq[57].PAD,(INTERCONNECT \$iopadmap\$ypcb_00338_1p1_ddr3\.ddr3_dq\[57\]\$subcell\$OBUFT.OUT ddr3_dq\[57\].PAD (0:0:0) (0:0:0)),(INTERCONNECT \$iopadmap\$ypcb_00338_1p1_ddr3\.ddr3_dq\[57\]\$subcell\$OBUFT.OUT ddr3_dq\[57\].PAD (0:0:0) (0:0:0))
dq_dqs_input,False,0.0,0.0,0.0,INTERCONNECT:ddr3_dq[58].PAD,(INTERCONNECT \$iopadmap\$ypcb_00338_1p1_ddr3\.ddr3_dq\[58\]\$subcell\$OBUFT.OUT ddr3_dq\[58\].PAD (0:0:0) (0:0:0)),(INTERCONNECT \$iopadmap\$ypcb_00338_1p1_ddr3\.ddr3_dq\[58\]\$subcell\$OBUFT.OUT ddr3_dq\[58\].PAD (0:0:0) (0:0:0))
dq_dqs_input,False,0.0,0.0,0.0,INTERCONNECT:ddr3_dq[59].PAD,(INTERCONNECT \$iopadmap\$ypcb_00338_1p1_ddr3\.ddr3_dq\[59\]\$subcell\$OBUFT.OUT ddr3_dq\[59\].PAD (0:0:0) (0:0:0)),(INTERCONNECT \$iopadmap\$ypcb_00338_1p1_ddr3\.ddr3_dq\[59\]\$subcell\$OBUFT.OUT ddr3_dq\[59\].PAD (0:0:0) (0:0:0))
dq_dqs_input,False,0.0,0.0,0.0,INTERCONNECT:ddr3_dq[5].PAD,(INTERCONNECT ddr3_top_inst\.ddr3_phy_inst\.genblk5\[5\]\.genblk1\.IOBUF_data\$subcell\$OBUFT.OUT ddr3_dq\[5\].PAD (0:0:0) (0:0:0)),(INTERCONNECT ddr3_top_inst\.ddr3_phy_inst\.genblk5\[5\]\.genblk1\.IOBUF_data\$subcell\$OBUFT.OUT ddr3_dq\[5\].PAD (0:0:0) (0:0:0))
dq_dqs_input,False,0.0,0.0,0.0,INTERCONNECT:ddr3_dq[60].PAD,(INTERCONNECT \$iopadmap\$ypcb_00338_1p1_ddr3\.ddr3_dq\[60\]\$subcell\$OBUFT.OUT ddr3_dq\[60\].PAD (0:0:0) (0:0:0)),(INTERCONNECT \$iopadmap\$ypcb_00338_1p1_ddr3\.ddr3_dq\[60\]\$subcell\$OBUFT.OUT ddr3_dq\[60\].PAD (0:0:0) (0:0:0))
dq_dqs_input,False,0.0,0.0,0.0,INTERCONNECT:ddr3_dq[61].PAD,(INTERCONNECT \$iopadmap\$ypcb_00338_1p1_ddr3\.ddr3_dq\[61\]\$subcell\$OBUFT.OUT ddr3_dq\[61\].PAD (0:0:0) (0:0:0)),(INTERCONNECT \$iopadmap\$ypcb_00338_1p1_ddr3\.ddr3_dq\[61\]\$subcell\$OBUFT.OUT ddr3_dq\[61\].PAD (0:0:0) (0:0:0))
dq_dqs_input,False,0.0,0.0,0.0,INTERCONNECT:ddr3_dq[62].PAD,(INTERCONNECT \$iopadmap\$ypcb_00338_1p1_ddr3\.ddr3_dq\[62\]\$subcell\$OBUFT.OUT ddr3_dq\[62\].PAD (0:0:0) (0:0:0)),(INTERCONNECT \$iopadmap\$ypcb_00338_1p1_ddr3\.ddr3_dq\[62\]\$subcell\$OBUFT.OUT ddr3_dq\[62\].PAD (0:0:0) (0:0:0))
dq_dqs_input,False,0.0,0.0,0.0,INTERCONNECT:ddr3_dq[63].PAD,(INTERCONNECT \$iopadmap\$ypcb_00338_1p1_ddr3\.ddr3_dq\[63\]\$subcell\$OBUFT.OUT ddr3_dq\[63\].PAD (0:0:0) (0:0:0)),(INTERCONNECT \$iopadmap\$ypcb_00338_1p1_ddr3\.ddr3_dq\[63\]\$subcell\$OBUFT.OUT ddr3_dq\[63\].PAD (0:0:0) (0:0:0))
dq_dqs_input,False,0.0,0.0,0.0,INTERCONNECT:ddr3_dq[6].PAD,(INTERCONNECT ddr3_top_inst\.ddr3_phy_inst\.genblk5\[6\]\.genblk1\.IOBUF_data\$subcell\$OBUFT.OUT ddr3_dq\[6\].PAD (0:0:0) (0:0:0)),(INTERCONNECT ddr3_top_inst\.ddr3_phy_inst\.genblk5\[6\]\.genblk1\.IOBUF_data\$subcell\$OBUFT.OUT ddr3_dq\[6\].PAD (0:0:0) (0:0:0))
dq_dqs_input,False,0.0,0.0,0.0,INTERCONNECT:ddr3_dq[7].PAD,(INTERCONNECT ddr3_top_inst\.ddr3_phy_inst\.genblk5\[7\]\.genblk1\.IOBUF_data\$subcell\$OBUFT.OUT ddr3_dq\[7\].PAD (0:0:0) (0:0:0)),(INTERCONNECT ddr3_top_inst\.ddr3_phy_inst\.genblk5\[7\]\.genblk1\.IOBUF_data\$subcell\$OBUFT.OUT ddr3_dq\[7\].PAD (0:0:0) (0:0:0))
dq_dqs_input,False,0.0,0.0,0.0,INTERCONNECT:ddr3_dq[8].PAD,(INTERCONNECT ddr3_top_inst\.ddr3_phy_inst\.genblk5\[8\]\.genblk1\.IOBUF_data\$subcell\$OBUFT.OUT ddr3_dq\[8\].PAD (0:0:0) (0:0:0)),(INTERCONNECT ddr3_top_inst\.ddr3_phy_inst\.genblk5\[8\]\.genblk1\.IOBUF_data\$subcell\$OBUFT.OUT ddr3_dq\[8\].PAD (0:0:0) (0:0:0))
dq_dqs_input,False,0.0,0.0,0.0,INTERCONNECT:ddr3_dq[9].PAD,(INTERCONNECT ddr3_top_inst\.ddr3_phy_inst\.genblk5\[9\]\.genblk1\.IOBUF_data\$subcell\$OBUFT.OUT ddr3_dq\[9\].PAD (0:0:0) (0:0:0)),(INTERCONNECT ddr3_top_inst\.ddr3_phy_inst\.genblk5\[9\]\.genblk1\.IOBUF_data\$subcell\$OBUFT.OUT ddr3_dq\[9\].PAD (0:0:0) (0:0:0))
dq_dqs_input,False,0.0,0.0,0.0,INTERCONNECT:ddr3_dqs_n[0].PAD,(INTERCONNECT ddr3_top_inst\.ddr3_phy_inst\.genblk7\[0\]\.genblk1\.IOBUFDS_dqs\$subcell\$OBUFTDS\$subcell\$N.OUT ddr3_dqs_n\[0\].PAD (0:0:0) (0:0:0)),(INTERCONNECT ddr3_top_inst\.ddr3_phy_inst\.genblk7\[0\]\.genblk1\.IOBUFDS_dqs\$subcell\$OBUFTDS\$subcell\$N.OUT ddr3_dqs_n\[0\].PAD (0:0:0) (0:0:0))
dq_dqs_input,False,0.0,0.0,0.0,INTERCONNECT:ddr3_dqs_n[1].PAD,(INTERCONNECT ddr3_top_inst\.ddr3_phy_inst\.genblk7\[1\]\.genblk1\.IOBUFDS_dqs\$subcell\$OBUFTDS\$subcell\$N.OUT ddr3_dqs_n\[1\].PAD (0:0:0) (0:0:0)),(INTERCONNECT ddr3_top_inst\.ddr3_phy_inst\.genblk7\[1\]\.genblk1\.IOBUFDS_dqs\$subcell\$OBUFTDS\$subcell\$N.OUT ddr3_dqs_n\[1\].PAD (0:0:0) (0:0:0))
dq_dqs_input,False,0.0,0.0,0.0,INTERCONNECT:ddr3_dqs_n[2].PAD,(INTERCONNECT \$iopadmap\$ypcb_00338_1p1_ddr3\.ddr3_dqs_n\[2\]\$subcell\$OBUFT.OUT ddr3_dqs_n\[2\].PAD (0:0:0) (0:0:0)),(INTERCONNECT \$iopadmap\$ypcb_00338_1p1_ddr3\.ddr3_dqs_n\[2\]\$subcell\$OBUFT.OUT ddr3_dqs_n\[2\].PAD (0:0:0) (0:0:0))
dq_dqs_input,False,0.0,0.0,0.0,INTERCONNECT:ddr3_dqs_n[3].PAD,(INTERCONNECT \$iopadmap\$ypcb_00338_1p1_ddr3\.ddr3_dqs_n\[3\]\$subcell\$OBUFT.OUT ddr3_dqs_n\[3\].PAD (0:0:0) (0:0:0)),(INTERCONNECT \$iopadmap\$ypcb_00338_1p1_ddr3\.ddr3_dqs_n\[3\]\$subcell\$OBUFT.OUT ddr3_dqs_n\[3\].PAD (0:0:0) (0:0:0))
dq_dqs_input,False,0.0,0.0,0.0,INTERCONNECT:ddr3_dqs_n[4].PAD,(INTERCONNECT \$iopadmap\$ypcb_00338_1p1_ddr3\.ddr3_dqs_n\[4\]\$subcell\$OBUFT.OUT ddr3_dqs_n\[4\].PAD (0:0:0) (0:0:0)),(INTERCONNECT \$iopadmap\$ypcb_00338_1p1_ddr3\.ddr3_dqs_n\[4\]\$subcell\$OBUFT.OUT ddr3_dqs_n\[4\].PAD (0:0:0) (0:0:0))
dq_dqs_input,False,0.0,0.0,0.0,INTERCONNECT:ddr3_dqs_n[5].PAD,(INTERCONNECT \$iopadmap\$ypcb_00338_1p1_ddr3\.ddr3_dqs_n\[5\]\$subcell\$OBUFT.OUT ddr3_dqs_n\[5\].PAD (0:0:0) (0:0:0)),(INTERCONNECT \$iopadmap\$ypcb_00338_1p1_ddr3\.ddr3_dqs_n\[5\]\$subcell\$OBUFT.OUT ddr3_dqs_n\[5\].PAD (0:0:0) (0:0:0))
dq_dqs_input,False,0.0,0.0,0.0,INTERCONNECT:ddr3_dqs_n[6].PAD,(INTERCONNECT \$iopadmap\$ypcb_00338_1p1_ddr3\.ddr3_dqs_n\[6\]\$subcell\$OBUFT.OUT ddr3_dqs_n\[6\].PAD (0:0:0) (0:0:0)),(INTERCONNECT \$iopadmap\$ypcb_00338_1p1_ddr3\.ddr3_dqs_n\[6\]\$subcell\$OBUFT.OUT ddr3_dqs_n\[6\].PAD (0:0:0) (0:0:0))
dq_dqs_input,False,0.0,0.0,0.0,INTERCONNECT:ddr3_dqs_n[7].PAD,(INTERCONNECT \$iopadmap\$ypcb_00338_1p1_ddr3\.ddr3_dqs_n\[7\]\$subcell\$OBUFT.OUT ddr3_dqs_n\[7\].PAD (0:0:0) (0:0:0)),(INTERCONNECT \$iopadmap\$ypcb_00338_1p1_ddr3\.ddr3_dqs_n\[7\]\$subcell\$OBUFT.OUT ddr3_dqs_n\[7\].PAD (0:0:0) (0:0:0))
dq_dqs_input,False,0.0,0.0,0.0,INTERCONNECT:ddr3_dqs_p[0].PAD,(INTERCONNECT ddr3_top_inst\.ddr3_phy_inst\.genblk7\[0\]\.genblk1\.IOBUFDS_dqs\$subcell\$OBUFTDS\$subcell\$P.OUT ddr3_dqs_p\[0\].PAD (0:0:0) (0:0:0)),(INTERCONNECT ddr3_top_inst\.ddr3_phy_inst\.genblk7\[0\]\.genblk1\.IOBUFDS_dqs\$subcell\$OBUFTDS\$subcell\$P.OUT ddr3_dqs_p\[0\].PAD (0:0:0) (0:0:0))
dq_dqs_input,False,0.0,0.0,0.0,INTERCONNECT:ddr3_dqs_p[1].PAD,(INTERCONNECT ddr3_top_inst\.ddr3_phy_inst\.genblk7\[1\]\.genblk1\.IOBUFDS_dqs\$subcell\$OBUFTDS\$subcell\$P.OUT ddr3_dqs_p\[1\].PAD (0:0:0) (0:0:0)),(INTERCONNECT ddr3_top_inst\.ddr3_phy_inst\.genblk7\[1\]\.genblk1\.IOBUFDS_dqs\$subcell\$OBUFTDS\$subcell\$P.OUT ddr3_dqs_p\[1\].PAD (0:0:0) (0:0:0))
dq_dqs_input,False,0.0,0.0,0.0,INTERCONNECT:ddr3_dqs_p[2].PAD,(INTERCONNECT \$iopadmap\$ypcb_00338_1p1_ddr3\.ddr3_dqs_p\[2\]\$subcell\$OBUFT.OUT ddr3_dqs_p\[2\].PAD (0:0:0) (0:0:0)),(INTERCONNECT \$iopadmap\$ypcb_00338_1p1_ddr3\.ddr3_dqs_p\[2\]\$subcell\$OBUFT.OUT ddr3_dqs_p\[2\].PAD (0:0:0) (0:0:0))
dq_dqs_input,False,0.0,0.0,0.0,INTERCONNECT:ddr3_dqs_p[3].PAD,(INTERCONNECT \$iopadmap\$ypcb_00338_1p1_ddr3\.ddr3_dqs_p\[3\]\$subcell\$OBUFT.OUT ddr3_dqs_p\[3\].PAD (0:0:0) (0:0:0)),(INTERCONNECT \$iopadmap\$ypcb_00338_1p1_ddr3\.ddr3_dqs_p\[3\]\$subcell\$OBUFT.OUT ddr3_dqs_p\[3\].PAD (0:0:0) (0:0:0))
dq_dqs_input,False,0.0,0.0,0.0,INTERCONNECT:ddr3_dqs_p[4].PAD,(INTERCONNECT \$iopadmap\$ypcb_00338_1p1_ddr3\.ddr3_dqs_p\[4\]\$subcell\$OBUFT.OUT ddr3_dqs_p\[4\].PAD (0:0:0) (0:0:0)),(INTERCONNECT \$iopadmap\$ypcb_00338_1p1_ddr3\.ddr3_dqs_p\[4\]\$subcell\$OBUFT.OUT ddr3_dqs_p\[4\].PAD (0:0:0) (0:0:0))
dq_dqs_input,False,0.0,0.0,0.0,INTERCONNECT:ddr3_dqs_p[5].PAD,(INTERCONNECT \$iopadmap\$ypcb_00338_1p1_ddr3\.ddr3_dqs_p\[5\]\$subcell\$OBUFT.OUT ddr3_dqs_p\[5\].PAD (0:0:0) (0:0:0)),(INTERCONNECT \$iopadmap\$ypcb_00338_1p1_ddr3\.ddr3_dqs_p\[5\]\$subcell\$OBUFT.OUT ddr3_dqs_p\[5\].PAD (0:0:0) (0:0:0))
dq_dqs_input,False,0.0,0.0,0.0,INTERCONNECT:ddr3_dqs_p[6].PAD,(INTERCONNECT \$iopadmap\$ypcb_00338_1p1_ddr3\.ddr3_dqs_p\[6\]\$subcell\$OBUFT.OUT ddr3_dqs_p\[6\].PAD (0:0:0) (0:0:0)),(INTERCONNECT \$iopadmap\$ypcb_00338_1p1_ddr3\.ddr3_dqs_p\[6\]\$subcell\$OBUFT.OUT ddr3_dqs_p\[6\].PAD (0:0:0) (0:0:0))
dq_dqs_input,False,0.0,0.0,0.0,INTERCONNECT:ddr3_dqs_p[7].PAD,(INTERCONNECT \$iopadmap\$ypcb_00338_1p1_ddr3\.ddr3_dqs_p\[7\]\$subcell\$OBUFT.OUT ddr3_dqs_p\[7\].PAD (0:0:0) (0:0:0)),(INTERCONNECT \$iopadmap\$ypcb_00338_1p1_ddr3\.ddr3_dqs_p\[7\]\$subcell\$OBUFT.OUT ddr3_dqs_p\[7\].PAD (0:0:0) (0:0:0))
dq_dqs_input,False,0.0,1179.0,1179.0,INTERCONNECT:ddr3_top_inst.ddr3_phy_inst.genblk5[0].IDELAYE2_data.C,(INTERCONNECT clk_wiz_inst\.clkout1_buf.O ddr3_top_inst\.ddr3_phy_inst\.genblk5\[0\]\.IDELAYE2_data.C (1179:1179:1179) (1179:1179:1179)),(INTERCONNECT clk_wiz_inst\.clkout1_buf.O ddr3_top_inst\.ddr3_phy_inst\.genblk5\[0\]\.IDELAYE2_data.C (1179:1179:1179) (1179:1179:1179))
dq_dqs_input,False,0.0,170.0,170.0,INTERCONNECT:ddr3_top_inst.ddr3_phy_inst.genblk5[0].IDELAYE2_data.IDATAIN,(INTERCONNECT ddr3_top_inst\.ddr3_phy_inst\.genblk5\[0\]\.genblk1\.IOBUF_data\$subcell\$IBUF.OUT ddr3_top_inst\.ddr3_phy_inst\.genblk5\[0\]\.IDELAYE2_data.IDATAIN (170:170:170) (170:170:170)),(INTERCONNECT ddr3_top_inst\.ddr3_phy_inst\.genblk5\[0\]\.genblk1\.IOBUF_data\$subcell\$IBUF.OUT ddr3_top_inst\.ddr3_phy_inst\.genblk5\[0\]\.IDELAYE2_data.IDATAIN (170:170:170) (170:170:170))
dq_dqs_input,False,0.0,1279.0,1279.0,INTERCONNECT:ddr3_top_inst.ddr3_phy_inst.genblk5[0].ISERDESE2_data.CLK,(INTERCONNECT clk_wiz_inst\.clkout2_buf.O ddr3_top_inst\.ddr3_phy_inst\.genblk5\[0\]\.ISERDESE2_data.CLK (1279:1279:1279) (1279:1279:1279)),(INTERCONNECT clk_wiz_inst\.clkout2_buf.O ddr3_top_inst\.ddr3_phy_inst\.genblk5\[0\]\.ISERDESE2_data.CLK (1279:1279:1279) (1279:1279:1279))
dq_dqs_input,False,0.0,1279.0,1279.0,INTERCONNECT:ddr3_top_inst.ddr3_phy_inst.genblk5[0].ISERDESE2_data.CLKB,(INTERCONNECT clk_wiz_inst\.clkout2_buf.O ddr3_top_inst\.ddr3_phy_inst\.genblk5\[0\]\.ISERDESE2_data.CLKB (1279:1279:1279) (1279:1279:1279)),(INTERCONNECT clk_wiz_inst\.clkout2_buf.O ddr3_top_inst\.ddr3_phy_inst\.genblk5\[0\]\.ISERDESE2_data.CLKB (1279:1279:1279) (1279:1279:1279))
dq_dqs_input,False,0.0,1179.0,1179.0,INTERCONNECT:ddr3_top_inst.ddr3_phy_inst.genblk5[0].ISERDESE2_data.CLKDIV,(INTERCONNECT clk_wiz_inst\.clkout1_buf.O ddr3_top_inst\.ddr3_phy_inst\.genblk5\[0\]\.ISERDESE2_data.CLKDIV (1179:1179:1179) (1179:1179:1179)),(INTERCONNECT clk_wiz_inst\.clkout1_buf.O ddr3_top_inst\.ddr3_phy_inst\.genblk5\[0\]\.ISERDESE2_data.CLKDIV (1179:1179:1179) (1179:1179:1179))
dq_dqs_input,False,0.0,85.0,85.0,INTERCONNECT:ddr3_top_inst.ddr3_phy_inst.genblk5[0].ISERDESE2_data.DDLY,(INTERCONNECT ddr3_top_inst\.ddr3_phy_inst\.genblk5\[0\]\.IDELAYE2_data.DATAOUT ddr3_top_inst\.ddr3_phy_inst\.genblk5\[0\]\.ISERDESE2_data.DDLY (85:85:85) (85:85:85)),(INTERCONNECT ddr3_top_inst\.ddr3_phy_inst\.genblk5\[0\]\.IDELAYE2_data.DATAOUT ddr3_top_inst\.ddr3_phy_inst\.genblk5\[0\]\.ISERDESE2_data.DDLY (85:85:85) (85:85:85))
dq_dqs_input,False,0.0,1179.0,1179.0,INTERCONNECT:ddr3_top_inst.ddr3_phy_inst.genblk5[10].IDELAYE2_data.C,(INTERCONNECT clk_wiz_inst\.clkout1_buf.O ddr3_top_inst\.ddr3_phy_inst\.genblk5\[10\]\.IDELAYE2_data.C (1179:1179:1179) (1179:1179:1179)),(INTERCONNECT clk_wiz_inst\.clkout1_buf.O ddr3_top_inst\.ddr3_phy_inst\.genblk5\[10\]\.IDELAYE2_data.C (1179:1179:1179) (1179:1179:1179))
dq_dqs_input,False,0.0,170.0,170.0,INTERCONNECT:ddr3_top_inst.ddr3_phy_inst.genblk5[10].IDELAYE2_data.IDATAIN,(INTERCONNECT ddr3_top_inst\.ddr3_phy_inst\.genblk5\[10\]\.genblk1\.IOBUF_data\$subcell\$IBUF.OUT ddr3_top_inst\.ddr3_phy_inst\.genblk5\[10\]\.IDELAYE2_data.IDATAIN (170:170:170) (170:170:170)),(INTERCONNECT ddr3_top_inst\.ddr3_phy_inst\.genblk5\[10\]\.genblk1\.IOBUF_data\$subcell\$IBUF.OUT ddr3_top_inst\.ddr3_phy_inst\.genblk5\[10\]\.IDELAYE2_data.IDATAIN (170:170:170) (170:170:170))
dq_dqs_input,False,0.0,1279.0,1279.0,INTERCONNECT:ddr3_top_inst.ddr3_phy_inst.genblk5[10].ISERDESE2_data.CLK,(INTERCONNECT clk_wiz_inst\.clkout2_buf.O ddr3_top_inst\.ddr3_phy_inst\.genblk5\[10\]\.ISERDESE2_data.CLK (1279:1279:1279) (1279:1279:1279)),(INTERCONNECT clk_wiz_inst\.clkout2_buf.O ddr3_top_inst\.ddr3_phy_inst\.genblk5\[10\]\.ISERDESE2_data.CLK (1279:1279:1279) (1279:1279:1279))
dq_dqs_input,False,0.0,1279.0,1279.0,INTERCONNECT:ddr3_top_inst.ddr3_phy_inst.genblk5[10].ISERDESE2_data.CLKB,(INTERCONNECT clk_wiz_inst\.clkout2_buf.O ddr3_top_inst\.ddr3_phy_inst\.genblk5\[10\]\.ISERDESE2_data.CLKB (1279:1279:1279) (1279:1279:1279)),(INTERCONNECT clk_wiz_inst\.clkout2_buf.O ddr3_top_inst\.ddr3_phy_inst\.genblk5\[10\]\.ISERDESE2_data.CLKB (1279:1279:1279) (1279:1279:1279))
dq_dqs_input,False,0.0,1179.0,1179.0,INTERCONNECT:ddr3_top_inst.ddr3_phy_inst.genblk5[10].ISERDESE2_data.CLKDIV,(INTERCONNECT clk_wiz_inst\.clkout1_buf.O ddr3_top_inst\.ddr3_phy_inst\.genblk5\[10\]\.ISERDESE2_data.CLKDIV (1179:1179:1179) (1179:1179:1179)),(INTERCONNECT clk_wiz_inst\.clkout1_buf.O ddr3_top_inst\.ddr3_phy_inst\.genblk5\[10\]\.ISERDESE2_data.CLKDIV (1179:1179:1179) (1179:1179:1179))
dq_dqs_input,False,0.0,85.0,85.0,INTERCONNECT:ddr3_top_inst.ddr3_phy_inst.genblk5[10].ISERDESE2_data.DDLY,(INTERCONNECT ddr3_top_inst\.ddr3_phy_inst\.genblk5\[10\]\.IDELAYE2_data.DATAOUT ddr3_top_inst\.ddr3_phy_inst\.genblk5\[10\]\.ISERDESE2_data.DDLY (85:85:85) (85:85:85)),(INTERCONNECT ddr3_top_inst\.ddr3_phy_inst\.genblk5\[10\]\.IDELAYE2_data.DATAOUT ddr3_top_inst\.ddr3_phy_inst\.genblk5\[10\]\.ISERDESE2_data.DDLY (85:85:85) (85:85:85))
dq_dqs_input,False,0.0,1179.0,1179.0,INTERCONNECT:ddr3_top_inst.ddr3_phy_inst.genblk5[11].IDELAYE2_data.C,(INTERCONNECT clk_wiz_inst\.clkout1_buf.O ddr3_top_inst\.ddr3_phy_inst\.genblk5\[11\]\.IDELAYE2_data.C (1179:1179:1179) (1179:1179:1179)),(INTERCONNECT clk_wiz_inst\.clkout1_buf.O ddr3_top_inst\.ddr3_phy_inst\.genblk5\[11\]\.IDELAYE2_data.C (1179:1179:1179) (1179:1179:1179))
dq_dqs_input,False,0.0,170.0,170.0,INTERCONNECT:ddr3_top_inst.ddr3_phy_inst.genblk5[11].IDELAYE2_data.IDATAIN,(INTERCONNECT ddr3_top_inst\.ddr3_phy_inst\.genblk5\[11\]\.genblk1\.IOBUF_data\$subcell\$IBUF.OUT ddr3_top_inst\.ddr3_phy_inst\.genblk5\[11\]\.IDELAYE2_data.IDATAIN (170:170:170) (170:170:170)),(INTERCONNECT ddr3_top_inst\.ddr3_phy_inst\.genblk5\[11\]\.genblk1\.IOBUF_data\$subcell\$IBUF.OUT ddr3_top_inst\.ddr3_phy_inst\.genblk5\[11\]\.IDELAYE2_data.IDATAIN (170:170:170) (170:170:170))
dq_dqs_input,False,0.0,1279.0,1279.0,INTERCONNECT:ddr3_top_inst.ddr3_phy_inst.genblk5[11].ISERDESE2_data.CLK,(INTERCONNECT clk_wiz_inst\.clkout2_buf.O ddr3_top_inst\.ddr3_phy_inst\.genblk5\[11\]\.ISERDESE2_data.CLK (1279:1279:1279) (1279:1279:1279)),(INTERCONNECT clk_wiz_inst\.clkout2_buf.O ddr3_top_inst\.ddr3_phy_inst\.genblk5\[11\]\.ISERDESE2_data.CLK (1279:1279:1279) (1279:1279:1279))
dq_dqs_input,False,0.0,1279.0,1279.0,INTERCONNECT:ddr3_top_inst.ddr3_phy_inst.genblk5[11].ISERDESE2_data.CLKB,(INTERCONNECT clk_wiz_inst\.clkout2_buf.O ddr3_top_inst\.ddr3_phy_inst\.genblk5\[11\]\.ISERDESE2_data.CLKB (1279:1279:1279) (1279:1279:1279)),(INTERCONNECT clk_wiz_inst\.clkout2_buf.O ddr3_top_inst\.ddr3_phy_inst\.genblk5\[11\]\.ISERDESE2_data.CLKB (1279:1279:1279) (1279:1279:1279))
dq_dqs_input,False,0.0,1179.0,1179.0,INTERCONNECT:ddr3_top_inst.ddr3_phy_inst.genblk5[11].ISERDESE2_data.CLKDIV,(INTERCONNECT clk_wiz_inst\.clkout1_buf.O ddr3_top_inst\.ddr3_phy_inst\.genblk5\[11\]\.ISERDESE2_data.CLKDIV (1179:1179:1179) (1179:1179:1179)),(INTERCONNECT clk_wiz_inst\.clkout1_buf.O ddr3_top_inst\.ddr3_phy_inst\.genblk5\[11\]\.ISERDESE2_data.CLKDIV (1179:1179:1179) (1179:1179:1179))
dq_dqs_input,False,0.0,85.0,85.0,INTERCONNECT:ddr3_top_inst.ddr3_phy_inst.genblk5[11].ISERDESE2_data.DDLY,(INTERCONNECT ddr3_top_inst\.ddr3_phy_inst\.genblk5\[11\]\.IDELAYE2_data.DATAOUT ddr3_top_inst\.ddr3_phy_inst\.genblk5\[11\]\.ISERDESE2_data.DDLY (85:85:85) (85:85:85)),(INTERCONNECT ddr3_top_inst\.ddr3_phy_inst\.genblk5\[11\]\.IDELAYE2_data.DATAOUT ddr3_top_inst\.ddr3_phy_inst\.genblk5\[11\]\.ISERDESE2_data.DDLY (85:85:85) (85:85:85))
dq_dqs_input,False,0.0,1179.0,1179.0,INTERCONNECT:ddr3_top_inst.ddr3_phy_inst.genblk5[12].IDELAYE2_data.C,(INTERCONNECT clk_wiz_inst\.clkout1_buf.O ddr3_top_inst\.ddr3_phy_inst\.genblk5\[12\]\.IDELAYE2_data.C (1179:1179:1179) (1179:1179:1179)),(INTERCONNECT clk_wiz_inst\.clkout1_buf.O ddr3_top_inst\.ddr3_phy_inst\.genblk5\[12\]\.IDELAYE2_data.C (1179:1179:1179) (1179:1179:1179))
dq_dqs_input,False,0.0,170.0,170.0,INTERCONNECT:ddr3_top_inst.ddr3_phy_inst.genblk5[12].IDELAYE2_data.IDATAIN,(INTERCONNECT ddr3_top_inst\.ddr3_phy_inst\.genblk5\[12\]\.genblk1\.IOBUF_data\$subcell\$IBUF.OUT ddr3_top_inst\.ddr3_phy_inst\.genblk5\[12\]\.IDELAYE2_data.IDATAIN (170:170:170) (170:170:170)),(INTERCONNECT ddr3_top_inst\.ddr3_phy_inst\.genblk5\[12\]\.genblk1\.IOBUF_data\$subcell\$IBUF.OUT ddr3_top_inst\.ddr3_phy_inst\.genblk5\[12\]\.IDELAYE2_data.IDATAIN (170:170:170) (170:170:170))
dq_dqs_input,False,0.0,1279.0,1279.0,INTERCONNECT:ddr3_top_inst.ddr3_phy_inst.genblk5[12].ISERDESE2_data.CLK,(INTERCONNECT clk_wiz_inst\.clkout2_buf.O ddr3_top_inst\.ddr3_phy_inst\.genblk5\[12\]\.ISERDESE2_data.CLK (1279:1279:1279) (1279:1279:1279)),(INTERCONNECT clk_wiz_inst\.clkout2_buf.O ddr3_top_inst\.ddr3_phy_inst\.genblk5\[12\]\.ISERDESE2_data.CLK (1279:1279:1279) (1279:1279:1279))
dq_dqs_input,False,0.0,1279.0,1279.0,INTERCONNECT:ddr3_top_inst.ddr3_phy_inst.genblk5[12].ISERDESE2_data.CLKB,(INTERCONNECT clk_wiz_inst\.clkout2_buf.O ddr3_top_inst\.ddr3_phy_inst\.genblk5\[12\]\.ISERDESE2_data.CLKB (1279:1279:1279) (1279:1279:1279)),(INTERCONNECT clk_wiz_inst\.clkout2_buf.O ddr3_top_inst\.ddr3_phy_inst\.genblk5\[12\]\.ISERDESE2_data.CLKB (1279:1279:1279) (1279:1279:1279))
dq_dqs_input,False,0.0,1179.0,1179.0,INTERCONNECT:ddr3_top_inst.ddr3_phy_inst.genblk5[12].ISERDESE2_data.CLKDIV,(INTERCONNECT clk_wiz_inst\.clkout1_buf.O ddr3_top_inst\.ddr3_phy_inst\.genblk5\[12\]\.ISERDESE2_data.CLKDIV (1179:1179:1179) (1179:1179:1179)),(INTERCONNECT clk_wiz_inst\.clkout1_buf.O ddr3_top_inst\.ddr3_phy_inst\.genblk5\[12\]\.ISERDESE2_data.CLKDIV (1179:1179:1179) (1179:1179:1179))
dq_dqs_input,False,0.0,85.0,85.0,INTERCONNECT:ddr3_top_inst.ddr3_phy_inst.genblk5[12].ISERDESE2_data.DDLY,(INTERCONNECT ddr3_top_inst\.ddr3_phy_inst\.genblk5\[12\]\.IDELAYE2_data.DATAOUT ddr3_top_inst\.ddr3_phy_inst\.genblk5\[12\]\.ISERDESE2_data.DDLY (85:85:85) (85:85:85)),(INTERCONNECT ddr3_top_inst\.ddr3_phy_inst\.genblk5\[12\]\.IDELAYE2_data.DATAOUT ddr3_top_inst\.ddr3_phy_inst\.genblk5\[12\]\.ISERDESE2_data.DDLY (85:85:85) (85:85:85))
dq_dqs_input,False,0.0,1179.0,1179.0,INTERCONNECT:ddr3_top_inst.ddr3_phy_inst.genblk5[13].IDELAYE2_data.C,(INTERCONNECT clk_wiz_inst\.clkout1_buf.O ddr3_top_inst\.ddr3_phy_inst\.genblk5\[13\]\.IDELAYE2_data.C (1179:1179:1179) (1179:1179:1179)),(INTERCONNECT clk_wiz_inst\.clkout1_buf.O ddr3_top_inst\.ddr3_phy_inst\.genblk5\[13\]\.IDELAYE2_data.C (1179:1179:1179) (1179:1179:1179))
dq_dqs_input,False,0.0,170.0,170.0,INTERCONNECT:ddr3_top_inst.ddr3_phy_inst.genblk5[13].IDELAYE2_data.IDATAIN,(INTERCONNECT ddr3_top_inst\.ddr3_phy_inst\.genblk5\[13\]\.genblk1\.IOBUF_data\$subcell\$IBUF.OUT ddr3_top_inst\.ddr3_phy_inst\.genblk5\[13\]\.IDELAYE2_data.IDATAIN (170:170:170) (170:170:170)),(INTERCONNECT ddr3_top_inst\.ddr3_phy_inst\.genblk5\[13\]\.genblk1\.IOBUF_data\$subcell\$IBUF.OUT ddr3_top_inst\.ddr3_phy_inst\.genblk5\[13\]\.IDELAYE2_data.IDATAIN (170:170:170) (170:170:170))
dq_dqs_input,False,0.0,1279.0,1279.0,INTERCONNECT:ddr3_top_inst.ddr3_phy_inst.genblk5[13].ISERDESE2_data.CLK,(INTERCONNECT clk_wiz_inst\.clkout2_buf.O ddr3_top_inst\.ddr3_phy_inst\.genblk5\[13\]\.ISERDESE2_data.CLK (1279:1279:1279) (1279:1279:1279)),(INTERCONNECT clk_wiz_inst\.clkout2_buf.O ddr3_top_inst\.ddr3_phy_inst\.genblk5\[13\]\.ISERDESE2_data.CLK (1279:1279:1279) (1279:1279:1279))
dq_dqs_input,False,0.0,1279.0,1279.0,INTERCONNECT:ddr3_top_inst.ddr3_phy_inst.genblk5[13].ISERDESE2_data.CLKB,(INTERCONNECT clk_wiz_inst\.clkout2_buf.O ddr3_top_inst\.ddr3_phy_inst\.genblk5\[13\]\.ISERDESE2_data.CLKB (1279:1279:1279) (1279:1279:1279)),(INTERCONNECT clk_wiz_inst\.clkout2_buf.O ddr3_top_inst\.ddr3_phy_inst\.genblk5\[13\]\.ISERDESE2_data.CLKB (1279:1279:1279) (1279:1279:1279))
dq_dqs_input,False,0.0,1179.0,1179.0,INTERCONNECT:ddr3_top_inst.ddr3_phy_inst.genblk5[13].ISERDESE2_data.CLKDIV,(INTERCONNECT clk_wiz_inst\.clkout1_buf.O ddr3_top_inst\.ddr3_phy_inst\.genblk5\[13\]\.ISERDESE2_data.CLKDIV (1179:1179:1179) (1179:1179:1179)),(INTERCONNECT clk_wiz_inst\.clkout1_buf.O ddr3_top_inst\.ddr3_phy_inst\.genblk5\[13\]\.ISERDESE2_data.CLKDIV (1179:1179:1179) (1179:1179:1179))
dq_dqs_input,False,0.0,85.0,85.0,INTERCONNECT:ddr3_top_inst.ddr3_phy_inst.genblk5[13].ISERDESE2_data.DDLY,(INTERCONNECT ddr3_top_inst\.ddr3_phy_inst\.genblk5\[13\]\.IDELAYE2_data.DATAOUT ddr3_top_inst\.ddr3_phy_inst\.genblk5\[13\]\.ISERDESE2_data.DDLY (85:85:85) (85:85:85)),(INTERCONNECT ddr3_top_inst\.ddr3_phy_inst\.genblk5\[13\]\.IDELAYE2_data.DATAOUT ddr3_top_inst\.ddr3_phy_inst\.genblk5\[13\]\.ISERDESE2_data.DDLY (85:85:85) (85:85:85))
dq_dqs_input,False,0.0,1179.0,1179.0,INTERCONNECT:ddr3_top_inst.ddr3_phy_inst.genblk5[14].IDELAYE2_data.C,(INTERCONNECT clk_wiz_inst\.clkout1_buf.O ddr3_top_inst\.ddr3_phy_inst\.genblk5\[14\]\.IDELAYE2_data.C (1179:1179:1179) (1179:1179:1179)),(INTERCONNECT clk_wiz_inst\.clkout1_buf.O ddr3_top_inst\.ddr3_phy_inst\.genblk5\[14\]\.IDELAYE2_data.C (1179:1179:1179) (1179:1179:1179))
dq_dqs_input,False,0.0,170.0,170.0,INTERCONNECT:ddr3_top_inst.ddr3_phy_inst.genblk5[14].IDELAYE2_data.IDATAIN,(INTERCONNECT ddr3_top_inst\.ddr3_phy_inst\.genblk5\[14\]\.genblk1\.IOBUF_data\$subcell\$IBUF.OUT ddr3_top_inst\.ddr3_phy_inst\.genblk5\[14\]\.IDELAYE2_data.IDATAIN (170:170:170) (170:170:170)),(INTERCONNECT ddr3_top_inst\.ddr3_phy_inst\.genblk5\[14\]\.genblk1\.IOBUF_data\$subcell\$IBUF.OUT ddr3_top_inst\.ddr3_phy_inst\.genblk5\[14\]\.IDELAYE2_data.IDATAIN (170:170:170) (170:170:170))
dq_dqs_input,False,0.0,1279.0,1279.0,INTERCONNECT:ddr3_top_inst.ddr3_phy_inst.genblk5[14].ISERDESE2_data.CLK,(INTERCONNECT clk_wiz_inst\.clkout2_buf.O ddr3_top_inst\.ddr3_phy_inst\.genblk5\[14\]\.ISERDESE2_data.CLK (1279:1279:1279) (1279:1279:1279)),(INTERCONNECT clk_wiz_inst\.clkout2_buf.O ddr3_top_inst\.ddr3_phy_inst\.genblk5\[14\]\.ISERDESE2_data.CLK (1279:1279:1279) (1279:1279:1279))
dq_dqs_input,False,0.0,1279.0,1279.0,INTERCONNECT:ddr3_top_inst.ddr3_phy_inst.genblk5[14].ISERDESE2_data.CLKB,(INTERCONNECT clk_wiz_inst\.clkout2_buf.O ddr3_top_inst\.ddr3_phy_inst\.genblk5\[14\]\.ISERDESE2_data.CLKB (1279:1279:1279) (1279:1279:1279)),(INTERCONNECT clk_wiz_inst\.clkout2_buf.O ddr3_top_inst\.ddr3_phy_inst\.genblk5\[14\]\.ISERDESE2_data.CLKB (1279:1279:1279) (1279:1279:1279))
dq_dqs_input,False,0.0,1179.0,1179.0,INTERCONNECT:ddr3_top_inst.ddr3_phy_inst.genblk5[14].ISERDESE2_data.CLKDIV,(INTERCONNECT clk_wiz_inst\.clkout1_buf.O ddr3_top_inst\.ddr3_phy_inst\.genblk5\[14\]\.ISERDESE2_data.CLKDIV (1179:1179:1179) (1179:1179:1179)),(INTERCONNECT clk_wiz_inst\.clkout1_buf.O ddr3_top_inst\.ddr3_phy_inst\.genblk5\[14\]\.ISERDESE2_data.CLKDIV (1179:1179:1179) (1179:1179:1179))
dq_dqs_input,False,0.0,85.0,85.0,INTERCONNECT:ddr3_top_inst.ddr3_phy_inst.genblk5[14].ISERDESE2_data.DDLY,(INTERCONNECT ddr3_top_inst\.ddr3_phy_inst\.genblk5\[14\]\.IDELAYE2_data.DATAOUT ddr3_top_inst\.ddr3_phy_inst\.genblk5\[14\]\.ISERDESE2_data.DDLY (85:85:85) (85:85:85)),(INTERCONNECT ddr3_top_inst\.ddr3_phy_inst\.genblk5\[14\]\.IDELAYE2_data.DATAOUT ddr3_top_inst\.ddr3_phy_inst\.genblk5\[14\]\.ISERDESE2_data.DDLY (85:85:85) (85:85:85))
dq_dqs_input,False,0.0,1179.0,1179.0,INTERCONNECT:ddr3_top_inst.ddr3_phy_inst.genblk5[15].IDELAYE2_data.C,(INTERCONNECT clk_wiz_inst\.clkout1_buf.O ddr3_top_inst\.ddr3_phy_inst\.genblk5\[15\]\.IDELAYE2_data.C (1179:1179:1179) (1179:1179:1179)),(INTERCONNECT clk_wiz_inst\.clkout1_buf.O ddr3_top_inst\.ddr3_phy_inst\.genblk5\[15\]\.IDELAYE2_data.C (1179:1179:1179) (1179:1179:1179))
dq_dqs_input,False,0.0,170.0,170.0,INTERCONNECT:ddr3_top_inst.ddr3_phy_inst.genblk5[15].IDELAYE2_data.IDATAIN,(INTERCONNECT ddr3_top_inst\.ddr3_phy_inst\.genblk5\[15\]\.genblk1\.IOBUF_data\$subcell\$IBUF.OUT ddr3_top_inst\.ddr3_phy_inst\.genblk5\[15\]\.IDELAYE2_data.IDATAIN (170:170:170) (170:170:170)),(INTERCONNECT ddr3_top_inst\.ddr3_phy_inst\.genblk5\[15\]\.genblk1\.IOBUF_data\$subcell\$IBUF.OUT ddr3_top_inst\.ddr3_phy_inst\.genblk5\[15\]\.IDELAYE2_data.IDATAIN (170:170:170) (170:170:170))
dq_dqs_input,False,0.0,1279.0,1279.0,INTERCONNECT:ddr3_top_inst.ddr3_phy_inst.genblk5[15].ISERDESE2_data.CLK,(INTERCONNECT clk_wiz_inst\.clkout2_buf.O ddr3_top_inst\.ddr3_phy_inst\.genblk5\[15\]\.ISERDESE2_data.CLK (1279:1279:1279) (1279:1279:1279)),(INTERCONNECT clk_wiz_inst\.clkout2_buf.O ddr3_top_inst\.ddr3_phy_inst\.genblk5\[15\]\.ISERDESE2_data.CLK (1279:1279:1279) (1279:1279:1279))
dq_dqs_input,False,0.0,1279.0,1279.0,INTERCONNECT:ddr3_top_inst.ddr3_phy_inst.genblk5[15].ISERDESE2_data.CLKB,(INTERCONNECT clk_wiz_inst\.clkout2_buf.O ddr3_top_inst\.ddr3_phy_inst\.genblk5\[15\]\.ISERDESE2_data.CLKB (1279:1279:1279) (1279:1279:1279)),(INTERCONNECT clk_wiz_inst\.clkout2_buf.O ddr3_top_inst\.ddr3_phy_inst\.genblk5\[15\]\.ISERDESE2_data.CLKB (1279:1279:1279) (1279:1279:1279))
dq_dqs_input,False,0.0,1179.0,1179.0,INTERCONNECT:ddr3_top_inst.ddr3_phy_inst.genblk5[15].ISERDESE2_data.CLKDIV,(INTERCONNECT clk_wiz_inst\.clkout1_buf.O ddr3_top_inst\.ddr3_phy_inst\.genblk5\[15\]\.ISERDESE2_data.CLKDIV (1179:1179:1179) (1179:1179:1179)),(INTERCONNECT clk_wiz_inst\.clkout1_buf.O ddr3_top_inst\.ddr3_phy_inst\.genblk5\[15\]\.ISERDESE2_data.CLKDIV (1179:1179:1179) (1179:1179:1179))
dq_dqs_input,False,0.0,85.0,85.0,INTERCONNECT:ddr3_top_inst.ddr3_phy_inst.genblk5[15].ISERDESE2_data.DDLY,(INTERCONNECT ddr3_top_inst\.ddr3_phy_inst\.genblk5\[15\]\.IDELAYE2_data.DATAOUT ddr3_top_inst\.ddr3_phy_inst\.genblk5\[15\]\.ISERDESE2_data.DDLY (85:85:85) (85:85:85)),(INTERCONNECT ddr3_top_inst\.ddr3_phy_inst\.genblk5\[15\]\.IDELAYE2_data.DATAOUT ddr3_top_inst\.ddr3_phy_inst\.genblk5\[15\]\.ISERDESE2_data.DDLY (85:85:85) (85:85:85))
dq_dqs_input,False,0.0,1179.0,1179.0,INTERCONNECT:ddr3_top_inst.ddr3_phy_inst.genblk5[1].IDELAYE2_data.C,(INTERCONNECT clk_wiz_inst\.clkout1_buf.O ddr3_top_inst\.ddr3_phy_inst\.genblk5\[1\]\.IDELAYE2_data.C (1179:1179:1179) (1179:1179:1179)),(INTERCONNECT clk_wiz_inst\.clkout1_buf.O ddr3_top_inst\.ddr3_phy_inst\.genblk5\[1\]\.IDELAYE2_data.C (1179:1179:1179) (1179:1179:1179))
dq_dqs_input,False,0.0,170.0,170.0,INTERCONNECT:ddr3_top_inst.ddr3_phy_inst.genblk5[1].IDELAYE2_data.IDATAIN,(INTERCONNECT ddr3_top_inst\.ddr3_phy_inst\.genblk5\[1\]\.genblk1\.IOBUF_data\$subcell\$IBUF.OUT ddr3_top_inst\.ddr3_phy_inst\.genblk5\[1\]\.IDELAYE2_data.IDATAIN (170:170:170) (170:170:170)),(INTERCONNECT ddr3_top_inst\.ddr3_phy_inst\.genblk5\[1\]\.genblk1\.IOBUF_data\$subcell\$IBUF.OUT ddr3_top_inst\.ddr3_phy_inst\.genblk5\[1\]\.IDELAYE2_data.IDATAIN (170:170:170) (170:170:170))
dq_dqs_input,False,0.0,1279.0,1279.0,INTERCONNECT:ddr3_top_inst.ddr3_phy_inst.genblk5[1].ISERDESE2_data.CLK,(INTERCONNECT clk_wiz_inst\.clkout2_buf.O ddr3_top_inst\.ddr3_phy_inst\.genblk5\[1\]\.ISERDESE2_data.CLK (1279:1279:1279) (1279:1279:1279)),(INTERCONNECT clk_wiz_inst\.clkout2_buf.O ddr3_top_inst\.ddr3_phy_inst\.genblk5\[1\]\.ISERDESE2_data.CLK (1279:1279:1279) (1279:1279:1279))
dq_dqs_input,False,0.0,1279.0,1279.0,INTERCONNECT:ddr3_top_inst.ddr3_phy_inst.genblk5[1].ISERDESE2_data.CLKB,(INTERCONNECT clk_wiz_inst\.clkout2_buf.O ddr3_top_inst\.ddr3_phy_inst\.genblk5\[1\]\.ISERDESE2_data.CLKB (1279:1279:1279) (1279:1279:1279)),(INTERCONNECT clk_wiz_inst\.clkout2_buf.O ddr3_top_inst\.ddr3_phy_inst\.genblk5\[1\]\.ISERDESE2_data.CLKB (1279:1279:1279) (1279:1279:1279))
dq_dqs_input,False,0.0,1179.0,1179.0,INTERCONNECT:ddr3_top_inst.ddr3_phy_inst.genblk5[1].ISERDESE2_data.CLKDIV,(INTERCONNECT clk_wiz_inst\.clkout1_buf.O ddr3_top_inst\.ddr3_phy_inst\.genblk5\[1\]\.ISERDESE2_data.CLKDIV (1179:1179:1179) (1179:1179:1179)),(INTERCONNECT clk_wiz_inst\.clkout1_buf.O ddr3_top_inst\.ddr3_phy_inst\.genblk5\[1\]\.ISERDESE2_data.CLKDIV (1179:1179:1179) (1179:1179:1179))
dq_dqs_input,False,0.0,85.0,85.0,INTERCONNECT:ddr3_top_inst.ddr3_phy_inst.genblk5[1].ISERDESE2_data.DDLY,(INTERCONNECT ddr3_top_inst\.ddr3_phy_inst\.genblk5\[1\]\.IDELAYE2_data.DATAOUT ddr3_top_inst\.ddr3_phy_inst\.genblk5\[1\]\.ISERDESE2_data.DDLY (85:85:85) (85:85:85)),(INTERCONNECT ddr3_top_inst\.ddr3_phy_inst\.genblk5\[1\]\.IDELAYE2_data.DATAOUT ddr3_top_inst\.ddr3_phy_inst\.genblk5\[1\]\.ISERDESE2_data.DDLY (85:85:85) (85:85:85))
dq_dqs_input,False,0.0,1179.0,1179.0,INTERCONNECT:ddr3_top_inst.ddr3_phy_inst.genblk5[2].IDELAYE2_data.C,(INTERCONNECT clk_wiz_inst\.clkout1_buf.O ddr3_top_inst\.ddr3_phy_inst\.genblk5\[2\]\.IDELAYE2_data.C (1179:1179:1179) (1179:1179:1179)),(INTERCONNECT clk_wiz_inst\.clkout1_buf.O ddr3_top_inst\.ddr3_phy_inst\.genblk5\[2\]\.IDELAYE2_data.C (1179:1179:1179) (1179:1179:1179))
dq_dqs_input,False,0.0,170.0,170.0,INTERCONNECT:ddr3_top_inst.ddr3_phy_inst.genblk5[2].IDELAYE2_data.IDATAIN,(INTERCONNECT ddr3_top_inst\.ddr3_phy_inst\.genblk5\[2\]\.genblk1\.IOBUF_data\$subcell\$IBUF.OUT ddr3_top_inst\.ddr3_phy_inst\.genblk5\[2\]\.IDELAYE2_data.IDATAIN (170:170:170) (170:170:170)),(INTERCONNECT ddr3_top_inst\.ddr3_phy_inst\.genblk5\[2\]\.genblk1\.IOBUF_data\$subcell\$IBUF.OUT ddr3_top_inst\.ddr3_phy_inst\.genblk5\[2\]\.IDELAYE2_data.IDATAIN (170:170:170) (170:170:170))
dq_dqs_input,False,0.0,1279.0,1279.0,INTERCONNECT:ddr3_top_inst.ddr3_phy_inst.genblk5[2].ISERDESE2_data.CLK,(INTERCONNECT clk_wiz_inst\.clkout2_buf.O ddr3_top_inst\.ddr3_phy_inst\.genblk5\[2\]\.ISERDESE2_data.CLK (1279:1279:1279) (1279:1279:1279)),(INTERCONNECT clk_wiz_inst\.clkout2_buf.O ddr3_top_inst\.ddr3_phy_inst\.genblk5\[2\]\.ISERDESE2_data.CLK (1279:1279:1279) (1279:1279:1279))
dq_dqs_input,False,0.0,1279.0,1279.0,INTERCONNECT:ddr3_top_inst.ddr3_phy_inst.genblk5[2].ISERDESE2_data.CLKB,(INTERCONNECT clk_wiz_inst\.clkout2_buf.O ddr3_top_inst\.ddr3_phy_inst\.genblk5\[2\]\.ISERDESE2_data.CLKB (1279:1279:1279) (1279:1279:1279)),(INTERCONNECT clk_wiz_inst\.clkout2_buf.O ddr3_top_inst\.ddr3_phy_inst\.genblk5\[2\]\.ISERDESE2_data.CLKB (1279:1279:1279) (1279:1279:1279))
dq_dqs_input,False,0.0,1179.0,1179.0,INTERCONNECT:ddr3_top_inst.ddr3_phy_inst.genblk5[2].ISERDESE2_data.CLKDIV,(INTERCONNECT clk_wiz_inst\.clkout1_buf.O ddr3_top_inst\.ddr3_phy_inst\.genblk5\[2\]\.ISERDESE2_data.CLKDIV (1179:1179:1179) (1179:1179:1179)),(INTERCONNECT clk_wiz_inst\.clkout1_buf.O ddr3_top_inst\.ddr3_phy_inst\.genblk5\[2\]\.ISERDESE2_data.CLKDIV (1179:1179:1179) (1179:1179:1179))
dq_dqs_input,False,0.0,85.0,85.0,INTERCONNECT:ddr3_top_inst.ddr3_phy_inst.genblk5[2].ISERDESE2_data.DDLY,(INTERCONNECT ddr3_top_inst\.ddr3_phy_inst\.genblk5\[2\]\.IDELAYE2_data.DATAOUT ddr3_top_inst\.ddr3_phy_inst\.genblk5\[2\]\.ISERDESE2_data.DDLY (85:85:85) (85:85:85)),(INTERCONNECT ddr3_top_inst\.ddr3_phy_inst\.genblk5\[2\]\.IDELAYE2_data.DATAOUT ddr3_top_inst\.ddr3_phy_inst\.genblk5\[2\]\.ISERDESE2_data.DDLY (85:85:85) (85:85:85))
dq_dqs_input,False,0.0,1179.0,1179.0,INTERCONNECT:ddr3_top_inst.ddr3_phy_inst.genblk5[3].IDELAYE2_data.C,(INTERCONNECT clk_wiz_inst\.clkout1_buf.O ddr3_top_inst\.ddr3_phy_inst\.genblk5\[3\]\.IDELAYE2_data.C (1179:1179:1179) (1179:1179:1179)),(INTERCONNECT clk_wiz_inst\.clkout1_buf.O ddr3_top_inst\.ddr3_phy_inst\.genblk5\[3\]\.IDELAYE2_data.C (1179:1179:1179) (1179:1179:1179))
dq_dqs_input,False,0.0,170.0,170.0,INTERCONNECT:ddr3_top_inst.ddr3_phy_inst.genblk5[3].IDELAYE2_data.IDATAIN,(INTERCONNECT ddr3_top_inst\.ddr3_phy_inst\.genblk5\[3\]\.genblk1\.IOBUF_data\$subcell\$IBUF.OUT ddr3_top_inst\.ddr3_phy_inst\.genblk5\[3\]\.IDELAYE2_data.IDATAIN (170:170:170) (170:170:170)),(INTERCONNECT ddr3_top_inst\.ddr3_phy_inst\.genblk5\[3\]\.genblk1\.IOBUF_data\$subcell\$IBUF.OUT ddr3_top_inst\.ddr3_phy_inst\.genblk5\[3\]\.IDELAYE2_data.IDATAIN (170:170:170) (170:170:170))
dq_dqs_input,False,0.0,1279.0,1279.0,INTERCONNECT:ddr3_top_inst.ddr3_phy_inst.genblk5[3].ISERDESE2_data.CLK,(INTERCONNECT clk_wiz_inst\.clkout2_buf.O ddr3_top_inst\.ddr3_phy_inst\.genblk5\[3\]\.ISERDESE2_data.CLK (1279:1279:1279) (1279:1279:1279)),(INTERCONNECT clk_wiz_inst\.clkout2_buf.O ddr3_top_inst\.ddr3_phy_inst\.genblk5\[3\]\.ISERDESE2_data.CLK (1279:1279:1279) (1279:1279:1279))
dq_dqs_input,False,0.0,1279.0,1279.0,INTERCONNECT:ddr3_top_inst.ddr3_phy_inst.genblk5[3].ISERDESE2_data.CLKB,(INTERCONNECT clk_wiz_inst\.clkout2_buf.O ddr3_top_inst\.ddr3_phy_inst\.genblk5\[3\]\.ISERDESE2_data.CLKB (1279:1279:1279) (1279:1279:1279)),(INTERCONNECT clk_wiz_inst\.clkout2_buf.O ddr3_top_inst\.ddr3_phy_inst\.genblk5\[3\]\.ISERDESE2_data.CLKB (1279:1279:1279) (1279:1279:1279))
dq_dqs_input,False,0.0,1179.0,1179.0,INTERCONNECT:ddr3_top_inst.ddr3_phy_inst.genblk5[3].ISERDESE2_data.CLKDIV,(INTERCONNECT clk_wiz_inst\.clkout1_buf.O ddr3_top_inst\.ddr3_phy_inst\.genblk5\[3\]\.ISERDESE2_data.CLKDIV (1179:1179:1179) (1179:1179:1179)),(INTERCONNECT clk_wiz_inst\.clkout1_buf.O ddr3_top_inst\.ddr3_phy_inst\.genblk5\[3\]\.ISERDESE2_data.CLKDIV (1179:1179:1179) (1179:1179:1179))
dq_dqs_input,False,0.0,85.0,85.0,INTERCONNECT:ddr3_top_inst.ddr3_phy_inst.genblk5[3].ISERDESE2_data.DDLY,(INTERCONNECT ddr3_top_inst\.ddr3_phy_inst\.genblk5\[3\]\.IDELAYE2_data.DATAOUT ddr3_top_inst\.ddr3_phy_inst\.genblk5\[3\]\.ISERDESE2_data.DDLY (85:85:85) (85:85:85)),(INTERCONNECT ddr3_top_inst\.ddr3_phy_inst\.genblk5\[3\]\.IDELAYE2_data.DATAOUT ddr3_top_inst\.ddr3_phy_inst\.genblk5\[3\]\.ISERDESE2_data.DDLY (85:85:85) (85:85:85))
dq_dqs_input,False,0.0,1179.0,1179.0,INTERCONNECT:ddr3_top_inst.ddr3_phy_inst.genblk5[4].IDELAYE2_data.C,(INTERCONNECT clk_wiz_inst\.clkout1_buf.O ddr3_top_inst\.ddr3_phy_inst\.genblk5\[4\]\.IDELAYE2_data.C (1179:1179:1179) (1179:1179:1179)),(INTERCONNECT clk_wiz_inst\.clkout1_buf.O ddr3_top_inst\.ddr3_phy_inst\.genblk5\[4\]\.IDELAYE2_data.C (1179:1179:1179) (1179:1179:1179))
dq_dqs_input,False,0.0,170.0,170.0,INTERCONNECT:ddr3_top_inst.ddr3_phy_inst.genblk5[4].IDELAYE2_data.IDATAIN,(INTERCONNECT ddr3_top_inst\.ddr3_phy_inst\.genblk5\[4\]\.genblk1\.IOBUF_data\$subcell\$IBUF.OUT ddr3_top_inst\.ddr3_phy_inst\.genblk5\[4\]\.IDELAYE2_data.IDATAIN (170:170:170) (170:170:170)),(INTERCONNECT ddr3_top_inst\.ddr3_phy_inst\.genblk5\[4\]\.genblk1\.IOBUF_data\$subcell\$IBUF.OUT ddr3_top_inst\.ddr3_phy_inst\.genblk5\[4\]\.IDELAYE2_data.IDATAIN (170:170:170) (170:170:170))
dq_dqs_input,False,0.0,1279.0,1279.0,INTERCONNECT:ddr3_top_inst.ddr3_phy_inst.genblk5[4].ISERDESE2_data.CLK,(INTERCONNECT clk_wiz_inst\.clkout2_buf.O ddr3_top_inst\.ddr3_phy_inst\.genblk5\[4\]\.ISERDESE2_data.CLK (1279:1279:1279) (1279:1279:1279)),(INTERCONNECT clk_wiz_inst\.clkout2_buf.O ddr3_top_inst\.ddr3_phy_inst\.genblk5\[4\]\.ISERDESE2_data.CLK (1279:1279:1279) (1279:1279:1279))
dq_dqs_input,False,0.0,1279.0,1279.0,INTERCONNECT:ddr3_top_inst.ddr3_phy_inst.genblk5[4].ISERDESE2_data.CLKB,(INTERCONNECT clk_wiz_inst\.clkout2_buf.O ddr3_top_inst\.ddr3_phy_inst\.genblk5\[4\]\.ISERDESE2_data.CLKB (1279:1279:1279) (1279:1279:1279)),(INTERCONNECT clk_wiz_inst\.clkout2_buf.O ddr3_top_inst\.ddr3_phy_inst\.genblk5\[4\]\.ISERDESE2_data.CLKB (1279:1279:1279) (1279:1279:1279))
dq_dqs_input,False,0.0,1179.0,1179.0,INTERCONNECT:ddr3_top_inst.ddr3_phy_inst.genblk5[4].ISERDESE2_data.CLKDIV,(INTERCONNECT clk_wiz_inst\.clkout1_buf.O ddr3_top_inst\.ddr3_phy_inst\.genblk5\[4\]\.ISERDESE2_data.CLKDIV (1179:1179:1179) (1179:1179:1179)),(INTERCONNECT clk_wiz_inst\.clkout1_buf.O ddr3_top_inst\.ddr3_phy_inst\.genblk5\[4\]\.ISERDESE2_data.CLKDIV (1179:1179:1179) (1179:1179:1179))
dq_dqs_input,False,0.0,85.0,85.0,INTERCONNECT:ddr3_top_inst.ddr3_phy_inst.genblk5[4].ISERDESE2_data.DDLY,(INTERCONNECT ddr3_top_inst\.ddr3_phy_inst\.genblk5\[4\]\.IDELAYE2_data.DATAOUT ddr3_top_inst\.ddr3_phy_inst\.genblk5\[4\]\.ISERDESE2_data.DDLY (85:85:85) (85:85:85)),(INTERCONNECT ddr3_top_inst\.ddr3_phy_inst\.genblk5\[4\]\.IDELAYE2_data.DATAOUT ddr3_top_inst\.ddr3_phy_inst\.genblk5\[4\]\.ISERDESE2_data.DDLY (85:85:85) (85:85:85))
dq_dqs_input,False,0.0,1179.0,1179.0,INTERCONNECT:ddr3_top_inst.ddr3_phy_inst.genblk5[5].IDELAYE2_data.C,(INTERCONNECT clk_wiz_inst\.clkout1_buf.O ddr3_top_inst\.ddr3_phy_inst\.genblk5\[5\]\.IDELAYE2_data.C (1179:1179:1179) (1179:1179:1179)),(INTERCONNECT clk_wiz_inst\.clkout1_buf.O ddr3_top_inst\.ddr3_phy_inst\.genblk5\[5\]\.IDELAYE2_data.C (1179:1179:1179) (1179:1179:1179))
dq_dqs_input,False,0.0,170.0,170.0,INTERCONNECT:ddr3_top_inst.ddr3_phy_inst.genblk5[5].IDELAYE2_data.IDATAIN,(INTERCONNECT ddr3_top_inst\.ddr3_phy_inst\.genblk5\[5\]\.genblk1\.IOBUF_data\$subcell\$IBUF.OUT ddr3_top_inst\.ddr3_phy_inst\.genblk5\[5\]\.IDELAYE2_data.IDATAIN (170:170:170) (170:170:170)),(INTERCONNECT ddr3_top_inst\.ddr3_phy_inst\.genblk5\[5\]\.genblk1\.IOBUF_data\$subcell\$IBUF.OUT ddr3_top_inst\.ddr3_phy_inst\.genblk5\[5\]\.IDELAYE2_data.IDATAIN (170:170:170) (170:170:170))
dq_dqs_input,False,0.0,1279.0,1279.0,INTERCONNECT:ddr3_top_inst.ddr3_phy_inst.genblk5[5].ISERDESE2_data.CLK,(INTERCONNECT clk_wiz_inst\.clkout2_buf.O ddr3_top_inst\.ddr3_phy_inst\.genblk5\[5\]\.ISERDESE2_data.CLK (1279:1279:1279) (1279:1279:1279)),(INTERCONNECT clk_wiz_inst\.clkout2_buf.O ddr3_top_inst\.ddr3_phy_inst\.genblk5\[5\]\.ISERDESE2_data.CLK (1279:1279:1279) (1279:1279:1279))
dq_dqs_input,False,0.0,1279.0,1279.0,INTERCONNECT:ddr3_top_inst.ddr3_phy_inst.genblk5[5].ISERDESE2_data.CLKB,(INTERCONNECT clk_wiz_inst\.clkout2_buf.O ddr3_top_inst\.ddr3_phy_inst\.genblk5\[5\]\.ISERDESE2_data.CLKB (1279:1279:1279) (1279:1279:1279)),(INTERCONNECT clk_wiz_inst\.clkout2_buf.O ddr3_top_inst\.ddr3_phy_inst\.genblk5\[5\]\.ISERDESE2_data.CLKB (1279:1279:1279) (1279:1279:1279))
dq_dqs_input,False,0.0,1179.0,1179.0,INTERCONNECT:ddr3_top_inst.ddr3_phy_inst.genblk5[5].ISERDESE2_data.CLKDIV,(INTERCONNECT clk_wiz_inst\.clkout1_buf.O ddr3_top_inst\.ddr3_phy_inst\.genblk5\[5\]\.ISERDESE2_data.CLKDIV (1179:1179:1179) (1179:1179:1179)),(INTERCONNECT clk_wiz_inst\.clkout1_buf.O ddr3_top_inst\.ddr3_phy_inst\.genblk5\[5\]\.ISERDESE2_data.CLKDIV (1179:1179:1179) (1179:1179:1179))
dq_dqs_input,False,0.0,85.0,85.0,INTERCONNECT:ddr3_top_inst.ddr3_phy_inst.genblk5[5].ISERDESE2_data.DDLY,(INTERCONNECT ddr3_top_inst\.ddr3_phy_inst\.genblk5\[5\]\.IDELAYE2_data.DATAOUT ddr3_top_inst\.ddr3_phy_inst\.genblk5\[5\]\.ISERDESE2_data.DDLY (85:85:85) (85:85:85)),(INTERCONNECT ddr3_top_inst\.ddr3_phy_inst\.genblk5\[5\]\.IDELAYE2_data.DATAOUT ddr3_top_inst\.ddr3_phy_inst\.genblk5\[5\]\.ISERDESE2_data.DDLY (85:85:85) (85:85:85))
dq_dqs_input,False,0.0,1179.0,1179.0,INTERCONNECT:ddr3_top_inst.ddr3_phy_inst.genblk5[6].IDELAYE2_data.C,(INTERCONNECT clk_wiz_inst\.clkout1_buf.O ddr3_top_inst\.ddr3_phy_inst\.genblk5\[6\]\.IDELAYE2_data.C (1179:1179:1179) (1179:1179:1179)),(INTERCONNECT clk_wiz_inst\.clkout1_buf.O ddr3_top_inst\.ddr3_phy_inst\.genblk5\[6\]\.IDELAYE2_data.C (1179:1179:1179) (1179:1179:1179))
dq_dqs_input,False,0.0,170.0,170.0,INTERCONNECT:ddr3_top_inst.ddr3_phy_inst.genblk5[6].IDELAYE2_data.IDATAIN,(INTERCONNECT ddr3_top_inst\.ddr3_phy_inst\.genblk5\[6\]\.genblk1\.IOBUF_data\$subcell\$IBUF.OUT ddr3_top_inst\.ddr3_phy_inst\.genblk5\[6\]\.IDELAYE2_data.IDATAIN (170:170:170) (170:170:170)),(INTERCONNECT ddr3_top_inst\.ddr3_phy_inst\.genblk5\[6\]\.genblk1\.IOBUF_data\$subcell\$IBUF.OUT ddr3_top_inst\.ddr3_phy_inst\.genblk5\[6\]\.IDELAYE2_data.IDATAIN (170:170:170) (170:170:170))
dq_dqs_input,False,0.0,1279.0,1279.0,INTERCONNECT:ddr3_top_inst.ddr3_phy_inst.genblk5[6].ISERDESE2_data.CLK,(INTERCONNECT clk_wiz_inst\.clkout2_buf.O ddr3_top_inst\.ddr3_phy_inst\.genblk5\[6\]\.ISERDESE2_data.CLK (1279:1279:1279) (1279:1279:1279)),(INTERCONNECT clk_wiz_inst\.clkout2_buf.O ddr3_top_inst\.ddr3_phy_inst\.genblk5\[6\]\.ISERDESE2_data.CLK (1279:1279:1279) (1279:1279:1279))
dq_dqs_input,False,0.0,1279.0,1279.0,INTERCONNECT:ddr3_top_inst.ddr3_phy_inst.genblk5[6].ISERDESE2_data.CLKB,(INTERCONNECT clk_wiz_inst\.clkout2_buf.O ddr3_top_inst\.ddr3_phy_inst\.genblk5\[6\]\.ISERDESE2_data.CLKB (1279:1279:1279) (1279:1279:1279)),(INTERCONNECT clk_wiz_inst\.clkout2_buf.O ddr3_top_inst\.ddr3_phy_inst\.genblk5\[6\]\.ISERDESE2_data.CLKB (1279:1279:1279) (1279:1279:1279))
dq_dqs_input,False,0.0,1179.0,1179.0,INTERCONNECT:ddr3_top_inst.ddr3_phy_inst.genblk5[6].ISERDESE2_data.CLKDIV,(INTERCONNECT clk_wiz_inst\.clkout1_buf.O ddr3_top_inst\.ddr3_phy_inst\.genblk5\[6\]\.ISERDESE2_data.CLKDIV (1179:1179:1179) (1179:1179:1179)),(INTERCONNECT clk_wiz_inst\.clkout1_buf.O ddr3_top_inst\.ddr3_phy_inst\.genblk5\[6\]\.ISERDESE2_data.CLKDIV (1179:1179:1179) (1179:1179:1179))
dq_dqs_input,False,0.0,85.0,85.0,INTERCONNECT:ddr3_top_inst.ddr3_phy_inst.genblk5[6].ISERDESE2_data.DDLY,(INTERCONNECT ddr3_top_inst\.ddr3_phy_inst\.genblk5\[6\]\.IDELAYE2_data.DATAOUT ddr3_top_inst\.ddr3_phy_inst\.genblk5\[6\]\.ISERDESE2_data.DDLY (85:85:85) (85:85:85)),(INTERCONNECT ddr3_top_inst\.ddr3_phy_inst\.genblk5\[6\]\.IDELAYE2_data.DATAOUT ddr3_top_inst\.ddr3_phy_inst\.genblk5\[6\]\.ISERDESE2_data.DDLY (85:85:85) (85:85:85))
dq_dqs_input,False,0.0,1179.0,1179.0,INTERCONNECT:ddr3_top_inst.ddr3_phy_inst.genblk5[7].IDELAYE2_data.C,(INTERCONNECT clk_wiz_inst\.clkout1_buf.O ddr3_top_inst\.ddr3_phy_inst\.genblk5\[7\]\.IDELAYE2_data.C (1179:1179:1179) (1179:1179:1179)),(INTERCONNECT clk_wiz_inst\.clkout1_buf.O ddr3_top_inst\.ddr3_phy_inst\.genblk5\[7\]\.IDELAYE2_data.C (1179:1179:1179) (1179:1179:1179))
dq_dqs_input,False,0.0,170.0,170.0,INTERCONNECT:ddr3_top_inst.ddr3_phy_inst.genblk5[7].IDELAYE2_data.IDATAIN,(INTERCONNECT ddr3_top_inst\.ddr3_phy_inst\.genblk5\[7\]\.genblk1\.IOBUF_data\$subcell\$IBUF.OUT ddr3_top_inst\.ddr3_phy_inst\.genblk5\[7\]\.IDELAYE2_data.IDATAIN (170:170:170) (170:170:170)),(INTERCONNECT ddr3_top_inst\.ddr3_phy_inst\.genblk5\[7\]\.genblk1\.IOBUF_data\$subcell\$IBUF.OUT ddr3_top_inst\.ddr3_phy_inst\.genblk5\[7\]\.IDELAYE2_data.IDATAIN (170:170:170) (170:170:170))
dq_dqs_input,False,0.0,1279.0,1279.0,INTERCONNECT:ddr3_top_inst.ddr3_phy_inst.genblk5[7].ISERDESE2_data.CLK,(INTERCONNECT clk_wiz_inst\.clkout2_buf.O ddr3_top_inst\.ddr3_phy_inst\.genblk5\[7\]\.ISERDESE2_data.CLK (1279:1279:1279) (1279:1279:1279)),(INTERCONNECT clk_wiz_inst\.clkout2_buf.O ddr3_top_inst\.ddr3_phy_inst\.genblk5\[7\]\.ISERDESE2_data.CLK (1279:1279:1279) (1279:1279:1279))
dq_dqs_input,False,0.0,1279.0,1279.0,INTERCONNECT:ddr3_top_inst.ddr3_phy_inst.genblk5[7].ISERDESE2_data.CLKB,(INTERCONNECT clk_wiz_inst\.clkout2_buf.O ddr3_top_inst\.ddr3_phy_inst\.genblk5\[7\]\.ISERDESE2_data.CLKB (1279:1279:1279) (1279:1279:1279)),(INTERCONNECT clk_wiz_inst\.clkout2_buf.O ddr3_top_inst\.ddr3_phy_inst\.genblk5\[7\]\.ISERDESE2_data.CLKB (1279:1279:1279) (1279:1279:1279))
dq_dqs_input,False,0.0,1179.0,1179.0,INTERCONNECT:ddr3_top_inst.ddr3_phy_inst.genblk5[7].ISERDESE2_data.CLKDIV,(INTERCONNECT clk_wiz_inst\.clkout1_buf.O ddr3_top_inst\.ddr3_phy_inst\.genblk5\[7\]\.ISERDESE2_data.CLKDIV (1179:1179:1179) (1179:1179:1179)),(INTERCONNECT clk_wiz_inst\.clkout1_buf.O ddr3_top_inst\.ddr3_phy_inst\.genblk5\[7\]\.ISERDESE2_data.CLKDIV (1179:1179:1179) (1179:1179:1179))
dq_dqs_input,False,0.0,85.0,85.0,INTERCONNECT:ddr3_top_inst.ddr3_phy_inst.genblk5[7].ISERDESE2_data.DDLY,(INTERCONNECT ddr3_top_inst\.ddr3_phy_inst\.genblk5\[7\]\.IDELAYE2_data.DATAOUT ddr3_top_inst\.ddr3_phy_inst\.genblk5\[7\]\.ISERDESE2_data.DDLY (85:85:85) (85:85:85)),(INTERCONNECT ddr3_top_inst\.ddr3_phy_inst\.genblk5\[7\]\.IDELAYE2_data.DATAOUT ddr3_top_inst\.ddr3_phy_inst\.genblk5\[7\]\.ISERDESE2_data.DDLY (85:85:85) (85:85:85))
dq_dqs_input,False,0.0,1179.0,1179.0,INTERCONNECT:ddr3_top_inst.ddr3_phy_inst.genblk5[8].IDELAYE2_data.C,(INTERCONNECT clk_wiz_inst\.clkout1_buf.O ddr3_top_inst\.ddr3_phy_inst\.genblk5\[8\]\.IDELAYE2_data.C (1179:1179:1179) (1179:1179:1179)),(INTERCONNECT clk_wiz_inst\.clkout1_buf.O ddr3_top_inst\.ddr3_phy_inst\.genblk5\[8\]\.IDELAYE2_data.C (1179:1179:1179) (1179:1179:1179))
dq_dqs_input,False,0.0,170.0,170.0,INTERCONNECT:ddr3_top_inst.ddr3_phy_inst.genblk5[8].IDELAYE2_data.IDATAIN,(INTERCONNECT ddr3_top_inst\.ddr3_phy_inst\.genblk5\[8\]\.genblk1\.IOBUF_data\$subcell\$IBUF.OUT ddr3_top_inst\.ddr3_phy_inst\.genblk5\[8\]\.IDELAYE2_data.IDATAIN (170:170:170) (170:170:170)),(INTERCONNECT ddr3_top_inst\.ddr3_phy_inst\.genblk5\[8\]\.genblk1\.IOBUF_data\$subcell\$IBUF.OUT ddr3_top_inst\.ddr3_phy_inst\.genblk5\[8\]\.IDELAYE2_data.IDATAIN (170:170:170) (170:170:170))
dq_dqs_input,False,0.0,1279.0,1279.0,INTERCONNECT:ddr3_top_inst.ddr3_phy_inst.genblk5[8].ISERDESE2_data.CLK,(INTERCONNECT clk_wiz_inst\.clkout2_buf.O ddr3_top_inst\.ddr3_phy_inst\.genblk5\[8\]\.ISERDESE2_data.CLK (1279:1279:1279) (1279:1279:1279)),(INTERCONNECT clk_wiz_inst\.clkout2_buf.O ddr3_top_inst\.ddr3_phy_inst\.genblk5\[8\]\.ISERDESE2_data.CLK (1279:1279:1279) (1279:1279:1279))
dq_dqs_input,False,0.0,1279.0,1279.0,INTERCONNECT:ddr3_top_inst.ddr3_phy_inst.genblk5[8].ISERDESE2_data.CLKB,(INTERCONNECT clk_wiz_inst\.clkout2_buf.O ddr3_top_inst\.ddr3_phy_inst\.genblk5\[8\]\.ISERDESE2_data.CLKB (1279:1279:1279) (1279:1279:1279)),(INTERCONNECT clk_wiz_inst\.clkout2_buf.O ddr3_top_inst\.ddr3_phy_inst\.genblk5\[8\]\.ISERDESE2_data.CLKB (1279:1279:1279) (1279:1279:1279))
dq_dqs_input,False,0.0,1179.0,1179.0,INTERCONNECT:ddr3_top_inst.ddr3_phy_inst.genblk5[8].ISERDESE2_data.CLKDIV,(INTERCONNECT clk_wiz_inst\.clkout1_buf.O ddr3_top_inst\.ddr3_phy_inst\.genblk5\[8\]\.ISERDESE2_data.CLKDIV (1179:1179:1179) (1179:1179:1179)),(INTERCONNECT clk_wiz_inst\.clkout1_buf.O ddr3_top_inst\.ddr3_phy_inst\.genblk5\[8\]\.ISERDESE2_data.CLKDIV (1179:1179:1179) (1179:1179:1179))
