sample,status,metric,family,lane,bit,control_bit,scope,count,min_ps,median_ps,p95_ps,max_ps,spread_ps,value_ps
cntvaluein3-skew-locked-seed-31,pass,cntvaluein_bus_skew,idelay_data_cntvaluein,lane0,dq0,,dq0,5,1207.0,1700.0,2342.0,2342.0,1135.0,1135.0
cntvaluein3-skew-locked-seed-32,pass,cntvaluein_bus_skew,idelay_data_cntvaluein,lane0,dq0,,dq0,5,819.0,1090.0,2246.0,2246.0,1427.0,1427.0
cntvaluein3-skew-locked-seed-33,fail,cntvaluein_bus_skew,idelay_data_cntvaluein,lane0,dq0,,dq0,5,1511.0,1740.0,2105.0,2105.0,594.0,594.0
cntvaluein3-skew-locked-seed-34,pass,cntvaluein_bus_skew,idelay_data_cntvaluein,lane0,dq0,,dq0,5,1148.0,1276.0,2200.0,2200.0,1052.0,1052.0
cntvaluein3-skew-locked-seed-35,pass,cntvaluein_bus_skew,idelay_data_cntvaluein,lane0,dq0,,dq0,5,867.0,972.0,2171.0,2171.0,1304.0,1304.0
cntvaluein3-skew-locked-seed-36,fail,cntvaluein_bus_skew,idelay_data_cntvaluein,lane0,dq0,,dq0,5,1332.0,1465.0,1978.0,1978.0,646.0,646.0
cntvaluein3-skew-locked-seed-37,pass,cntvaluein_bus_skew,idelay_data_cntvaluein,lane0,dq0,,dq0,5,1672.0,1791.0,2128.0,2128.0,456.0,456.0
cntvaluein3-skew-locked-seed-38,pass,cntvaluein_bus_skew,idelay_data_cntvaluein,lane0,dq0,,dq0,5,1708.0,1894.0,2105.0,2105.0,397.0,397.0
cntvaluein3-skew-locked-seed-39,fail,cntvaluein_bus_skew,idelay_data_cntvaluein,lane0,dq0,,dq0,5,1511.0,1876.0,2055.0,2055.0,544.0,544.0
cntvaluein3-skew-locked-seed-40,pass,cntvaluein_bus_skew,idelay_data_cntvaluein,lane0,dq0,,dq0,5,1347.0,2032.0,2118.0,2118.0,771.0,771.0
cntvaluein3-skew-locked-seed-41,fail,cntvaluein_bus_skew,idelay_data_cntvaluein,lane0,dq0,,dq0,5,1187.0,1695.0,1725.0,1725.0,538.0,538.0
cntvaluein3-skew-locked-seed-42,pass,cntvaluein_bus_skew,idelay_data_cntvaluein,lane0,dq0,,dq0,5,1557.0,1725.0,2177.0,2177.0,620.0,620.0
cntvaluein3-skew-locked-seed-43,pass,cntvaluein_bus_skew,idelay_data_cntvaluein,lane0,dq0,,dq0,5,919.0,1029.0,1927.0,1927.0,1008.0,1008.0
cntvaluein3-skew-locked-seed-44,pass,cntvaluein_bus_skew,idelay_data_cntvaluein,lane0,dq0,,dq0,5,916.0,1195.0,2161.0,2161.0,1245.0,1245.0
cntvaluein3-skew-locked-seed-45,fail,cntvaluein_bus_skew,idelay_data_cntvaluein,lane0,dq0,,dq0,5,873.0,1069.0,1402.0,1402.0,529.0,529.0
cntvaluein3-skew-locked-seed-46,pass,cntvaluein_bus_skew,idelay_data_cntvaluein,lane0,dq0,,dq0,5,953.0,1263.0,1560.0,1560.0,607.0,607.0
cntvaluein3-skew-locked-seed-47,pass,cntvaluein_bus_skew,idelay_data_cntvaluein,lane0,dq0,,dq0,5,1847.0,2039.0,2368.0,2368.0,521.0,521.0
cntvaluein3-skew-locked-seed-48,fail,cntvaluein_bus_skew,idelay_data_cntvaluein,lane0,dq0,,dq0,5,962.0,1180.0,1968.0,1968.0,1006.0,1006.0
cntvaluein3-skew-locked-seed-49,pass,cntvaluein_bus_skew,idelay_data_cntvaluein,lane0,dq0,,dq0,5,1062.0,1980.0,2476.0,2476.0,1414.0,1414.0
cntvaluein3-skew-locked-seed-50,fail,cntvaluein_bus_skew,idelay_data_cntvaluein,lane0,dq0,,dq0,5,1197.0,1633.0,1922.0,1922.0,725.0,725.0
cntvaluein3-skew-locked-seed-51,fail,cntvaluein_bus_skew,idelay_data_cntvaluein,lane0,dq0,,dq0,5,869.0,1177.0,1893.0,1893.0,1024.0,1024.0
cntvaluein3-skew-locked-seed-52,fail,cntvaluein_bus_skew,idelay_data_cntvaluein,lane0,dq0,,dq0,5,1230.0,1980.0,2154.0,2154.0,924.0,924.0
cntvaluein3-skew-locked-seed-53,fail,cntvaluein_bus_skew,idelay_data_cntvaluein,lane0,dq0,,dq0,5,1444.0,1582.0,2069.0,2069.0,625.0,625.0
cntvaluein3-skew-locked-seed-54,pass,cntvaluein_bus_skew,idelay_data_cntvaluein,lane0,dq0,,dq0,5,989.0,1230.0,2023.0,2023.0,1034.0,1034.0
cntvaluein3-skew-locked-seed-55,pass,cntvaluein_bus_skew,idelay_data_cntvaluein,lane0,dq0,,dq0,5,1842.0,1968.0,2183.0,2183.0,341.0,341.0
cntvaluein3-skew-locked-seed-56,pass,cntvaluein_bus_skew,idelay_data_cntvaluein,lane0,dq0,,dq0,5,1072.0,1514.0,2392.0,2392.0,1320.0,1320.0
cntvaluein3-skew-locked-seed-57,pass,cntvaluein_bus_skew,idelay_data_cntvaluein,lane0,dq0,,dq0,5,1560.0,1710.0,2483.0,2483.0,923.0,923.0
cntvaluein3-skew-locked-seed-58,pass,cntvaluein_bus_skew,idelay_data_cntvaluein,lane0,dq0,,dq0,5,1412.0,1511.0,1921.0,1921.0,509.0,509.0
cntvaluein3-skew-locked-seed-59,pass,cntvaluein_bus_skew,idelay_data_cntvaluein,lane0,dq0,,dq0,5,1001.0,1338.0,1853.0,1853.0,852.0,852.0
cntvaluein3-skew-locked-seed-60,fail,cntvaluein_bus_skew,idelay_data_cntvaluein,lane0,dq0,,dq0,5,1254.0,1646.0,2134.0,2134.0,880.0,880.0
cntvaluein3-skew-locked-seed-31,pass,cntvaluein_bus_skew,idelay_data_cntvaluein,lane0,dq1,,dq1,5,1231.0,1759.0,2305.0,2305.0,1074.0,1074.0
cntvaluein3-skew-locked-seed-32,pass,cntvaluein_bus_skew,idelay_data_cntvaluein,lane0,dq1,,dq1,5,904.0,1113.0,2253.0,2253.0,1349.0,1349.0
cntvaluein3-skew-locked-seed-33,fail,cntvaluein_bus_skew,idelay_data_cntvaluein,lane0,dq1,,dq1,5,1601.0,1684.0,2193.0,2193.0,592.0,592.0
cntvaluein3-skew-locked-seed-34,pass,cntvaluein_bus_skew,idelay_data_cntvaluein,lane0,dq1,,dq1,5,1190.0,1361.0,2150.0,2150.0,960.0,960.0
cntvaluein3-skew-locked-seed-35,pass,cntvaluein_bus_skew,idelay_data_cntvaluein,lane0,dq1,,dq1,5,954.0,1146.0,2160.0,2160.0,1206.0,1206.0
cntvaluein3-skew-locked-seed-36,fail,cntvaluein_bus_skew,idelay_data_cntvaluein,lane0,dq1,,dq1,5,1273.0,1552.0,2069.0,2069.0,796.0,796.0
cntvaluein3-skew-locked-seed-37,pass,cntvaluein_bus_skew,idelay_data_cntvaluein,lane0,dq1,,dq1,5,1679.0,1830.0,2128.0,2128.0,449.0,449.0
cntvaluein3-skew-locked-seed-38,pass,cntvaluein_bus_skew,idelay_data_cntvaluein,lane0,dq1,,dq1,5,1621.0,1985.0,2190.0,2190.0,569.0,569.0
cntvaluein3-skew-locked-seed-39,fail,cntvaluein_bus_skew,idelay_data_cntvaluein,lane0,dq1,,dq1,5,1422.0,1952.0,2109.0,2109.0,687.0,687.0
cntvaluein3-skew-locked-seed-40,pass,cntvaluein_bus_skew,idelay_data_cntvaluein,lane0,dq1,,dq1,5,1523.0,2032.0,2125.0,2125.0,602.0,602.0
cntvaluein3-skew-locked-seed-41,fail,cntvaluein_bus_skew,idelay_data_cntvaluein,lane0,dq1,,dq1,5,1271.0,1782.0,1809.0,1809.0,538.0,538.0
cntvaluein3-skew-locked-seed-42,pass,cntvaluein_bus_skew,idelay_data_cntvaluein,lane0,dq1,,dq1,5,1549.0,1809.0,2180.0,2180.0,631.0,631.0
cntvaluein3-skew-locked-seed-43,pass,cntvaluein_bus_skew,idelay_data_cntvaluein,lane0,dq1,,dq1,5,1052.0,1085.0,2019.0,2019.0,967.0,967.0
cntvaluein3-skew-locked-seed-44,pass,cntvaluein_bus_skew,idelay_data_cntvaluein,lane0,dq1,,dq1,5,945.0,1195.0,2246.0,2246.0,1301.0,1301.0
cntvaluein3-skew-locked-seed-45,fail,cntvaluein_bus_skew,idelay_data_cntvaluein,lane0,dq1,,dq1,5,961.0,1133.0,1488.0,1488.0,527.0,527.0
cntvaluein3-skew-locked-seed-46,pass,cntvaluein_bus_skew,idelay_data_cntvaluein,lane0,dq1,,dq1,5,949.0,1353.0,1646.0,1646.0,697.0,697.0
cntvaluein3-skew-locked-seed-47,pass,cntvaluein_bus_skew,idelay_data_cntvaluein,lane0,dq1,,dq1,5,1906.0,2128.0,2451.0,2451.0,545.0,545.0
cntvaluein3-skew-locked-seed-48,fail,cntvaluein_bus_skew,idelay_data_cntvaluein,lane0,dq1,,dq1,5,1083.0,1126.0,1995.0,1995.0,912.0,912.0
cntvaluein3-skew-locked-seed-49,pass,cntvaluein_bus_skew,idelay_data_cntvaluein,lane0,dq1,,dq1,5,1065.0,1899.0,2568.0,2568.0,1503.0,1503.0
cntvaluein3-skew-locked-seed-50,fail,cntvaluein_bus_skew,idelay_data_cntvaluein,lane0,dq1,,dq1,5,1281.0,1718.0,2013.0,2013.0,732.0,732.0
cntvaluein3-skew-locked-seed-51,fail,cntvaluein_bus_skew,idelay_data_cntvaluein,lane0,dq1,,dq1,5,959.0,1207.0,1922.0,1922.0,963.0,963.0
cntvaluein3-skew-locked-seed-52,fail,cntvaluein_bus_skew,idelay_data_cntvaluein,lane0,dq1,,dq1,5,1149.0,2065.0,2144.0,2144.0,995.0,995.0
cntvaluein3-skew-locked-seed-53,fail,cntvaluein_bus_skew,idelay_data_cntvaluein,lane0,dq1,,dq1,5,1493.0,1572.0,2151.0,2151.0,658.0,658.0
cntvaluein3-skew-locked-seed-54,pass,cntvaluein_bus_skew,idelay_data_cntvaluein,lane0,dq1,,dq1,5,1149.0,1192.0,2108.0,2108.0,959.0,959.0
cntvaluein3-skew-locked-seed-55,pass,cntvaluein_bus_skew,idelay_data_cntvaluein,lane0,dq1,,dq1,5,1911.0,2059.0,2196.0,2196.0,285.0,285.0
cntvaluein3-skew-locked-seed-56,pass,cntvaluein_bus_skew,idelay_data_cntvaluein,lane0,dq1,,dq1,5,1062.0,1490.0,2420.0,2420.0,1358.0,1358.0
cntvaluein3-skew-locked-seed-57,pass,cntvaluein_bus_skew,idelay_data_cntvaluein,lane0,dq1,,dq1,5,1628.0,1763.0,2596.0,2596.0,968.0,968.0
cntvaluein3-skew-locked-seed-58,pass,cntvaluein_bus_skew,idelay_data_cntvaluein,lane0,dq1,,dq1,5,1452.0,1595.0,2009.0,2009.0,557.0,557.0
cntvaluein3-skew-locked-seed-59,pass,cntvaluein_bus_skew,idelay_data_cntvaluein,lane0,dq1,,dq1,5,1085.0,1598.0,1937.0,1937.0,852.0,852.0
cntvaluein3-skew-locked-seed-60,fail,cntvaluein_bus_skew,idelay_data_cntvaluein,lane0,dq1,,dq1,5,1307.0,1736.0,2190.0,2190.0,883.0,883.0
cntvaluein3-skew-locked-seed-31,pass,cntvaluein_bus_skew,idelay_data_cntvaluein,lane0,dq2,,dq2,5,1075.0,1842.0,2398.0,2398.0,1323.0,1323.0
cntvaluein3-skew-locked-seed-32,pass,cntvaluein_bus_skew,idelay_data_cntvaluein,lane0,dq2,,dq2,5,934.0,998.0,2348.0,2348.0,1414.0,1414.0
cntvaluein3-skew-locked-seed-33,fail,cntvaluein_bus_skew,idelay_data_cntvaluein,lane0,dq2,,dq2,5,1671.0,1777.0,2288.0,2288.0,617.0,617.0
cntvaluein3-skew-locked-seed-34,pass,cntvaluein_bus_skew,idelay_data_cntvaluein,lane0,dq2,,dq2,5,1144.0,1332.0,2068.0,2068.0,924.0,924.0
cntvaluein3-skew-locked-seed-35,pass,cntvaluein_bus_skew,idelay_data_cntvaluein,lane0,dq2,,dq2,5,875.0,1052.0,2164.0,2164.0,1289.0,1289.0
cntvaluein3-skew-locked-seed-36,fail,cntvaluein_bus_skew,idelay_data_cntvaluein,lane0,dq2,,dq2,5,1366.0,1575.0,2246.0,2246.0,880.0,880.0
cntvaluein3-skew-locked-seed-37,pass,cntvaluein_bus_skew,idelay_data_cntvaluein,lane0,dq2,,dq2,5,1611.0,1738.0,1949.0,1949.0,338.0,338.0
cntvaluein3-skew-locked-seed-38,pass,cntvaluein_bus_skew,idelay_data_cntvaluein,lane0,dq2,,dq2,5,1853.0,2078.0,2098.0,2098.0,245.0,245.0
cntvaluein3-skew-locked-seed-39,fail,cntvaluein_bus_skew,idelay_data_cntvaluein,lane0,dq2,,dq2,5,1516.0,1876.0,2016.0,2016.0,500.0,500.0
cntvaluein3-skew-locked-seed-40,pass,cntvaluein_bus_skew,idelay_data_cntvaluein,lane0,dq2,,dq2,5,1383.0,1950.0,2217.0,2217.0,834.0,834.0
cntvaluein3-skew-locked-seed-41,fail,cntvaluein_bus_skew,idelay_data_cntvaluein,lane0,dq2,,dq2,5,1213.0,1878.0,1902.0,1902.0,689.0,689.0
cntvaluein3-skew-locked-seed-42,pass,cntvaluein_bus_skew,idelay_data_cntvaluein,lane0,dq2,,dq2,5,1675.0,1741.0,1917.0,1917.0,242.0,242.0
cntvaluein3-skew-locked-seed-43,pass,cntvaluein_bus_skew,idelay_data_cntvaluein,lane0,dq2,,dq2,5,1034.0,1144.0,2111.0,2111.0,1077.0,1077.0
cntvaluein3-skew-locked-seed-44,pass,cntvaluein_bus_skew,idelay_data_cntvaluein,lane0,dq2,,dq2,5,1039.0,1291.0,2338.0,2338.0,1299.0,1299.0
cntvaluein3-skew-locked-seed-45,fail,cntvaluein_bus_skew,idelay_data_cntvaluein,lane0,dq2,,dq2,5,920.0,1055.0,1481.0,1481.0,561.0,561.0
cntvaluein3-skew-locked-seed-46,pass,cntvaluein_bus_skew,idelay_data_cntvaluein,lane0,dq2,,dq2,5,945.0,1447.0,1738.0,1738.0,793.0,793.0
cntvaluein3-skew-locked-seed-47,pass,cntvaluein_bus_skew,idelay_data_cntvaluein,lane0,dq2,,dq2,5,1674.0,2072.0,2332.0,2332.0,658.0,658.0
cntvaluein3-skew-locked-seed-48,fail,cntvaluein_bus_skew,idelay_data_cntvaluein,lane0,dq2,,dq2,5,1129.0,1220.0,2089.0,2089.0,960.0,960.0
cntvaluein3-skew-locked-seed-49,pass,cntvaluein_bus_skew,idelay_data_cntvaluein,lane0,dq2,,dq2,5,1161.0,1980.0,2443.0,2443.0,1282.0,1282.0
cntvaluein3-skew-locked-seed-50,fail,cntvaluein_bus_skew,idelay_data_cntvaluein,lane0,dq2,,dq2,5,1248.0,1769.0,2105.0,2105.0,857.0,857.0
cntvaluein3-skew-locked-seed-51,fail,cntvaluein_bus_skew,idelay_data_cntvaluein,lane0,dq2,,dq2,5,885.0,1054.0,2015.0,2015.0,1130.0,1130.0
cntvaluein3-skew-locked-seed-52,fail,cntvaluein_bus_skew,idelay_data_cntvaluein,lane0,dq2,,dq2,5,1319.0,2028.0,2161.0,2161.0,842.0,842.0
cntvaluein3-skew-locked-seed-53,fail,cntvaluein_bus_skew,idelay_data_cntvaluein,lane0,dq2,,dq2,5,1342.0,1738.0,1947.0,1947.0,605.0,605.0
cntvaluein3-skew-locked-seed-54,pass,cntvaluein_bus_skew,idelay_data_cntvaluein,lane0,dq2,,dq2,5,1103.0,1243.0,2201.0,2201.0,1098.0,1098.0
cntvaluein3-skew-locked-seed-55,pass,cntvaluein_bus_skew,idelay_data_cntvaluein,lane0,dq2,,dq2,5,1911.0,2153.0,2361.0,2361.0,450.0,450.0
cntvaluein3-skew-locked-seed-56,pass,cntvaluein_bus_skew,idelay_data_cntvaluein,lane0,dq2,,dq2,5,1149.0,1452.0,2513.0,2513.0,1364.0,1364.0
cntvaluein3-skew-locked-seed-57,pass,cntvaluein_bus_skew,idelay_data_cntvaluein,lane0,dq2,,dq2,5,1763.0,1860.0,2690.0,2690.0,927.0,927.0
cntvaluein3-skew-locked-seed-58,pass,cntvaluein_bus_skew,idelay_data_cntvaluein,lane0,dq2,,dq2,5,1531.0,1597.0,2104.0,2104.0,573.0,573.0
cntvaluein3-skew-locked-seed-59,pass,cntvaluein_bus_skew,idelay_data_cntvaluein,lane0,dq2,,dq2,5,1179.0,1600.0,2029.0,2029.0,850.0,850.0
cntvaluein3-skew-locked-seed-60,fail,cntvaluein_bus_skew,idelay_data_cntvaluein,lane0,dq2,,dq2,5,1256.0,1830.0,2095.0,2095.0,839.0,839.0
cntvaluein3-skew-locked-seed-31,pass,cntvaluein_bus_skew,idelay_data_cntvaluein,lane0,dq3,,dq3,5,1118.0,1470.0,1934.0,1934.0,816.0,816.0
cntvaluein3-skew-locked-seed-32,pass,cntvaluein_bus_skew,idelay_data_cntvaluein,lane0,dq3,,dq3,5,726.0,815.0,1855.0,1855.0,1129.0,1129.0
cntvaluein3-skew-locked-seed-33,fail,cntvaluein_bus_skew,idelay_data_cntvaluein,lane0,dq3,,dq3,5,1223.0,1588.0,1975.0,1975.0,752.0,752.0
cntvaluein3-skew-locked-seed-34,pass,cntvaluein_bus_skew,idelay_data_cntvaluein,lane0,dq3,,dq3,5,936.0,1097.0,2124.0,2124.0,1188.0,1188.0
cntvaluein3-skew-locked-seed-35,pass,cntvaluein_bus_skew,idelay_data_cntvaluein,lane0,dq3,,dq3,5,676.0,893.0,1940.0,1940.0,1264.0,1264.0
cntvaluein3-skew-locked-seed-36,fail,cntvaluein_bus_skew,idelay_data_cntvaluein,lane0,dq3,,dq3,5,1302.0,1493.0,1766.0,1766.0,464.0,464.0
cntvaluein3-skew-locked-seed-37,pass,cntvaluein_bus_skew,idelay_data_cntvaluein,lane0,dq3,,dq3,5,1409.0,1565.0,1891.0,1891.0,482.0,482.0
cntvaluein3-skew-locked-seed-38,pass,cntvaluein_bus_skew,idelay_data_cntvaluein,lane0,dq3,,dq3,5,1541.0,1743.0,1875.0,1875.0,334.0,334.0
cntvaluein3-skew-locked-seed-39,fail,cntvaluein_bus_skew,idelay_data_cntvaluein,lane0,dq3,,dq3,5,1430.0,1764.0,1914.0,1914.0,484.0,484.0
cntvaluein3-skew-locked-seed-40,pass,cntvaluein_bus_skew,idelay_data_cntvaluein,lane0,dq3,,dq3,5,1332.0,1444.0,1858.0,1858.0,526.0,526.0
cntvaluein3-skew-locked-seed-41,fail,cntvaluein_bus_skew,idelay_data_cntvaluein,lane0,dq3,,dq3,5,1338.0,1437.0,1740.0,1740.0,402.0,402.0
cntvaluein3-skew-locked-seed-42,pass,cntvaluein_bus_skew,idelay_data_cntvaluein,lane0,dq3,,dq3,5,1401.0,1754.0,1769.0,1769.0,368.0,368.0
cntvaluein3-skew-locked-seed-43,pass,cntvaluein_bus_skew,idelay_data_cntvaluein,lane0,dq3,,dq3,5,680.0,841.0,2174.0,2174.0,1494.0,1494.0
cntvaluein3-skew-locked-seed-44,pass,cntvaluein_bus_skew,idelay_data_cntvaluein,lane0,dq3,,dq3,5,943.0,1070.0,2193.0,2193.0,1250.0,1250.0
cntvaluein3-skew-locked-seed-45,fail,cntvaluein_bus_skew,idelay_data_cntvaluein,lane0,dq3,,dq3,5,777.0,889.0,1532.0,1532.0,755.0,755.0
cntvaluein3-skew-locked-seed-46,pass,cntvaluein_bus_skew,idelay_data_cntvaluein,lane0,dq3,,dq3,5,977.0,1067.0,1669.0,1669.0,692.0,692.0
cntvaluein3-skew-locked-seed-47,pass,cntvaluein_bus_skew,idelay_data_cntvaluein,lane0,dq3,,dq3,5,1616.0,1690.0,2221.0,2221.0,605.0,605.0
cntvaluein3-skew-locked-seed-48,fail,cntvaluein_bus_skew,idelay_data_cntvaluein,lane0,dq3,,dq3,5,906.0,1074.0,1909.0,1909.0,1003.0,1003.0
cntvaluein3-skew-locked-seed-49,pass,cntvaluein_bus_skew,idelay_data_cntvaluein,lane0,dq3,,dq3,5,1075.0,1843.0,2295.0,2295.0,1220.0,1220.0
cntvaluein3-skew-locked-seed-50,fail,cntvaluein_bus_skew,idelay_data_cntvaluein,lane0,dq3,,dq3,5,1121.0,1569.0,1718.0,1718.0,597.0,597.0
cntvaluein3-skew-locked-seed-51,fail,cntvaluein_bus_skew,idelay_data_cntvaluein,lane0,dq3,,dq3,5,791.0,1202.0,1832.0,1832.0,1041.0,1041.0
cntvaluein3-skew-locked-seed-52,fail,cntvaluein_bus_skew,idelay_data_cntvaluein,lane0,dq3,,dq3,5,1151.0,1922.0,2078.0,2078.0,927.0,927.0
cntvaluein3-skew-locked-seed-53,fail,cntvaluein_bus_skew,idelay_data_cntvaluein,lane0,dq3,,dq3,5,1149.0,1391.0,1889.0,1889.0,740.0,740.0
cntvaluein3-skew-locked-seed-54,pass,cntvaluein_bus_skew,idelay_data_cntvaluein,lane0,dq3,,dq3,5,917.0,1001.0,1970.0,1970.0,1053.0,1053.0
cntvaluein3-skew-locked-seed-55,pass,cntvaluein_bus_skew,idelay_data_cntvaluein,lane0,dq3,,dq3,5,1636.0,1722.0,2073.0,2073.0,437.0,437.0
cntvaluein3-skew-locked-seed-56,pass,cntvaluein_bus_skew,idelay_data_cntvaluein,lane0,dq3,,dq3,5,1230.0,1480.0,1990.0,1990.0,760.0,760.0
cntvaluein3-skew-locked-seed-57,pass,cntvaluein_bus_skew,idelay_data_cntvaluein,lane0,dq3,,dq3,5,1506.0,1654.0,2252.0,2252.0,746.0,746.0
cntvaluein3-skew-locked-seed-58,pass,cntvaluein_bus_skew,idelay_data_cntvaluein,lane0,dq3,,dq3,5,1118.0,1347.0,1646.0,1646.0,528.0,528.0
cntvaluein3-skew-locked-seed-59,pass,cntvaluein_bus_skew,idelay_data_cntvaluein,lane0,dq3,,dq3,5,1075.0,1465.0,1723.0,1723.0,648.0,648.0
cntvaluein3-skew-locked-seed-60,fail,cntvaluein_bus_skew,idelay_data_cntvaluein,lane0,dq3,,dq3,5,1070.0,1455.0,1904.0,1904.0,834.0,834.0
cntvaluein3-skew-locked-seed-31,pass,cntvaluein_bus_skew,idelay_data_cntvaluein,lane0,dq4,,dq4,5,1322.0,1692.0,2395.0,2395.0,1073.0,1073.0
cntvaluein3-skew-locked-seed-32,pass,cntvaluein_bus_skew,idelay_data_cntvaluein,lane0,dq4,,dq4,5,986.0,1029.0,2279.0,2279.0,1293.0,1293.0
cntvaluein3-skew-locked-seed-33,fail,cntvaluein_bus_skew,idelay_data_cntvaluein,lane0,dq4,,dq4,5,1692.0,1792.0,2280.0,2280.0,588.0,588.0
cntvaluein3-skew-locked-seed-34,pass,cntvaluein_bus_skew,idelay_data_cntvaluein,lane0,dq4,,dq4,5,1190.0,1447.0,2069.0,2069.0,879.0,879.0
cntvaluein3-skew-locked-seed-35,pass,cntvaluein_bus_skew,idelay_data_cntvaluein,lane0,dq4,,dq4,5,962.0,1049.0,2078.0,2078.0,1116.0,1116.0
cntvaluein3-skew-locked-seed-36,fail,cntvaluein_bus_skew,idelay_data_cntvaluein,lane0,dq4,,dq4,5,1360.0,1491.0,2154.0,2154.0,794.0,794.0
cntvaluein3-skew-locked-seed-37,pass,cntvaluein_bus_skew,idelay_data_cntvaluein,lane0,dq4,,dq4,5,1738.0,1789.0,2029.0,2029.0,291.0,291.0
cntvaluein3-skew-locked-seed-38,pass,cntvaluein_bus_skew,idelay_data_cntvaluein,lane0,dq4,,dq4,5,1842.0,2065.0,2276.0,2276.0,434.0,434.0
cntvaluein3-skew-locked-seed-39,fail,cntvaluein_bus_skew,idelay_data_cntvaluein,lane0,dq4,,dq4,5,1514.0,1871.0,2194.0,2194.0,680.0,680.0
cntvaluein3-skew-locked-seed-40,pass,cntvaluein_bus_skew,idelay_data_cntvaluein,lane0,dq4,,dq4,5,1442.0,2038.0,2216.0,2216.0,774.0,774.0
cntvaluein3-skew-locked-seed-41,fail,cntvaluein_bus_skew,idelay_data_cntvaluein,lane0,dq4,,dq4,5,1355.0,1633.0,1879.0,1879.0,524.0,524.0
cntvaluein3-skew-locked-seed-42,pass,cntvaluein_bus_skew,idelay_data_cntvaluein,lane0,dq4,,dq4,5,1633.0,1850.0,1998.0,1998.0,365.0,365.0
cntvaluein3-skew-locked-seed-43,pass,cntvaluein_bus_skew,idelay_data_cntvaluein,lane0,dq4,,dq4,5,921.0,1143.0,2109.0,2109.0,1188.0,1188.0
cntvaluein3-skew-locked-seed-44,pass,cntvaluein_bus_skew,idelay_data_cntvaluein,lane0,dq4,,dq4,5,1036.0,1212.0,2336.0,2336.0,1300.0,1300.0
cntvaluein3-skew-locked-seed-45,fail,cntvaluein_bus_skew,idelay_data_cntvaluein,lane0,dq4,,dq4,5,939.0,1223.0,1396.0,1396.0,457.0,457.0
cntvaluein3-skew-locked-seed-46,pass,cntvaluein_bus_skew,idelay_data_cntvaluein,lane0,dq4,,dq4,5,1034.0,1371.0,1582.0,1582.0,548.0,548.0
cntvaluein3-skew-locked-seed-47,pass,cntvaluein_bus_skew,idelay_data_cntvaluein,lane0,dq4,,dq4,5,1754.0,2135.0,2460.0,2460.0,706.0,706.0
cntvaluein3-skew-locked-seed-48,fail,cntvaluein_bus_skew,idelay_data_cntvaluein,lane0,dq4,,dq4,5,1044.0,1269.0,2079.0,2079.0,1035.0,1035.0
cntvaluein3-skew-locked-seed-49,pass,cntvaluein_bus_skew,idelay_data_cntvaluein,lane0,dq4,,dq4,5,1241.0,1981.0,2658.0,2658.0,1417.0,1417.0
cntvaluein3-skew-locked-seed-50,fail,cntvaluein_bus_skew,idelay_data_cntvaluein,lane0,dq4,,dq4,5,1365.0,1809.0,2104.0,2104.0,739.0,739.0
cntvaluein3-skew-locked-seed-51,fail,cntvaluein_bus_skew,idelay_data_cntvaluein,lane0,dq4,,dq4,5,1047.0,1062.0,2013.0,2013.0,966.0,966.0
cntvaluein3-skew-locked-seed-52,fail,cntvaluein_bus_skew,idelay_data_cntvaluein,lane0,dq4,,dq4,5,1233.0,2115.0,2158.0,2158.0,925.0,925.0
cntvaluein3-skew-locked-seed-53,fail,cntvaluein_bus_skew,idelay_data_cntvaluein,lane0,dq4,,dq4,5,1343.0,1825.0,2236.0,2236.0,893.0,893.0
cntvaluein3-skew-locked-seed-54,pass,cntvaluein_bus_skew,idelay_data_cntvaluein,lane0,dq4,,dq4,5,1184.0,1236.0,2194.0,2194.0,1010.0,1010.0
cntvaluein3-skew-locked-seed-55,pass,cntvaluein_bus_skew,idelay_data_cntvaluein,lane0,dq4,,dq4,5,1830.0,2151.0,2355.0,2355.0,525.0,525.0
cntvaluein3-skew-locked-seed-56,pass,cntvaluein_bus_skew,idelay_data_cntvaluein,lane0,dq4,,dq4,5,1065.0,1450.0,2510.0,2510.0,1445.0,1445.0
cntvaluein3-skew-locked-seed-57,pass,cntvaluein_bus_skew,idelay_data_cntvaluein,lane0,dq4,,dq4,5,1712.0,1850.0,2687.0,2687.0,975.0,975.0
cntvaluein3-skew-locked-seed-58,pass,cntvaluein_bus_skew,idelay_data_cntvaluein,lane0,dq4,,dq4,5,1537.0,1595.0,2096.0,2096.0,559.0,559.0
cntvaluein3-skew-locked-seed-59,pass,cntvaluein_bus_skew,idelay_data_cntvaluein,lane0,dq4,,dq4,5,1169.0,1434.0,2029.0,2029.0,860.0,860.0
cntvaluein3-skew-locked-seed-60,fail,cntvaluein_bus_skew,idelay_data_cntvaluein,lane0,dq4,,dq4,5,1172.0,1827.0,2107.0,2107.0,935.0,935.0
cntvaluein3-skew-locked-seed-31,pass,cntvaluein_bus_skew,idelay_data_cntvaluein,lane0,dq5,,dq5,5,1031.0,1437.0,2026.0,2026.0,995.0,995.0
cntvaluein3-skew-locked-seed-32,pass,cntvaluein_bus_skew,idelay_data_cntvaluein,lane0,dq5,,dq5,5,810.0,903.0,1774.0,1774.0,964.0,964.0
cntvaluein3-skew-locked-seed-33,fail,cntvaluein_bus_skew,idelay_data_cntvaluein,lane0,dq5,,dq5,5,1307.0,1639.0,2062.0,2062.0,755.0,755.0
cntvaluein3-skew-locked-seed-34,pass,cntvaluein_bus_skew,idelay_data_cntvaluein,lane0,dq5,,dq5,5,800.0,1187.0,2036.0,2036.0,1236.0,1236.0
cntvaluein3-skew-locked-seed-35,pass,cntvaluein_bus_skew,idelay_data_cntvaluein,lane0,dq5,,dq5,5,764.0,864.0,2026.0,2026.0,1262.0,1262.0
cntvaluein3-skew-locked-seed-36,fail,cntvaluein_bus_skew,idelay_data_cntvaluein,lane0,dq5,,dq5,5,1358.0,1588.0,1699.0,1699.0,341.0,341.0
cntvaluein3-skew-locked-seed-37,pass,cntvaluein_bus_skew,idelay_data_cntvaluein,lane0,dq5,,dq5,5,1458.0,1656.0,1809.0,1809.0,351.0,351.0
cntvaluein3-skew-locked-seed-38,pass,cntvaluein_bus_skew,idelay_data_cntvaluein,lane0,dq5,,dq5,5,1593.0,1661.0,1927.0,1927.0,334.0,334.0
cntvaluein3-skew-locked-seed-39,fail,cntvaluein_bus_skew,idelay_data_cntvaluein,lane0,dq5,,dq5,5,1521.0,1855.0,1998.0,1998.0,477.0,477.0
cntvaluein3-skew-locked-seed-40,pass,cntvaluein_bus_skew,idelay_data_cntvaluein,lane0,dq5,,dq5,5,1261.0,1363.0,1810.0,1810.0,549.0,549.0
cntvaluein3-skew-locked-seed-41,fail,cntvaluein_bus_skew,idelay_data_cntvaluein,lane0,dq5,,dq5,5,1101.0,1440.0,1830.0,1830.0,729.0,729.0
cntvaluein3-skew-locked-seed-42,pass,cntvaluein_bus_skew,idelay_data_cntvaluein,lane0,dq5,,dq5,5,1496.0,1736.0,1845.0,1845.0,349.0,349.0
cntvaluein3-skew-locked-seed-43,pass,cntvaluein_bus_skew,idelay_data_cntvaluein,lane0,dq5,,dq5,5,806.0,929.0,2094.0,2094.0,1288.0,1288.0
cntvaluein3-skew-locked-seed-44,pass,cntvaluein_bus_skew,idelay_data_cntvaluein,lane0,dq5,,dq5,5,939.0,1136.0,2158.0,2158.0,1219.0,1219.0
cntvaluein3-skew-locked-seed-45,fail,cntvaluein_bus_skew,idelay_data_cntvaluein,lane0,dq5,,dq5,5,865.0,975.0,1623.0,1623.0,758.0,758.0
cntvaluein3-skew-locked-seed-46,pass,cntvaluein_bus_skew,idelay_data_cntvaluein,lane0,dq5,,dq5,5,907.0,1157.0,1758.0,1758.0,851.0,851.0
cntvaluein3-skew-locked-seed-47,pass,cntvaluein_bus_skew,idelay_data_cntvaluein,lane0,dq5,,dq5,5,1534.0,1601.0,2180.0,2180.0,646.0,646.0
cntvaluein3-skew-locked-seed-48,fail,cntvaluein_bus_skew,idelay_data_cntvaluein,lane0,dq5,,dq5,5,986.0,1080.0,2000.0,2000.0,1014.0,1014.0
cntvaluein3-skew-locked-seed-49,pass,cntvaluein_bus_skew,idelay_data_cntvaluein,lane0,dq5,,dq5,5,1070.0,1934.0,2380.0,2380.0,1310.0,1310.0
cntvaluein3-skew-locked-seed-50,fail,cntvaluein_bus_skew,idelay_data_cntvaluein,lane0,dq5,,dq5,5,1208.0,1577.0,1774.0,1774.0,566.0,566.0
cntvaluein3-skew-locked-seed-51,fail,cntvaluein_bus_skew,idelay_data_cntvaluein,lane0,dq5,,dq5,5,875.0,1207.0,1924.0,1924.0,1049.0,1049.0
cntvaluein3-skew-locked-seed-52,fail,cntvaluein_bus_skew,idelay_data_cntvaluein,lane0,dq5,,dq5,5,1297.0,1958.0,2170.0,2170.0,873.0,873.0
cntvaluein3-skew-locked-seed-53,fail,cntvaluein_bus_skew,idelay_data_cntvaluein,lane0,dq5,,dq5,5,1146.0,1511.0,1807.0,1807.0,661.0,661.0
cntvaluein3-skew-locked-seed-54,pass,cntvaluein_bus_skew,idelay_data_cntvaluein,lane0,dq5,,dq5,5,824.0,1088.0,2062.0,2062.0,1238.0,1238.0
cntvaluein3-skew-locked-seed-55,pass,cntvaluein_bus_skew,idelay_data_cntvaluein,lane0,dq5,,dq5,5,1720.0,1807.0,2246.0,2246.0,526.0,526.0
cntvaluein3-skew-locked-seed-56,pass,cntvaluein_bus_skew,idelay_data_cntvaluein,lane0,dq5,,dq5,5,1143.0,1544.0,1980.0,1980.0,837.0,837.0
cntvaluein3-skew-locked-seed-57,pass,cntvaluein_bus_skew,idelay_data_cntvaluein,lane0,dq5,,dq5,5,1402.0,1648.0,2171.0,2171.0,769.0,769.0
cntvaluein3-skew-locked-seed-58,pass,cntvaluein_bus_skew,idelay_data_cntvaluein,lane0,dq5,,dq5,5,1203.0,1430.0,1738.0,1738.0,535.0,535.0
cntvaluein3-skew-locked-seed-59,pass,cntvaluein_bus_skew,idelay_data_cntvaluein,lane0,dq5,,dq5,5,1159.0,1511.0,1641.0,1641.0,482.0,482.0
cntvaluein3-skew-locked-seed-60,fail,cntvaluein_bus_skew,idelay_data_cntvaluein,lane0,dq5,,dq5,5,982.0,1394.0,1960.0,1960.0,978.0,978.0
cntvaluein3-skew-locked-seed-31,pass,cntvaluein_bus_skew,idelay_data_cntvaluein,lane0,dq6,,dq6,5,1065.0,1866.0,2247.0,2247.0,1182.0,1182.0
cntvaluein3-skew-locked-seed-32,pass,cntvaluein_bus_skew,idelay_data_cntvaluein,lane0,dq6,,dq6,5,802.0,1090.0,2072.0,2072.0,1270.0,1270.0
cntvaluein3-skew-locked-seed-33,fail,cntvaluein_bus_skew,idelay_data_cntvaluein,lane0,dq6,,dq6,5,1552.0,1787.0,2382.0,2382.0,830.0,830.0
cntvaluein3-skew-locked-seed-34,pass,cntvaluein_bus_skew,idelay_data_cntvaluein,lane0,dq6,,dq6,5,1008.0,1424.0,2247.0,2247.0,1239.0,1239.0
cntvaluein3-skew-locked-seed-35,pass,cntvaluein_bus_skew,idelay_data_cntvaluein,lane0,dq6,,dq6,5,929.0,1144.0,2114.0,2114.0,1185.0,1185.0
cntvaluein3-skew-locked-seed-36,fail,cntvaluein_bus_skew,idelay_data_cntvaluein,lane0,dq6,,dq6,5,1531.0,1671.0,2338.0,2338.0,807.0,807.0
cntvaluein3-skew-locked-seed-37,pass,cntvaluein_bus_skew,idelay_data_cntvaluein,lane0,dq6,,dq6,5,1508.0,1809.0,1993.0,1993.0,485.0,485.0
cntvaluein3-skew-locked-seed-38,pass,cntvaluein_bus_skew,idelay_data_cntvaluein,lane0,dq6,,dq6,5,1789.0,2048.0,2171.0,2171.0,382.0,382.0
cntvaluein3-skew-locked-seed-39,fail,cntvaluein_bus_skew,idelay_data_cntvaluein,lane0,dq6,,dq6,5,1440.0,1972.0,2003.0,2003.0,563.0,563.0
cntvaluein3-skew-locked-seed-40,pass,cntvaluein_bus_skew,idelay_data_cntvaluein,lane0,dq6,,dq6,5,1478.0,1865.0,2311.0,2311.0,833.0,833.0
cntvaluein3-skew-locked-seed-41,fail,cntvaluein_bus_skew,idelay_data_cntvaluein,lane0,dq6,,dq6,5,1217.0,1973.0,1996.0,1996.0,779.0,779.0
cntvaluein3-skew-locked-seed-42,pass,cntvaluein_bus_skew,idelay_data_cntvaluein,lane0,dq6,,dq6,5,1592.0,1807.0,2009.0,2009.0,417.0,417.0
cntvaluein3-skew-locked-seed-43,pass,cntvaluein_bus_skew,idelay_data_cntvaluein,lane0,dq6,,dq6,5,792.0,1238.0,2204.0,2204.0,1412.0,1412.0
cntvaluein3-skew-locked-seed-44,pass,cntvaluein_bus_skew,idelay_data_cntvaluein,lane0,dq6,,dq6,5,1029.0,1205.0,2431.0,2431.0,1402.0,1402.0
cntvaluein3-skew-locked-seed-45,fail,cntvaluein_bus_skew,idelay_data_cntvaluein,lane0,dq6,,dq6,5,828.0,1151.0,1575.0,1575.0,747.0,747.0
cntvaluein3-skew-locked-seed-46,pass,cntvaluein_bus_skew,idelay_data_cntvaluein,lane0,dq6,,dq6,5,1067.0,1539.0,1832.0,1832.0,765.0,765.0
cntvaluein3-skew-locked-seed-47,pass,cntvaluein_bus_skew,idelay_data_cntvaluein,lane0,dq6,,dq6,5,1817.0,2164.0,2319.0,2319.0,502.0,502.0
cntvaluein3-skew-locked-seed-48,fail,cntvaluein_bus_skew,idelay_data_cntvaluein,lane0,dq6,,dq6,5,903.0,1315.0,2003.0,2003.0,1100.0,1100.0
cntvaluein3-skew-locked-seed-49,pass,cntvaluein_bus_skew,idelay_data_cntvaluein,lane0,dq6,,dq6,5,1256.0,2073.0,2536.0,2536.0,1280.0,1280.0
cntvaluein3-skew-locked-seed-50,fail,cntvaluein_bus_skew,idelay_data_cntvaluein,lane0,dq6,,dq6,5,1248.0,1675.0,2198.0,2198.0,950.0,950.0
cntvaluein3-skew-locked-seed-51,fail,cntvaluein_bus_skew,idelay_data_cntvaluein,lane0,dq6,,dq6,5,794.0,1149.0,1751.0,1751.0,957.0,957.0
cntvaluein3-skew-locked-seed-52,fail,cntvaluein_bus_skew,idelay_data_cntvaluein,lane0,dq6,,dq6,5,1501.0,2079.0,2253.0,2253.0,752.0,752.0
cntvaluein3-skew-locked-seed-53,fail,cntvaluein_bus_skew,idelay_data_cntvaluein,lane0,dq6,,dq6,5,1511.0,1830.0,2028.0,2028.0,517.0,517.0
cntvaluein3-skew-locked-seed-54,pass,cntvaluein_bus_skew,idelay_data_cntvaluein,lane0,dq6,,dq6,5,1263.0,1338.0,1967.0,1967.0,704.0,704.0
cntvaluein3-skew-locked-seed-55,pass,cntvaluein_bus_skew,idelay_data_cntvaluein,lane0,dq6,,dq6,5,1784.0,2246.0,2457.0,2457.0,673.0,673.0
cntvaluein3-skew-locked-seed-56,pass,cntvaluein_bus_skew,idelay_data_cntvaluein,lane0,dq6,,dq6,5,1192.0,1544.0,2201.0,2201.0,1009.0,1009.0
cntvaluein3-skew-locked-seed-57,pass,cntvaluein_bus_skew,idelay_data_cntvaluein,lane0,dq6,,dq6,5,1565.0,1906.0,2368.0,2368.0,803.0,803.0
cntvaluein3-skew-locked-seed-58,pass,cntvaluein_bus_skew,idelay_data_cntvaluein,lane0,dq6,,dq6,5,1439.0,1654.0,2198.0,2198.0,759.0,759.0
cntvaluein3-skew-locked-seed-59,pass,cntvaluein_bus_skew,idelay_data_cntvaluein,lane0,dq6,,dq6,5,1095.0,1504.0,1725.0,1725.0,630.0,630.0
cntvaluein3-skew-locked-seed-60,fail,cntvaluein_bus_skew,idelay_data_cntvaluein,lane0,dq6,,dq6,5,1391.0,1636.0,2137.0,2137.0,746.0,746.0
cntvaluein3-skew-locked-seed-31,pass,cntvaluein_bus_skew,idelay_data_cntvaluein,lane0,dq7,,dq7,5,1059.0,1863.0,2489.0,2489.0,1430.0,1430.0
cntvaluein3-skew-locked-seed-32,pass,cntvaluein_bus_skew,idelay_data_cntvaluein,lane0,dq7,,dq7,5,1018.0,1108.0,1990.0,1990.0,972.0,972.0
cntvaluein3-skew-locked-seed-33,fail,cntvaluein_bus_skew,idelay_data_cntvaluein,lane0,dq7,,dq7,5,1633.0,1786.0,2375.0,2375.0,742.0,742.0
cntvaluein3-skew-locked-seed-34,pass,cntvaluein_bus_skew,idelay_data_cntvaluein,lane0,dq7,,dq7,5,1228.0,1422.0,2069.0,2069.0,841.0,841.0
cntvaluein3-skew-locked-seed-35,pass,cntvaluein_bus_skew,idelay_data_cntvaluein,lane0,dq7,,dq7,5,963.0,1143.0,2249.0,2249.0,1286.0,1286.0
cntvaluein3-skew-locked-seed-36,fail,cntvaluein_bus_skew,idelay_data_cntvaluein,lane0,dq7,,dq7,5,1401.0,1661.0,2336.0,2336.0,935.0,935.0
cntvaluein3-skew-locked-seed-37,pass,cntvaluein_bus_skew,idelay_data_cntvaluein,lane0,dq7,,dq7,5,1588.0,1781.0,1937.0,1937.0,349.0,349.0
cntvaluein3-skew-locked-seed-38,pass,cntvaluein_bus_skew,idelay_data_cntvaluein,lane0,dq7,,dq7,5,1949.0,2161.0,2177.0,2177.0,228.0,228.0
cntvaluein3-skew-locked-seed-39,fail,cntvaluein_bus_skew,idelay_data_cntvaluein,lane0,dq7,,dq7,5,1606.0,1965.0,2101.0,2101.0,495.0,495.0
cntvaluein3-skew-locked-seed-40,pass,cntvaluein_bus_skew,idelay_data_cntvaluein,lane0,dq7,,dq7,5,1565.0,1945.0,2309.0,2309.0,744.0,744.0
cntvaluein3-skew-locked-seed-41,fail,cntvaluein_bus_skew,idelay_data_cntvaluein,lane0,dq7,,dq7,5,1302.0,1965.0,1993.0,1993.0,691.0,691.0
cntvaluein3-skew-locked-seed-42,pass,cntvaluein_bus_skew,idelay_data_cntvaluein,lane0,dq7,,dq7,5,1542.0,1832.0,1919.0,1919.0,377.0,377.0
cntvaluein3-skew-locked-seed-43,pass,cntvaluein_bus_skew,idelay_data_cntvaluein,lane0,dq7,,dq7,5,1120.0,1235.0,2203.0,2203.0,1083.0,1083.0
cntvaluein3-skew-locked-seed-44,pass,cntvaluein_bus_skew,idelay_data_cntvaluein,lane0,dq7,,dq7,5,989.0,1199.0,2430.0,2430.0,1441.0,1441.0
cntvaluein3-skew-locked-seed-45,fail,cntvaluein_bus_skew,idelay_data_cntvaluein,lane0,dq7,,dq7,5,1113.0,1317.0,1490.0,1490.0,377.0,377.0
cntvaluein3-skew-locked-seed-46,pass,cntvaluein_bus_skew,idelay_data_cntvaluein,lane0,dq7,,dq7,5,1126.0,1537.0,1830.0,1830.0,704.0,704.0
cntvaluein3-skew-locked-seed-47,pass,cntvaluein_bus_skew,idelay_data_cntvaluein,lane0,dq7,,dq7,5,1817.0,2163.0,2312.0,2312.0,495.0,495.0
cntvaluein3-skew-locked-seed-48,fail,cntvaluein_bus_skew,idelay_data_cntvaluein,lane0,dq7,,dq7,5,991.0,1307.0,2084.0,2084.0,1093.0,1093.0
cntvaluein3-skew-locked-seed-49,pass,cntvaluein_bus_skew,idelay_data_cntvaluein,lane0,dq7,,dq7,5,1245.0,2072.0,2533.0,2533.0,1288.0,1288.0
cntvaluein3-skew-locked-seed-50,fail,cntvaluein_bus_skew,idelay_data_cntvaluein,lane0,dq7,,dq7,5,1383.0,1682.0,2197.0,2197.0,814.0,814.0
cntvaluein3-skew-locked-seed-51,fail,cntvaluein_bus_skew,idelay_data_cntvaluein,lane0,dq7,,dq7,5,930.0,1143.0,1838.0,1838.0,908.0,908.0
cntvaluein3-skew-locked-seed-52,fail,cntvaluein_bus_skew,idelay_data_cntvaluein,lane0,dq7,,dq7,5,1409.0,2115.0,2252.0,2252.0,843.0,843.0
cntvaluein3-skew-locked-seed-53,fail,cntvaluein_bus_skew,idelay_data_cntvaluein,lane0,dq7,,dq7,5,1427.0,1828.0,2019.0,2019.0,592.0,592.0
cntvaluein3-skew-locked-seed-54,pass,cntvaluein_bus_skew,idelay_data_cntvaluein,lane0,dq7,,dq7,5,1187.0,1332.0,2286.0,2286.0,1099.0,1099.0
cntvaluein3-skew-locked-seed-55,pass,cntvaluein_bus_skew,idelay_data_cntvaluein,lane0,dq7,,dq7,5,1865.0,2243.0,2450.0,2450.0,585.0,585.0
cntvaluein3-skew-locked-seed-56,pass,cntvaluein_bus_skew,idelay_data_cntvaluein,lane0,dq7,,dq7,5,1279.0,1542.0,2604.0,2604.0,1325.0,1325.0
cntvaluein3-skew-locked-seed-57,pass,cntvaluein_bus_skew,idelay_data_cntvaluein,lane0,dq7,,dq7,5,1675.0,1904.0,2780.0,2780.0,1105.0,1105.0
cntvaluein3-skew-locked-seed-58,pass,cntvaluein_bus_skew,idelay_data_cntvaluein,lane0,dq7,,dq7,5,1350.0,1648.0,2191.0,2191.0,841.0,841.0
cntvaluein3-skew-locked-seed-59,pass,cntvaluein_bus_skew,idelay_data_cntvaluein,lane0,dq7,,dq7,5,1182.0,1498.0,1805.0,1805.0,623.0,623.0
cntvaluein3-skew-locked-seed-60,fail,cntvaluein_bus_skew,idelay_data_cntvaluein,lane0,dq7,,dq7,5,1342.0,1921.0,2052.0,2052.0,710.0,710.0
cntvaluein3-skew-locked-seed-31,pass,cntvaluein_bus_skew,idelay_data_cntvaluein,lane1,dq10,,dq10,5,857.0,1493.0,2117.0,2117.0,1260.0,1260.0
cntvaluein3-skew-locked-seed-32,pass,cntvaluein_bus_skew,idelay_data_cntvaluein,lane1,dq10,,dq10,5,680.0,870.0,1856.0,1856.0,1176.0,1176.0
cntvaluein3-skew-locked-seed-33,fail,cntvaluein_bus_skew,idelay_data_cntvaluein,lane1,dq10,,dq10,5,1307.0,1462.0,1896.0,1896.0,589.0,589.0
cntvaluein3-skew-locked-seed-34,pass,cntvaluein_bus_skew,idelay_data_cntvaluein,lane1,dq10,,dq10,5,857.0,973.0,2026.0,2026.0,1169.0,1169.0
cntvaluein3-skew-locked-seed-35,pass,cntvaluein_bus_skew,idelay_data_cntvaluein,lane1,dq10,,dq10,5,549.0,707.0,1838.0,1838.0,1289.0,1289.0
cntvaluein3-skew-locked-seed-36,fail,cntvaluein_bus_skew,idelay_data_cntvaluein,lane1,dq10,,dq10,5,1351.0,1583.0,1741.0,1741.0,390.0,390.0
cntvaluein3-skew-locked-seed-37,pass,cntvaluein_bus_skew,idelay_data_cntvaluein,lane1,dq10,,dq10,5,1500.0,1557.0,1858.0,1858.0,358.0,358.0
cntvaluein3-skew-locked-seed-38,pass,cntvaluein_bus_skew,idelay_data_cntvaluein,lane1,dq10,,dq10,5,1495.0,1695.0,1988.0,1988.0,493.0,493.0
cntvaluein3-skew-locked-seed-39,fail,cntvaluein_bus_skew,idelay_data_cntvaluein,lane1,dq10,,dq10,5,1307.0,1702.0,1930.0,1930.0,623.0,623.0
cntvaluein3-skew-locked-seed-40,pass,cntvaluein_bus_skew,idelay_data_cntvaluein,lane1,dq10,,dq10,5,1345.0,1383.0,1638.0,1638.0,293.0,293.0
cntvaluein3-skew-locked-seed-41,fail,cntvaluein_bus_skew,idelay_data_cntvaluein,lane1,dq10,,dq10,5,1228.0,1383.0,1659.0,1659.0,431.0,431.0
cntvaluein3-skew-locked-seed-42,pass,cntvaluein_bus_skew,idelay_data_cntvaluein,lane1,dq10,,dq10,5,1271.0,1621.0,1692.0,1692.0,421.0,421.0
cntvaluein3-skew-locked-seed-43,pass,cntvaluein_bus_skew,idelay_data_cntvaluein,lane1,dq10,,dq10,5,634.0,828.0,2086.0,2086.0,1452.0,1452.0
cntvaluein3-skew-locked-seed-44,pass,cntvaluein_bus_skew,idelay_data_cntvaluein,lane1,dq10,,dq10,5,745.0,943.0,1763.0,1763.0,1018.0,1018.0
cntvaluein3-skew-locked-seed-45,fail,cntvaluein_bus_skew,idelay_data_cntvaluein,lane1,dq10,,dq10,5,554.0,661.0,1340.0,1340.0,786.0,786.0
cntvaluein3-skew-locked-seed-46,pass,cntvaluein_bus_skew,idelay_data_cntvaluein,lane1,dq10,,dq10,5,796.0,865.0,1575.0,1575.0,779.0,779.0
cntvaluein3-skew-locked-seed-47,pass,cntvaluein_bus_skew,idelay_data_cntvaluein,lane1,dq10,,dq10,5,1496.0,1684.0,2094.0,2094.0,598.0,598.0
cntvaluein3-skew-locked-seed-48,fail,cntvaluein_bus_skew,idelay_data_cntvaluein,lane1,dq10,,dq10,5,684.0,1023.0,2061.0,2061.0,1377.0,1377.0
cntvaluein3-skew-locked-seed-49,pass,cntvaluein_bus_skew,idelay_data_cntvaluein,lane1,dq10,,dq10,5,1067.0,1779.0,2028.0,2028.0,961.0,961.0
cntvaluein3-skew-locked-seed-50,fail,cntvaluein_bus_skew,idelay_data_cntvaluein,lane1,dq10,,dq10,5,1274.0,1430.0,1718.0,1718.0,444.0,444.0
cntvaluein3-skew-locked-seed-51,fail,cntvaluein_bus_skew,idelay_data_cntvaluein,lane1,dq10,,dq10,5,541.0,947.0,1871.0,1871.0,1330.0,1330.0
cntvaluein3-skew-locked-seed-52,fail,cntvaluein_bus_skew,idelay_data_cntvaluein,lane1,dq10,,dq10,5,1241.0,1745.0,2009.0,2009.0,768.0,768.0
cntvaluein3-skew-locked-seed-53,fail,cntvaluein_bus_skew,idelay_data_cntvaluein,lane1,dq10,,dq10,5,1172.0,1440.0,1800.0,1800.0,628.0,628.0
cntvaluein3-skew-locked-seed-54,pass,cntvaluein_bus_skew,idelay_data_cntvaluein,lane1,dq10,,dq10,5,651.0,955.0,1748.0,1748.0,1097.0,1097.0
cntvaluein3-skew-locked-seed-55,pass,cntvaluein_bus_skew,idelay_data_cntvaluein,lane1,dq10,,dq10,5,1564.0,1590.0,1853.0,1853.0,289.0,289.0
cntvaluein3-skew-locked-seed-56,pass,cntvaluein_bus_skew,idelay_data_cntvaluein,lane1,dq10,,dq10,5,970.0,1398.0,1855.0,1855.0,885.0,885.0
cntvaluein3-skew-locked-seed-57,pass,cntvaluein_bus_skew,idelay_data_cntvaluein,lane1,dq10,,dq10,5,1282.0,1531.0,2249.0,2249.0,967.0,967.0
cntvaluein3-skew-locked-seed-58,pass,cntvaluein_bus_skew,idelay_data_cntvaluein,lane1,dq10,,dq10,5,1167.0,1324.0,1611.0,1611.0,444.0,444.0
cntvaluein3-skew-locked-seed-59,pass,cntvaluein_bus_skew,idelay_data_cntvaluein,lane1,dq10,,dq10,5,999.0,1475.0,1578.0,1578.0,579.0,579.0
cntvaluein3-skew-locked-seed-60,fail,cntvaluein_bus_skew,idelay_data_cntvaluein,lane1,dq10,,dq10,5,975.0,1368.0,1861.0,1861.0,886.0,886.0
cntvaluein3-skew-locked-seed-31,pass,cntvaluein_bus_skew,idelay_data_cntvaluein,lane1,dq11,,dq11,5,981.0,1289.0,1768.0,1768.0,787.0,787.0
cntvaluein3-skew-locked-seed-32,pass,cntvaluein_bus_skew,idelay_data_cntvaluein,lane1,dq11,,dq11,5,540.0,689.0,1503.0,1503.0,963.0,963.0
cntvaluein3-skew-locked-seed-33,fail,cntvaluein_bus_skew,idelay_data_cntvaluein,lane1,dq11,,dq11,5,1292.0,1355.0,1702.0,1702.0,410.0,410.0
cntvaluein3-skew-locked-seed-34,pass,cntvaluein_bus_skew,idelay_data_cntvaluein,lane1,dq11,,dq11,5,691.0,801.0,1784.0,1784.0,1093.0,1093.0
cntvaluein3-skew-locked-seed-35,pass,cntvaluein_bus_skew,idelay_data_cntvaluein,lane1,dq11,,dq11,5,407.0,628.0,1710.0,1710.0,1303.0,1303.0
cntvaluein3-skew-locked-seed-36,fail,cntvaluein_bus_skew,idelay_data_cntvaluein,lane1,dq11,,dq11,5,1330.0,1491.0,1804.0,1804.0,474.0,474.0
cntvaluein3-skew-locked-seed-37,pass,cntvaluein_bus_skew,idelay_data_cntvaluein,lane1,dq11,,dq11,5,1340.0,1444.0,1667.0,1667.0,327.0,327.0
cntvaluein3-skew-locked-seed-38,pass,cntvaluein_bus_skew,idelay_data_cntvaluein,lane1,dq11,,dq11,5,1310.0,1652.0,1820.0,1820.0,510.0,510.0
cntvaluein3-skew-locked-seed-39,fail,cntvaluein_bus_skew,idelay_data_cntvaluein,lane1,dq11,,dq11,5,1529.0,1611.0,1863.0,1863.0,334.0,334.0
cntvaluein3-skew-locked-seed-40,pass,cntvaluein_bus_skew,idelay_data_cntvaluein,lane1,dq11,,dq11,5,1524.0,1588.0,1726.0,1726.0,202.0,202.0
cntvaluein3-skew-locked-seed-41,fail,cntvaluein_bus_skew,idelay_data_cntvaluein,lane1,dq11,,dq11,5,1123.0,1350.0,1440.0,1440.0,317.0,317.0
cntvaluein3-skew-locked-seed-42,pass,cntvaluein_bus_skew,idelay_data_cntvaluein,lane1,dq11,,dq11,5,1261.0,1416.0,1648.0,1648.0,387.0,387.0
cntvaluein3-skew-locked-seed-43,pass,cntvaluein_bus_skew,idelay_data_cntvaluein,lane1,dq11,,dq11,5,537.0,555.0,1554.0,1554.0,1017.0,1017.0
cntvaluein3-skew-locked-seed-44,pass,cntvaluein_bus_skew,idelay_data_cntvaluein,lane1,dq11,,dq11,5,774.0,820.0,1726.0,1726.0,952.0,952.0
cntvaluein3-skew-locked-seed-45,fail,cntvaluein_bus_skew,idelay_data_cntvaluein,lane1,dq11,,dq11,5,556.0,708.0,1218.0,1218.0,662.0,662.0
cntvaluein3-skew-locked-seed-46,pass,cntvaluein_bus_skew,idelay_data_cntvaluein,lane1,dq11,,dq11,5,667.0,941.0,1493.0,1493.0,826.0,826.0
cntvaluein3-skew-locked-seed-47,pass,cntvaluein_bus_skew,idelay_data_cntvaluein,lane1,dq11,,dq11,5,1518.0,1628.0,1850.0,1850.0,332.0,332.0
cntvaluein3-skew-locked-seed-48,fail,cntvaluein_bus_skew,idelay_data_cntvaluein,lane1,dq11,,dq11,5,640.0,811.0,1830.0,1830.0,1190.0,1190.0
cntvaluein3-skew-locked-seed-49,pass,cntvaluein_bus_skew,idelay_data_cntvaluein,lane1,dq11,,dq11,5,1161.0,1562.0,1881.0,1881.0,720.0,720.0
cntvaluein3-skew-locked-seed-50,fail,cntvaluein_bus_skew,idelay_data_cntvaluein,lane1,dq11,,dq11,5,1111.0,1304.0,1845.0,1845.0,734.0,734.0
cntvaluein3-skew-locked-seed-51,fail,cntvaluein_bus_skew,idelay_data_cntvaluein,lane1,dq11,,dq11,5,451.0,871.0,1513.0,1513.0,1062.0,1062.0
cntvaluein3-skew-locked-seed-52,fail,cntvaluein_bus_skew,idelay_data_cntvaluein,lane1,dq11,,dq11,5,1488.0,1534.0,2013.0,2013.0,525.0,525.0
cntvaluein3-skew-locked-seed-53,fail,cntvaluein_bus_skew,idelay_data_cntvaluein,lane1,dq11,,dq11,5,919.0,1347.0,1664.0,1664.0,745.0,745.0
cntvaluein3-skew-locked-seed-54,pass,cntvaluein_bus_skew,idelay_data_cntvaluein,lane1,dq11,,dq11,5,646.0,694.0,1702.0,1702.0,1056.0,1056.0
cntvaluein3-skew-locked-seed-55,pass,cntvaluein_bus_skew,idelay_data_cntvaluein,lane1,dq11,,dq11,5,1472.0,1625.0,1766.0,1766.0,294.0,294.0
cntvaluein3-skew-locked-seed-56,pass,cntvaluein_bus_skew,idelay_data_cntvaluein,lane1,dq11,,dq11,5,1228.0,1246.0,1733.0,1733.0,505.0,505.0
cntvaluein3-skew-locked-seed-57,pass,cntvaluein_bus_skew,idelay_data_cntvaluein,lane1,dq11,,dq11,5,1235.0,1514.0,2124.0,2124.0,889.0,889.0
cntvaluein3-skew-locked-seed-58,pass,cntvaluein_bus_skew,idelay_data_cntvaluein,lane1,dq11,,dq11,5,1111.0,1347.0,1516.0,1516.0,405.0,405.0
cntvaluein3-skew-locked-seed-59,pass,cntvaluein_bus_skew,idelay_data_cntvaluein,lane1,dq11,,dq11,5,1205.0,1450.0,1567.0,1567.0,362.0,362.0
cntvaluein3-skew-locked-seed-60,fail,cntvaluein_bus_skew,idelay_data_cntvaluein,lane1,dq11,,dq11,5,985.0,1231.0,1679.0,1679.0,694.0,694.0
cntvaluein3-skew-locked-seed-31,pass,cntvaluein_bus_skew,idelay_data_cntvaluein,lane1,dq12,,dq12,5,995.0,1483.0,2207.0,2207.0,1212.0,1212.0
cntvaluein3-skew-locked-seed-32,pass,cntvaluein_bus_skew,idelay_data_cntvaluein,lane1,dq12,,dq12,5,686.0,819.0,1942.0,1942.0,1256.0,1256.0
cntvaluein3-skew-locked-seed-33,fail,cntvaluein_bus_skew,idelay_data_cntvaluein,lane1,dq12,,dq12,5,1391.0,1406.0,2032.0,2032.0,641.0,641.0
cntvaluein3-skew-locked-seed-34,pass,cntvaluein_bus_skew,idelay_data_cntvaluein,lane1,dq12,,dq12,5,753.0,949.0,2000.0,2000.0,1247.0,1247.0
cntvaluein3-skew-locked-seed-35,pass,cntvaluein_bus_skew,idelay_data_cntvaluein,lane1,dq12,,dq12,5,462.0,625.0,1921.0,1921.0,1459.0,1459.0
cntvaluein3-skew-locked-seed-36,fail,cntvaluein_bus_skew,idelay_data_cntvaluein,lane1,dq12,,dq12,5,1174.0,1595.0,1652.0,1652.0,478.0,478.0
cntvaluein3-skew-locked-seed-37,pass,cntvaluein_bus_skew,idelay_data_cntvaluein,lane1,dq12,,dq12,5,1409.0,1595.0,1804.0,1804.0,395.0,395.0
cntvaluein3-skew-locked-seed-38,pass,cntvaluein_bus_skew,idelay_data_cntvaluein,lane1,dq12,,dq12,5,1578.0,1656.0,1817.0,1817.0,239.0,239.0
cntvaluein3-skew-locked-seed-39,fail,cntvaluein_bus_skew,idelay_data_cntvaluein,lane1,dq12,,dq12,5,1401.0,1708.0,2016.0,2016.0,615.0,615.0
cntvaluein3-skew-locked-seed-40,pass,cntvaluein_bus_skew,idelay_data_cntvaluein,lane1,dq12,,dq12,5,1383.0,1429.0,1633.0,1633.0,250.0,250.0
cntvaluein3-skew-locked-seed-41,fail,cntvaluein_bus_skew,idelay_data_cntvaluein,lane1,dq12,,dq12,5,1233.0,1297.0,1613.0,1613.0,380.0,380.0
cntvaluein3-skew-locked-seed-42,pass,cntvaluein_bus_skew,idelay_data_cntvaluein,lane1,dq12,,dq12,5,1190.0,1534.0,1779.0,1779.0,589.0,589.0
cntvaluein3-skew-locked-seed-43,pass,cntvaluein_bus_skew,idelay_data_cntvaluein,lane1,dq12,,dq12,5,552.0,762.0,1909.0,1909.0,1357.0,1357.0
cntvaluein3-skew-locked-seed-44,pass,cntvaluein_bus_skew,idelay_data_cntvaluein,lane1,dq12,,dq12,5,773.0,857.0,1682.0,1682.0,909.0,909.0
cntvaluein3-skew-locked-seed-45,fail,cntvaluein_bus_skew,idelay_data_cntvaluein,lane1,dq12,,dq12,5,574.0,680.0,1340.0,1340.0,766.0,766.0
cntvaluein3-skew-locked-seed-46,pass,cntvaluein_bus_skew,idelay_data_cntvaluein,lane1,dq12,,dq12,5,778.0,879.0,1503.0,1503.0,725.0,725.0
cntvaluein3-skew-locked-seed-47,pass,cntvaluein_bus_skew,idelay_data_cntvaluein,lane1,dq12,,dq12,5,1554.0,1687.0,2177.0,2177.0,623.0,623.0
cntvaluein3-skew-locked-seed-48,fail,cntvaluein_bus_skew,idelay_data_cntvaluein,lane1,dq12,,dq12,5,810.0,996.0,1980.0,1980.0,1170.0,1170.0
cntvaluein3-skew-locked-seed-49,pass,cntvaluein_bus_skew,idelay_data_cntvaluein,lane1,dq12,,dq12,5,975.0,1792.0,2058.0,2058.0,1083.0,1083.0
cntvaluein3-skew-locked-seed-50,fail,cntvaluein_bus_skew,idelay_data_cntvaluein,lane1,dq12,,dq12,5,1328.0,1434.0,1809.0,1809.0,481.0,481.0
cntvaluein3-skew-locked-seed-51,fail,cntvaluein_bus_skew,idelay_data_cntvaluein,lane1,dq12,,dq12,5,460.0,936.0,1582.0,1582.0,1122.0,1122.0
cntvaluein3-skew-locked-seed-52,fail,cntvaluein_bus_skew,idelay_data_cntvaluein,lane1,dq12,,dq12,5,1325.0,1797.0,1955.0,1955.0,630.0,630.0
cntvaluein3-skew-locked-seed-53,fail,cntvaluein_bus_skew,idelay_data_cntvaluein,lane1,dq12,,dq12,5,1039.0,1360.0,1891.0,1891.0,852.0,852.0
cntvaluein3-skew-locked-seed-54,pass,cntvaluein_bus_skew,idelay_data_cntvaluein,lane1,dq12,,dq12,5,709.0,1021.0,1832.0,1832.0,1123.0,1123.0
cntvaluein3-skew-locked-seed-55,pass,cntvaluein_bus_skew,idelay_data_cntvaluein,lane1,dq12,,dq12,5,1514.0,1674.0,1850.0,1850.0,336.0,336.0
cntvaluein3-skew-locked-seed-56,pass,cntvaluein_bus_skew,idelay_data_cntvaluein,lane1,dq12,,dq12,5,1054.0,1317.0,1909.0,1909.0,855.0,855.0
cntvaluein3-skew-locked-seed-57,pass,cntvaluein_bus_skew,idelay_data_cntvaluein,lane1,dq12,,dq12,5,1353.0,1532.0,2334.0,2334.0,981.0,981.0
cntvaluein3-skew-locked-seed-58,pass,cntvaluein_bus_skew,idelay_data_cntvaluein,lane1,dq12,,dq12,5,1174.0,1414.0,1620.0,1620.0,446.0,446.0
cntvaluein3-skew-locked-seed-59,pass,cntvaluein_bus_skew,idelay_data_cntvaluein,lane1,dq12,,dq12,5,1218.0,1360.0,1664.0,1664.0,446.0,446.0
cntvaluein3-skew-locked-seed-60,fail,cntvaluein_bus_skew,idelay_data_cntvaluein,lane1,dq12,,dq12,5,1059.0,1458.0,1906.0,1906.0,847.0,847.0
cntvaluein3-skew-locked-seed-31,pass,cntvaluein_bus_skew,idelay_data_cntvaluein,lane1,dq13,,dq13,5,962.0,1207.0,1791.0,1791.0,829.0,829.0
cntvaluein3-skew-locked-seed-32,pass,cntvaluein_bus_skew,idelay_data_cntvaluein,lane1,dq13,,dq13,5,628.0,779.0,1536.0,1536.0,908.0,908.0
cntvaluein3-skew-locked-seed-33,fail,cntvaluein_bus_skew,idelay_data_cntvaluein,lane1,dq13,,dq13,5,1212.0,1388.0,1758.0,1758.0,546.0,546.0
cntvaluein3-skew-locked-seed-34,pass,cntvaluein_bus_skew,idelay_data_cntvaluein,lane1,dq13,,dq13,5,680.0,795.0,1868.0,1868.0,1188.0,1188.0
cntvaluein3-skew-locked-seed-35,pass,cntvaluein_bus_skew,idelay_data_cntvaluein,lane1,dq13,,dq13,5,451.0,535.0,1745.0,1745.0,1294.0,1294.0
cntvaluein3-skew-locked-seed-36,fail,cntvaluein_bus_skew,idelay_data_cntvaluein,lane1,dq13,,dq13,5,1351.0,1582.0,1888.0,1888.0,537.0,537.0
cntvaluein3-skew-locked-seed-37,pass,cntvaluein_bus_skew,idelay_data_cntvaluein,lane1,dq13,,dq13,5,1363.0,1578.0,1723.0,1723.0,360.0,360.0
cntvaluein3-skew-locked-seed-38,pass,cntvaluein_bus_skew,idelay_data_cntvaluein,lane1,dq13,,dq13,5,1394.0,1743.0,1907.0,1907.0,513.0,513.0
cntvaluein3-skew-locked-seed-39,fail,cntvaluein_bus_skew,idelay_data_cntvaluein,lane1,dq13,,dq13,5,1463.0,1700.0,1955.0,1955.0,492.0,492.0
cntvaluein3-skew-locked-seed-40,pass,cntvaluein_bus_skew,idelay_data_cntvaluein,lane1,dq13,,dq13,5,1396.0,1615.0,1817.0,1817.0,421.0,421.0
cntvaluein3-skew-locked-seed-41,fail,cntvaluein_bus_skew,idelay_data_cntvaluein,lane1,dq13,,dq13,5,1212.0,1305.0,1531.0,1531.0,319.0,319.0
cntvaluein3-skew-locked-seed-42,pass,cntvaluein_bus_skew,idelay_data_cntvaluein,lane1,dq13,,dq13,5,1350.0,1473.0,1733.0,1733.0,383.0,383.0
cntvaluein3-skew-locked-seed-43,pass,cntvaluein_bus_skew,idelay_data_cntvaluein,lane1,dq13,,dq13,5,541.0,634.0,1639.0,1639.0,1098.0,1098.0
cntvaluein3-skew-locked-seed-44,pass,cntvaluein_bus_skew,idelay_data_cntvaluein,lane1,dq13,,dq13,5,690.0,883.0,1672.0,1672.0,982.0,982.0
cntvaluein3-skew-locked-seed-45,fail,cntvaluein_bus_skew,idelay_data_cntvaluein,lane1,dq13,,dq13,5,610.0,794.0,1141.0,1141.0,531.0,531.0
cntvaluein3-skew-locked-seed-46,pass,cntvaluein_bus_skew,idelay_data_cntvaluein,lane1,dq13,,dq13,5,755.0,1032.0,1577.0,1577.0,822.0,822.0
cntvaluein3-skew-locked-seed-47,pass,cntvaluein_bus_skew,idelay_data_cntvaluein,lane1,dq13,,dq13,5,1483.0,1608.0,1878.0,1878.0,395.0,395.0
cntvaluein3-skew-locked-seed-48,fail,cntvaluein_bus_skew,idelay_data_cntvaluein,lane1,dq13,,dq13,5,554.0,714.0,1835.0,1835.0,1281.0,1281.0
cntvaluein3-skew-locked-seed-49,pass,cntvaluein_bus_skew,idelay_data_cntvaluein,lane1,dq13,,dq13,5,1246.0,1646.0,1973.0,1973.0,727.0,727.0
cntvaluein3-skew-locked-seed-50,fail,cntvaluein_bus_skew,idelay_data_cntvaluein,lane1,dq13,,dq13,5,1200.0,1393.0,1929.0,1929.0,729.0,729.0
cntvaluein3-skew-locked-seed-51,fail,cntvaluein_bus_skew,idelay_data_cntvaluein,lane1,dq13,,dq13,5,538.0,959.0,1468.0,1468.0,930.0,930.0
cntvaluein3-skew-locked-seed-52,fail,cntvaluein_bus_skew,idelay_data_cntvaluein,lane1,dq13,,dq13,5,1470.0,1741.0,1889.0,1889.0,419.0,419.0
cntvaluein3-skew-locked-seed-53,fail,cntvaluein_bus_skew,idelay_data_cntvaluein,lane1,dq13,,dq13,5,1003.0,1437.0,1835.0,1835.0,832.0,832.0
cntvaluein3-skew-locked-seed-54,pass,cntvaluein_bus_skew,idelay_data_cntvaluein,lane1,dq13,,dq13,5,734.0,828.0,1690.0,1690.0,956.0,956.0
cntvaluein3-skew-locked-seed-55,pass,cntvaluein_bus_skew,idelay_data_cntvaluein,lane1,dq13,,dq13,5,1419.0,1513.0,1850.0,1850.0,431.0,431.0
cntvaluein3-skew-locked-seed-56,pass,cntvaluein_bus_skew,idelay_data_cntvaluein,lane1,dq13,,dq13,5,1180.0,1370.0,1725.0,1725.0,545.0,545.0
cntvaluein3-skew-locked-seed-57,pass,cntvaluein_bus_skew,idelay_data_cntvaluein,lane1,dq13,,dq13,5,1139.0,1601.0,1909.0,1909.0,770.0,770.0
cntvaluein3-skew-locked-seed-58,pass,cntvaluein_bus_skew,idelay_data_cntvaluein,lane1,dq13,,dq13,5,1202.0,1427.0,1603.0,1603.0,401.0,401.0
cntvaluein3-skew-locked-seed-59,pass,cntvaluein_bus_skew,idelay_data_cntvaluein,lane1,dq13,,dq13,5,1177.0,1322.0,1656.0,1656.0,479.0,479.0
cntvaluein3-skew-locked-seed-60,fail,cntvaluein_bus_skew,idelay_data_cntvaluein,lane1,dq13,,dq13,5,1134.0,1317.0,1764.0,1764.0,630.0,630.0
cntvaluein3-skew-locked-seed-31,pass,cntvaluein_bus_skew,idelay_data_cntvaluein,lane1,dq14,,dq14,5,940.0,1445.0,2299.0,2299.0,1359.0,1359.0
cntvaluein3-skew-locked-seed-32,pass,cntvaluein_bus_skew,idelay_data_cntvaluein,lane1,dq14,,dq14,5,694.0,771.0,2032.0,2032.0,1338.0,1338.0
cntvaluein3-skew-locked-seed-33,fail,cntvaluein_bus_skew,idelay_data_cntvaluein,lane1,dq14,,dq14,5,1312.0,1488.0,1794.0,1794.0,482.0,482.0
cntvaluein3-skew-locked-seed-34,pass,cntvaluein_bus_skew,idelay_data_cntvaluein,lane1,dq14,,dq14,5,802.0,809.0,2118.0,2118.0,1316.0,1316.0
cntvaluein3-skew-locked-seed-35,pass,cntvaluein_bus_skew,idelay_data_cntvaluein,lane1,dq14,,dq14,5,456.0,625.0,2012.0,2012.0,1556.0,1556.0
cntvaluein3-skew-locked-seed-36,fail,cntvaluein_bus_skew,idelay_data_cntvaluein,lane1,dq14,,dq14,5,1171.0,1572.0,1723.0,1723.0,552.0,552.0
cntvaluein3-skew-locked-seed-37,pass,cntvaluein_bus_skew,idelay_data_cntvaluein,lane1,dq14,,dq14,5,1432.0,1567.0,1894.0,1894.0,462.0,462.0
cntvaluein3-skew-locked-seed-38,pass,cntvaluein_bus_skew,idelay_data_cntvaluein,lane1,dq14,,dq14,5,1402.0,1715.0,1784.0,1784.0,382.0,382.0
cntvaluein3-skew-locked-seed-39,fail,cntvaluein_bus_skew,idelay_data_cntvaluein,lane1,dq14,,dq14,5,1493.0,1684.0,2101.0,2101.0,608.0,608.0
cntvaluein3-skew-locked-seed-40,pass,cntvaluein_bus_skew,idelay_data_cntvaluein,lane1,dq14,,dq14,5,1419.0,1513.0,1718.0,1718.0,299.0,299.0
cntvaluein3-skew-locked-seed-41,fail,cntvaluein_bus_skew,idelay_data_cntvaluein,lane1,dq14,,dq14,5,1296.0,1384.0,1700.0,1700.0,404.0,404.0
cntvaluein3-skew-locked-seed-42,pass,cntvaluein_bus_skew,idelay_data_cntvaluein,lane1,dq14,,dq14,5,1274.0,1554.0,1868.0,1868.0,594.0,594.0
cntvaluein3-skew-locked-seed-43,pass,cntvaluein_bus_skew,idelay_data_cntvaluein,lane1,dq14,,dq14,5,549.0,721.0,2180.0,2180.0,1631.0,1631.0
cntvaluein3-skew-locked-seed-44,pass,cntvaluein_bus_skew,idelay_data_cntvaluein,lane1,dq14,,dq14,5,691.0,949.0,1766.0,1766.0,1075.0,1075.0
cntvaluein3-skew-locked-seed-45,fail,cntvaluein_bus_skew,idelay_data_cntvaluein,lane1,dq14,,dq14,5,648.0,791.0,1366.0,1366.0,718.0,718.0
cntvaluein3-skew-locked-seed-46,pass,cntvaluein_bus_skew,idelay_data_cntvaluein,lane1,dq14,,dq14,5,785.0,963.0,1498.0,1498.0,713.0,713.0
cntvaluein3-skew-locked-seed-47,pass,cntvaluein_bus_skew,idelay_data_cntvaluein,lane1,dq14,,dq14,5,1483.0,1690.0,2188.0,2188.0,705.0,705.0
cntvaluein3-skew-locked-seed-48,fail,cntvaluein_bus_skew,idelay_data_cntvaluein,lane1,dq14,,dq14,5,728.0,964.0,1922.0,1922.0,1194.0,1194.0
cntvaluein3-skew-locked-seed-49,pass,cntvaluein_bus_skew,idelay_data_cntvaluein,lane1,dq14,,dq14,5,1070.0,1883.0,2142.0,2142.0,1072.0,1072.0
cntvaluein3-skew-locked-seed-50,fail,cntvaluein_bus_skew,idelay_data_cntvaluein,lane1,dq14,,dq14,5,1320.0,1432.0,1899.0,1899.0,579.0,579.0
cntvaluein3-skew-locked-seed-51,fail,cntvaluein_bus_skew,idelay_data_cntvaluein,lane1,dq14,,dq14,5,456.0,961.0,1588.0,1588.0,1132.0,1132.0
cntvaluein3-skew-locked-seed-52,fail,cntvaluein_bus_skew,idelay_data_cntvaluein,lane1,dq14,,dq14,5,1417.0,1743.0,1957.0,1957.0,540.0,540.0
cntvaluein3-skew-locked-seed-53,fail,cntvaluein_bus_skew,idelay_data_cntvaluein,lane1,dq14,,dq14,5,1123.0,1437.0,1983.0,1983.0,860.0,860.0
cntvaluein3-skew-locked-seed-54,pass,cntvaluein_bus_skew,idelay_data_cntvaluein,lane1,dq14,,dq14,5,559.0,1103.0,1794.0,1794.0,1235.0,1235.0
cntvaluein3-skew-locked-seed-55,pass,cntvaluein_bus_skew,idelay_data_cntvaluein,lane1,dq14,,dq14,5,1498.0,1583.0,1761.0,1761.0,263.0,263.0
cntvaluein3-skew-locked-seed-56,pass,cntvaluein_bus_skew,idelay_data_cntvaluein,lane1,dq14,,dq14,5,1138.0,1358.0,1825.0,1825.0,687.0,687.0
cntvaluein3-skew-locked-seed-57,pass,cntvaluein_bus_skew,idelay_data_cntvaluein,lane1,dq14,,dq14,5,1437.0,1539.0,2424.0,2424.0,987.0,987.0
cntvaluein3-skew-locked-seed-58,pass,cntvaluein_bus_skew,idelay_data_cntvaluein,lane1,dq14,,dq14,5,1157.0,1417.0,1483.0,1483.0,326.0,326.0
cntvaluein3-skew-locked-seed-59,pass,cntvaluein_bus_skew,idelay_data_cntvaluein,lane1,dq14,,dq14,5,1215.0,1427.0,1754.0,1754.0,539.0,539.0
cntvaluein3-skew-locked-seed-60,fail,cntvaluein_bus_skew,idelay_data_cntvaluein,lane1,dq14,,dq14,5,1106.0,1513.0,1996.0,1996.0,890.0,890.0
cntvaluein3-skew-locked-seed-31,pass,cntvaluein_bus_skew,idelay_data_cntvaluein,lane1,dq15,,dq15,5,903.0,1151.0,1850.0,1850.0,947.0,947.0
cntvaluein3-skew-locked-seed-32,pass,cntvaluein_bus_skew,idelay_data_cntvaluein,lane1,dq15,,dq15,5,412.0,522.0,1365.0,1365.0,953.0,953.0
cntvaluein3-skew-locked-seed-33,fail,cntvaluein_bus_skew,idelay_data_cntvaluein,lane1,dq15,,dq15,5,1100.0,1342.0,1447.0,1447.0,347.0,347.0
cntvaluein3-skew-locked-seed-34,pass,cntvaluein_bus_skew,idelay_data_cntvaluein,lane1,dq15,,dq15,5,435.0,662.0,1534.0,1534.0,1099.0,1099.0
cntvaluein3-skew-locked-seed-35,pass,cntvaluein_bus_skew,idelay_data_cntvaluein,lane1,dq15,,dq15,5,411.0,449.0,1572.0,1572.0,1161.0,1161.0
cntvaluein3-skew-locked-seed-36,fail,cntvaluein_bus_skew,idelay_data_cntvaluein,lane1,dq15,,dq15,5,998.0,1235.0,1626.0,1626.0,628.0,628.0
cntvaluein3-skew-locked-seed-37,pass,cntvaluein_bus_skew,idelay_data_cntvaluein,lane1,dq15,,dq15,5,1046.0,1156.0,1534.0,1534.0,488.0,488.0
cntvaluein3-skew-locked-seed-38,pass,cntvaluein_bus_skew,idelay_data_cntvaluein,lane1,dq15,,dq15,5,1082.0,1427.0,1932.0,1932.0,850.0,850.0
cntvaluein3-skew-locked-seed-39,fail,cntvaluein_bus_skew,idelay_data_cntvaluein,lane1,dq15,,dq15,5,1097.0,1307.0,1491.0,1491.0,394.0,394.0
cntvaluein3-skew-locked-seed-40,pass,cntvaluein_bus_skew,idelay_data_cntvaluein,lane1,dq15,,dq15,5,1324.0,1608.0,1858.0,1858.0,534.0,534.0
cntvaluein3-skew-locked-seed-41,fail,cntvaluein_bus_skew,idelay_data_cntvaluein,lane1,dq15,,dq15,5,927.0,1350.0,1577.0,1577.0,650.0,650.0
cntvaluein3-skew-locked-seed-42,pass,cntvaluein_bus_skew,idelay_data_cntvaluein,lane1,dq15,,dq15,5,1128.0,1399.0,1511.0,1511.0,383.0,383.0
cntvaluein3-skew-locked-seed-43,pass,cntvaluein_bus_skew,idelay_data_cntvaluein,lane1,dq15,,dq15,5,407.0,425.0,1610.0,1610.0,1203.0,1203.0
cntvaluein3-skew-locked-seed-44,pass,cntvaluein_bus_skew,idelay_data_cntvaluein,lane1,dq15,,dq15,5,523.0,634.0,1503.0,1503.0,980.0,980.0
cntvaluein3-skew-locked-seed-45,fail,cntvaluein_bus_skew,idelay_data_cntvaluein,lane1,dq15,,dq15,5,407.0,425.0,1149.0,1149.0,742.0,742.0
cntvaluein3-skew-locked-seed-46,pass,cntvaluein_bus_skew,idelay_data_cntvaluein,lane1,dq15,,dq15,5,541.0,736.0,1419.0,1419.0,878.0,878.0
cntvaluein3-skew-locked-seed-47,pass,cntvaluein_bus_skew,idelay_data_cntvaluein,lane1,dq15,,dq15,5,1353.0,1483.0,1664.0,1664.0,311.0,311.0
cntvaluein3-skew-locked-seed-48,fail,cntvaluein_bus_skew,idelay_data_cntvaluein,lane1,dq15,,dq15,5,460.0,742.0,1491.0,1491.0,1031.0,1031.0
cntvaluein3-skew-locked-seed-49,pass,cntvaluein_bus_skew,idelay_data_cntvaluein,lane1,dq15,,dq15,5,853.0,1554.0,1682.0,1682.0,829.0,829.0
cntvaluein3-skew-locked-seed-50,fail,cntvaluein_bus_skew,idelay_data_cntvaluein,lane1,dq15,,dq15,5,873.0,1228.0,1421.0,1421.0,548.0,548.0
cntvaluein3-skew-locked-seed-51,fail,cntvaluein_bus_skew,idelay_data_cntvaluein,lane1,dq15,,dq15,5,425.0,495.0,1350.0,1350.0,925.0,925.0
cntvaluein3-skew-locked-seed-52,fail,cntvaluein_bus_skew,idelay_data_cntvaluein,lane1,dq15,,dq15,5,1174.0,1348.0,1684.0,1684.0,510.0,510.0
cntvaluein3-skew-locked-seed-53,fail,cntvaluein_bus_skew,idelay_data_cntvaluein,lane1,dq15,,dq15,5,779.0,1243.0,1526.0,1526.0,747.0,747.0
cntvaluein3-skew-locked-seed-54,pass,cntvaluein_bus_skew,idelay_data_cntvaluein,lane1,dq15,,dq15,5,514.0,734.0,1564.0,1564.0,1050.0,1050.0
cntvaluein3-skew-locked-seed-55,pass,cntvaluein_bus_skew,idelay_data_cntvaluein,lane1,dq15,,dq15,5,1305.0,1445.0,1531.0,1531.0,226.0,226.0
cntvaluein3-skew-locked-seed-56,pass,cntvaluein_bus_skew,idelay_data_cntvaluein,lane1,dq15,,dq15,5,970.0,1353.0,1572.0,1572.0,602.0,602.0
cntvaluein3-skew-locked-seed-57,pass,cntvaluein_bus_skew,idelay_data_cntvaluein,lane1,dq15,,dq15,5,1098.0,1241.0,1753.0,1753.0,655.0,655.0
cntvaluein3-skew-locked-seed-58,pass,cntvaluein_bus_skew,idelay_data_cntvaluein,lane1,dq15,,dq15,5,912.0,1253.0,1483.0,1483.0,571.0,571.0
cntvaluein3-skew-locked-seed-59,pass,cntvaluein_bus_skew,idelay_data_cntvaluein,lane1,dq15,,dq15,5,1088.0,1156.0,1342.0,1342.0,254.0,254.0
cntvaluein3-skew-locked-seed-60,fail,cntvaluein_bus_skew,idelay_data_cntvaluein,lane1,dq15,,dq15,5,986.0,1205.0,1498.0,1498.0,512.0,512.0
cntvaluein3-skew-locked-seed-31,pass,cntvaluein_bus_skew,idelay_data_cntvaluein,lane1,dq8,,dq8,5,1031.0,1524.0,2390.0,2390.0,1359.0,1359.0
cntvaluein3-skew-locked-seed-32,pass,cntvaluein_bus_skew,idelay_data_cntvaluein,lane1,dq8,,dq8,5,690.0,811.0,2118.0,2118.0,1428.0,1428.0
cntvaluein3-skew-locked-seed-33,fail,cntvaluein_bus_skew,idelay_data_cntvaluein,lane1,dq8,,dq8,5,1388.0,1580.0,1879.0,1879.0,491.0,491.0
cntvaluein3-skew-locked-seed-34,pass,cntvaluein_bus_skew,idelay_data_cntvaluein,lane1,dq8,,dq8,5,797.0,887.0,1865.0,1865.0,1068.0,1068.0
cntvaluein3-skew-locked-seed-35,pass,cntvaluein_bus_skew,idelay_data_cntvaluein,lane1,dq8,,dq8,5,587.0,716.0,2013.0,2013.0,1426.0,1426.0
cntvaluein3-skew-locked-seed-36,fail,cntvaluein_bus_skew,idelay_data_cntvaluein,lane1,dq8,,dq8,5,1258.0,1634.0,1884.0,1884.0,626.0,626.0
cntvaluein3-skew-locked-seed-37,pass,cntvaluein_bus_skew,idelay_data_cntvaluein,lane1,dq8,,dq8,5,1473.0,1498.0,1896.0,1896.0,423.0,423.0
cntvaluein3-skew-locked-seed-38,pass,cntvaluein_bus_skew,idelay_data_cntvaluein,lane1,dq8,,dq8,5,1486.0,1748.0,1820.0,1820.0,334.0,334.0
cntvaluein3-skew-locked-seed-39,fail,cntvaluein_bus_skew,idelay_data_cntvaluein,lane1,dq8,,dq8,5,1470.0,1616.0,2108.0,2108.0,638.0,638.0
cntvaluein3-skew-locked-seed-40,pass,cntvaluein_bus_skew,idelay_data_cntvaluein,lane1,dq8,,dq8,5,1501.0,1597.0,1717.0,1717.0,216.0,216.0
cntvaluein3-skew-locked-seed-41,fail,cntvaluein_bus_skew,idelay_data_cntvaluein,lane1,dq8,,dq8,5,1309.0,1422.0,1705.0,1705.0,396.0,396.0
cntvaluein3-skew-locked-seed-42,pass,cntvaluein_bus_skew,idelay_data_cntvaluein,lane1,dq8,,dq8,5,1179.0,1662.0,1955.0,1955.0,776.0,776.0
cntvaluein3-skew-locked-seed-43,pass,cntvaluein_bus_skew,idelay_data_cntvaluein,lane1,dq8,,dq8,5,675.0,805.0,1636.0,1636.0,961.0,961.0
cntvaluein3-skew-locked-seed-44,pass,cntvaluein_bus_skew,idelay_data_cntvaluein,lane1,dq8,,dq8,5,707.0,950.0,1590.0,1590.0,883.0,883.0
cntvaluein3-skew-locked-seed-45,fail,cntvaluein_bus_skew,idelay_data_cntvaluein,lane1,dq8,,dq8,5,550.0,684.0,1213.0,1213.0,663.0,663.0
cntvaluein3-skew-locked-seed-46,pass,cntvaluein_bus_skew,idelay_data_cntvaluein,lane1,dq8,,dq8,5,754.0,1029.0,1583.0,1583.0,829.0,829.0
cntvaluein3-skew-locked-seed-47,pass,cntvaluein_bus_skew,idelay_data_cntvaluein,lane1,dq8,,dq8,5,1396.0,1572.0,2279.0,2279.0,883.0,883.0
cntvaluein3-skew-locked-seed-48,fail,cntvaluein_bus_skew,idelay_data_cntvaluein,lane1,dq8,,dq8,5,876.0,896.0,1919.0,1919.0,1043.0,1043.0
cntvaluein3-skew-locked-seed-49,pass,cntvaluein_bus_skew,idelay_data_cntvaluein,lane1,dq8,,dq8,5,1154.0,1506.0,2227.0,2227.0,1073.0,1073.0
cntvaluein3-skew-locked-seed-50,fail,cntvaluein_bus_skew,idelay_data_cntvaluein,lane1,dq8,,dq8,5,1266.0,1440.0,1991.0,1991.0,725.0,725.0
cntvaluein3-skew-locked-seed-51,fail,cntvaluein_bus_skew,idelay_data_cntvaluein,lane1,dq8,,dq8,5,583.0,1052.0,1679.0,1679.0,1096.0,1096.0
cntvaluein3-skew-locked-seed-52,fail,cntvaluein_bus_skew,idelay_data_cntvaluein,lane1,dq8,,dq8,5,1508.0,1796.0,2049.0,2049.0,541.0,541.0
cntvaluein3-skew-locked-seed-53,fail,cntvaluein_bus_skew,idelay_data_cntvaluein,lane1,dq8,,dq8,5,1208.0,1529.0,2073.0,2073.0,865.0,865.0
cntvaluein3-skew-locked-seed-54,pass,cntvaluein_bus_skew,idelay_data_cntvaluein,lane1,dq8,,dq8,5,574.0,782.0,1878.0,1878.0,1304.0,1304.0
cntvaluein3-skew-locked-seed-55,pass,cntvaluein_bus_skew,idelay_data_cntvaluein,lane1,dq8,,dq8,5,1475.0,1680.0,1853.0,1853.0,378.0,378.0
cntvaluein3-skew-locked-seed-56,pass,cntvaluein_bus_skew,idelay_data_cntvaluein,lane1,dq8,,dq8,5,1222.0,1368.0,1878.0,1878.0,656.0,656.0
cntvaluein3-skew-locked-seed-57,pass,cntvaluein_bus_skew,idelay_data_cntvaluein,lane1,dq8,,dq8,5,1521.0,1623.0,2516.0,2516.0,995.0,995.0
cntvaluein3-skew-locked-seed-58,pass,cntvaluein_bus_skew,idelay_data_cntvaluein,lane1,dq8,,dq8,5,1289.0,1508.0,1567.0,1567.0,278.0,278.0
cntvaluein3-skew-locked-seed-59,pass,cntvaluein_bus_skew,idelay_data_cntvaluein,lane1,dq8,,dq8,5,1090.0,1480.0,1845.0,1845.0,755.0,755.0
cntvaluein3-skew-locked-seed-60,fail,cntvaluein_bus_skew,idelay_data_cntvaluein,lane1,dq8,,dq8,5,981.0,1597.0,2088.0,2088.0,1107.0,1107.0
cntvaluein3-skew-locked-seed-31,pass,cntvaluein_bus_skew,idelay_data_cntvaluein,lane1,dq9,,dq9,5,823.0,1207.0,1935.0,1935.0,1112.0,1112.0
cntvaluein3-skew-locked-seed-32,pass,cntvaluein_bus_skew,idelay_data_cntvaluein,lane1,dq9,,dq9,5,500.0,508.0,1450.0,1450.0,950.0,950.0
cntvaluein3-skew-locked-seed-33,fail,cntvaluein_bus_skew,idelay_data_cntvaluein,lane1,dq9,,dq9,5,1134.0,1427.0,1491.0,1491.0,357.0,357.0
cntvaluein3-skew-locked-seed-34,pass,cntvaluein_bus_skew,idelay_data_cntvaluein,lane1,dq9,,dq9,5,521.0,607.0,1625.0,1625.0,1104.0,1104.0
cntvaluein3-skew-locked-seed-35,pass,cntvaluein_bus_skew,idelay_data_cntvaluein,lane1,dq9,,dq9,5,499.0,722.0,1606.0,1606.0,1107.0,1107.0
cntvaluein3-skew-locked-seed-36,fail,cntvaluein_bus_skew,idelay_data_cntvaluein,lane1,dq9,,dq9,5,1039.0,1241.0,1718.0,1718.0,679.0,679.0
cntvaluein3-skew-locked-seed-37,pass,cntvaluein_bus_skew,idelay_data_cntvaluein,lane1,dq9,,dq9,5,1131.0,1241.0,1625.0,1625.0,494.0,494.0
cntvaluein3-skew-locked-seed-38,pass,cntvaluein_bus_skew,idelay_data_cntvaluein,lane1,dq9,,dq9,5,1174.0,1501.0,2023.0,2023.0,849.0,849.0
cntvaluein3-skew-locked-seed-39,fail,cntvaluein_bus_skew,idelay_data_cntvaluein,lane1,dq9,,dq9,5,1042.0,1396.0,1450.0,1450.0,408.0,408.0
cntvaluein3-skew-locked-seed-40,pass,cntvaluein_bus_skew,idelay_data_cntvaluein,lane1,dq9,,dq9,5,1281.0,1687.0,1950.0,1950.0,669.0,669.0
cntvaluein3-skew-locked-seed-41,fail,cntvaluein_bus_skew,idelay_data_cntvaluein,lane1,dq9,,dq9,5,1013.0,1434.0,1669.0,1669.0,656.0,656.0
cntvaluein3-skew-locked-seed-42,pass,cntvaluein_bus_skew,idelay_data_cntvaluein,lane1,dq9,,dq9,5,1212.0,1425.0,1595.0,1595.0,383.0,383.0
cntvaluein3-skew-locked-seed-43,pass,cntvaluein_bus_skew,idelay_data_cntvaluein,lane1,dq9,,dq9,5,428.0,507.0,1738.0,1738.0,1310.0,1310.0
cntvaluein3-skew-locked-seed-44,pass,cntvaluein_bus_skew,idelay_data_cntvaluein,lane1,dq9,,dq9,5,435.0,675.0,1585.0,1585.0,1150.0,1150.0
cntvaluein3-skew-locked-seed-45,fail,cntvaluein_bus_skew,idelay_data_cntvaluein,lane1,dq9,,dq9,5,407.0,509.0,1233.0,1233.0,826.0,826.0
cntvaluein3-skew-locked-seed-46,pass,cntvaluein_bus_skew,idelay_data_cntvaluein,lane1,dq9,,dq9,5,629.0,828.0,1284.0,1284.0,655.0,655.0
cntvaluein3-skew-locked-seed-47,pass,cntvaluein_bus_skew,idelay_data_cntvaluein,lane1,dq9,,dq9,5,1297.0,1536.0,1754.0,1754.0,457.0,457.0
cntvaluein3-skew-locked-seed-48,fail,cntvaluein_bus_skew,idelay_data_cntvaluein,lane1,dq9,,dq9,5,535.0,742.0,1577.0,1577.0,1042.0,1042.0
cntvaluein3-skew-locked-seed-49,pass,cntvaluein_bus_skew,idelay_data_cntvaluein,lane1,dq9,,dq9,5,938.0,1593.0,1750.0,1750.0,812.0,812.0
cntvaluein3-skew-locked-seed-50,fail,cntvaluein_bus_skew,idelay_data_cntvaluein,lane1,dq9,,dq9,5,879.0,1157.0,1506.0,1506.0,627.0,627.0
cntvaluein3-skew-locked-seed-51,fail,cntvaluein_bus_skew,idelay_data_cntvaluein,lane1,dq9,,dq9,5,423.0,587.0,1353.0,1353.0,930.0,930.0
cntvaluein3-skew-locked-seed-52,fail,cntvaluein_bus_skew,idelay_data_cntvaluein,lane1,dq9,,dq9,5,1179.0,1378.0,1455.0,1455.0,276.0,276.0
cntvaluein3-skew-locked-seed-53,fail,cntvaluein_bus_skew,idelay_data_cntvaluein,lane1,dq9,,dq9,5,865.0,1333.0,1437.0,1437.0,572.0,572.0
cntvaluein3-skew-locked-seed-54,pass,cntvaluein_bus_skew,idelay_data_cntvaluein,lane1,dq9,,dq9,5,446.0,740.0,1552.0,1552.0,1106.0,1106.0
cntvaluein3-skew-locked-seed-55,pass,cntvaluein_bus_skew,idelay_data_cntvaluein,lane1,dq9,,dq9,5,1396.0,1534.0,1621.0,1621.0,225.0,225.0
cntvaluein3-skew-locked-seed-56,pass,cntvaluein_bus_skew,idelay_data_cntvaluein,lane1,dq9,,dq9,5,1054.0,1251.0,1652.0,1652.0,598.0,598.0
cntvaluein3-skew-locked-seed-57,pass,cntvaluein_bus_skew,idelay_data_cntvaluein,lane1,dq9,,dq9,5,1159.0,1189.0,1753.0,1753.0,594.0,594.0
cntvaluein3-skew-locked-seed-58,pass,cntvaluein_bus_skew,idelay_data_cntvaluein,lane1,dq9,,dq9,5,1003.0,1246.0,1567.0,1567.0,564.0,564.0
cntvaluein3-skew-locked-seed-59,pass,cntvaluein_bus_skew,idelay_data_cntvaluein,lane1,dq9,,dq9,5,1006.0,1200.0,1429.0,1429.0,423.0,423.0
cntvaluein3-skew-locked-seed-60,fail,cntvaluein_bus_skew,idelay_data_cntvaluein,lane1,dq9,,dq9,5,1074.0,1220.0,1588.0,1588.0,514.0,514.0
cntvaluein3-skew-locked-seed-31,pass,cntvaluein_bus_skew,idelay_dqs_cntvaluein,lane0,dqs0,,dqs0,5,1080.0,1289.0,1978.0,1978.0,898.0,898.0
cntvaluein3-skew-locked-seed-32,pass,cntvaluein_bus_skew,idelay_dqs_cntvaluein,lane0,dqs0,,dqs0,5,926.0,1062.0,2055.0,2055.0,1129.0,1129.0
cntvaluein3-skew-locked-seed-33,fail,cntvaluein_bus_skew,idelay_dqs_cntvaluein,lane0,dqs0,,dqs0,5,1488.0,1592.0,2076.0,2076.0,588.0,588.0
cntvaluein3-skew-locked-seed-34,pass,cntvaluein_bus_skew,idelay_dqs_cntvaluein,lane0,dqs0,,dqs0,5,907.0,1072.0,2174.0,2174.0,1267.0,1267.0
cntvaluein3-skew-locked-seed-35,pass,cntvaluein_bus_skew,idelay_dqs_cntvaluein,lane0,dqs0,,dqs0,5,1067.0,1259.0,2128.0,2128.0,1061.0,1061.0
cntvaluein3-skew-locked-seed-36,fail,cntvaluein_bus_skew,idelay_dqs_cntvaluein,lane0,dqs0,,dqs0,5,1167.0,1434.0,1799.0,1799.0,632.0,632.0
cntvaluein3-skew-locked-seed-37,pass,cntvaluein_bus_skew,idelay_dqs_cntvaluein,lane0,dqs0,,dqs0,5,1055.0,1631.0,1858.0,1858.0,803.0,803.0
cntvaluein3-skew-locked-seed-38,pass,cntvaluein_bus_skew,idelay_dqs_cntvaluein,lane0,dqs0,,dqs0,5,1427.0,1572.0,2000.0,2000.0,573.0,573.0
cntvaluein3-skew-locked-seed-39,fail,cntvaluein_bus_skew,idelay_dqs_cntvaluein,lane0,dqs0,,dqs0,5,1633.0,1761.0,2112.0,2112.0,479.0,479.0
cntvaluein3-skew-locked-seed-40,pass,cntvaluein_bus_skew,idelay_dqs_cntvaluein,lane0,dqs0,,dqs0,5,569.0,930.0,2095.0,2095.0,1526.0,1526.0
cntvaluein3-skew-locked-seed-41,fail,cntvaluein_bus_skew,idelay_dqs_cntvaluein,lane0,dqs0,,dqs0,5,1218.0,1809.0,2283.0,2283.0,1065.0,1065.0
cntvaluein3-skew-locked-seed-42,pass,cntvaluein_bus_skew,idelay_dqs_cntvaluein,lane0,dqs0,,dqs0,5,1496.0,1600.0,2188.0,2188.0,692.0,692.0
cntvaluein3-skew-locked-seed-43,pass,cntvaluein_bus_skew,idelay_dqs_cntvaluein,lane0,dqs0,,dqs0,5,768.0,842.0,2058.0,2058.0,1290.0,1290.0
cntvaluein3-skew-locked-seed-44,pass,cntvaluein_bus_skew,idelay_dqs_cntvaluein,lane0,dqs0,,dqs0,5,1023.0,1340.0,1674.0,1674.0,651.0,651.0
cntvaluein3-skew-locked-seed-45,fail,cntvaluein_bus_skew,idelay_dqs_cntvaluein,lane0,dqs0,,dqs0,5,777.0,864.0,2048.0,2048.0,1271.0,1271.0
cntvaluein3-skew-locked-seed-46,pass,cntvaluein_bus_skew,idelay_dqs_cntvaluein,lane0,dqs0,,dqs0,5,1577.0,1725.0,1973.0,1973.0,396.0,396.0
cntvaluein3-skew-locked-seed-47,pass,cntvaluein_bus_skew,idelay_dqs_cntvaluein,lane0,dqs0,,dqs0,5,1274.0,1648.0,1932.0,1932.0,658.0,658.0
cntvaluein3-skew-locked-seed-48,fail,cntvaluein_bus_skew,idelay_dqs_cntvaluein,lane0,dqs0,,dqs0,5,861.0,1070.0,1940.0,1940.0,1079.0,1079.0
cntvaluein3-skew-locked-seed-49,pass,cntvaluein_bus_skew,idelay_dqs_cntvaluein,lane0,dqs0,,dqs0,5,1692.0,1830.0,2012.0,2012.0,320.0,320.0
cntvaluein3-skew-locked-seed-50,fail,cntvaluein_bus_skew,idelay_dqs_cntvaluein,lane0,dqs0,,dqs0,5,992.0,1549.0,1991.0,1991.0,999.0,999.0
cntvaluein3-skew-locked-seed-51,fail,cntvaluein_bus_skew,idelay_dqs_cntvaluein,lane0,dqs0,,dqs0,5,945.0,1075.0,2036.0,2036.0,1091.0,1091.0
cntvaluein3-skew-locked-seed-52,fail,cntvaluein_bus_skew,idelay_dqs_cntvaluein,lane0,dqs0,,dqs0,5,1172.0,1929.0,2397.0,2397.0,1225.0,1225.0
cntvaluein3-skew-locked-seed-53,fail,cntvaluein_bus_skew,idelay_dqs_cntvaluein,lane0,dqs0,,dqs0,5,1452.0,1585.0,2168.0,2168.0,716.0,716.0
cntvaluein3-skew-locked-seed-54,pass,cntvaluein_bus_skew,idelay_dqs_cntvaluein,lane0,dqs0,,dqs0,5,1371.0,1845.0,2086.0,2086.0,715.0,715.0
cntvaluein3-skew-locked-seed-55,pass,cntvaluein_bus_skew,idelay_dqs_cntvaluein,lane0,dqs0,,dqs0,5,1700.0,1764.0,1942.0,1942.0,242.0,242.0
cntvaluein3-skew-locked-seed-56,pass,cntvaluein_bus_skew,idelay_dqs_cntvaluein,lane0,dqs0,,dqs0,5,1315.0,1621.0,1893.0,1893.0,578.0,578.0
cntvaluein3-skew-locked-seed-57,pass,cntvaluein_bus_skew,idelay_dqs_cntvaluein,lane0,dqs0,,dqs0,5,1368.0,1646.0,2073.0,2073.0,705.0,705.0
cntvaluein3-skew-locked-seed-58,pass,cntvaluein_bus_skew,idelay_dqs_cntvaluein,lane0,dqs0,,dqs0,5,1386.0,1960.0,1970.0,1970.0,584.0,584.0
cntvaluein3-skew-locked-seed-59,pass,cntvaluein_bus_skew,idelay_dqs_cntvaluein,lane0,dqs0,,dqs0,5,1205.0,1657.0,1799.0,1799.0,594.0,594.0
cntvaluein3-skew-locked-seed-60,fail,cntvaluein_bus_skew,idelay_dqs_cntvaluein,lane0,dqs0,,dqs0,5,1273.0,1644.0,1746.0,1746.0,473.0,473.0
cntvaluein3-skew-locked-seed-31,pass,cntvaluein_bus_skew,idelay_dqs_cntvaluein,lane1,dqs1,,dqs1,5,855.0,1105.0,1700.0,1700.0,845.0,845.0
cntvaluein3-skew-locked-seed-32,pass,cntvaluein_bus_skew,idelay_dqs_cntvaluein,lane1,dqs1,,dqs1,5,561.0,717.0,2194.0,2194.0,1633.0,1633.0
cntvaluein3-skew-locked-seed-33,fail,cntvaluein_bus_skew,idelay_dqs_cntvaluein,lane1,dqs1,,dqs1,5,1156.0,1314.0,1835.0,1835.0,679.0,679.0
cntvaluein3-skew-locked-seed-34,pass,cntvaluein_bus_skew,idelay_dqs_cntvaluein,lane1,dqs1,,dqs1,5,654.0,824.0,1659.0,1659.0,1005.0,1005.0
cntvaluein3-skew-locked-seed-35,pass,cntvaluein_bus_skew,idelay_dqs_cntvaluein,lane1,dqs1,,dqs1,5,827.0,864.0,1876.0,1876.0,1049.0,1049.0
cntvaluein3-skew-locked-seed-36,fail,cntvaluein_bus_skew,idelay_dqs_cntvaluein,lane1,dqs1,,dqs1,5,773.0,1156.0,1537.0,1537.0,764.0,764.0
cntvaluein3-skew-locked-seed-37,pass,cntvaluein_bus_skew,idelay_dqs_cntvaluein,lane1,dqs1,,dqs1,5,1054.0,1427.0,1585.0,1585.0,531.0,531.0
cntvaluein3-skew-locked-seed-38,pass,cntvaluein_bus_skew,idelay_dqs_cntvaluein,lane1,dqs1,,dqs1,5,1294.0,1383.0,1503.0,1503.0,209.0,209.0
cntvaluein3-skew-locked-seed-39,fail,cntvaluein_bus_skew,idelay_dqs_cntvaluein,lane1,dqs1,,dqs1,5,1282.0,1552.0,1708.0,1708.0,426.0,426.0
cntvaluein3-skew-locked-seed-40,pass,cntvaluein_bus_skew,idelay_dqs_cntvaluein,lane1,dqs1,,dqs1,5,570.0,1008.0,1817.0,1817.0,1247.0,1247.0
cntvaluein3-skew-locked-seed-41,fail,cntvaluein_bus_skew,idelay_dqs_cntvaluein,lane1,dqs1,,dqs1,5,1187.0,1567.0,1875.0,1875.0,688.0,688.0
cntvaluein3-skew-locked-seed-42,pass,cntvaluein_bus_skew,idelay_dqs_cntvaluein,lane1,dqs1,,dqs1,5,1220.0,1322.0,1904.0,1904.0,684.0,684.0
cntvaluein3-skew-locked-seed-43,pass,cntvaluein_bus_skew,idelay_dqs_cntvaluein,lane1,dqs1,,dqs1,5,527.0,597.0,1889.0,1889.0,1362.0,1362.0
cntvaluein3-skew-locked-seed-44,pass,cntvaluein_bus_skew,idelay_dqs_cntvaluein,lane1,dqs1,,dqs1,5,681.0,796.0,1748.0,1748.0,1067.0,1067.0
cntvaluein3-skew-locked-seed-45,fail,cntvaluein_bus_skew,idelay_dqs_cntvaluein,lane1,dqs1,,dqs1,5,569.0,644.0,2016.0,2016.0,1447.0,1447.0
cntvaluein3-skew-locked-seed-46,pass,cntvaluein_bus_skew,idelay_dqs_cntvaluein,lane1,dqs1,,dqs1,5,1302.0,1406.0,1501.0,1501.0,199.0,199.0
cntvaluein3-skew-locked-seed-47,pass,cntvaluein_bus_skew,idelay_dqs_cntvaluein,lane1,dqs1,,dqs1,5,999.0,1370.0,1751.0,1751.0,752.0,752.0
cntvaluein3-skew-locked-seed-48,fail,cntvaluein_bus_skew,idelay_dqs_cntvaluein,lane1,dqs1,,dqs1,5,657.0,791.0,1585.0,1585.0,928.0,928.0
cntvaluein3-skew-locked-seed-49,pass,cntvaluein_bus_skew,idelay_dqs_cntvaluein,lane1,dqs1,,dqs1,5,1281.0,1536.0,1616.0,1616.0,335.0,335.0
cntvaluein3-skew-locked-seed-50,fail,cntvaluein_bus_skew,idelay_dqs_cntvaluein,lane1,dqs1,,dqs1,5,981.0,1320.0,1572.0,1572.0,591.0,591.0
cntvaluein3-skew-locked-seed-51,fail,cntvaluein_bus_skew,idelay_dqs_cntvaluein,lane1,dqs1,,dqs1,5,580.0,787.0,1572.0,1572.0,992.0,992.0
cntvaluein3-skew-locked-seed-52,fail,cntvaluein_bus_skew,idelay_dqs_cntvaluein,lane1,dqs1,,dqs1,5,1070.0,1529.0,2180.0,2180.0,1110.0,1110.0
cntvaluein3-skew-locked-seed-53,fail,cntvaluein_bus_skew,idelay_dqs_cntvaluein,lane1,dqs1,,dqs1,5,1036.0,1360.0,1824.0,1824.0,788.0,788.0
cntvaluein3-skew-locked-seed-54,pass,cntvaluein_bus_skew,idelay_dqs_cntvaluein,lane1,dqs1,,dqs1,5,1047.0,1513.0,1753.0,1753.0,706.0,706.0
cntvaluein3-skew-locked-seed-55,pass,cntvaluein_bus_skew,idelay_dqs_cntvaluein,lane1,dqs1,,dqs1,5,1425.0,1557.0,1722.0,1722.0,297.0,297.0
cntvaluein3-skew-locked-seed-56,pass,cntvaluein_bus_skew,idelay_dqs_cntvaluein,lane1,dqs1,,dqs1,5,986.0,1360.0,1610.0,1610.0,624.0,624.0
cntvaluein3-skew-locked-seed-57,pass,cntvaluein_bus_skew,idelay_dqs_cntvaluein,lane1,dqs1,,dqs1,5,1050.0,1340.0,1641.0,1641.0,591.0,591.0
cntvaluein3-skew-locked-seed-58,pass,cntvaluein_bus_skew,idelay_dqs_cntvaluein,lane1,dqs1,,dqs1,5,1128.0,1478.0,1649.0,1649.0,521.0,521.0
cntvaluein3-skew-locked-seed-59,pass,cntvaluein_bus_skew,idelay_dqs_cntvaluein,lane1,dqs1,,dqs1,5,1297.0,1457.0,1748.0,1748.0,451.0,451.0
cntvaluein3-skew-locked-seed-60,fail,cntvaluein_bus_skew,idelay_dqs_cntvaluein,lane1,dqs1,,dqs1,5,930.0,1463.0,1667.0,1667.0,737.0,737.0
cntvaluein3-skew-locked-seed-31,pass,control_fanout_spread,idelay_data_cntvaluein,lane0,,0,lane_control_bit,8,1470.0,1730.5,1842.0,1842.0,372.0,372.0
cntvaluein3-skew-locked-seed-32,pass,control_fanout_spread,idelay_data_cntvaluein,lane0,,0,lane_control_bit,8,802.0,932.0,1018.0,1018.0,216.0,216.0
cntvaluein3-skew-locked-seed-33,fail,control_fanout_spread,idelay_data_cntvaluein,lane0,,0,lane_control_bit,8,1975.0,2236.5,2382.0,2382.0,407.0,407.0
cntvaluein3-skew-locked-seed-34,pass,control_fanout_spread,idelay_data_cntvaluein,lane0,,0,lane_control_bit,8,1016.0,1412.5,1559.0,1559.0,543.0,543.0
cntvaluein3-skew-locked-seed-35,pass,control_fanout_spread,idelay_data_cntvaluein,lane0,,0,lane_control_bit,8,676.0,914.5,971.0,971.0,295.0,295.0
cntvaluein3-skew-locked-seed-36,fail,control_fanout_spread,idelay_data_cntvaluein,lane0,,0,lane_control_bit,8,1483.0,1599.0,1748.0,1748.0,265.0,265.0
cntvaluein3-skew-locked-seed-37,pass,control_fanout_spread,idelay_data_cntvaluein,lane0,,0,lane_control_bit,8,1588.0,1738.0,1830.0,1830.0,242.0,242.0
cntvaluein3-skew-locked-seed-38,pass,control_fanout_spread,idelay_data_cntvaluein,lane0,,0,lane_control_bit,8,1541.0,2021.5,2167.0,2167.0,626.0,626.0
cntvaluein3-skew-locked-seed-39,fail,control_fanout_spread,idelay_data_cntvaluein,lane0,,0,lane_control_bit,8,1830.0,2021.0,2194.0,2194.0,364.0,364.0
cntvaluein3-skew-locked-seed-40,pass,control_fanout_spread,idelay_data_cntvaluein,lane0,,0,lane_control_bit,8,1363.0,2038.5,2096.0,2096.0,733.0,733.0
cntvaluein3-skew-locked-seed-41,fail,control_fanout_spread,idelay_data_cntvaluein,lane0,,0,lane_control_bit,8,1353.0,1826.5,1973.0,1973.0,620.0,620.0
cntvaluein3-skew-locked-seed-42,pass,control_fanout_spread,idelay_data_cntvaluein,lane0,,0,lane_control_bit,8,1401.0,1587.5,1675.0,1675.0,274.0,274.0
cntvaluein3-skew-locked-seed-43,pass,control_fanout_spread,idelay_data_cntvaluein,lane0,,0,lane_control_bit,8,841.0,1161.5,1307.0,1307.0,466.0,466.0
cntvaluein3-skew-locked-seed-44,pass,control_fanout_spread,idelay_data_cntvaluein,lane0,,0,lane_control_bit,8,943.0,1195.0,1386.0,1386.0,443.0,443.0
cntvaluein3-skew-locked-seed-45,fail,control_fanout_spread,idelay_data_cntvaluein,lane0,,0,lane_control_bit,8,777.0,1005.0,1151.0,1151.0,374.0,374.0
cntvaluein3-skew-locked-seed-46,pass,control_fanout_spread,idelay_data_cntvaluein,lane0,,0,lane_control_bit,8,925.0,1074.0,1238.0,1238.0,313.0,313.0
cntvaluein3-skew-locked-seed-47,pass,control_fanout_spread,idelay_data_cntvaluein,lane0,,0,lane_control_bit,8,1534.0,1785.5,1906.0,1906.0,372.0,372.0
cntvaluein3-skew-locked-seed-48,fail,control_fanout_spread,idelay_data_cntvaluein,lane0,,0,lane_control_bit,8,1074.0,1196.5,1315.0,1315.0,241.0,241.0
cntvaluein3-skew-locked-seed-49,pass,control_fanout_spread,idelay_data_cntvaluein,lane0,,0,lane_control_bit,8,1914.0,2193.5,2339.0,2339.0,425.0,425.0
cntvaluein3-skew-locked-seed-50,fail,control_fanout_spread,idelay_data_cntvaluein,lane0,,0,lane_control_bit,8,1121.0,1248.0,1383.0,1383.0,262.0,262.0
cntvaluein3-skew-locked-seed-51,fail,control_fanout_spread,idelay_data_cntvaluein,lane0,,0,lane_control_bit,8,1064.0,1204.5,1294.0,1294.0,230.0,230.0
cntvaluein3-skew-locked-seed-52,fail,control_fanout_spread,idelay_data_cntvaluein,lane0,,0,lane_control_bit,8,1819.0,1958.5,2045.0,2045.0,226.0,226.0
cntvaluein3-skew-locked-seed-53,fail,control_fanout_spread,idelay_data_cntvaluein,lane0,,0,lane_control_bit,8,1452.0,1879.5,2026.0,2026.0,574.0,574.0
cntvaluein3-skew-locked-seed-54,pass,control_fanout_spread,idelay_data_cntvaluein,lane0,,0,lane_control_bit,8,1001.0,1233.0,1338.0,1338.0,337.0,337.0
cntvaluein3-skew-locked-seed-55,pass,control_fanout_spread,idelay_data_cntvaluein,lane0,,0,lane_control_bit,8,1636.0,2117.0,2263.0,2263.0,627.0,627.0
cntvaluein3-skew-locked-seed-56,pass,control_fanout_spread,idelay_data_cntvaluein,lane0,,0,lane_control_bit,8,1406.0,1557.5,1865.0,1865.0,459.0,459.0
cntvaluein3-skew-locked-seed-57,pass,control_fanout_spread,idelay_data_cntvaluein,lane0,,0,lane_control_bit,8,1529.0,1692.5,1850.0,1850.0,321.0,321.0
cntvaluein3-skew-locked-seed-58,pass,control_fanout_spread,idelay_data_cntvaluein,lane0,,0,lane_control_bit,8,1289.0,1603.5,1718.0,1718.0,429.0,429.0
cntvaluein3-skew-locked-seed-59,pass,control_fanout_spread,idelay_data_cntvaluein,lane0,,0,lane_control_bit,8,1001.0,1164.0,1274.0,1274.0,273.0,273.0
cntvaluein3-skew-locked-seed-60,fail,control_fanout_spread,idelay_data_cntvaluein,lane0,,0,lane_control_bit,8,982.0,1346.5,1409.0,1409.0,427.0,427.0
cntvaluein3-skew-locked-seed-31,pass,control_fanout_spread,idelay_data_cntvaluein,lane0,,1,lane_control_bit,8,1031.0,1096.5,1322.0,1322.0,291.0,291.0
cntvaluein3-skew-locked-seed-32,pass,control_fanout_spread,idelay_data_cntvaluein,lane0,,1,lane_control_bit,8,734.0,949.5,1090.0,1090.0,356.0,356.0
cntvaluein3-skew-locked-seed-33,fail,control_fanout_spread,idelay_data_cntvaluein,lane0,,1,lane_control_bit,8,1223.0,1646.5,1787.0,1787.0,564.0,564.0
cntvaluein3-skew-locked-seed-34,pass,control_fanout_spread,idelay_data_cntvaluein,lane0,,1,lane_control_bit,8,1008.0,1188.5,1228.0,1228.0,220.0,220.0
cntvaluein3-skew-locked-seed-35,pass,control_fanout_spread,idelay_data_cntvaluein,lane0,,1,lane_control_bit,8,782.0,1003.5,1144.0,1144.0,362.0,362.0
cntvaluein3-skew-locked-seed-36,fail,control_fanout_spread,idelay_data_cntvaluein,lane0,,1,lane_control_bit,8,1279.0,1477.5,1588.0,1588.0,309.0,309.0
cntvaluein3-skew-locked-seed-37,pass,control_fanout_spread,idelay_data_cntvaluein,lane0,,1,lane_control_bit,8,1565.0,1725.5,1782.0,1782.0,217.0,217.0
cntvaluein3-skew-locked-seed-38,pass,control_fanout_spread,idelay_data_cntvaluein,lane0,,1,lane_control_bit,8,1661.0,1917.0,2177.0,2177.0,516.0,516.0
cntvaluein3-skew-locked-seed-39,fail,control_fanout_spread,idelay_data_cntvaluein,lane0,,1,lane_control_bit,8,1422.0,1512.5,1606.0,1606.0,184.0,184.0
cntvaluein3-skew-locked-seed-40,pass,control_fanout_spread,idelay_data_cntvaluein,lane0,,1,lane_control_bit,8,1703.0,2170.5,2311.0,2311.0,608.0,608.0
cntvaluein3-skew-locked-seed-41,fail,control_fanout_spread,idelay_data_cntvaluein,lane0,,1,lane_control_bit,8,1373.0,1604.0,1807.0,1807.0,434.0,434.0
cntvaluein3-skew-locked-seed-42,pass,control_fanout_spread,idelay_data_cntvaluein,lane0,,1,lane_control_bit,8,1736.0,1933.0,2035.0,2035.0,299.0,299.0
cntvaluein3-skew-locked-seed-43,pass,control_fanout_spread,idelay_data_cntvaluein,lane0,,1,lane_control_bit,8,680.0,1097.5,1238.0,1238.0,558.0,558.0
cntvaluein3-skew-locked-seed-44,pass,control_fanout_spread,idelay_data_cntvaluein,lane0,,1,lane_control_bit,8,916.0,1084.0,1401.0,1401.0,485.0,485.0
cntvaluein3-skew-locked-seed-45,fail,control_fanout_spread,idelay_data_cntvaluein,lane0,,1,lane_control_bit,8,939.0,1074.5,1115.0,1115.0,176.0,176.0
cntvaluein3-skew-locked-seed-46,pass,control_fanout_spread,idelay_data_cntvaluein,lane0,,1,lane_control_bit,8,945.0,1050.5,1157.0,1157.0,212.0,212.0
cntvaluein3-skew-locked-seed-47,pass,control_fanout_spread,idelay_data_cntvaluein,lane0,,1,lane_control_bit,8,2180.0,2286.0,2460.0,2460.0,280.0,280.0
cntvaluein3-skew-locked-seed-48,fail,control_fanout_spread,idelay_data_cntvaluein,lane0,,1,lane_control_bit,8,1152.0,1404.0,1521.0,1521.0,369.0,369.0
cntvaluein3-skew-locked-seed-49,pass,control_fanout_spread,idelay_data_cntvaluein,lane0,,1,lane_control_bit,8,1843.0,1980.0,2073.0,2073.0,230.0,230.0
cntvaluein3-skew-locked-seed-50,fail,control_fanout_spread,idelay_data_cntvaluein,lane0,,1,lane_control_bit,8,1495.0,1675.5,1902.0,1902.0,407.0,407.0
cntvaluein3-skew-locked-seed-51,fail,control_fanout_spread,idelay_data_cntvaluein,lane0,,1,lane_control_bit,8,791.0,1004.5,1146.0,1146.0,355.0,355.0
cntvaluein3-skew-locked-seed-52,fail,control_fanout_spread,idelay_data_cntvaluein,lane0,,1,lane_control_bit,8,1922.0,2141.0,2177.0,2177.0,255.0,255.0
cntvaluein3-skew-locked-seed-53,fail,control_fanout_spread,idelay_data_cntvaluein,lane0,,1,lane_control_bit,8,1342.0,1435.5,1529.0,1529.0,187.0,187.0
cntvaluein3-skew-locked-seed-54,pass,control_fanout_spread,idelay_data_cntvaluein,lane0,,1,lane_control_bit,8,1103.0,1191.0,1276.0,1276.0,173.0,173.0
cntvaluein3-skew-locked-seed-55,pass,control_fanout_spread,idelay_data_cntvaluein,lane0,,1,lane_control_bit,8,1690.0,1836.0,1911.0,1911.0,221.0,221.0
cntvaluein3-skew-locked-seed-56,pass,control_fanout_spread,idelay_data_cntvaluein,lane0,,1,lane_control_bit,8,1980.0,2406.0,2604.0,2604.0,624.0,624.0
cntvaluein3-skew-locked-seed-57,pass,control_fanout_spread,idelay_data_cntvaluein,lane0,,1,lane_control_bit,8,1402.0,1766.0,1906.0,1906.0,504.0,504.0
cntvaluein3-skew-locked-seed-58,pass,control_fanout_spread,idelay_data_cntvaluein,lane0,,1,lane_control_bit,8,1118.0,1549.0,1690.0,1690.0,572.0,572.0
cntvaluein3-skew-locked-seed-59,pass,control_fanout_spread,idelay_data_cntvaluein,lane0,,1,lane_control_bit,8,1641.0,1829.0,2029.0,2029.0,388.0,388.0
cntvaluein3-skew-locked-seed-60,fail,control_fanout_spread,idelay_data_cntvaluein,lane0,,1,lane_control_bit,8,1375.0,1691.0,1921.0,1921.0,546.0,546.0
cntvaluein3-skew-locked-seed-31,pass,control_fanout_spread,idelay_data_cntvaluein,lane0,,2,lane_control_bit,8,1437.0,1695.5,1866.0,1866.0,429.0,429.0
cntvaluein3-skew-locked-seed-32,pass,control_fanout_spread,idelay_data_cntvaluein,lane0,,2,lane_control_bit,8,726.0,1025.0,1174.0,1174.0,448.0,448.0
cntvaluein3-skew-locked-seed-33,fail,control_fanout_spread,idelay_data_cntvaluein,lane0,,2,lane_control_bit,8,1452.0,1661.5,1832.0,1832.0,380.0,380.0
cntvaluein3-skew-locked-seed-34,pass,control_fanout_spread,idelay_data_cntvaluein,lane0,,2,lane_control_bit,8,800.0,1284.0,1424.0,1424.0,624.0,624.0
cntvaluein3-skew-locked-seed-35,pass,control_fanout_spread,idelay_data_cntvaluein,lane0,,2,lane_control_bit,8,813.0,951.5,1146.0,1146.0,333.0,333.0
cntvaluein3-skew-locked-seed-36,fail,control_fanout_spread,idelay_data_cntvaluein,lane0,,2,lane_control_bit,8,1273.0,1383.5,1583.0,1583.0,310.0,310.0
cntvaluein3-skew-locked-seed-37,pass,control_fanout_spread,idelay_data_cntvaluein,lane0,,2,lane_control_bit,8,1809.0,1971.0,2128.0,2128.0,319.0,319.0
cntvaluein3-skew-locked-seed-38,pass,control_fanout_spread,idelay_data_cntvaluein,lane0,,2,lane_control_bit,8,1593.0,2030.5,2171.0,2171.0,578.0,578.0
cntvaluein3-skew-locked-seed-39,fail,control_fanout_spread,idelay_data_cntvaluein,lane0,,2,lane_control_bit,8,1777.0,1843.0,1998.0,1998.0,221.0,221.0
cntvaluein3-skew-locked-seed-40,pass,control_fanout_spread,idelay_data_cntvaluein,lane0,,2,lane_control_bit,8,1332.0,1412.5,1565.0,1565.0,233.0,233.0
cntvaluein3-skew-locked-seed-41,fail,control_fanout_spread,idelay_data_cntvaluein,lane0,,2,lane_control_bit,8,1101.0,1244.0,1355.0,1355.0,254.0,254.0
cntvaluein3-skew-locked-seed-42,pass,control_fanout_spread,idelay_data_cntvaluein,lane0,,2,lane_control_bit,8,1592.0,1777.0,1893.0,1893.0,301.0,301.0
cntvaluein3-skew-locked-seed-43,pass,control_fanout_spread,idelay_data_cntvaluein,lane0,,2,lane_control_bit,8,785.0,920.0,1171.0,1171.0,386.0,386.0
cntvaluein3-skew-locked-seed-44,pass,control_fanout_spread,idelay_data_cntvaluein,lane0,,2,lane_control_bit,8,939.0,1202.5,1304.0,1304.0,365.0,365.0
cntvaluein3-skew-locked-seed-45,fail,control_fanout_spread,idelay_data_cntvaluein,lane0,,2,lane_control_bit,8,787.0,981.0,1317.0,1317.0,530.0,530.0
cntvaluein3-skew-locked-seed-46,pass,control_fanout_spread,idelay_data_cntvaluein,lane0,,2,lane_control_bit,8,907.0,1399.0,1539.0,1539.0,632.0,632.0
cntvaluein3-skew-locked-seed-47,pass,control_fanout_spread,idelay_data_cntvaluein,lane0,,2,lane_control_bit,8,1575.0,2023.5,2164.0,2164.0,589.0,589.0
cntvaluein3-skew-locked-seed-48,fail,control_fanout_spread,idelay_data_cntvaluein,lane0,,2,lane_control_bit,8,950.0,1071.0,1269.0,1269.0,319.0,319.0
cntvaluein3-skew-locked-seed-49,pass,control_fanout_spread,idelay_data_cntvaluein,lane0,,2,lane_control_bit,8,1062.0,1118.0,1256.0,1256.0,194.0,194.0
cntvaluein3-skew-locked-seed-50,fail,control_fanout_spread,idelay_data_cntvaluein,lane0,,2,lane_control_bit,8,1682.0,1771.5,1856.0,1856.0,174.0,174.0
cntvaluein3-skew-locked-seed-51,fail,control_fanout_spread,idelay_data_cntvaluein,lane0,,2,lane_control_bit,8,794.0,974.5,1065.0,1065.0,271.0,271.0
cntvaluein3-skew-locked-seed-52,fail,control_fanout_spread,idelay_data_cntvaluein,lane0,,2,lane_control_bit,8,2068.0,2159.5,2253.0,2253.0,185.0,185.0
cntvaluein3-skew-locked-seed-53,fail,control_fanout_spread,idelay_data_cntvaluein,lane0,,2,lane_control_bit,8,1353.0,1660.0,1830.0,1830.0,477.0,477.0
cntvaluein3-skew-locked-seed-54,pass,control_fanout_spread,idelay_data_cntvaluein,lane0,,2,lane_control_bit,8,917.0,1167.0,1263.0,1263.0,346.0,346.0
cntvaluein3-skew-locked-seed-55,pass,control_fanout_spread,idelay_data_cntvaluein,lane0,,2,lane_control_bit,8,1738.0,2105.0,2246.0,2246.0,508.0,508.0
cntvaluein3-skew-locked-seed-56,pass,control_fanout_spread,idelay_data_cntvaluein,lane0,,2,lane_control_bit,8,1062.0,1146.0,1279.0,1279.0,217.0,217.0
cntvaluein3-skew-locked-seed-57,pass,control_fanout_spread,idelay_data_cntvaluein,lane0,,2,lane_control_bit,8,1565.0,1651.0,1860.0,1860.0,295.0,295.0
cntvaluein3-skew-locked-seed-58,pass,control_fanout_spread,idelay_data_cntvaluein,lane0,,2,lane_control_bit,8,1347.0,1475.0,1685.0,1685.0,338.0,338.0
cntvaluein3-skew-locked-seed-59,pass,control_fanout_spread,idelay_data_cntvaluein,lane0,,2,lane_control_bit,8,1095.0,1250.5,1434.0,1434.0,339.0,339.0
cntvaluein3-skew-locked-seed-60,fail,control_fanout_spread,idelay_data_cntvaluein,lane0,,2,lane_control_bit,8,1636.0,1864.5,2009.0,2009.0,373.0,373.0
cntvaluein3-skew-locked-seed-31,pass,control_fanout_spread,idelay_data_cntvaluein,lane0,,3,lane_control_bit,8,1934.0,2323.5,2489.0,2489.0,555.0,555.0
cntvaluein3-skew-locked-seed-32,pass,control_fanout_spread,idelay_data_cntvaluein,lane0,,3,lane_control_bit,8,1774.0,2159.0,2348.0,2348.0,574.0,574.0
cntvaluein3-skew-locked-seed-33,fail,control_fanout_spread,idelay_data_cntvaluein,lane0,,3,lane_control_bit,8,1705.0,1911.0,1967.0,1967.0,262.0,262.0
cntvaluein3-skew-locked-seed-34,pass,control_fanout_spread,idelay_data_cntvaluein,lane0,,3,lane_control_bit,8,2036.0,2096.5,2247.0,2247.0,211.0,211.0
cntvaluein3-skew-locked-seed-35,pass,control_fanout_spread,idelay_data_cntvaluein,lane0,,3,lane_control_bit,8,1940.0,2137.0,2249.0,2249.0,309.0,309.0
cntvaluein3-skew-locked-seed-36,fail,control_fanout_spread,idelay_data_cntvaluein,lane0,,3,lane_control_bit,8,1699.0,2111.5,2338.0,2338.0,639.0,639.0
cntvaluein3-skew-locked-seed-37,pass,control_fanout_spread,idelay_data_cntvaluein,lane0,,3,lane_control_bit,8,1409.0,1744.0,1884.0,1884.0,475.0,475.0
cntvaluein3-skew-locked-seed-38,pass,control_fanout_spread,idelay_data_cntvaluein,lane0,,3,lane_control_bit,8,1621.0,1853.0,1949.0,1949.0,328.0,328.0
cntvaluein3-skew-locked-seed-39,fail,control_fanout_spread,idelay_data_cntvaluein,lane0,,3,lane_control_bit,8,1764.0,1972.0,2059.0,2059.0,295.0,295.0
cntvaluein3-skew-locked-seed-40,pass,control_fanout_spread,idelay_data_cntvaluein,lane0,,3,lane_control_bit,8,1810.0,1988.5,2125.0,2125.0,315.0,315.0
cntvaluein3-skew-locked-seed-41,fail,control_fanout_spread,idelay_data_cntvaluein,lane0,,3,lane_control_bit,8,1633.0,1819.5,1996.0,1996.0,363.0,363.0
cntvaluein3-skew-locked-seed-42,pass,control_fanout_spread,idelay_data_cntvaluein,lane0,,3,lane_control_bit,8,1412.0,1694.5,1835.0,1835.0,423.0,423.0
cntvaluein3-skew-locked-seed-43,pass,control_fanout_spread,idelay_data_cntvaluein,lane0,,3,lane_control_bit,8,1927.0,2110.0,2204.0,2204.0,277.0,277.0
cntvaluein3-skew-locked-seed-44,pass,control_fanout_spread,idelay_data_cntvaluein,lane0,,3,lane_control_bit,8,2158.0,2291.0,2431.0,2431.0,273.0,273.0
cntvaluein3-skew-locked-seed-45,fail,control_fanout_spread,idelay_data_cntvaluein,lane0,,3,lane_control_bit,8,1396.0,1489.0,1623.0,1623.0,227.0,227.0
cntvaluein3-skew-locked-seed-46,pass,control_fanout_spread,idelay_data_cntvaluein,lane0,,3,lane_control_bit,8,1560.0,1684.5,1832.0,1832.0,272.0,272.0
cntvaluein3-skew-locked-seed-47,pass,control_fanout_spread,idelay_data_cntvaluein,lane0,,3,lane_control_bit,8,1919.0,2128.5,2323.0,2323.0,404.0,404.0
cntvaluein3-skew-locked-seed-48,fail,control_fanout_spread,idelay_data_cntvaluein,lane0,,3,lane_control_bit,8,1909.0,2001.5,2089.0,2089.0,180.0,180.0
cntvaluein3-skew-locked-seed-49,pass,control_fanout_spread,idelay_data_cntvaluein,lane0,,3,lane_control_bit,8,2295.0,2504.5,2658.0,2658.0,363.0,363.0
cntvaluein3-skew-locked-seed-50,fail,control_fanout_spread,idelay_data_cntvaluein,lane0,,3,lane_control_bit,8,1618.0,2058.5,2198.0,2198.0,580.0,580.0
cntvaluein3-skew-locked-seed-51,fail,control_fanout_spread,idelay_data_cntvaluein,lane0,,3,lane_control_bit,8,1751.0,1907.5,2015.0,2015.0,264.0,264.0
cntvaluein3-skew-locked-seed-52,fail,control_fanout_spread,idelay_data_cntvaluein,lane0,,3,lane_control_bit,8,1149.0,1265.0,1501.0,1501.0,352.0,352.0
cntvaluein3-skew-locked-seed-53,fail,control_fanout_spread,idelay_data_cntvaluein,lane0,,3,lane_control_bit,8,1807.0,1987.5,2236.0,2236.0,429.0,429.0
cntvaluein3-skew-locked-seed-54,pass,control_fanout_spread,idelay_data_cntvaluein,lane0,,3,lane_control_bit,8,1967.0,2085.0,2286.0,2286.0,319.0,319.0
cntvaluein3-skew-locked-seed-55,pass,control_fanout_spread,idelay_data_cntvaluein,lane0,,3,lane_control_bit,8,1722.0,2082.0,2223.0,2223.0,501.0,501.0
cntvaluein3-skew-locked-seed-56,pass,control_fanout_spread,idelay_data_cntvaluein,lane0,,3,lane_control_bit,8,1274.0,1451.0,1544.0,1544.0,270.0,270.0
cntvaluein3-skew-locked-seed-57,pass,control_fanout_spread,idelay_data_cntvaluein,lane0,,3,lane_control_bit,8,2171.0,2539.5,2780.0,2780.0,609.0,609.0
cntvaluein3-skew-locked-seed-58,pass,control_fanout_spread,idelay_data_cntvaluein,lane0,,3,lane_control_bit,8,1411.0,1534.0,1631.0,1631.0,220.0,220.0
cntvaluein3-skew-locked-seed-59,pass,control_fanout_spread,idelay_data_cntvaluein,lane0,,3,lane_control_bit,8,1327.0,1507.5,1692.0,1692.0,365.0,365.0
cntvaluein3-skew-locked-seed-60,fail,control_fanout_spread,idelay_data_cntvaluein,lane0,,3,lane_control_bit,8,1904.0,2101.0,2190.0,2190.0,286.0,286.0
cntvaluein3-skew-locked-seed-31,pass,control_fanout_spread,idelay_data_cntvaluein,lane0,,4,lane_control_bit,8,1361.0,1958.5,2094.0,2094.0,733.0,733.0
cntvaluein3-skew-locked-seed-32,pass,control_fanout_spread,idelay_data_cntvaluein,lane0,,4,lane_control_bit,8,1105.0,1251.5,1424.0,1424.0,319.0,319.0
cntvaluein3-skew-locked-seed-33,fail,control_fanout_spread,idelay_data_cntvaluein,lane0,,4,lane_control_bit,8,1588.0,1674.0,1733.0,1733.0,145.0,145.0
cntvaluein3-skew-locked-seed-34,pass,control_fanout_spread,idelay_data_cntvaluein,lane0,,4,lane_control_bit,8,1133.0,1321.0,1447.0,1447.0,314.0,314.0
cntvaluein3-skew-locked-seed-35,pass,control_fanout_spread,idelay_data_cntvaluein,lane0,,4,lane_control_bit,8,927.0,1412.5,1559.0,1559.0,632.0,632.0
cntvaluein3-skew-locked-seed-36,fail,control_fanout_spread,idelay_data_cntvaluein,lane0,,4,lane_control_bit,8,1302.0,1564.5,1672.0,1672.0,370.0,370.0
cntvaluein3-skew-locked-seed-37,pass,control_fanout_spread,idelay_data_cntvaluein,lane0,,4,lane_control_bit,8,1458.0,1603.0,1960.0,1960.0,502.0,502.0
cntvaluein3-skew-locked-seed-38,pass,control_fanout_spread,idelay_data_cntvaluein,lane0,,4,lane_control_bit,8,1871.0,2101.5,2276.0,2276.0,405.0,405.0
cntvaluein3-skew-locked-seed-39,fail,control_fanout_spread,idelay_data_cntvaluein,lane0,,4,lane_control_bit,8,1555.0,1873.5,1972.0,1972.0,417.0,417.0
cntvaluein3-skew-locked-seed-40,pass,control_fanout_spread,idelay_data_cntvaluein,lane0,,4,lane_control_bit,8,1261.0,1572.0,1792.0,1792.0,531.0,531.0
cntvaluein3-skew-locked-seed-41,fail,control_fanout_spread,idelay_data_cntvaluein,lane0,,4,lane_control_bit,8,1527.0,1835.5,1981.0,1981.0,454.0,454.0
cntvaluein3-skew-locked-seed-42,pass,control_fanout_spread,idelay_data_cntvaluein,lane0,,4,lane_control_bit,8,1758.0,1828.5,2180.0,2180.0,422.0,422.0
cntvaluein3-skew-locked-seed-43,pass,control_fanout_spread,idelay_data_cntvaluein,lane0,,4,lane_control_bit,8,949.0,1086.5,1205.0,1205.0,256.0,256.0
cntvaluein3-skew-locked-seed-44,pass,control_fanout_spread,idelay_data_cntvaluein,lane0,,4,lane_control_bit,8,1013.0,1123.0,1205.0,1205.0,192.0,192.0
cntvaluein3-skew-locked-seed-45,fail,control_fanout_spread,idelay_data_cntvaluein,lane0,,4,lane_control_bit,8,889.0,1265.0,1452.0,1452.0,563.0,563.0
cntvaluein3-skew-locked-seed-46,pass,control_fanout_spread,idelay_data_cntvaluein,lane0,,4,lane_control_bit,8,1276.0,1502.5,1758.0,1758.0,482.0,482.0
cntvaluein3-skew-locked-seed-47,pass,control_fanout_spread,idelay_data_cntvaluein,lane0,,4,lane_control_bit,8,1601.0,2131.5,2319.0,2319.0,718.0,718.0
cntvaluein3-skew-locked-seed-48,fail,control_fanout_spread,idelay_data_cntvaluein,lane0,,4,lane_control_bit,8,903.0,988.5,1129.0,1129.0,226.0,226.0
cntvaluein3-skew-locked-seed-49,pass,control_fanout_spread,idelay_data_cntvaluein,lane0,,4,lane_control_bit,8,1218.0,1509.5,1656.0,1656.0,438.0,438.0
cntvaluein3-skew-locked-seed-50,fail,control_fanout_spread,idelay_data_cntvaluein,lane0,,4,lane_control_bit,8,1312.0,1489.0,1675.0,1675.0,363.0,363.0
cntvaluein3-skew-locked-seed-51,fail,control_fanout_spread,idelay_data_cntvaluein,lane0,,4,lane_control_bit,8,1047.0,1163.0,1353.0,1353.0,306.0,306.0
cntvaluein3-skew-locked-seed-52,fail,control_fanout_spread,idelay_data_cntvaluein,lane0,,4,lane_control_bit,8,1898.0,2046.5,2122.0,2122.0,224.0,224.0
cntvaluein3-skew-locked-seed-53,fail,control_fanout_spread,idelay_data_cntvaluein,lane0,,4,lane_control_bit,8,1146.0,1540.0,1682.0,1682.0,536.0,536.0
cntvaluein3-skew-locked-seed-54,pass,control_fanout_spread,idelay_data_cntvaluein,lane0,,4,lane_control_bit,8,824.0,1248.5,1407.0,1407.0,583.0,583.0
cntvaluein3-skew-locked-seed-55,pass,control_fanout_spread,idelay_data_cntvaluein,lane0,,4,lane_control_bit,8,2073.0,2300.5,2457.0,2457.0,384.0,384.0
cntvaluein3-skew-locked-seed-56,pass,control_fanout_spread,idelay_data_cntvaluein,lane0,,4,lane_control_bit,8,1402.0,1502.0,1582.0,1582.0,180.0,180.0
cntvaluein3-skew-locked-seed-57,pass,control_fanout_spread,idelay_data_cntvaluein,lane0,,4,lane_control_bit,8,1740.0,2007.5,2144.0,2144.0,404.0,404.0
cntvaluein3-skew-locked-seed-58,pass,control_fanout_spread,idelay_data_cntvaluein,lane0,,4,lane_control_bit,8,1646.0,2052.5,2198.0,2198.0,552.0,552.0
cntvaluein3-skew-locked-seed-59,pass,control_fanout_spread,idelay_data_cntvaluein,lane0,,4,lane_control_bit,8,1465.0,1642.0,1902.0,1902.0,437.0,437.0
cntvaluein3-skew-locked-seed-60,fail,control_fanout_spread,idelay_data_cntvaluein,lane0,,4,lane_control_bit,8,1172.0,1308.0,1427.0,1427.0,255.0,255.0
cntvaluein3-skew-locked-seed-31,pass,control_fanout_spread,idelay_data_cntvaluein,lane1,,0,lane_control_bit,8,1238.0,1462.5,1524.0,1524.0,286.0,286.0
cntvaluein3-skew-locked-seed-32,pass,control_fanout_spread,idelay_data_cntvaluein,lane1,,0,lane_control_bit,8,412.0,661.0,819.0,819.0,407.0,407.0
cntvaluein3-skew-locked-seed-33,fail,control_fanout_spread,idelay_data_cntvaluein,lane1,,0,lane_control_bit,8,1406.0,1776.0,2032.0,2032.0,626.0,626.0
cntvaluein3-skew-locked-seed-34,pass,control_fanout_spread,idelay_data_cntvaluein,lane1,,0,lane_control_bit,8,490.0,798.5,973.0,973.0,483.0,483.0
cntvaluein3-skew-locked-seed-35,pass,control_fanout_spread,idelay_data_cntvaluein,lane1,,0,lane_control_bit,8,449.0,542.0,722.0,722.0,273.0,273.0
cntvaluein3-skew-locked-seed-36,fail,control_fanout_spread,idelay_data_cntvaluein,lane1,,0,lane_control_bit,8,1235.0,1607.5,1759.0,1759.0,524.0,524.0
cntvaluein3-skew-locked-seed-37,pass,control_fanout_spread,idelay_data_cntvaluein,lane1,,0,lane_control_bit,8,1279.0,1426.5,1500.0,1500.0,221.0,221.0
cntvaluein3-skew-locked-seed-38,pass,control_fanout_spread,idelay_data_cntvaluein,lane1,,0,lane_control_bit,8,1174.0,1398.0,1578.0,1578.0,404.0,404.0
cntvaluein3-skew-locked-seed-39,fail,control_fanout_spread,idelay_data_cntvaluein,lane1,,0,lane_control_bit,8,1307.0,1613.5,1708.0,1708.0,401.0,401.0
cntvaluein3-skew-locked-seed-40,pass,control_fanout_spread,idelay_data_cntvaluein,lane1,,0,lane_control_bit,8,1324.0,1474.0,1717.0,1717.0,393.0,393.0
cntvaluein3-skew-locked-seed-41,fail,control_fanout_spread,idelay_data_cntvaluein,lane1,,0,lane_control_bit,8,986.0,1254.5,1473.0,1473.0,487.0,487.0
cntvaluein3-skew-locked-seed-42,pass,control_fanout_spread,idelay_data_cntvaluein,lane1,,0,lane_control_bit,8,1128.0,1312.0,1442.0,1442.0,314.0,314.0
cntvaluein3-skew-locked-seed-43,pass,control_fanout_spread,idelay_data_cntvaluein,lane1,,0,lane_control_bit,8,407.0,693.5,938.0,938.0,531.0,531.0
cntvaluein3-skew-locked-seed-44,pass,control_fanout_spread,idelay_data_cntvaluein,lane1,,0,lane_control_bit,8,587.0,839.0,1177.0,1177.0,590.0,590.0
cntvaluein3-skew-locked-seed-45,fail,control_fanout_spread,idelay_data_cntvaluein,lane1,,0,lane_control_bit,8,500.0,607.5,722.0,722.0,222.0,222.0
cntvaluein3-skew-locked-seed-46,pass,control_fanout_spread,idelay_data_cntvaluein,lane1,,0,lane_control_bit,8,541.0,754.5,963.0,963.0,422.0,422.0
cntvaluein3-skew-locked-seed-47,pass,control_fanout_spread,idelay_data_cntvaluein,lane1,,0,lane_control_bit,8,1396.0,1489.5,1554.0,1554.0,158.0,158.0
cntvaluein3-skew-locked-seed-48,fail,control_fanout_spread,idelay_data_cntvaluein,lane1,,0,lane_control_bit,8,714.0,836.0,964.0,964.0,250.0,250.0
cntvaluein3-skew-locked-seed-49,pass,control_fanout_spread,idelay_data_cntvaluein,lane1,,0,lane_control_bit,8,1554.0,1712.5,2032.0,2032.0,478.0,478.0
cntvaluein3-skew-locked-seed-50,fail,control_fanout_spread,idelay_data_cntvaluein,lane1,,0,lane_control_bit,8,873.0,1233.0,1328.0,1328.0,455.0,455.0
cntvaluein3-skew-locked-seed-51,fail,control_fanout_spread,idelay_data_cntvaluein,lane1,,0,lane_control_bit,8,446.0,953.0,1128.0,1128.0,682.0,682.0
cntvaluein3-skew-locked-seed-52,fail,control_fanout_spread,idelay_data_cntvaluein,lane1,,0,lane_control_bit,8,1371.0,1653.5,1797.0,1797.0,426.0,426.0
cntvaluein3-skew-locked-seed-53,fail,control_fanout_spread,idelay_data_cntvaluein,lane1,,0,lane_control_bit,8,1297.0,1655.0,1725.0,1725.0,428.0,428.0
cntvaluein3-skew-locked-seed-54,pass,control_fanout_spread,idelay_data_cntvaluein,lane1,,0,lane_control_bit,8,734.0,912.5,1131.0,1131.0,397.0,397.0
cntvaluein3-skew-locked-seed-55,pass,control_fanout_spread,idelay_data_cntvaluein,lane1,,0,lane_control_bit,8,1445.0,1558.0,1674.0,1674.0,229.0,229.0
cntvaluein3-skew-locked-seed-56,pass,control_fanout_spread,idelay_data_cntvaluein,lane1,,0,lane_control_bit,8,1090.0,1293.0,1526.0,1526.0,436.0,436.0
cntvaluein3-skew-locked-seed-57,pass,control_fanout_spread,idelay_data_cntvaluein,lane1,,0,lane_control_bit,8,1159.0,1535.5,1791.0,1791.0,632.0,632.0
cntvaluein3-skew-locked-seed-58,pass,control_fanout_spread,idelay_data_cntvaluein,lane1,,0,lane_control_bit,8,1154.0,1170.5,1289.0,1289.0,135.0,135.0
cntvaluein3-skew-locked-seed-59,pass,control_fanout_spread,idelay_data_cntvaluein,lane1,,0,lane_control_bit,8,999.0,1256.0,1429.0,1429.0,430.0,430.0
cntvaluein3-skew-locked-seed-60,fail,control_fanout_spread,idelay_data_cntvaluein,lane1,,0,lane_control_bit,8,975.0,1066.5,1319.0,1319.0,344.0,344.0
cntvaluein3-skew-locked-seed-31,pass,control_fanout_spread,idelay_data_cntvaluein,lane1,,1,lane_control_bit,8,857.0,1013.0,1207.0,1207.0,350.0,350.0
cntvaluein3-skew-locked-seed-32,pass,control_fanout_spread,idelay_data_cntvaluein,lane1,,1,lane_control_bit,8,416.0,808.0,903.0,903.0,487.0,487.0
cntvaluein3-skew-locked-seed-33,fail,control_fanout_spread,idelay_data_cntvaluein,lane1,,1,lane_control_bit,8,1100.0,1299.5,1580.0,1580.0,480.0,480.0
cntvaluein3-skew-locked-seed-34,pass,control_fanout_spread,idelay_data_cntvaluein,lane1,,1,lane_control_bit,8,435.0,722.0,857.0,857.0,422.0,422.0
cntvaluein3-skew-locked-seed-35,pass,control_fanout_spread,idelay_data_cntvaluein,lane1,,1,lane_control_bit,8,407.0,606.0,768.0,768.0,361.0,361.0
cntvaluein3-skew-locked-seed-36,fail,control_fanout_spread,idelay_data_cntvaluein,lane1,,1,lane_control_bit,8,1368.0,1563.0,1718.0,1718.0,350.0,350.0
cntvaluein3-skew-locked-seed-37,pass,control_fanout_spread,idelay_data_cntvaluein,lane1,,1,lane_control_bit,8,1156.0,1486.5,1578.0,1578.0,422.0,422.0
cntvaluein3-skew-locked-seed-38,pass,control_fanout_spread,idelay_data_cntvaluein,lane1,,1,lane_control_bit,8,1082.0,1564.5,1748.0,1748.0,666.0,666.0
cntvaluein3-skew-locked-seed-39,fail,control_fanout_spread,idelay_data_cntvaluein,lane1,,1,lane_control_bit,8,1042.0,1447.0,1588.0,1588.0,546.0,546.0
cntvaluein3-skew-locked-seed-40,pass,control_fanout_spread,idelay_data_cntvaluein,lane1,,1,lane_control_bit,8,1281.0,1482.0,1615.0,1615.0,334.0,334.0
cntvaluein3-skew-locked-seed-41,fail,control_fanout_spread,idelay_data_cntvaluein,lane1,,1,lane_control_bit,8,927.0,1289.0,1422.0,1422.0,495.0,495.0
cntvaluein3-skew-locked-seed-42,pass,control_fanout_spread,idelay_data_cntvaluein,lane1,,1,lane_control_bit,8,1511.0,1621.5,1733.0,1733.0,222.0,222.0
cntvaluein3-skew-locked-seed-43,pass,control_fanout_spread,idelay_data_cntvaluein,lane1,,1,lane_control_bit,8,416.0,550.5,675.0,675.0,259.0,259.0
cntvaluein3-skew-locked-seed-44,pass,control_fanout_spread,idelay_data_cntvaluein,lane1,,1,lane_control_bit,8,435.0,884.5,1044.0,1044.0,609.0,609.0
cntvaluein3-skew-locked-seed-45,fail,control_fanout_spread,idelay_data_cntvaluein,lane1,,1,lane_control_bit,8,407.0,867.0,1213.0,1213.0,806.0,806.0
cntvaluein3-skew-locked-seed-46,pass,control_fanout_spread,idelay_data_cntvaluein,lane1,,1,lane_control_bit,8,861.0,1057.0,1205.0,1205.0,344.0,344.0
cntvaluein3-skew-locked-seed-47,pass,control_fanout_spread,idelay_data_cntvaluein,lane1,,1,lane_control_bit,8,1664.0,1986.0,2279.0,2279.0,615.0,615.0
cntvaluein3-skew-locked-seed-48,fail,control_fanout_spread,idelay_data_cntvaluein,lane1,,1,lane_control_bit,8,856.0,969.0,1082.0,1082.0,226.0,226.0
cntvaluein3-skew-locked-seed-49,pass,control_fanout_spread,idelay_data_cntvaluein,lane1,,1,lane_control_bit,8,1289.0,1633.5,1883.0,1883.0,594.0,594.0
cntvaluein3-skew-locked-seed-50,fail,control_fanout_spread,idelay_data_cntvaluein,lane1,,1,lane_control_bit,8,1174.0,1367.0,1440.0,1440.0,266.0,266.0
cntvaluein3-skew-locked-seed-51,fail,control_fanout_spread,idelay_data_cntvaluein,lane1,,1,lane_control_bit,8,451.0,541.0,837.0,837.0,386.0,386.0
cntvaluein3-skew-locked-seed-52,fail,control_fanout_spread,idelay_data_cntvaluein,lane1,,1,lane_control_bit,8,1348.0,1760.0,2049.0,2049.0,701.0,701.0
cntvaluein3-skew-locked-seed-53,fail,control_fanout_spread,idelay_data_cntvaluein,lane1,,1,lane_control_bit,8,1185.0,1347.0,1529.0,1529.0,344.0,344.0
cntvaluein3-skew-locked-seed-54,pass,control_fanout_spread,idelay_data_cntvaluein,lane1,,1,lane_control_bit,8,694.0,923.5,1195.0,1195.0,501.0,501.0
cntvaluein3-skew-locked-seed-55,pass,control_fanout_spread,idelay_data_cntvaluein,lane1,,1,lane_control_bit,8,1320.0,1582.0,1812.0,1812.0,492.0,492.0
cntvaluein3-skew-locked-seed-56,pass,control_fanout_spread,idelay_data_cntvaluein,lane1,,1,lane_control_bit,8,1572.0,1779.0,1909.0,1909.0,337.0,337.0
cntvaluein3-skew-locked-seed-57,pass,control_fanout_spread,idelay_data_cntvaluein,lane1,,1,lane_control_bit,8,1098.0,1258.5,1542.0,1542.0,444.0,444.0
cntvaluein3-skew-locked-seed-58,pass,control_fanout_spread,idelay_data_cntvaluein,lane1,,1,lane_control_bit,8,912.0,1205.0,1481.0,1481.0,569.0,569.0
cntvaluein3-skew-locked-seed-59,pass,control_fanout_spread,idelay_data_cntvaluein,lane1,,1,lane_control_bit,8,1171.0,1514.0,1845.0,1845.0,674.0,674.0
cntvaluein3-skew-locked-seed-60,fail,control_fanout_spread,idelay_data_cntvaluein,lane1,,1,lane_control_bit,8,1093.0,1342.5,1641.0,1641.0,548.0,548.0
cntvaluein3-skew-locked-seed-31,pass,control_fanout_spread,idelay_data_cntvaluein,lane1,,2,lane_control_bit,8,1070.0,1335.0,1575.0,1575.0,505.0,505.0
cntvaluein3-skew-locked-seed-32,pass,control_fanout_spread,idelay_data_cntvaluein,lane1,,2,lane_control_bit,8,509.0,687.5,779.0,779.0,270.0,270.0
cntvaluein3-skew-locked-seed-33,fail,control_fanout_spread,idelay_data_cntvaluein,lane1,,2,lane_control_bit,8,1134.0,1333.5,1500.0,1500.0,366.0,366.0
cntvaluein3-skew-locked-seed-34,pass,control_fanout_spread,idelay_data_cntvaluein,lane1,,2,lane_control_bit,8,607.0,775.0,889.0,889.0,282.0,282.0
cntvaluein3-skew-locked-seed-35,pass,control_fanout_spread,idelay_data_cntvaluein,lane1,,2,lane_control_bit,8,423.0,611.0,707.0,707.0,284.0,284.0
cntvaluein3-skew-locked-seed-36,fail,control_fanout_spread,idelay_data_cntvaluein,lane1,,2,lane_control_bit,8,998.0,1681.0,1888.0,1888.0,890.0,890.0
cntvaluein3-skew-locked-seed-37,pass,control_fanout_spread,idelay_data_cntvaluein,lane1,,2,lane_control_bit,8,1534.0,1763.5,1896.0,1896.0,362.0,362.0
cntvaluein3-skew-locked-seed-38,pass,control_fanout_spread,idelay_data_cntvaluein,lane1,,2,lane_control_bit,8,1427.0,1673.0,1784.0,1784.0,357.0,357.0
cntvaluein3-skew-locked-seed-39,fail,control_fanout_spread,idelay_data_cntvaluein,lane1,,2,lane_control_bit,8,1358.0,1841.0,1955.0,1955.0,597.0,597.0
cntvaluein3-skew-locked-seed-40,pass,control_fanout_spread,idelay_data_cntvaluein,lane1,,2,lane_control_bit,8,1345.0,1555.0,1687.0,1687.0,342.0,342.0
cntvaluein3-skew-locked-seed-41,fail,control_fanout_spread,idelay_data_cntvaluein,lane1,,2,lane_control_bit,8,1228.0,1322.0,1434.0,1434.0,206.0,206.0
cntvaluein3-skew-locked-seed-42,pass,control_fanout_spread,idelay_data_cntvaluein,lane1,,2,lane_control_bit,8,1279.0,1517.0,1715.0,1715.0,436.0,436.0
cntvaluein3-skew-locked-seed-43,pass,control_fanout_spread,idelay_data_cntvaluein,lane1,,2,lane_control_bit,8,425.0,601.5,731.0,731.0,306.0,306.0
cntvaluein3-skew-locked-seed-44,pass,control_fanout_spread,idelay_data_cntvaluein,lane1,,2,lane_control_bit,8,554.0,732.0,943.0,943.0,389.0,389.0
cntvaluein3-skew-locked-seed-45,fail,control_fanout_spread,idelay_data_cntvaluein,lane1,,2,lane_control_bit,8,425.0,663.5,848.0,848.0,423.0,423.0
cntvaluein3-skew-locked-seed-46,pass,control_fanout_spread,idelay_data_cntvaluein,lane1,,2,lane_control_bit,8,736.0,846.5,1032.0,1032.0,296.0,296.0
cntvaluein3-skew-locked-seed-47,pass,control_fanout_spread,idelay_data_cntvaluein,lane1,,2,lane_control_bit,8,1297.0,1565.5,1654.0,1654.0,357.0,357.0
cntvaluein3-skew-locked-seed-48,fail,control_fanout_spread,idelay_data_cntvaluein,lane1,,2,lane_control_bit,8,460.0,830.5,1113.0,1113.0,653.0,653.0
cntvaluein3-skew-locked-seed-49,pass,control_fanout_spread,idelay_data_cntvaluein,lane1,,2,lane_control_bit,8,853.0,1068.5,1246.0,1246.0,393.0,393.0
cntvaluein3-skew-locked-seed-50,fail,control_fanout_spread,idelay_data_cntvaluein,lane1,,2,lane_control_bit,8,1157.0,1503.0,1817.0,1817.0,660.0,660.0
cntvaluein3-skew-locked-seed-51,fail,control_fanout_spread,idelay_data_cntvaluein,lane1,,2,lane_control_bit,8,423.0,658.0,1052.0,1052.0,629.0,629.0
cntvaluein3-skew-locked-seed-52,fail,control_fanout_spread,idelay_data_cntvaluein,lane1,,2,lane_control_bit,8,1455.0,1886.0,2013.0,2013.0,558.0,558.0
cntvaluein3-skew-locked-seed-53,fail,control_fanout_spread,idelay_data_cntvaluein,lane1,,2,lane_control_bit,8,1215.0,1346.5,1440.0,1440.0,225.0,225.0
cntvaluein3-skew-locked-seed-54,pass,control_fanout_spread,idelay_data_cntvaluein,lane1,,2,lane_control_bit,8,446.0,663.0,813.0,813.0,367.0,367.0
cntvaluein3-skew-locked-seed-55,pass,control_fanout_spread,idelay_data_cntvaluein,lane1,,2,lane_control_bit,8,1305.0,1473.5,1577.0,1577.0,272.0,272.0
cntvaluein3-skew-locked-seed-56,pass,control_fanout_spread,idelay_data_cntvaluein,lane1,,2,lane_control_bit,8,970.0,1096.0,1230.0,1230.0,260.0,260.0
cntvaluein3-skew-locked-seed-57,pass,control_fanout_spread,idelay_data_cntvaluein,lane1,,2,lane_control_bit,8,1172.0,1350.5,1521.0,1521.0,349.0,349.0
cntvaluein3-skew-locked-seed-58,pass,control_fanout_spread,idelay_data_cntvaluein,lane1,,2,lane_control_bit,8,1347.0,1525.0,1620.0,1620.0,273.0,273.0
cntvaluein3-skew-locked-seed-59,pass,control_fanout_spread,idelay_data_cntvaluein,lane1,,2,lane_control_bit,8,1090.0,1238.5,1361.0,1361.0,271.0,271.0
cntvaluein3-skew-locked-seed-60,fail,control_fanout_spread,idelay_data_cntvaluein,lane1,,2,lane_control_bit,8,1199.0,1436.5,1597.0,1597.0,398.0,398.0
cntvaluein3-skew-locked-seed-31,pass,control_fanout_spread,idelay_data_cntvaluein,lane1,,3,lane_control_bit,8,1768.0,2026.0,2390.0,2390.0,622.0,622.0
cntvaluein3-skew-locked-seed-32,pass,control_fanout_spread,idelay_data_cntvaluein,lane1,,3,lane_control_bit,8,1365.0,1696.0,2118.0,2118.0,753.0,753.0
cntvaluein3-skew-locked-seed-33,fail,control_fanout_spread,idelay_data_cntvaluein,lane1,,3,lane_control_bit,8,1342.0,1573.0,1879.0,1879.0,537.0,537.0
cntvaluein3-skew-locked-seed-34,pass,control_fanout_spread,idelay_data_cntvaluein,lane1,,3,lane_control_bit,8,1534.0,1866.5,2118.0,2118.0,584.0,584.0
cntvaluein3-skew-locked-seed-35,pass,control_fanout_spread,idelay_data_cntvaluein,lane1,,3,lane_control_bit,8,1572.0,1791.5,2013.0,2013.0,441.0,441.0
cntvaluein3-skew-locked-seed-36,fail,control_fanout_spread,idelay_data_cntvaluein,lane1,,3,lane_control_bit,8,1376.0,1562.5,1741.0,1741.0,365.0,365.0
cntvaluein3-skew-locked-seed-37,pass,control_fanout_spread,idelay_data_cntvaluein,lane1,,3,lane_control_bit,8,1046.0,1475.0,1610.0,1610.0,564.0,564.0
cntvaluein3-skew-locked-seed-38,pass,control_fanout_spread,idelay_data_cntvaluein,lane1,,3,lane_control_bit,8,1606.0,1801.0,2023.0,2023.0,417.0,417.0
cntvaluein3-skew-locked-seed-39,fail,control_fanout_spread,idelay_data_cntvaluein,lane1,,3,lane_control_bit,8,1439.0,1892.5,2108.0,2108.0,669.0,669.0
cntvaluein3-skew-locked-seed-40,pass,control_fanout_spread,idelay_data_cntvaluein,lane1,,3,lane_control_bit,8,1633.0,1722.0,1950.0,1950.0,317.0,317.0
cntvaluein3-skew-locked-seed-41,fail,control_fanout_spread,idelay_data_cntvaluein,lane1,,3,lane_control_bit,8,1429.0,1595.0,1705.0,1705.0,276.0,276.0
cntvaluein3-skew-locked-seed-42,pass,control_fanout_spread,idelay_data_cntvaluein,lane1,,3,lane_control_bit,8,1179.0,1272.5,1503.0,1503.0,324.0,324.0
cntvaluein3-skew-locked-seed-43,pass,control_fanout_spread,idelay_data_cntvaluein,lane1,,3,lane_control_bit,8,1554.0,1688.5,2180.0,2180.0,626.0,626.0
cntvaluein3-skew-locked-seed-44,pass,control_fanout_spread,idelay_data_cntvaluein,lane1,,3,lane_control_bit,8,1503.0,1677.0,1766.0,1766.0,263.0,263.0
cntvaluein3-skew-locked-seed-45,fail,control_fanout_spread,idelay_data_cntvaluein,lane1,,3,lane_control_bit,8,1141.0,1225.5,1366.0,1366.0,225.0,225.0
cntvaluein3-skew-locked-seed-46,pass,control_fanout_spread,idelay_data_cntvaluein,lane1,,3,lane_control_bit,8,1284.0,1500.5,1583.0,1583.0,299.0,299.0
cntvaluein3-skew-locked-seed-47,pass,control_fanout_spread,idelay_data_cntvaluein,lane1,,3,lane_control_bit,8,1547.0,1656.0,1950.0,1950.0,403.0,403.0
cntvaluein3-skew-locked-seed-48,fail,control_fanout_spread,idelay_data_cntvaluein,lane1,,3,lane_control_bit,8,1491.0,1877.0,2061.0,2061.0,570.0,570.0
cntvaluein3-skew-locked-seed-49,pass,control_fanout_spread,idelay_data_cntvaluein,lane1,,3,lane_control_bit,8,1593.0,2000.5,2227.0,2227.0,634.0,634.0
cntvaluein3-skew-locked-seed-50,fail,control_fanout_spread,idelay_data_cntvaluein,lane1,,3,lane_control_bit,8,1421.0,1827.0,1991.0,1991.0,570.0,570.0
cntvaluein3-skew-locked-seed-51,fail,control_fanout_spread,idelay_data_cntvaluein,lane1,,3,lane_control_bit,8,1350.0,1547.5,1871.0,1871.0,521.0,521.0
cntvaluein3-skew-locked-seed-52,fail,control_fanout_spread,idelay_data_cntvaluein,lane1,,3,lane_control_bit,8,1240.0,1371.0,1600.0,1600.0,360.0,360.0
cntvaluein3-skew-locked-seed-53,fail,control_fanout_spread,idelay_data_cntvaluein,lane1,,3,lane_control_bit,8,1437.0,1817.5,2073.0,2073.0,636.0,636.0
cntvaluein3-skew-locked-seed-54,pass,control_fanout_spread,idelay_data_cntvaluein,lane1,,3,lane_control_bit,8,1552.0,1725.0,1878.0,1878.0,326.0,326.0
cntvaluein3-skew-locked-seed-55,pass,control_fanout_spread,idelay_data_cntvaluein,lane1,,3,lane_control_bit,8,1531.0,1672.0,1853.0,1853.0,322.0,322.0
cntvaluein3-skew-locked-seed-56,pass,control_fanout_spread,idelay_data_cntvaluein,lane1,,3,lane_control_bit,8,1273.0,1363.0,1542.0,1542.0,269.0,269.0
cntvaluein3-skew-locked-seed-57,pass,control_fanout_spread,idelay_data_cntvaluein,lane1,,3,lane_control_bit,8,1753.0,2186.5,2516.0,2516.0,763.0,763.0
cntvaluein3-skew-locked-seed-58,pass,control_fanout_spread,idelay_data_cntvaluein,lane1,,3,lane_control_bit,8,1324.0,1415.5,1508.0,1508.0,184.0,184.0
cntvaluein3-skew-locked-seed-59,pass,control_fanout_spread,idelay_data_cntvaluein,lane1,,3,lane_control_bit,8,1088.0,1451.0,1606.0,1606.0,518.0,518.0
cntvaluein3-skew-locked-seed-60,fail,control_fanout_spread,idelay_data_cntvaluein,lane1,,3,lane_control_bit,8,1498.0,1812.5,2088.0,2088.0,590.0,590.0
cntvaluein3-skew-locked-seed-31,pass,control_fanout_spread,idelay_data_cntvaluein,lane1,,4,lane_control_bit,8,823.0,1196.0,1534.0,1534.0,711.0,711.0
cntvaluein3-skew-locked-seed-32,pass,control_fanout_spread,idelay_data_cntvaluein,lane1,,4,lane_control_bit,8,504.0,844.5,1116.0,1116.0,612.0,612.0
cntvaluein3-skew-locked-seed-33,fail,control_fanout_spread,idelay_data_cntvaluein,lane1,,4,lane_control_bit,8,1299.0,1416.5,1457.0,1457.0,158.0,158.0
cntvaluein3-skew-locked-seed-34,pass,control_fanout_spread,idelay_data_cntvaluein,lane1,,4,lane_control_bit,8,824.0,975.5,1253.0,1253.0,429.0,429.0
cntvaluein3-skew-locked-seed-35,pass,control_fanout_spread,idelay_data_cntvaluein,lane1,,4,lane_control_bit,8,411.0,693.0,1009.0,1009.0,598.0,598.0
cntvaluein3-skew-locked-seed-36,fail,control_fanout_spread,idelay_data_cntvaluein,lane1,,4,lane_control_bit,8,1039.0,1216.0,1351.0,1351.0,312.0,312.0
cntvaluein3-skew-locked-seed-37,pass,control_fanout_spread,idelay_data_cntvaluein,lane1,,4,lane_control_bit,8,1088.0,1480.5,1679.0,1679.0,591.0,591.0
cntvaluein3-skew-locked-seed-38,pass,control_fanout_spread,idelay_data_cntvaluein,lane1,,4,lane_control_bit,8,1501.0,1818.5,1988.0,1988.0,487.0,487.0
cntvaluein3-skew-locked-seed-39,fail,control_fanout_spread,idelay_data_cntvaluein,lane1,,4,lane_control_bit,8,1162.0,1499.5,1684.0,1684.0,522.0,522.0
cntvaluein3-skew-locked-seed-40,pass,control_fanout_spread,idelay_data_cntvaluein,lane1,,4,lane_control_bit,8,1381.0,1544.5,1812.0,1812.0,431.0,431.0
cntvaluein3-skew-locked-seed-41,fail,control_fanout_spread,idelay_data_cntvaluein,lane1,,4,lane_control_bit,8,1305.0,1416.5,1700.0,1700.0,395.0,395.0
cntvaluein3-skew-locked-seed-42,pass,control_fanout_spread,idelay_data_cntvaluein,lane1,,4,lane_control_bit,8,1399.0,1590.0,1955.0,1955.0,556.0,556.0
cntvaluein3-skew-locked-seed-43,pass,control_fanout_spread,idelay_data_cntvaluein,lane1,,4,lane_control_bit,8,492.0,675.0,882.0,882.0,390.0,390.0
cntvaluein3-skew-locked-seed-44,pass,control_fanout_spread,idelay_data_cntvaluein,lane1,,4,lane_control_bit,8,745.0,888.0,995.0,995.0,250.0,250.0
cntvaluein3-skew-locked-seed-45,fail,control_fanout_spread,idelay_data_cntvaluein,lane1,,4,lane_control_bit,8,407.0,601.0,684.0,684.0,277.0,277.0
cntvaluein3-skew-locked-seed-46,pass,control_fanout_spread,idelay_data_cntvaluein,lane1,,4,lane_control_bit,8,669.0,883.0,954.0,954.0,285.0,285.0
cntvaluein3-skew-locked-seed-47,pass,control_fanout_spread,idelay_data_cntvaluein,lane1,,4,lane_control_bit,8,1414.0,1663.0,1731.0,1731.0,317.0,317.0
cntvaluein3-skew-locked-seed-48,fail,control_fanout_spread,idelay_data_cntvaluein,lane1,,4,lane_control_bit,8,563.0,708.5,893.0,893.0,330.0,330.0
cntvaluein3-skew-locked-seed-49,pass,control_fanout_spread,idelay_data_cntvaluein,lane1,,4,lane_control_bit,8,1281.0,1435.5,1750.0,1750.0,469.0,469.0
cntvaluein3-skew-locked-seed-50,fail,control_fanout_spread,idelay_data_cntvaluein,lane1,,4,lane_control_bit,8,1103.0,1393.0,1434.0,1434.0,331.0,331.0
cntvaluein3-skew-locked-seed-51,fail,control_fanout_spread,idelay_data_cntvaluein,lane1,,4,lane_control_bit,8,492.0,937.5,1027.0,1027.0,535.0,535.0
cntvaluein3-skew-locked-seed-52,fail,control_fanout_spread,idelay_data_cntvaluein,lane1,,4,lane_control_bit,8,1174.0,1638.5,1827.0,1827.0,653.0,653.0
cntvaluein3-skew-locked-seed-53,fail,control_fanout_spread,idelay_data_cntvaluein,lane1,,4,lane_control_bit,8,779.0,1021.0,1208.0,1208.0,429.0,429.0
cntvaluein3-skew-locked-seed-54,pass,control_fanout_spread,idelay_data_cntvaluein,lane1,,4,lane_control_bit,8,559.0,676.5,734.0,734.0,175.0,175.0
cntvaluein3-skew-locked-seed-55,pass,control_fanout_spread,idelay_data_cntvaluein,lane1,,4,lane_control_bit,8,1514.0,1763.5,1853.0,1853.0,339.0,339.0
cntvaluein3-skew-locked-seed-56,pass,control_fanout_spread,idelay_data_cntvaluein,lane1,,4,lane_control_bit,8,1207.0,1288.0,1427.0,1427.0,220.0,220.0
cntvaluein3-skew-locked-seed-57,pass,control_fanout_spread,idelay_data_cntvaluein,lane1,,4,lane_control_bit,8,1269.0,1630.0,1922.0,1922.0,653.0,653.0
cntvaluein3-skew-locked-seed-58,pass,control_fanout_spread,idelay_data_cntvaluein,lane1,,4,lane_control_bit,8,1172.0,1519.5,1611.0,1611.0,439.0,439.0
cntvaluein3-skew-locked-seed-59,pass,control_fanout_spread,idelay_data_cntvaluein,lane1,,4,lane_control_bit,8,1006.0,1551.5,1713.0,1713.0,707.0,707.0
cntvaluein3-skew-locked-seed-60,fail,control_fanout_spread,idelay_data_cntvaluein,lane1,,4,lane_control_bit,8,981.0,1106.0,1292.0,1292.0,311.0,311.0
cntvaluein3-skew-locked-seed-31,pass,control_fanout_spread,idelay_dqs_cntvaluein,lane0,,0,lane_control_bit,1,1131.0,1131.0,1131.0,1131.0,0.0,0.0
cntvaluein3-skew-locked-seed-32,pass,control_fanout_spread,idelay_dqs_cntvaluein,lane0,,0,lane_control_bit,1,1062.0,1062.0,1062.0,1062.0,0.0,0.0
cntvaluein3-skew-locked-seed-33,fail,control_fanout_spread,idelay_dqs_cntvaluein,lane0,,0,lane_control_bit,1,1536.0,1536.0,1536.0,1536.0,0.0,0.0
cntvaluein3-skew-locked-seed-34,pass,control_fanout_spread,idelay_dqs_cntvaluein,lane0,,0,lane_control_bit,1,1072.0,1072.0,1072.0,1072.0,0.0,0.0
cntvaluein3-skew-locked-seed-35,pass,control_fanout_spread,idelay_dqs_cntvaluein,lane0,,0,lane_control_bit,1,1361.0,1361.0,1361.0,1361.0,0.0,0.0
cntvaluein3-skew-locked-seed-36,fail,control_fanout_spread,idelay_dqs_cntvaluein,lane0,,0,lane_control_bit,1,1167.0,1167.0,1167.0,1167.0,0.0,0.0
cntvaluein3-skew-locked-seed-37,pass,control_fanout_spread,idelay_dqs_cntvaluein,lane0,,0,lane_control_bit,1,1631.0,1631.0,1631.0,1631.0,0.0,0.0
cntvaluein3-skew-locked-seed-38,pass,control_fanout_spread,idelay_dqs_cntvaluein,lane0,,0,lane_control_bit,1,1572.0,1572.0,1572.0,1572.0,0.0,0.0
cntvaluein3-skew-locked-seed-39,fail,control_fanout_spread,idelay_dqs_cntvaluein,lane0,,0,lane_control_bit,1,2112.0,2112.0,2112.0,2112.0,0.0,0.0
cntvaluein3-skew-locked-seed-40,pass,control_fanout_spread,idelay_dqs_cntvaluein,lane0,,0,lane_control_bit,1,569.0,569.0,569.0,569.0,0.0,0.0
cntvaluein3-skew-locked-seed-41,fail,control_fanout_spread,idelay_dqs_cntvaluein,lane0,,0,lane_control_bit,1,1218.0,1218.0,1218.0,1218.0,0.0,0.0
cntvaluein3-skew-locked-seed-42,pass,control_fanout_spread,idelay_dqs_cntvaluein,lane0,,0,lane_control_bit,1,1600.0,1600.0,1600.0,1600.0,0.0,0.0
cntvaluein3-skew-locked-seed-43,pass,control_fanout_spread,idelay_dqs_cntvaluein,lane0,,0,lane_control_bit,1,860.0,860.0,860.0,860.0,0.0,0.0
cntvaluein3-skew-locked-seed-44,pass,control_fanout_spread,idelay_dqs_cntvaluein,lane0,,0,lane_control_bit,1,1421.0,1421.0,1421.0,1421.0,0.0,0.0
cntvaluein3-skew-locked-seed-45,fail,control_fanout_spread,idelay_dqs_cntvaluein,lane0,,0,lane_control_bit,1,777.0,777.0,777.0,777.0,0.0,0.0
cntvaluein3-skew-locked-seed-46,pass,control_fanout_spread,idelay_dqs_cntvaluein,lane0,,0,lane_control_bit,1,1577.0,1577.0,1577.0,1577.0,0.0,0.0
cntvaluein3-skew-locked-seed-47,pass,control_fanout_spread,idelay_dqs_cntvaluein,lane0,,0,lane_control_bit,1,1274.0,1274.0,1274.0,1274.0,0.0,0.0
cntvaluein3-skew-locked-seed-48,fail,control_fanout_spread,idelay_dqs_cntvaluein,lane0,,0,lane_control_bit,1,938.0,938.0,938.0,938.0,0.0,0.0
cntvaluein3-skew-locked-seed-49,pass,control_fanout_spread,idelay_dqs_cntvaluein,lane0,,0,lane_control_bit,1,1945.0,1945.0,1945.0,1945.0,0.0,0.0
cntvaluein3-skew-locked-seed-50,fail,control_fanout_spread,idelay_dqs_cntvaluein,lane0,,0,lane_control_bit,1,1449.0,1449.0,1449.0,1449.0,0.0,0.0
cntvaluein3-skew-locked-seed-51,fail,control_fanout_spread,idelay_dqs_cntvaluein,lane0,,0,lane_control_bit,1,995.0,995.0,995.0,995.0,0.0,0.0
cntvaluein3-skew-locked-seed-52,fail,control_fanout_spread,idelay_dqs_cntvaluein,lane0,,0,lane_control_bit,1,1172.0,1172.0,1172.0,1172.0,0.0,0.0
cntvaluein3-skew-locked-seed-53,fail,control_fanout_spread,idelay_dqs_cntvaluein,lane0,,0,lane_control_bit,1,1585.0,1585.0,1585.0,1585.0,0.0,0.0
cntvaluein3-skew-locked-seed-54,pass,control_fanout_spread,idelay_dqs_cntvaluein,lane0,,0,lane_control_bit,1,1371.0,1371.0,1371.0,1371.0,0.0,0.0
cntvaluein3-skew-locked-seed-55,pass,control_fanout_spread,idelay_dqs_cntvaluein,lane0,,0,lane_control_bit,1,1700.0,1700.0,1700.0,1700.0,0.0,0.0
cntvaluein3-skew-locked-seed-56,pass,control_fanout_spread,idelay_dqs_cntvaluein,lane0,,0,lane_control_bit,1,1315.0,1315.0,1315.0,1315.0,0.0,0.0
cntvaluein3-skew-locked-seed-57,pass,control_fanout_spread,idelay_dqs_cntvaluein,lane0,,0,lane_control_bit,1,1610.0,1610.0,1610.0,1610.0,0.0,0.0
cntvaluein3-skew-locked-seed-58,pass,control_fanout_spread,idelay_dqs_cntvaluein,lane0,,0,lane_control_bit,1,1962.0,1962.0,1962.0,1962.0,0.0,0.0
cntvaluein3-skew-locked-seed-59,pass,control_fanout_spread,idelay_dqs_cntvaluein,lane0,,0,lane_control_bit,1,1657.0,1657.0,1657.0,1657.0,0.0,0.0
cntvaluein3-skew-locked-seed-60,fail,control_fanout_spread,idelay_dqs_cntvaluein,lane0,,0,lane_control_bit,1,1273.0,1273.0,1273.0,1273.0,0.0,0.0
cntvaluein3-skew-locked-seed-31,pass,control_fanout_spread,idelay_dqs_cntvaluein,lane0,,1,lane_control_bit,1,1289.0,1289.0,1289.0,1289.0,0.0,0.0
cntvaluein3-skew-locked-seed-32,pass,control_fanout_spread,idelay_dqs_cntvaluein,lane0,,1,lane_control_bit,1,926.0,926.0,926.0,926.0,0.0,0.0
cntvaluein3-skew-locked-seed-33,fail,control_fanout_spread,idelay_dqs_cntvaluein,lane0,,1,lane_control_bit,1,1592.0,1592.0,1592.0,1592.0,0.0,0.0
cntvaluein3-skew-locked-seed-34,pass,control_fanout_spread,idelay_dqs_cntvaluein,lane0,,1,lane_control_bit,1,1161.0,1161.0,1161.0,1161.0,0.0,0.0
cntvaluein3-skew-locked-seed-35,pass,control_fanout_spread,idelay_dqs_cntvaluein,lane0,,1,lane_control_bit,1,1259.0,1259.0,1259.0,1259.0,0.0,0.0
cntvaluein3-skew-locked-seed-36,fail,control_fanout_spread,idelay_dqs_cntvaluein,lane0,,1,lane_control_bit,1,1799.0,1799.0,1799.0,1799.0,0.0,0.0
cntvaluein3-skew-locked-seed-37,pass,control_fanout_spread,idelay_dqs_cntvaluein,lane0,,1,lane_control_bit,1,1858.0,1858.0,1858.0,1858.0,0.0,0.0
cntvaluein3-skew-locked-seed-38,pass,control_fanout_spread,idelay_dqs_cntvaluein,lane0,,1,lane_control_bit,1,1463.0,1463.0,1463.0,1463.0,0.0,0.0
cntvaluein3-skew-locked-seed-39,fail,control_fanout_spread,idelay_dqs_cntvaluein,lane0,,1,lane_control_bit,1,2016.0,2016.0,2016.0,2016.0,0.0,0.0
cntvaluein3-skew-locked-seed-40,pass,control_fanout_spread,idelay_dqs_cntvaluein,lane0,,1,lane_control_bit,1,1036.0,1036.0,1036.0,1036.0,0.0,0.0
cntvaluein3-skew-locked-seed-41,fail,control_fanout_spread,idelay_dqs_cntvaluein,lane0,,1,lane_control_bit,1,1406.0,1406.0,1406.0,1406.0,0.0,0.0
cntvaluein3-skew-locked-seed-42,pass,control_fanout_spread,idelay_dqs_cntvaluein,lane0,,1,lane_control_bit,1,1496.0,1496.0,1496.0,1496.0,0.0,0.0
cntvaluein3-skew-locked-seed-43,pass,control_fanout_spread,idelay_dqs_cntvaluein,lane0,,1,lane_control_bit,1,768.0,768.0,768.0,768.0,0.0,0.0
cntvaluein3-skew-locked-seed-44,pass,control_fanout_spread,idelay_dqs_cntvaluein,lane0,,1,lane_control_bit,1,1023.0,1023.0,1023.0,1023.0,0.0,0.0
cntvaluein3-skew-locked-seed-45,fail,control_fanout_spread,idelay_dqs_cntvaluein,lane0,,1,lane_control_bit,1,864.0,864.0,864.0,864.0,0.0,0.0
cntvaluein3-skew-locked-seed-46,pass,control_fanout_spread,idelay_dqs_cntvaluein,lane0,,1,lane_control_bit,1,1866.0,1866.0,1866.0,1866.0,0.0,0.0
cntvaluein3-skew-locked-seed-47,pass,control_fanout_spread,idelay_dqs_cntvaluein,lane0,,1,lane_control_bit,1,1743.0,1743.0,1743.0,1743.0,0.0,0.0
cntvaluein3-skew-locked-seed-48,fail,control_fanout_spread,idelay_dqs_cntvaluein,lane0,,1,lane_control_bit,1,1070.0,1070.0,1070.0,1070.0,0.0,0.0
cntvaluein3-skew-locked-seed-49,pass,control_fanout_spread,idelay_dqs_cntvaluein,lane0,,1,lane_control_bit,1,2012.0,2012.0,2012.0,2012.0,0.0,0.0
cntvaluein3-skew-locked-seed-50,fail,control_fanout_spread,idelay_dqs_cntvaluein,lane0,,1,lane_control_bit,1,1575.0,1575.0,1575.0,1575.0,0.0,0.0
cntvaluein3-skew-locked-seed-51,fail,control_fanout_spread,idelay_dqs_cntvaluein,lane0,,1,lane_control_bit,1,1092.0,1092.0,1092.0,1092.0,0.0,0.0
cntvaluein3-skew-locked-seed-52,fail,control_fanout_spread,idelay_dqs_cntvaluein,lane0,,1,lane_control_bit,1,2052.0,2052.0,2052.0,2052.0,0.0,0.0
cntvaluein3-skew-locked-seed-53,fail,control_fanout_spread,idelay_dqs_cntvaluein,lane0,,1,lane_control_bit,1,1652.0,1652.0,1652.0,1652.0,0.0,0.0
cntvaluein3-skew-locked-seed-54,pass,control_fanout_spread,idelay_dqs_cntvaluein,lane0,,1,lane_control_bit,1,1988.0,1988.0,1988.0,1988.0,0.0,0.0
cntvaluein3-skew-locked-seed-55,pass,control_fanout_spread,idelay_dqs_cntvaluein,lane0,,1,lane_control_bit,1,1792.0,1792.0,1792.0,1792.0,0.0,0.0
cntvaluein3-skew-locked-seed-56,pass,control_fanout_spread,idelay_dqs_cntvaluein,lane0,,1,lane_control_bit,1,1478.0,1478.0,1478.0,1478.0,0.0,0.0
cntvaluein3-skew-locked-seed-57,pass,control_fanout_spread,idelay_dqs_cntvaluein,lane0,,1,lane_control_bit,1,1646.0,1646.0,1646.0,1646.0,0.0,0.0
cntvaluein3-skew-locked-seed-58,pass,control_fanout_spread,idelay_dqs_cntvaluein,lane0,,1,lane_control_bit,1,1406.0,1406.0,1406.0,1406.0,0.0,0.0
cntvaluein3-skew-locked-seed-59,pass,control_fanout_spread,idelay_dqs_cntvaluein,lane0,,1,lane_control_bit,1,1794.0,1794.0,1794.0,1794.0,0.0,0.0
cntvaluein3-skew-locked-seed-60,fail,control_fanout_spread,idelay_dqs_cntvaluein,lane0,,1,lane_control_bit,1,1360.0,1360.0,1360.0,1360.0,0.0,0.0
cntvaluein3-skew-locked-seed-31,pass,control_fanout_spread,idelay_dqs_cntvaluein,lane0,,2,lane_control_bit,1,1080.0,1080.0,1080.0,1080.0,0.0,0.0
cntvaluein3-skew-locked-seed-32,pass,control_fanout_spread,idelay_dqs_cntvaluein,lane0,,2,lane_control_bit,1,975.0,975.0,975.0,975.0,0.0,0.0
cntvaluein3-skew-locked-seed-33,fail,control_fanout_spread,idelay_dqs_cntvaluein,lane0,,2,lane_control_bit,1,1871.0,1871.0,1871.0,1871.0,0.0,0.0
cntvaluein3-skew-locked-seed-34,pass,control_fanout_spread,idelay_dqs_cntvaluein,lane0,,2,lane_control_bit,1,907.0,907.0,907.0,907.0,0.0,0.0
cntvaluein3-skew-locked-seed-35,pass,control_fanout_spread,idelay_dqs_cntvaluein,lane0,,2,lane_control_bit,1,1070.0,1070.0,1070.0,1070.0,0.0,0.0
cntvaluein3-skew-locked-seed-36,fail,control_fanout_spread,idelay_dqs_cntvaluein,lane0,,2,lane_control_bit,1,1343.0,1343.0,1343.0,1343.0,0.0,0.0
cntvaluein3-skew-locked-seed-37,pass,control_fanout_spread,idelay_dqs_cntvaluein,lane0,,2,lane_control_bit,1,1055.0,1055.0,1055.0,1055.0,0.0,0.0
cntvaluein3-skew-locked-seed-38,pass,control_fanout_spread,idelay_dqs_cntvaluein,lane0,,2,lane_control_bit,1,1427.0,1427.0,1427.0,1427.0,0.0,0.0
cntvaluein3-skew-locked-seed-39,fail,control_fanout_spread,idelay_dqs_cntvaluein,lane0,,2,lane_control_bit,1,1633.0,1633.0,1633.0,1633.0,0.0,0.0
cntvaluein3-skew-locked-seed-40,pass,control_fanout_spread,idelay_dqs_cntvaluein,lane0,,2,lane_control_bit,1,930.0,930.0,930.0,930.0,0.0,0.0
cntvaluein3-skew-locked-seed-41,fail,control_fanout_spread,idelay_dqs_cntvaluein,lane0,,2,lane_control_bit,1,1809.0,1809.0,1809.0,1809.0,0.0,0.0
cntvaluein3-skew-locked-seed-42,pass,control_fanout_spread,idelay_dqs_cntvaluein,lane0,,2,lane_control_bit,1,1603.0,1603.0,1603.0,1603.0,0.0,0.0
cntvaluein3-skew-locked-seed-43,pass,control_fanout_spread,idelay_dqs_cntvaluein,lane0,,2,lane_control_bit,1,842.0,842.0,842.0,842.0,0.0,0.0
cntvaluein3-skew-locked-seed-44,pass,control_fanout_spread,idelay_dqs_cntvaluein,lane0,,2,lane_control_bit,1,1340.0,1340.0,1340.0,1340.0,0.0,0.0
cntvaluein3-skew-locked-seed-45,fail,control_fanout_spread,idelay_dqs_cntvaluein,lane0,,2,lane_control_bit,1,892.0,892.0,892.0,892.0,0.0,0.0
cntvaluein3-skew-locked-seed-46,pass,control_fanout_spread,idelay_dqs_cntvaluein,lane0,,2,lane_control_bit,1,1725.0,1725.0,1725.0,1725.0,0.0,0.0
cntvaluein3-skew-locked-seed-47,pass,control_fanout_spread,idelay_dqs_cntvaluein,lane0,,2,lane_control_bit,1,1424.0,1424.0,1424.0,1424.0,0.0,0.0
cntvaluein3-skew-locked-seed-48,fail,control_fanout_spread,idelay_dqs_cntvaluein,lane0,,2,lane_control_bit,1,861.0,861.0,861.0,861.0,0.0,0.0
cntvaluein3-skew-locked-seed-49,pass,control_fanout_spread,idelay_dqs_cntvaluein,lane0,,2,lane_control_bit,1,1697.0,1697.0,1697.0,1697.0,0.0,0.0
cntvaluein3-skew-locked-seed-50,fail,control_fanout_spread,idelay_dqs_cntvaluein,lane0,,2,lane_control_bit,1,992.0,992.0,992.0,992.0,0.0,0.0
cntvaluein3-skew-locked-seed-51,fail,control_fanout_spread,idelay_dqs_cntvaluein,lane0,,2,lane_control_bit,1,1075.0,1075.0,1075.0,1075.0,0.0,0.0
cntvaluein3-skew-locked-seed-52,fail,control_fanout_spread,idelay_dqs_cntvaluein,lane0,,2,lane_control_bit,1,1271.0,1271.0,1271.0,1271.0,0.0,0.0
cntvaluein3-skew-locked-seed-53,fail,control_fanout_spread,idelay_dqs_cntvaluein,lane0,,2,lane_control_bit,1,1475.0,1475.0,1475.0,1475.0,0.0,0.0
cntvaluein3-skew-locked-seed-54,pass,control_fanout_spread,idelay_dqs_cntvaluein,lane0,,2,lane_control_bit,1,2086.0,2086.0,2086.0,2086.0,0.0,0.0
cntvaluein3-skew-locked-seed-55,pass,control_fanout_spread,idelay_dqs_cntvaluein,lane0,,2,lane_control_bit,1,1764.0,1764.0,1764.0,1764.0,0.0,0.0
cntvaluein3-skew-locked-seed-56,pass,control_fanout_spread,idelay_dqs_cntvaluein,lane0,,2,lane_control_bit,1,1621.0,1621.0,1621.0,1621.0,0.0,0.0
cntvaluein3-skew-locked-seed-57,pass,control_fanout_spread,idelay_dqs_cntvaluein,lane0,,2,lane_control_bit,1,1368.0,1368.0,1368.0,1368.0,0.0,0.0
cntvaluein3-skew-locked-seed-58,pass,control_fanout_spread,idelay_dqs_cntvaluein,lane0,,2,lane_control_bit,1,1970.0,1970.0,1970.0,1970.0,0.0,0.0
cntvaluein3-skew-locked-seed-59,pass,control_fanout_spread,idelay_dqs_cntvaluein,lane0,,2,lane_control_bit,1,1205.0,1205.0,1205.0,1205.0,0.0,0.0
cntvaluein3-skew-locked-seed-60,fail,control_fanout_spread,idelay_dqs_cntvaluein,lane0,,2,lane_control_bit,1,1746.0,1746.0,1746.0,1746.0,0.0,0.0
cntvaluein3-skew-locked-seed-31,pass,control_fanout_spread,idelay_dqs_cntvaluein,lane0,,3,lane_control_bit,1,1978.0,1978.0,1978.0,1978.0,0.0,0.0
cntvaluein3-skew-locked-seed-32,pass,control_fanout_spread,idelay_dqs_cntvaluein,lane0,,3,lane_control_bit,1,2055.0,2055.0,2055.0,2055.0,0.0,0.0
cntvaluein3-skew-locked-seed-33,fail,control_fanout_spread,idelay_dqs_cntvaluein,lane0,,3,lane_control_bit,1,2076.0,2076.0,2076.0,2076.0,0.0,0.0
cntvaluein3-skew-locked-seed-34,pass,control_fanout_spread,idelay_dqs_cntvaluein,lane0,,3,lane_control_bit,1,2174.0,2174.0,2174.0,2174.0,0.0,0.0
cntvaluein3-skew-locked-seed-35,pass,control_fanout_spread,idelay_dqs_cntvaluein,lane0,,3,lane_control_bit,1,2128.0,2128.0,2128.0,2128.0,0.0,0.0
cntvaluein3-skew-locked-seed-36,fail,control_fanout_spread,idelay_dqs_cntvaluein,lane0,,3,lane_control_bit,1,1516.0,1516.0,1516.0,1516.0,0.0,0.0
cntvaluein3-skew-locked-seed-37,pass,control_fanout_spread,idelay_dqs_cntvaluein,lane0,,3,lane_control_bit,1,1769.0,1769.0,1769.0,1769.0,0.0,0.0
cntvaluein3-skew-locked-seed-38,pass,control_fanout_spread,idelay_dqs_cntvaluein,lane0,,3,lane_control_bit,1,2000.0,2000.0,2000.0,2000.0,0.0,0.0
cntvaluein3-skew-locked-seed-39,fail,control_fanout_spread,idelay_dqs_cntvaluein,lane0,,3,lane_control_bit,1,1761.0,1761.0,1761.0,1761.0,0.0,0.0
cntvaluein3-skew-locked-seed-40,pass,control_fanout_spread,idelay_dqs_cntvaluein,lane0,,3,lane_control_bit,1,2095.0,2095.0,2095.0,2095.0,0.0,0.0
cntvaluein3-skew-locked-seed-41,fail,control_fanout_spread,idelay_dqs_cntvaluein,lane0,,3,lane_control_bit,1,2283.0,2283.0,2283.0,2283.0,0.0,0.0
cntvaluein3-skew-locked-seed-42,pass,control_fanout_spread,idelay_dqs_cntvaluein,lane0,,3,lane_control_bit,1,2188.0,2188.0,2188.0,2188.0,0.0,0.0
cntvaluein3-skew-locked-seed-43,pass,control_fanout_spread,idelay_dqs_cntvaluein,lane0,,3,lane_control_bit,1,2058.0,2058.0,2058.0,2058.0,0.0,0.0
cntvaluein3-skew-locked-seed-44,pass,control_fanout_spread,idelay_dqs_cntvaluein,lane0,,3,lane_control_bit,1,1674.0,1674.0,1674.0,1674.0,0.0,0.0
cntvaluein3-skew-locked-seed-45,fail,control_fanout_spread,idelay_dqs_cntvaluein,lane0,,3,lane_control_bit,1,2048.0,2048.0,2048.0,2048.0,0.0,0.0
cntvaluein3-skew-locked-seed-46,pass,control_fanout_spread,idelay_dqs_cntvaluein,lane0,,3,lane_control_bit,1,1973.0,1973.0,1973.0,1973.0,0.0,0.0
cntvaluein3-skew-locked-seed-47,pass,control_fanout_spread,idelay_dqs_cntvaluein,lane0,,3,lane_control_bit,1,1932.0,1932.0,1932.0,1932.0,0.0,0.0
cntvaluein3-skew-locked-seed-48,fail,control_fanout_spread,idelay_dqs_cntvaluein,lane0,,3,lane_control_bit,1,1940.0,1940.0,1940.0,1940.0,0.0,0.0
cntvaluein3-skew-locked-seed-49,pass,control_fanout_spread,idelay_dqs_cntvaluein,lane0,,3,lane_control_bit,1,1830.0,1830.0,1830.0,1830.0,0.0,0.0
cntvaluein3-skew-locked-seed-50,fail,control_fanout_spread,idelay_dqs_cntvaluein,lane0,,3,lane_control_bit,1,1991.0,1991.0,1991.0,1991.0,0.0,0.0
cntvaluein3-skew-locked-seed-51,fail,control_fanout_spread,idelay_dqs_cntvaluein,lane0,,3,lane_control_bit,1,2036.0,2036.0,2036.0,2036.0,0.0,0.0
cntvaluein3-skew-locked-seed-52,fail,control_fanout_spread,idelay_dqs_cntvaluein,lane0,,3,lane_control_bit,1,2397.0,2397.0,2397.0,2397.0,0.0,0.0
cntvaluein3-skew-locked-seed-53,fail,control_fanout_spread,idelay_dqs_cntvaluein,lane0,,3,lane_control_bit,1,2168.0,2168.0,2168.0,2168.0,0.0,0.0
cntvaluein3-skew-locked-seed-54,pass,control_fanout_spread,idelay_dqs_cntvaluein,lane0,,3,lane_control_bit,1,1684.0,1684.0,1684.0,1684.0,0.0,0.0
cntvaluein3-skew-locked-seed-55,pass,control_fanout_spread,idelay_dqs_cntvaluein,lane0,,3,lane_control_bit,1,1942.0,1942.0,1942.0,1942.0,0.0,0.0
cntvaluein3-skew-locked-seed-56,pass,control_fanout_spread,idelay_dqs_cntvaluein,lane0,,3,lane_control_bit,1,1893.0,1893.0,1893.0,1893.0,0.0,0.0
cntvaluein3-skew-locked-seed-57,pass,control_fanout_spread,idelay_dqs_cntvaluein,lane0,,3,lane_control_bit,1,2073.0,2073.0,2073.0,2073.0,0.0,0.0
cntvaluein3-skew-locked-seed-58,pass,control_fanout_spread,idelay_dqs_cntvaluein,lane0,,3,lane_control_bit,1,1960.0,1960.0,1960.0,1960.0,0.0,0.0
cntvaluein3-skew-locked-seed-59,pass,control_fanout_spread,idelay_dqs_cntvaluein,lane0,,3,lane_control_bit,1,1621.0,1621.0,1621.0,1621.0,0.0,0.0
cntvaluein3-skew-locked-seed-60,fail,control_fanout_spread,idelay_dqs_cntvaluein,lane0,,3,lane_control_bit,1,1667.0,1667.0,1667.0,1667.0,0.0,0.0
cntvaluein3-skew-locked-seed-31,pass,control_fanout_spread,idelay_dqs_cntvaluein,lane0,,4,lane_control_bit,1,1383.0,1383.0,1383.0,1383.0,0.0,0.0
cntvaluein3-skew-locked-seed-32,pass,control_fanout_spread,idelay_dqs_cntvaluein,lane0,,4,lane_control_bit,1,1179.0,1179.0,1179.0,1179.0,0.0,0.0
cntvaluein3-skew-locked-seed-33,fail,control_fanout_spread,idelay_dqs_cntvaluein,lane0,,4,lane_control_bit,1,1488.0,1488.0,1488.0,1488.0,0.0,0.0
cntvaluein3-skew-locked-seed-34,pass,control_fanout_spread,idelay_dqs_cntvaluein,lane0,,4,lane_control_bit,1,930.0,930.0,930.0,930.0,0.0,0.0
cntvaluein3-skew-locked-seed-35,pass,control_fanout_spread,idelay_dqs_cntvaluein,lane0,,4,lane_control_bit,1,1067.0,1067.0,1067.0,1067.0,0.0,0.0
cntvaluein3-skew-locked-seed-36,fail,control_fanout_spread,idelay_dqs_cntvaluein,lane0,,4,lane_control_bit,1,1434.0,1434.0,1434.0,1434.0,0.0,0.0
cntvaluein3-skew-locked-seed-37,pass,control_fanout_spread,idelay_dqs_cntvaluein,lane0,,4,lane_control_bit,1,1386.0,1386.0,1386.0,1386.0,0.0,0.0
cntvaluein3-skew-locked-seed-38,pass,control_fanout_spread,idelay_dqs_cntvaluein,lane0,,4,lane_control_bit,1,1743.0,1743.0,1743.0,1743.0,0.0,0.0
cntvaluein3-skew-locked-seed-39,fail,control_fanout_spread,idelay_dqs_cntvaluein,lane0,,4,lane_control_bit,1,1641.0,1641.0,1641.0,1641.0,0.0,0.0
cntvaluein3-skew-locked-seed-40,pass,control_fanout_spread,idelay_dqs_cntvaluein,lane0,,4,lane_control_bit,1,666.0,666.0,666.0,666.0,0.0,0.0
cntvaluein3-skew-locked-seed-41,fail,control_fanout_spread,idelay_dqs_cntvaluein,lane0,,4,lane_control_bit,1,2063.0,2063.0,2063.0,2063.0,0.0,0.0
cntvaluein3-skew-locked-seed-42,pass,control_fanout_spread,idelay_dqs_cntvaluein,lane0,,4,lane_control_bit,1,1534.0,1534.0,1534.0,1534.0,0.0,0.0
cntvaluein3-skew-locked-seed-43,pass,control_fanout_spread,idelay_dqs_cntvaluein,lane0,,4,lane_control_bit,1,820.0,820.0,820.0,820.0,0.0,0.0
cntvaluein3-skew-locked-seed-44,pass,control_fanout_spread,idelay_dqs_cntvaluein,lane0,,4,lane_control_bit,1,1199.0,1199.0,1199.0,1199.0,0.0,0.0
cntvaluein3-skew-locked-seed-45,fail,control_fanout_spread,idelay_dqs_cntvaluein,lane0,,4,lane_control_bit,1,795.0,795.0,795.0,795.0,0.0,0.0
cntvaluein3-skew-locked-seed-46,pass,control_fanout_spread,idelay_dqs_cntvaluein,lane0,,4,lane_control_bit,1,1707.0,1707.0,1707.0,1707.0,0.0,0.0
cntvaluein3-skew-locked-seed-47,pass,control_fanout_spread,idelay_dqs_cntvaluein,lane0,,4,lane_control_bit,1,1648.0,1648.0,1648.0,1648.0,0.0,0.0
cntvaluein3-skew-locked-seed-48,fail,control_fanout_spread,idelay_dqs_cntvaluein,lane0,,4,lane_control_bit,1,1182.0,1182.0,1182.0,1182.0,0.0,0.0
cntvaluein3-skew-locked-seed-49,pass,control_fanout_spread,idelay_dqs_cntvaluein,lane0,,4,lane_control_bit,1,1692.0,1692.0,1692.0,1692.0,0.0,0.0
cntvaluein3-skew-locked-seed-50,fail,control_fanout_spread,idelay_dqs_cntvaluein,lane0,,4,lane_control_bit,1,1549.0,1549.0,1549.0,1549.0,0.0,0.0
cntvaluein3-skew-locked-seed-51,fail,control_fanout_spread,idelay_dqs_cntvaluein,lane0,,4,lane_control_bit,1,945.0,945.0,945.0,945.0,0.0,0.0
cntvaluein3-skew-locked-seed-52,fail,control_fanout_spread,idelay_dqs_cntvaluein,lane0,,4,lane_control_bit,1,1929.0,1929.0,1929.0,1929.0,0.0,0.0
cntvaluein3-skew-locked-seed-53,fail,control_fanout_spread,idelay_dqs_cntvaluein,lane0,,4,lane_control_bit,1,1452.0,1452.0,1452.0,1452.0,0.0,0.0
cntvaluein3-skew-locked-seed-54,pass,control_fanout_spread,idelay_dqs_cntvaluein,lane0,,4,lane_control_bit,1,1845.0,1845.0,1845.0,1845.0,0.0,0.0
cntvaluein3-skew-locked-seed-55,pass,control_fanout_spread,idelay_dqs_cntvaluein,lane0,,4,lane_control_bit,1,1707.0,1707.0,1707.0,1707.0,0.0,0.0
cntvaluein3-skew-locked-seed-56,pass,control_fanout_spread,idelay_dqs_cntvaluein,lane0,,4,lane_control_bit,1,1866.0,1866.0,1866.0,1866.0,0.0,0.0
cntvaluein3-skew-locked-seed-57,pass,control_fanout_spread,idelay_dqs_cntvaluein,lane0,,4,lane_control_bit,1,1662.0,1662.0,1662.0,1662.0,0.0,0.0
cntvaluein3-skew-locked-seed-58,pass,control_fanout_spread,idelay_dqs_cntvaluein,lane0,,4,lane_control_bit,1,1386.0,1386.0,1386.0,1386.0,0.0,0.0
cntvaluein3-skew-locked-seed-59,pass,control_fanout_spread,idelay_dqs_cntvaluein,lane0,,4,lane_control_bit,1,1799.0,1799.0,1799.0,1799.0,0.0,0.0
cntvaluein3-skew-locked-seed-60,fail,control_fanout_spread,idelay_dqs_cntvaluein,lane0,,4,lane_control_bit,1,1644.0,1644.0,1644.0,1644.0,0.0,0.0
cntvaluein3-skew-locked-seed-31,pass,control_fanout_spread,idelay_dqs_cntvaluein,lane1,,0,lane_control_bit,1,855.0,855.0,855.0,855.0,0.0,0.0
cntvaluein3-skew-locked-seed-32,pass,control_fanout_spread,idelay_dqs_cntvaluein,lane1,,0,lane_control_bit,1,717.0,717.0,717.0,717.0,0.0,0.0
cntvaluein3-skew-locked-seed-33,fail,control_fanout_spread,idelay_dqs_cntvaluein,lane1,,0,lane_control_bit,1,1156.0,1156.0,1156.0,1156.0,0.0,0.0
cntvaluein3-skew-locked-seed-34,pass,control_fanout_spread,idelay_dqs_cntvaluein,lane1,,0,lane_control_bit,1,898.0,898.0,898.0,898.0,0.0,0.0
cntvaluein3-skew-locked-seed-35,pass,control_fanout_spread,idelay_dqs_cntvaluein,lane1,,0,lane_control_bit,1,827.0,827.0,827.0,827.0,0.0,0.0
cntvaluein3-skew-locked-seed-36,fail,control_fanout_spread,idelay_dqs_cntvaluein,lane1,,0,lane_control_bit,1,773.0,773.0,773.0,773.0,0.0,0.0
cntvaluein3-skew-locked-seed-37,pass,control_fanout_spread,idelay_dqs_cntvaluein,lane1,,0,lane_control_bit,1,1427.0,1427.0,1427.0,1427.0,0.0,0.0
cntvaluein3-skew-locked-seed-38,pass,control_fanout_spread,idelay_dqs_cntvaluein,lane1,,0,lane_control_bit,1,1294.0,1294.0,1294.0,1294.0,0.0,0.0
cntvaluein3-skew-locked-seed-39,fail,control_fanout_spread,idelay_dqs_cntvaluein,lane1,,0,lane_control_bit,1,1708.0,1708.0,1708.0,1708.0,0.0,0.0
cntvaluein3-skew-locked-seed-40,pass,control_fanout_spread,idelay_dqs_cntvaluein,lane1,,0,lane_control_bit,1,1141.0,1141.0,1141.0,1141.0,0.0,0.0
cntvaluein3-skew-locked-seed-41,fail,control_fanout_spread,idelay_dqs_cntvaluein,lane1,,0,lane_control_bit,1,1187.0,1187.0,1187.0,1187.0,0.0,0.0
cntvaluein3-skew-locked-seed-42,pass,control_fanout_spread,idelay_dqs_cntvaluein,lane1,,0,lane_control_bit,1,1322.0,1322.0,1322.0,1322.0,0.0,0.0
cntvaluein3-skew-locked-seed-43,pass,control_fanout_spread,idelay_dqs_cntvaluein,lane1,,0,lane_control_bit,1,597.0,597.0,597.0,597.0,0.0,0.0
cntvaluein3-skew-locked-seed-44,pass,control_fanout_spread,idelay_dqs_cntvaluein,lane1,,0,lane_control_bit,1,737.0,737.0,737.0,737.0,0.0,0.0
cntvaluein3-skew-locked-seed-45,fail,control_fanout_spread,idelay_dqs_cntvaluein,lane1,,0,lane_control_bit,1,569.0,569.0,569.0,569.0,0.0,0.0
cntvaluein3-skew-locked-seed-46,pass,control_fanout_spread,idelay_dqs_cntvaluein,lane1,,0,lane_control_bit,1,1302.0,1302.0,1302.0,1302.0,0.0,0.0
cntvaluein3-skew-locked-seed-47,pass,control_fanout_spread,idelay_dqs_cntvaluein,lane1,,0,lane_control_bit,1,999.0,999.0,999.0,999.0,0.0,0.0
cntvaluein3-skew-locked-seed-48,fail,control_fanout_spread,idelay_dqs_cntvaluein,lane1,,0,lane_control_bit,1,657.0,657.0,657.0,657.0,0.0,0.0
cntvaluein3-skew-locked-seed-49,pass,control_fanout_spread,idelay_dqs_cntvaluein,lane1,,0,lane_control_bit,1,1536.0,1536.0,1536.0,1536.0,0.0,0.0
cntvaluein3-skew-locked-seed-50,fail,control_fanout_spread,idelay_dqs_cntvaluein,lane1,,0,lane_control_bit,1,1268.0,1268.0,1268.0,1268.0,0.0,0.0
cntvaluein3-skew-locked-seed-51,fail,control_fanout_spread,idelay_dqs_cntvaluein,lane1,,0,lane_control_bit,1,716.0,716.0,716.0,716.0,0.0,0.0
cntvaluein3-skew-locked-seed-52,fail,control_fanout_spread,idelay_dqs_cntvaluein,lane1,,0,lane_control_bit,1,1259.0,1259.0,1259.0,1259.0,0.0,0.0
cntvaluein3-skew-locked-seed-53,fail,control_fanout_spread,idelay_dqs_cntvaluein,lane1,,0,lane_control_bit,1,1424.0,1424.0,1424.0,1424.0,0.0,0.0
cntvaluein3-skew-locked-seed-54,pass,control_fanout_spread,idelay_dqs_cntvaluein,lane1,,0,lane_control_bit,1,1047.0,1047.0,1047.0,1047.0,0.0,0.0
cntvaluein3-skew-locked-seed-55,pass,control_fanout_spread,idelay_dqs_cntvaluein,lane1,,0,lane_control_bit,1,1425.0,1425.0,1425.0,1425.0,0.0,0.0
cntvaluein3-skew-locked-seed-56,pass,control_fanout_spread,idelay_dqs_cntvaluein,lane1,,0,lane_control_bit,1,986.0,986.0,986.0,986.0,0.0,0.0
cntvaluein3-skew-locked-seed-57,pass,control_fanout_spread,idelay_dqs_cntvaluein,lane1,,0,lane_control_bit,1,1340.0,1340.0,1340.0,1340.0,0.0,0.0
cntvaluein3-skew-locked-seed-58,pass,control_fanout_spread,idelay_dqs_cntvaluein,lane1,,0,lane_control_bit,1,1478.0,1478.0,1478.0,1478.0,0.0,0.0
cntvaluein3-skew-locked-seed-59,pass,control_fanout_spread,idelay_dqs_cntvaluein,lane1,,0,lane_control_bit,1,1527.0,1527.0,1527.0,1527.0,0.0,0.0
cntvaluein3-skew-locked-seed-60,fail,control_fanout_spread,idelay_dqs_cntvaluein,lane1,,0,lane_control_bit,1,930.0,930.0,930.0,930.0,0.0,0.0
cntvaluein3-skew-locked-seed-31,pass,control_fanout_spread,idelay_dqs_cntvaluein,lane1,,1,lane_control_bit,1,1307.0,1307.0,1307.0,1307.0,0.0,0.0
cntvaluein3-skew-locked-seed-32,pass,control_fanout_spread,idelay_dqs_cntvaluein,lane1,,1,lane_control_bit,1,561.0,561.0,561.0,561.0,0.0,0.0
cntvaluein3-skew-locked-seed-33,fail,control_fanout_spread,idelay_dqs_cntvaluein,lane1,,1,lane_control_bit,1,1314.0,1314.0,1314.0,1314.0,0.0,0.0
cntvaluein3-skew-locked-seed-34,pass,control_fanout_spread,idelay_dqs_cntvaluein,lane1,,1,lane_control_bit,1,824.0,824.0,824.0,824.0,0.0,0.0
cntvaluein3-skew-locked-seed-35,pass,control_fanout_spread,idelay_dqs_cntvaluein,lane1,,1,lane_control_bit,1,1067.0,1067.0,1067.0,1067.0,0.0,0.0
cntvaluein3-skew-locked-seed-36,fail,control_fanout_spread,idelay_dqs_cntvaluein,lane1,,1,lane_control_bit,1,1379.0,1379.0,1379.0,1379.0,0.0,0.0
cntvaluein3-skew-locked-seed-37,pass,control_fanout_spread,idelay_dqs_cntvaluein,lane1,,1,lane_control_bit,1,1585.0,1585.0,1585.0,1585.0,0.0,0.0
cntvaluein3-skew-locked-seed-38,pass,control_fanout_spread,idelay_dqs_cntvaluein,lane1,,1,lane_control_bit,1,1383.0,1383.0,1383.0,1383.0,0.0,0.0
cntvaluein3-skew-locked-seed-39,fail,control_fanout_spread,idelay_dqs_cntvaluein,lane1,,1,lane_control_bit,1,1661.0,1661.0,1661.0,1661.0,0.0,0.0
cntvaluein3-skew-locked-seed-40,pass,control_fanout_spread,idelay_dqs_cntvaluein,lane1,,1,lane_control_bit,1,570.0,570.0,570.0,570.0,0.0,0.0
cntvaluein3-skew-locked-seed-41,fail,control_fanout_spread,idelay_dqs_cntvaluein,lane1,,1,lane_control_bit,1,1567.0,1567.0,1567.0,1567.0,0.0,0.0
cntvaluein3-skew-locked-seed-42,pass,control_fanout_spread,idelay_dqs_cntvaluein,lane1,,1,lane_control_bit,1,1220.0,1220.0,1220.0,1220.0,0.0,0.0
cntvaluein3-skew-locked-seed-43,pass,control_fanout_spread,idelay_dqs_cntvaluein,lane1,,1,lane_control_bit,1,549.0,549.0,549.0,549.0,0.0,0.0
cntvaluein3-skew-locked-seed-44,pass,control_fanout_spread,idelay_dqs_cntvaluein,lane1,,1,lane_control_bit,1,681.0,681.0,681.0,681.0,0.0,0.0
cntvaluein3-skew-locked-seed-45,fail,control_fanout_spread,idelay_dqs_cntvaluein,lane1,,1,lane_control_bit,1,639.0,639.0,639.0,639.0,0.0,0.0
cntvaluein3-skew-locked-seed-46,pass,control_fanout_spread,idelay_dqs_cntvaluein,lane1,,1,lane_control_bit,1,1350.0,1350.0,1350.0,1350.0,0.0,0.0
cntvaluein3-skew-locked-seed-47,pass,control_fanout_spread,idelay_dqs_cntvaluein,lane1,,1,lane_control_bit,1,1468.0,1468.0,1468.0,1468.0,0.0,0.0
cntvaluein3-skew-locked-seed-48,fail,control_fanout_spread,idelay_dqs_cntvaluein,lane1,,1,lane_control_bit,1,791.0,791.0,791.0,791.0,0.0,0.0
cntvaluein3-skew-locked-seed-49,pass,control_fanout_spread,idelay_dqs_cntvaluein,lane1,,1,lane_control_bit,1,1562.0,1562.0,1562.0,1562.0,0.0,0.0
cntvaluein3-skew-locked-seed-50,fail,control_fanout_spread,idelay_dqs_cntvaluein,lane1,,1,lane_control_bit,1,1320.0,1320.0,1320.0,1320.0,0.0,0.0
cntvaluein3-skew-locked-seed-51,fail,control_fanout_spread,idelay_dqs_cntvaluein,lane1,,1,lane_control_bit,1,787.0,787.0,787.0,787.0,0.0,0.0
cntvaluein3-skew-locked-seed-52,fail,control_fanout_spread,idelay_dqs_cntvaluein,lane1,,1,lane_control_bit,1,1738.0,1738.0,1738.0,1738.0,0.0,0.0
cntvaluein3-skew-locked-seed-53,fail,control_fanout_spread,idelay_dqs_cntvaluein,lane1,,1,lane_control_bit,1,1360.0,1360.0,1360.0,1360.0,0.0,0.0
cntvaluein3-skew-locked-seed-54,pass,control_fanout_spread,idelay_dqs_cntvaluein,lane1,,1,lane_control_bit,1,1753.0,1753.0,1753.0,1753.0,0.0,0.0
cntvaluein3-skew-locked-seed-55,pass,control_fanout_spread,idelay_dqs_cntvaluein,lane1,,1,lane_control_bit,1,1722.0,1722.0,1722.0,1722.0,0.0,0.0
cntvaluein3-skew-locked-seed-56,pass,control_fanout_spread,idelay_dqs_cntvaluein,lane1,,1,lane_control_bit,1,1203.0,1203.0,1203.0,1203.0,0.0,0.0
cntvaluein3-skew-locked-seed-57,pass,control_fanout_spread,idelay_dqs_cntvaluein,lane1,,1,lane_control_bit,1,1312.0,1312.0,1312.0,1312.0,0.0,0.0
cntvaluein3-skew-locked-seed-58,pass,control_fanout_spread,idelay_dqs_cntvaluein,lane1,,1,lane_control_bit,1,1128.0,1128.0,1128.0,1128.0,0.0,0.0
cntvaluein3-skew-locked-seed-59,pass,control_fanout_spread,idelay_dqs_cntvaluein,lane1,,1,lane_control_bit,1,1379.0,1379.0,1379.0,1379.0,0.0,0.0
cntvaluein3-skew-locked-seed-60,fail,control_fanout_spread,idelay_dqs_cntvaluein,lane1,,1,lane_control_bit,1,1251.0,1251.0,1251.0,1251.0,0.0,0.0
cntvaluein3-skew-locked-seed-31,pass,control_fanout_spread,idelay_dqs_cntvaluein,lane1,,2,lane_control_bit,1,1082.0,1082.0,1082.0,1082.0,0.0,0.0
cntvaluein3-skew-locked-seed-32,pass,control_fanout_spread,idelay_dqs_cntvaluein,lane1,,2,lane_control_bit,1,984.0,984.0,984.0,984.0,0.0,0.0
cntvaluein3-skew-locked-seed-33,fail,control_fanout_spread,idelay_dqs_cntvaluein,lane1,,2,lane_control_bit,1,1383.0,1383.0,1383.0,1383.0,0.0,0.0
cntvaluein3-skew-locked-seed-34,pass,control_fanout_spread,idelay_dqs_cntvaluein,lane1,,2,lane_control_bit,1,665.0,665.0,665.0,665.0,0.0,0.0
cntvaluein3-skew-locked-seed-35,pass,control_fanout_spread,idelay_dqs_cntvaluein,lane1,,2,lane_control_bit,1,852.0,852.0,852.0,852.0,0.0,0.0
cntvaluein3-skew-locked-seed-36,fail,control_fanout_spread,idelay_dqs_cntvaluein,lane1,,2,lane_control_bit,1,1067.0,1067.0,1067.0,1067.0,0.0,0.0
cntvaluein3-skew-locked-seed-37,pass,control_fanout_spread,idelay_dqs_cntvaluein,lane1,,2,lane_control_bit,1,1060.0,1060.0,1060.0,1060.0,0.0,0.0
cntvaluein3-skew-locked-seed-38,pass,control_fanout_spread,idelay_dqs_cntvaluein,lane1,,2,lane_control_bit,1,1391.0,1391.0,1391.0,1391.0,0.0,0.0
cntvaluein3-skew-locked-seed-39,fail,control_fanout_spread,idelay_dqs_cntvaluein,lane1,,2,lane_control_bit,1,1358.0,1358.0,1358.0,1358.0,0.0,0.0
cntvaluein3-skew-locked-seed-40,pass,control_fanout_spread,idelay_dqs_cntvaluein,lane1,,2,lane_control_bit,1,702.0,702.0,702.0,702.0,0.0,0.0
cntvaluein3-skew-locked-seed-41,fail,control_fanout_spread,idelay_dqs_cntvaluein,lane1,,2,lane_control_bit,1,1365.0,1365.0,1365.0,1365.0,0.0,0.0
cntvaluein3-skew-locked-seed-42,pass,control_fanout_spread,idelay_dqs_cntvaluein,lane1,,2,lane_control_bit,1,1325.0,1325.0,1325.0,1325.0,0.0,0.0
cntvaluein3-skew-locked-seed-43,pass,control_fanout_spread,idelay_dqs_cntvaluein,lane1,,2,lane_control_bit,1,527.0,527.0,527.0,527.0,0.0,0.0
cntvaluein3-skew-locked-seed-44,pass,control_fanout_spread,idelay_dqs_cntvaluein,lane1,,2,lane_control_bit,1,1348.0,1348.0,1348.0,1348.0,0.0,0.0
cntvaluein3-skew-locked-seed-45,fail,control_fanout_spread,idelay_dqs_cntvaluein,lane1,,2,lane_control_bit,1,644.0,644.0,644.0,644.0,0.0,0.0
cntvaluein3-skew-locked-seed-46,pass,control_fanout_spread,idelay_dqs_cntvaluein,lane1,,2,lane_control_bit,1,1440.0,1440.0,1440.0,1440.0,0.0,0.0
cntvaluein3-skew-locked-seed-47,pass,control_fanout_spread,idelay_dqs_cntvaluein,lane1,,2,lane_control_bit,1,1146.0,1146.0,1146.0,1146.0,0.0,0.0
cntvaluein3-skew-locked-seed-48,fail,control_fanout_spread,idelay_dqs_cntvaluein,lane1,,2,lane_control_bit,1,762.0,762.0,762.0,762.0,0.0,0.0
cntvaluein3-skew-locked-seed-49,pass,control_fanout_spread,idelay_dqs_cntvaluein,lane1,,2,lane_control_bit,1,1422.0,1422.0,1422.0,1422.0,0.0,0.0
cntvaluein3-skew-locked-seed-50,fail,control_fanout_spread,idelay_dqs_cntvaluein,lane1,,2,lane_control_bit,1,981.0,981.0,981.0,981.0,0.0,0.0
cntvaluein3-skew-locked-seed-51,fail,control_fanout_spread,idelay_dqs_cntvaluein,lane1,,2,lane_control_bit,1,806.0,806.0,806.0,806.0,0.0,0.0
cntvaluein3-skew-locked-seed-52,fail,control_fanout_spread,idelay_dqs_cntvaluein,lane1,,2,lane_control_bit,1,1070.0,1070.0,1070.0,1070.0,0.0,0.0
cntvaluein3-skew-locked-seed-53,fail,control_fanout_spread,idelay_dqs_cntvaluein,lane1,,2,lane_control_bit,1,1036.0,1036.0,1036.0,1036.0,0.0,0.0
cntvaluein3-skew-locked-seed-54,pass,control_fanout_spread,idelay_dqs_cntvaluein,lane1,,2,lane_control_bit,1,1733.0,1733.0,1733.0,1733.0,0.0,0.0
cntvaluein3-skew-locked-seed-55,pass,control_fanout_spread,idelay_dqs_cntvaluein,lane1,,2,lane_control_bit,1,1557.0,1557.0,1557.0,1557.0,0.0,0.0
cntvaluein3-skew-locked-seed-56,pass,control_fanout_spread,idelay_dqs_cntvaluein,lane1,,2,lane_control_bit,1,1360.0,1360.0,1360.0,1360.0,0.0,0.0
cntvaluein3-skew-locked-seed-57,pass,control_fanout_spread,idelay_dqs_cntvaluein,lane1,,2,lane_control_bit,1,1050.0,1050.0,1050.0,1050.0,0.0,0.0
cntvaluein3-skew-locked-seed-58,pass,control_fanout_spread,idelay_dqs_cntvaluein,lane1,,2,lane_control_bit,1,1628.0,1628.0,1628.0,1628.0,0.0,0.0
cntvaluein3-skew-locked-seed-59,pass,control_fanout_spread,idelay_dqs_cntvaluein,lane1,,2,lane_control_bit,1,1297.0,1297.0,1297.0,1297.0,0.0,0.0
cntvaluein3-skew-locked-seed-60,fail,control_fanout_spread,idelay_dqs_cntvaluein,lane1,,2,lane_control_bit,1,1555.0,1555.0,1555.0,1555.0,0.0,0.0
cntvaluein3-skew-locked-seed-31,pass,control_fanout_spread,idelay_dqs_cntvaluein,lane1,,3,lane_control_bit,1,1700.0,1700.0,1700.0,1700.0,0.0,0.0
cntvaluein3-skew-locked-seed-32,pass,control_fanout_spread,idelay_dqs_cntvaluein,lane1,,3,lane_control_bit,1,2194.0,2194.0,2194.0,2194.0,0.0,0.0
cntvaluein3-skew-locked-seed-33,fail,control_fanout_spread,idelay_dqs_cntvaluein,lane1,,3,lane_control_bit,1,1835.0,1835.0,1835.0,1835.0,0.0,0.0
cntvaluein3-skew-locked-seed-34,pass,control_fanout_spread,idelay_dqs_cntvaluein,lane1,,3,lane_control_bit,1,1659.0,1659.0,1659.0,1659.0,0.0,0.0
cntvaluein3-skew-locked-seed-35,pass,control_fanout_spread,idelay_dqs_cntvaluein,lane1,,3,lane_control_bit,1,1876.0,1876.0,1876.0,1876.0,0.0,0.0
cntvaluein3-skew-locked-seed-36,fail,control_fanout_spread,idelay_dqs_cntvaluein,lane1,,3,lane_control_bit,1,1537.0,1537.0,1537.0,1537.0,0.0,0.0
cntvaluein3-skew-locked-seed-37,pass,control_fanout_spread,idelay_dqs_cntvaluein,lane1,,3,lane_control_bit,1,1462.0,1462.0,1462.0,1462.0,0.0,0.0
cntvaluein3-skew-locked-seed-38,pass,control_fanout_spread,idelay_dqs_cntvaluein,lane1,,3,lane_control_bit,1,1503.0,1503.0,1503.0,1503.0,0.0,0.0
cntvaluein3-skew-locked-seed-39,fail,control_fanout_spread,idelay_dqs_cntvaluein,lane1,,3,lane_control_bit,1,1552.0,1552.0,1552.0,1552.0,0.0,0.0
cntvaluein3-skew-locked-seed-40,pass,control_fanout_spread,idelay_dqs_cntvaluein,lane1,,3,lane_control_bit,1,1817.0,1817.0,1817.0,1817.0,0.0,0.0
cntvaluein3-skew-locked-seed-41,fail,control_fanout_spread,idelay_dqs_cntvaluein,lane1,,3,lane_control_bit,1,1875.0,1875.0,1875.0,1875.0,0.0,0.0
cntvaluein3-skew-locked-seed-42,pass,control_fanout_spread,idelay_dqs_cntvaluein,lane1,,3,lane_control_bit,1,1904.0,1904.0,1904.0,1904.0,0.0,0.0
cntvaluein3-skew-locked-seed-43,pass,control_fanout_spread,idelay_dqs_cntvaluein,lane1,,3,lane_control_bit,1,1889.0,1889.0,1889.0,1889.0,0.0,0.0
cntvaluein3-skew-locked-seed-44,pass,control_fanout_spread,idelay_dqs_cntvaluein,lane1,,3,lane_control_bit,1,1748.0,1748.0,1748.0,1748.0,0.0,0.0
cntvaluein3-skew-locked-seed-45,fail,control_fanout_spread,idelay_dqs_cntvaluein,lane1,,3,lane_control_bit,1,2016.0,2016.0,2016.0,2016.0,0.0,0.0
cntvaluein3-skew-locked-seed-46,pass,control_fanout_spread,idelay_dqs_cntvaluein,lane1,,3,lane_control_bit,1,1501.0,1501.0,1501.0,1501.0,0.0,0.0
cntvaluein3-skew-locked-seed-47,pass,control_fanout_spread,idelay_dqs_cntvaluein,lane1,,3,lane_control_bit,1,1751.0,1751.0,1751.0,1751.0,0.0,0.0
cntvaluein3-skew-locked-seed-48,fail,control_fanout_spread,idelay_dqs_cntvaluein,lane1,,3,lane_control_bit,1,1585.0,1585.0,1585.0,1585.0,0.0,0.0
cntvaluein3-skew-locked-seed-49,pass,control_fanout_spread,idelay_dqs_cntvaluein,lane1,,3,lane_control_bit,1,1616.0,1616.0,1616.0,1616.0,0.0,0.0
cntvaluein3-skew-locked-seed-50,fail,control_fanout_spread,idelay_dqs_cntvaluein,lane1,,3,lane_control_bit,1,1572.0,1572.0,1572.0,1572.0,0.0,0.0
cntvaluein3-skew-locked-seed-51,fail,control_fanout_spread,idelay_dqs_cntvaluein,lane1,,3,lane_control_bit,1,1572.0,1572.0,1572.0,1572.0,0.0,0.0
cntvaluein3-skew-locked-seed-52,fail,control_fanout_spread,idelay_dqs_cntvaluein,lane1,,3,lane_control_bit,1,2180.0,2180.0,2180.0,2180.0,0.0,0.0
cntvaluein3-skew-locked-seed-53,fail,control_fanout_spread,idelay_dqs_cntvaluein,lane1,,3,lane_control_bit,1,1824.0,1824.0,1824.0,1824.0,0.0,0.0
cntvaluein3-skew-locked-seed-54,pass,control_fanout_spread,idelay_dqs_cntvaluein,lane1,,3,lane_control_bit,1,1289.0,1289.0,1289.0,1289.0,0.0,0.0
cntvaluein3-skew-locked-seed-55,pass,control_fanout_spread,idelay_dqs_cntvaluein,lane1,,3,lane_control_bit,1,1661.0,1661.0,1661.0,1661.0,0.0,0.0
cntvaluein3-skew-locked-seed-56,pass,control_fanout_spread,idelay_dqs_cntvaluein,lane1,,3,lane_control_bit,1,1610.0,1610.0,1610.0,1610.0,0.0,0.0
cntvaluein3-skew-locked-seed-57,pass,control_fanout_spread,idelay_dqs_cntvaluein,lane1,,3,lane_control_bit,1,1641.0,1641.0,1641.0,1641.0,0.0,0.0
cntvaluein3-skew-locked-seed-58,pass,control_fanout_spread,idelay_dqs_cntvaluein,lane1,,3,lane_control_bit,1,1649.0,1649.0,1649.0,1649.0,0.0,0.0
cntvaluein3-skew-locked-seed-59,pass,control_fanout_spread,idelay_dqs_cntvaluein,lane1,,3,lane_control_bit,1,1457.0,1457.0,1457.0,1457.0,0.0,0.0
cntvaluein3-skew-locked-seed-60,fail,control_fanout_spread,idelay_dqs_cntvaluein,lane1,,3,lane_control_bit,1,1463.0,1463.0,1463.0,1463.0,0.0,0.0
cntvaluein3-skew-locked-seed-31,pass,control_fanout_spread,idelay_dqs_cntvaluein,lane1,,4,lane_control_bit,1,1105.0,1105.0,1105.0,1105.0,0.0,0.0
cntvaluein3-skew-locked-seed-32,pass,control_fanout_spread,idelay_dqs_cntvaluein,lane1,,4,lane_control_bit,1,639.0,639.0,639.0,639.0,0.0,0.0
cntvaluein3-skew-locked-seed-33,fail,control_fanout_spread,idelay_dqs_cntvaluein,lane1,,4,lane_control_bit,1,1213.0,1213.0,1213.0,1213.0,0.0,0.0
cntvaluein3-skew-locked-seed-34,pass,control_fanout_spread,idelay_dqs_cntvaluein,lane1,,4,lane_control_bit,1,654.0,654.0,654.0,654.0,0.0,0.0
cntvaluein3-skew-locked-seed-35,pass,control_fanout_spread,idelay_dqs_cntvaluein,lane1,,4,lane_control_bit,1,864.0,864.0,864.0,864.0,0.0,0.0
cntvaluein3-skew-locked-seed-36,fail,control_fanout_spread,idelay_dqs_cntvaluein,lane1,,4,lane_control_bit,1,1156.0,1156.0,1156.0,1156.0,0.0,0.0
cntvaluein3-skew-locked-seed-37,pass,control_fanout_spread,idelay_dqs_cntvaluein,lane1,,4,lane_control_bit,1,1054.0,1054.0,1054.0,1054.0,0.0,0.0
cntvaluein3-skew-locked-seed-38,pass,control_fanout_spread,idelay_dqs_cntvaluein,lane1,,4,lane_control_bit,1,1376.0,1376.0,1376.0,1376.0,0.0,0.0
cntvaluein3-skew-locked-seed-39,fail,control_fanout_spread,idelay_dqs_cntvaluein,lane1,,4,lane_control_bit,1,1282.0,1282.0,1282.0,1282.0,0.0,0.0
cntvaluein3-skew-locked-seed-40,pass,control_fanout_spread,idelay_dqs_cntvaluein,lane1,,4,lane_control_bit,1,1008.0,1008.0,1008.0,1008.0,0.0,0.0
cntvaluein3-skew-locked-seed-41,fail,control_fanout_spread,idelay_dqs_cntvaluein,lane1,,4,lane_control_bit,1,1613.0,1613.0,1613.0,1613.0,0.0,0.0
cntvaluein3-skew-locked-seed-42,pass,control_fanout_spread,idelay_dqs_cntvaluein,lane1,,4,lane_control_bit,1,1258.0,1258.0,1258.0,1258.0,0.0,0.0
cntvaluein3-skew-locked-seed-43,pass,control_fanout_spread,idelay_dqs_cntvaluein,lane1,,4,lane_control_bit,1,612.0,612.0,612.0,612.0,0.0,0.0
cntvaluein3-skew-locked-seed-44,pass,control_fanout_spread,idelay_dqs_cntvaluein,lane1,,4,lane_control_bit,1,796.0,796.0,796.0,796.0,0.0,0.0
cntvaluein3-skew-locked-seed-45,fail,control_fanout_spread,idelay_dqs_cntvaluein,lane1,,4,lane_control_bit,1,656.0,656.0,656.0,656.0,0.0,0.0
cntvaluein3-skew-locked-seed-46,pass,control_fanout_spread,idelay_dqs_cntvaluein,lane1,,4,lane_control_bit,1,1406.0,1406.0,1406.0,1406.0,0.0,0.0
cntvaluein3-skew-locked-seed-47,pass,control_fanout_spread,idelay_dqs_cntvaluein,lane1,,4,lane_control_bit,1,1370.0,1370.0,1370.0,1370.0,0.0,0.0
cntvaluein3-skew-locked-seed-48,fail,control_fanout_spread,idelay_dqs_cntvaluein,lane1,,4,lane_control_bit,1,970.0,970.0,970.0,970.0,0.0,0.0
cntvaluein3-skew-locked-seed-49,pass,control_fanout_spread,idelay_dqs_cntvaluein,lane1,,4,lane_control_bit,1,1281.0,1281.0,1281.0,1281.0,0.0,0.0
cntvaluein3-skew-locked-seed-50,fail,control_fanout_spread,idelay_dqs_cntvaluein,lane1,,4,lane_control_bit,1,1375.0,1375.0,1375.0,1375.0,0.0,0.0
cntvaluein3-skew-locked-seed-51,fail,control_fanout_spread,idelay_dqs_cntvaluein,lane1,,4,lane_control_bit,1,580.0,580.0,580.0,580.0,0.0,0.0
cntvaluein3-skew-locked-seed-52,fail,control_fanout_spread,idelay_dqs_cntvaluein,lane1,,4,lane_control_bit,1,1529.0,1529.0,1529.0,1529.0,0.0,0.0
cntvaluein3-skew-locked-seed-53,fail,control_fanout_spread,idelay_dqs_cntvaluein,lane1,,4,lane_control_bit,1,1177.0,1177.0,1177.0,1177.0,0.0,0.0
cntvaluein3-skew-locked-seed-54,pass,control_fanout_spread,idelay_dqs_cntvaluein,lane1,,4,lane_control_bit,1,1513.0,1513.0,1513.0,1513.0,0.0,0.0
cntvaluein3-skew-locked-seed-55,pass,control_fanout_spread,idelay_dqs_cntvaluein,lane1,,4,lane_control_bit,1,1432.0,1432.0,1432.0,1432.0,0.0,0.0
cntvaluein3-skew-locked-seed-56,pass,control_fanout_spread,idelay_dqs_cntvaluein,lane1,,4,lane_control_bit,1,1567.0,1567.0,1567.0,1567.0,0.0,0.0
cntvaluein3-skew-locked-seed-57,pass,control_fanout_spread,idelay_dqs_cntvaluein,lane1,,4,lane_control_bit,1,1501.0,1501.0,1501.0,1501.0,0.0,0.0
cntvaluein3-skew-locked-seed-58,pass,control_fanout_spread,idelay_dqs_cntvaluein,lane1,,4,lane_control_bit,1,1333.0,1333.0,1333.0,1333.0,0.0,0.0
cntvaluein3-skew-locked-seed-59,pass,control_fanout_spread,idelay_dqs_cntvaluein,lane1,,4,lane_control_bit,1,1748.0,1748.0,1748.0,1748.0,0.0,0.0
cntvaluein3-skew-locked-seed-60,fail,control_fanout_spread,idelay_dqs_cntvaluein,lane1,,4,lane_control_bit,1,1667.0,1667.0,1667.0,1667.0,0.0,0.0
cntvaluein3-skew-locked-seed-31,pass,direct_max,clocking,all,,,endpoint,2058,119.0,1110.0,1179.0,6929.0,6810.0,6929.0
cntvaluein3-skew-locked-seed-32,pass,direct_max,clocking,all,,,endpoint,2058,119.0,1110.0,1179.0,7110.0,6991.0,7110.0
cntvaluein3-skew-locked-seed-33,fail,direct_max,clocking,all,,,endpoint,2059,119.0,1110.0,1179.0,7094.0,6975.0,7094.0
cntvaluein3-skew-locked-seed-34,pass,direct_max,clocking,all,,,endpoint,2058,119.0,1110.0,1179.0,6869.0,6750.0,6869.0
cntvaluein3-skew-locked-seed-35,pass,direct_max,clocking,all,,,endpoint,2058,119.0,1110.0,1179.0,6885.0,6766.0,6885.0
cntvaluein3-skew-locked-seed-36,fail,direct_max,clocking,all,,,endpoint,2058,119.0,1110.0,1179.0,6855.0,6736.0,6855.0
cntvaluein3-skew-locked-seed-37,pass,direct_max,clocking,all,,,endpoint,2059,119.0,1110.0,1179.0,6735.0,6616.0,6735.0
cntvaluein3-skew-locked-seed-38,pass,direct_max,clocking,all,,,endpoint,2059,119.0,1110.0,1179.0,7079.0,6960.0,7079.0
cntvaluein3-skew-locked-seed-39,fail,direct_max,clocking,all,,,endpoint,2058,119.0,1110.0,1179.0,6554.0,6435.0,6554.0
cntvaluein3-skew-locked-seed-40,pass,direct_max,clocking,all,,,endpoint,2058,119.0,1110.0,1179.0,6929.0,6810.0,6929.0
cntvaluein3-skew-locked-seed-41,fail,direct_max,clocking,all,,,endpoint,2059,119.0,1110.0,1179.0,6719.0,6600.0,6719.0
cntvaluein3-skew-locked-seed-42,pass,direct_max,clocking,all,,,endpoint,2058,119.0,1110.0,1179.0,6539.0,6420.0,6539.0
cntvaluein3-skew-locked-seed-43,pass,direct_max,clocking,all,,,endpoint,2059,119.0,1110.0,1179.0,6704.0,6585.0,6704.0
cntvaluein3-skew-locked-seed-44,pass,direct_max,clocking,all,,,endpoint,2058,119.0,1110.0,1179.0,6675.0,6556.0,6675.0
cntvaluein3-skew-locked-seed-45,fail,direct_max,clocking,all,,,endpoint,2058,119.0,1110.0,1179.0,6869.0,6750.0,6869.0
cntvaluein3-skew-locked-seed-46,pass,direct_max,clocking,all,,,endpoint,2059,119.0,1110.0,1179.0,7215.0,7096.0,7215.0
cntvaluein3-skew-locked-seed-47,pass,direct_max,clocking,all,,,endpoint,2058,119.0,1110.0,1179.0,7155.0,7036.0,7155.0
cntvaluein3-skew-locked-seed-48,fail,direct_max,clocking,all,,,endpoint,2058,119.0,1110.0,1179.0,7050.0,6931.0,7050.0
cntvaluein3-skew-locked-seed-49,pass,direct_max,clocking,all,,,endpoint,2058,119.0,1110.0,1179.0,6824.0,6705.0,6824.0
cntvaluein3-skew-locked-seed-50,fail,direct_max,clocking,all,,,endpoint,2059,119.0,1110.0,1179.0,7215.0,7096.0,7215.0
cntvaluein3-skew-locked-seed-51,fail,direct_max,clocking,all,,,endpoint,2058,119.0,1110.0,1179.0,6780.0,6661.0,6780.0
cntvaluein3-skew-locked-seed-52,fail,direct_max,clocking,all,,,endpoint,2059,119.0,1110.0,1179.0,7079.0,6960.0,7079.0
cntvaluein3-skew-locked-seed-53,fail,direct_max,clocking,all,,,endpoint,2058,119.0,1110.0,1179.0,6809.0,6690.0,6809.0
cntvaluein3-skew-locked-seed-54,pass,direct_max,clocking,all,,,endpoint,2058,119.0,1110.0,1179.0,6974.0,6855.0,6974.0
cntvaluein3-skew-locked-seed-55,pass,direct_max,clocking,all,,,endpoint,2059,119.0,1110.0,1179.0,6945.0,6826.0,6945.0
cntvaluein3-skew-locked-seed-56,pass,direct_max,clocking,all,,,endpoint,2059,119.0,1110.0,1179.0,6824.0,6705.0,6824.0
cntvaluein3-skew-locked-seed-57,pass,direct_max,clocking,all,,,endpoint,2059,119.0,1110.0,1179.0,6719.0,6600.0,6719.0
cntvaluein3-skew-locked-seed-58,pass,direct_max,clocking,all,,,endpoint,2058,119.0,1110.0,1179.0,6434.0,6315.0,6434.0
cntvaluein3-skew-locked-seed-59,pass,direct_max,clocking,all,,,endpoint,2059,119.0,1110.0,1179.0,6809.0,6690.0,6809.0
cntvaluein3-skew-locked-seed-60,fail,direct_max,clocking,all,,,endpoint,2058,119.0,1110.0,1179.0,6150.0,6031.0,6150.0
cntvaluein3-skew-locked-seed-31,pass,direct_max,clocking,lane0,dq0,,endpoint,6,1179.0,1279.0,1314.0,1314.0,135.0,1314.0
cntvaluein3-skew-locked-seed-32,pass,direct_max,clocking,lane0,dq0,,endpoint,6,1179.0,1279.0,1314.0,1314.0,135.0,1314.0
cntvaluein3-skew-locked-seed-33,fail,direct_max,clocking,lane0,dq0,,endpoint,6,1179.0,1279.0,1314.0,1314.0,135.0,1314.0
cntvaluein3-skew-locked-seed-34,pass,direct_max,clocking,lane0,dq0,,endpoint,6,1179.0,1279.0,1314.0,1314.0,135.0,1314.0
cntvaluein3-skew-locked-seed-35,pass,direct_max,clocking,lane0,dq0,,endpoint,6,1179.0,1279.0,1314.0,1314.0,135.0,1314.0
cntvaluein3-skew-locked-seed-36,fail,direct_max,clocking,lane0,dq0,,endpoint,6,1179.0,1279.0,1314.0,1314.0,135.0,1314.0
cntvaluein3-skew-locked-seed-37,pass,direct_max,clocking,lane0,dq0,,endpoint,6,1179.0,1279.0,1314.0,1314.0,135.0,1314.0
cntvaluein3-skew-locked-seed-38,pass,direct_max,clocking,lane0,dq0,,endpoint,6,1179.0,1279.0,1314.0,1314.0,135.0,1314.0
cntvaluein3-skew-locked-seed-39,fail,direct_max,clocking,lane0,dq0,,endpoint,6,1179.0,1279.0,1314.0,1314.0,135.0,1314.0
cntvaluein3-skew-locked-seed-40,pass,direct_max,clocking,lane0,dq0,,endpoint,6,1179.0,1279.0,1314.0,1314.0,135.0,1314.0
cntvaluein3-skew-locked-seed-41,fail,direct_max,clocking,lane0,dq0,,endpoint,6,1179.0,1279.0,1314.0,1314.0,135.0,1314.0
cntvaluein3-skew-locked-seed-42,pass,direct_max,clocking,lane0,dq0,,endpoint,6,1179.0,1279.0,1314.0,1314.0,135.0,1314.0
cntvaluein3-skew-locked-seed-43,pass,direct_max,clocking,lane0,dq0,,endpoint,6,1179.0,1279.0,1314.0,1314.0,135.0,1314.0
cntvaluein3-skew-locked-seed-44,pass,direct_max,clocking,lane0,dq0,,endpoint,6,1179.0,1279.0,1314.0,1314.0,135.0,1314.0
cntvaluein3-skew-locked-seed-45,fail,direct_max,clocking,lane0,dq0,,endpoint,6,1179.0,1279.0,1314.0,1314.0,135.0,1314.0
cntvaluein3-skew-locked-seed-46,pass,direct_max,clocking,lane0,dq0,,endpoint,6,1179.0,1279.0,1314.0,1314.0,135.0,1314.0
cntvaluein3-skew-locked-seed-47,pass,direct_max,clocking,lane0,dq0,,endpoint,6,1179.0,1279.0,1314.0,1314.0,135.0,1314.0
cntvaluein3-skew-locked-seed-48,fail,direct_max,clocking,lane0,dq0,,endpoint,6,1179.0,1279.0,1314.0,1314.0,135.0,1314.0
cntvaluein3-skew-locked-seed-49,pass,direct_max,clocking,lane0,dq0,,endpoint,6,1179.0,1279.0,1314.0,1314.0,135.0,1314.0
cntvaluein3-skew-locked-seed-50,fail,direct_max,clocking,lane0,dq0,,endpoint,6,1179.0,1279.0,1314.0,1314.0,135.0,1314.0
cntvaluein3-skew-locked-seed-51,fail,direct_max,clocking,lane0,dq0,,endpoint,6,1179.0,1279.0,1314.0,1314.0,135.0,1314.0
cntvaluein3-skew-locked-seed-52,fail,direct_max,clocking,lane0,dq0,,endpoint,6,1179.0,1279.0,1314.0,1314.0,135.0,1314.0
cntvaluein3-skew-locked-seed-53,fail,direct_max,clocking,lane0,dq0,,endpoint,6,1179.0,1279.0,1314.0,1314.0,135.0,1314.0
cntvaluein3-skew-locked-seed-54,pass,direct_max,clocking,lane0,dq0,,endpoint,6,1179.0,1279.0,1314.0,1314.0,135.0,1314.0
cntvaluein3-skew-locked-seed-55,pass,direct_max,clocking,lane0,dq0,,endpoint,6,1179.0,1279.0,1314.0,1314.0,135.0,1314.0
cntvaluein3-skew-locked-seed-56,pass,direct_max,clocking,lane0,dq0,,endpoint,6,1179.0,1279.0,1314.0,1314.0,135.0,1314.0
cntvaluein3-skew-locked-seed-57,pass,direct_max,clocking,lane0,dq0,,endpoint,6,1179.0,1279.0,1314.0,1314.0,135.0,1314.0
cntvaluein3-skew-locked-seed-58,pass,direct_max,clocking,lane0,dq0,,endpoint,6,1179.0,1279.0,1314.0,1314.0,135.0,1314.0
cntvaluein3-skew-locked-seed-59,pass,direct_max,clocking,lane0,dq0,,endpoint,6,1179.0,1279.0,1314.0,1314.0,135.0,1314.0
cntvaluein3-skew-locked-seed-60,fail,direct_max,clocking,lane0,dq0,,endpoint,6,1179.0,1279.0,1314.0,1314.0,135.0,1314.0
cntvaluein3-skew-locked-seed-31,pass,direct_max,clocking,lane0,dq1,,endpoint,6,1179.0,1279.0,1314.0,1314.0,135.0,1314.0
cntvaluein3-skew-locked-seed-32,pass,direct_max,clocking,lane0,dq1,,endpoint,6,1179.0,1279.0,1314.0,1314.0,135.0,1314.0
cntvaluein3-skew-locked-seed-33,fail,direct_max,clocking,lane0,dq1,,endpoint,6,1179.0,1279.0,1314.0,1314.0,135.0,1314.0
cntvaluein3-skew-locked-seed-34,pass,direct_max,clocking,lane0,dq1,,endpoint,6,1179.0,1279.0,1314.0,1314.0,135.0,1314.0
cntvaluein3-skew-locked-seed-35,pass,direct_max,clocking,lane0,dq1,,endpoint,6,1179.0,1279.0,1314.0,1314.0,135.0,1314.0
cntvaluein3-skew-locked-seed-36,fail,direct_max,clocking,lane0,dq1,,endpoint,6,1179.0,1279.0,1314.0,1314.0,135.0,1314.0
cntvaluein3-skew-locked-seed-37,pass,direct_max,clocking,lane0,dq1,,endpoint,6,1179.0,1279.0,1314.0,1314.0,135.0,1314.0
cntvaluein3-skew-locked-seed-38,pass,direct_max,clocking,lane0,dq1,,endpoint,6,1179.0,1279.0,1314.0,1314.0,135.0,1314.0
cntvaluein3-skew-locked-seed-39,fail,direct_max,clocking,lane0,dq1,,endpoint,6,1179.0,1279.0,1314.0,1314.0,135.0,1314.0
cntvaluein3-skew-locked-seed-40,pass,direct_max,clocking,lane0,dq1,,endpoint,6,1179.0,1279.0,1314.0,1314.0,135.0,1314.0
cntvaluein3-skew-locked-seed-41,fail,direct_max,clocking,lane0,dq1,,endpoint,6,1179.0,1279.0,1314.0,1314.0,135.0,1314.0
cntvaluein3-skew-locked-seed-42,pass,direct_max,clocking,lane0,dq1,,endpoint,6,1179.0,1279.0,1314.0,1314.0,135.0,1314.0
cntvaluein3-skew-locked-seed-43,pass,direct_max,clocking,lane0,dq1,,endpoint,6,1179.0,1279.0,1314.0,1314.0,135.0,1314.0
cntvaluein3-skew-locked-seed-44,pass,direct_max,clocking,lane0,dq1,,endpoint,6,1179.0,1279.0,1314.0,1314.0,135.0,1314.0
cntvaluein3-skew-locked-seed-45,fail,direct_max,clocking,lane0,dq1,,endpoint,6,1179.0,1279.0,1314.0,1314.0,135.0,1314.0
cntvaluein3-skew-locked-seed-46,pass,direct_max,clocking,lane0,dq1,,endpoint,6,1179.0,1279.0,1314.0,1314.0,135.0,1314.0
cntvaluein3-skew-locked-seed-47,pass,direct_max,clocking,lane0,dq1,,endpoint,6,1179.0,1279.0,1314.0,1314.0,135.0,1314.0
cntvaluein3-skew-locked-seed-48,fail,direct_max,clocking,lane0,dq1,,endpoint,6,1179.0,1279.0,1314.0,1314.0,135.0,1314.0
cntvaluein3-skew-locked-seed-49,pass,direct_max,clocking,lane0,dq1,,endpoint,6,1179.0,1279.0,1314.0,1314.0,135.0,1314.0
cntvaluein3-skew-locked-seed-50,fail,direct_max,clocking,lane0,dq1,,endpoint,6,1179.0,1279.0,1314.0,1314.0,135.0,1314.0
cntvaluein3-skew-locked-seed-51,fail,direct_max,clocking,lane0,dq1,,endpoint,6,1179.0,1279.0,1314.0,1314.0,135.0,1314.0
cntvaluein3-skew-locked-seed-52,fail,direct_max,clocking,lane0,dq1,,endpoint,6,1179.0,1279.0,1314.0,1314.0,135.0,1314.0
cntvaluein3-skew-locked-seed-53,fail,direct_max,clocking,lane0,dq1,,endpoint,6,1179.0,1279.0,1314.0,1314.0,135.0,1314.0
cntvaluein3-skew-locked-seed-54,pass,direct_max,clocking,lane0,dq1,,endpoint,6,1179.0,1279.0,1314.0,1314.0,135.0,1314.0
cntvaluein3-skew-locked-seed-55,pass,direct_max,clocking,lane0,dq1,,endpoint,6,1179.0,1279.0,1314.0,1314.0,135.0,1314.0
cntvaluein3-skew-locked-seed-56,pass,direct_max,clocking,lane0,dq1,,endpoint,6,1179.0,1279.0,1314.0,1314.0,135.0,1314.0
cntvaluein3-skew-locked-seed-57,pass,direct_max,clocking,lane0,dq1,,endpoint,6,1179.0,1279.0,1314.0,1314.0,135.0,1314.0
cntvaluein3-skew-locked-seed-58,pass,direct_max,clocking,lane0,dq1,,endpoint,6,1179.0,1279.0,1314.0,1314.0,135.0,1314.0
cntvaluein3-skew-locked-seed-59,pass,direct_max,clocking,lane0,dq1,,endpoint,6,1179.0,1279.0,1314.0,1314.0,135.0,1314.0
cntvaluein3-skew-locked-seed-60,fail,direct_max,clocking,lane0,dq1,,endpoint,6,1179.0,1279.0,1314.0,1314.0,135.0,1314.0
cntvaluein3-skew-locked-seed-31,pass,direct_max,clocking,lane0,dq2,,endpoint,6,1179.0,1279.0,1314.0,1314.0,135.0,1314.0
cntvaluein3-skew-locked-seed-32,pass,direct_max,clocking,lane0,dq2,,endpoint,6,1179.0,1279.0,1314.0,1314.0,135.0,1314.0
cntvaluein3-skew-locked-seed-33,fail,direct_max,clocking,lane0,dq2,,endpoint,6,1179.0,1279.0,1314.0,1314.0,135.0,1314.0
cntvaluein3-skew-locked-seed-34,pass,direct_max,clocking,lane0,dq2,,endpoint,6,1179.0,1279.0,1314.0,1314.0,135.0,1314.0
cntvaluein3-skew-locked-seed-35,pass,direct_max,clocking,lane0,dq2,,endpoint,6,1179.0,1279.0,1314.0,1314.0,135.0,1314.0
cntvaluein3-skew-locked-seed-36,fail,direct_max,clocking,lane0,dq2,,endpoint,6,1179.0,1279.0,1314.0,1314.0,135.0,1314.0
cntvaluein3-skew-locked-seed-37,pass,direct_max,clocking,lane0,dq2,,endpoint,6,1179.0,1279.0,1314.0,1314.0,135.0,1314.0
cntvaluein3-skew-locked-seed-38,pass,direct_max,clocking,lane0,dq2,,endpoint,6,1179.0,1279.0,1314.0,1314.0,135.0,1314.0
cntvaluein3-skew-locked-seed-39,fail,direct_max,clocking,lane0,dq2,,endpoint,6,1179.0,1279.0,1314.0,1314.0,135.0,1314.0
cntvaluein3-skew-locked-seed-40,pass,direct_max,clocking,lane0,dq2,,endpoint,6,1179.0,1279.0,1314.0,1314.0,135.0,1314.0
cntvaluein3-skew-locked-seed-41,fail,direct_max,clocking,lane0,dq2,,endpoint,6,1179.0,1279.0,1314.0,1314.0,135.0,1314.0
cntvaluein3-skew-locked-seed-42,pass,direct_max,clocking,lane0,dq2,,endpoint,6,1179.0,1279.0,1314.0,1314.0,135.0,1314.0
cntvaluein3-skew-locked-seed-43,pass,direct_max,clocking,lane0,dq2,,endpoint,6,1179.0,1279.0,1314.0,1314.0,135.0,1314.0
cntvaluein3-skew-locked-seed-44,pass,direct_max,clocking,lane0,dq2,,endpoint,6,1179.0,1279.0,1314.0,1314.0,135.0,1314.0
cntvaluein3-skew-locked-seed-45,fail,direct_max,clocking,lane0,dq2,,endpoint,6,1179.0,1279.0,1314.0,1314.0,135.0,1314.0
cntvaluein3-skew-locked-seed-46,pass,direct_max,clocking,lane0,dq2,,endpoint,6,1179.0,1279.0,1314.0,1314.0,135.0,1314.0
cntvaluein3-skew-locked-seed-47,pass,direct_max,clocking,lane0,dq2,,endpoint,6,1179.0,1279.0,1314.0,1314.0,135.0,1314.0
cntvaluein3-skew-locked-seed-48,fail,direct_max,clocking,lane0,dq2,,endpoint,6,1179.0,1279.0,1314.0,1314.0,135.0,1314.0
cntvaluein3-skew-locked-seed-49,pass,direct_max,clocking,lane0,dq2,,endpoint,6,1179.0,1279.0,1314.0,1314.0,135.0,1314.0
cntvaluein3-skew-locked-seed-50,fail,direct_max,clocking,lane0,dq2,,endpoint,6,1179.0,1279.0,1314.0,1314.0,135.0,1314.0
cntvaluein3-skew-locked-seed-51,fail,direct_max,clocking,lane0,dq2,,endpoint,6,1179.0,1279.0,1314.0,1314.0,135.0,1314.0
cntvaluein3-skew-locked-seed-52,fail,direct_max,clocking,lane0,dq2,,endpoint,6,1179.0,1279.0,1314.0,1314.0,135.0,1314.0
cntvaluein3-skew-locked-seed-53,fail,direct_max,clocking,lane0,dq2,,endpoint,6,1179.0,1279.0,1314.0,1314.0,135.0,1314.0
cntvaluein3-skew-locked-seed-54,pass,direct_max,clocking,lane0,dq2,,endpoint,6,1179.0,1279.0,1314.0,1314.0,135.0,1314.0
cntvaluein3-skew-locked-seed-55,pass,direct_max,clocking,lane0,dq2,,endpoint,6,1179.0,1279.0,1314.0,1314.0,135.0,1314.0
cntvaluein3-skew-locked-seed-56,pass,direct_max,clocking,lane0,dq2,,endpoint,6,1179.0,1279.0,1314.0,1314.0,135.0,1314.0
cntvaluein3-skew-locked-seed-57,pass,direct_max,clocking,lane0,dq2,,endpoint,6,1179.0,1279.0,1314.0,1314.0,135.0,1314.0
cntvaluein3-skew-locked-seed-58,pass,direct_max,clocking,lane0,dq2,,endpoint,6,1179.0,1279.0,1314.0,1314.0,135.0,1314.0
cntvaluein3-skew-locked-seed-59,pass,direct_max,clocking,lane0,dq2,,endpoint,6,1179.0,1279.0,1314.0,1314.0,135.0,1314.0
cntvaluein3-skew-locked-seed-60,fail,direct_max,clocking,lane0,dq2,,endpoint,6,1179.0,1279.0,1314.0,1314.0,135.0,1314.0
cntvaluein3-skew-locked-seed-31,pass,direct_max,clocking,lane0,dq3,,endpoint,6,1179.0,1279.0,1314.0,1314.0,135.0,1314.0
cntvaluein3-skew-locked-seed-32,pass,direct_max,clocking,lane0,dq3,,endpoint,6,1179.0,1279.0,1314.0,1314.0,135.0,1314.0
cntvaluein3-skew-locked-seed-33,fail,direct_max,clocking,lane0,dq3,,endpoint,6,1179.0,1279.0,1314.0,1314.0,135.0,1314.0
cntvaluein3-skew-locked-seed-34,pass,direct_max,clocking,lane0,dq3,,endpoint,6,1179.0,1279.0,1314.0,1314.0,135.0,1314.0
cntvaluein3-skew-locked-seed-35,pass,direct_max,clocking,lane0,dq3,,endpoint,6,1179.0,1279.0,1314.0,1314.0,135.0,1314.0
cntvaluein3-skew-locked-seed-36,fail,direct_max,clocking,lane0,dq3,,endpoint,6,1179.0,1279.0,1314.0,1314.0,135.0,1314.0
cntvaluein3-skew-locked-seed-37,pass,direct_max,clocking,lane0,dq3,,endpoint,6,1179.0,1279.0,1314.0,1314.0,135.0,1314.0
cntvaluein3-skew-locked-seed-38,pass,direct_max,clocking,lane0,dq3,,endpoint,6,1179.0,1279.0,1314.0,1314.0,135.0,1314.0
cntvaluein3-skew-locked-seed-39,fail,direct_max,clocking,lane0,dq3,,endpoint,6,1179.0,1279.0,1314.0,1314.0,135.0,1314.0
cntvaluein3-skew-locked-seed-40,pass,direct_max,clocking,lane0,dq3,,endpoint,6,1179.0,1279.0,1314.0,1314.0,135.0,1314.0
cntvaluein3-skew-locked-seed-41,fail,direct_max,clocking,lane0,dq3,,endpoint,6,1179.0,1279.0,1314.0,1314.0,135.0,1314.0
cntvaluein3-skew-locked-seed-42,pass,direct_max,clocking,lane0,dq3,,endpoint,6,1179.0,1279.0,1314.0,1314.0,135.0,1314.0
cntvaluein3-skew-locked-seed-43,pass,direct_max,clocking,lane0,dq3,,endpoint,6,1179.0,1279.0,1314.0,1314.0,135.0,1314.0
cntvaluein3-skew-locked-seed-44,pass,direct_max,clocking,lane0,dq3,,endpoint,6,1179.0,1279.0,1314.0,1314.0,135.0,1314.0
cntvaluein3-skew-locked-seed-45,fail,direct_max,clocking,lane0,dq3,,endpoint,6,1179.0,1279.0,1314.0,1314.0,135.0,1314.0
cntvaluein3-skew-locked-seed-46,pass,direct_max,clocking,lane0,dq3,,endpoint,6,1179.0,1279.0,1314.0,1314.0,135.0,1314.0
cntvaluein3-skew-locked-seed-47,pass,direct_max,clocking,lane0,dq3,,endpoint,6,1179.0,1279.0,1314.0,1314.0,135.0,1314.0
cntvaluein3-skew-locked-seed-48,fail,direct_max,clocking,lane0,dq3,,endpoint,6,1179.0,1279.0,1314.0,1314.0,135.0,1314.0
cntvaluein3-skew-locked-seed-49,pass,direct_max,clocking,lane0,dq3,,endpoint,6,1179.0,1279.0,1314.0,1314.0,135.0,1314.0
cntvaluein3-skew-locked-seed-50,fail,direct_max,clocking,lane0,dq3,,endpoint,6,1179.0,1279.0,1314.0,1314.0,135.0,1314.0
cntvaluein3-skew-locked-seed-51,fail,direct_max,clocking,lane0,dq3,,endpoint,6,1179.0,1279.0,1314.0,1314.0,135.0,1314.0
cntvaluein3-skew-locked-seed-52,fail,direct_max,clocking,lane0,dq3,,endpoint,6,1179.0,1279.0,1314.0,1314.0,135.0,1314.0
cntvaluein3-skew-locked-seed-53,fail,direct_max,clocking,lane0,dq3,,endpoint,6,1179.0,1279.0,1314.0,1314.0,135.0,1314.0
cntvaluein3-skew-locked-seed-54,pass,direct_max,clocking,lane0,dq3,,endpoint,6,1179.0,1279.0,1314.0,1314.0,135.0,1314.0
cntvaluein3-skew-locked-seed-55,pass,direct_max,clocking,lane0,dq3,,endpoint,6,1179.0,1279.0,1314.0,1314.0,135.0,1314.0
cntvaluein3-skew-locked-seed-56,pass,direct_max,clocking,lane0,dq3,,endpoint,6,1179.0,1279.0,1314.0,1314.0,135.0,1314.0
cntvaluein3-skew-locked-seed-57,pass,direct_max,clocking,lane0,dq3,,endpoint,6,1179.0,1279.0,1314.0,1314.0,135.0,1314.0
cntvaluein3-skew-locked-seed-58,pass,direct_max,clocking,lane0,dq3,,endpoint,6,1179.0,1279.0,1314.0,1314.0,135.0,1314.0
cntvaluein3-skew-locked-seed-59,pass,direct_max,clocking,lane0,dq3,,endpoint,6,1179.0,1279.0,1314.0,1314.0,135.0,1314.0
cntvaluein3-skew-locked-seed-60,fail,direct_max,clocking,lane0,dq3,,endpoint,6,1179.0,1279.0,1314.0,1314.0,135.0,1314.0
cntvaluein3-skew-locked-seed-31,pass,direct_max,clocking,lane0,dq4,,endpoint,6,1179.0,1279.0,1314.0,1314.0,135.0,1314.0
cntvaluein3-skew-locked-seed-32,pass,direct_max,clocking,lane0,dq4,,endpoint,6,1179.0,1279.0,1314.0,1314.0,135.0,1314.0
cntvaluein3-skew-locked-seed-33,fail,direct_max,clocking,lane0,dq4,,endpoint,6,1179.0,1279.0,1314.0,1314.0,135.0,1314.0
cntvaluein3-skew-locked-seed-34,pass,direct_max,clocking,lane0,dq4,,endpoint,6,1179.0,1279.0,1314.0,1314.0,135.0,1314.0
cntvaluein3-skew-locked-seed-35,pass,direct_max,clocking,lane0,dq4,,endpoint,6,1179.0,1279.0,1314.0,1314.0,135.0,1314.0
cntvaluein3-skew-locked-seed-36,fail,direct_max,clocking,lane0,dq4,,endpoint,6,1179.0,1279.0,1314.0,1314.0,135.0,1314.0
cntvaluein3-skew-locked-seed-37,pass,direct_max,clocking,lane0,dq4,,endpoint,6,1179.0,1279.0,1314.0,1314.0,135.0,1314.0
cntvaluein3-skew-locked-seed-38,pass,direct_max,clocking,lane0,dq4,,endpoint,6,1179.0,1279.0,1314.0,1314.0,135.0,1314.0
cntvaluein3-skew-locked-seed-39,fail,direct_max,clocking,lane0,dq4,,endpoint,6,1179.0,1279.0,1314.0,1314.0,135.0,1314.0
cntvaluein3-skew-locked-seed-40,pass,direct_max,clocking,lane0,dq4,,endpoint,6,1179.0,1279.0,1314.0,1314.0,135.0,1314.0
cntvaluein3-skew-locked-seed-41,fail,direct_max,clocking,lane0,dq4,,endpoint,6,1179.0,1279.0,1314.0,1314.0,135.0,1314.0
cntvaluein3-skew-locked-seed-42,pass,direct_max,clocking,lane0,dq4,,endpoint,6,1179.0,1279.0,1314.0,1314.0,135.0,1314.0
cntvaluein3-skew-locked-seed-43,pass,direct_max,clocking,lane0,dq4,,endpoint,6,1179.0,1279.0,1314.0,1314.0,135.0,1314.0
cntvaluein3-skew-locked-seed-44,pass,direct_max,clocking,lane0,dq4,,endpoint,6,1179.0,1279.0,1314.0,1314.0,135.0,1314.0
cntvaluein3-skew-locked-seed-45,fail,direct_max,clocking,lane0,dq4,,endpoint,6,1179.0,1279.0,1314.0,1314.0,135.0,1314.0
cntvaluein3-skew-locked-seed-46,pass,direct_max,clocking,lane0,dq4,,endpoint,6,1179.0,1279.0,1314.0,1314.0,135.0,1314.0
cntvaluein3-skew-locked-seed-47,pass,direct_max,clocking,lane0,dq4,,endpoint,6,1179.0,1279.0,1314.0,1314.0,135.0,1314.0
cntvaluein3-skew-locked-seed-48,fail,direct_max,clocking,lane0,dq4,,endpoint,6,1179.0,1279.0,1314.0,1314.0,135.0,1314.0
cntvaluein3-skew-locked-seed-49,pass,direct_max,clocking,lane0,dq4,,endpoint,6,1179.0,1279.0,1314.0,1314.0,135.0,1314.0
cntvaluein3-skew-locked-seed-50,fail,direct_max,clocking,lane0,dq4,,endpoint,6,1179.0,1279.0,1314.0,1314.0,135.0,1314.0
cntvaluein3-skew-locked-seed-51,fail,direct_max,clocking,lane0,dq4,,endpoint,6,1179.0,1279.0,1314.0,1314.0,135.0,1314.0
cntvaluein3-skew-locked-seed-52,fail,direct_max,clocking,lane0,dq4,,endpoint,6,1179.0,1279.0,1314.0,1314.0,135.0,1314.0
cntvaluein3-skew-locked-seed-53,fail,direct_max,clocking,lane0,dq4,,endpoint,6,1179.0,1279.0,1314.0,1314.0,135.0,1314.0
cntvaluein3-skew-locked-seed-54,pass,direct_max,clocking,lane0,dq4,,endpoint,6,1179.0,1279.0,1314.0,1314.0,135.0,1314.0
cntvaluein3-skew-locked-seed-55,pass,direct_max,clocking,lane0,dq4,,endpoint,6,1179.0,1279.0,1314.0,1314.0,135.0,1314.0
cntvaluein3-skew-locked-seed-56,pass,direct_max,clocking,lane0,dq4,,endpoint,6,1179.0,1279.0,1314.0,1314.0,135.0,1314.0
cntvaluein3-skew-locked-seed-57,pass,direct_max,clocking,lane0,dq4,,endpoint,6,1179.0,1279.0,1314.0,1314.0,135.0,1314.0
cntvaluein3-skew-locked-seed-58,pass,direct_max,clocking,lane0,dq4,,endpoint,6,1179.0,1279.0,1314.0,1314.0,135.0,1314.0
cntvaluein3-skew-locked-seed-59,pass,direct_max,clocking,lane0,dq4,,endpoint,6,1179.0,1279.0,1314.0,1314.0,135.0,1314.0
cntvaluein3-skew-locked-seed-60,fail,direct_max,clocking,lane0,dq4,,endpoint,6,1179.0,1279.0,1314.0,1314.0,135.0,1314.0
cntvaluein3-skew-locked-seed-31,pass,direct_max,clocking,lane0,dq5,,endpoint,6,1179.0,1279.0,1314.0,1314.0,135.0,1314.0
cntvaluein3-skew-locked-seed-32,pass,direct_max,clocking,lane0,dq5,,endpoint,6,1179.0,1279.0,1314.0,1314.0,135.0,1314.0
cntvaluein3-skew-locked-seed-33,fail,direct_max,clocking,lane0,dq5,,endpoint,6,1179.0,1279.0,1314.0,1314.0,135.0,1314.0
cntvaluein3-skew-locked-seed-34,pass,direct_max,clocking,lane0,dq5,,endpoint,6,1179.0,1279.0,1314.0,1314.0,135.0,1314.0
cntvaluein3-skew-locked-seed-35,pass,direct_max,clocking,lane0,dq5,,endpoint,6,1179.0,1279.0,1314.0,1314.0,135.0,1314.0
cntvaluein3-skew-locked-seed-36,fail,direct_max,clocking,lane0,dq5,,endpoint,6,1179.0,1279.0,1314.0,1314.0,135.0,1314.0
cntvaluein3-skew-locked-seed-37,pass,direct_max,clocking,lane0,dq5,,endpoint,6,1179.0,1279.0,1314.0,1314.0,135.0,1314.0
cntvaluein3-skew-locked-seed-38,pass,direct_max,clocking,lane0,dq5,,endpoint,6,1179.0,1279.0,1314.0,1314.0,135.0,1314.0
cntvaluein3-skew-locked-seed-39,fail,direct_max,clocking,lane0,dq5,,endpoint,6,1179.0,1279.0,1314.0,1314.0,135.0,1314.0
cntvaluein3-skew-locked-seed-40,pass,direct_max,clocking,lane0,dq5,,endpoint,6,1179.0,1279.0,1314.0,1314.0,135.0,1314.0
cntvaluein3-skew-locked-seed-41,fail,direct_max,clocking,lane0,dq5,,endpoint,6,1179.0,1279.0,1314.0,1314.0,135.0,1314.0
cntvaluein3-skew-locked-seed-42,pass,direct_max,clocking,lane0,dq5,,endpoint,6,1179.0,1279.0,1314.0,1314.0,135.0,1314.0
cntvaluein3-skew-locked-seed-43,pass,direct_max,clocking,lane0,dq5,,endpoint,6,1179.0,1279.0,1314.0,1314.0,135.0,1314.0
cntvaluein3-skew-locked-seed-44,pass,direct_max,clocking,lane0,dq5,,endpoint,6,1179.0,1279.0,1314.0,1314.0,135.0,1314.0
cntvaluein3-skew-locked-seed-45,fail,direct_max,clocking,lane0,dq5,,endpoint,6,1179.0,1279.0,1314.0,1314.0,135.0,1314.0
cntvaluein3-skew-locked-seed-46,pass,direct_max,clocking,lane0,dq5,,endpoint,6,1179.0,1279.0,1314.0,1314.0,135.0,1314.0
cntvaluein3-skew-locked-seed-47,pass,direct_max,clocking,lane0,dq5,,endpoint,6,1179.0,1279.0,1314.0,1314.0,135.0,1314.0
cntvaluein3-skew-locked-seed-48,fail,direct_max,clocking,lane0,dq5,,endpoint,6,1179.0,1279.0,1314.0,1314.0,135.0,1314.0
cntvaluein3-skew-locked-seed-49,pass,direct_max,clocking,lane0,dq5,,endpoint,6,1179.0,1279.0,1314.0,1314.0,135.0,1314.0
cntvaluein3-skew-locked-seed-50,fail,direct_max,clocking,lane0,dq5,,endpoint,6,1179.0,1279.0,1314.0,1314.0,135.0,1314.0
cntvaluein3-skew-locked-seed-51,fail,direct_max,clocking,lane0,dq5,,endpoint,6,1179.0,1279.0,1314.0,1314.0,135.0,1314.0
cntvaluein3-skew-locked-seed-52,fail,direct_max,clocking,lane0,dq5,,endpoint,6,1179.0,1279.0,1314.0,1314.0,135.0,1314.0
cntvaluein3-skew-locked-seed-53,fail,direct_max,clocking,lane0,dq5,,endpoint,6,1179.0,1279.0,1314.0,1314.0,135.0,1314.0
cntvaluein3-skew-locked-seed-54,pass,direct_max,clocking,lane0,dq5,,endpoint,6,1179.0,1279.0,1314.0,1314.0,135.0,1314.0
cntvaluein3-skew-locked-seed-55,pass,direct_max,clocking,lane0,dq5,,endpoint,6,1179.0,1279.0,1314.0,1314.0,135.0,1314.0
cntvaluein3-skew-locked-seed-56,pass,direct_max,clocking,lane0,dq5,,endpoint,6,1179.0,1279.0,1314.0,1314.0,135.0,1314.0
cntvaluein3-skew-locked-seed-57,pass,direct_max,clocking,lane0,dq5,,endpoint,6,1179.0,1279.0,1314.0,1314.0,135.0,1314.0
cntvaluein3-skew-locked-seed-58,pass,direct_max,clocking,lane0,dq5,,endpoint,6,1179.0,1279.0,1314.0,1314.0,135.0,1314.0
cntvaluein3-skew-locked-seed-59,pass,direct_max,clocking,lane0,dq5,,endpoint,6,1179.0,1279.0,1314.0,1314.0,135.0,1314.0
cntvaluein3-skew-locked-seed-60,fail,direct_max,clocking,lane0,dq5,,endpoint,6,1179.0,1279.0,1314.0,1314.0,135.0,1314.0
cntvaluein3-skew-locked-seed-31,pass,direct_max,clocking,lane0,dq6,,endpoint,6,1179.0,1279.0,1314.0,1314.0,135.0,1314.0
cntvaluein3-skew-locked-seed-32,pass,direct_max,clocking,lane0,dq6,,endpoint,6,1179.0,1279.0,1314.0,1314.0,135.0,1314.0
cntvaluein3-skew-locked-seed-33,fail,direct_max,clocking,lane0,dq6,,endpoint,6,1179.0,1279.0,1314.0,1314.0,135.0,1314.0
cntvaluein3-skew-locked-seed-34,pass,direct_max,clocking,lane0,dq6,,endpoint,6,1179.0,1279.0,1314.0,1314.0,135.0,1314.0
cntvaluein3-skew-locked-seed-35,pass,direct_max,clocking,lane0,dq6,,endpoint,6,1179.0,1279.0,1314.0,1314.0,135.0,1314.0
cntvaluein3-skew-locked-seed-36,fail,direct_max,clocking,lane0,dq6,,endpoint,6,1179.0,1279.0,1314.0,1314.0,135.0,1314.0
cntvaluein3-skew-locked-seed-37,pass,direct_max,clocking,lane0,dq6,,endpoint,6,1179.0,1279.0,1314.0,1314.0,135.0,1314.0
cntvaluein3-skew-locked-seed-38,pass,direct_max,clocking,lane0,dq6,,endpoint,6,1179.0,1279.0,1314.0,1314.0,135.0,1314.0
cntvaluein3-skew-locked-seed-39,fail,direct_max,clocking,lane0,dq6,,endpoint,6,1179.0,1279.0,1314.0,1314.0,135.0,1314.0
cntvaluein3-skew-locked-seed-40,pass,direct_max,clocking,lane0,dq6,,endpoint,6,1179.0,1279.0,1314.0,1314.0,135.0,1314.0
cntvaluein3-skew-locked-seed-41,fail,direct_max,clocking,lane0,dq6,,endpoint,6,1179.0,1279.0,1314.0,1314.0,135.0,1314.0
cntvaluein3-skew-locked-seed-42,pass,direct_max,clocking,lane0,dq6,,endpoint,6,1179.0,1279.0,1314.0,1314.0,135.0,1314.0
cntvaluein3-skew-locked-seed-43,pass,direct_max,clocking,lane0,dq6,,endpoint,6,1179.0,1279.0,1314.0,1314.0,135.0,1314.0
cntvaluein3-skew-locked-seed-44,pass,direct_max,clocking,lane0,dq6,,endpoint,6,1179.0,1279.0,1314.0,1314.0,135.0,1314.0
cntvaluein3-skew-locked-seed-45,fail,direct_max,clocking,lane0,dq6,,endpoint,6,1179.0,1279.0,1314.0,1314.0,135.0,1314.0
cntvaluein3-skew-locked-seed-46,pass,direct_max,clocking,lane0,dq6,,endpoint,6,1179.0,1279.0,1314.0,1314.0,135.0,1314.0
cntvaluein3-skew-locked-seed-47,pass,direct_max,clocking,lane0,dq6,,endpoint,6,1179.0,1279.0,1314.0,1314.0,135.0,1314.0
cntvaluein3-skew-locked-seed-48,fail,direct_max,clocking,lane0,dq6,,endpoint,6,1179.0,1279.0,1314.0,1314.0,135.0,1314.0
cntvaluein3-skew-locked-seed-49,pass,direct_max,clocking,lane0,dq6,,endpoint,6,1179.0,1279.0,1314.0,1314.0,135.0,1314.0
cntvaluein3-skew-locked-seed-50,fail,direct_max,clocking,lane0,dq6,,endpoint,6,1179.0,1279.0,1314.0,1314.0,135.0,1314.0
cntvaluein3-skew-locked-seed-51,fail,direct_max,clocking,lane0,dq6,,endpoint,6,1179.0,1279.0,1314.0,1314.0,135.0,1314.0
cntvaluein3-skew-locked-seed-52,fail,direct_max,clocking,lane0,dq6,,endpoint,6,1179.0,1279.0,1314.0,1314.0,135.0,1314.0
cntvaluein3-skew-locked-seed-53,fail,direct_max,clocking,lane0,dq6,,endpoint,6,1179.0,1279.0,1314.0,1314.0,135.0,1314.0
cntvaluein3-skew-locked-seed-54,pass,direct_max,clocking,lane0,dq6,,endpoint,6,1179.0,1279.0,1314.0,1314.0,135.0,1314.0
cntvaluein3-skew-locked-seed-55,pass,direct_max,clocking,lane0,dq6,,endpoint,6,1179.0,1279.0,1314.0,1314.0,135.0,1314.0
cntvaluein3-skew-locked-seed-56,pass,direct_max,clocking,lane0,dq6,,endpoint,6,1179.0,1279.0,1314.0,1314.0,135.0,1314.0
cntvaluein3-skew-locked-seed-57,pass,direct_max,clocking,lane0,dq6,,endpoint,6,1179.0,1279.0,1314.0,1314.0,135.0,1314.0
cntvaluein3-skew-locked-seed-58,pass,direct_max,clocking,lane0,dq6,,endpoint,6,1179.0,1279.0,1314.0,1314.0,135.0,1314.0
cntvaluein3-skew-locked-seed-59,pass,direct_max,clocking,lane0,dq6,,endpoint,6,1179.0,1279.0,1314.0,1314.0,135.0,1314.0
cntvaluein3-skew-locked-seed-60,fail,direct_max,clocking,lane0,dq6,,endpoint,6,1179.0,1279.0,1314.0,1314.0,135.0,1314.0
cntvaluein3-skew-locked-seed-31,pass,direct_max,clocking,lane0,dq7,,endpoint,6,1179.0,1279.0,1314.0,1314.0,135.0,1314.0
cntvaluein3-skew-locked-seed-32,pass,direct_max,clocking,lane0,dq7,,endpoint,6,1179.0,1279.0,1314.0,1314.0,135.0,1314.0
cntvaluein3-skew-locked-seed-33,fail,direct_max,clocking,lane0,dq7,,endpoint,6,1179.0,1279.0,1314.0,1314.0,135.0,1314.0
cntvaluein3-skew-locked-seed-34,pass,direct_max,clocking,lane0,dq7,,endpoint,6,1179.0,1279.0,1314.0,1314.0,135.0,1314.0
cntvaluein3-skew-locked-seed-35,pass,direct_max,clocking,lane0,dq7,,endpoint,6,1179.0,1279.0,1314.0,1314.0,135.0,1314.0
cntvaluein3-skew-locked-seed-36,fail,direct_max,clocking,lane0,dq7,,endpoint,6,1179.0,1279.0,1314.0,1314.0,135.0,1314.0
cntvaluein3-skew-locked-seed-37,pass,direct_max,clocking,lane0,dq7,,endpoint,6,1179.0,1279.0,1314.0,1314.0,135.0,1314.0
cntvaluein3-skew-locked-seed-38,pass,direct_max,clocking,lane0,dq7,,endpoint,6,1179.0,1279.0,1314.0,1314.0,135.0,1314.0
cntvaluein3-skew-locked-seed-39,fail,direct_max,clocking,lane0,dq7,,endpoint,6,1179.0,1279.0,1314.0,1314.0,135.0,1314.0
cntvaluein3-skew-locked-seed-40,pass,direct_max,clocking,lane0,dq7,,endpoint,6,1179.0,1279.0,1314.0,1314.0,135.0,1314.0
cntvaluein3-skew-locked-seed-41,fail,direct_max,clocking,lane0,dq7,,endpoint,6,1179.0,1279.0,1314.0,1314.0,135.0,1314.0
cntvaluein3-skew-locked-seed-42,pass,direct_max,clocking,lane0,dq7,,endpoint,6,1179.0,1279.0,1314.0,1314.0,135.0,1314.0
cntvaluein3-skew-locked-seed-43,pass,direct_max,clocking,lane0,dq7,,endpoint,6,1179.0,1279.0,1314.0,1314.0,135.0,1314.0
cntvaluein3-skew-locked-seed-44,pass,direct_max,clocking,lane0,dq7,,endpoint,6,1179.0,1279.0,1314.0,1314.0,135.0,1314.0
cntvaluein3-skew-locked-seed-45,fail,direct_max,clocking,lane0,dq7,,endpoint,6,1179.0,1279.0,1314.0,1314.0,135.0,1314.0
cntvaluein3-skew-locked-seed-46,pass,direct_max,clocking,lane0,dq7,,endpoint,6,1179.0,1279.0,1314.0,1314.0,135.0,1314.0
cntvaluein3-skew-locked-seed-47,pass,direct_max,clocking,lane0,dq7,,endpoint,6,1179.0,1279.0,1314.0,1314.0,135.0,1314.0
cntvaluein3-skew-locked-seed-48,fail,direct_max,clocking,lane0,dq7,,endpoint,6,1179.0,1279.0,1314.0,1314.0,135.0,1314.0
cntvaluein3-skew-locked-seed-49,pass,direct_max,clocking,lane0,dq7,,endpoint,6,1179.0,1279.0,1314.0,1314.0,135.0,1314.0
cntvaluein3-skew-locked-seed-50,fail,direct_max,clocking,lane0,dq7,,endpoint,6,1179.0,1279.0,1314.0,1314.0,135.0,1314.0
cntvaluein3-skew-locked-seed-51,fail,direct_max,clocking,lane0,dq7,,endpoint,6,1179.0,1279.0,1314.0,1314.0,135.0,1314.0
cntvaluein3-skew-locked-seed-52,fail,direct_max,clocking,lane0,dq7,,endpoint,6,1179.0,1279.0,1314.0,1314.0,135.0,1314.0
cntvaluein3-skew-locked-seed-53,fail,direct_max,clocking,lane0,dq7,,endpoint,6,1179.0,1279.0,1314.0,1314.0,135.0,1314.0
cntvaluein3-skew-locked-seed-54,pass,direct_max,clocking,lane0,dq7,,endpoint,6,1179.0,1279.0,1314.0,1314.0,135.0,1314.0
cntvaluein3-skew-locked-seed-55,pass,direct_max,clocking,lane0,dq7,,endpoint,6,1179.0,1279.0,1314.0,1314.0,135.0,1314.0
cntvaluein3-skew-locked-seed-56,pass,direct_max,clocking,lane0,dq7,,endpoint,6,1179.0,1279.0,1314.0,1314.0,135.0,1314.0
cntvaluein3-skew-locked-seed-57,pass,direct_max,clocking,lane0,dq7,,endpoint,6,1179.0,1279.0,1314.0,1314.0,135.0,1314.0
cntvaluein3-skew-locked-seed-58,pass,direct_max,clocking,lane0,dq7,,endpoint,6,1179.0,1279.0,1314.0,1314.0,135.0,1314.0
cntvaluein3-skew-locked-seed-59,pass,direct_max,clocking,lane0,dq7,,endpoint,6,1179.0,1279.0,1314.0,1314.0,135.0,1314.0
cntvaluein3-skew-locked-seed-60,fail,direct_max,clocking,lane0,dq7,,endpoint,6,1179.0,1279.0,1314.0,1314.0,135.0,1314.0
cntvaluein3-skew-locked-seed-31,pass,direct_max,clocking,lane0,dqs0,,endpoint,5,1179.0,1279.0,1279.0,1279.0,100.0,1279.0
cntvaluein3-skew-locked-seed-32,pass,direct_max,clocking,lane0,dqs0,,endpoint,5,1179.0,1279.0,1279.0,1279.0,100.0,1279.0
cntvaluein3-skew-locked-seed-33,fail,direct_max,clocking,lane0,dqs0,,endpoint,5,1179.0,1279.0,1279.0,1279.0,100.0,1279.0
cntvaluein3-skew-locked-seed-34,pass,direct_max,clocking,lane0,dqs0,,endpoint,5,1179.0,1279.0,1279.0,1279.0,100.0,1279.0
cntvaluein3-skew-locked-seed-35,pass,direct_max,clocking,lane0,dqs0,,endpoint,5,1179.0,1279.0,1279.0,1279.0,100.0,1279.0
cntvaluein3-skew-locked-seed-36,fail,direct_max,clocking,lane0,dqs0,,endpoint,5,1179.0,1279.0,1279.0,1279.0,100.0,1279.0
cntvaluein3-skew-locked-seed-37,pass,direct_max,clocking,lane0,dqs0,,endpoint,5,1179.0,1279.0,1279.0,1279.0,100.0,1279.0
cntvaluein3-skew-locked-seed-38,pass,direct_max,clocking,lane0,dqs0,,endpoint,5,1179.0,1279.0,1279.0,1279.0,100.0,1279.0
cntvaluein3-skew-locked-seed-39,fail,direct_max,clocking,lane0,dqs0,,endpoint,5,1179.0,1279.0,1279.0,1279.0,100.0,1279.0
cntvaluein3-skew-locked-seed-40,pass,direct_max,clocking,lane0,dqs0,,endpoint,5,1179.0,1279.0,1279.0,1279.0,100.0,1279.0
cntvaluein3-skew-locked-seed-41,fail,direct_max,clocking,lane0,dqs0,,endpoint,5,1179.0,1279.0,1279.0,1279.0,100.0,1279.0
cntvaluein3-skew-locked-seed-42,pass,direct_max,clocking,lane0,dqs0,,endpoint,5,1179.0,1279.0,1279.0,1279.0,100.0,1279.0
cntvaluein3-skew-locked-seed-43,pass,direct_max,clocking,lane0,dqs0,,endpoint,5,1179.0,1279.0,1279.0,1279.0,100.0,1279.0
cntvaluein3-skew-locked-seed-44,pass,direct_max,clocking,lane0,dqs0,,endpoint,5,1179.0,1279.0,1279.0,1279.0,100.0,1279.0
cntvaluein3-skew-locked-seed-45,fail,direct_max,clocking,lane0,dqs0,,endpoint,5,1179.0,1279.0,1279.0,1279.0,100.0,1279.0
cntvaluein3-skew-locked-seed-46,pass,direct_max,clocking,lane0,dqs0,,endpoint,5,1179.0,1279.0,1279.0,1279.0,100.0,1279.0
cntvaluein3-skew-locked-seed-47,pass,direct_max,clocking,lane0,dqs0,,endpoint,5,1179.0,1279.0,1279.0,1279.0,100.0,1279.0
cntvaluein3-skew-locked-seed-48,fail,direct_max,clocking,lane0,dqs0,,endpoint,5,1179.0,1279.0,1279.0,1279.0,100.0,1279.0
cntvaluein3-skew-locked-seed-49,pass,direct_max,clocking,lane0,dqs0,,endpoint,5,1179.0,1279.0,1279.0,1279.0,100.0,1279.0
cntvaluein3-skew-locked-seed-50,fail,direct_max,clocking,lane0,dqs0,,endpoint,5,1179.0,1279.0,1279.0,1279.0,100.0,1279.0
cntvaluein3-skew-locked-seed-51,fail,direct_max,clocking,lane0,dqs0,,endpoint,5,1179.0,1279.0,1279.0,1279.0,100.0,1279.0
cntvaluein3-skew-locked-seed-52,fail,direct_max,clocking,lane0,dqs0,,endpoint,5,1179.0,1279.0,1279.0,1279.0,100.0,1279.0
cntvaluein3-skew-locked-seed-53,fail,direct_max,clocking,lane0,dqs0,,endpoint,5,1179.0,1279.0,1279.0,1279.0,100.0,1279.0
cntvaluein3-skew-locked-seed-54,pass,direct_max,clocking,lane0,dqs0,,endpoint,5,1179.0,1279.0,1279.0,1279.0,100.0,1279.0
cntvaluein3-skew-locked-seed-55,pass,direct_max,clocking,lane0,dqs0,,endpoint,5,1179.0,1279.0,1279.0,1279.0,100.0,1279.0
cntvaluein3-skew-locked-seed-56,pass,direct_max,clocking,lane0,dqs0,,endpoint,5,1179.0,1279.0,1279.0,1279.0,100.0,1279.0
cntvaluein3-skew-locked-seed-57,pass,direct_max,clocking,lane0,dqs0,,endpoint,5,1179.0,1279.0,1279.0,1279.0,100.0,1279.0
cntvaluein3-skew-locked-seed-58,pass,direct_max,clocking,lane0,dqs0,,endpoint,5,1179.0,1279.0,1279.0,1279.0,100.0,1279.0
cntvaluein3-skew-locked-seed-59,pass,direct_max,clocking,lane0,dqs0,,endpoint,5,1179.0,1279.0,1279.0,1279.0,100.0,1279.0
cntvaluein3-skew-locked-seed-60,fail,direct_max,clocking,lane0,dqs0,,endpoint,5,1179.0,1279.0,1279.0,1279.0,100.0,1279.0
cntvaluein3-skew-locked-seed-31,pass,direct_max,clocking,lane1,dq10,,endpoint,6,1179.0,1279.0,1314.0,1314.0,135.0,1314.0
cntvaluein3-skew-locked-seed-32,pass,direct_max,clocking,lane1,dq10,,endpoint,6,1179.0,1279.0,1314.0,1314.0,135.0,1314.0
cntvaluein3-skew-locked-seed-33,fail,direct_max,clocking,lane1,dq10,,endpoint,6,1179.0,1279.0,1314.0,1314.0,135.0,1314.0
cntvaluein3-skew-locked-seed-34,pass,direct_max,clocking,lane1,dq10,,endpoint,6,1179.0,1279.0,1314.0,1314.0,135.0,1314.0
cntvaluein3-skew-locked-seed-35,pass,direct_max,clocking,lane1,dq10,,endpoint,6,1179.0,1279.0,1314.0,1314.0,135.0,1314.0
cntvaluein3-skew-locked-seed-36,fail,direct_max,clocking,lane1,dq10,,endpoint,6,1179.0,1279.0,1314.0,1314.0,135.0,1314.0
cntvaluein3-skew-locked-seed-37,pass,direct_max,clocking,lane1,dq10,,endpoint,6,1179.0,1279.0,1314.0,1314.0,135.0,1314.0
cntvaluein3-skew-locked-seed-38,pass,direct_max,clocking,lane1,dq10,,endpoint,6,1179.0,1279.0,1314.0,1314.0,135.0,1314.0
cntvaluein3-skew-locked-seed-39,fail,direct_max,clocking,lane1,dq10,,endpoint,6,1179.0,1279.0,1314.0,1314.0,135.0,1314.0
cntvaluein3-skew-locked-seed-40,pass,direct_max,clocking,lane1,dq10,,endpoint,6,1179.0,1279.0,1314.0,1314.0,135.0,1314.0
cntvaluein3-skew-locked-seed-41,fail,direct_max,clocking,lane1,dq10,,endpoint,6,1179.0,1279.0,1314.0,1314.0,135.0,1314.0
cntvaluein3-skew-locked-seed-42,pass,direct_max,clocking,lane1,dq10,,endpoint,6,1179.0,1279.0,1314.0,1314.0,135.0,1314.0
cntvaluein3-skew-locked-seed-43,pass,direct_max,clocking,lane1,dq10,,endpoint,6,1179.0,1279.0,1314.0,1314.0,135.0,1314.0
cntvaluein3-skew-locked-seed-44,pass,direct_max,clocking,lane1,dq10,,endpoint,6,1179.0,1279.0,1314.0,1314.0,135.0,1314.0
cntvaluein3-skew-locked-seed-45,fail,direct_max,clocking,lane1,dq10,,endpoint,6,1179.0,1279.0,1314.0,1314.0,135.0,1314.0
cntvaluein3-skew-locked-seed-46,pass,direct_max,clocking,lane1,dq10,,endpoint,6,1179.0,1279.0,1314.0,1314.0,135.0,1314.0
cntvaluein3-skew-locked-seed-47,pass,direct_max,clocking,lane1,dq10,,endpoint,6,1179.0,1279.0,1314.0,1314.0,135.0,1314.0
cntvaluein3-skew-locked-seed-48,fail,direct_max,clocking,lane1,dq10,,endpoint,6,1179.0,1279.0,1314.0,1314.0,135.0,1314.0
cntvaluein3-skew-locked-seed-49,pass,direct_max,clocking,lane1,dq10,,endpoint,6,1179.0,1279.0,1314.0,1314.0,135.0,1314.0
cntvaluein3-skew-locked-seed-50,fail,direct_max,clocking,lane1,dq10,,endpoint,6,1179.0,1279.0,1314.0,1314.0,135.0,1314.0
cntvaluein3-skew-locked-seed-51,fail,direct_max,clocking,lane1,dq10,,endpoint,6,1179.0,1279.0,1314.0,1314.0,135.0,1314.0
cntvaluein3-skew-locked-seed-52,fail,direct_max,clocking,lane1,dq10,,endpoint,6,1179.0,1279.0,1314.0,1314.0,135.0,1314.0
cntvaluein3-skew-locked-seed-53,fail,direct_max,clocking,lane1,dq10,,endpoint,6,1179.0,1279.0,1314.0,1314.0,135.0,1314.0
cntvaluein3-skew-locked-seed-54,pass,direct_max,clocking,lane1,dq10,,endpoint,6,1179.0,1279.0,1314.0,1314.0,135.0,1314.0
cntvaluein3-skew-locked-seed-55,pass,direct_max,clocking,lane1,dq10,,endpoint,6,1179.0,1279.0,1314.0,1314.0,135.0,1314.0
cntvaluein3-skew-locked-seed-56,pass,direct_max,clocking,lane1,dq10,,endpoint,6,1179.0,1279.0,1314.0,1314.0,135.0,1314.0
cntvaluein3-skew-locked-seed-57,pass,direct_max,clocking,lane1,dq10,,endpoint,6,1179.0,1279.0,1314.0,1314.0,135.0,1314.0
cntvaluein3-skew-locked-seed-58,pass,direct_max,clocking,lane1,dq10,,endpoint,6,1179.0,1279.0,1314.0,1314.0,135.0,1314.0
cntvaluein3-skew-locked-seed-59,pass,direct_max,clocking,lane1,dq10,,endpoint,6,1179.0,1279.0,1314.0,1314.0,135.0,1314.0
cntvaluein3-skew-locked-seed-60,fail,direct_max,clocking,lane1,dq10,,endpoint,6,1179.0,1279.0,1314.0,1314.0,135.0,1314.0
cntvaluein3-skew-locked-seed-31,pass,direct_max,clocking,lane1,dq11,,endpoint,6,1179.0,1279.0,1314.0,1314.0,135.0,1314.0
cntvaluein3-skew-locked-seed-32,pass,direct_max,clocking,lane1,dq11,,endpoint,6,1179.0,1279.0,1314.0,1314.0,135.0,1314.0
cntvaluein3-skew-locked-seed-33,fail,direct_max,clocking,lane1,dq11,,endpoint,6,1179.0,1279.0,1314.0,1314.0,135.0,1314.0
cntvaluein3-skew-locked-seed-34,pass,direct_max,clocking,lane1,dq11,,endpoint,6,1179.0,1279.0,1314.0,1314.0,135.0,1314.0
cntvaluein3-skew-locked-seed-35,pass,direct_max,clocking,lane1,dq11,,endpoint,6,1179.0,1279.0,1314.0,1314.0,135.0,1314.0
cntvaluein3-skew-locked-seed-36,fail,direct_max,clocking,lane1,dq11,,endpoint,6,1179.0,1279.0,1314.0,1314.0,135.0,1314.0
cntvaluein3-skew-locked-seed-37,pass,direct_max,clocking,lane1,dq11,,endpoint,6,1179.0,1279.0,1314.0,1314.0,135.0,1314.0
cntvaluein3-skew-locked-seed-38,pass,direct_max,clocking,lane1,dq11,,endpoint,6,1179.0,1279.0,1314.0,1314.0,135.0,1314.0
cntvaluein3-skew-locked-seed-39,fail,direct_max,clocking,lane1,dq11,,endpoint,6,1179.0,1279.0,1314.0,1314.0,135.0,1314.0
cntvaluein3-skew-locked-seed-40,pass,direct_max,clocking,lane1,dq11,,endpoint,6,1179.0,1279.0,1314.0,1314.0,135.0,1314.0
cntvaluein3-skew-locked-seed-41,fail,direct_max,clocking,lane1,dq11,,endpoint,6,1179.0,1279.0,1314.0,1314.0,135.0,1314.0
cntvaluein3-skew-locked-seed-42,pass,direct_max,clocking,lane1,dq11,,endpoint,6,1179.0,1279.0,1314.0,1314.0,135.0,1314.0
cntvaluein3-skew-locked-seed-43,pass,direct_max,clocking,lane1,dq11,,endpoint,6,1179.0,1279.0,1314.0,1314.0,135.0,1314.0
cntvaluein3-skew-locked-seed-44,pass,direct_max,clocking,lane1,dq11,,endpoint,6,1179.0,1279.0,1314.0,1314.0,135.0,1314.0
cntvaluein3-skew-locked-seed-45,fail,direct_max,clocking,lane1,dq11,,endpoint,6,1179.0,1279.0,1314.0,1314.0,135.0,1314.0
cntvaluein3-skew-locked-seed-46,pass,direct_max,clocking,lane1,dq11,,endpoint,6,1179.0,1279.0,1314.0,1314.0,135.0,1314.0
cntvaluein3-skew-locked-seed-47,pass,direct_max,clocking,lane1,dq11,,endpoint,6,1179.0,1279.0,1314.0,1314.0,135.0,1314.0
cntvaluein3-skew-locked-seed-48,fail,direct_max,clocking,lane1,dq11,,endpoint,6,1179.0,1279.0,1314.0,1314.0,135.0,1314.0
cntvaluein3-skew-locked-seed-49,pass,direct_max,clocking,lane1,dq11,,endpoint,6,1179.0,1279.0,1314.0,1314.0,135.0,1314.0
cntvaluein3-skew-locked-seed-50,fail,direct_max,clocking,lane1,dq11,,endpoint,6,1179.0,1279.0,1314.0,1314.0,135.0,1314.0
cntvaluein3-skew-locked-seed-51,fail,direct_max,clocking,lane1,dq11,,endpoint,6,1179.0,1279.0,1314.0,1314.0,135.0,1314.0
cntvaluein3-skew-locked-seed-52,fail,direct_max,clocking,lane1,dq11,,endpoint,6,1179.0,1279.0,1314.0,1314.0,135.0,1314.0
cntvaluein3-skew-locked-seed-53,fail,direct_max,clocking,lane1,dq11,,endpoint,6,1179.0,1279.0,1314.0,1314.0,135.0,1314.0
cntvaluein3-skew-locked-seed-54,pass,direct_max,clocking,lane1,dq11,,endpoint,6,1179.0,1279.0,1314.0,1314.0,135.0,1314.0
cntvaluein3-skew-locked-seed-55,pass,direct_max,clocking,lane1,dq11,,endpoint,6,1179.0,1279.0,1314.0,1314.0,135.0,1314.0
cntvaluein3-skew-locked-seed-56,pass,direct_max,clocking,lane1,dq11,,endpoint,6,1179.0,1279.0,1314.0,1314.0,135.0,1314.0
cntvaluein3-skew-locked-seed-57,pass,direct_max,clocking,lane1,dq11,,endpoint,6,1179.0,1279.0,1314.0,1314.0,135.0,1314.0
cntvaluein3-skew-locked-seed-58,pass,direct_max,clocking,lane1,dq11,,endpoint,6,1179.0,1279.0,1314.0,1314.0,135.0,1314.0
cntvaluein3-skew-locked-seed-59,pass,direct_max,clocking,lane1,dq11,,endpoint,6,1179.0,1279.0,1314.0,1314.0,135.0,1314.0
cntvaluein3-skew-locked-seed-60,fail,direct_max,clocking,lane1,dq11,,endpoint,6,1179.0,1279.0,1314.0,1314.0,135.0,1314.0
cntvaluein3-skew-locked-seed-31,pass,direct_max,clocking,lane1,dq12,,endpoint,6,1179.0,1279.0,1314.0,1314.0,135.0,1314.0
cntvaluein3-skew-locked-seed-32,pass,direct_max,clocking,lane1,dq12,,endpoint,6,1179.0,1279.0,1314.0,1314.0,135.0,1314.0
cntvaluein3-skew-locked-seed-33,fail,direct_max,clocking,lane1,dq12,,endpoint,6,1179.0,1279.0,1314.0,1314.0,135.0,1314.0
cntvaluein3-skew-locked-seed-34,pass,direct_max,clocking,lane1,dq12,,endpoint,6,1179.0,1279.0,1314.0,1314.0,135.0,1314.0
cntvaluein3-skew-locked-seed-35,pass,direct_max,clocking,lane1,dq12,,endpoint,6,1179.0,1279.0,1314.0,1314.0,135.0,1314.0
cntvaluein3-skew-locked-seed-36,fail,direct_max,clocking,lane1,dq12,,endpoint,6,1179.0,1279.0,1314.0,1314.0,135.0,1314.0
cntvaluein3-skew-locked-seed-37,pass,direct_max,clocking,lane1,dq12,,endpoint,6,1179.0,1279.0,1314.0,1314.0,135.0,1314.0
cntvaluein3-skew-locked-seed-38,pass,direct_max,clocking,lane1,dq12,,endpoint,6,1179.0,1279.0,1314.0,1314.0,135.0,1314.0
cntvaluein3-skew-locked-seed-39,fail,direct_max,clocking,lane1,dq12,,endpoint,6,1179.0,1279.0,1314.0,1314.0,135.0,1314.0
cntvaluein3-skew-locked-seed-40,pass,direct_max,clocking,lane1,dq12,,endpoint,6,1179.0,1279.0,1314.0,1314.0,135.0,1314.0
cntvaluein3-skew-locked-seed-41,fail,direct_max,clocking,lane1,dq12,,endpoint,6,1179.0,1279.0,1314.0,1314.0,135.0,1314.0
cntvaluein3-skew-locked-seed-42,pass,direct_max,clocking,lane1,dq12,,endpoint,6,1179.0,1279.0,1314.0,1314.0,135.0,1314.0
cntvaluein3-skew-locked-seed-43,pass,direct_max,clocking,lane1,dq12,,endpoint,6,1179.0,1279.0,1314.0,1314.0,135.0,1314.0
cntvaluein3-skew-locked-seed-44,pass,direct_max,clocking,lane1,dq12,,endpoint,6,1179.0,1279.0,1314.0,1314.0,135.0,1314.0
cntvaluein3-skew-locked-seed-45,fail,direct_max,clocking,lane1,dq12,,endpoint,6,1179.0,1279.0,1314.0,1314.0,135.0,1314.0
cntvaluein3-skew-locked-seed-46,pass,direct_max,clocking,lane1,dq12,,endpoint,6,1179.0,1279.0,1314.0,1314.0,135.0,1314.0
cntvaluein3-skew-locked-seed-47,pass,direct_max,clocking,lane1,dq12,,endpoint,6,1179.0,1279.0,1314.0,1314.0,135.0,1314.0
cntvaluein3-skew-locked-seed-48,fail,direct_max,clocking,lane1,dq12,,endpoint,6,1179.0,1279.0,1314.0,1314.0,135.0,1314.0
cntvaluein3-skew-locked-seed-49,pass,direct_max,clocking,lane1,dq12,,endpoint,6,1179.0,1279.0,1314.0,1314.0,135.0,1314.0
cntvaluein3-skew-locked-seed-50,fail,direct_max,clocking,lane1,dq12,,endpoint,6,1179.0,1279.0,1314.0,1314.0,135.0,1314.0
cntvaluein3-skew-locked-seed-51,fail,direct_max,clocking,lane1,dq12,,endpoint,6,1179.0,1279.0,1314.0,1314.0,135.0,1314.0
cntvaluein3-skew-locked-seed-52,fail,direct_max,clocking,lane1,dq12,,endpoint,6,1179.0,1279.0,1314.0,1314.0,135.0,1314.0
cntvaluein3-skew-locked-seed-53,fail,direct_max,clocking,lane1,dq12,,endpoint,6,1179.0,1279.0,1314.0,1314.0,135.0,1314.0
cntvaluein3-skew-locked-seed-54,pass,direct_max,clocking,lane1,dq12,,endpoint,6,1179.0,1279.0,1314.0,1314.0,135.0,1314.0
cntvaluein3-skew-locked-seed-55,pass,direct_max,clocking,lane1,dq12,,endpoint,6,1179.0,1279.0,1314.0,1314.0,135.0,1314.0
cntvaluein3-skew-locked-seed-56,pass,direct_max,clocking,lane1,dq12,,endpoint,6,1179.0,1279.0,1314.0,1314.0,135.0,1314.0
cntvaluein3-skew-locked-seed-57,pass,direct_max,clocking,lane1,dq12,,endpoint,6,1179.0,1279.0,1314.0,1314.0,135.0,1314.0
cntvaluein3-skew-locked-seed-58,pass,direct_max,clocking,lane1,dq12,,endpoint,6,1179.0,1279.0,1314.0,1314.0,135.0,1314.0
cntvaluein3-skew-locked-seed-59,pass,direct_max,clocking,lane1,dq12,,endpoint,6,1179.0,1279.0,1314.0,1314.0,135.0,1314.0
cntvaluein3-skew-locked-seed-60,fail,direct_max,clocking,lane1,dq12,,endpoint,6,1179.0,1279.0,1314.0,1314.0,135.0,1314.0
cntvaluein3-skew-locked-seed-31,pass,direct_max,clocking,lane1,dq13,,endpoint,6,1179.0,1279.0,1314.0,1314.0,135.0,1314.0
cntvaluein3-skew-locked-seed-32,pass,direct_max,clocking,lane1,dq13,,endpoint,6,1179.0,1279.0,1314.0,1314.0,135.0,1314.0
cntvaluein3-skew-locked-seed-33,fail,direct_max,clocking,lane1,dq13,,endpoint,6,1179.0,1279.0,1314.0,1314.0,135.0,1314.0
cntvaluein3-skew-locked-seed-34,pass,direct_max,clocking,lane1,dq13,,endpoint,6,1179.0,1279.0,1314.0,1314.0,135.0,1314.0
cntvaluein3-skew-locked-seed-35,pass,direct_max,clocking,lane1,dq13,,endpoint,6,1179.0,1279.0,1314.0,1314.0,135.0,1314.0
cntvaluein3-skew-locked-seed-36,fail,direct_max,clocking,lane1,dq13,,endpoint,6,1179.0,1279.0,1314.0,1314.0,135.0,1314.0
cntvaluein3-skew-locked-seed-37,pass,direct_max,clocking,lane1,dq13,,endpoint,6,1179.0,1279.0,1314.0,1314.0,135.0,1314.0
cntvaluein3-skew-locked-seed-38,pass,direct_max,clocking,lane1,dq13,,endpoint,6,1179.0,1279.0,1314.0,1314.0,135.0,1314.0
cntvaluein3-skew-locked-seed-39,fail,direct_max,clocking,lane1,dq13,,endpoint,6,1179.0,1279.0,1314.0,1314.0,135.0,1314.0
cntvaluein3-skew-locked-seed-40,pass,direct_max,clocking,lane1,dq13,,endpoint,6,1179.0,1279.0,1314.0,1314.0,135.0,1314.0
cntvaluein3-skew-locked-seed-41,fail,direct_max,clocking,lane1,dq13,,endpoint,6,1179.0,1279.0,1314.0,1314.0,135.0,1314.0
cntvaluein3-skew-locked-seed-42,pass,direct_max,clocking,lane1,dq13,,endpoint,6,1179.0,1279.0,1314.0,1314.0,135.0,1314.0
cntvaluein3-skew-locked-seed-43,pass,direct_max,clocking,lane1,dq13,,endpoint,6,1179.0,1279.0,1314.0,1314.0,135.0,1314.0
cntvaluein3-skew-locked-seed-44,pass,direct_max,clocking,lane1,dq13,,endpoint,6,1179.0,1279.0,1314.0,1314.0,135.0,1314.0
cntvaluein3-skew-locked-seed-45,fail,direct_max,clocking,lane1,dq13,,endpoint,6,1179.0,1279.0,1314.0,1314.0,135.0,1314.0
cntvaluein3-skew-locked-seed-46,pass,direct_max,clocking,lane1,dq13,,endpoint,6,1179.0,1279.0,1314.0,1314.0,135.0,1314.0
cntvaluein3-skew-locked-seed-47,pass,direct_max,clocking,lane1,dq13,,endpoint,6,1179.0,1279.0,1314.0,1314.0,135.0,1314.0
cntvaluein3-skew-locked-seed-48,fail,direct_max,clocking,lane1,dq13,,endpoint,6,1179.0,1279.0,1314.0,1314.0,135.0,1314.0
cntvaluein3-skew-locked-seed-49,pass,direct_max,clocking,lane1,dq13,,endpoint,6,1179.0,1279.0,1314.0,1314.0,135.0,1314.0
cntvaluein3-skew-locked-seed-50,fail,direct_max,clocking,lane1,dq13,,endpoint,6,1179.0,1279.0,1314.0,1314.0,135.0,1314.0
cntvaluein3-skew-locked-seed-51,fail,direct_max,clocking,lane1,dq13,,endpoint,6,1179.0,1279.0,1314.0,1314.0,135.0,1314.0
cntvaluein3-skew-locked-seed-52,fail,direct_max,clocking,lane1,dq13,,endpoint,6,1179.0,1279.0,1314.0,1314.0,135.0,1314.0
cntvaluein3-skew-locked-seed-53,fail,direct_max,clocking,lane1,dq13,,endpoint,6,1179.0,1279.0,1314.0,1314.0,135.0,1314.0
cntvaluein3-skew-locked-seed-54,pass,direct_max,clocking,lane1,dq13,,endpoint,6,1179.0,1279.0,1314.0,1314.0,135.0,1314.0
cntvaluein3-skew-locked-seed-55,pass,direct_max,clocking,lane1,dq13,,endpoint,6,1179.0,1279.0,1314.0,1314.0,135.0,1314.0
cntvaluein3-skew-locked-seed-56,pass,direct_max,clocking,lane1,dq13,,endpoint,6,1179.0,1279.0,1314.0,1314.0,135.0,1314.0
cntvaluein3-skew-locked-seed-57,pass,direct_max,clocking,lane1,dq13,,endpoint,6,1179.0,1279.0,1314.0,1314.0,135.0,1314.0
cntvaluein3-skew-locked-seed-58,pass,direct_max,clocking,lane1,dq13,,endpoint,6,1179.0,1279.0,1314.0,1314.0,135.0,1314.0
cntvaluein3-skew-locked-seed-59,pass,direct_max,clocking,lane1,dq13,,endpoint,6,1179.0,1279.0,1314.0,1314.0,135.0,1314.0
cntvaluein3-skew-locked-seed-60,fail,direct_max,clocking,lane1,dq13,,endpoint,6,1179.0,1279.0,1314.0,1314.0,135.0,1314.0
cntvaluein3-skew-locked-seed-31,pass,direct_max,clocking,lane1,dq14,,endpoint,6,1179.0,1279.0,1314.0,1314.0,135.0,1314.0
cntvaluein3-skew-locked-seed-32,pass,direct_max,clocking,lane1,dq14,,endpoint,6,1179.0,1279.0,1314.0,1314.0,135.0,1314.0
cntvaluein3-skew-locked-seed-33,fail,direct_max,clocking,lane1,dq14,,endpoint,6,1179.0,1279.0,1314.0,1314.0,135.0,1314.0
cntvaluein3-skew-locked-seed-34,pass,direct_max,clocking,lane1,dq14,,endpoint,6,1179.0,1279.0,1314.0,1314.0,135.0,1314.0
cntvaluein3-skew-locked-seed-35,pass,direct_max,clocking,lane1,dq14,,endpoint,6,1179.0,1279.0,1314.0,1314.0,135.0,1314.0
cntvaluein3-skew-locked-seed-36,fail,direct_max,clocking,lane1,dq14,,endpoint,6,1179.0,1279.0,1314.0,1314.0,135.0,1314.0
cntvaluein3-skew-locked-seed-37,pass,direct_max,clocking,lane1,dq14,,endpoint,6,1179.0,1279.0,1314.0,1314.0,135.0,1314.0
cntvaluein3-skew-locked-seed-38,pass,direct_max,clocking,lane1,dq14,,endpoint,6,1179.0,1279.0,1314.0,1314.0,135.0,1314.0
cntvaluein3-skew-locked-seed-39,fail,direct_max,clocking,lane1,dq14,,endpoint,6,1179.0,1279.0,1314.0,1314.0,135.0,1314.0
cntvaluein3-skew-locked-seed-40,pass,direct_max,clocking,lane1,dq14,,endpoint,6,1179.0,1279.0,1314.0,1314.0,135.0,1314.0
cntvaluein3-skew-locked-seed-41,fail,direct_max,clocking,lane1,dq14,,endpoint,6,1179.0,1279.0,1314.0,1314.0,135.0,1314.0
cntvaluein3-skew-locked-seed-42,pass,direct_max,clocking,lane1,dq14,,endpoint,6,1179.0,1279.0,1314.0,1314.0,135.0,1314.0
cntvaluein3-skew-locked-seed-43,pass,direct_max,clocking,lane1,dq14,,endpoint,6,1179.0,1279.0,1314.0,1314.0,135.0,1314.0
cntvaluein3-skew-locked-seed-44,pass,direct_max,clocking,lane1,dq14,,endpoint,6,1179.0,1279.0,1314.0,1314.0,135.0,1314.0
cntvaluein3-skew-locked-seed-45,fail,direct_max,clocking,lane1,dq14,,endpoint,6,1179.0,1279.0,1314.0,1314.0,135.0,1314.0
cntvaluein3-skew-locked-seed-46,pass,direct_max,clocking,lane1,dq14,,endpoint,6,1179.0,1279.0,1314.0,1314.0,135.0,1314.0
cntvaluein3-skew-locked-seed-47,pass,direct_max,clocking,lane1,dq14,,endpoint,6,1179.0,1279.0,1314.0,1314.0,135.0,1314.0
cntvaluein3-skew-locked-seed-48,fail,direct_max,clocking,lane1,dq14,,endpoint,6,1179.0,1279.0,1314.0,1314.0,135.0,1314.0
cntvaluein3-skew-locked-seed-49,pass,direct_max,clocking,lane1,dq14,,endpoint,6,1179.0,1279.0,1314.0,1314.0,135.0,1314.0
cntvaluein3-skew-locked-seed-50,fail,direct_max,clocking,lane1,dq14,,endpoint,6,1179.0,1279.0,1314.0,1314.0,135.0,1314.0
cntvaluein3-skew-locked-seed-51,fail,direct_max,clocking,lane1,dq14,,endpoint,6,1179.0,1279.0,1314.0,1314.0,135.0,1314.0
cntvaluein3-skew-locked-seed-52,fail,direct_max,clocking,lane1,dq14,,endpoint,6,1179.0,1279.0,1314.0,1314.0,135.0,1314.0
cntvaluein3-skew-locked-seed-53,fail,direct_max,clocking,lane1,dq14,,endpoint,6,1179.0,1279.0,1314.0,1314.0,135.0,1314.0
cntvaluein3-skew-locked-seed-54,pass,direct_max,clocking,lane1,dq14,,endpoint,6,1179.0,1279.0,1314.0,1314.0,135.0,1314.0
cntvaluein3-skew-locked-seed-55,pass,direct_max,clocking,lane1,dq14,,endpoint,6,1179.0,1279.0,1314.0,1314.0,135.0,1314.0
cntvaluein3-skew-locked-seed-56,pass,direct_max,clocking,lane1,dq14,,endpoint,6,1179.0,1279.0,1314.0,1314.0,135.0,1314.0
cntvaluein3-skew-locked-seed-57,pass,direct_max,clocking,lane1,dq14,,endpoint,6,1179.0,1279.0,1314.0,1314.0,135.0,1314.0
cntvaluein3-skew-locked-seed-58,pass,direct_max,clocking,lane1,dq14,,endpoint,6,1179.0,1279.0,1314.0,1314.0,135.0,1314.0
cntvaluein3-skew-locked-seed-59,pass,direct_max,clocking,lane1,dq14,,endpoint,6,1179.0,1279.0,1314.0,1314.0,135.0,1314.0
cntvaluein3-skew-locked-seed-60,fail,direct_max,clocking,lane1,dq14,,endpoint,6,1179.0,1279.0,1314.0,1314.0,135.0,1314.0
cntvaluein3-skew-locked-seed-31,pass,direct_max,clocking,lane1,dq15,,endpoint,6,1179.0,1279.0,1314.0,1314.0,135.0,1314.0
cntvaluein3-skew-locked-seed-32,pass,direct_max,clocking,lane1,dq15,,endpoint,6,1179.0,1279.0,1314.0,1314.0,135.0,1314.0
cntvaluein3-skew-locked-seed-33,fail,direct_max,clocking,lane1,dq15,,endpoint,6,1179.0,1279.0,1314.0,1314.0,135.0,1314.0
cntvaluein3-skew-locked-seed-34,pass,direct_max,clocking,lane1,dq15,,endpoint,6,1179.0,1279.0,1314.0,1314.0,135.0,1314.0
cntvaluein3-skew-locked-seed-35,pass,direct_max,clocking,lane1,dq15,,endpoint,6,1179.0,1279.0,1314.0,1314.0,135.0,1314.0
cntvaluein3-skew-locked-seed-36,fail,direct_max,clocking,lane1,dq15,,endpoint,6,1179.0,1279.0,1314.0,1314.0,135.0,1314.0
cntvaluein3-skew-locked-seed-37,pass,direct_max,clocking,lane1,dq15,,endpoint,6,1179.0,1279.0,1314.0,1314.0,135.0,1314.0
cntvaluein3-skew-locked-seed-38,pass,direct_max,clocking,lane1,dq15,,endpoint,6,1179.0,1279.0,1314.0,1314.0,135.0,1314.0
cntvaluein3-skew-locked-seed-39,fail,direct_max,clocking,lane1,dq15,,endpoint,6,1179.0,1279.0,1314.0,1314.0,135.0,1314.0
cntvaluein3-skew-locked-seed-40,pass,direct_max,clocking,lane1,dq15,,endpoint,6,1179.0,1279.0,1314.0,1314.0,135.0,1314.0
cntvaluein3-skew-locked-seed-41,fail,direct_max,clocking,lane1,dq15,,endpoint,6,1179.0,1279.0,1314.0,1314.0,135.0,1314.0
cntvaluein3-skew-locked-seed-42,pass,direct_max,clocking,lane1,dq15,,endpoint,6,1179.0,1279.0,1314.0,1314.0,135.0,1314.0
cntvaluein3-skew-locked-seed-43,pass,direct_max,clocking,lane1,dq15,,endpoint,6,1179.0,1279.0,1314.0,1314.0,135.0,1314.0
cntvaluein3-skew-locked-seed-44,pass,direct_max,clocking,lane1,dq15,,endpoint,6,1179.0,1279.0,1314.0,1314.0,135.0,1314.0
cntvaluein3-skew-locked-seed-45,fail,direct_max,clocking,lane1,dq15,,endpoint,6,1179.0,1279.0,1314.0,1314.0,135.0,1314.0
cntvaluein3-skew-locked-seed-46,pass,direct_max,clocking,lane1,dq15,,endpoint,6,1179.0,1279.0,1314.0,1314.0,135.0,1314.0
cntvaluein3-skew-locked-seed-47,pass,direct_max,clocking,lane1,dq15,,endpoint,6,1179.0,1279.0,1314.0,1314.0,135.0,1314.0
cntvaluein3-skew-locked-seed-48,fail,direct_max,clocking,lane1,dq15,,endpoint,6,1179.0,1279.0,1314.0,1314.0,135.0,1314.0
cntvaluein3-skew-locked-seed-49,pass,direct_max,clocking,lane1,dq15,,endpoint,6,1179.0,1279.0,1314.0,1314.0,135.0,1314.0
cntvaluein3-skew-locked-seed-50,fail,direct_max,clocking,lane1,dq15,,endpoint,6,1179.0,1279.0,1314.0,1314.0,135.0,1314.0
cntvaluein3-skew-locked-seed-51,fail,direct_max,clocking,lane1,dq15,,endpoint,6,1179.0,1279.0,1314.0,1314.0,135.0,1314.0
cntvaluein3-skew-locked-seed-52,fail,direct_max,clocking,lane1,dq15,,endpoint,6,1179.0,1279.0,1314.0,1314.0,135.0,1314.0
cntvaluein3-skew-locked-seed-53,fail,direct_max,clocking,lane1,dq15,,endpoint,6,1179.0,1279.0,1314.0,1314.0,135.0,1314.0
cntvaluein3-skew-locked-seed-54,pass,direct_max,clocking,lane1,dq15,,endpoint,6,1179.0,1279.0,1314.0,1314.0,135.0,1314.0
cntvaluein3-skew-locked-seed-55,pass,direct_max,clocking,lane1,dq15,,endpoint,6,1179.0,1279.0,1314.0,1314.0,135.0,1314.0
cntvaluein3-skew-locked-seed-56,pass,direct_max,clocking,lane1,dq15,,endpoint,6,1179.0,1279.0,1314.0,1314.0,135.0,1314.0
cntvaluein3-skew-locked-seed-57,pass,direct_max,clocking,lane1,dq15,,endpoint,6,1179.0,1279.0,1314.0,1314.0,135.0,1314.0
cntvaluein3-skew-locked-seed-58,pass,direct_max,clocking,lane1,dq15,,endpoint,6,1179.0,1279.0,1314.0,1314.0,135.0,1314.0
cntvaluein3-skew-locked-seed-59,pass,direct_max,clocking,lane1,dq15,,endpoint,6,1179.0,1279.0,1314.0,1314.0,135.0,1314.0
cntvaluein3-skew-locked-seed-60,fail,direct_max,clocking,lane1,dq15,,endpoint,6,1179.0,1279.0,1314.0,1314.0,135.0,1314.0
cntvaluein3-skew-locked-seed-31,pass,direct_max,clocking,lane1,dq8,,endpoint,6,1179.0,1279.0,1314.0,1314.0,135.0,1314.0
cntvaluein3-skew-locked-seed-32,pass,direct_max,clocking,lane1,dq8,,endpoint,6,1179.0,1279.0,1314.0,1314.0,135.0,1314.0
cntvaluein3-skew-locked-seed-33,fail,direct_max,clocking,lane1,dq8,,endpoint,6,1179.0,1279.0,1314.0,1314.0,135.0,1314.0
cntvaluein3-skew-locked-seed-34,pass,direct_max,clocking,lane1,dq8,,endpoint,6,1179.0,1279.0,1314.0,1314.0,135.0,1314.0
cntvaluein3-skew-locked-seed-35,pass,direct_max,clocking,lane1,dq8,,endpoint,6,1179.0,1279.0,1314.0,1314.0,135.0,1314.0
cntvaluein3-skew-locked-seed-36,fail,direct_max,clocking,lane1,dq8,,endpoint,6,1179.0,1279.0,1314.0,1314.0,135.0,1314.0
cntvaluein3-skew-locked-seed-37,pass,direct_max,clocking,lane1,dq8,,endpoint,6,1179.0,1279.0,1314.0,1314.0,135.0,1314.0
cntvaluein3-skew-locked-seed-38,pass,direct_max,clocking,lane1,dq8,,endpoint,6,1179.0,1279.0,1314.0,1314.0,135.0,1314.0
cntvaluein3-skew-locked-seed-39,fail,direct_max,clocking,lane1,dq8,,endpoint,6,1179.0,1279.0,1314.0,1314.0,135.0,1314.0
cntvaluein3-skew-locked-seed-40,pass,direct_max,clocking,lane1,dq8,,endpoint,6,1179.0,1279.0,1314.0,1314.0,135.0,1314.0
cntvaluein3-skew-locked-seed-41,fail,direct_max,clocking,lane1,dq8,,endpoint,6,1179.0,1279.0,1314.0,1314.0,135.0,1314.0
cntvaluein3-skew-locked-seed-42,pass,direct_max,clocking,lane1,dq8,,endpoint,6,1179.0,1279.0,1314.0,1314.0,135.0,1314.0
cntvaluein3-skew-locked-seed-43,pass,direct_max,clocking,lane1,dq8,,endpoint,6,1179.0,1279.0,1314.0,1314.0,135.0,1314.0
cntvaluein3-skew-locked-seed-44,pass,direct_max,clocking,lane1,dq8,,endpoint,6,1179.0,1279.0,1314.0,1314.0,135.0,1314.0
cntvaluein3-skew-locked-seed-45,fail,direct_max,clocking,lane1,dq8,,endpoint,6,1179.0,1279.0,1314.0,1314.0,135.0,1314.0
cntvaluein3-skew-locked-seed-46,pass,direct_max,clocking,lane1,dq8,,endpoint,6,1179.0,1279.0,1314.0,1314.0,135.0,1314.0
cntvaluein3-skew-locked-seed-47,pass,direct_max,clocking,lane1,dq8,,endpoint,6,1179.0,1279.0,1314.0,1314.0,135.0,1314.0
cntvaluein3-skew-locked-seed-48,fail,direct_max,clocking,lane1,dq8,,endpoint,6,1179.0,1279.0,1314.0,1314.0,135.0,1314.0
cntvaluein3-skew-locked-seed-49,pass,direct_max,clocking,lane1,dq8,,endpoint,6,1179.0,1279.0,1314.0,1314.0,135.0,1314.0
cntvaluein3-skew-locked-seed-50,fail,direct_max,clocking,lane1,dq8,,endpoint,6,1179.0,1279.0,1314.0,1314.0,135.0,1314.0
cntvaluein3-skew-locked-seed-51,fail,direct_max,clocking,lane1,dq8,,endpoint,6,1179.0,1279.0,1314.0,1314.0,135.0,1314.0
cntvaluein3-skew-locked-seed-52,fail,direct_max,clocking,lane1,dq8,,endpoint,6,1179.0,1279.0,1314.0,1314.0,135.0,1314.0
cntvaluein3-skew-locked-seed-53,fail,direct_max,clocking,lane1,dq8,,endpoint,6,1179.0,1279.0,1314.0,1314.0,135.0,1314.0
cntvaluein3-skew-locked-seed-54,pass,direct_max,clocking,lane1,dq8,,endpoint,6,1179.0,1279.0,1314.0,1314.0,135.0,1314.0
cntvaluein3-skew-locked-seed-55,pass,direct_max,clocking,lane1,dq8,,endpoint,6,1179.0,1279.0,1314.0,1314.0,135.0,1314.0
cntvaluein3-skew-locked-seed-56,pass,direct_max,clocking,lane1,dq8,,endpoint,6,1179.0,1279.0,1314.0,1314.0,135.0,1314.0
cntvaluein3-skew-locked-seed-57,pass,direct_max,clocking,lane1,dq8,,endpoint,6,1179.0,1279.0,1314.0,1314.0,135.0,1314.0
cntvaluein3-skew-locked-seed-58,pass,direct_max,clocking,lane1,dq8,,endpoint,6,1179.0,1279.0,1314.0,1314.0,135.0,1314.0
cntvaluein3-skew-locked-seed-59,pass,direct_max,clocking,lane1,dq8,,endpoint,6,1179.0,1279.0,1314.0,1314.0,135.0,1314.0
cntvaluein3-skew-locked-seed-60,fail,direct_max,clocking,lane1,dq8,,endpoint,6,1179.0,1279.0,1314.0,1314.0,135.0,1314.0
cntvaluein3-skew-locked-seed-31,pass,direct_max,clocking,lane1,dq9,,endpoint,6,1179.0,1279.0,1314.0,1314.0,135.0,1314.0
cntvaluein3-skew-locked-seed-32,pass,direct_max,clocking,lane1,dq9,,endpoint,6,1179.0,1279.0,1314.0,1314.0,135.0,1314.0
cntvaluein3-skew-locked-seed-33,fail,direct_max,clocking,lane1,dq9,,endpoint,6,1179.0,1279.0,1314.0,1314.0,135.0,1314.0
cntvaluein3-skew-locked-seed-34,pass,direct_max,clocking,lane1,dq9,,endpoint,6,1179.0,1279.0,1314.0,1314.0,135.0,1314.0
cntvaluein3-skew-locked-seed-35,pass,direct_max,clocking,lane1,dq9,,endpoint,6,1179.0,1279.0,1314.0,1314.0,135.0,1314.0
cntvaluein3-skew-locked-seed-36,fail,direct_max,clocking,lane1,dq9,,endpoint,6,1179.0,1279.0,1314.0,1314.0,135.0,1314.0
cntvaluein3-skew-locked-seed-37,pass,direct_max,clocking,lane1,dq9,,endpoint,6,1179.0,1279.0,1314.0,1314.0,135.0,1314.0
cntvaluein3-skew-locked-seed-38,pass,direct_max,clocking,lane1,dq9,,endpoint,6,1179.0,1279.0,1314.0,1314.0,135.0,1314.0
cntvaluein3-skew-locked-seed-39,fail,direct_max,clocking,lane1,dq9,,endpoint,6,1179.0,1279.0,1314.0,1314.0,135.0,1314.0
cntvaluein3-skew-locked-seed-40,pass,direct_max,clocking,lane1,dq9,,endpoint,6,1179.0,1279.0,1314.0,1314.0,135.0,1314.0
cntvaluein3-skew-locked-seed-41,fail,direct_max,clocking,lane1,dq9,,endpoint,6,1179.0,1279.0,1314.0,1314.0,135.0,1314.0
cntvaluein3-skew-locked-seed-42,pass,direct_max,clocking,lane1,dq9,,endpoint,6,1179.0,1279.0,1314.0,1314.0,135.0,1314.0
cntvaluein3-skew-locked-seed-43,pass,direct_max,clocking,lane1,dq9,,endpoint,6,1179.0,1279.0,1314.0,1314.0,135.0,1314.0
cntvaluein3-skew-locked-seed-44,pass,direct_max,clocking,lane1,dq9,,endpoint,6,1179.0,1279.0,1314.0,1314.0,135.0,1314.0
cntvaluein3-skew-locked-seed-45,fail,direct_max,clocking,lane1,dq9,,endpoint,6,1179.0,1279.0,1314.0,1314.0,135.0,1314.0
cntvaluein3-skew-locked-seed-46,pass,direct_max,clocking,lane1,dq9,,endpoint,6,1179.0,1279.0,1314.0,1314.0,135.0,1314.0
cntvaluein3-skew-locked-seed-47,pass,direct_max,clocking,lane1,dq9,,endpoint,6,1179.0,1279.0,1314.0,1314.0,135.0,1314.0
cntvaluein3-skew-locked-seed-48,fail,direct_max,clocking,lane1,dq9,,endpoint,6,1179.0,1279.0,1314.0,1314.0,135.0,1314.0
cntvaluein3-skew-locked-seed-49,pass,direct_max,clocking,lane1,dq9,,endpoint,6,1179.0,1279.0,1314.0,1314.0,135.0,1314.0
cntvaluein3-skew-locked-seed-50,fail,direct_max,clocking,lane1,dq9,,endpoint,6,1179.0,1279.0,1314.0,1314.0,135.0,1314.0
cntvaluein3-skew-locked-seed-51,fail,direct_max,clocking,lane1,dq9,,endpoint,6,1179.0,1279.0,1314.0,1314.0,135.0,1314.0
cntvaluein3-skew-locked-seed-52,fail,direct_max,clocking,lane1,dq9,,endpoint,6,1179.0,1279.0,1314.0,1314.0,135.0,1314.0
cntvaluein3-skew-locked-seed-53,fail,direct_max,clocking,lane1,dq9,,endpoint,6,1179.0,1279.0,1314.0,1314.0,135.0,1314.0
cntvaluein3-skew-locked-seed-54,pass,direct_max,clocking,lane1,dq9,,endpoint,6,1179.0,1279.0,1314.0,1314.0,135.0,1314.0
cntvaluein3-skew-locked-seed-55,pass,direct_max,clocking,lane1,dq9,,endpoint,6,1179.0,1279.0,1314.0,1314.0,135.0,1314.0
cntvaluein3-skew-locked-seed-56,pass,direct_max,clocking,lane1,dq9,,endpoint,6,1179.0,1279.0,1314.0,1314.0,135.0,1314.0
cntvaluein3-skew-locked-seed-57,pass,direct_max,clocking,lane1,dq9,,endpoint,6,1179.0,1279.0,1314.0,1314.0,135.0,1314.0
cntvaluein3-skew-locked-seed-58,pass,direct_max,clocking,lane1,dq9,,endpoint,6,1179.0,1279.0,1314.0,1314.0,135.0,1314.0
cntvaluein3-skew-locked-seed-59,pass,direct_max,clocking,lane1,dq9,,endpoint,6,1179.0,1279.0,1314.0,1314.0,135.0,1314.0
cntvaluein3-skew-locked-seed-60,fail,direct_max,clocking,lane1,dq9,,endpoint,6,1179.0,1279.0,1314.0,1314.0,135.0,1314.0
cntvaluein3-skew-locked-seed-31,pass,direct_max,clocking,lane1,dqs1,,endpoint,5,1179.0,1279.0,1279.0,1279.0,100.0,1279.0
cntvaluein3-skew-locked-seed-32,pass,direct_max,clocking,lane1,dqs1,,endpoint,5,1179.0,1279.0,1279.0,1279.0,100.0,1279.0
cntvaluein3-skew-locked-seed-33,fail,direct_max,clocking,lane1,dqs1,,endpoint,5,1179.0,1279.0,1279.0,1279.0,100.0,1279.0
cntvaluein3-skew-locked-seed-34,pass,direct_max,clocking,lane1,dqs1,,endpoint,5,1179.0,1279.0,1279.0,1279.0,100.0,1279.0
cntvaluein3-skew-locked-seed-35,pass,direct_max,clocking,lane1,dqs1,,endpoint,5,1179.0,1279.0,1279.0,1279.0,100.0,1279.0
cntvaluein3-skew-locked-seed-36,fail,direct_max,clocking,lane1,dqs1,,endpoint,5,1179.0,1279.0,1279.0,1279.0,100.0,1279.0
cntvaluein3-skew-locked-seed-37,pass,direct_max,clocking,lane1,dqs1,,endpoint,5,1179.0,1279.0,1279.0,1279.0,100.0,1279.0
cntvaluein3-skew-locked-seed-38,pass,direct_max,clocking,lane1,dqs1,,endpoint,5,1179.0,1279.0,1279.0,1279.0,100.0,1279.0
cntvaluein3-skew-locked-seed-39,fail,direct_max,clocking,lane1,dqs1,,endpoint,5,1179.0,1279.0,1279.0,1279.0,100.0,1279.0
cntvaluein3-skew-locked-seed-40,pass,direct_max,clocking,lane1,dqs1,,endpoint,5,1179.0,1279.0,1279.0,1279.0,100.0,1279.0
cntvaluein3-skew-locked-seed-41,fail,direct_max,clocking,lane1,dqs1,,endpoint,5,1179.0,1279.0,1279.0,1279.0,100.0,1279.0
cntvaluein3-skew-locked-seed-42,pass,direct_max,clocking,lane1,dqs1,,endpoint,5,1179.0,1279.0,1279.0,1279.0,100.0,1279.0
cntvaluein3-skew-locked-seed-43,pass,direct_max,clocking,lane1,dqs1,,endpoint,5,1179.0,1279.0,1279.0,1279.0,100.0,1279.0
cntvaluein3-skew-locked-seed-44,pass,direct_max,clocking,lane1,dqs1,,endpoint,5,1179.0,1279.0,1279.0,1279.0,100.0,1279.0
cntvaluein3-skew-locked-seed-45,fail,direct_max,clocking,lane1,dqs1,,endpoint,5,1179.0,1279.0,1279.0,1279.0,100.0,1279.0
cntvaluein3-skew-locked-seed-46,pass,direct_max,clocking,lane1,dqs1,,endpoint,5,1179.0,1279.0,1279.0,1279.0,100.0,1279.0
cntvaluein3-skew-locked-seed-47,pass,direct_max,clocking,lane1,dqs1,,endpoint,5,1179.0,1279.0,1279.0,1279.0,100.0,1279.0
cntvaluein3-skew-locked-seed-48,fail,direct_max,clocking,lane1,dqs1,,endpoint,5,1179.0,1279.0,1279.0,1279.0,100.0,1279.0
cntvaluein3-skew-locked-seed-49,pass,direct_max,clocking,lane1,dqs1,,endpoint,5,1179.0,1279.0,1279.0,1279.0,100.0,1279.0
cntvaluein3-skew-locked-seed-50,fail,direct_max,clocking,lane1,dqs1,,endpoint,5,1179.0,1279.0,1279.0,1279.0,100.0,1279.0
cntvaluein3-skew-locked-seed-51,fail,direct_max,clocking,lane1,dqs1,,endpoint,5,1179.0,1279.0,1279.0,1279.0,100.0,1279.0
cntvaluein3-skew-locked-seed-52,fail,direct_max,clocking,lane1,dqs1,,endpoint,5,1179.0,1279.0,1279.0,1279.0,100.0,1279.0
cntvaluein3-skew-locked-seed-53,fail,direct_max,clocking,lane1,dqs1,,endpoint,5,1179.0,1279.0,1279.0,1279.0,100.0,1279.0
cntvaluein3-skew-locked-seed-54,pass,direct_max,clocking,lane1,dqs1,,endpoint,5,1179.0,1279.0,1279.0,1279.0,100.0,1279.0
cntvaluein3-skew-locked-seed-55,pass,direct_max,clocking,lane1,dqs1,,endpoint,5,1179.0,1279.0,1279.0,1279.0,100.0,1279.0
cntvaluein3-skew-locked-seed-56,pass,direct_max,clocking,lane1,dqs1,,endpoint,5,1179.0,1279.0,1279.0,1279.0,100.0,1279.0
cntvaluein3-skew-locked-seed-57,pass,direct_max,clocking,lane1,dqs1,,endpoint,5,1179.0,1279.0,1279.0,1279.0,100.0,1279.0
cntvaluein3-skew-locked-seed-58,pass,direct_max,clocking,lane1,dqs1,,endpoint,5,1179.0,1279.0,1279.0,1279.0,100.0,1279.0
cntvaluein3-skew-locked-seed-59,pass,direct_max,clocking,lane1,dqs1,,endpoint,5,1179.0,1279.0,1279.0,1279.0,100.0,1279.0
cntvaluein3-skew-locked-seed-60,fail,direct_max,clocking,lane1,dqs1,,endpoint,5,1179.0,1279.0,1279.0,1279.0,100.0,1279.0
cntvaluein3-skew-locked-seed-31,pass,direct_max,dq_iologic,lane0,dq0,,endpoint,59,0.0,1141.0,1544.0,1769.0,1769.0,1769.0
cntvaluein3-skew-locked-seed-32,pass,direct_max,dq_iologic,lane0,dq0,,endpoint,59,0.0,1516.0,2239.0,3213.0,3213.0,3213.0
cntvaluein3-skew-locked-seed-33,fail,direct_max,dq_iologic,lane0,dq0,,endpoint,59,0.0,1351.0,1684.0,1685.0,1685.0,1685.0
cntvaluein3-skew-locked-seed-34,pass,direct_max,dq_iologic,lane0,dq0,,endpoint,59,0.0,1261.0,2178.0,2648.0,2648.0,2648.0
cntvaluein3-skew-locked-seed-35,pass,direct_max,dq_iologic,lane0,dq0,,endpoint,57,0.0,1274.0,2532.0,2736.0,2736.0,2736.0
cntvaluein3-skew-locked-seed-36,fail,direct_max,dq_iologic,lane0,dq0,,endpoint,61,0.0,1205.0,1815.0,1815.0,1815.0,1815.0
cntvaluein3-skew-locked-seed-37,pass,direct_max,dq_iologic,lane0,dq0,,endpoint,57,0.0,1320.0,1779.0,1889.0,1889.0,1889.0
cntvaluein3-skew-locked-seed-38,pass,direct_max,dq_iologic,lane0,dq0,,endpoint,59,0.0,1322.0,1929.0,2224.0,2224.0,2224.0
cntvaluein3-skew-locked-seed-39,fail,direct_max,dq_iologic,lane0,dq0,,endpoint,59,0.0,1279.0,1720.0,1939.0,1939.0,1939.0
cntvaluein3-skew-locked-seed-40,pass,direct_max,dq_iologic,lane0,dq0,,endpoint,59,0.0,1139.0,1845.0,1934.0,1934.0,1934.0
cntvaluein3-skew-locked-seed-41,fail,direct_max,dq_iologic,lane0,dq0,,endpoint,59,0.0,1159.0,1784.0,1894.0,1894.0,1894.0
cntvaluein3-skew-locked-seed-42,pass,direct_max,dq_iologic,lane0,dq0,,endpoint,57,0.0,1279.0,1651.0,1911.0,1911.0,1911.0
cntvaluein3-skew-locked-seed-43,pass,direct_max,dq_iologic,lane0,dq0,,endpoint,57,0.0,1363.0,2388.0,2482.0,2482.0,2482.0
cntvaluein3-skew-locked-seed-44,pass,direct_max,dq_iologic,lane0,dq0,,endpoint,61,0.0,1383.0,2733.0,3207.0,3207.0,3207.0
cntvaluein3-skew-locked-seed-45,fail,direct_max,dq_iologic,lane0,dq0,,endpoint,57,0.0,1279.0,2401.0,2723.0,2723.0,2723.0
cntvaluein3-skew-locked-seed-46,pass,direct_max,dq_iologic,lane0,dq0,,endpoint,61,0.0,1279.0,1925.0,2905.0,2905.0,2905.0
cntvaluein3-skew-locked-seed-47,pass,direct_max,dq_iologic,lane0,dq0,,endpoint,59,0.0,1059.0,1667.0,1695.0,1695.0,1695.0
cntvaluein3-skew-locked-seed-48,fail,direct_max,dq_iologic,lane0,dq0,,endpoint,57,0.0,1215.0,2184.0,2815.0,2815.0,2815.0
cntvaluein3-skew-locked-seed-49,pass,direct_max,dq_iologic,lane0,dq0,,endpoint,59,0.0,1279.0,1919.0,1995.0,1995.0,1995.0
cntvaluein3-skew-locked-seed-50,fail,direct_max,dq_iologic,lane0,dq0,,endpoint,61,0.0,1179.0,1766.0,1917.0,1917.0,1917.0
cntvaluein3-skew-locked-seed-51,fail,direct_max,dq_iologic,lane0,dq0,,endpoint,59,0.0,1514.0,2551.0,2806.0,2806.0,2806.0
cntvaluein3-skew-locked-seed-52,fail,direct_max,dq_iologic,lane0,dq0,,endpoint,59,0.0,1325.0,1792.0,2055.0,2055.0,2055.0
cntvaluein3-skew-locked-seed-53,fail,direct_max,dq_iologic,lane0,dq0,,endpoint,57,0.0,1159.0,1771.0,1919.0,1919.0,1919.0
cntvaluein3-skew-locked-seed-54,pass,direct_max,dq_iologic,lane0,dq0,,endpoint,57,0.0,1314.0,1738.0,2112.0,2112.0,2112.0
cntvaluein3-skew-locked-seed-55,pass,direct_max,dq_iologic,lane0,dq0,,endpoint,59,0.0,1429.0,1963.0,2950.0,2950.0,2950.0
cntvaluein3-skew-locked-seed-56,pass,direct_max,dq_iologic,lane0,dq0,,endpoint,61,0.0,1225.0,1815.0,1985.0,1985.0,1985.0
cntvaluein3-skew-locked-seed-57,pass,direct_max,dq_iologic,lane0,dq0,,endpoint,57,0.0,1200.0,1671.0,1720.0,1720.0,1720.0
cntvaluein3-skew-locked-seed-58,pass,direct_max,dq_iologic,lane0,dq0,,endpoint,59,0.0,1095.0,1664.0,1799.0,1799.0,1799.0
cntvaluein3-skew-locked-seed-59,pass,direct_max,dq_iologic,lane0,dq0,,endpoint,59,0.0,1215.0,1634.0,1991.0,1991.0,1991.0
cntvaluein3-skew-locked-seed-60,fail,direct_max,dq_iologic,lane0,dq0,,endpoint,59,0.0,1292.0,1960.0,2052.0,2052.0,2052.0
cntvaluein3-skew-locked-seed-31,pass,direct_max,dq_iologic,lane0,dq1,,endpoint,55,0.0,1169.0,1690.0,1873.0,1873.0,1873.0
cntvaluein3-skew-locked-seed-32,pass,direct_max,dq_iologic,lane0,dq1,,endpoint,55,0.0,1378.0,2335.0,2953.0,2953.0,2953.0
cntvaluein3-skew-locked-seed-33,fail,direct_max,dq_iologic,lane0,dq1,,endpoint,55,0.0,1394.0,1689.0,2506.0,2506.0,2506.0
cntvaluein3-skew-locked-seed-34,pass,direct_max,dq_iologic,lane0,dq1,,endpoint,55,0.0,1279.0,2197.0,2405.0,2405.0,2405.0
cntvaluein3-skew-locked-seed-35,pass,direct_max,dq_iologic,lane0,dq1,,endpoint,55,0.0,1279.0,2293.0,2684.0,2684.0,2684.0
cntvaluein3-skew-locked-seed-36,fail,direct_max,dq_iologic,lane0,dq1,,endpoint,55,0.0,1264.0,1891.0,2193.0,2193.0,2193.0
cntvaluein3-skew-locked-seed-37,pass,direct_max,dq_iologic,lane0,dq1,,endpoint,55,0.0,1383.0,1978.0,2303.0,2303.0,2303.0
cntvaluein3-skew-locked-seed-38,pass,direct_max,dq_iologic,lane0,dq1,,endpoint,55,0.0,1314.0,2109.0,2201.0,2201.0,2201.0
cntvaluein3-skew-locked-seed-39,fail,direct_max,dq_iologic,lane0,dq1,,endpoint,55,0.0,1314.0,2028.0,2153.0,2153.0,2153.0
cntvaluein3-skew-locked-seed-40,pass,direct_max,dq_iologic,lane0,dq1,,endpoint,55,0.0,1248.0,1960.0,2125.0,2125.0,2125.0
cntvaluein3-skew-locked-seed-41,fail,direct_max,dq_iologic,lane0,dq1,,endpoint,55,0.0,1235.0,1774.0,1817.0,1817.0,1817.0
cntvaluein3-skew-locked-seed-42,pass,direct_max,dq_iologic,lane0,dq1,,endpoint,55,0.0,1356.0,2132.0,2921.0,2921.0,2921.0
cntvaluein3-skew-locked-seed-43,pass,direct_max,dq_iologic,lane0,dq1,,endpoint,55,0.0,1279.0,2529.0,2677.0,2677.0,2677.0
cntvaluein3-skew-locked-seed-44,pass,direct_max,dq_iologic,lane0,dq1,,endpoint,55,0.0,1424.0,3055.0,3342.0,3342.0,3342.0
cntvaluein3-skew-locked-seed-45,fail,direct_max,dq_iologic,lane0,dq1,,endpoint,55,0.0,1279.0,2079.0,2255.0,2255.0,2255.0
cntvaluein3-skew-locked-seed-46,pass,direct_max,dq_iologic,lane0,dq1,,endpoint,55,0.0,1394.0,1952.0,2990.0,2990.0,2990.0
cntvaluein3-skew-locked-seed-47,pass,direct_max,dq_iologic,lane0,dq1,,endpoint,55,0.0,1279.0,1917.0,2582.0,2582.0,2582.0
cntvaluein3-skew-locked-seed-48,fail,direct_max,dq_iologic,lane0,dq1,,endpoint,55,0.0,1304.0,2176.0,2266.0,2266.0,2266.0
cntvaluein3-skew-locked-seed-49,pass,direct_max,dq_iologic,lane0,dq1,,endpoint,55,0.0,1235.0,1754.0,2065.0,2065.0,2065.0
cntvaluein3-skew-locked-seed-50,fail,direct_max,dq_iologic,lane0,dq1,,endpoint,55,0.0,1226.0,1758.0,1855.0,1855.0,1855.0
cntvaluein3-skew-locked-seed-51,fail,direct_max,dq_iologic,lane0,dq1,,endpoint,55,0.0,1279.0,2411.0,2576.0,2576.0,2576.0
cntvaluein3-skew-locked-seed-52,fail,direct_max,dq_iologic,lane0,dq1,,endpoint,55,0.0,1394.0,1949.0,2276.0,2276.0,2276.0
cntvaluein3-skew-locked-seed-53,fail,direct_max,dq_iologic,lane0,dq1,,endpoint,55,0.0,1225.0,1873.0,2015.0,2015.0,2015.0
cntvaluein3-skew-locked-seed-54,pass,direct_max,dq_iologic,lane0,dq1,,endpoint,55,0.0,1389.0,1718.0,1929.0,1929.0,1929.0
cntvaluein3-skew-locked-seed-55,pass,direct_max,dq_iologic,lane0,dq1,,endpoint,55,0.0,1534.0,2562.0,3036.0,3036.0,3036.0
cntvaluein3-skew-locked-seed-56,pass,direct_max,dq_iologic,lane0,dq1,,endpoint,55,0.0,1263.0,1919.0,2505.0,2505.0,2505.0
cntvaluein3-skew-locked-seed-57,pass,direct_max,dq_iologic,lane0,dq1,,endpoint,55,0.0,1279.0,1715.0,2036.0,2036.0,2036.0
cntvaluein3-skew-locked-seed-58,pass,direct_max,dq_iologic,lane0,dq1,,endpoint,55,0.0,1279.0,1689.0,2046.0,2046.0,2046.0
cntvaluein3-skew-locked-seed-59,pass,direct_max,dq_iologic,lane0,dq1,,endpoint,55,0.0,1279.0,1847.0,2154.0,2154.0,2154.0
cntvaluein3-skew-locked-seed-60,fail,direct_max,dq_iologic,lane0,dq1,,endpoint,55,0.0,1406.0,2052.0,2400.0,2400.0,2400.0
cntvaluein3-skew-locked-seed-31,pass,direct_max,dq_iologic,lane0,dq2,,endpoint,57,0.0,1011.0,1424.0,1710.0,1710.0,1710.0
cntvaluein3-skew-locked-seed-32,pass,direct_max,dq_iologic,lane0,dq2,,endpoint,57,0.0,1289.0,2322.0,2586.0,2586.0,2586.0
cntvaluein3-skew-locked-seed-33,fail,direct_max,dq_iologic,lane0,dq2,,endpoint,57,0.0,1179.0,1786.0,1983.0,1983.0,1983.0
cntvaluein3-skew-locked-seed-34,pass,direct_max,dq_iologic,lane0,dq2,,endpoint,57,0.0,1125.0,2467.0,2670.0,2670.0,2670.0
cntvaluein3-skew-locked-seed-35,pass,direct_max,dq_iologic,lane0,dq2,,endpoint,57,0.0,1034.0,2473.0,2611.0,2611.0,2611.0
cntvaluein3-skew-locked-seed-36,fail,direct_max,dq_iologic,lane0,dq2,,endpoint,57,0.0,1103.0,1695.0,1725.0,1725.0,1725.0
cntvaluein3-skew-locked-seed-37,pass,direct_max,dq_iologic,lane0,dq2,,endpoint,57,0.0,1215.0,1756.0,1980.0,1980.0,1980.0
cntvaluein3-skew-locked-seed-38,pass,direct_max,dq_iologic,lane0,dq2,,endpoint,57,0.0,1179.0,1820.0,1929.0,1929.0,1929.0
cntvaluein3-skew-locked-seed-39,fail,direct_max,dq_iologic,lane0,dq2,,endpoint,57,0.0,1125.0,1947.0,2038.0,2038.0,2038.0
cntvaluein3-skew-locked-seed-40,pass,direct_max,dq_iologic,lane0,dq2,,endpoint,57,0.0,1166.0,1875.0,2206.0,2206.0,2206.0
cntvaluein3-skew-locked-seed-41,fail,direct_max,dq_iologic,lane0,dq2,,endpoint,57,0.0,1133.0,1695.0,1776.0,1776.0,1776.0
cntvaluein3-skew-locked-seed-42,pass,direct_max,dq_iologic,lane0,dq2,,endpoint,57,0.0,1279.0,1847.0,1902.0,1902.0,1902.0
cntvaluein3-skew-locked-seed-43,pass,direct_max,dq_iologic,lane0,dq2,,endpoint,57,0.0,1304.0,2042.0,2223.0,2223.0,2223.0
cntvaluein3-skew-locked-seed-44,pass,direct_max,dq_iologic,lane0,dq2,,endpoint,57,0.0,1279.0,2387.0,2914.0,2914.0,2914.0
cntvaluein3-skew-locked-seed-45,fail,direct_max,dq_iologic,lane0,dq2,,endpoint,57,0.0,1125.0,2111.0,2275.0,2275.0,2275.0
cntvaluein3-skew-locked-seed-46,pass,direct_max,dq_iologic,lane0,dq2,,endpoint,57,0.0,1215.0,1838.0,3233.0,3233.0,3233.0
cntvaluein3-skew-locked-seed-47,pass,direct_max,dq_iologic,lane0,dq2,,endpoint,57,0.0,1077.0,1680.0,1925.0,1925.0,1925.0
cntvaluein3-skew-locked-seed-48,fail,direct_max,dq_iologic,lane0,dq2,,endpoint,57,0.0,1125.0,2131.0,2352.0,2352.0,2352.0
cntvaluein3-skew-locked-seed-49,pass,direct_max,dq_iologic,lane0,dq2,,endpoint,57,0.0,1179.0,1725.0,1860.0,1860.0,1860.0
cntvaluein3-skew-locked-seed-50,fail,direct_max,dq_iologic,lane0,dq2,,endpoint,57,0.0,991.0,1621.0,1789.0,1789.0,1789.0
cntvaluein3-skew-locked-seed-51,fail,direct_max,dq_iologic,lane0,dq2,,endpoint,57,0.0,1406.0,2369.0,2526.0,2526.0,2526.0
cntvaluein3-skew-locked-seed-52,fail,direct_max,dq_iologic,lane0,dq2,,endpoint,57,0.0,1179.0,1822.0,2019.0,2019.0,2019.0
cntvaluein3-skew-locked-seed-53,fail,direct_max,dq_iologic,lane0,dq2,,endpoint,57,0.0,1279.0,1860.0,1967.0,1967.0,1967.0
cntvaluein3-skew-locked-seed-54,pass,direct_max,dq_iologic,lane0,dq2,,endpoint,57,0.0,1233.0,1582.0,1661.0,1661.0,1661.0
cntvaluein3-skew-locked-seed-55,pass,direct_max,dq_iologic,lane0,dq2,,endpoint,57,0.0,1402.0,1976.0,3128.0,3128.0,3128.0
cntvaluein3-skew-locked-seed-56,pass,direct_max,dq_iologic,lane0,dq2,,endpoint,57,0.0,1279.0,1830.0,1937.0,1937.0,1937.0
cntvaluein3-skew-locked-seed-57,pass,direct_max,dq_iologic,lane0,dq2,,endpoint,57,0.0,1243.0,1605.0,1664.0,1664.0,1664.0
cntvaluein3-skew-locked-seed-58,pass,direct_max,dq_iologic,lane0,dq2,,endpoint,57,0.0,1235.0,1671.0,1942.0,1942.0,1942.0
cntvaluein3-skew-locked-seed-59,pass,direct_max,dq_iologic,lane0,dq2,,endpoint,57,0.0,949.0,1575.0,2250.0,2250.0,2250.0
cntvaluein3-skew-locked-seed-60,fail,direct_max,dq_iologic,lane0,dq2,,endpoint,57,0.0,1179.0,1927.0,2147.0,2147.0,2147.0
cntvaluein3-skew-locked-seed-31,pass,direct_max,dq_iologic,lane0,dq3,,endpoint,57,0.0,944.0,1715.0,2178.0,2178.0,2178.0
cntvaluein3-skew-locked-seed-32,pass,direct_max,dq_iologic,lane0,dq3,,endpoint,57,0.0,1455.0,2200.0,2592.0,2592.0,2592.0
cntvaluein3-skew-locked-seed-33,fail,direct_max,dq_iologic,lane0,dq3,,endpoint,57,0.0,1139.0,2082.0,2461.0,2461.0,2461.0
cntvaluein3-skew-locked-seed-34,pass,direct_max,dq_iologic,lane0,dq3,,endpoint,57,0.0,1125.0,2371.0,2463.0,2463.0,2463.0
cntvaluein3-skew-locked-seed-35,pass,direct_max,dq_iologic,lane0,dq3,,endpoint,57,0.0,1154.0,1980.0,2381.0,2381.0,2381.0
cntvaluein3-skew-locked-seed-36,fail,direct_max,dq_iologic,lane0,dq3,,endpoint,57,0.0,1254.0,1988.0,2085.0,2085.0,2085.0
cntvaluein3-skew-locked-seed-37,pass,direct_max,dq_iologic,lane0,dq3,,endpoint,57,0.0,1251.0,1906.0,2400.0,2400.0,2400.0
cntvaluein3-skew-locked-seed-38,pass,direct_max,dq_iologic,lane0,dq3,,endpoint,57,0.0,1240.0,2163.0,2423.0,2423.0,2423.0
cntvaluein3-skew-locked-seed-39,fail,direct_max,dq_iologic,lane0,dq3,,endpoint,57,0.0,1154.0,1784.0,2306.0,2306.0,2306.0
cntvaluein3-skew-locked-seed-40,pass,direct_max,dq_iologic,lane0,dq3,,endpoint,57,0.0,1269.0,2180.0,2746.0,2746.0,2746.0
cntvaluein3-skew-locked-seed-41,fail,direct_max,dq_iologic,lane0,dq3,,endpoint,57,0.0,1279.0,2076.0,2520.0,2520.0,2520.0
cntvaluein3-skew-locked-seed-42,pass,direct_max,dq_iologic,lane0,dq3,,endpoint,57,0.0,1171.0,2071.0,2453.0,2453.0,2453.0
cntvaluein3-skew-locked-seed-43,pass,direct_max,dq_iologic,lane0,dq3,,endpoint,57,0.0,1279.0,2438.0,2844.0,2844.0,2844.0
cntvaluein3-skew-locked-seed-44,pass,direct_max,dq_iologic,lane0,dq3,,endpoint,57,0.0,1200.0,2602.0,2782.0,2782.0,2782.0
cntvaluein3-skew-locked-seed-45,fail,direct_max,dq_iologic,lane0,dq3,,endpoint,57,0.0,1179.0,2259.0,2555.0,2555.0,2555.0
cntvaluein3-skew-locked-seed-46,pass,direct_max,dq_iologic,lane0,dq3,,endpoint,57,0.0,1277.0,2131.0,3448.0,3448.0,3448.0
cntvaluein3-skew-locked-seed-47,pass,direct_max,dq_iologic,lane0,dq3,,endpoint,57,0.0,1279.0,2045.0,2578.0,2578.0,2578.0
cntvaluein3-skew-locked-seed-48,fail,direct_max,dq_iologic,lane0,dq3,,endpoint,57,0.0,1179.0,2029.0,2336.0,2336.0,2336.0
cntvaluein3-skew-locked-seed-49,pass,direct_max,dq_iologic,lane0,dq3,,endpoint,57,0.0,1289.0,2023.0,2349.0,2349.0,2349.0
cntvaluein3-skew-locked-seed-50,fail,direct_max,dq_iologic,lane0,dq3,,endpoint,57,0.0,1075.0,1965.0,2290.0,2290.0,2290.0
cntvaluein3-skew-locked-seed-51,fail,direct_max,dq_iologic,lane0,dq3,,endpoint,57,0.0,1253.0,2078.0,2246.0,2246.0,2246.0
cntvaluein3-skew-locked-seed-52,fail,direct_max,dq_iologic,lane0,dq3,,endpoint,57,0.0,1279.0,2125.0,2285.0,2285.0,2285.0
cntvaluein3-skew-locked-seed-53,fail,direct_max,dq_iologic,lane0,dq3,,endpoint,57,0.0,1179.0,2255.0,2450.0,2450.0,2450.0
cntvaluein3-skew-locked-seed-54,pass,direct_max,dq_iologic,lane0,dq3,,endpoint,57,0.0,1279.0,1957.0,2993.0,2993.0,2993.0
cntvaluein3-skew-locked-seed-55,pass,direct_max,dq_iologic,lane0,dq3,,endpoint,57,0.0,1394.0,2226.0,3181.0,3181.0,3181.0
cntvaluein3-skew-locked-seed-56,pass,direct_max,dq_iologic,lane0,dq3,,endpoint,57,0.0,1279.0,2069.0,2681.0,2681.0,2681.0
cntvaluein3-skew-locked-seed-57,pass,direct_max,dq_iologic,lane0,dq3,,endpoint,57,0.0,1179.0,1634.0,1973.0,1973.0,1973.0
cntvaluein3-skew-locked-seed-58,pass,direct_max,dq_iologic,lane0,dq3,,endpoint,57,0.0,1179.0,2226.0,2526.0,2526.0,2526.0
cntvaluein3-skew-locked-seed-59,pass,direct_max,dq_iologic,lane0,dq3,,endpoint,57,0.0,1125.0,1809.0,2285.0,2285.0,2285.0
cntvaluein3-skew-locked-seed-60,fail,direct_max,dq_iologic,lane0,dq3,,endpoint,57,0.0,1245.0,2059.0,2305.0,2305.0,2305.0
cntvaluein3-skew-locked-seed-31,pass,direct_max,dq_iologic,lane0,dq4,,endpoint,55,0.0,1024.0,1575.0,1726.0,1726.0,1726.0
cntvaluein3-skew-locked-seed-32,pass,direct_max,dq_iologic,lane0,dq4,,endpoint,55,0.0,1345.0,2341.0,2589.0,2589.0,2589.0
cntvaluein3-skew-locked-seed-33,fail,direct_max,dq_iologic,lane0,dq4,,endpoint,55,0.0,1279.0,1768.0,1833.0,1833.0,1833.0
cntvaluein3-skew-locked-seed-34,pass,direct_max,dq_iologic,lane0,dq4,,endpoint,55,0.0,1179.0,2161.0,2578.0,2578.0,2578.0
cntvaluein3-skew-locked-seed-35,pass,direct_max,dq_iologic,lane0,dq4,,endpoint,55,0.0,1215.0,2096.0,2239.0,2239.0,2239.0
cntvaluein3-skew-locked-seed-36,fail,direct_max,dq_iologic,lane0,dq4,,endpoint,55,0.0,1279.0,1850.0,2262.0,2262.0,2262.0
cntvaluein3-skew-locked-seed-37,pass,direct_max,dq_iologic,lane0,dq4,,endpoint,55,0.0,1277.0,1876.0,1973.0,1973.0,1973.0
cntvaluein3-skew-locked-seed-38,pass,direct_max,dq_iologic,lane0,dq4,,endpoint,55,0.0,1179.0,1927.0,2013.0,2013.0,2013.0
cntvaluein3-skew-locked-seed-39,fail,direct_max,dq_iologic,lane0,dq4,,endpoint,55,0.0,1125.0,1710.0,1894.0,1894.0,1894.0
cntvaluein3-skew-locked-seed-40,pass,direct_max,dq_iologic,lane0,dq4,,endpoint,55,0.0,1195.0,1815.0,1904.0,1904.0,1904.0
cntvaluein3-skew-locked-seed-41,fail,direct_max,dq_iologic,lane0,dq4,,endpoint,55,0.0,1093.0,1671.0,1695.0,1695.0,1695.0
cntvaluein3-skew-locked-seed-42,pass,direct_max,dq_iologic,lane0,dq4,,endpoint,55,0.0,1279.0,1748.0,2092.0,2092.0,2092.0
cntvaluein3-skew-locked-seed-43,pass,direct_max,dq_iologic,lane0,dq4,,endpoint,55,0.0,1279.0,2109.0,2249.0,2249.0,2249.0
cntvaluein3-skew-locked-seed-44,pass,direct_max,dq_iologic,lane0,dq4,,endpoint,55,0.0,1279.0,2486.0,3029.0,3029.0,3029.0
cntvaluein3-skew-locked-seed-45,fail,direct_max,dq_iologic,lane0,dq4,,endpoint,55,0.0,1215.0,2549.0,2913.0,2913.0,2913.0
cntvaluein3-skew-locked-seed-46,pass,direct_max,dq_iologic,lane0,dq4,,endpoint,55,0.0,1179.0,1975.0,3000.0,3000.0,3000.0
cntvaluein3-skew-locked-seed-47,pass,direct_max,dq_iologic,lane0,dq4,,endpoint,55,0.0,1179.0,1664.0,1789.0,1789.0,1789.0
cntvaluein3-skew-locked-seed-48,fail,direct_max,dq_iologic,lane0,dq4,,endpoint,55,0.0,1215.0,2127.0,2996.0,2996.0,2996.0
cntvaluein3-skew-locked-seed-49,pass,direct_max,dq_iologic,lane0,dq4,,endpoint,55,0.0,1136.0,1695.0,1860.0,1860.0,1860.0
cntvaluein3-skew-locked-seed-50,fail,direct_max,dq_iologic,lane0,dq4,,endpoint,55,0.0,990.0,1703.0,1863.0,1863.0,1863.0
cntvaluein3-skew-locked-seed-51,fail,direct_max,dq_iologic,lane0,dq4,,endpoint,55,0.0,1424.0,2410.0,2611.0,2611.0,2611.0
cntvaluein3-skew-locked-seed-52,fail,direct_max,dq_iologic,lane0,dq4,,endpoint,55,0.0,1179.0,1902.0,2151.0,2151.0,2151.0
cntvaluein3-skew-locked-seed-53,fail,direct_max,dq_iologic,lane0,dq4,,endpoint,55,0.0,1179.0,1634.0,1965.0,1965.0,1965.0
cntvaluein3-skew-locked-seed-54,pass,direct_max,dq_iologic,lane0,dq4,,endpoint,55,0.0,1279.0,1791.0,2088.0,2088.0,2088.0
cntvaluein3-skew-locked-seed-55,pass,direct_max,dq_iologic,lane0,dq4,,endpoint,55,0.0,1279.0,2023.0,3198.0,3198.0,3198.0
cntvaluein3-skew-locked-seed-56,pass,direct_max,dq_iologic,lane0,dq4,,endpoint,55,0.0,1279.0,1725.0,1860.0,1860.0,1860.0
cntvaluein3-skew-locked-seed-57,pass,direct_max,dq_iologic,lane0,dq4,,endpoint,55,0.0,1116.0,1664.0,1851.0,1851.0,1851.0
cntvaluein3-skew-locked-seed-58,pass,direct_max,dq_iologic,lane0,dq4,,endpoint,55,0.0,1179.0,1639.0,1735.0,1735.0,1735.0
cntvaluein3-skew-locked-seed-59,pass,direct_max,dq_iologic,lane0,dq4,,endpoint,55,0.0,1179.0,1605.0,2240.0,2240.0,2240.0
cntvaluein3-skew-locked-seed-60,fail,direct_max,dq_iologic,lane0,dq4,,endpoint,55,0.0,1279.0,1761.0,2230.0,2230.0,2230.0
cntvaluein3-skew-locked-seed-31,pass,direct_max,dq_iologic,lane0,dq5,,endpoint,55,0.0,1179.0,1595.0,1832.0,1832.0,1832.0
cntvaluein3-skew-locked-seed-32,pass,direct_max,dq_iologic,lane0,dq5,,endpoint,55,0.0,1314.0,2022.0,2256.0,2256.0,2256.0
cntvaluein3-skew-locked-seed-33,fail,direct_max,dq_iologic,lane0,dq5,,endpoint,55,0.0,1179.0,2000.0,2413.0,2413.0,2413.0
cntvaluein3-skew-locked-seed-34,pass,direct_max,dq_iologic,lane0,dq5,,endpoint,55,0.0,1156.0,1748.0,2677.0,2677.0,2677.0
cntvaluein3-skew-locked-seed-35,pass,direct_max,dq_iologic,lane0,dq5,,endpoint,55,0.0,1092.0,1996.0,2151.0,2151.0,2151.0
cntvaluein3-skew-locked-seed-36,fail,direct_max,dq_iologic,lane0,dq5,,endpoint,55,0.0,1179.0,1751.0,2270.0,2270.0,2270.0
cntvaluein3-skew-locked-seed-37,pass,direct_max,dq_iologic,lane0,dq5,,endpoint,55,0.0,1154.0,2125.0,2823.0,2823.0,2823.0
cntvaluein3-skew-locked-seed-38,pass,direct_max,dq_iologic,lane0,dq5,,endpoint,55,0.0,1179.0,2128.0,2226.0,2226.0,2226.0
cntvaluein3-skew-locked-seed-39,fail,direct_max,dq_iologic,lane0,dq5,,endpoint,55,0.0,1179.0,1871.0,2176.0,2176.0,2176.0
cntvaluein3-skew-locked-seed-40,pass,direct_max,dq_iologic,lane0,dq5,,endpoint,55,0.0,1378.0,2131.0,2361.0,2361.0,2361.0
cntvaluein3-skew-locked-seed-41,fail,direct_max,dq_iologic,lane0,dq5,,endpoint,55,0.0,1179.0,1649.0,2121.0,2121.0,2121.0
cntvaluein3-skew-locked-seed-42,pass,direct_max,dq_iologic,lane0,dq5,,endpoint,55,0.0,1299.0,2420.0,2668.0,2668.0,2668.0
cntvaluein3-skew-locked-seed-43,pass,direct_max,dq_iologic,lane0,dq5,,endpoint,55,0.0,1139.0,1907.0,2361.0,2361.0,2361.0
cntvaluein3-skew-locked-seed-44,pass,direct_max,dq_iologic,lane0,dq5,,endpoint,55,0.0,1314.0,2525.0,3032.0,3032.0,3032.0
cntvaluein3-skew-locked-seed-45,fail,direct_max,dq_iologic,lane0,dq5,,endpoint,55,0.0,1034.0,1875.0,1939.0,1939.0,1939.0
cntvaluein3-skew-locked-seed-46,pass,direct_max,dq_iologic,lane0,dq5,,endpoint,55,0.0,1282.0,2115.0,3371.0,3371.0,3371.0
cntvaluein3-skew-locked-seed-47,pass,direct_max,dq_iologic,lane0,dq5,,endpoint,55,0.0,950.0,1613.0,2063.0,2063.0,2063.0
cntvaluein3-skew-locked-seed-48,fail,direct_max,dq_iologic,lane0,dq5,,endpoint,55,0.0,1179.0,2265.0,2430.0,2430.0,2430.0
cntvaluein3-skew-locked-seed-49,pass,direct_max,dq_iologic,lane0,dq5,,endpoint,55,0.0,1279.0,1710.0,2023.0,2023.0,2023.0
cntvaluein3-skew-locked-seed-50,fail,direct_max,dq_iologic,lane0,dq5,,endpoint,55,0.0,1279.0,2184.0,2371.0,2371.0,2371.0
cntvaluein3-skew-locked-seed-51,fail,direct_max,dq_iologic,lane0,dq5,,endpoint,55,0.0,1304.0,1958.0,2155.0,2155.0,2155.0
cntvaluein3-skew-locked-seed-52,fail,direct_max,dq_iologic,lane0,dq5,,endpoint,55,0.0,1299.0,2124.0,2772.0,2772.0,2772.0
cntvaluein3-skew-locked-seed-53,fail,direct_max,dq_iologic,lane0,dq5,,endpoint,55,0.0,1279.0,2036.0,2270.0,2270.0,2270.0
cntvaluein3-skew-locked-seed-54,pass,direct_max,dq_iologic,lane0,dq5,,endpoint,55,0.0,1179.0,2372.0,2628.0,2628.0,2628.0
cntvaluein3-skew-locked-seed-55,pass,direct_max,dq_iologic,lane0,dq5,,endpoint,55,0.0,1279.0,2226.0,2542.0,2542.0,2542.0
cntvaluein3-skew-locked-seed-56,pass,direct_max,dq_iologic,lane0,dq5,,endpoint,55,0.0,1179.0,2069.0,2948.0,2948.0,2948.0
cntvaluein3-skew-locked-seed-57,pass,direct_max,dq_iologic,lane0,dq5,,endpoint,55,0.0,1152.0,1664.0,1761.0,1761.0,1761.0
cntvaluein3-skew-locked-seed-58,pass,direct_max,dq_iologic,lane0,dq5,,endpoint,55,0.0,1179.0,1666.0,2046.0,2046.0,2046.0
cntvaluein3-skew-locked-seed-59,pass,direct_max,dq_iologic,lane0,dq5,,endpoint,55,0.0,1149.0,1485.0,2447.0,2447.0,2447.0
cntvaluein3-skew-locked-seed-60,fail,direct_max,dq_iologic,lane0,dq5,,endpoint,55,0.0,1279.0,1911.0,2467.0,2467.0,2467.0
cntvaluein3-skew-locked-seed-31,pass,direct_max,dq_iologic,lane0,dq6,,endpoint,58,0.0,1179.0,1544.0,1544.0,1544.0,1544.0
cntvaluein3-skew-locked-seed-32,pass,direct_max,dq_iologic,lane0,dq6,,endpoint,57,0.0,1460.0,2240.0,2740.0,2740.0,2740.0
cntvaluein3-skew-locked-seed-33,fail,direct_max,dq_iologic,lane0,dq6,,endpoint,58,0.0,1125.0,1792.0,1879.0,1879.0,1879.0
cntvaluein3-skew-locked-seed-34,pass,direct_max,dq_iologic,lane0,dq6,,endpoint,57,0.0,1179.0,2286.0,2398.0,2398.0,2398.0
cntvaluein3-skew-locked-seed-35,pass,direct_max,dq_iologic,lane0,dq6,,endpoint,57,0.0,1125.0,2155.0,2625.0,2625.0,2625.0
cntvaluein3-skew-locked-seed-36,fail,direct_max,dq_iologic,lane0,dq6,,endpoint,58,0.0,1127.0,1754.0,1815.0,1815.0,1815.0
cntvaluein3-skew-locked-seed-37,pass,direct_max,dq_iologic,lane0,dq6,,endpoint,57,0.0,1090.0,1835.0,1972.0,1972.0,1972.0
cntvaluein3-skew-locked-seed-38,pass,direct_max,dq_iologic,lane0,dq6,,endpoint,57,0.0,1179.0,1682.0,1944.0,1944.0,1944.0
cntvaluein3-skew-locked-seed-39,fail,direct_max,dq_iologic,lane0,dq6,,endpoint,58,0.0,1038.0,1888.0,2131.0,2131.0,2131.0
cntvaluein3-skew-locked-seed-40,pass,direct_max,dq_iologic,lane0,dq6,,endpoint,57,0.0,1279.0,1904.0,2025.0,2025.0,2025.0
cntvaluein3-skew-locked-seed-41,fail,direct_max,dq_iologic,lane0,dq6,,endpoint,58,0.0,1279.0,1754.0,1998.0,1998.0,1998.0
cntvaluein3-skew-locked-seed-42,pass,direct_max,dq_iologic,lane0,dq6,,endpoint,58,0.0,1215.0,1557.0,2003.0,2003.0,2003.0
cntvaluein3-skew-locked-seed-43,pass,direct_max,dq_iologic,lane0,dq6,,endpoint,57,0.0,1179.0,2278.0,2392.0,2392.0,2392.0
cntvaluein3-skew-locked-seed-44,pass,direct_max,dq_iologic,lane0,dq6,,endpoint,58,0.0,1229.0,2450.0,2586.0,2586.0,2586.0
cntvaluein3-skew-locked-seed-45,fail,direct_max,dq_iologic,lane0,dq6,,endpoint,57,0.0,1215.0,2161.0,2391.0,2391.0,2391.0
cntvaluein3-skew-locked-seed-46,pass,direct_max,dq_iologic,lane0,dq6,,endpoint,57,0.0,1179.0,1827.0,3325.0,3325.0,3325.0
cntvaluein3-skew-locked-seed-47,pass,direct_max,dq_iologic,lane0,dq6,,endpoint,57,0.0,1152.0,1634.0,2019.0,2019.0,2019.0
cntvaluein3-skew-locked-seed-48,fail,direct_max,dq_iologic,lane0,dq6,,endpoint,57,0.0,1034.0,2138.0,2336.0,2336.0,2336.0
cntvaluein3-skew-locked-seed-49,pass,direct_max,dq_iologic,lane0,dq6,,endpoint,57,0.0,1279.0,1784.0,1840.0,1840.0,1840.0
cntvaluein3-skew-locked-seed-50,fail,direct_max,dq_iologic,lane0,dq6,,endpoint,57,0.0,1179.0,1634.0,1958.0,1958.0,1958.0
cntvaluein3-skew-locked-seed-51,fail,direct_max,dq_iologic,lane0,dq6,,endpoint,57,0.0,1279.0,2345.0,2552.0,2552.0,2552.0
cntvaluein3-skew-locked-seed-52,fail,direct_max,dq_iologic,lane0,dq6,,endpoint,57,0.0,1215.0,1807.0,2079.0,2079.0,2079.0
cntvaluein3-skew-locked-seed-53,fail,direct_max,dq_iologic,lane0,dq6,,endpoint,57,0.0,1069.0,1740.0,2142.0,2142.0,2142.0
cntvaluein3-skew-locked-seed-54,pass,direct_max,dq_iologic,lane0,dq6,,endpoint,57,0.0,1057.0,1600.0,1805.0,1805.0,1805.0
cntvaluein3-skew-locked-seed-55,pass,direct_max,dq_iologic,lane0,dq6,,endpoint,57,0.0,1304.0,1855.0,3167.0,3167.0,3167.0
cntvaluein3-skew-locked-seed-56,pass,direct_max,dq_iologic,lane0,dq6,,endpoint,57,0.0,1365.0,1728.0,1799.0,1799.0,1799.0
cntvaluein3-skew-locked-seed-57,pass,direct_max,dq_iologic,lane0,dq6,,endpoint,57,0.0,1179.0,1664.0,1978.0,1978.0,1978.0
cntvaluein3-skew-locked-seed-58,pass,direct_max,dq_iologic,lane0,dq6,,endpoint,57,0.0,1246.0,1685.0,1861.0,1861.0,1861.0
cntvaluein3-skew-locked-seed-59,pass,direct_max,dq_iologic,lane0,dq6,,endpoint,57,0.0,1097.0,1605.0,1993.0,1993.0,1993.0
cntvaluein3-skew-locked-seed-60,fail,direct_max,dq_iologic,lane0,dq6,,endpoint,57,0.0,1279.0,1773.0,2187.0,2187.0,2187.0
cntvaluein3-skew-locked-seed-31,pass,direct_max,dq_iologic,lane0,dq7,,endpoint,56,0.0,1299.0,1939.0,2474.0,2474.0,2474.0
cntvaluein3-skew-locked-seed-32,pass,direct_max,dq_iologic,lane0,dq7,,endpoint,57,0.0,1465.0,2423.0,2746.0,2746.0,2746.0
cntvaluein3-skew-locked-seed-33,fail,direct_max,dq_iologic,lane0,dq7,,endpoint,56,0.0,1418.0,1871.0,1970.0,1970.0,1970.0
cntvaluein3-skew-locked-seed-34,pass,direct_max,dq_iologic,lane0,dq7,,endpoint,56,0.0,1279.0,2188.0,2867.0,2867.0,2867.0
cntvaluein3-skew-locked-seed-35,pass,direct_max,dq_iologic,lane0,dq7,,endpoint,57,0.0,1304.0,2414.0,2595.0,2595.0,2595.0
cntvaluein3-skew-locked-seed-36,fail,direct_max,dq_iologic,lane0,dq7,,endpoint,56,0.0,1286.5,1815.0,2115.0,2115.0,2115.0
cntvaluein3-skew-locked-seed-37,pass,direct_max,dq_iologic,lane0,dq7,,endpoint,56,0.0,1394.0,1824.0,2065.0,2065.0,2065.0
cntvaluein3-skew-locked-seed-38,pass,direct_max,dq_iologic,lane0,dq7,,endpoint,59,0.0,1394.0,2032.0,2335.0,2335.0,2335.0
cntvaluein3-skew-locked-seed-39,fail,direct_max,dq_iologic,lane0,dq7,,endpoint,56,0.0,1424.5,1980.0,2026.0,2026.0,2026.0
cntvaluein3-skew-locked-seed-40,pass,direct_max,dq_iologic,lane0,dq7,,endpoint,58,0.0,1549.5,2714.0,2805.0,2805.0,2805.0
cntvaluein3-skew-locked-seed-41,fail,direct_max,dq_iologic,lane0,dq7,,endpoint,58,0.0,1433.0,2355.0,2474.0,2474.0,2474.0
cntvaluein3-skew-locked-seed-42,pass,direct_max,dq_iologic,lane0,dq7,,endpoint,56,0.0,1353.5,1827.0,2158.0,2158.0,2158.0
cntvaluein3-skew-locked-seed-43,pass,direct_max,dq_iologic,lane0,dq7,,endpoint,57,0.0,1314.0,2308.0,2630.0,2630.0,2630.0
cntvaluein3-skew-locked-seed-44,pass,direct_max,dq_iologic,lane0,dq7,,endpoint,57,0.0,1394.0,2358.0,2684.0,2684.0,2684.0
cntvaluein3-skew-locked-seed-45,fail,direct_max,dq_iologic,lane0,dq7,,endpoint,57,0.0,1314.0,2289.0,2799.0,2799.0,2799.0
cntvaluein3-skew-locked-seed-46,pass,direct_max,dq_iologic,lane0,dq7,,endpoint,57,0.0,1424.0,2276.0,3318.0,3318.0,3318.0
cntvaluein3-skew-locked-seed-47,pass,direct_max,dq_iologic,lane0,dq7,,endpoint,56,0.0,1313.0,1906.0,2565.0,2565.0,2565.0
cntvaluein3-skew-locked-seed-48,fail,direct_max,dq_iologic,lane0,dq7,,endpoint,56,0.0,1279.0,2236.0,2388.0,2388.0,2388.0
cntvaluein3-skew-locked-seed-49,pass,direct_max,dq_iologic,lane0,dq7,,endpoint,58,0.0,1498.0,2025.0,2313.0,2313.0,2313.0
cntvaluein3-skew-locked-seed-50,fail,direct_max,dq_iologic,lane0,dq7,,endpoint,56,0.0,1216.0,1871.0,2295.0,2295.0,2295.0
cntvaluein3-skew-locked-seed-51,fail,direct_max,dq_iologic,lane0,dq7,,endpoint,56,0.0,1521.0,2025.0,2749.0,2749.0,2749.0
cntvaluein3-skew-locked-seed-52,fail,direct_max,dq_iologic,lane0,dq7,,endpoint,56,0.0,1514.5,2109.0,2138.0,2138.0,2138.0
cntvaluein3-skew-locked-seed-53,fail,direct_max,dq_iologic,lane0,dq7,,endpoint,57,0.0,1279.0,2055.0,2058.0,2058.0,2058.0
cntvaluein3-skew-locked-seed-54,pass,direct_max,dq_iologic,lane0,dq7,,endpoint,56,0.0,1394.0,1855.0,2286.0,2286.0,2286.0
cntvaluein3-skew-locked-seed-55,pass,direct_max,dq_iologic,lane0,dq7,,endpoint,58,0.0,1511.0,2230.0,3213.0,3213.0,3213.0
cntvaluein3-skew-locked-seed-56,pass,direct_max,dq_iologic,lane0,dq7,,endpoint,56,0.0,1341.5,2121.0,2265.0,2265.0,2265.0
cntvaluein3-skew-locked-seed-57,pass,direct_max,dq_iologic,lane0,dq7,,endpoint,58,0.0,1534.0,2565.0,2565.0,2565.0,2565.0
cntvaluein3-skew-locked-seed-58,pass,direct_max,dq_iologic,lane0,dq7,,endpoint,57,0.0,1381.0,2019.0,2384.0,2384.0,2384.0
cntvaluein3-skew-locked-seed-59,pass,direct_max,dq_iologic,lane0,dq7,,endpoint,58,0.0,1527.0,2444.0,2444.0,2444.0,2444.0
cntvaluein3-skew-locked-seed-60,fail,direct_max,dq_iologic,lane0,dq7,,endpoint,58,0.0,1409.0,2053.0,2234.0,2234.0,2234.0
cntvaluein3-skew-locked-seed-31,pass,direct_max,dq_iologic,lane1,dq10,,endpoint,58,0.0,1183.0,2414.0,2414.0,2414.0,2414.0
cntvaluein3-skew-locked-seed-32,pass,direct_max,dq_iologic,lane1,dq10,,endpoint,57,0.0,1476.0,2084.0,2344.0,2344.0,2344.0
cntvaluein3-skew-locked-seed-33,fail,direct_max,dq_iologic,lane1,dq10,,endpoint,58,0.0,1349.5,2085.0,2085.0,2085.0,2085.0
cntvaluein3-skew-locked-seed-34,pass,direct_max,dq_iologic,lane1,dq10,,endpoint,59,0.0,1394.0,2107.0,2496.0,2496.0,2496.0
cntvaluein3-skew-locked-seed-35,pass,direct_max,dq_iologic,lane1,dq10,,endpoint,58,0.0,1419.0,1957.0,2214.0,2214.0,2214.0
cntvaluein3-skew-locked-seed-36,fail,direct_max,dq_iologic,lane1,dq10,,endpoint,57,0.0,1279.0,2144.0,2204.0,2204.0,2204.0
cntvaluein3-skew-locked-seed-37,pass,direct_max,dq_iologic,lane1,dq10,,endpoint,57,0.0,1342.0,2016.0,2174.0,2174.0,2174.0
cntvaluein3-skew-locked-seed-38,pass,direct_max,dq_iologic,lane1,dq10,,endpoint,59,0.0,1279.0,1695.0,2059.0,2059.0,2059.0
cntvaluein3-skew-locked-seed-39,fail,direct_max,dq_iologic,lane1,dq10,,endpoint,58,0.0,1279.0,1975.0,2867.0,2867.0,2867.0
cntvaluein3-skew-locked-seed-40,pass,direct_max,dq_iologic,lane1,dq10,,endpoint,59,0.0,1412.0,2954.0,2954.0,2954.0,2954.0
cntvaluein3-skew-locked-seed-41,fail,direct_max,dq_iologic,lane1,dq10,,endpoint,59,0.0,1314.0,2444.0,2634.0,2634.0,2634.0
cntvaluein3-skew-locked-seed-42,pass,direct_max,dq_iologic,lane1,dq10,,endpoint,58,0.0,1221.5,1664.0,1738.0,1738.0,1738.0
cntvaluein3-skew-locked-seed-43,pass,direct_max,dq_iologic,lane1,dq10,,endpoint,58,0.0,1545.5,2115.0,2516.0,2516.0,2516.0
cntvaluein3-skew-locked-seed-44,pass,direct_max,dq_iologic,lane1,dq10,,endpoint,59,0.0,1511.0,2585.0,2654.0,2654.0,2654.0
cntvaluein3-skew-locked-seed-45,fail,direct_max,dq_iologic,lane1,dq10,,endpoint,60,0.0,1521.0,2206.0,2589.0,2589.0,2589.0
cntvaluein3-skew-locked-seed-46,pass,direct_max,dq_iologic,lane1,dq10,,endpoint,60,0.0,1257.5,2038.0,2628.0,2628.0,2628.0
cntvaluein3-skew-locked-seed-47,pass,direct_max,dq_iologic,lane1,dq10,,endpoint,57,0.0,1432.0,2595.0,2625.0,2625.0,2625.0
cntvaluein3-skew-locked-seed-48,fail,direct_max,dq_iologic,lane1,dq10,,endpoint,56,0.0,1389.0,2102.0,2582.0,2582.0,2582.0
cntvaluein3-skew-locked-seed-49,pass,direct_max,dq_iologic,lane1,dq10,,endpoint,57,0.0,1279.0,2085.0,2115.0,2115.0,2115.0
cntvaluein3-skew-locked-seed-50,fail,direct_max,dq_iologic,lane1,dq10,,endpoint,59,0.0,1279.0,2414.0,2414.0,2414.0,2414.0
cntvaluein3-skew-locked-seed-51,fail,direct_max,dq_iologic,lane1,dq10,,endpoint,59,0.0,1514.0,2209.0,2786.0,2786.0,2786.0
cntvaluein3-skew-locked-seed-52,fail,direct_max,dq_iologic,lane1,dq10,,endpoint,59,0.0,1314.0,1605.0,1750.0,1750.0,1750.0
cntvaluein3-skew-locked-seed-53,fail,direct_max,dq_iologic,lane1,dq10,,endpoint,58,0.0,1215.0,2085.0,2115.0,2115.0,2115.0
cntvaluein3-skew-locked-seed-54,pass,direct_max,dq_iologic,lane1,dq10,,endpoint,58,0.0,1211.0,1575.0,1575.0,1575.0,1575.0
cntvaluein3-skew-locked-seed-55,pass,direct_max,dq_iologic,lane1,dq10,,endpoint,57,0.0,1379.0,1985.0,2641.0,2641.0,2641.0
cntvaluein3-skew-locked-seed-56,pass,direct_max,dq_iologic,lane1,dq10,,endpoint,59,0.0,1366.0,2325.0,2328.0,2328.0,2328.0
cntvaluein3-skew-locked-seed-57,pass,direct_max,dq_iologic,lane1,dq10,,endpoint,57,0.0,1292.0,2595.0,2625.0,2625.0,2625.0
cntvaluein3-skew-locked-seed-58,pass,direct_max,dq_iologic,lane1,dq10,,endpoint,58,0.0,1319.0,2414.0,2637.0,2637.0,2637.0
cntvaluein3-skew-locked-seed-59,pass,direct_max,dq_iologic,lane1,dq10,,endpoint,58,0.0,1336.5,2535.0,2535.0,2535.0,2535.0
cntvaluein3-skew-locked-seed-60,fail,direct_max,dq_iologic,lane1,dq10,,endpoint,59,0.0,1304.0,1957.0,2309.0,2309.0,2309.0
cntvaluein3-skew-locked-seed-31,pass,direct_max,dq_iologic,lane1,dq11,,endpoint,56,0.0,1212.5,2295.0,2295.0,2295.0,2295.0
cntvaluein3-skew-locked-seed-32,pass,direct_max,dq_iologic,lane1,dq11,,endpoint,57,0.0,1562.0,2177.0,2657.0,2657.0,2657.0
cntvaluein3-skew-locked-seed-33,fail,direct_max,dq_iologic,lane1,dq11,,endpoint,58,0.0,1279.0,1965.0,2301.0,2301.0,2301.0
cntvaluein3-skew-locked-seed-34,pass,direct_max,dq_iologic,lane1,dq11,,endpoint,59,0.0,1394.0,2025.0,2461.0,2461.0,2461.0
cntvaluein3-skew-locked-seed-35,pass,direct_max,dq_iologic,lane1,dq11,,endpoint,59,0.0,1279.0,2072.0,2368.0,2368.0,2368.0
cntvaluein3-skew-locked-seed-36,fail,direct_max,dq_iologic,lane1,dq11,,endpoint,57,0.0,1190.0,2115.0,2115.0,2115.0,2115.0
cntvaluein3-skew-locked-seed-37,pass,direct_max,dq_iologic,lane1,dq11,,endpoint,58,0.0,1176.5,1817.0,2233.0,2233.0,2233.0
cntvaluein3-skew-locked-seed-38,pass,direct_max,dq_iologic,lane1,dq11,,endpoint,60,0.0,1178.0,1800.0,2167.0,2167.0,2167.0
cntvaluein3-skew-locked-seed-39,fail,direct_max,dq_iologic,lane1,dq11,,endpoint,58,0.0,1179.0,2015.0,2670.0,2670.0,2670.0
cntvaluein3-skew-locked-seed-40,pass,direct_max,dq_iologic,lane1,dq11,,endpoint,57,0.0,1279.0,2835.0,2835.0,2835.0,2835.0
cntvaluein3-skew-locked-seed-41,fail,direct_max,dq_iologic,lane1,dq11,,endpoint,58,0.0,1279.0,2384.0,2384.0,2384.0,2384.0
cntvaluein3-skew-locked-seed-42,pass,direct_max,dq_iologic,lane1,dq11,,endpoint,60,0.0,1296.5,1756.0,2046.0,2046.0,2046.0
cntvaluein3-skew-locked-seed-43,pass,direct_max,dq_iologic,lane1,dq11,,endpoint,59,0.0,1315.0,2174.0,2329.0,2329.0,2329.0
cntvaluein3-skew-locked-seed-44,pass,direct_max,dq_iologic,lane1,dq11,,endpoint,59,0.0,1414.0,2381.0,2877.0,2877.0,2877.0
cntvaluein3-skew-locked-seed-45,fail,direct_max,dq_iologic,lane1,dq11,,endpoint,59,0.0,1314.0,2150.0,2507.0,2507.0,2507.0
cntvaluein3-skew-locked-seed-46,pass,direct_max,dq_iologic,lane1,dq11,,endpoint,60,0.0,1262.5,1967.0,2602.0,2602.0,2602.0
cntvaluein3-skew-locked-seed-47,pass,direct_max,dq_iologic,lane1,dq11,,endpoint,58,0.0,1383.5,2505.0,2505.0,2505.0,2505.0
cntvaluein3-skew-locked-seed-48,fail,direct_max,dq_iologic,lane1,dq11,,endpoint,58,0.0,1309.0,2127.0,2434.0,2434.0,2434.0
cntvaluein3-skew-locked-seed-49,pass,direct_max,dq_iologic,lane1,dq11,,endpoint,57,0.0,1314.0,1995.0,2124.0,2124.0,2124.0
cntvaluein3-skew-locked-seed-50,fail,direct_max,dq_iologic,lane1,dq11,,endpoint,59,0.0,1279.0,2325.0,2528.0,2528.0,2528.0
cntvaluein3-skew-locked-seed-51,fail,direct_max,dq_iologic,lane1,dq11,,endpoint,59,0.0,1455.0,2259.0,2598.0,2598.0,2598.0
cntvaluein3-skew-locked-seed-52,fail,direct_max,dq_iologic,lane1,dq11,,endpoint,58,0.0,1279.0,1805.0,2183.0,2183.0,2183.0
cntvaluein3-skew-locked-seed-53,fail,direct_max,dq_iologic,lane1,dq11,,endpoint,58,0.0,1263.5,1947.0,2055.0,2055.0,2055.0
cntvaluein3-skew-locked-seed-54,pass,direct_max,dq_iologic,lane1,dq11,,endpoint,58,0.0,1152.5,1598.0,1817.0,1817.0,1817.0
cntvaluein3-skew-locked-seed-55,pass,direct_max,dq_iologic,lane1,dq11,,endpoint,60,0.0,1319.5,2038.0,2766.0,2766.0,2766.0
cntvaluein3-skew-locked-seed-56,pass,direct_max,dq_iologic,lane1,dq11,,endpoint,59,0.0,1300.0,1934.0,2144.0,2144.0,2144.0
cntvaluein3-skew-locked-seed-57,pass,direct_max,dq_iologic,lane1,dq11,,endpoint,59,0.0,1473.0,2474.0,2474.0,2474.0,2474.0
cntvaluein3-skew-locked-seed-58,pass,direct_max,dq_iologic,lane1,dq11,,endpoint,60,0.0,1376.0,2295.0,2295.0,2295.0,2295.0
cntvaluein3-skew-locked-seed-59,pass,direct_max,dq_iologic,lane1,dq11,,endpoint,59,0.0,1366.0,2408.0,2414.0,2414.0,2414.0
cntvaluein3-skew-locked-seed-60,fail,direct_max,dq_iologic,lane1,dq11,,endpoint,60,0.0,1348.0,1988.0,2134.0,2134.0,2134.0
cntvaluein3-skew-locked-seed-31,pass,direct_max,dq_iologic,lane1,dq12,,endpoint,58,0.0,1285.0,2384.0,2384.0,2384.0,2384.0
cntvaluein3-skew-locked-seed-32,pass,direct_max,dq_iologic,lane1,dq12,,endpoint,57,0.0,1569.0,2322.0,2467.0,2467.0,2467.0
cntvaluein3-skew-locked-seed-33,fail,direct_max,dq_iologic,lane1,dq12,,endpoint,56,0.0,1181.5,1672.0,2025.0,2025.0,2025.0
cntvaluein3-skew-locked-seed-34,pass,direct_max,dq_iologic,lane1,dq12,,endpoint,58,0.0,1279.0,1963.0,2382.0,2382.0,2382.0
cntvaluein3-skew-locked-seed-35,pass,direct_max,dq_iologic,lane1,dq12,,endpoint,60,0.0,1337.0,1985.0,2302.0,2302.0,2302.0
cntvaluein3-skew-locked-seed-36,fail,direct_max,dq_iologic,lane1,dq12,,endpoint,58,0.0,1488.0,2204.0,2204.0,2204.0,2204.0
cntvaluein3-skew-locked-seed-37,pass,direct_max,dq_iologic,lane1,dq12,,endpoint,59,0.0,1179.0,1712.0,2101.0,2101.0,2101.0
cntvaluein3-skew-locked-seed-38,pass,direct_max,dq_iologic,lane1,dq12,,endpoint,58,0.0,1240.5,1682.0,1837.0,1837.0,1837.0
cntvaluein3-skew-locked-seed-39,fail,direct_max,dq_iologic,lane1,dq12,,endpoint,60,0.0,1179.0,1817.0,2164.0,2164.0,2164.0
cntvaluein3-skew-locked-seed-40,pass,direct_max,dq_iologic,lane1,dq12,,endpoint,57,0.0,1565.0,2954.0,3167.0,3167.0,3167.0
cntvaluein3-skew-locked-seed-41,fail,direct_max,dq_iologic,lane1,dq12,,endpoint,57,0.0,1330.0,2505.0,2505.0,2505.0,2505.0
cntvaluein3-skew-locked-seed-42,pass,direct_max,dq_iologic,lane1,dq12,,endpoint,59,0.0,1338.0,1717.0,2032.0,2032.0,2032.0
cntvaluein3-skew-locked-seed-43,pass,direct_max,dq_iologic,lane1,dq12,,endpoint,57,0.0,1356.0,2062.0,2276.0,2276.0,2276.0
cntvaluein3-skew-locked-seed-44,pass,direct_max,dq_iologic,lane1,dq12,,endpoint,56,0.0,1522.0,2164.0,2681.0,2681.0,2681.0
cntvaluein3-skew-locked-seed-45,fail,direct_max,dq_iologic,lane1,dq12,,endpoint,57,0.0,1302.0,2128.0,2270.0,2270.0,2270.0
cntvaluein3-skew-locked-seed-46,pass,direct_max,dq_iologic,lane1,dq12,,endpoint,59,0.0,1279.0,2046.0,2676.0,2676.0,2676.0
cntvaluein3-skew-locked-seed-47,pass,direct_max,dq_iologic,lane1,dq12,,endpoint,59,0.0,1590.0,2686.0,3197.0,3197.0,3197.0
cntvaluein3-skew-locked-seed-48,fail,direct_max,dq_iologic,lane1,dq12,,endpoint,57,0.0,1314.0,2002.0,2259.0,2259.0,2259.0
cntvaluein3-skew-locked-seed-49,pass,direct_max,dq_iologic,lane1,dq12,,endpoint,55,0.0,1314.0,2289.0,2512.0,2512.0,2512.0
cntvaluein3-skew-locked-seed-50,fail,direct_max,dq_iologic,lane1,dq12,,endpoint,58,0.0,1279.0,2444.0,2444.0,2444.0,2444.0
cntvaluein3-skew-locked-seed-51,fail,direct_max,dq_iologic,lane1,dq12,,endpoint,56,0.0,1573.5,2213.0,2540.0,2540.0,2540.0
cntvaluein3-skew-locked-seed-52,fail,direct_max,dq_iologic,lane1,dq12,,endpoint,59,0.0,1271.0,2197.0,2467.0,2467.0,2467.0
cntvaluein3-skew-locked-seed-53,fail,direct_max,dq_iologic,lane1,dq12,,endpoint,56,0.0,1263.0,2115.0,2115.0,2115.0,2115.0
cntvaluein3-skew-locked-seed-54,pass,direct_max,dq_iologic,lane1,dq12,,endpoint,57,0.0,1256.0,1674.0,1955.0,1955.0,1955.0
cntvaluein3-skew-locked-seed-55,pass,direct_max,dq_iologic,lane1,dq12,,endpoint,59,0.0,1279.0,2003.0,2747.0,2747.0,2747.0
cntvaluein3-skew-locked-seed-56,pass,direct_max,dq_iologic,lane1,dq12,,endpoint,60,0.0,1363.5,2290.0,2325.0,2325.0,2325.0
cntvaluein3-skew-locked-seed-57,pass,direct_max,dq_iologic,lane1,dq12,,endpoint,59,0.0,1475.0,2565.0,2657.0,2657.0,2657.0
cntvaluein3-skew-locked-seed-58,pass,direct_max,dq_iologic,lane1,dq12,,endpoint,59,0.0,1396.0,2384.0,2581.0,2581.0,2581.0
cntvaluein3-skew-locked-seed-59,pass,direct_max,dq_iologic,lane1,dq12,,endpoint,58,0.0,1279.0,2505.0,2535.0,2535.0,2535.0
cntvaluein3-skew-locked-seed-60,fail,direct_max,dq_iologic,lane1,dq12,,endpoint,58,0.0,1279.0,2029.0,2355.0,2355.0,2355.0
cntvaluein3-skew-locked-seed-31,pass,direct_max,dq_iologic,lane1,dq13,,endpoint,58,0.0,1279.0,2265.0,2265.0,2265.0,2265.0
cntvaluein3-skew-locked-seed-32,pass,direct_max,dq_iologic,lane1,dq13,,endpoint,59,0.0,1605.0,1980.0,2367.0,2367.0,2367.0
cntvaluein3-skew-locked-seed-33,fail,direct_max,dq_iologic,lane1,dq13,,endpoint,58,0.0,1279.0,2025.0,2137.0,2137.0,2137.0
cntvaluein3-skew-locked-seed-34,pass,direct_max,dq_iologic,lane1,dq13,,endpoint,59,0.0,1355.0,1817.0,2240.0,2240.0,2240.0
cntvaluein3-skew-locked-seed-35,pass,direct_max,dq_iologic,lane1,dq13,,endpoint,57,0.0,1279.0,2045.0,2289.0,2289.0,2289.0
cntvaluein3-skew-locked-seed-36,fail,direct_max,dq_iologic,lane1,dq13,,endpoint,59,0.0,1315.0,2115.0,2115.0,2115.0,2115.0
cntvaluein3-skew-locked-seed-37,pass,direct_max,dq_iologic,lane1,dq13,,endpoint,57,0.0,1169.0,1648.0,1886.0,1886.0,1886.0
cntvaluein3-skew-locked-seed-38,pass,direct_max,dq_iologic,lane1,dq13,,endpoint,56,0.0,1279.0,1628.0,1899.0,1899.0,1899.0
cntvaluein3-skew-locked-seed-39,fail,direct_max,dq_iologic,lane1,dq13,,endpoint,59,0.0,1207.0,1455.0,1863.0,1863.0,1863.0
cntvaluein3-skew-locked-seed-40,pass,direct_max,dq_iologic,lane1,dq13,,endpoint,59,0.0,1491.0,2835.0,2835.0,2835.0,2835.0
cntvaluein3-skew-locked-seed-41,fail,direct_max,dq_iologic,lane1,dq13,,endpoint,58,0.0,1279.0,2397.0,2460.0,2460.0,2460.0
cntvaluein3-skew-locked-seed-42,pass,direct_max,dq_iologic,lane1,dq13,,endpoint,58,0.0,1278.0,2091.0,2585.0,2585.0,2585.0
cntvaluein3-skew-locked-seed-43,pass,direct_max,dq_iologic,lane1,dq13,,endpoint,58,0.0,1298.0,2164.0,2253.0,2253.0,2253.0
cntvaluein3-skew-locked-seed-44,pass,direct_max,dq_iologic,lane1,dq13,,endpoint,58,0.0,1439.5,2318.0,2457.0,2457.0,2457.0
cntvaluein3-skew-locked-seed-45,fail,direct_max,dq_iologic,lane1,dq13,,endpoint,59,0.0,1424.0,1986.0,2739.0,2739.0,2739.0
cntvaluein3-skew-locked-seed-46,pass,direct_max,dq_iologic,lane1,dq13,,endpoint,58,0.0,1210.0,1917.0,2167.0,2167.0,2167.0
cntvaluein3-skew-locked-seed-47,pass,direct_max,dq_iologic,lane1,dq13,,endpoint,58,0.0,1283.0,2414.0,2505.0,2505.0,2505.0
cntvaluein3-skew-locked-seed-48,fail,direct_max,dq_iologic,lane1,dq13,,endpoint,59,0.0,1304.0,1927.0,2461.0,2461.0,2461.0
cntvaluein3-skew-locked-seed-49,pass,direct_max,dq_iologic,lane1,dq13,,endpoint,57,0.0,1231.0,1865.0,2025.0,2025.0,2025.0
cntvaluein3-skew-locked-seed-50,fail,direct_max,dq_iologic,lane1,dq13,,endpoint,60,0.0,1279.0,2325.0,2325.0,2325.0,2325.0
cntvaluein3-skew-locked-seed-51,fail,direct_max,dq_iologic,lane1,dq13,,endpoint,58,0.0,1398.5,2107.0,2671.0,2671.0,2671.0
cntvaluein3-skew-locked-seed-52,fail,direct_max,dq_iologic,lane1,dq13,,endpoint,58,0.0,1391.5,2023.0,2061.0,2061.0,2061.0
cntvaluein3-skew-locked-seed-53,fail,direct_max,dq_iologic,lane1,dq13,,endpoint,57,0.0,1279.0,2055.0,2065.0,2065.0,2065.0
cntvaluein3-skew-locked-seed-54,pass,direct_max,dq_iologic,lane1,dq13,,endpoint,57,0.0,1179.0,1697.0,2036.0,2036.0,2036.0
cntvaluein3-skew-locked-seed-55,pass,direct_max,dq_iologic,lane1,dq13,,endpoint,58,0.0,1300.0,1669.0,2851.0,2851.0,2851.0
cntvaluein3-skew-locked-seed-56,pass,direct_max,dq_iologic,lane1,dq13,,endpoint,57,0.0,1314.0,2144.0,2227.0,2227.0,2227.0
cntvaluein3-skew-locked-seed-57,pass,direct_max,dq_iologic,lane1,dq13,,endpoint,58,0.0,1468.0,2444.0,2780.0,2780.0,2780.0
cntvaluein3-skew-locked-seed-58,pass,direct_max,dq_iologic,lane1,dq13,,endpoint,58,0.0,1279.0,2265.0,2265.0,2265.0,2265.0
cntvaluein3-skew-locked-seed-59,pass,direct_max,dq_iologic,lane1,dq13,,endpoint,59,0.0,1279.0,2355.0,2355.0,2355.0,2355.0
cntvaluein3-skew-locked-seed-60,fail,direct_max,dq_iologic,lane1,dq13,,endpoint,58,0.0,1244.5,1870.0,2221.0,2221.0,2221.0
cntvaluein3-skew-locked-seed-31,pass,direct_max,dq_iologic,lane1,dq14,,endpoint,58,0.0,1281.5,2265.0,2265.0,2265.0,2265.0
cntvaluein3-skew-locked-seed-32,pass,direct_max,dq_iologic,lane1,dq14,,endpoint,58,0.0,1660.0,2052.0,2220.0,2220.0,2220.0
cntvaluein3-skew-locked-seed-33,fail,direct_max,dq_iologic,lane1,dq14,,endpoint,58,0.0,1279.0,2085.0,2193.0,2193.0,2193.0
cntvaluein3-skew-locked-seed-34,pass,direct_max,dq_iologic,lane1,dq14,,endpoint,57,0.0,1455.0,2256.0,2684.0,2684.0,2684.0
cntvaluein3-skew-locked-seed-35,pass,direct_max,dq_iologic,lane1,dq14,,endpoint,56,0.0,1374.0,2112.0,2578.0,2578.0,2578.0
cntvaluein3-skew-locked-seed-36,fail,direct_max,dq_iologic,lane1,dq14,,endpoint,59,0.0,1353.0,2055.0,2186.0,2186.0,2186.0
cntvaluein3-skew-locked-seed-37,pass,direct_max,dq_iologic,lane1,dq14,,endpoint,58,0.0,1231.5,1927.0,2276.0,2276.0,2276.0
cntvaluein3-skew-locked-seed-38,pass,direct_max,dq_iologic,lane1,dq14,,endpoint,60,0.0,1258.5,1669.0,1919.0,1919.0,1919.0
cntvaluein3-skew-locked-seed-39,fail,direct_max,dq_iologic,lane1,dq14,,endpoint,58,0.0,1291.5,1856.0,2576.0,2576.0,2576.0
cntvaluein3-skew-locked-seed-40,pass,direct_max,dq_iologic,lane1,dq14,,endpoint,59,0.0,1452.0,2714.0,2744.0,2744.0,2744.0
cntvaluein3-skew-locked-seed-41,fail,direct_max,dq_iologic,lane1,dq14,,endpoint,57,0.0,1314.0,2325.0,2400.0,2400.0,2400.0
cntvaluein3-skew-locked-seed-42,pass,direct_max,dq_iologic,lane1,dq14,,endpoint,58,0.0,1201.0,2115.0,2115.0,2115.0,2115.0
cntvaluein3-skew-locked-seed-43,pass,direct_max,dq_iologic,lane1,dq14,,endpoint,56,0.0,1290.5,1873.0,2072.0,2072.0,2072.0
cntvaluein3-skew-locked-seed-44,pass,direct_max,dq_iologic,lane1,dq14,,endpoint,57,0.0,1417.0,2232.0,2338.0,2338.0,2338.0
cntvaluein3-skew-locked-seed-45,fail,direct_max,dq_iologic,lane1,dq14,,endpoint,58,0.0,1392.5,2160.0,2553.0,2553.0,2553.0
cntvaluein3-skew-locked-seed-46,pass,direct_max,dq_iologic,lane1,dq14,,endpoint,57,0.0,1200.0,2456.0,2723.0,2723.0,2723.0
cntvaluein3-skew-locked-seed-47,pass,direct_max,dq_iologic,lane1,dq14,,endpoint,59,0.0,1424.0,2384.0,2474.0,2474.0,2474.0
cntvaluein3-skew-locked-seed-48,fail,direct_max,dq_iologic,lane1,dq14,,endpoint,58,0.0,1405.5,2099.0,2299.0,2299.0,2299.0
cntvaluein3-skew-locked-seed-49,pass,direct_max,dq_iologic,lane1,dq14,,endpoint,55,0.0,1314.0,2115.0,2115.0,2115.0,2115.0
cntvaluein3-skew-locked-seed-50,fail,direct_max,dq_iologic,lane1,dq14,,endpoint,56,0.0,1296.5,2265.0,2265.0,2265.0,2265.0
cntvaluein3-skew-locked-seed-51,fail,direct_max,dq_iologic,lane1,dq14,,endpoint,57,0.0,1555.0,2213.0,2549.0,2549.0,2549.0
cntvaluein3-skew-locked-seed-52,fail,direct_max,dq_iologic,lane1,dq14,,endpoint,56,0.0,1338.5,1720.0,2046.0,2046.0,2046.0
cntvaluein3-skew-locked-seed-53,fail,direct_max,dq_iologic,lane1,dq14,,endpoint,58,0.0,1296.5,2025.0,2055.0,2055.0,2055.0
cntvaluein3-skew-locked-seed-54,pass,direct_max,dq_iologic,lane1,dq14,,endpoint,57,0.0,1276.0,1643.0,1787.0,1787.0,1787.0
cntvaluein3-skew-locked-seed-55,pass,direct_max,dq_iologic,lane1,dq14,,endpoint,58,0.0,1279.0,1771.0,2835.0,2835.0,2835.0
cntvaluein3-skew-locked-seed-56,pass,direct_max,dq_iologic,lane1,dq14,,endpoint,58,0.0,1314.0,2204.0,2204.0,2204.0,2204.0
cntvaluein3-skew-locked-seed-57,pass,direct_max,dq_iologic,lane1,dq14,,endpoint,60,0.0,1359.0,2444.0,2444.0,2444.0,2444.0
cntvaluein3-skew-locked-seed-58,pass,direct_max,dq_iologic,lane1,dq14,,endpoint,59,0.0,1462.0,2355.0,2384.0,2384.0,2384.0
cntvaluein3-skew-locked-seed-59,pass,direct_max,dq_iologic,lane1,dq14,,endpoint,59,0.0,1294.0,2355.0,2490.0,2490.0,2490.0
cntvaluein3-skew-locked-seed-60,fail,direct_max,dq_iologic,lane1,dq14,,endpoint,56,0.0,1279.0,2039.0,2540.0,2540.0,2540.0
cntvaluein3-skew-locked-seed-31,pass,direct_max,dq_iologic,lane1,dq15,,endpoint,56,0.0,1176.5,1875.0,1983.0,1983.0,1983.0
cntvaluein3-skew-locked-seed-32,pass,direct_max,dq_iologic,lane1,dq15,,endpoint,55,0.0,1317.0,1851.0,1983.0,1983.0,1983.0
cntvaluein3-skew-locked-seed-33,fail,direct_max,dq_iologic,lane1,dq15,,endpoint,56,0.0,1269.0,2094.0,2331.0,2331.0,2331.0
cntvaluein3-skew-locked-seed-34,pass,direct_max,dq_iologic,lane1,dq15,,endpoint,56,0.0,1215.0,2056.0,2098.0,2098.0,2098.0
cntvaluein3-skew-locked-seed-35,pass,direct_max,dq_iologic,lane1,dq15,,endpoint,56,0.0,1279.0,1975.0,2174.0,2174.0,2174.0
cntvaluein3-skew-locked-seed-36,fail,direct_max,dq_iologic,lane1,dq15,,endpoint,55,0.0,1274.0,1845.0,2078.0,2078.0,2078.0
cntvaluein3-skew-locked-seed-37,pass,direct_max,dq_iologic,lane1,dq15,,endpoint,56,0.0,1215.0,1807.0,2158.0,2158.0,2158.0
cntvaluein3-skew-locked-seed-38,pass,direct_max,dq_iologic,lane1,dq15,,endpoint,56,0.0,1256.0,1845.0,2312.0,2312.0,2312.0
cntvaluein3-skew-locked-seed-39,fail,direct_max,dq_iologic,lane1,dq15,,endpoint,55,0.0,1179.0,1875.0,2151.0,2151.0,2151.0
cntvaluein3-skew-locked-seed-40,pass,direct_max,dq_iologic,lane1,dq15,,endpoint,56,0.0,1280.5,2355.0,2674.0,2674.0,2674.0
cntvaluein3-skew-locked-seed-41,fail,direct_max,dq_iologic,lane1,dq15,,endpoint,55,0.0,1256.0,2160.0,2612.0,2612.0,2612.0
cntvaluein3-skew-locked-seed-42,pass,direct_max,dq_iologic,lane1,dq15,,endpoint,56,0.0,1198.0,1875.0,2459.0,2459.0,2459.0
cntvaluein3-skew-locked-seed-43,pass,direct_max,dq_iologic,lane1,dq15,,endpoint,56,0.0,1266.0,1962.0,2303.0,2303.0,2303.0
cntvaluein3-skew-locked-seed-44,pass,direct_max,dq_iologic,lane1,dq15,,endpoint,56,0.0,1307.0,2484.0,2911.0,2911.0,2911.0
cntvaluein3-skew-locked-seed-45,fail,direct_max,dq_iologic,lane1,dq15,,endpoint,56,0.0,1279.0,2107.0,2243.0,2243.0,2243.0
cntvaluein3-skew-locked-seed-46,pass,direct_max,dq_iologic,lane1,dq15,,endpoint,55,0.0,1111.0,2086.0,2740.0,2740.0,2740.0
cntvaluein3-skew-locked-seed-47,pass,direct_max,dq_iologic,lane1,dq15,,endpoint,55,0.0,1289.0,2204.0,2234.0,2234.0,2234.0
cntvaluein3-skew-locked-seed-48,fail,direct_max,dq_iologic,lane1,dq15,,endpoint,56,0.0,1275.0,1878.0,2421.0,2421.0,2421.0
cntvaluein3-skew-locked-seed-49,pass,direct_max,dq_iologic,lane1,dq15,,endpoint,56,0.0,1279.0,2081.0,2151.0,2151.0,2151.0
cntvaluein3-skew-locked-seed-50,fail,direct_max,dq_iologic,lane1,dq15,,endpoint,56,0.0,1229.0,1965.0,2062.0,2062.0,2062.0
cntvaluein3-skew-locked-seed-51,fail,direct_max,dq_iologic,lane1,dq15,,endpoint,55,0.0,1314.0,2265.0,2484.0,2484.0,2484.0
cntvaluein3-skew-locked-seed-52,fail,direct_max,dq_iologic,lane1,dq15,,endpoint,55,0.0,1184.0,2112.0,2540.0,2540.0,2540.0
cntvaluein3-skew-locked-seed-53,fail,direct_max,dq_iologic,lane1,dq15,,endpoint,56,0.0,1249.0,1786.0,2282.0,2282.0,2282.0
cntvaluein3-skew-locked-seed-54,pass,direct_max,dq_iologic,lane1,dq15,,endpoint,56,0.0,1220.5,1735.0,1858.0,1858.0,1858.0
cntvaluein3-skew-locked-seed-55,pass,direct_max,dq_iologic,lane1,dq15,,endpoint,55,0.0,1133.0,2209.0,3066.0,3066.0,3066.0
cntvaluein3-skew-locked-seed-56,pass,direct_max,dq_iologic,lane1,dq15,,endpoint,56,0.0,1278.0,1973.0,2213.0,2213.0,2213.0
cntvaluein3-skew-locked-seed-57,pass,direct_max,dq_iologic,lane1,dq15,,endpoint,56,0.0,1279.0,2111.0,2204.0,2204.0,2204.0
cntvaluein3-skew-locked-seed-58,pass,direct_max,dq_iologic,lane1,dq15,,endpoint,56,0.0,1277.5,2099.0,2155.0,2155.0,2155.0
cntvaluein3-skew-locked-seed-59,pass,direct_max,dq_iologic,lane1,dq15,,endpoint,56,0.0,1212.5,2092.0,2250.0,2250.0,2250.0
cntvaluein3-skew-locked-seed-60,fail,direct_max,dq_iologic,lane1,dq15,,endpoint,55,0.0,1179.0,1970.0,2437.0,2437.0,2437.0
cntvaluein3-skew-locked-seed-31,pass,direct_max,dq_iologic,lane1,dq8,,endpoint,58,0.0,1279.0,2204.0,2651.0,2651.0,2651.0
cntvaluein3-skew-locked-seed-32,pass,direct_max,dq_iologic,lane1,dq8,,endpoint,57,0.0,1634.0,2107.0,2584.0,2584.0,2584.0
cntvaluein3-skew-locked-seed-33,fail,direct_max,dq_iologic,lane1,dq8,,endpoint,57,0.0,1179.0,1623.0,2062.0,2062.0,2062.0
cntvaluein3-skew-locked-seed-34,pass,direct_max,dq_iologic,lane1,dq8,,endpoint,55,0.0,1279.0,2211.0,2769.0,2769.0,2769.0
cntvaluein3-skew-locked-seed-35,pass,direct_max,dq_iologic,lane1,dq8,,endpoint,58,0.0,1279.0,1939.0,2137.0,2137.0,2137.0
cntvaluein3-skew-locked-seed-36,fail,direct_max,dq_iologic,lane1,dq8,,endpoint,57,0.0,1248.0,1876.0,2108.0,2108.0,2108.0
cntvaluein3-skew-locked-seed-37,pass,direct_max,dq_iologic,lane1,dq8,,endpoint,58,0.0,1240.5,2099.0,2272.0,2272.0,2272.0
cntvaluein3-skew-locked-seed-38,pass,direct_max,dq_iologic,lane1,dq8,,endpoint,56,0.0,1179.0,1702.0,2127.0,2127.0,2127.0
cntvaluein3-skew-locked-seed-39,fail,direct_max,dq_iologic,lane1,dq8,,endpoint,57,0.0,1179.0,2272.0,2365.0,2365.0,2365.0
cntvaluein3-skew-locked-seed-40,pass,direct_max,dq_iologic,lane1,dq8,,endpoint,59,0.0,1366.0,2579.0,2835.0,2835.0,2835.0
cntvaluein3-skew-locked-seed-41,fail,direct_max,dq_iologic,lane1,dq8,,endpoint,58,0.0,1309.0,2414.0,2618.0,2618.0,2618.0
cntvaluein3-skew-locked-seed-42,pass,direct_max,dq_iologic,lane1,dq8,,endpoint,59,0.0,1179.0,1572.0,1605.0,1605.0,1605.0
cntvaluein3-skew-locked-seed-43,pass,direct_max,dq_iologic,lane1,dq8,,endpoint,58,0.0,1299.5,1855.0,2499.0,2499.0,2499.0
cntvaluein3-skew-locked-seed-44,pass,direct_max,dq_iologic,lane1,dq8,,endpoint,56,0.0,1369.0,2359.0,2663.0,2663.0,2663.0
cntvaluein3-skew-locked-seed-45,fail,direct_max,dq_iologic,lane1,dq8,,endpoint,57,0.0,1455.0,2016.0,2266.0,2266.0,2266.0
cntvaluein3-skew-locked-seed-46,pass,direct_max,dq_iologic,lane1,dq8,,endpoint,56,0.0,1306.5,2203.0,3509.0,3509.0,3509.0
cntvaluein3-skew-locked-seed-47,pass,direct_max,dq_iologic,lane1,dq8,,endpoint,58,0.0,1300.5,2384.0,2474.0,2474.0,2474.0
cntvaluein3-skew-locked-seed-48,fail,direct_max,dq_iologic,lane1,dq8,,endpoint,55,0.0,1314.0,2045.0,2394.0,2394.0,2394.0
cntvaluein3-skew-locked-seed-49,pass,direct_max,dq_iologic,lane1,dq8,,endpoint,55,0.0,1279.0,2115.0,2869.0,2869.0,2869.0
cntvaluein3-skew-locked-seed-50,fail,direct_max,dq_iologic,lane1,dq8,,endpoint,57,0.0,1309.0,2325.0,2769.0,2769.0,2769.0
cntvaluein3-skew-locked-seed-51,fail,direct_max,dq_iologic,lane1,dq8,,endpoint,56,0.0,1466.5,1991.0,2082.0,2082.0,2082.0
cntvaluein3-skew-locked-seed-52,fail,direct_max,dq_iologic,lane1,dq8,,endpoint,56,0.0,1275.0,2352.0,2743.0,2743.0,2743.0
cntvaluein3-skew-locked-seed-53,fail,direct_max,dq_iologic,lane1,dq8,,endpoint,55,0.0,1246.0,1965.0,2069.0,2069.0,2069.0
cntvaluein3-skew-locked-seed-54,pass,direct_max,dq_iologic,lane1,dq8,,endpoint,57,0.0,1174.0,1485.0,1789.0,1789.0,1789.0
cntvaluein3-skew-locked-seed-55,pass,direct_max,dq_iologic,lane1,dq8,,endpoint,56,0.0,1279.0,2278.0,2680.0,2680.0,2680.0
cntvaluein3-skew-locked-seed-56,pass,direct_max,dq_iologic,lane1,dq8,,endpoint,56,0.0,1409.0,2420.0,2750.0,2750.0,2750.0
cntvaluein3-skew-locked-seed-57,pass,direct_max,dq_iologic,lane1,dq8,,endpoint,58,0.0,1333.5,2474.0,2796.0,2796.0,2796.0
cntvaluein3-skew-locked-seed-58,pass,direct_max,dq_iologic,lane1,dq8,,endpoint,57,0.0,1279.0,2239.0,2434.0,2434.0,2434.0
cntvaluein3-skew-locked-seed-59,pass,direct_max,dq_iologic,lane1,dq8,,endpoint,57,0.0,1315.0,2295.0,2384.0,2384.0,2384.0
cntvaluein3-skew-locked-seed-60,fail,direct_max,dq_iologic,lane1,dq8,,endpoint,55,0.0,1279.0,2124.0,2365.0,2365.0,2365.0
cntvaluein3-skew-locked-seed-31,pass,direct_max,dq_iologic,lane1,dq9,,endpoint,60,0.0,1288.0,2115.0,2115.0,2115.0,2115.0
cntvaluein3-skew-locked-seed-32,pass,direct_max,dq_iologic,lane1,dq9,,endpoint,57,0.0,1381.0,1896.0,2194.0,2194.0,2194.0
cntvaluein3-skew-locked-seed-33,fail,direct_max,dq_iologic,lane1,dq9,,endpoint,59,0.0,1200.0,1875.0,2016.0,2016.0,2016.0
cntvaluein3-skew-locked-seed-34,pass,direct_max,dq_iologic,lane1,dq9,,endpoint,57,0.0,1228.0,1838.0,2390.0,2390.0,2390.0
cntvaluein3-skew-locked-seed-35,pass,direct_max,dq_iologic,lane1,dq9,,endpoint,58,0.0,1271.0,2061.0,2375.0,2375.0,2375.0
cntvaluein3-skew-locked-seed-36,fail,direct_max,dq_iologic,lane1,dq9,,endpoint,58,0.0,1179.0,1845.0,1939.0,1939.0,1939.0
cntvaluein3-skew-locked-seed-37,pass,direct_max,dq_iologic,lane1,dq9,,endpoint,59,0.0,1077.0,1455.0,2503.0,2503.0,2503.0
cntvaluein3-skew-locked-seed-38,pass,direct_max,dq_iologic,lane1,dq9,,endpoint,55,0.0,1179.0,1713.0,2006.0,2006.0,2006.0
cntvaluein3-skew-locked-seed-39,fail,direct_max,dq_iologic,lane1,dq9,,endpoint,57,0.0,1179.0,1593.0,2236.0,2236.0,2236.0
cntvaluein3-skew-locked-seed-40,pass,direct_max,dq_iologic,lane1,dq9,,endpoint,58,0.0,1279.0,2295.0,2595.0,2595.0,2595.0
cntvaluein3-skew-locked-seed-41,fail,direct_max,dq_iologic,lane1,dq9,,endpoint,58,0.0,1251.0,2174.0,2776.0,2776.0,2776.0
cntvaluein3-skew-locked-seed-42,pass,direct_max,dq_iologic,lane1,dq9,,endpoint,58,0.0,1279.0,2009.0,2209.0,2209.0,2209.0
cntvaluein3-skew-locked-seed-43,pass,direct_max,dq_iologic,lane1,dq9,,endpoint,56,0.0,1285.5,2181.0,2388.0,2388.0,2388.0
cntvaluein3-skew-locked-seed-44,pass,direct_max,dq_iologic,lane1,dq9,,endpoint,57,0.0,1279.0,2378.0,2644.0,2644.0,2644.0
cntvaluein3-skew-locked-seed-45,fail,direct_max,dq_iologic,lane1,dq9,,endpoint,56,0.0,1279.0,1904.0,2319.0,2319.0,2319.0
cntvaluein3-skew-locked-seed-46,pass,direct_max,dq_iologic,lane1,dq9,,endpoint,58,0.0,1255.0,1569.0,2029.0,2029.0,2029.0
cntvaluein3-skew-locked-seed-47,pass,direct_max,dq_iologic,lane1,dq9,,endpoint,58,0.0,1289.0,2325.0,2805.0,2805.0,2805.0
cntvaluein3-skew-locked-seed-48,fail,direct_max,dq_iologic,lane1,dq9,,endpoint,57,0.0,1279.0,1786.0,1965.0,1965.0,1965.0
cntvaluein3-skew-locked-seed-49,pass,direct_max,dq_iologic,lane1,dq9,,endpoint,55,0.0,1274.0,1893.0,2165.0,2165.0,2165.0
cntvaluein3-skew-locked-seed-50,fail,direct_max,dq_iologic,lane1,dq9,,endpoint,55,0.0,1228.0,2115.0,2115.0,2115.0,2115.0
cntvaluein3-skew-locked-seed-51,fail,direct_max,dq_iologic,lane1,dq9,,endpoint,60,0.0,1279.0,2045.0,2243.0,2243.0,2243.0
cntvaluein3-skew-locked-seed-52,fail,direct_max,dq_iologic,lane1,dq9,,endpoint,57,0.0,1215.0,2091.0,2276.0,2276.0,2276.0
cntvaluein3-skew-locked-seed-53,fail,direct_max,dq_iologic,lane1,dq9,,endpoint,55,0.0,1200.0,1875.0,2367.0,2367.0,2367.0
cntvaluein3-skew-locked-seed-54,pass,direct_max,dq_iologic,lane1,dq9,,endpoint,58,0.0,1168.0,1837.0,2009.0,2009.0,2009.0
cntvaluein3-skew-locked-seed-55,pass,direct_max,dq_iologic,lane1,dq9,,endpoint,59,0.0,1276.0,2148.0,3151.0,3151.0,3151.0
cntvaluein3-skew-locked-seed-56,pass,direct_max,dq_iologic,lane1,dq9,,endpoint,57,0.0,1279.0,2062.0,2167.0,2167.0,2167.0
cntvaluein3-skew-locked-seed-57,pass,direct_max,dq_iologic,lane1,dq9,,endpoint,59,0.0,1309.0,2325.0,2358.0,2358.0,2358.0
cntvaluein3-skew-locked-seed-58,pass,direct_max,dq_iologic,lane1,dq9,,endpoint,59,0.0,1279.0,2085.0,2183.0,2183.0,2183.0
cntvaluein3-skew-locked-seed-59,pass,direct_max,dq_iologic,lane1,dq9,,endpoint,59,0.0,1279.0,2234.0,2335.0,2335.0,2335.0
cntvaluein3-skew-locked-seed-60,fail,direct_max,dq_iologic,lane1,dq9,,endpoint,59,0.0,1179.0,1799.0,2523.0,2523.0,2523.0
cntvaluein3-skew-locked-seed-31,pass,direct_max,dqs_iologic,lane0,dqs0,,endpoint,48,0.0,1479.5,2849.0,2910.0,2910.0,2910.0
cntvaluein3-skew-locked-seed-32,pass,direct_max,dqs_iologic,lane0,dqs0,,endpoint,48,0.0,1080.5,2174.0,2250.0,2250.0,2250.0
cntvaluein3-skew-locked-seed-33,fail,direct_max,dqs_iologic,lane0,dqs0,,endpoint,48,0.0,1396.5,2937.0,2940.0,2940.0,2940.0
cntvaluein3-skew-locked-seed-34,pass,direct_max,dqs_iologic,lane0,dqs0,,endpoint,48,0.0,1161.5,2025.0,2420.0,2420.0,2420.0
cntvaluein3-skew-locked-seed-35,pass,direct_max,dqs_iologic,lane0,dqs0,,endpoint,48,0.0,1215.0,2380.0,2505.0,2505.0,2505.0
cntvaluein3-skew-locked-seed-36,fail,direct_max,dqs_iologic,lane0,dqs0,,endpoint,48,0.0,1399.0,2819.0,2849.0,2849.0,2849.0
cntvaluein3-skew-locked-seed-37,pass,direct_max,dqs_iologic,lane0,dqs0,,endpoint,48,0.0,1534.0,2625.0,2625.0,2625.0,2625.0
cntvaluein3-skew-locked-seed-38,pass,direct_max,dqs_iologic,lane0,dqs0,,endpoint,48,0.0,1566.0,2940.0,2970.0,2970.0,2970.0
cntvaluein3-skew-locked-seed-39,fail,direct_max,dqs_iologic,lane0,dqs0,,endpoint,48,0.0,1605.0,2805.0,3660.0,3660.0,3660.0
cntvaluein3-skew-locked-seed-40,pass,direct_max,dqs_iologic,lane0,dqs0,,endpoint,48,0.0,1156.0,1784.0,1921.0,1921.0,1921.0
cntvaluein3-skew-locked-seed-41,fail,direct_max,dqs_iologic,lane0,dqs0,,endpoint,48,0.0,1341.0,2684.0,2904.0,2904.0,2904.0
cntvaluein3-skew-locked-seed-42,pass,direct_max,dqs_iologic,lane0,dqs0,,endpoint,48,0.0,1664.0,4005.0,4065.0,4065.0,4065.0
cntvaluein3-skew-locked-seed-43,pass,direct_max,dqs_iologic,lane0,dqs0,,endpoint,48,0.0,1288.0,2464.0,2594.0,2594.0,2594.0
cntvaluein3-skew-locked-seed-44,pass,direct_max,dqs_iologic,lane0,dqs0,,endpoint,48,0.0,1279.0,2431.0,2456.0,2456.0,2456.0
cntvaluein3-skew-locked-seed-45,fail,direct_max,dqs_iologic,lane0,dqs0,,endpoint,48,0.0,1143.0,1919.0,2818.0,2818.0,2818.0
cntvaluein3-skew-locked-seed-46,pass,direct_max,dqs_iologic,lane0,dqs0,,endpoint,48,0.0,1279.0,3930.0,3990.0,3990.0,3990.0
cntvaluein3-skew-locked-seed-47,pass,direct_max,dqs_iologic,lane0,dqs0,,endpoint,48,0.0,1592.5,2579.0,2670.0,2670.0,2670.0
cntvaluein3-skew-locked-seed-48,fail,direct_max,dqs_iologic,lane0,dqs0,,endpoint,48,0.0,1279.0,2474.0,2624.0,2624.0,2624.0
cntvaluein3-skew-locked-seed-49,pass,direct_max,dqs_iologic,lane0,dqs0,,endpoint,48,0.0,1514.0,3119.0,3450.0,3450.0,3450.0
cntvaluein3-skew-locked-seed-50,fail,direct_max,dqs_iologic,lane0,dqs0,,endpoint,48,0.0,1488.0,2759.0,2880.0,2880.0,2880.0
cntvaluein3-skew-locked-seed-51,fail,direct_max,dqs_iologic,lane0,dqs0,,endpoint,48,0.0,1179.0,2220.0,2339.0,2339.0,2339.0
cntvaluein3-skew-locked-seed-52,fail,direct_max,dqs_iologic,lane0,dqs0,,endpoint,48,0.0,1589.0,2940.0,3119.0,3119.0,3119.0
cntvaluein3-skew-locked-seed-53,fail,direct_max,dqs_iologic,lane0,dqs0,,endpoint,48,0.0,1480.0,3345.0,3404.0,3404.0,3404.0
cntvaluein3-skew-locked-seed-54,pass,direct_max,dqs_iologic,lane0,dqs0,,endpoint,48,0.0,1465.0,3210.0,3359.0,3359.0,3359.0
cntvaluein3-skew-locked-seed-55,pass,direct_max,dqs_iologic,lane0,dqs0,,endpoint,48,0.0,1588.5,3539.0,4125.0,4125.0,4125.0
cntvaluein3-skew-locked-seed-56,pass,direct_max,dqs_iologic,lane0,dqs0,,endpoint,48,0.0,1651.5,2759.0,2819.0,2819.0,2819.0
cntvaluein3-skew-locked-seed-57,pass,direct_max,dqs_iologic,lane0,dqs0,,endpoint,48,0.0,1336.0,2984.0,3509.0,3509.0,3509.0
cntvaluein3-skew-locked-seed-58,pass,direct_max,dqs_iologic,lane0,dqs0,,endpoint,48,0.0,1516.0,2670.0,2880.0,2880.0,2880.0
cntvaluein3-skew-locked-seed-59,pass,direct_max,dqs_iologic,lane0,dqs0,,endpoint,48,0.0,1634.0,3180.0,3240.0,3240.0,3240.0
cntvaluein3-skew-locked-seed-60,fail,direct_max,dqs_iologic,lane0,dqs0,,endpoint,48,0.0,1615.5,3015.0,3036.0,3036.0,3036.0
cntvaluein3-skew-locked-seed-31,pass,direct_max,dqs_iologic,lane1,dqs1,,endpoint,48,0.0,1067.0,2460.0,2519.0,2519.0,2519.0
cntvaluein3-skew-locked-seed-32,pass,direct_max,dqs_iologic,lane1,dqs1,,endpoint,48,0.0,980.5,1860.0,1873.0,1873.0,1873.0
cntvaluein3-skew-locked-seed-33,fail,direct_max,dqs_iologic,lane1,dqs1,,endpoint,48,0.0,1044.0,2549.0,2640.0,2640.0,2640.0
cntvaluein3-skew-locked-seed-34,pass,direct_max,dqs_iologic,lane1,dqs1,,endpoint,48,0.0,971.0,1786.0,2094.0,2094.0,2094.0
cntvaluein3-skew-locked-seed-35,pass,direct_max,dqs_iologic,lane1,dqs1,,endpoint,48,0.0,1285.5,2085.0,2115.0,2115.0,2115.0
cntvaluein3-skew-locked-seed-36,fail,direct_max,dqs_iologic,lane1,dqs1,,endpoint,48,0.0,1215.0,2460.0,2490.0,2490.0,2490.0
cntvaluein3-skew-locked-seed-37,pass,direct_max,dqs_iologic,lane1,dqs1,,endpoint,48,0.0,1060.5,2234.0,2403.0,2403.0,2403.0
cntvaluein3-skew-locked-seed-38,pass,direct_max,dqs_iologic,lane1,dqs1,,endpoint,48,0.0,1165.5,2549.0,2579.0,2579.0,2579.0
cntvaluein3-skew-locked-seed-39,fail,direct_max,dqs_iologic,lane1,dqs1,,endpoint,48,0.0,1012.0,2654.0,3269.0,3269.0,3269.0
cntvaluein3-skew-locked-seed-40,pass,direct_max,dqs_iologic,lane1,dqs1,,endpoint,48,0.0,944.0,2039.0,2039.0,2039.0,2039.0
cntvaluein3-skew-locked-seed-41,fail,direct_max,dqs_iologic,lane1,dqs1,,endpoint,48,0.0,1124.0,2496.0,2569.0,2569.0,2569.0
cntvaluein3-skew-locked-seed-42,pass,direct_max,dqs_iologic,lane1,dqs1,,endpoint,48,0.0,1155.0,2930.0,3674.0,3674.0,3674.0
cntvaluein3-skew-locked-seed-43,pass,direct_max,dqs_iologic,lane1,dqs1,,endpoint,48,0.0,867.5,2319.0,2740.0,2740.0,2740.0
cntvaluein3-skew-locked-seed-44,pass,direct_max,dqs_iologic,lane1,dqs1,,endpoint,48,0.0,986.5,2227.0,2339.0,2339.0,2339.0
cntvaluein3-skew-locked-seed-45,fail,direct_max,dqs_iologic,lane1,dqs1,,endpoint,48,0.0,911.5,1995.0,2569.0,2569.0,2569.0
cntvaluein3-skew-locked-seed-46,pass,direct_max,dqs_iologic,lane1,dqs1,,endpoint,48,0.0,1096.5,3480.0,3599.0,3599.0,3599.0
cntvaluein3-skew-locked-seed-47,pass,direct_max,dqs_iologic,lane1,dqs1,,endpoint,48,0.0,1111.5,2234.0,2388.0,2388.0,2388.0
cntvaluein3-skew-locked-seed-48,fail,direct_max,dqs_iologic,lane1,dqs1,,endpoint,48,0.0,944.0,2099.0,2171.0,2171.0,2171.0
cntvaluein3-skew-locked-seed-49,pass,direct_max,dqs_iologic,lane1,dqs1,,endpoint,48,0.0,1161.5,2204.0,3089.0,3089.0,3089.0
cntvaluein3-skew-locked-seed-50,fail,direct_max,dqs_iologic,lane1,dqs1,,endpoint,48,0.0,1065.5,2549.0,2592.0,2592.0,2592.0
cntvaluein3-skew-locked-seed-51,fail,direct_max,dqs_iologic,lane1,dqs1,,endpoint,48,0.0,928.0,1950.0,1950.0,1950.0,1950.0
cntvaluein3-skew-locked-seed-52,fail,direct_max,dqs_iologic,lane1,dqs1,,endpoint,48,0.0,1179.0,2490.0,2551.0,2551.0,2551.0
cntvaluein3-skew-locked-seed-53,fail,direct_max,dqs_iologic,lane1,dqs1,,endpoint,48,0.0,1171.5,2954.0,3015.0,3015.0,3015.0
cntvaluein3-skew-locked-seed-54,pass,direct_max,dqs_iologic,lane1,dqs1,,endpoint,48,0.0,1022.5,2670.0,2970.0,2970.0,2970.0
cntvaluein3-skew-locked-seed-55,pass,direct_max,dqs_iologic,lane1,dqs1,,endpoint,48,0.0,1229.0,3690.0,3734.0,3734.0,3734.0
cntvaluein3-skew-locked-seed-56,pass,direct_max,dqs_iologic,lane1,dqs1,,endpoint,48,0.0,1179.0,2339.0,2369.0,2369.0,2369.0
cntvaluein3-skew-locked-seed-57,pass,direct_max,dqs_iologic,lane1,dqs1,,endpoint,48,0.0,1152.0,3059.0,3119.0,3119.0,3119.0
cntvaluein3-skew-locked-seed-58,pass,direct_max,dqs_iologic,lane1,dqs1,,endpoint,48,0.0,1088.5,2490.0,2490.0,2490.0,2490.0
cntvaluein3-skew-locked-seed-59,pass,direct_max,dqs_iologic,lane1,dqs1,,endpoint,48,0.0,1155.0,2375.0,2819.0,2819.0,2819.0
cntvaluein3-skew-locked-seed-60,fail,direct_max,dqs_iologic,lane1,dqs1,,endpoint,48,0.0,1179.0,2579.0,2670.0,2670.0,2670.0
cntvaluein3-skew-locked-seed-31,pass,direct_max,idelay_data_cntvaluein,lane0,dq0,0,endpoint,1,1700.0,1700.0,1700.0,1700.0,0.0,1700.0
cntvaluein3-skew-locked-seed-32,pass,direct_max,idelay_data_cntvaluein,lane0,dq0,0,endpoint,1,941.0,941.0,941.0,941.0,0.0,941.0
cntvaluein3-skew-locked-seed-33,fail,direct_max,idelay_data_cntvaluein,lane0,dq0,0,endpoint,1,2105.0,2105.0,2105.0,2105.0,0.0,2105.0
cntvaluein3-skew-locked-seed-34,pass,direct_max,idelay_data_cntvaluein,lane0,dq0,0,endpoint,1,1281.0,1281.0,1281.0,1281.0,0.0,1281.0
cntvaluein3-skew-locked-seed-35,pass,direct_max,idelay_data_cntvaluein,lane0,dq0,0,endpoint,1,870.0,870.0,870.0,870.0,0.0,870.0
cntvaluein3-skew-locked-seed-36,fail,direct_max,idelay_data_cntvaluein,lane0,dq0,0,endpoint,1,1488.0,1488.0,1488.0,1488.0,0.0,1488.0
cntvaluein3-skew-locked-seed-37,pass,direct_max,idelay_data_cntvaluein,lane0,dq0,0,endpoint,1,1830.0,1830.0,1830.0,1830.0,0.0,1830.0
cntvaluein3-skew-locked-seed-38,pass,direct_max,idelay_data_cntvaluein,lane0,dq0,0,endpoint,1,1889.0,1889.0,1889.0,1889.0,0.0,1889.0
cntvaluein3-skew-locked-seed-39,fail,direct_max,idelay_data_cntvaluein,lane0,dq0,0,endpoint,1,2026.0,2026.0,2026.0,2026.0,0.0,2026.0
cntvaluein3-skew-locked-seed-40,pass,direct_max,idelay_data_cntvaluein,lane0,dq0,0,endpoint,1,2039.0,2039.0,2039.0,2039.0,0.0,2039.0
cntvaluein3-skew-locked-seed-41,fail,direct_max,idelay_data_cntvaluein,lane0,dq0,0,endpoint,1,1695.0,1695.0,1695.0,1695.0,0.0,1695.0
cntvaluein3-skew-locked-seed-42,pass,direct_max,idelay_data_cntvaluein,lane0,dq0,0,endpoint,1,1631.0,1631.0,1631.0,1631.0,0.0,1631.0
cntvaluein3-skew-locked-seed-43,pass,direct_max,idelay_data_cntvaluein,lane0,dq0,0,endpoint,1,1029.0,1029.0,1029.0,1029.0,0.0,1029.0
cntvaluein3-skew-locked-seed-44,pass,direct_max,idelay_data_cntvaluein,lane0,dq0,0,endpoint,1,1195.0,1195.0,1195.0,1195.0,0.0,1195.0
cntvaluein3-skew-locked-seed-45,fail,direct_max,idelay_data_cntvaluein,lane0,dq0,0,endpoint,1,873.0,873.0,873.0,873.0,0.0,873.0
cntvaluein3-skew-locked-seed-46,pass,direct_max,idelay_data_cntvaluein,lane0,dq0,0,endpoint,1,1070.0,1070.0,1070.0,1070.0,0.0,1070.0
cntvaluein3-skew-locked-seed-47,pass,direct_max,idelay_data_cntvaluein,lane0,dq0,0,endpoint,1,1847.0,1847.0,1847.0,1847.0,0.0,1847.0
cntvaluein3-skew-locked-seed-48,fail,direct_max,idelay_data_cntvaluein,lane0,dq0,0,endpoint,1,1180.0,1180.0,1180.0,1180.0,0.0,1180.0
cntvaluein3-skew-locked-seed-49,pass,direct_max,idelay_data_cntvaluein,lane0,dq0,0,endpoint,1,2062.0,2062.0,2062.0,2062.0,0.0,2062.0
cntvaluein3-skew-locked-seed-50,fail,direct_max,idelay_data_cntvaluein,lane0,dq0,0,endpoint,1,1197.0,1197.0,1197.0,1197.0,0.0,1197.0
cntvaluein3-skew-locked-seed-51,fail,direct_max,idelay_data_cntvaluein,lane0,dq0,0,endpoint,1,1235.0,1235.0,1235.0,1235.0,0.0,1235.0
cntvaluein3-skew-locked-seed-52,fail,direct_max,idelay_data_cntvaluein,lane0,dq0,0,endpoint,1,1896.0,1896.0,1896.0,1896.0,0.0,1896.0
cntvaluein3-skew-locked-seed-53,fail,direct_max,idelay_data_cntvaluein,lane0,dq0,0,endpoint,1,1748.0,1748.0,1748.0,1748.0,0.0,1748.0
cntvaluein3-skew-locked-seed-54,pass,direct_max,idelay_data_cntvaluein,lane0,dq0,0,endpoint,1,1230.0,1230.0,1230.0,1230.0,0.0,1230.0
cntvaluein3-skew-locked-seed-55,pass,direct_max,idelay_data_cntvaluein,lane0,dq0,0,endpoint,1,1985.0,1985.0,1985.0,1985.0,0.0,1985.0
cntvaluein3-skew-locked-seed-56,pass,direct_max,idelay_data_cntvaluein,lane0,dq0,0,endpoint,1,1550.0,1550.0,1550.0,1550.0,0.0,1550.0
cntvaluein3-skew-locked-seed-57,pass,direct_max,idelay_data_cntvaluein,lane0,dq0,0,endpoint,1,1710.0,1710.0,1710.0,1710.0,0.0,1710.0
cntvaluein3-skew-locked-seed-58,pass,direct_max,idelay_data_cntvaluein,lane0,dq0,0,endpoint,1,1552.0,1552.0,1552.0,1552.0,0.0,1552.0
cntvaluein3-skew-locked-seed-59,pass,direct_max,idelay_data_cntvaluein,lane0,dq0,0,endpoint,1,1001.0,1001.0,1001.0,1001.0,0.0,1001.0
cntvaluein3-skew-locked-seed-60,fail,direct_max,idelay_data_cntvaluein,lane0,dq0,0,endpoint,1,1343.0,1343.0,1343.0,1343.0,0.0,1343.0
cntvaluein3-skew-locked-seed-31,pass,direct_max,idelay_data_cntvaluein,lane0,dq0,1,endpoint,1,1207.0,1207.0,1207.0,1207.0,0.0,1207.0
cntvaluein3-skew-locked-seed-32,pass,direct_max,idelay_data_cntvaluein,lane0,dq0,1,endpoint,1,819.0,819.0,819.0,819.0,0.0,819.0
cntvaluein3-skew-locked-seed-33,fail,direct_max,idelay_data_cntvaluein,lane0,dq0,1,endpoint,1,1511.0,1511.0,1511.0,1511.0,0.0,1511.0
cntvaluein3-skew-locked-seed-34,pass,direct_max,idelay_data_cntvaluein,lane0,dq0,1,endpoint,1,1218.0,1218.0,1218.0,1218.0,0.0,1218.0
cntvaluein3-skew-locked-seed-35,pass,direct_max,idelay_data_cntvaluein,lane0,dq0,1,endpoint,1,867.0,867.0,867.0,867.0,0.0,867.0
cntvaluein3-skew-locked-seed-36,fail,direct_max,idelay_data_cntvaluein,lane0,dq0,1,endpoint,1,1366.0,1366.0,1366.0,1366.0,0.0,1366.0
cntvaluein3-skew-locked-seed-37,pass,direct_max,idelay_data_cntvaluein,lane0,dq0,1,endpoint,1,1761.0,1761.0,1761.0,1761.0,0.0,1761.0
cntvaluein3-skew-locked-seed-38,pass,direct_max,idelay_data_cntvaluein,lane0,dq0,1,endpoint,1,1917.0,1917.0,1917.0,1917.0,0.0,1917.0
cntvaluein3-skew-locked-seed-39,fail,direct_max,idelay_data_cntvaluein,lane0,dq0,1,endpoint,1,1511.0,1511.0,1511.0,1511.0,0.0,1511.0
cntvaluein3-skew-locked-seed-40,pass,direct_max,idelay_data_cntvaluein,lane0,dq0,1,endpoint,1,2032.0,2032.0,2032.0,2032.0,0.0,2032.0
cntvaluein3-skew-locked-seed-41,fail,direct_max,idelay_data_cntvaluein,lane0,dq0,1,endpoint,1,1605.0,1605.0,1605.0,1605.0,0.0,1605.0
cntvaluein3-skew-locked-seed-42,pass,direct_max,idelay_data_cntvaluein,lane0,dq0,1,endpoint,1,1947.0,1947.0,1947.0,1947.0,0.0,1947.0
cntvaluein3-skew-locked-seed-43,pass,direct_max,idelay_data_cntvaluein,lane0,dq0,1,endpoint,1,961.0,961.0,961.0,961.0,0.0,961.0
cntvaluein3-skew-locked-seed-44,pass,direct_max,idelay_data_cntvaluein,lane0,dq0,1,endpoint,1,916.0,916.0,916.0,916.0,0.0,916.0
cntvaluein3-skew-locked-seed-45,fail,direct_max,idelay_data_cntvaluein,lane0,dq0,1,endpoint,1,1069.0,1069.0,1069.0,1069.0,0.0,1069.0
cntvaluein3-skew-locked-seed-46,pass,direct_max,idelay_data_cntvaluein,lane0,dq0,1,endpoint,1,953.0,953.0,953.0,953.0,0.0,953.0
cntvaluein3-skew-locked-seed-47,pass,direct_max,idelay_data_cntvaluein,lane0,dq0,1,endpoint,1,2368.0,2368.0,2368.0,2368.0,0.0,2368.0
cntvaluein3-skew-locked-seed-48,fail,direct_max,idelay_data_cntvaluein,lane0,dq0,1,endpoint,1,1381.0,1381.0,1381.0,1381.0,0.0,1381.0
cntvaluein3-skew-locked-seed-49,pass,direct_max,idelay_data_cntvaluein,lane0,dq0,1,endpoint,1,1980.0,1980.0,1980.0,1980.0,0.0,1980.0
cntvaluein3-skew-locked-seed-50,fail,direct_max,idelay_data_cntvaluein,lane0,dq0,1,endpoint,1,1633.0,1633.0,1633.0,1633.0,0.0,1633.0
cntvaluein3-skew-locked-seed-51,fail,direct_max,idelay_data_cntvaluein,lane0,dq0,1,endpoint,1,869.0,869.0,869.0,869.0,0.0,869.0
cntvaluein3-skew-locked-seed-52,fail,direct_max,idelay_data_cntvaluein,lane0,dq0,1,endpoint,1,2151.0,2151.0,2151.0,2151.0,0.0,2151.0
cntvaluein3-skew-locked-seed-53,fail,direct_max,idelay_data_cntvaluein,lane0,dq0,1,endpoint,1,1444.0,1444.0,1444.0,1444.0,0.0,1444.0
cntvaluein3-skew-locked-seed-54,pass,direct_max,idelay_data_cntvaluein,lane0,dq0,1,endpoint,1,1276.0,1276.0,1276.0,1276.0,0.0,1276.0
cntvaluein3-skew-locked-seed-55,pass,direct_max,idelay_data_cntvaluein,lane0,dq0,1,endpoint,1,1842.0,1842.0,1842.0,1842.0,0.0,1842.0
cntvaluein3-skew-locked-seed-56,pass,direct_max,idelay_data_cntvaluein,lane0,dq0,1,endpoint,1,2392.0,2392.0,2392.0,2392.0,0.0,2392.0
cntvaluein3-skew-locked-seed-57,pass,direct_max,idelay_data_cntvaluein,lane0,dq0,1,endpoint,1,1560.0,1560.0,1560.0,1560.0,0.0,1560.0
cntvaluein3-skew-locked-seed-58,pass,direct_max,idelay_data_cntvaluein,lane0,dq0,1,endpoint,1,1412.0,1412.0,1412.0,1412.0,0.0,1412.0
cntvaluein3-skew-locked-seed-59,pass,direct_max,idelay_data_cntvaluein,lane0,dq0,1,endpoint,1,1853.0,1853.0,1853.0,1853.0,0.0,1853.0
cntvaluein3-skew-locked-seed-60,fail,direct_max,idelay_data_cntvaluein,lane0,dq0,1,endpoint,1,1646.0,1646.0,1646.0,1646.0,0.0,1646.0
cntvaluein3-skew-locked-seed-31,pass,direct_max,idelay_data_cntvaluein,lane0,dq0,2,endpoint,1,1699.0,1699.0,1699.0,1699.0,0.0,1699.0
cntvaluein3-skew-locked-seed-32,pass,direct_max,idelay_data_cntvaluein,lane0,dq0,2,endpoint,1,1090.0,1090.0,1090.0,1090.0,0.0,1090.0
cntvaluein3-skew-locked-seed-33,fail,direct_max,idelay_data_cntvaluein,lane0,dq0,2,endpoint,1,1740.0,1740.0,1740.0,1740.0,0.0,1740.0
cntvaluein3-skew-locked-seed-34,pass,direct_max,idelay_data_cntvaluein,lane0,dq0,2,endpoint,1,1148.0,1148.0,1148.0,1148.0,0.0,1148.0
cntvaluein3-skew-locked-seed-35,pass,direct_max,idelay_data_cntvaluein,lane0,dq0,2,endpoint,1,972.0,972.0,972.0,972.0,0.0,972.0
cntvaluein3-skew-locked-seed-36,fail,direct_max,idelay_data_cntvaluein,lane0,dq0,2,endpoint,1,1332.0,1332.0,1332.0,1332.0,0.0,1332.0
cntvaluein3-skew-locked-seed-37,pass,direct_max,idelay_data_cntvaluein,lane0,dq0,2,endpoint,1,2128.0,2128.0,2128.0,2128.0,0.0,2128.0
cntvaluein3-skew-locked-seed-38,pass,direct_max,idelay_data_cntvaluein,lane0,dq0,2,endpoint,1,1894.0,1894.0,1894.0,1894.0,0.0,1894.0
cntvaluein3-skew-locked-seed-39,fail,direct_max,idelay_data_cntvaluein,lane0,dq0,2,endpoint,1,1876.0,1876.0,1876.0,1876.0,0.0,1876.0
cntvaluein3-skew-locked-seed-40,pass,direct_max,idelay_data_cntvaluein,lane0,dq0,2,endpoint,1,1347.0,1347.0,1347.0,1347.0,0.0,1347.0
cntvaluein3-skew-locked-seed-41,fail,direct_max,idelay_data_cntvaluein,lane0,dq0,2,endpoint,1,1187.0,1187.0,1187.0,1187.0,0.0,1187.0
cntvaluein3-skew-locked-seed-42,pass,direct_max,idelay_data_cntvaluein,lane0,dq0,2,endpoint,1,1725.0,1725.0,1725.0,1725.0,0.0,1725.0
cntvaluein3-skew-locked-seed-43,pass,direct_max,idelay_data_cntvaluein,lane0,dq0,2,endpoint,1,919.0,919.0,919.0,919.0,0.0,919.0
cntvaluein3-skew-locked-seed-44,pass,direct_max,idelay_data_cntvaluein,lane0,dq0,2,endpoint,1,1195.0,1195.0,1195.0,1195.0,0.0,1195.0
cntvaluein3-skew-locked-seed-45,fail,direct_max,idelay_data_cntvaluein,lane0,dq0,2,endpoint,1,1042.0,1042.0,1042.0,1042.0,0.0,1042.0
cntvaluein3-skew-locked-seed-46,pass,direct_max,idelay_data_cntvaluein,lane0,dq0,2,endpoint,1,1263.0,1263.0,1263.0,1263.0,0.0,1263.0
cntvaluein3-skew-locked-seed-47,pass,direct_max,idelay_data_cntvaluein,lane0,dq0,2,endpoint,1,1888.0,1888.0,1888.0,1888.0,0.0,1888.0
cntvaluein3-skew-locked-seed-48,fail,direct_max,idelay_data_cntvaluein,lane0,dq0,2,endpoint,1,1148.0,1148.0,1148.0,1148.0,0.0,1148.0
cntvaluein3-skew-locked-seed-49,pass,direct_max,idelay_data_cntvaluein,lane0,dq0,2,endpoint,1,1062.0,1062.0,1062.0,1062.0,0.0,1062.0
cntvaluein3-skew-locked-seed-50,fail,direct_max,idelay_data_cntvaluein,lane0,dq0,2,endpoint,1,1730.0,1730.0,1730.0,1730.0,0.0,1730.0
cntvaluein3-skew-locked-seed-51,fail,direct_max,idelay_data_cntvaluein,lane0,dq0,2,endpoint,1,1065.0,1065.0,1065.0,1065.0,0.0,1065.0
cntvaluein3-skew-locked-seed-52,fail,direct_max,idelay_data_cntvaluein,lane0,dq0,2,endpoint,1,2154.0,2154.0,2154.0,2154.0,0.0,2154.0
cntvaluein3-skew-locked-seed-53,fail,direct_max,idelay_data_cntvaluein,lane0,dq0,2,endpoint,1,1582.0,1582.0,1582.0,1582.0,0.0,1582.0
cntvaluein3-skew-locked-seed-54,pass,direct_max,idelay_data_cntvaluein,lane0,dq0,2,endpoint,1,989.0,989.0,989.0,989.0,0.0,989.0
cntvaluein3-skew-locked-seed-55,pass,direct_max,idelay_data_cntvaluein,lane0,dq0,2,endpoint,1,1968.0,1968.0,1968.0,1968.0,0.0,1968.0
cntvaluein3-skew-locked-seed-56,pass,direct_max,idelay_data_cntvaluein,lane0,dq0,2,endpoint,1,1072.0,1072.0,1072.0,1072.0,0.0,1072.0
cntvaluein3-skew-locked-seed-57,pass,direct_max,idelay_data_cntvaluein,lane0,dq0,2,endpoint,1,1621.0,1621.0,1621.0,1621.0,0.0,1621.0
cntvaluein3-skew-locked-seed-58,pass,direct_max,idelay_data_cntvaluein,lane0,dq0,2,endpoint,1,1511.0,1511.0,1511.0,1511.0,0.0,1511.0
cntvaluein3-skew-locked-seed-59,pass,direct_max,idelay_data_cntvaluein,lane0,dq0,2,endpoint,1,1251.0,1251.0,1251.0,1251.0,0.0,1251.0
cntvaluein3-skew-locked-seed-60,fail,direct_max,idelay_data_cntvaluein,lane0,dq0,2,endpoint,1,1756.0,1756.0,1756.0,1756.0,0.0,1756.0
cntvaluein3-skew-locked-seed-31,pass,direct_max,idelay_data_cntvaluein,lane0,dq0,3,endpoint,1,2342.0,2342.0,2342.0,2342.0,0.0,2342.0
cntvaluein3-skew-locked-seed-32,pass,direct_max,idelay_data_cntvaluein,lane0,dq0,3,endpoint,1,2246.0,2246.0,2246.0,2246.0,0.0,2246.0
cntvaluein3-skew-locked-seed-33,fail,direct_max,idelay_data_cntvaluein,lane0,dq0,3,endpoint,1,1883.0,1883.0,1883.0,1883.0,0.0,1883.0
cntvaluein3-skew-locked-seed-34,pass,direct_max,idelay_data_cntvaluein,lane0,dq0,3,endpoint,1,2200.0,2200.0,2200.0,2200.0,0.0,2200.0
cntvaluein3-skew-locked-seed-35,pass,direct_max,idelay_data_cntvaluein,lane0,dq0,3,endpoint,1,2171.0,2171.0,2171.0,2171.0,0.0,2171.0
cntvaluein3-skew-locked-seed-36,fail,direct_max,idelay_data_cntvaluein,lane0,dq0,3,endpoint,1,1978.0,1978.0,1978.0,1978.0,0.0,1978.0
cntvaluein3-skew-locked-seed-37,pass,direct_max,idelay_data_cntvaluein,lane0,dq0,3,endpoint,1,1672.0,1672.0,1672.0,1672.0,0.0,1672.0
cntvaluein3-skew-locked-seed-38,pass,direct_max,idelay_data_cntvaluein,lane0,dq0,3,endpoint,1,1708.0,1708.0,1708.0,1708.0,0.0,1708.0
cntvaluein3-skew-locked-seed-39,fail,direct_max,idelay_data_cntvaluein,lane0,dq0,3,endpoint,1,2055.0,2055.0,2055.0,2055.0,0.0,2055.0
cntvaluein3-skew-locked-seed-40,pass,direct_max,idelay_data_cntvaluein,lane0,dq0,3,endpoint,1,2118.0,2118.0,2118.0,2118.0,0.0,2118.0
cntvaluein3-skew-locked-seed-41,fail,direct_max,idelay_data_cntvaluein,lane0,dq0,3,endpoint,1,1725.0,1725.0,1725.0,1725.0,0.0,1725.0
cntvaluein3-skew-locked-seed-42,pass,direct_max,idelay_data_cntvaluein,lane0,dq0,3,endpoint,1,1557.0,1557.0,1557.0,1557.0,0.0,1557.0
cntvaluein3-skew-locked-seed-43,pass,direct_max,idelay_data_cntvaluein,lane0,dq0,3,endpoint,1,1927.0,1927.0,1927.0,1927.0,0.0,1927.0
cntvaluein3-skew-locked-seed-44,pass,direct_max,idelay_data_cntvaluein,lane0,dq0,3,endpoint,1,2161.0,2161.0,2161.0,2161.0,0.0,2161.0
cntvaluein3-skew-locked-seed-45,fail,direct_max,idelay_data_cntvaluein,lane0,dq0,3,endpoint,1,1402.0,1402.0,1402.0,1402.0,0.0,1402.0
cntvaluein3-skew-locked-seed-46,pass,direct_max,idelay_data_cntvaluein,lane0,dq0,3,endpoint,1,1560.0,1560.0,1560.0,1560.0,0.0,1560.0
cntvaluein3-skew-locked-seed-47,pass,direct_max,idelay_data_cntvaluein,lane0,dq0,3,endpoint,1,2180.0,2180.0,2180.0,2180.0,0.0,2180.0
cntvaluein3-skew-locked-seed-48,fail,direct_max,idelay_data_cntvaluein,lane0,dq0,3,endpoint,1,1968.0,1968.0,1968.0,1968.0,0.0,1968.0
cntvaluein3-skew-locked-seed-49,pass,direct_max,idelay_data_cntvaluein,lane0,dq0,3,endpoint,1,2476.0,2476.0,2476.0,2476.0,0.0,2476.0
cntvaluein3-skew-locked-seed-50,fail,direct_max,idelay_data_cntvaluein,lane0,dq0,3,endpoint,1,1922.0,1922.0,1922.0,1922.0,0.0,1922.0
cntvaluein3-skew-locked-seed-51,fail,direct_max,idelay_data_cntvaluein,lane0,dq0,3,endpoint,1,1893.0,1893.0,1893.0,1893.0,0.0,1893.0
cntvaluein3-skew-locked-seed-52,fail,direct_max,idelay_data_cntvaluein,lane0,dq0,3,endpoint,1,1230.0,1230.0,1230.0,1230.0,0.0,1230.0
cntvaluein3-skew-locked-seed-53,fail,direct_max,idelay_data_cntvaluein,lane0,dq0,3,endpoint,1,2069.0,2069.0,2069.0,2069.0,0.0,2069.0
cntvaluein3-skew-locked-seed-54,pass,direct_max,idelay_data_cntvaluein,lane0,dq0,3,endpoint,1,2023.0,2023.0,2023.0,2023.0,0.0,2023.0
cntvaluein3-skew-locked-seed-55,pass,direct_max,idelay_data_cntvaluein,lane0,dq0,3,endpoint,1,1952.0,1952.0,1952.0,1952.0,0.0,1952.0
cntvaluein3-skew-locked-seed-56,pass,direct_max,idelay_data_cntvaluein,lane0,dq0,3,endpoint,1,1274.0,1274.0,1274.0,1274.0,0.0,1274.0
cntvaluein3-skew-locked-seed-57,pass,direct_max,idelay_data_cntvaluein,lane0,dq0,3,endpoint,1,2483.0,2483.0,2483.0,2483.0,0.0,2483.0
cntvaluein3-skew-locked-seed-58,pass,direct_max,idelay_data_cntvaluein,lane0,dq0,3,endpoint,1,1449.0,1449.0,1449.0,1449.0,0.0,1449.0
cntvaluein3-skew-locked-seed-59,pass,direct_max,idelay_data_cntvaluein,lane0,dq0,3,endpoint,1,1338.0,1338.0,1338.0,1338.0,0.0,1338.0
cntvaluein3-skew-locked-seed-60,fail,direct_max,idelay_data_cntvaluein,lane0,dq0,3,endpoint,1,2134.0,2134.0,2134.0,2134.0,0.0,2134.0
cntvaluein3-skew-locked-seed-31,pass,direct_max,idelay_data_cntvaluein,lane0,dq0,4,endpoint,1,2042.0,2042.0,2042.0,2042.0,0.0,2042.0
cntvaluein3-skew-locked-seed-32,pass,direct_max,idelay_data_cntvaluein,lane0,dq0,4,endpoint,1,1105.0,1105.0,1105.0,1105.0,0.0,1105.0
cntvaluein3-skew-locked-seed-33,fail,direct_max,idelay_data_cntvaluein,lane0,dq0,4,endpoint,1,1733.0,1733.0,1733.0,1733.0,0.0,1733.0
cntvaluein3-skew-locked-seed-34,pass,direct_max,idelay_data_cntvaluein,lane0,dq0,4,endpoint,1,1276.0,1276.0,1276.0,1276.0,0.0,1276.0
cntvaluein3-skew-locked-seed-35,pass,direct_max,idelay_data_cntvaluein,lane0,dq0,4,endpoint,1,1281.0,1281.0,1281.0,1281.0,0.0,1281.0
cntvaluein3-skew-locked-seed-36,fail,direct_max,idelay_data_cntvaluein,lane0,dq0,4,endpoint,1,1465.0,1465.0,1465.0,1465.0,0.0,1465.0
cntvaluein3-skew-locked-seed-37,pass,direct_max,idelay_data_cntvaluein,lane0,dq0,4,endpoint,1,1791.0,1791.0,1791.0,1791.0,0.0,1791.0
cntvaluein3-skew-locked-seed-38,pass,direct_max,idelay_data_cntvaluein,lane0,dq0,4,endpoint,1,2105.0,2105.0,2105.0,2105.0,0.0,2105.0
cntvaluein3-skew-locked-seed-39,fail,direct_max,idelay_data_cntvaluein,lane0,dq0,4,endpoint,1,1868.0,1868.0,1868.0,1868.0,0.0,1868.0
cntvaluein3-skew-locked-seed-40,pass,direct_max,idelay_data_cntvaluein,lane0,dq0,4,endpoint,1,1529.0,1529.0,1529.0,1529.0,0.0,1529.0
cntvaluein3-skew-locked-seed-41,fail,direct_max,idelay_data_cntvaluein,lane0,dq0,4,endpoint,1,1712.0,1712.0,1712.0,1712.0,0.0,1712.0
cntvaluein3-skew-locked-seed-42,pass,direct_max,idelay_data_cntvaluein,lane0,dq0,4,endpoint,1,2177.0,2177.0,2177.0,2177.0,0.0,2177.0
cntvaluein3-skew-locked-seed-43,pass,direct_max,idelay_data_cntvaluein,lane0,dq0,4,endpoint,1,1032.0,1032.0,1032.0,1032.0,0.0,1032.0
cntvaluein3-skew-locked-seed-44,pass,direct_max,idelay_data_cntvaluein,lane0,dq0,4,endpoint,1,1013.0,1013.0,1013.0,1013.0,0.0,1013.0
cntvaluein3-skew-locked-seed-45,fail,direct_max,idelay_data_cntvaluein,lane0,dq0,4,endpoint,1,1174.0,1174.0,1174.0,1174.0,0.0,1174.0
cntvaluein3-skew-locked-seed-46,pass,direct_max,idelay_data_cntvaluein,lane0,dq0,4,endpoint,1,1276.0,1276.0,1276.0,1276.0,0.0,1276.0
cntvaluein3-skew-locked-seed-47,pass,direct_max,idelay_data_cntvaluein,lane0,dq0,4,endpoint,1,2039.0,2039.0,2039.0,2039.0,0.0,2039.0
cntvaluein3-skew-locked-seed-48,fail,direct_max,idelay_data_cntvaluein,lane0,dq0,4,endpoint,1,962.0,962.0,962.0,962.0,0.0,962.0
cntvaluein3-skew-locked-seed-49,pass,direct_max,idelay_data_cntvaluein,lane0,dq0,4,endpoint,1,1378.0,1378.0,1378.0,1378.0,0.0,1378.0
cntvaluein3-skew-locked-seed-50,fail,direct_max,idelay_data_cntvaluein,lane0,dq0,4,endpoint,1,1398.0,1398.0,1398.0,1398.0,0.0,1398.0
cntvaluein3-skew-locked-seed-51,fail,direct_max,idelay_data_cntvaluein,lane0,dq0,4,endpoint,1,1177.0,1177.0,1177.0,1177.0,0.0,1177.0
cntvaluein3-skew-locked-seed-52,fail,direct_max,idelay_data_cntvaluein,lane0,dq0,4,endpoint,1,1980.0,1980.0,1980.0,1980.0,0.0,1980.0
cntvaluein3-skew-locked-seed-53,fail,direct_max,idelay_data_cntvaluein,lane0,dq0,4,endpoint,1,1500.0,1500.0,1500.0,1500.0,0.0,1500.0
cntvaluein3-skew-locked-seed-54,pass,direct_max,idelay_data_cntvaluein,lane0,dq0,4,endpoint,1,1133.0,1133.0,1133.0,1133.0,0.0,1133.0
cntvaluein3-skew-locked-seed-55,pass,direct_max,idelay_data_cntvaluein,lane0,dq0,4,endpoint,1,2183.0,2183.0,2183.0,2183.0,0.0,2183.0
cntvaluein3-skew-locked-seed-56,pass,direct_max,idelay_data_cntvaluein,lane0,dq0,4,endpoint,1,1514.0,1514.0,1514.0,1514.0,0.0,1514.0
cntvaluein3-skew-locked-seed-57,pass,direct_max,idelay_data_cntvaluein,lane0,dq0,4,endpoint,1,1973.0,1973.0,1973.0,1973.0,0.0,1973.0
cntvaluein3-skew-locked-seed-58,pass,direct_max,idelay_data_cntvaluein,lane0,dq0,4,endpoint,1,1921.0,1921.0,1921.0,1921.0,0.0,1921.0
cntvaluein3-skew-locked-seed-59,pass,direct_max,idelay_data_cntvaluein,lane0,dq0,4,endpoint,1,1815.0,1815.0,1815.0,1815.0,0.0,1815.0
cntvaluein3-skew-locked-seed-60,fail,direct_max,idelay_data_cntvaluein,lane0,dq0,4,endpoint,1,1254.0,1254.0,1254.0,1254.0,0.0,1254.0
cntvaluein3-skew-locked-seed-31,pass,direct_max,idelay_data_cntvaluein,lane0,dq1,0,endpoint,1,1759.0,1759.0,1759.0,1759.0,0.0,1759.0
cntvaluein3-skew-locked-seed-32,pass,direct_max,idelay_data_cntvaluein,lane0,dq1,0,endpoint,1,930.0,930.0,930.0,930.0,0.0,930.0
cntvaluein3-skew-locked-seed-33,fail,direct_max,idelay_data_cntvaluein,lane0,dq1,0,endpoint,1,2193.0,2193.0,2193.0,2193.0,0.0,2193.0
cntvaluein3-skew-locked-seed-34,pass,direct_max,idelay_data_cntvaluein,lane0,dq1,0,endpoint,1,1368.0,1368.0,1368.0,1368.0,0.0,1368.0
cntvaluein3-skew-locked-seed-35,pass,direct_max,idelay_data_cntvaluein,lane0,dq1,0,endpoint,1,954.0,954.0,954.0,954.0,0.0,954.0
cntvaluein3-skew-locked-seed-36,fail,direct_max,idelay_data_cntvaluein,lane0,dq1,0,endpoint,1,1626.0,1626.0,1626.0,1626.0,0.0,1626.0
cntvaluein3-skew-locked-seed-37,pass,direct_max,idelay_data_cntvaluein,lane0,dq1,0,endpoint,1,1830.0,1830.0,1830.0,1830.0,0.0,1830.0
cntvaluein3-skew-locked-seed-38,pass,direct_max,idelay_data_cntvaluein,lane0,dq1,0,endpoint,1,1978.0,1978.0,1978.0,1978.0,0.0,1978.0
cntvaluein3-skew-locked-seed-39,fail,direct_max,idelay_data_cntvaluein,lane0,dq1,0,endpoint,1,2109.0,2109.0,2109.0,2109.0,0.0,2109.0
cntvaluein3-skew-locked-seed-40,pass,direct_max,idelay_data_cntvaluein,lane0,dq1,0,endpoint,1,2096.0,2096.0,2096.0,2096.0,0.0,2096.0
cntvaluein3-skew-locked-seed-41,fail,direct_max,idelay_data_cntvaluein,lane0,dq1,0,endpoint,1,1782.0,1782.0,1782.0,1782.0,0.0,1782.0
cntvaluein3-skew-locked-seed-42,pass,direct_max,idelay_data_cntvaluein,lane0,dq1,0,endpoint,1,1549.0,1549.0,1549.0,1549.0,0.0,1549.0
cntvaluein3-skew-locked-seed-43,pass,direct_max,idelay_data_cntvaluein,lane0,dq1,0,endpoint,1,1118.0,1118.0,1118.0,1118.0,0.0,1118.0
cntvaluein3-skew-locked-seed-44,pass,direct_max,idelay_data_cntvaluein,lane0,dq1,0,endpoint,1,1195.0,1195.0,1195.0,1195.0,0.0,1195.0
cntvaluein3-skew-locked-seed-45,fail,direct_max,idelay_data_cntvaluein,lane0,dq1,0,endpoint,1,961.0,961.0,961.0,961.0,0.0,961.0
cntvaluein3-skew-locked-seed-46,pass,direct_max,idelay_data_cntvaluein,lane0,dq1,0,endpoint,1,1154.0,1154.0,1154.0,1154.0,0.0,1154.0
cntvaluein3-skew-locked-seed-47,pass,direct_max,idelay_data_cntvaluein,lane0,dq1,0,endpoint,1,1906.0,1906.0,1906.0,1906.0,0.0,1906.0
cntvaluein3-skew-locked-seed-48,fail,direct_max,idelay_data_cntvaluein,lane0,dq1,0,endpoint,1,1125.0,1125.0,1125.0,1125.0,0.0,1125.0
cntvaluein3-skew-locked-seed-49,pass,direct_max,idelay_data_cntvaluein,lane0,dq1,0,endpoint,1,2150.0,2150.0,2150.0,2150.0,0.0,2150.0
cntvaluein3-skew-locked-seed-50,fail,direct_max,idelay_data_cntvaluein,lane0,dq1,0,endpoint,1,1281.0,1281.0,1281.0,1281.0,0.0,1281.0
cntvaluein3-skew-locked-seed-51,fail,direct_max,idelay_data_cntvaluein,lane0,dq1,0,endpoint,1,1294.0,1294.0,1294.0,1294.0,0.0,1294.0
cntvaluein3-skew-locked-seed-52,fail,direct_max,idelay_data_cntvaluein,lane0,dq1,0,endpoint,1,1955.0,1955.0,1955.0,1955.0,0.0,1955.0
cntvaluein3-skew-locked-seed-53,fail,direct_max,idelay_data_cntvaluein,lane0,dq1,0,endpoint,1,1835.0,1835.0,1835.0,1835.0,0.0,1835.0
cntvaluein3-skew-locked-seed-54,pass,direct_max,idelay_data_cntvaluein,lane0,dq1,0,endpoint,1,1149.0,1149.0,1149.0,1149.0,0.0,1149.0
cntvaluein3-skew-locked-seed-55,pass,direct_max,idelay_data_cntvaluein,lane0,dq1,0,endpoint,1,2073.0,2073.0,2073.0,2073.0,0.0,2073.0
cntvaluein3-skew-locked-seed-56,pass,direct_max,idelay_data_cntvaluein,lane0,dq1,0,endpoint,1,1634.0,1634.0,1634.0,1634.0,0.0,1634.0
cntvaluein3-skew-locked-seed-57,pass,direct_max,idelay_data_cntvaluein,lane0,dq1,0,endpoint,1,1763.0,1763.0,1763.0,1763.0,0.0,1763.0
cntvaluein3-skew-locked-seed-58,pass,direct_max,idelay_data_cntvaluein,lane0,dq1,0,endpoint,1,1682.0,1682.0,1682.0,1682.0,0.0,1682.0
cntvaluein3-skew-locked-seed-59,pass,direct_max,idelay_data_cntvaluein,lane0,dq1,0,endpoint,1,1085.0,1085.0,1085.0,1085.0,0.0,1085.0
cntvaluein3-skew-locked-seed-60,fail,direct_max,idelay_data_cntvaluein,lane0,dq1,0,endpoint,1,1350.0,1350.0,1350.0,1350.0,0.0,1350.0
cntvaluein3-skew-locked-seed-31,pass,direct_max,idelay_data_cntvaluein,lane0,dq1,1,endpoint,1,1231.0,1231.0,1231.0,1231.0,0.0,1231.0
cntvaluein3-skew-locked-seed-32,pass,direct_max,idelay_data_cntvaluein,lane0,dq1,1,endpoint,1,904.0,904.0,904.0,904.0,0.0,904.0
cntvaluein3-skew-locked-seed-33,fail,direct_max,idelay_data_cntvaluein,lane0,dq1,1,endpoint,1,1601.0,1601.0,1601.0,1601.0,0.0,1601.0
cntvaluein3-skew-locked-seed-34,pass,direct_max,idelay_data_cntvaluein,lane0,dq1,1,endpoint,1,1190.0,1190.0,1190.0,1190.0,0.0,1190.0
cntvaluein3-skew-locked-seed-35,pass,direct_max,idelay_data_cntvaluein,lane0,dq1,1,endpoint,1,958.0,958.0,958.0,958.0,0.0,958.0
cntvaluein3-skew-locked-seed-36,fail,direct_max,idelay_data_cntvaluein,lane0,dq1,1,endpoint,1,1279.0,1279.0,1279.0,1279.0,0.0,1279.0
cntvaluein3-skew-locked-seed-37,pass,direct_max,idelay_data_cntvaluein,lane0,dq1,1,endpoint,1,1679.0,1679.0,1679.0,1679.0,0.0,1679.0
cntvaluein3-skew-locked-seed-38,pass,direct_max,idelay_data_cntvaluein,lane0,dq1,1,endpoint,1,1998.0,1998.0,1998.0,1998.0,0.0,1998.0
cntvaluein3-skew-locked-seed-39,fail,direct_max,idelay_data_cntvaluein,lane0,dq1,1,endpoint,1,1422.0,1422.0,1422.0,1422.0,0.0,1422.0
cntvaluein3-skew-locked-seed-40,pass,direct_max,idelay_data_cntvaluein,lane0,dq1,1,endpoint,1,2125.0,2125.0,2125.0,2125.0,0.0,2125.0
cntvaluein3-skew-locked-seed-41,fail,direct_max,idelay_data_cntvaluein,lane0,dq1,1,endpoint,1,1518.0,1518.0,1518.0,1518.0,0.0,1518.0
cntvaluein3-skew-locked-seed-42,pass,direct_max,idelay_data_cntvaluein,lane0,dq1,1,endpoint,1,2035.0,2035.0,2035.0,2035.0,0.0,2035.0
cntvaluein3-skew-locked-seed-43,pass,direct_max,idelay_data_cntvaluein,lane0,dq1,1,endpoint,1,1052.0,1052.0,1052.0,1052.0,0.0,1052.0
cntvaluein3-skew-locked-seed-44,pass,direct_max,idelay_data_cntvaluein,lane0,dq1,1,endpoint,1,945.0,945.0,945.0,945.0,0.0,945.0
cntvaluein3-skew-locked-seed-45,fail,direct_max,idelay_data_cntvaluein,lane0,dq1,1,endpoint,1,1080.0,1080.0,1080.0,1080.0,0.0,1080.0
cntvaluein3-skew-locked-seed-46,pass,direct_max,idelay_data_cntvaluein,lane0,dq1,1,endpoint,1,949.0,949.0,949.0,949.0,0.0,949.0
cntvaluein3-skew-locked-seed-47,pass,direct_max,idelay_data_cntvaluein,lane0,dq1,1,endpoint,1,2451.0,2451.0,2451.0,2451.0,0.0,2451.0
cntvaluein3-skew-locked-seed-48,fail,direct_max,idelay_data_cntvaluein,lane0,dq1,1,endpoint,1,1335.0,1335.0,1335.0,1335.0,0.0,1335.0
cntvaluein3-skew-locked-seed-49,pass,direct_max,idelay_data_cntvaluein,lane0,dq1,1,endpoint,1,1899.0,1899.0,1899.0,1899.0,0.0,1899.0
cntvaluein3-skew-locked-seed-50,fail,direct_max,idelay_data_cntvaluein,lane0,dq1,1,endpoint,1,1718.0,1718.0,1718.0,1718.0,0.0,1718.0
cntvaluein3-skew-locked-seed-51,fail,direct_max,idelay_data_cntvaluein,lane0,dq1,1,endpoint,1,959.0,959.0,959.0,959.0,0.0,959.0
cntvaluein3-skew-locked-seed-52,fail,direct_max,idelay_data_cntvaluein,lane0,dq1,1,endpoint,1,2144.0,2144.0,2144.0,2144.0,0.0,2144.0
cntvaluein3-skew-locked-seed-53,fail,direct_max,idelay_data_cntvaluein,lane0,dq1,1,endpoint,1,1529.0,1529.0,1529.0,1529.0,0.0,1529.0
cntvaluein3-skew-locked-seed-54,pass,direct_max,idelay_data_cntvaluein,lane0,dq1,1,endpoint,1,1195.0,1195.0,1195.0,1195.0,0.0,1195.0
cntvaluein3-skew-locked-seed-55,pass,direct_max,idelay_data_cntvaluein,lane0,dq1,1,endpoint,1,1911.0,1911.0,1911.0,1911.0,0.0,1911.0
cntvaluein3-skew-locked-seed-56,pass,direct_max,idelay_data_cntvaluein,lane0,dq1,1,endpoint,1,2420.0,2420.0,2420.0,2420.0,0.0,2420.0
cntvaluein3-skew-locked-seed-57,pass,direct_max,idelay_data_cntvaluein,lane0,dq1,1,endpoint,1,1720.0,1720.0,1720.0,1720.0,0.0,1720.0
cntvaluein3-skew-locked-seed-58,pass,direct_max,idelay_data_cntvaluein,lane0,dq1,1,endpoint,1,1503.0,1503.0,1503.0,1503.0,0.0,1503.0
cntvaluein3-skew-locked-seed-59,pass,direct_max,idelay_data_cntvaluein,lane0,dq1,1,endpoint,1,1937.0,1937.0,1937.0,1937.0,0.0,1937.0
cntvaluein3-skew-locked-seed-60,fail,direct_max,idelay_data_cntvaluein,lane0,dq1,1,endpoint,1,1736.0,1736.0,1736.0,1736.0,0.0,1736.0
cntvaluein3-skew-locked-seed-31,pass,direct_max,idelay_data_cntvaluein,lane0,dq1,2,endpoint,1,1690.0,1690.0,1690.0,1690.0,0.0,1690.0
cntvaluein3-skew-locked-seed-32,pass,direct_max,idelay_data_cntvaluein,lane0,dq1,2,endpoint,1,1174.0,1174.0,1174.0,1174.0,0.0,1174.0
cntvaluein3-skew-locked-seed-33,fail,direct_max,idelay_data_cntvaluein,lane0,dq1,2,endpoint,1,1684.0,1684.0,1684.0,1684.0,0.0,1684.0
cntvaluein3-skew-locked-seed-34,pass,direct_max,idelay_data_cntvaluein,lane0,dq1,2,endpoint,1,1238.0,1238.0,1238.0,1238.0,0.0,1238.0
cntvaluein3-skew-locked-seed-35,pass,direct_max,idelay_data_cntvaluein,lane0,dq1,2,endpoint,1,1146.0,1146.0,1146.0,1146.0,0.0,1146.0
cntvaluein3-skew-locked-seed-36,fail,direct_max,idelay_data_cntvaluein,lane0,dq1,2,endpoint,1,1273.0,1273.0,1273.0,1273.0,0.0,1273.0
cntvaluein3-skew-locked-seed-37,pass,direct_max,idelay_data_cntvaluein,lane0,dq1,2,endpoint,1,2128.0,2128.0,2128.0,2128.0,0.0,2128.0
cntvaluein3-skew-locked-seed-38,pass,direct_max,idelay_data_cntvaluein,lane0,dq1,2,endpoint,1,1985.0,1985.0,1985.0,1985.0,0.0,1985.0
cntvaluein3-skew-locked-seed-39,fail,direct_max,idelay_data_cntvaluein,lane0,dq1,2,endpoint,1,1848.0,1848.0,1848.0,1848.0,0.0,1848.0
cntvaluein3-skew-locked-seed-40,pass,direct_max,idelay_data_cntvaluein,lane0,dq1,2,endpoint,1,1523.0,1523.0,1523.0,1523.0,0.0,1523.0
cntvaluein3-skew-locked-seed-41,fail,direct_max,idelay_data_cntvaluein,lane0,dq1,2,endpoint,1,1271.0,1271.0,1271.0,1271.0,0.0,1271.0
cntvaluein3-skew-locked-seed-42,pass,direct_max,idelay_data_cntvaluein,lane0,dq1,2,endpoint,1,1809.0,1809.0,1809.0,1809.0,0.0,1809.0
cntvaluein3-skew-locked-seed-43,pass,direct_max,idelay_data_cntvaluein,lane0,dq1,2,endpoint,1,1052.0,1052.0,1052.0,1052.0,0.0,1052.0
cntvaluein3-skew-locked-seed-44,pass,direct_max,idelay_data_cntvaluein,lane0,dq1,2,endpoint,1,1210.0,1210.0,1210.0,1210.0,0.0,1210.0
cntvaluein3-skew-locked-seed-45,fail,direct_max,idelay_data_cntvaluein,lane0,dq1,2,endpoint,1,1133.0,1133.0,1133.0,1133.0,0.0,1133.0
cntvaluein3-skew-locked-seed-46,pass,direct_max,idelay_data_cntvaluein,lane0,dq1,2,endpoint,1,1353.0,1353.0,1353.0,1353.0,0.0,1353.0
cntvaluein3-skew-locked-seed-47,pass,direct_max,idelay_data_cntvaluein,lane0,dq1,2,endpoint,1,1978.0,1978.0,1978.0,1978.0,0.0,1978.0
cntvaluein3-skew-locked-seed-48,fail,direct_max,idelay_data_cntvaluein,lane0,dq1,2,endpoint,1,1083.0,1083.0,1083.0,1083.0,0.0,1083.0
cntvaluein3-skew-locked-seed-49,pass,direct_max,idelay_data_cntvaluein,lane0,dq1,2,endpoint,1,1065.0,1065.0,1065.0,1065.0,0.0,1065.0
cntvaluein3-skew-locked-seed-50,fail,direct_max,idelay_data_cntvaluein,lane0,dq1,2,endpoint,1,1820.0,1820.0,1820.0,1820.0,0.0,1820.0
cntvaluein3-skew-locked-seed-51,fail,direct_max,idelay_data_cntvaluein,lane0,dq1,2,endpoint,1,977.0,977.0,977.0,977.0,0.0,977.0
cntvaluein3-skew-locked-seed-52,fail,direct_max,idelay_data_cntvaluein,lane0,dq1,2,endpoint,1,2068.0,2068.0,2068.0,2068.0,0.0,2068.0
cntvaluein3-skew-locked-seed-53,fail,direct_max,idelay_data_cntvaluein,lane0,dq1,2,endpoint,1,1572.0,1572.0,1572.0,1572.0,0.0,1572.0
cntvaluein3-skew-locked-seed-54,pass,direct_max,idelay_data_cntvaluein,lane0,dq1,2,endpoint,1,1167.0,1167.0,1167.0,1167.0,0.0,1167.0
cntvaluein3-skew-locked-seed-55,pass,direct_max,idelay_data_cntvaluein,lane0,dq1,2,endpoint,1,2059.0,2059.0,2059.0,2059.0,0.0,2059.0
cntvaluein3-skew-locked-seed-56,pass,direct_max,idelay_data_cntvaluein,lane0,dq1,2,endpoint,1,1062.0,1062.0,1062.0,1062.0,0.0,1062.0
cntvaluein3-skew-locked-seed-57,pass,direct_max,idelay_data_cntvaluein,lane0,dq1,2,endpoint,1,1628.0,1628.0,1628.0,1628.0,0.0,1628.0
cntvaluein3-skew-locked-seed-58,pass,direct_max,idelay_data_cntvaluein,lane0,dq1,2,endpoint,1,1595.0,1595.0,1595.0,1595.0,0.0,1595.0
cntvaluein3-skew-locked-seed-59,pass,direct_max,idelay_data_cntvaluein,lane0,dq1,2,endpoint,1,1335.0,1335.0,1335.0,1335.0,0.0,1335.0
cntvaluein3-skew-locked-seed-60,fail,direct_max,idelay_data_cntvaluein,lane0,dq1,2,endpoint,1,1891.0,1891.0,1891.0,1891.0,0.0,1891.0
cntvaluein3-skew-locked-seed-31,pass,direct_max,idelay_data_cntvaluein,lane0,dq1,3,endpoint,1,2305.0,2305.0,2305.0,2305.0,0.0,2305.0
cntvaluein3-skew-locked-seed-32,pass,direct_max,idelay_data_cntvaluein,lane0,dq1,3,endpoint,1,2253.0,2253.0,2253.0,2253.0,0.0,2253.0
cntvaluein3-skew-locked-seed-33,fail,direct_max,idelay_data_cntvaluein,lane0,dq1,3,endpoint,1,1965.0,1965.0,1965.0,1965.0,0.0,1965.0
cntvaluein3-skew-locked-seed-34,pass,direct_max,idelay_data_cntvaluein,lane0,dq1,3,endpoint,1,2150.0,2150.0,2150.0,2150.0,0.0,2150.0
cntvaluein3-skew-locked-seed-35,pass,direct_max,idelay_data_cntvaluein,lane0,dq1,3,endpoint,1,2160.0,2160.0,2160.0,2160.0,0.0,2160.0
cntvaluein3-skew-locked-seed-36,fail,direct_max,idelay_data_cntvaluein,lane0,dq1,3,endpoint,1,2069.0,2069.0,2069.0,2069.0,0.0,2069.0
cntvaluein3-skew-locked-seed-37,pass,direct_max,idelay_data_cntvaluein,lane0,dq1,3,endpoint,1,1699.0,1699.0,1699.0,1699.0,0.0,1699.0
cntvaluein3-skew-locked-seed-38,pass,direct_max,idelay_data_cntvaluein,lane0,dq1,3,endpoint,1,1621.0,1621.0,1621.0,1621.0,0.0,1621.0
cntvaluein3-skew-locked-seed-39,fail,direct_max,idelay_data_cntvaluein,lane0,dq1,3,endpoint,1,2059.0,2059.0,2059.0,2059.0,0.0,2059.0
cntvaluein3-skew-locked-seed-40,pass,direct_max,idelay_data_cntvaluein,lane0,dq1,3,endpoint,1,2032.0,2032.0,2032.0,2032.0,0.0,2032.0
cntvaluein3-skew-locked-seed-41,fail,direct_max,idelay_data_cntvaluein,lane0,dq1,3,endpoint,1,1809.0,1809.0,1809.0,1809.0,0.0,1809.0
cntvaluein3-skew-locked-seed-42,pass,direct_max,idelay_data_cntvaluein,lane0,dq1,3,endpoint,1,1649.0,1649.0,1649.0,1649.0,0.0,1649.0
cntvaluein3-skew-locked-seed-43,pass,direct_max,idelay_data_cntvaluein,lane0,dq1,3,endpoint,1,2019.0,2019.0,2019.0,2019.0,0.0,2019.0
cntvaluein3-skew-locked-seed-44,pass,direct_max,idelay_data_cntvaluein,lane0,dq1,3,endpoint,1,2246.0,2246.0,2246.0,2246.0,0.0,2246.0
cntvaluein3-skew-locked-seed-45,fail,direct_max,idelay_data_cntvaluein,lane0,dq1,3,endpoint,1,1488.0,1488.0,1488.0,1488.0,0.0,1488.0
cntvaluein3-skew-locked-seed-46,pass,direct_max,idelay_data_cntvaluein,lane0,dq1,3,endpoint,1,1646.0,1646.0,1646.0,1646.0,0.0,1646.0
cntvaluein3-skew-locked-seed-47,pass,direct_max,idelay_data_cntvaluein,lane0,dq1,3,endpoint,1,2265.0,2265.0,2265.0,2265.0,0.0,2265.0
cntvaluein3-skew-locked-seed-48,fail,direct_max,idelay_data_cntvaluein,lane0,dq1,3,endpoint,1,1995.0,1995.0,1995.0,1995.0,0.0,1995.0
cntvaluein3-skew-locked-seed-49,pass,direct_max,idelay_data_cntvaluein,lane0,dq1,3,endpoint,1,2568.0,2568.0,2568.0,2568.0,0.0,2568.0
cntvaluein3-skew-locked-seed-50,fail,direct_max,idelay_data_cntvaluein,lane0,dq1,3,endpoint,1,2013.0,2013.0,2013.0,2013.0,0.0,2013.0
cntvaluein3-skew-locked-seed-51,fail,direct_max,idelay_data_cntvaluein,lane0,dq1,3,endpoint,1,1922.0,1922.0,1922.0,1922.0,0.0,1922.0
cntvaluein3-skew-locked-seed-52,fail,direct_max,idelay_data_cntvaluein,lane0,dq1,3,endpoint,1,1149.0,1149.0,1149.0,1149.0,0.0,1149.0
cntvaluein3-skew-locked-seed-53,fail,direct_max,idelay_data_cntvaluein,lane0,dq1,3,endpoint,1,2151.0,2151.0,2151.0,2151.0,0.0,2151.0
cntvaluein3-skew-locked-seed-54,pass,direct_max,idelay_data_cntvaluein,lane0,dq1,3,endpoint,1,2108.0,2108.0,2108.0,2108.0,0.0,2108.0
cntvaluein3-skew-locked-seed-55,pass,direct_max,idelay_data_cntvaluein,lane0,dq1,3,endpoint,1,2036.0,2036.0,2036.0,2036.0,0.0,2036.0
cntvaluein3-skew-locked-seed-56,pass,direct_max,idelay_data_cntvaluein,lane0,dq1,3,endpoint,1,1358.0,1358.0,1358.0,1358.0,0.0,1358.0
cntvaluein3-skew-locked-seed-57,pass,direct_max,idelay_data_cntvaluein,lane0,dq1,3,endpoint,1,2596.0,2596.0,2596.0,2596.0,0.0,2596.0
cntvaluein3-skew-locked-seed-58,pass,direct_max,idelay_data_cntvaluein,lane0,dq1,3,endpoint,1,1452.0,1452.0,1452.0,1452.0,0.0,1452.0
cntvaluein3-skew-locked-seed-59,pass,direct_max,idelay_data_cntvaluein,lane0,dq1,3,endpoint,1,1598.0,1598.0,1598.0,1598.0,0.0,1598.0
cntvaluein3-skew-locked-seed-60,fail,direct_max,idelay_data_cntvaluein,lane0,dq1,3,endpoint,1,2190.0,2190.0,2190.0,2190.0,0.0,2190.0
cntvaluein3-skew-locked-seed-31,pass,direct_max,idelay_data_cntvaluein,lane0,dq1,4,endpoint,1,1914.0,1914.0,1914.0,1914.0,0.0,1914.0
cntvaluein3-skew-locked-seed-32,pass,direct_max,idelay_data_cntvaluein,lane0,dq1,4,endpoint,1,1113.0,1113.0,1113.0,1113.0,0.0,1113.0
cntvaluein3-skew-locked-seed-33,fail,direct_max,idelay_data_cntvaluein,lane0,dq1,4,endpoint,1,1667.0,1667.0,1667.0,1667.0,0.0,1667.0
cntvaluein3-skew-locked-seed-34,pass,direct_max,idelay_data_cntvaluein,lane0,dq1,4,endpoint,1,1361.0,1361.0,1361.0,1361.0,0.0,1361.0
cntvaluein3-skew-locked-seed-35,pass,direct_max,idelay_data_cntvaluein,lane0,dq1,4,endpoint,1,1368.0,1368.0,1368.0,1368.0,0.0,1368.0
cntvaluein3-skew-locked-seed-36,fail,direct_max,idelay_data_cntvaluein,lane0,dq1,4,endpoint,1,1552.0,1552.0,1552.0,1552.0,0.0,1552.0
cntvaluein3-skew-locked-seed-37,pass,direct_max,idelay_data_cntvaluein,lane0,dq1,4,endpoint,1,1876.0,1876.0,1876.0,1876.0,0.0,1876.0
cntvaluein3-skew-locked-seed-38,pass,direct_max,idelay_data_cntvaluein,lane0,dq1,4,endpoint,1,2190.0,2190.0,2190.0,2190.0,0.0,2190.0
cntvaluein3-skew-locked-seed-39,fail,direct_max,idelay_data_cntvaluein,lane0,dq1,4,endpoint,1,1952.0,1952.0,1952.0,1952.0,0.0,1952.0
cntvaluein3-skew-locked-seed-40,pass,direct_max,idelay_data_cntvaluein,lane0,dq1,4,endpoint,1,1615.0,1615.0,1615.0,1615.0,0.0,1615.0
cntvaluein3-skew-locked-seed-41,fail,direct_max,idelay_data_cntvaluein,lane0,dq1,4,endpoint,1,1792.0,1792.0,1792.0,1792.0,0.0,1792.0
cntvaluein3-skew-locked-seed-42,pass,direct_max,idelay_data_cntvaluein,lane0,dq1,4,endpoint,1,2180.0,2180.0,2180.0,2180.0,0.0,2180.0
cntvaluein3-skew-locked-seed-43,pass,direct_max,idelay_data_cntvaluein,lane0,dq1,4,endpoint,1,1085.0,1085.0,1085.0,1085.0,0.0,1085.0
cntvaluein3-skew-locked-seed-44,pass,direct_max,idelay_data_cntvaluein,lane0,dq1,4,endpoint,1,1016.0,1016.0,1016.0,1016.0,0.0,1016.0
cntvaluein3-skew-locked-seed-45,fail,direct_max,idelay_data_cntvaluein,lane0,dq1,4,endpoint,1,1261.0,1261.0,1261.0,1261.0,0.0,1261.0
cntvaluein3-skew-locked-seed-46,pass,direct_max,idelay_data_cntvaluein,lane0,dq1,4,endpoint,1,1363.0,1363.0,1363.0,1363.0,0.0,1363.0
cntvaluein3-skew-locked-seed-47,pass,direct_max,idelay_data_cntvaluein,lane0,dq1,4,endpoint,1,2128.0,2128.0,2128.0,2128.0,0.0,2128.0
cntvaluein3-skew-locked-seed-48,fail,direct_max,idelay_data_cntvaluein,lane0,dq1,4,endpoint,1,1126.0,1126.0,1126.0,1126.0,0.0,1126.0
cntvaluein3-skew-locked-seed-49,pass,direct_max,idelay_data_cntvaluein,lane0,dq1,4,endpoint,1,1465.0,1465.0,1465.0,1465.0,0.0,1465.0
cntvaluein3-skew-locked-seed-50,fail,direct_max,idelay_data_cntvaluein,lane0,dq1,4,endpoint,1,1485.0,1485.0,1485.0,1485.0,0.0,1485.0
cntvaluein3-skew-locked-seed-51,fail,direct_max,idelay_data_cntvaluein,lane0,dq1,4,endpoint,1,1207.0,1207.0,1207.0,1207.0,0.0,1207.0
cntvaluein3-skew-locked-seed-52,fail,direct_max,idelay_data_cntvaluein,lane0,dq1,4,endpoint,1,2065.0,2065.0,2065.0,2065.0,0.0,2065.0
cntvaluein3-skew-locked-seed-53,fail,direct_max,idelay_data_cntvaluein,lane0,dq1,4,endpoint,1,1493.0,1493.0,1493.0,1493.0,0.0,1493.0
cntvaluein3-skew-locked-seed-54,pass,direct_max,idelay_data_cntvaluein,lane0,dq1,4,endpoint,1,1192.0,1192.0,1192.0,1192.0,0.0,1192.0
cntvaluein3-skew-locked-seed-55,pass,direct_max,idelay_data_cntvaluein,lane0,dq1,4,endpoint,1,2196.0,2196.0,2196.0,2196.0,0.0,2196.0
cntvaluein3-skew-locked-seed-56,pass,direct_max,idelay_data_cntvaluein,lane0,dq1,4,endpoint,1,1490.0,1490.0,1490.0,1490.0,0.0,1490.0
cntvaluein3-skew-locked-seed-57,pass,direct_max,idelay_data_cntvaluein,lane0,dq1,4,endpoint,1,1953.0,1953.0,1953.0,1953.0,0.0,1953.0
cntvaluein3-skew-locked-seed-58,pass,direct_max,idelay_data_cntvaluein,lane0,dq1,4,endpoint,1,2009.0,2009.0,2009.0,2009.0,0.0,2009.0
cntvaluein3-skew-locked-seed-59,pass,direct_max,idelay_data_cntvaluein,lane0,dq1,4,endpoint,1,1902.0,1902.0,1902.0,1902.0,0.0,1902.0
cntvaluein3-skew-locked-seed-60,fail,direct_max,idelay_data_cntvaluein,lane0,dq1,4,endpoint,1,1307.0,1307.0,1307.0,1307.0,0.0,1307.0
cntvaluein3-skew-locked-seed-31,pass,direct_max,idelay_data_cntvaluein,lane0,dq2,0,endpoint,1,1842.0,1842.0,1842.0,1842.0,0.0,1842.0
cntvaluein3-skew-locked-seed-32,pass,direct_max,idelay_data_cntvaluein,lane0,dq2,0,endpoint,1,934.0,934.0,934.0,934.0,0.0,934.0
cntvaluein3-skew-locked-seed-33,fail,direct_max,idelay_data_cntvaluein,lane0,dq2,0,endpoint,1,2288.0,2288.0,2288.0,2288.0,0.0,2288.0
cntvaluein3-skew-locked-seed-34,pass,direct_max,idelay_data_cntvaluein,lane0,dq2,0,endpoint,1,1463.0,1463.0,1463.0,1463.0,0.0,1463.0
cntvaluein3-skew-locked-seed-35,pass,direct_max,idelay_data_cntvaluein,lane0,dq2,0,endpoint,1,875.0,875.0,875.0,875.0,0.0,875.0
cntvaluein3-skew-locked-seed-36,fail,direct_max,idelay_data_cntvaluein,lane0,dq2,0,endpoint,1,1575.0,1575.0,1575.0,1575.0,0.0,1575.0
cntvaluein3-skew-locked-seed-37,pass,direct_max,idelay_data_cntvaluein,lane0,dq2,0,endpoint,1,1738.0,1738.0,1738.0,1738.0,0.0,1738.0
cntvaluein3-skew-locked-seed-38,pass,direct_max,idelay_data_cntvaluein,lane0,dq2,0,endpoint,1,2072.0,2072.0,2072.0,2072.0,0.0,2072.0
cntvaluein3-skew-locked-seed-39,fail,direct_max,idelay_data_cntvaluein,lane0,dq2,0,endpoint,1,2016.0,2016.0,2016.0,2016.0,0.0,2016.0
cntvaluein3-skew-locked-seed-40,pass,direct_max,idelay_data_cntvaluein,lane0,dq2,0,endpoint,1,1950.0,1950.0,1950.0,1950.0,0.0,1950.0
cntvaluein3-skew-locked-seed-41,fail,direct_max,idelay_data_cntvaluein,lane0,dq2,0,endpoint,1,1878.0,1878.0,1878.0,1878.0,0.0,1878.0
cntvaluein3-skew-locked-seed-42,pass,direct_max,idelay_data_cntvaluein,lane0,dq2,0,endpoint,1,1675.0,1675.0,1675.0,1675.0,0.0,1675.0
cntvaluein3-skew-locked-seed-43,pass,direct_max,idelay_data_cntvaluein,lane0,dq2,0,endpoint,1,1213.0,1213.0,1213.0,1213.0,0.0,1213.0
cntvaluein3-skew-locked-seed-44,pass,direct_max,idelay_data_cntvaluein,lane0,dq2,0,endpoint,1,1291.0,1291.0,1291.0,1291.0,0.0,1291.0
cntvaluein3-skew-locked-seed-45,fail,direct_max,idelay_data_cntvaluein,lane0,dq2,0,endpoint,1,1055.0,1055.0,1055.0,1055.0,0.0,1055.0
cntvaluein3-skew-locked-seed-46,pass,direct_max,idelay_data_cntvaluein,lane0,dq2,0,endpoint,1,1062.0,1062.0,1062.0,1062.0,0.0,1062.0
cntvaluein3-skew-locked-seed-47,pass,direct_max,idelay_data_cntvaluein,lane0,dq2,0,endpoint,1,1674.0,1674.0,1674.0,1674.0,0.0,1674.0
cntvaluein3-skew-locked-seed-48,fail,direct_max,idelay_data_cntvaluein,lane0,dq2,0,endpoint,1,1220.0,1220.0,1220.0,1220.0,0.0,1220.0
cntvaluein3-skew-locked-seed-49,pass,direct_max,idelay_data_cntvaluein,lane0,dq2,0,endpoint,1,2244.0,2244.0,2244.0,2244.0,0.0,2244.0
cntvaluein3-skew-locked-seed-50,fail,direct_max,idelay_data_cntvaluein,lane0,dq2,0,endpoint,1,1248.0,1248.0,1248.0,1248.0,0.0,1248.0
cntvaluein3-skew-locked-seed-51,fail,direct_max,idelay_data_cntvaluein,lane0,dq2,0,endpoint,1,1123.0,1123.0,1123.0,1123.0,0.0,1123.0
cntvaluein3-skew-locked-seed-52,fail,direct_max,idelay_data_cntvaluein,lane0,dq2,0,endpoint,1,1960.0,1960.0,1960.0,1960.0,0.0,1960.0
cntvaluein3-skew-locked-seed-53,fail,direct_max,idelay_data_cntvaluein,lane0,dq2,0,endpoint,1,1930.0,1930.0,1930.0,1930.0,0.0,1930.0
cntvaluein3-skew-locked-seed-54,pass,direct_max,idelay_data_cntvaluein,lane0,dq2,0,endpoint,1,1243.0,1243.0,1243.0,1243.0,0.0,1243.0
cntvaluein3-skew-locked-seed-55,pass,direct_max,idelay_data_cntvaluein,lane0,dq2,0,endpoint,1,2168.0,2168.0,2168.0,2168.0,0.0,2168.0
cntvaluein3-skew-locked-seed-56,pass,direct_max,idelay_data_cntvaluein,lane0,dq2,0,endpoint,1,1865.0,1865.0,1865.0,1865.0,0.0,1865.0
cntvaluein3-skew-locked-seed-57,pass,direct_max,idelay_data_cntvaluein,lane0,dq2,0,endpoint,1,1763.0,1763.0,1763.0,1763.0,0.0,1763.0
cntvaluein3-skew-locked-seed-58,pass,direct_max,idelay_data_cntvaluein,lane0,dq2,0,endpoint,1,1559.0,1559.0,1559.0,1559.0,0.0,1559.0
cntvaluein3-skew-locked-seed-59,pass,direct_max,idelay_data_cntvaluein,lane0,dq2,0,endpoint,1,1179.0,1179.0,1179.0,1179.0,0.0,1179.0
cntvaluein3-skew-locked-seed-60,fail,direct_max,idelay_data_cntvaluein,lane0,dq2,0,endpoint,1,1409.0,1409.0,1409.0,1409.0,0.0,1409.0
cntvaluein3-skew-locked-seed-31,pass,direct_max,idelay_data_cntvaluein,lane0,dq2,1,endpoint,1,1075.0,1075.0,1075.0,1075.0,0.0,1075.0
cntvaluein3-skew-locked-seed-32,pass,direct_max,idelay_data_cntvaluein,lane0,dq2,1,endpoint,1,998.0,998.0,998.0,998.0,0.0,998.0
cntvaluein3-skew-locked-seed-33,fail,direct_max,idelay_data_cntvaluein,lane0,dq2,1,endpoint,1,1695.0,1695.0,1695.0,1695.0,0.0,1695.0
cntvaluein3-skew-locked-seed-34,pass,direct_max,idelay_data_cntvaluein,lane0,dq2,1,endpoint,1,1144.0,1144.0,1144.0,1144.0,0.0,1144.0
cntvaluein3-skew-locked-seed-35,pass,direct_max,idelay_data_cntvaluein,lane0,dq2,1,endpoint,1,1052.0,1052.0,1052.0,1052.0,0.0,1052.0
cntvaluein3-skew-locked-seed-36,fail,direct_max,idelay_data_cntvaluein,lane0,dq2,1,endpoint,1,1452.0,1452.0,1452.0,1452.0,0.0,1452.0
cntvaluein3-skew-locked-seed-37,pass,direct_max,idelay_data_cntvaluein,lane0,dq2,1,endpoint,1,1690.0,1690.0,1690.0,1690.0,0.0,1690.0
cntvaluein3-skew-locked-seed-38,pass,direct_max,idelay_data_cntvaluein,lane0,dq2,1,endpoint,1,2092.0,2092.0,2092.0,2092.0,0.0,2092.0
cntvaluein3-skew-locked-seed-39,fail,direct_max,idelay_data_cntvaluein,lane0,dq2,1,endpoint,1,1516.0,1516.0,1516.0,1516.0,0.0,1516.0
cntvaluein3-skew-locked-seed-40,pass,direct_max,idelay_data_cntvaluein,lane0,dq2,1,endpoint,1,2217.0,2217.0,2217.0,2217.0,0.0,2217.0
cntvaluein3-skew-locked-seed-41,fail,direct_max,idelay_data_cntvaluein,lane0,dq2,1,endpoint,1,1713.0,1713.0,1713.0,1713.0,0.0,1713.0
cntvaluein3-skew-locked-seed-42,pass,direct_max,idelay_data_cntvaluein,lane0,dq2,1,endpoint,1,1917.0,1917.0,1917.0,1917.0,0.0,1917.0
cntvaluein3-skew-locked-seed-43,pass,direct_max,idelay_data_cntvaluein,lane0,dq2,1,endpoint,1,1144.0,1144.0,1144.0,1144.0,0.0,1144.0
cntvaluein3-skew-locked-seed-44,pass,direct_max,idelay_data_cntvaluein,lane0,dq2,1,endpoint,1,1039.0,1039.0,1039.0,1039.0,0.0,1039.0
cntvaluein3-skew-locked-seed-45,fail,direct_max,idelay_data_cntvaluein,lane0,dq2,1,endpoint,1,1021.0,1021.0,1021.0,1021.0,0.0,1021.0
cntvaluein3-skew-locked-seed-46,pass,direct_max,idelay_data_cntvaluein,lane0,dq2,1,endpoint,1,945.0,945.0,945.0,945.0,0.0,945.0
cntvaluein3-skew-locked-seed-47,pass,direct_max,idelay_data_cntvaluein,lane0,dq2,1,endpoint,1,2332.0,2332.0,2332.0,2332.0,0.0,2332.0
cntvaluein3-skew-locked-seed-48,fail,direct_max,idelay_data_cntvaluein,lane0,dq2,1,endpoint,1,1429.0,1429.0,1429.0,1429.0,0.0,1429.0
cntvaluein3-skew-locked-seed-49,pass,direct_max,idelay_data_cntvaluein,lane0,dq2,1,endpoint,1,1980.0,1980.0,1980.0,1980.0,0.0,1980.0
cntvaluein3-skew-locked-seed-50,fail,direct_max,idelay_data_cntvaluein,lane0,dq2,1,endpoint,1,1812.0,1812.0,1812.0,1812.0,0.0,1812.0
cntvaluein3-skew-locked-seed-51,fail,direct_max,idelay_data_cntvaluein,lane0,dq2,1,endpoint,1,1052.0,1052.0,1052.0,1052.0,0.0,1052.0
cntvaluein3-skew-locked-seed-52,fail,direct_max,idelay_data_cntvaluein,lane0,dq2,1,endpoint,1,2144.0,2144.0,2144.0,2144.0,0.0,2144.0
cntvaluein3-skew-locked-seed-53,fail,direct_max,idelay_data_cntvaluein,lane0,dq2,1,endpoint,1,1342.0,1342.0,1342.0,1342.0,0.0,1342.0
cntvaluein3-skew-locked-seed-54,pass,direct_max,idelay_data_cntvaluein,lane0,dq2,1,endpoint,1,1103.0,1103.0,1103.0,1103.0,0.0,1103.0
cntvaluein3-skew-locked-seed-55,pass,direct_max,idelay_data_cntvaluein,lane0,dq2,1,endpoint,1,1911.0,1911.0,1911.0,1911.0,0.0,1911.0
cntvaluein3-skew-locked-seed-56,pass,direct_max,idelay_data_cntvaluein,lane0,dq2,1,endpoint,1,2513.0,2513.0,2513.0,2513.0,0.0,2513.0
cntvaluein3-skew-locked-seed-57,pass,direct_max,idelay_data_cntvaluein,lane0,dq2,1,endpoint,1,1814.0,1814.0,1814.0,1814.0,0.0,1814.0
cntvaluein3-skew-locked-seed-58,pass,direct_max,idelay_data_cntvaluein,lane0,dq2,1,endpoint,1,1597.0,1597.0,1597.0,1597.0,0.0,1597.0
cntvaluein3-skew-locked-seed-59,pass,direct_max,idelay_data_cntvaluein,lane0,dq2,1,endpoint,1,2029.0,2029.0,2029.0,2029.0,0.0,2029.0
cntvaluein3-skew-locked-seed-60,fail,direct_max,idelay_data_cntvaluein,lane0,dq2,1,endpoint,1,1830.0,1830.0,1830.0,1830.0,0.0,1830.0
cntvaluein3-skew-locked-seed-31,pass,direct_max,idelay_data_cntvaluein,lane0,dq2,2,endpoint,1,1773.0,1773.0,1773.0,1773.0,0.0,1773.0
cntvaluein3-skew-locked-seed-32,pass,direct_max,idelay_data_cntvaluein,lane0,dq2,2,endpoint,1,941.0,941.0,941.0,941.0,0.0,941.0
cntvaluein3-skew-locked-seed-33,fail,direct_max,idelay_data_cntvaluein,lane0,dq2,2,endpoint,1,1777.0,1777.0,1777.0,1777.0,0.0,1777.0
cntvaluein3-skew-locked-seed-34,pass,direct_max,idelay_data_cntvaluein,lane0,dq2,2,endpoint,1,1332.0,1332.0,1332.0,1332.0,0.0,1332.0
cntvaluein3-skew-locked-seed-35,pass,direct_max,idelay_data_cntvaluein,lane0,dq2,2,endpoint,1,931.0,931.0,931.0,931.0,0.0,931.0
cntvaluein3-skew-locked-seed-36,fail,direct_max,idelay_data_cntvaluein,lane0,dq2,2,endpoint,1,1366.0,1366.0,1366.0,1366.0,0.0,1366.0
cntvaluein3-skew-locked-seed-37,pass,direct_max,idelay_data_cntvaluein,lane0,dq2,2,endpoint,1,1949.0,1949.0,1949.0,1949.0,0.0,1949.0
cntvaluein3-skew-locked-seed-38,pass,direct_max,idelay_data_cntvaluein,lane0,dq2,2,endpoint,1,2078.0,2078.0,2078.0,2078.0,0.0,2078.0
cntvaluein3-skew-locked-seed-39,fail,direct_max,idelay_data_cntvaluein,lane0,dq2,2,endpoint,1,1835.0,1835.0,1835.0,1835.0,0.0,1835.0
cntvaluein3-skew-locked-seed-40,pass,direct_max,idelay_data_cntvaluein,lane0,dq2,2,endpoint,1,1383.0,1383.0,1383.0,1383.0,0.0,1383.0
cntvaluein3-skew-locked-seed-41,fail,direct_max,idelay_data_cntvaluein,lane0,dq2,2,endpoint,1,1213.0,1213.0,1213.0,1213.0,0.0,1213.0
cntvaluein3-skew-locked-seed-42,pass,direct_max,idelay_data_cntvaluein,lane0,dq2,2,endpoint,1,1717.0,1717.0,1717.0,1717.0,0.0,1717.0
cntvaluein3-skew-locked-seed-43,pass,direct_max,idelay_data_cntvaluein,lane0,dq2,2,endpoint,1,1087.0,1087.0,1087.0,1087.0,0.0,1087.0
cntvaluein3-skew-locked-seed-44,pass,direct_max,idelay_data_cntvaluein,lane0,dq2,2,endpoint,1,1302.0,1302.0,1302.0,1302.0,0.0,1302.0
cntvaluein3-skew-locked-seed-45,fail,direct_max,idelay_data_cntvaluein,lane0,dq2,2,endpoint,1,920.0,920.0,920.0,920.0,0.0,920.0
cntvaluein3-skew-locked-seed-46,pass,direct_max,idelay_data_cntvaluein,lane0,dq2,2,endpoint,1,1447.0,1447.0,1447.0,1447.0,0.0,1447.0
cntvaluein3-skew-locked-seed-47,pass,direct_max,idelay_data_cntvaluein,lane0,dq2,2,endpoint,1,2072.0,2072.0,2072.0,2072.0,0.0,2072.0
cntvaluein3-skew-locked-seed-48,fail,direct_max,idelay_data_cntvaluein,lane0,dq2,2,endpoint,1,1182.0,1182.0,1182.0,1182.0,0.0,1182.0
cntvaluein3-skew-locked-seed-49,pass,direct_max,idelay_data_cntvaluein,lane0,dq2,2,endpoint,1,1161.0,1161.0,1161.0,1161.0,0.0,1161.0
cntvaluein3-skew-locked-seed-50,fail,direct_max,idelay_data_cntvaluein,lane0,dq2,2,endpoint,1,1769.0,1769.0,1769.0,1769.0,0.0,1769.0
cntvaluein3-skew-locked-seed-51,fail,direct_max,idelay_data_cntvaluein,lane0,dq2,2,endpoint,1,885.0,885.0,885.0,885.0,0.0,885.0
cntvaluein3-skew-locked-seed-52,fail,direct_max,idelay_data_cntvaluein,lane0,dq2,2,endpoint,1,2161.0,2161.0,2161.0,2161.0,0.0,2161.0
cntvaluein3-skew-locked-seed-53,fail,direct_max,idelay_data_cntvaluein,lane0,dq2,2,endpoint,1,1738.0,1738.0,1738.0,1738.0,0.0,1738.0
cntvaluein3-skew-locked-seed-54,pass,direct_max,idelay_data_cntvaluein,lane0,dq2,2,endpoint,1,1167.0,1167.0,1167.0,1167.0,0.0,1167.0
cntvaluein3-skew-locked-seed-55,pass,direct_max,idelay_data_cntvaluein,lane0,dq2,2,endpoint,1,2153.0,2153.0,2153.0,2153.0,0.0,2153.0
cntvaluein3-skew-locked-seed-56,pass,direct_max,idelay_data_cntvaluein,lane0,dq2,2,endpoint,1,1149.0,1149.0,1149.0,1149.0,0.0,1149.0
cntvaluein3-skew-locked-seed-57,pass,direct_max,idelay_data_cntvaluein,lane0,dq2,2,endpoint,1,1860.0,1860.0,1860.0,1860.0,0.0,1860.0
cntvaluein3-skew-locked-seed-58,pass,direct_max,idelay_data_cntvaluein,lane0,dq2,2,endpoint,1,1685.0,1685.0,1685.0,1685.0,0.0,1685.0
cntvaluein3-skew-locked-seed-59,pass,direct_max,idelay_data_cntvaluein,lane0,dq2,2,endpoint,1,1353.0,1353.0,1353.0,1353.0,0.0,1353.0
cntvaluein3-skew-locked-seed-60,fail,direct_max,idelay_data_cntvaluein,lane0,dq2,2,endpoint,1,1917.0,1917.0,1917.0,1917.0,0.0,1917.0
cntvaluein3-skew-locked-seed-31,pass,direct_max,idelay_data_cntvaluein,lane0,dq2,3,endpoint,1,2398.0,2398.0,2398.0,2398.0,0.0,2398.0
cntvaluein3-skew-locked-seed-32,pass,direct_max,idelay_data_cntvaluein,lane0,dq2,3,endpoint,1,2348.0,2348.0,2348.0,2348.0,0.0,2348.0
cntvaluein3-skew-locked-seed-33,fail,direct_max,idelay_data_cntvaluein,lane0,dq2,3,endpoint,1,1873.0,1873.0,1873.0,1873.0,0.0,1873.0
cntvaluein3-skew-locked-seed-34,pass,direct_max,idelay_data_cntvaluein,lane0,dq2,3,endpoint,1,2068.0,2068.0,2068.0,2068.0,0.0,2068.0
cntvaluein3-skew-locked-seed-35,pass,direct_max,idelay_data_cntvaluein,lane0,dq2,3,endpoint,1,2164.0,2164.0,2164.0,2164.0,0.0,2164.0
cntvaluein3-skew-locked-seed-36,fail,direct_max,idelay_data_cntvaluein,lane0,dq2,3,endpoint,1,2246.0,2246.0,2246.0,2246.0,0.0,2246.0
cntvaluein3-skew-locked-seed-37,pass,direct_max,idelay_data_cntvaluein,lane0,dq2,3,endpoint,1,1792.0,1792.0,1792.0,1792.0,0.0,1792.0
cntvaluein3-skew-locked-seed-38,pass,direct_max,idelay_data_cntvaluein,lane0,dq2,3,endpoint,1,1853.0,1853.0,1853.0,1853.0,0.0,1853.0
cntvaluein3-skew-locked-seed-39,fail,direct_max,idelay_data_cntvaluein,lane0,dq2,3,endpoint,1,1883.0,1883.0,1883.0,1883.0,0.0,1883.0
cntvaluein3-skew-locked-seed-40,pass,direct_max,idelay_data_cntvaluein,lane0,dq2,3,endpoint,1,2125.0,2125.0,2125.0,2125.0,0.0,2125.0
cntvaluein3-skew-locked-seed-41,fail,direct_max,idelay_data_cntvaluein,lane0,dq2,3,endpoint,1,1902.0,1902.0,1902.0,1902.0,0.0,1902.0
cntvaluein3-skew-locked-seed-42,pass,direct_max,idelay_data_cntvaluein,lane0,dq2,3,endpoint,1,1741.0,1741.0,1741.0,1741.0,0.0,1741.0
cntvaluein3-skew-locked-seed-43,pass,direct_max,idelay_data_cntvaluein,lane0,dq2,3,endpoint,1,2111.0,2111.0,2111.0,2111.0,0.0,2111.0
cntvaluein3-skew-locked-seed-44,pass,direct_max,idelay_data_cntvaluein,lane0,dq2,3,endpoint,1,2338.0,2338.0,2338.0,2338.0,0.0,2338.0
cntvaluein3-skew-locked-seed-45,fail,direct_max,idelay_data_cntvaluein,lane0,dq2,3,endpoint,1,1481.0,1481.0,1481.0,1481.0,0.0,1481.0
cntvaluein3-skew-locked-seed-46,pass,direct_max,idelay_data_cntvaluein,lane0,dq2,3,endpoint,1,1738.0,1738.0,1738.0,1738.0,0.0,1738.0
cntvaluein3-skew-locked-seed-47,pass,direct_max,idelay_data_cntvaluein,lane0,dq2,3,endpoint,1,2056.0,2056.0,2056.0,2056.0,0.0,2056.0
cntvaluein3-skew-locked-seed-48,fail,direct_max,idelay_data_cntvaluein,lane0,dq2,3,endpoint,1,2089.0,2089.0,2089.0,2089.0,0.0,2089.0
cntvaluein3-skew-locked-seed-49,pass,direct_max,idelay_data_cntvaluein,lane0,dq2,3,endpoint,1,2443.0,2443.0,2443.0,2443.0,0.0,2443.0
cntvaluein3-skew-locked-seed-50,fail,direct_max,idelay_data_cntvaluein,lane0,dq2,3,endpoint,1,2105.0,2105.0,2105.0,2105.0,0.0,2105.0
cntvaluein3-skew-locked-seed-51,fail,direct_max,idelay_data_cntvaluein,lane0,dq2,3,endpoint,1,2015.0,2015.0,2015.0,2015.0,0.0,2015.0
cntvaluein3-skew-locked-seed-52,fail,direct_max,idelay_data_cntvaluein,lane0,dq2,3,endpoint,1,1319.0,1319.0,1319.0,1319.0,0.0,1319.0
cntvaluein3-skew-locked-seed-53,fail,direct_max,idelay_data_cntvaluein,lane0,dq2,3,endpoint,1,1947.0,1947.0,1947.0,1947.0,0.0,1947.0
cntvaluein3-skew-locked-seed-54,pass,direct_max,idelay_data_cntvaluein,lane0,dq2,3,endpoint,1,2201.0,2201.0,2201.0,2201.0,0.0,2201.0
cntvaluein3-skew-locked-seed-55,pass,direct_max,idelay_data_cntvaluein,lane0,dq2,3,endpoint,1,2130.0,2130.0,2130.0,2130.0,0.0,2130.0
cntvaluein3-skew-locked-seed-56,pass,direct_max,idelay_data_cntvaluein,lane0,dq2,3,endpoint,1,1452.0,1452.0,1452.0,1452.0,0.0,1452.0
cntvaluein3-skew-locked-seed-57,pass,direct_max,idelay_data_cntvaluein,lane0,dq2,3,endpoint,1,2690.0,2690.0,2690.0,2690.0,0.0,2690.0
cntvaluein3-skew-locked-seed-58,pass,direct_max,idelay_data_cntvaluein,lane0,dq2,3,endpoint,1,1531.0,1531.0,1531.0,1531.0,0.0,1531.0
cntvaluein3-skew-locked-seed-59,pass,direct_max,idelay_data_cntvaluein,lane0,dq2,3,endpoint,1,1692.0,1692.0,1692.0,1692.0,0.0,1692.0
cntvaluein3-skew-locked-seed-60,fail,direct_max,idelay_data_cntvaluein,lane0,dq2,3,endpoint,1,2095.0,2095.0,2095.0,2095.0,0.0,2095.0
cntvaluein3-skew-locked-seed-31,pass,direct_max,idelay_data_cntvaluein,lane0,dq2,4,endpoint,1,1998.0,1998.0,1998.0,1998.0,0.0,1998.0
cntvaluein3-skew-locked-seed-32,pass,direct_max,idelay_data_cntvaluein,lane0,dq2,4,endpoint,1,1207.0,1207.0,1207.0,1207.0,0.0,1207.0
cntvaluein3-skew-locked-seed-33,fail,direct_max,idelay_data_cntvaluein,lane0,dq2,4,endpoint,1,1671.0,1671.0,1671.0,1671.0,0.0,1671.0
cntvaluein3-skew-locked-seed-34,pass,direct_max,idelay_data_cntvaluein,lane0,dq2,4,endpoint,1,1258.0,1258.0,1258.0,1258.0,0.0,1258.0
cntvaluein3-skew-locked-seed-35,pass,direct_max,idelay_data_cntvaluein,lane0,dq2,4,endpoint,1,1463.0,1463.0,1463.0,1463.0,0.0,1463.0
cntvaluein3-skew-locked-seed-36,fail,direct_max,idelay_data_cntvaluein,lane0,dq2,4,endpoint,1,1577.0,1577.0,1577.0,1577.0,0.0,1577.0
cntvaluein3-skew-locked-seed-37,pass,direct_max,idelay_data_cntvaluein,lane0,dq2,4,endpoint,1,1611.0,1611.0,1611.0,1611.0,0.0,1611.0
cntvaluein3-skew-locked-seed-38,pass,direct_max,idelay_data_cntvaluein,lane0,dq2,4,endpoint,1,2098.0,2098.0,2098.0,2098.0,0.0,2098.0
cntvaluein3-skew-locked-seed-39,fail,direct_max,idelay_data_cntvaluein,lane0,dq2,4,endpoint,1,1876.0,1876.0,1876.0,1876.0,0.0,1876.0
cntvaluein3-skew-locked-seed-40,pass,direct_max,idelay_data_cntvaluein,lane0,dq2,4,endpoint,1,1707.0,1707.0,1707.0,1707.0,0.0,1707.0
cntvaluein3-skew-locked-seed-41,fail,direct_max,idelay_data_cntvaluein,lane0,dq2,4,endpoint,1,1886.0,1886.0,1886.0,1886.0,0.0,1886.0
cntvaluein3-skew-locked-seed-42,pass,direct_max,idelay_data_cntvaluein,lane0,dq2,4,endpoint,1,1763.0,1763.0,1763.0,1763.0,0.0,1763.0
cntvaluein3-skew-locked-seed-43,pass,direct_max,idelay_data_cntvaluein,lane0,dq2,4,endpoint,1,1034.0,1034.0,1034.0,1034.0,0.0,1034.0
cntvaluein3-skew-locked-seed-44,pass,direct_max,idelay_data_cntvaluein,lane0,dq2,4,endpoint,1,1110.0,1110.0,1110.0,1110.0,0.0,1110.0
cntvaluein3-skew-locked-seed-45,fail,direct_max,idelay_data_cntvaluein,lane0,dq2,4,endpoint,1,1356.0,1356.0,1356.0,1356.0,0.0,1356.0
cntvaluein3-skew-locked-seed-46,pass,direct_max,idelay_data_cntvaluein,lane0,dq2,4,endpoint,1,1458.0,1458.0,1458.0,1458.0,0.0,1458.0
cntvaluein3-skew-locked-seed-47,pass,direct_max,idelay_data_cntvaluein,lane0,dq2,4,endpoint,1,2223.0,2223.0,2223.0,2223.0,0.0,2223.0
cntvaluein3-skew-locked-seed-48,fail,direct_max,idelay_data_cntvaluein,lane0,dq2,4,endpoint,1,1129.0,1129.0,1129.0,1129.0,0.0,1129.0
cntvaluein3-skew-locked-seed-49,pass,direct_max,idelay_data_cntvaluein,lane0,dq2,4,endpoint,1,1560.0,1560.0,1560.0,1560.0,0.0,1560.0
cntvaluein3-skew-locked-seed-50,fail,direct_max,idelay_data_cntvaluein,lane0,dq2,4,endpoint,1,1580.0,1580.0,1580.0,1580.0,0.0,1580.0
cntvaluein3-skew-locked-seed-51,fail,direct_max,idelay_data_cntvaluein,lane0,dq2,4,endpoint,1,1054.0,1054.0,1054.0,1054.0,0.0,1054.0
cntvaluein3-skew-locked-seed-52,fail,direct_max,idelay_data_cntvaluein,lane0,dq2,4,endpoint,1,2028.0,2028.0,2028.0,2028.0,0.0,2028.0
cntvaluein3-skew-locked-seed-53,fail,direct_max,idelay_data_cntvaluein,lane0,dq2,4,endpoint,1,1588.0,1588.0,1588.0,1588.0,0.0,1588.0
cntvaluein3-skew-locked-seed-54,pass,direct_max,idelay_data_cntvaluein,lane0,dq2,4,endpoint,1,1312.0,1312.0,1312.0,1312.0,0.0,1312.0
cntvaluein3-skew-locked-seed-55,pass,direct_max,idelay_data_cntvaluein,lane0,dq2,4,endpoint,1,2361.0,2361.0,2361.0,2361.0,0.0,2361.0
cntvaluein3-skew-locked-seed-56,pass,direct_max,idelay_data_cntvaluein,lane0,dq2,4,endpoint,1,1406.0,1406.0,1406.0,1406.0,0.0,1406.0
cntvaluein3-skew-locked-seed-57,pass,direct_max,idelay_data_cntvaluein,lane0,dq2,4,endpoint,1,2049.0,2049.0,2049.0,2049.0,0.0,2049.0
cntvaluein3-skew-locked-seed-58,pass,direct_max,idelay_data_cntvaluein,lane0,dq2,4,endpoint,1,2104.0,2104.0,2104.0,2104.0,0.0,2104.0
cntvaluein3-skew-locked-seed-59,pass,direct_max,idelay_data_cntvaluein,lane0,dq2,4,endpoint,1,1600.0,1600.0,1600.0,1600.0,0.0,1600.0
cntvaluein3-skew-locked-seed-60,fail,direct_max,idelay_data_cntvaluein,lane0,dq2,4,endpoint,1,1256.0,1256.0,1256.0,1256.0,0.0,1256.0
cntvaluein3-skew-locked-seed-31,pass,direct_max,idelay_data_cntvaluein,lane0,dq3,0,endpoint,1,1470.0,1470.0,1470.0,1470.0,0.0,1470.0
cntvaluein3-skew-locked-seed-32,pass,direct_max,idelay_data_cntvaluein,lane0,dq3,0,endpoint,1,815.0,815.0,815.0,815.0,0.0,815.0
cntvaluein3-skew-locked-seed-33,fail,direct_max,idelay_data_cntvaluein,lane0,dq3,0,endpoint,1,1975.0,1975.0,1975.0,1975.0,0.0,1975.0
cntvaluein3-skew-locked-seed-34,pass,direct_max,idelay_data_cntvaluein,lane0,dq3,0,endpoint,1,1016.0,1016.0,1016.0,1016.0,0.0,1016.0
cntvaluein3-skew-locked-seed-35,pass,direct_max,idelay_data_cntvaluein,lane0,dq3,0,endpoint,1,676.0,676.0,676.0,676.0,0.0,676.0
cntvaluein3-skew-locked-seed-36,fail,direct_max,idelay_data_cntvaluein,lane0,dq3,0,endpoint,1,1483.0,1483.0,1483.0,1483.0,0.0,1483.0
cntvaluein3-skew-locked-seed-37,pass,direct_max,idelay_data_cntvaluein,lane0,dq3,0,endpoint,1,1631.0,1631.0,1631.0,1631.0,0.0,1631.0
cntvaluein3-skew-locked-seed-38,pass,direct_max,idelay_data_cntvaluein,lane0,dq3,0,endpoint,1,1541.0,1541.0,1541.0,1541.0,0.0,1541.0
cntvaluein3-skew-locked-seed-39,fail,direct_max,idelay_data_cntvaluein,lane0,dq3,0,endpoint,1,1830.0,1830.0,1830.0,1830.0,0.0,1830.0
cntvaluein3-skew-locked-seed-40,pass,direct_max,idelay_data_cntvaluein,lane0,dq3,0,endpoint,1,1444.0,1444.0,1444.0,1444.0,0.0,1444.0
cntvaluein3-skew-locked-seed-41,fail,direct_max,idelay_data_cntvaluein,lane0,dq3,0,endpoint,1,1353.0,1353.0,1353.0,1353.0,0.0,1353.0
cntvaluein3-skew-locked-seed-42,pass,direct_max,idelay_data_cntvaluein,lane0,dq3,0,endpoint,1,1401.0,1401.0,1401.0,1401.0,0.0,1401.0
cntvaluein3-skew-locked-seed-43,pass,direct_max,idelay_data_cntvaluein,lane0,dq3,0,endpoint,1,841.0,841.0,841.0,841.0,0.0,841.0
cntvaluein3-skew-locked-seed-44,pass,direct_max,idelay_data_cntvaluein,lane0,dq3,0,endpoint,1,943.0,943.0,943.0,943.0,0.0,943.0
cntvaluein3-skew-locked-seed-45,fail,direct_max,idelay_data_cntvaluein,lane0,dq3,0,endpoint,1,777.0,777.0,777.0,777.0,0.0,777.0
cntvaluein3-skew-locked-seed-46,pass,direct_max,idelay_data_cntvaluein,lane0,dq3,0,endpoint,1,977.0,977.0,977.0,977.0,0.0,977.0
cntvaluein3-skew-locked-seed-47,pass,direct_max,idelay_data_cntvaluein,lane0,dq3,0,endpoint,1,1616.0,1616.0,1616.0,1616.0,0.0,1616.0
cntvaluein3-skew-locked-seed-48,fail,direct_max,idelay_data_cntvaluein,lane0,dq3,0,endpoint,1,1074.0,1074.0,1074.0,1074.0,0.0,1074.0
cntvaluein3-skew-locked-seed-49,pass,direct_max,idelay_data_cntvaluein,lane0,dq3,0,endpoint,1,1914.0,1914.0,1914.0,1914.0,0.0,1914.0
cntvaluein3-skew-locked-seed-50,fail,direct_max,idelay_data_cntvaluein,lane0,dq3,0,endpoint,1,1121.0,1121.0,1121.0,1121.0,0.0,1121.0
cntvaluein3-skew-locked-seed-51,fail,direct_max,idelay_data_cntvaluein,lane0,dq3,0,endpoint,1,1202.0,1202.0,1202.0,1202.0,0.0,1202.0
cntvaluein3-skew-locked-seed-52,fail,direct_max,idelay_data_cntvaluein,lane0,dq3,0,endpoint,1,1957.0,1957.0,1957.0,1957.0,0.0,1957.0
cntvaluein3-skew-locked-seed-53,fail,direct_max,idelay_data_cntvaluein,lane0,dq3,0,endpoint,1,1452.0,1452.0,1452.0,1452.0,0.0,1452.0
cntvaluein3-skew-locked-seed-54,pass,direct_max,idelay_data_cntvaluein,lane0,dq3,0,endpoint,1,1001.0,1001.0,1001.0,1001.0,0.0,1001.0
cntvaluein3-skew-locked-seed-55,pass,direct_max,idelay_data_cntvaluein,lane0,dq3,0,endpoint,1,1636.0,1636.0,1636.0,1636.0,0.0,1636.0
cntvaluein3-skew-locked-seed-56,pass,direct_max,idelay_data_cntvaluein,lane0,dq3,0,endpoint,1,1480.0,1480.0,1480.0,1480.0,0.0,1480.0
cntvaluein3-skew-locked-seed-57,pass,direct_max,idelay_data_cntvaluein,lane0,dq3,0,endpoint,1,1542.0,1542.0,1542.0,1542.0,0.0,1542.0
cntvaluein3-skew-locked-seed-58,pass,direct_max,idelay_data_cntvaluein,lane0,dq3,0,endpoint,1,1289.0,1289.0,1289.0,1289.0,0.0,1289.0
cntvaluein3-skew-locked-seed-59,pass,direct_max,idelay_data_cntvaluein,lane0,dq3,0,endpoint,1,1075.0,1075.0,1075.0,1075.0,0.0,1075.0
cntvaluein3-skew-locked-seed-60,fail,direct_max,idelay_data_cntvaluein,lane0,dq3,0,endpoint,1,1070.0,1070.0,1070.0,1070.0,0.0,1070.0
cntvaluein3-skew-locked-seed-31,pass,direct_max,idelay_data_cntvaluein,lane0,dq3,1,endpoint,1,1118.0,1118.0,1118.0,1118.0,0.0,1118.0
cntvaluein3-skew-locked-seed-32,pass,direct_max,idelay_data_cntvaluein,lane0,dq3,1,endpoint,1,734.0,734.0,734.0,734.0,0.0,734.0
cntvaluein3-skew-locked-seed-33,fail,direct_max,idelay_data_cntvaluein,lane0,dq3,1,endpoint,1,1223.0,1223.0,1223.0,1223.0,0.0,1223.0
cntvaluein3-skew-locked-seed-34,pass,direct_max,idelay_data_cntvaluein,lane0,dq3,1,endpoint,1,1097.0,1097.0,1097.0,1097.0,0.0,1097.0
cntvaluein3-skew-locked-seed-35,pass,direct_max,idelay_data_cntvaluein,lane0,dq3,1,endpoint,1,782.0,782.0,782.0,782.0,0.0,782.0
cntvaluein3-skew-locked-seed-36,fail,direct_max,idelay_data_cntvaluein,lane0,dq3,1,endpoint,1,1503.0,1503.0,1503.0,1503.0,0.0,1503.0
cntvaluein3-skew-locked-seed-37,pass,direct_max,idelay_data_cntvaluein,lane0,dq3,1,endpoint,1,1565.0,1565.0,1565.0,1565.0,0.0,1565.0
cntvaluein3-skew-locked-seed-38,pass,direct_max,idelay_data_cntvaluein,lane0,dq3,1,endpoint,1,1743.0,1743.0,1743.0,1743.0,0.0,1743.0
cntvaluein3-skew-locked-seed-39,fail,direct_max,idelay_data_cntvaluein,lane0,dq3,1,endpoint,1,1430.0,1430.0,1430.0,1430.0,0.0,1430.0
cntvaluein3-skew-locked-seed-40,pass,direct_max,idelay_data_cntvaluein,lane0,dq3,1,endpoint,1,1707.0,1707.0,1707.0,1707.0,0.0,1707.0
cntvaluein3-skew-locked-seed-41,fail,direct_max,idelay_data_cntvaluein,lane0,dq3,1,endpoint,1,1437.0,1437.0,1437.0,1437.0,0.0,1437.0
cntvaluein3-skew-locked-seed-42,pass,direct_max,idelay_data_cntvaluein,lane0,dq3,1,endpoint,1,1764.0,1764.0,1764.0,1764.0,0.0,1764.0
cntvaluein3-skew-locked-seed-43,pass,direct_max,idelay_data_cntvaluein,lane0,dq3,1,endpoint,1,680.0,680.0,680.0,680.0,0.0,680.0
cntvaluein3-skew-locked-seed-44,pass,direct_max,idelay_data_cntvaluein,lane0,dq3,1,endpoint,1,1309.0,1309.0,1309.0,1309.0,0.0,1309.0
cntvaluein3-skew-locked-seed-45,fail,direct_max,idelay_data_cntvaluein,lane0,dq3,1,endpoint,1,1103.0,1103.0,1103.0,1103.0,0.0,1103.0
cntvaluein3-skew-locked-seed-46,pass,direct_max,idelay_data_cntvaluein,lane0,dq3,1,endpoint,1,1067.0,1067.0,1067.0,1067.0,0.0,1067.0
cntvaluein3-skew-locked-seed-47,pass,direct_max,idelay_data_cntvaluein,lane0,dq3,1,endpoint,1,2221.0,2221.0,2221.0,2221.0,0.0,2221.0
cntvaluein3-skew-locked-seed-48,fail,direct_max,idelay_data_cntvaluein,lane0,dq3,1,endpoint,1,1152.0,1152.0,1152.0,1152.0,0.0,1152.0
cntvaluein3-skew-locked-seed-49,pass,direct_max,idelay_data_cntvaluein,lane0,dq3,1,endpoint,1,1843.0,1843.0,1843.0,1843.0,0.0,1843.0
cntvaluein3-skew-locked-seed-50,fail,direct_max,idelay_data_cntvaluein,lane0,dq3,1,endpoint,1,1569.0,1569.0,1569.0,1569.0,0.0,1569.0
cntvaluein3-skew-locked-seed-51,fail,direct_max,idelay_data_cntvaluein,lane0,dq3,1,endpoint,1,791.0,791.0,791.0,791.0,0.0,791.0
cntvaluein3-skew-locked-seed-52,fail,direct_max,idelay_data_cntvaluein,lane0,dq3,1,endpoint,1,1922.0,1922.0,1922.0,1922.0,0.0,1922.0
cntvaluein3-skew-locked-seed-53,fail,direct_max,idelay_data_cntvaluein,lane0,dq3,1,endpoint,1,1391.0,1391.0,1391.0,1391.0,0.0,1391.0
cntvaluein3-skew-locked-seed-54,pass,direct_max,idelay_data_cntvaluein,lane0,dq3,1,endpoint,1,1230.0,1230.0,1230.0,1230.0,0.0,1230.0
cntvaluein3-skew-locked-seed-55,pass,direct_max,idelay_data_cntvaluein,lane0,dq3,1,endpoint,1,1690.0,1690.0,1690.0,1690.0,0.0,1690.0
cntvaluein3-skew-locked-seed-56,pass,direct_max,idelay_data_cntvaluein,lane0,dq3,1,endpoint,1,1990.0,1990.0,1990.0,1990.0,0.0,1990.0
cntvaluein3-skew-locked-seed-57,pass,direct_max,idelay_data_cntvaluein,lane0,dq3,1,endpoint,1,1506.0,1506.0,1506.0,1506.0,0.0,1506.0
cntvaluein3-skew-locked-seed-58,pass,direct_max,idelay_data_cntvaluein,lane0,dq3,1,endpoint,1,1118.0,1118.0,1118.0,1118.0,0.0,1118.0
cntvaluein3-skew-locked-seed-59,pass,direct_max,idelay_data_cntvaluein,lane0,dq3,1,endpoint,1,1723.0,1723.0,1723.0,1723.0,0.0,1723.0
cntvaluein3-skew-locked-seed-60,fail,direct_max,idelay_data_cntvaluein,lane0,dq3,1,endpoint,1,1455.0,1455.0,1455.0,1455.0,0.0,1455.0
cntvaluein3-skew-locked-seed-31,pass,direct_max,idelay_data_cntvaluein,lane0,dq3,2,endpoint,1,1519.0,1519.0,1519.0,1519.0,0.0,1519.0
cntvaluein3-skew-locked-seed-32,pass,direct_max,idelay_data_cntvaluein,lane0,dq3,2,endpoint,1,726.0,726.0,726.0,726.0,0.0,726.0
cntvaluein3-skew-locked-seed-33,fail,direct_max,idelay_data_cntvaluein,lane0,dq3,2,endpoint,1,1452.0,1452.0,1452.0,1452.0,0.0,1452.0
cntvaluein3-skew-locked-seed-34,pass,direct_max,idelay_data_cntvaluein,lane0,dq3,2,endpoint,1,936.0,936.0,936.0,936.0,0.0,936.0
cntvaluein3-skew-locked-seed-35,pass,direct_max,idelay_data_cntvaluein,lane0,dq3,2,endpoint,1,893.0,893.0,893.0,893.0,0.0,893.0
cntvaluein3-skew-locked-seed-36,fail,direct_max,idelay_data_cntvaluein,lane0,dq3,2,endpoint,1,1493.0,1493.0,1493.0,1493.0,0.0,1493.0
cntvaluein3-skew-locked-seed-37,pass,direct_max,idelay_data_cntvaluein,lane0,dq3,2,endpoint,1,1891.0,1891.0,1891.0,1891.0,0.0,1891.0
cntvaluein3-skew-locked-seed-38,pass,direct_max,idelay_data_cntvaluein,lane0,dq3,2,endpoint,1,1649.0,1649.0,1649.0,1649.0,0.0,1649.0
cntvaluein3-skew-locked-seed-39,fail,direct_max,idelay_data_cntvaluein,lane0,dq3,2,endpoint,1,1914.0,1914.0,1914.0,1914.0,0.0,1914.0
cntvaluein3-skew-locked-seed-40,pass,direct_max,idelay_data_cntvaluein,lane0,dq3,2,endpoint,1,1332.0,1332.0,1332.0,1332.0,0.0,1332.0
cntvaluein3-skew-locked-seed-41,fail,direct_max,idelay_data_cntvaluein,lane0,dq3,2,endpoint,1,1338.0,1338.0,1338.0,1338.0,0.0,1338.0
cntvaluein3-skew-locked-seed-42,pass,direct_max,idelay_data_cntvaluein,lane0,dq3,2,endpoint,1,1754.0,1754.0,1754.0,1754.0,0.0,1754.0
cntvaluein3-skew-locked-seed-43,pass,direct_max,idelay_data_cntvaluein,lane0,dq3,2,endpoint,1,785.0,785.0,785.0,785.0,0.0,785.0
cntvaluein3-skew-locked-seed-44,pass,direct_max,idelay_data_cntvaluein,lane0,dq3,2,endpoint,1,1070.0,1070.0,1070.0,1070.0,0.0,1070.0
cntvaluein3-skew-locked-seed-45,fail,direct_max,idelay_data_cntvaluein,lane0,dq3,2,endpoint,1,787.0,787.0,787.0,787.0,0.0,787.0
cntvaluein3-skew-locked-seed-46,pass,direct_max,idelay_data_cntvaluein,lane0,dq3,2,endpoint,1,987.0,987.0,987.0,987.0,0.0,987.0
cntvaluein3-skew-locked-seed-47,pass,direct_max,idelay_data_cntvaluein,lane0,dq3,2,endpoint,1,1662.0,1662.0,1662.0,1662.0,0.0,1662.0
cntvaluein3-skew-locked-seed-48,fail,direct_max,idelay_data_cntvaluein,lane0,dq3,2,endpoint,1,967.0,967.0,967.0,967.0,0.0,967.0
cntvaluein3-skew-locked-seed-49,pass,direct_max,idelay_data_cntvaluein,lane0,dq3,2,endpoint,1,1075.0,1075.0,1075.0,1075.0,0.0,1075.0
cntvaluein3-skew-locked-seed-50,fail,direct_max,idelay_data_cntvaluein,lane0,dq3,2,endpoint,1,1718.0,1718.0,1718.0,1718.0,0.0,1718.0
cntvaluein3-skew-locked-seed-51,fail,direct_max,idelay_data_cntvaluein,lane0,dq3,2,endpoint,1,972.0,972.0,972.0,972.0,0.0,972.0
cntvaluein3-skew-locked-seed-52,fail,direct_max,idelay_data_cntvaluein,lane0,dq3,2,endpoint,1,2078.0,2078.0,2078.0,2078.0,0.0,2078.0
cntvaluein3-skew-locked-seed-53,fail,direct_max,idelay_data_cntvaluein,lane0,dq3,2,endpoint,1,1353.0,1353.0,1353.0,1353.0,0.0,1353.0
cntvaluein3-skew-locked-seed-54,pass,direct_max,idelay_data_cntvaluein,lane0,dq3,2,endpoint,1,917.0,917.0,917.0,917.0,0.0,917.0
cntvaluein3-skew-locked-seed-55,pass,direct_max,idelay_data_cntvaluein,lane0,dq3,2,endpoint,1,1738.0,1738.0,1738.0,1738.0,0.0,1738.0
cntvaluein3-skew-locked-seed-56,pass,direct_max,idelay_data_cntvaluein,lane0,dq3,2,endpoint,1,1230.0,1230.0,1230.0,1230.0,0.0,1230.0
cntvaluein3-skew-locked-seed-57,pass,direct_max,idelay_data_cntvaluein,lane0,dq3,2,endpoint,1,1654.0,1654.0,1654.0,1654.0,0.0,1654.0
cntvaluein3-skew-locked-seed-58,pass,direct_max,idelay_data_cntvaluein,lane0,dq3,2,endpoint,1,1347.0,1347.0,1347.0,1347.0,0.0,1347.0
cntvaluein3-skew-locked-seed-59,pass,direct_max,idelay_data_cntvaluein,lane0,dq3,2,endpoint,1,1166.0,1166.0,1166.0,1166.0,0.0,1166.0
cntvaluein3-skew-locked-seed-60,fail,direct_max,idelay_data_cntvaluein,lane0,dq3,2,endpoint,1,1636.0,1636.0,1636.0,1636.0,0.0,1636.0
cntvaluein3-skew-locked-seed-31,pass,direct_max,idelay_data_cntvaluein,lane0,dq3,3,endpoint,1,1934.0,1934.0,1934.0,1934.0,0.0,1934.0
cntvaluein3-skew-locked-seed-32,pass,direct_max,idelay_data_cntvaluein,lane0,dq3,3,endpoint,1,1855.0,1855.0,1855.0,1855.0,0.0,1855.0
cntvaluein3-skew-locked-seed-33,fail,direct_max,idelay_data_cntvaluein,lane0,dq3,3,endpoint,1,1939.0,1939.0,1939.0,1939.0,0.0,1939.0
cntvaluein3-skew-locked-seed-34,pass,direct_max,idelay_data_cntvaluein,lane0,dq3,3,endpoint,1,2124.0,2124.0,2124.0,2124.0,0.0,2124.0
cntvaluein3-skew-locked-seed-35,pass,direct_max,idelay_data_cntvaluein,lane0,dq3,3,endpoint,1,1940.0,1940.0,1940.0,1940.0,0.0,1940.0
cntvaluein3-skew-locked-seed-36,fail,direct_max,idelay_data_cntvaluein,lane0,dq3,3,endpoint,1,1766.0,1766.0,1766.0,1766.0,0.0,1766.0
cntvaluein3-skew-locked-seed-37,pass,direct_max,idelay_data_cntvaluein,lane0,dq3,3,endpoint,1,1409.0,1409.0,1409.0,1409.0,0.0,1409.0
cntvaluein3-skew-locked-seed-38,pass,direct_max,idelay_data_cntvaluein,lane0,dq3,3,endpoint,1,1853.0,1853.0,1853.0,1853.0,0.0,1853.0
cntvaluein3-skew-locked-seed-39,fail,direct_max,idelay_data_cntvaluein,lane0,dq3,3,endpoint,1,1764.0,1764.0,1764.0,1764.0,0.0,1764.0
cntvaluein3-skew-locked-seed-40,pass,direct_max,idelay_data_cntvaluein,lane0,dq3,3,endpoint,1,1858.0,1858.0,1858.0,1858.0,0.0,1858.0
cntvaluein3-skew-locked-seed-41,fail,direct_max,idelay_data_cntvaluein,lane0,dq3,3,endpoint,1,1740.0,1740.0,1740.0,1740.0,0.0,1740.0
cntvaluein3-skew-locked-seed-42,pass,direct_max,idelay_data_cntvaluein,lane0,dq3,3,endpoint,1,1412.0,1412.0,1412.0,1412.0,0.0,1412.0
cntvaluein3-skew-locked-seed-43,pass,direct_max,idelay_data_cntvaluein,lane0,dq3,3,endpoint,1,2174.0,2174.0,2174.0,2174.0,0.0,2174.0
cntvaluein3-skew-locked-seed-44,pass,direct_max,idelay_data_cntvaluein,lane0,dq3,3,endpoint,1,2193.0,2193.0,2193.0,2193.0,0.0,2193.0
cntvaluein3-skew-locked-seed-45,fail,direct_max,idelay_data_cntvaluein,lane0,dq3,3,endpoint,1,1532.0,1532.0,1532.0,1532.0,0.0,1532.0
cntvaluein3-skew-locked-seed-46,pass,direct_max,idelay_data_cntvaluein,lane0,dq3,3,endpoint,1,1631.0,1631.0,1631.0,1631.0,0.0,1631.0
cntvaluein3-skew-locked-seed-47,pass,direct_max,idelay_data_cntvaluein,lane0,dq3,3,endpoint,1,2019.0,2019.0,2019.0,2019.0,0.0,2019.0
cntvaluein3-skew-locked-seed-48,fail,direct_max,idelay_data_cntvaluein,lane0,dq3,3,endpoint,1,1909.0,1909.0,1909.0,1909.0,0.0,1909.0
cntvaluein3-skew-locked-seed-49,pass,direct_max,idelay_data_cntvaluein,lane0,dq3,3,endpoint,1,2295.0,2295.0,2295.0,2295.0,0.0,2295.0
cntvaluein3-skew-locked-seed-50,fail,direct_max,idelay_data_cntvaluein,lane0,dq3,3,endpoint,1,1620.0,1620.0,1620.0,1620.0,0.0,1620.0
cntvaluein3-skew-locked-seed-51,fail,direct_max,idelay_data_cntvaluein,lane0,dq3,3,endpoint,1,1832.0,1832.0,1832.0,1832.0,0.0,1832.0
cntvaluein3-skew-locked-seed-52,fail,direct_max,idelay_data_cntvaluein,lane0,dq3,3,endpoint,1,1151.0,1151.0,1151.0,1151.0,0.0,1151.0
cntvaluein3-skew-locked-seed-53,fail,direct_max,idelay_data_cntvaluein,lane0,dq3,3,endpoint,1,1889.0,1889.0,1889.0,1889.0,0.0,1889.0
cntvaluein3-skew-locked-seed-54,pass,direct_max,idelay_data_cntvaluein,lane0,dq3,3,endpoint,1,1970.0,1970.0,1970.0,1970.0,0.0,1970.0
cntvaluein3-skew-locked-seed-55,pass,direct_max,idelay_data_cntvaluein,lane0,dq3,3,endpoint,1,1722.0,1722.0,1722.0,1722.0,0.0,1722.0
cntvaluein3-skew-locked-seed-56,pass,direct_max,idelay_data_cntvaluein,lane0,dq3,3,endpoint,1,1529.0,1529.0,1529.0,1529.0,0.0,1529.0
cntvaluein3-skew-locked-seed-57,pass,direct_max,idelay_data_cntvaluein,lane0,dq3,3,endpoint,1,2252.0,2252.0,2252.0,2252.0,0.0,2252.0
cntvaluein3-skew-locked-seed-58,pass,direct_max,idelay_data_cntvaluein,lane0,dq3,3,endpoint,1,1549.0,1549.0,1549.0,1549.0,0.0,1549.0
cntvaluein3-skew-locked-seed-59,pass,direct_max,idelay_data_cntvaluein,lane0,dq3,3,endpoint,1,1593.0,1593.0,1593.0,1593.0,0.0,1593.0
cntvaluein3-skew-locked-seed-60,fail,direct_max,idelay_data_cntvaluein,lane0,dq3,3,endpoint,1,1904.0,1904.0,1904.0,1904.0,0.0,1904.0
cntvaluein3-skew-locked-seed-31,pass,direct_max,idelay_data_cntvaluein,lane0,dq3,4,endpoint,1,1361.0,1361.0,1361.0,1361.0,0.0,1361.0
cntvaluein3-skew-locked-seed-32,pass,direct_max,idelay_data_cntvaluein,lane0,dq3,4,endpoint,1,1337.0,1337.0,1337.0,1337.0,0.0,1337.0
cntvaluein3-skew-locked-seed-33,fail,direct_max,idelay_data_cntvaluein,lane0,dq3,4,endpoint,1,1588.0,1588.0,1588.0,1588.0,0.0,1588.0
cntvaluein3-skew-locked-seed-34,pass,direct_max,idelay_data_cntvaluein,lane0,dq3,4,endpoint,1,1299.0,1299.0,1299.0,1299.0,0.0,1299.0
cntvaluein3-skew-locked-seed-35,pass,direct_max,idelay_data_cntvaluein,lane0,dq3,4,endpoint,1,967.0,967.0,967.0,967.0,0.0,967.0
cntvaluein3-skew-locked-seed-36,fail,direct_max,idelay_data_cntvaluein,lane0,dq3,4,endpoint,1,1302.0,1302.0,1302.0,1302.0,0.0,1302.0
cntvaluein3-skew-locked-seed-37,pass,direct_max,idelay_data_cntvaluein,lane0,dq3,4,endpoint,1,1468.0,1468.0,1468.0,1468.0,0.0,1468.0
cntvaluein3-skew-locked-seed-38,pass,direct_max,idelay_data_cntvaluein,lane0,dq3,4,endpoint,1,1875.0,1875.0,1875.0,1875.0,0.0,1875.0
cntvaluein3-skew-locked-seed-39,fail,direct_max,idelay_data_cntvaluein,lane0,dq3,4,endpoint,1,1555.0,1555.0,1555.0,1555.0,0.0,1555.0
cntvaluein3-skew-locked-seed-40,pass,direct_max,idelay_data_cntvaluein,lane0,dq3,4,endpoint,1,1350.0,1350.0,1350.0,1350.0,0.0,1350.0
cntvaluein3-skew-locked-seed-41,fail,direct_max,idelay_data_cntvaluein,lane0,dq3,4,endpoint,1,1608.0,1608.0,1608.0,1608.0,0.0,1608.0
cntvaluein3-skew-locked-seed-42,pass,direct_max,idelay_data_cntvaluein,lane0,dq3,4,endpoint,1,1769.0,1769.0,1769.0,1769.0,0.0,1769.0
cntvaluein3-skew-locked-seed-43,pass,direct_max,idelay_data_cntvaluein,lane0,dq3,4,endpoint,1,1088.0,1088.0,1088.0,1088.0,0.0,1088.0
cntvaluein3-skew-locked-seed-44,pass,direct_max,idelay_data_cntvaluein,lane0,dq3,4,endpoint,1,1047.0,1047.0,1047.0,1047.0,0.0,1047.0
cntvaluein3-skew-locked-seed-45,fail,direct_max,idelay_data_cntvaluein,lane0,dq3,4,endpoint,1,889.0,889.0,889.0,889.0,0.0,889.0
cntvaluein3-skew-locked-seed-46,pass,direct_max,idelay_data_cntvaluein,lane0,dq3,4,endpoint,1,1669.0,1669.0,1669.0,1669.0,0.0,1669.0
cntvaluein3-skew-locked-seed-47,pass,direct_max,idelay_data_cntvaluein,lane0,dq3,4,endpoint,1,1690.0,1690.0,1690.0,1690.0,0.0,1690.0
cntvaluein3-skew-locked-seed-48,fail,direct_max,idelay_data_cntvaluein,lane0,dq3,4,endpoint,1,906.0,906.0,906.0,906.0,0.0,906.0
cntvaluein3-skew-locked-seed-49,pass,direct_max,idelay_data_cntvaluein,lane0,dq3,4,endpoint,1,1218.0,1218.0,1218.0,1218.0,0.0,1218.0
cntvaluein3-skew-locked-seed-50,fail,direct_max,idelay_data_cntvaluein,lane0,dq3,4,endpoint,1,1312.0,1312.0,1312.0,1312.0,0.0,1312.0
cntvaluein3-skew-locked-seed-51,fail,direct_max,idelay_data_cntvaluein,lane0,dq3,4,endpoint,1,1266.0,1266.0,1266.0,1266.0,0.0,1266.0
cntvaluein3-skew-locked-seed-52,fail,direct_max,idelay_data_cntvaluein,lane0,dq3,4,endpoint,1,1898.0,1898.0,1898.0,1898.0,0.0,1898.0
cntvaluein3-skew-locked-seed-53,fail,direct_max,idelay_data_cntvaluein,lane0,dq3,4,endpoint,1,1149.0,1149.0,1149.0,1149.0,0.0,1149.0
cntvaluein3-skew-locked-seed-54,pass,direct_max,idelay_data_cntvaluein,lane0,dq3,4,endpoint,1,975.0,975.0,975.0,975.0,0.0,975.0
cntvaluein3-skew-locked-seed-55,pass,direct_max,idelay_data_cntvaluein,lane0,dq3,4,endpoint,1,2073.0,2073.0,2073.0,2073.0,0.0,2073.0
cntvaluein3-skew-locked-seed-56,pass,direct_max,idelay_data_cntvaluein,lane0,dq3,4,endpoint,1,1458.0,1458.0,1458.0,1458.0,0.0,1458.0
cntvaluein3-skew-locked-seed-57,pass,direct_max,idelay_data_cntvaluein,lane0,dq3,4,endpoint,1,1883.0,1883.0,1883.0,1883.0,0.0,1883.0
cntvaluein3-skew-locked-seed-58,pass,direct_max,idelay_data_cntvaluein,lane0,dq3,4,endpoint,1,1646.0,1646.0,1646.0,1646.0,0.0,1646.0
cntvaluein3-skew-locked-seed-59,pass,direct_max,idelay_data_cntvaluein,lane0,dq3,4,endpoint,1,1465.0,1465.0,1465.0,1465.0,0.0,1465.0
cntvaluein3-skew-locked-seed-60,fail,direct_max,idelay_data_cntvaluein,lane0,dq3,4,endpoint,1,1309.0,1309.0,1309.0,1309.0,0.0,1309.0
cntvaluein3-skew-locked-seed-31,pass,direct_max,idelay_data_cntvaluein,lane0,dq4,0,endpoint,1,1608.0,1608.0,1608.0,1608.0,0.0,1608.0
cntvaluein3-skew-locked-seed-32,pass,direct_max,idelay_data_cntvaluein,lane0,dq4,0,endpoint,1,986.0,986.0,986.0,986.0,0.0,986.0
cntvaluein3-skew-locked-seed-33,fail,direct_max,idelay_data_cntvaluein,lane0,dq4,0,endpoint,1,2280.0,2280.0,2280.0,2280.0,0.0,2280.0
cntvaluein3-skew-locked-seed-34,pass,direct_max,idelay_data_cntvaluein,lane0,dq4,0,endpoint,1,1457.0,1457.0,1457.0,1457.0,0.0,1457.0
cntvaluein3-skew-locked-seed-35,pass,direct_max,idelay_data_cntvaluein,lane0,dq4,0,endpoint,1,962.0,962.0,962.0,962.0,0.0,962.0
cntvaluein3-skew-locked-seed-36,fail,direct_max,idelay_data_cntvaluein,lane0,dq4,0,endpoint,1,1491.0,1491.0,1491.0,1491.0,0.0,1491.0
cntvaluein3-skew-locked-seed-37,pass,direct_max,idelay_data_cntvaluein,lane0,dq4,0,endpoint,1,1738.0,1738.0,1738.0,1738.0,0.0,1738.0
cntvaluein3-skew-locked-seed-38,pass,direct_max,idelay_data_cntvaluein,lane0,dq4,0,endpoint,1,2065.0,2065.0,2065.0,2065.0,0.0,2065.0
cntvaluein3-skew-locked-seed-39,fail,direct_max,idelay_data_cntvaluein,lane0,dq4,0,endpoint,1,2194.0,2194.0,2194.0,2194.0,0.0,2194.0
cntvaluein3-skew-locked-seed-40,pass,direct_max,idelay_data_cntvaluein,lane0,dq4,0,endpoint,1,2038.0,2038.0,2038.0,2038.0,0.0,2038.0
cntvaluein3-skew-locked-seed-41,fail,direct_max,idelay_data_cntvaluein,lane0,dq4,0,endpoint,1,1871.0,1871.0,1871.0,1871.0,0.0,1871.0
cntvaluein3-skew-locked-seed-42,pass,direct_max,idelay_data_cntvaluein,lane0,dq4,0,endpoint,1,1633.0,1633.0,1633.0,1633.0,0.0,1633.0
cntvaluein3-skew-locked-seed-43,pass,direct_max,idelay_data_cntvaluein,lane0,dq4,0,endpoint,1,1205.0,1205.0,1205.0,1205.0,0.0,1205.0
cntvaluein3-skew-locked-seed-44,pass,direct_max,idelay_data_cntvaluein,lane0,dq4,0,endpoint,1,1284.0,1284.0,1284.0,1284.0,0.0,1284.0
cntvaluein3-skew-locked-seed-45,fail,direct_max,idelay_data_cntvaluein,lane0,dq4,0,endpoint,1,1049.0,1049.0,1049.0,1049.0,0.0,1049.0
cntvaluein3-skew-locked-seed-46,pass,direct_max,idelay_data_cntvaluein,lane0,dq4,0,endpoint,1,1238.0,1238.0,1238.0,1238.0,0.0,1238.0
cntvaluein3-skew-locked-seed-47,pass,direct_max,idelay_data_cntvaluein,lane0,dq4,0,endpoint,1,1754.0,1754.0,1754.0,1754.0,0.0,1754.0
cntvaluein3-skew-locked-seed-48,fail,direct_max,idelay_data_cntvaluein,lane0,dq4,0,endpoint,1,1213.0,1213.0,1213.0,1213.0,0.0,1213.0
cntvaluein3-skew-locked-seed-49,pass,direct_max,idelay_data_cntvaluein,lane0,dq4,0,endpoint,1,2237.0,2237.0,2237.0,2237.0,0.0,2237.0
cntvaluein3-skew-locked-seed-50,fail,direct_max,idelay_data_cntvaluein,lane0,dq4,0,endpoint,1,1365.0,1365.0,1365.0,1365.0,0.0,1365.0
cntvaluein3-skew-locked-seed-51,fail,direct_max,idelay_data_cntvaluein,lane0,dq4,0,endpoint,1,1064.0,1064.0,1064.0,1064.0,0.0,1064.0
cntvaluein3-skew-locked-seed-52,fail,direct_max,idelay_data_cntvaluein,lane0,dq4,0,endpoint,1,1819.0,1819.0,1819.0,1819.0,0.0,1819.0
cntvaluein3-skew-locked-seed-53,fail,direct_max,idelay_data_cntvaluein,lane0,dq4,0,endpoint,1,1924.0,1924.0,1924.0,1924.0,0.0,1924.0
cntvaluein3-skew-locked-seed-54,pass,direct_max,idelay_data_cntvaluein,lane0,dq4,0,endpoint,1,1236.0,1236.0,1236.0,1236.0,0.0,1236.0
cntvaluein3-skew-locked-seed-55,pass,direct_max,idelay_data_cntvaluein,lane0,dq4,0,endpoint,1,2161.0,2161.0,2161.0,2161.0,0.0,2161.0
cntvaluein3-skew-locked-seed-56,pass,direct_max,idelay_data_cntvaluein,lane0,dq4,0,endpoint,1,1718.0,1718.0,1718.0,1718.0,0.0,1718.0
cntvaluein3-skew-locked-seed-57,pass,direct_max,idelay_data_cntvaluein,lane0,dq4,0,endpoint,1,1850.0,1850.0,1850.0,1850.0,0.0,1850.0
cntvaluein3-skew-locked-seed-58,pass,direct_max,idelay_data_cntvaluein,lane0,dq4,0,endpoint,1,1552.0,1552.0,1552.0,1552.0,0.0,1552.0
cntvaluein3-skew-locked-seed-59,pass,direct_max,idelay_data_cntvaluein,lane0,dq4,0,endpoint,1,1169.0,1169.0,1169.0,1169.0,0.0,1169.0
cntvaluein3-skew-locked-seed-60,fail,direct_max,idelay_data_cntvaluein,lane0,dq4,0,endpoint,1,1269.0,1269.0,1269.0,1269.0,0.0,1269.0
cntvaluein3-skew-locked-seed-31,pass,direct_max,idelay_data_cntvaluein,lane0,dq4,1,endpoint,1,1322.0,1322.0,1322.0,1322.0,0.0,1322.0
cntvaluein3-skew-locked-seed-32,pass,direct_max,idelay_data_cntvaluein,lane0,dq4,1,endpoint,1,995.0,995.0,995.0,995.0,0.0,995.0
cntvaluein3-skew-locked-seed-33,fail,direct_max,idelay_data_cntvaluein,lane0,dq4,1,endpoint,1,1692.0,1692.0,1692.0,1692.0,0.0,1692.0
cntvaluein3-skew-locked-seed-34,pass,direct_max,idelay_data_cntvaluein,lane0,dq4,1,endpoint,1,1190.0,1190.0,1190.0,1190.0,0.0,1190.0
cntvaluein3-skew-locked-seed-35,pass,direct_max,idelay_data_cntvaluein,lane0,dq4,1,endpoint,1,1049.0,1049.0,1049.0,1049.0,0.0,1049.0
cntvaluein3-skew-locked-seed-36,fail,direct_max,idelay_data_cntvaluein,lane0,dq4,1,endpoint,1,1360.0,1360.0,1360.0,1360.0,0.0,1360.0
cntvaluein3-skew-locked-seed-37,pass,direct_max,idelay_data_cntvaluein,lane0,dq4,1,endpoint,1,1771.0,1771.0,1771.0,1771.0,0.0,1771.0
cntvaluein3-skew-locked-seed-38,pass,direct_max,idelay_data_cntvaluein,lane0,dq4,1,endpoint,1,1917.0,1917.0,1917.0,1917.0,0.0,1917.0
cntvaluein3-skew-locked-seed-39,fail,direct_max,idelay_data_cntvaluein,lane0,dq4,1,endpoint,1,1514.0,1514.0,1514.0,1514.0,0.0,1514.0
cntvaluein3-skew-locked-seed-40,pass,direct_max,idelay_data_cntvaluein,lane0,dq4,1,endpoint,1,2216.0,2216.0,2216.0,2216.0,0.0,2216.0
cntvaluein3-skew-locked-seed-41,fail,direct_max,idelay_data_cntvaluein,lane0,dq4,1,endpoint,1,1603.0,1603.0,1603.0,1603.0,0.0,1603.0
cntvaluein3-skew-locked-seed-42,pass,direct_max,idelay_data_cntvaluein,lane0,dq4,1,endpoint,1,1998.0,1998.0,1998.0,1998.0,0.0,1998.0
cntvaluein3-skew-locked-seed-43,pass,direct_max,idelay_data_cntvaluein,lane0,dq4,1,endpoint,1,1143.0,1143.0,1143.0,1143.0,0.0,1143.0
cntvaluein3-skew-locked-seed-44,pass,direct_max,idelay_data_cntvaluein,lane0,dq4,1,endpoint,1,1036.0,1036.0,1036.0,1036.0,0.0,1036.0
cntvaluein3-skew-locked-seed-45,fail,direct_max,idelay_data_cntvaluein,lane0,dq4,1,endpoint,1,939.0,939.0,939.0,939.0,0.0,939.0
cntvaluein3-skew-locked-seed-46,pass,direct_max,idelay_data_cntvaluein,lane0,dq4,1,endpoint,1,1034.0,1034.0,1034.0,1034.0,0.0,1034.0
cntvaluein3-skew-locked-seed-47,pass,direct_max,idelay_data_cntvaluein,lane0,dq4,1,endpoint,1,2460.0,2460.0,2460.0,2460.0,0.0,2460.0
cntvaluein3-skew-locked-seed-48,fail,direct_max,idelay_data_cntvaluein,lane0,dq4,1,endpoint,1,1427.0,1427.0,1427.0,1427.0,0.0,1427.0
cntvaluein3-skew-locked-seed-49,pass,direct_max,idelay_data_cntvaluein,lane0,dq4,1,endpoint,1,1981.0,1981.0,1981.0,1981.0,0.0,1981.0
cntvaluein3-skew-locked-seed-50,fail,direct_max,idelay_data_cntvaluein,lane0,dq4,1,endpoint,1,1809.0,1809.0,1809.0,1809.0,0.0,1809.0
cntvaluein3-skew-locked-seed-51,fail,direct_max,idelay_data_cntvaluein,lane0,dq4,1,endpoint,1,1050.0,1050.0,1050.0,1050.0,0.0,1050.0
cntvaluein3-skew-locked-seed-52,fail,direct_max,idelay_data_cntvaluein,lane0,dq4,1,endpoint,1,2138.0,2138.0,2138.0,2138.0,0.0,2138.0
cntvaluein3-skew-locked-seed-53,fail,direct_max,idelay_data_cntvaluein,lane0,dq4,1,endpoint,1,1343.0,1343.0,1343.0,1343.0,0.0,1343.0
cntvaluein3-skew-locked-seed-54,pass,direct_max,idelay_data_cntvaluein,lane0,dq4,1,endpoint,1,1184.0,1184.0,1184.0,1184.0,0.0,1184.0
cntvaluein3-skew-locked-seed-55,pass,direct_max,idelay_data_cntvaluein,lane0,dq4,1,endpoint,1,1830.0,1830.0,1830.0,1830.0,0.0,1830.0
cntvaluein3-skew-locked-seed-56,pass,direct_max,idelay_data_cntvaluein,lane0,dq4,1,endpoint,1,2510.0,2510.0,2510.0,2510.0,0.0,2510.0
cntvaluein3-skew-locked-seed-57,pass,direct_max,idelay_data_cntvaluein,lane0,dq4,1,endpoint,1,1812.0,1812.0,1812.0,1812.0,0.0,1812.0
cntvaluein3-skew-locked-seed-58,pass,direct_max,idelay_data_cntvaluein,lane0,dq4,1,endpoint,1,1595.0,1595.0,1595.0,1595.0,0.0,1595.0
cntvaluein3-skew-locked-seed-59,pass,direct_max,idelay_data_cntvaluein,lane0,dq4,1,endpoint,1,2029.0,2029.0,2029.0,2029.0,0.0,2029.0
cntvaluein3-skew-locked-seed-60,fail,direct_max,idelay_data_cntvaluein,lane0,dq4,1,endpoint,1,1827.0,1827.0,1827.0,1827.0,0.0,1827.0
cntvaluein3-skew-locked-seed-31,pass,direct_max,idelay_data_cntvaluein,lane0,dq4,2,endpoint,1,1692.0,1692.0,1692.0,1692.0,0.0,1692.0
cntvaluein3-skew-locked-seed-32,pass,direct_max,idelay_data_cntvaluein,lane0,dq4,2,endpoint,1,1029.0,1029.0,1029.0,1029.0,0.0,1029.0
cntvaluein3-skew-locked-seed-33,fail,direct_max,idelay_data_cntvaluein,lane0,dq4,2,endpoint,1,1832.0,1832.0,1832.0,1832.0,0.0,1832.0
cntvaluein3-skew-locked-seed-34,pass,direct_max,idelay_data_cntvaluein,lane0,dq4,2,endpoint,1,1330.0,1330.0,1330.0,1330.0,0.0,1330.0
cntvaluein3-skew-locked-seed-35,pass,direct_max,idelay_data_cntvaluein,lane0,dq4,2,endpoint,1,1019.0,1019.0,1019.0,1019.0,0.0,1019.0
cntvaluein3-skew-locked-seed-36,fail,direct_max,idelay_data_cntvaluein,lane0,dq4,2,endpoint,1,1363.0,1363.0,1363.0,1363.0,0.0,1363.0
cntvaluein3-skew-locked-seed-37,pass,direct_max,idelay_data_cntvaluein,lane0,dq4,2,endpoint,1,2029.0,2029.0,2029.0,2029.0,0.0,2029.0
cntvaluein3-skew-locked-seed-38,pass,direct_max,idelay_data_cntvaluein,lane0,dq4,2,endpoint,1,2076.0,2076.0,2076.0,2076.0,0.0,2076.0
cntvaluein3-skew-locked-seed-39,fail,direct_max,idelay_data_cntvaluein,lane0,dq4,2,endpoint,1,1838.0,1838.0,1838.0,1838.0,0.0,1838.0
cntvaluein3-skew-locked-seed-40,pass,direct_max,idelay_data_cntvaluein,lane0,dq4,2,endpoint,1,1442.0,1442.0,1442.0,1442.0,0.0,1442.0
cntvaluein3-skew-locked-seed-41,fail,direct_max,idelay_data_cntvaluein,lane0,dq4,2,endpoint,1,1355.0,1355.0,1355.0,1355.0,0.0,1355.0
cntvaluein3-skew-locked-seed-42,pass,direct_max,idelay_data_cntvaluein,lane0,dq4,2,endpoint,1,1893.0,1893.0,1893.0,1893.0,0.0,1893.0
cntvaluein3-skew-locked-seed-43,pass,direct_max,idelay_data_cntvaluein,lane0,dq4,2,endpoint,1,921.0,921.0,921.0,921.0,0.0,921.0
cntvaluein3-skew-locked-seed-44,pass,direct_max,idelay_data_cntvaluein,lane0,dq4,2,endpoint,1,1212.0,1212.0,1212.0,1212.0,0.0,1212.0
cntvaluein3-skew-locked-seed-45,fail,direct_max,idelay_data_cntvaluein,lane0,dq4,2,endpoint,1,1223.0,1223.0,1223.0,1223.0,0.0,1223.0
cntvaluein3-skew-locked-seed-46,pass,direct_max,idelay_data_cntvaluein,lane0,dq4,2,endpoint,1,1445.0,1445.0,1445.0,1445.0,0.0,1445.0
cntvaluein3-skew-locked-seed-47,pass,direct_max,idelay_data_cntvaluein,lane0,dq4,2,endpoint,1,2069.0,2069.0,2069.0,2069.0,0.0,2069.0
cntvaluein3-skew-locked-seed-48,fail,direct_max,idelay_data_cntvaluein,lane0,dq4,2,endpoint,1,1269.0,1269.0,1269.0,1269.0,0.0,1269.0
cntvaluein3-skew-locked-seed-49,pass,direct_max,idelay_data_cntvaluein,lane0,dq4,2,endpoint,1,1241.0,1241.0,1241.0,1241.0,0.0,1241.0
cntvaluein3-skew-locked-seed-50,fail,direct_max,idelay_data_cntvaluein,lane0,dq4,2,endpoint,1,1856.0,1856.0,1856.0,1856.0,0.0,1856.0
cntvaluein3-skew-locked-seed-51,fail,direct_max,idelay_data_cntvaluein,lane0,dq4,2,endpoint,1,1062.0,1062.0,1062.0,1062.0,0.0,1062.0
cntvaluein3-skew-locked-seed-52,fail,direct_max,idelay_data_cntvaluein,lane0,dq4,2,endpoint,1,2158.0,2158.0,2158.0,2158.0,0.0,2158.0
cntvaluein3-skew-locked-seed-53,fail,direct_max,idelay_data_cntvaluein,lane0,dq4,2,endpoint,1,1825.0,1825.0,1825.0,1825.0,0.0,1825.0
cntvaluein3-skew-locked-seed-54,pass,direct_max,idelay_data_cntvaluein,lane0,dq4,2,endpoint,1,1220.0,1220.0,1220.0,1220.0,0.0,1220.0
cntvaluein3-skew-locked-seed-55,pass,direct_max,idelay_data_cntvaluein,lane0,dq4,2,endpoint,1,2151.0,2151.0,2151.0,2151.0,0.0,2151.0
cntvaluein3-skew-locked-seed-56,pass,direct_max,idelay_data_cntvaluein,lane0,dq4,2,endpoint,1,1065.0,1065.0,1065.0,1065.0,0.0,1065.0
cntvaluein3-skew-locked-seed-57,pass,direct_max,idelay_data_cntvaluein,lane0,dq4,2,endpoint,1,1712.0,1712.0,1712.0,1712.0,0.0,1712.0
cntvaluein3-skew-locked-seed-58,pass,direct_max,idelay_data_cntvaluein,lane0,dq4,2,endpoint,1,1679.0,1679.0,1679.0,1679.0,0.0,1679.0
cntvaluein3-skew-locked-seed-59,pass,direct_max,idelay_data_cntvaluein,lane0,dq4,2,endpoint,1,1434.0,1434.0,1434.0,1434.0,0.0,1434.0
cntvaluein3-skew-locked-seed-60,fail,direct_max,idelay_data_cntvaluein,lane0,dq4,2,endpoint,1,1838.0,1838.0,1838.0,1838.0,0.0,1838.0
cntvaluein3-skew-locked-seed-31,pass,direct_max,idelay_data_cntvaluein,lane0,dq4,3,endpoint,1,2395.0,2395.0,2395.0,2395.0,0.0,2395.0
cntvaluein3-skew-locked-seed-32,pass,direct_max,idelay_data_cntvaluein,lane0,dq4,3,endpoint,1,2279.0,2279.0,2279.0,2279.0,0.0,2279.0
cntvaluein3-skew-locked-seed-33,fail,direct_max,idelay_data_cntvaluein,lane0,dq4,3,endpoint,1,1792.0,1792.0,1792.0,1792.0,0.0,1792.0
cntvaluein3-skew-locked-seed-34,pass,direct_max,idelay_data_cntvaluein,lane0,dq4,3,endpoint,1,2069.0,2069.0,2069.0,2069.0,0.0,2069.0
cntvaluein3-skew-locked-seed-35,pass,direct_max,idelay_data_cntvaluein,lane0,dq4,3,endpoint,1,2078.0,2078.0,2078.0,2078.0,0.0,2078.0
cntvaluein3-skew-locked-seed-36,fail,direct_max,idelay_data_cntvaluein,lane0,dq4,3,endpoint,1,2154.0,2154.0,2154.0,2154.0,0.0,2154.0
cntvaluein3-skew-locked-seed-37,pass,direct_max,idelay_data_cntvaluein,lane0,dq4,3,endpoint,1,1789.0,1789.0,1789.0,1789.0,0.0,1789.0
cntvaluein3-skew-locked-seed-38,pass,direct_max,idelay_data_cntvaluein,lane0,dq4,3,endpoint,1,1842.0,1842.0,1842.0,1842.0,0.0,1842.0
cntvaluein3-skew-locked-seed-39,fail,direct_max,idelay_data_cntvaluein,lane0,dq4,3,endpoint,1,2056.0,2056.0,2056.0,2056.0,0.0,2056.0
cntvaluein3-skew-locked-seed-40,pass,direct_max,idelay_data_cntvaluein,lane0,dq4,3,endpoint,1,2085.0,2085.0,2085.0,2085.0,0.0,2085.0
cntvaluein3-skew-locked-seed-41,fail,direct_max,idelay_data_cntvaluein,lane0,dq4,3,endpoint,1,1633.0,1633.0,1633.0,1633.0,0.0,1633.0
cntvaluein3-skew-locked-seed-42,pass,direct_max,idelay_data_cntvaluein,lane0,dq4,3,endpoint,1,1740.0,1740.0,1740.0,1740.0,0.0,1740.0
cntvaluein3-skew-locked-seed-43,pass,direct_max,idelay_data_cntvaluein,lane0,dq4,3,endpoint,1,2109.0,2109.0,2109.0,2109.0,0.0,2109.0
cntvaluein3-skew-locked-seed-44,pass,direct_max,idelay_data_cntvaluein,lane0,dq4,3,endpoint,1,2336.0,2336.0,2336.0,2336.0,0.0,2336.0
cntvaluein3-skew-locked-seed-45,fail,direct_max,idelay_data_cntvaluein,lane0,dq4,3,endpoint,1,1396.0,1396.0,1396.0,1396.0,0.0,1396.0
cntvaluein3-skew-locked-seed-46,pass,direct_max,idelay_data_cntvaluein,lane0,dq4,3,endpoint,1,1582.0,1582.0,1582.0,1582.0,0.0,1582.0
cntvaluein3-skew-locked-seed-47,pass,direct_max,idelay_data_cntvaluein,lane0,dq4,3,endpoint,1,2323.0,2323.0,2323.0,2323.0,0.0,2323.0
cntvaluein3-skew-locked-seed-48,fail,direct_max,idelay_data_cntvaluein,lane0,dq4,3,endpoint,1,2079.0,2079.0,2079.0,2079.0,0.0,2079.0
cntvaluein3-skew-locked-seed-49,pass,direct_max,idelay_data_cntvaluein,lane0,dq4,3,endpoint,1,2658.0,2658.0,2658.0,2658.0,0.0,2658.0
cntvaluein3-skew-locked-seed-50,fail,direct_max,idelay_data_cntvaluein,lane0,dq4,3,endpoint,1,2104.0,2104.0,2104.0,2104.0,0.0,2104.0
cntvaluein3-skew-locked-seed-51,fail,direct_max,idelay_data_cntvaluein,lane0,dq4,3,endpoint,1,2013.0,2013.0,2013.0,2013.0,0.0,2013.0
cntvaluein3-skew-locked-seed-52,fail,direct_max,idelay_data_cntvaluein,lane0,dq4,3,endpoint,1,1233.0,1233.0,1233.0,1233.0,0.0,1233.0
cntvaluein3-skew-locked-seed-53,fail,direct_max,idelay_data_cntvaluein,lane0,dq4,3,endpoint,1,2236.0,2236.0,2236.0,2236.0,0.0,2236.0
cntvaluein3-skew-locked-seed-54,pass,direct_max,idelay_data_cntvaluein,lane0,dq4,3,endpoint,1,2194.0,2194.0,2194.0,2194.0,0.0,2194.0
cntvaluein3-skew-locked-seed-55,pass,direct_max,idelay_data_cntvaluein,lane0,dq4,3,endpoint,1,2128.0,2128.0,2128.0,2128.0,0.0,2128.0
cntvaluein3-skew-locked-seed-56,pass,direct_max,idelay_data_cntvaluein,lane0,dq4,3,endpoint,1,1450.0,1450.0,1450.0,1450.0,0.0,1450.0
cntvaluein3-skew-locked-seed-57,pass,direct_max,idelay_data_cntvaluein,lane0,dq4,3,endpoint,1,2687.0,2687.0,2687.0,2687.0,0.0,2687.0
cntvaluein3-skew-locked-seed-58,pass,direct_max,idelay_data_cntvaluein,lane0,dq4,3,endpoint,1,1537.0,1537.0,1537.0,1537.0,0.0,1537.0
cntvaluein3-skew-locked-seed-59,pass,direct_max,idelay_data_cntvaluein,lane0,dq4,3,endpoint,1,1327.0,1327.0,1327.0,1327.0,0.0,1327.0
cntvaluein3-skew-locked-seed-60,fail,direct_max,idelay_data_cntvaluein,lane0,dq4,3,endpoint,1,2107.0,2107.0,2107.0,2107.0,0.0,2107.0
cntvaluein3-skew-locked-seed-31,pass,direct_max,idelay_data_cntvaluein,lane0,dq4,4,endpoint,1,1919.0,1919.0,1919.0,1919.0,0.0,1919.0
cntvaluein3-skew-locked-seed-32,pass,direct_max,idelay_data_cntvaluein,lane0,dq4,4,endpoint,1,1123.0,1123.0,1123.0,1123.0,0.0,1123.0
cntvaluein3-skew-locked-seed-33,fail,direct_max,idelay_data_cntvaluein,lane0,dq4,4,endpoint,1,1723.0,1723.0,1723.0,1723.0,0.0,1723.0
cntvaluein3-skew-locked-seed-34,pass,direct_max,idelay_data_cntvaluein,lane0,dq4,4,endpoint,1,1447.0,1447.0,1447.0,1447.0,0.0,1447.0
cntvaluein3-skew-locked-seed-35,pass,direct_max,idelay_data_cntvaluein,lane0,dq4,4,endpoint,1,1457.0,1457.0,1457.0,1457.0,0.0,1457.0
cntvaluein3-skew-locked-seed-36,fail,direct_max,idelay_data_cntvaluein,lane0,dq4,4,endpoint,1,1641.0,1641.0,1641.0,1641.0,0.0,1641.0
cntvaluein3-skew-locked-seed-37,pass,direct_max,idelay_data_cntvaluein,lane0,dq4,4,endpoint,1,1960.0,1960.0,1960.0,1960.0,0.0,1960.0
cntvaluein3-skew-locked-seed-38,pass,direct_max,idelay_data_cntvaluein,lane0,dq4,4,endpoint,1,2276.0,2276.0,2276.0,2276.0,0.0,2276.0
cntvaluein3-skew-locked-seed-39,fail,direct_max,idelay_data_cntvaluein,lane0,dq4,4,endpoint,1,1871.0,1871.0,1871.0,1871.0,0.0,1871.0
cntvaluein3-skew-locked-seed-40,pass,direct_max,idelay_data_cntvaluein,lane0,dq4,4,endpoint,1,1623.0,1623.0,1623.0,1623.0,0.0,1623.0
cntvaluein3-skew-locked-seed-41,fail,direct_max,idelay_data_cntvaluein,lane0,dq4,4,endpoint,1,1879.0,1879.0,1879.0,1879.0,0.0,1879.0
cntvaluein3-skew-locked-seed-42,pass,direct_max,idelay_data_cntvaluein,lane0,dq4,4,endpoint,1,1850.0,1850.0,1850.0,1850.0,0.0,1850.0
cntvaluein3-skew-locked-seed-43,pass,direct_max,idelay_data_cntvaluein,lane0,dq4,4,endpoint,1,949.0,949.0,949.0,949.0,0.0,949.0
cntvaluein3-skew-locked-seed-44,pass,direct_max,idelay_data_cntvaluein,lane0,dq4,4,endpoint,1,1187.0,1187.0,1187.0,1187.0,0.0,1187.0
cntvaluein3-skew-locked-seed-45,fail,direct_max,idelay_data_cntvaluein,lane0,dq4,4,endpoint,1,1269.0,1269.0,1269.0,1269.0,0.0,1269.0
cntvaluein3-skew-locked-seed-46,pass,direct_max,idelay_data_cntvaluein,lane0,dq4,4,endpoint,1,1371.0,1371.0,1371.0,1371.0,0.0,1371.0
cntvaluein3-skew-locked-seed-47,pass,direct_max,idelay_data_cntvaluein,lane0,dq4,4,endpoint,1,2135.0,2135.0,2135.0,2135.0,0.0,2135.0
cntvaluein3-skew-locked-seed-48,fail,direct_max,idelay_data_cntvaluein,lane0,dq4,4,endpoint,1,1044.0,1044.0,1044.0,1044.0,0.0,1044.0
cntvaluein3-skew-locked-seed-49,pass,direct_max,idelay_data_cntvaluein,lane0,dq4,4,endpoint,1,1554.0,1554.0,1554.0,1554.0,0.0,1554.0
cntvaluein3-skew-locked-seed-50,fail,direct_max,idelay_data_cntvaluein,lane0,dq4,4,endpoint,1,1493.0,1493.0,1493.0,1493.0,0.0,1493.0
cntvaluein3-skew-locked-seed-51,fail,direct_max,idelay_data_cntvaluein,lane0,dq4,4,endpoint,1,1047.0,1047.0,1047.0,1047.0,0.0,1047.0
cntvaluein3-skew-locked-seed-52,fail,direct_max,idelay_data_cntvaluein,lane0,dq4,4,endpoint,1,2115.0,2115.0,2115.0,2115.0,0.0,2115.0
cntvaluein3-skew-locked-seed-53,fail,direct_max,idelay_data_cntvaluein,lane0,dq4,4,endpoint,1,1580.0,1580.0,1580.0,1580.0,0.0,1580.0
cntvaluein3-skew-locked-seed-54,pass,direct_max,idelay_data_cntvaluein,lane0,dq4,4,endpoint,1,1305.0,1305.0,1305.0,1305.0,0.0,1305.0
cntvaluein3-skew-locked-seed-55,pass,direct_max,idelay_data_cntvaluein,lane0,dq4,4,endpoint,1,2355.0,2355.0,2355.0,2355.0,0.0,2355.0
cntvaluein3-skew-locked-seed-56,pass,direct_max,idelay_data_cntvaluein,lane0,dq4,4,endpoint,1,1402.0,1402.0,1402.0,1402.0,0.0,1402.0
cntvaluein3-skew-locked-seed-57,pass,direct_max,idelay_data_cntvaluein,lane0,dq4,4,endpoint,1,2042.0,2042.0,2042.0,2042.0,0.0,2042.0
cntvaluein3-skew-locked-seed-58,pass,direct_max,idelay_data_cntvaluein,lane0,dq4,4,endpoint,1,2096.0,2096.0,2096.0,2096.0,0.0,2096.0
cntvaluein3-skew-locked-seed-59,pass,direct_max,idelay_data_cntvaluein,lane0,dq4,4,endpoint,1,1687.0,1687.0,1687.0,1687.0,0.0,1687.0
cntvaluein3-skew-locked-seed-60,fail,direct_max,idelay_data_cntvaluein,lane0,dq4,4,endpoint,1,1172.0,1172.0,1172.0,1172.0,0.0,1172.0
cntvaluein3-skew-locked-seed-31,pass,direct_max,idelay_data_cntvaluein,lane0,dq5,0,endpoint,1,1702.0,1702.0,1702.0,1702.0,0.0,1702.0
cntvaluein3-skew-locked-seed-32,pass,direct_max,idelay_data_cntvaluein,lane0,dq5,0,endpoint,1,903.0,903.0,903.0,903.0,0.0,903.0
cntvaluein3-skew-locked-seed-33,fail,direct_max,idelay_data_cntvaluein,lane0,dq5,0,endpoint,1,2062.0,2062.0,2062.0,2062.0,0.0,2062.0
cntvaluein3-skew-locked-seed-34,pass,direct_max,idelay_data_cntvaluein,lane0,dq5,0,endpoint,1,1077.0,1077.0,1077.0,1077.0,0.0,1077.0
cntvaluein3-skew-locked-seed-35,pass,direct_max,idelay_data_cntvaluein,lane0,dq5,0,endpoint,1,764.0,764.0,764.0,764.0,0.0,764.0
cntvaluein3-skew-locked-seed-36,fail,direct_max,idelay_data_cntvaluein,lane0,dq5,0,endpoint,1,1623.0,1623.0,1623.0,1623.0,0.0,1623.0
cntvaluein3-skew-locked-seed-37,pass,direct_max,idelay_data_cntvaluein,lane0,dq5,0,endpoint,1,1715.0,1715.0,1715.0,1715.0,0.0,1715.0
cntvaluein3-skew-locked-seed-38,pass,direct_max,idelay_data_cntvaluein,lane0,dq5,0,endpoint,1,1625.0,1625.0,1625.0,1625.0,0.0,1625.0
cntvaluein3-skew-locked-seed-39,fail,direct_max,idelay_data_cntvaluein,lane0,dq5,0,endpoint,1,1914.0,1914.0,1914.0,1914.0,0.0,1914.0
cntvaluein3-skew-locked-seed-40,pass,direct_max,idelay_data_cntvaluein,lane0,dq5,0,endpoint,1,1363.0,1363.0,1363.0,1363.0,0.0,1363.0
cntvaluein3-skew-locked-seed-41,fail,direct_max,idelay_data_cntvaluein,lane0,dq5,0,endpoint,1,1440.0,1440.0,1440.0,1440.0,0.0,1440.0
cntvaluein3-skew-locked-seed-42,pass,direct_max,idelay_data_cntvaluein,lane0,dq5,0,endpoint,1,1496.0,1496.0,1496.0,1496.0,0.0,1496.0
cntvaluein3-skew-locked-seed-43,pass,direct_max,idelay_data_cntvaluein,lane0,dq5,0,endpoint,1,929.0,929.0,929.0,929.0,0.0,929.0
cntvaluein3-skew-locked-seed-44,pass,direct_max,idelay_data_cntvaluein,lane0,dq5,0,endpoint,1,1026.0,1026.0,1026.0,1026.0,0.0,1026.0
cntvaluein3-skew-locked-seed-45,fail,direct_max,idelay_data_cntvaluein,lane0,dq5,0,endpoint,1,865.0,865.0,865.0,865.0,0.0,865.0
cntvaluein3-skew-locked-seed-46,pass,direct_max,idelay_data_cntvaluein,lane0,dq5,0,endpoint,1,925.0,925.0,925.0,925.0,0.0,925.0
cntvaluein3-skew-locked-seed-47,pass,direct_max,idelay_data_cntvaluein,lane0,dq5,0,endpoint,1,1534.0,1534.0,1534.0,1534.0,0.0,1534.0
cntvaluein3-skew-locked-seed-48,fail,direct_max,idelay_data_cntvaluein,lane0,dq5,0,endpoint,1,1080.0,1080.0,1080.0,1080.0,0.0,1080.0
cntvaluein3-skew-locked-seed-49,pass,direct_max,idelay_data_cntvaluein,lane0,dq5,0,endpoint,1,1998.0,1998.0,1998.0,1998.0,0.0,1998.0
cntvaluein3-skew-locked-seed-50,fail,direct_max,idelay_data_cntvaluein,lane0,dq5,0,endpoint,1,1208.0,1208.0,1208.0,1208.0,0.0,1208.0
cntvaluein3-skew-locked-seed-51,fail,direct_max,idelay_data_cntvaluein,lane0,dq5,0,endpoint,1,1207.0,1207.0,1207.0,1207.0,0.0,1207.0
cntvaluein3-skew-locked-seed-52,fail,direct_max,idelay_data_cntvaluein,lane0,dq5,0,endpoint,1,2045.0,2045.0,2045.0,2045.0,0.0,2045.0
cntvaluein3-skew-locked-seed-53,fail,direct_max,idelay_data_cntvaluein,lane0,dq5,0,endpoint,1,1511.0,1511.0,1511.0,1511.0,0.0,1511.0
cntvaluein3-skew-locked-seed-54,pass,direct_max,idelay_data_cntvaluein,lane0,dq5,0,endpoint,1,1088.0,1088.0,1088.0,1088.0,0.0,1088.0
cntvaluein3-skew-locked-seed-55,pass,direct_max,idelay_data_cntvaluein,lane0,dq5,0,endpoint,1,1720.0,1720.0,1720.0,1720.0,0.0,1720.0
cntvaluein3-skew-locked-seed-56,pass,direct_max,idelay_data_cntvaluein,lane0,dq5,0,endpoint,1,1565.0,1565.0,1565.0,1565.0,0.0,1565.0
cntvaluein3-skew-locked-seed-57,pass,direct_max,idelay_data_cntvaluein,lane0,dq5,0,endpoint,1,1529.0,1529.0,1529.0,1529.0,0.0,1529.0
cntvaluein3-skew-locked-seed-58,pass,direct_max,idelay_data_cntvaluein,lane0,dq5,0,endpoint,1,1718.0,1718.0,1718.0,1718.0,0.0,1718.0
cntvaluein3-skew-locked-seed-59,pass,direct_max,idelay_data_cntvaluein,lane0,dq5,0,endpoint,1,1159.0,1159.0,1159.0,1159.0,0.0,1159.0
cntvaluein3-skew-locked-seed-60,fail,direct_max,idelay_data_cntvaluein,lane0,dq5,0,endpoint,1,982.0,982.0,982.0,982.0,0.0,982.0
cntvaluein3-skew-locked-seed-31,pass,direct_max,idelay_data_cntvaluein,lane0,dq5,1,endpoint,1,1031.0,1031.0,1031.0,1031.0,0.0,1031.0
cntvaluein3-skew-locked-seed-32,pass,direct_max,idelay_data_cntvaluein,lane0,dq5,1,endpoint,1,815.0,815.0,815.0,815.0,0.0,815.0
cntvaluein3-skew-locked-seed-33,fail,direct_max,idelay_data_cntvaluein,lane0,dq5,1,endpoint,1,1307.0,1307.0,1307.0,1307.0,0.0,1307.0
cntvaluein3-skew-locked-seed-34,pass,direct_max,idelay_data_cntvaluein,lane0,dq5,1,endpoint,1,1187.0,1187.0,1187.0,1187.0,0.0,1187.0
cntvaluein3-skew-locked-seed-35,pass,direct_max,idelay_data_cntvaluein,lane0,dq5,1,endpoint,1,864.0,864.0,864.0,864.0,0.0,864.0
cntvaluein3-skew-locked-seed-36,fail,direct_max,idelay_data_cntvaluein,lane0,dq5,1,endpoint,1,1588.0,1588.0,1588.0,1588.0,0.0,1588.0
cntvaluein3-skew-locked-seed-37,pass,direct_max,idelay_data_cntvaluein,lane0,dq5,1,endpoint,1,1656.0,1656.0,1656.0,1656.0,0.0,1656.0
cntvaluein3-skew-locked-seed-38,pass,direct_max,idelay_data_cntvaluein,lane0,dq5,1,endpoint,1,1661.0,1661.0,1661.0,1661.0,0.0,1661.0
cntvaluein3-skew-locked-seed-39,fail,direct_max,idelay_data_cntvaluein,lane0,dq5,1,endpoint,1,1521.0,1521.0,1521.0,1521.0,0.0,1521.0
cntvaluein3-skew-locked-seed-40,pass,direct_max,idelay_data_cntvaluein,lane0,dq5,1,endpoint,1,1703.0,1703.0,1703.0,1703.0,0.0,1703.0
cntvaluein3-skew-locked-seed-41,fail,direct_max,idelay_data_cntvaluein,lane0,dq5,1,endpoint,1,1373.0,1373.0,1373.0,1373.0,0.0,1373.0
cntvaluein3-skew-locked-seed-42,pass,direct_max,idelay_data_cntvaluein,lane0,dq5,1,endpoint,1,1736.0,1736.0,1736.0,1736.0,0.0,1736.0
cntvaluein3-skew-locked-seed-43,pass,direct_max,idelay_data_cntvaluein,lane0,dq5,1,endpoint,1,806.0,806.0,806.0,806.0,0.0,806.0
cntvaluein3-skew-locked-seed-44,pass,direct_max,idelay_data_cntvaluein,lane0,dq5,1,endpoint,1,1401.0,1401.0,1401.0,1401.0,0.0,1401.0
cntvaluein3-skew-locked-seed-45,fail,direct_max,idelay_data_cntvaluein,lane0,dq5,1,endpoint,1,1018.0,1018.0,1018.0,1018.0,0.0,1018.0
cntvaluein3-skew-locked-seed-46,pass,direct_max,idelay_data_cntvaluein,lane0,dq5,1,endpoint,1,1157.0,1157.0,1157.0,1157.0,0.0,1157.0
cntvaluein3-skew-locked-seed-47,pass,direct_max,idelay_data_cntvaluein,lane0,dq5,1,endpoint,1,2180.0,2180.0,2180.0,2180.0,0.0,2180.0
cntvaluein3-skew-locked-seed-48,fail,direct_max,idelay_data_cntvaluein,lane0,dq5,1,endpoint,1,1159.0,1159.0,1159.0,1159.0,0.0,1159.0
cntvaluein3-skew-locked-seed-49,pass,direct_max,idelay_data_cntvaluein,lane0,dq5,1,endpoint,1,1934.0,1934.0,1934.0,1934.0,0.0,1934.0
cntvaluein3-skew-locked-seed-50,fail,direct_max,idelay_data_cntvaluein,lane0,dq5,1,endpoint,1,1577.0,1577.0,1577.0,1577.0,0.0,1577.0
cntvaluein3-skew-locked-seed-51,fail,direct_max,idelay_data_cntvaluein,lane0,dq5,1,endpoint,1,875.0,875.0,875.0,875.0,0.0,875.0
cntvaluein3-skew-locked-seed-52,fail,direct_max,idelay_data_cntvaluein,lane0,dq5,1,endpoint,1,1958.0,1958.0,1958.0,1958.0,0.0,1958.0
cntvaluein3-skew-locked-seed-53,fail,direct_max,idelay_data_cntvaluein,lane0,dq5,1,endpoint,1,1476.0,1476.0,1476.0,1476.0,0.0,1476.0
cntvaluein3-skew-locked-seed-54,pass,direct_max,idelay_data_cntvaluein,lane0,dq5,1,endpoint,1,1149.0,1149.0,1149.0,1149.0,0.0,1149.0
cntvaluein3-skew-locked-seed-55,pass,direct_max,idelay_data_cntvaluein,lane0,dq5,1,endpoint,1,1773.0,1773.0,1773.0,1773.0,0.0,1773.0
cntvaluein3-skew-locked-seed-56,pass,direct_max,idelay_data_cntvaluein,lane0,dq5,1,endpoint,1,1980.0,1980.0,1980.0,1980.0,0.0,1980.0
cntvaluein3-skew-locked-seed-57,pass,direct_max,idelay_data_cntvaluein,lane0,dq5,1,endpoint,1,1402.0,1402.0,1402.0,1402.0,0.0,1402.0
cntvaluein3-skew-locked-seed-58,pass,direct_max,idelay_data_cntvaluein,lane0,dq5,1,endpoint,1,1203.0,1203.0,1203.0,1203.0,0.0,1203.0
cntvaluein3-skew-locked-seed-59,pass,direct_max,idelay_data_cntvaluein,lane0,dq5,1,endpoint,1,1641.0,1641.0,1641.0,1641.0,0.0,1641.0
cntvaluein3-skew-locked-seed-60,fail,direct_max,idelay_data_cntvaluein,lane0,dq5,1,endpoint,1,1375.0,1375.0,1375.0,1375.0,0.0,1375.0
cntvaluein3-skew-locked-seed-31,pass,direct_max,idelay_data_cntvaluein,lane0,dq5,2,endpoint,1,1437.0,1437.0,1437.0,1437.0,0.0,1437.0
cntvaluein3-skew-locked-seed-32,pass,direct_max,idelay_data_cntvaluein,lane0,dq5,2,endpoint,1,810.0,810.0,810.0,810.0,0.0,810.0
cntvaluein3-skew-locked-seed-33,fail,direct_max,idelay_data_cntvaluein,lane0,dq5,2,endpoint,1,1639.0,1639.0,1639.0,1639.0,0.0,1639.0
cntvaluein3-skew-locked-seed-34,pass,direct_max,idelay_data_cntvaluein,lane0,dq5,2,endpoint,1,800.0,800.0,800.0,800.0,0.0,800.0
cntvaluein3-skew-locked-seed-35,pass,direct_max,idelay_data_cntvaluein,lane0,dq5,2,endpoint,1,813.0,813.0,813.0,813.0,0.0,813.0
cntvaluein3-skew-locked-seed-36,fail,direct_max,idelay_data_cntvaluein,lane0,dq5,2,endpoint,1,1583.0,1583.0,1583.0,1583.0,0.0,1583.0
cntvaluein3-skew-locked-seed-37,pass,direct_max,idelay_data_cntvaluein,lane0,dq5,2,endpoint,1,1809.0,1809.0,1809.0,1809.0,0.0,1809.0
cntvaluein3-skew-locked-seed-38,pass,direct_max,idelay_data_cntvaluein,lane0,dq5,2,endpoint,1,1593.0,1593.0,1593.0,1593.0,0.0,1593.0
cntvaluein3-skew-locked-seed-39,fail,direct_max,idelay_data_cntvaluein,lane0,dq5,2,endpoint,1,1998.0,1998.0,1998.0,1998.0,0.0,1998.0
cntvaluein3-skew-locked-seed-40,pass,direct_max,idelay_data_cntvaluein,lane0,dq5,2,endpoint,1,1332.0,1332.0,1332.0,1332.0,0.0,1332.0
cntvaluein3-skew-locked-seed-41,fail,direct_max,idelay_data_cntvaluein,lane0,dq5,2,endpoint,1,1101.0,1101.0,1101.0,1101.0,0.0,1101.0
cntvaluein3-skew-locked-seed-42,pass,direct_max,idelay_data_cntvaluein,lane0,dq5,2,endpoint,1,1845.0,1845.0,1845.0,1845.0,0.0,1845.0
cntvaluein3-skew-locked-seed-43,pass,direct_max,idelay_data_cntvaluein,lane0,dq5,2,endpoint,1,869.0,869.0,869.0,869.0,0.0,869.0
cntvaluein3-skew-locked-seed-44,pass,direct_max,idelay_data_cntvaluein,lane0,dq5,2,endpoint,1,939.0,939.0,939.0,939.0,0.0,939.0
cntvaluein3-skew-locked-seed-45,fail,direct_max,idelay_data_cntvaluein,lane0,dq5,2,endpoint,1,879.0,879.0,879.0,879.0,0.0,879.0
cntvaluein3-skew-locked-seed-46,pass,direct_max,idelay_data_cntvaluein,lane0,dq5,2,endpoint,1,907.0,907.0,907.0,907.0,0.0,907.0
cntvaluein3-skew-locked-seed-47,pass,direct_max,idelay_data_cntvaluein,lane0,dq5,2,endpoint,1,1575.0,1575.0,1575.0,1575.0,0.0,1575.0
cntvaluein3-skew-locked-seed-48,fail,direct_max,idelay_data_cntvaluein,lane0,dq5,2,endpoint,1,1059.0,1059.0,1059.0,1059.0,0.0,1059.0
cntvaluein3-skew-locked-seed-49,pass,direct_max,idelay_data_cntvaluein,lane0,dq5,2,endpoint,1,1070.0,1070.0,1070.0,1070.0,0.0,1070.0
cntvaluein3-skew-locked-seed-50,fail,direct_max,idelay_data_cntvaluein,lane0,dq5,2,endpoint,1,1774.0,1774.0,1774.0,1774.0,0.0,1774.0
cntvaluein3-skew-locked-seed-51,fail,direct_max,idelay_data_cntvaluein,lane0,dq5,2,endpoint,1,1062.0,1062.0,1062.0,1062.0,0.0,1062.0
cntvaluein3-skew-locked-seed-52,fail,direct_max,idelay_data_cntvaluein,lane0,dq5,2,endpoint,1,2170.0,2170.0,2170.0,2170.0,0.0,2170.0
cntvaluein3-skew-locked-seed-53,fail,direct_max,idelay_data_cntvaluein,lane0,dq5,2,endpoint,1,1524.0,1524.0,1524.0,1524.0,0.0,1524.0
cntvaluein3-skew-locked-seed-54,pass,direct_max,idelay_data_cntvaluein,lane0,dq5,2,endpoint,1,1008.0,1008.0,1008.0,1008.0,0.0,1008.0
cntvaluein3-skew-locked-seed-55,pass,direct_max,idelay_data_cntvaluein,lane0,dq5,2,endpoint,1,1828.0,1828.0,1828.0,1828.0,0.0,1828.0
cntvaluein3-skew-locked-seed-56,pass,direct_max,idelay_data_cntvaluein,lane0,dq5,2,endpoint,1,1143.0,1143.0,1143.0,1143.0,0.0,1143.0
cntvaluein3-skew-locked-seed-57,pass,direct_max,idelay_data_cntvaluein,lane0,dq5,2,endpoint,1,1648.0,1648.0,1648.0,1648.0,0.0,1648.0
cntvaluein3-skew-locked-seed-58,pass,direct_max,idelay_data_cntvaluein,lane0,dq5,2,endpoint,1,1430.0,1430.0,1430.0,1430.0,0.0,1430.0
cntvaluein3-skew-locked-seed-59,pass,direct_max,idelay_data_cntvaluein,lane0,dq5,2,endpoint,1,1250.0,1250.0,1250.0,1250.0,0.0,1250.0
cntvaluein3-skew-locked-seed-60,fail,direct_max,idelay_data_cntvaluein,lane0,dq5,2,endpoint,1,1639.0,1639.0,1639.0,1639.0,0.0,1639.0
cntvaluein3-skew-locked-seed-31,pass,direct_max,idelay_data_cntvaluein,lane0,dq5,3,endpoint,1,2026.0,2026.0,2026.0,2026.0,0.0,2026.0
cntvaluein3-skew-locked-seed-32,pass,direct_max,idelay_data_cntvaluein,lane0,dq5,3,endpoint,1,1774.0,1774.0,1774.0,1774.0,0.0,1774.0
cntvaluein3-skew-locked-seed-33,fail,direct_max,idelay_data_cntvaluein,lane0,dq5,3,endpoint,1,1705.0,1705.0,1705.0,1705.0,0.0,1705.0
cntvaluein3-skew-locked-seed-34,pass,direct_max,idelay_data_cntvaluein,lane0,dq5,3,endpoint,1,2036.0,2036.0,2036.0,2036.0,0.0,2036.0
cntvaluein3-skew-locked-seed-35,pass,direct_max,idelay_data_cntvaluein,lane0,dq5,3,endpoint,1,2026.0,2026.0,2026.0,2026.0,0.0,2026.0
cntvaluein3-skew-locked-seed-36,fail,direct_max,idelay_data_cntvaluein,lane0,dq5,3,endpoint,1,1699.0,1699.0,1699.0,1699.0,0.0,1699.0
cntvaluein3-skew-locked-seed-37,pass,direct_max,idelay_data_cntvaluein,lane0,dq5,3,endpoint,1,1501.0,1501.0,1501.0,1501.0,0.0,1501.0
cntvaluein3-skew-locked-seed-38,pass,direct_max,idelay_data_cntvaluein,lane0,dq5,3,endpoint,1,1927.0,1927.0,1927.0,1927.0,0.0,1927.0
cntvaluein3-skew-locked-seed-39,fail,direct_max,idelay_data_cntvaluein,lane0,dq5,3,endpoint,1,1855.0,1855.0,1855.0,1855.0,0.0,1855.0
cntvaluein3-skew-locked-seed-40,pass,direct_max,idelay_data_cntvaluein,lane0,dq5,3,endpoint,1,1810.0,1810.0,1810.0,1810.0,0.0,1810.0
cntvaluein3-skew-locked-seed-41,fail,direct_max,idelay_data_cntvaluein,lane0,dq5,3,endpoint,1,1830.0,1830.0,1830.0,1830.0,0.0,1830.0
cntvaluein3-skew-locked-seed-42,pass,direct_max,idelay_data_cntvaluein,lane0,dq5,3,endpoint,1,1503.0,1503.0,1503.0,1503.0,0.0,1503.0
cntvaluein3-skew-locked-seed-43,pass,direct_max,idelay_data_cntvaluein,lane0,dq5,3,endpoint,1,2094.0,2094.0,2094.0,2094.0,0.0,2094.0
cntvaluein3-skew-locked-seed-44,pass,direct_max,idelay_data_cntvaluein,lane0,dq5,3,endpoint,1,2158.0,2158.0,2158.0,2158.0,0.0,2158.0
cntvaluein3-skew-locked-seed-45,fail,direct_max,idelay_data_cntvaluein,lane0,dq5,3,endpoint,1,1623.0,1623.0,1623.0,1623.0,0.0,1623.0
cntvaluein3-skew-locked-seed-46,pass,direct_max,idelay_data_cntvaluein,lane0,dq5,3,endpoint,1,1723.0,1723.0,1723.0,1723.0,0.0,1723.0
cntvaluein3-skew-locked-seed-47,pass,direct_max,idelay_data_cntvaluein,lane0,dq5,3,endpoint,1,2109.0,2109.0,2109.0,2109.0,0.0,2109.0
cntvaluein3-skew-locked-seed-48,fail,direct_max,idelay_data_cntvaluein,lane0,dq5,3,endpoint,1,2000.0,2000.0,2000.0,2000.0,0.0,2000.0
cntvaluein3-skew-locked-seed-49,pass,direct_max,idelay_data_cntvaluein,lane0,dq5,3,endpoint,1,2380.0,2380.0,2380.0,2380.0,0.0,2380.0
cntvaluein3-skew-locked-seed-50,fail,direct_max,idelay_data_cntvaluein,lane0,dq5,3,endpoint,1,1618.0,1618.0,1618.0,1618.0,0.0,1618.0
cntvaluein3-skew-locked-seed-51,fail,direct_max,idelay_data_cntvaluein,lane0,dq5,3,endpoint,1,1924.0,1924.0,1924.0,1924.0,0.0,1924.0
cntvaluein3-skew-locked-seed-52,fail,direct_max,idelay_data_cntvaluein,lane0,dq5,3,endpoint,1,1297.0,1297.0,1297.0,1297.0,0.0,1297.0
cntvaluein3-skew-locked-seed-53,fail,direct_max,idelay_data_cntvaluein,lane0,dq5,3,endpoint,1,1807.0,1807.0,1807.0,1807.0,0.0,1807.0
cntvaluein3-skew-locked-seed-54,pass,direct_max,idelay_data_cntvaluein,lane0,dq5,3,endpoint,1,2062.0,2062.0,2062.0,2062.0,0.0,2062.0
cntvaluein3-skew-locked-seed-55,pass,direct_max,idelay_data_cntvaluein,lane0,dq5,3,endpoint,1,1807.0,1807.0,1807.0,1807.0,0.0,1807.0
cntvaluein3-skew-locked-seed-56,pass,direct_max,idelay_data_cntvaluein,lane0,dq5,3,endpoint,1,1447.0,1447.0,1447.0,1447.0,0.0,1447.0
cntvaluein3-skew-locked-seed-57,pass,direct_max,idelay_data_cntvaluein,lane0,dq5,3,endpoint,1,2171.0,2171.0,2171.0,2171.0,0.0,2171.0
cntvaluein3-skew-locked-seed-58,pass,direct_max,idelay_data_cntvaluein,lane0,dq5,3,endpoint,1,1411.0,1411.0,1411.0,1411.0,0.0,1411.0
cntvaluein3-skew-locked-seed-59,pass,direct_max,idelay_data_cntvaluein,lane0,dq5,3,endpoint,1,1511.0,1511.0,1511.0,1511.0,0.0,1511.0
cntvaluein3-skew-locked-seed-60,fail,direct_max,idelay_data_cntvaluein,lane0,dq5,3,endpoint,1,1960.0,1960.0,1960.0,1960.0,0.0,1960.0
cntvaluein3-skew-locked-seed-31,pass,direct_max,idelay_data_cntvaluein,lane0,dq5,4,endpoint,1,1366.0,1366.0,1366.0,1366.0,0.0,1366.0
cntvaluein3-skew-locked-seed-32,pass,direct_max,idelay_data_cntvaluein,lane0,dq5,4,endpoint,1,1424.0,1424.0,1424.0,1424.0,0.0,1424.0
cntvaluein3-skew-locked-seed-33,fail,direct_max,idelay_data_cntvaluein,lane0,dq5,4,endpoint,1,1588.0,1588.0,1588.0,1588.0,0.0,1588.0
cntvaluein3-skew-locked-seed-34,pass,direct_max,idelay_data_cntvaluein,lane0,dq5,4,endpoint,1,1388.0,1388.0,1388.0,1388.0,0.0,1388.0
cntvaluein3-skew-locked-seed-35,pass,direct_max,idelay_data_cntvaluein,lane0,dq5,4,endpoint,1,927.0,927.0,927.0,927.0,0.0,927.0
cntvaluein3-skew-locked-seed-36,fail,direct_max,idelay_data_cntvaluein,lane0,dq5,4,endpoint,1,1358.0,1358.0,1358.0,1358.0,0.0,1358.0
cntvaluein3-skew-locked-seed-37,pass,direct_max,idelay_data_cntvaluein,lane0,dq5,4,endpoint,1,1458.0,1458.0,1458.0,1458.0,0.0,1458.0
cntvaluein3-skew-locked-seed-38,pass,direct_max,idelay_data_cntvaluein,lane0,dq5,4,endpoint,1,1871.0,1871.0,1871.0,1871.0,0.0,1871.0
cntvaluein3-skew-locked-seed-39,fail,direct_max,idelay_data_cntvaluein,lane0,dq5,4,endpoint,1,1740.0,1740.0,1740.0,1740.0,0.0,1740.0
cntvaluein3-skew-locked-seed-40,pass,direct_max,idelay_data_cntvaluein,lane0,dq5,4,endpoint,1,1261.0,1261.0,1261.0,1261.0,0.0,1261.0
cntvaluein3-skew-locked-seed-41,fail,direct_max,idelay_data_cntvaluein,lane0,dq5,4,endpoint,1,1527.0,1527.0,1527.0,1527.0,0.0,1527.0
cntvaluein3-skew-locked-seed-42,pass,direct_max,idelay_data_cntvaluein,lane0,dq5,4,endpoint,1,1758.0,1758.0,1758.0,1758.0,0.0,1758.0
cntvaluein3-skew-locked-seed-43,pass,direct_max,idelay_data_cntvaluein,lane0,dq5,4,endpoint,1,1167.0,1167.0,1167.0,1167.0,0.0,1167.0
cntvaluein3-skew-locked-seed-44,pass,direct_max,idelay_data_cntvaluein,lane0,dq5,4,endpoint,1,1136.0,1136.0,1136.0,1136.0,0.0,1136.0
cntvaluein3-skew-locked-seed-45,fail,direct_max,idelay_data_cntvaluein,lane0,dq5,4,endpoint,1,975.0,975.0,975.0,975.0,0.0,975.0
cntvaluein3-skew-locked-seed-46,pass,direct_max,idelay_data_cntvaluein,lane0,dq5,4,endpoint,1,1758.0,1758.0,1758.0,1758.0,0.0,1758.0
cntvaluein3-skew-locked-seed-47,pass,direct_max,idelay_data_cntvaluein,lane0,dq5,4,endpoint,1,1601.0,1601.0,1601.0,1601.0,0.0,1601.0
cntvaluein3-skew-locked-seed-48,fail,direct_max,idelay_data_cntvaluein,lane0,dq5,4,endpoint,1,986.0,986.0,986.0,986.0,0.0,986.0
cntvaluein3-skew-locked-seed-49,pass,direct_max,idelay_data_cntvaluein,lane0,dq5,4,endpoint,1,1305.0,1305.0,1305.0,1305.0,0.0,1305.0
cntvaluein3-skew-locked-seed-50,fail,direct_max,idelay_data_cntvaluein,lane0,dq5,4,endpoint,1,1399.0,1399.0,1399.0,1399.0,0.0,1399.0
cntvaluein3-skew-locked-seed-51,fail,direct_max,idelay_data_cntvaluein,lane0,dq5,4,endpoint,1,1353.0,1353.0,1353.0,1353.0,0.0,1353.0
cntvaluein3-skew-locked-seed-52,fail,direct_max,idelay_data_cntvaluein,lane0,dq5,4,endpoint,1,1901.0,1901.0,1901.0,1901.0,0.0,1901.0
cntvaluein3-skew-locked-seed-53,fail,direct_max,idelay_data_cntvaluein,lane0,dq5,4,endpoint,1,1146.0,1146.0,1146.0,1146.0,0.0,1146.0
cntvaluein3-skew-locked-seed-54,pass,direct_max,idelay_data_cntvaluein,lane0,dq5,4,endpoint,1,824.0,824.0,824.0,824.0,0.0,824.0
cntvaluein3-skew-locked-seed-55,pass,direct_max,idelay_data_cntvaluein,lane0,dq5,4,endpoint,1,2246.0,2246.0,2246.0,2246.0,0.0,2246.0
cntvaluein3-skew-locked-seed-56,pass,direct_max,idelay_data_cntvaluein,lane0,dq5,4,endpoint,1,1544.0,1544.0,1544.0,1544.0,0.0,1544.0
cntvaluein3-skew-locked-seed-57,pass,direct_max,idelay_data_cntvaluein,lane0,dq5,4,endpoint,1,1740.0,1740.0,1740.0,1740.0,0.0,1740.0
cntvaluein3-skew-locked-seed-58,pass,direct_max,idelay_data_cntvaluein,lane0,dq5,4,endpoint,1,1738.0,1738.0,1738.0,1738.0,0.0,1738.0
cntvaluein3-skew-locked-seed-59,pass,direct_max,idelay_data_cntvaluein,lane0,dq5,4,endpoint,1,1549.0,1549.0,1549.0,1549.0,0.0,1549.0
cntvaluein3-skew-locked-seed-60,fail,direct_max,idelay_data_cntvaluein,lane0,dq5,4,endpoint,1,1394.0,1394.0,1394.0,1394.0,0.0,1394.0
cntvaluein3-skew-locked-seed-31,pass,direct_max,idelay_data_cntvaluein,lane0,dq6,0,endpoint,1,1779.0,1779.0,1779.0,1779.0,0.0,1779.0
cntvaluein3-skew-locked-seed-32,pass,direct_max,idelay_data_cntvaluein,lane0,dq6,0,endpoint,1,802.0,802.0,802.0,802.0,0.0,802.0
cntvaluein3-skew-locked-seed-33,fail,direct_max,idelay_data_cntvaluein,lane0,dq6,0,endpoint,1,2382.0,2382.0,2382.0,2382.0,0.0,2382.0
cntvaluein3-skew-locked-seed-34,pass,direct_max,idelay_data_cntvaluein,lane0,dq6,0,endpoint,1,1559.0,1559.0,1559.0,1559.0,0.0,1559.0
cntvaluein3-skew-locked-seed-35,pass,direct_max,idelay_data_cntvaluein,lane0,dq6,0,endpoint,1,971.0,971.0,971.0,971.0,0.0,971.0
cntvaluein3-skew-locked-seed-36,fail,direct_max,idelay_data_cntvaluein,lane0,dq6,0,endpoint,1,1671.0,1671.0,1671.0,1671.0,0.0,1671.0
cntvaluein3-skew-locked-seed-37,pass,direct_max,idelay_data_cntvaluein,lane0,dq6,0,endpoint,1,1809.0,1809.0,1809.0,1809.0,0.0,1809.0
cntvaluein3-skew-locked-seed-38,pass,direct_max,idelay_data_cntvaluein,lane0,dq6,0,endpoint,1,2167.0,2167.0,2167.0,2167.0,0.0,2167.0
cntvaluein3-skew-locked-seed-39,fail,direct_max,idelay_data_cntvaluein,lane0,dq6,0,endpoint,1,2003.0,2003.0,2003.0,2003.0,0.0,2003.0
cntvaluein3-skew-locked-seed-40,pass,direct_max,idelay_data_cntvaluein,lane0,dq6,0,endpoint,1,2046.0,2046.0,2046.0,2046.0,0.0,2046.0
cntvaluein3-skew-locked-seed-41,fail,direct_max,idelay_data_cntvaluein,lane0,dq6,0,endpoint,1,1973.0,1973.0,1973.0,1973.0,0.0,1973.0
cntvaluein3-skew-locked-seed-42,pass,direct_max,idelay_data_cntvaluein,lane0,dq6,0,endpoint,1,1626.0,1626.0,1626.0,1626.0,0.0,1626.0
cntvaluein3-skew-locked-seed-43,pass,direct_max,idelay_data_cntvaluein,lane0,dq6,0,endpoint,1,1307.0,1307.0,1307.0,1307.0,0.0,1307.0
cntvaluein3-skew-locked-seed-44,pass,direct_max,idelay_data_cntvaluein,lane0,dq6,0,endpoint,1,1386.0,1386.0,1386.0,1386.0,0.0,1386.0
cntvaluein3-skew-locked-seed-45,fail,direct_max,idelay_data_cntvaluein,lane0,dq6,0,endpoint,1,1151.0,1151.0,1151.0,1151.0,0.0,1151.0
cntvaluein3-skew-locked-seed-46,pass,direct_max,idelay_data_cntvaluein,lane0,dq6,0,endpoint,1,1078.0,1078.0,1078.0,1078.0,0.0,1078.0
cntvaluein3-skew-locked-seed-47,pass,direct_max,idelay_data_cntvaluein,lane0,dq6,0,endpoint,1,1817.0,1817.0,1817.0,1817.0,0.0,1817.0
cntvaluein3-skew-locked-seed-48,fail,direct_max,idelay_data_cntvaluein,lane0,dq6,0,endpoint,1,1315.0,1315.0,1315.0,1315.0,0.0,1315.0
cntvaluein3-skew-locked-seed-49,pass,direct_max,idelay_data_cntvaluein,lane0,dq6,0,endpoint,1,2339.0,2339.0,2339.0,2339.0,0.0,2339.0
cntvaluein3-skew-locked-seed-50,fail,direct_max,idelay_data_cntvaluein,lane0,dq6,0,endpoint,1,1248.0,1248.0,1248.0,1248.0,0.0,1248.0
cntvaluein3-skew-locked-seed-51,fail,direct_max,idelay_data_cntvaluein,lane0,dq6,0,endpoint,1,1215.0,1215.0,1215.0,1215.0,0.0,1215.0
cntvaluein3-skew-locked-seed-52,fail,direct_max,idelay_data_cntvaluein,lane0,dq6,0,endpoint,1,1998.0,1998.0,1998.0,1998.0,0.0,1998.0
cntvaluein3-skew-locked-seed-53,fail,direct_max,idelay_data_cntvaluein,lane0,dq6,0,endpoint,1,2026.0,2026.0,2026.0,2026.0,0.0,2026.0
cntvaluein3-skew-locked-seed-54,pass,direct_max,idelay_data_cntvaluein,lane0,dq6,0,endpoint,1,1338.0,1338.0,1338.0,1338.0,0.0,1338.0
cntvaluein3-skew-locked-seed-55,pass,direct_max,idelay_data_cntvaluein,lane0,dq6,0,endpoint,1,2263.0,2263.0,2263.0,2263.0,0.0,2263.0
cntvaluein3-skew-locked-seed-56,pass,direct_max,idelay_data_cntvaluein,lane0,dq6,0,endpoint,1,1406.0,1406.0,1406.0,1406.0,0.0,1406.0
cntvaluein3-skew-locked-seed-57,pass,direct_max,idelay_data_cntvaluein,lane0,dq6,0,endpoint,1,1595.0,1595.0,1595.0,1595.0,0.0,1595.0
cntvaluein3-skew-locked-seed-58,pass,direct_max,idelay_data_cntvaluein,lane0,dq6,0,endpoint,1,1654.0,1654.0,1654.0,1654.0,0.0,1654.0
cntvaluein3-skew-locked-seed-59,pass,direct_max,idelay_data_cntvaluein,lane0,dq6,0,endpoint,1,1274.0,1274.0,1274.0,1274.0,0.0,1274.0
cntvaluein3-skew-locked-seed-60,fail,direct_max,idelay_data_cntvaluein,lane0,dq6,0,endpoint,1,1391.0,1391.0,1391.0,1391.0,0.0,1391.0
cntvaluein3-skew-locked-seed-31,pass,direct_max,idelay_data_cntvaluein,lane0,dq6,1,endpoint,1,1065.0,1065.0,1065.0,1065.0,0.0,1065.0
cntvaluein3-skew-locked-seed-32,pass,direct_max,idelay_data_cntvaluein,lane0,dq6,1,endpoint,1,1090.0,1090.0,1090.0,1090.0,0.0,1090.0
cntvaluein3-skew-locked-seed-33,fail,direct_max,idelay_data_cntvaluein,lane0,dq6,1,endpoint,1,1787.0,1787.0,1787.0,1787.0,0.0,1787.0
cntvaluein3-skew-locked-seed-34,pass,direct_max,idelay_data_cntvaluein,lane0,dq6,1,endpoint,1,1008.0,1008.0,1008.0,1008.0,0.0,1008.0
cntvaluein3-skew-locked-seed-35,pass,direct_max,idelay_data_cntvaluein,lane0,dq6,1,endpoint,1,1144.0,1144.0,1144.0,1144.0,0.0,1144.0
cntvaluein3-skew-locked-seed-36,fail,direct_max,idelay_data_cntvaluein,lane0,dq6,1,endpoint,1,1544.0,1544.0,1544.0,1544.0,0.0,1544.0
cntvaluein3-skew-locked-seed-37,pass,direct_max,idelay_data_cntvaluein,lane0,dq6,1,endpoint,1,1782.0,1782.0,1782.0,1782.0,0.0,1782.0
cntvaluein3-skew-locked-seed-38,pass,direct_max,idelay_data_cntvaluein,lane0,dq6,1,endpoint,1,1789.0,1789.0,1789.0,1789.0,0.0,1789.0
cntvaluein3-skew-locked-seed-39,fail,direct_max,idelay_data_cntvaluein,lane0,dq6,1,endpoint,1,1440.0,1440.0,1440.0,1440.0,0.0,1440.0
cntvaluein3-skew-locked-seed-40,pass,direct_max,idelay_data_cntvaluein,lane0,dq6,1,endpoint,1,2311.0,2311.0,2311.0,2311.0,0.0,2311.0
cntvaluein3-skew-locked-seed-41,fail,direct_max,idelay_data_cntvaluein,lane0,dq6,1,endpoint,1,1807.0,1807.0,1807.0,1807.0,0.0,1807.0
cntvaluein3-skew-locked-seed-42,pass,direct_max,idelay_data_cntvaluein,lane0,dq6,1,endpoint,1,2009.0,2009.0,2009.0,2009.0,0.0,2009.0
cntvaluein3-skew-locked-seed-43,pass,direct_max,idelay_data_cntvaluein,lane0,dq6,1,endpoint,1,1238.0,1238.0,1238.0,1238.0,0.0,1238.0
cntvaluein3-skew-locked-seed-44,pass,direct_max,idelay_data_cntvaluein,lane0,dq6,1,endpoint,1,1131.0,1131.0,1131.0,1131.0,0.0,1131.0
cntvaluein3-skew-locked-seed-45,fail,direct_max,idelay_data_cntvaluein,lane0,dq6,1,endpoint,1,1115.0,1115.0,1115.0,1115.0,0.0,1115.0
cntvaluein3-skew-locked-seed-46,pass,direct_max,idelay_data_cntvaluein,lane0,dq6,1,endpoint,1,1067.0,1067.0,1067.0,1067.0,0.0,1067.0
cntvaluein3-skew-locked-seed-47,pass,direct_max,idelay_data_cntvaluein,lane0,dq6,1,endpoint,1,2224.0,2224.0,2224.0,2224.0,0.0,2224.0
cntvaluein3-skew-locked-seed-48,fail,direct_max,idelay_data_cntvaluein,lane0,dq6,1,endpoint,1,1521.0,1521.0,1521.0,1521.0,0.0,1521.0
cntvaluein3-skew-locked-seed-49,pass,direct_max,idelay_data_cntvaluein,lane0,dq6,1,endpoint,1,2073.0,2073.0,2073.0,2073.0,0.0,2073.0
cntvaluein3-skew-locked-seed-50,fail,direct_max,idelay_data_cntvaluein,lane0,dq6,1,endpoint,1,1495.0,1495.0,1495.0,1495.0,0.0,1495.0
cntvaluein3-skew-locked-seed-51,fail,direct_max,idelay_data_cntvaluein,lane0,dq6,1,endpoint,1,1146.0,1146.0,1146.0,1146.0,0.0,1146.0
cntvaluein3-skew-locked-seed-52,fail,direct_max,idelay_data_cntvaluein,lane0,dq6,1,endpoint,1,2079.0,2079.0,2079.0,2079.0,0.0,2079.0
cntvaluein3-skew-locked-seed-53,fail,direct_max,idelay_data_cntvaluein,lane0,dq6,1,endpoint,1,1511.0,1511.0,1511.0,1511.0,0.0,1511.0
cntvaluein3-skew-locked-seed-54,pass,direct_max,idelay_data_cntvaluein,lane0,dq6,1,endpoint,1,1276.0,1276.0,1276.0,1276.0,0.0,1276.0
cntvaluein3-skew-locked-seed-55,pass,direct_max,idelay_data_cntvaluein,lane0,dq6,1,endpoint,1,1784.0,1784.0,1784.0,1784.0,0.0,1784.0
cntvaluein3-skew-locked-seed-56,pass,direct_max,idelay_data_cntvaluein,lane0,dq6,1,endpoint,1,2201.0,2201.0,2201.0,2201.0,0.0,2201.0
cntvaluein3-skew-locked-seed-57,pass,direct_max,idelay_data_cntvaluein,lane0,dq6,1,endpoint,1,1906.0,1906.0,1906.0,1906.0,0.0,1906.0
cntvaluein3-skew-locked-seed-58,pass,direct_max,idelay_data_cntvaluein,lane0,dq6,1,endpoint,1,1690.0,1690.0,1690.0,1690.0,0.0,1690.0
cntvaluein3-skew-locked-seed-59,pass,direct_max,idelay_data_cntvaluein,lane0,dq6,1,endpoint,1,1725.0,1725.0,1725.0,1725.0,0.0,1725.0
cntvaluein3-skew-locked-seed-60,fail,direct_max,idelay_data_cntvaluein,lane0,dq6,1,endpoint,1,1636.0,1636.0,1636.0,1636.0,0.0,1636.0
cntvaluein3-skew-locked-seed-31,pass,direct_max,idelay_data_cntvaluein,lane0,dq6,2,endpoint,1,1866.0,1866.0,1866.0,1866.0,0.0,1866.0
cntvaluein3-skew-locked-seed-32,pass,direct_max,idelay_data_cntvaluein,lane0,dq6,2,endpoint,1,1021.0,1021.0,1021.0,1021.0,0.0,1021.0
cntvaluein3-skew-locked-seed-33,fail,direct_max,idelay_data_cntvaluein,lane0,dq6,2,endpoint,1,1552.0,1552.0,1552.0,1552.0,0.0,1552.0
cntvaluein3-skew-locked-seed-34,pass,direct_max,idelay_data_cntvaluein,lane0,dq6,2,endpoint,1,1424.0,1424.0,1424.0,1424.0,0.0,1424.0
cntvaluein3-skew-locked-seed-35,pass,direct_max,idelay_data_cntvaluein,lane0,dq6,2,endpoint,1,929.0,929.0,929.0,929.0,0.0,929.0
cntvaluein3-skew-locked-seed-36,fail,direct_max,idelay_data_cntvaluein,lane0,dq6,2,endpoint,1,1531.0,1531.0,1531.0,1531.0,0.0,1531.0
cntvaluein3-skew-locked-seed-37,pass,direct_max,idelay_data_cntvaluein,lane0,dq6,2,endpoint,1,1993.0,1993.0,1993.0,1993.0,0.0,1993.0
cntvaluein3-skew-locked-seed-38,pass,direct_max,idelay_data_cntvaluein,lane0,dq6,2,endpoint,1,2171.0,2171.0,2171.0,2171.0,0.0,2171.0
cntvaluein3-skew-locked-seed-39,fail,direct_max,idelay_data_cntvaluein,lane0,dq6,2,endpoint,1,1777.0,1777.0,1777.0,1777.0,0.0,1777.0
cntvaluein3-skew-locked-seed-40,pass,direct_max,idelay_data_cntvaluein,lane0,dq6,2,endpoint,1,1478.0,1478.0,1478.0,1478.0,0.0,1478.0
cntvaluein3-skew-locked-seed-41,fail,direct_max,idelay_data_cntvaluein,lane0,dq6,2,endpoint,1,1217.0,1217.0,1217.0,1217.0,0.0,1217.0
cntvaluein3-skew-locked-seed-42,pass,direct_max,idelay_data_cntvaluein,lane0,dq6,2,endpoint,1,1592.0,1592.0,1592.0,1592.0,0.0,1592.0
cntvaluein3-skew-locked-seed-43,pass,direct_max,idelay_data_cntvaluein,lane0,dq6,2,endpoint,1,792.0,792.0,792.0,792.0,0.0,792.0
cntvaluein3-skew-locked-seed-44,pass,direct_max,idelay_data_cntvaluein,lane0,dq6,2,endpoint,1,1029.0,1029.0,1029.0,1029.0,0.0,1029.0
cntvaluein3-skew-locked-seed-45,fail,direct_max,idelay_data_cntvaluein,lane0,dq6,2,endpoint,1,828.0,828.0,828.0,828.0,0.0,828.0
cntvaluein3-skew-locked-seed-46,pass,direct_max,idelay_data_cntvaluein,lane0,dq6,2,endpoint,1,1539.0,1539.0,1539.0,1539.0,0.0,1539.0
cntvaluein3-skew-locked-seed-47,pass,direct_max,idelay_data_cntvaluein,lane0,dq6,2,endpoint,1,2164.0,2164.0,2164.0,2164.0,0.0,2164.0
cntvaluein3-skew-locked-seed-48,fail,direct_max,idelay_data_cntvaluein,lane0,dq6,2,endpoint,1,950.0,950.0,950.0,950.0,0.0,950.0
cntvaluein3-skew-locked-seed-49,pass,direct_max,idelay_data_cntvaluein,lane0,dq6,2,endpoint,1,1256.0,1256.0,1256.0,1256.0,0.0,1256.0
cntvaluein3-skew-locked-seed-50,fail,direct_max,idelay_data_cntvaluein,lane0,dq6,2,endpoint,1,1774.0,1774.0,1774.0,1774.0,0.0,1774.0
cntvaluein3-skew-locked-seed-51,fail,direct_max,idelay_data_cntvaluein,lane0,dq6,2,endpoint,1,794.0,794.0,794.0,794.0,0.0,794.0
cntvaluein3-skew-locked-seed-52,fail,direct_max,idelay_data_cntvaluein,lane0,dq6,2,endpoint,1,2253.0,2253.0,2253.0,2253.0,0.0,2253.0
cntvaluein3-skew-locked-seed-53,fail,direct_max,idelay_data_cntvaluein,lane0,dq6,2,endpoint,1,1830.0,1830.0,1830.0,1830.0,0.0,1830.0
cntvaluein3-skew-locked-seed-54,pass,direct_max,idelay_data_cntvaluein,lane0,dq6,2,endpoint,1,1263.0,1263.0,1263.0,1263.0,0.0,1263.0
cntvaluein3-skew-locked-seed-55,pass,direct_max,idelay_data_cntvaluein,lane0,dq6,2,endpoint,1,2246.0,2246.0,2246.0,2246.0,0.0,2246.0
cntvaluein3-skew-locked-seed-56,pass,direct_max,idelay_data_cntvaluein,lane0,dq6,2,endpoint,1,1192.0,1192.0,1192.0,1192.0,0.0,1192.0
cntvaluein3-skew-locked-seed-57,pass,direct_max,idelay_data_cntvaluein,lane0,dq6,2,endpoint,1,1565.0,1565.0,1565.0,1565.0,0.0,1565.0
cntvaluein3-skew-locked-seed-58,pass,direct_max,idelay_data_cntvaluein,lane0,dq6,2,endpoint,1,1439.0,1439.0,1439.0,1439.0,0.0,1439.0
cntvaluein3-skew-locked-seed-59,pass,direct_max,idelay_data_cntvaluein,lane0,dq6,2,endpoint,1,1095.0,1095.0,1095.0,1095.0,0.0,1095.0
cntvaluein3-skew-locked-seed-60,fail,direct_max,idelay_data_cntvaluein,lane0,dq6,2,endpoint,1,2009.0,2009.0,2009.0,2009.0,0.0,2009.0
cntvaluein3-skew-locked-seed-31,pass,direct_max,idelay_data_cntvaluein,lane0,dq6,3,endpoint,1,2247.0,2247.0,2247.0,2247.0,0.0,2247.0
cntvaluein3-skew-locked-seed-32,pass,direct_max,idelay_data_cntvaluein,lane0,dq6,3,endpoint,1,2072.0,2072.0,2072.0,2072.0,0.0,2072.0
cntvaluein3-skew-locked-seed-33,fail,direct_max,idelay_data_cntvaluein,lane0,dq6,3,endpoint,1,1967.0,1967.0,1967.0,1967.0,0.0,1967.0
cntvaluein3-skew-locked-seed-34,pass,direct_max,idelay_data_cntvaluein,lane0,dq6,3,endpoint,1,2247.0,2247.0,2247.0,2247.0,0.0,2247.0
cntvaluein3-skew-locked-seed-35,pass,direct_max,idelay_data_cntvaluein,lane0,dq6,3,endpoint,1,2114.0,2114.0,2114.0,2114.0,0.0,2114.0
cntvaluein3-skew-locked-seed-36,fail,direct_max,idelay_data_cntvaluein,lane0,dq6,3,endpoint,1,2338.0,2338.0,2338.0,2338.0,0.0,2338.0
cntvaluein3-skew-locked-seed-37,pass,direct_max,idelay_data_cntvaluein,lane0,dq6,3,endpoint,1,1884.0,1884.0,1884.0,1884.0,0.0,1884.0
cntvaluein3-skew-locked-seed-38,pass,direct_max,idelay_data_cntvaluein,lane0,dq6,3,endpoint,1,1860.0,1860.0,1860.0,1860.0,0.0,1860.0
cntvaluein3-skew-locked-seed-39,fail,direct_max,idelay_data_cntvaluein,lane0,dq6,3,endpoint,1,1976.0,1976.0,1976.0,1976.0,0.0,1976.0
cntvaluein3-skew-locked-seed-40,pass,direct_max,idelay_data_cntvaluein,lane0,dq6,3,endpoint,1,1865.0,1865.0,1865.0,1865.0,0.0,1865.0
cntvaluein3-skew-locked-seed-41,fail,direct_max,idelay_data_cntvaluein,lane0,dq6,3,endpoint,1,1996.0,1996.0,1996.0,1996.0,0.0,1996.0
cntvaluein3-skew-locked-seed-42,pass,direct_max,idelay_data_cntvaluein,lane0,dq6,3,endpoint,1,1835.0,1835.0,1835.0,1835.0,0.0,1835.0
cntvaluein3-skew-locked-seed-43,pass,direct_max,idelay_data_cntvaluein,lane0,dq6,3,endpoint,1,2204.0,2204.0,2204.0,2204.0,0.0,2204.0
cntvaluein3-skew-locked-seed-44,pass,direct_max,idelay_data_cntvaluein,lane0,dq6,3,endpoint,1,2431.0,2431.0,2431.0,2431.0,0.0,2431.0
cntvaluein3-skew-locked-seed-45,fail,direct_max,idelay_data_cntvaluein,lane0,dq6,3,endpoint,1,1575.0,1575.0,1575.0,1575.0,0.0,1575.0
cntvaluein3-skew-locked-seed-46,pass,direct_max,idelay_data_cntvaluein,lane0,dq6,3,endpoint,1,1832.0,1832.0,1832.0,1832.0,0.0,1832.0
cntvaluein3-skew-locked-seed-47,pass,direct_max,idelay_data_cntvaluein,lane0,dq6,3,endpoint,1,1919.0,1919.0,1919.0,1919.0,0.0,1919.0
cntvaluein3-skew-locked-seed-48,fail,direct_max,idelay_data_cntvaluein,lane0,dq6,3,endpoint,1,2003.0,2003.0,2003.0,2003.0,0.0,2003.0
cntvaluein3-skew-locked-seed-49,pass,direct_max,idelay_data_cntvaluein,lane0,dq6,3,endpoint,1,2536.0,2536.0,2536.0,2536.0,0.0,2536.0
cntvaluein3-skew-locked-seed-50,fail,direct_max,idelay_data_cntvaluein,lane0,dq6,3,endpoint,1,2198.0,2198.0,2198.0,2198.0,0.0,2198.0
cntvaluein3-skew-locked-seed-51,fail,direct_max,idelay_data_cntvaluein,lane0,dq6,3,endpoint,1,1751.0,1751.0,1751.0,1751.0,0.0,1751.0
cntvaluein3-skew-locked-seed-52,fail,direct_max,idelay_data_cntvaluein,lane0,dq6,3,endpoint,1,1501.0,1501.0,1501.0,1501.0,0.0,1501.0
cntvaluein3-skew-locked-seed-53,fail,direct_max,idelay_data_cntvaluein,lane0,dq6,3,endpoint,1,2028.0,2028.0,2028.0,2028.0,0.0,2028.0
cntvaluein3-skew-locked-seed-54,pass,direct_max,idelay_data_cntvaluein,lane0,dq6,3,endpoint,1,1967.0,1967.0,1967.0,1967.0,0.0,1967.0
cntvaluein3-skew-locked-seed-55,pass,direct_max,idelay_data_cntvaluein,lane0,dq6,3,endpoint,1,2223.0,2223.0,2223.0,2223.0,0.0,2223.0
cntvaluein3-skew-locked-seed-56,pass,direct_max,idelay_data_cntvaluein,lane0,dq6,3,endpoint,1,1544.0,1544.0,1544.0,1544.0,0.0,1544.0
cntvaluein3-skew-locked-seed-57,pass,direct_max,idelay_data_cntvaluein,lane0,dq6,3,endpoint,1,2368.0,2368.0,2368.0,2368.0,0.0,2368.0
cntvaluein3-skew-locked-seed-58,pass,direct_max,idelay_data_cntvaluein,lane0,dq6,3,endpoint,1,1623.0,1623.0,1623.0,1623.0,0.0,1623.0
cntvaluein3-skew-locked-seed-59,pass,direct_max,idelay_data_cntvaluein,lane0,dq6,3,endpoint,1,1504.0,1504.0,1504.0,1504.0,0.0,1504.0
cntvaluein3-skew-locked-seed-60,fail,direct_max,idelay_data_cntvaluein,lane0,dq6,3,endpoint,1,2137.0,2137.0,2137.0,2137.0,0.0,2137.0
cntvaluein3-skew-locked-seed-31,pass,direct_max,idelay_data_cntvaluein,lane0,dq6,4,endpoint,1,2094.0,2094.0,2094.0,2094.0,0.0,2094.0
cntvaluein3-skew-locked-seed-32,pass,direct_max,idelay_data_cntvaluein,lane0,dq6,4,endpoint,1,1302.0,1302.0,1302.0,1302.0,0.0,1302.0
cntvaluein3-skew-locked-seed-33,fail,direct_max,idelay_data_cntvaluein,lane0,dq6,4,endpoint,1,1684.0,1684.0,1684.0,1684.0,0.0,1684.0
cntvaluein3-skew-locked-seed-34,pass,direct_max,idelay_data_cntvaluein,lane0,dq6,4,endpoint,1,1133.0,1133.0,1133.0,1133.0,0.0,1133.0
cntvaluein3-skew-locked-seed-35,pass,direct_max,idelay_data_cntvaluein,lane0,dq6,4,endpoint,1,1559.0,1559.0,1559.0,1559.0,0.0,1559.0
cntvaluein3-skew-locked-seed-36,fail,direct_max,idelay_data_cntvaluein,lane0,dq6,4,endpoint,1,1672.0,1672.0,1672.0,1672.0,0.0,1672.0
cntvaluein3-skew-locked-seed-37,pass,direct_max,idelay_data_cntvaluein,lane0,dq6,4,endpoint,1,1508.0,1508.0,1508.0,1508.0,0.0,1508.0
cntvaluein3-skew-locked-seed-38,pass,direct_max,idelay_data_cntvaluein,lane0,dq6,4,endpoint,1,2048.0,2048.0,2048.0,2048.0,0.0,2048.0
cntvaluein3-skew-locked-seed-39,fail,direct_max,idelay_data_cntvaluein,lane0,dq6,4,endpoint,1,1972.0,1972.0,1972.0,1972.0,0.0,1972.0
cntvaluein3-skew-locked-seed-40,pass,direct_max,idelay_data_cntvaluein,lane0,dq6,4,endpoint,1,1480.0,1480.0,1480.0,1480.0,0.0,1480.0
cntvaluein3-skew-locked-seed-41,fail,direct_max,idelay_data_cntvaluein,lane0,dq6,4,endpoint,1,1981.0,1981.0,1981.0,1981.0,0.0,1981.0
cntvaluein3-skew-locked-seed-42,pass,direct_max,idelay_data_cntvaluein,lane0,dq6,4,endpoint,1,1807.0,1807.0,1807.0,1807.0,0.0,1807.0
cntvaluein3-skew-locked-seed-43,pass,direct_max,idelay_data_cntvaluein,lane0,dq6,4,endpoint,1,1205.0,1205.0,1205.0,1205.0,0.0,1205.0
cntvaluein3-skew-locked-seed-44,pass,direct_max,idelay_data_cntvaluein,lane0,dq6,4,endpoint,1,1205.0,1205.0,1205.0,1205.0,0.0,1205.0
cntvaluein3-skew-locked-seed-45,fail,direct_max,idelay_data_cntvaluein,lane0,dq6,4,endpoint,1,1452.0,1452.0,1452.0,1452.0,0.0,1452.0
cntvaluein3-skew-locked-seed-46,pass,direct_max,idelay_data_cntvaluein,lane0,dq6,4,endpoint,1,1554.0,1554.0,1554.0,1554.0,0.0,1554.0
cntvaluein3-skew-locked-seed-47,pass,direct_max,idelay_data_cntvaluein,lane0,dq6,4,endpoint,1,2319.0,2319.0,2319.0,2319.0,0.0,2319.0
cntvaluein3-skew-locked-seed-48,fail,direct_max,idelay_data_cntvaluein,lane0,dq6,4,endpoint,1,903.0,903.0,903.0,903.0,0.0,903.0
cntvaluein3-skew-locked-seed-49,pass,direct_max,idelay_data_cntvaluein,lane0,dq6,4,endpoint,1,1656.0,1656.0,1656.0,1656.0,0.0,1656.0
cntvaluein3-skew-locked-seed-50,fail,direct_max,idelay_data_cntvaluein,lane0,dq6,4,endpoint,1,1675.0,1675.0,1675.0,1675.0,0.0,1675.0
cntvaluein3-skew-locked-seed-51,fail,direct_max,idelay_data_cntvaluein,lane0,dq6,4,endpoint,1,1149.0,1149.0,1149.0,1149.0,0.0,1149.0
cntvaluein3-skew-locked-seed-52,fail,direct_max,idelay_data_cntvaluein,lane0,dq6,4,endpoint,1,2122.0,2122.0,2122.0,2122.0,0.0,2122.0
cntvaluein3-skew-locked-seed-53,fail,direct_max,idelay_data_cntvaluein,lane0,dq6,4,endpoint,1,1682.0,1682.0,1682.0,1682.0,0.0,1682.0
cntvaluein3-skew-locked-seed-54,pass,direct_max,idelay_data_cntvaluein,lane0,dq6,4,endpoint,1,1407.0,1407.0,1407.0,1407.0,0.0,1407.0
cntvaluein3-skew-locked-seed-55,pass,direct_max,idelay_data_cntvaluein,lane0,dq6,4,endpoint,1,2457.0,2457.0,2457.0,2457.0,0.0,2457.0
cntvaluein3-skew-locked-seed-56,pass,direct_max,idelay_data_cntvaluein,lane0,dq6,4,endpoint,1,1582.0,1582.0,1582.0,1582.0,0.0,1582.0
cntvaluein3-skew-locked-seed-57,pass,direct_max,idelay_data_cntvaluein,lane0,dq6,4,endpoint,1,2144.0,2144.0,2144.0,2144.0,0.0,2144.0
cntvaluein3-skew-locked-seed-58,pass,direct_max,idelay_data_cntvaluein,lane0,dq6,4,endpoint,1,2198.0,2198.0,2198.0,2198.0,0.0,2198.0
cntvaluein3-skew-locked-seed-59,pass,direct_max,idelay_data_cntvaluein,lane0,dq6,4,endpoint,1,1597.0,1597.0,1597.0,1597.0,0.0,1597.0
cntvaluein3-skew-locked-seed-60,fail,direct_max,idelay_data_cntvaluein,lane0,dq6,4,endpoint,1,1427.0,1427.0,1427.0,1427.0,0.0,1427.0
cntvaluein3-skew-locked-seed-31,pass,direct_max,idelay_data_cntvaluein,lane0,dq7,0,endpoint,1,1802.0,1802.0,1802.0,1802.0,0.0,1802.0
cntvaluein3-skew-locked-seed-32,pass,direct_max,idelay_data_cntvaluein,lane0,dq7,0,endpoint,1,1018.0,1018.0,1018.0,1018.0,0.0,1018.0
cntvaluein3-skew-locked-seed-33,fail,direct_max,idelay_data_cntvaluein,lane0,dq7,0,endpoint,1,2375.0,2375.0,2375.0,2375.0,0.0,2375.0
cntvaluein3-skew-locked-seed-34,pass,direct_max,idelay_data_cntvaluein,lane0,dq7,0,endpoint,1,1552.0,1552.0,1552.0,1552.0,0.0,1552.0
cntvaluein3-skew-locked-seed-35,pass,direct_max,idelay_data_cntvaluein,lane0,dq7,0,endpoint,1,963.0,963.0,963.0,963.0,0.0,963.0
cntvaluein3-skew-locked-seed-36,fail,direct_max,idelay_data_cntvaluein,lane0,dq7,0,endpoint,1,1748.0,1748.0,1748.0,1748.0,0.0,1748.0
cntvaluein3-skew-locked-seed-37,pass,direct_max,idelay_data_cntvaluein,lane0,dq7,0,endpoint,1,1588.0,1588.0,1588.0,1588.0,0.0,1588.0
cntvaluein3-skew-locked-seed-38,pass,direct_max,idelay_data_cntvaluein,lane0,dq7,0,endpoint,1,2161.0,2161.0,2161.0,2161.0,0.0,2161.0
cntvaluein3-skew-locked-seed-39,fail,direct_max,idelay_data_cntvaluein,lane0,dq7,0,endpoint,1,2101.0,2101.0,2101.0,2101.0,0.0,2101.0
cntvaluein3-skew-locked-seed-40,pass,direct_max,idelay_data_cntvaluein,lane0,dq7,0,endpoint,1,2039.0,2039.0,2039.0,2039.0,0.0,2039.0
cntvaluein3-skew-locked-seed-41,fail,direct_max,idelay_data_cntvaluein,lane0,dq7,0,endpoint,1,1965.0,1965.0,1965.0,1965.0,0.0,1965.0
cntvaluein3-skew-locked-seed-42,pass,direct_max,idelay_data_cntvaluein,lane0,dq7,0,endpoint,1,1542.0,1542.0,1542.0,1542.0,0.0,1542.0
cntvaluein3-skew-locked-seed-43,pass,direct_max,idelay_data_cntvaluein,lane0,dq7,0,endpoint,1,1300.0,1300.0,1300.0,1300.0,0.0,1300.0
cntvaluein3-skew-locked-seed-44,pass,direct_max,idelay_data_cntvaluein,lane0,dq7,0,endpoint,1,989.0,989.0,989.0,989.0,0.0,989.0
cntvaluein3-skew-locked-seed-45,fail,direct_max,idelay_data_cntvaluein,lane0,dq7,0,endpoint,1,1144.0,1144.0,1144.0,1144.0,0.0,1144.0
cntvaluein3-skew-locked-seed-46,pass,direct_max,idelay_data_cntvaluein,lane0,dq7,0,endpoint,1,1146.0,1146.0,1146.0,1146.0,0.0,1146.0
cntvaluein3-skew-locked-seed-47,pass,direct_max,idelay_data_cntvaluein,lane0,dq7,0,endpoint,1,1817.0,1817.0,1817.0,1817.0,0.0,1817.0
cntvaluein3-skew-locked-seed-48,fail,direct_max,idelay_data_cntvaluein,lane0,dq7,0,endpoint,1,1307.0,1307.0,1307.0,1307.0,0.0,1307.0
cntvaluein3-skew-locked-seed-49,pass,direct_max,idelay_data_cntvaluein,lane0,dq7,0,endpoint,1,2332.0,2332.0,2332.0,2332.0,0.0,2332.0
cntvaluein3-skew-locked-seed-50,fail,direct_max,idelay_data_cntvaluein,lane0,dq7,0,endpoint,1,1383.0,1383.0,1383.0,1383.0,0.0,1383.0
cntvaluein3-skew-locked-seed-51,fail,direct_max,idelay_data_cntvaluein,lane0,dq7,0,endpoint,1,1075.0,1075.0,1075.0,1075.0,0.0,1075.0
cntvaluein3-skew-locked-seed-52,fail,direct_max,idelay_data_cntvaluein,lane0,dq7,0,endpoint,1,1991.0,1991.0,1991.0,1991.0,0.0,1991.0
cntvaluein3-skew-locked-seed-53,fail,direct_max,idelay_data_cntvaluein,lane0,dq7,0,endpoint,1,2019.0,2019.0,2019.0,2019.0,0.0,2019.0
cntvaluein3-skew-locked-seed-54,pass,direct_max,idelay_data_cntvaluein,lane0,dq7,0,endpoint,1,1332.0,1332.0,1332.0,1332.0,0.0,1332.0
cntvaluein3-skew-locked-seed-55,pass,direct_max,idelay_data_cntvaluein,lane0,dq7,0,endpoint,1,2256.0,2256.0,2256.0,2256.0,0.0,2256.0
cntvaluein3-skew-locked-seed-56,pass,direct_max,idelay_data_cntvaluein,lane0,dq7,0,endpoint,1,1493.0,1493.0,1493.0,1493.0,0.0,1493.0
cntvaluein3-skew-locked-seed-57,pass,direct_max,idelay_data_cntvaluein,lane0,dq7,0,endpoint,1,1675.0,1675.0,1675.0,1675.0,0.0,1675.0
cntvaluein3-skew-locked-seed-58,pass,direct_max,idelay_data_cntvaluein,lane0,dq7,0,endpoint,1,1648.0,1648.0,1648.0,1648.0,0.0,1648.0
cntvaluein3-skew-locked-seed-59,pass,direct_max,idelay_data_cntvaluein,lane0,dq7,0,endpoint,1,1264.0,1264.0,1264.0,1264.0,0.0,1264.0
cntvaluein3-skew-locked-seed-60,fail,direct_max,idelay_data_cntvaluein,lane0,dq7,0,endpoint,1,1363.0,1363.0,1363.0,1363.0,0.0,1363.0
cntvaluein3-skew-locked-seed-31,pass,direct_max,idelay_data_cntvaluein,lane0,dq7,1,endpoint,1,1059.0,1059.0,1059.0,1059.0,0.0,1059.0
cntvaluein3-skew-locked-seed-32,pass,direct_max,idelay_data_cntvaluein,lane0,dq7,1,endpoint,1,1088.0,1088.0,1088.0,1088.0,0.0,1088.0
cntvaluein3-skew-locked-seed-33,fail,direct_max,idelay_data_cntvaluein,lane0,dq7,1,endpoint,1,1786.0,1786.0,1786.0,1786.0,0.0,1786.0
cntvaluein3-skew-locked-seed-34,pass,direct_max,idelay_data_cntvaluein,lane0,dq7,1,endpoint,1,1228.0,1228.0,1228.0,1228.0,0.0,1228.0
cntvaluein3-skew-locked-seed-35,pass,direct_max,idelay_data_cntvaluein,lane0,dq7,1,endpoint,1,1143.0,1143.0,1143.0,1143.0,0.0,1143.0
cntvaluein3-skew-locked-seed-36,fail,direct_max,idelay_data_cntvaluein,lane0,dq7,1,endpoint,1,1542.0,1542.0,1542.0,1542.0,0.0,1542.0
cntvaluein3-skew-locked-seed-37,pass,direct_max,idelay_data_cntvaluein,lane0,dq7,1,endpoint,1,1781.0,1781.0,1781.0,1781.0,0.0,1781.0
cntvaluein3-skew-locked-seed-38,pass,direct_max,idelay_data_cntvaluein,lane0,dq7,1,endpoint,1,2177.0,2177.0,2177.0,2177.0,0.0,2177.0
cntvaluein3-skew-locked-seed-39,fail,direct_max,idelay_data_cntvaluein,lane0,dq7,1,endpoint,1,1606.0,1606.0,1606.0,1606.0,0.0,1606.0
cntvaluein3-skew-locked-seed-40,pass,direct_max,idelay_data_cntvaluein,lane0,dq7,1,endpoint,1,2309.0,2309.0,2309.0,2309.0,0.0,2309.0
cntvaluein3-skew-locked-seed-41,fail,direct_max,idelay_data_cntvaluein,lane0,dq7,1,endpoint,1,1695.0,1695.0,1695.0,1695.0,0.0,1695.0
cntvaluein3-skew-locked-seed-42,pass,direct_max,idelay_data_cntvaluein,lane0,dq7,1,endpoint,1,1919.0,1919.0,1919.0,1919.0,0.0,1919.0
cntvaluein3-skew-locked-seed-43,pass,direct_max,idelay_data_cntvaluein,lane0,dq7,1,endpoint,1,1235.0,1235.0,1235.0,1235.0,0.0,1235.0
cntvaluein3-skew-locked-seed-44,pass,direct_max,idelay_data_cntvaluein,lane0,dq7,1,endpoint,1,1129.0,1129.0,1129.0,1129.0,0.0,1129.0
cntvaluein3-skew-locked-seed-45,fail,direct_max,idelay_data_cntvaluein,lane0,dq7,1,endpoint,1,1113.0,1113.0,1113.0,1113.0,0.0,1113.0
cntvaluein3-skew-locked-seed-46,pass,direct_max,idelay_data_cntvaluein,lane0,dq7,1,endpoint,1,1126.0,1126.0,1126.0,1126.0,0.0,1126.0
cntvaluein3-skew-locked-seed-47,pass,direct_max,idelay_data_cntvaluein,lane0,dq7,1,endpoint,1,2240.0,2240.0,2240.0,2240.0,0.0,2240.0
cntvaluein3-skew-locked-seed-48,fail,direct_max,idelay_data_cntvaluein,lane0,dq7,1,endpoint,1,1519.0,1519.0,1519.0,1519.0,0.0,1519.0
cntvaluein3-skew-locked-seed-49,pass,direct_max,idelay_data_cntvaluein,lane0,dq7,1,endpoint,1,2072.0,2072.0,2072.0,2072.0,0.0,2072.0
cntvaluein3-skew-locked-seed-50,fail,direct_max,idelay_data_cntvaluein,lane0,dq7,1,endpoint,1,1902.0,1902.0,1902.0,1902.0,0.0,1902.0
cntvaluein3-skew-locked-seed-51,fail,direct_max,idelay_data_cntvaluein,lane0,dq7,1,endpoint,1,1144.0,1144.0,1144.0,1144.0,0.0,1144.0
cntvaluein3-skew-locked-seed-52,fail,direct_max,idelay_data_cntvaluein,lane0,dq7,1,endpoint,1,2177.0,2177.0,2177.0,2177.0,0.0,2177.0
cntvaluein3-skew-locked-seed-53,fail,direct_max,idelay_data_cntvaluein,lane0,dq7,1,endpoint,1,1427.0,1427.0,1427.0,1427.0,0.0,1427.0
cntvaluein3-skew-locked-seed-54,pass,direct_max,idelay_data_cntvaluein,lane0,dq7,1,endpoint,1,1187.0,1187.0,1187.0,1187.0,0.0,1187.0
cntvaluein3-skew-locked-seed-55,pass,direct_max,idelay_data_cntvaluein,lane0,dq7,1,endpoint,1,1865.0,1865.0,1865.0,1865.0,0.0,1865.0
cntvaluein3-skew-locked-seed-56,pass,direct_max,idelay_data_cntvaluein,lane0,dq7,1,endpoint,1,2604.0,2604.0,2604.0,2604.0,0.0,2604.0
cntvaluein3-skew-locked-seed-57,pass,direct_max,idelay_data_cntvaluein,lane0,dq7,1,endpoint,1,1904.0,1904.0,1904.0,1904.0,0.0,1904.0
cntvaluein3-skew-locked-seed-58,pass,direct_max,idelay_data_cntvaluein,lane0,dq7,1,endpoint,1,1687.0,1687.0,1687.0,1687.0,0.0,1687.0
cntvaluein3-skew-locked-seed-59,pass,direct_max,idelay_data_cntvaluein,lane0,dq7,1,endpoint,1,1805.0,1805.0,1805.0,1805.0,0.0,1805.0
cntvaluein3-skew-locked-seed-60,fail,direct_max,idelay_data_cntvaluein,lane0,dq7,1,endpoint,1,1921.0,1921.0,1921.0,1921.0,0.0,1921.0
cntvaluein3-skew-locked-seed-31,pass,direct_max,idelay_data_cntvaluein,lane0,dq7,2,endpoint,1,1863.0,1863.0,1863.0,1863.0,0.0,1863.0
cntvaluein3-skew-locked-seed-32,pass,direct_max,idelay_data_cntvaluein,lane0,dq7,2,endpoint,1,1108.0,1108.0,1108.0,1108.0,0.0,1108.0
cntvaluein3-skew-locked-seed-33,fail,direct_max,idelay_data_cntvaluein,lane0,dq7,2,endpoint,1,1633.0,1633.0,1633.0,1633.0,0.0,1633.0
cntvaluein3-skew-locked-seed-34,pass,direct_max,idelay_data_cntvaluein,lane0,dq7,2,endpoint,1,1422.0,1422.0,1422.0,1422.0,0.0,1422.0
cntvaluein3-skew-locked-seed-35,pass,direct_max,idelay_data_cntvaluein,lane0,dq7,2,endpoint,1,981.0,981.0,981.0,981.0,0.0,981.0
cntvaluein3-skew-locked-seed-36,fail,direct_max,idelay_data_cntvaluein,lane0,dq7,2,endpoint,1,1401.0,1401.0,1401.0,1401.0,0.0,1401.0
cntvaluein3-skew-locked-seed-37,pass,direct_max,idelay_data_cntvaluein,lane0,dq7,2,endpoint,1,1937.0,1937.0,1937.0,1937.0,0.0,1937.0
cntvaluein3-skew-locked-seed-38,pass,direct_max,idelay_data_cntvaluein,lane0,dq7,2,endpoint,1,2170.0,2170.0,2170.0,2170.0,0.0,2170.0
cntvaluein3-skew-locked-seed-39,fail,direct_max,idelay_data_cntvaluein,lane0,dq7,2,endpoint,1,1832.0,1832.0,1832.0,1832.0,0.0,1832.0
cntvaluein3-skew-locked-seed-40,pass,direct_max,idelay_data_cntvaluein,lane0,dq7,2,endpoint,1,1565.0,1565.0,1565.0,1565.0,0.0,1565.0
cntvaluein3-skew-locked-seed-41,fail,direct_max,idelay_data_cntvaluein,lane0,dq7,2,endpoint,1,1302.0,1302.0,1302.0,1302.0,0.0,1302.0
cntvaluein3-skew-locked-seed-42,pass,direct_max,idelay_data_cntvaluein,lane0,dq7,2,endpoint,1,1800.0,1800.0,1800.0,1800.0,0.0,1800.0
cntvaluein3-skew-locked-seed-43,pass,direct_max,idelay_data_cntvaluein,lane0,dq7,2,endpoint,1,1171.0,1171.0,1171.0,1171.0,0.0,1171.0
cntvaluein3-skew-locked-seed-44,pass,direct_max,idelay_data_cntvaluein,lane0,dq7,2,endpoint,1,1304.0,1304.0,1304.0,1304.0,0.0,1304.0
cntvaluein3-skew-locked-seed-45,fail,direct_max,idelay_data_cntvaluein,lane0,dq7,2,endpoint,1,1317.0,1317.0,1317.0,1317.0,0.0,1317.0
cntvaluein3-skew-locked-seed-46,pass,direct_max,idelay_data_cntvaluein,lane0,dq7,2,endpoint,1,1537.0,1537.0,1537.0,1537.0,0.0,1537.0
cntvaluein3-skew-locked-seed-47,pass,direct_max,idelay_data_cntvaluein,lane0,dq7,2,endpoint,1,2163.0,2163.0,2163.0,2163.0,0.0,2163.0
cntvaluein3-skew-locked-seed-48,fail,direct_max,idelay_data_cntvaluein,lane0,dq7,2,endpoint,1,1037.0,1037.0,1037.0,1037.0,0.0,1037.0
cntvaluein3-skew-locked-seed-49,pass,direct_max,idelay_data_cntvaluein,lane0,dq7,2,endpoint,1,1245.0,1245.0,1245.0,1245.0,0.0,1245.0
cntvaluein3-skew-locked-seed-50,fail,direct_max,idelay_data_cntvaluein,lane0,dq7,2,endpoint,1,1682.0,1682.0,1682.0,1682.0,0.0,1682.0
cntvaluein3-skew-locked-seed-51,fail,direct_max,idelay_data_cntvaluein,lane0,dq7,2,endpoint,1,930.0,930.0,930.0,930.0,0.0,930.0
cntvaluein3-skew-locked-seed-52,fail,direct_max,idelay_data_cntvaluein,lane0,dq7,2,endpoint,1,2252.0,2252.0,2252.0,2252.0,0.0,2252.0
cntvaluein3-skew-locked-seed-53,fail,direct_max,idelay_data_cntvaluein,lane0,dq7,2,endpoint,1,1828.0,1828.0,1828.0,1828.0,0.0,1828.0
cntvaluein3-skew-locked-seed-54,pass,direct_max,idelay_data_cntvaluein,lane0,dq7,2,endpoint,1,1251.0,1251.0,1251.0,1251.0,0.0,1251.0
cntvaluein3-skew-locked-seed-55,pass,direct_max,idelay_data_cntvaluein,lane0,dq7,2,endpoint,1,2243.0,2243.0,2243.0,2243.0,0.0,2243.0
cntvaluein3-skew-locked-seed-56,pass,direct_max,idelay_data_cntvaluein,lane0,dq7,2,endpoint,1,1279.0,1279.0,1279.0,1279.0,0.0,1279.0
cntvaluein3-skew-locked-seed-57,pass,direct_max,idelay_data_cntvaluein,lane0,dq7,2,endpoint,1,1807.0,1807.0,1807.0,1807.0,0.0,1807.0
cntvaluein3-skew-locked-seed-58,pass,direct_max,idelay_data_cntvaluein,lane0,dq7,2,endpoint,1,1350.0,1350.0,1350.0,1350.0,0.0,1350.0
cntvaluein3-skew-locked-seed-59,pass,direct_max,idelay_data_cntvaluein,lane0,dq7,2,endpoint,1,1182.0,1182.0,1182.0,1182.0,0.0,1182.0
cntvaluein3-skew-locked-seed-60,fail,direct_max,idelay_data_cntvaluein,lane0,dq7,2,endpoint,1,2009.0,2009.0,2009.0,2009.0,0.0,2009.0
cntvaluein3-skew-locked-seed-31,pass,direct_max,idelay_data_cntvaluein,lane0,dq7,3,endpoint,1,2489.0,2489.0,2489.0,2489.0,0.0,2489.0
cntvaluein3-skew-locked-seed-32,pass,direct_max,idelay_data_cntvaluein,lane0,dq7,3,endpoint,1,1990.0,1990.0,1990.0,1990.0,0.0,1990.0
cntvaluein3-skew-locked-seed-33,fail,direct_max,idelay_data_cntvaluein,lane0,dq7,3,endpoint,1,1965.0,1965.0,1965.0,1965.0,0.0,1965.0
cntvaluein3-skew-locked-seed-34,pass,direct_max,idelay_data_cntvaluein,lane0,dq7,3,endpoint,1,2069.0,2069.0,2069.0,2069.0,0.0,2069.0
cntvaluein3-skew-locked-seed-35,pass,direct_max,idelay_data_cntvaluein,lane0,dq7,3,endpoint,1,2249.0,2249.0,2249.0,2249.0,0.0,2249.0
cntvaluein3-skew-locked-seed-36,fail,direct_max,idelay_data_cntvaluein,lane0,dq7,3,endpoint,1,2336.0,2336.0,2336.0,2336.0,0.0,2336.0
cntvaluein3-skew-locked-seed-37,pass,direct_max,idelay_data_cntvaluein,lane0,dq7,3,endpoint,1,1883.0,1883.0,1883.0,1883.0,0.0,1883.0
cntvaluein3-skew-locked-seed-38,pass,direct_max,idelay_data_cntvaluein,lane0,dq7,3,endpoint,1,1949.0,1949.0,1949.0,1949.0,0.0,1949.0
cntvaluein3-skew-locked-seed-39,fail,direct_max,idelay_data_cntvaluein,lane0,dq7,3,endpoint,1,1968.0,1968.0,1968.0,1968.0,0.0,1968.0
cntvaluein3-skew-locked-seed-40,pass,direct_max,idelay_data_cntvaluein,lane0,dq7,3,endpoint,1,1945.0,1945.0,1945.0,1945.0,0.0,1945.0
cntvaluein3-skew-locked-seed-41,fail,direct_max,idelay_data_cntvaluein,lane0,dq7,3,endpoint,1,1993.0,1993.0,1993.0,1993.0,0.0,1993.0
cntvaluein3-skew-locked-seed-42,pass,direct_max,idelay_data_cntvaluein,lane0,dq7,3,endpoint,1,1832.0,1832.0,1832.0,1832.0,0.0,1832.0
cntvaluein3-skew-locked-seed-43,pass,direct_max,idelay_data_cntvaluein,lane0,dq7,3,endpoint,1,2203.0,2203.0,2203.0,2203.0,0.0,2203.0
cntvaluein3-skew-locked-seed-44,pass,direct_max,idelay_data_cntvaluein,lane0,dq7,3,endpoint,1,2430.0,2430.0,2430.0,2430.0,0.0,2430.0
cntvaluein3-skew-locked-seed-45,fail,direct_max,idelay_data_cntvaluein,lane0,dq7,3,endpoint,1,1490.0,1490.0,1490.0,1490.0,0.0,1490.0
cntvaluein3-skew-locked-seed-46,pass,direct_max,idelay_data_cntvaluein,lane0,dq7,3,endpoint,1,1830.0,1830.0,1830.0,1830.0,0.0,1830.0
cntvaluein3-skew-locked-seed-47,pass,direct_max,idelay_data_cntvaluein,lane0,dq7,3,endpoint,1,2148.0,2148.0,2148.0,2148.0,0.0,2148.0
cntvaluein3-skew-locked-seed-48,fail,direct_max,idelay_data_cntvaluein,lane0,dq7,3,endpoint,1,2084.0,2084.0,2084.0,2084.0,0.0,2084.0
cntvaluein3-skew-locked-seed-49,pass,direct_max,idelay_data_cntvaluein,lane0,dq7,3,endpoint,1,2533.0,2533.0,2533.0,2533.0,0.0,2533.0
cntvaluein3-skew-locked-seed-50,fail,direct_max,idelay_data_cntvaluein,lane0,dq7,3,endpoint,1,2197.0,2197.0,2197.0,2197.0,0.0,2197.0
cntvaluein3-skew-locked-seed-51,fail,direct_max,idelay_data_cntvaluein,lane0,dq7,3,endpoint,1,1838.0,1838.0,1838.0,1838.0,0.0,1838.0
cntvaluein3-skew-locked-seed-52,fail,direct_max,idelay_data_cntvaluein,lane0,dq7,3,endpoint,1,1409.0,1409.0,1409.0,1409.0,0.0,1409.0
cntvaluein3-skew-locked-seed-53,fail,direct_max,idelay_data_cntvaluein,lane0,dq7,3,endpoint,1,1942.0,1942.0,1942.0,1942.0,0.0,1942.0
cntvaluein3-skew-locked-seed-54,pass,direct_max,idelay_data_cntvaluein,lane0,dq7,3,endpoint,1,2286.0,2286.0,2286.0,2286.0,0.0,2286.0
cntvaluein3-skew-locked-seed-55,pass,direct_max,idelay_data_cntvaluein,lane0,dq7,3,endpoint,1,2220.0,2220.0,2220.0,2220.0,0.0,2220.0
cntvaluein3-skew-locked-seed-56,pass,direct_max,idelay_data_cntvaluein,lane0,dq7,3,endpoint,1,1542.0,1542.0,1542.0,1542.0,0.0,1542.0
cntvaluein3-skew-locked-seed-57,pass,direct_max,idelay_data_cntvaluein,lane0,dq7,3,endpoint,1,2780.0,2780.0,2780.0,2780.0,0.0,2780.0
cntvaluein3-skew-locked-seed-58,pass,direct_max,idelay_data_cntvaluein,lane0,dq7,3,endpoint,1,1631.0,1631.0,1631.0,1631.0,0.0,1631.0
cntvaluein3-skew-locked-seed-59,pass,direct_max,idelay_data_cntvaluein,lane0,dq7,3,endpoint,1,1498.0,1498.0,1498.0,1498.0,0.0,1498.0
cntvaluein3-skew-locked-seed-60,fail,direct_max,idelay_data_cntvaluein,lane0,dq7,3,endpoint,1,2052.0,2052.0,2052.0,2052.0,0.0,2052.0
cntvaluein3-skew-locked-seed-31,pass,direct_max,idelay_data_cntvaluein,lane0,dq7,4,endpoint,1,2086.0,2086.0,2086.0,2086.0,0.0,2086.0
cntvaluein3-skew-locked-seed-32,pass,direct_max,idelay_data_cntvaluein,lane0,dq7,4,endpoint,1,1296.0,1296.0,1296.0,1296.0,0.0,1296.0
cntvaluein3-skew-locked-seed-33,fail,direct_max,idelay_data_cntvaluein,lane0,dq7,4,endpoint,1,1677.0,1677.0,1677.0,1677.0,0.0,1677.0
cntvaluein3-skew-locked-seed-34,pass,direct_max,idelay_data_cntvaluein,lane0,dq7,4,endpoint,1,1343.0,1343.0,1343.0,1343.0,0.0,1343.0
cntvaluein3-skew-locked-seed-35,pass,direct_max,idelay_data_cntvaluein,lane0,dq7,4,endpoint,1,1552.0,1552.0,1552.0,1552.0,0.0,1552.0
cntvaluein3-skew-locked-seed-36,fail,direct_max,idelay_data_cntvaluein,lane0,dq7,4,endpoint,1,1661.0,1661.0,1661.0,1661.0,0.0,1661.0
cntvaluein3-skew-locked-seed-37,pass,direct_max,idelay_data_cntvaluein,lane0,dq7,4,endpoint,1,1595.0,1595.0,1595.0,1595.0,0.0,1595.0
cntvaluein3-skew-locked-seed-38,pass,direct_max,idelay_data_cntvaluein,lane0,dq7,4,endpoint,1,2128.0,2128.0,2128.0,2128.0,0.0,2128.0
cntvaluein3-skew-locked-seed-39,fail,direct_max,idelay_data_cntvaluein,lane0,dq7,4,endpoint,1,1965.0,1965.0,1965.0,1965.0,0.0,1965.0
cntvaluein3-skew-locked-seed-40,pass,direct_max,idelay_data_cntvaluein,lane0,dq7,4,endpoint,1,1792.0,1792.0,1792.0,1792.0,0.0,1792.0
cntvaluein3-skew-locked-seed-41,fail,direct_max,idelay_data_cntvaluein,lane0,dq7,4,endpoint,1,1975.0,1975.0,1975.0,1975.0,0.0,1975.0
cntvaluein3-skew-locked-seed-42,pass,direct_max,idelay_data_cntvaluein,lane0,dq7,4,endpoint,1,1896.0,1896.0,1896.0,1896.0,0.0,1896.0
cntvaluein3-skew-locked-seed-43,pass,direct_max,idelay_data_cntvaluein,lane0,dq7,4,endpoint,1,1120.0,1120.0,1120.0,1120.0,0.0,1120.0
cntvaluein3-skew-locked-seed-44,pass,direct_max,idelay_data_cntvaluein,lane0,dq7,4,endpoint,1,1199.0,1199.0,1199.0,1199.0,0.0,1199.0
cntvaluein3-skew-locked-seed-45,fail,direct_max,idelay_data_cntvaluein,lane0,dq7,4,endpoint,1,1445.0,1445.0,1445.0,1445.0,0.0,1445.0
cntvaluein3-skew-locked-seed-46,pass,direct_max,idelay_data_cntvaluein,lane0,dq7,4,endpoint,1,1547.0,1547.0,1547.0,1547.0,0.0,1547.0
cntvaluein3-skew-locked-seed-47,pass,direct_max,idelay_data_cntvaluein,lane0,dq7,4,endpoint,1,2312.0,2312.0,2312.0,2312.0,0.0,2312.0
cntvaluein3-skew-locked-seed-48,fail,direct_max,idelay_data_cntvaluein,lane0,dq7,4,endpoint,1,991.0,991.0,991.0,991.0,0.0,991.0
cntvaluein3-skew-locked-seed-49,pass,direct_max,idelay_data_cntvaluein,lane0,dq7,4,endpoint,1,1649.0,1649.0,1649.0,1649.0,0.0,1649.0
cntvaluein3-skew-locked-seed-50,fail,direct_max,idelay_data_cntvaluein,lane0,dq7,4,endpoint,1,1669.0,1669.0,1669.0,1669.0,0.0,1669.0
cntvaluein3-skew-locked-seed-51,fail,direct_max,idelay_data_cntvaluein,lane0,dq7,4,endpoint,1,1143.0,1143.0,1143.0,1143.0,0.0,1143.0
cntvaluein3-skew-locked-seed-52,fail,direct_max,idelay_data_cntvaluein,lane0,dq7,4,endpoint,1,2115.0,2115.0,2115.0,2115.0,0.0,2115.0
cntvaluein3-skew-locked-seed-53,fail,direct_max,idelay_data_cntvaluein,lane0,dq7,4,endpoint,1,1675.0,1675.0,1675.0,1675.0,0.0,1675.0
cntvaluein3-skew-locked-seed-54,pass,direct_max,idelay_data_cntvaluein,lane0,dq7,4,endpoint,1,1401.0,1401.0,1401.0,1401.0,0.0,1401.0
cntvaluein3-skew-locked-seed-55,pass,direct_max,idelay_data_cntvaluein,lane0,dq7,4,endpoint,1,2450.0,2450.0,2450.0,2450.0,0.0,2450.0
cntvaluein3-skew-locked-seed-56,pass,direct_max,idelay_data_cntvaluein,lane0,dq7,4,endpoint,1,1575.0,1575.0,1575.0,1575.0,0.0,1575.0
cntvaluein3-skew-locked-seed-57,pass,direct_max,idelay_data_cntvaluein,lane0,dq7,4,endpoint,1,2137.0,2137.0,2137.0,2137.0,0.0,2137.0
cntvaluein3-skew-locked-seed-58,pass,direct_max,idelay_data_cntvaluein,lane0,dq7,4,endpoint,1,2191.0,2191.0,2191.0,2191.0,0.0,2191.0
cntvaluein3-skew-locked-seed-59,pass,direct_max,idelay_data_cntvaluein,lane0,dq7,4,endpoint,1,1684.0,1684.0,1684.0,1684.0,0.0,1684.0
cntvaluein3-skew-locked-seed-60,fail,direct_max,idelay_data_cntvaluein,lane0,dq7,4,endpoint,1,1342.0,1342.0,1342.0,1342.0,0.0,1342.0
cntvaluein3-skew-locked-seed-31,pass,direct_max,idelay_data_cntvaluein,lane1,dq10,0,endpoint,1,1493.0,1493.0,1493.0,1493.0,0.0,1493.0
cntvaluein3-skew-locked-seed-32,pass,direct_max,idelay_data_cntvaluein,lane1,dq10,0,endpoint,1,736.0,736.0,736.0,736.0,0.0,736.0
cntvaluein3-skew-locked-seed-33,fail,direct_max,idelay_data_cntvaluein,lane1,dq10,0,endpoint,1,1896.0,1896.0,1896.0,1896.0,0.0,1896.0
cntvaluein3-skew-locked-seed-34,pass,direct_max,idelay_data_cntvaluein,lane1,dq10,0,endpoint,1,973.0,973.0,973.0,973.0,0.0,973.0
cntvaluein3-skew-locked-seed-35,pass,direct_max,idelay_data_cntvaluein,lane1,dq10,0,endpoint,1,549.0,549.0,549.0,549.0,0.0,549.0
cntvaluein3-skew-locked-seed-36,fail,direct_max,idelay_data_cntvaluein,lane1,dq10,0,endpoint,1,1583.0,1583.0,1583.0,1583.0,0.0,1583.0
cntvaluein3-skew-locked-seed-37,pass,direct_max,idelay_data_cntvaluein,lane1,dq10,0,endpoint,1,1500.0,1500.0,1500.0,1500.0,0.0,1500.0
cntvaluein3-skew-locked-seed-38,pass,direct_max,idelay_data_cntvaluein,lane1,dq10,0,endpoint,1,1495.0,1495.0,1495.0,1495.0,0.0,1495.0
cntvaluein3-skew-locked-seed-39,fail,direct_max,idelay_data_cntvaluein,lane1,dq10,0,endpoint,1,1702.0,1702.0,1702.0,1702.0,0.0,1702.0
cntvaluein3-skew-locked-seed-40,pass,direct_max,idelay_data_cntvaluein,lane1,dq10,0,endpoint,1,1383.0,1383.0,1383.0,1383.0,0.0,1383.0
cntvaluein3-skew-locked-seed-41,fail,direct_max,idelay_data_cntvaluein,lane1,dq10,0,endpoint,1,1383.0,1383.0,1383.0,1383.0,0.0,1383.0
cntvaluein3-skew-locked-seed-42,pass,direct_max,idelay_data_cntvaluein,lane1,dq10,0,endpoint,1,1355.0,1355.0,1355.0,1355.0,0.0,1355.0
cntvaluein3-skew-locked-seed-43,pass,direct_max,idelay_data_cntvaluein,lane1,dq10,0,endpoint,1,848.0,848.0,848.0,848.0,0.0,848.0
cntvaluein3-skew-locked-seed-44,pass,direct_max,idelay_data_cntvaluein,lane1,dq10,0,endpoint,1,1009.0,1009.0,1009.0,1009.0,0.0,1009.0
cntvaluein3-skew-locked-seed-45,fail,direct_max,idelay_data_cntvaluein,lane1,dq10,0,endpoint,1,554.0,554.0,554.0,554.0,0.0,554.0
cntvaluein3-skew-locked-seed-46,pass,direct_max,idelay_data_cntvaluein,lane1,dq10,0,endpoint,1,796.0,796.0,796.0,796.0,0.0,796.0
cntvaluein3-skew-locked-seed-47,pass,direct_max,idelay_data_cntvaluein,lane1,dq10,0,endpoint,1,1496.0,1496.0,1496.0,1496.0,0.0,1496.0
cntvaluein3-skew-locked-seed-48,fail,direct_max,idelay_data_cntvaluein,lane1,dq10,0,endpoint,1,916.0,916.0,916.0,916.0,0.0,916.0
cntvaluein3-skew-locked-seed-49,pass,direct_max,idelay_data_cntvaluein,lane1,dq10,0,endpoint,1,1779.0,1779.0,1779.0,1779.0,0.0,1779.0
cntvaluein3-skew-locked-seed-50,fail,direct_max,idelay_data_cntvaluein,lane1,dq10,0,endpoint,1,1274.0,1274.0,1274.0,1274.0,0.0,1274.0
cntvaluein3-skew-locked-seed-51,fail,direct_max,idelay_data_cntvaluein,lane1,dq10,0,endpoint,1,947.0,947.0,947.0,947.0,0.0,947.0
cntvaluein3-skew-locked-seed-52,fail,direct_max,idelay_data_cntvaluein,lane1,dq10,0,endpoint,1,1692.0,1692.0,1692.0,1692.0,0.0,1692.0
cntvaluein3-skew-locked-seed-53,fail,direct_max,idelay_data_cntvaluein,lane1,dq10,0,endpoint,1,1695.0,1695.0,1695.0,1695.0,0.0,1695.0
cntvaluein3-skew-locked-seed-54,pass,direct_max,idelay_data_cntvaluein,lane1,dq10,0,endpoint,1,955.0,955.0,955.0,955.0,0.0,955.0
cntvaluein3-skew-locked-seed-55,pass,direct_max,idelay_data_cntvaluein,lane1,dq10,0,endpoint,1,1590.0,1590.0,1590.0,1590.0,0.0,1590.0
cntvaluein3-skew-locked-seed-56,pass,direct_max,idelay_data_cntvaluein,lane1,dq10,0,endpoint,1,1274.0,1274.0,1274.0,1274.0,0.0,1274.0
cntvaluein3-skew-locked-seed-57,pass,direct_max,idelay_data_cntvaluein,lane1,dq10,0,endpoint,1,1531.0,1531.0,1531.0,1531.0,0.0,1531.0
cntvaluein3-skew-locked-seed-58,pass,direct_max,idelay_data_cntvaluein,lane1,dq10,0,endpoint,1,1167.0,1167.0,1167.0,1167.0,0.0,1167.0
cntvaluein3-skew-locked-seed-59,pass,direct_max,idelay_data_cntvaluein,lane1,dq10,0,endpoint,1,999.0,999.0,999.0,999.0,0.0,999.0
cntvaluein3-skew-locked-seed-60,fail,direct_max,idelay_data_cntvaluein,lane1,dq10,0,endpoint,1,975.0,975.0,975.0,975.0,0.0,975.0
cntvaluein3-skew-locked-seed-31,pass,direct_max,idelay_data_cntvaluein,lane1,dq10,1,endpoint,1,857.0,857.0,857.0,857.0,0.0,857.0
cntvaluein3-skew-locked-seed-32,pass,direct_max,idelay_data_cntvaluein,lane1,dq10,1,endpoint,1,870.0,870.0,870.0,870.0,0.0,870.0
cntvaluein3-skew-locked-seed-33,fail,direct_max,idelay_data_cntvaluein,lane1,dq10,1,endpoint,1,1307.0,1307.0,1307.0,1307.0,0.0,1307.0
cntvaluein3-skew-locked-seed-34,pass,direct_max,idelay_data_cntvaluein,lane1,dq10,1,endpoint,1,857.0,857.0,857.0,857.0,0.0,857.0
cntvaluein3-skew-locked-seed-35,pass,direct_max,idelay_data_cntvaluein,lane1,dq10,1,endpoint,1,587.0,587.0,587.0,587.0,0.0,587.0
cntvaluein3-skew-locked-seed-36,fail,direct_max,idelay_data_cntvaluein,lane1,dq10,1,endpoint,1,1368.0,1368.0,1368.0,1368.0,0.0,1368.0
cntvaluein3-skew-locked-seed-37,pass,direct_max,idelay_data_cntvaluein,lane1,dq10,1,endpoint,1,1557.0,1557.0,1557.0,1557.0,0.0,1557.0
cntvaluein3-skew-locked-seed-38,pass,direct_max,idelay_data_cntvaluein,lane1,dq10,1,endpoint,1,1710.0,1710.0,1710.0,1710.0,0.0,1710.0
cntvaluein3-skew-locked-seed-39,fail,direct_max,idelay_data_cntvaluein,lane1,dq10,1,endpoint,1,1307.0,1307.0,1307.0,1307.0,0.0,1307.0
cntvaluein3-skew-locked-seed-40,pass,direct_max,idelay_data_cntvaluein,lane1,dq10,1,endpoint,1,1524.0,1524.0,1524.0,1524.0,0.0,1524.0
cntvaluein3-skew-locked-seed-41,fail,direct_max,idelay_data_cntvaluein,lane1,dq10,1,endpoint,1,1333.0,1333.0,1333.0,1333.0,0.0,1333.0
cntvaluein3-skew-locked-seed-42,pass,direct_max,idelay_data_cntvaluein,lane1,dq10,1,endpoint,1,1661.0,1661.0,1661.0,1661.0,0.0,1661.0
cntvaluein3-skew-locked-seed-43,pass,direct_max,idelay_data_cntvaluein,lane1,dq10,1,endpoint,1,634.0,634.0,634.0,634.0,0.0,634.0
cntvaluein3-skew-locked-seed-44,pass,direct_max,idelay_data_cntvaluein,lane1,dq10,1,endpoint,1,912.0,912.0,912.0,912.0,0.0,912.0
cntvaluein3-skew-locked-seed-45,fail,direct_max,idelay_data_cntvaluein,lane1,dq10,1,endpoint,1,940.0,940.0,940.0,940.0,0.0,940.0
cntvaluein3-skew-locked-seed-46,pass,direct_max,idelay_data_cntvaluein,lane1,dq10,1,endpoint,1,861.0,861.0,861.0,861.0,0.0,861.0
cntvaluein3-skew-locked-seed-47,pass,direct_max,idelay_data_cntvaluein,lane1,dq10,1,endpoint,1,2094.0,2094.0,2094.0,2094.0,0.0,2094.0
cntvaluein3-skew-locked-seed-48,fail,direct_max,idelay_data_cntvaluein,lane1,dq10,1,endpoint,1,1077.0,1077.0,1077.0,1077.0,0.0,1077.0
cntvaluein3-skew-locked-seed-49,pass,direct_max,idelay_data_cntvaluein,lane1,dq10,1,endpoint,1,1807.0,1807.0,1807.0,1807.0,0.0,1807.0
cntvaluein3-skew-locked-seed-50,fail,direct_max,idelay_data_cntvaluein,lane1,dq10,1,endpoint,1,1396.0,1396.0,1396.0,1396.0,0.0,1396.0
cntvaluein3-skew-locked-seed-51,fail,direct_max,idelay_data_cntvaluein,lane1,dq10,1,endpoint,1,541.0,541.0,541.0,541.0,0.0,541.0
cntvaluein3-skew-locked-seed-52,fail,direct_max,idelay_data_cntvaluein,lane1,dq10,1,endpoint,1,1779.0,1779.0,1779.0,1779.0,0.0,1779.0
cntvaluein3-skew-locked-seed-53,fail,direct_max,idelay_data_cntvaluein,lane1,dq10,1,endpoint,1,1264.0,1264.0,1264.0,1264.0,0.0,1264.0
cntvaluein3-skew-locked-seed-54,pass,direct_max,idelay_data_cntvaluein,lane1,dq10,1,endpoint,1,1019.0,1019.0,1019.0,1019.0,0.0,1019.0
cntvaluein3-skew-locked-seed-55,pass,direct_max,idelay_data_cntvaluein,lane1,dq10,1,endpoint,1,1564.0,1564.0,1564.0,1564.0,0.0,1564.0
cntvaluein3-skew-locked-seed-56,pass,direct_max,idelay_data_cntvaluein,lane1,dq10,1,endpoint,1,1855.0,1855.0,1855.0,1855.0,0.0,1855.0
cntvaluein3-skew-locked-seed-57,pass,direct_max,idelay_data_cntvaluein,lane1,dq10,1,endpoint,1,1282.0,1282.0,1282.0,1282.0,0.0,1282.0
cntvaluein3-skew-locked-seed-58,pass,direct_max,idelay_data_cntvaluein,lane1,dq10,1,endpoint,1,1208.0,1208.0,1208.0,1208.0,0.0,1208.0
cntvaluein3-skew-locked-seed-59,pass,direct_max,idelay_data_cntvaluein,lane1,dq10,1,endpoint,1,1578.0,1578.0,1578.0,1578.0,0.0,1578.0
cntvaluein3-skew-locked-seed-60,fail,direct_max,idelay_data_cntvaluein,lane1,dq10,1,endpoint,1,1368.0,1368.0,1368.0,1368.0,0.0,1368.0
cntvaluein3-skew-locked-seed-31,pass,direct_max,idelay_data_cntvaluein,lane1,dq10,2,endpoint,1,1575.0,1575.0,1575.0,1575.0,0.0,1575.0
cntvaluein3-skew-locked-seed-32,pass,direct_max,idelay_data_cntvaluein,lane1,dq10,2,endpoint,1,680.0,680.0,680.0,680.0,0.0,680.0
cntvaluein3-skew-locked-seed-33,fail,direct_max,idelay_data_cntvaluein,lane1,dq10,2,endpoint,1,1462.0,1462.0,1462.0,1462.0,0.0,1462.0
cntvaluein3-skew-locked-seed-34,pass,direct_max,idelay_data_cntvaluein,lane1,dq10,2,endpoint,1,889.0,889.0,889.0,889.0,0.0,889.0
cntvaluein3-skew-locked-seed-35,pass,direct_max,idelay_data_cntvaluein,lane1,dq10,2,endpoint,1,707.0,707.0,707.0,707.0,0.0,707.0
cntvaluein3-skew-locked-seed-36,fail,direct_max,idelay_data_cntvaluein,lane1,dq10,2,endpoint,1,1639.0,1639.0,1639.0,1639.0,0.0,1639.0
cntvaluein3-skew-locked-seed-37,pass,direct_max,idelay_data_cntvaluein,lane1,dq10,2,endpoint,1,1858.0,1858.0,1858.0,1858.0,0.0,1858.0
cntvaluein3-skew-locked-seed-38,pass,direct_max,idelay_data_cntvaluein,lane1,dq10,2,endpoint,1,1695.0,1695.0,1695.0,1695.0,0.0,1695.0
cntvaluein3-skew-locked-seed-39,fail,direct_max,idelay_data_cntvaluein,lane1,dq10,2,endpoint,1,1855.0,1855.0,1855.0,1855.0,0.0,1855.0
cntvaluein3-skew-locked-seed-40,pass,direct_max,idelay_data_cntvaluein,lane1,dq10,2,endpoint,1,1345.0,1345.0,1345.0,1345.0,0.0,1345.0
cntvaluein3-skew-locked-seed-41,fail,direct_max,idelay_data_cntvaluein,lane1,dq10,2,endpoint,1,1228.0,1228.0,1228.0,1228.0,0.0,1228.0
cntvaluein3-skew-locked-seed-42,pass,direct_max,idelay_data_cntvaluein,lane1,dq10,2,endpoint,1,1621.0,1621.0,1621.0,1621.0,0.0,1621.0
cntvaluein3-skew-locked-seed-43,pass,direct_max,idelay_data_cntvaluein,lane1,dq10,2,endpoint,1,651.0,651.0,651.0,651.0,0.0,651.0
cntvaluein3-skew-locked-seed-44,pass,direct_max,idelay_data_cntvaluein,lane1,dq10,2,endpoint,1,943.0,943.0,943.0,943.0,0.0,943.0
cntvaluein3-skew-locked-seed-45,fail,direct_max,idelay_data_cntvaluein,lane1,dq10,2,endpoint,1,661.0,661.0,661.0,661.0,0.0,661.0
cntvaluein3-skew-locked-seed-46,pass,direct_max,idelay_data_cntvaluein,lane1,dq10,2,endpoint,1,865.0,865.0,865.0,865.0,0.0,865.0
cntvaluein3-skew-locked-seed-47,pass,direct_max,idelay_data_cntvaluein,lane1,dq10,2,endpoint,1,1559.0,1559.0,1559.0,1559.0,0.0,1559.0
cntvaluein3-skew-locked-seed-48,fail,direct_max,idelay_data_cntvaluein,lane1,dq10,2,endpoint,1,1023.0,1023.0,1023.0,1023.0,0.0,1023.0
cntvaluein3-skew-locked-seed-49,pass,direct_max,idelay_data_cntvaluein,lane1,dq10,2,endpoint,1,1067.0,1067.0,1067.0,1067.0,0.0,1067.0
cntvaluein3-skew-locked-seed-50,fail,direct_max,idelay_data_cntvaluein,lane1,dq10,2,endpoint,1,1544.0,1544.0,1544.0,1544.0,0.0,1544.0
cntvaluein3-skew-locked-seed-51,fail,direct_max,idelay_data_cntvaluein,lane1,dq10,2,endpoint,1,778.0,778.0,778.0,778.0,0.0,778.0
cntvaluein3-skew-locked-seed-52,fail,direct_max,idelay_data_cntvaluein,lane1,dq10,2,endpoint,1,2009.0,2009.0,2009.0,2009.0,0.0,2009.0
cntvaluein3-skew-locked-seed-53,fail,direct_max,idelay_data_cntvaluein,lane1,dq10,2,endpoint,1,1440.0,1440.0,1440.0,1440.0,0.0,1440.0
cntvaluein3-skew-locked-seed-54,pass,direct_max,idelay_data_cntvaluein,lane1,dq10,2,endpoint,1,813.0,813.0,813.0,813.0,0.0,813.0
cntvaluein3-skew-locked-seed-55,pass,direct_max,idelay_data_cntvaluein,lane1,dq10,2,endpoint,1,1577.0,1577.0,1577.0,1577.0,0.0,1577.0
cntvaluein3-skew-locked-seed-56,pass,direct_max,idelay_data_cntvaluein,lane1,dq10,2,endpoint,1,970.0,970.0,970.0,970.0,0.0,970.0
cntvaluein3-skew-locked-seed-57,pass,direct_max,idelay_data_cntvaluein,lane1,dq10,2,endpoint,1,1348.0,1348.0,1348.0,1348.0,0.0,1348.0
cntvaluein3-skew-locked-seed-58,pass,direct_max,idelay_data_cntvaluein,lane1,dq10,2,endpoint,1,1567.0,1567.0,1567.0,1567.0,0.0,1567.0
cntvaluein3-skew-locked-seed-59,pass,direct_max,idelay_data_cntvaluein,lane1,dq10,2,endpoint,1,1269.0,1269.0,1269.0,1269.0,0.0,1269.0
cntvaluein3-skew-locked-seed-60,fail,direct_max,idelay_data_cntvaluein,lane1,dq10,2,endpoint,1,1467.0,1467.0,1467.0,1467.0,0.0,1467.0
cntvaluein3-skew-locked-seed-31,pass,direct_max,idelay_data_cntvaluein,lane1,dq10,3,endpoint,1,2117.0,2117.0,2117.0,2117.0,0.0,2117.0
cntvaluein3-skew-locked-seed-32,pass,direct_max,idelay_data_cntvaluein,lane1,dq10,3,endpoint,1,1856.0,1856.0,1856.0,1856.0,0.0,1856.0
cntvaluein3-skew-locked-seed-33,fail,direct_max,idelay_data_cntvaluein,lane1,dq10,3,endpoint,1,1666.0,1666.0,1666.0,1666.0,0.0,1666.0
cntvaluein3-skew-locked-seed-34,pass,direct_max,idelay_data_cntvaluein,lane1,dq10,3,endpoint,1,2026.0,2026.0,2026.0,2026.0,0.0,2026.0
cntvaluein3-skew-locked-seed-35,pass,direct_max,idelay_data_cntvaluein,lane1,dq10,3,endpoint,1,1838.0,1838.0,1838.0,1838.0,0.0,1838.0
cntvaluein3-skew-locked-seed-36,fail,direct_max,idelay_data_cntvaluein,lane1,dq10,3,endpoint,1,1741.0,1741.0,1741.0,1741.0,0.0,1741.0
cntvaluein3-skew-locked-seed-37,pass,direct_max,idelay_data_cntvaluein,lane1,dq10,3,endpoint,1,1524.0,1524.0,1524.0,1524.0,0.0,1524.0
cntvaluein3-skew-locked-seed-38,pass,direct_max,idelay_data_cntvaluein,lane1,dq10,3,endpoint,1,1606.0,1606.0,1606.0,1606.0,0.0,1606.0
cntvaluein3-skew-locked-seed-39,fail,direct_max,idelay_data_cntvaluein,lane1,dq10,3,endpoint,1,1930.0,1930.0,1930.0,1930.0,0.0,1930.0
cntvaluein3-skew-locked-seed-40,pass,direct_max,idelay_data_cntvaluein,lane1,dq10,3,endpoint,1,1638.0,1638.0,1638.0,1638.0,0.0,1638.0
cntvaluein3-skew-locked-seed-41,fail,direct_max,idelay_data_cntvaluein,lane1,dq10,3,endpoint,1,1659.0,1659.0,1659.0,1659.0,0.0,1659.0
cntvaluein3-skew-locked-seed-42,pass,direct_max,idelay_data_cntvaluein,lane1,dq10,3,endpoint,1,1271.0,1271.0,1271.0,1271.0,0.0,1271.0
cntvaluein3-skew-locked-seed-43,pass,direct_max,idelay_data_cntvaluein,lane1,dq10,3,endpoint,1,2086.0,2086.0,2086.0,2086.0,0.0,2086.0
cntvaluein3-skew-locked-seed-44,pass,direct_max,idelay_data_cntvaluein,lane1,dq10,3,endpoint,1,1763.0,1763.0,1763.0,1763.0,0.0,1763.0
cntvaluein3-skew-locked-seed-45,fail,direct_max,idelay_data_cntvaluein,lane1,dq10,3,endpoint,1,1340.0,1340.0,1340.0,1340.0,0.0,1340.0
cntvaluein3-skew-locked-seed-46,pass,direct_max,idelay_data_cntvaluein,lane1,dq10,3,endpoint,1,1575.0,1575.0,1575.0,1575.0,0.0,1575.0
cntvaluein3-skew-locked-seed-47,pass,direct_max,idelay_data_cntvaluein,lane1,dq10,3,endpoint,1,1684.0,1684.0,1684.0,1684.0,0.0,1684.0
cntvaluein3-skew-locked-seed-48,fail,direct_max,idelay_data_cntvaluein,lane1,dq10,3,endpoint,1,2061.0,2061.0,2061.0,2061.0,0.0,2061.0
cntvaluein3-skew-locked-seed-49,pass,direct_max,idelay_data_cntvaluein,lane1,dq10,3,endpoint,1,2028.0,2028.0,2028.0,2028.0,0.0,2028.0
cntvaluein3-skew-locked-seed-50,fail,direct_max,idelay_data_cntvaluein,lane1,dq10,3,endpoint,1,1718.0,1718.0,1718.0,1718.0,0.0,1718.0
cntvaluein3-skew-locked-seed-51,fail,direct_max,idelay_data_cntvaluein,lane1,dq10,3,endpoint,1,1871.0,1871.0,1871.0,1871.0,0.0,1871.0
cntvaluein3-skew-locked-seed-52,fail,direct_max,idelay_data_cntvaluein,lane1,dq10,3,endpoint,1,1241.0,1241.0,1241.0,1241.0,0.0,1241.0
cntvaluein3-skew-locked-seed-53,fail,direct_max,idelay_data_cntvaluein,lane1,dq10,3,endpoint,1,1800.0,1800.0,1800.0,1800.0,0.0,1800.0
cntvaluein3-skew-locked-seed-54,pass,direct_max,idelay_data_cntvaluein,lane1,dq10,3,endpoint,1,1748.0,1748.0,1748.0,1748.0,0.0,1748.0
cntvaluein3-skew-locked-seed-55,pass,direct_max,idelay_data_cntvaluein,lane1,dq10,3,endpoint,1,1675.0,1675.0,1675.0,1675.0,0.0,1675.0
cntvaluein3-skew-locked-seed-56,pass,direct_max,idelay_data_cntvaluein,lane1,dq10,3,endpoint,1,1411.0,1411.0,1411.0,1411.0,0.0,1411.0
cntvaluein3-skew-locked-seed-57,pass,direct_max,idelay_data_cntvaluein,lane1,dq10,3,endpoint,1,2249.0,2249.0,2249.0,2249.0,0.0,2249.0
cntvaluein3-skew-locked-seed-58,pass,direct_max,idelay_data_cntvaluein,lane1,dq10,3,endpoint,1,1324.0,1324.0,1324.0,1324.0,0.0,1324.0
cntvaluein3-skew-locked-seed-59,pass,direct_max,idelay_data_cntvaluein,lane1,dq10,3,endpoint,1,1475.0,1475.0,1475.0,1475.0,0.0,1475.0
cntvaluein3-skew-locked-seed-60,fail,direct_max,idelay_data_cntvaluein,lane1,dq10,3,endpoint,1,1861.0,1861.0,1861.0,1861.0,0.0,1861.0
cntvaluein3-skew-locked-seed-31,pass,direct_max,idelay_data_cntvaluein,lane1,dq10,4,endpoint,1,1350.0,1350.0,1350.0,1350.0,0.0,1350.0
cntvaluein3-skew-locked-seed-32,pass,direct_max,idelay_data_cntvaluein,lane1,dq10,4,endpoint,1,934.0,934.0,934.0,934.0,0.0,934.0
cntvaluein3-skew-locked-seed-33,fail,direct_max,idelay_data_cntvaluein,lane1,dq10,4,endpoint,1,1457.0,1457.0,1457.0,1457.0,0.0,1457.0
cntvaluein3-skew-locked-seed-34,pass,direct_max,idelay_data_cntvaluein,lane1,dq10,4,endpoint,1,999.0,999.0,999.0,999.0,0.0,999.0
cntvaluein3-skew-locked-seed-35,pass,direct_max,idelay_data_cntvaluein,lane1,dq10,4,endpoint,1,754.0,754.0,754.0,754.0,0.0,754.0
cntvaluein3-skew-locked-seed-36,fail,direct_max,idelay_data_cntvaluein,lane1,dq10,4,endpoint,1,1351.0,1351.0,1351.0,1351.0,0.0,1351.0
cntvaluein3-skew-locked-seed-37,pass,direct_max,idelay_data_cntvaluein,lane1,dq10,4,endpoint,1,1590.0,1590.0,1590.0,1590.0,0.0,1590.0
cntvaluein3-skew-locked-seed-38,pass,direct_max,idelay_data_cntvaluein,lane1,dq10,4,endpoint,1,1988.0,1988.0,1988.0,1988.0,0.0,1988.0
cntvaluein3-skew-locked-seed-39,fail,direct_max,idelay_data_cntvaluein,lane1,dq10,4,endpoint,1,1590.0,1590.0,1590.0,1590.0,0.0,1590.0
cntvaluein3-skew-locked-seed-40,pass,direct_max,idelay_data_cntvaluein,lane1,dq10,4,endpoint,1,1381.0,1381.0,1381.0,1381.0,0.0,1381.0
cntvaluein3-skew-locked-seed-41,fail,direct_max,idelay_data_cntvaluein,lane1,dq10,4,endpoint,1,1524.0,1524.0,1524.0,1524.0,0.0,1524.0
cntvaluein3-skew-locked-seed-42,pass,direct_max,idelay_data_cntvaluein,lane1,dq10,4,endpoint,1,1692.0,1692.0,1692.0,1692.0,0.0,1692.0
cntvaluein3-skew-locked-seed-43,pass,direct_max,idelay_data_cntvaluein,lane1,dq10,4,endpoint,1,828.0,828.0,828.0,828.0,0.0,828.0
cntvaluein3-skew-locked-seed-44,pass,direct_max,idelay_data_cntvaluein,lane1,dq10,4,endpoint,1,745.0,745.0,745.0,745.0,0.0,745.0
cntvaluein3-skew-locked-seed-45,fail,direct_max,idelay_data_cntvaluein,lane1,dq10,4,endpoint,1,592.0,592.0,592.0,592.0,0.0,592.0
cntvaluein3-skew-locked-seed-46,pass,direct_max,idelay_data_cntvaluein,lane1,dq10,4,endpoint,1,939.0,939.0,939.0,939.0,0.0,939.0
cntvaluein3-skew-locked-seed-47,pass,direct_max,idelay_data_cntvaluein,lane1,dq10,4,endpoint,1,1731.0,1731.0,1731.0,1731.0,0.0,1731.0
cntvaluein3-skew-locked-seed-48,fail,direct_max,idelay_data_cntvaluein,lane1,dq10,4,endpoint,1,684.0,684.0,684.0,684.0,0.0,684.0
cntvaluein3-skew-locked-seed-49,pass,direct_max,idelay_data_cntvaluein,lane1,dq10,4,endpoint,1,1449.0,1449.0,1449.0,1449.0,0.0,1449.0
cntvaluein3-skew-locked-seed-50,fail,direct_max,idelay_data_cntvaluein,lane1,dq10,4,endpoint,1,1430.0,1430.0,1430.0,1430.0,0.0,1430.0
cntvaluein3-skew-locked-seed-51,fail,direct_max,idelay_data_cntvaluein,lane1,dq10,4,endpoint,1,981.0,981.0,981.0,981.0,0.0,981.0
cntvaluein3-skew-locked-seed-52,fail,direct_max,idelay_data_cntvaluein,lane1,dq10,4,endpoint,1,1745.0,1745.0,1745.0,1745.0,0.0,1745.0
cntvaluein3-skew-locked-seed-53,fail,direct_max,idelay_data_cntvaluein,lane1,dq10,4,endpoint,1,1172.0,1172.0,1172.0,1172.0,0.0,1172.0
cntvaluein3-skew-locked-seed-54,pass,direct_max,idelay_data_cntvaluein,lane1,dq10,4,endpoint,1,651.0,651.0,651.0,651.0,0.0,651.0
cntvaluein3-skew-locked-seed-55,pass,direct_max,idelay_data_cntvaluein,lane1,dq10,4,endpoint,1,1853.0,1853.0,1853.0,1853.0,0.0,1853.0
cntvaluein3-skew-locked-seed-56,pass,direct_max,idelay_data_cntvaluein,lane1,dq10,4,endpoint,1,1398.0,1398.0,1398.0,1398.0,0.0,1398.0
cntvaluein3-skew-locked-seed-57,pass,direct_max,idelay_data_cntvaluein,lane1,dq10,4,endpoint,1,1659.0,1659.0,1659.0,1659.0,0.0,1659.0
cntvaluein3-skew-locked-seed-58,pass,direct_max,idelay_data_cntvaluein,lane1,dq10,4,endpoint,1,1611.0,1611.0,1611.0,1611.0,0.0,1611.0
cntvaluein3-skew-locked-seed-59,pass,direct_max,idelay_data_cntvaluein,lane1,dq10,4,endpoint,1,1536.0,1536.0,1536.0,1536.0,0.0,1536.0
cntvaluein3-skew-locked-seed-60,fail,direct_max,idelay_data_cntvaluein,lane1,dq10,4,endpoint,1,1103.0,1103.0,1103.0,1103.0,0.0,1103.0
cntvaluein3-skew-locked-seed-31,pass,direct_max,idelay_data_cntvaluein,lane1,dq11,0,endpoint,1,1373.0,1373.0,1373.0,1373.0,0.0,1373.0
cntvaluein3-skew-locked-seed-32,pass,direct_max,idelay_data_cntvaluein,lane1,dq11,0,endpoint,1,540.0,540.0,540.0,540.0,0.0,540.0
cntvaluein3-skew-locked-seed-33,fail,direct_max,idelay_data_cntvaluein,lane1,dq11,0,endpoint,1,1702.0,1702.0,1702.0,1702.0,0.0,1702.0
cntvaluein3-skew-locked-seed-34,pass,direct_max,idelay_data_cntvaluein,lane1,dq11,0,endpoint,1,711.0,711.0,711.0,711.0,0.0,711.0
cntvaluein3-skew-locked-seed-35,pass,direct_max,idelay_data_cntvaluein,lane1,dq11,0,endpoint,1,587.0,587.0,587.0,587.0,0.0,587.0
cntvaluein3-skew-locked-seed-36,fail,direct_max,idelay_data_cntvaluein,lane1,dq11,0,endpoint,1,1623.0,1623.0,1623.0,1623.0,0.0,1623.0
cntvaluein3-skew-locked-seed-37,pass,direct_max,idelay_data_cntvaluein,lane1,dq11,0,endpoint,1,1444.0,1444.0,1444.0,1444.0,0.0,1444.0
cntvaluein3-skew-locked-seed-38,pass,direct_max,idelay_data_cntvaluein,lane1,dq11,0,endpoint,1,1310.0,1310.0,1310.0,1310.0,0.0,1310.0
cntvaluein3-skew-locked-seed-39,fail,direct_max,idelay_data_cntvaluein,lane1,dq11,0,endpoint,1,1611.0,1611.0,1611.0,1611.0,0.0,1611.0
cntvaluein3-skew-locked-seed-40,pass,direct_max,idelay_data_cntvaluein,lane1,dq11,0,endpoint,1,1541.0,1541.0,1541.0,1541.0,0.0,1541.0
cntvaluein3-skew-locked-seed-41,fail,direct_max,idelay_data_cntvaluein,lane1,dq11,0,endpoint,1,1123.0,1123.0,1123.0,1123.0,0.0,1123.0
cntvaluein3-skew-locked-seed-42,pass,direct_max,idelay_data_cntvaluein,lane1,dq11,0,endpoint,1,1266.0,1266.0,1266.0,1266.0,0.0,1266.0
cntvaluein3-skew-locked-seed-43,pass,direct_max,idelay_data_cntvaluein,lane1,dq11,0,endpoint,1,537.0,537.0,537.0,537.0,0.0,537.0
cntvaluein3-skew-locked-seed-44,pass,direct_max,idelay_data_cntvaluein,lane1,dq11,0,endpoint,1,795.0,795.0,795.0,795.0,0.0,795.0
cntvaluein3-skew-locked-seed-45,fail,direct_max,idelay_data_cntvaluein,lane1,dq11,0,endpoint,1,626.0,626.0,626.0,626.0,0.0,626.0
cntvaluein3-skew-locked-seed-46,pass,direct_max,idelay_data_cntvaluein,lane1,dq11,0,endpoint,1,667.0,667.0,667.0,667.0,0.0,667.0
cntvaluein3-skew-locked-seed-47,pass,direct_max,idelay_data_cntvaluein,lane1,dq11,0,endpoint,1,1539.0,1539.0,1539.0,1539.0,0.0,1539.0
cntvaluein3-skew-locked-seed-48,fail,direct_max,idelay_data_cntvaluein,lane1,dq11,0,endpoint,1,796.0,796.0,796.0,796.0,0.0,796.0
cntvaluein3-skew-locked-seed-49,pass,direct_max,idelay_data_cntvaluein,lane1,dq11,0,endpoint,1,1562.0,1562.0,1562.0,1562.0,0.0,1562.0
cntvaluein3-skew-locked-seed-50,fail,direct_max,idelay_data_cntvaluein,lane1,dq11,0,endpoint,1,1111.0,1111.0,1111.0,1111.0,0.0,1111.0
cntvaluein3-skew-locked-seed-51,fail,direct_max,idelay_data_cntvaluein,lane1,dq11,0,endpoint,1,871.0,871.0,871.0,871.0,0.0,871.0
cntvaluein3-skew-locked-seed-52,fail,direct_max,idelay_data_cntvaluein,lane1,dq11,0,endpoint,1,1488.0,1488.0,1488.0,1488.0,0.0,1488.0
cntvaluein3-skew-locked-seed-53,fail,direct_max,idelay_data_cntvaluein,lane1,dq11,0,endpoint,1,1590.0,1590.0,1590.0,1590.0,0.0,1590.0
cntvaluein3-skew-locked-seed-54,pass,direct_max,idelay_data_cntvaluein,lane1,dq11,0,endpoint,1,870.0,870.0,870.0,870.0,0.0,870.0
cntvaluein3-skew-locked-seed-55,pass,direct_max,idelay_data_cntvaluein,lane1,dq11,0,endpoint,1,1625.0,1625.0,1625.0,1625.0,0.0,1625.0
cntvaluein3-skew-locked-seed-56,pass,direct_max,idelay_data_cntvaluein,lane1,dq11,0,endpoint,1,1228.0,1228.0,1228.0,1228.0,0.0,1228.0
cntvaluein3-skew-locked-seed-57,pass,direct_max,idelay_data_cntvaluein,lane1,dq11,0,endpoint,1,1707.0,1707.0,1707.0,1707.0,0.0,1707.0
cntvaluein3-skew-locked-seed-58,pass,direct_max,idelay_data_cntvaluein,lane1,dq11,0,endpoint,1,1154.0,1154.0,1154.0,1154.0,0.0,1154.0
cntvaluein3-skew-locked-seed-59,pass,direct_max,idelay_data_cntvaluein,lane1,dq11,0,endpoint,1,1205.0,1205.0,1205.0,1205.0,0.0,1205.0
cntvaluein3-skew-locked-seed-60,fail,direct_max,idelay_data_cntvaluein,lane1,dq11,0,endpoint,1,985.0,985.0,985.0,985.0,0.0,985.0
cntvaluein3-skew-locked-seed-31,pass,direct_max,idelay_data_cntvaluein,lane1,dq11,1,endpoint,1,981.0,981.0,981.0,981.0,0.0,981.0
cntvaluein3-skew-locked-seed-32,pass,direct_max,idelay_data_cntvaluein,lane1,dq11,1,endpoint,1,819.0,819.0,819.0,819.0,0.0,819.0
cntvaluein3-skew-locked-seed-33,fail,direct_max,idelay_data_cntvaluein,lane1,dq11,1,endpoint,1,1292.0,1292.0,1292.0,1292.0,0.0,1292.0
cntvaluein3-skew-locked-seed-34,pass,direct_max,idelay_data_cntvaluein,lane1,dq11,1,endpoint,1,691.0,691.0,691.0,691.0,0.0,691.0
cntvaluein3-skew-locked-seed-35,pass,direct_max,idelay_data_cntvaluein,lane1,dq11,1,endpoint,1,407.0,407.0,407.0,407.0,0.0,407.0
cntvaluein3-skew-locked-seed-36,fail,direct_max,idelay_data_cntvaluein,lane1,dq11,1,endpoint,1,1491.0,1491.0,1491.0,1491.0,0.0,1491.0
cntvaluein3-skew-locked-seed-37,pass,direct_max,idelay_data_cntvaluein,lane1,dq11,1,endpoint,1,1488.0,1488.0,1488.0,1488.0,0.0,1488.0
cntvaluein3-skew-locked-seed-38,pass,direct_max,idelay_data_cntvaluein,lane1,dq11,1,endpoint,1,1519.0,1519.0,1519.0,1519.0,0.0,1519.0
cntvaluein3-skew-locked-seed-39,fail,direct_max,idelay_data_cntvaluein,lane1,dq11,1,endpoint,1,1585.0,1585.0,1585.0,1585.0,0.0,1585.0
cntvaluein3-skew-locked-seed-40,pass,direct_max,idelay_data_cntvaluein,lane1,dq11,1,endpoint,1,1524.0,1524.0,1524.0,1524.0,0.0,1524.0
cntvaluein3-skew-locked-seed-41,fail,direct_max,idelay_data_cntvaluein,lane1,dq11,1,endpoint,1,1207.0,1207.0,1207.0,1207.0,0.0,1207.0
cntvaluein3-skew-locked-seed-42,pass,direct_max,idelay_data_cntvaluein,lane1,dq11,1,endpoint,1,1648.0,1648.0,1648.0,1648.0,0.0,1648.0
cntvaluein3-skew-locked-seed-43,pass,direct_max,idelay_data_cntvaluein,lane1,dq11,1,endpoint,1,542.0,542.0,542.0,542.0,0.0,542.0
cntvaluein3-skew-locked-seed-44,pass,direct_max,idelay_data_cntvaluein,lane1,dq11,1,endpoint,1,820.0,820.0,820.0,820.0,0.0,820.0
cntvaluein3-skew-locked-seed-45,fail,direct_max,idelay_data_cntvaluein,lane1,dq11,1,endpoint,1,708.0,708.0,708.0,708.0,0.0,708.0
cntvaluein3-skew-locked-seed-46,pass,direct_max,idelay_data_cntvaluein,lane1,dq11,1,endpoint,1,985.0,985.0,985.0,985.0,0.0,985.0
cntvaluein3-skew-locked-seed-47,pass,direct_max,idelay_data_cntvaluein,lane1,dq11,1,endpoint,1,1850.0,1850.0,1850.0,1850.0,0.0,1850.0
cntvaluein3-skew-locked-seed-48,fail,direct_max,idelay_data_cntvaluein,lane1,dq11,1,endpoint,1,856.0,856.0,856.0,856.0,0.0,856.0
cntvaluein3-skew-locked-seed-49,pass,direct_max,idelay_data_cntvaluein,lane1,dq11,1,endpoint,1,1588.0,1588.0,1588.0,1588.0,0.0,1588.0
cntvaluein3-skew-locked-seed-50,fail,direct_max,idelay_data_cntvaluein,lane1,dq11,1,endpoint,1,1302.0,1302.0,1302.0,1302.0,0.0,1302.0
cntvaluein3-skew-locked-seed-51,fail,direct_max,idelay_data_cntvaluein,lane1,dq11,1,endpoint,1,451.0,451.0,451.0,451.0,0.0,451.0
cntvaluein3-skew-locked-seed-52,fail,direct_max,idelay_data_cntvaluein,lane1,dq11,1,endpoint,1,1651.0,1651.0,1651.0,1651.0,0.0,1651.0
cntvaluein3-skew-locked-seed-53,fail,direct_max,idelay_data_cntvaluein,lane1,dq11,1,endpoint,1,1347.0,1347.0,1347.0,1347.0,0.0,1347.0
cntvaluein3-skew-locked-seed-54,pass,direct_max,idelay_data_cntvaluein,lane1,dq11,1,endpoint,1,694.0,694.0,694.0,694.0,0.0,694.0
cntvaluein3-skew-locked-seed-55,pass,direct_max,idelay_data_cntvaluein,lane1,dq11,1,endpoint,1,1600.0,1600.0,1600.0,1600.0,0.0,1600.0
cntvaluein3-skew-locked-seed-56,pass,direct_max,idelay_data_cntvaluein,lane1,dq11,1,endpoint,1,1733.0,1733.0,1733.0,1733.0,0.0,1733.0
cntvaluein3-skew-locked-seed-57,pass,direct_max,idelay_data_cntvaluein,lane1,dq11,1,endpoint,1,1235.0,1235.0,1235.0,1235.0,0.0,1235.0
cntvaluein3-skew-locked-seed-58,pass,direct_max,idelay_data_cntvaluein,lane1,dq11,1,endpoint,1,1111.0,1111.0,1111.0,1111.0,0.0,1111.0
cntvaluein3-skew-locked-seed-59,pass,direct_max,idelay_data_cntvaluein,lane1,dq11,1,endpoint,1,1450.0,1450.0,1450.0,1450.0,0.0,1450.0
cntvaluein3-skew-locked-seed-60,fail,direct_max,idelay_data_cntvaluein,lane1,dq11,1,endpoint,1,1231.0,1231.0,1231.0,1231.0,0.0,1231.0
cntvaluein3-skew-locked-seed-31,pass,direct_max,idelay_data_cntvaluein,lane1,dq11,2,endpoint,1,1289.0,1289.0,1289.0,1289.0,0.0,1289.0
cntvaluein3-skew-locked-seed-32,pass,direct_max,idelay_data_cntvaluein,lane1,dq11,2,endpoint,1,689.0,689.0,689.0,689.0,0.0,689.0
cntvaluein3-skew-locked-seed-33,fail,direct_max,idelay_data_cntvaluein,lane1,dq11,2,endpoint,1,1355.0,1355.0,1355.0,1355.0,0.0,1355.0
cntvaluein3-skew-locked-seed-34,pass,direct_max,idelay_data_cntvaluein,lane1,dq11,2,endpoint,1,801.0,801.0,801.0,801.0,0.0,801.0
cntvaluein3-skew-locked-seed-35,pass,direct_max,idelay_data_cntvaluein,lane1,dq11,2,endpoint,1,637.0,637.0,637.0,637.0,0.0,637.0
cntvaluein3-skew-locked-seed-36,fail,direct_max,idelay_data_cntvaluein,lane1,dq11,2,endpoint,1,1804.0,1804.0,1804.0,1804.0,0.0,1804.0
cntvaluein3-skew-locked-seed-37,pass,direct_max,idelay_data_cntvaluein,lane1,dq11,2,endpoint,1,1667.0,1667.0,1667.0,1667.0,0.0,1667.0
cntvaluein3-skew-locked-seed-38,pass,direct_max,idelay_data_cntvaluein,lane1,dq11,2,endpoint,1,1652.0,1652.0,1652.0,1652.0,0.0,1652.0
cntvaluein3-skew-locked-seed-39,fail,direct_max,idelay_data_cntvaluein,lane1,dq11,2,endpoint,1,1863.0,1863.0,1863.0,1863.0,0.0,1863.0
cntvaluein3-skew-locked-seed-40,pass,direct_max,idelay_data_cntvaluein,lane1,dq11,2,endpoint,1,1680.0,1680.0,1680.0,1680.0,0.0,1680.0
cntvaluein3-skew-locked-seed-41,fail,direct_max,idelay_data_cntvaluein,lane1,dq11,2,endpoint,1,1350.0,1350.0,1350.0,1350.0,0.0,1350.0
cntvaluein3-skew-locked-seed-42,pass,direct_max,idelay_data_cntvaluein,lane1,dq11,2,endpoint,1,1416.0,1416.0,1416.0,1416.0,0.0,1416.0
cntvaluein3-skew-locked-seed-43,pass,direct_max,idelay_data_cntvaluein,lane1,dq11,2,endpoint,1,555.0,555.0,555.0,555.0,0.0,555.0
cntvaluein3-skew-locked-seed-44,pass,direct_max,idelay_data_cntvaluein,lane1,dq11,2,endpoint,1,774.0,774.0,774.0,774.0,0.0,774.0
cntvaluein3-skew-locked-seed-45,fail,direct_max,idelay_data_cntvaluein,lane1,dq11,2,endpoint,1,758.0,758.0,758.0,758.0,0.0,758.0
cntvaluein3-skew-locked-seed-46,pass,direct_max,idelay_data_cntvaluein,lane1,dq11,2,endpoint,1,941.0,941.0,941.0,941.0,0.0,941.0
cntvaluein3-skew-locked-seed-47,pass,direct_max,idelay_data_cntvaluein,lane1,dq11,2,endpoint,1,1518.0,1518.0,1518.0,1518.0,0.0,1518.0
cntvaluein3-skew-locked-seed-48,fail,direct_max,idelay_data_cntvaluein,lane1,dq11,2,endpoint,1,640.0,640.0,640.0,640.0,0.0,640.0
cntvaluein3-skew-locked-seed-49,pass,direct_max,idelay_data_cntvaluein,lane1,dq11,2,endpoint,1,1161.0,1161.0,1161.0,1161.0,0.0,1161.0
cntvaluein3-skew-locked-seed-50,fail,direct_max,idelay_data_cntvaluein,lane1,dq11,2,endpoint,1,1462.0,1462.0,1462.0,1462.0,0.0,1462.0
cntvaluein3-skew-locked-seed-51,fail,direct_max,idelay_data_cntvaluein,lane1,dq11,2,endpoint,1,453.0,453.0,453.0,453.0,0.0,453.0
cntvaluein3-skew-locked-seed-52,fail,direct_max,idelay_data_cntvaluein,lane1,dq11,2,endpoint,1,2013.0,2013.0,2013.0,2013.0,0.0,2013.0
cntvaluein3-skew-locked-seed-53,fail,direct_max,idelay_data_cntvaluein,lane1,dq11,2,endpoint,1,1299.0,1299.0,1299.0,1299.0,0.0,1299.0
cntvaluein3-skew-locked-seed-54,pass,direct_max,idelay_data_cntvaluein,lane1,dq11,2,endpoint,1,665.0,665.0,665.0,665.0,0.0,665.0
cntvaluein3-skew-locked-seed-55,pass,direct_max,idelay_data_cntvaluein,lane1,dq11,2,endpoint,1,1472.0,1472.0,1472.0,1472.0,0.0,1472.0
cntvaluein3-skew-locked-seed-56,pass,direct_max,idelay_data_cntvaluein,lane1,dq11,2,endpoint,1,1230.0,1230.0,1230.0,1230.0,0.0,1230.0
cntvaluein3-skew-locked-seed-57,pass,direct_max,idelay_data_cntvaluein,lane1,dq11,2,endpoint,1,1335.0,1335.0,1335.0,1335.0,0.0,1335.0
cntvaluein3-skew-locked-seed-58,pass,direct_max,idelay_data_cntvaluein,lane1,dq11,2,endpoint,1,1347.0,1347.0,1347.0,1347.0,0.0,1347.0
cntvaluein3-skew-locked-seed-59,pass,direct_max,idelay_data_cntvaluein,lane1,dq11,2,endpoint,1,1231.0,1231.0,1231.0,1231.0,0.0,1231.0
cntvaluein3-skew-locked-seed-60,fail,direct_max,idelay_data_cntvaluein,lane1,dq11,2,endpoint,1,1406.0,1406.0,1406.0,1406.0,0.0,1406.0
cntvaluein3-skew-locked-seed-31,pass,direct_max,idelay_data_cntvaluein,lane1,dq11,3,endpoint,1,1768.0,1768.0,1768.0,1768.0,0.0,1768.0
cntvaluein3-skew-locked-seed-32,pass,direct_max,idelay_data_cntvaluein,lane1,dq11,3,endpoint,1,1503.0,1503.0,1503.0,1503.0,0.0,1503.0
cntvaluein3-skew-locked-seed-33,fail,direct_max,idelay_data_cntvaluein,lane1,dq11,3,endpoint,1,1480.0,1480.0,1480.0,1480.0,0.0,1480.0
cntvaluein3-skew-locked-seed-34,pass,direct_max,idelay_data_cntvaluein,lane1,dq11,3,endpoint,1,1784.0,1784.0,1784.0,1784.0,0.0,1784.0
cntvaluein3-skew-locked-seed-35,pass,direct_max,idelay_data_cntvaluein,lane1,dq11,3,endpoint,1,1710.0,1710.0,1710.0,1710.0,0.0,1710.0
cntvaluein3-skew-locked-seed-36,fail,direct_max,idelay_data_cntvaluein,lane1,dq11,3,endpoint,1,1480.0,1480.0,1480.0,1480.0,0.0,1480.0
cntvaluein3-skew-locked-seed-37,pass,direct_max,idelay_data_cntvaluein,lane1,dq11,3,endpoint,1,1340.0,1340.0,1340.0,1340.0,0.0,1340.0
cntvaluein3-skew-locked-seed-38,pass,direct_max,idelay_data_cntvaluein,lane1,dq11,3,endpoint,1,1797.0,1797.0,1797.0,1797.0,0.0,1797.0
cntvaluein3-skew-locked-seed-39,fail,direct_max,idelay_data_cntvaluein,lane1,dq11,3,endpoint,1,1771.0,1771.0,1771.0,1771.0,0.0,1771.0
cntvaluein3-skew-locked-seed-40,pass,direct_max,idelay_data_cntvaluein,lane1,dq11,3,endpoint,1,1726.0,1726.0,1726.0,1726.0,0.0,1726.0
cntvaluein3-skew-locked-seed-41,fail,direct_max,idelay_data_cntvaluein,lane1,dq11,3,endpoint,1,1440.0,1440.0,1440.0,1440.0,0.0,1440.0
cntvaluein3-skew-locked-seed-42,pass,direct_max,idelay_data_cntvaluein,lane1,dq11,3,endpoint,1,1261.0,1261.0,1261.0,1261.0,0.0,1261.0
cntvaluein3-skew-locked-seed-43,pass,direct_max,idelay_data_cntvaluein,lane1,dq11,3,endpoint,1,1554.0,1554.0,1554.0,1554.0,0.0,1554.0
cntvaluein3-skew-locked-seed-44,pass,direct_max,idelay_data_cntvaluein,lane1,dq11,3,endpoint,1,1726.0,1726.0,1726.0,1726.0,0.0,1726.0
cntvaluein3-skew-locked-seed-45,fail,direct_max,idelay_data_cntvaluein,lane1,dq11,3,endpoint,1,1218.0,1218.0,1218.0,1218.0,0.0,1218.0
cntvaluein3-skew-locked-seed-46,pass,direct_max,idelay_data_cntvaluein,lane1,dq11,3,endpoint,1,1493.0,1493.0,1493.0,1493.0,0.0,1493.0
cntvaluein3-skew-locked-seed-47,pass,direct_max,idelay_data_cntvaluein,lane1,dq11,3,endpoint,1,1628.0,1628.0,1628.0,1628.0,0.0,1628.0
cntvaluein3-skew-locked-seed-48,fail,direct_max,idelay_data_cntvaluein,lane1,dq11,3,endpoint,1,1830.0,1830.0,1830.0,1830.0,0.0,1830.0
cntvaluein3-skew-locked-seed-49,pass,direct_max,idelay_data_cntvaluein,lane1,dq11,3,endpoint,1,1881.0,1881.0,1881.0,1881.0,0.0,1881.0
cntvaluein3-skew-locked-seed-50,fail,direct_max,idelay_data_cntvaluein,lane1,dq11,3,endpoint,1,1845.0,1845.0,1845.0,1845.0,0.0,1845.0
cntvaluein3-skew-locked-seed-51,fail,direct_max,idelay_data_cntvaluein,lane1,dq11,3,endpoint,1,1513.0,1513.0,1513.0,1513.0,0.0,1513.0
cntvaluein3-skew-locked-seed-52,fail,direct_max,idelay_data_cntvaluein,lane1,dq11,3,endpoint,1,1509.0,1509.0,1509.0,1509.0,0.0,1509.0
cntvaluein3-skew-locked-seed-53,fail,direct_max,idelay_data_cntvaluein,lane1,dq11,3,endpoint,1,1664.0,1664.0,1664.0,1664.0,0.0,1664.0
cntvaluein3-skew-locked-seed-54,pass,direct_max,idelay_data_cntvaluein,lane1,dq11,3,endpoint,1,1702.0,1702.0,1702.0,1702.0,0.0,1702.0
cntvaluein3-skew-locked-seed-55,pass,direct_max,idelay_data_cntvaluein,lane1,dq11,3,endpoint,1,1669.0,1669.0,1669.0,1669.0,0.0,1669.0
cntvaluein3-skew-locked-seed-56,pass,direct_max,idelay_data_cntvaluein,lane1,dq11,3,endpoint,1,1452.0,1452.0,1452.0,1452.0,0.0,1452.0
cntvaluein3-skew-locked-seed-57,pass,direct_max,idelay_data_cntvaluein,lane1,dq11,3,endpoint,1,2124.0,2124.0,2124.0,2124.0,0.0,2124.0
cntvaluein3-skew-locked-seed-58,pass,direct_max,idelay_data_cntvaluein,lane1,dq11,3,endpoint,1,1366.0,1366.0,1366.0,1366.0,0.0,1366.0
cntvaluein3-skew-locked-seed-59,pass,direct_max,idelay_data_cntvaluein,lane1,dq11,3,endpoint,1,1516.0,1516.0,1516.0,1516.0,0.0,1516.0
cntvaluein3-skew-locked-seed-60,fail,direct_max,idelay_data_cntvaluein,lane1,dq11,3,endpoint,1,1679.0,1679.0,1679.0,1679.0,0.0,1679.0
cntvaluein3-skew-locked-seed-31,pass,direct_max,idelay_data_cntvaluein,lane1,dq11,4,endpoint,1,1042.0,1042.0,1042.0,1042.0,0.0,1042.0
cntvaluein3-skew-locked-seed-32,pass,direct_max,idelay_data_cntvaluein,lane1,dq11,4,endpoint,1,661.0,661.0,661.0,661.0,0.0,661.0
cntvaluein3-skew-locked-seed-33,fail,direct_max,idelay_data_cntvaluein,lane1,dq11,4,endpoint,1,1299.0,1299.0,1299.0,1299.0,0.0,1299.0
cntvaluein3-skew-locked-seed-34,pass,direct_max,idelay_data_cntvaluein,lane1,dq11,4,endpoint,1,952.0,952.0,952.0,952.0,0.0,952.0
cntvaluein3-skew-locked-seed-35,pass,direct_max,idelay_data_cntvaluein,lane1,dq11,4,endpoint,1,628.0,628.0,628.0,628.0,0.0,628.0
cntvaluein3-skew-locked-seed-36,fail,direct_max,idelay_data_cntvaluein,lane1,dq11,4,endpoint,1,1330.0,1330.0,1330.0,1330.0,0.0,1330.0
cntvaluein3-skew-locked-seed-37,pass,direct_max,idelay_data_cntvaluein,lane1,dq11,4,endpoint,1,1409.0,1409.0,1409.0,1409.0,0.0,1409.0
cntvaluein3-skew-locked-seed-38,pass,direct_max,idelay_data_cntvaluein,lane1,dq11,4,endpoint,1,1820.0,1820.0,1820.0,1820.0,0.0,1820.0
cntvaluein3-skew-locked-seed-39,fail,direct_max,idelay_data_cntvaluein,lane1,dq11,4,endpoint,1,1529.0,1529.0,1529.0,1529.0,0.0,1529.0
cntvaluein3-skew-locked-seed-40,pass,direct_max,idelay_data_cntvaluein,lane1,dq11,4,endpoint,1,1588.0,1588.0,1588.0,1588.0,0.0,1588.0
cntvaluein3-skew-locked-seed-41,fail,direct_max,idelay_data_cntvaluein,lane1,dq11,4,endpoint,1,1394.0,1394.0,1394.0,1394.0,0.0,1394.0
cntvaluein3-skew-locked-seed-42,pass,direct_max,idelay_data_cntvaluein,lane1,dq11,4,endpoint,1,1488.0,1488.0,1488.0,1488.0,0.0,1488.0
cntvaluein3-skew-locked-seed-43,pass,direct_max,idelay_data_cntvaluein,lane1,dq11,4,endpoint,1,629.0,629.0,629.0,629.0,0.0,629.0
cntvaluein3-skew-locked-seed-44,pass,direct_max,idelay_data_cntvaluein,lane1,dq11,4,endpoint,1,952.0,952.0,952.0,952.0,0.0,952.0
cntvaluein3-skew-locked-seed-45,fail,direct_max,idelay_data_cntvaluein,lane1,dq11,4,endpoint,1,556.0,556.0,556.0,556.0,0.0,556.0
cntvaluein3-skew-locked-seed-46,pass,direct_max,idelay_data_cntvaluein,lane1,dq11,4,endpoint,1,874.0,874.0,874.0,874.0,0.0,874.0
cntvaluein3-skew-locked-seed-47,pass,direct_max,idelay_data_cntvaluein,lane1,dq11,4,endpoint,1,1639.0,1639.0,1639.0,1639.0,0.0,1639.0
cntvaluein3-skew-locked-seed-48,fail,direct_max,idelay_data_cntvaluein,lane1,dq11,4,endpoint,1,811.0,811.0,811.0,811.0,0.0,811.0
cntvaluein3-skew-locked-seed-49,pass,direct_max,idelay_data_cntvaluein,lane1,dq11,4,endpoint,1,1286.0,1286.0,1286.0,1286.0,0.0,1286.0
cntvaluein3-skew-locked-seed-50,fail,direct_max,idelay_data_cntvaluein,lane1,dq11,4,endpoint,1,1304.0,1304.0,1304.0,1304.0,0.0,1304.0
cntvaluein3-skew-locked-seed-51,fail,direct_max,idelay_data_cntvaluein,lane1,dq11,4,endpoint,1,888.0,888.0,888.0,888.0,0.0,888.0
cntvaluein3-skew-locked-seed-52,fail,direct_max,idelay_data_cntvaluein,lane1,dq11,4,endpoint,1,1534.0,1534.0,1534.0,1534.0,0.0,1534.0
cntvaluein3-skew-locked-seed-53,fail,direct_max,idelay_data_cntvaluein,lane1,dq11,4,endpoint,1,919.0,919.0,919.0,919.0,0.0,919.0
cntvaluein3-skew-locked-seed-54,pass,direct_max,idelay_data_cntvaluein,lane1,dq11,4,endpoint,1,646.0,646.0,646.0,646.0,0.0,646.0
cntvaluein3-skew-locked-seed-55,pass,direct_max,idelay_data_cntvaluein,lane1,dq11,4,endpoint,1,1766.0,1766.0,1766.0,1766.0,0.0,1766.0
cntvaluein3-skew-locked-seed-56,pass,direct_max,idelay_data_cntvaluein,lane1,dq11,4,endpoint,1,1246.0,1246.0,1246.0,1246.0,0.0,1246.0
cntvaluein3-skew-locked-seed-57,pass,direct_max,idelay_data_cntvaluein,lane1,dq11,4,endpoint,1,1514.0,1514.0,1514.0,1514.0,0.0,1514.0
cntvaluein3-skew-locked-seed-58,pass,direct_max,idelay_data_cntvaluein,lane1,dq11,4,endpoint,1,1516.0,1516.0,1516.0,1516.0,0.0,1516.0
cntvaluein3-skew-locked-seed-59,pass,direct_max,idelay_data_cntvaluein,lane1,dq11,4,endpoint,1,1567.0,1567.0,1567.0,1567.0,0.0,1567.0
cntvaluein3-skew-locked-seed-60,fail,direct_max,idelay_data_cntvaluein,lane1,dq11,4,endpoint,1,1069.0,1069.0,1069.0,1069.0,0.0,1069.0
cntvaluein3-skew-locked-seed-31,pass,direct_max,idelay_data_cntvaluein,lane1,dq12,0,endpoint,1,1493.0,1493.0,1493.0,1493.0,0.0,1493.0
cntvaluein3-skew-locked-seed-32,pass,direct_max,idelay_data_cntvaluein,lane1,dq12,0,endpoint,1,819.0,819.0,819.0,819.0,0.0,819.0
cntvaluein3-skew-locked-seed-33,fail,direct_max,idelay_data_cntvaluein,lane1,dq12,0,endpoint,1,2032.0,2032.0,2032.0,2032.0,0.0,2032.0
cntvaluein3-skew-locked-seed-34,pass,direct_max,idelay_data_cntvaluein,lane1,dq12,0,endpoint,1,949.0,949.0,949.0,949.0,0.0,949.0
cntvaluein3-skew-locked-seed-35,pass,direct_max,idelay_data_cntvaluein,lane1,dq12,0,endpoint,1,462.0,462.0,462.0,462.0,0.0,462.0
cntvaluein3-skew-locked-seed-36,fail,direct_max,idelay_data_cntvaluein,lane1,dq12,0,endpoint,1,1595.0,1595.0,1595.0,1595.0,0.0,1595.0
cntvaluein3-skew-locked-seed-37,pass,direct_max,idelay_data_cntvaluein,lane1,dq12,0,endpoint,1,1409.0,1409.0,1409.0,1409.0,0.0,1409.0
cntvaluein3-skew-locked-seed-38,pass,direct_max,idelay_data_cntvaluein,lane1,dq12,0,endpoint,1,1578.0,1578.0,1578.0,1578.0,0.0,1578.0
cntvaluein3-skew-locked-seed-39,fail,direct_max,idelay_data_cntvaluein,lane1,dq12,0,endpoint,1,1708.0,1708.0,1708.0,1708.0,0.0,1708.0
cntvaluein3-skew-locked-seed-40,pass,direct_max,idelay_data_cntvaluein,lane1,dq12,0,endpoint,1,1383.0,1383.0,1383.0,1383.0,0.0,1383.0
cntvaluein3-skew-locked-seed-41,fail,direct_max,idelay_data_cntvaluein,lane1,dq12,0,endpoint,1,1297.0,1297.0,1297.0,1297.0,0.0,1297.0
cntvaluein3-skew-locked-seed-42,pass,direct_max,idelay_data_cntvaluein,lane1,dq12,0,endpoint,1,1274.0,1274.0,1274.0,1274.0,0.0,1274.0
cntvaluein3-skew-locked-seed-43,pass,direct_max,idelay_data_cntvaluein,lane1,dq12,0,endpoint,1,762.0,762.0,762.0,762.0,0.0,762.0
cntvaluein3-skew-locked-seed-44,pass,direct_max,idelay_data_cntvaluein,lane1,dq12,0,endpoint,1,1093.0,1093.0,1093.0,1093.0,0.0,1093.0
cntvaluein3-skew-locked-seed-45,fail,direct_max,idelay_data_cntvaluein,lane1,dq12,0,endpoint,1,638.0,638.0,638.0,638.0,0.0,638.0
cntvaluein3-skew-locked-seed-46,pass,direct_max,idelay_data_cntvaluein,lane1,dq12,0,endpoint,1,879.0,879.0,879.0,879.0,0.0,879.0
cntvaluein3-skew-locked-seed-47,pass,direct_max,idelay_data_cntvaluein,lane1,dq12,0,endpoint,1,1554.0,1554.0,1554.0,1554.0,0.0,1554.0
cntvaluein3-skew-locked-seed-48,fail,direct_max,idelay_data_cntvaluein,lane1,dq12,0,endpoint,1,916.0,916.0,916.0,916.0,0.0,916.0
cntvaluein3-skew-locked-seed-49,pass,direct_max,idelay_data_cntvaluein,lane1,dq12,0,endpoint,1,1863.0,1863.0,1863.0,1863.0,0.0,1863.0
cntvaluein3-skew-locked-seed-50,fail,direct_max,idelay_data_cntvaluein,lane1,dq12,0,endpoint,1,1328.0,1328.0,1328.0,1328.0,0.0,1328.0
cntvaluein3-skew-locked-seed-51,fail,direct_max,idelay_data_cntvaluein,lane1,dq12,0,endpoint,1,1006.0,1006.0,1006.0,1006.0,0.0,1006.0
cntvaluein3-skew-locked-seed-52,fail,direct_max,idelay_data_cntvaluein,lane1,dq12,0,endpoint,1,1751.0,1751.0,1751.0,1751.0,0.0,1751.0
cntvaluein3-skew-locked-seed-53,fail,direct_max,idelay_data_cntvaluein,lane1,dq12,0,endpoint,1,1692.0,1692.0,1692.0,1692.0,0.0,1692.0
cntvaluein3-skew-locked-seed-54,pass,direct_max,idelay_data_cntvaluein,lane1,dq12,0,endpoint,1,1044.0,1044.0,1044.0,1044.0,0.0,1044.0
cntvaluein3-skew-locked-seed-55,pass,direct_max,idelay_data_cntvaluein,lane1,dq12,0,endpoint,1,1674.0,1674.0,1674.0,1674.0,0.0,1674.0
cntvaluein3-skew-locked-seed-56,pass,direct_max,idelay_data_cntvaluein,lane1,dq12,0,endpoint,1,1358.0,1358.0,1358.0,1358.0,0.0,1358.0
cntvaluein3-skew-locked-seed-57,pass,direct_max,idelay_data_cntvaluein,lane1,dq12,0,endpoint,1,1532.0,1532.0,1532.0,1532.0,0.0,1532.0
cntvaluein3-skew-locked-seed-58,pass,direct_max,idelay_data_cntvaluein,lane1,dq12,0,endpoint,1,1174.0,1174.0,1174.0,1174.0,0.0,1174.0
cntvaluein3-skew-locked-seed-59,pass,direct_max,idelay_data_cntvaluein,lane1,dq12,0,endpoint,1,1218.0,1218.0,1218.0,1218.0,0.0,1218.0
cntvaluein3-skew-locked-seed-60,fail,direct_max,idelay_data_cntvaluein,lane1,dq12,0,endpoint,1,1059.0,1059.0,1059.0,1059.0,0.0,1059.0
cntvaluein3-skew-locked-seed-31,pass,direct_max,idelay_data_cntvaluein,lane1,dq12,1,endpoint,1,995.0,995.0,995.0,995.0,0.0,995.0
cntvaluein3-skew-locked-seed-32,pass,direct_max,idelay_data_cntvaluein,lane1,dq12,1,endpoint,1,805.0,805.0,805.0,805.0,0.0,805.0
cntvaluein3-skew-locked-seed-33,fail,direct_max,idelay_data_cntvaluein,lane1,dq12,1,endpoint,1,1398.0,1398.0,1398.0,1398.0,0.0,1398.0
cntvaluein3-skew-locked-seed-34,pass,direct_max,idelay_data_cntvaluein,lane1,dq12,1,endpoint,1,753.0,753.0,753.0,753.0,0.0,753.0
cntvaluein3-skew-locked-seed-35,pass,direct_max,idelay_data_cntvaluein,lane1,dq12,1,endpoint,1,540.0,540.0,540.0,540.0,0.0,540.0
cntvaluein3-skew-locked-seed-36,fail,direct_max,idelay_data_cntvaluein,lane1,dq12,1,endpoint,1,1452.0,1452.0,1452.0,1452.0,0.0,1452.0
cntvaluein3-skew-locked-seed-37,pass,direct_max,idelay_data_cntvaluein,lane1,dq12,1,endpoint,1,1475.0,1475.0,1475.0,1475.0,0.0,1475.0
cntvaluein3-skew-locked-seed-38,pass,direct_max,idelay_data_cntvaluein,lane1,dq12,1,endpoint,1,1656.0,1656.0,1656.0,1656.0,0.0,1656.0
cntvaluein3-skew-locked-seed-39,fail,direct_max,idelay_data_cntvaluein,lane1,dq12,1,endpoint,1,1401.0,1401.0,1401.0,1401.0,0.0,1401.0
cntvaluein3-skew-locked-seed-40,pass,direct_max,idelay_data_cntvaluein,lane1,dq12,1,endpoint,1,1435.0,1435.0,1435.0,1435.0,0.0,1435.0
cntvaluein3-skew-locked-seed-41,fail,direct_max,idelay_data_cntvaluein,lane1,dq12,1,endpoint,1,1246.0,1246.0,1246.0,1246.0,0.0,1246.0
cntvaluein3-skew-locked-seed-42,pass,direct_max,idelay_data_cntvaluein,lane1,dq12,1,endpoint,1,1570.0,1570.0,1570.0,1570.0,0.0,1570.0
cntvaluein3-skew-locked-seed-43,pass,direct_max,idelay_data_cntvaluein,lane1,dq12,1,endpoint,1,552.0,552.0,552.0,552.0,0.0,552.0
cntvaluein3-skew-locked-seed-44,pass,direct_max,idelay_data_cntvaluein,lane1,dq12,1,endpoint,1,857.0,857.0,857.0,857.0,0.0,857.0
cntvaluein3-skew-locked-seed-45,fail,direct_max,idelay_data_cntvaluein,lane1,dq12,1,endpoint,1,1031.0,1031.0,1031.0,1031.0,0.0,1031.0
cntvaluein3-skew-locked-seed-46,pass,direct_max,idelay_data_cntvaluein,lane1,dq12,1,endpoint,1,953.0,953.0,953.0,953.0,0.0,953.0
cntvaluein3-skew-locked-seed-47,pass,direct_max,idelay_data_cntvaluein,lane1,dq12,1,endpoint,1,2177.0,2177.0,2177.0,2177.0,0.0,2177.0
cntvaluein3-skew-locked-seed-48,fail,direct_max,idelay_data_cntvaluein,lane1,dq12,1,endpoint,1,996.0,996.0,996.0,996.0,0.0,996.0
cntvaluein3-skew-locked-seed-49,pass,direct_max,idelay_data_cntvaluein,lane1,dq12,1,endpoint,1,1792.0,1792.0,1792.0,1792.0,0.0,1792.0
cntvaluein3-skew-locked-seed-50,fail,direct_max,idelay_data_cntvaluein,lane1,dq12,1,endpoint,1,1348.0,1348.0,1348.0,1348.0,0.0,1348.0
cntvaluein3-skew-locked-seed-51,fail,direct_max,idelay_data_cntvaluein,lane1,dq12,1,endpoint,1,460.0,460.0,460.0,460.0,0.0,460.0
cntvaluein3-skew-locked-seed-52,fail,direct_max,idelay_data_cntvaluein,lane1,dq12,1,endpoint,1,1866.0,1866.0,1866.0,1866.0,0.0,1866.0
cntvaluein3-skew-locked-seed-53,fail,direct_max,idelay_data_cntvaluein,lane1,dq12,1,endpoint,1,1347.0,1347.0,1347.0,1347.0,0.0,1347.0
cntvaluein3-skew-locked-seed-54,pass,direct_max,idelay_data_cntvaluein,lane1,dq12,1,endpoint,1,1021.0,1021.0,1021.0,1021.0,0.0,1021.0
cntvaluein3-skew-locked-seed-55,pass,direct_max,idelay_data_cntvaluein,lane1,dq12,1,endpoint,1,1639.0,1639.0,1639.0,1639.0,0.0,1639.0
cntvaluein3-skew-locked-seed-56,pass,direct_max,idelay_data_cntvaluein,lane1,dq12,1,endpoint,1,1909.0,1909.0,1909.0,1909.0,0.0,1909.0
cntvaluein3-skew-locked-seed-57,pass,direct_max,idelay_data_cntvaluein,lane1,dq12,1,endpoint,1,1360.0,1360.0,1360.0,1360.0,0.0,1360.0
cntvaluein3-skew-locked-seed-58,pass,direct_max,idelay_data_cntvaluein,lane1,dq12,1,endpoint,1,1299.0,1299.0,1299.0,1299.0,0.0,1299.0
cntvaluein3-skew-locked-seed-59,pass,direct_max,idelay_data_cntvaluein,lane1,dq12,1,endpoint,1,1664.0,1664.0,1664.0,1664.0,0.0,1664.0
cntvaluein3-skew-locked-seed-60,fail,direct_max,idelay_data_cntvaluein,lane1,dq12,1,endpoint,1,1458.0,1458.0,1458.0,1458.0,0.0,1458.0
cntvaluein3-skew-locked-seed-31,pass,direct_max,idelay_data_cntvaluein,lane1,dq12,2,endpoint,1,1483.0,1483.0,1483.0,1483.0,0.0,1483.0
cntvaluein3-skew-locked-seed-32,pass,direct_max,idelay_data_cntvaluein,lane1,dq12,2,endpoint,1,686.0,686.0,686.0,686.0,0.0,686.0
cntvaluein3-skew-locked-seed-33,fail,direct_max,idelay_data_cntvaluein,lane1,dq12,2,endpoint,1,1406.0,1406.0,1406.0,1406.0,0.0,1406.0
cntvaluein3-skew-locked-seed-34,pass,direct_max,idelay_data_cntvaluein,lane1,dq12,2,endpoint,1,753.0,753.0,753.0,753.0,0.0,753.0
cntvaluein3-skew-locked-seed-35,pass,direct_max,idelay_data_cntvaluein,lane1,dq12,2,endpoint,1,625.0,625.0,625.0,625.0,0.0,625.0
cntvaluein3-skew-locked-seed-36,fail,direct_max,idelay_data_cntvaluein,lane1,dq12,2,endpoint,1,1639.0,1639.0,1639.0,1639.0,0.0,1639.0
cntvaluein3-skew-locked-seed-37,pass,direct_max,idelay_data_cntvaluein,lane1,dq12,2,endpoint,1,1804.0,1804.0,1804.0,1804.0,0.0,1804.0
cntvaluein3-skew-locked-seed-38,pass,direct_max,idelay_data_cntvaluein,lane1,dq12,2,endpoint,1,1692.0,1692.0,1692.0,1692.0,0.0,1692.0
cntvaluein3-skew-locked-seed-39,fail,direct_max,idelay_data_cntvaluein,lane1,dq12,2,endpoint,1,1827.0,1827.0,1827.0,1827.0,0.0,1827.0
cntvaluein3-skew-locked-seed-40,pass,direct_max,idelay_data_cntvaluein,lane1,dq12,2,endpoint,1,1429.0,1429.0,1429.0,1429.0,0.0,1429.0
cntvaluein3-skew-locked-seed-41,fail,direct_max,idelay_data_cntvaluein,lane1,dq12,2,endpoint,1,1233.0,1233.0,1233.0,1233.0,0.0,1233.0
cntvaluein3-skew-locked-seed-42,pass,direct_max,idelay_data_cntvaluein,lane1,dq12,2,endpoint,1,1534.0,1534.0,1534.0,1534.0,0.0,1534.0
cntvaluein3-skew-locked-seed-43,pass,direct_max,idelay_data_cntvaluein,lane1,dq12,2,endpoint,1,564.0,564.0,564.0,564.0,0.0,564.0
cntvaluein3-skew-locked-seed-44,pass,direct_max,idelay_data_cntvaluein,lane1,dq12,2,endpoint,1,773.0,773.0,773.0,773.0,0.0,773.0
cntvaluein3-skew-locked-seed-45,fail,direct_max,idelay_data_cntvaluein,lane1,dq12,2,endpoint,1,574.0,574.0,574.0,574.0,0.0,574.0
cntvaluein3-skew-locked-seed-46,pass,direct_max,idelay_data_cntvaluein,lane1,dq12,2,endpoint,1,778.0,778.0,778.0,778.0,0.0,778.0
cntvaluein3-skew-locked-seed-47,pass,direct_max,idelay_data_cntvaluein,lane1,dq12,2,endpoint,1,1649.0,1649.0,1649.0,1649.0,0.0,1649.0
cntvaluein3-skew-locked-seed-48,fail,direct_max,idelay_data_cntvaluein,lane1,dq12,2,endpoint,1,1021.0,1021.0,1021.0,1021.0,0.0,1021.0
cntvaluein3-skew-locked-seed-49,pass,direct_max,idelay_data_cntvaluein,lane1,dq12,2,endpoint,1,975.0,975.0,975.0,975.0,0.0,975.0
cntvaluein3-skew-locked-seed-50,fail,direct_max,idelay_data_cntvaluein,lane1,dq12,2,endpoint,1,1634.0,1634.0,1634.0,1634.0,0.0,1634.0
cntvaluein3-skew-locked-seed-51,fail,direct_max,idelay_data_cntvaluein,lane1,dq12,2,endpoint,1,870.0,870.0,870.0,870.0,0.0,870.0
cntvaluein3-skew-locked-seed-52,fail,direct_max,idelay_data_cntvaluein,lane1,dq12,2,endpoint,1,1955.0,1955.0,1955.0,1955.0,0.0,1955.0
cntvaluein3-skew-locked-seed-53,fail,direct_max,idelay_data_cntvaluein,lane1,dq12,2,endpoint,1,1360.0,1360.0,1360.0,1360.0,0.0,1360.0
cntvaluein3-skew-locked-seed-54,pass,direct_max,idelay_data_cntvaluein,lane1,dq12,2,endpoint,1,749.0,749.0,749.0,749.0,0.0,749.0
cntvaluein3-skew-locked-seed-55,pass,direct_max,idelay_data_cntvaluein,lane1,dq12,2,endpoint,1,1514.0,1514.0,1514.0,1514.0,0.0,1514.0
cntvaluein3-skew-locked-seed-56,pass,direct_max,idelay_data_cntvaluein,lane1,dq12,2,endpoint,1,1054.0,1054.0,1054.0,1054.0,0.0,1054.0
cntvaluein3-skew-locked-seed-57,pass,direct_max,idelay_data_cntvaluein,lane1,dq12,2,endpoint,1,1353.0,1353.0,1353.0,1353.0,0.0,1353.0
cntvaluein3-skew-locked-seed-58,pass,direct_max,idelay_data_cntvaluein,lane1,dq12,2,endpoint,1,1620.0,1620.0,1620.0,1620.0,0.0,1620.0
cntvaluein3-skew-locked-seed-59,pass,direct_max,idelay_data_cntvaluein,lane1,dq12,2,endpoint,1,1360.0,1360.0,1360.0,1360.0,0.0,1360.0
cntvaluein3-skew-locked-seed-60,fail,direct_max,idelay_data_cntvaluein,lane1,dq12,2,endpoint,1,1519.0,1519.0,1519.0,1519.0,0.0,1519.0
cntvaluein3-skew-locked-seed-31,pass,direct_max,idelay_data_cntvaluein,lane1,dq12,3,endpoint,1,2207.0,2207.0,2207.0,2207.0,0.0,2207.0
cntvaluein3-skew-locked-seed-32,pass,direct_max,idelay_data_cntvaluein,lane1,dq12,3,endpoint,1,1942.0,1942.0,1942.0,1942.0,0.0,1942.0
cntvaluein3-skew-locked-seed-33,fail,direct_max,idelay_data_cntvaluein,lane1,dq12,3,endpoint,1,1697.0,1697.0,1697.0,1697.0,0.0,1697.0
cntvaluein3-skew-locked-seed-34,pass,direct_max,idelay_data_cntvaluein,lane1,dq12,3,endpoint,1,2000.0,2000.0,2000.0,2000.0,0.0,2000.0
cntvaluein3-skew-locked-seed-35,pass,direct_max,idelay_data_cntvaluein,lane1,dq12,3,endpoint,1,1921.0,1921.0,1921.0,1921.0,0.0,1921.0
cntvaluein3-skew-locked-seed-36,fail,direct_max,idelay_data_cntvaluein,lane1,dq12,3,endpoint,1,1652.0,1652.0,1652.0,1652.0,0.0,1652.0
cntvaluein3-skew-locked-seed-37,pass,direct_max,idelay_data_cntvaluein,lane1,dq12,3,endpoint,1,1610.0,1610.0,1610.0,1610.0,0.0,1610.0
cntvaluein3-skew-locked-seed-38,pass,direct_max,idelay_data_cntvaluein,lane1,dq12,3,endpoint,1,1629.0,1629.0,1629.0,1629.0,0.0,1629.0
cntvaluein3-skew-locked-seed-39,fail,direct_max,idelay_data_cntvaluein,lane1,dq12,3,endpoint,1,2016.0,2016.0,2016.0,2016.0,0.0,2016.0
cntvaluein3-skew-locked-seed-40,pass,direct_max,idelay_data_cntvaluein,lane1,dq12,3,endpoint,1,1633.0,1633.0,1633.0,1633.0,0.0,1633.0
cntvaluein3-skew-locked-seed-41,fail,direct_max,idelay_data_cntvaluein,lane1,dq12,3,endpoint,1,1613.0,1613.0,1613.0,1613.0,0.0,1613.0
cntvaluein3-skew-locked-seed-42,pass,direct_max,idelay_data_cntvaluein,lane1,dq12,3,endpoint,1,1190.0,1190.0,1190.0,1190.0,0.0,1190.0
cntvaluein3-skew-locked-seed-43,pass,direct_max,idelay_data_cntvaluein,lane1,dq12,3,endpoint,1,1909.0,1909.0,1909.0,1909.0,0.0,1909.0
cntvaluein3-skew-locked-seed-44,pass,direct_max,idelay_data_cntvaluein,lane1,dq12,3,endpoint,1,1682.0,1682.0,1682.0,1682.0,0.0,1682.0
cntvaluein3-skew-locked-seed-45,fail,direct_max,idelay_data_cntvaluein,lane1,dq12,3,endpoint,1,1340.0,1340.0,1340.0,1340.0,0.0,1340.0
cntvaluein3-skew-locked-seed-46,pass,direct_max,idelay_data_cntvaluein,lane1,dq12,3,endpoint,1,1503.0,1503.0,1503.0,1503.0,0.0,1503.0
cntvaluein3-skew-locked-seed-47,pass,direct_max,idelay_data_cntvaluein,lane1,dq12,3,endpoint,1,1769.0,1769.0,1769.0,1769.0,0.0,1769.0
cntvaluein3-skew-locked-seed-48,fail,direct_max,idelay_data_cntvaluein,lane1,dq12,3,endpoint,1,1980.0,1980.0,1980.0,1980.0,0.0,1980.0
cntvaluein3-skew-locked-seed-49,pass,direct_max,idelay_data_cntvaluein,lane1,dq12,3,endpoint,1,2058.0,2058.0,2058.0,2058.0,0.0,2058.0
cntvaluein3-skew-locked-seed-50,fail,direct_max,idelay_data_cntvaluein,lane1,dq12,3,endpoint,1,1809.0,1809.0,1809.0,1809.0,0.0,1809.0
cntvaluein3-skew-locked-seed-51,fail,direct_max,idelay_data_cntvaluein,lane1,dq12,3,endpoint,1,1582.0,1582.0,1582.0,1582.0,0.0,1582.0
cntvaluein3-skew-locked-seed-52,fail,direct_max,idelay_data_cntvaluein,lane1,dq12,3,endpoint,1,1325.0,1325.0,1325.0,1325.0,0.0,1325.0
cntvaluein3-skew-locked-seed-53,fail,direct_max,idelay_data_cntvaluein,lane1,dq12,3,endpoint,1,1891.0,1891.0,1891.0,1891.0,0.0,1891.0
cntvaluein3-skew-locked-seed-54,pass,direct_max,idelay_data_cntvaluein,lane1,dq12,3,endpoint,1,1832.0,1832.0,1832.0,1832.0,0.0,1832.0
cntvaluein3-skew-locked-seed-55,pass,direct_max,idelay_data_cntvaluein,lane1,dq12,3,endpoint,1,1761.0,1761.0,1761.0,1761.0,0.0,1761.0
cntvaluein3-skew-locked-seed-56,pass,direct_max,idelay_data_cntvaluein,lane1,dq12,3,endpoint,1,1273.0,1273.0,1273.0,1273.0,0.0,1273.0
cntvaluein3-skew-locked-seed-57,pass,direct_max,idelay_data_cntvaluein,lane1,dq12,3,endpoint,1,2334.0,2334.0,2334.0,2334.0,0.0,2334.0
cntvaluein3-skew-locked-seed-58,pass,direct_max,idelay_data_cntvaluein,lane1,dq12,3,endpoint,1,1414.0,1414.0,1414.0,1414.0,0.0,1414.0
cntvaluein3-skew-locked-seed-59,pass,direct_max,idelay_data_cntvaluein,lane1,dq12,3,endpoint,1,1337.0,1337.0,1337.0,1337.0,0.0,1337.0
cntvaluein3-skew-locked-seed-60,fail,direct_max,idelay_data_cntvaluein,lane1,dq12,3,endpoint,1,1906.0,1906.0,1906.0,1906.0,0.0,1906.0
cntvaluein3-skew-locked-seed-31,pass,direct_max,idelay_data_cntvaluein,lane1,dq12,4,endpoint,1,1439.0,1439.0,1439.0,1439.0,0.0,1439.0
cntvaluein3-skew-locked-seed-32,pass,direct_max,idelay_data_cntvaluein,lane1,dq12,4,endpoint,1,940.0,940.0,940.0,940.0,0.0,940.0
cntvaluein3-skew-locked-seed-33,fail,direct_max,idelay_data_cntvaluein,lane1,dq12,4,endpoint,1,1391.0,1391.0,1391.0,1391.0,0.0,1391.0
cntvaluein3-skew-locked-seed-34,pass,direct_max,idelay_data_cntvaluein,lane1,dq12,4,endpoint,1,1083.0,1083.0,1083.0,1083.0,0.0,1083.0
cntvaluein3-skew-locked-seed-35,pass,direct_max,idelay_data_cntvaluein,lane1,dq12,4,endpoint,1,839.0,839.0,839.0,839.0,0.0,839.0
cntvaluein3-skew-locked-seed-36,fail,direct_max,idelay_data_cntvaluein,lane1,dq12,4,endpoint,1,1174.0,1174.0,1174.0,1174.0,0.0,1174.0
cntvaluein3-skew-locked-seed-37,pass,direct_max,idelay_data_cntvaluein,lane1,dq12,4,endpoint,1,1595.0,1595.0,1595.0,1595.0,0.0,1595.0
cntvaluein3-skew-locked-seed-38,pass,direct_max,idelay_data_cntvaluein,lane1,dq12,4,endpoint,1,1817.0,1817.0,1817.0,1817.0,0.0,1817.0
cntvaluein3-skew-locked-seed-39,fail,direct_max,idelay_data_cntvaluein,lane1,dq12,4,endpoint,1,1580.0,1580.0,1580.0,1580.0,0.0,1580.0
cntvaluein3-skew-locked-seed-40,pass,direct_max,idelay_data_cntvaluein,lane1,dq12,4,endpoint,1,1406.0,1406.0,1406.0,1406.0,0.0,1406.0
cntvaluein3-skew-locked-seed-41,fail,direct_max,idelay_data_cntvaluein,lane1,dq12,4,endpoint,1,1611.0,1611.0,1611.0,1611.0,0.0,1611.0
cntvaluein3-skew-locked-seed-42,pass,direct_max,idelay_data_cntvaluein,lane1,dq12,4,endpoint,1,1779.0,1779.0,1779.0,1779.0,0.0,1779.0
cntvaluein3-skew-locked-seed-43,pass,direct_max,idelay_data_cntvaluein,lane1,dq12,4,endpoint,1,882.0,882.0,882.0,882.0,0.0,882.0
cntvaluein3-skew-locked-seed-44,pass,direct_max,idelay_data_cntvaluein,lane1,dq12,4,endpoint,1,833.0,833.0,833.0,833.0,0.0,833.0
cntvaluein3-skew-locked-seed-45,fail,direct_max,idelay_data_cntvaluein,lane1,dq12,4,endpoint,1,680.0,680.0,680.0,680.0,0.0,680.0
cntvaluein3-skew-locked-seed-46,pass,direct_max,idelay_data_cntvaluein,lane1,dq12,4,endpoint,1,806.0,806.0,806.0,806.0,0.0,806.0
cntvaluein3-skew-locked-seed-47,pass,direct_max,idelay_data_cntvaluein,lane1,dq12,4,endpoint,1,1687.0,1687.0,1687.0,1687.0,0.0,1687.0
cntvaluein3-skew-locked-seed-48,fail,direct_max,idelay_data_cntvaluein,lane1,dq12,4,endpoint,1,810.0,810.0,810.0,810.0,0.0,810.0
cntvaluein3-skew-locked-seed-49,pass,direct_max,idelay_data_cntvaluein,lane1,dq12,4,endpoint,1,1422.0,1422.0,1422.0,1422.0,0.0,1422.0
cntvaluein3-skew-locked-seed-50,fail,direct_max,idelay_data_cntvaluein,lane1,dq12,4,endpoint,1,1434.0,1434.0,1434.0,1434.0,0.0,1434.0
cntvaluein3-skew-locked-seed-51,fail,direct_max,idelay_data_cntvaluein,lane1,dq12,4,endpoint,1,936.0,936.0,936.0,936.0,0.0,936.0
cntvaluein3-skew-locked-seed-52,fail,direct_max,idelay_data_cntvaluein,lane1,dq12,4,endpoint,1,1797.0,1797.0,1797.0,1797.0,0.0,1797.0
cntvaluein3-skew-locked-seed-53,fail,direct_max,idelay_data_cntvaluein,lane1,dq12,4,endpoint,1,1039.0,1039.0,1039.0,1039.0,0.0,1039.0
cntvaluein3-skew-locked-seed-54,pass,direct_max,idelay_data_cntvaluein,lane1,dq12,4,endpoint,1,709.0,709.0,709.0,709.0,0.0,709.0
cntvaluein3-skew-locked-seed-55,pass,direct_max,idelay_data_cntvaluein,lane1,dq12,4,endpoint,1,1850.0,1850.0,1850.0,1850.0,0.0,1850.0
cntvaluein3-skew-locked-seed-56,pass,direct_max,idelay_data_cntvaluein,lane1,dq12,4,endpoint,1,1317.0,1317.0,1317.0,1317.0,0.0,1317.0
cntvaluein3-skew-locked-seed-57,pass,direct_max,idelay_data_cntvaluein,lane1,dq12,4,endpoint,1,1746.0,1746.0,1746.0,1746.0,0.0,1746.0
cntvaluein3-skew-locked-seed-58,pass,direct_max,idelay_data_cntvaluein,lane1,dq12,4,endpoint,1,1531.0,1531.0,1531.0,1531.0,0.0,1531.0
cntvaluein3-skew-locked-seed-59,pass,direct_max,idelay_data_cntvaluein,lane1,dq12,4,endpoint,1,1625.0,1625.0,1625.0,1625.0,0.0,1625.0
cntvaluein3-skew-locked-seed-60,fail,direct_max,idelay_data_cntvaluein,lane1,dq12,4,endpoint,1,1106.0,1106.0,1106.0,1106.0,0.0,1106.0
cntvaluein3-skew-locked-seed-31,pass,direct_max,idelay_data_cntvaluein,lane1,dq13,0,endpoint,1,1432.0,1432.0,1432.0,1432.0,0.0,1432.0
cntvaluein3-skew-locked-seed-32,pass,direct_max,idelay_data_cntvaluein,lane1,dq13,0,endpoint,1,628.0,628.0,628.0,628.0,0.0,628.0
cntvaluein3-skew-locked-seed-33,fail,direct_max,idelay_data_cntvaluein,lane1,dq13,0,endpoint,1,1758.0,1758.0,1758.0,1758.0,0.0,1758.0
cntvaluein3-skew-locked-seed-34,pass,direct_max,idelay_data_cntvaluein,lane1,dq13,0,endpoint,1,795.0,795.0,795.0,795.0,0.0,795.0
cntvaluein3-skew-locked-seed-35,pass,direct_max,idelay_data_cntvaluein,lane1,dq13,0,endpoint,1,535.0,535.0,535.0,535.0,0.0,535.0
cntvaluein3-skew-locked-seed-36,fail,direct_max,idelay_data_cntvaluein,lane1,dq13,0,endpoint,1,1707.0,1707.0,1707.0,1707.0,0.0,1707.0
cntvaluein3-skew-locked-seed-37,pass,direct_max,idelay_data_cntvaluein,lane1,dq13,0,endpoint,1,1363.0,1363.0,1363.0,1363.0,0.0,1363.0
cntvaluein3-skew-locked-seed-38,pass,direct_max,idelay_data_cntvaluein,lane1,dq13,0,endpoint,1,1394.0,1394.0,1394.0,1394.0,0.0,1394.0
cntvaluein3-skew-locked-seed-39,fail,direct_max,idelay_data_cntvaluein,lane1,dq13,0,endpoint,1,1700.0,1700.0,1700.0,1700.0,0.0,1700.0
cntvaluein3-skew-locked-seed-40,pass,direct_max,idelay_data_cntvaluein,lane1,dq13,0,endpoint,1,1593.0,1593.0,1593.0,1593.0,0.0,1593.0
cntvaluein3-skew-locked-seed-41,fail,direct_max,idelay_data_cntvaluein,lane1,dq13,0,endpoint,1,1212.0,1212.0,1212.0,1212.0,0.0,1212.0
cntvaluein3-skew-locked-seed-42,pass,direct_max,idelay_data_cntvaluein,lane1,dq13,0,endpoint,1,1350.0,1350.0,1350.0,1350.0,0.0,1350.0
cntvaluein3-skew-locked-seed-43,pass,direct_max,idelay_data_cntvaluein,lane1,dq13,0,endpoint,1,625.0,625.0,625.0,625.0,0.0,625.0
cntvaluein3-skew-locked-seed-44,pass,direct_max,idelay_data_cntvaluein,lane1,dq13,0,endpoint,1,883.0,883.0,883.0,883.0,0.0,883.0
cntvaluein3-skew-locked-seed-45,fail,direct_max,idelay_data_cntvaluein,lane1,dq13,0,endpoint,1,711.0,711.0,711.0,711.0,0.0,711.0
cntvaluein3-skew-locked-seed-46,pass,direct_max,idelay_data_cntvaluein,lane1,dq13,0,endpoint,1,755.0,755.0,755.0,755.0,0.0,755.0
cntvaluein3-skew-locked-seed-47,pass,direct_max,idelay_data_cntvaluein,lane1,dq13,0,endpoint,1,1483.0,1483.0,1483.0,1483.0,0.0,1483.0
cntvaluein3-skew-locked-seed-48,fail,direct_max,idelay_data_cntvaluein,lane1,dq13,0,endpoint,1,714.0,714.0,714.0,714.0,0.0,714.0
cntvaluein3-skew-locked-seed-49,pass,direct_max,idelay_data_cntvaluein,lane1,dq13,0,endpoint,1,1646.0,1646.0,1646.0,1646.0,0.0,1646.0
cntvaluein3-skew-locked-seed-50,fail,direct_max,idelay_data_cntvaluein,lane1,dq13,0,endpoint,1,1200.0,1200.0,1200.0,1200.0,0.0,1200.0
cntvaluein3-skew-locked-seed-51,fail,direct_max,idelay_data_cntvaluein,lane1,dq13,0,endpoint,1,959.0,959.0,959.0,959.0,0.0,959.0
cntvaluein3-skew-locked-seed-52,fail,direct_max,idelay_data_cntvaluein,lane1,dq13,0,endpoint,1,1797.0,1797.0,1797.0,1797.0,0.0,1797.0
cntvaluein3-skew-locked-seed-53,fail,direct_max,idelay_data_cntvaluein,lane1,dq13,0,endpoint,1,1674.0,1674.0,1674.0,1674.0,0.0,1674.0
cntvaluein3-skew-locked-seed-54,pass,direct_max,idelay_data_cntvaluein,lane1,dq13,0,endpoint,1,958.0,958.0,958.0,958.0,0.0,958.0
cntvaluein3-skew-locked-seed-55,pass,direct_max,idelay_data_cntvaluein,lane1,dq13,0,endpoint,1,1491.0,1491.0,1491.0,1491.0,0.0,1491.0
cntvaluein3-skew-locked-seed-56,pass,direct_max,idelay_data_cntvaluein,lane1,dq13,0,endpoint,1,1312.0,1312.0,1312.0,1312.0,0.0,1312.0
cntvaluein3-skew-locked-seed-57,pass,direct_max,idelay_data_cntvaluein,lane1,dq13,0,endpoint,1,1791.0,1791.0,1791.0,1791.0,0.0,1791.0
cntvaluein3-skew-locked-seed-58,pass,direct_max,idelay_data_cntvaluein,lane1,dq13,0,endpoint,1,1238.0,1238.0,1238.0,1238.0,0.0,1238.0
cntvaluein3-skew-locked-seed-59,pass,direct_max,idelay_data_cntvaluein,lane1,dq13,0,endpoint,1,1294.0,1294.0,1294.0,1294.0,0.0,1294.0
cntvaluein3-skew-locked-seed-60,fail,direct_max,idelay_data_cntvaluein,lane1,dq13,0,endpoint,1,1134.0,1134.0,1134.0,1134.0,0.0,1134.0
cntvaluein3-skew-locked-seed-31,pass,direct_max,idelay_data_cntvaluein,lane1,dq13,1,endpoint,1,1072.0,1072.0,1072.0,1072.0,0.0,1072.0
cntvaluein3-skew-locked-seed-32,pass,direct_max,idelay_data_cntvaluein,lane1,dq13,1,endpoint,1,903.0,903.0,903.0,903.0,0.0,903.0
cntvaluein3-skew-locked-seed-33,fail,direct_max,idelay_data_cntvaluein,lane1,dq13,1,endpoint,1,1212.0,1212.0,1212.0,1212.0,0.0,1212.0
cntvaluein3-skew-locked-seed-34,pass,direct_max,idelay_data_cntvaluein,lane1,dq13,1,endpoint,1,680.0,680.0,680.0,680.0,0.0,680.0
cntvaluein3-skew-locked-seed-35,pass,direct_max,idelay_data_cntvaluein,lane1,dq13,1,endpoint,1,499.0,499.0,499.0,499.0,0.0,499.0
cntvaluein3-skew-locked-seed-36,fail,direct_max,idelay_data_cntvaluein,lane1,dq13,1,endpoint,1,1582.0,1582.0,1582.0,1582.0,0.0,1582.0
cntvaluein3-skew-locked-seed-37,pass,direct_max,idelay_data_cntvaluein,lane1,dq13,1,endpoint,1,1578.0,1578.0,1578.0,1578.0,0.0,1578.0
cntvaluein3-skew-locked-seed-38,pass,direct_max,idelay_data_cntvaluein,lane1,dq13,1,endpoint,1,1430.0,1430.0,1430.0,1430.0,0.0,1430.0
cntvaluein3-skew-locked-seed-39,fail,direct_max,idelay_data_cntvaluein,lane1,dq13,1,endpoint,1,1588.0,1588.0,1588.0,1588.0,0.0,1588.0
cntvaluein3-skew-locked-seed-40,pass,direct_max,idelay_data_cntvaluein,lane1,dq13,1,endpoint,1,1615.0,1615.0,1615.0,1615.0,0.0,1615.0
cntvaluein3-skew-locked-seed-41,fail,direct_max,idelay_data_cntvaluein,lane1,dq13,1,endpoint,1,1335.0,1335.0,1335.0,1335.0,0.0,1335.0
cntvaluein3-skew-locked-seed-42,pass,direct_max,idelay_data_cntvaluein,lane1,dq13,1,endpoint,1,1733.0,1733.0,1733.0,1733.0,0.0,1733.0
cntvaluein3-skew-locked-seed-43,pass,direct_max,idelay_data_cntvaluein,lane1,dq13,1,endpoint,1,634.0,634.0,634.0,634.0,0.0,634.0
cntvaluein3-skew-locked-seed-44,pass,direct_max,idelay_data_cntvaluein,lane1,dq13,1,endpoint,1,1044.0,1044.0,1044.0,1044.0,0.0,1044.0
cntvaluein3-skew-locked-seed-45,fail,direct_max,idelay_data_cntvaluein,lane1,dq13,1,endpoint,1,794.0,794.0,794.0,794.0,0.0,794.0
cntvaluein3-skew-locked-seed-46,pass,direct_max,idelay_data_cntvaluein,lane1,dq13,1,endpoint,1,1070.0,1070.0,1070.0,1070.0,0.0,1070.0
cntvaluein3-skew-locked-seed-47,pass,direct_max,idelay_data_cntvaluein,lane1,dq13,1,endpoint,1,1878.0,1878.0,1878.0,1878.0,0.0,1878.0
cntvaluein3-skew-locked-seed-48,fail,direct_max,idelay_data_cntvaluein,lane1,dq13,1,endpoint,1,947.0,947.0,947.0,947.0,0.0,947.0
cntvaluein3-skew-locked-seed-49,pass,direct_max,idelay_data_cntvaluein,lane1,dq13,1,endpoint,1,1679.0,1679.0,1679.0,1679.0,0.0,1679.0
cntvaluein3-skew-locked-seed-50,fail,direct_max,idelay_data_cntvaluein,lane1,dq13,1,endpoint,1,1386.0,1386.0,1386.0,1386.0,0.0,1386.0
cntvaluein3-skew-locked-seed-51,fail,direct_max,idelay_data_cntvaluein,lane1,dq13,1,endpoint,1,541.0,541.0,541.0,541.0,0.0,541.0
cntvaluein3-skew-locked-seed-52,fail,direct_max,idelay_data_cntvaluein,lane1,dq13,1,endpoint,1,1741.0,1741.0,1741.0,1741.0,0.0,1741.0
cntvaluein3-skew-locked-seed-53,fail,direct_max,idelay_data_cntvaluein,lane1,dq13,1,endpoint,1,1437.0,1437.0,1437.0,1437.0,0.0,1437.0
cntvaluein3-skew-locked-seed-54,pass,direct_max,idelay_data_cntvaluein,lane1,dq13,1,endpoint,1,828.0,828.0,828.0,828.0,0.0,828.0
cntvaluein3-skew-locked-seed-55,pass,direct_max,idelay_data_cntvaluein,lane1,dq13,1,endpoint,1,1513.0,1513.0,1513.0,1513.0,0.0,1513.0
cntvaluein3-skew-locked-seed-56,pass,direct_max,idelay_data_cntvaluein,lane1,dq13,1,endpoint,1,1725.0,1725.0,1725.0,1725.0,0.0,1725.0
cntvaluein3-skew-locked-seed-57,pass,direct_max,idelay_data_cntvaluein,lane1,dq13,1,endpoint,1,1139.0,1139.0,1139.0,1139.0,0.0,1139.0
cntvaluein3-skew-locked-seed-58,pass,direct_max,idelay_data_cntvaluein,lane1,dq13,1,endpoint,1,1202.0,1202.0,1202.0,1202.0,0.0,1202.0
cntvaluein3-skew-locked-seed-59,pass,direct_max,idelay_data_cntvaluein,lane1,dq13,1,endpoint,1,1322.0,1322.0,1322.0,1322.0,0.0,1322.0
cntvaluein3-skew-locked-seed-60,fail,direct_max,idelay_data_cntvaluein,lane1,dq13,1,endpoint,1,1317.0,1317.0,1317.0,1317.0,0.0,1317.0
cntvaluein3-skew-locked-seed-31,pass,direct_max,idelay_data_cntvaluein,lane1,dq13,2,endpoint,1,1207.0,1207.0,1207.0,1207.0,0.0,1207.0
cntvaluein3-skew-locked-seed-32,pass,direct_max,idelay_data_cntvaluein,lane1,dq13,2,endpoint,1,779.0,779.0,779.0,779.0,0.0,779.0
cntvaluein3-skew-locked-seed-33,fail,direct_max,idelay_data_cntvaluein,lane1,dq13,2,endpoint,1,1274.0,1274.0,1274.0,1274.0,0.0,1274.0
cntvaluein3-skew-locked-seed-34,pass,direct_max,idelay_data_cntvaluein,lane1,dq13,2,endpoint,1,746.0,746.0,746.0,746.0,0.0,746.0
cntvaluein3-skew-locked-seed-35,pass,direct_max,idelay_data_cntvaluein,lane1,dq13,2,endpoint,1,451.0,451.0,451.0,451.0,0.0,451.0
cntvaluein3-skew-locked-seed-36,fail,direct_max,idelay_data_cntvaluein,lane1,dq13,2,endpoint,1,1888.0,1888.0,1888.0,1888.0,0.0,1888.0
cntvaluein3-skew-locked-seed-37,pass,direct_max,idelay_data_cntvaluein,lane1,dq13,2,endpoint,1,1723.0,1723.0,1723.0,1723.0,0.0,1723.0
cntvaluein3-skew-locked-seed-38,pass,direct_max,idelay_data_cntvaluein,lane1,dq13,2,endpoint,1,1743.0,1743.0,1743.0,1743.0,0.0,1743.0
cntvaluein3-skew-locked-seed-39,fail,direct_max,idelay_data_cntvaluein,lane1,dq13,2,endpoint,1,1955.0,1955.0,1955.0,1955.0,0.0,1955.0
cntvaluein3-skew-locked-seed-40,pass,direct_max,idelay_data_cntvaluein,lane1,dq13,2,endpoint,1,1396.0,1396.0,1396.0,1396.0,0.0,1396.0
cntvaluein3-skew-locked-seed-41,fail,direct_max,idelay_data_cntvaluein,lane1,dq13,2,endpoint,1,1294.0,1294.0,1294.0,1294.0,0.0,1294.0
cntvaluein3-skew-locked-seed-42,pass,direct_max,idelay_data_cntvaluein,lane1,dq13,2,endpoint,1,1500.0,1500.0,1500.0,1500.0,0.0,1500.0
cntvaluein3-skew-locked-seed-43,pass,direct_max,idelay_data_cntvaluein,lane1,dq13,2,endpoint,1,639.0,639.0,639.0,639.0,0.0,639.0
cntvaluein3-skew-locked-seed-44,pass,direct_max,idelay_data_cntvaluein,lane1,dq13,2,endpoint,1,690.0,690.0,690.0,690.0,0.0,690.0
cntvaluein3-skew-locked-seed-45,fail,direct_max,idelay_data_cntvaluein,lane1,dq13,2,endpoint,1,848.0,848.0,848.0,848.0,0.0,848.0
cntvaluein3-skew-locked-seed-46,pass,direct_max,idelay_data_cntvaluein,lane1,dq13,2,endpoint,1,1032.0,1032.0,1032.0,1032.0,0.0,1032.0
cntvaluein3-skew-locked-seed-47,pass,direct_max,idelay_data_cntvaluein,lane1,dq13,2,endpoint,1,1608.0,1608.0,1608.0,1608.0,0.0,1608.0
cntvaluein3-skew-locked-seed-48,fail,direct_max,idelay_data_cntvaluein,lane1,dq13,2,endpoint,1,554.0,554.0,554.0,554.0,0.0,554.0
cntvaluein3-skew-locked-seed-49,pass,direct_max,idelay_data_cntvaluein,lane1,dq13,2,endpoint,1,1246.0,1246.0,1246.0,1246.0,0.0,1246.0
cntvaluein3-skew-locked-seed-50,fail,direct_max,idelay_data_cntvaluein,lane1,dq13,2,endpoint,1,1409.0,1409.0,1409.0,1409.0,0.0,1409.0
cntvaluein3-skew-locked-seed-51,fail,direct_max,idelay_data_cntvaluein,lane1,dq13,2,endpoint,1,538.0,538.0,538.0,538.0,0.0,538.0
cntvaluein3-skew-locked-seed-52,fail,direct_max,idelay_data_cntvaluein,lane1,dq13,2,endpoint,1,1889.0,1889.0,1889.0,1889.0,0.0,1889.0
cntvaluein3-skew-locked-seed-53,fail,direct_max,idelay_data_cntvaluein,lane1,dq13,2,endpoint,1,1383.0,1383.0,1383.0,1383.0,0.0,1383.0
cntvaluein3-skew-locked-seed-54,pass,direct_max,idelay_data_cntvaluein,lane1,dq13,2,endpoint,1,755.0,755.0,755.0,755.0,0.0,755.0
cntvaluein3-skew-locked-seed-55,pass,direct_max,idelay_data_cntvaluein,lane1,dq13,2,endpoint,1,1419.0,1419.0,1419.0,1419.0,0.0,1419.0
cntvaluein3-skew-locked-seed-56,pass,direct_max,idelay_data_cntvaluein,lane1,dq13,2,endpoint,1,1180.0,1180.0,1180.0,1180.0,0.0,1180.0
cntvaluein3-skew-locked-seed-57,pass,direct_max,idelay_data_cntvaluein,lane1,dq13,2,endpoint,1,1419.0,1419.0,1419.0,1419.0,0.0,1419.0
cntvaluein3-skew-locked-seed-58,pass,direct_max,idelay_data_cntvaluein,lane1,dq13,2,endpoint,1,1480.0,1480.0,1480.0,1480.0,0.0,1480.0
cntvaluein3-skew-locked-seed-59,pass,direct_max,idelay_data_cntvaluein,lane1,dq13,2,endpoint,1,1177.0,1177.0,1177.0,1177.0,0.0,1177.0
cntvaluein3-skew-locked-seed-60,fail,direct_max,idelay_data_cntvaluein,lane1,dq13,2,endpoint,1,1322.0,1322.0,1322.0,1322.0,0.0,1322.0
cntvaluein3-skew-locked-seed-31,pass,direct_max,idelay_data_cntvaluein,lane1,dq13,3,endpoint,1,1791.0,1791.0,1791.0,1791.0,0.0,1791.0
cntvaluein3-skew-locked-seed-32,pass,direct_max,idelay_data_cntvaluein,lane1,dq13,3,endpoint,1,1536.0,1536.0,1536.0,1536.0,0.0,1536.0
cntvaluein3-skew-locked-seed-33,fail,direct_max,idelay_data_cntvaluein,lane1,dq13,3,endpoint,1,1468.0,1468.0,1468.0,1468.0,0.0,1468.0
cntvaluein3-skew-locked-seed-34,pass,direct_max,idelay_data_cntvaluein,lane1,dq13,3,endpoint,1,1868.0,1868.0,1868.0,1868.0,0.0,1868.0
cntvaluein3-skew-locked-seed-35,pass,direct_max,idelay_data_cntvaluein,lane1,dq13,3,endpoint,1,1745.0,1745.0,1745.0,1745.0,0.0,1745.0
cntvaluein3-skew-locked-seed-36,fail,direct_max,idelay_data_cntvaluein,lane1,dq13,3,endpoint,1,1565.0,1565.0,1565.0,1565.0,0.0,1565.0
cntvaluein3-skew-locked-seed-37,pass,direct_max,idelay_data_cntvaluein,lane1,dq13,3,endpoint,1,1610.0,1610.0,1610.0,1610.0,0.0,1610.0
cntvaluein3-skew-locked-seed-38,pass,direct_max,idelay_data_cntvaluein,lane1,dq13,3,endpoint,1,1888.0,1888.0,1888.0,1888.0,0.0,1888.0
cntvaluein3-skew-locked-seed-39,fail,direct_max,idelay_data_cntvaluein,lane1,dq13,3,endpoint,1,1855.0,1855.0,1855.0,1855.0,0.0,1855.0
cntvaluein3-skew-locked-seed-40,pass,direct_max,idelay_data_cntvaluein,lane1,dq13,3,endpoint,1,1817.0,1817.0,1817.0,1817.0,0.0,1817.0
cntvaluein3-skew-locked-seed-41,fail,direct_max,idelay_data_cntvaluein,lane1,dq13,3,endpoint,1,1531.0,1531.0,1531.0,1531.0,0.0,1531.0
cntvaluein3-skew-locked-seed-42,pass,direct_max,idelay_data_cntvaluein,lane1,dq13,3,endpoint,1,1353.0,1353.0,1353.0,1353.0,0.0,1353.0
cntvaluein3-skew-locked-seed-43,pass,direct_max,idelay_data_cntvaluein,lane1,dq13,3,endpoint,1,1639.0,1639.0,1639.0,1639.0,0.0,1639.0
cntvaluein3-skew-locked-seed-44,pass,direct_max,idelay_data_cntvaluein,lane1,dq13,3,endpoint,1,1672.0,1672.0,1672.0,1672.0,0.0,1672.0
cntvaluein3-skew-locked-seed-45,fail,direct_max,idelay_data_cntvaluein,lane1,dq13,3,endpoint,1,1141.0,1141.0,1141.0,1141.0,0.0,1141.0
cntvaluein3-skew-locked-seed-46,pass,direct_max,idelay_data_cntvaluein,lane1,dq13,3,endpoint,1,1577.0,1577.0,1577.0,1577.0,0.0,1577.0
cntvaluein3-skew-locked-seed-47,pass,direct_max,idelay_data_cntvaluein,lane1,dq13,3,endpoint,1,1547.0,1547.0,1547.0,1547.0,0.0,1547.0
cntvaluein3-skew-locked-seed-48,fail,direct_max,idelay_data_cntvaluein,lane1,dq13,3,endpoint,1,1835.0,1835.0,1835.0,1835.0,0.0,1835.0
cntvaluein3-skew-locked-seed-49,pass,direct_max,idelay_data_cntvaluein,lane1,dq13,3,endpoint,1,1973.0,1973.0,1973.0,1973.0,0.0,1973.0
cntvaluein3-skew-locked-seed-50,fail,direct_max,idelay_data_cntvaluein,lane1,dq13,3,endpoint,1,1929.0,1929.0,1929.0,1929.0,0.0,1929.0
cntvaluein3-skew-locked-seed-51,fail,direct_max,idelay_data_cntvaluein,lane1,dq13,3,endpoint,1,1468.0,1468.0,1468.0,1468.0,0.0,1468.0
cntvaluein3-skew-locked-seed-52,fail,direct_max,idelay_data_cntvaluein,lane1,dq13,3,endpoint,1,1600.0,1600.0,1600.0,1600.0,0.0,1600.0
cntvaluein3-skew-locked-seed-53,fail,direct_max,idelay_data_cntvaluein,lane1,dq13,3,endpoint,1,1835.0,1835.0,1835.0,1835.0,0.0,1835.0
cntvaluein3-skew-locked-seed-54,pass,direct_max,idelay_data_cntvaluein,lane1,dq13,3,endpoint,1,1690.0,1690.0,1690.0,1690.0,0.0,1690.0
cntvaluein3-skew-locked-seed-55,pass,direct_max,idelay_data_cntvaluein,lane1,dq13,3,endpoint,1,1759.0,1759.0,1759.0,1759.0,0.0,1759.0
cntvaluein3-skew-locked-seed-56,pass,direct_max,idelay_data_cntvaluein,lane1,dq13,3,endpoint,1,1542.0,1542.0,1542.0,1542.0,0.0,1542.0
cntvaluein3-skew-locked-seed-57,pass,direct_max,idelay_data_cntvaluein,lane1,dq13,3,endpoint,1,1909.0,1909.0,1909.0,1909.0,0.0,1909.0
cntvaluein3-skew-locked-seed-58,pass,direct_max,idelay_data_cntvaluein,lane1,dq13,3,endpoint,1,1427.0,1427.0,1427.0,1427.0,0.0,1427.0
cntvaluein3-skew-locked-seed-59,pass,direct_max,idelay_data_cntvaluein,lane1,dq13,3,endpoint,1,1606.0,1606.0,1606.0,1606.0,0.0,1606.0
cntvaluein3-skew-locked-seed-60,fail,direct_max,idelay_data_cntvaluein,lane1,dq13,3,endpoint,1,1764.0,1764.0,1764.0,1764.0,0.0,1764.0
cntvaluein3-skew-locked-seed-31,pass,direct_max,idelay_data_cntvaluein,lane1,dq13,4,endpoint,1,962.0,962.0,962.0,962.0,0.0,962.0
cntvaluein3-skew-locked-seed-32,pass,direct_max,idelay_data_cntvaluein,lane1,dq13,4,endpoint,1,755.0,755.0,755.0,755.0,0.0,755.0
cntvaluein3-skew-locked-seed-33,fail,direct_max,idelay_data_cntvaluein,lane1,dq13,4,endpoint,1,1388.0,1388.0,1388.0,1388.0,0.0,1388.0
cntvaluein3-skew-locked-seed-34,pass,direct_max,idelay_data_cntvaluein,lane1,dq13,4,endpoint,1,856.0,856.0,856.0,856.0,0.0,856.0
cntvaluein3-skew-locked-seed-35,pass,direct_max,idelay_data_cntvaluein,lane1,dq13,4,endpoint,1,632.0,632.0,632.0,632.0,0.0,632.0
cntvaluein3-skew-locked-seed-36,fail,direct_max,idelay_data_cntvaluein,lane1,dq13,4,endpoint,1,1351.0,1351.0,1351.0,1351.0,0.0,1351.0
cntvaluein3-skew-locked-seed-37,pass,direct_max,idelay_data_cntvaluein,lane1,dq13,4,endpoint,1,1463.0,1463.0,1463.0,1463.0,0.0,1463.0
cntvaluein3-skew-locked-seed-38,pass,direct_max,idelay_data_cntvaluein,lane1,dq13,4,endpoint,1,1907.0,1907.0,1907.0,1907.0,0.0,1907.0
cntvaluein3-skew-locked-seed-39,fail,direct_max,idelay_data_cntvaluein,lane1,dq13,4,endpoint,1,1463.0,1463.0,1463.0,1463.0,0.0,1463.0
cntvaluein3-skew-locked-seed-40,pass,direct_max,idelay_data_cntvaluein,lane1,dq13,4,endpoint,1,1677.0,1677.0,1677.0,1677.0,0.0,1677.0
cntvaluein3-skew-locked-seed-41,fail,direct_max,idelay_data_cntvaluein,lane1,dq13,4,endpoint,1,1305.0,1305.0,1305.0,1305.0,0.0,1305.0
cntvaluein3-skew-locked-seed-42,pass,direct_max,idelay_data_cntvaluein,lane1,dq13,4,endpoint,1,1473.0,1473.0,1473.0,1473.0,0.0,1473.0
cntvaluein3-skew-locked-seed-43,pass,direct_max,idelay_data_cntvaluein,lane1,dq13,4,endpoint,1,541.0,541.0,541.0,541.0,0.0,541.0
cntvaluein3-skew-locked-seed-44,pass,direct_max,idelay_data_cntvaluein,lane1,dq13,4,endpoint,1,864.0,864.0,864.0,864.0,0.0,864.0
cntvaluein3-skew-locked-seed-45,fail,direct_max,idelay_data_cntvaluein,lane1,dq13,4,endpoint,1,610.0,610.0,610.0,610.0,0.0,610.0
cntvaluein3-skew-locked-seed-46,pass,direct_max,idelay_data_cntvaluein,lane1,dq13,4,endpoint,1,953.0,953.0,953.0,953.0,0.0,953.0
cntvaluein3-skew-locked-seed-47,pass,direct_max,idelay_data_cntvaluein,lane1,dq13,4,endpoint,1,1726.0,1726.0,1726.0,1726.0,0.0,1726.0
cntvaluein3-skew-locked-seed-48,fail,direct_max,idelay_data_cntvaluein,lane1,dq13,4,endpoint,1,689.0,689.0,689.0,689.0,0.0,689.0
cntvaluein3-skew-locked-seed-49,pass,direct_max,idelay_data_cntvaluein,lane1,dq13,4,endpoint,1,1373.0,1373.0,1373.0,1373.0,0.0,1373.0
cntvaluein3-skew-locked-seed-50,fail,direct_max,idelay_data_cntvaluein,lane1,dq13,4,endpoint,1,1393.0,1393.0,1393.0,1393.0,0.0,1393.0
cntvaluein3-skew-locked-seed-51,fail,direct_max,idelay_data_cntvaluein,lane1,dq13,4,endpoint,1,976.0,976.0,976.0,976.0,0.0,976.0
cntvaluein3-skew-locked-seed-52,fail,direct_max,idelay_data_cntvaluein,lane1,dq13,4,endpoint,1,1470.0,1470.0,1470.0,1470.0,0.0,1470.0
cntvaluein3-skew-locked-seed-53,fail,direct_max,idelay_data_cntvaluein,lane1,dq13,4,endpoint,1,1003.0,1003.0,1003.0,1003.0,0.0,1003.0
cntvaluein3-skew-locked-seed-54,pass,direct_max,idelay_data_cntvaluein,lane1,dq13,4,endpoint,1,734.0,734.0,734.0,734.0,0.0,734.0
cntvaluein3-skew-locked-seed-55,pass,direct_max,idelay_data_cntvaluein,lane1,dq13,4,endpoint,1,1850.0,1850.0,1850.0,1850.0,0.0,1850.0
cntvaluein3-skew-locked-seed-56,pass,direct_max,idelay_data_cntvaluein,lane1,dq13,4,endpoint,1,1370.0,1370.0,1370.0,1370.0,0.0,1370.0
cntvaluein3-skew-locked-seed-57,pass,direct_max,idelay_data_cntvaluein,lane1,dq13,4,endpoint,1,1601.0,1601.0,1601.0,1601.0,0.0,1601.0
cntvaluein3-skew-locked-seed-58,pass,direct_max,idelay_data_cntvaluein,lane1,dq13,4,endpoint,1,1603.0,1603.0,1603.0,1603.0,0.0,1603.0
cntvaluein3-skew-locked-seed-59,pass,direct_max,idelay_data_cntvaluein,lane1,dq13,4,endpoint,1,1656.0,1656.0,1656.0,1656.0,0.0,1656.0
cntvaluein3-skew-locked-seed-60,fail,direct_max,idelay_data_cntvaluein,lane1,dq13,4,endpoint,1,1156.0,1156.0,1156.0,1156.0,0.0,1156.0
cntvaluein3-skew-locked-seed-31,pass,direct_max,idelay_data_cntvaluein,lane1,dq14,0,endpoint,1,1524.0,1524.0,1524.0,1524.0,0.0,1524.0
cntvaluein3-skew-locked-seed-32,pass,direct_max,idelay_data_cntvaluein,lane1,dq14,0,endpoint,1,694.0,694.0,694.0,694.0,0.0,694.0
cntvaluein3-skew-locked-seed-33,fail,direct_max,idelay_data_cntvaluein,lane1,dq14,0,endpoint,1,1794.0,1794.0,1794.0,1794.0,0.0,1794.0
cntvaluein3-skew-locked-seed-34,pass,direct_max,idelay_data_cntvaluein,lane1,dq14,0,endpoint,1,802.0,802.0,802.0,802.0,0.0,802.0
cntvaluein3-skew-locked-seed-35,pass,direct_max,idelay_data_cntvaluein,lane1,dq14,0,endpoint,1,456.0,456.0,456.0,456.0,0.0,456.0
cntvaluein3-skew-locked-seed-36,fail,direct_max,idelay_data_cntvaluein,lane1,dq14,0,endpoint,1,1620.0,1620.0,1620.0,1620.0,0.0,1620.0
cntvaluein3-skew-locked-seed-37,pass,direct_max,idelay_data_cntvaluein,lane1,dq14,0,endpoint,1,1468.0,1468.0,1468.0,1468.0,0.0,1468.0
cntvaluein3-skew-locked-seed-38,pass,direct_max,idelay_data_cntvaluein,lane1,dq14,0,endpoint,1,1402.0,1402.0,1402.0,1402.0,0.0,1402.0
cntvaluein3-skew-locked-seed-39,fail,direct_max,idelay_data_cntvaluein,lane1,dq14,0,endpoint,1,1610.0,1610.0,1610.0,1610.0,0.0,1610.0
cntvaluein3-skew-locked-seed-40,pass,direct_max,idelay_data_cntvaluein,lane1,dq14,0,endpoint,1,1633.0,1633.0,1633.0,1633.0,0.0,1633.0
cntvaluein3-skew-locked-seed-41,fail,direct_max,idelay_data_cntvaluein,lane1,dq14,0,endpoint,1,1384.0,1384.0,1384.0,1384.0,0.0,1384.0
cntvaluein3-skew-locked-seed-42,pass,direct_max,idelay_data_cntvaluein,lane1,dq14,0,endpoint,1,1358.0,1358.0,1358.0,1358.0,0.0,1358.0
cntvaluein3-skew-locked-seed-43,pass,direct_max,idelay_data_cntvaluein,lane1,dq14,0,endpoint,1,850.0,850.0,850.0,850.0,0.0,850.0
cntvaluein3-skew-locked-seed-44,pass,direct_max,idelay_data_cntvaluein,lane1,dq14,0,endpoint,1,1177.0,1177.0,1177.0,1177.0,0.0,1177.0
cntvaluein3-skew-locked-seed-45,fail,direct_max,idelay_data_cntvaluein,lane1,dq14,0,endpoint,1,722.0,722.0,722.0,722.0,0.0,722.0
cntvaluein3-skew-locked-seed-46,pass,direct_max,idelay_data_cntvaluein,lane1,dq14,0,endpoint,1,963.0,963.0,963.0,963.0,0.0,963.0
cntvaluein3-skew-locked-seed-47,pass,direct_max,idelay_data_cntvaluein,lane1,dq14,0,endpoint,1,1483.0,1483.0,1483.0,1483.0,0.0,1483.0
cntvaluein3-skew-locked-seed-48,fail,direct_max,idelay_data_cntvaluein,lane1,dq14,0,endpoint,1,964.0,964.0,964.0,964.0,0.0,964.0
cntvaluein3-skew-locked-seed-49,pass,direct_max,idelay_data_cntvaluein,lane1,dq14,0,endpoint,1,1947.0,1947.0,1947.0,1947.0,0.0,1947.0
cntvaluein3-skew-locked-seed-50,fail,direct_max,idelay_data_cntvaluein,lane1,dq14,0,endpoint,1,1320.0,1320.0,1320.0,1320.0,0.0,1320.0
cntvaluein3-skew-locked-seed-51,fail,direct_max,idelay_data_cntvaluein,lane1,dq14,0,endpoint,1,1044.0,1044.0,1044.0,1044.0,0.0,1044.0
cntvaluein3-skew-locked-seed-52,fail,direct_max,idelay_data_cntvaluein,lane1,dq14,0,endpoint,1,1615.0,1615.0,1615.0,1615.0,0.0,1615.0
cntvaluein3-skew-locked-seed-53,fail,direct_max,idelay_data_cntvaluein,lane1,dq14,0,endpoint,1,1636.0,1636.0,1636.0,1636.0,0.0,1636.0
cntvaluein3-skew-locked-seed-54,pass,direct_max,idelay_data_cntvaluein,lane1,dq14,0,endpoint,1,1131.0,1131.0,1131.0,1131.0,0.0,1131.0
cntvaluein3-skew-locked-seed-55,pass,direct_max,idelay_data_cntvaluein,lane1,dq14,0,endpoint,1,1498.0,1498.0,1498.0,1498.0,0.0,1498.0
cntvaluein3-skew-locked-seed-56,pass,direct_max,idelay_data_cntvaluein,lane1,dq14,0,endpoint,1,1442.0,1442.0,1442.0,1442.0,0.0,1442.0
cntvaluein3-skew-locked-seed-57,pass,direct_max,idelay_data_cntvaluein,lane1,dq14,0,endpoint,1,1539.0,1539.0,1539.0,1539.0,0.0,1539.0
cntvaluein3-skew-locked-seed-58,pass,direct_max,idelay_data_cntvaluein,lane1,dq14,0,endpoint,1,1157.0,1157.0,1157.0,1157.0,0.0,1157.0
cntvaluein3-skew-locked-seed-59,pass,direct_max,idelay_data_cntvaluein,lane1,dq14,0,endpoint,1,1215.0,1215.0,1215.0,1215.0,0.0,1215.0
cntvaluein3-skew-locked-seed-60,fail,direct_max,idelay_data_cntvaluein,lane1,dq14,0,endpoint,1,1230.0,1230.0,1230.0,1230.0,0.0,1230.0
cntvaluein3-skew-locked-seed-31,pass,direct_max,idelay_data_cntvaluein,lane1,dq14,1,endpoint,1,940.0,940.0,940.0,940.0,0.0,940.0
cntvaluein3-skew-locked-seed-32,pass,direct_max,idelay_data_cntvaluein,lane1,dq14,1,endpoint,1,723.0,723.0,723.0,723.0,0.0,723.0
cntvaluein3-skew-locked-seed-33,fail,direct_max,idelay_data_cntvaluein,lane1,dq14,1,endpoint,1,1488.0,1488.0,1488.0,1488.0,0.0,1488.0
cntvaluein3-skew-locked-seed-34,pass,direct_max,idelay_data_cntvaluein,lane1,dq14,1,endpoint,1,805.0,805.0,805.0,805.0,0.0,805.0
cntvaluein3-skew-locked-seed-35,pass,direct_max,idelay_data_cntvaluein,lane1,dq14,1,endpoint,1,625.0,625.0,625.0,625.0,0.0,625.0
cntvaluein3-skew-locked-seed-36,fail,direct_max,idelay_data_cntvaluein,lane1,dq14,1,endpoint,1,1544.0,1544.0,1544.0,1544.0,0.0,1544.0
cntvaluein3-skew-locked-seed-37,pass,direct_max,idelay_data_cntvaluein,lane1,dq14,1,endpoint,1,1567.0,1567.0,1567.0,1567.0,0.0,1567.0
cntvaluein3-skew-locked-seed-38,pass,direct_max,idelay_data_cntvaluein,lane1,dq14,1,endpoint,1,1610.0,1610.0,1610.0,1610.0,0.0,1610.0
cntvaluein3-skew-locked-seed-39,fail,direct_max,idelay_data_cntvaluein,lane1,dq14,1,endpoint,1,1493.0,1493.0,1493.0,1493.0,0.0,1493.0
cntvaluein3-skew-locked-seed-40,pass,direct_max,idelay_data_cntvaluein,lane1,dq14,1,endpoint,1,1440.0,1440.0,1440.0,1440.0,0.0,1440.0
cntvaluein3-skew-locked-seed-41,fail,direct_max,idelay_data_cntvaluein,lane1,dq14,1,endpoint,1,1332.0,1332.0,1332.0,1332.0,0.0,1332.0
cntvaluein3-skew-locked-seed-42,pass,direct_max,idelay_data_cntvaluein,lane1,dq14,1,endpoint,1,1554.0,1554.0,1554.0,1554.0,0.0,1554.0
cntvaluein3-skew-locked-seed-43,pass,direct_max,idelay_data_cntvaluein,lane1,dq14,1,endpoint,1,549.0,549.0,549.0,549.0,0.0,549.0
cntvaluein3-skew-locked-seed-44,pass,direct_max,idelay_data_cntvaluein,lane1,dq14,1,endpoint,1,949.0,949.0,949.0,949.0,0.0,949.0
cntvaluein3-skew-locked-seed-45,fail,direct_max,idelay_data_cntvaluein,lane1,dq14,1,endpoint,1,1123.0,1123.0,1123.0,1123.0,0.0,1123.0
cntvaluein3-skew-locked-seed-46,pass,direct_max,idelay_data_cntvaluein,lane1,dq14,1,endpoint,1,1044.0,1044.0,1044.0,1044.0,0.0,1044.0
cntvaluein3-skew-locked-seed-47,pass,direct_max,idelay_data_cntvaluein,lane1,dq14,1,endpoint,1,2188.0,2188.0,2188.0,2188.0,0.0,2188.0
cntvaluein3-skew-locked-seed-48,fail,direct_max,idelay_data_cntvaluein,lane1,dq14,1,endpoint,1,910.0,910.0,910.0,910.0,0.0,910.0
cntvaluein3-skew-locked-seed-49,pass,direct_max,idelay_data_cntvaluein,lane1,dq14,1,endpoint,1,1883.0,1883.0,1883.0,1883.0,0.0,1883.0
cntvaluein3-skew-locked-seed-50,fail,direct_max,idelay_data_cntvaluein,lane1,dq14,1,endpoint,1,1432.0,1432.0,1432.0,1432.0,0.0,1432.0
cntvaluein3-skew-locked-seed-51,fail,direct_max,idelay_data_cntvaluein,lane1,dq14,1,endpoint,1,456.0,456.0,456.0,456.0,0.0,456.0
cntvaluein3-skew-locked-seed-52,fail,direct_max,idelay_data_cntvaluein,lane1,dq14,1,endpoint,1,1957.0,1957.0,1957.0,1957.0,0.0,1957.0
cntvaluein3-skew-locked-seed-53,fail,direct_max,idelay_data_cntvaluein,lane1,dq14,1,endpoint,1,1437.0,1437.0,1437.0,1437.0,0.0,1437.0
cntvaluein3-skew-locked-seed-54,pass,direct_max,idelay_data_cntvaluein,lane1,dq14,1,endpoint,1,1103.0,1103.0,1103.0,1103.0,0.0,1103.0
cntvaluein3-skew-locked-seed-55,pass,direct_max,idelay_data_cntvaluein,lane1,dq14,1,endpoint,1,1722.0,1722.0,1722.0,1722.0,0.0,1722.0
cntvaluein3-skew-locked-seed-56,pass,direct_max,idelay_data_cntvaluein,lane1,dq14,1,endpoint,1,1825.0,1825.0,1825.0,1825.0,0.0,1825.0
cntvaluein3-skew-locked-seed-57,pass,direct_max,idelay_data_cntvaluein,lane1,dq14,1,endpoint,1,1450.0,1450.0,1450.0,1450.0,0.0,1450.0
cntvaluein3-skew-locked-seed-58,pass,direct_max,idelay_data_cntvaluein,lane1,dq14,1,endpoint,1,1391.0,1391.0,1391.0,1391.0,0.0,1391.0
cntvaluein3-skew-locked-seed-59,pass,direct_max,idelay_data_cntvaluein,lane1,dq14,1,endpoint,1,1754.0,1754.0,1754.0,1754.0,0.0,1754.0
cntvaluein3-skew-locked-seed-60,fail,direct_max,idelay_data_cntvaluein,lane1,dq14,1,endpoint,1,1549.0,1549.0,1549.0,1549.0,0.0,1549.0
cntvaluein3-skew-locked-seed-31,pass,direct_max,idelay_data_cntvaluein,lane1,dq14,2,endpoint,1,1381.0,1381.0,1381.0,1381.0,0.0,1381.0
cntvaluein3-skew-locked-seed-32,pass,direct_max,idelay_data_cntvaluein,lane1,dq14,2,endpoint,1,771.0,771.0,771.0,771.0,0.0,771.0
cntvaluein3-skew-locked-seed-33,fail,direct_max,idelay_data_cntvaluein,lane1,dq14,2,endpoint,1,1312.0,1312.0,1312.0,1312.0,0.0,1312.0
cntvaluein3-skew-locked-seed-34,pass,direct_max,idelay_data_cntvaluein,lane1,dq14,2,endpoint,1,809.0,809.0,809.0,809.0,0.0,809.0
cntvaluein3-skew-locked-seed-35,pass,direct_max,idelay_data_cntvaluein,lane1,dq14,2,endpoint,1,597.0,597.0,597.0,597.0,0.0,597.0
cntvaluein3-skew-locked-seed-36,fail,direct_max,idelay_data_cntvaluein,lane1,dq14,2,endpoint,1,1723.0,1723.0,1723.0,1723.0,0.0,1723.0
cntvaluein3-skew-locked-seed-37,pass,direct_max,idelay_data_cntvaluein,lane1,dq14,2,endpoint,1,1894.0,1894.0,1894.0,1894.0,0.0,1894.0
cntvaluein3-skew-locked-seed-38,pass,direct_max,idelay_data_cntvaluein,lane1,dq14,2,endpoint,1,1784.0,1784.0,1784.0,1784.0,0.0,1784.0
cntvaluein3-skew-locked-seed-39,fail,direct_max,idelay_data_cntvaluein,lane1,dq14,2,endpoint,1,1771.0,1771.0,1771.0,1771.0,0.0,1771.0
cntvaluein3-skew-locked-seed-40,pass,direct_max,idelay_data_cntvaluein,lane1,dq14,2,endpoint,1,1513.0,1513.0,1513.0,1513.0,0.0,1513.0
cntvaluein3-skew-locked-seed-41,fail,direct_max,idelay_data_cntvaluein,lane1,dq14,2,endpoint,1,1296.0,1296.0,1296.0,1296.0,0.0,1296.0
cntvaluein3-skew-locked-seed-42,pass,direct_max,idelay_data_cntvaluein,lane1,dq14,2,endpoint,1,1625.0,1625.0,1625.0,1625.0,0.0,1625.0
cntvaluein3-skew-locked-seed-43,pass,direct_max,idelay_data_cntvaluein,lane1,dq14,2,endpoint,1,648.0,648.0,648.0,648.0,0.0,648.0
cntvaluein3-skew-locked-seed-44,pass,direct_max,idelay_data_cntvaluein,lane1,dq14,2,endpoint,1,691.0,691.0,691.0,691.0,0.0,691.0
cntvaluein3-skew-locked-seed-45,fail,direct_max,idelay_data_cntvaluein,lane1,dq14,2,endpoint,1,791.0,791.0,791.0,791.0,0.0,791.0
cntvaluein3-skew-locked-seed-46,pass,direct_max,idelay_data_cntvaluein,lane1,dq14,2,endpoint,1,785.0,785.0,785.0,785.0,0.0,785.0
cntvaluein3-skew-locked-seed-47,pass,direct_max,idelay_data_cntvaluein,lane1,dq14,2,endpoint,1,1654.0,1654.0,1654.0,1654.0,0.0,1654.0
cntvaluein3-skew-locked-seed-48,fail,direct_max,idelay_data_cntvaluein,lane1,dq14,2,endpoint,1,1111.0,1111.0,1111.0,1111.0,0.0,1111.0
cntvaluein3-skew-locked-seed-49,pass,direct_max,idelay_data_cntvaluein,lane1,dq14,2,endpoint,1,1070.0,1070.0,1070.0,1070.0,0.0,1070.0
cntvaluein3-skew-locked-seed-50,fail,direct_max,idelay_data_cntvaluein,lane1,dq14,2,endpoint,1,1725.0,1725.0,1725.0,1725.0,0.0,1725.0
cntvaluein3-skew-locked-seed-51,fail,direct_max,idelay_data_cntvaluein,lane1,dq14,2,endpoint,1,961.0,961.0,961.0,961.0,0.0,961.0
cntvaluein3-skew-locked-seed-52,fail,direct_max,idelay_data_cntvaluein,lane1,dq14,2,endpoint,1,1883.0,1883.0,1883.0,1883.0,0.0,1883.0
cntvaluein3-skew-locked-seed-53,fail,direct_max,idelay_data_cntvaluein,lane1,dq14,2,endpoint,1,1215.0,1215.0,1215.0,1215.0,0.0,1215.0
cntvaluein3-skew-locked-seed-54,pass,direct_max,idelay_data_cntvaluein,lane1,dq14,2,endpoint,1,661.0,661.0,661.0,661.0,0.0,661.0
cntvaluein3-skew-locked-seed-55,pass,direct_max,idelay_data_cntvaluein,lane1,dq14,2,endpoint,1,1570.0,1570.0,1570.0,1570.0,0.0,1570.0
cntvaluein3-skew-locked-seed-56,pass,direct_max,idelay_data_cntvaluein,lane1,dq14,2,endpoint,1,1138.0,1138.0,1138.0,1138.0,0.0,1138.0
cntvaluein3-skew-locked-seed-57,pass,direct_max,idelay_data_cntvaluein,lane1,dq14,2,endpoint,1,1437.0,1437.0,1437.0,1437.0,0.0,1437.0
cntvaluein3-skew-locked-seed-58,pass,direct_max,idelay_data_cntvaluein,lane1,dq14,2,endpoint,1,1483.0,1483.0,1483.0,1483.0,0.0,1483.0
cntvaluein3-skew-locked-seed-59,pass,direct_max,idelay_data_cntvaluein,lane1,dq14,2,endpoint,1,1361.0,1361.0,1361.0,1361.0,0.0,1361.0
cntvaluein3-skew-locked-seed-60,fail,direct_max,idelay_data_cntvaluein,lane1,dq14,2,endpoint,1,1513.0,1513.0,1513.0,1513.0,0.0,1513.0
cntvaluein3-skew-locked-seed-31,pass,direct_max,idelay_data_cntvaluein,lane1,dq14,3,endpoint,1,2299.0,2299.0,2299.0,2299.0,0.0,2299.0
cntvaluein3-skew-locked-seed-32,pass,direct_max,idelay_data_cntvaluein,lane1,dq14,3,endpoint,1,2032.0,2032.0,2032.0,2032.0,0.0,2032.0
cntvaluein3-skew-locked-seed-33,fail,direct_max,idelay_data_cntvaluein,lane1,dq14,3,endpoint,1,1789.0,1789.0,1789.0,1789.0,0.0,1789.0
cntvaluein3-skew-locked-seed-34,pass,direct_max,idelay_data_cntvaluein,lane1,dq14,3,endpoint,1,2118.0,2118.0,2118.0,2118.0,0.0,2118.0
cntvaluein3-skew-locked-seed-35,pass,direct_max,idelay_data_cntvaluein,lane1,dq14,3,endpoint,1,2012.0,2012.0,2012.0,2012.0,0.0,2012.0
cntvaluein3-skew-locked-seed-36,fail,direct_max,idelay_data_cntvaluein,lane1,dq14,3,endpoint,1,1572.0,1572.0,1572.0,1572.0,0.0,1572.0
cntvaluein3-skew-locked-seed-37,pass,direct_max,idelay_data_cntvaluein,lane1,dq14,3,endpoint,1,1432.0,1432.0,1432.0,1432.0,0.0,1432.0
cntvaluein3-skew-locked-seed-38,pass,direct_max,idelay_data_cntvaluein,lane1,dq14,3,endpoint,1,1715.0,1715.0,1715.0,1715.0,0.0,1715.0
cntvaluein3-skew-locked-seed-39,fail,direct_max,idelay_data_cntvaluein,lane1,dq14,3,endpoint,1,2101.0,2101.0,2101.0,2101.0,0.0,2101.0
cntvaluein3-skew-locked-seed-40,pass,direct_max,idelay_data_cntvaluein,lane1,dq14,3,endpoint,1,1718.0,1718.0,1718.0,1718.0,0.0,1718.0
cntvaluein3-skew-locked-seed-41,fail,direct_max,idelay_data_cntvaluein,lane1,dq14,3,endpoint,1,1429.0,1429.0,1429.0,1429.0,0.0,1429.0
cntvaluein3-skew-locked-seed-42,pass,direct_max,idelay_data_cntvaluein,lane1,dq14,3,endpoint,1,1274.0,1274.0,1274.0,1274.0,0.0,1274.0
cntvaluein3-skew-locked-seed-43,pass,direct_max,idelay_data_cntvaluein,lane1,dq14,3,endpoint,1,2180.0,2180.0,2180.0,2180.0,0.0,2180.0
cntvaluein3-skew-locked-seed-44,pass,direct_max,idelay_data_cntvaluein,lane1,dq14,3,endpoint,1,1766.0,1766.0,1766.0,1766.0,0.0,1766.0
cntvaluein3-skew-locked-seed-45,fail,direct_max,idelay_data_cntvaluein,lane1,dq14,3,endpoint,1,1366.0,1366.0,1366.0,1366.0,0.0,1366.0
cntvaluein3-skew-locked-seed-46,pass,direct_max,idelay_data_cntvaluein,lane1,dq14,3,endpoint,1,1498.0,1498.0,1498.0,1498.0,0.0,1498.0
cntvaluein3-skew-locked-seed-47,pass,direct_max,idelay_data_cntvaluein,lane1,dq14,3,endpoint,1,1860.0,1860.0,1860.0,1860.0,0.0,1860.0
cntvaluein3-skew-locked-seed-48,fail,direct_max,idelay_data_cntvaluein,lane1,dq14,3,endpoint,1,1922.0,1922.0,1922.0,1922.0,0.0,1922.0
cntvaluein3-skew-locked-seed-49,pass,direct_max,idelay_data_cntvaluein,lane1,dq14,3,endpoint,1,2142.0,2142.0,2142.0,2142.0,0.0,2142.0
cntvaluein3-skew-locked-seed-50,fail,direct_max,idelay_data_cntvaluein,lane1,dq14,3,endpoint,1,1899.0,1899.0,1899.0,1899.0,0.0,1899.0
cntvaluein3-skew-locked-seed-51,fail,direct_max,idelay_data_cntvaluein,lane1,dq14,3,endpoint,1,1588.0,1588.0,1588.0,1588.0,0.0,1588.0
cntvaluein3-skew-locked-seed-52,fail,direct_max,idelay_data_cntvaluein,lane1,dq14,3,endpoint,1,1417.0,1417.0,1417.0,1417.0,0.0,1417.0
cntvaluein3-skew-locked-seed-53,fail,direct_max,idelay_data_cntvaluein,lane1,dq14,3,endpoint,1,1983.0,1983.0,1983.0,1983.0,0.0,1983.0
cntvaluein3-skew-locked-seed-54,pass,direct_max,idelay_data_cntvaluein,lane1,dq14,3,endpoint,1,1794.0,1794.0,1794.0,1794.0,0.0,1794.0
cntvaluein3-skew-locked-seed-55,pass,direct_max,idelay_data_cntvaluein,lane1,dq14,3,endpoint,1,1583.0,1583.0,1583.0,1583.0,0.0,1583.0
cntvaluein3-skew-locked-seed-56,pass,direct_max,idelay_data_cntvaluein,lane1,dq14,3,endpoint,1,1358.0,1358.0,1358.0,1358.0,0.0,1358.0
cntvaluein3-skew-locked-seed-57,pass,direct_max,idelay_data_cntvaluein,lane1,dq14,3,endpoint,1,2424.0,2424.0,2424.0,2424.0,0.0,2424.0
cntvaluein3-skew-locked-seed-58,pass,direct_max,idelay_data_cntvaluein,lane1,dq14,3,endpoint,1,1417.0,1417.0,1417.0,1417.0,0.0,1417.0
cntvaluein3-skew-locked-seed-59,pass,direct_max,idelay_data_cntvaluein,lane1,dq14,3,endpoint,1,1427.0,1427.0,1427.0,1427.0,0.0,1427.0
cntvaluein3-skew-locked-seed-60,fail,direct_max,idelay_data_cntvaluein,lane1,dq14,3,endpoint,1,1996.0,1996.0,1996.0,1996.0,0.0,1996.0
cntvaluein3-skew-locked-seed-31,pass,direct_max,idelay_data_cntvaluein,lane1,dq14,4,endpoint,1,1445.0,1445.0,1445.0,1445.0,0.0,1445.0
cntvaluein3-skew-locked-seed-32,pass,direct_max,idelay_data_cntvaluein,lane1,dq14,4,endpoint,1,1029.0,1029.0,1029.0,1029.0,0.0,1029.0
cntvaluein3-skew-locked-seed-33,fail,direct_max,idelay_data_cntvaluein,lane1,dq14,4,endpoint,1,1450.0,1450.0,1450.0,1450.0,0.0,1450.0
cntvaluein3-skew-locked-seed-34,pass,direct_max,idelay_data_cntvaluein,lane1,dq14,4,endpoint,1,1169.0,1169.0,1169.0,1169.0,0.0,1169.0
cntvaluein3-skew-locked-seed-35,pass,direct_max,idelay_data_cntvaluein,lane1,dq14,4,endpoint,1,925.0,925.0,925.0,925.0,0.0,925.0
cntvaluein3-skew-locked-seed-36,fail,direct_max,idelay_data_cntvaluein,lane1,dq14,4,endpoint,1,1171.0,1171.0,1171.0,1171.0,0.0,1171.0
cntvaluein3-skew-locked-seed-37,pass,direct_max,idelay_data_cntvaluein,lane1,dq14,4,endpoint,1,1679.0,1679.0,1679.0,1679.0,0.0,1679.0
cntvaluein3-skew-locked-seed-38,pass,direct_max,idelay_data_cntvaluein,lane1,dq14,4,endpoint,1,1735.0,1735.0,1735.0,1735.0,0.0,1735.0
cntvaluein3-skew-locked-seed-39,fail,direct_max,idelay_data_cntvaluein,lane1,dq14,4,endpoint,1,1684.0,1684.0,1684.0,1684.0,0.0,1684.0
cntvaluein3-skew-locked-seed-40,pass,direct_max,idelay_data_cntvaluein,lane1,dq14,4,endpoint,1,1419.0,1419.0,1419.0,1419.0,0.0,1419.0
cntvaluein3-skew-locked-seed-41,fail,direct_max,idelay_data_cntvaluein,lane1,dq14,4,endpoint,1,1700.0,1700.0,1700.0,1700.0,0.0,1700.0
cntvaluein3-skew-locked-seed-42,pass,direct_max,idelay_data_cntvaluein,lane1,dq14,4,endpoint,1,1868.0,1868.0,1868.0,1868.0,0.0,1868.0
cntvaluein3-skew-locked-seed-43,pass,direct_max,idelay_data_cntvaluein,lane1,dq14,4,endpoint,1,721.0,721.0,721.0,721.0,0.0,721.0
cntvaluein3-skew-locked-seed-44,pass,direct_max,idelay_data_cntvaluein,lane1,dq14,4,endpoint,1,907.0,907.0,907.0,907.0,0.0,907.0
cntvaluein3-skew-locked-seed-45,fail,direct_max,idelay_data_cntvaluein,lane1,dq14,4,endpoint,1,648.0,648.0,648.0,648.0,0.0,648.0
cntvaluein3-skew-locked-seed-46,pass,direct_max,idelay_data_cntvaluein,lane1,dq14,4,endpoint,1,892.0,892.0,892.0,892.0,0.0,892.0
cntvaluein3-skew-locked-seed-47,pass,direct_max,idelay_data_cntvaluein,lane1,dq14,4,endpoint,1,1690.0,1690.0,1690.0,1690.0,0.0,1690.0
cntvaluein3-skew-locked-seed-48,fail,direct_max,idelay_data_cntvaluein,lane1,dq14,4,endpoint,1,728.0,728.0,728.0,728.0,0.0,728.0
cntvaluein3-skew-locked-seed-49,pass,direct_max,idelay_data_cntvaluein,lane1,dq14,4,endpoint,1,1544.0,1544.0,1544.0,1544.0,0.0,1544.0
cntvaluein3-skew-locked-seed-50,fail,direct_max,idelay_data_cntvaluein,lane1,dq14,4,endpoint,1,1411.0,1411.0,1411.0,1411.0,0.0,1411.0
cntvaluein3-skew-locked-seed-51,fail,direct_max,idelay_data_cntvaluein,lane1,dq14,4,endpoint,1,939.0,939.0,939.0,939.0,0.0,939.0
cntvaluein3-skew-locked-seed-52,fail,direct_max,idelay_data_cntvaluein,lane1,dq14,4,endpoint,1,1743.0,1743.0,1743.0,1743.0,0.0,1743.0
cntvaluein3-skew-locked-seed-53,fail,direct_max,idelay_data_cntvaluein,lane1,dq14,4,endpoint,1,1123.0,1123.0,1123.0,1123.0,0.0,1123.0
cntvaluein3-skew-locked-seed-54,pass,direct_max,idelay_data_cntvaluein,lane1,dq14,4,endpoint,1,559.0,559.0,559.0,559.0,0.0,559.0
cntvaluein3-skew-locked-seed-55,pass,direct_max,idelay_data_cntvaluein,lane1,dq14,4,endpoint,1,1761.0,1761.0,1761.0,1761.0,0.0,1761.0
cntvaluein3-skew-locked-seed-56,pass,direct_max,idelay_data_cntvaluein,lane1,dq14,4,endpoint,1,1207.0,1207.0,1207.0,1207.0,0.0,1207.0
cntvaluein3-skew-locked-seed-57,pass,direct_max,idelay_data_cntvaluein,lane1,dq14,4,endpoint,1,1835.0,1835.0,1835.0,1835.0,0.0,1835.0
cntvaluein3-skew-locked-seed-58,pass,direct_max,idelay_data_cntvaluein,lane1,dq14,4,endpoint,1,1434.0,1434.0,1434.0,1434.0,0.0,1434.0
cntvaluein3-skew-locked-seed-59,pass,direct_max,idelay_data_cntvaluein,lane1,dq14,4,endpoint,1,1713.0,1713.0,1713.0,1713.0,0.0,1713.0
cntvaluein3-skew-locked-seed-60,fail,direct_max,idelay_data_cntvaluein,lane1,dq14,4,endpoint,1,1106.0,1106.0,1106.0,1106.0,0.0,1106.0
cntvaluein3-skew-locked-seed-31,pass,direct_max,idelay_data_cntvaluein,lane1,dq15,0,endpoint,1,1294.0,1294.0,1294.0,1294.0,0.0,1294.0
cntvaluein3-skew-locked-seed-32,pass,direct_max,idelay_data_cntvaluein,lane1,dq15,0,endpoint,1,412.0,412.0,412.0,412.0,0.0,412.0
cntvaluein3-skew-locked-seed-33,fail,direct_max,idelay_data_cntvaluein,lane1,dq15,0,endpoint,1,1406.0,1406.0,1406.0,1406.0,0.0,1406.0
cntvaluein3-skew-locked-seed-34,pass,direct_max,idelay_data_cntvaluein,lane1,dq15,0,endpoint,1,490.0,490.0,490.0,490.0,0.0,490.0
cntvaluein3-skew-locked-seed-35,pass,direct_max,idelay_data_cntvaluein,lane1,dq15,0,endpoint,1,449.0,449.0,449.0,449.0,0.0,449.0
cntvaluein3-skew-locked-seed-36,fail,direct_max,idelay_data_cntvaluein,lane1,dq15,0,endpoint,1,1235.0,1235.0,1235.0,1235.0,0.0,1235.0
cntvaluein3-skew-locked-seed-37,pass,direct_max,idelay_data_cntvaluein,lane1,dq15,0,endpoint,1,1279.0,1279.0,1279.0,1279.0,0.0,1279.0
cntvaluein3-skew-locked-seed-38,pass,direct_max,idelay_data_cntvaluein,lane1,dq15,0,endpoint,1,1174.0,1174.0,1174.0,1174.0,0.0,1174.0
cntvaluein3-skew-locked-seed-39,fail,direct_max,idelay_data_cntvaluein,lane1,dq15,0,endpoint,1,1307.0,1307.0,1307.0,1307.0,0.0,1307.0
cntvaluein3-skew-locked-seed-40,pass,direct_max,idelay_data_cntvaluein,lane1,dq15,0,endpoint,1,1324.0,1324.0,1324.0,1324.0,0.0,1324.0
cntvaluein3-skew-locked-seed-41,fail,direct_max,idelay_data_cntvaluein,lane1,dq15,0,endpoint,1,986.0,986.0,986.0,986.0,0.0,986.0
cntvaluein3-skew-locked-seed-42,pass,direct_max,idelay_data_cntvaluein,lane1,dq15,0,endpoint,1,1128.0,1128.0,1128.0,1128.0,0.0,1128.0
cntvaluein3-skew-locked-seed-43,pass,direct_max,idelay_data_cntvaluein,lane1,dq15,0,endpoint,1,407.0,407.0,407.0,407.0,0.0,407.0
cntvaluein3-skew-locked-seed-44,pass,direct_max,idelay_data_cntvaluein,lane1,dq15,0,endpoint,1,587.0,587.0,587.0,587.0,0.0,587.0
cntvaluein3-skew-locked-seed-45,fail,direct_max,idelay_data_cntvaluein,lane1,dq15,0,endpoint,1,500.0,500.0,500.0,500.0,0.0,500.0
cntvaluein3-skew-locked-seed-46,pass,direct_max,idelay_data_cntvaluein,lane1,dq15,0,endpoint,1,541.0,541.0,541.0,541.0,0.0,541.0
cntvaluein3-skew-locked-seed-47,pass,direct_max,idelay_data_cntvaluein,lane1,dq15,0,endpoint,1,1483.0,1483.0,1483.0,1483.0,0.0,1483.0
cntvaluein3-skew-locked-seed-48,fail,direct_max,idelay_data_cntvaluein,lane1,dq15,0,endpoint,1,742.0,742.0,742.0,742.0,0.0,742.0
cntvaluein3-skew-locked-seed-49,pass,direct_max,idelay_data_cntvaluein,lane1,dq15,0,endpoint,1,1554.0,1554.0,1554.0,1554.0,0.0,1554.0
cntvaluein3-skew-locked-seed-50,fail,direct_max,idelay_data_cntvaluein,lane1,dq15,0,endpoint,1,873.0,873.0,873.0,873.0,0.0,873.0
cntvaluein3-skew-locked-seed-51,fail,direct_max,idelay_data_cntvaluein,lane1,dq15,0,endpoint,1,446.0,446.0,446.0,446.0,0.0,446.0
cntvaluein3-skew-locked-seed-52,fail,direct_max,idelay_data_cntvaluein,lane1,dq15,0,endpoint,1,1371.0,1371.0,1371.0,1371.0,0.0,1371.0
cntvaluein3-skew-locked-seed-53,fail,direct_max,idelay_data_cntvaluein,lane1,dq15,0,endpoint,1,1297.0,1297.0,1297.0,1297.0,0.0,1297.0
cntvaluein3-skew-locked-seed-54,pass,direct_max,idelay_data_cntvaluein,lane1,dq15,0,endpoint,1,734.0,734.0,734.0,734.0,0.0,734.0
cntvaluein3-skew-locked-seed-55,pass,direct_max,idelay_data_cntvaluein,lane1,dq15,0,endpoint,1,1445.0,1445.0,1445.0,1445.0,0.0,1445.0
cntvaluein3-skew-locked-seed-56,pass,direct_max,idelay_data_cntvaluein,lane1,dq15,0,endpoint,1,1090.0,1090.0,1090.0,1090.0,0.0,1090.0
cntvaluein3-skew-locked-seed-57,pass,direct_max,idelay_data_cntvaluein,lane1,dq15,0,endpoint,1,1172.0,1172.0,1172.0,1172.0,0.0,1172.0
cntvaluein3-skew-locked-seed-58,pass,direct_max,idelay_data_cntvaluein,lane1,dq15,0,endpoint,1,1157.0,1157.0,1157.0,1157.0,0.0,1157.0
cntvaluein3-skew-locked-seed-59,pass,direct_max,idelay_data_cntvaluein,lane1,dq15,0,endpoint,1,1342.0,1342.0,1342.0,1342.0,0.0,1342.0
cntvaluein3-skew-locked-seed-60,fail,direct_max,idelay_data_cntvaluein,lane1,dq15,0,endpoint,1,986.0,986.0,986.0,986.0,0.0,986.0
cntvaluein3-skew-locked-seed-31,pass,direct_max,idelay_data_cntvaluein,lane1,dq15,1,endpoint,1,1116.0,1116.0,1116.0,1116.0,0.0,1116.0
cntvaluein3-skew-locked-seed-32,pass,direct_max,idelay_data_cntvaluein,lane1,dq15,1,endpoint,1,416.0,416.0,416.0,416.0,0.0,416.0
cntvaluein3-skew-locked-seed-33,fail,direct_max,idelay_data_cntvaluein,lane1,dq15,1,endpoint,1,1100.0,1100.0,1100.0,1100.0,0.0,1100.0
cntvaluein3-skew-locked-seed-34,pass,direct_max,idelay_data_cntvaluein,lane1,dq15,1,endpoint,1,435.0,435.0,435.0,435.0,0.0,435.0
cntvaluein3-skew-locked-seed-35,pass,direct_max,idelay_data_cntvaluein,lane1,dq15,1,endpoint,1,716.0,716.0,716.0,716.0,0.0,716.0
cntvaluein3-skew-locked-seed-36,fail,direct_max,idelay_data_cntvaluein,lane1,dq15,1,endpoint,1,1626.0,1626.0,1626.0,1626.0,0.0,1626.0
cntvaluein3-skew-locked-seed-37,pass,direct_max,idelay_data_cntvaluein,lane1,dq15,1,endpoint,1,1156.0,1156.0,1156.0,1156.0,0.0,1156.0
cntvaluein3-skew-locked-seed-38,pass,direct_max,idelay_data_cntvaluein,lane1,dq15,1,endpoint,1,1082.0,1082.0,1082.0,1082.0,0.0,1082.0
cntvaluein3-skew-locked-seed-39,fail,direct_max,idelay_data_cntvaluein,lane1,dq15,1,endpoint,1,1097.0,1097.0,1097.0,1097.0,0.0,1097.0
cntvaluein3-skew-locked-seed-40,pass,direct_max,idelay_data_cntvaluein,lane1,dq15,1,endpoint,1,1384.0,1384.0,1384.0,1384.0,0.0,1384.0
cntvaluein3-skew-locked-seed-41,fail,direct_max,idelay_data_cntvaluein,lane1,dq15,1,endpoint,1,927.0,927.0,927.0,927.0,0.0,927.0
cntvaluein3-skew-locked-seed-42,pass,direct_max,idelay_data_cntvaluein,lane1,dq15,1,endpoint,1,1511.0,1511.0,1511.0,1511.0,0.0,1511.0
cntvaluein3-skew-locked-seed-43,pass,direct_max,idelay_data_cntvaluein,lane1,dq15,1,endpoint,1,416.0,416.0,416.0,416.0,0.0,416.0
cntvaluein3-skew-locked-seed-44,pass,direct_max,idelay_data_cntvaluein,lane1,dq15,1,endpoint,1,523.0,523.0,523.0,523.0,0.0,523.0
cntvaluein3-skew-locked-seed-45,fail,direct_max,idelay_data_cntvaluein,lane1,dq15,1,endpoint,1,407.0,407.0,407.0,407.0,0.0,407.0
cntvaluein3-skew-locked-seed-46,pass,direct_max,idelay_data_cntvaluein,lane1,dq15,1,endpoint,1,1121.0,1121.0,1121.0,1121.0,0.0,1121.0
cntvaluein3-skew-locked-seed-47,pass,direct_max,idelay_data_cntvaluein,lane1,dq15,1,endpoint,1,1664.0,1664.0,1664.0,1664.0,0.0,1664.0
cntvaluein3-skew-locked-seed-48,fail,direct_max,idelay_data_cntvaluein,lane1,dq15,1,endpoint,1,991.0,991.0,991.0,991.0,0.0,991.0
cntvaluein3-skew-locked-seed-49,pass,direct_max,idelay_data_cntvaluein,lane1,dq15,1,endpoint,1,1289.0,1289.0,1289.0,1289.0,0.0,1289.0
cntvaluein3-skew-locked-seed-50,fail,direct_max,idelay_data_cntvaluein,lane1,dq15,1,endpoint,1,1174.0,1174.0,1174.0,1174.0,0.0,1174.0
cntvaluein3-skew-locked-seed-51,fail,direct_max,idelay_data_cntvaluein,lane1,dq15,1,endpoint,1,745.0,745.0,745.0,745.0,0.0,745.0
cntvaluein3-skew-locked-seed-52,fail,direct_max,idelay_data_cntvaluein,lane1,dq15,1,endpoint,1,1348.0,1348.0,1348.0,1348.0,0.0,1348.0
cntvaluein3-skew-locked-seed-53,fail,direct_max,idelay_data_cntvaluein,lane1,dq15,1,endpoint,1,1185.0,1185.0,1185.0,1185.0,0.0,1185.0
cntvaluein3-skew-locked-seed-54,pass,direct_max,idelay_data_cntvaluein,lane1,dq15,1,endpoint,1,820.0,820.0,820.0,820.0,0.0,820.0
cntvaluein3-skew-locked-seed-55,pass,direct_max,idelay_data_cntvaluein,lane1,dq15,1,endpoint,1,1320.0,1320.0,1320.0,1320.0,0.0,1320.0
cntvaluein3-skew-locked-seed-56,pass,direct_max,idelay_data_cntvaluein,lane1,dq15,1,endpoint,1,1572.0,1572.0,1572.0,1572.0,0.0,1572.0
cntvaluein3-skew-locked-seed-57,pass,direct_max,idelay_data_cntvaluein,lane1,dq15,1,endpoint,1,1098.0,1098.0,1098.0,1098.0,0.0,1098.0
cntvaluein3-skew-locked-seed-58,pass,direct_max,idelay_data_cntvaluein,lane1,dq15,1,endpoint,1,912.0,912.0,912.0,912.0,0.0,912.0
cntvaluein3-skew-locked-seed-59,pass,direct_max,idelay_data_cntvaluein,lane1,dq15,1,endpoint,1,1171.0,1171.0,1171.0,1171.0,0.0,1171.0
cntvaluein3-skew-locked-seed-60,fail,direct_max,idelay_data_cntvaluein,lane1,dq15,1,endpoint,1,1093.0,1093.0,1093.0,1093.0,0.0,1093.0
cntvaluein3-skew-locked-seed-31,pass,direct_max,idelay_data_cntvaluein,lane1,dq15,2,endpoint,1,1151.0,1151.0,1151.0,1151.0,0.0,1151.0
cntvaluein3-skew-locked-seed-32,pass,direct_max,idelay_data_cntvaluein,lane1,dq15,2,endpoint,1,596.0,596.0,596.0,596.0,0.0,596.0
cntvaluein3-skew-locked-seed-33,fail,direct_max,idelay_data_cntvaluein,lane1,dq15,2,endpoint,1,1215.0,1215.0,1215.0,1215.0,0.0,1215.0
cntvaluein3-skew-locked-seed-34,pass,direct_max,idelay_data_cntvaluein,lane1,dq15,2,endpoint,1,662.0,662.0,662.0,662.0,0.0,662.0
cntvaluein3-skew-locked-seed-35,pass,direct_max,idelay_data_cntvaluein,lane1,dq15,2,endpoint,1,423.0,423.0,423.0,423.0,0.0,423.0
cntvaluein3-skew-locked-seed-36,fail,direct_max,idelay_data_cntvaluein,lane1,dq15,2,endpoint,1,998.0,998.0,998.0,998.0,0.0,998.0
cntvaluein3-skew-locked-seed-37,pass,direct_max,idelay_data_cntvaluein,lane1,dq15,2,endpoint,1,1534.0,1534.0,1534.0,1534.0,0.0,1534.0
cntvaluein3-skew-locked-seed-38,pass,direct_max,idelay_data_cntvaluein,lane1,dq15,2,endpoint,1,1427.0,1427.0,1427.0,1427.0,0.0,1427.0
cntvaluein3-skew-locked-seed-39,fail,direct_max,idelay_data_cntvaluein,lane1,dq15,2,endpoint,1,1358.0,1358.0,1358.0,1358.0,0.0,1358.0
cntvaluein3-skew-locked-seed-40,pass,direct_max,idelay_data_cntvaluein,lane1,dq15,2,endpoint,1,1608.0,1608.0,1608.0,1608.0,0.0,1608.0
cntvaluein3-skew-locked-seed-41,fail,direct_max,idelay_data_cntvaluein,lane1,dq15,2,endpoint,1,1350.0,1350.0,1350.0,1350.0,0.0,1350.0
cntvaluein3-skew-locked-seed-42,pass,direct_max,idelay_data_cntvaluein,lane1,dq15,2,endpoint,1,1279.0,1279.0,1279.0,1279.0,0.0,1279.0
cntvaluein3-skew-locked-seed-43,pass,direct_max,idelay_data_cntvaluein,lane1,dq15,2,endpoint,1,425.0,425.0,425.0,425.0,0.0,425.0
cntvaluein3-skew-locked-seed-44,pass,direct_max,idelay_data_cntvaluein,lane1,dq15,2,endpoint,1,634.0,634.0,634.0,634.0,0.0,634.0
cntvaluein3-skew-locked-seed-45,fail,direct_max,idelay_data_cntvaluein,lane1,dq15,2,endpoint,1,425.0,425.0,425.0,425.0,0.0,425.0
cntvaluein3-skew-locked-seed-46,pass,direct_max,idelay_data_cntvaluein,lane1,dq15,2,endpoint,1,736.0,736.0,736.0,736.0,0.0,736.0
cntvaluein3-skew-locked-seed-47,pass,direct_max,idelay_data_cntvaluein,lane1,dq15,2,endpoint,1,1353.0,1353.0,1353.0,1353.0,0.0,1353.0
cntvaluein3-skew-locked-seed-48,fail,direct_max,idelay_data_cntvaluein,lane1,dq15,2,endpoint,1,460.0,460.0,460.0,460.0,0.0,460.0
cntvaluein3-skew-locked-seed-49,pass,direct_max,idelay_data_cntvaluein,lane1,dq15,2,endpoint,1,853.0,853.0,853.0,853.0,0.0,853.0
cntvaluein3-skew-locked-seed-50,fail,direct_max,idelay_data_cntvaluein,lane1,dq15,2,endpoint,1,1238.0,1238.0,1238.0,1238.0,0.0,1238.0
cntvaluein3-skew-locked-seed-51,fail,direct_max,idelay_data_cntvaluein,lane1,dq15,2,endpoint,1,425.0,425.0,425.0,425.0,0.0,425.0
cntvaluein3-skew-locked-seed-52,fail,direct_max,idelay_data_cntvaluein,lane1,dq15,2,endpoint,1,1684.0,1684.0,1684.0,1684.0,0.0,1684.0
cntvaluein3-skew-locked-seed-53,fail,direct_max,idelay_data_cntvaluein,lane1,dq15,2,endpoint,1,1243.0,1243.0,1243.0,1243.0,0.0,1243.0
cntvaluein3-skew-locked-seed-54,pass,direct_max,idelay_data_cntvaluein,lane1,dq15,2,endpoint,1,514.0,514.0,514.0,514.0,0.0,514.0
cntvaluein3-skew-locked-seed-55,pass,direct_max,idelay_data_cntvaluein,lane1,dq15,2,endpoint,1,1305.0,1305.0,1305.0,1305.0,0.0,1305.0
cntvaluein3-skew-locked-seed-56,pass,direct_max,idelay_data_cntvaluein,lane1,dq15,2,endpoint,1,970.0,970.0,970.0,970.0,0.0,970.0
cntvaluein3-skew-locked-seed-57,pass,direct_max,idelay_data_cntvaluein,lane1,dq15,2,endpoint,1,1241.0,1241.0,1241.0,1241.0,0.0,1241.0
cntvaluein3-skew-locked-seed-58,pass,direct_max,idelay_data_cntvaluein,lane1,dq15,2,endpoint,1,1483.0,1483.0,1483.0,1483.0,0.0,1483.0
cntvaluein3-skew-locked-seed-59,pass,direct_max,idelay_data_cntvaluein,lane1,dq15,2,endpoint,1,1156.0,1156.0,1156.0,1156.0,0.0,1156.0
cntvaluein3-skew-locked-seed-60,fail,direct_max,idelay_data_cntvaluein,lane1,dq15,2,endpoint,1,1217.0,1217.0,1217.0,1217.0,0.0,1217.0
cntvaluein3-skew-locked-seed-31,pass,direct_max,idelay_data_cntvaluein,lane1,dq15,3,endpoint,1,1850.0,1850.0,1850.0,1850.0,0.0,1850.0
cntvaluein3-skew-locked-seed-32,pass,direct_max,idelay_data_cntvaluein,lane1,dq15,3,endpoint,1,1365.0,1365.0,1365.0,1365.0,0.0,1365.0
cntvaluein3-skew-locked-seed-33,fail,direct_max,idelay_data_cntvaluein,lane1,dq15,3,endpoint,1,1342.0,1342.0,1342.0,1342.0,0.0,1342.0
cntvaluein3-skew-locked-seed-34,pass,direct_max,idelay_data_cntvaluein,lane1,dq15,3,endpoint,1,1534.0,1534.0,1534.0,1534.0,0.0,1534.0
cntvaluein3-skew-locked-seed-35,pass,direct_max,idelay_data_cntvaluein,lane1,dq15,3,endpoint,1,1572.0,1572.0,1572.0,1572.0,0.0,1572.0
cntvaluein3-skew-locked-seed-36,fail,direct_max,idelay_data_cntvaluein,lane1,dq15,3,endpoint,1,1481.0,1481.0,1481.0,1481.0,0.0,1481.0
cntvaluein3-skew-locked-seed-37,pass,direct_max,idelay_data_cntvaluein,lane1,dq15,3,endpoint,1,1046.0,1046.0,1046.0,1046.0,0.0,1046.0
cntvaluein3-skew-locked-seed-38,pass,direct_max,idelay_data_cntvaluein,lane1,dq15,3,endpoint,1,1932.0,1932.0,1932.0,1932.0,0.0,1932.0
cntvaluein3-skew-locked-seed-39,fail,direct_max,idelay_data_cntvaluein,lane1,dq15,3,endpoint,1,1491.0,1491.0,1491.0,1491.0,0.0,1491.0
cntvaluein3-skew-locked-seed-40,pass,direct_max,idelay_data_cntvaluein,lane1,dq15,3,endpoint,1,1858.0,1858.0,1858.0,1858.0,0.0,1858.0
cntvaluein3-skew-locked-seed-41,fail,direct_max,idelay_data_cntvaluein,lane1,dq15,3,endpoint,1,1577.0,1577.0,1577.0,1577.0,0.0,1577.0
cntvaluein3-skew-locked-seed-42,pass,direct_max,idelay_data_cntvaluein,lane1,dq15,3,endpoint,1,1411.0,1411.0,1411.0,1411.0,0.0,1411.0
cntvaluein3-skew-locked-seed-43,pass,direct_max,idelay_data_cntvaluein,lane1,dq15,3,endpoint,1,1610.0,1610.0,1610.0,1610.0,0.0,1610.0
cntvaluein3-skew-locked-seed-44,pass,direct_max,idelay_data_cntvaluein,lane1,dq15,3,endpoint,1,1503.0,1503.0,1503.0,1503.0,0.0,1503.0
cntvaluein3-skew-locked-seed-45,fail,direct_max,idelay_data_cntvaluein,lane1,dq15,3,endpoint,1,1149.0,1149.0,1149.0,1149.0,0.0,1149.0
cntvaluein3-skew-locked-seed-46,pass,direct_max,idelay_data_cntvaluein,lane1,dq15,3,endpoint,1,1419.0,1419.0,1419.0,1419.0,0.0,1419.0
cntvaluein3-skew-locked-seed-47,pass,direct_max,idelay_data_cntvaluein,lane1,dq15,3,endpoint,1,1592.0,1592.0,1592.0,1592.0,0.0,1592.0
cntvaluein3-skew-locked-seed-48,fail,direct_max,idelay_data_cntvaluein,lane1,dq15,3,endpoint,1,1491.0,1491.0,1491.0,1491.0,0.0,1491.0
cntvaluein3-skew-locked-seed-49,pass,direct_max,idelay_data_cntvaluein,lane1,dq15,3,endpoint,1,1682.0,1682.0,1682.0,1682.0,0.0,1682.0
cntvaluein3-skew-locked-seed-50,fail,direct_max,idelay_data_cntvaluein,lane1,dq15,3,endpoint,1,1421.0,1421.0,1421.0,1421.0,0.0,1421.0
cntvaluein3-skew-locked-seed-51,fail,direct_max,idelay_data_cntvaluein,lane1,dq15,3,endpoint,1,1350.0,1350.0,1350.0,1350.0,0.0,1350.0
cntvaluein3-skew-locked-seed-52,fail,direct_max,idelay_data_cntvaluein,lane1,dq15,3,endpoint,1,1240.0,1240.0,1240.0,1240.0,0.0,1240.0
cntvaluein3-skew-locked-seed-53,fail,direct_max,idelay_data_cntvaluein,lane1,dq15,3,endpoint,1,1526.0,1526.0,1526.0,1526.0,0.0,1526.0
cntvaluein3-skew-locked-seed-54,pass,direct_max,idelay_data_cntvaluein,lane1,dq15,3,endpoint,1,1564.0,1564.0,1564.0,1564.0,0.0,1564.0
cntvaluein3-skew-locked-seed-55,pass,direct_max,idelay_data_cntvaluein,lane1,dq15,3,endpoint,1,1531.0,1531.0,1531.0,1531.0,0.0,1531.0
cntvaluein3-skew-locked-seed-56,pass,direct_max,idelay_data_cntvaluein,lane1,dq15,3,endpoint,1,1353.0,1353.0,1353.0,1353.0,0.0,1353.0
cntvaluein3-skew-locked-seed-57,pass,direct_max,idelay_data_cntvaluein,lane1,dq15,3,endpoint,1,1753.0,1753.0,1753.0,1753.0,0.0,1753.0
cntvaluein3-skew-locked-seed-58,pass,direct_max,idelay_data_cntvaluein,lane1,dq15,3,endpoint,1,1363.0,1363.0,1363.0,1363.0,0.0,1363.0
cntvaluein3-skew-locked-seed-59,pass,direct_max,idelay_data_cntvaluein,lane1,dq15,3,endpoint,1,1088.0,1088.0,1088.0,1088.0,0.0,1088.0
cntvaluein3-skew-locked-seed-60,fail,direct_max,idelay_data_cntvaluein,lane1,dq15,3,endpoint,1,1498.0,1498.0,1498.0,1498.0,0.0,1498.0
cntvaluein3-skew-locked-seed-31,pass,direct_max,idelay_data_cntvaluein,lane1,dq15,4,endpoint,1,903.0,903.0,903.0,903.0,0.0,903.0
cntvaluein3-skew-locked-seed-32,pass,direct_max,idelay_data_cntvaluein,lane1,dq15,4,endpoint,1,522.0,522.0,522.0,522.0,0.0,522.0
cntvaluein3-skew-locked-seed-33,fail,direct_max,idelay_data_cntvaluein,lane1,dq15,4,endpoint,1,1447.0,1447.0,1447.0,1447.0,0.0,1447.0
cntvaluein3-skew-locked-seed-34,pass,direct_max,idelay_data_cntvaluein,lane1,dq15,4,endpoint,1,824.0,824.0,824.0,824.0,0.0,824.0
cntvaluein3-skew-locked-seed-35,pass,direct_max,idelay_data_cntvaluein,lane1,dq15,4,endpoint,1,411.0,411.0,411.0,411.0,0.0,411.0
cntvaluein3-skew-locked-seed-36,fail,direct_max,idelay_data_cntvaluein,lane1,dq15,4,endpoint,1,1162.0,1162.0,1162.0,1162.0,0.0,1162.0
cntvaluein3-skew-locked-seed-37,pass,direct_max,idelay_data_cntvaluein,lane1,dq15,4,endpoint,1,1088.0,1088.0,1088.0,1088.0,0.0,1088.0
cntvaluein3-skew-locked-seed-38,pass,direct_max,idelay_data_cntvaluein,lane1,dq15,4,endpoint,1,1504.0,1504.0,1504.0,1504.0,0.0,1504.0
cntvaluein3-skew-locked-seed-39,fail,direct_max,idelay_data_cntvaluein,lane1,dq15,4,endpoint,1,1162.0,1162.0,1162.0,1162.0,0.0,1162.0
cntvaluein3-skew-locked-seed-40,pass,direct_max,idelay_data_cntvaluein,lane1,dq15,4,endpoint,1,1725.0,1725.0,1725.0,1725.0,0.0,1725.0
cntvaluein3-skew-locked-seed-41,fail,direct_max,idelay_data_cntvaluein,lane1,dq15,4,endpoint,1,1350.0,1350.0,1350.0,1350.0,0.0,1350.0
cntvaluein3-skew-locked-seed-42,pass,direct_max,idelay_data_cntvaluein,lane1,dq15,4,endpoint,1,1399.0,1399.0,1399.0,1399.0,0.0,1399.0
cntvaluein3-skew-locked-seed-43,pass,direct_max,idelay_data_cntvaluein,lane1,dq15,4,endpoint,1,492.0,492.0,492.0,492.0,0.0,492.0
cntvaluein3-skew-locked-seed-44,pass,direct_max,idelay_data_cntvaluein,lane1,dq15,4,endpoint,1,869.0,869.0,869.0,869.0,0.0,869.0
cntvaluein3-skew-locked-seed-45,fail,direct_max,idelay_data_cntvaluein,lane1,dq15,4,endpoint,1,418.0,418.0,418.0,418.0,0.0,418.0
cntvaluein3-skew-locked-seed-46,pass,direct_max,idelay_data_cntvaluein,lane1,dq15,4,endpoint,1,669.0,669.0,669.0,669.0,0.0,669.0
cntvaluein3-skew-locked-seed-47,pass,direct_max,idelay_data_cntvaluein,lane1,dq15,4,endpoint,1,1414.0,1414.0,1414.0,1414.0,0.0,1414.0
cntvaluein3-skew-locked-seed-48,fail,direct_max,idelay_data_cntvaluein,lane1,dq15,4,endpoint,1,640.0,640.0,640.0,640.0,0.0,640.0
cntvaluein3-skew-locked-seed-49,pass,direct_max,idelay_data_cntvaluein,lane1,dq15,4,endpoint,1,1661.0,1661.0,1661.0,1661.0,0.0,1661.0
cntvaluein3-skew-locked-seed-50,fail,direct_max,idelay_data_cntvaluein,lane1,dq15,4,endpoint,1,1228.0,1228.0,1228.0,1228.0,0.0,1228.0
cntvaluein3-skew-locked-seed-51,fail,direct_max,idelay_data_cntvaluein,lane1,dq15,4,endpoint,1,495.0,495.0,495.0,495.0,0.0,495.0
cntvaluein3-skew-locked-seed-52,fail,direct_max,idelay_data_cntvaluein,lane1,dq15,4,endpoint,1,1174.0,1174.0,1174.0,1174.0,0.0,1174.0
cntvaluein3-skew-locked-seed-53,fail,direct_max,idelay_data_cntvaluein,lane1,dq15,4,endpoint,1,779.0,779.0,779.0,779.0,0.0,779.0
cntvaluein3-skew-locked-seed-54,pass,direct_max,idelay_data_cntvaluein,lane1,dq15,4,endpoint,1,619.0,619.0,619.0,619.0,0.0,619.0
cntvaluein3-skew-locked-seed-55,pass,direct_max,idelay_data_cntvaluein,lane1,dq15,4,endpoint,1,1514.0,1514.0,1514.0,1514.0,0.0,1514.0
cntvaluein3-skew-locked-seed-56,pass,direct_max,idelay_data_cntvaluein,lane1,dq15,4,endpoint,1,1427.0,1427.0,1427.0,1427.0,0.0,1427.0
cntvaluein3-skew-locked-seed-57,pass,direct_max,idelay_data_cntvaluein,lane1,dq15,4,endpoint,1,1294.0,1294.0,1294.0,1294.0,0.0,1294.0
cntvaluein3-skew-locked-seed-58,pass,direct_max,idelay_data_cntvaluein,lane1,dq15,4,endpoint,1,1253.0,1253.0,1253.0,1253.0,0.0,1253.0
cntvaluein3-skew-locked-seed-59,pass,direct_max,idelay_data_cntvaluein,lane1,dq15,4,endpoint,1,1095.0,1095.0,1095.0,1095.0,0.0,1095.0
cntvaluein3-skew-locked-seed-60,fail,direct_max,idelay_data_cntvaluein,lane1,dq15,4,endpoint,1,1205.0,1205.0,1205.0,1205.0,0.0,1205.0
cntvaluein3-skew-locked-seed-31,pass,direct_max,idelay_data_cntvaluein,lane1,dq8,0,endpoint,1,1524.0,1524.0,1524.0,1524.0,0.0,1524.0
cntvaluein3-skew-locked-seed-32,pass,direct_max,idelay_data_cntvaluein,lane1,dq8,0,endpoint,1,782.0,782.0,782.0,782.0,0.0,782.0
cntvaluein3-skew-locked-seed-33,fail,direct_max,idelay_data_cntvaluein,lane1,dq8,0,endpoint,1,1878.0,1878.0,1878.0,1878.0,0.0,1878.0
cntvaluein3-skew-locked-seed-34,pass,direct_max,idelay_data_cntvaluein,lane1,dq8,0,endpoint,1,887.0,887.0,887.0,887.0,0.0,887.0
cntvaluein3-skew-locked-seed-35,pass,direct_max,idelay_data_cntvaluein,lane1,dq8,0,endpoint,1,587.0,587.0,587.0,587.0,0.0,587.0
cntvaluein3-skew-locked-seed-36,fail,direct_max,idelay_data_cntvaluein,lane1,dq8,0,endpoint,1,1759.0,1759.0,1759.0,1759.0,0.0,1759.0
cntvaluein3-skew-locked-seed-37,pass,direct_max,idelay_data_cntvaluein,lane1,dq8,0,endpoint,1,1473.0,1473.0,1473.0,1473.0,0.0,1473.0
cntvaluein3-skew-locked-seed-38,pass,direct_max,idelay_data_cntvaluein,lane1,dq8,0,endpoint,1,1486.0,1486.0,1486.0,1486.0,0.0,1486.0
cntvaluein3-skew-locked-seed-39,fail,direct_max,idelay_data_cntvaluein,lane1,dq8,0,endpoint,1,1616.0,1616.0,1616.0,1616.0,0.0,1616.0
cntvaluein3-skew-locked-seed-40,pass,direct_max,idelay_data_cntvaluein,lane1,dq8,0,endpoint,1,1717.0,1717.0,1717.0,1717.0,0.0,1717.0
cntvaluein3-skew-locked-seed-41,fail,direct_max,idelay_data_cntvaluein,lane1,dq8,0,endpoint,1,1473.0,1473.0,1473.0,1473.0,0.0,1473.0
cntvaluein3-skew-locked-seed-42,pass,direct_max,idelay_data_cntvaluein,lane1,dq8,0,endpoint,1,1442.0,1442.0,1442.0,1442.0,0.0,1442.0
cntvaluein3-skew-locked-seed-43,pass,direct_max,idelay_data_cntvaluein,lane1,dq8,0,endpoint,1,938.0,938.0,938.0,938.0,0.0,938.0
cntvaluein3-skew-locked-seed-44,pass,direct_max,idelay_data_cntvaluein,lane1,dq8,0,endpoint,1,707.0,707.0,707.0,707.0,0.0,707.0
cntvaluein3-skew-locked-seed-45,fail,direct_max,idelay_data_cntvaluein,lane1,dq8,0,endpoint,1,550.0,550.0,550.0,550.0,0.0,550.0
cntvaluein3-skew-locked-seed-46,pass,direct_max,idelay_data_cntvaluein,lane1,dq8,0,endpoint,1,754.0,754.0,754.0,754.0,0.0,754.0
cntvaluein3-skew-locked-seed-47,pass,direct_max,idelay_data_cntvaluein,lane1,dq8,0,endpoint,1,1396.0,1396.0,1396.0,1396.0,0.0,1396.0
cntvaluein3-skew-locked-seed-48,fail,direct_max,idelay_data_cntvaluein,lane1,dq8,0,endpoint,1,876.0,876.0,876.0,876.0,0.0,876.0
cntvaluein3-skew-locked-seed-49,pass,direct_max,idelay_data_cntvaluein,lane1,dq8,0,endpoint,1,2032.0,2032.0,2032.0,2032.0,0.0,2032.0
cntvaluein3-skew-locked-seed-50,fail,direct_max,idelay_data_cntvaluein,lane1,dq8,0,endpoint,1,1266.0,1266.0,1266.0,1266.0,0.0,1266.0
cntvaluein3-skew-locked-seed-51,fail,direct_max,idelay_data_cntvaluein,lane1,dq8,0,endpoint,1,1128.0,1128.0,1128.0,1128.0,0.0,1128.0
cntvaluein3-skew-locked-seed-52,fail,direct_max,idelay_data_cntvaluein,lane1,dq8,0,endpoint,1,1702.0,1702.0,1702.0,1702.0,0.0,1702.0
cntvaluein3-skew-locked-seed-53,fail,direct_max,idelay_data_cntvaluein,lane1,dq8,0,endpoint,1,1725.0,1725.0,1725.0,1725.0,0.0,1725.0
cntvaluein3-skew-locked-seed-54,pass,direct_max,idelay_data_cntvaluein,lane1,dq8,0,endpoint,1,782.0,782.0,782.0,782.0,0.0,782.0
cntvaluein3-skew-locked-seed-55,pass,direct_max,idelay_data_cntvaluein,lane1,dq8,0,endpoint,1,1582.0,1582.0,1582.0,1582.0,0.0,1582.0
cntvaluein3-skew-locked-seed-56,pass,direct_max,idelay_data_cntvaluein,lane1,dq8,0,endpoint,1,1526.0,1526.0,1526.0,1526.0,0.0,1526.0
cntvaluein3-skew-locked-seed-57,pass,direct_max,idelay_data_cntvaluein,lane1,dq8,0,endpoint,1,1623.0,1623.0,1623.0,1623.0,0.0,1623.0
cntvaluein3-skew-locked-seed-58,pass,direct_max,idelay_data_cntvaluein,lane1,dq8,0,endpoint,1,1289.0,1289.0,1289.0,1289.0,0.0,1289.0
cntvaluein3-skew-locked-seed-59,pass,direct_max,idelay_data_cntvaluein,lane1,dq8,0,endpoint,1,1299.0,1299.0,1299.0,1299.0,0.0,1299.0
cntvaluein3-skew-locked-seed-60,fail,direct_max,idelay_data_cntvaluein,lane1,dq8,0,endpoint,1,1319.0,1319.0,1319.0,1319.0,0.0,1319.0
cntvaluein3-skew-locked-seed-31,pass,direct_max,idelay_data_cntvaluein,lane1,dq8,1,endpoint,1,1031.0,1031.0,1031.0,1031.0,0.0,1031.0
cntvaluein3-skew-locked-seed-32,pass,direct_max,idelay_data_cntvaluein,lane1,dq8,1,endpoint,1,811.0,811.0,811.0,811.0,0.0,811.0
cntvaluein3-skew-locked-seed-33,fail,direct_max,idelay_data_cntvaluein,lane1,dq8,1,endpoint,1,1580.0,1580.0,1580.0,1580.0,0.0,1580.0
cntvaluein3-skew-locked-seed-34,pass,direct_max,idelay_data_cntvaluein,lane1,dq8,1,endpoint,1,847.0,847.0,847.0,847.0,0.0,847.0
cntvaluein3-skew-locked-seed-35,pass,direct_max,idelay_data_cntvaluein,lane1,dq8,1,endpoint,1,716.0,716.0,716.0,716.0,0.0,716.0
cntvaluein3-skew-locked-seed-36,fail,direct_max,idelay_data_cntvaluein,lane1,dq8,1,endpoint,1,1634.0,1634.0,1634.0,1634.0,0.0,1634.0
cntvaluein3-skew-locked-seed-37,pass,direct_max,idelay_data_cntvaluein,lane1,dq8,1,endpoint,1,1485.0,1485.0,1485.0,1485.0,0.0,1485.0
cntvaluein3-skew-locked-seed-38,pass,direct_max,idelay_data_cntvaluein,lane1,dq8,1,endpoint,1,1748.0,1748.0,1748.0,1748.0,0.0,1748.0
cntvaluein3-skew-locked-seed-39,fail,direct_max,idelay_data_cntvaluein,lane1,dq8,1,endpoint,1,1495.0,1495.0,1495.0,1495.0,0.0,1495.0
cntvaluein3-skew-locked-seed-40,pass,direct_max,idelay_data_cntvaluein,lane1,dq8,1,endpoint,1,1524.0,1524.0,1524.0,1524.0,0.0,1524.0
cntvaluein3-skew-locked-seed-41,fail,direct_max,idelay_data_cntvaluein,lane1,dq8,1,endpoint,1,1422.0,1422.0,1422.0,1422.0,0.0,1422.0
cntvaluein3-skew-locked-seed-42,pass,direct_max,idelay_data_cntvaluein,lane1,dq8,1,endpoint,1,1662.0,1662.0,1662.0,1662.0,0.0,1662.0
cntvaluein3-skew-locked-seed-43,pass,direct_max,idelay_data_cntvaluein,lane1,dq8,1,endpoint,1,675.0,675.0,675.0,675.0,0.0,675.0
cntvaluein3-skew-locked-seed-44,pass,direct_max,idelay_data_cntvaluein,lane1,dq8,1,endpoint,1,950.0,950.0,950.0,950.0,0.0,950.0
cntvaluein3-skew-locked-seed-45,fail,direct_max,idelay_data_cntvaluein,lane1,dq8,1,endpoint,1,1213.0,1213.0,1213.0,1213.0,0.0,1213.0
cntvaluein3-skew-locked-seed-46,pass,direct_max,idelay_data_cntvaluein,lane1,dq8,1,endpoint,1,1134.0,1134.0,1134.0,1134.0,0.0,1134.0
cntvaluein3-skew-locked-seed-47,pass,direct_max,idelay_data_cntvaluein,lane1,dq8,1,endpoint,1,2279.0,2279.0,2279.0,2279.0,0.0,2279.0
cntvaluein3-skew-locked-seed-48,fail,direct_max,idelay_data_cntvaluein,lane1,dq8,1,endpoint,1,896.0,896.0,896.0,896.0,0.0,896.0
cntvaluein3-skew-locked-seed-49,pass,direct_max,idelay_data_cntvaluein,lane1,dq8,1,endpoint,1,1506.0,1506.0,1506.0,1506.0,0.0,1506.0
cntvaluein3-skew-locked-seed-50,fail,direct_max,idelay_data_cntvaluein,lane1,dq8,1,endpoint,1,1440.0,1440.0,1440.0,1440.0,0.0,1440.0
cntvaluein3-skew-locked-seed-51,fail,direct_max,idelay_data_cntvaluein,lane1,dq8,1,endpoint,1,583.0,583.0,583.0,583.0,0.0,583.0
cntvaluein3-skew-locked-seed-52,fail,direct_max,idelay_data_cntvaluein,lane1,dq8,1,endpoint,1,2049.0,2049.0,2049.0,2049.0,0.0,2049.0
cntvaluein3-skew-locked-seed-53,fail,direct_max,idelay_data_cntvaluein,lane1,dq8,1,endpoint,1,1529.0,1529.0,1529.0,1529.0,0.0,1529.0
cntvaluein3-skew-locked-seed-54,pass,direct_max,idelay_data_cntvaluein,lane1,dq8,1,endpoint,1,1195.0,1195.0,1195.0,1195.0,0.0,1195.0
cntvaluein3-skew-locked-seed-55,pass,direct_max,idelay_data_cntvaluein,lane1,dq8,1,endpoint,1,1812.0,1812.0,1812.0,1812.0,0.0,1812.0
cntvaluein3-skew-locked-seed-56,pass,direct_max,idelay_data_cntvaluein,lane1,dq8,1,endpoint,1,1878.0,1878.0,1878.0,1878.0,0.0,1878.0
cntvaluein3-skew-locked-seed-57,pass,direct_max,idelay_data_cntvaluein,lane1,dq8,1,endpoint,1,1542.0,1542.0,1542.0,1542.0,0.0,1542.0
cntvaluein3-skew-locked-seed-58,pass,direct_max,idelay_data_cntvaluein,lane1,dq8,1,endpoint,1,1481.0,1481.0,1481.0,1481.0,0.0,1481.0
cntvaluein3-skew-locked-seed-59,pass,direct_max,idelay_data_cntvaluein,lane1,dq8,1,endpoint,1,1845.0,1845.0,1845.0,1845.0,0.0,1845.0
cntvaluein3-skew-locked-seed-60,fail,direct_max,idelay_data_cntvaluein,lane1,dq8,1,endpoint,1,1641.0,1641.0,1641.0,1641.0,0.0,1641.0
cntvaluein3-skew-locked-seed-31,pass,direct_max,idelay_data_cntvaluein,lane1,dq8,2,endpoint,1,1465.0,1465.0,1465.0,1465.0,0.0,1465.0
cntvaluein3-skew-locked-seed-32,pass,direct_max,idelay_data_cntvaluein,lane1,dq8,2,endpoint,1,690.0,690.0,690.0,690.0,0.0,690.0
cntvaluein3-skew-locked-seed-33,fail,direct_max,idelay_data_cntvaluein,lane1,dq8,2,endpoint,1,1500.0,1500.0,1500.0,1500.0,0.0,1500.0
cntvaluein3-skew-locked-seed-34,pass,direct_max,idelay_data_cntvaluein,lane1,dq8,2,endpoint,1,797.0,797.0,797.0,797.0,0.0,797.0
cntvaluein3-skew-locked-seed-35,pass,direct_max,idelay_data_cntvaluein,lane1,dq8,2,endpoint,1,683.0,683.0,683.0,683.0,0.0,683.0
cntvaluein3-skew-locked-seed-36,fail,direct_max,idelay_data_cntvaluein,lane1,dq8,2,endpoint,1,1884.0,1884.0,1884.0,1884.0,0.0,1884.0
cntvaluein3-skew-locked-seed-37,pass,direct_max,idelay_data_cntvaluein,lane1,dq8,2,endpoint,1,1896.0,1896.0,1896.0,1896.0,0.0,1896.0
cntvaluein3-skew-locked-seed-38,pass,direct_max,idelay_data_cntvaluein,lane1,dq8,2,endpoint,1,1654.0,1654.0,1654.0,1654.0,0.0,1654.0
cntvaluein3-skew-locked-seed-39,fail,direct_max,idelay_data_cntvaluein,lane1,dq8,2,endpoint,1,1863.0,1863.0,1863.0,1863.0,0.0,1863.0
cntvaluein3-skew-locked-seed-40,pass,direct_max,idelay_data_cntvaluein,lane1,dq8,2,endpoint,1,1597.0,1597.0,1597.0,1597.0,0.0,1597.0
cntvaluein3-skew-locked-seed-41,fail,direct_max,idelay_data_cntvaluein,lane1,dq8,2,endpoint,1,1348.0,1348.0,1348.0,1348.0,0.0,1348.0
cntvaluein3-skew-locked-seed-42,pass,direct_max,idelay_data_cntvaluein,lane1,dq8,2,endpoint,1,1715.0,1715.0,1715.0,1715.0,0.0,1715.0
cntvaluein3-skew-locked-seed-43,pass,direct_max,idelay_data_cntvaluein,lane1,dq8,2,endpoint,1,731.0,731.0,731.0,731.0,0.0,731.0
cntvaluein3-skew-locked-seed-44,pass,direct_max,idelay_data_cntvaluein,lane1,dq8,2,endpoint,1,776.0,776.0,776.0,776.0,0.0,776.0
cntvaluein3-skew-locked-seed-45,fail,direct_max,idelay_data_cntvaluein,lane1,dq8,2,endpoint,1,666.0,666.0,666.0,666.0,0.0,666.0
cntvaluein3-skew-locked-seed-46,pass,direct_max,idelay_data_cntvaluein,lane1,dq8,2,endpoint,1,1029.0,1029.0,1029.0,1029.0,0.0,1029.0
cntvaluein3-skew-locked-seed-47,pass,direct_max,idelay_data_cntvaluein,lane1,dq8,2,endpoint,1,1572.0,1572.0,1572.0,1572.0,0.0,1572.0
cntvaluein3-skew-locked-seed-48,fail,direct_max,idelay_data_cntvaluein,lane1,dq8,2,endpoint,1,1113.0,1113.0,1113.0,1113.0,0.0,1113.0
cntvaluein3-skew-locked-seed-49,pass,direct_max,idelay_data_cntvaluein,lane1,dq8,2,endpoint,1,1154.0,1154.0,1154.0,1154.0,0.0,1154.0
cntvaluein3-skew-locked-seed-50,fail,direct_max,idelay_data_cntvaluein,lane1,dq8,2,endpoint,1,1817.0,1817.0,1817.0,1817.0,0.0,1817.0
cntvaluein3-skew-locked-seed-51,fail,direct_max,idelay_data_cntvaluein,lane1,dq8,2,endpoint,1,1052.0,1052.0,1052.0,1052.0,0.0,1052.0
cntvaluein3-skew-locked-seed-52,fail,direct_max,idelay_data_cntvaluein,lane1,dq8,2,endpoint,1,1796.0,1796.0,1796.0,1796.0,0.0,1796.0
cntvaluein3-skew-locked-seed-53,fail,direct_max,idelay_data_cntvaluein,lane1,dq8,2,endpoint,1,1379.0,1379.0,1379.0,1379.0,0.0,1379.0
cntvaluein3-skew-locked-seed-54,pass,direct_max,idelay_data_cntvaluein,lane1,dq8,2,endpoint,1,574.0,574.0,574.0,574.0,0.0,574.0
cntvaluein3-skew-locked-seed-55,pass,direct_max,idelay_data_cntvaluein,lane1,dq8,2,endpoint,1,1475.0,1475.0,1475.0,1475.0,0.0,1475.0
cntvaluein3-skew-locked-seed-56,pass,direct_max,idelay_data_cntvaluein,lane1,dq8,2,endpoint,1,1222.0,1222.0,1222.0,1222.0,0.0,1222.0
cntvaluein3-skew-locked-seed-57,pass,direct_max,idelay_data_cntvaluein,lane1,dq8,2,endpoint,1,1521.0,1521.0,1521.0,1521.0,0.0,1521.0
cntvaluein3-skew-locked-seed-58,pass,direct_max,idelay_data_cntvaluein,lane1,dq8,2,endpoint,1,1567.0,1567.0,1567.0,1567.0,0.0,1567.0
cntvaluein3-skew-locked-seed-59,pass,direct_max,idelay_data_cntvaluein,lane1,dq8,2,endpoint,1,1090.0,1090.0,1090.0,1090.0,0.0,1090.0
cntvaluein3-skew-locked-seed-60,fail,direct_max,idelay_data_cntvaluein,lane1,dq8,2,endpoint,1,1597.0,1597.0,1597.0,1597.0,0.0,1597.0
cntvaluein3-skew-locked-seed-31,pass,direct_max,idelay_data_cntvaluein,lane1,dq8,3,endpoint,1,2390.0,2390.0,2390.0,2390.0,0.0,2390.0
cntvaluein3-skew-locked-seed-32,pass,direct_max,idelay_data_cntvaluein,lane1,dq8,3,endpoint,1,2118.0,2118.0,2118.0,2118.0,0.0,2118.0
cntvaluein3-skew-locked-seed-33,fail,direct_max,idelay_data_cntvaluein,lane1,dq8,3,endpoint,1,1879.0,1879.0,1879.0,1879.0,0.0,1879.0
cntvaluein3-skew-locked-seed-34,pass,direct_max,idelay_data_cntvaluein,lane1,dq8,3,endpoint,1,1865.0,1865.0,1865.0,1865.0,0.0,1865.0
cntvaluein3-skew-locked-seed-35,pass,direct_max,idelay_data_cntvaluein,lane1,dq8,3,endpoint,1,2013.0,2013.0,2013.0,2013.0,0.0,2013.0
cntvaluein3-skew-locked-seed-36,fail,direct_max,idelay_data_cntvaluein,lane1,dq8,3,endpoint,1,1560.0,1560.0,1560.0,1560.0,0.0,1560.0
cntvaluein3-skew-locked-seed-37,pass,direct_max,idelay_data_cntvaluein,lane1,dq8,3,endpoint,1,1518.0,1518.0,1518.0,1518.0,0.0,1518.0
cntvaluein3-skew-locked-seed-38,pass,direct_max,idelay_data_cntvaluein,lane1,dq8,3,endpoint,1,1805.0,1805.0,1805.0,1805.0,0.0,1805.0
cntvaluein3-skew-locked-seed-39,fail,direct_max,idelay_data_cntvaluein,lane1,dq8,3,endpoint,1,2108.0,2108.0,2108.0,2108.0,0.0,2108.0
cntvaluein3-skew-locked-seed-40,pass,direct_max,idelay_data_cntvaluein,lane1,dq8,3,endpoint,1,1636.0,1636.0,1636.0,1636.0,0.0,1636.0
cntvaluein3-skew-locked-seed-41,fail,direct_max,idelay_data_cntvaluein,lane1,dq8,3,endpoint,1,1705.0,1705.0,1705.0,1705.0,0.0,1705.0
cntvaluein3-skew-locked-seed-42,pass,direct_max,idelay_data_cntvaluein,lane1,dq8,3,endpoint,1,1179.0,1179.0,1179.0,1179.0,0.0,1179.0
cntvaluein3-skew-locked-seed-43,pass,direct_max,idelay_data_cntvaluein,lane1,dq8,3,endpoint,1,1636.0,1636.0,1636.0,1636.0,0.0,1636.0
cntvaluein3-skew-locked-seed-44,pass,direct_max,idelay_data_cntvaluein,lane1,dq8,3,endpoint,1,1590.0,1590.0,1590.0,1590.0,0.0,1590.0
cntvaluein3-skew-locked-seed-45,fail,direct_max,idelay_data_cntvaluein,lane1,dq8,3,endpoint,1,1161.0,1161.0,1161.0,1161.0,0.0,1161.0
cntvaluein3-skew-locked-seed-46,pass,direct_max,idelay_data_cntvaluein,lane1,dq8,3,endpoint,1,1583.0,1583.0,1583.0,1583.0,0.0,1583.0
cntvaluein3-skew-locked-seed-47,pass,direct_max,idelay_data_cntvaluein,lane1,dq8,3,endpoint,1,1950.0,1950.0,1950.0,1950.0,0.0,1950.0
cntvaluein3-skew-locked-seed-48,fail,direct_max,idelay_data_cntvaluein,lane1,dq8,3,endpoint,1,1919.0,1919.0,1919.0,1919.0,0.0,1919.0
cntvaluein3-skew-locked-seed-49,pass,direct_max,idelay_data_cntvaluein,lane1,dq8,3,endpoint,1,2227.0,2227.0,2227.0,2227.0,0.0,2227.0
cntvaluein3-skew-locked-seed-50,fail,direct_max,idelay_data_cntvaluein,lane1,dq8,3,endpoint,1,1991.0,1991.0,1991.0,1991.0,0.0,1991.0
cntvaluein3-skew-locked-seed-51,fail,direct_max,idelay_data_cntvaluein,lane1,dq8,3,endpoint,1,1679.0,1679.0,1679.0,1679.0,0.0,1679.0
cntvaluein3-skew-locked-seed-52,fail,direct_max,idelay_data_cntvaluein,lane1,dq8,3,endpoint,1,1508.0,1508.0,1508.0,1508.0,0.0,1508.0
cntvaluein3-skew-locked-seed-53,fail,direct_max,idelay_data_cntvaluein,lane1,dq8,3,endpoint,1,2073.0,2073.0,2073.0,2073.0,0.0,2073.0
cntvaluein3-skew-locked-seed-54,pass,direct_max,idelay_data_cntvaluein,lane1,dq8,3,endpoint,1,1878.0,1878.0,1878.0,1878.0,0.0,1878.0
cntvaluein3-skew-locked-seed-55,pass,direct_max,idelay_data_cntvaluein,lane1,dq8,3,endpoint,1,1853.0,1853.0,1853.0,1853.0,0.0,1853.0
cntvaluein3-skew-locked-seed-56,pass,direct_max,idelay_data_cntvaluein,lane1,dq8,3,endpoint,1,1368.0,1368.0,1368.0,1368.0,0.0,1368.0
cntvaluein3-skew-locked-seed-57,pass,direct_max,idelay_data_cntvaluein,lane1,dq8,3,endpoint,1,2516.0,2516.0,2516.0,2516.0,0.0,2516.0
cntvaluein3-skew-locked-seed-58,pass,direct_max,idelay_data_cntvaluein,lane1,dq8,3,endpoint,1,1508.0,1508.0,1508.0,1508.0,0.0,1508.0
cntvaluein3-skew-locked-seed-59,pass,direct_max,idelay_data_cntvaluein,lane1,dq8,3,endpoint,1,1519.0,1519.0,1519.0,1519.0,0.0,1519.0
cntvaluein3-skew-locked-seed-60,fail,direct_max,idelay_data_cntvaluein,lane1,dq8,3,endpoint,1,2088.0,2088.0,2088.0,2088.0,0.0,2088.0
cntvaluein3-skew-locked-seed-31,pass,direct_max,idelay_data_cntvaluein,lane1,dq8,4,endpoint,1,1534.0,1534.0,1534.0,1534.0,0.0,1534.0
cntvaluein3-skew-locked-seed-32,pass,direct_max,idelay_data_cntvaluein,lane1,dq8,4,endpoint,1,1116.0,1116.0,1116.0,1116.0,0.0,1116.0
cntvaluein3-skew-locked-seed-33,fail,direct_max,idelay_data_cntvaluein,lane1,dq8,4,endpoint,1,1388.0,1388.0,1388.0,1388.0,0.0,1388.0
cntvaluein3-skew-locked-seed-34,pass,direct_max,idelay_data_cntvaluein,lane1,dq8,4,endpoint,1,1253.0,1253.0,1253.0,1253.0,0.0,1253.0
cntvaluein3-skew-locked-seed-35,pass,direct_max,idelay_data_cntvaluein,lane1,dq8,4,endpoint,1,1009.0,1009.0,1009.0,1009.0,0.0,1009.0
cntvaluein3-skew-locked-seed-36,fail,direct_max,idelay_data_cntvaluein,lane1,dq8,4,endpoint,1,1258.0,1258.0,1258.0,1258.0,0.0,1258.0
cntvaluein3-skew-locked-seed-37,pass,direct_max,idelay_data_cntvaluein,lane1,dq8,4,endpoint,1,1498.0,1498.0,1498.0,1498.0,0.0,1498.0
cntvaluein3-skew-locked-seed-38,pass,direct_max,idelay_data_cntvaluein,lane1,dq8,4,endpoint,1,1820.0,1820.0,1820.0,1820.0,0.0,1820.0
cntvaluein3-skew-locked-seed-39,fail,direct_max,idelay_data_cntvaluein,lane1,dq8,4,endpoint,1,1470.0,1470.0,1470.0,1470.0,0.0,1470.0
cntvaluein3-skew-locked-seed-40,pass,direct_max,idelay_data_cntvaluein,lane1,dq8,4,endpoint,1,1501.0,1501.0,1501.0,1501.0,0.0,1501.0
cntvaluein3-skew-locked-seed-41,fail,direct_max,idelay_data_cntvaluein,lane1,dq8,4,endpoint,1,1309.0,1309.0,1309.0,1309.0,0.0,1309.0
cntvaluein3-skew-locked-seed-42,pass,direct_max,idelay_data_cntvaluein,lane1,dq8,4,endpoint,1,1955.0,1955.0,1955.0,1955.0,0.0,1955.0
cntvaluein3-skew-locked-seed-43,pass,direct_max,idelay_data_cntvaluein,lane1,dq8,4,endpoint,1,805.0,805.0,805.0,805.0,0.0,805.0
cntvaluein3-skew-locked-seed-44,pass,direct_max,idelay_data_cntvaluein,lane1,dq8,4,endpoint,1,995.0,995.0,995.0,995.0,0.0,995.0
cntvaluein3-skew-locked-seed-45,fail,direct_max,idelay_data_cntvaluein,lane1,dq8,4,endpoint,1,684.0,684.0,684.0,684.0,0.0,684.0
cntvaluein3-skew-locked-seed-46,pass,direct_max,idelay_data_cntvaluein,lane1,dq8,4,endpoint,1,954.0,954.0,954.0,954.0,0.0,954.0
cntvaluein3-skew-locked-seed-47,pass,direct_max,idelay_data_cntvaluein,lane1,dq8,4,endpoint,1,1550.0,1550.0,1550.0,1550.0,0.0,1550.0
cntvaluein3-skew-locked-seed-48,fail,direct_max,idelay_data_cntvaluein,lane1,dq8,4,endpoint,1,893.0,893.0,893.0,893.0,0.0,893.0
cntvaluein3-skew-locked-seed-49,pass,direct_max,idelay_data_cntvaluein,lane1,dq8,4,endpoint,1,1281.0,1281.0,1281.0,1281.0,0.0,1281.0
cntvaluein3-skew-locked-seed-50,fail,direct_max,idelay_data_cntvaluein,lane1,dq8,4,endpoint,1,1393.0,1393.0,1393.0,1393.0,0.0,1393.0
cntvaluein3-skew-locked-seed-51,fail,direct_max,idelay_data_cntvaluein,lane1,dq8,4,endpoint,1,1027.0,1027.0,1027.0,1027.0,0.0,1027.0
cntvaluein3-skew-locked-seed-52,fail,direct_max,idelay_data_cntvaluein,lane1,dq8,4,endpoint,1,1827.0,1827.0,1827.0,1827.0,0.0,1827.0
cntvaluein3-skew-locked-seed-53,fail,direct_max,idelay_data_cntvaluein,lane1,dq8,4,endpoint,1,1208.0,1208.0,1208.0,1208.0,0.0,1208.0
cntvaluein3-skew-locked-seed-54,pass,direct_max,idelay_data_cntvaluein,lane1,dq8,4,endpoint,1,702.0,702.0,702.0,702.0,0.0,702.0
cntvaluein3-skew-locked-seed-55,pass,direct_max,idelay_data_cntvaluein,lane1,dq8,4,endpoint,1,1680.0,1680.0,1680.0,1680.0,0.0,1680.0
cntvaluein3-skew-locked-seed-56,pass,direct_max,idelay_data_cntvaluein,lane1,dq8,4,endpoint,1,1259.0,1259.0,1259.0,1259.0,0.0,1259.0
cntvaluein3-skew-locked-seed-57,pass,direct_max,idelay_data_cntvaluein,lane1,dq8,4,endpoint,1,1922.0,1922.0,1922.0,1922.0,0.0,1922.0
cntvaluein3-skew-locked-seed-58,pass,direct_max,idelay_data_cntvaluein,lane1,dq8,4,endpoint,1,1523.0,1523.0,1523.0,1523.0,0.0,1523.0
cntvaluein3-skew-locked-seed-59,pass,direct_max,idelay_data_cntvaluein,lane1,dq8,4,endpoint,1,1480.0,1480.0,1480.0,1480.0,0.0,1480.0
cntvaluein3-skew-locked-seed-60,fail,direct_max,idelay_data_cntvaluein,lane1,dq8,4,endpoint,1,981.0,981.0,981.0,981.0,0.0,981.0
cntvaluein3-skew-locked-seed-31,pass,direct_max,idelay_data_cntvaluein,lane1,dq9,0,endpoint,1,1238.0,1238.0,1238.0,1238.0,0.0,1238.0
cntvaluein3-skew-locked-seed-32,pass,direct_max,idelay_data_cntvaluein,lane1,dq9,0,endpoint,1,500.0,500.0,500.0,500.0,0.0,500.0
cntvaluein3-skew-locked-seed-33,fail,direct_max,idelay_data_cntvaluein,lane1,dq9,0,endpoint,1,1491.0,1491.0,1491.0,1491.0,0.0,1491.0
cntvaluein3-skew-locked-seed-34,pass,direct_max,idelay_data_cntvaluein,lane1,dq9,0,endpoint,1,578.0,578.0,578.0,578.0,0.0,578.0
cntvaluein3-skew-locked-seed-35,pass,direct_max,idelay_data_cntvaluein,lane1,dq9,0,endpoint,1,722.0,722.0,722.0,722.0,0.0,722.0
cntvaluein3-skew-locked-seed-36,fail,direct_max,idelay_data_cntvaluein,lane1,dq9,0,endpoint,1,1241.0,1241.0,1241.0,1241.0,0.0,1241.0
cntvaluein3-skew-locked-seed-37,pass,direct_max,idelay_data_cntvaluein,lane1,dq9,0,endpoint,1,1363.0,1363.0,1363.0,1363.0,0.0,1363.0
cntvaluein3-skew-locked-seed-38,pass,direct_max,idelay_data_cntvaluein,lane1,dq9,0,endpoint,1,1263.0,1263.0,1263.0,1263.0,0.0,1263.0
cntvaluein3-skew-locked-seed-39,fail,direct_max,idelay_data_cntvaluein,lane1,dq9,0,endpoint,1,1396.0,1396.0,1396.0,1396.0,0.0,1396.0
cntvaluein3-skew-locked-seed-40,pass,direct_max,idelay_data_cntvaluein,lane1,dq9,0,endpoint,1,1407.0,1407.0,1407.0,1407.0,0.0,1407.0
cntvaluein3-skew-locked-seed-41,fail,direct_max,idelay_data_cntvaluein,lane1,dq9,0,endpoint,1,1075.0,1075.0,1075.0,1075.0,0.0,1075.0
cntvaluein3-skew-locked-seed-42,pass,direct_max,idelay_data_cntvaluein,lane1,dq9,0,endpoint,1,1212.0,1212.0,1212.0,1212.0,0.0,1212.0
cntvaluein3-skew-locked-seed-43,pass,direct_max,idelay_data_cntvaluein,lane1,dq9,0,endpoint,1,495.0,495.0,495.0,495.0,0.0,495.0
cntvaluein3-skew-locked-seed-44,pass,direct_max,idelay_data_cntvaluein,lane1,dq9,0,endpoint,1,675.0,675.0,675.0,675.0,0.0,675.0
cntvaluein3-skew-locked-seed-45,fail,direct_max,idelay_data_cntvaluein,lane1,dq9,0,endpoint,1,589.0,589.0,589.0,589.0,0.0,589.0
cntvaluein3-skew-locked-seed-46,pass,direct_max,idelay_data_cntvaluein,lane1,dq9,0,endpoint,1,629.0,629.0,629.0,629.0,0.0,629.0
cntvaluein3-skew-locked-seed-47,pass,direct_max,idelay_data_cntvaluein,lane1,dq9,0,endpoint,1,1536.0,1536.0,1536.0,1536.0,0.0,1536.0
cntvaluein3-skew-locked-seed-48,fail,direct_max,idelay_data_cntvaluein,lane1,dq9,0,endpoint,1,742.0,742.0,742.0,742.0,0.0,742.0
cntvaluein3-skew-locked-seed-49,pass,direct_max,idelay_data_cntvaluein,lane1,dq9,0,endpoint,1,1643.0,1643.0,1643.0,1643.0,0.0,1643.0
cntvaluein3-skew-locked-seed-50,fail,direct_max,idelay_data_cntvaluein,lane1,dq9,0,endpoint,1,879.0,879.0,879.0,879.0,0.0,879.0
cntvaluein3-skew-locked-seed-51,fail,direct_max,idelay_data_cntvaluein,lane1,dq9,0,endpoint,1,587.0,587.0,587.0,587.0,0.0,587.0
cntvaluein3-skew-locked-seed-52,fail,direct_max,idelay_data_cntvaluein,lane1,dq9,0,endpoint,1,1378.0,1378.0,1378.0,1378.0,0.0,1378.0
cntvaluein3-skew-locked-seed-53,fail,direct_max,idelay_data_cntvaluein,lane1,dq9,0,endpoint,1,1356.0,1356.0,1356.0,1356.0,0.0,1356.0
cntvaluein3-skew-locked-seed-54,pass,direct_max,idelay_data_cntvaluein,lane1,dq9,0,endpoint,1,822.0,822.0,822.0,822.0,0.0,822.0
cntvaluein3-skew-locked-seed-55,pass,direct_max,idelay_data_cntvaluein,lane1,dq9,0,endpoint,1,1534.0,1534.0,1534.0,1534.0,0.0,1534.0
cntvaluein3-skew-locked-seed-56,pass,direct_max,idelay_data_cntvaluein,lane1,dq9,0,endpoint,1,1174.0,1174.0,1174.0,1174.0,0.0,1174.0
cntvaluein3-skew-locked-seed-57,pass,direct_max,idelay_data_cntvaluein,lane1,dq9,0,endpoint,1,1159.0,1159.0,1159.0,1159.0,0.0,1159.0
cntvaluein3-skew-locked-seed-58,pass,direct_max,idelay_data_cntvaluein,lane1,dq9,0,endpoint,1,1246.0,1246.0,1246.0,1246.0,0.0,1246.0
cntvaluein3-skew-locked-seed-59,pass,direct_max,idelay_data_cntvaluein,lane1,dq9,0,endpoint,1,1429.0,1429.0,1429.0,1429.0,0.0,1429.0
cntvaluein3-skew-locked-seed-60,fail,direct_max,idelay_data_cntvaluein,lane1,dq9,0,endpoint,1,1074.0,1074.0,1074.0,1074.0,0.0,1074.0
cntvaluein3-skew-locked-seed-31,pass,direct_max,idelay_data_cntvaluein,lane1,dq9,1,endpoint,1,1207.0,1207.0,1207.0,1207.0,0.0,1207.0
cntvaluein3-skew-locked-seed-32,pass,direct_max,idelay_data_cntvaluein,lane1,dq9,1,endpoint,1,508.0,508.0,508.0,508.0,0.0,508.0
cntvaluein3-skew-locked-seed-33,fail,direct_max,idelay_data_cntvaluein,lane1,dq9,1,endpoint,1,1190.0,1190.0,1190.0,1190.0,0.0,1190.0
cntvaluein3-skew-locked-seed-34,pass,direct_max,idelay_data_cntvaluein,lane1,dq9,1,endpoint,1,521.0,521.0,521.0,521.0,0.0,521.0
cntvaluein3-skew-locked-seed-35,pass,direct_max,idelay_data_cntvaluein,lane1,dq9,1,endpoint,1,768.0,768.0,768.0,768.0,0.0,768.0
cntvaluein3-skew-locked-seed-36,fail,direct_max,idelay_data_cntvaluein,lane1,dq9,1,endpoint,1,1718.0,1718.0,1718.0,1718.0,0.0,1718.0
cntvaluein3-skew-locked-seed-37,pass,direct_max,idelay_data_cntvaluein,lane1,dq9,1,endpoint,1,1241.0,1241.0,1241.0,1241.0,0.0,1241.0
cntvaluein3-skew-locked-seed-38,pass,direct_max,idelay_data_cntvaluein,lane1,dq9,1,endpoint,1,1174.0,1174.0,1174.0,1174.0,0.0,1174.0
cntvaluein3-skew-locked-seed-39,fail,direct_max,idelay_data_cntvaluein,lane1,dq9,1,endpoint,1,1042.0,1042.0,1042.0,1042.0,0.0,1042.0
cntvaluein3-skew-locked-seed-40,pass,direct_max,idelay_data_cntvaluein,lane1,dq9,1,endpoint,1,1281.0,1281.0,1281.0,1281.0,0.0,1281.0
cntvaluein3-skew-locked-seed-41,fail,direct_max,idelay_data_cntvaluein,lane1,dq9,1,endpoint,1,1013.0,1013.0,1013.0,1013.0,0.0,1013.0
cntvaluein3-skew-locked-seed-42,pass,direct_max,idelay_data_cntvaluein,lane1,dq9,1,endpoint,1,1595.0,1595.0,1595.0,1595.0,0.0,1595.0
cntvaluein3-skew-locked-seed-43,pass,direct_max,idelay_data_cntvaluein,lane1,dq9,1,endpoint,1,507.0,507.0,507.0,507.0,0.0,507.0
cntvaluein3-skew-locked-seed-44,pass,direct_max,idelay_data_cntvaluein,lane1,dq9,1,endpoint,1,435.0,435.0,435.0,435.0,0.0,435.0
cntvaluein3-skew-locked-seed-45,fail,direct_max,idelay_data_cntvaluein,lane1,dq9,1,endpoint,1,499.0,499.0,499.0,499.0,0.0,499.0
cntvaluein3-skew-locked-seed-46,pass,direct_max,idelay_data_cntvaluein,lane1,dq9,1,endpoint,1,1205.0,1205.0,1205.0,1205.0,0.0,1205.0
cntvaluein3-skew-locked-seed-47,pass,direct_max,idelay_data_cntvaluein,lane1,dq9,1,endpoint,1,1754.0,1754.0,1754.0,1754.0,0.0,1754.0
cntvaluein3-skew-locked-seed-48,fail,direct_max,idelay_data_cntvaluein,lane1,dq9,1,endpoint,1,1082.0,1082.0,1082.0,1082.0,0.0,1082.0
cntvaluein3-skew-locked-seed-49,pass,direct_max,idelay_data_cntvaluein,lane1,dq9,1,endpoint,1,1379.0,1379.0,1379.0,1379.0,0.0,1379.0
cntvaluein3-skew-locked-seed-50,fail,direct_max,idelay_data_cntvaluein,lane1,dq9,1,endpoint,1,1259.0,1259.0,1259.0,1259.0,0.0,1259.0
cntvaluein3-skew-locked-seed-51,fail,direct_max,idelay_data_cntvaluein,lane1,dq9,1,endpoint,1,837.0,837.0,837.0,837.0,0.0,837.0
cntvaluein3-skew-locked-seed-52,fail,direct_max,idelay_data_cntvaluein,lane1,dq9,1,endpoint,1,1440.0,1440.0,1440.0,1440.0,0.0,1440.0
cntvaluein3-skew-locked-seed-53,fail,direct_max,idelay_data_cntvaluein,lane1,dq9,1,endpoint,1,1253.0,1253.0,1253.0,1253.0,0.0,1253.0
cntvaluein3-skew-locked-seed-54,pass,direct_max,idelay_data_cntvaluein,lane1,dq9,1,endpoint,1,740.0,740.0,740.0,740.0,0.0,740.0
cntvaluein3-skew-locked-seed-55,pass,direct_max,idelay_data_cntvaluein,lane1,dq9,1,endpoint,1,1402.0,1402.0,1402.0,1402.0,0.0,1402.0
cntvaluein3-skew-locked-seed-56,pass,direct_max,idelay_data_cntvaluein,lane1,dq9,1,endpoint,1,1652.0,1652.0,1652.0,1652.0,0.0,1652.0
cntvaluein3-skew-locked-seed-57,pass,direct_max,idelay_data_cntvaluein,lane1,dq9,1,endpoint,1,1189.0,1189.0,1189.0,1189.0,0.0,1189.0
cntvaluein3-skew-locked-seed-58,pass,direct_max,idelay_data_cntvaluein,lane1,dq9,1,endpoint,1,1003.0,1003.0,1003.0,1003.0,0.0,1003.0
cntvaluein3-skew-locked-seed-59,pass,direct_max,idelay_data_cntvaluein,lane1,dq9,1,endpoint,1,1200.0,1200.0,1200.0,1200.0,0.0,1200.0
cntvaluein3-skew-locked-seed-60,fail,direct_max,idelay_data_cntvaluein,lane1,dq9,1,endpoint,1,1220.0,1220.0,1220.0,1220.0,0.0,1220.0
cntvaluein3-skew-locked-seed-31,pass,direct_max,idelay_data_cntvaluein,lane1,dq9,2,endpoint,1,1070.0,1070.0,1070.0,1070.0,0.0,1070.0
cntvaluein3-skew-locked-seed-32,pass,direct_max,idelay_data_cntvaluein,lane1,dq9,2,endpoint,1,509.0,509.0,509.0,509.0,0.0,509.0
cntvaluein3-skew-locked-seed-33,fail,direct_max,idelay_data_cntvaluein,lane1,dq9,2,endpoint,1,1134.0,1134.0,1134.0,1134.0,0.0,1134.0
cntvaluein3-skew-locked-seed-34,pass,direct_max,idelay_data_cntvaluein,lane1,dq9,2,endpoint,1,607.0,607.0,607.0,607.0,0.0,607.0
cntvaluein3-skew-locked-seed-35,pass,direct_max,idelay_data_cntvaluein,lane1,dq9,2,endpoint,1,514.0,514.0,514.0,514.0,0.0,514.0
cntvaluein3-skew-locked-seed-36,fail,direct_max,idelay_data_cntvaluein,lane1,dq9,2,endpoint,1,1167.0,1167.0,1167.0,1167.0,0.0,1167.0
cntvaluein3-skew-locked-seed-37,pass,direct_max,idelay_data_cntvaluein,lane1,dq9,2,endpoint,1,1625.0,1625.0,1625.0,1625.0,0.0,1625.0
cntvaluein3-skew-locked-seed-38,pass,direct_max,idelay_data_cntvaluein,lane1,dq9,2,endpoint,1,1518.0,1518.0,1518.0,1518.0,0.0,1518.0
cntvaluein3-skew-locked-seed-39,fail,direct_max,idelay_data_cntvaluein,lane1,dq9,2,endpoint,1,1450.0,1450.0,1450.0,1450.0,0.0,1450.0
cntvaluein3-skew-locked-seed-40,pass,direct_max,idelay_data_cntvaluein,lane1,dq9,2,endpoint,1,1687.0,1687.0,1687.0,1687.0,0.0,1687.0
cntvaluein3-skew-locked-seed-41,fail,direct_max,idelay_data_cntvaluein,lane1,dq9,2,endpoint,1,1434.0,1434.0,1434.0,1434.0,0.0,1434.0
cntvaluein3-skew-locked-seed-42,pass,direct_max,idelay_data_cntvaluein,lane1,dq9,2,endpoint,1,1363.0,1363.0,1363.0,1363.0,0.0,1363.0
cntvaluein3-skew-locked-seed-43,pass,direct_max,idelay_data_cntvaluein,lane1,dq9,2,endpoint,1,428.0,428.0,428.0,428.0,0.0,428.0
cntvaluein3-skew-locked-seed-44,pass,direct_max,idelay_data_cntvaluein,lane1,dq9,2,endpoint,1,554.0,554.0,554.0,554.0,0.0,554.0
cntvaluein3-skew-locked-seed-45,fail,direct_max,idelay_data_cntvaluein,lane1,dq9,2,endpoint,1,509.0,509.0,509.0,509.0,0.0,509.0
cntvaluein3-skew-locked-seed-46,pass,direct_max,idelay_data_cntvaluein,lane1,dq9,2,endpoint,1,828.0,828.0,828.0,828.0,0.0,828.0
cntvaluein3-skew-locked-seed-47,pass,direct_max,idelay_data_cntvaluein,lane1,dq9,2,endpoint,1,1297.0,1297.0,1297.0,1297.0,0.0,1297.0
cntvaluein3-skew-locked-seed-48,fail,direct_max,idelay_data_cntvaluein,lane1,dq9,2,endpoint,1,535.0,535.0,535.0,535.0,0.0,535.0
cntvaluein3-skew-locked-seed-49,pass,direct_max,idelay_data_cntvaluein,lane1,dq9,2,endpoint,1,938.0,938.0,938.0,938.0,0.0,938.0
cntvaluein3-skew-locked-seed-50,fail,direct_max,idelay_data_cntvaluein,lane1,dq9,2,endpoint,1,1157.0,1157.0,1157.0,1157.0,0.0,1157.0
cntvaluein3-skew-locked-seed-51,fail,direct_max,idelay_data_cntvaluein,lane1,dq9,2,endpoint,1,423.0,423.0,423.0,423.0,0.0,423.0
cntvaluein3-skew-locked-seed-52,fail,direct_max,idelay_data_cntvaluein,lane1,dq9,2,endpoint,1,1455.0,1455.0,1455.0,1455.0,0.0,1455.0
cntvaluein3-skew-locked-seed-53,fail,direct_max,idelay_data_cntvaluein,lane1,dq9,2,endpoint,1,1333.0,1333.0,1333.0,1333.0,0.0,1333.0
cntvaluein3-skew-locked-seed-54,pass,direct_max,idelay_data_cntvaluein,lane1,dq9,2,endpoint,1,446.0,446.0,446.0,446.0,0.0,446.0
cntvaluein3-skew-locked-seed-55,pass,direct_max,idelay_data_cntvaluein,lane1,dq9,2,endpoint,1,1396.0,1396.0,1396.0,1396.0,0.0,1396.0
cntvaluein3-skew-locked-seed-56,pass,direct_max,idelay_data_cntvaluein,lane1,dq9,2,endpoint,1,1054.0,1054.0,1054.0,1054.0,0.0,1054.0
cntvaluein3-skew-locked-seed-57,pass,direct_max,idelay_data_cntvaluein,lane1,dq9,2,endpoint,1,1172.0,1172.0,1172.0,1172.0,0.0,1172.0
cntvaluein3-skew-locked-seed-58,pass,direct_max,idelay_data_cntvaluein,lane1,dq9,2,endpoint,1,1567.0,1567.0,1567.0,1567.0,0.0,1567.0
cntvaluein3-skew-locked-seed-59,pass,direct_max,idelay_data_cntvaluein,lane1,dq9,2,endpoint,1,1246.0,1246.0,1246.0,1246.0,0.0,1246.0
cntvaluein3-skew-locked-seed-60,fail,direct_max,idelay_data_cntvaluein,lane1,dq9,2,endpoint,1,1199.0,1199.0,1199.0,1199.0,0.0,1199.0
cntvaluein3-skew-locked-seed-31,pass,direct_max,idelay_data_cntvaluein,lane1,dq9,3,endpoint,1,1935.0,1935.0,1935.0,1935.0,0.0,1935.0
cntvaluein3-skew-locked-seed-32,pass,direct_max,idelay_data_cntvaluein,lane1,dq9,3,endpoint,1,1450.0,1450.0,1450.0,1450.0,0.0,1450.0
cntvaluein3-skew-locked-seed-33,fail,direct_max,idelay_data_cntvaluein,lane1,dq9,3,endpoint,1,1427.0,1427.0,1427.0,1427.0,0.0,1427.0
cntvaluein3-skew-locked-seed-34,pass,direct_max,idelay_data_cntvaluein,lane1,dq9,3,endpoint,1,1625.0,1625.0,1625.0,1625.0,0.0,1625.0
cntvaluein3-skew-locked-seed-35,pass,direct_max,idelay_data_cntvaluein,lane1,dq9,3,endpoint,1,1606.0,1606.0,1606.0,1606.0,0.0,1606.0
cntvaluein3-skew-locked-seed-36,fail,direct_max,idelay_data_cntvaluein,lane1,dq9,3,endpoint,1,1376.0,1376.0,1376.0,1376.0,0.0,1376.0
cntvaluein3-skew-locked-seed-37,pass,direct_max,idelay_data_cntvaluein,lane1,dq9,3,endpoint,1,1131.0,1131.0,1131.0,1131.0,0.0,1131.0
cntvaluein3-skew-locked-seed-38,pass,direct_max,idelay_data_cntvaluein,lane1,dq9,3,endpoint,1,2023.0,2023.0,2023.0,2023.0,0.0,2023.0
cntvaluein3-skew-locked-seed-39,fail,direct_max,idelay_data_cntvaluein,lane1,dq9,3,endpoint,1,1439.0,1439.0,1439.0,1439.0,0.0,1439.0
cntvaluein3-skew-locked-seed-40,pass,direct_max,idelay_data_cntvaluein,lane1,dq9,3,endpoint,1,1950.0,1950.0,1950.0,1950.0,0.0,1950.0
cntvaluein3-skew-locked-seed-41,fail,direct_max,idelay_data_cntvaluein,lane1,dq9,3,endpoint,1,1669.0,1669.0,1669.0,1669.0,0.0,1669.0
cntvaluein3-skew-locked-seed-42,pass,direct_max,idelay_data_cntvaluein,lane1,dq9,3,endpoint,1,1503.0,1503.0,1503.0,1503.0,0.0,1503.0
cntvaluein3-skew-locked-seed-43,pass,direct_max,idelay_data_cntvaluein,lane1,dq9,3,endpoint,1,1738.0,1738.0,1738.0,1738.0,0.0,1738.0
cntvaluein3-skew-locked-seed-44,pass,direct_max,idelay_data_cntvaluein,lane1,dq9,3,endpoint,1,1585.0,1585.0,1585.0,1585.0,0.0,1585.0
cntvaluein3-skew-locked-seed-45,fail,direct_max,idelay_data_cntvaluein,lane1,dq9,3,endpoint,1,1233.0,1233.0,1233.0,1233.0,0.0,1233.0
cntvaluein3-skew-locked-seed-46,pass,direct_max,idelay_data_cntvaluein,lane1,dq9,3,endpoint,1,1284.0,1284.0,1284.0,1284.0,0.0,1284.0
cntvaluein3-skew-locked-seed-47,pass,direct_max,idelay_data_cntvaluein,lane1,dq9,3,endpoint,1,1588.0,1588.0,1588.0,1588.0,0.0,1588.0
cntvaluein3-skew-locked-seed-48,fail,direct_max,idelay_data_cntvaluein,lane1,dq9,3,endpoint,1,1577.0,1577.0,1577.0,1577.0,0.0,1577.0
cntvaluein3-skew-locked-seed-49,pass,direct_max,idelay_data_cntvaluein,lane1,dq9,3,endpoint,1,1593.0,1593.0,1593.0,1593.0,0.0,1593.0
cntvaluein3-skew-locked-seed-50,fail,direct_max,idelay_data_cntvaluein,lane1,dq9,3,endpoint,1,1506.0,1506.0,1506.0,1506.0,0.0,1506.0
cntvaluein3-skew-locked-seed-51,fail,direct_max,idelay_data_cntvaluein,lane1,dq9,3,endpoint,1,1353.0,1353.0,1353.0,1353.0,0.0,1353.0
cntvaluein3-skew-locked-seed-52,fail,direct_max,idelay_data_cntvaluein,lane1,dq9,3,endpoint,1,1241.0,1241.0,1241.0,1241.0,0.0,1241.0
cntvaluein3-skew-locked-seed-53,fail,direct_max,idelay_data_cntvaluein,lane1,dq9,3,endpoint,1,1437.0,1437.0,1437.0,1437.0,0.0,1437.0
cntvaluein3-skew-locked-seed-54,pass,direct_max,idelay_data_cntvaluein,lane1,dq9,3,endpoint,1,1552.0,1552.0,1552.0,1552.0,0.0,1552.0
cntvaluein3-skew-locked-seed-55,pass,direct_max,idelay_data_cntvaluein,lane1,dq9,3,endpoint,1,1621.0,1621.0,1621.0,1621.0,0.0,1621.0
cntvaluein3-skew-locked-seed-56,pass,direct_max,idelay_data_cntvaluein,lane1,dq9,3,endpoint,1,1355.0,1355.0,1355.0,1355.0,0.0,1355.0
cntvaluein3-skew-locked-seed-57,pass,direct_max,idelay_data_cntvaluein,lane1,dq9,3,endpoint,1,1753.0,1753.0,1753.0,1753.0,0.0,1753.0
cntvaluein3-skew-locked-seed-58,pass,direct_max,idelay_data_cntvaluein,lane1,dq9,3,endpoint,1,1453.0,1453.0,1453.0,1453.0,0.0,1453.0
cntvaluein3-skew-locked-seed-59,pass,direct_max,idelay_data_cntvaluein,lane1,dq9,3,endpoint,1,1172.0,1172.0,1172.0,1172.0,0.0,1172.0
cntvaluein3-skew-locked-seed-60,fail,direct_max,idelay_data_cntvaluein,lane1,dq9,3,endpoint,1,1588.0,1588.0,1588.0,1588.0,0.0,1588.0
cntvaluein3-skew-locked-seed-31,pass,direct_max,idelay_data_cntvaluein,lane1,dq9,4,endpoint,1,823.0,823.0,823.0,823.0,0.0,823.0
cntvaluein3-skew-locked-seed-32,pass,direct_max,idelay_data_cntvaluein,lane1,dq9,4,endpoint,1,504.0,504.0,504.0,504.0,0.0,504.0
cntvaluein3-skew-locked-seed-33,fail,direct_max,idelay_data_cntvaluein,lane1,dq9,4,endpoint,1,1442.0,1442.0,1442.0,1442.0,0.0,1442.0
cntvaluein3-skew-locked-seed-34,pass,direct_max,idelay_data_cntvaluein,lane1,dq9,4,endpoint,1,910.0,910.0,910.0,910.0,0.0,910.0
cntvaluein3-skew-locked-seed-35,pass,direct_max,idelay_data_cntvaluein,lane1,dq9,4,endpoint,1,499.0,499.0,499.0,499.0,0.0,499.0
cntvaluein3-skew-locked-seed-36,fail,direct_max,idelay_data_cntvaluein,lane1,dq9,4,endpoint,1,1039.0,1039.0,1039.0,1039.0,0.0,1039.0
cntvaluein3-skew-locked-seed-37,pass,direct_max,idelay_data_cntvaluein,lane1,dq9,4,endpoint,1,1141.0,1141.0,1141.0,1141.0,0.0,1141.0
cntvaluein3-skew-locked-seed-38,pass,direct_max,idelay_data_cntvaluein,lane1,dq9,4,endpoint,1,1501.0,1501.0,1501.0,1501.0,0.0,1501.0
cntvaluein3-skew-locked-seed-39,fail,direct_max,idelay_data_cntvaluein,lane1,dq9,4,endpoint,1,1167.0,1167.0,1167.0,1167.0,0.0,1167.0
cntvaluein3-skew-locked-seed-40,pass,direct_max,idelay_data_cntvaluein,lane1,dq9,4,endpoint,1,1812.0,1812.0,1812.0,1812.0,0.0,1812.0
cntvaluein3-skew-locked-seed-41,fail,direct_max,idelay_data_cntvaluein,lane1,dq9,4,endpoint,1,1439.0,1439.0,1439.0,1439.0,0.0,1439.0
cntvaluein3-skew-locked-seed-42,pass,direct_max,idelay_data_cntvaluein,lane1,dq9,4,endpoint,1,1425.0,1425.0,1425.0,1425.0,0.0,1425.0
cntvaluein3-skew-locked-seed-43,pass,direct_max,idelay_data_cntvaluein,lane1,dq9,4,endpoint,1,579.0,579.0,579.0,579.0,0.0,579.0
cntvaluein3-skew-locked-seed-44,pass,direct_max,idelay_data_cntvaluein,lane1,dq9,4,endpoint,1,957.0,957.0,957.0,957.0,0.0,957.0
cntvaluein3-skew-locked-seed-45,fail,direct_max,idelay_data_cntvaluein,lane1,dq9,4,endpoint,1,407.0,407.0,407.0,407.0,0.0,407.0
cntvaluein3-skew-locked-seed-46,pass,direct_max,idelay_data_cntvaluein,lane1,dq9,4,endpoint,1,757.0,757.0,757.0,757.0,0.0,757.0
cntvaluein3-skew-locked-seed-47,pass,direct_max,idelay_data_cntvaluein,lane1,dq9,4,endpoint,1,1501.0,1501.0,1501.0,1501.0,0.0,1501.0
cntvaluein3-skew-locked-seed-48,fail,direct_max,idelay_data_cntvaluein,lane1,dq9,4,endpoint,1,563.0,563.0,563.0,563.0,0.0,563.0
cntvaluein3-skew-locked-seed-49,pass,direct_max,idelay_data_cntvaluein,lane1,dq9,4,endpoint,1,1750.0,1750.0,1750.0,1750.0,0.0,1750.0
cntvaluein3-skew-locked-seed-50,fail,direct_max,idelay_data_cntvaluein,lane1,dq9,4,endpoint,1,1103.0,1103.0,1103.0,1103.0,0.0,1103.0
cntvaluein3-skew-locked-seed-51,fail,direct_max,idelay_data_cntvaluein,lane1,dq9,4,endpoint,1,492.0,492.0,492.0,492.0,0.0,492.0
cntvaluein3-skew-locked-seed-52,fail,direct_max,idelay_data_cntvaluein,lane1,dq9,4,endpoint,1,1179.0,1179.0,1179.0,1179.0,0.0,1179.0
cntvaluein3-skew-locked-seed-53,fail,direct_max,idelay_data_cntvaluein,lane1,dq9,4,endpoint,1,865.0,865.0,865.0,865.0,0.0,865.0
cntvaluein3-skew-locked-seed-54,pass,direct_max,idelay_data_cntvaluein,lane1,dq9,4,endpoint,1,703.0,703.0,703.0,703.0,0.0,703.0
cntvaluein3-skew-locked-seed-55,pass,direct_max,idelay_data_cntvaluein,lane1,dq9,4,endpoint,1,1601.0,1601.0,1601.0,1601.0,0.0,1601.0
cntvaluein3-skew-locked-seed-56,pass,direct_max,idelay_data_cntvaluein,lane1,dq9,4,endpoint,1,1251.0,1251.0,1251.0,1251.0,0.0,1251.0
cntvaluein3-skew-locked-seed-57,pass,direct_max,idelay_data_cntvaluein,lane1,dq9,4,endpoint,1,1269.0,1269.0,1269.0,1269.0,0.0,1269.0
cntvaluein3-skew-locked-seed-58,pass,direct_max,idelay_data_cntvaluein,lane1,dq9,4,endpoint,1,1172.0,1172.0,1172.0,1172.0,0.0,1172.0
cntvaluein3-skew-locked-seed-59,pass,direct_max,idelay_data_cntvaluein,lane1,dq9,4,endpoint,1,1006.0,1006.0,1006.0,1006.0,0.0,1006.0
cntvaluein3-skew-locked-seed-60,fail,direct_max,idelay_data_cntvaluein,lane1,dq9,4,endpoint,1,1292.0,1292.0,1292.0,1292.0,0.0,1292.0
cntvaluein3-skew-locked-seed-31,pass,direct_max,idelay_dqs_cntvaluein,lane0,dqs0,0,endpoint,1,1131.0,1131.0,1131.0,1131.0,0.0,1131.0
cntvaluein3-skew-locked-seed-32,pass,direct_max,idelay_dqs_cntvaluein,lane0,dqs0,0,endpoint,1,1062.0,1062.0,1062.0,1062.0,0.0,1062.0
cntvaluein3-skew-locked-seed-33,fail,direct_max,idelay_dqs_cntvaluein,lane0,dqs0,0,endpoint,1,1536.0,1536.0,1536.0,1536.0,0.0,1536.0
cntvaluein3-skew-locked-seed-34,pass,direct_max,idelay_dqs_cntvaluein,lane0,dqs0,0,endpoint,1,1072.0,1072.0,1072.0,1072.0,0.0,1072.0
cntvaluein3-skew-locked-seed-35,pass,direct_max,idelay_dqs_cntvaluein,lane0,dqs0,0,endpoint,1,1361.0,1361.0,1361.0,1361.0,0.0,1361.0
cntvaluein3-skew-locked-seed-36,fail,direct_max,idelay_dqs_cntvaluein,lane0,dqs0,0,endpoint,1,1167.0,1167.0,1167.0,1167.0,0.0,1167.0
cntvaluein3-skew-locked-seed-37,pass,direct_max,idelay_dqs_cntvaluein,lane0,dqs0,0,endpoint,1,1631.0,1631.0,1631.0,1631.0,0.0,1631.0
cntvaluein3-skew-locked-seed-38,pass,direct_max,idelay_dqs_cntvaluein,lane0,dqs0,0,endpoint,1,1572.0,1572.0,1572.0,1572.0,0.0,1572.0
cntvaluein3-skew-locked-seed-39,fail,direct_max,idelay_dqs_cntvaluein,lane0,dqs0,0,endpoint,1,2112.0,2112.0,2112.0,2112.0,0.0,2112.0
cntvaluein3-skew-locked-seed-40,pass,direct_max,idelay_dqs_cntvaluein,lane0,dqs0,0,endpoint,1,569.0,569.0,569.0,569.0,0.0,569.0
cntvaluein3-skew-locked-seed-41,fail,direct_max,idelay_dqs_cntvaluein,lane0,dqs0,0,endpoint,1,1218.0,1218.0,1218.0,1218.0,0.0,1218.0
cntvaluein3-skew-locked-seed-42,pass,direct_max,idelay_dqs_cntvaluein,lane0,dqs0,0,endpoint,1,1600.0,1600.0,1600.0,1600.0,0.0,1600.0
cntvaluein3-skew-locked-seed-43,pass,direct_max,idelay_dqs_cntvaluein,lane0,dqs0,0,endpoint,1,860.0,860.0,860.0,860.0,0.0,860.0
cntvaluein3-skew-locked-seed-44,pass,direct_max,idelay_dqs_cntvaluein,lane0,dqs0,0,endpoint,1,1421.0,1421.0,1421.0,1421.0,0.0,1421.0
cntvaluein3-skew-locked-seed-45,fail,direct_max,idelay_dqs_cntvaluein,lane0,dqs0,0,endpoint,1,777.0,777.0,777.0,777.0,0.0,777.0
cntvaluein3-skew-locked-seed-46,pass,direct_max,idelay_dqs_cntvaluein,lane0,dqs0,0,endpoint,1,1577.0,1577.0,1577.0,1577.0,0.0,1577.0
cntvaluein3-skew-locked-seed-47,pass,direct_max,idelay_dqs_cntvaluein,lane0,dqs0,0,endpoint,1,1274.0,1274.0,1274.0,1274.0,0.0,1274.0
cntvaluein3-skew-locked-seed-48,fail,direct_max,idelay_dqs_cntvaluein,lane0,dqs0,0,endpoint,1,938.0,938.0,938.0,938.0,0.0,938.0
cntvaluein3-skew-locked-seed-49,pass,direct_max,idelay_dqs_cntvaluein,lane0,dqs0,0,endpoint,1,1945.0,1945.0,1945.0,1945.0,0.0,1945.0
cntvaluein3-skew-locked-seed-50,fail,direct_max,idelay_dqs_cntvaluein,lane0,dqs0,0,endpoint,1,1449.0,1449.0,1449.0,1449.0,0.0,1449.0
cntvaluein3-skew-locked-seed-51,fail,direct_max,idelay_dqs_cntvaluein,lane0,dqs0,0,endpoint,1,995.0,995.0,995.0,995.0,0.0,995.0
cntvaluein3-skew-locked-seed-52,fail,direct_max,idelay_dqs_cntvaluein,lane0,dqs0,0,endpoint,1,1172.0,1172.0,1172.0,1172.0,0.0,1172.0
cntvaluein3-skew-locked-seed-53,fail,direct_max,idelay_dqs_cntvaluein,lane0,dqs0,0,endpoint,1,1585.0,1585.0,1585.0,1585.0,0.0,1585.0
cntvaluein3-skew-locked-seed-54,pass,direct_max,idelay_dqs_cntvaluein,lane0,dqs0,0,endpoint,1,1371.0,1371.0,1371.0,1371.0,0.0,1371.0
cntvaluein3-skew-locked-seed-55,pass,direct_max,idelay_dqs_cntvaluein,lane0,dqs0,0,endpoint,1,1700.0,1700.0,1700.0,1700.0,0.0,1700.0
cntvaluein3-skew-locked-seed-56,pass,direct_max,idelay_dqs_cntvaluein,lane0,dqs0,0,endpoint,1,1315.0,1315.0,1315.0,1315.0,0.0,1315.0
cntvaluein3-skew-locked-seed-57,pass,direct_max,idelay_dqs_cntvaluein,lane0,dqs0,0,endpoint,1,1610.0,1610.0,1610.0,1610.0,0.0,1610.0
cntvaluein3-skew-locked-seed-58,pass,direct_max,idelay_dqs_cntvaluein,lane0,dqs0,0,endpoint,1,1962.0,1962.0,1962.0,1962.0,0.0,1962.0
cntvaluein3-skew-locked-seed-59,pass,direct_max,idelay_dqs_cntvaluein,lane0,dqs0,0,endpoint,1,1657.0,1657.0,1657.0,1657.0,0.0,1657.0
cntvaluein3-skew-locked-seed-60,fail,direct_max,idelay_dqs_cntvaluein,lane0,dqs0,0,endpoint,1,1273.0,1273.0,1273.0,1273.0,0.0,1273.0
cntvaluein3-skew-locked-seed-31,pass,direct_max,idelay_dqs_cntvaluein,lane0,dqs0,1,endpoint,1,1289.0,1289.0,1289.0,1289.0,0.0,1289.0
cntvaluein3-skew-locked-seed-32,pass,direct_max,idelay_dqs_cntvaluein,lane0,dqs0,1,endpoint,1,926.0,926.0,926.0,926.0,0.0,926.0
cntvaluein3-skew-locked-seed-33,fail,direct_max,idelay_dqs_cntvaluein,lane0,dqs0,1,endpoint,1,1592.0,1592.0,1592.0,1592.0,0.0,1592.0
cntvaluein3-skew-locked-seed-34,pass,direct_max,idelay_dqs_cntvaluein,lane0,dqs0,1,endpoint,1,1161.0,1161.0,1161.0,1161.0,0.0,1161.0
cntvaluein3-skew-locked-seed-35,pass,direct_max,idelay_dqs_cntvaluein,lane0,dqs0,1,endpoint,1,1259.0,1259.0,1259.0,1259.0,0.0,1259.0
cntvaluein3-skew-locked-seed-36,fail,direct_max,idelay_dqs_cntvaluein,lane0,dqs0,1,endpoint,1,1799.0,1799.0,1799.0,1799.0,0.0,1799.0
cntvaluein3-skew-locked-seed-37,pass,direct_max,idelay_dqs_cntvaluein,lane0,dqs0,1,endpoint,1,1858.0,1858.0,1858.0,1858.0,0.0,1858.0
cntvaluein3-skew-locked-seed-38,pass,direct_max,idelay_dqs_cntvaluein,lane0,dqs0,1,endpoint,1,1463.0,1463.0,1463.0,1463.0,0.0,1463.0
cntvaluein3-skew-locked-seed-39,fail,direct_max,idelay_dqs_cntvaluein,lane0,dqs0,1,endpoint,1,2016.0,2016.0,2016.0,2016.0,0.0,2016.0
cntvaluein3-skew-locked-seed-40,pass,direct_max,idelay_dqs_cntvaluein,lane0,dqs0,1,endpoint,1,1036.0,1036.0,1036.0,1036.0,0.0,1036.0
cntvaluein3-skew-locked-seed-41,fail,direct_max,idelay_dqs_cntvaluein,lane0,dqs0,1,endpoint,1,1406.0,1406.0,1406.0,1406.0,0.0,1406.0
cntvaluein3-skew-locked-seed-42,pass,direct_max,idelay_dqs_cntvaluein,lane0,dqs0,1,endpoint,1,1496.0,1496.0,1496.0,1496.0,0.0,1496.0
cntvaluein3-skew-locked-seed-43,pass,direct_max,idelay_dqs_cntvaluein,lane0,dqs0,1,endpoint,1,768.0,768.0,768.0,768.0,0.0,768.0
cntvaluein3-skew-locked-seed-44,pass,direct_max,idelay_dqs_cntvaluein,lane0,dqs0,1,endpoint,1,1023.0,1023.0,1023.0,1023.0,0.0,1023.0
cntvaluein3-skew-locked-seed-45,fail,direct_max,idelay_dqs_cntvaluein,lane0,dqs0,1,endpoint,1,864.0,864.0,864.0,864.0,0.0,864.0
cntvaluein3-skew-locked-seed-46,pass,direct_max,idelay_dqs_cntvaluein,lane0,dqs0,1,endpoint,1,1866.0,1866.0,1866.0,1866.0,0.0,1866.0
cntvaluein3-skew-locked-seed-47,pass,direct_max,idelay_dqs_cntvaluein,lane0,dqs0,1,endpoint,1,1743.0,1743.0,1743.0,1743.0,0.0,1743.0
cntvaluein3-skew-locked-seed-48,fail,direct_max,idelay_dqs_cntvaluein,lane0,dqs0,1,endpoint,1,1070.0,1070.0,1070.0,1070.0,0.0,1070.0
cntvaluein3-skew-locked-seed-49,pass,direct_max,idelay_dqs_cntvaluein,lane0,dqs0,1,endpoint,1,2012.0,2012.0,2012.0,2012.0,0.0,2012.0
cntvaluein3-skew-locked-seed-50,fail,direct_max,idelay_dqs_cntvaluein,lane0,dqs0,1,endpoint,1,1575.0,1575.0,1575.0,1575.0,0.0,1575.0
cntvaluein3-skew-locked-seed-51,fail,direct_max,idelay_dqs_cntvaluein,lane0,dqs0,1,endpoint,1,1092.0,1092.0,1092.0,1092.0,0.0,1092.0
cntvaluein3-skew-locked-seed-52,fail,direct_max,idelay_dqs_cntvaluein,lane0,dqs0,1,endpoint,1,2052.0,2052.0,2052.0,2052.0,0.0,2052.0
cntvaluein3-skew-locked-seed-53,fail,direct_max,idelay_dqs_cntvaluein,lane0,dqs0,1,endpoint,1,1652.0,1652.0,1652.0,1652.0,0.0,1652.0
cntvaluein3-skew-locked-seed-54,pass,direct_max,idelay_dqs_cntvaluein,lane0,dqs0,1,endpoint,1,1988.0,1988.0,1988.0,1988.0,0.0,1988.0
cntvaluein3-skew-locked-seed-55,pass,direct_max,idelay_dqs_cntvaluein,lane0,dqs0,1,endpoint,1,1792.0,1792.0,1792.0,1792.0,0.0,1792.0
cntvaluein3-skew-locked-seed-56,pass,direct_max,idelay_dqs_cntvaluein,lane0,dqs0,1,endpoint,1,1478.0,1478.0,1478.0,1478.0,0.0,1478.0
cntvaluein3-skew-locked-seed-57,pass,direct_max,idelay_dqs_cntvaluein,lane0,dqs0,1,endpoint,1,1646.0,1646.0,1646.0,1646.0,0.0,1646.0
cntvaluein3-skew-locked-seed-58,pass,direct_max,idelay_dqs_cntvaluein,lane0,dqs0,1,endpoint,1,1406.0,1406.0,1406.0,1406.0,0.0,1406.0
cntvaluein3-skew-locked-seed-59,pass,direct_max,idelay_dqs_cntvaluein,lane0,dqs0,1,endpoint,1,1794.0,1794.0,1794.0,1794.0,0.0,1794.0
cntvaluein3-skew-locked-seed-60,fail,direct_max,idelay_dqs_cntvaluein,lane0,dqs0,1,endpoint,1,1360.0,1360.0,1360.0,1360.0,0.0,1360.0
cntvaluein3-skew-locked-seed-31,pass,direct_max,idelay_dqs_cntvaluein,lane0,dqs0,2,endpoint,1,1080.0,1080.0,1080.0,1080.0,0.0,1080.0
cntvaluein3-skew-locked-seed-32,pass,direct_max,idelay_dqs_cntvaluein,lane0,dqs0,2,endpoint,1,975.0,975.0,975.0,975.0,0.0,975.0
cntvaluein3-skew-locked-seed-33,fail,direct_max,idelay_dqs_cntvaluein,lane0,dqs0,2,endpoint,1,1871.0,1871.0,1871.0,1871.0,0.0,1871.0
cntvaluein3-skew-locked-seed-34,pass,direct_max,idelay_dqs_cntvaluein,lane0,dqs0,2,endpoint,1,907.0,907.0,907.0,907.0,0.0,907.0
cntvaluein3-skew-locked-seed-35,pass,direct_max,idelay_dqs_cntvaluein,lane0,dqs0,2,endpoint,1,1070.0,1070.0,1070.0,1070.0,0.0,1070.0
cntvaluein3-skew-locked-seed-36,fail,direct_max,idelay_dqs_cntvaluein,lane0,dqs0,2,endpoint,1,1343.0,1343.0,1343.0,1343.0,0.0,1343.0
cntvaluein3-skew-locked-seed-37,pass,direct_max,idelay_dqs_cntvaluein,lane0,dqs0,2,endpoint,1,1055.0,1055.0,1055.0,1055.0,0.0,1055.0
cntvaluein3-skew-locked-seed-38,pass,direct_max,idelay_dqs_cntvaluein,lane0,dqs0,2,endpoint,1,1427.0,1427.0,1427.0,1427.0,0.0,1427.0
cntvaluein3-skew-locked-seed-39,fail,direct_max,idelay_dqs_cntvaluein,lane0,dqs0,2,endpoint,1,1633.0,1633.0,1633.0,1633.0,0.0,1633.0
cntvaluein3-skew-locked-seed-40,pass,direct_max,idelay_dqs_cntvaluein,lane0,dqs0,2,endpoint,1,930.0,930.0,930.0,930.0,0.0,930.0
cntvaluein3-skew-locked-seed-41,fail,direct_max,idelay_dqs_cntvaluein,lane0,dqs0,2,endpoint,1,1809.0,1809.0,1809.0,1809.0,0.0,1809.0
cntvaluein3-skew-locked-seed-42,pass,direct_max,idelay_dqs_cntvaluein,lane0,dqs0,2,endpoint,1,1603.0,1603.0,1603.0,1603.0,0.0,1603.0
cntvaluein3-skew-locked-seed-43,pass,direct_max,idelay_dqs_cntvaluein,lane0,dqs0,2,endpoint,1,842.0,842.0,842.0,842.0,0.0,842.0
cntvaluein3-skew-locked-seed-44,pass,direct_max,idelay_dqs_cntvaluein,lane0,dqs0,2,endpoint,1,1340.0,1340.0,1340.0,1340.0,0.0,1340.0
cntvaluein3-skew-locked-seed-45,fail,direct_max,idelay_dqs_cntvaluein,lane0,dqs0,2,endpoint,1,892.0,892.0,892.0,892.0,0.0,892.0
cntvaluein3-skew-locked-seed-46,pass,direct_max,idelay_dqs_cntvaluein,lane0,dqs0,2,endpoint,1,1725.0,1725.0,1725.0,1725.0,0.0,1725.0
cntvaluein3-skew-locked-seed-47,pass,direct_max,idelay_dqs_cntvaluein,lane0,dqs0,2,endpoint,1,1424.0,1424.0,1424.0,1424.0,0.0,1424.0
cntvaluein3-skew-locked-seed-48,fail,direct_max,idelay_dqs_cntvaluein,lane0,dqs0,2,endpoint,1,861.0,861.0,861.0,861.0,0.0,861.0
cntvaluein3-skew-locked-seed-49,pass,direct_max,idelay_dqs_cntvaluein,lane0,dqs0,2,endpoint,1,1697.0,1697.0,1697.0,1697.0,0.0,1697.0
cntvaluein3-skew-locked-seed-50,fail,direct_max,idelay_dqs_cntvaluein,lane0,dqs0,2,endpoint,1,992.0,992.0,992.0,992.0,0.0,992.0
cntvaluein3-skew-locked-seed-51,fail,direct_max,idelay_dqs_cntvaluein,lane0,dqs0,2,endpoint,1,1075.0,1075.0,1075.0,1075.0,0.0,1075.0
cntvaluein3-skew-locked-seed-52,fail,direct_max,idelay_dqs_cntvaluein,lane0,dqs0,2,endpoint,1,1271.0,1271.0,1271.0,1271.0,0.0,1271.0
cntvaluein3-skew-locked-seed-53,fail,direct_max,idelay_dqs_cntvaluein,lane0,dqs0,2,endpoint,1,1475.0,1475.0,1475.0,1475.0,0.0,1475.0
cntvaluein3-skew-locked-seed-54,pass,direct_max,idelay_dqs_cntvaluein,lane0,dqs0,2,endpoint,1,2086.0,2086.0,2086.0,2086.0,0.0,2086.0
cntvaluein3-skew-locked-seed-55,pass,direct_max,idelay_dqs_cntvaluein,lane0,dqs0,2,endpoint,1,1764.0,1764.0,1764.0,1764.0,0.0,1764.0
cntvaluein3-skew-locked-seed-56,pass,direct_max,idelay_dqs_cntvaluein,lane0,dqs0,2,endpoint,1,1621.0,1621.0,1621.0,1621.0,0.0,1621.0
cntvaluein3-skew-locked-seed-57,pass,direct_max,idelay_dqs_cntvaluein,lane0,dqs0,2,endpoint,1,1368.0,1368.0,1368.0,1368.0,0.0,1368.0
cntvaluein3-skew-locked-seed-58,pass,direct_max,idelay_dqs_cntvaluein,lane0,dqs0,2,endpoint,1,1970.0,1970.0,1970.0,1970.0,0.0,1970.0
cntvaluein3-skew-locked-seed-59,pass,direct_max,idelay_dqs_cntvaluein,lane0,dqs0,2,endpoint,1,1205.0,1205.0,1205.0,1205.0,0.0,1205.0
cntvaluein3-skew-locked-seed-60,fail,direct_max,idelay_dqs_cntvaluein,lane0,dqs0,2,endpoint,1,1746.0,1746.0,1746.0,1746.0,0.0,1746.0
cntvaluein3-skew-locked-seed-31,pass,direct_max,idelay_dqs_cntvaluein,lane0,dqs0,3,endpoint,1,1978.0,1978.0,1978.0,1978.0,0.0,1978.0
cntvaluein3-skew-locked-seed-32,pass,direct_max,idelay_dqs_cntvaluein,lane0,dqs0,3,endpoint,1,2055.0,2055.0,2055.0,2055.0,0.0,2055.0
cntvaluein3-skew-locked-seed-33,fail,direct_max,idelay_dqs_cntvaluein,lane0,dqs0,3,endpoint,1,2076.0,2076.0,2076.0,2076.0,0.0,2076.0
cntvaluein3-skew-locked-seed-34,pass,direct_max,idelay_dqs_cntvaluein,lane0,dqs0,3,endpoint,1,2174.0,2174.0,2174.0,2174.0,0.0,2174.0
cntvaluein3-skew-locked-seed-35,pass,direct_max,idelay_dqs_cntvaluein,lane0,dqs0,3,endpoint,1,2128.0,2128.0,2128.0,2128.0,0.0,2128.0
cntvaluein3-skew-locked-seed-36,fail,direct_max,idelay_dqs_cntvaluein,lane0,dqs0,3,endpoint,1,1516.0,1516.0,1516.0,1516.0,0.0,1516.0
cntvaluein3-skew-locked-seed-37,pass,direct_max,idelay_dqs_cntvaluein,lane0,dqs0,3,endpoint,1,1769.0,1769.0,1769.0,1769.0,0.0,1769.0
cntvaluein3-skew-locked-seed-38,pass,direct_max,idelay_dqs_cntvaluein,lane0,dqs0,3,endpoint,1,2000.0,2000.0,2000.0,2000.0,0.0,2000.0
cntvaluein3-skew-locked-seed-39,fail,direct_max,idelay_dqs_cntvaluein,lane0,dqs0,3,endpoint,1,1761.0,1761.0,1761.0,1761.0,0.0,1761.0
cntvaluein3-skew-locked-seed-40,pass,direct_max,idelay_dqs_cntvaluein,lane0,dqs0,3,endpoint,1,2095.0,2095.0,2095.0,2095.0,0.0,2095.0
cntvaluein3-skew-locked-seed-41,fail,direct_max,idelay_dqs_cntvaluein,lane0,dqs0,3,endpoint,1,2283.0,2283.0,2283.0,2283.0,0.0,2283.0
cntvaluein3-skew-locked-seed-42,pass,direct_max,idelay_dqs_cntvaluein,lane0,dqs0,3,endpoint,1,2188.0,2188.0,2188.0,2188.0,0.0,2188.0
cntvaluein3-skew-locked-seed-43,pass,direct_max,idelay_dqs_cntvaluein,lane0,dqs0,3,endpoint,1,2058.0,2058.0,2058.0,2058.0,0.0,2058.0
cntvaluein3-skew-locked-seed-44,pass,direct_max,idelay_dqs_cntvaluein,lane0,dqs0,3,endpoint,1,1674.0,1674.0,1674.0,1674.0,0.0,1674.0
cntvaluein3-skew-locked-seed-45,fail,direct_max,idelay_dqs_cntvaluein,lane0,dqs0,3,endpoint,1,2048.0,2048.0,2048.0,2048.0,0.0,2048.0
cntvaluein3-skew-locked-seed-46,pass,direct_max,idelay_dqs_cntvaluein,lane0,dqs0,3,endpoint,1,1973.0,1973.0,1973.0,1973.0,0.0,1973.0
cntvaluein3-skew-locked-seed-47,pass,direct_max,idelay_dqs_cntvaluein,lane0,dqs0,3,endpoint,1,1932.0,1932.0,1932.0,1932.0,0.0,1932.0
cntvaluein3-skew-locked-seed-48,fail,direct_max,idelay_dqs_cntvaluein,lane0,dqs0,3,endpoint,1,1940.0,1940.0,1940.0,1940.0,0.0,1940.0
cntvaluein3-skew-locked-seed-49,pass,direct_max,idelay_dqs_cntvaluein,lane0,dqs0,3,endpoint,1,1830.0,1830.0,1830.0,1830.0,0.0,1830.0
cntvaluein3-skew-locked-seed-50,fail,direct_max,idelay_dqs_cntvaluein,lane0,dqs0,3,endpoint,1,1991.0,1991.0,1991.0,1991.0,0.0,1991.0
cntvaluein3-skew-locked-seed-51,fail,direct_max,idelay_dqs_cntvaluein,lane0,dqs0,3,endpoint,1,2036.0,2036.0,2036.0,2036.0,0.0,2036.0
cntvaluein3-skew-locked-seed-52,fail,direct_max,idelay_dqs_cntvaluein,lane0,dqs0,3,endpoint,1,2397.0,2397.0,2397.0,2397.0,0.0,2397.0
cntvaluein3-skew-locked-seed-53,fail,direct_max,idelay_dqs_cntvaluein,lane0,dqs0,3,endpoint,1,2168.0,2168.0,2168.0,2168.0,0.0,2168.0
cntvaluein3-skew-locked-seed-54,pass,direct_max,idelay_dqs_cntvaluein,lane0,dqs0,3,endpoint,1,1684.0,1684.0,1684.0,1684.0,0.0,1684.0
cntvaluein3-skew-locked-seed-55,pass,direct_max,idelay_dqs_cntvaluein,lane0,dqs0,3,endpoint,1,1942.0,1942.0,1942.0,1942.0,0.0,1942.0
cntvaluein3-skew-locked-seed-56,pass,direct_max,idelay_dqs_cntvaluein,lane0,dqs0,3,endpoint,1,1893.0,1893.0,1893.0,1893.0,0.0,1893.0
cntvaluein3-skew-locked-seed-57,pass,direct_max,idelay_dqs_cntvaluein,lane0,dqs0,3,endpoint,1,2073.0,2073.0,2073.0,2073.0,0.0,2073.0
cntvaluein3-skew-locked-seed-58,pass,direct_max,idelay_dqs_cntvaluein,lane0,dqs0,3,endpoint,1,1960.0,1960.0,1960.0,1960.0,0.0,1960.0
cntvaluein3-skew-locked-seed-59,pass,direct_max,idelay_dqs_cntvaluein,lane0,dqs0,3,endpoint,1,1621.0,1621.0,1621.0,1621.0,0.0,1621.0
cntvaluein3-skew-locked-seed-60,fail,direct_max,idelay_dqs_cntvaluein,lane0,dqs0,3,endpoint,1,1667.0,1667.0,1667.0,1667.0,0.0,1667.0
cntvaluein3-skew-locked-seed-31,pass,direct_max,idelay_dqs_cntvaluein,lane0,dqs0,4,endpoint,1,1383.0,1383.0,1383.0,1383.0,0.0,1383.0
cntvaluein3-skew-locked-seed-32,pass,direct_max,idelay_dqs_cntvaluein,lane0,dqs0,4,endpoint,1,1179.0,1179.0,1179.0,1179.0,0.0,1179.0
cntvaluein3-skew-locked-seed-33,fail,direct_max,idelay_dqs_cntvaluein,lane0,dqs0,4,endpoint,1,1488.0,1488.0,1488.0,1488.0,0.0,1488.0
cntvaluein3-skew-locked-seed-34,pass,direct_max,idelay_dqs_cntvaluein,lane0,dqs0,4,endpoint,1,930.0,930.0,930.0,930.0,0.0,930.0
cntvaluein3-skew-locked-seed-35,pass,direct_max,idelay_dqs_cntvaluein,lane0,dqs0,4,endpoint,1,1067.0,1067.0,1067.0,1067.0,0.0,1067.0
cntvaluein3-skew-locked-seed-36,fail,direct_max,idelay_dqs_cntvaluein,lane0,dqs0,4,endpoint,1,1434.0,1434.0,1434.0,1434.0,0.0,1434.0
cntvaluein3-skew-locked-seed-37,pass,direct_max,idelay_dqs_cntvaluein,lane0,dqs0,4,endpoint,1,1386.0,1386.0,1386.0,1386.0,0.0,1386.0
cntvaluein3-skew-locked-seed-38,pass,direct_max,idelay_dqs_cntvaluein,lane0,dqs0,4,endpoint,1,1743.0,1743.0,1743.0,1743.0,0.0,1743.0
cntvaluein3-skew-locked-seed-39,fail,direct_max,idelay_dqs_cntvaluein,lane0,dqs0,4,endpoint,1,1641.0,1641.0,1641.0,1641.0,0.0,1641.0
cntvaluein3-skew-locked-seed-40,pass,direct_max,idelay_dqs_cntvaluein,lane0,dqs0,4,endpoint,1,666.0,666.0,666.0,666.0,0.0,666.0
cntvaluein3-skew-locked-seed-41,fail,direct_max,idelay_dqs_cntvaluein,lane0,dqs0,4,endpoint,1,2063.0,2063.0,2063.0,2063.0,0.0,2063.0
cntvaluein3-skew-locked-seed-42,pass,direct_max,idelay_dqs_cntvaluein,lane0,dqs0,4,endpoint,1,1534.0,1534.0,1534.0,1534.0,0.0,1534.0
cntvaluein3-skew-locked-seed-43,pass,direct_max,idelay_dqs_cntvaluein,lane0,dqs0,4,endpoint,1,820.0,820.0,820.0,820.0,0.0,820.0
cntvaluein3-skew-locked-seed-44,pass,direct_max,idelay_dqs_cntvaluein,lane0,dqs0,4,endpoint,1,1199.0,1199.0,1199.0,1199.0,0.0,1199.0
cntvaluein3-skew-locked-seed-45,fail,direct_max,idelay_dqs_cntvaluein,lane0,dqs0,4,endpoint,1,795.0,795.0,795.0,795.0,0.0,795.0
cntvaluein3-skew-locked-seed-46,pass,direct_max,idelay_dqs_cntvaluein,lane0,dqs0,4,endpoint,1,1707.0,1707.0,1707.0,1707.0,0.0,1707.0
cntvaluein3-skew-locked-seed-47,pass,direct_max,idelay_dqs_cntvaluein,lane0,dqs0,4,endpoint,1,1648.0,1648.0,1648.0,1648.0,0.0,1648.0
cntvaluein3-skew-locked-seed-48,fail,direct_max,idelay_dqs_cntvaluein,lane0,dqs0,4,endpoint,1,1182.0,1182.0,1182.0,1182.0,0.0,1182.0
cntvaluein3-skew-locked-seed-49,pass,direct_max,idelay_dqs_cntvaluein,lane0,dqs0,4,endpoint,1,1692.0,1692.0,1692.0,1692.0,0.0,1692.0
cntvaluein3-skew-locked-seed-50,fail,direct_max,idelay_dqs_cntvaluein,lane0,dqs0,4,endpoint,1,1549.0,1549.0,1549.0,1549.0,0.0,1549.0
cntvaluein3-skew-locked-seed-51,fail,direct_max,idelay_dqs_cntvaluein,lane0,dqs0,4,endpoint,1,945.0,945.0,945.0,945.0,0.0,945.0
cntvaluein3-skew-locked-seed-52,fail,direct_max,idelay_dqs_cntvaluein,lane0,dqs0,4,endpoint,1,1929.0,1929.0,1929.0,1929.0,0.0,1929.0
cntvaluein3-skew-locked-seed-53,fail,direct_max,idelay_dqs_cntvaluein,lane0,dqs0,4,endpoint,1,1452.0,1452.0,1452.0,1452.0,0.0,1452.0
cntvaluein3-skew-locked-seed-54,pass,direct_max,idelay_dqs_cntvaluein,lane0,dqs0,4,endpoint,1,1845.0,1845.0,1845.0,1845.0,0.0,1845.0
cntvaluein3-skew-locked-seed-55,pass,direct_max,idelay_dqs_cntvaluein,lane0,dqs0,4,endpoint,1,1707.0,1707.0,1707.0,1707.0,0.0,1707.0
cntvaluein3-skew-locked-seed-56,pass,direct_max,idelay_dqs_cntvaluein,lane0,dqs0,4,endpoint,1,1866.0,1866.0,1866.0,1866.0,0.0,1866.0
cntvaluein3-skew-locked-seed-57,pass,direct_max,idelay_dqs_cntvaluein,lane0,dqs0,4,endpoint,1,1662.0,1662.0,1662.0,1662.0,0.0,1662.0
cntvaluein3-skew-locked-seed-58,pass,direct_max,idelay_dqs_cntvaluein,lane0,dqs0,4,endpoint,1,1386.0,1386.0,1386.0,1386.0,0.0,1386.0
cntvaluein3-skew-locked-seed-59,pass,direct_max,idelay_dqs_cntvaluein,lane0,dqs0,4,endpoint,1,1799.0,1799.0,1799.0,1799.0,0.0,1799.0
cntvaluein3-skew-locked-seed-60,fail,direct_max,idelay_dqs_cntvaluein,lane0,dqs0,4,endpoint,1,1644.0,1644.0,1644.0,1644.0,0.0,1644.0
cntvaluein3-skew-locked-seed-31,pass,direct_max,idelay_dqs_cntvaluein,lane1,dqs1,0,endpoint,1,855.0,855.0,855.0,855.0,0.0,855.0
cntvaluein3-skew-locked-seed-32,pass,direct_max,idelay_dqs_cntvaluein,lane1,dqs1,0,endpoint,1,717.0,717.0,717.0,717.0,0.0,717.0
cntvaluein3-skew-locked-seed-33,fail,direct_max,idelay_dqs_cntvaluein,lane1,dqs1,0,endpoint,1,1156.0,1156.0,1156.0,1156.0,0.0,1156.0
cntvaluein3-skew-locked-seed-34,pass,direct_max,idelay_dqs_cntvaluein,lane1,dqs1,0,endpoint,1,898.0,898.0,898.0,898.0,0.0,898.0
cntvaluein3-skew-locked-seed-35,pass,direct_max,idelay_dqs_cntvaluein,lane1,dqs1,0,endpoint,1,827.0,827.0,827.0,827.0,0.0,827.0
cntvaluein3-skew-locked-seed-36,fail,direct_max,idelay_dqs_cntvaluein,lane1,dqs1,0,endpoint,1,773.0,773.0,773.0,773.0,0.0,773.0
cntvaluein3-skew-locked-seed-37,pass,direct_max,idelay_dqs_cntvaluein,lane1,dqs1,0,endpoint,1,1427.0,1427.0,1427.0,1427.0,0.0,1427.0
cntvaluein3-skew-locked-seed-38,pass,direct_max,idelay_dqs_cntvaluein,lane1,dqs1,0,endpoint,1,1294.0,1294.0,1294.0,1294.0,0.0,1294.0
cntvaluein3-skew-locked-seed-39,fail,direct_max,idelay_dqs_cntvaluein,lane1,dqs1,0,endpoint,1,1708.0,1708.0,1708.0,1708.0,0.0,1708.0
cntvaluein3-skew-locked-seed-40,pass,direct_max,idelay_dqs_cntvaluein,lane1,dqs1,0,endpoint,1,1141.0,1141.0,1141.0,1141.0,0.0,1141.0
cntvaluein3-skew-locked-seed-41,fail,direct_max,idelay_dqs_cntvaluein,lane1,dqs1,0,endpoint,1,1187.0,1187.0,1187.0,1187.0,0.0,1187.0
cntvaluein3-skew-locked-seed-42,pass,direct_max,idelay_dqs_cntvaluein,lane1,dqs1,0,endpoint,1,1322.0,1322.0,1322.0,1322.0,0.0,1322.0
cntvaluein3-skew-locked-seed-43,pass,direct_max,idelay_dqs_cntvaluein,lane1,dqs1,0,endpoint,1,597.0,597.0,597.0,597.0,0.0,597.0
cntvaluein3-skew-locked-seed-44,pass,direct_max,idelay_dqs_cntvaluein,lane1,dqs1,0,endpoint,1,737.0,737.0,737.0,737.0,0.0,737.0
cntvaluein3-skew-locked-seed-45,fail,direct_max,idelay_dqs_cntvaluein,lane1,dqs1,0,endpoint,1,569.0,569.0,569.0,569.0,0.0,569.0
cntvaluein3-skew-locked-seed-46,pass,direct_max,idelay_dqs_cntvaluein,lane1,dqs1,0,endpoint,1,1302.0,1302.0,1302.0,1302.0,0.0,1302.0
cntvaluein3-skew-locked-seed-47,pass,direct_max,idelay_dqs_cntvaluein,lane1,dqs1,0,endpoint,1,999.0,999.0,999.0,999.0,0.0,999.0
cntvaluein3-skew-locked-seed-48,fail,direct_max,idelay_dqs_cntvaluein,lane1,dqs1,0,endpoint,1,657.0,657.0,657.0,657.0,0.0,657.0
cntvaluein3-skew-locked-seed-49,pass,direct_max,idelay_dqs_cntvaluein,lane1,dqs1,0,endpoint,1,1536.0,1536.0,1536.0,1536.0,0.0,1536.0
cntvaluein3-skew-locked-seed-50,fail,direct_max,idelay_dqs_cntvaluein,lane1,dqs1,0,endpoint,1,1268.0,1268.0,1268.0,1268.0,0.0,1268.0
cntvaluein3-skew-locked-seed-51,fail,direct_max,idelay_dqs_cntvaluein,lane1,dqs1,0,endpoint,1,716.0,716.0,716.0,716.0,0.0,716.0
cntvaluein3-skew-locked-seed-52,fail,direct_max,idelay_dqs_cntvaluein,lane1,dqs1,0,endpoint,1,1259.0,1259.0,1259.0,1259.0,0.0,1259.0
cntvaluein3-skew-locked-seed-53,fail,direct_max,idelay_dqs_cntvaluein,lane1,dqs1,0,endpoint,1,1424.0,1424.0,1424.0,1424.0,0.0,1424.0
cntvaluein3-skew-locked-seed-54,pass,direct_max,idelay_dqs_cntvaluein,lane1,dqs1,0,endpoint,1,1047.0,1047.0,1047.0,1047.0,0.0,1047.0
cntvaluein3-skew-locked-seed-55,pass,direct_max,idelay_dqs_cntvaluein,lane1,dqs1,0,endpoint,1,1425.0,1425.0,1425.0,1425.0,0.0,1425.0
cntvaluein3-skew-locked-seed-56,pass,direct_max,idelay_dqs_cntvaluein,lane1,dqs1,0,endpoint,1,986.0,986.0,986.0,986.0,0.0,986.0
cntvaluein3-skew-locked-seed-57,pass,direct_max,idelay_dqs_cntvaluein,lane1,dqs1,0,endpoint,1,1340.0,1340.0,1340.0,1340.0,0.0,1340.0
cntvaluein3-skew-locked-seed-58,pass,direct_max,idelay_dqs_cntvaluein,lane1,dqs1,0,endpoint,1,1478.0,1478.0,1478.0,1478.0,0.0,1478.0
cntvaluein3-skew-locked-seed-59,pass,direct_max,idelay_dqs_cntvaluein,lane1,dqs1,0,endpoint,1,1527.0,1527.0,1527.0,1527.0,0.0,1527.0
cntvaluein3-skew-locked-seed-60,fail,direct_max,idelay_dqs_cntvaluein,lane1,dqs1,0,endpoint,1,930.0,930.0,930.0,930.0,0.0,930.0
cntvaluein3-skew-locked-seed-31,pass,direct_max,idelay_dqs_cntvaluein,lane1,dqs1,1,endpoint,1,1307.0,1307.0,1307.0,1307.0,0.0,1307.0
cntvaluein3-skew-locked-seed-32,pass,direct_max,idelay_dqs_cntvaluein,lane1,dqs1,1,endpoint,1,561.0,561.0,561.0,561.0,0.0,561.0
cntvaluein3-skew-locked-seed-33,fail,direct_max,idelay_dqs_cntvaluein,lane1,dqs1,1,endpoint,1,1314.0,1314.0,1314.0,1314.0,0.0,1314.0
cntvaluein3-skew-locked-seed-34,pass,direct_max,idelay_dqs_cntvaluein,lane1,dqs1,1,endpoint,1,824.0,824.0,824.0,824.0,0.0,824.0
cntvaluein3-skew-locked-seed-35,pass,direct_max,idelay_dqs_cntvaluein,lane1,dqs1,1,endpoint,1,1067.0,1067.0,1067.0,1067.0,0.0,1067.0
cntvaluein3-skew-locked-seed-36,fail,direct_max,idelay_dqs_cntvaluein,lane1,dqs1,1,endpoint,1,1379.0,1379.0,1379.0,1379.0,0.0,1379.0
cntvaluein3-skew-locked-seed-37,pass,direct_max,idelay_dqs_cntvaluein,lane1,dqs1,1,endpoint,1,1585.0,1585.0,1585.0,1585.0,0.0,1585.0
cntvaluein3-skew-locked-seed-38,pass,direct_max,idelay_dqs_cntvaluein,lane1,dqs1,1,endpoint,1,1383.0,1383.0,1383.0,1383.0,0.0,1383.0
cntvaluein3-skew-locked-seed-39,fail,direct_max,idelay_dqs_cntvaluein,lane1,dqs1,1,endpoint,1,1661.0,1661.0,1661.0,1661.0,0.0,1661.0
cntvaluein3-skew-locked-seed-40,pass,direct_max,idelay_dqs_cntvaluein,lane1,dqs1,1,endpoint,1,570.0,570.0,570.0,570.0,0.0,570.0
cntvaluein3-skew-locked-seed-41,fail,direct_max,idelay_dqs_cntvaluein,lane1,dqs1,1,endpoint,1,1567.0,1567.0,1567.0,1567.0,0.0,1567.0
cntvaluein3-skew-locked-seed-42,pass,direct_max,idelay_dqs_cntvaluein,lane1,dqs1,1,endpoint,1,1220.0,1220.0,1220.0,1220.0,0.0,1220.0
cntvaluein3-skew-locked-seed-43,pass,direct_max,idelay_dqs_cntvaluein,lane1,dqs1,1,endpoint,1,549.0,549.0,549.0,549.0,0.0,549.0
cntvaluein3-skew-locked-seed-44,pass,direct_max,idelay_dqs_cntvaluein,lane1,dqs1,1,endpoint,1,681.0,681.0,681.0,681.0,0.0,681.0
cntvaluein3-skew-locked-seed-45,fail,direct_max,idelay_dqs_cntvaluein,lane1,dqs1,1,endpoint,1,639.0,639.0,639.0,639.0,0.0,639.0
cntvaluein3-skew-locked-seed-46,pass,direct_max,idelay_dqs_cntvaluein,lane1,dqs1,1,endpoint,1,1350.0,1350.0,1350.0,1350.0,0.0,1350.0
cntvaluein3-skew-locked-seed-47,pass,direct_max,idelay_dqs_cntvaluein,lane1,dqs1,1,endpoint,1,1468.0,1468.0,1468.0,1468.0,0.0,1468.0
cntvaluein3-skew-locked-seed-48,fail,direct_max,idelay_dqs_cntvaluein,lane1,dqs1,1,endpoint,1,791.0,791.0,791.0,791.0,0.0,791.0
cntvaluein3-skew-locked-seed-49,pass,direct_max,idelay_dqs_cntvaluein,lane1,dqs1,1,endpoint,1,1562.0,1562.0,1562.0,1562.0,0.0,1562.0
cntvaluein3-skew-locked-seed-50,fail,direct_max,idelay_dqs_cntvaluein,lane1,dqs1,1,endpoint,1,1320.0,1320.0,1320.0,1320.0,0.0,1320.0
cntvaluein3-skew-locked-seed-51,fail,direct_max,idelay_dqs_cntvaluein,lane1,dqs1,1,endpoint,1,787.0,787.0,787.0,787.0,0.0,787.0
cntvaluein3-skew-locked-seed-52,fail,direct_max,idelay_dqs_cntvaluein,lane1,dqs1,1,endpoint,1,1738.0,1738.0,1738.0,1738.0,0.0,1738.0
cntvaluein3-skew-locked-seed-53,fail,direct_max,idelay_dqs_cntvaluein,lane1,dqs1,1,endpoint,1,1360.0,1360.0,1360.0,1360.0,0.0,1360.0
cntvaluein3-skew-locked-seed-54,pass,direct_max,idelay_dqs_cntvaluein,lane1,dqs1,1,endpoint,1,1753.0,1753.0,1753.0,1753.0,0.0,1753.0
cntvaluein3-skew-locked-seed-55,pass,direct_max,idelay_dqs_cntvaluein,lane1,dqs1,1,endpoint,1,1722.0,1722.0,1722.0,1722.0,0.0,1722.0
cntvaluein3-skew-locked-seed-56,pass,direct_max,idelay_dqs_cntvaluein,lane1,dqs1,1,endpoint,1,1203.0,1203.0,1203.0,1203.0,0.0,1203.0
cntvaluein3-skew-locked-seed-57,pass,direct_max,idelay_dqs_cntvaluein,lane1,dqs1,1,endpoint,1,1312.0,1312.0,1312.0,1312.0,0.0,1312.0
cntvaluein3-skew-locked-seed-58,pass,direct_max,idelay_dqs_cntvaluein,lane1,dqs1,1,endpoint,1,1128.0,1128.0,1128.0,1128.0,0.0,1128.0
cntvaluein3-skew-locked-seed-59,pass,direct_max,idelay_dqs_cntvaluein,lane1,dqs1,1,endpoint,1,1379.0,1379.0,1379.0,1379.0,0.0,1379.0
cntvaluein3-skew-locked-seed-60,fail,direct_max,idelay_dqs_cntvaluein,lane1,dqs1,1,endpoint,1,1251.0,1251.0,1251.0,1251.0,0.0,1251.0
cntvaluein3-skew-locked-seed-31,pass,direct_max,idelay_dqs_cntvaluein,lane1,dqs1,2,endpoint,1,1082.0,1082.0,1082.0,1082.0,0.0,1082.0
cntvaluein3-skew-locked-seed-32,pass,direct_max,idelay_dqs_cntvaluein,lane1,dqs1,2,endpoint,1,984.0,984.0,984.0,984.0,0.0,984.0
cntvaluein3-skew-locked-seed-33,fail,direct_max,idelay_dqs_cntvaluein,lane1,dqs1,2,endpoint,1,1383.0,1383.0,1383.0,1383.0,0.0,1383.0
cntvaluein3-skew-locked-seed-34,pass,direct_max,idelay_dqs_cntvaluein,lane1,dqs1,2,endpoint,1,665.0,665.0,665.0,665.0,0.0,665.0
cntvaluein3-skew-locked-seed-35,pass,direct_max,idelay_dqs_cntvaluein,lane1,dqs1,2,endpoint,1,852.0,852.0,852.0,852.0,0.0,852.0
cntvaluein3-skew-locked-seed-36,fail,direct_max,idelay_dqs_cntvaluein,lane1,dqs1,2,endpoint,1,1067.0,1067.0,1067.0,1067.0,0.0,1067.0
cntvaluein3-skew-locked-seed-37,pass,direct_max,idelay_dqs_cntvaluein,lane1,dqs1,2,endpoint,1,1060.0,1060.0,1060.0,1060.0,0.0,1060.0
cntvaluein3-skew-locked-seed-38,pass,direct_max,idelay_dqs_cntvaluein,lane1,dqs1,2,endpoint,1,1391.0,1391.0,1391.0,1391.0,0.0,1391.0
cntvaluein3-skew-locked-seed-39,fail,direct_max,idelay_dqs_cntvaluein,lane1,dqs1,2,endpoint,1,1358.0,1358.0,1358.0,1358.0,0.0,1358.0
cntvaluein3-skew-locked-seed-40,pass,direct_max,idelay_dqs_cntvaluein,lane1,dqs1,2,endpoint,1,702.0,702.0,702.0,702.0,0.0,702.0
cntvaluein3-skew-locked-seed-41,fail,direct_max,idelay_dqs_cntvaluein,lane1,dqs1,2,endpoint,1,1365.0,1365.0,1365.0,1365.0,0.0,1365.0
cntvaluein3-skew-locked-seed-42,pass,direct_max,idelay_dqs_cntvaluein,lane1,dqs1,2,endpoint,1,1325.0,1325.0,1325.0,1325.0,0.0,1325.0
cntvaluein3-skew-locked-seed-43,pass,direct_max,idelay_dqs_cntvaluein,lane1,dqs1,2,endpoint,1,527.0,527.0,527.0,527.0,0.0,527.0
cntvaluein3-skew-locked-seed-44,pass,direct_max,idelay_dqs_cntvaluein,lane1,dqs1,2,endpoint,1,1348.0,1348.0,1348.0,1348.0,0.0,1348.0
cntvaluein3-skew-locked-seed-45,fail,direct_max,idelay_dqs_cntvaluein,lane1,dqs1,2,endpoint,1,644.0,644.0,644.0,644.0,0.0,644.0
cntvaluein3-skew-locked-seed-46,pass,direct_max,idelay_dqs_cntvaluein,lane1,dqs1,2,endpoint,1,1440.0,1440.0,1440.0,1440.0,0.0,1440.0
cntvaluein3-skew-locked-seed-47,pass,direct_max,idelay_dqs_cntvaluein,lane1,dqs1,2,endpoint,1,1146.0,1146.0,1146.0,1146.0,0.0,1146.0
cntvaluein3-skew-locked-seed-48,fail,direct_max,idelay_dqs_cntvaluein,lane1,dqs1,2,endpoint,1,762.0,762.0,762.0,762.0,0.0,762.0
cntvaluein3-skew-locked-seed-49,pass,direct_max,idelay_dqs_cntvaluein,lane1,dqs1,2,endpoint,1,1422.0,1422.0,1422.0,1422.0,0.0,1422.0
cntvaluein3-skew-locked-seed-50,fail,direct_max,idelay_dqs_cntvaluein,lane1,dqs1,2,endpoint,1,981.0,981.0,981.0,981.0,0.0,981.0
cntvaluein3-skew-locked-seed-51,fail,direct_max,idelay_dqs_cntvaluein,lane1,dqs1,2,endpoint,1,806.0,806.0,806.0,806.0,0.0,806.0
cntvaluein3-skew-locked-seed-52,fail,direct_max,idelay_dqs_cntvaluein,lane1,dqs1,2,endpoint,1,1070.0,1070.0,1070.0,1070.0,0.0,1070.0
cntvaluein3-skew-locked-seed-53,fail,direct_max,idelay_dqs_cntvaluein,lane1,dqs1,2,endpoint,1,1036.0,1036.0,1036.0,1036.0,0.0,1036.0
cntvaluein3-skew-locked-seed-54,pass,direct_max,idelay_dqs_cntvaluein,lane1,dqs1,2,endpoint,1,1733.0,1733.0,1733.0,1733.0,0.0,1733.0
cntvaluein3-skew-locked-seed-55,pass,direct_max,idelay_dqs_cntvaluein,lane1,dqs1,2,endpoint,1,1557.0,1557.0,1557.0,1557.0,0.0,1557.0
cntvaluein3-skew-locked-seed-56,pass,direct_max,idelay_dqs_cntvaluein,lane1,dqs1,2,endpoint,1,1360.0,1360.0,1360.0,1360.0,0.0,1360.0
cntvaluein3-skew-locked-seed-57,pass,direct_max,idelay_dqs_cntvaluein,lane1,dqs1,2,endpoint,1,1050.0,1050.0,1050.0,1050.0,0.0,1050.0
cntvaluein3-skew-locked-seed-58,pass,direct_max,idelay_dqs_cntvaluein,lane1,dqs1,2,endpoint,1,1628.0,1628.0,1628.0,1628.0,0.0,1628.0
cntvaluein3-skew-locked-seed-59,pass,direct_max,idelay_dqs_cntvaluein,lane1,dqs1,2,endpoint,1,1297.0,1297.0,1297.0,1297.0,0.0,1297.0
cntvaluein3-skew-locked-seed-60,fail,direct_max,idelay_dqs_cntvaluein,lane1,dqs1,2,endpoint,1,1555.0,1555.0,1555.0,1555.0,0.0,1555.0
cntvaluein3-skew-locked-seed-31,pass,direct_max,idelay_dqs_cntvaluein,lane1,dqs1,3,endpoint,1,1700.0,1700.0,1700.0,1700.0,0.0,1700.0
cntvaluein3-skew-locked-seed-32,pass,direct_max,idelay_dqs_cntvaluein,lane1,dqs1,3,endpoint,1,2194.0,2194.0,2194.0,2194.0,0.0,2194.0
cntvaluein3-skew-locked-seed-33,fail,direct_max,idelay_dqs_cntvaluein,lane1,dqs1,3,endpoint,1,1835.0,1835.0,1835.0,1835.0,0.0,1835.0
cntvaluein3-skew-locked-seed-34,pass,direct_max,idelay_dqs_cntvaluein,lane1,dqs1,3,endpoint,1,1659.0,1659.0,1659.0,1659.0,0.0,1659.0
cntvaluein3-skew-locked-seed-35,pass,direct_max,idelay_dqs_cntvaluein,lane1,dqs1,3,endpoint,1,1876.0,1876.0,1876.0,1876.0,0.0,1876.0
cntvaluein3-skew-locked-seed-36,fail,direct_max,idelay_dqs_cntvaluein,lane1,dqs1,3,endpoint,1,1537.0,1537.0,1537.0,1537.0,0.0,1537.0
cntvaluein3-skew-locked-seed-37,pass,direct_max,idelay_dqs_cntvaluein,lane1,dqs1,3,endpoint,1,1462.0,1462.0,1462.0,1462.0,0.0,1462.0
cntvaluein3-skew-locked-seed-38,pass,direct_max,idelay_dqs_cntvaluein,lane1,dqs1,3,endpoint,1,1503.0,1503.0,1503.0,1503.0,0.0,1503.0
cntvaluein3-skew-locked-seed-39,fail,direct_max,idelay_dqs_cntvaluein,lane1,dqs1,3,endpoint,1,1552.0,1552.0,1552.0,1552.0,0.0,1552.0
cntvaluein3-skew-locked-seed-40,pass,direct_max,idelay_dqs_cntvaluein,lane1,dqs1,3,endpoint,1,1817.0,1817.0,1817.0,1817.0,0.0,1817.0
cntvaluein3-skew-locked-seed-41,fail,direct_max,idelay_dqs_cntvaluein,lane1,dqs1,3,endpoint,1,1875.0,1875.0,1875.0,1875.0,0.0,1875.0
cntvaluein3-skew-locked-seed-42,pass,direct_max,idelay_dqs_cntvaluein,lane1,dqs1,3,endpoint,1,1904.0,1904.0,1904.0,1904.0,0.0,1904.0
cntvaluein3-skew-locked-seed-43,pass,direct_max,idelay_dqs_cntvaluein,lane1,dqs1,3,endpoint,1,1889.0,1889.0,1889.0,1889.0,0.0,1889.0
cntvaluein3-skew-locked-seed-44,pass,direct_max,idelay_dqs_cntvaluein,lane1,dqs1,3,endpoint,1,1748.0,1748.0,1748.0,1748.0,0.0,1748.0
cntvaluein3-skew-locked-seed-45,fail,direct_max,idelay_dqs_cntvaluein,lane1,dqs1,3,endpoint,1,2016.0,2016.0,2016.0,2016.0,0.0,2016.0
cntvaluein3-skew-locked-seed-46,pass,direct_max,idelay_dqs_cntvaluein,lane1,dqs1,3,endpoint,1,1501.0,1501.0,1501.0,1501.0,0.0,1501.0
cntvaluein3-skew-locked-seed-47,pass,direct_max,idelay_dqs_cntvaluein,lane1,dqs1,3,endpoint,1,1751.0,1751.0,1751.0,1751.0,0.0,1751.0
cntvaluein3-skew-locked-seed-48,fail,direct_max,idelay_dqs_cntvaluein,lane1,dqs1,3,endpoint,1,1585.0,1585.0,1585.0,1585.0,0.0,1585.0
cntvaluein3-skew-locked-seed-49,pass,direct_max,idelay_dqs_cntvaluein,lane1,dqs1,3,endpoint,1,1616.0,1616.0,1616.0,1616.0,0.0,1616.0
cntvaluein3-skew-locked-seed-50,fail,direct_max,idelay_dqs_cntvaluein,lane1,dqs1,3,endpoint,1,1572.0,1572.0,1572.0,1572.0,0.0,1572.0
cntvaluein3-skew-locked-seed-51,fail,direct_max,idelay_dqs_cntvaluein,lane1,dqs1,3,endpoint,1,1572.0,1572.0,1572.0,1572.0,0.0,1572.0
cntvaluein3-skew-locked-seed-52,fail,direct_max,idelay_dqs_cntvaluein,lane1,dqs1,3,endpoint,1,2180.0,2180.0,2180.0,2180.0,0.0,2180.0
cntvaluein3-skew-locked-seed-53,fail,direct_max,idelay_dqs_cntvaluein,lane1,dqs1,3,endpoint,1,1824.0,1824.0,1824.0,1824.0,0.0,1824.0
cntvaluein3-skew-locked-seed-54,pass,direct_max,idelay_dqs_cntvaluein,lane1,dqs1,3,endpoint,1,1289.0,1289.0,1289.0,1289.0,0.0,1289.0
cntvaluein3-skew-locked-seed-55,pass,direct_max,idelay_dqs_cntvaluein,lane1,dqs1,3,endpoint,1,1661.0,1661.0,1661.0,1661.0,0.0,1661.0
cntvaluein3-skew-locked-seed-56,pass,direct_max,idelay_dqs_cntvaluein,lane1,dqs1,3,endpoint,1,1610.0,1610.0,1610.0,1610.0,0.0,1610.0
cntvaluein3-skew-locked-seed-57,pass,direct_max,idelay_dqs_cntvaluein,lane1,dqs1,3,endpoint,1,1641.0,1641.0,1641.0,1641.0,0.0,1641.0
cntvaluein3-skew-locked-seed-58,pass,direct_max,idelay_dqs_cntvaluein,lane1,dqs1,3,endpoint,1,1649.0,1649.0,1649.0,1649.0,0.0,1649.0
cntvaluein3-skew-locked-seed-59,pass,direct_max,idelay_dqs_cntvaluein,lane1,dqs1,3,endpoint,1,1457.0,1457.0,1457.0,1457.0,0.0,1457.0
cntvaluein3-skew-locked-seed-60,fail,direct_max,idelay_dqs_cntvaluein,lane1,dqs1,3,endpoint,1,1463.0,1463.0,1463.0,1463.0,0.0,1463.0
cntvaluein3-skew-locked-seed-31,pass,direct_max,idelay_dqs_cntvaluein,lane1,dqs1,4,endpoint,1,1105.0,1105.0,1105.0,1105.0,0.0,1105.0
cntvaluein3-skew-locked-seed-32,pass,direct_max,idelay_dqs_cntvaluein,lane1,dqs1,4,endpoint,1,639.0,639.0,639.0,639.0,0.0,639.0
cntvaluein3-skew-locked-seed-33,fail,direct_max,idelay_dqs_cntvaluein,lane1,dqs1,4,endpoint,1,1213.0,1213.0,1213.0,1213.0,0.0,1213.0
cntvaluein3-skew-locked-seed-34,pass,direct_max,idelay_dqs_cntvaluein,lane1,dqs1,4,endpoint,1,654.0,654.0,654.0,654.0,0.0,654.0
cntvaluein3-skew-locked-seed-35,pass,direct_max,idelay_dqs_cntvaluein,lane1,dqs1,4,endpoint,1,864.0,864.0,864.0,864.0,0.0,864.0
cntvaluein3-skew-locked-seed-36,fail,direct_max,idelay_dqs_cntvaluein,lane1,dqs1,4,endpoint,1,1156.0,1156.0,1156.0,1156.0,0.0,1156.0
cntvaluein3-skew-locked-seed-37,pass,direct_max,idelay_dqs_cntvaluein,lane1,dqs1,4,endpoint,1,1054.0,1054.0,1054.0,1054.0,0.0,1054.0
cntvaluein3-skew-locked-seed-38,pass,direct_max,idelay_dqs_cntvaluein,lane1,dqs1,4,endpoint,1,1376.0,1376.0,1376.0,1376.0,0.0,1376.0
cntvaluein3-skew-locked-seed-39,fail,direct_max,idelay_dqs_cntvaluein,lane1,dqs1,4,endpoint,1,1282.0,1282.0,1282.0,1282.0,0.0,1282.0
cntvaluein3-skew-locked-seed-40,pass,direct_max,idelay_dqs_cntvaluein,lane1,dqs1,4,endpoint,1,1008.0,1008.0,1008.0,1008.0,0.0,1008.0
cntvaluein3-skew-locked-seed-41,fail,direct_max,idelay_dqs_cntvaluein,lane1,dqs1,4,endpoint,1,1613.0,1613.0,1613.0,1613.0,0.0,1613.0
cntvaluein3-skew-locked-seed-42,pass,direct_max,idelay_dqs_cntvaluein,lane1,dqs1,4,endpoint,1,1258.0,1258.0,1258.0,1258.0,0.0,1258.0
cntvaluein3-skew-locked-seed-43,pass,direct_max,idelay_dqs_cntvaluein,lane1,dqs1,4,endpoint,1,612.0,612.0,612.0,612.0,0.0,612.0
cntvaluein3-skew-locked-seed-44,pass,direct_max,idelay_dqs_cntvaluein,lane1,dqs1,4,endpoint,1,796.0,796.0,796.0,796.0,0.0,796.0
cntvaluein3-skew-locked-seed-45,fail,direct_max,idelay_dqs_cntvaluein,lane1,dqs1,4,endpoint,1,656.0,656.0,656.0,656.0,0.0,656.0
cntvaluein3-skew-locked-seed-46,pass,direct_max,idelay_dqs_cntvaluein,lane1,dqs1,4,endpoint,1,1406.0,1406.0,1406.0,1406.0,0.0,1406.0
cntvaluein3-skew-locked-seed-47,pass,direct_max,idelay_dqs_cntvaluein,lane1,dqs1,4,endpoint,1,1370.0,1370.0,1370.0,1370.0,0.0,1370.0
cntvaluein3-skew-locked-seed-48,fail,direct_max,idelay_dqs_cntvaluein,lane1,dqs1,4,endpoint,1,970.0,970.0,970.0,970.0,0.0,970.0
cntvaluein3-skew-locked-seed-49,pass,direct_max,idelay_dqs_cntvaluein,lane1,dqs1,4,endpoint,1,1281.0,1281.0,1281.0,1281.0,0.0,1281.0
cntvaluein3-skew-locked-seed-50,fail,direct_max,idelay_dqs_cntvaluein,lane1,dqs1,4,endpoint,1,1375.0,1375.0,1375.0,1375.0,0.0,1375.0
cntvaluein3-skew-locked-seed-51,fail,direct_max,idelay_dqs_cntvaluein,lane1,dqs1,4,endpoint,1,580.0,580.0,580.0,580.0,0.0,580.0
cntvaluein3-skew-locked-seed-52,fail,direct_max,idelay_dqs_cntvaluein,lane1,dqs1,4,endpoint,1,1529.0,1529.0,1529.0,1529.0,0.0,1529.0
cntvaluein3-skew-locked-seed-53,fail,direct_max,idelay_dqs_cntvaluein,lane1,dqs1,4,endpoint,1,1177.0,1177.0,1177.0,1177.0,0.0,1177.0
cntvaluein3-skew-locked-seed-54,pass,direct_max,idelay_dqs_cntvaluein,lane1,dqs1,4,endpoint,1,1513.0,1513.0,1513.0,1513.0,0.0,1513.0
cntvaluein3-skew-locked-seed-55,pass,direct_max,idelay_dqs_cntvaluein,lane1,dqs1,4,endpoint,1,1432.0,1432.0,1432.0,1432.0,0.0,1432.0
cntvaluein3-skew-locked-seed-56,pass,direct_max,idelay_dqs_cntvaluein,lane1,dqs1,4,endpoint,1,1567.0,1567.0,1567.0,1567.0,0.0,1567.0
cntvaluein3-skew-locked-seed-57,pass,direct_max,idelay_dqs_cntvaluein,lane1,dqs1,4,endpoint,1,1501.0,1501.0,1501.0,1501.0,0.0,1501.0
cntvaluein3-skew-locked-seed-58,pass,direct_max,idelay_dqs_cntvaluein,lane1,dqs1,4,endpoint,1,1333.0,1333.0,1333.0,1333.0,0.0,1333.0
cntvaluein3-skew-locked-seed-59,pass,direct_max,idelay_dqs_cntvaluein,lane1,dqs1,4,endpoint,1,1748.0,1748.0,1748.0,1748.0,0.0,1748.0
cntvaluein3-skew-locked-seed-60,fail,direct_max,idelay_dqs_cntvaluein,lane1,dqs1,4,endpoint,1,1667.0,1667.0,1667.0,1667.0,0.0,1667.0
cntvaluein3-skew-locked-seed-31,pass,direct_max,idelay_ld,lane0,dq0,,endpoint,1,1213.0,1213.0,1213.0,1213.0,0.0,1213.0
cntvaluein3-skew-locked-seed-32,pass,direct_max,idelay_ld,lane0,dq0,,endpoint,1,1287.0,1287.0,1287.0,1287.0,0.0,1287.0
cntvaluein3-skew-locked-seed-33,fail,direct_max,idelay_ld,lane0,dq0,,endpoint,1,1521.0,1521.0,1521.0,1521.0,0.0,1521.0
cntvaluein3-skew-locked-seed-34,pass,direct_max,idelay_ld,lane0,dq0,,endpoint,1,1100.0,1100.0,1100.0,1100.0,0.0,1100.0
cntvaluein3-skew-locked-seed-35,pass,direct_max,idelay_ld,lane0,dq0,,endpoint,1,1422.0,1422.0,1422.0,1422.0,0.0,1422.0
cntvaluein3-skew-locked-seed-36,fail,direct_max,idelay_ld,lane0,dq0,,endpoint,1,1868.0,1868.0,1868.0,1868.0,0.0,1868.0
cntvaluein3-skew-locked-seed-37,pass,direct_max,idelay_ld,lane0,dq0,,endpoint,1,1524.0,1524.0,1524.0,1524.0,0.0,1524.0
cntvaluein3-skew-locked-seed-38,pass,direct_max,idelay_ld,lane0,dq0,,endpoint,1,1544.0,1544.0,1544.0,1544.0,0.0,1544.0
cntvaluein3-skew-locked-seed-39,fail,direct_max,idelay_ld,lane0,dq0,,endpoint,1,1468.0,1468.0,1468.0,1468.0,0.0,1468.0
cntvaluein3-skew-locked-seed-40,pass,direct_max,idelay_ld,lane0,dq0,,endpoint,1,1435.0,1435.0,1435.0,1435.0,0.0,1435.0
cntvaluein3-skew-locked-seed-41,fail,direct_max,idelay_ld,lane0,dq0,,endpoint,1,1626.0,1626.0,1626.0,1626.0,0.0,1626.0
cntvaluein3-skew-locked-seed-42,pass,direct_max,idelay_ld,lane0,dq0,,endpoint,1,2184.0,2184.0,2184.0,2184.0,0.0,2184.0
cntvaluein3-skew-locked-seed-43,pass,direct_max,idelay_ld,lane0,dq0,,endpoint,1,1671.0,1671.0,1671.0,1671.0,0.0,1671.0
cntvaluein3-skew-locked-seed-44,pass,direct_max,idelay_ld,lane0,dq0,,endpoint,1,1672.0,1672.0,1672.0,1672.0,0.0,1672.0
cntvaluein3-skew-locked-seed-45,fail,direct_max,idelay_ld,lane0,dq0,,endpoint,1,1567.0,1567.0,1567.0,1567.0,0.0,1567.0
cntvaluein3-skew-locked-seed-46,pass,direct_max,idelay_ld,lane0,dq0,,endpoint,1,1473.0,1473.0,1473.0,1473.0,0.0,1473.0
cntvaluein3-skew-locked-seed-47,pass,direct_max,idelay_ld,lane0,dq0,,endpoint,1,1524.0,1524.0,1524.0,1524.0,0.0,1524.0
cntvaluein3-skew-locked-seed-48,fail,direct_max,idelay_ld,lane0,dq0,,endpoint,1,1432.0,1432.0,1432.0,1432.0,0.0,1432.0
cntvaluein3-skew-locked-seed-49,pass,direct_max,idelay_ld,lane0,dq0,,endpoint,1,1735.0,1735.0,1735.0,1735.0,0.0,1735.0
cntvaluein3-skew-locked-seed-50,fail,direct_max,idelay_ld,lane0,dq0,,endpoint,1,1751.0,1751.0,1751.0,1751.0,0.0,1751.0
cntvaluein3-skew-locked-seed-51,fail,direct_max,idelay_ld,lane0,dq0,,endpoint,1,1215.0,1215.0,1215.0,1215.0,0.0,1215.0
cntvaluein3-skew-locked-seed-52,fail,direct_max,idelay_ld,lane0,dq0,,endpoint,1,1146.0,1146.0,1146.0,1146.0,0.0,1146.0
cntvaluein3-skew-locked-seed-53,fail,direct_max,idelay_ld,lane0,dq0,,endpoint,1,1226.0,1226.0,1226.0,1226.0,0.0,1226.0
cntvaluein3-skew-locked-seed-54,pass,direct_max,idelay_ld,lane0,dq0,,endpoint,1,1789.0,1789.0,1789.0,1789.0,0.0,1789.0
cntvaluein3-skew-locked-seed-55,pass,direct_max,idelay_ld,lane0,dq0,,endpoint,1,1606.0,1606.0,1606.0,1606.0,0.0,1606.0
cntvaluein3-skew-locked-seed-56,pass,direct_max,idelay_ld,lane0,dq0,,endpoint,1,1544.0,1544.0,1544.0,1544.0,0.0,1544.0
cntvaluein3-skew-locked-seed-57,pass,direct_max,idelay_ld,lane0,dq0,,endpoint,1,1366.0,1366.0,1366.0,1366.0,0.0,1366.0
cntvaluein3-skew-locked-seed-58,pass,direct_max,idelay_ld,lane0,dq0,,endpoint,1,1626.0,1626.0,1626.0,1626.0,0.0,1626.0
cntvaluein3-skew-locked-seed-59,pass,direct_max,idelay_ld,lane0,dq0,,endpoint,1,1444.0,1444.0,1444.0,1444.0,0.0,1444.0
cntvaluein3-skew-locked-seed-60,fail,direct_max,idelay_ld,lane0,dq0,,endpoint,1,1416.0,1416.0,1416.0,1416.0,0.0,1416.0
cntvaluein3-skew-locked-seed-31,pass,direct_max,idelay_ld,lane0,dq1,,endpoint,1,1386.0,1386.0,1386.0,1386.0,0.0,1386.0
cntvaluein3-skew-locked-seed-32,pass,direct_max,idelay_ld,lane0,dq1,,endpoint,1,1287.0,1287.0,1287.0,1287.0,0.0,1287.0
cntvaluein3-skew-locked-seed-33,fail,direct_max,idelay_ld,lane0,dq1,,endpoint,1,1611.0,1611.0,1611.0,1611.0,0.0,1611.0
cntvaluein3-skew-locked-seed-34,pass,direct_max,idelay_ld,lane0,dq1,,endpoint,1,1024.0,1024.0,1024.0,1024.0,0.0,1024.0
cntvaluein3-skew-locked-seed-35,pass,direct_max,idelay_ld,lane0,dq1,,endpoint,1,1513.0,1513.0,1513.0,1513.0,0.0,1513.0
cntvaluein3-skew-locked-seed-36,fail,direct_max,idelay_ld,lane0,dq1,,endpoint,1,1916.0,1916.0,1916.0,1916.0,0.0,1916.0
cntvaluein3-skew-locked-seed-37,pass,direct_max,idelay_ld,lane0,dq1,,endpoint,1,1616.0,1616.0,1616.0,1616.0,0.0,1616.0
cntvaluein3-skew-locked-seed-38,pass,direct_max,idelay_ld,lane0,dq1,,endpoint,1,1577.0,1577.0,1577.0,1577.0,0.0,1577.0
cntvaluein3-skew-locked-seed-39,fail,direct_max,idelay_ld,lane0,dq1,,endpoint,1,1605.0,1605.0,1605.0,1605.0,0.0,1605.0
cntvaluein3-skew-locked-seed-40,pass,direct_max,idelay_ld,lane0,dq1,,endpoint,1,1526.0,1526.0,1526.0,1526.0,0.0,1526.0
cntvaluein3-skew-locked-seed-41,fail,direct_max,idelay_ld,lane0,dq1,,endpoint,1,1717.0,1717.0,1717.0,1717.0,0.0,1717.0
cntvaluein3-skew-locked-seed-42,pass,direct_max,idelay_ld,lane0,dq1,,endpoint,1,2210.0,2210.0,2210.0,2210.0,0.0,2210.0
cntvaluein3-skew-locked-seed-43,pass,direct_max,idelay_ld,lane0,dq1,,endpoint,1,1613.0,1613.0,1613.0,1613.0,0.0,1613.0
cntvaluein3-skew-locked-seed-44,pass,direct_max,idelay_ld,lane0,dq1,,endpoint,1,1659.0,1659.0,1659.0,1659.0,0.0,1659.0
cntvaluein3-skew-locked-seed-45,fail,direct_max,idelay_ld,lane0,dq1,,endpoint,1,1616.0,1616.0,1616.0,1616.0,0.0,1616.0
cntvaluein3-skew-locked-seed-46,pass,direct_max,idelay_ld,lane0,dq1,,endpoint,1,1478.0,1478.0,1478.0,1478.0,0.0,1478.0
cntvaluein3-skew-locked-seed-47,pass,direct_max,idelay_ld,lane0,dq1,,endpoint,1,1616.0,1616.0,1616.0,1616.0,0.0,1616.0
cntvaluein3-skew-locked-seed-48,fail,direct_max,idelay_ld,lane0,dq1,,endpoint,1,1523.0,1523.0,1523.0,1523.0,0.0,1523.0
cntvaluein3-skew-locked-seed-49,pass,direct_max,idelay_ld,lane0,dq1,,endpoint,1,1820.0,1820.0,1820.0,1820.0,0.0,1820.0
cntvaluein3-skew-locked-seed-50,fail,direct_max,idelay_ld,lane0,dq1,,endpoint,1,1837.0,1837.0,1837.0,1837.0,0.0,1837.0
cntvaluein3-skew-locked-seed-51,fail,direct_max,idelay_ld,lane0,dq1,,endpoint,1,1182.0,1182.0,1182.0,1182.0,0.0,1182.0
cntvaluein3-skew-locked-seed-52,fail,direct_max,idelay_ld,lane0,dq1,,endpoint,1,1057.0,1057.0,1057.0,1057.0,0.0,1057.0
cntvaluein3-skew-locked-seed-53,fail,direct_max,idelay_ld,lane0,dq1,,endpoint,1,1312.0,1312.0,1312.0,1312.0,0.0,1312.0
cntvaluein3-skew-locked-seed-54,pass,direct_max,idelay_ld,lane0,dq1,,endpoint,1,1879.0,1879.0,1879.0,1879.0,0.0,1879.0
cntvaluein3-skew-locked-seed-55,pass,direct_max,idelay_ld,lane0,dq1,,endpoint,1,1743.0,1743.0,1743.0,1743.0,0.0,1743.0
cntvaluein3-skew-locked-seed-56,pass,direct_max,idelay_ld,lane0,dq1,,endpoint,1,1626.0,1626.0,1626.0,1626.0,0.0,1626.0
cntvaluein3-skew-locked-seed-57,pass,direct_max,idelay_ld,lane0,dq1,,endpoint,1,1445.0,1445.0,1445.0,1445.0,0.0,1445.0
cntvaluein3-skew-locked-seed-58,pass,direct_max,idelay_ld,lane0,dq1,,endpoint,1,1717.0,1717.0,1717.0,1717.0,0.0,1717.0
cntvaluein3-skew-locked-seed-59,pass,direct_max,idelay_ld,lane0,dq1,,endpoint,1,1529.0,1529.0,1529.0,1529.0,0.0,1529.0
cntvaluein3-skew-locked-seed-60,fail,direct_max,idelay_ld,lane0,dq1,,endpoint,1,1501.0,1501.0,1501.0,1501.0,0.0,1501.0
cntvaluein3-skew-locked-seed-31,pass,direct_max,idelay_ld,lane0,dq2,,endpoint,1,1480.0,1480.0,1480.0,1480.0,0.0,1480.0
cntvaluein3-skew-locked-seed-32,pass,direct_max,idelay_ld,lane0,dq2,,endpoint,1,1381.0,1381.0,1381.0,1381.0,0.0,1381.0
cntvaluein3-skew-locked-seed-33,fail,direct_max,idelay_ld,lane0,dq2,,endpoint,1,1705.0,1705.0,1705.0,1705.0,0.0,1705.0
cntvaluein3-skew-locked-seed-34,pass,direct_max,idelay_ld,lane0,dq2,,endpoint,1,1116.0,1116.0,1116.0,1116.0,0.0,1116.0
cntvaluein3-skew-locked-seed-35,pass,direct_max,idelay_ld,lane0,dq2,,endpoint,1,1605.0,1605.0,1605.0,1605.0,0.0,1605.0
cntvaluein3-skew-locked-seed-36,fail,direct_max,idelay_ld,lane0,dq2,,endpoint,1,1697.0,1697.0,1697.0,1697.0,0.0,1697.0
cntvaluein3-skew-locked-seed-37,pass,direct_max,idelay_ld,lane0,dq2,,endpoint,1,1708.0,1708.0,1708.0,1708.0,0.0,1708.0
cntvaluein3-skew-locked-seed-38,pass,direct_max,idelay_ld,lane0,dq2,,endpoint,1,1710.0,1710.0,1710.0,1710.0,0.0,1710.0
cntvaluein3-skew-locked-seed-39,fail,direct_max,idelay_ld,lane0,dq2,,endpoint,1,1379.0,1379.0,1379.0,1379.0,0.0,1379.0
cntvaluein3-skew-locked-seed-40,pass,direct_max,idelay_ld,lane0,dq2,,endpoint,1,1315.0,1315.0,1315.0,1315.0,0.0,1315.0
cntvaluein3-skew-locked-seed-41,fail,direct_max,idelay_ld,lane0,dq2,,endpoint,1,1434.0,1434.0,1434.0,1434.0,0.0,1434.0
cntvaluein3-skew-locked-seed-42,pass,direct_max,idelay_ld,lane0,dq2,,endpoint,1,1991.0,1991.0,1991.0,1991.0,0.0,1991.0
cntvaluein3-skew-locked-seed-43,pass,direct_max,idelay_ld,lane0,dq2,,endpoint,1,1452.0,1452.0,1452.0,1452.0,0.0,1452.0
cntvaluein3-skew-locked-seed-44,pass,direct_max,idelay_ld,lane0,dq2,,endpoint,1,1500.0,1500.0,1500.0,1500.0,0.0,1500.0
cntvaluein3-skew-locked-seed-45,fail,direct_max,idelay_ld,lane0,dq2,,endpoint,1,1396.0,1396.0,1396.0,1396.0,0.0,1396.0
cntvaluein3-skew-locked-seed-46,pass,direct_max,idelay_ld,lane0,dq2,,endpoint,1,1381.0,1381.0,1381.0,1381.0,0.0,1381.0
cntvaluein3-skew-locked-seed-47,pass,direct_max,idelay_ld,lane0,dq2,,endpoint,1,1708.0,1708.0,1708.0,1708.0,0.0,1708.0
cntvaluein3-skew-locked-seed-48,fail,direct_max,idelay_ld,lane0,dq2,,endpoint,1,1616.0,1616.0,1616.0,1616.0,0.0,1616.0
cntvaluein3-skew-locked-seed-49,pass,direct_max,idelay_ld,lane0,dq2,,endpoint,1,1912.0,1912.0,1912.0,1912.0,0.0,1912.0
cntvaluein3-skew-locked-seed-50,fail,direct_max,idelay_ld,lane0,dq2,,endpoint,1,1674.0,1674.0,1674.0,1674.0,0.0,1674.0
cntvaluein3-skew-locked-seed-51,fail,direct_max,idelay_ld,lane0,dq2,,endpoint,1,1139.0,1139.0,1139.0,1139.0,0.0,1139.0
cntvaluein3-skew-locked-seed-52,fail,direct_max,idelay_ld,lane0,dq2,,endpoint,1,1228.0,1228.0,1228.0,1228.0,0.0,1228.0
cntvaluein3-skew-locked-seed-53,fail,direct_max,idelay_ld,lane0,dq2,,endpoint,1,1230.0,1230.0,1230.0,1230.0,0.0,1230.0
cntvaluein3-skew-locked-seed-54,pass,direct_max,idelay_ld,lane0,dq2,,endpoint,1,1967.0,1967.0,1967.0,1967.0,0.0,1967.0
cntvaluein3-skew-locked-seed-55,pass,direct_max,idelay_ld,lane0,dq2,,endpoint,1,1769.0,1769.0,1769.0,1769.0,0.0,1769.0
cntvaluein3-skew-locked-seed-56,pass,direct_max,idelay_ld,lane0,dq2,,endpoint,1,1720.0,1720.0,1720.0,1720.0,0.0,1720.0
cntvaluein3-skew-locked-seed-57,pass,direct_max,idelay_ld,lane0,dq2,,endpoint,1,1439.0,1439.0,1439.0,1439.0,0.0,1439.0
cntvaluein3-skew-locked-seed-58,pass,direct_max,idelay_ld,lane0,dq2,,endpoint,1,1434.0,1434.0,1434.0,1434.0,0.0,1434.0
cntvaluein3-skew-locked-seed-59,pass,direct_max,idelay_ld,lane0,dq2,,endpoint,1,1621.0,1621.0,1621.0,1621.0,0.0,1621.0
cntvaluein3-skew-locked-seed-60,fail,direct_max,idelay_ld,lane0,dq2,,endpoint,1,1593.0,1593.0,1593.0,1593.0,0.0,1593.0
cntvaluein3-skew-locked-seed-31,pass,direct_max,idelay_ld,lane0,dq3,,endpoint,1,1192.0,1192.0,1192.0,1192.0,0.0,1192.0
cntvaluein3-skew-locked-seed-32,pass,direct_max,idelay_ld,lane0,dq3,,endpoint,1,1199.0,1199.0,1199.0,1199.0,0.0,1199.0
cntvaluein3-skew-locked-seed-33,fail,direct_max,idelay_ld,lane0,dq3,,endpoint,1,1235.0,1235.0,1235.0,1235.0,0.0,1235.0
cntvaluein3-skew-locked-seed-34,pass,direct_max,idelay_ld,lane0,dq3,,endpoint,1,1246.0,1246.0,1246.0,1246.0,0.0,1246.0
cntvaluein3-skew-locked-seed-35,pass,direct_max,idelay_ld,lane0,dq3,,endpoint,1,1417.0,1417.0,1417.0,1417.0,0.0,1417.0
cntvaluein3-skew-locked-seed-36,fail,direct_max,idelay_ld,lane0,dq3,,endpoint,1,1570.0,1570.0,1570.0,1570.0,0.0,1570.0
cntvaluein3-skew-locked-seed-37,pass,direct_max,idelay_ld,lane0,dq3,,endpoint,1,1455.0,1455.0,1455.0,1455.0,0.0,1455.0
cntvaluein3-skew-locked-seed-38,pass,direct_max,idelay_ld,lane0,dq3,,endpoint,1,1452.0,1452.0,1452.0,1452.0,0.0,1452.0
cntvaluein3-skew-locked-seed-39,fail,direct_max,idelay_ld,lane0,dq3,,endpoint,1,1159.0,1159.0,1159.0,1159.0,0.0,1159.0
cntvaluein3-skew-locked-seed-40,pass,direct_max,idelay_ld,lane0,dq3,,endpoint,1,1360.0,1360.0,1360.0,1360.0,0.0,1360.0
cntvaluein3-skew-locked-seed-41,fail,direct_max,idelay_ld,lane0,dq3,,endpoint,1,1473.0,1473.0,1473.0,1473.0,0.0,1473.0
cntvaluein3-skew-locked-seed-42,pass,direct_max,idelay_ld,lane0,dq3,,endpoint,1,1883.0,1883.0,1883.0,1883.0,0.0,1883.0
cntvaluein3-skew-locked-seed-43,pass,direct_max,idelay_ld,lane0,dq3,,endpoint,1,1524.0,1524.0,1524.0,1524.0,0.0,1524.0
cntvaluein3-skew-locked-seed-44,pass,direct_max,idelay_ld,lane0,dq3,,endpoint,1,1625.0,1625.0,1625.0,1625.0,0.0,1625.0
cntvaluein3-skew-locked-seed-45,fail,direct_max,idelay_ld,lane0,dq3,,endpoint,1,1271.0,1271.0,1271.0,1271.0,0.0,1271.0
cntvaluein3-skew-locked-seed-46,pass,direct_max,idelay_ld,lane0,dq3,,endpoint,1,1258.0,1258.0,1258.0,1258.0,0.0,1258.0
cntvaluein3-skew-locked-seed-47,pass,direct_max,idelay_ld,lane0,dq3,,endpoint,1,1455.0,1455.0,1455.0,1455.0,0.0,1455.0
cntvaluein3-skew-locked-seed-48,fail,direct_max,idelay_ld,lane0,dq3,,endpoint,1,1746.0,1746.0,1746.0,1746.0,0.0,1746.0
cntvaluein3-skew-locked-seed-49,pass,direct_max,idelay_ld,lane0,dq3,,endpoint,1,1575.0,1575.0,1575.0,1575.0,0.0,1575.0
cntvaluein3-skew-locked-seed-50,fail,direct_max,idelay_ld,lane0,dq3,,endpoint,1,1483.0,1483.0,1483.0,1483.0,0.0,1483.0
cntvaluein3-skew-locked-seed-51,fail,direct_max,idelay_ld,lane0,dq3,,endpoint,1,1126.0,1126.0,1126.0,1126.0,0.0,1126.0
cntvaluein3-skew-locked-seed-52,fail,direct_max,idelay_ld,lane0,dq3,,endpoint,1,1059.0,1059.0,1059.0,1059.0,0.0,1059.0
cntvaluein3-skew-locked-seed-53,fail,direct_max,idelay_ld,lane0,dq3,,endpoint,1,1282.0,1282.0,1282.0,1282.0,0.0,1282.0
cntvaluein3-skew-locked-seed-54,pass,direct_max,idelay_ld,lane0,dq3,,endpoint,1,1562.0,1562.0,1562.0,1562.0,0.0,1562.0
cntvaluein3-skew-locked-seed-55,pass,direct_max,idelay_ld,lane0,dq3,,endpoint,1,1616.0,1616.0,1616.0,1616.0,0.0,1616.0
cntvaluein3-skew-locked-seed-56,pass,direct_max,idelay_ld,lane0,dq3,,endpoint,1,1580.0,1580.0,1580.0,1580.0,0.0,1580.0
cntvaluein3-skew-locked-seed-57,pass,direct_max,idelay_ld,lane0,dq3,,endpoint,1,1246.0,1246.0,1246.0,1246.0,0.0,1246.0
cntvaluein3-skew-locked-seed-58,pass,direct_max,idelay_ld,lane0,dq3,,endpoint,1,1473.0,1473.0,1473.0,1473.0,0.0,1473.0
cntvaluein3-skew-locked-seed-59,pass,direct_max,idelay_ld,lane0,dq3,,endpoint,1,1159.0,1159.0,1159.0,1159.0,0.0,1159.0
cntvaluein3-skew-locked-seed-60,fail,direct_max,idelay_ld,lane0,dq3,,endpoint,1,1399.0,1399.0,1399.0,1399.0,0.0,1399.0
cntvaluein3-skew-locked-seed-31,pass,direct_max,idelay_ld,lane0,dq4,,endpoint,1,1472.0,1472.0,1472.0,1472.0,0.0,1472.0
cntvaluein3-skew-locked-seed-32,pass,direct_max,idelay_ld,lane0,dq4,,endpoint,1,1378.0,1378.0,1378.0,1378.0,0.0,1378.0
cntvaluein3-skew-locked-seed-33,fail,direct_max,idelay_ld,lane0,dq4,,endpoint,1,1697.0,1697.0,1697.0,1697.0,0.0,1697.0
cntvaluein3-skew-locked-seed-34,pass,direct_max,idelay_ld,lane0,dq4,,endpoint,1,1115.0,1115.0,1115.0,1115.0,0.0,1115.0
cntvaluein3-skew-locked-seed-35,pass,direct_max,idelay_ld,lane0,dq4,,endpoint,1,1603.0,1603.0,1603.0,1603.0,0.0,1603.0
cntvaluein3-skew-locked-seed-36,fail,direct_max,idelay_ld,lane0,dq4,,endpoint,1,1707.0,1707.0,1707.0,1707.0,0.0,1707.0
cntvaluein3-skew-locked-seed-37,pass,direct_max,idelay_ld,lane0,dq4,,endpoint,1,1618.0,1618.0,1618.0,1618.0,0.0,1618.0
cntvaluein3-skew-locked-seed-38,pass,direct_max,idelay_ld,lane0,dq4,,endpoint,1,1626.0,1626.0,1626.0,1626.0,0.0,1626.0
cntvaluein3-skew-locked-seed-39,fail,direct_max,idelay_ld,lane0,dq4,,endpoint,1,1297.0,1297.0,1297.0,1297.0,0.0,1297.0
cntvaluein3-skew-locked-seed-40,pass,direct_max,idelay_ld,lane0,dq4,,endpoint,1,1529.0,1529.0,1529.0,1529.0,0.0,1529.0
cntvaluein3-skew-locked-seed-41,fail,direct_max,idelay_ld,lane0,dq4,,endpoint,1,1718.0,1718.0,1718.0,1718.0,0.0,1718.0
cntvaluein3-skew-locked-seed-42,pass,direct_max,idelay_ld,lane0,dq4,,endpoint,1,2295.0,2295.0,2295.0,2295.0,0.0,2295.0
cntvaluein3-skew-locked-seed-43,pass,direct_max,idelay_ld,lane0,dq4,,endpoint,1,1661.0,1661.0,1661.0,1661.0,0.0,1661.0
cntvaluein3-skew-locked-seed-44,pass,direct_max,idelay_ld,lane0,dq4,,endpoint,1,1644.0,1644.0,1644.0,1644.0,0.0,1644.0
cntvaluein3-skew-locked-seed-45,fail,direct_max,idelay_ld,lane0,dq4,,endpoint,1,1700.0,1700.0,1700.0,1700.0,0.0,1700.0
cntvaluein3-skew-locked-seed-46,pass,direct_max,idelay_ld,lane0,dq4,,endpoint,1,1562.0,1562.0,1562.0,1562.0,0.0,1562.0
cntvaluein3-skew-locked-seed-47,pass,direct_max,idelay_ld,lane0,dq4,,endpoint,1,1618.0,1618.0,1618.0,1618.0,0.0,1618.0
cntvaluein3-skew-locked-seed-48,fail,direct_max,idelay_ld,lane0,dq4,,endpoint,1,1524.0,1524.0,1524.0,1524.0,0.0,1524.0
cntvaluein3-skew-locked-seed-49,pass,direct_max,idelay_ld,lane0,dq4,,endpoint,1,1904.0,1904.0,1904.0,1904.0,0.0,1904.0
cntvaluein3-skew-locked-seed-50,fail,direct_max,idelay_ld,lane0,dq4,,endpoint,1,1922.0,1922.0,1922.0,1922.0,0.0,1922.0
cntvaluein3-skew-locked-seed-51,fail,direct_max,idelay_ld,lane0,dq4,,endpoint,1,1307.0,1307.0,1307.0,1307.0,0.0,1307.0
cntvaluein3-skew-locked-seed-52,fail,direct_max,idelay_ld,lane0,dq4,,endpoint,1,1139.0,1139.0,1139.0,1139.0,0.0,1139.0
cntvaluein3-skew-locked-seed-53,fail,direct_max,idelay_ld,lane0,dq4,,endpoint,1,1146.0,1146.0,1146.0,1146.0,0.0,1146.0
cntvaluein3-skew-locked-seed-54,pass,direct_max,idelay_ld,lane0,dq4,,endpoint,1,1881.0,1881.0,1881.0,1881.0,0.0,1881.0
cntvaluein3-skew-locked-seed-55,pass,direct_max,idelay_ld,lane0,dq4,,endpoint,1,1722.0,1722.0,1722.0,1722.0,0.0,1722.0
cntvaluein3-skew-locked-seed-56,pass,direct_max,idelay_ld,lane0,dq4,,endpoint,1,1710.0,1710.0,1710.0,1710.0,0.0,1710.0
cntvaluein3-skew-locked-seed-57,pass,direct_max,idelay_ld,lane0,dq4,,endpoint,1,1529.0,1529.0,1529.0,1529.0,0.0,1529.0
cntvaluein3-skew-locked-seed-58,pass,direct_max,idelay_ld,lane0,dq4,,endpoint,1,1718.0,1718.0,1718.0,1718.0,0.0,1718.0
cntvaluein3-skew-locked-seed-59,pass,direct_max,idelay_ld,lane0,dq4,,endpoint,1,1620.0,1620.0,1620.0,1620.0,0.0,1620.0
cntvaluein3-skew-locked-seed-60,fail,direct_max,idelay_ld,lane0,dq4,,endpoint,1,1508.0,1508.0,1508.0,1508.0,0.0,1508.0
cntvaluein3-skew-locked-seed-31,pass,direct_max,idelay_ld,lane0,dq5,,endpoint,1,1302.0,1302.0,1302.0,1302.0,0.0,1302.0
cntvaluein3-skew-locked-seed-32,pass,direct_max,idelay_ld,lane0,dq5,,endpoint,1,1289.0,1289.0,1289.0,1289.0,0.0,1289.0
cntvaluein3-skew-locked-seed-33,fail,direct_max,idelay_ld,lane0,dq5,,endpoint,1,1320.0,1320.0,1320.0,1320.0,0.0,1320.0
cntvaluein3-skew-locked-seed-34,pass,direct_max,idelay_ld,lane0,dq5,,endpoint,1,1338.0,1338.0,1338.0,1338.0,0.0,1338.0
cntvaluein3-skew-locked-seed-35,pass,direct_max,idelay_ld,lane0,dq5,,endpoint,1,1425.0,1425.0,1425.0,1425.0,0.0,1425.0
cntvaluein3-skew-locked-seed-36,fail,direct_max,idelay_ld,lane0,dq5,,endpoint,1,1623.0,1623.0,1623.0,1623.0,0.0,1623.0
cntvaluein3-skew-locked-seed-37,pass,direct_max,idelay_ld,lane0,dq5,,endpoint,1,1363.0,1363.0,1363.0,1363.0,0.0,1363.0
cntvaluein3-skew-locked-seed-38,pass,direct_max,idelay_ld,lane0,dq5,,endpoint,1,1542.0,1542.0,1542.0,1542.0,0.0,1542.0
cntvaluein3-skew-locked-seed-39,fail,direct_max,idelay_ld,lane0,dq5,,endpoint,1,1241.0,1241.0,1241.0,1241.0,0.0,1241.0
cntvaluein3-skew-locked-seed-40,pass,direct_max,idelay_ld,lane0,dq5,,endpoint,1,1450.0,1450.0,1450.0,1450.0,0.0,1450.0
cntvaluein3-skew-locked-seed-41,fail,direct_max,idelay_ld,lane0,dq5,,endpoint,1,1496.0,1496.0,1496.0,1496.0,0.0,1496.0
cntvaluein3-skew-locked-seed-42,pass,direct_max,idelay_ld,lane0,dq5,,endpoint,1,1968.0,1968.0,1968.0,1968.0,0.0,1968.0
cntvaluein3-skew-locked-seed-43,pass,direct_max,idelay_ld,lane0,dq5,,endpoint,1,1608.0,1608.0,1608.0,1608.0,0.0,1608.0
cntvaluein3-skew-locked-seed-44,pass,direct_max,idelay_ld,lane0,dq5,,endpoint,1,1363.0,1363.0,1363.0,1363.0,0.0,1363.0
cntvaluein3-skew-locked-seed-45,fail,direct_max,idelay_ld,lane0,dq5,,endpoint,1,1259.0,1259.0,1259.0,1259.0,0.0,1259.0
cntvaluein3-skew-locked-seed-46,pass,direct_max,idelay_ld,lane0,dq5,,endpoint,1,1235.0,1235.0,1235.0,1235.0,0.0,1235.0
cntvaluein3-skew-locked-seed-47,pass,direct_max,idelay_ld,lane0,dq5,,endpoint,1,1363.0,1363.0,1363.0,1363.0,0.0,1363.0
cntvaluein3-skew-locked-seed-48,fail,direct_max,idelay_ld,lane0,dq5,,endpoint,1,1753.0,1753.0,1753.0,1753.0,0.0,1753.0
cntvaluein3-skew-locked-seed-49,pass,direct_max,idelay_ld,lane0,dq5,,endpoint,1,1666.0,1666.0,1666.0,1666.0,0.0,1666.0
cntvaluein3-skew-locked-seed-50,fail,direct_max,idelay_ld,lane0,dq5,,endpoint,1,1567.0,1567.0,1567.0,1567.0,0.0,1567.0
cntvaluein3-skew-locked-seed-51,fail,direct_max,idelay_ld,lane0,dq5,,endpoint,1,1179.0,1179.0,1179.0,1179.0,0.0,1179.0
cntvaluein3-skew-locked-seed-52,fail,direct_max,idelay_ld,lane0,dq5,,endpoint,1,1064.0,1064.0,1064.0,1064.0,0.0,1064.0
cntvaluein3-skew-locked-seed-53,fail,direct_max,idelay_ld,lane0,dq5,,endpoint,1,1368.0,1368.0,1368.0,1368.0,0.0,1368.0
cntvaluein3-skew-locked-seed-54,pass,direct_max,idelay_ld,lane0,dq5,,endpoint,1,1434.0,1434.0,1434.0,1434.0,0.0,1434.0
cntvaluein3-skew-locked-seed-55,pass,direct_max,idelay_ld,lane0,dq5,,endpoint,1,1613.0,1613.0,1613.0,1613.0,0.0,1613.0
cntvaluein3-skew-locked-seed-56,pass,direct_max,idelay_ld,lane0,dq5,,endpoint,1,1671.0,1671.0,1671.0,1671.0,0.0,1671.0
cntvaluein3-skew-locked-seed-57,pass,direct_max,idelay_ld,lane0,dq5,,endpoint,1,1159.0,1159.0,1159.0,1159.0,0.0,1159.0
cntvaluein3-skew-locked-seed-58,pass,direct_max,idelay_ld,lane0,dq5,,endpoint,1,1496.0,1496.0,1496.0,1496.0,0.0,1496.0
cntvaluein3-skew-locked-seed-59,pass,direct_max,idelay_ld,lane0,dq5,,endpoint,1,1241.0,1241.0,1241.0,1241.0,0.0,1241.0
cntvaluein3-skew-locked-seed-60,fail,direct_max,idelay_ld,lane0,dq5,,endpoint,1,1455.0,1455.0,1455.0,1455.0,0.0,1455.0
cntvaluein3-skew-locked-seed-31,pass,direct_max,idelay_ld,lane0,dq6,,endpoint,1,1157.0,1157.0,1157.0,1157.0,0.0,1157.0
cntvaluein3-skew-locked-seed-32,pass,direct_max,idelay_ld,lane0,dq6,,endpoint,1,1473.0,1473.0,1473.0,1473.0,0.0,1473.0
cntvaluein3-skew-locked-seed-33,fail,direct_max,idelay_ld,lane0,dq6,,endpoint,1,1230.0,1230.0,1230.0,1230.0,0.0,1230.0
cntvaluein3-skew-locked-seed-34,pass,direct_max,idelay_ld,lane0,dq6,,endpoint,1,1057.0,1057.0,1057.0,1057.0,0.0,1057.0
cntvaluein3-skew-locked-seed-35,pass,direct_max,idelay_ld,lane0,dq6,,endpoint,1,1473.0,1473.0,1473.0,1473.0,0.0,1473.0
cntvaluein3-skew-locked-seed-36,fail,direct_max,idelay_ld,lane0,dq6,,endpoint,1,1753.0,1753.0,1753.0,1753.0,0.0,1753.0
cntvaluein3-skew-locked-seed-37,pass,direct_max,idelay_ld,lane0,dq6,,endpoint,1,1366.0,1366.0,1366.0,1366.0,0.0,1366.0
cntvaluein3-skew-locked-seed-38,pass,direct_max,idelay_ld,lane0,dq6,,endpoint,1,1350.0,1350.0,1350.0,1350.0,0.0,1350.0
cntvaluein3-skew-locked-seed-39,fail,direct_max,idelay_ld,lane0,dq6,,endpoint,1,1473.0,1473.0,1473.0,1473.0,0.0,1473.0
cntvaluein3-skew-locked-seed-40,pass,direct_max,idelay_ld,lane0,dq6,,endpoint,1,1235.0,1235.0,1235.0,1235.0,0.0,1235.0
cntvaluein3-skew-locked-seed-41,fail,direct_max,idelay_ld,lane0,dq6,,endpoint,1,1439.0,1439.0,1439.0,1439.0,0.0,1439.0
cntvaluein3-skew-locked-seed-42,pass,direct_max,idelay_ld,lane0,dq6,,endpoint,1,2046.0,2046.0,2046.0,2046.0,0.0,2046.0
cntvaluein3-skew-locked-seed-43,pass,direct_max,idelay_ld,lane0,dq6,,endpoint,1,1360.0,1360.0,1360.0,1360.0,0.0,1360.0
cntvaluein3-skew-locked-seed-44,pass,direct_max,idelay_ld,lane0,dq6,,endpoint,1,1407.0,1407.0,1407.0,1407.0,0.0,1407.0
cntvaluein3-skew-locked-seed-45,fail,direct_max,idelay_ld,lane0,dq6,,endpoint,1,1488.0,1488.0,1488.0,1488.0,0.0,1488.0
cntvaluein3-skew-locked-seed-46,pass,direct_max,idelay_ld,lane0,dq6,,endpoint,1,1378.0,1378.0,1378.0,1378.0,0.0,1378.0
cntvaluein3-skew-locked-seed-47,pass,direct_max,idelay_ld,lane0,dq6,,endpoint,1,1802.0,1802.0,1802.0,1802.0,0.0,1802.0
cntvaluein3-skew-locked-seed-48,fail,direct_max,idelay_ld,lane0,dq6,,endpoint,1,1708.0,1708.0,1708.0,1708.0,0.0,1708.0
cntvaluein3-skew-locked-seed-49,pass,direct_max,idelay_ld,lane0,dq6,,endpoint,1,1582.0,1582.0,1582.0,1582.0,0.0,1582.0
cntvaluein3-skew-locked-seed-50,fail,direct_max,idelay_ld,lane0,dq6,,endpoint,1,1620.0,1620.0,1620.0,1620.0,0.0,1620.0
cntvaluein3-skew-locked-seed-51,fail,direct_max,idelay_ld,lane0,dq6,,endpoint,1,1231.0,1231.0,1231.0,1231.0,0.0,1231.0
cntvaluein3-skew-locked-seed-52,fail,direct_max,idelay_ld,lane0,dq6,,endpoint,1,1320.0,1320.0,1320.0,1320.0,0.0,1320.0
cntvaluein3-skew-locked-seed-53,fail,direct_max,idelay_ld,lane0,dq6,,endpoint,1,1324.0,1324.0,1324.0,1324.0,0.0,1324.0
cntvaluein3-skew-locked-seed-54,pass,direct_max,idelay_ld,lane0,dq6,,endpoint,1,2059.0,2059.0,2059.0,2059.0,0.0,2059.0
cntvaluein3-skew-locked-seed-55,pass,direct_max,idelay_ld,lane0,dq6,,endpoint,1,1865.0,1865.0,1865.0,1865.0,0.0,1865.0
cntvaluein3-skew-locked-seed-56,pass,direct_max,idelay_ld,lane0,dq6,,endpoint,1,1661.0,1661.0,1661.0,1661.0,0.0,1661.0
cntvaluein3-skew-locked-seed-57,pass,direct_max,idelay_ld,lane0,dq6,,endpoint,1,1531.0,1531.0,1531.0,1531.0,0.0,1531.0
cntvaluein3-skew-locked-seed-58,pass,direct_max,idelay_ld,lane0,dq6,,endpoint,1,1455.0,1455.0,1455.0,1455.0,0.0,1455.0
cntvaluein3-skew-locked-seed-59,pass,direct_max,idelay_ld,lane0,dq6,,endpoint,1,1493.0,1493.0,1493.0,1493.0,0.0,1493.0
cntvaluein3-skew-locked-seed-60,fail,direct_max,idelay_ld,lane0,dq6,,endpoint,1,1572.0,1572.0,1572.0,1572.0,0.0,1572.0
cntvaluein3-skew-locked-seed-31,pass,direct_max,idelay_ld,lane0,dq7,,endpoint,1,1565.0,1565.0,1565.0,1565.0,0.0,1565.0
cntvaluein3-skew-locked-seed-32,pass,direct_max,idelay_ld,lane0,dq7,,endpoint,1,1472.0,1472.0,1472.0,1472.0,0.0,1472.0
cntvaluein3-skew-locked-seed-33,fail,direct_max,idelay_ld,lane0,dq7,,endpoint,1,1789.0,1789.0,1789.0,1789.0,0.0,1789.0
cntvaluein3-skew-locked-seed-34,pass,direct_max,idelay_ld,lane0,dq7,,endpoint,1,1207.0,1207.0,1207.0,1207.0,0.0,1207.0
cntvaluein3-skew-locked-seed-35,pass,direct_max,idelay_ld,lane0,dq7,,endpoint,1,1697.0,1697.0,1697.0,1697.0,0.0,1697.0
cntvaluein3-skew-locked-seed-36,fail,direct_max,idelay_ld,lane0,dq7,,endpoint,1,1616.0,1616.0,1616.0,1616.0,0.0,1616.0
cntvaluein3-skew-locked-seed-37,pass,direct_max,idelay_ld,lane0,dq7,,endpoint,1,1501.0,1501.0,1501.0,1501.0,0.0,1501.0
cntvaluein3-skew-locked-seed-38,pass,direct_max,idelay_ld,lane0,dq7,,endpoint,1,1794.0,1794.0,1794.0,1794.0,0.0,1794.0
cntvaluein3-skew-locked-seed-39,fail,direct_max,idelay_ld,lane0,dq7,,endpoint,1,1470.0,1470.0,1470.0,1470.0,0.0,1470.0
cntvaluein3-skew-locked-seed-40,pass,direct_max,idelay_ld,lane0,dq7,,endpoint,1,1233.0,1233.0,1233.0,1233.0,0.0,1233.0
cntvaluein3-skew-locked-seed-41,fail,direct_max,idelay_ld,lane0,dq7,,endpoint,1,1812.0,1812.0,1812.0,1812.0,0.0,1812.0
cntvaluein3-skew-locked-seed-42,pass,direct_max,idelay_ld,lane0,dq7,,endpoint,1,2042.0,2042.0,2042.0,2042.0,0.0,2042.0
cntvaluein3-skew-locked-seed-43,pass,direct_max,idelay_ld,lane0,dq7,,endpoint,1,1506.0,1506.0,1506.0,1506.0,0.0,1506.0
cntvaluein3-skew-locked-seed-44,pass,direct_max,idelay_ld,lane0,dq7,,endpoint,1,1552.0,1552.0,1552.0,1552.0,0.0,1552.0
cntvaluein3-skew-locked-seed-45,fail,direct_max,idelay_ld,lane0,dq7,,endpoint,1,1570.0,1570.0,1570.0,1570.0,0.0,1570.0
cntvaluein3-skew-locked-seed-46,pass,direct_max,idelay_ld,lane0,dq7,,endpoint,1,1656.0,1656.0,1656.0,1656.0,0.0,1656.0
cntvaluein3-skew-locked-seed-47,pass,direct_max,idelay_ld,lane0,dq7,,endpoint,1,1501.0,1501.0,1501.0,1501.0,0.0,1501.0
cntvaluein3-skew-locked-seed-48,fail,direct_max,idelay_ld,lane0,dq7,,endpoint,1,1618.0,1618.0,1618.0,1618.0,0.0,1618.0
cntvaluein3-skew-locked-seed-49,pass,direct_max,idelay_ld,lane0,dq7,,endpoint,1,1669.0,1669.0,1669.0,1669.0,0.0,1669.0
cntvaluein3-skew-locked-seed-50,fail,direct_max,idelay_ld,lane0,dq7,,endpoint,1,2015.0,2015.0,2015.0,2015.0,0.0,2015.0
cntvaluein3-skew-locked-seed-51,fail,direct_max,idelay_ld,lane0,dq7,,endpoint,1,1223.0,1223.0,1223.0,1223.0,0.0,1223.0
cntvaluein3-skew-locked-seed-52,fail,direct_max,idelay_ld,lane0,dq7,,endpoint,1,1312.0,1312.0,1312.0,1312.0,0.0,1312.0
cntvaluein3-skew-locked-seed-53,fail,direct_max,idelay_ld,lane0,dq7,,endpoint,1,1240.0,1240.0,1240.0,1240.0,0.0,1240.0
cntvaluein3-skew-locked-seed-54,pass,direct_max,idelay_ld,lane0,dq7,,endpoint,1,2058.0,2058.0,2058.0,2058.0,0.0,2058.0
cntvaluein3-skew-locked-seed-55,pass,direct_max,idelay_ld,lane0,dq7,,endpoint,1,1603.0,1603.0,1603.0,1603.0,0.0,1603.0
cntvaluein3-skew-locked-seed-56,pass,direct_max,idelay_ld,lane0,dq7,,endpoint,1,1748.0,1748.0,1748.0,1748.0,0.0,1748.0
cntvaluein3-skew-locked-seed-57,pass,direct_max,idelay_ld,lane0,dq7,,endpoint,1,1524.0,1524.0,1524.0,1524.0,0.0,1524.0
cntvaluein3-skew-locked-seed-58,pass,direct_max,idelay_ld,lane0,dq7,,endpoint,1,1519.0,1519.0,1519.0,1519.0,0.0,1519.0
cntvaluein3-skew-locked-seed-59,pass,direct_max,idelay_ld,lane0,dq7,,endpoint,1,1495.0,1495.0,1495.0,1495.0,0.0,1495.0
cntvaluein3-skew-locked-seed-60,fail,direct_max,idelay_ld,lane0,dq7,,endpoint,1,1661.0,1661.0,1661.0,1661.0,0.0,1661.0
cntvaluein3-skew-locked-seed-31,pass,direct_max,idelay_ld,lane0,dqs0,,endpoint,1,1213.0,1213.0,1213.0,1213.0,0.0,1213.0
cntvaluein3-skew-locked-seed-32,pass,direct_max,idelay_ld,lane0,dqs0,,endpoint,1,1567.0,1567.0,1567.0,1567.0,0.0,1567.0
cntvaluein3-skew-locked-seed-33,fail,direct_max,idelay_ld,lane0,dqs0,,endpoint,1,1289.0,1289.0,1289.0,1289.0,0.0,1289.0
cntvaluein3-skew-locked-seed-34,pass,direct_max,idelay_ld,lane0,dqs0,,endpoint,1,1161.0,1161.0,1161.0,1161.0,0.0,1161.0
cntvaluein3-skew-locked-seed-35,pass,direct_max,idelay_ld,lane0,dqs0,,endpoint,1,1332.0,1332.0,1332.0,1332.0,0.0,1332.0
cntvaluein3-skew-locked-seed-36,fail,direct_max,idelay_ld,lane0,dqs0,,endpoint,1,1779.0,1779.0,1779.0,1779.0,0.0,1779.0
cntvaluein3-skew-locked-seed-37,pass,direct_max,idelay_ld,lane0,dqs0,,endpoint,1,1447.0,1447.0,1447.0,1447.0,0.0,1447.0
cntvaluein3-skew-locked-seed-38,pass,direct_max,idelay_ld,lane0,dqs0,,endpoint,1,1444.0,1444.0,1444.0,1444.0,0.0,1444.0
cntvaluein3-skew-locked-seed-39,fail,direct_max,idelay_ld,lane0,dqs0,,endpoint,1,1248.0,1248.0,1248.0,1248.0,0.0,1248.0
cntvaluein3-skew-locked-seed-40,pass,direct_max,idelay_ld,lane0,dqs0,,endpoint,1,1327.0,1327.0,1327.0,1327.0,0.0,1327.0
cntvaluein3-skew-locked-seed-41,fail,direct_max,idelay_ld,lane0,dqs0,,endpoint,1,1531.0,1531.0,1531.0,1531.0,0.0,1531.0
cntvaluein3-skew-locked-seed-42,pass,direct_max,idelay_ld,lane0,dqs0,,endpoint,1,1965.0,1965.0,1965.0,1965.0,0.0,1965.0
cntvaluein3-skew-locked-seed-43,pass,direct_max,idelay_ld,lane0,dqs0,,endpoint,1,1475.0,1475.0,1475.0,1475.0,0.0,1475.0
cntvaluein3-skew-locked-seed-44,pass,direct_max,idelay_ld,lane0,dqs0,,endpoint,1,1523.0,1523.0,1523.0,1523.0,0.0,1523.0
cntvaluein3-skew-locked-seed-45,fail,direct_max,idelay_ld,lane0,dqs0,,endpoint,1,1351.0,1351.0,1351.0,1351.0,0.0,1351.0
cntvaluein3-skew-locked-seed-46,pass,direct_max,idelay_ld,lane0,dqs0,,endpoint,1,1470.0,1470.0,1470.0,1470.0,0.0,1470.0
cntvaluein3-skew-locked-seed-47,pass,direct_max,idelay_ld,lane0,dqs0,,endpoint,1,1536.0,1536.0,1536.0,1536.0,0.0,1536.0
cntvaluein3-skew-locked-seed-48,fail,direct_max,idelay_ld,lane0,dqs0,,endpoint,1,1835.0,1835.0,1835.0,1835.0,0.0,1835.0
cntvaluein3-skew-locked-seed-49,pass,direct_max,idelay_ld,lane0,dqs0,,endpoint,1,1662.0,1662.0,1662.0,1662.0,0.0,1662.0
cntvaluein3-skew-locked-seed-50,fail,direct_max,idelay_ld,lane0,dqs0,,endpoint,1,1570.0,1570.0,1570.0,1570.0,0.0,1570.0
cntvaluein3-skew-locked-seed-51,fail,direct_max,idelay_ld,lane0,dqs0,,endpoint,1,1179.0,1179.0,1179.0,1179.0,0.0,1179.0
cntvaluein3-skew-locked-seed-52,fail,direct_max,idelay_ld,lane0,dqs0,,endpoint,1,1148.0,1148.0,1148.0,1148.0,0.0,1148.0
cntvaluein3-skew-locked-seed-53,fail,direct_max,idelay_ld,lane0,dqs0,,endpoint,1,1417.0,1417.0,1417.0,1417.0,0.0,1417.0
cntvaluein3-skew-locked-seed-54,pass,direct_max,idelay_ld,lane0,dqs0,,endpoint,1,2153.0,2153.0,2153.0,2153.0,0.0,2153.0
cntvaluein3-skew-locked-seed-55,pass,direct_max,idelay_ld,lane0,dqs0,,endpoint,1,1957.0,1957.0,1957.0,1957.0,0.0,1957.0
cntvaluein3-skew-locked-seed-56,pass,direct_max,idelay_ld,lane0,dqs0,,endpoint,1,1661.0,1661.0,1661.0,1661.0,0.0,1661.0
cntvaluein3-skew-locked-seed-57,pass,direct_max,idelay_ld,lane0,dqs0,,endpoint,1,1251.0,1251.0,1251.0,1251.0,0.0,1251.0
cntvaluein3-skew-locked-seed-58,pass,direct_max,idelay_ld,lane0,dqs0,,endpoint,1,1588.0,1588.0,1588.0,1588.0,0.0,1588.0
cntvaluein3-skew-locked-seed-59,pass,direct_max,idelay_ld,lane0,dqs0,,endpoint,1,1248.0,1248.0,1248.0,1248.0,0.0,1248.0
cntvaluein3-skew-locked-seed-60,fail,direct_max,idelay_ld,lane0,dqs0,,endpoint,1,1577.0,1577.0,1577.0,1577.0,0.0,1577.0
cntvaluein3-skew-locked-seed-31,pass,direct_max,idelay_ld,lane1,dq10,,endpoint,1,990.0,990.0,990.0,990.0,0.0,990.0
cntvaluein3-skew-locked-seed-32,pass,direct_max,idelay_ld,lane1,dq10,,endpoint,1,1294.0,1294.0,1294.0,1294.0,0.0,1294.0
cntvaluein3-skew-locked-seed-33,fail,direct_max,idelay_ld,lane1,dq10,,endpoint,1,1024.0,1024.0,1024.0,1024.0,0.0,1024.0
cntvaluein3-skew-locked-seed-34,pass,direct_max,idelay_ld,lane1,dq10,,endpoint,1,1212.0,1212.0,1212.0,1212.0,0.0,1212.0
cntvaluein3-skew-locked-seed-35,pass,direct_max,idelay_ld,lane1,dq10,,endpoint,1,1407.0,1407.0,1407.0,1407.0,0.0,1407.0
cntvaluein3-skew-locked-seed-36,fail,direct_max,idelay_ld,lane1,dq10,,endpoint,1,1559.0,1559.0,1559.0,1559.0,0.0,1559.0
cntvaluein3-skew-locked-seed-37,pass,direct_max,idelay_ld,lane1,dq10,,endpoint,1,1554.0,1554.0,1554.0,1554.0,0.0,1554.0
cntvaluein3-skew-locked-seed-38,pass,direct_max,idelay_ld,lane1,dq10,,endpoint,1,1319.0,1319.0,1319.0,1319.0,0.0,1319.0
cntvaluein3-skew-locked-seed-39,fail,direct_max,idelay_ld,lane1,dq10,,endpoint,1,1125.0,1125.0,1125.0,1125.0,0.0,1125.0
cntvaluein3-skew-locked-seed-40,pass,direct_max,idelay_ld,lane1,dq10,,endpoint,1,1324.0,1324.0,1324.0,1324.0,0.0,1324.0
cntvaluein3-skew-locked-seed-41,fail,direct_max,idelay_ld,lane1,dq10,,endpoint,1,1422.0,1422.0,1422.0,1422.0,0.0,1422.0
cntvaluein3-skew-locked-seed-42,pass,direct_max,idelay_ld,lane1,dq10,,endpoint,1,1700.0,1700.0,1700.0,1700.0,0.0,1700.0
cntvaluein3-skew-locked-seed-43,pass,direct_max,idelay_ld,lane1,dq10,,endpoint,1,1325.0,1325.0,1325.0,1325.0,0.0,1325.0
cntvaluein3-skew-locked-seed-44,pass,direct_max,idelay_ld,lane1,dq10,,endpoint,1,1472.0,1472.0,1472.0,1472.0,0.0,1472.0
cntvaluein3-skew-locked-seed-45,fail,direct_max,idelay_ld,lane1,dq10,,endpoint,1,1353.0,1353.0,1353.0,1353.0,0.0,1353.0
cntvaluein3-skew-locked-seed-46,pass,direct_max,idelay_ld,lane1,dq10,,endpoint,1,1598.0,1598.0,1598.0,1598.0,0.0,1598.0
cntvaluein3-skew-locked-seed-47,pass,direct_max,idelay_ld,lane1,dq10,,endpoint,1,1455.0,1455.0,1455.0,1455.0,0.0,1455.0
cntvaluein3-skew-locked-seed-48,fail,direct_max,idelay_ld,lane1,dq10,,endpoint,1,1215.0,1215.0,1215.0,1215.0,0.0,1215.0
cntvaluein3-skew-locked-seed-49,pass,direct_max,idelay_ld,lane1,dq10,,endpoint,1,1511.0,1511.0,1511.0,1511.0,0.0,1511.0
cntvaluein3-skew-locked-seed-50,fail,direct_max,idelay_ld,lane1,dq10,,endpoint,1,1478.0,1478.0,1478.0,1478.0,0.0,1478.0
cntvaluein3-skew-locked-seed-51,fail,direct_max,idelay_ld,lane1,dq10,,endpoint,1,1312.0,1312.0,1312.0,1312.0,0.0,1312.0
cntvaluein3-skew-locked-seed-52,fail,direct_max,idelay_ld,lane1,dq10,,endpoint,1,1310.0,1310.0,1310.0,1310.0,0.0,1310.0
cntvaluein3-skew-locked-seed-53,fail,direct_max,idelay_ld,lane1,dq10,,endpoint,1,1700.0,1700.0,1700.0,1700.0,0.0,1700.0
cntvaluein3-skew-locked-seed-54,pass,direct_max,idelay_ld,lane1,dq10,,endpoint,1,1095.0,1095.0,1095.0,1095.0,0.0,1095.0
cntvaluein3-skew-locked-seed-55,pass,direct_max,idelay_ld,lane1,dq10,,endpoint,1,1314.0,1314.0,1314.0,1314.0,0.0,1314.0
cntvaluein3-skew-locked-seed-56,pass,direct_max,idelay_ld,lane1,dq10,,endpoint,1,1618.0,1618.0,1618.0,1618.0,0.0,1618.0
cntvaluein3-skew-locked-seed-57,pass,direct_max,idelay_ld,lane1,dq10,,endpoint,1,1393.0,1393.0,1393.0,1393.0,0.0,1393.0
cntvaluein3-skew-locked-seed-58,pass,direct_max,idelay_ld,lane1,dq10,,endpoint,1,1511.0,1511.0,1511.0,1511.0,0.0,1511.0
cntvaluein3-skew-locked-seed-59,pass,direct_max,idelay_ld,lane1,dq10,,endpoint,1,1305.0,1305.0,1305.0,1305.0,0.0,1305.0
cntvaluein3-skew-locked-seed-60,fail,direct_max,idelay_ld,lane1,dq10,,endpoint,1,1544.0,1544.0,1544.0,1544.0,0.0,1544.0
cntvaluein3-skew-locked-seed-31,pass,direct_max,idelay_ld,lane1,dq11,,endpoint,1,958.0,958.0,958.0,958.0,0.0,958.0
cntvaluein3-skew-locked-seed-32,pass,direct_max,idelay_ld,lane1,dq11,,endpoint,1,1432.0,1432.0,1432.0,1432.0,0.0,1432.0
cntvaluein3-skew-locked-seed-33,fail,direct_max,idelay_ld,lane1,dq11,,endpoint,1,1044.0,1044.0,1044.0,1044.0,0.0,1044.0
cntvaluein3-skew-locked-seed-34,pass,direct_max,idelay_ld,lane1,dq11,,endpoint,1,1021.0,1021.0,1021.0,1021.0,0.0,1021.0
cntvaluein3-skew-locked-seed-35,pass,direct_max,idelay_ld,lane1,dq11,,endpoint,1,1223.0,1223.0,1223.0,1223.0,0.0,1223.0
cntvaluein3-skew-locked-seed-36,fail,direct_max,idelay_ld,lane1,dq11,,endpoint,1,1631.0,1631.0,1631.0,1631.0,0.0,1631.0
cntvaluein3-skew-locked-seed-37,pass,direct_max,idelay_ld,lane1,dq11,,endpoint,1,1445.0,1445.0,1445.0,1445.0,0.0,1445.0
cntvaluein3-skew-locked-seed-38,pass,direct_max,idelay_ld,lane1,dq11,,endpoint,1,1134.0,1134.0,1134.0,1134.0,0.0,1134.0
cntvaluein3-skew-locked-seed-39,fail,direct_max,idelay_ld,lane1,dq11,,endpoint,1,1115.0,1115.0,1115.0,1115.0,0.0,1115.0
cntvaluein3-skew-locked-seed-40,pass,direct_max,idelay_ld,lane1,dq11,,endpoint,1,1358.0,1358.0,1358.0,1358.0,0.0,1358.0
cntvaluein3-skew-locked-seed-41,fail,direct_max,idelay_ld,lane1,dq11,,endpoint,1,1378.0,1378.0,1378.0,1378.0,0.0,1378.0
cntvaluein3-skew-locked-seed-42,pass,direct_max,idelay_ld,lane1,dq11,,endpoint,1,1667.0,1667.0,1667.0,1667.0,0.0,1667.0
cntvaluein3-skew-locked-seed-43,pass,direct_max,idelay_ld,lane1,dq11,,endpoint,1,1166.0,1166.0,1166.0,1166.0,0.0,1166.0
cntvaluein3-skew-locked-seed-44,pass,direct_max,idelay_ld,lane1,dq11,,endpoint,1,1279.0,1279.0,1279.0,1279.0,0.0,1279.0
cntvaluein3-skew-locked-seed-45,fail,direct_max,idelay_ld,lane1,dq11,,endpoint,1,1371.0,1371.0,1371.0,1371.0,0.0,1371.0
cntvaluein3-skew-locked-seed-46,pass,direct_max,idelay_ld,lane1,dq11,,endpoint,1,1669.0,1669.0,1669.0,1669.0,0.0,1669.0
cntvaluein3-skew-locked-seed-47,pass,direct_max,idelay_ld,lane1,dq11,,endpoint,1,1271.0,1271.0,1271.0,1271.0,0.0,1271.0
cntvaluein3-skew-locked-seed-48,fail,direct_max,idelay_ld,lane1,dq11,,endpoint,1,953.0,953.0,953.0,953.0,0.0,953.0
cntvaluein3-skew-locked-seed-49,pass,direct_max,idelay_ld,lane1,dq11,,endpoint,1,1417.0,1417.0,1417.0,1417.0,0.0,1417.0
cntvaluein3-skew-locked-seed-50,fail,direct_max,idelay_ld,lane1,dq11,,endpoint,1,1452.0,1452.0,1452.0,1452.0,0.0,1452.0
cntvaluein3-skew-locked-seed-51,fail,direct_max,idelay_ld,lane1,dq11,,endpoint,1,1190.0,1190.0,1190.0,1190.0,0.0,1190.0
cntvaluein3-skew-locked-seed-52,fail,direct_max,idelay_ld,lane1,dq11,,endpoint,1,1417.0,1417.0,1417.0,1417.0,0.0,1417.0
cntvaluein3-skew-locked-seed-53,fail,direct_max,idelay_ld,lane1,dq11,,endpoint,1,1542.0,1542.0,1542.0,1542.0,0.0,1542.0
cntvaluein3-skew-locked-seed-54,pass,direct_max,idelay_ld,lane1,dq11,,endpoint,1,1049.0,1049.0,1049.0,1049.0,0.0,1049.0
cntvaluein3-skew-locked-seed-55,pass,direct_max,idelay_ld,lane1,dq11,,endpoint,1,1332.0,1332.0,1332.0,1332.0,0.0,1332.0
cntvaluein3-skew-locked-seed-56,pass,direct_max,idelay_ld,lane1,dq11,,endpoint,1,1416.0,1416.0,1416.0,1416.0,0.0,1416.0
cntvaluein3-skew-locked-seed-57,pass,direct_max,idelay_ld,lane1,dq11,,endpoint,1,1360.0,1360.0,1360.0,1360.0,0.0,1360.0
cntvaluein3-skew-locked-seed-58,pass,direct_max,idelay_ld,lane1,dq11,,endpoint,1,1493.0,1493.0,1493.0,1493.0,0.0,1493.0
cntvaluein3-skew-locked-seed-59,pass,direct_max,idelay_ld,lane1,dq11,,endpoint,1,1261.0,1261.0,1261.0,1261.0,0.0,1261.0
cntvaluein3-skew-locked-seed-60,fail,direct_max,idelay_ld,lane1,dq11,,endpoint,1,1651.0,1651.0,1651.0,1651.0,0.0,1651.0
cntvaluein3-skew-locked-seed-31,pass,direct_max,idelay_ld,lane1,dq12,,endpoint,1,1044.0,1044.0,1044.0,1044.0,0.0,1044.0
cntvaluein3-skew-locked-seed-32,pass,direct_max,idelay_ld,lane1,dq12,,endpoint,1,1348.0,1348.0,1348.0,1348.0,0.0,1348.0
cntvaluein3-skew-locked-seed-33,fail,direct_max,idelay_ld,lane1,dq12,,endpoint,1,1110.0,1110.0,1110.0,1110.0,0.0,1110.0
cntvaluein3-skew-locked-seed-34,pass,direct_max,idelay_ld,lane1,dq12,,endpoint,1,1123.0,1123.0,1123.0,1123.0,0.0,1123.0
cntvaluein3-skew-locked-seed-35,pass,direct_max,idelay_ld,lane1,dq12,,endpoint,1,1404.0,1404.0,1404.0,1404.0,0.0,1404.0
cntvaluein3-skew-locked-seed-36,fail,direct_max,idelay_ld,lane1,dq12,,endpoint,1,1414.0,1414.0,1414.0,1414.0,0.0,1414.0
cntvaluein3-skew-locked-seed-37,pass,direct_max,idelay_ld,lane1,dq12,,endpoint,1,1409.0,1409.0,1409.0,1409.0,0.0,1409.0
cntvaluein3-skew-locked-seed-38,pass,direct_max,idelay_ld,lane1,dq12,,endpoint,1,1325.0,1325.0,1325.0,1325.0,0.0,1325.0
cntvaluein3-skew-locked-seed-39,fail,direct_max,idelay_ld,lane1,dq12,,endpoint,1,1113.0,1113.0,1113.0,1113.0,0.0,1113.0
cntvaluein3-skew-locked-seed-40,pass,direct_max,idelay_ld,lane1,dq12,,endpoint,1,1409.0,1409.0,1409.0,1409.0,0.0,1409.0
cntvaluein3-skew-locked-seed-41,fail,direct_max,idelay_ld,lane1,dq12,,endpoint,1,1342.0,1342.0,1342.0,1342.0,0.0,1342.0
cntvaluein3-skew-locked-seed-42,pass,direct_max,idelay_ld,lane1,dq12,,endpoint,1,1707.0,1707.0,1707.0,1707.0,0.0,1707.0
cntvaluein3-skew-locked-seed-43,pass,direct_max,idelay_ld,lane1,dq12,,endpoint,1,1378.0,1378.0,1378.0,1378.0,0.0,1378.0
cntvaluein3-skew-locked-seed-44,pass,direct_max,idelay_ld,lane1,dq12,,endpoint,1,1472.0,1472.0,1472.0,1472.0,0.0,1472.0
cntvaluein3-skew-locked-seed-45,fail,direct_max,idelay_ld,lane1,dq12,,endpoint,1,1437.0,1437.0,1437.0,1437.0,0.0,1437.0
cntvaluein3-skew-locked-seed-46,pass,direct_max,idelay_ld,lane1,dq12,,endpoint,1,1452.0,1452.0,1452.0,1452.0,0.0,1452.0
cntvaluein3-skew-locked-seed-47,pass,direct_max,idelay_ld,lane1,dq12,,endpoint,1,1452.0,1452.0,1452.0,1452.0,0.0,1452.0
cntvaluein3-skew-locked-seed-48,fail,direct_max,idelay_ld,lane1,dq12,,endpoint,1,1161.0,1161.0,1161.0,1161.0,0.0,1161.0
cntvaluein3-skew-locked-seed-49,pass,direct_max,idelay_ld,lane1,dq12,,endpoint,1,1430.0,1430.0,1430.0,1430.0,0.0,1430.0
cntvaluein3-skew-locked-seed-50,fail,direct_max,idelay_ld,lane1,dq12,,endpoint,1,1343.0,1343.0,1343.0,1343.0,0.0,1343.0
cntvaluein3-skew-locked-seed-51,fail,direct_max,idelay_ld,lane1,dq12,,endpoint,1,1312.0,1312.0,1312.0,1312.0,0.0,1312.0
cntvaluein3-skew-locked-seed-52,fail,direct_max,idelay_ld,lane1,dq12,,endpoint,1,1363.0,1363.0,1363.0,1363.0,0.0,1363.0
cntvaluein3-skew-locked-seed-53,fail,direct_max,idelay_ld,lane1,dq12,,endpoint,1,1555.0,1555.0,1555.0,1555.0,0.0,1555.0
cntvaluein3-skew-locked-seed-54,pass,direct_max,idelay_ld,lane1,dq12,,endpoint,1,1231.0,1231.0,1231.0,1231.0,0.0,1231.0
cntvaluein3-skew-locked-seed-55,pass,direct_max,idelay_ld,lane1,dq12,,endpoint,1,1233.0,1233.0,1233.0,1233.0,0.0,1233.0
cntvaluein3-skew-locked-seed-56,pass,direct_max,idelay_ld,lane1,dq12,,endpoint,1,1703.0,1703.0,1703.0,1703.0,0.0,1703.0
cntvaluein3-skew-locked-seed-57,pass,direct_max,idelay_ld,lane1,dq12,,endpoint,1,1445.0,1445.0,1445.0,1445.0,0.0,1445.0
cntvaluein3-skew-locked-seed-58,pass,direct_max,idelay_ld,lane1,dq12,,endpoint,1,1500.0,1500.0,1500.0,1500.0,0.0,1500.0
cntvaluein3-skew-locked-seed-59,pass,direct_max,idelay_ld,lane1,dq12,,endpoint,1,1442.0,1442.0,1442.0,1442.0,0.0,1442.0
cntvaluein3-skew-locked-seed-60,fail,direct_max,idelay_ld,lane1,dq12,,endpoint,1,1626.0,1626.0,1626.0,1626.0,0.0,1626.0
cntvaluein3-skew-locked-seed-31,pass,direct_max,idelay_ld,lane1,dq13,,endpoint,1,976.0,976.0,976.0,976.0,0.0,976.0
cntvaluein3-skew-locked-seed-32,pass,direct_max,idelay_ld,lane1,dq13,,endpoint,1,1343.0,1343.0,1343.0,1343.0,0.0,1343.0
cntvaluein3-skew-locked-seed-33,fail,direct_max,idelay_ld,lane1,dq13,,endpoint,1,899.0,899.0,899.0,899.0,0.0,899.0
cntvaluein3-skew-locked-seed-34,pass,direct_max,idelay_ld,lane1,dq13,,endpoint,1,1111.0,1111.0,1111.0,1111.0,0.0,1111.0
cntvaluein3-skew-locked-seed-35,pass,direct_max,idelay_ld,lane1,dq13,,endpoint,1,1309.0,1309.0,1309.0,1309.0,0.0,1309.0
cntvaluein3-skew-locked-seed-36,fail,direct_max,idelay_ld,lane1,dq13,,endpoint,1,1722.0,1722.0,1722.0,1722.0,0.0,1722.0
cntvaluein3-skew-locked-seed-37,pass,direct_max,idelay_ld,lane1,dq13,,endpoint,1,1365.0,1365.0,1365.0,1365.0,0.0,1365.0
cntvaluein3-skew-locked-seed-38,pass,direct_max,idelay_ld,lane1,dq13,,endpoint,1,1151.0,1151.0,1151.0,1151.0,0.0,1151.0
cntvaluein3-skew-locked-seed-39,fail,direct_max,idelay_ld,lane1,dq13,,endpoint,1,1174.0,1174.0,1174.0,1174.0,0.0,1174.0
cntvaluein3-skew-locked-seed-40,pass,direct_max,idelay_ld,lane1,dq13,,endpoint,1,1447.0,1447.0,1447.0,1447.0,0.0,1447.0
cntvaluein3-skew-locked-seed-41,fail,direct_max,idelay_ld,lane1,dq13,,endpoint,1,1297.0,1297.0,1297.0,1297.0,0.0,1297.0
cntvaluein3-skew-locked-seed-42,pass,direct_max,idelay_ld,lane1,dq13,,endpoint,1,1753.0,1753.0,1753.0,1753.0,0.0,1753.0
cntvaluein3-skew-locked-seed-43,pass,direct_max,idelay_ld,lane1,dq13,,endpoint,1,1085.0,1085.0,1085.0,1085.0,0.0,1085.0
cntvaluein3-skew-locked-seed-44,pass,direct_max,idelay_ld,lane1,dq13,,endpoint,1,1197.0,1197.0,1197.0,1197.0,0.0,1197.0
cntvaluein3-skew-locked-seed-45,fail,direct_max,idelay_ld,lane1,dq13,,endpoint,1,1462.0,1462.0,1462.0,1462.0,0.0,1462.0
cntvaluein3-skew-locked-seed-46,pass,direct_max,idelay_ld,lane1,dq13,,endpoint,1,1407.0,1407.0,1407.0,1407.0,0.0,1407.0
cntvaluein3-skew-locked-seed-47,pass,direct_max,idelay_ld,lane1,dq13,,endpoint,1,1356.0,1356.0,1356.0,1356.0,0.0,1356.0
cntvaluein3-skew-locked-seed-48,fail,direct_max,idelay_ld,lane1,dq13,,endpoint,1,1006.0,1006.0,1006.0,1006.0,0.0,1006.0
cntvaluein3-skew-locked-seed-49,pass,direct_max,idelay_ld,lane1,dq13,,endpoint,1,1470.0,1470.0,1470.0,1470.0,0.0,1470.0
cntvaluein3-skew-locked-seed-50,fail,direct_max,idelay_ld,lane1,dq13,,endpoint,1,1508.0,1508.0,1508.0,1508.0,0.0,1508.0
cntvaluein3-skew-locked-seed-51,fail,direct_max,idelay_ld,lane1,dq13,,endpoint,1,1044.0,1044.0,1044.0,1044.0,0.0,1044.0
cntvaluein3-skew-locked-seed-52,fail,direct_max,idelay_ld,lane1,dq13,,endpoint,1,1330.0,1330.0,1330.0,1330.0,0.0,1330.0
cntvaluein3-skew-locked-seed-53,fail,direct_max,idelay_ld,lane1,dq13,,endpoint,1,1595.0,1595.0,1595.0,1595.0,0.0,1595.0
cntvaluein3-skew-locked-seed-54,pass,direct_max,idelay_ld,lane1,dq13,,endpoint,1,1103.0,1103.0,1103.0,1103.0,0.0,1103.0
cntvaluein3-skew-locked-seed-55,pass,direct_max,idelay_ld,lane1,dq13,,endpoint,1,1187.0,1187.0,1187.0,1187.0,0.0,1187.0
cntvaluein3-skew-locked-seed-56,pass,direct_max,idelay_ld,lane1,dq13,,endpoint,1,1552.0,1552.0,1552.0,1552.0,0.0,1552.0
cntvaluein3-skew-locked-seed-57,pass,direct_max,idelay_ld,lane1,dq13,,endpoint,1,1371.0,1371.0,1371.0,1371.0,0.0,1371.0
cntvaluein3-skew-locked-seed-58,pass,direct_max,idelay_ld,lane1,dq13,,endpoint,1,1583.0,1583.0,1583.0,1583.0,0.0,1583.0
cntvaluein3-skew-locked-seed-59,pass,direct_max,idelay_ld,lane1,dq13,,endpoint,1,1250.0,1250.0,1250.0,1250.0,0.0,1250.0
cntvaluein3-skew-locked-seed-60,fail,direct_max,idelay_ld,lane1,dq13,,endpoint,1,1361.0,1361.0,1361.0,1361.0,0.0,1361.0
cntvaluein3-skew-locked-seed-31,pass,direct_max,idelay_ld,lane1,dq14,,endpoint,1,1049.0,1049.0,1049.0,1049.0,0.0,1049.0
cntvaluein3-skew-locked-seed-32,pass,direct_max,idelay_ld,lane1,dq14,,endpoint,1,1475.0,1475.0,1475.0,1475.0,0.0,1475.0
cntvaluein3-skew-locked-seed-33,fail,direct_max,idelay_ld,lane1,dq14,,endpoint,1,1106.0,1106.0,1106.0,1106.0,0.0,1106.0
cntvaluein3-skew-locked-seed-34,pass,direct_max,idelay_ld,lane1,dq14,,endpoint,1,1205.0,1205.0,1205.0,1205.0,0.0,1205.0
cntvaluein3-skew-locked-seed-35,pass,direct_max,idelay_ld,lane1,dq14,,endpoint,1,1315.0,1315.0,1315.0,1315.0,0.0,1315.0
cntvaluein3-skew-locked-seed-36,fail,direct_max,idelay_ld,lane1,dq14,,endpoint,1,1467.0,1467.0,1467.0,1467.0,0.0,1467.0
cntvaluein3-skew-locked-seed-37,pass,direct_max,idelay_ld,lane1,dq14,,endpoint,1,1537.0,1537.0,1537.0,1537.0,0.0,1537.0
cntvaluein3-skew-locked-seed-38,pass,direct_max,idelay_ld,lane1,dq14,,endpoint,1,1302.0,1302.0,1302.0,1302.0,0.0,1302.0
cntvaluein3-skew-locked-seed-39,fail,direct_max,idelay_ld,lane1,dq14,,endpoint,1,1032.0,1032.0,1032.0,1032.0,0.0,1032.0
cntvaluein3-skew-locked-seed-40,pass,direct_max,idelay_ld,lane1,dq14,,endpoint,1,1450.0,1450.0,1450.0,1450.0,0.0,1450.0
cntvaluein3-skew-locked-seed-41,fail,direct_max,idelay_ld,lane1,dq14,,endpoint,1,1470.0,1470.0,1470.0,1470.0,0.0,1470.0
cntvaluein3-skew-locked-seed-42,pass,direct_max,idelay_ld,lane1,dq14,,endpoint,1,1792.0,1792.0,1792.0,1792.0,0.0,1792.0
cntvaluein3-skew-locked-seed-43,pass,direct_max,idelay_ld,lane1,dq14,,endpoint,1,1414.0,1414.0,1414.0,1414.0,0.0,1414.0
cntvaluein3-skew-locked-seed-44,pass,direct_max,idelay_ld,lane1,dq14,,endpoint,1,1555.0,1555.0,1555.0,1555.0,0.0,1555.0
cntvaluein3-skew-locked-seed-45,fail,direct_max,idelay_ld,lane1,dq14,,endpoint,1,1523.0,1523.0,1523.0,1523.0,0.0,1523.0
cntvaluein3-skew-locked-seed-46,pass,direct_max,idelay_ld,lane1,dq14,,endpoint,1,1590.0,1590.0,1590.0,1590.0,0.0,1590.0
cntvaluein3-skew-locked-seed-47,pass,direct_max,idelay_ld,lane1,dq14,,endpoint,1,1363.0,1363.0,1363.0,1363.0,0.0,1363.0
cntvaluein3-skew-locked-seed-48,fail,direct_max,idelay_ld,lane1,dq14,,endpoint,1,1246.0,1246.0,1246.0,1246.0,0.0,1246.0
cntvaluein3-skew-locked-seed-49,pass,direct_max,idelay_ld,lane1,dq14,,endpoint,1,1508.0,1508.0,1508.0,1508.0,0.0,1508.0
cntvaluein3-skew-locked-seed-50,fail,direct_max,idelay_ld,lane1,dq14,,endpoint,1,1544.0,1544.0,1544.0,1544.0,0.0,1544.0
cntvaluein3-skew-locked-seed-51,fail,direct_max,idelay_ld,lane1,dq14,,endpoint,1,1358.0,1358.0,1358.0,1358.0,0.0,1358.0
cntvaluein3-skew-locked-seed-52,fail,direct_max,idelay_ld,lane1,dq14,,endpoint,1,1355.0,1355.0,1355.0,1355.0,0.0,1355.0
cntvaluein3-skew-locked-seed-53,fail,direct_max,idelay_ld,lane1,dq14,,endpoint,1,1633.0,1633.0,1633.0,1633.0,0.0,1633.0
cntvaluein3-skew-locked-seed-54,pass,direct_max,idelay_ld,lane1,dq14,,endpoint,1,1210.0,1210.0,1210.0,1210.0,0.0,1210.0
cntvaluein3-skew-locked-seed-55,pass,direct_max,idelay_ld,lane1,dq14,,endpoint,1,1360.0,1360.0,1360.0,1360.0,0.0,1360.0
cntvaluein3-skew-locked-seed-56,pass,direct_max,idelay_ld,lane1,dq14,,endpoint,1,1508.0,1508.0,1508.0,1508.0,0.0,1508.0
cntvaluein3-skew-locked-seed-57,pass,direct_max,idelay_ld,lane1,dq14,,endpoint,1,1300.0,1300.0,1300.0,1300.0,0.0,1300.0
cntvaluein3-skew-locked-seed-58,pass,direct_max,idelay_ld,lane1,dq14,,endpoint,1,1585.0,1585.0,1585.0,1585.0,0.0,1585.0
cntvaluein3-skew-locked-seed-59,pass,direct_max,idelay_ld,lane1,dq14,,endpoint,1,1421.0,1421.0,1421.0,1421.0,0.0,1421.0
cntvaluein3-skew-locked-seed-60,fail,direct_max,idelay_ld,lane1,dq14,,endpoint,1,1712.0,1712.0,1712.0,1712.0,0.0,1712.0
cntvaluein3-skew-locked-seed-31,pass,direct_max,idelay_ld,lane1,dq15,,endpoint,1,672.0,672.0,672.0,672.0,0.0,672.0
cntvaluein3-skew-locked-seed-32,pass,direct_max,idelay_ld,lane1,dq15,,endpoint,1,1245.0,1245.0,1245.0,1245.0,0.0,1245.0
cntvaluein3-skew-locked-seed-33,fail,direct_max,idelay_ld,lane1,dq15,,endpoint,1,1024.0,1024.0,1024.0,1024.0,0.0,1024.0
cntvaluein3-skew-locked-seed-34,pass,direct_max,idelay_ld,lane1,dq15,,endpoint,1,1159.0,1159.0,1159.0,1159.0,0.0,1159.0
cntvaluein3-skew-locked-seed-35,pass,direct_max,idelay_ld,lane1,dq15,,endpoint,1,1361.0,1361.0,1361.0,1361.0,0.0,1361.0
cntvaluein3-skew-locked-seed-36,fail,direct_max,idelay_ld,lane1,dq15,,endpoint,1,1322.0,1322.0,1322.0,1322.0,0.0,1322.0
cntvaluein3-skew-locked-seed-37,pass,direct_max,idelay_ld,lane1,dq15,,endpoint,1,1435.0,1435.0,1435.0,1435.0,0.0,1435.0
cntvaluein3-skew-locked-seed-38,pass,direct_max,idelay_ld,lane1,dq15,,endpoint,1,1126.0,1126.0,1126.0,1126.0,0.0,1126.0
cntvaluein3-skew-locked-seed-39,fail,direct_max,idelay_ld,lane1,dq15,,endpoint,1,888.0,888.0,888.0,888.0,0.0,888.0
cntvaluein3-skew-locked-seed-40,pass,direct_max,idelay_ld,lane1,dq15,,endpoint,1,1496.0,1496.0,1496.0,1496.0,0.0,1496.0
cntvaluein3-skew-locked-seed-41,fail,direct_max,idelay_ld,lane1,dq15,,endpoint,1,1368.0,1368.0,1368.0,1368.0,0.0,1368.0
cntvaluein3-skew-locked-seed-42,pass,direct_max,idelay_ld,lane1,dq15,,endpoint,1,1381.0,1381.0,1381.0,1381.0,0.0,1381.0
cntvaluein3-skew-locked-seed-43,pass,direct_max,idelay_ld,lane1,dq15,,endpoint,1,949.0,949.0,949.0,949.0,0.0,949.0
cntvaluein3-skew-locked-seed-44,pass,direct_max,idelay_ld,lane1,dq15,,endpoint,1,1113.0,1113.0,1113.0,1113.0,0.0,1113.0
cntvaluein3-skew-locked-seed-45,fail,direct_max,idelay_ld,lane1,dq15,,endpoint,1,1072.0,1072.0,1072.0,1072.0,0.0,1072.0
cntvaluein3-skew-locked-seed-46,pass,direct_max,idelay_ld,lane1,dq15,,endpoint,1,1406.0,1406.0,1406.0,1406.0,0.0,1406.0
cntvaluein3-skew-locked-seed-47,pass,direct_max,idelay_ld,lane1,dq15,,endpoint,1,1184.0,1184.0,1184.0,1184.0,0.0,1184.0
cntvaluein3-skew-locked-seed-48,fail,direct_max,idelay_ld,lane1,dq15,,endpoint,1,829.0,829.0,829.0,829.0,0.0,829.0
cntvaluein3-skew-locked-seed-49,pass,direct_max,idelay_ld,lane1,dq15,,endpoint,1,1254.0,1254.0,1254.0,1254.0,0.0,1254.0
cntvaluein3-skew-locked-seed-50,fail,direct_max,idelay_ld,lane1,dq15,,endpoint,1,1103.0,1103.0,1103.0,1103.0,0.0,1103.0
cntvaluein3-skew-locked-seed-51,fail,direct_max,idelay_ld,lane1,dq15,,endpoint,1,1008.0,1008.0,1008.0,1008.0,0.0,1008.0
cntvaluein3-skew-locked-seed-52,fail,direct_max,idelay_ld,lane1,dq15,,endpoint,1,1312.0,1312.0,1312.0,1312.0,0.0,1312.0
cntvaluein3-skew-locked-seed-53,fail,direct_max,idelay_ld,lane1,dq15,,endpoint,1,1315.0,1315.0,1315.0,1315.0,0.0,1315.0
cntvaluein3-skew-locked-seed-54,pass,direct_max,idelay_ld,lane1,dq15,,endpoint,1,922.0,922.0,922.0,922.0,0.0,922.0
cntvaluein3-skew-locked-seed-55,pass,direct_max,idelay_ld,lane1,dq15,,endpoint,1,1312.0,1312.0,1312.0,1312.0,0.0,1312.0
cntvaluein3-skew-locked-seed-56,pass,direct_max,idelay_ld,lane1,dq15,,endpoint,1,1279.0,1279.0,1279.0,1279.0,0.0,1279.0
cntvaluein3-skew-locked-seed-57,pass,direct_max,idelay_ld,lane1,dq15,,endpoint,1,1223.0,1223.0,1223.0,1223.0,0.0,1223.0
cntvaluein3-skew-locked-seed-58,pass,direct_max,idelay_ld,lane1,dq15,,endpoint,1,1361.0,1361.0,1361.0,1361.0,0.0,1361.0
cntvaluein3-skew-locked-seed-59,pass,direct_max,idelay_ld,lane1,dq15,,endpoint,1,1123.0,1123.0,1123.0,1123.0,0.0,1123.0
cntvaluein3-skew-locked-seed-60,fail,direct_max,idelay_ld,lane1,dq15,,endpoint,1,1108.0,1108.0,1108.0,1108.0,0.0,1108.0
cntvaluein3-skew-locked-seed-31,pass,direct_max,idelay_ld,lane1,dq8,,endpoint,1,1067.0,1067.0,1067.0,1067.0,0.0,1067.0
cntvaluein3-skew-locked-seed-32,pass,direct_max,idelay_ld,lane1,dq8,,endpoint,1,1567.0,1567.0,1567.0,1567.0,0.0,1567.0
cntvaluein3-skew-locked-seed-33,fail,direct_max,idelay_ld,lane1,dq8,,endpoint,1,1192.0,1192.0,1192.0,1192.0,0.0,1192.0
cntvaluein3-skew-locked-seed-34,pass,direct_max,idelay_ld,lane1,dq8,,endpoint,1,1297.0,1297.0,1297.0,1297.0,0.0,1297.0
cntvaluein3-skew-locked-seed-35,pass,direct_max,idelay_ld,lane1,dq8,,endpoint,1,1304.0,1304.0,1304.0,1304.0,0.0,1304.0
cntvaluein3-skew-locked-seed-36,fail,direct_max,idelay_ld,lane1,dq8,,endpoint,1,1322.0,1322.0,1322.0,1322.0,0.0,1322.0
cntvaluein3-skew-locked-seed-37,pass,direct_max,idelay_ld,lane1,dq8,,endpoint,1,1590.0,1590.0,1590.0,1590.0,0.0,1590.0
cntvaluein3-skew-locked-seed-38,pass,direct_max,idelay_ld,lane1,dq8,,endpoint,1,1215.0,1215.0,1215.0,1215.0,0.0,1215.0
cntvaluein3-skew-locked-seed-39,fail,direct_max,idelay_ld,lane1,dq8,,endpoint,1,1118.0,1118.0,1118.0,1118.0,0.0,1118.0
cntvaluein3-skew-locked-seed-40,pass,direct_max,idelay_ld,lane1,dq8,,endpoint,1,1534.0,1534.0,1534.0,1534.0,0.0,1534.0
cntvaluein3-skew-locked-seed-41,fail,direct_max,idelay_ld,lane1,dq8,,endpoint,1,1389.0,1389.0,1389.0,1389.0,0.0,1389.0
cntvaluein3-skew-locked-seed-42,pass,direct_max,idelay_ld,lane1,dq8,,endpoint,1,1800.0,1800.0,1800.0,1800.0,0.0,1800.0
cntvaluein3-skew-locked-seed-43,pass,direct_max,idelay_ld,lane1,dq8,,endpoint,1,1253.0,1253.0,1253.0,1253.0,0.0,1253.0
cntvaluein3-skew-locked-seed-44,pass,direct_max,idelay_ld,lane1,dq8,,endpoint,1,1424.0,1424.0,1424.0,1424.0,0.0,1424.0
cntvaluein3-skew-locked-seed-45,fail,direct_max,idelay_ld,lane1,dq8,,endpoint,1,1279.0,1279.0,1279.0,1279.0,0.0,1279.0
cntvaluein3-skew-locked-seed-46,pass,direct_max,idelay_ld,lane1,dq8,,endpoint,1,1567.0,1567.0,1567.0,1567.0,0.0,1567.0
cntvaluein3-skew-locked-seed-47,pass,direct_max,idelay_ld,lane1,dq8,,endpoint,1,1449.0,1449.0,1449.0,1449.0,0.0,1449.0
cntvaluein3-skew-locked-seed-48,fail,direct_max,idelay_ld,lane1,dq8,,endpoint,1,1330.0,1330.0,1330.0,1330.0,0.0,1330.0
cntvaluein3-skew-locked-seed-49,pass,direct_max,idelay_ld,lane1,dq8,,endpoint,1,1338.0,1338.0,1338.0,1338.0,0.0,1338.0
cntvaluein3-skew-locked-seed-50,fail,direct_max,idelay_ld,lane1,dq8,,endpoint,1,1629.0,1629.0,1629.0,1629.0,0.0,1629.0
cntvaluein3-skew-locked-seed-51,fail,direct_max,idelay_ld,lane1,dq8,,endpoint,1,1136.0,1136.0,1136.0,1136.0,0.0,1136.0
cntvaluein3-skew-locked-seed-52,fail,direct_max,idelay_ld,lane1,dq8,,endpoint,1,1355.0,1355.0,1355.0,1355.0,0.0,1355.0
cntvaluein3-skew-locked-seed-53,fail,direct_max,idelay_ld,lane1,dq8,,endpoint,1,1463.0,1463.0,1463.0,1463.0,0.0,1463.0
cntvaluein3-skew-locked-seed-54,pass,direct_max,idelay_ld,lane1,dq8,,endpoint,1,1131.0,1131.0,1131.0,1131.0,0.0,1131.0
cntvaluein3-skew-locked-seed-55,pass,direct_max,idelay_ld,lane1,dq8,,endpoint,1,1279.0,1279.0,1279.0,1279.0,0.0,1279.0
cntvaluein3-skew-locked-seed-56,pass,direct_max,idelay_ld,lane1,dq8,,endpoint,1,1797.0,1797.0,1797.0,1797.0,0.0,1797.0
cntvaluein3-skew-locked-seed-57,pass,direct_max,idelay_ld,lane1,dq8,,endpoint,1,1289.0,1289.0,1289.0,1289.0,0.0,1289.0
cntvaluein3-skew-locked-seed-58,pass,direct_max,idelay_ld,lane1,dq8,,endpoint,1,1407.0,1407.0,1407.0,1407.0,0.0,1407.0
cntvaluein3-skew-locked-seed-59,pass,direct_max,idelay_ld,lane1,dq8,,endpoint,1,1406.0,1406.0,1406.0,1406.0,0.0,1406.0
cntvaluein3-skew-locked-seed-60,fail,direct_max,idelay_ld,lane1,dq8,,endpoint,1,1731.0,1731.0,1731.0,1731.0,0.0,1731.0
cntvaluein3-skew-locked-seed-31,pass,direct_max,idelay_ld,lane1,dq9,,endpoint,1,763.0,763.0,763.0,763.0,0.0,763.0
cntvaluein3-skew-locked-seed-32,pass,direct_max,idelay_ld,lane1,dq9,,endpoint,1,1335.0,1335.0,1335.0,1335.0,0.0,1335.0
cntvaluein3-skew-locked-seed-33,fail,direct_max,idelay_ld,lane1,dq9,,endpoint,1,763.0,763.0,763.0,763.0,0.0,763.0
cntvaluein3-skew-locked-seed-34,pass,direct_max,idelay_ld,lane1,dq9,,endpoint,1,1317.0,1317.0,1317.0,1317.0,0.0,1317.0
cntvaluein3-skew-locked-seed-35,pass,direct_max,idelay_ld,lane1,dq9,,endpoint,1,1447.0,1447.0,1447.0,1447.0,0.0,1447.0
cntvaluein3-skew-locked-seed-36,fail,direct_max,idelay_ld,lane1,dq9,,endpoint,1,1322.0,1322.0,1322.0,1322.0,0.0,1322.0
cntvaluein3-skew-locked-seed-37,pass,direct_max,idelay_ld,lane1,dq9,,endpoint,1,1220.0,1220.0,1220.0,1220.0,0.0,1220.0
cntvaluein3-skew-locked-seed-38,pass,direct_max,idelay_ld,lane1,dq9,,endpoint,1,1210.0,1210.0,1210.0,1210.0,0.0,1210.0
cntvaluein3-skew-locked-seed-39,fail,direct_max,idelay_ld,lane1,dq9,,endpoint,1,810.0,810.0,810.0,810.0,0.0,810.0
cntvaluein3-skew-locked-seed-40,pass,direct_max,idelay_ld,lane1,dq9,,endpoint,1,1580.0,1580.0,1580.0,1580.0,0.0,1580.0
cntvaluein3-skew-locked-seed-41,fail,direct_max,idelay_ld,lane1,dq9,,endpoint,1,1159.0,1159.0,1159.0,1159.0,0.0,1159.0
cntvaluein3-skew-locked-seed-42,pass,direct_max,idelay_ld,lane1,dq9,,endpoint,1,1465.0,1465.0,1465.0,1465.0,0.0,1465.0
cntvaluein3-skew-locked-seed-43,pass,direct_max,idelay_ld,lane1,dq9,,endpoint,1,948.0,948.0,948.0,948.0,0.0,948.0
cntvaluein3-skew-locked-seed-44,pass,direct_max,idelay_ld,lane1,dq9,,endpoint,1,1250.0,1250.0,1250.0,1250.0,0.0,1250.0
cntvaluein3-skew-locked-seed-45,fail,direct_max,idelay_ld,lane1,dq9,,endpoint,1,986.0,986.0,986.0,986.0,0.0,986.0
cntvaluein3-skew-locked-seed-46,pass,direct_max,idelay_ld,lane1,dq9,,endpoint,1,1491.0,1491.0,1491.0,1491.0,0.0,1491.0
cntvaluein3-skew-locked-seed-47,pass,direct_max,idelay_ld,lane1,dq9,,endpoint,1,1231.0,1231.0,1231.0,1231.0,0.0,1231.0
cntvaluein3-skew-locked-seed-48,fail,direct_max,idelay_ld,lane1,dq9,,endpoint,1,921.0,921.0,921.0,921.0,0.0,921.0
cntvaluein3-skew-locked-seed-49,pass,direct_max,idelay_ld,lane1,dq9,,endpoint,1,1110.0,1110.0,1110.0,1110.0,0.0,1110.0
cntvaluein3-skew-locked-seed-50,fail,direct_max,idelay_ld,lane1,dq9,,endpoint,1,1023.0,1023.0,1023.0,1023.0,0.0,1023.0
cntvaluein3-skew-locked-seed-51,fail,direct_max,idelay_ld,lane1,dq9,,endpoint,1,1093.0,1093.0,1093.0,1093.0,0.0,1093.0
cntvaluein3-skew-locked-seed-52,fail,direct_max,idelay_ld,lane1,dq9,,endpoint,1,1338.0,1338.0,1338.0,1338.0,0.0,1338.0
cntvaluein3-skew-locked-seed-53,fail,direct_max,idelay_ld,lane1,dq9,,endpoint,1,1235.0,1235.0,1235.0,1235.0,0.0,1235.0
cntvaluein3-skew-locked-seed-54,pass,direct_max,idelay_ld,lane1,dq9,,endpoint,1,921.0,921.0,921.0,921.0,0.0,921.0
cntvaluein3-skew-locked-seed-55,pass,direct_max,idelay_ld,lane1,dq9,,endpoint,1,1050.0,1050.0,1050.0,1050.0,0.0,1050.0
cntvaluein3-skew-locked-seed-56,pass,direct_max,idelay_ld,lane1,dq9,,endpoint,1,1332.0,1332.0,1332.0,1332.0,0.0,1332.0
cntvaluein3-skew-locked-seed-57,pass,direct_max,idelay_ld,lane1,dq9,,endpoint,1,1241.0,1241.0,1241.0,1241.0,0.0,1241.0
cntvaluein3-skew-locked-seed-58,pass,direct_max,idelay_ld,lane1,dq9,,endpoint,1,1159.0,1159.0,1159.0,1159.0,0.0,1159.0
cntvaluein3-skew-locked-seed-59,pass,direct_max,idelay_ld,lane1,dq9,,endpoint,1,1177.0,1177.0,1177.0,1177.0,0.0,1177.0
cntvaluein3-skew-locked-seed-60,fail,direct_max,idelay_ld,lane1,dq9,,endpoint,1,1105.0,1105.0,1105.0,1105.0,0.0,1105.0
cntvaluein3-skew-locked-seed-31,pass,direct_max,idelay_ld,lane1,dqs1,,endpoint,1,842.0,842.0,842.0,842.0,0.0,842.0
cntvaluein3-skew-locked-seed-32,pass,direct_max,idelay_ld,lane1,dqs1,,endpoint,1,1251.0,1251.0,1251.0,1251.0,0.0,1251.0
cntvaluein3-skew-locked-seed-33,fail,direct_max,idelay_ld,lane1,dqs1,,endpoint,1,989.0,989.0,989.0,989.0,0.0,989.0
cntvaluein3-skew-locked-seed-34,pass,direct_max,idelay_ld,lane1,dqs1,,endpoint,1,1294.0,1294.0,1294.0,1294.0,0.0,1294.0
cntvaluein3-skew-locked-seed-35,pass,direct_max,idelay_ld,lane1,dqs1,,endpoint,1,1098.0,1098.0,1098.0,1098.0,0.0,1098.0
cntvaluein3-skew-locked-seed-36,fail,direct_max,idelay_ld,lane1,dqs1,,endpoint,1,1276.0,1276.0,1276.0,1276.0,0.0,1276.0
cntvaluein3-skew-locked-seed-37,pass,direct_max,idelay_ld,lane1,dqs1,,endpoint,1,1480.0,1480.0,1480.0,1480.0,0.0,1480.0
cntvaluein3-skew-locked-seed-38,pass,direct_max,idelay_ld,lane1,dqs1,,endpoint,1,1233.0,1233.0,1233.0,1233.0,0.0,1233.0
cntvaluein3-skew-locked-seed-39,fail,direct_max,idelay_ld,lane1,dqs1,,endpoint,1,921.0,921.0,921.0,921.0,0.0,921.0
cntvaluein3-skew-locked-seed-40,pass,direct_max,idelay_ld,lane1,dqs1,,endpoint,1,1539.0,1539.0,1539.0,1539.0,0.0,1539.0
cntvaluein3-skew-locked-seed-41,fail,direct_max,idelay_ld,lane1,dqs1,,endpoint,1,1205.0,1205.0,1205.0,1205.0,0.0,1205.0
cntvaluein3-skew-locked-seed-42,pass,direct_max,idelay_ld,lane1,dqs1,,endpoint,1,1542.0,1542.0,1542.0,1542.0,0.0,1542.0
cntvaluein3-skew-locked-seed-43,pass,direct_max,idelay_ld,lane1,dqs1,,endpoint,1,1177.0,1177.0,1177.0,1177.0,0.0,1177.0
cntvaluein3-skew-locked-seed-44,pass,direct_max,idelay_ld,lane1,dqs1,,endpoint,1,1105.0,1105.0,1105.0,1105.0,0.0,1105.0
cntvaluein3-skew-locked-seed-45,fail,direct_max,idelay_ld,lane1,dqs1,,endpoint,1,1554.0,1554.0,1554.0,1554.0,0.0,1554.0
cntvaluein3-skew-locked-seed-46,pass,direct_max,idelay_ld,lane1,dqs1,,endpoint,1,1315.0,1315.0,1315.0,1315.0,0.0,1315.0
cntvaluein3-skew-locked-seed-47,pass,direct_max,idelay_ld,lane1,dqs1,,endpoint,1,1149.0,1149.0,1149.0,1149.0,0.0,1149.0
cntvaluein3-skew-locked-seed-48,fail,direct_max,idelay_ld,lane1,dqs1,,endpoint,1,1011.0,1011.0,1011.0,1011.0,0.0,1011.0
cntvaluein3-skew-locked-seed-49,pass,direct_max,idelay_ld,lane1,dqs1,,endpoint,1,1294.0,1294.0,1294.0,1294.0,0.0,1294.0
cntvaluein3-skew-locked-seed-50,fail,direct_max,idelay_ld,lane1,dqs1,,endpoint,1,1207.0,1207.0,1207.0,1207.0,0.0,1207.0
cntvaluein3-skew-locked-seed-51,fail,direct_max,idelay_ld,lane1,dqs1,,endpoint,1,1133.0,1133.0,1133.0,1133.0,0.0,1133.0
cntvaluein3-skew-locked-seed-52,fail,direct_max,idelay_ld,lane1,dqs1,,endpoint,1,1161.0,1161.0,1161.0,1161.0,0.0,1161.0
cntvaluein3-skew-locked-seed-53,fail,direct_max,idelay_ld,lane1,dqs1,,endpoint,1,1419.0,1419.0,1419.0,1419.0,0.0,1419.0
cntvaluein3-skew-locked-seed-54,pass,direct_max,idelay_ld,lane1,dqs1,,endpoint,1,1092.0,1092.0,1092.0,1092.0,0.0,1092.0
cntvaluein3-skew-locked-seed-55,pass,direct_max,idelay_ld,lane1,dqs1,,endpoint,1,1095.0,1095.0,1095.0,1095.0,0.0,1095.0
cntvaluein3-skew-locked-seed-56,pass,direct_max,idelay_ld,lane1,dqs1,,endpoint,1,1578.0,1578.0,1578.0,1578.0,0.0,1578.0
cntvaluein3-skew-locked-seed-57,pass,direct_max,idelay_ld,lane1,dqs1,,endpoint,1,1425.0,1425.0,1425.0,1425.0,0.0,1425.0
cntvaluein3-skew-locked-seed-58,pass,direct_max,idelay_ld,lane1,dqs1,,endpoint,1,1677.0,1677.0,1677.0,1677.0,0.0,1677.0
cntvaluein3-skew-locked-seed-59,pass,direct_max,idelay_ld,lane1,dqs1,,endpoint,1,1305.0,1305.0,1305.0,1305.0,0.0,1305.0
cntvaluein3-skew-locked-seed-60,fail,direct_max,idelay_ld,lane1,dqs1,,endpoint,1,1116.0,1116.0,1116.0,1116.0,0.0,1116.0
cntvaluein3-skew-locked-seed-31,pass,direct_max,idelayctrl,all,,,endpoint,6,1029.0,1274.0,1707.0,1707.0,678.0,1707.0
cntvaluein3-skew-locked-seed-32,pass,direct_max,idelayctrl,all,,,endpoint,6,1126.0,1530.0,2444.0,2444.0,1318.0,2444.0
cntvaluein3-skew-locked-seed-33,fail,direct_max,idelayctrl,all,,,endpoint,6,1126.0,1653.0,2400.0,2400.0,1274.0,2400.0
cntvaluein3-skew-locked-seed-34,pass,direct_max,idelayctrl,all,,,endpoint,6,1126.0,1378.5,2460.0,2460.0,1334.0,2460.0
cntvaluein3-skew-locked-seed-35,pass,direct_max,idelayctrl,all,,,endpoint,6,1126.0,1597.5,2535.0,2535.0,1409.0,2535.0
cntvaluein3-skew-locked-seed-36,fail,direct_max,idelayctrl,all,,,endpoint,6,1126.0,1309.5,1488.0,1488.0,362.0,1488.0
cntvaluein3-skew-locked-seed-37,pass,direct_max,idelayctrl,all,,,endpoint,6,1126.0,1764.0,2595.0,2595.0,1469.0,2595.0
cntvaluein3-skew-locked-seed-38,pass,direct_max,idelayctrl,all,,,endpoint,6,1126.0,1545.5,2670.0,2670.0,1544.0,2670.0
cntvaluein3-skew-locked-seed-39,fail,direct_max,idelayctrl,all,,,endpoint,6,1126.0,1343.5,1707.0,1707.0,581.0,1707.0
cntvaluein3-skew-locked-seed-40,pass,direct_max,idelayctrl,all,,,endpoint,5,1075.0,1570.0,2744.0,2744.0,1669.0,2744.0
cntvaluein3-skew-locked-seed-41,fail,direct_max,idelayctrl,all,,,endpoint,6,1126.0,1794.5,2595.0,2595.0,1469.0,2595.0
cntvaluein3-skew-locked-seed-42,pass,direct_max,idelayctrl,all,,,endpoint,5,1126.0,1476.0,2805.0,2805.0,1679.0,2805.0
cntvaluein3-skew-locked-seed-43,pass,direct_max,idelayctrl,all,,,endpoint,6,1126.0,1811.5,2684.0,2684.0,1558.0,2684.0
cntvaluein3-skew-locked-seed-44,pass,direct_max,idelayctrl,all,,,endpoint,6,1126.0,1939.5,2625.0,2625.0,1499.0,2625.0
cntvaluein3-skew-locked-seed-45,fail,direct_max,idelayctrl,all,,,endpoint,6,1126.0,1735.5,2535.0,2535.0,1409.0,2535.0
cntvaluein3-skew-locked-seed-46,pass,direct_max,idelayctrl,all,,,endpoint,6,1126.0,2218.5,2730.0,2730.0,1604.0,2730.0
cntvaluein3-skew-locked-seed-47,pass,direct_max,idelayctrl,all,,,endpoint,6,1126.0,1543.0,2684.0,2684.0,1558.0,2684.0
cntvaluein3-skew-locked-seed-48,fail,direct_max,idelayctrl,all,,,endpoint,5,953.0,1126.0,2400.0,2400.0,1447.0,2400.0
cntvaluein3-skew-locked-seed-49,pass,direct_max,idelayctrl,all,,,endpoint,6,1126.0,1378.0,1394.0,1394.0,268.0,1394.0
cntvaluein3-skew-locked-seed-50,fail,direct_max,idelayctrl,all,,,endpoint,6,1126.0,1610.5,2474.0,2474.0,1348.0,2474.0
cntvaluein3-skew-locked-seed-51,fail,direct_max,idelayctrl,all,,,endpoint,6,1126.0,1615.5,1656.0,1656.0,530.0,1656.0
cntvaluein3-skew-locked-seed-52,fail,direct_max,idelayctrl,all,,,endpoint,6,1126.0,1457.5,2789.0,2789.0,1663.0,2789.0
cntvaluein3-skew-locked-seed-53,fail,direct_max,idelayctrl,all,,,endpoint,6,1126.0,1614.5,2670.0,2670.0,1544.0,2670.0
cntvaluein3-skew-locked-seed-54,pass,direct_max,idelayctrl,all,,,endpoint,6,1126.0,1424.5,2700.0,2700.0,1574.0,2700.0
cntvaluein3-skew-locked-seed-55,pass,direct_max,idelayctrl,all,,,endpoint,6,1126.0,2066.5,2835.0,2835.0,1709.0,2835.0
cntvaluein3-skew-locked-seed-56,pass,direct_max,idelayctrl,all,,,endpoint,6,1126.0,1469.0,1501.0,1501.0,375.0,1501.0
cntvaluein3-skew-locked-seed-57,pass,direct_max,idelayctrl,all,,,endpoint,6,1126.0,1570.5,1782.0,1782.0,656.0,1782.0
cntvaluein3-skew-locked-seed-58,pass,direct_max,idelayctrl,all,,,endpoint,6,1126.0,1446.0,1648.0,1648.0,522.0,1648.0
cntvaluein3-skew-locked-seed-59,pass,direct_max,idelayctrl,all,,,endpoint,6,1126.0,1898.5,2490.0,2490.0,1364.0,2490.0
cntvaluein3-skew-locked-seed-60,fail,direct_max,idelayctrl,all,,,endpoint,5,1126.0,1646.0,2775.0,2775.0,1649.0,2775.0
cntvaluein3-skew-locked-seed-31,pass,direct_max,reset_release,all,,,endpoint,8,0.0,179.0,1215.0,1215.0,1215.0,1215.0
cntvaluein3-skew-locked-seed-32,pass,direct_max,reset_release,all,,,endpoint,8,0.0,282.5,855.0,855.0,855.0,855.0
cntvaluein3-skew-locked-seed-33,fail,direct_max,reset_release,all,,,endpoint,8,0.0,175.5,720.0,720.0,720.0,720.0
cntvaluein3-skew-locked-seed-34,pass,direct_max,reset_release,all,,,endpoint,8,0.0,87.5,500.0,500.0,500.0,500.0
cntvaluein3-skew-locked-seed-35,pass,direct_max,reset_release,all,,,endpoint,8,0.0,260.0,584.0,584.0,584.0,584.0
cntvaluein3-skew-locked-seed-36,fail,direct_max,reset_release,all,,,endpoint,8,0.0,87.5,495.0,495.0,495.0,495.0
cntvaluein3-skew-locked-seed-37,pass,direct_max,reset_release,all,,,endpoint,8,0.0,304.5,990.0,990.0,990.0,990.0
cntvaluein3-skew-locked-seed-38,pass,direct_max,reset_release,all,,,endpoint,8,0.0,25.0,675.0,675.0,675.0,675.0
cntvaluein3-skew-locked-seed-39,fail,direct_max,reset_release,all,,,endpoint,8,0.0,167.5,629.0,629.0,629.0,629.0
cntvaluein3-skew-locked-seed-40,pass,direct_max,reset_release,all,,,endpoint,8,0.0,25.0,407.0,407.0,407.0,407.0
cntvaluein3-skew-locked-seed-41,fail,direct_max,reset_release,all,,,endpoint,8,0.0,394.5,1095.0,1095.0,1095.0,1095.0
cntvaluein3-skew-locked-seed-42,pass,direct_max,reset_release,all,,,endpoint,8,0.0,208.0,584.0,584.0,584.0,584.0
cntvaluein3-skew-locked-seed-43,pass,direct_max,reset_release,all,,,endpoint,8,0.0,87.5,675.0,675.0,675.0,675.0
cntvaluein3-skew-locked-seed-44,pass,direct_max,reset_release,all,,,endpoint,8,0.0,87.5,764.0,764.0,764.0,764.0
cntvaluein3-skew-locked-seed-45,fail,direct_max,reset_release,all,,,endpoint,8,0.0,522.0,1049.0,1049.0,1049.0,1049.0
cntvaluein3-skew-locked-seed-46,pass,direct_max,reset_release,all,,,endpoint,8,0.0,25.0,629.0,629.0,629.0,629.0
cntvaluein3-skew-locked-seed-47,pass,direct_max,reset_release,all,,,endpoint,8,0.0,87.5,675.0,675.0,675.0,675.0
cntvaluein3-skew-locked-seed-48,fail,direct_max,reset_release,all,,,endpoint,8,0.0,87.5,899.0,899.0,899.0,899.0
cntvaluein3-skew-locked-seed-49,pass,direct_max,reset_release,all,,,endpoint,8,0.0,177.5,584.0,584.0,584.0,584.0
cntvaluein3-skew-locked-seed-50,fail,direct_max,reset_release,all,,,endpoint,8,0.0,87.5,584.0,584.0,584.0,584.0
cntvaluein3-skew-locked-seed-51,fail,direct_max,reset_release,all,,,endpoint,8,0.0,25.0,675.0,675.0,675.0,675.0
cntvaluein3-skew-locked-seed-52,fail,direct_max,reset_release,all,,,endpoint,8,0.0,174.0,629.0,629.0,629.0,629.0
cntvaluein3-skew-locked-seed-53,fail,direct_max,reset_release,all,,,endpoint,8,0.0,350.0,764.0,764.0,764.0,764.0
cntvaluein3-skew-locked-seed-54,pass,direct_max,reset_release,all,,,endpoint,8,0.0,221.5,540.0,540.0,540.0,540.0
cntvaluein3-skew-locked-seed-55,pass,direct_max,reset_release,all,,,endpoint,8,0.0,304.5,675.0,675.0,675.0,675.0
cntvaluein3-skew-locked-seed-56,pass,direct_max,reset_release,all,,,endpoint,8,0.0,87.5,699.0,699.0,699.0,699.0
cntvaluein3-skew-locked-seed-57,pass,direct_max,reset_release,all,,,endpoint,8,0.0,87.5,540.0,540.0,540.0,540.0
cntvaluein3-skew-locked-seed-58,pass,direct_max,reset_release,all,,,endpoint,8,0.0,87.5,764.0,764.0,764.0,764.0
cntvaluein3-skew-locked-seed-59,pass,direct_max,reset_release,all,,,endpoint,8,0.0,120.5,584.0,584.0,584.0,584.0
cntvaluein3-skew-locked-seed-60,fail,direct_max,reset_release,all,,,endpoint,8,0.0,260.0,764.0,764.0,764.0,764.0
cntvaluein3-skew-locked-seed-31,pass,lane_spread,clocking,all,,,lane,2058,119.0,1110.0,1179.0,6929.0,6810.0,6810.0
cntvaluein3-skew-locked-seed-32,pass,lane_spread,clocking,all,,,lane,2058,119.0,1110.0,1179.0,7110.0,6991.0,6991.0
cntvaluein3-skew-locked-seed-33,fail,lane_spread,clocking,all,,,lane,2059,119.0,1110.0,1179.0,7094.0,6975.0,6975.0
cntvaluein3-skew-locked-seed-34,pass,lane_spread,clocking,all,,,lane,2058,119.0,1110.0,1179.0,6869.0,6750.0,6750.0
cntvaluein3-skew-locked-seed-35,pass,lane_spread,clocking,all,,,lane,2058,119.0,1110.0,1179.0,6885.0,6766.0,6766.0
cntvaluein3-skew-locked-seed-36,fail,lane_spread,clocking,all,,,lane,2058,119.0,1110.0,1179.0,6855.0,6736.0,6736.0
cntvaluein3-skew-locked-seed-37,pass,lane_spread,clocking,all,,,lane,2059,119.0,1110.0,1179.0,6735.0,6616.0,6616.0
cntvaluein3-skew-locked-seed-38,pass,lane_spread,clocking,all,,,lane,2059,119.0,1110.0,1179.0,7079.0,6960.0,6960.0
cntvaluein3-skew-locked-seed-39,fail,lane_spread,clocking,all,,,lane,2058,119.0,1110.0,1179.0,6554.0,6435.0,6435.0
cntvaluein3-skew-locked-seed-40,pass,lane_spread,clocking,all,,,lane,2058,119.0,1110.0,1179.0,6929.0,6810.0,6810.0
cntvaluein3-skew-locked-seed-41,fail,lane_spread,clocking,all,,,lane,2059,119.0,1110.0,1179.0,6719.0,6600.0,6600.0
cntvaluein3-skew-locked-seed-42,pass,lane_spread,clocking,all,,,lane,2058,119.0,1110.0,1179.0,6539.0,6420.0,6420.0
cntvaluein3-skew-locked-seed-43,pass,lane_spread,clocking,all,,,lane,2059,119.0,1110.0,1179.0,6704.0,6585.0,6585.0
cntvaluein3-skew-locked-seed-44,pass,lane_spread,clocking,all,,,lane,2058,119.0,1110.0,1179.0,6675.0,6556.0,6556.0
cntvaluein3-skew-locked-seed-45,fail,lane_spread,clocking,all,,,lane,2058,119.0,1110.0,1179.0,6869.0,6750.0,6750.0
cntvaluein3-skew-locked-seed-46,pass,lane_spread,clocking,all,,,lane,2059,119.0,1110.0,1179.0,7215.0,7096.0,7096.0
cntvaluein3-skew-locked-seed-47,pass,lane_spread,clocking,all,,,lane,2058,119.0,1110.0,1179.0,7155.0,7036.0,7036.0
cntvaluein3-skew-locked-seed-48,fail,lane_spread,clocking,all,,,lane,2058,119.0,1110.0,1179.0,7050.0,6931.0,6931.0
cntvaluein3-skew-locked-seed-49,pass,lane_spread,clocking,all,,,lane,2058,119.0,1110.0,1179.0,6824.0,6705.0,6705.0
cntvaluein3-skew-locked-seed-50,fail,lane_spread,clocking,all,,,lane,2059,119.0,1110.0,1179.0,7215.0,7096.0,7096.0
cntvaluein3-skew-locked-seed-51,fail,lane_spread,clocking,all,,,lane,2058,119.0,1110.0,1179.0,6780.0,6661.0,6661.0
cntvaluein3-skew-locked-seed-52,fail,lane_spread,clocking,all,,,lane,2059,119.0,1110.0,1179.0,7079.0,6960.0,6960.0
cntvaluein3-skew-locked-seed-53,fail,lane_spread,clocking,all,,,lane,2058,119.0,1110.0,1179.0,6809.0,6690.0,6690.0
cntvaluein3-skew-locked-seed-54,pass,lane_spread,clocking,all,,,lane,2058,119.0,1110.0,1179.0,6974.0,6855.0,6855.0
cntvaluein3-skew-locked-seed-55,pass,lane_spread,clocking,all,,,lane,2059,119.0,1110.0,1179.0,6945.0,6826.0,6826.0
cntvaluein3-skew-locked-seed-56,pass,lane_spread,clocking,all,,,lane,2059,119.0,1110.0,1179.0,6824.0,6705.0,6705.0
cntvaluein3-skew-locked-seed-57,pass,lane_spread,clocking,all,,,lane,2059,119.0,1110.0,1179.0,6719.0,6600.0,6600.0
cntvaluein3-skew-locked-seed-58,pass,lane_spread,clocking,all,,,lane,2058,119.0,1110.0,1179.0,6434.0,6315.0,6315.0
cntvaluein3-skew-locked-seed-59,pass,lane_spread,clocking,all,,,lane,2059,119.0,1110.0,1179.0,6809.0,6690.0,6690.0
cntvaluein3-skew-locked-seed-60,fail,lane_spread,clocking,all,,,lane,2058,119.0,1110.0,1179.0,6150.0,6031.0,6031.0
cntvaluein3-skew-locked-seed-31,pass,lane_spread,clocking,lane0,,,lane,53,1179.0,1279.0,1314.0,1314.0,135.0,135.0
cntvaluein3-skew-locked-seed-32,pass,lane_spread,clocking,lane0,,,lane,53,1179.0,1279.0,1314.0,1314.0,135.0,135.0
cntvaluein3-skew-locked-seed-33,fail,lane_spread,clocking,lane0,,,lane,53,1179.0,1279.0,1314.0,1314.0,135.0,135.0
cntvaluein3-skew-locked-seed-34,pass,lane_spread,clocking,lane0,,,lane,53,1179.0,1279.0,1314.0,1314.0,135.0,135.0
cntvaluein3-skew-locked-seed-35,pass,lane_spread,clocking,lane0,,,lane,53,1179.0,1279.0,1314.0,1314.0,135.0,135.0
cntvaluein3-skew-locked-seed-36,fail,lane_spread,clocking,lane0,,,lane,53,1179.0,1279.0,1314.0,1314.0,135.0,135.0
cntvaluein3-skew-locked-seed-37,pass,lane_spread,clocking,lane0,,,lane,53,1179.0,1279.0,1314.0,1314.0,135.0,135.0
cntvaluein3-skew-locked-seed-38,pass,lane_spread,clocking,lane0,,,lane,53,1179.0,1279.0,1314.0,1314.0,135.0,135.0
cntvaluein3-skew-locked-seed-39,fail,lane_spread,clocking,lane0,,,lane,53,1179.0,1279.0,1314.0,1314.0,135.0,135.0
cntvaluein3-skew-locked-seed-40,pass,lane_spread,clocking,lane0,,,lane,53,1179.0,1279.0,1314.0,1314.0,135.0,135.0
cntvaluein3-skew-locked-seed-41,fail,lane_spread,clocking,lane0,,,lane,53,1179.0,1279.0,1314.0,1314.0,135.0,135.0
cntvaluein3-skew-locked-seed-42,pass,lane_spread,clocking,lane0,,,lane,53,1179.0,1279.0,1314.0,1314.0,135.0,135.0
cntvaluein3-skew-locked-seed-43,pass,lane_spread,clocking,lane0,,,lane,53,1179.0,1279.0,1314.0,1314.0,135.0,135.0
cntvaluein3-skew-locked-seed-44,pass,lane_spread,clocking,lane0,,,lane,53,1179.0,1279.0,1314.0,1314.0,135.0,135.0
cntvaluein3-skew-locked-seed-45,fail,lane_spread,clocking,lane0,,,lane,53,1179.0,1279.0,1314.0,1314.0,135.0,135.0
cntvaluein3-skew-locked-seed-46,pass,lane_spread,clocking,lane0,,,lane,53,1179.0,1279.0,1314.0,1314.0,135.0,135.0
cntvaluein3-skew-locked-seed-47,pass,lane_spread,clocking,lane0,,,lane,53,1179.0,1279.0,1314.0,1314.0,135.0,135.0
cntvaluein3-skew-locked-seed-48,fail,lane_spread,clocking,lane0,,,lane,53,1179.0,1279.0,1314.0,1314.0,135.0,135.0
cntvaluein3-skew-locked-seed-49,pass,lane_spread,clocking,lane0,,,lane,53,1179.0,1279.0,1314.0,1314.0,135.0,135.0
cntvaluein3-skew-locked-seed-50,fail,lane_spread,clocking,lane0,,,lane,53,1179.0,1279.0,1314.0,1314.0,135.0,135.0
cntvaluein3-skew-locked-seed-51,fail,lane_spread,clocking,lane0,,,lane,53,1179.0,1279.0,1314.0,1314.0,135.0,135.0
cntvaluein3-skew-locked-seed-52,fail,lane_spread,clocking,lane0,,,lane,53,1179.0,1279.0,1314.0,1314.0,135.0,135.0
cntvaluein3-skew-locked-seed-53,fail,lane_spread,clocking,lane0,,,lane,53,1179.0,1279.0,1314.0,1314.0,135.0,135.0
cntvaluein3-skew-locked-seed-54,pass,lane_spread,clocking,lane0,,,lane,53,1179.0,1279.0,1314.0,1314.0,135.0,135.0
cntvaluein3-skew-locked-seed-55,pass,lane_spread,clocking,lane0,,,lane,53,1179.0,1279.0,1314.0,1314.0,135.0,135.0
cntvaluein3-skew-locked-seed-56,pass,lane_spread,clocking,lane0,,,lane,53,1179.0,1279.0,1314.0,1314.0,135.0,135.0
cntvaluein3-skew-locked-seed-57,pass,lane_spread,clocking,lane0,,,lane,53,1179.0,1279.0,1314.0,1314.0,135.0,135.0
cntvaluein3-skew-locked-seed-58,pass,lane_spread,clocking,lane0,,,lane,53,1179.0,1279.0,1314.0,1314.0,135.0,135.0
cntvaluein3-skew-locked-seed-59,pass,lane_spread,clocking,lane0,,,lane,53,1179.0,1279.0,1314.0,1314.0,135.0,135.0
cntvaluein3-skew-locked-seed-60,fail,lane_spread,clocking,lane0,,,lane,53,1179.0,1279.0,1314.0,1314.0,135.0,135.0
cntvaluein3-skew-locked-seed-31,pass,lane_spread,clocking,lane1,,,lane,53,1179.0,1279.0,1314.0,1314.0,135.0,135.0
cntvaluein3-skew-locked-seed-32,pass,lane_spread,clocking,lane1,,,lane,53,1179.0,1279.0,1314.0,1314.0,135.0,135.0
cntvaluein3-skew-locked-seed-33,fail,lane_spread,clocking,lane1,,,lane,53,1179.0,1279.0,1314.0,1314.0,135.0,135.0
cntvaluein3-skew-locked-seed-34,pass,lane_spread,clocking,lane1,,,lane,53,1179.0,1279.0,1314.0,1314.0,135.0,135.0
cntvaluein3-skew-locked-seed-35,pass,lane_spread,clocking,lane1,,,lane,53,1179.0,1279.0,1314.0,1314.0,135.0,135.0
cntvaluein3-skew-locked-seed-36,fail,lane_spread,clocking,lane1,,,lane,53,1179.0,1279.0,1314.0,1314.0,135.0,135.0
cntvaluein3-skew-locked-seed-37,pass,lane_spread,clocking,lane1,,,lane,53,1179.0,1279.0,1314.0,1314.0,135.0,135.0
cntvaluein3-skew-locked-seed-38,pass,lane_spread,clocking,lane1,,,lane,53,1179.0,1279.0,1314.0,1314.0,135.0,135.0
cntvaluein3-skew-locked-seed-39,fail,lane_spread,clocking,lane1,,,lane,53,1179.0,1279.0,1314.0,1314.0,135.0,135.0
cntvaluein3-skew-locked-seed-40,pass,lane_spread,clocking,lane1,,,lane,53,1179.0,1279.0,1314.0,1314.0,135.0,135.0
cntvaluein3-skew-locked-seed-41,fail,lane_spread,clocking,lane1,,,lane,53,1179.0,1279.0,1314.0,1314.0,135.0,135.0
cntvaluein3-skew-locked-seed-42,pass,lane_spread,clocking,lane1,,,lane,53,1179.0,1279.0,1314.0,1314.0,135.0,135.0
cntvaluein3-skew-locked-seed-43,pass,lane_spread,clocking,lane1,,,lane,53,1179.0,1279.0,1314.0,1314.0,135.0,135.0
cntvaluein3-skew-locked-seed-44,pass,lane_spread,clocking,lane1,,,lane,53,1179.0,1279.0,1314.0,1314.0,135.0,135.0
cntvaluein3-skew-locked-seed-45,fail,lane_spread,clocking,lane1,,,lane,53,1179.0,1279.0,1314.0,1314.0,135.0,135.0
cntvaluein3-skew-locked-seed-46,pass,lane_spread,clocking,lane1,,,lane,53,1179.0,1279.0,1314.0,1314.0,135.0,135.0
cntvaluein3-skew-locked-seed-47,pass,lane_spread,clocking,lane1,,,lane,53,1179.0,1279.0,1314.0,1314.0,135.0,135.0
cntvaluein3-skew-locked-seed-48,fail,lane_spread,clocking,lane1,,,lane,53,1179.0,1279.0,1314.0,1314.0,135.0,135.0
cntvaluein3-skew-locked-seed-49,pass,lane_spread,clocking,lane1,,,lane,53,1179.0,1279.0,1314.0,1314.0,135.0,135.0
cntvaluein3-skew-locked-seed-50,fail,lane_spread,clocking,lane1,,,lane,53,1179.0,1279.0,1314.0,1314.0,135.0,135.0
cntvaluein3-skew-locked-seed-51,fail,lane_spread,clocking,lane1,,,lane,53,1179.0,1279.0,1314.0,1314.0,135.0,135.0
cntvaluein3-skew-locked-seed-52,fail,lane_spread,clocking,lane1,,,lane,53,1179.0,1279.0,1314.0,1314.0,135.0,135.0
cntvaluein3-skew-locked-seed-53,fail,lane_spread,clocking,lane1,,,lane,53,1179.0,1279.0,1314.0,1314.0,135.0,135.0
cntvaluein3-skew-locked-seed-54,pass,lane_spread,clocking,lane1,,,lane,53,1179.0,1279.0,1314.0,1314.0,135.0,135.0
cntvaluein3-skew-locked-seed-55,pass,lane_spread,clocking,lane1,,,lane,53,1179.0,1279.0,1314.0,1314.0,135.0,135.0
cntvaluein3-skew-locked-seed-56,pass,lane_spread,clocking,lane1,,,lane,53,1179.0,1279.0,1314.0,1314.0,135.0,135.0
cntvaluein3-skew-locked-seed-57,pass,lane_spread,clocking,lane1,,,lane,53,1179.0,1279.0,1314.0,1314.0,135.0,135.0
cntvaluein3-skew-locked-seed-58,pass,lane_spread,clocking,lane1,,,lane,53,1179.0,1279.0,1314.0,1314.0,135.0,135.0
cntvaluein3-skew-locked-seed-59,pass,lane_spread,clocking,lane1,,,lane,53,1179.0,1279.0,1314.0,1314.0,135.0,135.0
cntvaluein3-skew-locked-seed-60,fail,lane_spread,clocking,lane1,,,lane,53,1179.0,1279.0,1314.0,1314.0,135.0,135.0
cntvaluein3-skew-locked-seed-31,pass,lane_spread,dq_iologic,lane0,,,lane,452,0.0,1156.0,1695.0,2474.0,2474.0,2474.0
cntvaluein3-skew-locked-seed-32,pass,lane_spread,dq_iologic,lane0,,,lane,452,0.0,1445.0,2322.0,3213.0,3213.0,3213.0
cntvaluein3-skew-locked-seed-33,fail,lane_spread,dq_iologic,lane0,,,lane,452,0.0,1279.0,1873.0,2506.0,2506.0,2506.0
cntvaluein3-skew-locked-seed-34,pass,lane_spread,dq_iologic,lane0,,,lane,451,0.0,1179.0,2298.0,2867.0,2867.0,2867.0
cntvaluein3-skew-locked-seed-35,pass,lane_spread,dq_iologic,lane0,,,lane,450,0.0,1179.0,2355.0,2736.0,2736.0,2736.0
cntvaluein3-skew-locked-seed-36,fail,lane_spread,dq_iologic,lane0,,,lane,454,0.0,1218.0,1815.0,2270.0,2270.0,2270.0
cntvaluein3-skew-locked-seed-37,pass,lane_spread,dq_iologic,lane0,,,lane,449,0.0,1279.0,1955.0,2823.0,2823.0,2823.0
cntvaluein3-skew-locked-seed-38,pass,lane_spread,dq_iologic,lane0,,,lane,454,0.0,1279.0,2013.0,2423.0,2423.0,2423.0
cntvaluein3-skew-locked-seed-39,fail,lane_spread,dq_iologic,lane0,,,lane,452,0.0,1215.0,1899.0,2306.0,2306.0,2306.0
cntvaluein3-skew-locked-seed-40,pass,lane_spread,dq_iologic,lane0,,,lane,453,0.0,1279.0,2025.0,2805.0,2805.0,2805.0
cntvaluein3-skew-locked-seed-41,fail,lane_spread,dq_iologic,lane0,,,lane,454,0.0,1221.0,1817.0,2520.0,2520.0,2520.0
cntvaluein3-skew-locked-seed-42,pass,lane_spread,dq_iologic,lane0,,,lane,450,0.0,1279.0,1911.0,2921.0,2921.0,2921.0
cntvaluein3-skew-locked-seed-43,pass,lane_spread,dq_iologic,lane0,,,lane,450,0.0,1279.0,2361.0,2844.0,2844.0,2844.0
cntvaluein3-skew-locked-seed-44,pass,lane_spread,dq_iologic,lane0,,,lane,455,0.0,1304.0,2548.0,3342.0,3342.0,3342.0
cntvaluein3-skew-locked-seed-45,fail,lane_spread,dq_iologic,lane0,,,lane,450,0.0,1215.0,2273.0,2913.0,2913.0,2913.0
cntvaluein3-skew-locked-seed-46,pass,lane_spread,dq_iologic,lane0,,,lane,454,0.0,1279.0,2128.0,3448.0,3448.0,3448.0
cntvaluein3-skew-locked-seed-47,pass,lane_spread,dq_iologic,lane0,,,lane,451,0.0,1213.0,1906.0,2582.0,2582.0,2582.0
cntvaluein3-skew-locked-seed-48,fail,lane_spread,dq_iologic,lane0,,,lane,449,0.0,1215.0,2216.0,2996.0,2996.0,2996.0
cntvaluein3-skew-locked-seed-49,pass,lane_spread,dq_iologic,lane0,,,lane,453,0.0,1279.0,1886.0,2349.0,2349.0,2349.0
cntvaluein3-skew-locked-seed-50,fail,lane_spread,dq_iologic,lane0,,,lane,453,0.0,1179.0,1843.0,2371.0,2371.0,2371.0
cntvaluein3-skew-locked-seed-51,fail,lane_spread,dq_iologic,lane0,,,lane,451,0.0,1314.0,2382.0,2806.0,2806.0,2806.0
cntvaluein3-skew-locked-seed-52,fail,lane_spread,dq_iologic,lane0,,,lane,451,0.0,1279.0,2039.0,2772.0,2772.0,2772.0
cntvaluein3-skew-locked-seed-53,fail,lane_spread,dq_iologic,lane0,,,lane,450,0.0,1194.5,1940.0,2450.0,2450.0,2450.0
cntvaluein3-skew-locked-seed-54,pass,lane_spread,dq_iologic,lane0,,,lane,449,0.0,1279.0,1896.0,2993.0,2993.0,2993.0
cntvaluein3-skew-locked-seed-55,pass,lane_spread,dq_iologic,lane0,,,lane,453,0.0,1394.0,2230.0,3213.0,3213.0,3213.0
cntvaluein3-skew-locked-seed-56,pass,lane_spread,dq_iologic,lane0,,,lane,453,0.0,1279.0,1860.0,2948.0,2948.0,2948.0
cntvaluein3-skew-locked-seed-57,pass,lane_spread,dq_iologic,lane0,,,lane,451,0.0,1240.0,1743.0,2565.0,2565.0,2565.0
cntvaluein3-skew-locked-seed-58,pass,lane_spread,dq_iologic,lane0,,,lane,452,0.0,1207.5,1830.0,2526.0,2526.0,2526.0
cntvaluein3-skew-locked-seed-59,pass,lane_spread,dq_iologic,lane0,,,lane,453,0.0,1185.0,1911.0,2447.0,2447.0,2447.0
cntvaluein3-skew-locked-seed-60,fail,lane_spread,dq_iologic,lane0,,,lane,453,0.0,1279.0,2032.0,2467.0,2467.0,2467.0
cntvaluein3-skew-locked-seed-31,pass,lane_spread,dq_iologic,lane1,,,lane,462,0.0,1270.0,2265.0,2651.0,2651.0,2651.0
cntvaluein3-skew-locked-seed-32,pass,lane_spread,dq_iologic,lane1,,,lane,457,0.0,1521.0,2092.0,2657.0,2657.0,2657.0
cntvaluein3-skew-locked-seed-33,fail,lane_spread,dq_iologic,lane1,,,lane,460,0.0,1252.0,2025.0,2331.0,2331.0,2331.0
cntvaluein3-skew-locked-seed-34,pass,lane_spread,dq_iologic,lane1,,,lane,460,0.0,1303.0,2098.0,2769.0,2769.0,2769.0
cntvaluein3-skew-locked-seed-35,pass,lane_spread,dq_iologic,lane1,,,lane,462,0.0,1279.0,2072.0,2578.0,2578.0,2578.0
cntvaluein3-skew-locked-seed-36,fail,lane_spread,dq_iologic,lane1,,,lane,460,0.0,1279.0,2108.0,2204.0,2204.0,2204.0
cntvaluein3-skew-locked-seed-37,pass,lane_spread,dq_iologic,lane1,,,lane,462,0.0,1192.0,1917.0,2503.0,2503.0,2503.0
cntvaluein3-skew-locked-seed-38,pass,lane_spread,dq_iologic,lane1,,,lane,460,0.0,1230.5,1731.0,2312.0,2312.0,2312.0
cntvaluein3-skew-locked-seed-39,fail,lane_spread,dq_iologic,lane1,,,lane,462,0.0,1215.0,2015.0,2867.0,2867.0,2867.0
cntvaluein3-skew-locked-seed-40,pass,lane_spread,dq_iologic,lane1,,,lane,464,0.0,1371.5,2835.0,3167.0,3167.0,3167.0
cntvaluein3-skew-locked-seed-41,fail,lane_spread,dq_iologic,lane1,,,lane,460,0.0,1279.0,2414.0,2776.0,2776.0,2776.0
cntvaluein3-skew-locked-seed-42,pass,lane_spread,dq_iologic,lane1,,,lane,466,0.0,1256.0,1901.0,2585.0,2585.0,2585.0
cntvaluein3-skew-locked-seed-43,pass,lane_spread,dq_iologic,lane1,,,lane,458,0.0,1309.5,2122.0,2516.0,2516.0,2516.0
cntvaluein3-skew-locked-seed-44,pass,lane_spread,dq_iologic,lane1,,,lane,458,0.0,1418.0,2381.0,2911.0,2911.0,2911.0
cntvaluein3-skew-locked-seed-45,fail,lane_spread,dq_iologic,lane1,,,lane,462,0.0,1345.0,2150.0,2739.0,2739.0,2739.0
cntvaluein3-skew-locked-seed-46,pass,lane_spread,dq_iologic,lane1,,,lane,463,0.0,1273.0,2086.0,3509.0,3509.0,3509.0
cntvaluein3-skew-locked-seed-47,pass,lane_spread,dq_iologic,lane1,,,lane,462,0.0,1338.0,2565.0,3197.0,3197.0,3197.0
cntvaluein3-skew-locked-seed-48,fail,lane_spread,dq_iologic,lane1,,,lane,456,0.0,1304.0,2084.0,2582.0,2582.0,2582.0
cntvaluein3-skew-locked-seed-49,pass,lane_spread,dq_iologic,lane1,,,lane,447,0.0,1279.0,2115.0,2869.0,2869.0,2869.0
cntvaluein3-skew-locked-seed-50,fail,lane_spread,dq_iologic,lane1,,,lane,460,0.0,1279.0,2325.0,2769.0,2769.0,2769.0
cntvaluein3-skew-locked-seed-51,fail,lane_spread,dq_iologic,lane1,,,lane,460,0.0,1455.0,2213.0,2786.0,2786.0,2786.0
cntvaluein3-skew-locked-seed-52,fail,lane_spread,dq_iologic,lane1,,,lane,458,0.0,1279.0,2023.0,2743.0,2743.0,2743.0
cntvaluein3-skew-locked-seed-53,fail,lane_spread,dq_iologic,lane1,,,lane,453,0.0,1258.0,2055.0,2367.0,2367.0,2367.0
cntvaluein3-skew-locked-seed-54,pass,lane_spread,dq_iologic,lane1,,,lane,458,0.0,1188.0,1667.0,2036.0,2036.0,2036.0
cntvaluein3-skew-locked-seed-55,pass,lane_spread,dq_iologic,lane1,,,lane,462,0.0,1279.0,2148.0,3151.0,3151.0,3151.0
cntvaluein3-skew-locked-seed-56,pass,lane_spread,dq_iologic,lane1,,,lane,462,0.0,1314.0,2204.0,2750.0,2750.0,2750.0
cntvaluein3-skew-locked-seed-57,pass,lane_spread,dq_iologic,lane1,,,lane,466,0.0,1347.5,2474.0,2796.0,2796.0,2796.0
cntvaluein3-skew-locked-seed-58,pass,lane_spread,dq_iologic,lane1,,,lane,466,0.0,1314.0,2295.0,2637.0,2637.0,2637.0
cntvaluein3-skew-locked-seed-59,pass,lane_spread,dq_iologic,lane1,,,lane,465,0.0,1279.0,2355.0,2535.0,2535.0,2535.0
cntvaluein3-skew-locked-seed-60,fail,lane_spread,dq_iologic,lane1,,,lane,460,0.0,1279.0,2042.0,2540.0,2540.0,2540.0
cntvaluein3-skew-locked-seed-31,pass,lane_spread,dqs_iologic,lane0,,,lane,48,0.0,1479.5,2849.0,2910.0,2910.0,2910.0
cntvaluein3-skew-locked-seed-32,pass,lane_spread,dqs_iologic,lane0,,,lane,48,0.0,1080.5,2174.0,2250.0,2250.0,2250.0
cntvaluein3-skew-locked-seed-33,fail,lane_spread,dqs_iologic,lane0,,,lane,48,0.0,1396.5,2937.0,2940.0,2940.0,2940.0
cntvaluein3-skew-locked-seed-34,pass,lane_spread,dqs_iologic,lane0,,,lane,48,0.0,1161.5,2025.0,2420.0,2420.0,2420.0
cntvaluein3-skew-locked-seed-35,pass,lane_spread,dqs_iologic,lane0,,,lane,48,0.0,1215.0,2380.0,2505.0,2505.0,2505.0
cntvaluein3-skew-locked-seed-36,fail,lane_spread,dqs_iologic,lane0,,,lane,48,0.0,1399.0,2819.0,2849.0,2849.0,2849.0
cntvaluein3-skew-locked-seed-37,pass,lane_spread,dqs_iologic,lane0,,,lane,48,0.0,1534.0,2625.0,2625.0,2625.0,2625.0
cntvaluein3-skew-locked-seed-38,pass,lane_spread,dqs_iologic,lane0,,,lane,48,0.0,1566.0,2940.0,2970.0,2970.0,2970.0
cntvaluein3-skew-locked-seed-39,fail,lane_spread,dqs_iologic,lane0,,,lane,48,0.0,1605.0,2805.0,3660.0,3660.0,3660.0
cntvaluein3-skew-locked-seed-40,pass,lane_spread,dqs_iologic,lane0,,,lane,48,0.0,1156.0,1784.0,1921.0,1921.0,1921.0
cntvaluein3-skew-locked-seed-41,fail,lane_spread,dqs_iologic,lane0,,,lane,48,0.0,1341.0,2684.0,2904.0,2904.0,2904.0
cntvaluein3-skew-locked-seed-42,pass,lane_spread,dqs_iologic,lane0,,,lane,48,0.0,1664.0,4005.0,4065.0,4065.0,4065.0
cntvaluein3-skew-locked-seed-43,pass,lane_spread,dqs_iologic,lane0,,,lane,48,0.0,1288.0,2464.0,2594.0,2594.0,2594.0
cntvaluein3-skew-locked-seed-44,pass,lane_spread,dqs_iologic,lane0,,,lane,48,0.0,1279.0,2431.0,2456.0,2456.0,2456.0
cntvaluein3-skew-locked-seed-45,fail,lane_spread,dqs_iologic,lane0,,,lane,48,0.0,1143.0,1919.0,2818.0,2818.0,2818.0
cntvaluein3-skew-locked-seed-46,pass,lane_spread,dqs_iologic,lane0,,,lane,48,0.0,1279.0,3930.0,3990.0,3990.0,3990.0
cntvaluein3-skew-locked-seed-47,pass,lane_spread,dqs_iologic,lane0,,,lane,48,0.0,1592.5,2579.0,2670.0,2670.0,2670.0
cntvaluein3-skew-locked-seed-48,fail,lane_spread,dqs_iologic,lane0,,,lane,48,0.0,1279.0,2474.0,2624.0,2624.0,2624.0
cntvaluein3-skew-locked-seed-49,pass,lane_spread,dqs_iologic,lane0,,,lane,48,0.0,1514.0,3119.0,3450.0,3450.0,3450.0
cntvaluein3-skew-locked-seed-50,fail,lane_spread,dqs_iologic,lane0,,,lane,48,0.0,1488.0,2759.0,2880.0,2880.0,2880.0
cntvaluein3-skew-locked-seed-51,fail,lane_spread,dqs_iologic,lane0,,,lane,48,0.0,1179.0,2220.0,2339.0,2339.0,2339.0
cntvaluein3-skew-locked-seed-52,fail,lane_spread,dqs_iologic,lane0,,,lane,48,0.0,1589.0,2940.0,3119.0,3119.0,3119.0
cntvaluein3-skew-locked-seed-53,fail,lane_spread,dqs_iologic,lane0,,,lane,48,0.0,1480.0,3345.0,3404.0,3404.0,3404.0
cntvaluein3-skew-locked-seed-54,pass,lane_spread,dqs_iologic,lane0,,,lane,48,0.0,1465.0,3210.0,3359.0,3359.0,3359.0
cntvaluein3-skew-locked-seed-55,pass,lane_spread,dqs_iologic,lane0,,,lane,48,0.0,1588.5,3539.0,4125.0,4125.0,4125.0
cntvaluein3-skew-locked-seed-56,pass,lane_spread,dqs_iologic,lane0,,,lane,48,0.0,1651.5,2759.0,2819.0,2819.0,2819.0
cntvaluein3-skew-locked-seed-57,pass,lane_spread,dqs_iologic,lane0,,,lane,48,0.0,1336.0,2984.0,3509.0,3509.0,3509.0
cntvaluein3-skew-locked-seed-58,pass,lane_spread,dqs_iologic,lane0,,,lane,48,0.0,1516.0,2670.0,2880.0,2880.0,2880.0
cntvaluein3-skew-locked-seed-59,pass,lane_spread,dqs_iologic,lane0,,,lane,48,0.0,1634.0,3180.0,3240.0,3240.0,3240.0
cntvaluein3-skew-locked-seed-60,fail,lane_spread,dqs_iologic,lane0,,,lane,48,0.0,1615.5,3015.0,3036.0,3036.0,3036.0
cntvaluein3-skew-locked-seed-31,pass,lane_spread,dqs_iologic,lane1,,,lane,48,0.0,1067.0,2460.0,2519.0,2519.0,2519.0
cntvaluein3-skew-locked-seed-32,pass,lane_spread,dqs_iologic,lane1,,,lane,48,0.0,980.5,1860.0,1873.0,1873.0,1873.0
cntvaluein3-skew-locked-seed-33,fail,lane_spread,dqs_iologic,lane1,,,lane,48,0.0,1044.0,2549.0,2640.0,2640.0,2640.0
cntvaluein3-skew-locked-seed-34,pass,lane_spread,dqs_iologic,lane1,,,lane,48,0.0,971.0,1786.0,2094.0,2094.0,2094.0
cntvaluein3-skew-locked-seed-35,pass,lane_spread,dqs_iologic,lane1,,,lane,48,0.0,1285.5,2085.0,2115.0,2115.0,2115.0
cntvaluein3-skew-locked-seed-36,fail,lane_spread,dqs_iologic,lane1,,,lane,48,0.0,1215.0,2460.0,2490.0,2490.0,2490.0
cntvaluein3-skew-locked-seed-37,pass,lane_spread,dqs_iologic,lane1,,,lane,48,0.0,1060.5,2234.0,2403.0,2403.0,2403.0
cntvaluein3-skew-locked-seed-38,pass,lane_spread,dqs_iologic,lane1,,,lane,48,0.0,1165.5,2549.0,2579.0,2579.0,2579.0
cntvaluein3-skew-locked-seed-39,fail,lane_spread,dqs_iologic,lane1,,,lane,48,0.0,1012.0,2654.0,3269.0,3269.0,3269.0
cntvaluein3-skew-locked-seed-40,pass,lane_spread,dqs_iologic,lane1,,,lane,48,0.0,944.0,2039.0,2039.0,2039.0,2039.0
cntvaluein3-skew-locked-seed-41,fail,lane_spread,dqs_iologic,lane1,,,lane,48,0.0,1124.0,2496.0,2569.0,2569.0,2569.0
cntvaluein3-skew-locked-seed-42,pass,lane_spread,dqs_iologic,lane1,,,lane,48,0.0,1155.0,2930.0,3674.0,3674.0,3674.0
cntvaluein3-skew-locked-seed-43,pass,lane_spread,dqs_iologic,lane1,,,lane,48,0.0,867.5,2319.0,2740.0,2740.0,2740.0
cntvaluein3-skew-locked-seed-44,pass,lane_spread,dqs_iologic,lane1,,,lane,48,0.0,986.5,2227.0,2339.0,2339.0,2339.0
cntvaluein3-skew-locked-seed-45,fail,lane_spread,dqs_iologic,lane1,,,lane,48,0.0,911.5,1995.0,2569.0,2569.0,2569.0
cntvaluein3-skew-locked-seed-46,pass,lane_spread,dqs_iologic,lane1,,,lane,48,0.0,1096.5,3480.0,3599.0,3599.0,3599.0
cntvaluein3-skew-locked-seed-47,pass,lane_spread,dqs_iologic,lane1,,,lane,48,0.0,1111.5,2234.0,2388.0,2388.0,2388.0
cntvaluein3-skew-locked-seed-48,fail,lane_spread,dqs_iologic,lane1,,,lane,48,0.0,944.0,2099.0,2171.0,2171.0,2171.0
cntvaluein3-skew-locked-seed-49,pass,lane_spread,dqs_iologic,lane1,,,lane,48,0.0,1161.5,2204.0,3089.0,3089.0,3089.0
cntvaluein3-skew-locked-seed-50,fail,lane_spread,dqs_iologic,lane1,,,lane,48,0.0,1065.5,2549.0,2592.0,2592.0,2592.0
cntvaluein3-skew-locked-seed-51,fail,lane_spread,dqs_iologic,lane1,,,lane,48,0.0,928.0,1950.0,1950.0,1950.0,1950.0
cntvaluein3-skew-locked-seed-52,fail,lane_spread,dqs_iologic,lane1,,,lane,48,0.0,1179.0,2490.0,2551.0,2551.0,2551.0
cntvaluein3-skew-locked-seed-53,fail,lane_spread,dqs_iologic,lane1,,,lane,48,0.0,1171.5,2954.0,3015.0,3015.0,3015.0
cntvaluein3-skew-locked-seed-54,pass,lane_spread,dqs_iologic,lane1,,,lane,48,0.0,1022.5,2670.0,2970.0,2970.0,2970.0
cntvaluein3-skew-locked-seed-55,pass,lane_spread,dqs_iologic,lane1,,,lane,48,0.0,1229.0,3690.0,3734.0,3734.0,3734.0
cntvaluein3-skew-locked-seed-56,pass,lane_spread,dqs_iologic,lane1,,,lane,48,0.0,1179.0,2339.0,2369.0,2369.0,2369.0
cntvaluein3-skew-locked-seed-57,pass,lane_spread,dqs_iologic,lane1,,,lane,48,0.0,1152.0,3059.0,3119.0,3119.0,3119.0
cntvaluein3-skew-locked-seed-58,pass,lane_spread,dqs_iologic,lane1,,,lane,48,0.0,1088.5,2490.0,2490.0,2490.0,2490.0
cntvaluein3-skew-locked-seed-59,pass,lane_spread,dqs_iologic,lane1,,,lane,48,0.0,1155.0,2375.0,2819.0,2819.0,2819.0
cntvaluein3-skew-locked-seed-60,fail,lane_spread,dqs_iologic,lane1,,,lane,48,0.0,1179.0,2579.0,2670.0,2670.0,2670.0
cntvaluein3-skew-locked-seed-31,pass,lane_spread,idelay_data_cntvaluein,lane0,,,lane,40,1031.0,1766.0,2395.0,2489.0,1458.0,1458.0
cntvaluein3-skew-locked-seed-32,pass,lane_spread,idelay_data_cntvaluein,lane0,,,lane,40,726.0,1089.0,2253.0,2348.0,1622.0,1622.0
cntvaluein3-skew-locked-seed-33,fail,lane_spread,idelay_data_cntvaluein,lane0,,,lane,40,1223.0,1736.5,2288.0,2382.0,1159.0,1159.0
cntvaluein3-skew-locked-seed-34,pass,lane_spread,idelay_data_cntvaluein,lane0,,,lane,40,800.0,1331.0,2150.0,2247.0,1447.0,1447.0
cntvaluein3-skew-locked-seed-35,pass,lane_spread,idelay_data_cntvaluein,lane0,,,lane,40,676.0,1000.0,2164.0,2249.0,1573.0,1573.0
cntvaluein3-skew-locked-seed-36,fail,lane_spread,idelay_data_cntvaluein,lane0,,,lane,40,1273.0,1548.0,2246.0,2338.0,1065.0,1065.0
cntvaluein3-skew-locked-seed-37,pass,lane_spread,idelay_data_cntvaluein,lane0,,,lane,40,1409.0,1776.0,2029.0,2128.0,719.0,719.0
cntvaluein3-skew-locked-seed-38,pass,lane_spread,idelay_data_cntvaluein,lane0,,,lane,40,1541.0,1938.0,2177.0,2276.0,735.0,735.0
cntvaluein3-skew-locked-seed-39,fail,lane_spread,idelay_data_cntvaluein,lane0,,,lane,40,1422.0,1873.5,2101.0,2194.0,772.0,772.0
cntvaluein3-skew-locked-seed-40,pass,lane_spread,idelay_data_cntvaluein,lane0,,,lane,40,1261.0,1801.0,2217.0,2311.0,1050.0,1050.0
cntvaluein3-skew-locked-seed-41,fail,lane_spread,idelay_data_cntvaluein,lane0,,,lane,40,1101.0,1703.5,1981.0,1996.0,895.0,895.0
cntvaluein3-skew-locked-seed-42,pass,lane_spread,idelay_data_cntvaluein,lane0,,,lane,40,1401.0,1760.5,2035.0,2180.0,779.0,779.0
cntvaluein3-skew-locked-seed-43,pass,lane_spread,idelay_data_cntvaluein,lane0,,,lane,40,680.0,1119.0,2174.0,2204.0,1524.0,1524.0
cntvaluein3-skew-locked-seed-44,pass,lane_spread,idelay_data_cntvaluein,lane0,,,lane,40,916.0,1195.0,2338.0,2431.0,1515.0,1515.0
cntvaluein3-skew-locked-seed-45,fail,lane_spread,idelay_data_cntvaluein,lane0,,,lane,40,777.0,1114.0,1532.0,1623.0,846.0,846.0
cntvaluein3-skew-locked-seed-46,pass,lane_spread,idelay_data_cntvaluein,lane0,,,lane,40,907.0,1314.5,1758.0,1832.0,925.0,925.0
cntvaluein3-skew-locked-seed-47,pass,lane_spread,idelay_data_cntvaluein,lane0,,,lane,40,1534.0,2090.5,2368.0,2460.0,926.0,926.0
cntvaluein3-skew-locked-seed-48,fail,lane_spread,idelay_data_cntvaluein,lane0,,,lane,40,903.0,1181.0,2079.0,2089.0,1186.0,1186.0
cntvaluein3-skew-locked-seed-49,pass,lane_spread,idelay_data_cntvaluein,lane0,,,lane,40,1062.0,1957.0,2536.0,2658.0,1596.0,1596.0
cntvaluein3-skew-locked-seed-50,fail,lane_spread,idelay_data_cntvaluein,lane0,,,lane,40,1121.0,1651.0,2105.0,2198.0,1077.0,1077.0
cntvaluein3-skew-locked-seed-51,fail,lane_spread,idelay_data_cntvaluein,lane0,,,lane,40,791.0,1143.5,1924.0,2015.0,1224.0,1224.0
cntvaluein3-skew-locked-seed-52,fail,lane_spread,idelay_data_cntvaluein,lane0,,,lane,40,1149.0,2013.0,2177.0,2253.0,1104.0,1104.0
cntvaluein3-skew-locked-seed-53,fail,lane_spread,idelay_data_cntvaluein,lane0,,,lane,40,1146.0,1631.5,2069.0,2236.0,1090.0,1090.0
cntvaluein3-skew-locked-seed-54,pass,lane_spread,idelay_data_cntvaluein,lane0,,,lane,40,824.0,1233.0,2194.0,2286.0,1462.0,1462.0
cntvaluein3-skew-locked-seed-55,pass,lane_spread,idelay_data_cntvaluein,lane0,,,lane,40,1636.0,2073.0,2361.0,2457.0,821.0,821.0
cntvaluein3-skew-locked-seed-56,pass,lane_spread,idelay_data_cntvaluein,lane0,,,lane,40,1062.0,1503.5,2510.0,2604.0,1542.0,1542.0
cntvaluein3-skew-locked-seed-57,pass,lane_spread,idelay_data_cntvaluein,lane0,,,lane,40,1402.0,1813.0,2687.0,2780.0,1378.0,1378.0
cntvaluein3-skew-locked-seed-58,pass,lane_spread,idelay_data_cntvaluein,lane0,,,lane,40,1118.0,1595.0,2104.0,2198.0,1080.0,1080.0
cntvaluein3-skew-locked-seed-59,pass,lane_spread,idelay_data_cntvaluein,lane0,,,lane,40,1001.0,1501.0,1937.0,2029.0,1028.0,1028.0
cntvaluein3-skew-locked-seed-60,fail,lane_spread,idelay_data_cntvaluein,lane0,,,lane,40,982.0,1637.5,2134.0,2190.0,1208.0,1208.0
cntvaluein3-skew-locked-seed-31,pass,lane_spread,idelay_data_cntvaluein,lane1,,,lane,40,823.0,1377.0,2207.0,2390.0,1567.0,1567.0
cntvaluein3-skew-locked-seed-32,pass,lane_spread,idelay_data_cntvaluein,lane1,,,lane,40,412.0,775.0,1942.0,2118.0,1706.0,1706.0
cntvaluein3-skew-locked-seed-33,fail,lane_spread,idelay_data_cntvaluein,lane1,,,lane,40,1100.0,1444.5,1879.0,2032.0,932.0,932.0
cntvaluein3-skew-locked-seed-34,pass,lane_spread,idelay_data_cntvaluein,lane1,,,lane,40,435.0,851.5,2000.0,2118.0,1683.0,1683.0
cntvaluein3-skew-locked-seed-35,pass,lane_spread,idelay_data_cntvaluein,lane1,,,lane,40,407.0,630.0,1921.0,2013.0,1606.0,1606.0
cntvaluein3-skew-locked-seed-36,fail,lane_spread,idelay_data_cntvaluein,lane1,,,lane,40,998.0,1562.5,1804.0,1888.0,890.0,890.0
cntvaluein3-skew-locked-seed-37,pass,lane_spread,idelay_data_cntvaluein,lane1,,,lane,40,1046.0,1493.0,1858.0,1896.0,850.0,850.0
cntvaluein3-skew-locked-seed-38,pass,lane_spread,idelay_data_cntvaluein,lane1,,,lane,40,1082.0,1653.0,1932.0,2023.0,941.0,941.0
cntvaluein3-skew-locked-seed-39,fail,lane_spread,idelay_data_cntvaluein,lane1,,,lane,40,1042.0,1589.0,2016.0,2108.0,1066.0,1066.0
cntvaluein3-skew-locked-seed-40,pass,lane_spread,idelay_data_cntvaluein,lane1,,,lane,40,1281.0,1564.5,1817.0,1950.0,669.0,669.0
cntvaluein3-skew-locked-seed-41,fail,lane_spread,idelay_data_cntvaluein,lane1,,,lane,40,927.0,1350.0,1669.0,1705.0,778.0,778.0
cntvaluein3-skew-locked-seed-42,pass,lane_spread,idelay_data_cntvaluein,lane1,,,lane,40,1128.0,1457.5,1779.0,1955.0,827.0,827.0
cntvaluein3-skew-locked-seed-43,pass,lane_spread,idelay_data_cntvaluein,lane1,,,lane,40,407.0,643.5,1909.0,2180.0,1773.0,1773.0
cntvaluein3-skew-locked-seed-44,pass,lane_spread,idelay_data_cntvaluein,lane1,,,lane,40,435.0,895.0,1726.0,1766.0,1331.0,1331.0
cntvaluein3-skew-locked-seed-45,fail,lane_spread,idelay_data_cntvaluein,lane1,,,lane,40,407.0,682.0,1340.0,1366.0,959.0,959.0
cntvaluein3-skew-locked-seed-46,pass,lane_spread,idelay_data_cntvaluein,lane1,,,lane,40,541.0,947.0,1575.0,1583.0,1042.0,1042.0
cntvaluein3-skew-locked-seed-47,pass,lane_spread,idelay_data_cntvaluein,lane1,,,lane,40,1297.0,1618.0,2177.0,2279.0,982.0,982.0
cntvaluein3-skew-locked-seed-48,fail,lane_spread,idelay_data_cntvaluein,lane1,,,lane,40,460.0,913.0,1922.0,2061.0,1601.0,1601.0
cntvaluein3-skew-locked-seed-49,pass,lane_spread,idelay_data_cntvaluein,lane1,,,lane,40,853.0,1590.5,2058.0,2227.0,1374.0,1374.0
cntvaluein3-skew-locked-seed-50,fail,lane_spread,idelay_data_cntvaluein,lane1,,,lane,40,873.0,1394.5,1899.0,1991.0,1118.0,1118.0
cntvaluein3-skew-locked-seed-51,fail,lane_spread,idelay_data_cntvaluein,lane1,,,lane,40,423.0,912.0,1588.0,1871.0,1448.0,1448.0
cntvaluein3-skew-locked-seed-52,fail,lane_spread,idelay_data_cntvaluein,lane1,,,lane,40,1174.0,1667.5,2009.0,2049.0,875.0,875.0
cntvaluein3-skew-locked-seed-53,fail,lane_spread,idelay_data_cntvaluein,lane1,,,lane,40,779.0,1369.5,1891.0,2073.0,1294.0,1294.0
cntvaluein3-skew-locked-seed-54,pass,lane_spread,idelay_data_cntvaluein,lane1,,,lane,40,446.0,816.5,1794.0,1878.0,1432.0,1432.0
cntvaluein3-skew-locked-seed-55,pass,lane_spread,idelay_data_cntvaluein,lane1,,,lane,40,1305.0,1586.5,1850.0,1853.0,548.0,548.0
cntvaluein3-skew-locked-seed-56,pass,lane_spread,idelay_data_cntvaluein,lane1,,,lane,40,970.0,1354.0,1855.0,1909.0,939.0,939.0
cntvaluein3-skew-locked-seed-57,pass,lane_spread,idelay_data_cntvaluein,lane1,,,lane,40,1098.0,1526.0,2334.0,2516.0,1418.0,1418.0
cntvaluein3-skew-locked-seed-58,pass,lane_spread,idelay_data_cntvaluein,lane1,,,lane,40,912.0,1378.5,1603.0,1620.0,708.0,708.0
cntvaluein3-skew-locked-seed-59,pass,lane_spread,idelay_data_cntvaluein,lane1,,,lane,40,999.0,1339.5,1713.0,1845.0,846.0,846.0
cntvaluein3-skew-locked-seed-60,fail,lane_spread,idelay_data_cntvaluein,lane1,,,lane,40,975.0,1304.5,1906.0,2088.0,1113.0,1113.0
cntvaluein3-skew-locked-seed-31,pass,lane_spread,idelay_dqs_cntvaluein,lane0,,,lane,5,1080.0,1289.0,1978.0,1978.0,898.0,898.0
cntvaluein3-skew-locked-seed-32,pass,lane_spread,idelay_dqs_cntvaluein,lane0,,,lane,5,926.0,1062.0,2055.0,2055.0,1129.0,1129.0
cntvaluein3-skew-locked-seed-33,fail,lane_spread,idelay_dqs_cntvaluein,lane0,,,lane,5,1488.0,1592.0,2076.0,2076.0,588.0,588.0
cntvaluein3-skew-locked-seed-34,pass,lane_spread,idelay_dqs_cntvaluein,lane0,,,lane,5,907.0,1072.0,2174.0,2174.0,1267.0,1267.0
cntvaluein3-skew-locked-seed-35,pass,lane_spread,idelay_dqs_cntvaluein,lane0,,,lane,5,1067.0,1259.0,2128.0,2128.0,1061.0,1061.0
cntvaluein3-skew-locked-seed-36,fail,lane_spread,idelay_dqs_cntvaluein,lane0,,,lane,5,1167.0,1434.0,1799.0,1799.0,632.0,632.0
cntvaluein3-skew-locked-seed-37,pass,lane_spread,idelay_dqs_cntvaluein,lane0,,,lane,5,1055.0,1631.0,1858.0,1858.0,803.0,803.0
cntvaluein3-skew-locked-seed-38,pass,lane_spread,idelay_dqs_cntvaluein,lane0,,,lane,5,1427.0,1572.0,2000.0,2000.0,573.0,573.0
cntvaluein3-skew-locked-seed-39,fail,lane_spread,idelay_dqs_cntvaluein,lane0,,,lane,5,1633.0,1761.0,2112.0,2112.0,479.0,479.0
cntvaluein3-skew-locked-seed-40,pass,lane_spread,idelay_dqs_cntvaluein,lane0,,,lane,5,569.0,930.0,2095.0,2095.0,1526.0,1526.0
cntvaluein3-skew-locked-seed-41,fail,lane_spread,idelay_dqs_cntvaluein,lane0,,,lane,5,1218.0,1809.0,2283.0,2283.0,1065.0,1065.0
cntvaluein3-skew-locked-seed-42,pass,lane_spread,idelay_dqs_cntvaluein,lane0,,,lane,5,1496.0,1600.0,2188.0,2188.0,692.0,692.0
cntvaluein3-skew-locked-seed-43,pass,lane_spread,idelay_dqs_cntvaluein,lane0,,,lane,5,768.0,842.0,2058.0,2058.0,1290.0,1290.0
cntvaluein3-skew-locked-seed-44,pass,lane_spread,idelay_dqs_cntvaluein,lane0,,,lane,5,1023.0,1340.0,1674.0,1674.0,651.0,651.0
cntvaluein3-skew-locked-seed-45,fail,lane_spread,idelay_dqs_cntvaluein,lane0,,,lane,5,777.0,864.0,2048.0,2048.0,1271.0,1271.0
cntvaluein3-skew-locked-seed-46,pass,lane_spread,idelay_dqs_cntvaluein,lane0,,,lane,5,1577.0,1725.0,1973.0,1973.0,396.0,396.0
cntvaluein3-skew-locked-seed-47,pass,lane_spread,idelay_dqs_cntvaluein,lane0,,,lane,5,1274.0,1648.0,1932.0,1932.0,658.0,658.0
cntvaluein3-skew-locked-seed-48,fail,lane_spread,idelay_dqs_cntvaluein,lane0,,,lane,5,861.0,1070.0,1940.0,1940.0,1079.0,1079.0
cntvaluein3-skew-locked-seed-49,pass,lane_spread,idelay_dqs_cntvaluein,lane0,,,lane,5,1692.0,1830.0,2012.0,2012.0,320.0,320.0
cntvaluein3-skew-locked-seed-50,fail,lane_spread,idelay_dqs_cntvaluein,lane0,,,lane,5,992.0,1549.0,1991.0,1991.0,999.0,999.0
cntvaluein3-skew-locked-seed-51,fail,lane_spread,idelay_dqs_cntvaluein,lane0,,,lane,5,945.0,1075.0,2036.0,2036.0,1091.0,1091.0
cntvaluein3-skew-locked-seed-52,fail,lane_spread,idelay_dqs_cntvaluein,lane0,,,lane,5,1172.0,1929.0,2397.0,2397.0,1225.0,1225.0
cntvaluein3-skew-locked-seed-53,fail,lane_spread,idelay_dqs_cntvaluein,lane0,,,lane,5,1452.0,1585.0,2168.0,2168.0,716.0,716.0
cntvaluein3-skew-locked-seed-54,pass,lane_spread,idelay_dqs_cntvaluein,lane0,,,lane,5,1371.0,1845.0,2086.0,2086.0,715.0,715.0
cntvaluein3-skew-locked-seed-55,pass,lane_spread,idelay_dqs_cntvaluein,lane0,,,lane,5,1700.0,1764.0,1942.0,1942.0,242.0,242.0
cntvaluein3-skew-locked-seed-56,pass,lane_spread,idelay_dqs_cntvaluein,lane0,,,lane,5,1315.0,1621.0,1893.0,1893.0,578.0,578.0
cntvaluein3-skew-locked-seed-57,pass,lane_spread,idelay_dqs_cntvaluein,lane0,,,lane,5,1368.0,1646.0,2073.0,2073.0,705.0,705.0
cntvaluein3-skew-locked-seed-58,pass,lane_spread,idelay_dqs_cntvaluein,lane0,,,lane,5,1386.0,1960.0,1970.0,1970.0,584.0,584.0
cntvaluein3-skew-locked-seed-59,pass,lane_spread,idelay_dqs_cntvaluein,lane0,,,lane,5,1205.0,1657.0,1799.0,1799.0,594.0,594.0
cntvaluein3-skew-locked-seed-60,fail,lane_spread,idelay_dqs_cntvaluein,lane0,,,lane,5,1273.0,1644.0,1746.0,1746.0,473.0,473.0
cntvaluein3-skew-locked-seed-31,pass,lane_spread,idelay_dqs_cntvaluein,lane1,,,lane,5,855.0,1105.0,1700.0,1700.0,845.0,845.0
cntvaluein3-skew-locked-seed-32,pass,lane_spread,idelay_dqs_cntvaluein,lane1,,,lane,5,561.0,717.0,2194.0,2194.0,1633.0,1633.0
cntvaluein3-skew-locked-seed-33,fail,lane_spread,idelay_dqs_cntvaluein,lane1,,,lane,5,1156.0,1314.0,1835.0,1835.0,679.0,679.0
cntvaluein3-skew-locked-seed-34,pass,lane_spread,idelay_dqs_cntvaluein,lane1,,,lane,5,654.0,824.0,1659.0,1659.0,1005.0,1005.0
cntvaluein3-skew-locked-seed-35,pass,lane_spread,idelay_dqs_cntvaluein,lane1,,,lane,5,827.0,864.0,1876.0,1876.0,1049.0,1049.0
cntvaluein3-skew-locked-seed-36,fail,lane_spread,idelay_dqs_cntvaluein,lane1,,,lane,5,773.0,1156.0,1537.0,1537.0,764.0,764.0
cntvaluein3-skew-locked-seed-37,pass,lane_spread,idelay_dqs_cntvaluein,lane1,,,lane,5,1054.0,1427.0,1585.0,1585.0,531.0,531.0
cntvaluein3-skew-locked-seed-38,pass,lane_spread,idelay_dqs_cntvaluein,lane1,,,lane,5,1294.0,1383.0,1503.0,1503.0,209.0,209.0
cntvaluein3-skew-locked-seed-39,fail,lane_spread,idelay_dqs_cntvaluein,lane1,,,lane,5,1282.0,1552.0,1708.0,1708.0,426.0,426.0
cntvaluein3-skew-locked-seed-40,pass,lane_spread,idelay_dqs_cntvaluein,lane1,,,lane,5,570.0,1008.0,1817.0,1817.0,1247.0,1247.0
cntvaluein3-skew-locked-seed-41,fail,lane_spread,idelay_dqs_cntvaluein,lane1,,,lane,5,1187.0,1567.0,1875.0,1875.0,688.0,688.0
cntvaluein3-skew-locked-seed-42,pass,lane_spread,idelay_dqs_cntvaluein,lane1,,,lane,5,1220.0,1322.0,1904.0,1904.0,684.0,684.0
cntvaluein3-skew-locked-seed-43,pass,lane_spread,idelay_dqs_cntvaluein,lane1,,,lane,5,527.0,597.0,1889.0,1889.0,1362.0,1362.0
cntvaluein3-skew-locked-seed-44,pass,lane_spread,idelay_dqs_cntvaluein,lane1,,,lane,5,681.0,796.0,1748.0,1748.0,1067.0,1067.0
cntvaluein3-skew-locked-seed-45,fail,lane_spread,idelay_dqs_cntvaluein,lane1,,,lane,5,569.0,644.0,2016.0,2016.0,1447.0,1447.0
cntvaluein3-skew-locked-seed-46,pass,lane_spread,idelay_dqs_cntvaluein,lane1,,,lane,5,1302.0,1406.0,1501.0,1501.0,199.0,199.0
cntvaluein3-skew-locked-seed-47,pass,lane_spread,idelay_dqs_cntvaluein,lane1,,,lane,5,999.0,1370.0,1751.0,1751.0,752.0,752.0
cntvaluein3-skew-locked-seed-48,fail,lane_spread,idelay_dqs_cntvaluein,lane1,,,lane,5,657.0,791.0,1585.0,1585.0,928.0,928.0
cntvaluein3-skew-locked-seed-49,pass,lane_spread,idelay_dqs_cntvaluein,lane1,,,lane,5,1281.0,1536.0,1616.0,1616.0,335.0,335.0
cntvaluein3-skew-locked-seed-50,fail,lane_spread,idelay_dqs_cntvaluein,lane1,,,lane,5,981.0,1320.0,1572.0,1572.0,591.0,591.0
cntvaluein3-skew-locked-seed-51,fail,lane_spread,idelay_dqs_cntvaluein,lane1,,,lane,5,580.0,787.0,1572.0,1572.0,992.0,992.0
cntvaluein3-skew-locked-seed-52,fail,lane_spread,idelay_dqs_cntvaluein,lane1,,,lane,5,1070.0,1529.0,2180.0,2180.0,1110.0,1110.0
cntvaluein3-skew-locked-seed-53,fail,lane_spread,idelay_dqs_cntvaluein,lane1,,,lane,5,1036.0,1360.0,1824.0,1824.0,788.0,788.0
cntvaluein3-skew-locked-seed-54,pass,lane_spread,idelay_dqs_cntvaluein,lane1,,,lane,5,1047.0,1513.0,1753.0,1753.0,706.0,706.0
cntvaluein3-skew-locked-seed-55,pass,lane_spread,idelay_dqs_cntvaluein,lane1,,,lane,5,1425.0,1557.0,1722.0,1722.0,297.0,297.0
cntvaluein3-skew-locked-seed-56,pass,lane_spread,idelay_dqs_cntvaluein,lane1,,,lane,5,986.0,1360.0,1610.0,1610.0,624.0,624.0
cntvaluein3-skew-locked-seed-57,pass,lane_spread,idelay_dqs_cntvaluein,lane1,,,lane,5,1050.0,1340.0,1641.0,1641.0,591.0,591.0
cntvaluein3-skew-locked-seed-58,pass,lane_spread,idelay_dqs_cntvaluein,lane1,,,lane,5,1128.0,1478.0,1649.0,1649.0,521.0,521.0
cntvaluein3-skew-locked-seed-59,pass,lane_spread,idelay_dqs_cntvaluein,lane1,,,lane,5,1297.0,1457.0,1748.0,1748.0,451.0,451.0
cntvaluein3-skew-locked-seed-60,fail,lane_spread,idelay_dqs_cntvaluein,lane1,,,lane,5,930.0,1463.0,1667.0,1667.0,737.0,737.0
cntvaluein3-skew-locked-seed-31,pass,lane_spread,idelay_ld,lane0,,,lane,9,1157.0,1302.0,1565.0,1565.0,408.0,408.0
cntvaluein3-skew-locked-seed-32,pass,lane_spread,idelay_ld,lane0,,,lane,9,1199.0,1378.0,1567.0,1567.0,368.0,368.0
cntvaluein3-skew-locked-seed-33,fail,lane_spread,idelay_ld,lane0,,,lane,9,1230.0,1521.0,1789.0,1789.0,559.0,559.0
cntvaluein3-skew-locked-seed-34,pass,lane_spread,idelay_ld,lane0,,,lane,9,1024.0,1116.0,1338.0,1338.0,314.0,314.0
cntvaluein3-skew-locked-seed-35,pass,lane_spread,idelay_ld,lane0,,,lane,9,1332.0,1473.0,1697.0,1697.0,365.0,365.0
cntvaluein3-skew-locked-seed-36,fail,lane_spread,idelay_ld,lane0,,,lane,9,1570.0,1707.0,1916.0,1916.0,346.0,346.0
cntvaluein3-skew-locked-seed-37,pass,lane_spread,idelay_ld,lane0,,,lane,9,1363.0,1501.0,1708.0,1708.0,345.0,345.0
cntvaluein3-skew-locked-seed-38,pass,lane_spread,idelay_ld,lane0,,,lane,9,1350.0,1544.0,1794.0,1794.0,444.0,444.0
cntvaluein3-skew-locked-seed-39,fail,lane_spread,idelay_ld,lane0,,,lane,9,1159.0,1379.0,1605.0,1605.0,446.0,446.0
cntvaluein3-skew-locked-seed-40,pass,lane_spread,idelay_ld,lane0,,,lane,9,1233.0,1360.0,1529.0,1529.0,296.0,296.0
cntvaluein3-skew-locked-seed-41,fail,lane_spread,idelay_ld,lane0,,,lane,9,1434.0,1531.0,1812.0,1812.0,378.0,378.0
cntvaluein3-skew-locked-seed-42,pass,lane_spread,idelay_ld,lane0,,,lane,9,1883.0,2042.0,2295.0,2295.0,412.0,412.0
cntvaluein3-skew-locked-seed-43,pass,lane_spread,idelay_ld,lane0,,,lane,9,1360.0,1524.0,1671.0,1671.0,311.0,311.0
cntvaluein3-skew-locked-seed-44,pass,lane_spread,idelay_ld,lane0,,,lane,9,1363.0,1552.0,1672.0,1672.0,309.0,309.0
cntvaluein3-skew-locked-seed-45,fail,lane_spread,idelay_ld,lane0,,,lane,9,1259.0,1488.0,1700.0,1700.0,441.0,441.0
cntvaluein3-skew-locked-seed-46,pass,lane_spread,idelay_ld,lane0,,,lane,9,1235.0,1470.0,1656.0,1656.0,421.0,421.0
cntvaluein3-skew-locked-seed-47,pass,lane_spread,idelay_ld,lane0,,,lane,9,1363.0,1536.0,1802.0,1802.0,439.0,439.0
cntvaluein3-skew-locked-seed-48,fail,lane_spread,idelay_ld,lane0,,,lane,9,1432.0,1618.0,1835.0,1835.0,403.0,403.0
cntvaluein3-skew-locked-seed-49,pass,lane_spread,idelay_ld,lane0,,,lane,9,1575.0,1669.0,1912.0,1912.0,337.0,337.0
cntvaluein3-skew-locked-seed-50,fail,lane_spread,idelay_ld,lane0,,,lane,9,1483.0,1674.0,2015.0,2015.0,532.0,532.0
cntvaluein3-skew-locked-seed-51,fail,lane_spread,idelay_ld,lane0,,,lane,9,1126.0,1182.0,1307.0,1307.0,181.0,181.0
cntvaluein3-skew-locked-seed-52,fail,lane_spread,idelay_ld,lane0,,,lane,9,1057.0,1146.0,1320.0,1320.0,263.0,263.0
cntvaluein3-skew-locked-seed-53,fail,lane_spread,idelay_ld,lane0,,,lane,9,1146.0,1282.0,1417.0,1417.0,271.0,271.0
cntvaluein3-skew-locked-seed-54,pass,lane_spread,idelay_ld,lane0,,,lane,9,1434.0,1881.0,2153.0,2153.0,719.0,719.0
cntvaluein3-skew-locked-seed-55,pass,lane_spread,idelay_ld,lane0,,,lane,9,1603.0,1722.0,1957.0,1957.0,354.0,354.0
cntvaluein3-skew-locked-seed-56,pass,lane_spread,idelay_ld,lane0,,,lane,9,1544.0,1661.0,1748.0,1748.0,204.0,204.0
cntvaluein3-skew-locked-seed-57,pass,lane_spread,idelay_ld,lane0,,,lane,9,1159.0,1439.0,1531.0,1531.0,372.0,372.0
cntvaluein3-skew-locked-seed-58,pass,lane_spread,idelay_ld,lane0,,,lane,9,1434.0,1519.0,1718.0,1718.0,284.0,284.0
cntvaluein3-skew-locked-seed-59,pass,lane_spread,idelay_ld,lane0,,,lane,9,1159.0,1493.0,1621.0,1621.0,462.0,462.0
cntvaluein3-skew-locked-seed-60,fail,lane_spread,idelay_ld,lane0,,,lane,9,1399.0,1508.0,1661.0,1661.0,262.0,262.0
cntvaluein3-skew-locked-seed-31,pass,lane_spread,idelay_ld,lane1,,,lane,9,672.0,976.0,1067.0,1067.0,395.0,395.0
cntvaluein3-skew-locked-seed-32,pass,lane_spread,idelay_ld,lane1,,,lane,9,1245.0,1343.0,1567.0,1567.0,322.0,322.0
cntvaluein3-skew-locked-seed-33,fail,lane_spread,idelay_ld,lane1,,,lane,9,763.0,1024.0,1192.0,1192.0,429.0,429.0
cntvaluein3-skew-locked-seed-34,pass,lane_spread,idelay_ld,lane1,,,lane,9,1021.0,1205.0,1317.0,1317.0,296.0,296.0
cntvaluein3-skew-locked-seed-35,pass,lane_spread,idelay_ld,lane1,,,lane,9,1098.0,1315.0,1447.0,1447.0,349.0,349.0
cntvaluein3-skew-locked-seed-36,fail,lane_spread,idelay_ld,lane1,,,lane,9,1276.0,1414.0,1722.0,1722.0,446.0,446.0
cntvaluein3-skew-locked-seed-37,pass,lane_spread,idelay_ld,lane1,,,lane,9,1220.0,1445.0,1590.0,1590.0,370.0,370.0
cntvaluein3-skew-locked-seed-38,pass,lane_spread,idelay_ld,lane1,,,lane,9,1126.0,1215.0,1325.0,1325.0,199.0,199.0
cntvaluein3-skew-locked-seed-39,fail,lane_spread,idelay_ld,lane1,,,lane,9,810.0,1113.0,1174.0,1174.0,364.0,364.0
cntvaluein3-skew-locked-seed-40,pass,lane_spread,idelay_ld,lane1,,,lane,9,1324.0,1450.0,1580.0,1580.0,256.0,256.0
cntvaluein3-skew-locked-seed-41,fail,lane_spread,idelay_ld,lane1,,,lane,9,1159.0,1368.0,1470.0,1470.0,311.0,311.0
cntvaluein3-skew-locked-seed-42,pass,lane_spread,idelay_ld,lane1,,,lane,9,1381.0,1700.0,1800.0,1800.0,419.0,419.0
cntvaluein3-skew-locked-seed-43,pass,lane_spread,idelay_ld,lane1,,,lane,9,948.0,1177.0,1414.0,1414.0,466.0,466.0
cntvaluein3-skew-locked-seed-44,pass,lane_spread,idelay_ld,lane1,,,lane,9,1105.0,1279.0,1555.0,1555.0,450.0,450.0
cntvaluein3-skew-locked-seed-45,fail,lane_spread,idelay_ld,lane1,,,lane,9,986.0,1371.0,1554.0,1554.0,568.0,568.0
cntvaluein3-skew-locked-seed-46,pass,lane_spread,idelay_ld,lane1,,,lane,9,1315.0,1491.0,1669.0,1669.0,354.0,354.0
cntvaluein3-skew-locked-seed-47,pass,lane_spread,idelay_ld,lane1,,,lane,9,1149.0,1356.0,1455.0,1455.0,306.0,306.0
cntvaluein3-skew-locked-seed-48,fail,lane_spread,idelay_ld,lane1,,,lane,9,829.0,1011.0,1330.0,1330.0,501.0,501.0
cntvaluein3-skew-locked-seed-49,pass,lane_spread,idelay_ld,lane1,,,lane,9,1110.0,1417.0,1511.0,1511.0,401.0,401.0
cntvaluein3-skew-locked-seed-50,fail,lane_spread,idelay_ld,lane1,,,lane,9,1023.0,1452.0,1629.0,1629.0,606.0,606.0
cntvaluein3-skew-locked-seed-51,fail,lane_spread,idelay_ld,lane1,,,lane,9,1008.0,1136.0,1358.0,1358.0,350.0,350.0
cntvaluein3-skew-locked-seed-52,fail,lane_spread,idelay_ld,lane1,,,lane,9,1161.0,1338.0,1417.0,1417.0,256.0,256.0
cntvaluein3-skew-locked-seed-53,fail,lane_spread,idelay_ld,lane1,,,lane,9,1235.0,1542.0,1700.0,1700.0,465.0,465.0
cntvaluein3-skew-locked-seed-54,pass,lane_spread,idelay_ld,lane1,,,lane,9,921.0,1095.0,1231.0,1231.0,310.0,310.0
cntvaluein3-skew-locked-seed-55,pass,lane_spread,idelay_ld,lane1,,,lane,9,1050.0,1279.0,1360.0,1360.0,310.0,310.0
cntvaluein3-skew-locked-seed-56,pass,lane_spread,idelay_ld,lane1,,,lane,9,1279.0,1552.0,1797.0,1797.0,518.0,518.0
cntvaluein3-skew-locked-seed-57,pass,lane_spread,idelay_ld,lane1,,,lane,9,1223.0,1360.0,1445.0,1445.0,222.0,222.0
cntvaluein3-skew-locked-seed-58,pass,lane_spread,idelay_ld,lane1,,,lane,9,1159.0,1500.0,1677.0,1677.0,518.0,518.0
cntvaluein3-skew-locked-seed-59,pass,lane_spread,idelay_ld,lane1,,,lane,9,1123.0,1305.0,1442.0,1442.0,319.0,319.0
cntvaluein3-skew-locked-seed-60,fail,lane_spread,idelay_ld,lane1,,,lane,9,1105.0,1544.0,1731.0,1731.0,626.0,626.0
cntvaluein3-skew-locked-seed-31,pass,lane_spread,idelayctrl,all,,,lane,6,1029.0,1274.0,1707.0,1707.0,678.0,678.0
cntvaluein3-skew-locked-seed-32,pass,lane_spread,idelayctrl,all,,,lane,6,1126.0,1530.0,2444.0,2444.0,1318.0,1318.0
cntvaluein3-skew-locked-seed-33,fail,lane_spread,idelayctrl,all,,,lane,6,1126.0,1653.0,2400.0,2400.0,1274.0,1274.0
cntvaluein3-skew-locked-seed-34,pass,lane_spread,idelayctrl,all,,,lane,6,1126.0,1378.5,2460.0,2460.0,1334.0,1334.0
cntvaluein3-skew-locked-seed-35,pass,lane_spread,idelayctrl,all,,,lane,6,1126.0,1597.5,2535.0,2535.0,1409.0,1409.0
cntvaluein3-skew-locked-seed-36,fail,lane_spread,idelayctrl,all,,,lane,6,1126.0,1309.5,1488.0,1488.0,362.0,362.0
cntvaluein3-skew-locked-seed-37,pass,lane_spread,idelayctrl,all,,,lane,6,1126.0,1764.0,2595.0,2595.0,1469.0,1469.0
cntvaluein3-skew-locked-seed-38,pass,lane_spread,idelayctrl,all,,,lane,6,1126.0,1545.5,2670.0,2670.0,1544.0,1544.0
cntvaluein3-skew-locked-seed-39,fail,lane_spread,idelayctrl,all,,,lane,6,1126.0,1343.5,1707.0,1707.0,581.0,581.0
cntvaluein3-skew-locked-seed-40,pass,lane_spread,idelayctrl,all,,,lane,5,1075.0,1570.0,2744.0,2744.0,1669.0,1669.0
cntvaluein3-skew-locked-seed-41,fail,lane_spread,idelayctrl,all,,,lane,6,1126.0,1794.5,2595.0,2595.0,1469.0,1469.0
cntvaluein3-skew-locked-seed-42,pass,lane_spread,idelayctrl,all,,,lane,5,1126.0,1476.0,2805.0,2805.0,1679.0,1679.0
cntvaluein3-skew-locked-seed-43,pass,lane_spread,idelayctrl,all,,,lane,6,1126.0,1811.5,2684.0,2684.0,1558.0,1558.0
cntvaluein3-skew-locked-seed-44,pass,lane_spread,idelayctrl,all,,,lane,6,1126.0,1939.5,2625.0,2625.0,1499.0,1499.0
cntvaluein3-skew-locked-seed-45,fail,lane_spread,idelayctrl,all,,,lane,6,1126.0,1735.5,2535.0,2535.0,1409.0,1409.0
cntvaluein3-skew-locked-seed-46,pass,lane_spread,idelayctrl,all,,,lane,6,1126.0,2218.5,2730.0,2730.0,1604.0,1604.0
cntvaluein3-skew-locked-seed-47,pass,lane_spread,idelayctrl,all,,,lane,6,1126.0,1543.0,2684.0,2684.0,1558.0,1558.0
cntvaluein3-skew-locked-seed-48,fail,lane_spread,idelayctrl,all,,,lane,5,953.0,1126.0,2400.0,2400.0,1447.0,1447.0
cntvaluein3-skew-locked-seed-49,pass,lane_spread,idelayctrl,all,,,lane,6,1126.0,1378.0,1394.0,1394.0,268.0,268.0
cntvaluein3-skew-locked-seed-50,fail,lane_spread,idelayctrl,all,,,lane,6,1126.0,1610.5,2474.0,2474.0,1348.0,1348.0
cntvaluein3-skew-locked-seed-51,fail,lane_spread,idelayctrl,all,,,lane,6,1126.0,1615.5,1656.0,1656.0,530.0,530.0
cntvaluein3-skew-locked-seed-52,fail,lane_spread,idelayctrl,all,,,lane,6,1126.0,1457.5,2789.0,2789.0,1663.0,1663.0
cntvaluein3-skew-locked-seed-53,fail,lane_spread,idelayctrl,all,,,lane,6,1126.0,1614.5,2670.0,2670.0,1544.0,1544.0
cntvaluein3-skew-locked-seed-54,pass,lane_spread,idelayctrl,all,,,lane,6,1126.0,1424.5,2700.0,2700.0,1574.0,1574.0
cntvaluein3-skew-locked-seed-55,pass,lane_spread,idelayctrl,all,,,lane,6,1126.0,2066.5,2835.0,2835.0,1709.0,1709.0
cntvaluein3-skew-locked-seed-56,pass,lane_spread,idelayctrl,all,,,lane,6,1126.0,1469.0,1501.0,1501.0,375.0,375.0
cntvaluein3-skew-locked-seed-57,pass,lane_spread,idelayctrl,all,,,lane,6,1126.0,1570.5,1782.0,1782.0,656.0,656.0
cntvaluein3-skew-locked-seed-58,pass,lane_spread,idelayctrl,all,,,lane,6,1126.0,1446.0,1648.0,1648.0,522.0,522.0
cntvaluein3-skew-locked-seed-59,pass,lane_spread,idelayctrl,all,,,lane,6,1126.0,1898.5,2490.0,2490.0,1364.0,1364.0
cntvaluein3-skew-locked-seed-60,fail,lane_spread,idelayctrl,all,,,lane,5,1126.0,1646.0,2775.0,2775.0,1649.0,1649.0
cntvaluein3-skew-locked-seed-31,pass,lane_spread,reset_release,all,,,lane,8,0.0,179.0,1215.0,1215.0,1215.0,1215.0
cntvaluein3-skew-locked-seed-32,pass,lane_spread,reset_release,all,,,lane,8,0.0,282.5,855.0,855.0,855.0,855.0
cntvaluein3-skew-locked-seed-33,fail,lane_spread,reset_release,all,,,lane,8,0.0,175.5,720.0,720.0,720.0,720.0
cntvaluein3-skew-locked-seed-34,pass,lane_spread,reset_release,all,,,lane,8,0.0,87.5,500.0,500.0,500.0,500.0
cntvaluein3-skew-locked-seed-35,pass,lane_spread,reset_release,all,,,lane,8,0.0,260.0,584.0,584.0,584.0,584.0
cntvaluein3-skew-locked-seed-36,fail,lane_spread,reset_release,all,,,lane,8,0.0,87.5,495.0,495.0,495.0,495.0
cntvaluein3-skew-locked-seed-37,pass,lane_spread,reset_release,all,,,lane,8,0.0,304.5,990.0,990.0,990.0,990.0
cntvaluein3-skew-locked-seed-38,pass,lane_spread,reset_release,all,,,lane,8,0.0,25.0,675.0,675.0,675.0,675.0
cntvaluein3-skew-locked-seed-39,fail,lane_spread,reset_release,all,,,lane,8,0.0,167.5,629.0,629.0,629.0,629.0
cntvaluein3-skew-locked-seed-40,pass,lane_spread,reset_release,all,,,lane,8,0.0,25.0,407.0,407.0,407.0,407.0
cntvaluein3-skew-locked-seed-41,fail,lane_spread,reset_release,all,,,lane,8,0.0,394.5,1095.0,1095.0,1095.0,1095.0
cntvaluein3-skew-locked-seed-42,pass,lane_spread,reset_release,all,,,lane,8,0.0,208.0,584.0,584.0,584.0,584.0
cntvaluein3-skew-locked-seed-43,pass,lane_spread,reset_release,all,,,lane,8,0.0,87.5,675.0,675.0,675.0,675.0
cntvaluein3-skew-locked-seed-44,pass,lane_spread,reset_release,all,,,lane,8,0.0,87.5,764.0,764.0,764.0,764.0
cntvaluein3-skew-locked-seed-45,fail,lane_spread,reset_release,all,,,lane,8,0.0,522.0,1049.0,1049.0,1049.0,1049.0
cntvaluein3-skew-locked-seed-46,pass,lane_spread,reset_release,all,,,lane,8,0.0,25.0,629.0,629.0,629.0,629.0
cntvaluein3-skew-locked-seed-47,pass,lane_spread,reset_release,all,,,lane,8,0.0,87.5,675.0,675.0,675.0,675.0
cntvaluein3-skew-locked-seed-48,fail,lane_spread,reset_release,all,,,lane,8,0.0,87.5,899.0,899.0,899.0,899.0
cntvaluein3-skew-locked-seed-49,pass,lane_spread,reset_release,all,,,lane,8,0.0,177.5,584.0,584.0,584.0,584.0
cntvaluein3-skew-locked-seed-50,fail,lane_spread,reset_release,all,,,lane,8,0.0,87.5,584.0,584.0,584.0,584.0
cntvaluein3-skew-locked-seed-51,fail,lane_spread,reset_release,all,,,lane,8,0.0,25.0,675.0,675.0,675.0,675.0
cntvaluein3-skew-locked-seed-52,fail,lane_spread,reset_release,all,,,lane,8,0.0,174.0,629.0,629.0,629.0,629.0
cntvaluein3-skew-locked-seed-53,fail,lane_spread,reset_release,all,,,lane,8,0.0,350.0,764.0,764.0,764.0,764.0
cntvaluein3-skew-locked-seed-54,pass,lane_spread,reset_release,all,,,lane,8,0.0,221.5,540.0,540.0,540.0,540.0
cntvaluein3-skew-locked-seed-55,pass,lane_spread,reset_release,all,,,lane,8,0.0,304.5,675.0,675.0,675.0,675.0
cntvaluein3-skew-locked-seed-56,pass,lane_spread,reset_release,all,,,lane,8,0.0,87.5,699.0,699.0,699.0,699.0
cntvaluein3-skew-locked-seed-57,pass,lane_spread,reset_release,all,,,lane,8,0.0,87.5,540.0,540.0,540.0,540.0
cntvaluein3-skew-locked-seed-58,pass,lane_spread,reset_release,all,,,lane,8,0.0,87.5,764.0,764.0,764.0,764.0
cntvaluein3-skew-locked-seed-59,pass,lane_spread,reset_release,all,,,lane,8,0.0,120.5,584.0,584.0,584.0,584.0
cntvaluein3-skew-locked-seed-60,fail,lane_spread,reset_release,all,,,lane,8,0.0,260.0,764.0,764.0,764.0,764.0
