comparison,feature_layer,feature,metric,family,lane,bit,control_bit,scope,n_pass,n_fail,pass_min_ps,pass_median_ps,pass_max_ps,fail_min_ps,fail_median_ps,fail_max_ps,fail_minus_pass_median_ps,auc_fail_higher,auc_best_direction,auc_best,cliffs_delta_fail_higher,strict_separation,strict_margin_ps,support_score
all_usable,skew,signed_dqs_bus_skew_minus_dq_median__idelay_cntvaluein_skew__lane0__dqs0__ctrl_none__dqs_vs_dq_bus_skew__value_ps,signed_dqs_bus_skew_minus_dq_median,idelay_cntvaluein_skew,lane0,dqs0,,dqs_vs_dq_bus_skew,63,40,-985.0,-135.0,768.5,-615.5,177.75,858.0,312.75,0.657738,fail_higher,0.657738,0.315476,overlap,0.0,7.91839
all_usable,skew,abs_lane1_minus_lane0_dqs__idelay_cntvaluein_skew__all__no_bit__ctrl_4__lane1_vs_lane0_dqs__value_ps,abs_lane1_minus_lane0_dqs,idelay_cntvaluein_skew,all,,4,lane1_vs_lane0_dqs,63,40,0.0,278.0,583.0,0.0,204.0,556.0,-74.0,0.354563,fail_lower,0.645437,-0.290873,overlap,0.0,7.300855
all_usable,direct,control_fanout_spread__idelay_data_cntvaluein__lane0__no_bit__ctrl_2__lane_control_bit__value_ps,control_fanout_spread,idelay_data_cntvaluein,lane0,,2,lane_control_bit,65,41,128.0,342.0,688.0,151.0,288.0,551.0,-54.0,0.365103,fail_lower,0.634897,-0.269794,overlap,0.0,6.963864
all_usable,skew,abs_dqs_minus_dq_bit__idelay_cntvaluein_skew__lane1__dq14__ctrl_3__dqs_vs_dq_bit__value_ps,abs_dqs_minus_dq_bit,idelay_cntvaluein_skew,lane1,dq14,3,dqs_vs_dq_bit,63,40,3.0,187.0,910.0,16.0,343.5,793.0,156.5,0.63631,fail_higher,0.63631,0.272619,overlap,0.0,6.842684
all_usable,skew,dq_lane_range__idelay_cntvaluein_skew__lane0__no_bit__ctrl_2__dq_lane__value_ps,dq_lane_range,idelay_cntvaluein_skew,lane0,,2,dq_lane,63,40,128.0,342.0,688.0,151.0,290.5,551.0,-51.5,0.365079,fail_lower,0.634921,-0.269841,overlap,0.0,6.772962
all_usable,skew,signed_lane1_minus_lane0_dqs__idelay_cntvaluein_skew__all__no_bit__ctrl_4__lane1_vs_lane0_dqs__value_ps,signed_lane1_minus_lane0_dqs,idelay_cntvaluein_skew,all,,4,lane1_vs_lane0_dqs,63,40,-583.0,-278.0,342.0,-556.0,-204.0,103.0,74.0,0.634325,fail_higher,0.634325,0.268651,overlap,0.0,6.743081
all_usable,direct,cntvaluein_bus_skew__idelay_dqs_cntvaluein__lane0__dqs0__ctrl_none__dqs0__value_ps,cntvaluein_bus_skew,idelay_dqs_cntvaluein,lane0,dqs0,,dqs0,65,41,220.0,651.0,1542.0,147.0,744.0,1581.0,93.0,0.62833,fail_higher,0.62833,0.25666,overlap,0.0,6.624872
all_usable,direct,lane_spread__idelay_dqs_cntvaluein__lane0__no_bit__ctrl_none__lane__value_ps,lane_spread,idelay_dqs_cntvaluein,lane0,,,lane,65,41,220.0,651.0,1542.0,147.0,744.0,1581.0,93.0,0.62833,fail_higher,0.62833,0.25666,overlap,0.0,6.624872
all_usable,skew,signed_dqs_minus_dq_bit__idelay_cntvaluein_skew__lane0__dq5__ctrl_0__dqs_vs_dq_bit__value_ps,signed_dqs_minus_dq_bit,idelay_cntvaluein_skew,lane0,dq5,0,dqs_vs_dq_bit,63,40,-794.0,84.0,1059.0,-873.0,-102.5,1021.0,-186.5,0.370833,fail_lower,0.629167,-0.258333,overlap,0.0,6.484115
all_usable,skew,abs_ld_minus_cntvaluein_dq_median__idelay_ld_cntvaluein_skew__lane0__no_bit__ctrl_1__ld_vs_cntvaluein_dq_lane__value_ps,abs_ld_minus_cntvaluein_dq_median,idelay_ld_cntvaluein_skew,lane0,,1,ld_vs_cntvaluein_dq_lane,63,40,3.5,329.0,884.0,6.5,213.75,998.5,-115.25,0.371032,fail_lower,0.628968,-0.257937,overlap,0.0,6.474155
all_usable,skew,signed_dqs_minus_dq_bit__idelay_cntvaluein_skew__lane0__dq3__ctrl_0__dqs_vs_dq_bit__value_ps,signed_dqs_minus_dq_bit,idelay_cntvaluein_skew,lane0,dq3,0,dqs_vs_dq_bit,63,40,-875.0,116.0,982.0,-785.0,-54.5,1027.0,-170.5,0.371429,fail_lower,0.628571,-0.257143,overlap,0.0,6.454234
all_usable,skew,signed_dqs_bus_skew_minus_dq_median__idelay_cntvaluein_skew__lane1__dqs1__ctrl_none__dqs_vs_dq_bus_skew__value_ps,signed_dqs_bus_skew_minus_dq_median,idelay_cntvaluein_skew,lane1,dqs1,,dqs_vs_dq_bus_skew,63,40,-955.0,-44.5,951.0,-642.0,40.25,901.0,84.75,0.628175,fail_higher,0.628175,0.256349,overlap,0.0,6.434314
all_usable,skew,signed_dqs_minus_dq_bit__idelay_cntvaluein_skew__lane1__dq13__ctrl_0__dqs_vs_dq_bit__value_ps,signed_dqs_minus_dq_bit,idelay_cntvaluein_skew,lane1,dq13,0,dqs_vs_dq_bit,63,40,-779.0,-1.0,1016.0,-934.0,-136.0,750.0,-135.0,0.372421,fail_lower,0.627579,-0.255159,overlap,0.0,6.404433
all_usable,skew,abs_dqs_minus_dq_bit__idelay_cntvaluein_skew__lane1__dq8__ctrl_4__dqs_vs_dq_bit__value_ps,abs_dqs_minus_dq_bit,idelay_cntvaluein_skew,lane1,dq8,4,dqs_vs_dq_bit,63,40,0.0,308.0,873.0,0.0,181.5,686.0,-126.5,0.372619,fail_lower,0.627381,-0.254762,overlap,0.0,6.394473
all_usable,skew,abs_dqs_minus_dq_bit__idelay_cntvaluein_skew__lane1__dq15__ctrl_0__dqs_vs_dq_bit__value_ps,abs_dqs_minus_dq_bit,idelay_cntvaluein_skew,lane1,dq15,0,dqs_vs_dq_bit,63,40,18.0,217.0,1215.0,10.0,151.0,1240.0,-66.0,0.372817,fail_lower,0.627183,-0.254365,overlap,0.0,6.384513
all_usable,direct,cntvaluein_bus_skew__idelay_data_cntvaluein__lane1__dq8__ctrl_none__dq8__value_ps,cntvaluein_bus_skew,idelay_data_cntvaluein,lane1,dq8,,dq8,65,41,216.0,670.0,1513.0,165.0,598.0,1198.0,-72.0,0.377298,fail_lower,0.622702,-0.245403,overlap,0.0,6.334308
all_usable,skew,dq_bus_skew_range__idelay_cntvaluein_skew__lane1__no_bit__ctrl_none__dq_lane_bus_skew__value_ps,dq_bus_skew_range,idelay_cntvaluein_skew,lane1,,,dq_lane_bus_skew,63,40,167.0,422.0,761.0,167.0,357.5,684.0,-64.5,0.374008,fail_lower,0.625992,-0.251984,overlap,0.0,6.324751
all_usable,skew,abs_dqs_minus_dq_bit__idelay_cntvaluein_skew__lane1__dq10__ctrl_3__dqs_vs_dq_bit__value_ps,abs_dqs_minus_dq_bit,idelay_cntvaluein_skew,lane1,dq10,3,dqs_vs_dq_bit,63,40,5.0,220.0,1002.0,5.0,272.0,939.0,52.0,0.625397,fail_higher,0.625397,0.250794,overlap,0.0,6.294871
all_usable,direct,lane_spread__idelay_ld__lane1__no_bit__ctrl_none__lane__value_ps,lane_spread,idelay_ld,lane1,,,lane,65,41,146.0,331.0,706.0,240.0,364.0,732.0,33.0,0.620826,fail_higher,0.620826,0.241651,overlap,0.0,6.237453
all_usable,direct,lane_spread__idelay_data_cntvaluein__lane0__no_bit__ctrl_none__lane__value_ps,lane_spread,idelay_data_cntvaluein,lane0,,,lane,65,41,585.0,1072.0,1853.0,457.0,981.0,1563.0,-91.0,0.38349,fail_lower,0.61651,-0.233021,overlap,0.0,6.014687
all_usable,direct,cntvaluein_bus_skew__idelay_data_cntvaluein__lane1__dq13__ctrl_none__dq13__value_ps,cntvaluein_bus_skew,idelay_data_cntvaluein,lane1,dq13,,dq13,65,41,130.0,545.0,1385.0,166.0,500.0,1281.0,-45.0,0.385178,fail_lower,0.614822,-0.229644,overlap,0.0,5.927517
all_usable,skew,signed_dqs_minus_dq_bit__idelay_cntvaluein_skew__lane1__dq11__ctrl_0__dqs_vs_dq_bit__value_ps,signed_dqs_minus_dq_bit,idelay_cntvaluein_skew,lane1,dq11,0,dqs_vs_dq_bit,63,40,-692.0,13.0,1075.0,-850.0,-74.5,837.0,-87.5,0.382341,fail_lower,0.617659,-0.235317,overlap,0.0,5.906421
all_usable,skew,signed_dqs_minus_dq_median__idelay_cntvaluein_skew__lane1__dqs1__ctrl_0__dqs_vs_dq_lane__value_ps,signed_dqs_minus_dq_median,idelay_cntvaluein_skew,lane1,dqs1,0,dqs_vs_dq_lane,63,40,-728.5,0.5,1021.5,-834.5,-134.5,894.5,-135.0,0.384127,fail_lower,0.615873,-0.231746,overlap,0.0,5.816779
all_usable,direct,cntvaluein_bus_skew__idelay_data_cntvaluein__lane1__dq10__ctrl_none__dq10__value_ps,cntvaluein_bus_skew,idelay_data_cntvaluein,lane1,dq10,,dq10,65,41,272.0,651.0,1452.0,227.0,548.0,1377.0,-103.0,0.388555,fail_lower,0.611445,-0.222889,overlap,0.0,5.753178
all_usable,skew,signed_lane1_minus_lane0_dq_median__idelay_cntvaluein_skew__all__no_bit__ctrl_2__lane1_vs_lane0_dq__value_ps,signed_lane1_minus_lane0_dq_median,idelay_cntvaluein_skew,all,,2,lane1_vs_lane0_dq,63,40,-710.0,-303.5,142.5,-453.5,-272.0,297.5,31.5,0.614484,fail_higher,0.614484,0.228968,overlap,0.0,5.747058
all_usable,skew,signed_dqs_minus_dq_bit__idelay_cntvaluein_skew__lane1__dq10__ctrl_0__dqs_vs_dq_bit__value_ps,signed_dqs_minus_dq_bit,idelay_cntvaluein_skew,lane1,dq10,0,dqs_vs_dq_bit,63,40,-727.0,-71.0,1027.0,-820.0,-193.0,911.0,-122.0,0.385913,fail_lower,0.614087,-0.228175,overlap,0.0,5.727137
all_usable,skew,ld_dq_lane_range__idelay_ld_skew__lane1__no_bit__ctrl_none__dq_lane__value_ps,ld_dq_lane_range,idelay_ld_skew,lane1,,,dq_lane,63,40,146.0,327.0,706.0,107.0,363.0,732.0,36.0,0.60873,fail_higher,0.60873,0.21746,overlap,0.0,5.458211
all_usable,skew,abs_dqs_minus_dq_bit__idelay_cntvaluein_skew__lane1__dq12__ctrl_4__dqs_vs_dq_bit__value_ps,abs_dqs_minus_dq_bit,idelay_cntvaluein_skew,lane1,dq12,4,dqs_vs_dq_bit,63,40,18.0,301.0,804.0,2.0,186.0,582.0,-115.0,0.391468,fail_lower,0.608532,-0.217063,overlap,0.0,5.44825
all_usable,skew,abs_dqs_minus_dq_bit__idelay_cntvaluein_skew__lane1__dq11__ctrl_1__dqs_vs_dq_bit__value_ps,abs_dqs_minus_dq_bit,idelay_cntvaluein_skew,lane1,dq11,1,dqs_vs_dq_bit,63,40,7.0,242.0,1348.0,5.0,153.0,1216.0,-89.0,0.39246,fail_lower,0.60754,-0.215079,overlap,0.0,5.398449
all_usable,direct,cntvaluein_bus_skew__idelay_data_cntvaluein__lane0__dq0__ctrl_none__dq0__value_ps,cntvaluein_bus_skew,idelay_data_cntvaluein,lane0,dq0,,dq0,65,41,341.0,694.0,1589.0,77.0,625.0,1339.0,-69.0,0.396811,fail_lower,0.603189,-0.206379,overlap,0.0,5.327017
all_usable,direct,control_fanout_spread__idelay_data_cntvaluein__lane0__no_bit__ctrl_4__lane_control_bit__value_ps,control_fanout_spread,idelay_data_cntvaluein,lane0,,4,lane_control_bit,65,41,142.0,400.0,863.0,145.0,324.0,768.0,-76.0,0.396998,fail_lower,0.603002,-0.206004,overlap,0.0,5.317332
all_usable,skew,abs_lane1_minus_lane0_dq_median__idelay_cntvaluein_skew__all__no_bit__ctrl_2__lane1_vs_lane0_dq__value_ps,abs_lane1_minus_lane0_dq_median,idelay_cntvaluein_skew,all,,2,lane1_vs_lane0_dq,63,40,12.0,303.5,710.0,2.0,280.75,453.5,-22.75,0.395437,fail_lower,0.604563,-0.209127,overlap,0.0,5.249046
all_usable,skew,signed_dqs_minus_dq_bit__idelay_cntvaluein_skew__lane1__dq12__ctrl_0__dqs_vs_dq_bit__value_ps,signed_dqs_minus_dq_bit,idelay_cntvaluein_skew,lane1,dq12,0,dqs_vs_dq_bit,63,40,-783.0,-53.0,807.0,-876.0,-187.0,967.0,-134.0,0.396429,fail_lower,0.603571,-0.207143,overlap,0.0,5.199244
all_usable,skew,abs_dqs_minus_dq_bit__idelay_cntvaluein_skew__lane0__dq1__ctrl_4__dqs_vs_dq_bit__value_ps,abs_dqs_minus_dq_bit,idelay_cntvaluein_skew,lane0,dq1,4,dqs_vs_dq_bit,63,40,8.0,395.0,1088.0,6.0,266.5,988.0,-128.5,0.396429,fail_lower,0.603571,-0.207143,overlap,0.0,5.199244
all_usable,skew,signed_dqs_minus_dq_bit__idelay_cntvaluein_skew__lane0__dq7__ctrl_0__dqs_vs_dq_bit__value_ps,signed_dqs_minus_dq_bit,idelay_cntvaluein_skew,lane0,dq7,0,dqs_vs_dq_bit,63,40,-1470.0,-23.0,777.0,-976.0,-239.5,804.0,-216.5,0.398016,fail_lower,0.601984,-0.203968,overlap,0.0,5.119563
all_usable,direct,lane_spread__idelay_data_cntvaluein__lane1__no_bit__ctrl_none__lane__value_ps,lane_spread,idelay_data_cntvaluein,lane1,,,lane,65,41,548.0,982.0,1773.0,435.0,890.0,1601.0,-92.0,0.402064,fail_lower,0.597936,-0.195872,overlap,0.0,5.055823
all_usable,skew,abs_dqs_minus_dq_bit__idelay_cntvaluein_skew__lane1__dq13__ctrl_3__dqs_vs_dq_bit__value_ps,abs_dqs_minus_dq_bit,idelay_cntvaluein_skew,lane1,dq13,3,dqs_vs_dq_bit,63,40,0.0,204.0,770.0,11.0,286.5,875.0,82.5,0.600595,fail_higher,0.600595,0.20119,overlap,0.0,5.049841
all_usable,skew,dq_lane_range__idelay_cntvaluein_skew__lane0__no_bit__ctrl_4__dq_lane__value_ps,dq_lane_range,idelay_cntvaluein_skew,lane0,,4,dq_lane,63,40,142.0,400.0,863.0,145.0,322.5,768.0,-77.5,0.400397,fail_lower,0.599603,-0.199206,overlap,0.0,5.00004
all_usable,skew,signed_dqs_minus_dq_bit__idelay_cntvaluein_skew__lane1__dq15__ctrl_0__dqs_vs_dq_bit__value_ps,signed_dqs_minus_dq_bit,idelay_cntvaluein_skew,lane1,dq15,0,dqs_vs_dq_bit,63,40,-501.0,179.0,1215.0,-527.0,55.0,1240.0,-124.0,0.400794,fail_lower,0.599206,-0.198413,overlap,0.0,4.980119
all_usable,direct,direct_max__dq_iologic__lane1__dq11__ctrl_none__endpoint__value_ps,direct_max,dq_iologic,lane1,dq11,,endpoint,65,41,1817.0,2417.0,3805.0,2055.0,2528.0,3190.0,111.0,0.595872,fail_higher,0.595872,0.191745,overlap,0.0,4.949283
all_usable,direct,control_fanout_spread__idelay_data_cntvaluein__lane0__no_bit__ctrl_0__lane_control_bit__value_ps,control_fanout_spread,idelay_data_cntvaluein,lane0,,0,lane_control_bit,65,41,88.0,371.0,802.0,179.0,328.0,620.0,-43.0,0.404315,fail_lower,0.595685,-0.19137,overlap,0.0,4.939598
all_usable,skew,abs_dqs_minus_dq_bit__idelay_cntvaluein_skew__lane1__dq14__ctrl_4__dqs_vs_dq_bit__value_ps,abs_dqs_minus_dq_bit,idelay_cntvaluein_skew,lane1,dq14,4,dqs_vs_dq_bit,63,40,6.0,315.0,954.0,8.0,238.5,648.0,-76.5,0.403175,fail_lower,0.596825,-0.193651,overlap,0.0,4.860596
all_usable,skew,abs_ld_minus_cntvaluein_dqs__idelay_ld_cntvaluein_skew__lane1__dqs1__ctrl_3__ld_vs_cntvaluein_dqs__value_ps,abs_ld_minus_cntvaluein_dqs,idelay_ld_cntvaluein_skew,lane1,dqs1,3,ld_vs_cntvaluein_dqs,63,40,2.0,271.0,1344.0,23.0,329.5,1019.0,58.5,0.596429,fail_higher,0.596429,0.192857,overlap,0.0,4.840676
all_usable,skew,signed_dqs_minus_dq_bit__idelay_cntvaluein_skew__lane1__dq8__ctrl_0__dqs_vs_dq_bit__value_ps,signed_dqs_minus_dq_bit,idelay_cntvaluein_skew,lane1,dq8,0,dqs_vs_dq_bit,63,40,-778.0,-93.0,767.0,-986.0,-220.5,873.0,-127.5,0.404762,fail_lower,0.595238,-0.190476,overlap,0.0,4.780914
all_usable,skew,abs_dqs_minus_dq_median__idelay_cntvaluein_skew__lane0__dqs0__ctrl_4__dqs_vs_dq_lane__value_ps,abs_dqs_minus_dq_median,idelay_cntvaluein_skew,lane0,dqs0,4,dqs_vs_dq_lane,63,40,9.5,345.5,1006.0,7.0,231.0,1108.0,-114.5,0.404762,fail_lower,0.595238,-0.190476,overlap,0.0,4.780914
all_usable,direct,direct_max__idelay_data_cntvaluein__lane1__dq13__ctrl_0__endpoint__value_ps,direct_max,idelay_data_cntvaluein,lane1,dq13,0,endpoint,65,41,535.0,1324.0,1899.0,711.0,1417.0,1832.0,93.0,0.592495,fail_higher,0.592495,0.184991,overlap,0.0,4.774944
all_usable,skew,signed_dqs_minus_dq_bit__idelay_cntvaluein_skew__lane1__dq14__ctrl_0__dqs_vs_dq_bit__value_ps,signed_dqs_minus_dq_bit,idelay_cntvaluein_skew,lane1,dq14,0,dqs_vs_dq_bit,63,40,-730.0,-73.0,855.0,-847.0,-190.5,878.0,-117.5,0.405159,fail_lower,0.594841,-0.189683,overlap,0.0,4.760994
all_usable,skew,abs_dqs_minus_dq_bit__idelay_cntvaluein_skew__lane1__dq13__ctrl_1__dqs_vs_dq_bit__value_ps,abs_dqs_minus_dq_bit,idelay_cntvaluein_skew,lane1,dq13,1,dqs_vs_dq_bit,63,40,7.0,280.0,1089.0,3.0,193.5,1138.0,-86.5,0.405556,fail_lower,0.594444,-0.188889,overlap,0.0,4.741073
all_usable,skew,abs_dqs_minus_dq_bit__idelay_cntvaluein_skew__lane1__dq12__ctrl_3__dqs_vs_dq_bit__value_ps,abs_dqs_minus_dq_bit,idelay_cntvaluein_skew,lane1,dq12,3,dqs_vs_dq_bit,63,40,2.0,196.0,920.0,10.0,282.5,876.0,86.5,0.593452,fail_higher,0.593452,0.186905,overlap,0.0,4.691272
all_usable,skew,abs_dqs_minus_dq_bit__idelay_cntvaluein_skew__lane1__dq9__ctrl_0__dqs_vs_dq_bit__value_ps,abs_dqs_minus_dq_bit,idelay_cntvaluein_skew,lane1,dq9,0,dqs_vs_dq_bit,63,40,21.0,217.0,1127.0,20.0,142.0,1018.0,-75.0,0.409325,fail_lower,0.590675,-0.181349,overlap,0.0,4.551829
all_usable,direct,direct_max__idelay_data_cntvaluein__lane1__dq10__ctrl_0__endpoint__value_ps,direct_max,idelay_data_cntvaluein,lane1,dq10,0,endpoint,65,41,549.0,1355.0,1819.0,554.0,1447.0,1957.0,92.0,0.587992,fail_higher,0.587992,0.175985,overlap,0.0,4.542493
all_usable,skew,abs_dqs_minus_dq_bit__idelay_cntvaluein_skew__lane0__dq6__ctrl_4__dqs_vs_dq_bit__value_ps,abs_dqs_minus_dq_bit,idelay_cntvaluein_skew,lane0,dq6,4,dqs_vs_dq_bit,63,40,6.0,311.0,1033.0,2.0,226.5,1125.0,-84.5,0.409524,fail_lower,0.590476,-0.180952,overlap,0.0,4.541869
all_usable,direct,cntvaluein_bus_skew__idelay_data_cntvaluein__lane1__dq9__ctrl_none__dq9__value_ps,cntvaluein_bus_skew,idelay_data_cntvaluein,lane1,dq9,,dq9,65,41,117.0,504.0,1529.0,130.0,398.0,1042.0,-106.0,0.412758,fail_lower,0.587242,-0.174484,overlap,0.0,4.503751
all_usable,direct,direct_max__dq_iologic__lane1__dq15__ctrl_none__endpoint__value_ps,direct_max,dq_iologic,lane1,dq15,,endpoint,65,41,1858.0,2312.0,3944.0,1942.0,2421.0,4248.0,109.0,0.586867,fail_higher,0.586867,0.173734,overlap,0.0,4.48438
all_usable,skew,abs_dqs_minus_dq_bit__idelay_cntvaluein_skew__lane0__dq4__ctrl_4__dqs_vs_dq_bit__value_ps,abs_dqs_minus_dq_bit,idelay_cntvaluein_skew,lane0,dq4,4,dqs_vs_dq_bit,63,40,12.0,362.0,1092.0,5.0,242.5,1227.0,-119.5,0.410913,fail_lower,0.589087,-0.178175,overlap,0.0,4.472147
all_usable,skew,abs_ld_minus_cntvaluein_dqs__idelay_ld_cntvaluein_skew__lane0__dqs0__ctrl_0__ld_vs_cntvaluein_dqs__value_ps,abs_ld_minus_cntvaluein_dqs,idelay_ld_cntvaluein_skew,lane0,dqs0,0,ld_vs_cntvaluein_dqs,63,40,3.0,262.0,977.0,12.0,356.0,1149.0,94.0,0.588095,fail_higher,0.588095,0.17619,overlap,0.0,4.422346
all_usable,skew,signed_dqs_minus_dq_bit__idelay_cntvaluein_skew__lane0__dq0__ctrl_0__dqs_vs_dq_bit__value_ps,signed_dqs_minus_dq_bit,idelay_cntvaluein_skew,lane0,dq0,0,dqs_vs_dq_bit,63,40,-1470.0,-28.0,1044.0,-787.0,-197.5,963.0,-169.5,0.412302,fail_lower,0.587698,-0.175397,overlap,0.0,4.402425
all_usable,skew,signed_dqs_minus_dq_bit__idelay_cntvaluein_skew__lane0__dq6__ctrl_0__dqs_vs_dq_bit__value_ps,signed_dqs_minus_dq_bit,idelay_cntvaluein_skew,lane0,dq6,0,dqs_vs_dq_bit,63,40,-1477.0,-19.0,856.0,-859.0,-185.0,744.0,-166.0,0.4125,fail_lower,0.5875,-0.175,overlap,0.0,4.392465
all_usable,direct,direct_max__idelay_data_cntvaluein__lane0__dq5__ctrl_1__endpoint__value_ps,direct_max,idelay_data_cntvaluein,lane0,dq5,1,endpoint,65,41,806.0,1523.0,2180.0,875.0,1406.0,1958.0,-117.0,0.415009,fail_lower,0.584991,-0.169981,overlap,0.0,4.387525
all_usable,direct,direct_max__idelay_data_cntvaluein__lane0__dq5__ctrl_0__endpoint__value_ps,direct_max,idelay_data_cntvaluein,lane0,dq5,0,endpoint,65,41,764.0,1491.0,2003.0,865.0,1570.0,2062.0,79.0,0.584053,fail_higher,0.584053,0.168105,overlap,0.0,4.339098
all_usable,skew,abs_ld_minus_cntvaluein_dqs__idelay_ld_cntvaluein_skew__lane1__dqs1__ctrl_2__ld_vs_cntvaluein_dqs__value_ps,abs_ld_minus_cntvaluein_dqs,idelay_ld_cntvaluein_skew,lane1,dqs1,2,ld_vs_cntvaluein_dqs,63,40,3.0,218.0,1257.0,8.0,303.0,910.0,85.0,0.585516,fail_higher,0.585516,0.171032,overlap,0.0,4.292863
all_usable,direct,direct_max__idelay_data_cntvaluein__lane1__dq11__ctrl_0__endpoint__value_ps,direct_max,idelay_data_cntvaluein,lane1,dq11,0,endpoint,65,41,537.0,1310.0,1812.0,626.0,1419.0,1815.0,109.0,0.582176,fail_higher,0.582176,0.164353,overlap,0.0,4.242243
all_usable,skew,abs_dqs_minus_dq_bit__idelay_cntvaluein_skew__lane1__dq11__ctrl_3__dqs_vs_dq_bit__value_ps,abs_dqs_minus_dq_bit,idelay_cntvaluein_skew,lane1,dq11,3,dqs_vs_dq_bit,63,40,5.0,204.0,782.0,2.0,265.5,872.0,61.5,0.584127,fail_higher,0.584127,0.168254,overlap,0.0,4.223141
all_usable,skew,dq_lane_range__idelay_cntvaluein_skew__lane0__no_bit__ctrl_0__dq_lane__value_ps,dq_lane_range,idelay_cntvaluein_skew,lane0,,0,dq_lane,63,40,88.0,371.0,802.0,179.0,335.5,620.0,-35.5,0.415873,fail_lower,0.584127,-0.168254,overlap,0.0,4.223141
all_usable,direct,cntvaluein_bus_skew__idelay_data_cntvaluein__lane1__dq14__ctrl_none__dq14__value_ps,cntvaluein_bus_skew,idelay_data_cntvaluein,lane1,dq14,,dq14,65,41,192.0,643.0,1631.0,181.0,567.0,1194.0,-76.0,0.418386,fail_lower,0.581614,-0.163227,overlap,0.0,4.213186
all_usable,skew,abs_dqs_minus_dq_bit__idelay_cntvaluein_skew__lane0__dq1__ctrl_2__dqs_vs_dq_bit__value_ps,abs_dqs_minus_dq_bit,idelay_cntvaluein_skew,lane0,dq1,2,dqs_vs_dq_bit,63,40,3.0,360.0,1073.0,26.0,303.5,999.0,-56.5,0.417063,fail_lower,0.582937,-0.165873,overlap,0.0,4.16338
all_usable,skew,abs_dqs_minus_dq_bit__idelay_cntvaluein_skew__lane1__dq12__ctrl_1__dqs_vs_dq_bit__value_ps,abs_dqs_minus_dq_bit,idelay_cntvaluein_skew,lane1,dq12,1,dqs_vs_dq_bit,63,40,3.0,285.0,1131.0,13.0,223.0,1050.0,-62.0,0.41746,fail_lower,0.58254,-0.165079,overlap,0.0,4.143459
all_usable,direct,direct_max__idelay_data_cntvaluein__lane0__dq3__ctrl_0__endpoint__value_ps,direct_max,idelay_data_cntvaluein,lane0,dq3,0,endpoint,65,41,676.0,1412.0,1940.0,777.0,1495.0,2125.0,83.0,0.580113,fail_higher,0.580113,0.160225,overlap,0.0,4.135702
all_usable,skew,signed_dqs_minus_dq_median__idelay_cntvaluein_skew__lane0__dqs0__ctrl_0__dqs_vs_dq_lane__value_ps,signed_dqs_minus_dq_median,idelay_cntvaluein_skew,lane0,dqs0,0,dqs_vs_dq_lane,63,40,-1469.5,10.0,869.0,-855.5,-211.0,904.0,-221.0,0.417659,fail_lower,0.582341,-0.164683,overlap,0.0,4.133499
all_usable,skew,abs_dqs_minus_dq_bit__idelay_cntvaluein_skew__lane0__dq0__ctrl_4__dqs_vs_dq_bit__value_ps,abs_dqs_minus_dq_bit,idelay_cntvaluein_skew,lane0,dq0,4,dqs_vs_dq_bit,63,40,16.0,368.0,1092.0,0.0,268.0,1066.0,-100.0,0.417659,fail_lower,0.582341,-0.164683,overlap,0.0,4.133499
all_usable,skew,abs_dqs_minus_dq_bit__idelay_cntvaluein_skew__lane0__dq7__ctrl_3__dqs_vs_dq_bit__value_ps,abs_dqs_minus_dq_bit,idelay_cntvaluein_skew,lane0,dq7,3,dqs_vs_dq_bit,63,40,6.0,268.0,1098.0,11.0,372.0,1179.0,104.0,0.581944,fail_higher,0.581944,0.163889,overlap,0.0,4.113578
all_usable,direct,direct_max__idelay_ld__lane0__dq2__ctrl_none__endpoint__value_ps,direct_max,idelay_ld,lane0,dq2,,endpoint,65,41,1116.0,1664.0,2275.0,1139.0,1578.0,2486.0,-86.0,0.42045,fail_lower,0.57955,-0.159099,overlap,0.0,4.106646
all_usable,skew,abs_dqs_minus_dq_bit__idelay_cntvaluein_skew__lane0__dq2__ctrl_1__dqs_vs_dq_bit__value_ps,abs_dqs_minus_dq_bit,idelay_cntvaluein_skew,lane0,dq2,1,dqs_vs_dq_bit,63,40,16.0,382.0,1212.0,28.0,275.5,993.0,-106.5,0.418254,fail_lower,0.581746,-0.163492,overlap,0.0,4.103618
all_usable,skew,abs_dqs_minus_dq_median__idelay_cntvaluein_skew__lane1__dqs1__ctrl_3__dqs_vs_dq_lane__value_ps,abs_dqs_minus_dq_median,idelay_cntvaluein_skew,lane1,dqs1,3,dqs_vs_dq_lane,63,40,0.0,200.5,823.0,6.5,258.5,809.0,58.0,0.581746,fail_higher,0.581746,0.163492,overlap,0.0,4.103618
all_usable,skew,abs_dqs_minus_dq_bit__idelay_cntvaluein_skew__lane1__dq10__ctrl_1__dqs_vs_dq_bit__value_ps,abs_dqs_minus_dq_bit,idelay_cntvaluein_skew,lane1,dq10,1,dqs_vs_dq_bit,63,40,13.0,270.0,1214.0,5.0,222.0,1031.0,-48.0,0.418849,fail_lower,0.581151,-0.162302,overlap,0.0,4.073738
all_usable,direct,cntvaluein_bus_skew__idelay_data_cntvaluein__lane1__dq11__ctrl_none__dq11__value_ps,cntvaluein_bus_skew,idelay_data_cntvaluein,lane1,dq11,,dq11,65,41,202.0,510.0,1391.0,164.0,474.0,1190.0,-36.0,0.421388,fail_lower,0.578612,-0.157223,overlap,0.0,4.058218
all_usable,skew,abs_dqs_minus_dq_median__idelay_cntvaluein_skew__lane1__dqs1__ctrl_4__dqs_vs_dq_lane__value_ps,abs_dqs_minus_dq_median,idelay_cntvaluein_skew,lane1,dqs1,4,dqs_vs_dq_lane,63,40,4.0,279.0,836.5,2.5,210.5,635.5,-68.5,0.419246,fail_lower,0.580754,-0.161508,overlap,0.0,4.053817
all_usable,skew,abs_dqs_minus_dq_median__idelay_cntvaluein_skew__lane1__dqs1__ctrl_1__dqs_vs_dq_lane__value_ps,abs_dqs_minus_dq_median,idelay_cntvaluein_skew,lane1,dqs1,1,dqs_vs_dq_lane,63,40,1.5,203.5,1172.5,3.0,181.0,1136.0,-22.5,0.419246,fail_lower,0.580754,-0.161508,overlap,0.0,4.053817
all_usable,direct,cntvaluein_bus_skew__idelay_data_cntvaluein__lane1__dq12__ctrl_none__dq12__value_ps,cntvaluein_bus_skew,idelay_data_cntvaluein,lane1,dq12,,dq12,65,41,186.0,623.0,1459.0,174.0,577.0,1170.0,-46.0,0.421576,fail_lower,0.578424,-0.156848,overlap,0.0,4.048533
all_usable,direct,cntvaluein_bus_skew__idelay_data_cntvaluein__lane0__dq2__ctrl_none__dq2__value_ps,cntvaluein_bus_skew,idelay_data_cntvaluein,lane0,dq2,,dq2,65,41,230.0,770.0,1483.0,268.0,650.0,1381.0,-120.0,0.422702,fail_lower,0.577298,-0.154597,overlap,0.0,3.99042
all_usable,skew,signed_dqs_minus_dq_bit__idelay_cntvaluein_skew__lane1__dq9__ctrl_3__dqs_vs_dq_bit__value_ps,signed_dqs_minus_dq_bit,idelay_cntvaluein_skew,lane1,dq9,3,dqs_vs_dq_bit,63,40,-576.0,151.0,744.0,-764.0,190.5,1089.0,39.5,0.579167,fail_higher,0.579167,0.158333,overlap,0.0,3.974135
all_usable,direct,cntvaluein_bus_skew__idelay_data_cntvaluein__lane0__dq1__ctrl_none__dq1__value_ps,cntvaluein_bus_skew,idelay_data_cntvaluein,lane0,dq1,,dq1,65,41,242.0,747.0,1587.0,240.0,687.0,1336.0,-60.0,0.423077,fail_lower,0.576923,-0.153846,overlap,0.0,3.971049
all_usable,direct,direct_max__dq_iologic__lane0__dq5__ctrl_none__endpoint__value_ps,direct_max,dq_iologic,lane0,dq5,,endpoint,65,41,1575.0,2250.0,4221.0,1741.0,2296.0,3668.0,46.0,0.576923,fail_higher,0.576923,0.153846,overlap,0.0,3.971049
all_usable,direct,direct_max__idelay_data_cntvaluein__lane0__dq6__ctrl_2__endpoint__value_ps,direct_max,idelay_data_cntvaluein,lane0,dq6,2,endpoint,65,41,792.0,1667.0,2401.0,794.0,1583.0,2335.0,-84.0,0.42364,fail_lower,0.57636,-0.15272,overlap,0.0,3.941993
all_usable,skew,abs_dqs_minus_dq_bit__idelay_cntvaluein_skew__lane0__dq6__ctrl_1__dqs_vs_dq_bit__value_ps,abs_dqs_minus_dq_bit,idelay_cntvaluein_skew,lane0,dq6,1,dqs_vs_dq_bit,63,40,3.0,431.0,1305.0,27.0,234.0,1036.0,-197.0,0.422024,fail_lower,0.577976,-0.155952,overlap,0.0,3.914374
all_usable,skew,abs_dqs_minus_dq_bit__idelay_cntvaluein_skew__lane0__dq2__ctrl_4__dqs_vs_dq_bit__value_ps,abs_dqs_minus_dq_bit,idelay_cntvaluein_skew,lane0,dq2,4,dqs_vs_dq_bit,63,40,1.0,340.0,1041.0,8.0,263.0,1219.0,-77.0,0.422024,fail_lower,0.577976,-0.155952,overlap,0.0,3.914374
all_usable,skew,abs_ld_minus_cntvaluein_dq_median__idelay_ld_cntvaluein_skew__lane0__no_bit__ctrl_2__ld_vs_cntvaluein_dq_lane__value_ps,abs_ld_minus_cntvaluein_dq_median,idelay_ld_cntvaluein_skew,lane0,,2,ld_vs_cntvaluein_dq_lane,63,40,13.0,264.5,799.5,59.0,304.25,1017.0,39.75,0.577976,fail_higher,0.577976,0.155952,overlap,0.0,3.914374
all_usable,skew,abs_dqs_minus_dq_median__idelay_cntvaluein_skew__lane0__dqs0__ctrl_1__dqs_vs_dq_lane__value_ps,abs_dqs_minus_dq_median,idelay_cntvaluein_skew,lane0,dqs0,1,dqs_vs_dq_lane,63,40,20.0,373.0,1163.5,6.0,225.5,1014.5,-147.5,0.422619,fail_lower,0.577381,-0.154762,overlap,0.0,3.884493
all_usable,skew,signed_dqs_minus_dq_bit__idelay_cntvaluein_skew__lane0__dq4__ctrl_0__dqs_vs_dq_bit__value_ps,signed_dqs_minus_dq_bit,idelay_cntvaluein_skew,lane0,dq4,0,dqs_vs_dq_bit,63,40,-1469.0,-40.0,698.0,-880.0,-155.5,937.0,-115.5,0.423413,fail_lower,0.576587,-0.153175,overlap,0.0,3.844652
all_usable,direct,direct_max__idelay_data_cntvaluein__lane0__dq3__ctrl_1__endpoint__value_ps,direct_max,idelay_data_cntvaluein,lane0,dq3,1,endpoint,65,41,680.0,1501.0,2221.0,791.0,1391.0,1996.0,-110.0,0.426079,fail_lower,0.573921,-0.147842,overlap,0.0,3.816081
all_usable,skew,abs_dqs_minus_dq_bit__idelay_cntvaluein_skew__lane0__dq3__ctrl_4__dqs_vs_dq_bit__value_ps,abs_dqs_minus_dq_bit,idelay_cntvaluein_skew,lane0,dq3,4,dqs_vs_dq_bit,63,40,10.0,284.0,1036.0,8.0,233.5,1091.0,-50.5,0.424206,fail_lower,0.575794,-0.151587,overlap,0.0,3.804811
all_usable,skew,signed_dqs_minus_dq_bit__idelay_cntvaluein_skew__lane0__dq1__ctrl_0__dqs_vs_dq_bit__value_ps,signed_dqs_minus_dq_bit,idelay_cntvaluein_skew,lane0,dq1,0,dqs_vs_dq_bit,63,40,-1527.0,-104.0,960.0,-929.0,-177.0,871.0,-73.0,0.425,fail_lower,0.575,-0.15,overlap,0.0,3.76497
all_usable,skew,abs_dqs_minus_dq_bit__idelay_cntvaluein_skew__lane1__dq14__ctrl_2__dqs_vs_dq_bit__value_ps,abs_dqs_minus_dq_bit,idelay_cntvaluein_skew,lane1,dq14,2,dqs_vs_dq_bit,63,40,4.0,286.0,1216.0,4.0,241.0,813.0,-45.0,0.425595,fail_lower,0.574405,-0.14881,overlap,0.0,3.735089
all_usable,skew,signed_dqs_minus_dq_bit__idelay_cntvaluein_skew__lane0__dq2__ctrl_0__dqs_vs_dq_bit__value_ps,signed_dqs_minus_dq_bit,idelay_cntvaluein_skew,lane0,dq2,0,dqs_vs_dq_bit,63,40,-1381.0,-75.0,778.0,-901.0,-219.0,779.0,-144.0,0.425794,fail_lower,0.574206,-0.148413,overlap,0.0,3.725129
all_usable,skew,signed_ld_minus_cntvaluein_dq_median__idelay_ld_cntvaluein_skew__lane1__no_bit__ctrl_0__ld_vs_cntvaluein_dq_lane__value_ps,signed_ld_minus_cntvaluein_dq_median,idelay_ld_cntvaluein_skew,lane1,,0,ld_vs_cntvaluein_dq_lane,63,40,-479.5,194.5,796.0,-742.0,120.0,754.5,-74.5,0.425794,fail_lower,0.574206,-0.148413,overlap,0.0,3.725129
all_usable,direct,cntvaluein_bus_skew__idelay_data_cntvaluein__lane0__dq3__ctrl_none__dq3__value_ps,cntvaluein_bus_skew,idelay_data_cntvaluein,lane0,dq3,,dq3,65,41,270.0,648.0,1494.0,221.0,607.0,1097.0,-41.0,0.428705,fail_lower,0.571295,-0.142589,overlap,0.0,3.680485
all_usable,direct,direct_max__idelay_dqs_cntvaluein__lane0__dqs0__ctrl_4__endpoint__value_ps,direct_max,idelay_dqs_cntvaluein,lane0,dqs0,4,endpoint,65,41,666.0,1662.0,2243.0,792.0,1549.0,2769.0,-113.0,0.429456,fail_lower,0.570544,-0.141088,overlap,0.0,3.641743
all_usable,direct,cntvaluein_bus_skew__idelay_data_cntvaluein__lane0__dq4__ctrl_none__dq4__value_ps,cntvaluein_bus_skew,idelay_data_cntvaluein,lane0,dq4,,dq4,65,41,238.0,746.0,1695.0,242.0,680.0,1181.0,-66.0,0.429456,fail_lower,0.570544,-0.141088,overlap,0.0,3.641743
all_usable,direct,direct_max__idelay_data_cntvaluein__lane0__dq7__ctrl_2__endpoint__value_ps,direct_max,idelay_data_cntvaluein,lane0,dq7,2,endpoint,65,41,981.0,1738.0,2395.0,930.0,1588.0,2325.0,-150.0,0.431144,fail_lower,0.568856,-0.137711,overlap,0.0,3.554573
all_usable,skew,abs_dqs_minus_dq_bit__idelay_cntvaluein_skew__lane0__dq7__ctrl_1__dqs_vs_dq_bit__value_ps,abs_dqs_minus_dq_bit,idelay_cntvaluein_skew,lane0,dq7,1,dqs_vs_dq_bit,63,40,11.0,365.0,1302.0,0.0,255.0,1048.0,-110.0,0.429762,fail_lower,0.570238,-0.140476,overlap,0.0,3.525924
all_usable,skew,abs_dqs_minus_dq_bit__idelay_cntvaluein_skew__lane0__dq4__ctrl_1__dqs_vs_dq_bit__value_ps,abs_dqs_minus_dq_bit,idelay_cntvaluein_skew,lane0,dq4,1,dqs_vs_dq_bit,63,40,13.0,430.0,1209.0,21.0,252.0,965.0,-178.0,0.42996,fail_lower,0.57004,-0.140079,overlap,0.0,3.515964
all_usable,skew,abs_dqs_minus_dq_bit__idelay_cntvaluein_skew__lane0__dq1__ctrl_1__dqs_vs_dq_bit__value_ps,abs_dqs_minus_dq_bit,idelay_cntvaluein_skew,lane0,dq1,1,dqs_vs_dq_bit,63,40,10.0,330.0,1118.0,3.0,267.0,885.0,-63.0,0.430159,fail_lower,0.569841,-0.139683,overlap,0.0,3.506004
all_usable,direct,cntvaluein_bus_skew__idelay_data_cntvaluein__lane0__dq7__ctrl_none__dq7__value_ps,cntvaluein_bus_skew,idelay_data_cntvaluein,lane0,dq7,,dq7,65,41,135.0,744.0,1441.0,265.0,694.0,1387.0,-50.0,0.432458,fail_lower,0.567542,-0.135084,overlap,0.0,3.486775
all_usable,direct,direct_max__idelay_data_cntvaluein__lane0__dq2__ctrl_3__endpoint__value_ps,direct_max,idelay_data_cntvaluein,lane0,dq2,3,endpoint,65,41,1185.0,1894.0,2690.0,1258.0,1797.0,2351.0,-97.0,0.433208,fail_lower,0.566792,-0.133583,overlap,0.0,3.448033
all_usable,direct,direct_max__idelay_data_cntvaluein__lane0__dq7__ctrl_0__endpoint__value_ps,direct_max,idelay_data_cntvaluein,lane0,dq7,0,endpoint,65,41,893.0,1598.0,2332.0,853.0,1695.0,2500.0,97.0,0.566792,fail_higher,0.566792,0.133583,overlap,0.0,3.448033
all_usable,direct,direct_max__idelay_ld__lane1__dq9__ctrl_none__endpoint__value_ps,direct_max,idelay_ld,lane1,dq9,,endpoint,65,41,763.0,1253.0,1922.0,732.0,1264.0,1700.0,11.0,0.433583,fail_lower,0.566417,-0.132833,overlap,0.0,3.428662
all_usable,skew,abs_dqs_minus_dq_bit__idelay_cntvaluein_skew__lane0__dq7__ctrl_4__dqs_vs_dq_bit__value_ps,abs_dqs_minus_dq_bit,idelay_cntvaluein_skew,lane0,dq7,4,dqs_vs_dq_bit,63,40,0.0,377.0,1126.0,5.0,265.0,1132.0,-112.0,0.431944,fail_lower,0.568056,-0.136111,overlap,0.0,3.416362
all_usable,skew,signed_dqs_minus_dq_bit__idelay_cntvaluein_skew__lane0__dq5__ctrl_1__dqs_vs_dq_bit__value_ps,signed_dqs_minus_dq_bit,idelay_cntvaluein_skew,lane0,dq5,1,dqs_vs_dq_bit,63,40,-769.0,-38.0,993.0,-569.0,112.0,1298.0,150.0,0.566468,fail_higher,0.566468,0.132937,overlap,0.0,3.33668
all_usable,skew,abs_dqs_minus_dq_bit__idelay_cntvaluein_skew__lane0__dq0__ctrl_1__dqs_vs_dq_bit__value_ps,abs_dqs_minus_dq_bit,idelay_cntvaluein_skew,lane0,dq0,1,dqs_vs_dq_bit,63,40,6.0,374.0,1034.0,8.0,298.5,798.0,-75.5,0.43373,fail_lower,0.56627,-0.13254,overlap,0.0,3.32672
all_usable,skew,signed_dqs_minus_dq_bit__idelay_cntvaluein_skew__lane1__dq9__ctrl_2__dqs_vs_dq_bit__value_ps,signed_dqs_minus_dq_bit,idelay_cntvaluein_skew,lane1,dq9,2,dqs_vs_dq_bit,63,40,-985.0,148.0,1287.0,-684.0,128.0,801.0,-20.0,0.433929,fail_lower,0.566071,-0.132143,overlap,0.0,3.316759
all_usable,direct,direct_max__reset_release__all__no_bit__ctrl_none__endpoint__value_ps,direct_max,reset_release,all,,,endpoint,65,41,407.0,675.0,1544.0,495.0,720.0,1125.0,45.0,0.563415,fail_higher,0.563415,0.126829,overlap,0.0,3.273694
all_usable,direct,lane_spread__reset_release__all__no_bit__ctrl_none__lane__value_ps,lane_spread,reset_release,all,,,lane,65,41,407.0,675.0,1544.0,495.0,720.0,1125.0,45.0,0.563415,fail_higher,0.563415,0.126829,overlap,0.0,3.273694
all_usable,direct,direct_max__idelay_data_cntvaluein__lane0__dq1__ctrl_2__endpoint__value_ps,direct_max,idelay_data_cntvaluein,lane0,dq1,2,endpoint,65,41,945.0,1705.0,2415.0,977.0,1559.0,2220.0,-146.0,0.436773,fail_lower,0.563227,-0.126454,overlap,0.0,3.264009
all_usable,direct,cntvaluein_bus_skew__idelay_data_cntvaluein__lane0__dq6__ctrl_none__dq6__value_ps,cntvaluein_bus_skew,idelay_data_cntvaluein,lane0,dq6,,dq6,65,41,200.0,759.0,1561.0,193.0,676.0,1425.0,-83.0,0.437336,fail_lower,0.562664,-0.125328,overlap,0.0,3.234952
all_usable,skew,abs_ld_minus_cntvaluein_dqs__idelay_ld_cntvaluein_skew__lane0__dqs0__ctrl_2__ld_vs_cntvaluein_dqs__value_ps,abs_ld_minus_cntvaluein_dqs,idelay_ld_cntvaluein_skew,lane0,dqs0,2,ld_vs_cntvaluein_dqs,63,40,10.0,257.0,1079.0,2.0,351.5,974.0,94.5,0.56369,fail_higher,0.56369,0.127381,overlap,0.0,3.197237
all_usable,skew,abs_dqs_minus_dq_bit__idelay_cntvaluein_skew__lane0__dq5__ctrl_1__dqs_vs_dq_bit__value_ps,abs_dqs_minus_dq_bit,idelay_cntvaluein_skew,lane0,dq5,1,dqs_vs_dq_bit,63,40,19.0,289.0,993.0,2.0,233.5,1298.0,-55.5,0.43631,fail_lower,0.56369,-0.127381,overlap,0.0,3.197237
all_usable,skew,abs_dqs_minus_dq_bit__idelay_cntvaluein_skew__lane0__dq7__ctrl_0__dqs_vs_dq_bit__value_ps,abs_dqs_minus_dq_bit,idelay_cntvaluein_skew,lane0,dq7,0,dqs_vs_dq_bit,63,40,2.0,299.0,1470.0,11.0,311.0,976.0,12.0,0.56369,fail_higher,0.56369,0.127381,overlap,0.0,3.197237
all_usable,direct,direct_max__idelay_data_cntvaluein__lane0__dq7__ctrl_3__endpoint__value_ps,direct_max,idelay_data_cntvaluein,lane0,dq7,3,endpoint,65,41,1248.0,1945.0,2780.0,1031.0,1875.0,2627.0,-70.0,0.438274,fail_lower,0.561726,-0.123452,overlap,0.0,3.186525
all_usable,skew,abs_dqs_minus_dq_bit__idelay_cntvaluein_skew__lane1__dq11__ctrl_4__dqs_vs_dq_bit__value_ps,abs_dqs_minus_dq_bit,idelay_cntvaluein_skew,lane1,dq11,4,dqs_vs_dq_bit,63,40,5.0,271.0,913.0,5.0,223.0,884.0,-48.0,0.436706,fail_lower,0.563294,-0.126587,overlap,0.0,3.177316
all_usable,skew,signed_ld_minus_cntvaluein_dqs__idelay_ld_cntvaluein_skew__lane0__dqs0__ctrl_4__ld_vs_cntvaluein_dqs__value_ps,signed_ld_minus_cntvaluein_dqs,idelay_ld_cntvaluein_skew,lane0,dqs0,4,ld_vs_cntvaluein_dqs,63,40,-815.0,-30.0,1151.0,-1135.0,76.5,1171.0,106.5,0.562698,fail_higher,0.562698,0.125397,overlap,0.0,3.147435
all_usable,direct,cntvaluein_bus_skew__idelay_data_cntvaluein__lane1__dq15__ctrl_none__dq15__value_ps,cntvaluein_bus_skew,idelay_data_cntvaluein,lane1,dq15,,dq15,65,41,147.0,514.0,1462.0,101.0,442.0,1031.0,-72.0,0.439587,fail_lower,0.560413,-0.120826,overlap,0.0,3.118726
all_usable,direct,lane_spread__idelayctrl__all__no_bit__ctrl_none__lane__value_ps,lane_spread,idelayctrl,all,,,lane,65,41,268.0,1604.0,2368.0,362.0,1558.0,2739.0,-46.0,0.439587,fail_lower,0.560413,-0.120826,overlap,0.0,3.118726
all_usable,skew,dq_lane_range__idelay_cntvaluein_skew__lane1__no_bit__ctrl_0__dq_lane__value_ps,dq_lane_range,idelay_cntvaluein_skew,lane1,,0,dq_lane,63,40,135.0,393.0,781.0,148.0,407.5,705.0,14.5,0.561706,fail_higher,0.561706,0.123413,overlap,0.0,3.097634
all_usable,skew,signed_dqs_minus_dq_bit__idelay_cntvaluein_skew__lane1__dq9__ctrl_0__dqs_vs_dq_bit__value_ps,signed_dqs_minus_dq_bit,idelay_cntvaluein_skew,lane1,dq9,0,dqs_vs_dq_bit,63,40,-585.0,110.0,1127.0,-534.0,23.5,1018.0,-86.5,0.438492,fail_lower,0.561508,-0.123016,overlap,0.0,3.087674
all_usable,direct,direct_max__idelay_data_cntvaluein__lane1__dq10__ctrl_1__endpoint__value_ps,direct_max,idelay_data_cntvaluein,lane1,dq10,1,endpoint,65,41,583.0,1411.0,2094.0,541.0,1307.0,1986.0,-104.0,0.440338,fail_lower,0.559662,-0.119325,overlap,0.0,3.079984
all_usable,skew,dq_bus_skew_range__idelay_cntvaluein_skew__lane0__no_bit__ctrl_none__dq_lane_bus_skew__value_ps,dq_bus_skew_range,idelay_cntvaluein_skew,lane0,,,dq_lane_bus_skew,63,40,163.0,378.0,830.0,178.0,358.5,630.0,-19.5,0.43869,fail_lower,0.56131,-0.122619,overlap,0.0,3.077714
all_usable,direct,direct_max__idelay_data_cntvaluein__lane0__dq2__ctrl_2__endpoint__value_ps,direct_max,idelay_data_cntvaluein,lane0,dq2,2,endpoint,65,41,931.0,1685.0,2233.0,885.0,1613.0,2240.0,-72.0,0.440713,fail_lower,0.559287,-0.118574,overlap,0.0,3.060613
all_usable,direct,cntvaluein_bus_skew__idelay_dqs_cntvaluein__lane1__dqs1__ctrl_none__dqs1__value_ps,cntvaluein_bus_skew,idelay_dqs_cntvaluein,lane1,dqs1,,dqs1,65,41,181.0,591.0,1633.0,303.0,640.0,1447.0,49.0,0.558912,fail_higher,0.558912,0.117824,overlap,0.0,3.041242
all_usable,direct,lane_spread__idelay_dqs_cntvaluein__lane1__no_bit__ctrl_none__lane__value_ps,lane_spread,idelay_dqs_cntvaluein,lane1,,,lane,65,41,181.0,591.0,1633.0,303.0,640.0,1447.0,49.0,0.558912,fail_higher,0.558912,0.117824,overlap,0.0,3.041242
all_usable,skew,abs_ld_minus_cntvaluein_dq_median__idelay_ld_cntvaluein_skew__lane0__no_bit__ctrl_0__ld_vs_cntvaluein_dq_lane__value_ps,abs_ld_minus_cntvaluein_dq_median,idelay_ld_cntvaluein_skew,lane0,,0,ld_vs_cntvaluein_dq_lane,63,40,18.0,273.0,682.0,6.0,308.0,1103.5,35.0,0.560119,fail_higher,0.560119,0.120238,overlap,0.0,3.017952
all_usable,skew,signed_ld_minus_cntvaluein_dq_median__idelay_ld_cntvaluein_skew__lane0__no_bit__ctrl_2__ld_vs_cntvaluein_dq_lane__value_ps,signed_ld_minus_cntvaluein_dq_median,idelay_ld_cntvaluein_skew,lane0,,2,ld_vs_cntvaluein_dq_lane,63,40,-799.5,24.5,779.0,-1017.0,151.25,835.5,126.75,0.559921,fail_higher,0.559921,0.119841,overlap,0.0,3.007992
all_usable,skew,abs_dqs_minus_dq_bit__idelay_cntvaluein_skew__lane0__dq6__ctrl_2__dqs_vs_dq_bit__value_ps,abs_dqs_minus_dq_bit,idelay_cntvaluein_skew,lane0,dq6,2,dqs_vs_dq_bit,63,40,11.0,418.0,938.0,10.0,321.5,1011.0,-96.5,0.440476,fail_lower,0.559524,-0.119048,overlap,0.0,2.988072
all_usable,direct,direct_max__dq_iologic__lane0__dq6__ctrl_none__endpoint__value_ps,direct_max,dq_iologic,lane0,dq6,,endpoint,65,41,1544.0,2016.0,4176.0,1738.0,2142.0,3569.0,126.0,0.557786,fail_higher,0.557786,0.115572,overlap,0.0,2.98313
all_usable,skew,abs_ld_minus_cntvaluein_dq_median__idelay_ld_cntvaluein_skew__lane1__no_bit__ctrl_2__ld_vs_cntvaluein_dq_lane__value_ps,abs_ld_minus_cntvaluein_dq_median,idelay_ld_cntvaluein_skew,lane1,,2,ld_vs_cntvaluein_dq_lane,63,40,2.5,271.5,727.0,17.5,278.75,727.0,7.25,0.559325,fail_higher,0.559325,0.118651,overlap,0.0,2.978111
all_usable,skew,abs_dqs_minus_dq_bit__idelay_cntvaluein_skew__lane1__dq12__ctrl_2__dqs_vs_dq_bit__value_ps,abs_dqs_minus_dq_bit,idelay_cntvaluein_skew,lane1,dq12,2,dqs_vs_dq_bit,63,40,8.0,303.0,1126.0,5.0,256.0,885.0,-47.0,0.440873,fail_lower,0.559127,-0.118254,overlap,0.0,2.968151
all_usable,skew,abs_dqs_minus_dq_bit__idelay_cntvaluein_skew__lane1__dq8__ctrl_1__dqs_vs_dq_bit__value_ps,abs_dqs_minus_dq_bit,idelay_cntvaluein_skew,lane1,dq8,1,dqs_vs_dq_bit,63,40,23.0,275.0,959.0,0.0,238.5,1134.0,-36.5,0.441667,fail_lower,0.558333,-0.116667,overlap,0.0,2.92831
all_usable,skew,signed_dqs_minus_dq_bit__idelay_cntvaluein_skew__lane1__dq11__ctrl_3__dqs_vs_dq_bit__value_ps,signed_dqs_minus_dq_bit,idelay_cntvaluein_skew,lane1,dq11,3,dqs_vs_dq_bit,63,40,-782.0,87.0,691.0,-587.0,106.0,872.0,19.0,0.558135,fail_higher,0.558135,0.11627,overlap,0.0,2.91835
all_usable,skew,signed_lane1_minus_lane0_dq_median__idelay_cntvaluein_skew__all__no_bit__ctrl_3__lane1_vs_lane0_dq__value_ps,signed_lane1_minus_lane0_dq_median,idelay_cntvaluein_skew,all,,3,lane1_vs_lane0_dq,63,40,-630.5,-317.0,154.0,-657.5,-282.0,106.0,35.0,0.557937,fail_higher,0.557937,0.115873,overlap,0.0,2.90839
all_usable,skew,abs_dqs_minus_dq_bit__idelay_cntvaluein_skew__lane1__dq10__ctrl_4__dqs_vs_dq_bit__value_ps,abs_dqs_minus_dq_bit,idelay_cntvaluein_skew,lane1,dq10,4,dqs_vs_dq_bit,63,40,7.0,278.0,862.0,5.0,229.5,635.0,-48.5,0.442262,fail_lower,0.557738,-0.115476,overlap,0.0,2.898429
all_usable,skew,abs_dqs_minus_dq_bit__idelay_cntvaluein_skew__lane0__dq4__ctrl_2__dqs_vs_dq_bit__value_ps,abs_dqs_minus_dq_bit,idelay_cntvaluein_skew,lane0,dq4,2,dqs_vs_dq_bit,63,40,13.0,387.0,1118.0,6.0,332.0,993.0,-55.0,0.44246,fail_lower,0.55754,-0.115079,overlap,0.0,2.888469
all_usable,skew,abs_dqs_minus_dq_bit__idelay_cntvaluein_skew__lane1__dq9__ctrl_3__dqs_vs_dq_bit__value_ps,abs_dqs_minus_dq_bit,idelay_cntvaluein_skew,lane1,dq9,3,dqs_vs_dq_bit,63,40,1.0,202.0,744.0,0.0,221.0,1089.0,19.0,0.55754,fail_higher,0.55754,0.115079,overlap,0.0,2.888469
all_usable,direct,control_fanout_spread__idelay_data_cntvaluein__lane1__no_bit__ctrl_1__lane_control_bit__value_ps,control_fanout_spread,idelay_data_cntvaluein,lane1,,1,lane_control_bit,65,41,91.0,422.0,1067.0,226.0,451.0,806.0,29.0,0.555347,fail_higher,0.555347,0.110694,overlap,0.0,2.857218
all_usable,direct,direct_max__idelay_data_cntvaluein__lane0__dq4__ctrl_3__endpoint__value_ps,direct_max,idelay_data_cntvaluein,lane0,dq4,3,endpoint,65,41,1256.0,1917.0,2687.0,1172.0,1789.0,2612.0,-128.0,0.445028,fail_lower,0.554972,-0.109944,overlap,0.0,2.837847
all_usable,direct,direct_max__idelay_data_cntvaluein__lane1__dq9__ctrl_3__endpoint__value_ps,direct_max,idelay_data_cntvaluein,lane1,dq9,3,endpoint,65,41,865.0,1396.0,2023.0,759.0,1371.0,1891.0,-25.0,0.445403,fail_lower,0.554597,-0.109193,overlap,0.0,2.818476
all_usable,skew,abs_lane1_minus_lane0_dq_median__idelay_cntvaluein_skew__all__no_bit__ctrl_3__lane1_vs_lane0_dq__value_ps,abs_lane1_minus_lane0_dq_median,idelay_cntvaluein_skew,all,,3,lane1_vs_lane0_dq,63,40,1.5,317.0,630.5,34.0,282.0,657.5,-35.0,0.444048,fail_lower,0.555952,-0.111905,overlap,0.0,2.808787
all_usable,direct,direct_max__idelay_data_cntvaluein__lane1__dq14__ctrl_0__endpoint__value_ps,direct_max,idelay_data_cntvaluein,lane1,dq14,0,endpoint,65,41,456.0,1401.0,1947.0,722.0,1447.0,1952.0,46.0,0.554221,fail_higher,0.554221,0.108443,overlap,0.0,2.799105
all_usable,direct,direct_max__idelay_data_cntvaluein__lane1__dq9__ctrl_2__endpoint__value_ps,direct_max,idelay_data_cntvaluein,lane1,dq9,2,endpoint,65,41,428.0,1164.0,1745.0,423.0,1233.0,2263.0,69.0,0.554034,fail_higher,0.554034,0.108068,overlap,0.0,2.78942
all_usable,direct,cntvaluein_bus_skew__idelay_data_cntvaluein__lane0__dq5__ctrl_none__dq5__value_ps,cntvaluein_bus_skew,idelay_data_cntvaluein,lane0,dq5,,dq5,65,41,205.0,655.0,1310.0,130.0,608.0,1178.0,-47.0,0.446154,fail_lower,0.553846,-0.107692,overlap,0.0,2.779734
all_usable,direct,direct_max__idelay_data_cntvaluein__lane1__dq12__ctrl_0__endpoint__value_ps,direct_max,idelay_data_cntvaluein,lane1,dq12,0,endpoint,65,41,462.0,1355.0,2006.0,638.0,1358.0,2032.0,3.0,0.553471,fail_higher,0.553471,0.106942,overlap,0.0,2.760363
all_usable,skew,abs_dqs_minus_dq_bit__idelay_cntvaluein_skew__lane0__dq5__ctrl_4__dqs_vs_dq_bit__value_ps,abs_dqs_minus_dq_bit,idelay_cntvaluein_skew,lane0,dq5,4,dqs_vs_dq_bit,63,40,3.0,322.0,1021.0,20.0,258.0,1047.0,-64.0,0.44504,fail_lower,0.55496,-0.109921,overlap,0.0,2.758986
all_usable,direct,direct_max__idelay_dqs_cntvaluein__lane0__dqs0__ctrl_0__endpoint__value_ps,direct_max,idelay_dqs_cntvaluein,lane0,dqs0,0,endpoint,65,41,569.0,1572.0,2260.0,777.0,1476.0,2591.0,-96.0,0.447092,fail_lower,0.552908,-0.105816,overlap,0.0,2.731307
all_usable,skew,abs_ld_dqs_minus_dq_median__idelay_ld_skew__lane0__dqs0__ctrl_none__dqs_vs_dq_lane__value_ps,abs_ld_dqs_minus_dq_median,idelay_ld_skew,lane0,dqs0,,dqs_vs_dq_lane,63,40,0.0,83.5,308.5,5.5,130.25,277.0,46.75,0.553968,fail_higher,0.553968,0.107937,overlap,0.0,2.709185
all_usable,direct,direct_max__idelay_data_cntvaluein__lane1__dq11__ctrl_3__endpoint__value_ps,direct_max,idelay_data_cntvaluein,lane1,dq11,3,endpoint,65,41,859.0,1511.0,2124.0,1036.0,1480.0,1945.0,-31.0,0.447842,fail_lower,0.552158,-0.104315,overlap,0.0,2.692565
all_usable,skew,signed_dqs_minus_dq_bit__idelay_cntvaluein_skew__lane0__dq6__ctrl_2__dqs_vs_dq_bit__value_ps,signed_dqs_minus_dq_bit,idelay_cntvaluein_skew,lane0,dq6,2,dqs_vs_dq_bit,63,40,-938.0,-184.0,906.0,-982.0,-20.0,1011.0,164.0,0.553571,fail_higher,0.553571,0.107143,overlap,0.0,2.689264
all_usable,skew,abs_ld_minus_cntvaluein_dqs__idelay_ld_cntvaluein_skew__lane0__dqs0__ctrl_3__ld_vs_cntvaluein_dqs__value_ps,abs_ld_minus_cntvaluein_dqs,idelay_ld_cntvaluein_skew,lane0,dqs0,3,ld_vs_cntvaluein_dqs,63,40,10.0,387.0,1378.0,5.0,437.0,1249.0,50.0,0.553571,fail_higher,0.553571,0.107143,overlap,0.0,2.689264
all_usable,skew,abs_ld_minus_cntvaluein_dq_median__idelay_ld_cntvaluein_skew__lane1__no_bit__ctrl_0__ld_vs_cntvaluein_dq_lane__value_ps,abs_ld_minus_cntvaluein_dq_median,idelay_ld_cntvaluein_skew,lane1,,0,ld_vs_cntvaluein_dq_lane,63,40,1.5,248.0,796.0,21.0,256.25,754.5,8.25,0.553571,fail_higher,0.553571,0.107143,overlap,0.0,2.689264
all_usable,direct,control_fanout_spread__idelay_data_cntvaluein__lane1__no_bit__ctrl_4__lane_control_bit__value_ps,control_fanout_spread,idelay_data_cntvaluein,lane1,,4,lane_control_bit,65,41,175.0,431.0,847.0,158.0,395.0,709.0,-36.0,0.449156,fail_lower,0.550844,-0.101689,overlap,0.0,2.624767
all_usable,skew,abs_dqs_minus_dq_bit__idelay_cntvaluein_skew__lane1__dq14__ctrl_1__dqs_vs_dq_bit__value_ps,abs_dqs_minus_dq_bit,idelay_cntvaluein_skew,lane1,dq14,1,dqs_vs_dq_bit,63,40,0.0,321.0,1040.0,2.0,238.5,1123.0,-82.5,0.447817,fail_lower,0.552183,-0.104365,overlap,0.0,2.619543
all_usable,skew,signed_dqs_minus_dq_bit__idelay_cntvaluein_skew__lane0__dq3__ctrl_1__dqs_vs_dq_bit__value_ps,signed_dqs_minus_dq_bit,idelay_cntvaluein_skew,lane0,dq3,1,dqs_vs_dq_bit,63,40,-679.0,64.0,1048.0,-645.0,176.0,1382.0,112.0,0.551984,fail_higher,0.551984,0.103968,overlap,0.0,2.609582
all_usable,direct,control_fanout_spread__idelay_data_cntvaluein__lane1__no_bit__ctrl_0__lane_control_bit__value_ps,control_fanout_spread,idelay_data_cntvaluein,lane1,,0,lane_control_bit,65,41,135.0,393.0,781.0,148.0,402.0,705.0,9.0,0.549906,fail_higher,0.549906,0.099812,overlap,0.0,2.576339
all_usable,skew,signed_dqs_minus_dq_bit__idelay_cntvaluein_skew__lane0__dq7__ctrl_4__dqs_vs_dq_bit__value_ps,signed_dqs_minus_dq_bit,idelay_cntvaluein_skew,lane0,dq7,4,dqs_vs_dq_bit,63,40,-1126.0,-66.0,917.0,-1012.0,-190.5,1132.0,-124.5,0.449008,fail_lower,0.550992,-0.101984,overlap,0.0,2.559781
all_usable,skew,abs_dqs_minus_dq_bit__idelay_cntvaluein_skew__lane1__dq8__ctrl_2__dqs_vs_dq_bit__value_ps,abs_dqs_minus_dq_bit,idelay_cntvaluein_skew,lane1,dq8,2,dqs_vs_dq_bit,63,40,8.0,363.0,1308.0,17.0,272.5,836.0,-90.5,0.449405,fail_lower,0.550595,-0.10119,overlap,0.0,2.539861
all_usable,skew,signed_dqs_minus_dq_bit__idelay_cntvaluein_skew__lane0__dq0__ctrl_4__dqs_vs_dq_bit__value_ps,signed_dqs_minus_dq_bit,idelay_cntvaluein_skew,lane0,dq0,4,dqs_vs_dq_bit,63,40,-863.0,28.0,1092.0,-903.0,-60.0,1066.0,-88.0,0.449603,fail_lower,0.550397,-0.100794,overlap,0.0,2.529901
all_usable,skew,abs_dqs_minus_dq_bit__idelay_cntvaluein_skew__lane0__dq7__ctrl_2__dqs_vs_dq_bit__value_ps,abs_dqs_minus_dq_bit,idelay_cntvaluein_skew,lane0,dq7,2,dqs_vs_dq_bit,63,40,23.0,416.0,1056.0,13.0,337.5,981.0,-78.5,0.449802,fail_lower,0.550198,-0.100397,overlap,0.0,2.51994
all_usable,skew,abs_dqs_minus_dq_bit__idelay_cntvaluein_skew__lane1__dq15__ctrl_1__dqs_vs_dq_bit__value_ps,abs_dqs_minus_dq_bit,idelay_cntvaluein_skew,lane1,dq15,1,dqs_vs_dq_bit,63,40,18.0,257.0,1381.0,33.0,226.5,1440.0,-30.5,0.450198,fail_lower,0.549802,-0.099603,overlap,0.0,2.50002
all_usable,skew,abs_dqs_minus_dq_median__idelay_cntvaluein_skew__lane1__dqs1__ctrl_2__dqs_vs_dq_lane__value_ps,abs_dqs_minus_dq_median,idelay_cntvaluein_skew,lane1,dqs1,2,dqs_vs_dq_lane,63,40,15.5,253.0,1070.0,4.0,259.5,816.0,6.5,0.450397,fail_lower,0.549603,-0.099206,overlap,0.0,2.49006
all_usable,direct,direct_max__idelay_data_cntvaluein__lane0__dq6__ctrl_3__endpoint__value_ps,direct_max,idelay_data_cntvaluein,lane0,dq6,3,endpoint,65,41,1126.0,1884.0,2536.0,944.0,1827.0,2338.0,-57.0,0.451782,fail_lower,0.548218,-0.096435,overlap,0.0,2.48917
all_usable,direct,direct_max__idelay_data_cntvaluein__lane1__dq8__ctrl_0__endpoint__value_ps,direct_max,idelay_data_cntvaluein,lane1,dq8,0,endpoint,65,41,587.0,1386.0,2032.0,550.0,1460.0,2039.0,74.0,0.547655,fail_higher,0.547655,0.09531,overlap,0.0,2.460113
all_usable,direct,direct_max__idelay_ld__lane1__dq15__ctrl_none__endpoint__value_ps,direct_max,idelay_ld,lane1,dq15,,endpoint,65,41,672.0,1335.0,1889.0,773.0,1294.0,1856.0,-41.0,0.452345,fail_lower,0.547655,-0.09531,overlap,0.0,2.460113
all_usable,direct,direct_max__idelay_data_cntvaluein__lane0__dq6__ctrl_1__endpoint__value_ps,direct_max,idelay_data_cntvaluein,lane0,dq6,1,endpoint,65,41,819.0,1782.0,2819.0,1115.0,1636.0,2372.0,-146.0,0.452533,fail_lower,0.547467,-0.094934,overlap,0.0,2.450428
all_usable,direct,direct_max__idelay_data_cntvaluein__lane0__dq4__ctrl_1__endpoint__value_ps,direct_max,idelay_data_cntvaluein,lane0,dq4,1,endpoint,65,41,939.0,1699.0,2723.0,939.0,1608.0,2278.0,-91.0,0.452908,fail_lower,0.547092,-0.094184,overlap,0.0,2.431057
all_usable,skew,signed_idelayctrl_minus_reset_release__startup_relative_skew__all__no_bit__ctrl_none__idelayctrl_vs_reset__value_ps,signed_idelayctrl_minus_reset_release,startup_relative_skew,all,,,idelayctrl_vs_reset,63,40,248.0,2009.0,2954.0,954.0,1860.5,3010.0,-148.5,0.451587,fail_lower,0.548413,-0.096825,overlap,0.0,2.430298
all_usable,skew,abs_idelayctrl_minus_reset_release__startup_relative_skew__all__no_bit__ctrl_none__idelayctrl_vs_reset__value_ps,abs_idelayctrl_minus_reset_release,startup_relative_skew,all,,,idelayctrl_vs_reset,63,40,248.0,2009.0,2954.0,954.0,1860.5,3010.0,-148.5,0.451587,fail_lower,0.548413,-0.096825,overlap,0.0,2.430298
all_usable,skew,signed_dqs_minus_dq_bit__idelay_cntvaluein_skew__lane0__dq7__ctrl_2__dqs_vs_dq_bit__value_ps,signed_dqs_minus_dq_bit,idelay_cntvaluein_skew,lane0,dq7,2,dqs_vs_dq_bit,63,40,-1056.0,-163.0,835.0,-981.0,-117.0,863.0,46.0,0.548214,fail_higher,0.548214,0.096429,overlap,0.0,2.420338
all_usable,direct,direct_max__idelay_data_cntvaluein__lane0__dq1__ctrl_1__endpoint__value_ps,direct_max,idelay_data_cntvaluein,lane0,dq1,1,endpoint,65,41,870.0,1631.0,2632.0,959.0,1529.0,2187.0,-102.0,0.453283,fail_lower,0.546717,-0.093433,overlap,0.0,2.411686
all_usable,skew,abs_dqs_minus_dq_bit__idelay_cntvaluein_skew__lane1__dq10__ctrl_2__dqs_vs_dq_bit__value_ps,abs_dqs_minus_dq_bit,idelay_cntvaluein_skew,lane1,dq10,2,dqs_vs_dq_bit,63,40,5.0,298.0,1213.0,8.0,276.5,939.0,-21.5,0.451984,fail_lower,0.548016,-0.096032,overlap,0.0,2.410378
all_usable,skew,abs_dqs_minus_dq_bit__idelay_cntvaluein_skew__lane1__dq15__ctrl_2__dqs_vs_dq_bit__value_ps,abs_dqs_minus_dq_bit,idelay_cntvaluein_skew,lane1,dq15,2,dqs_vs_dq_bit,63,40,3.0,252.0,1219.0,0.0,263.0,823.0,11.0,0.451984,fail_lower,0.548016,-0.096032,overlap,0.0,2.410378
all_usable,direct,direct_max__idelayctrl__all__no_bit__ctrl_none__endpoint__value_ps,direct_max,idelayctrl,all,,,endpoint,65,41,1394.0,2714.0,3494.0,1488.0,2684.0,3865.0,-30.0,0.453471,fail_lower,0.546529,-0.093058,overlap,0.0,2.402
all_usable,skew,signed_dqs_minus_dq_median__iologic_skew__lane1__dqs1__ctrl_none__dqs_vs_dq_lane__value_ps,signed_dqs_minus_dq_median,iologic_skew,lane1,dqs1,,dqs_vs_dq_lane,63,40,-796.0,239.0,1593.5,-594.5,318.75,1322.5,79.75,0.547817,fail_higher,0.547817,0.095635,overlap,0.0,2.400417
all_usable,skew,abs_dqs_minus_dq_bit__idelay_cntvaluein_skew__lane1__dq13__ctrl_4__dqs_vs_dq_bit__value_ps,abs_dqs_minus_dq_bit,idelay_cntvaluein_skew,lane1,dq13,4,dqs_vs_dq_bit,63,40,13.0,262.0,982.0,0.0,232.5,703.0,-29.5,0.452381,fail_lower,0.547619,-0.095238,overlap,0.0,2.390457
all_usable,skew,abs_dqs_minus_dq_median__idelay_cntvaluein_skew__lane0__dqs0__ctrl_2__dqs_vs_dq_lane__value_ps,abs_dqs_minus_dq_median,idelay_cntvaluein_skew,lane0,dqs0,2,dqs_vs_dq_lane,63,40,16.0,377.0,927.5,40.5,314.75,1005.0,-62.25,0.452579,fail_lower,0.547421,-0.094841,overlap,0.0,2.380497
all_usable,direct,direct_max__idelay_data_cntvaluein__lane0__dq6__ctrl_0__endpoint__value_ps,direct_max,idelay_data_cntvaluein,lane0,dq6,0,endpoint,65,41,802.0,1623.0,2339.0,907.0,1671.0,2382.0,48.0,0.545966,fail_higher,0.545966,0.091932,overlap,0.0,2.372944
all_usable,direct,direct_max__idelay_data_cntvaluein__lane0__dq4__ctrl_2__endpoint__value_ps,direct_max,idelay_data_cntvaluein,lane0,dq4,2,endpoint,65,41,921.0,1712.0,2323.0,994.0,1651.0,2303.0,-61.0,0.454409,fail_lower,0.545591,-0.091182,overlap,0.0,2.353573
all_usable,direct,direct_max__idelay_data_cntvaluein__lane0__dq2__ctrl_1__endpoint__value_ps,direct_max,idelay_data_cntvaluein,lane0,dq2,1,endpoint,65,41,859.0,1715.0,2726.0,1021.0,1664.0,2279.0,-51.0,0.454409,fail_lower,0.545591,-0.091182,overlap,0.0,2.353573
all_usable,skew,signed_dqs_minus_dq_bit__idelay_cntvaluein_skew__lane0__dq1__ctrl_2__dqs_vs_dq_bit__value_ps,signed_dqs_minus_dq_bit,idelay_cntvaluein_skew,lane0,dq1,2,dqs_vs_dq_bit,63,40,-1073.0,-210.0,919.0,-880.0,-107.5,999.0,102.5,0.546429,fail_higher,0.546429,0.092857,overlap,0.0,2.330696
all_usable,skew,signed_dqs_minus_dq_bit__idelay_cntvaluein_skew__lane0__dq7__ctrl_3__dqs_vs_dq_bit__value_ps,signed_dqs_minus_dq_bit,idelay_cntvaluein_skew,lane0,dq7,3,dqs_vs_dq_bit,63,40,-1098.0,-49.0,627.0,-1179.0,-44.5,1034.0,4.5,0.546429,fail_higher,0.546429,0.092857,overlap,0.0,2.330696
all_usable,skew,signed_dqs_minus_dq_bit__idelay_cntvaluein_skew__lane0__dq2__ctrl_3__dqs_vs_dq_bit__value_ps,signed_dqs_minus_dq_bit,idelay_cntvaluein_skew,lane0,dq2,3,dqs_vs_dq_bit,63,40,-1090.0,-36.0,719.0,-1089.0,5.5,1078.0,41.5,0.545635,fail_higher,0.545635,0.09127,overlap,0.0,2.290855
all_usable,skew,abs_dqs_bus_skew_minus_dq_median__idelay_cntvaluein_skew__lane0__dqs0__ctrl_none__dqs_vs_dq_bus_skew__value_ps,abs_dqs_bus_skew_minus_dq_median,idelay_cntvaluein_skew,lane0,dqs0,,dqs_vs_dq_bus_skew,63,40,24.5,263.5,985.0,27.5,256.75,858.0,-6.75,0.454563,fail_lower,0.545437,-0.090873,overlap,0.0,2.280895
all_usable,skew,signed_ld_minus_cntvaluein_dq_median__idelay_ld_cntvaluein_skew__lane0__no_bit__ctrl_0__ld_vs_cntvaluein_dq_lane__value_ps,signed_ld_minus_cntvaluein_dq_median,idelay_ld_cntvaluein_skew,lane0,,0,ld_vs_cntvaluein_dq_lane,63,40,-641.0,33.5,682.0,-816.0,-29.75,1103.5,-63.25,0.454762,fail_lower,0.545238,-0.090476,overlap,0.0,2.270934
all_usable,skew,dq_lane_range__idelay_cntvaluein_skew__lane1__no_bit__ctrl_4__dq_lane__value_ps,dq_lane_range,idelay_cntvaluein_skew,lane1,,4,dq_lane,63,40,175.0,435.0,847.0,158.0,412.0,709.0,-23.0,0.454762,fail_lower,0.545238,-0.090476,overlap,0.0,2.270934
all_usable,skew,abs_dqs_minus_dq_bit__idelay_cntvaluein_skew__lane1__dq10__ctrl_0__dqs_vs_dq_bit__value_ps,abs_dqs_minus_dq_bit,idelay_cntvaluein_skew,lane1,dq10,0,dqs_vs_dq_bit,63,40,19.0,277.0,1027.0,6.0,239.0,911.0,-38.0,0.45496,fail_lower,0.54504,-0.090079,overlap,0.0,2.260974
all_usable,direct,direct_max__dqs_iologic__lane1__dqs1__ctrl_none__endpoint__value_ps,direct_max,dqs_iologic,lane1,dqs1,,endpoint,65,41,1873.0,2775.0,3884.0,1950.0,2756.0,4232.0,-19.0,0.543527,fail_higher,0.543527,0.087054,overlap,0.0,2.247033
all_usable,direct,lane_spread__dqs_iologic__lane1__no_bit__ctrl_none__lane__value_ps,lane_spread,dqs_iologic,lane1,,,lane,65,41,1873.0,2775.0,3884.0,1950.0,2756.0,4232.0,-19.0,0.543527,fail_higher,0.543527,0.087054,overlap,0.0,2.247033
all_usable,skew,abs_ld_minus_cntvaluein_dq_median__idelay_ld_cntvaluein_skew__lane0__no_bit__ctrl_3__ld_vs_cntvaluein_dq_lane__value_ps,abs_ld_minus_cntvaluein_dq_median,idelay_ld_cntvaluein_skew,lane0,,3,ld_vs_cntvaluein_dq_lane,63,40,13.5,349.5,1097.5,36.5,288.0,879.0,-61.5,0.455556,fail_lower,0.544444,-0.088889,overlap,0.0,2.231093
all_usable,skew,signed_dqs_minus_dq_bit__idelay_cntvaluein_skew__lane1__dq13__ctrl_3__dqs_vs_dq_bit__value_ps,signed_dqs_minus_dq_bit,idelay_cntvaluein_skew,lane1,dq13,3,dqs_vs_dq_bit,63,40,-770.0,1.0,658.0,-536.0,89.0,875.0,88.0,0.544246,fail_higher,0.544246,0.088492,overlap,0.0,2.221133
all_usable,skew,abs_lane1_minus_lane0_dqs__idelay_cntvaluein_skew__all__no_bit__ctrl_0__lane1_vs_lane0_dqs__value_ps,abs_lane1_minus_lane0_dqs,idelay_cntvaluein_skew,all,,0,lane1_vs_lane0_dqs,63,40,2.0,277.0,684.0,21.0,274.5,795.0,-2.5,0.455754,fail_lower,0.544246,-0.088492,overlap,0.0,2.221133
all_usable,direct,direct_max__idelay_data_cntvaluein__lane0__dq0__ctrl_1__endpoint__value_ps,direct_max,idelay_data_cntvaluein,lane0,dq0,1,endpoint,65,41,787.0,1590.0,2548.0,869.0,1595.0,2151.0,5.0,0.458161,fail_lower,0.541839,-0.083677,overlap,0.0,2.159863
all_usable,skew,signed_dqs_minus_dq_bit__idelay_cntvaluein_skew__lane0__dq2__ctrl_1__dqs_vs_dq_bit__value_ps,signed_dqs_minus_dq_bit,idelay_cntvaluein_skew,lane0,dq2,1,dqs_vs_dq_bit,63,40,-1212.0,-119.0,1048.0,-928.0,-54.5,993.0,64.5,0.542857,fail_higher,0.542857,0.085714,overlap,0.0,2.151411
all_usable,skew,signed_dqs_minus_dq_bit__idelay_cntvaluein_skew__lane0__dq6__ctrl_1__dqs_vs_dq_bit__value_ps,signed_dqs_minus_dq_bit,idelay_cntvaluein_skew,lane0,dq6,1,dqs_vs_dq_bit,63,40,-1305.0,-140.0,1041.0,-1021.0,-87.0,1036.0,53.0,0.542659,fail_higher,0.542659,0.085317,overlap,0.0,2.141451
all_usable,direct,direct_max__dq_iologic__lane1__dq10__ctrl_none__endpoint__value_ps,direct_max,dq_iologic,lane1,dq10,,endpoint,65,41,1575.0,2519.0,3463.0,1636.0,2578.0,3846.0,59.0,0.541276,fail_higher,0.541276,0.082552,overlap,0.0,2.130807
all_usable,skew,dq_lane_range__idelay_cntvaluein_skew__lane1__no_bit__ctrl_1__dq_lane__value_ps,dq_lane_range,idelay_cntvaluein_skew,lane1,,1,dq_lane,63,40,91.0,422.0,1067.0,226.0,459.0,806.0,37.0,0.542063,fail_higher,0.542063,0.084127,overlap,0.0,2.111571
all_usable,skew,signed_ld_minus_cntvaluein_dqs__idelay_ld_cntvaluein_skew__lane1__dqs1__ctrl_0__ld_vs_cntvaluein_dqs__value_ps,signed_ld_minus_cntvaluein_dqs,idelay_ld_cntvaluein_skew,lane1,dqs1,0,ld_vs_cntvaluein_dqs,63,40,-577.0,113.0,988.0,-787.0,215.5,985.0,102.5,0.541468,fail_higher,0.541468,0.082937,overlap,0.0,2.08169
all_usable,skew,abs_dqs_minus_dq_bit__idelay_cntvaluein_skew__lane1__dq8__ctrl_3__dqs_vs_dq_bit__value_ps,abs_dqs_minus_dq_bit,idelay_cntvaluein_skew,lane1,dq8,3,dqs_vs_dq_bit,63,40,15.0,207.0,901.0,0.0,272.0,855.0,65.0,0.54127,fail_higher,0.54127,0.08254,overlap,0.0,2.07173
all_usable,skew,signed_dqs_minus_dq_median__idelay_cntvaluein_skew__lane0__dqs0__ctrl_1__dqs_vs_dq_lane__value_ps,signed_dqs_minus_dq_median,idelay_cntvaluein_skew,lane0,dqs0,1,dqs_vs_dq_lane,63,40,-1163.5,-61.0,965.5,-881.5,-31.0,1014.5,30.0,0.541071,fail_higher,0.541071,0.082143,overlap,0.0,2.061769
all_usable,skew,abs_dqs_minus_dq_bit__idelay_cntvaluein_skew__lane0__dq6__ctrl_3__dqs_vs_dq_bit__value_ps,abs_dqs_minus_dq_bit,idelay_cntvaluein_skew,lane0,dq6,3,dqs_vs_dq_bit,63,40,3.0,269.0,965.0,11.0,286.0,1121.0,17.0,0.540873,fail_higher,0.540873,0.081746,overlap,0.0,2.051809
all_usable,direct,direct_max__idelay_data_cntvaluein__lane1__dq11__ctrl_1__endpoint__value_ps,direct_max,idelay_data_cntvaluein,lane1,dq11,1,endpoint,65,41,407.0,1266.0,1850.0,451.0,1292.0,1746.0,26.0,0.4606,fail_lower,0.5394,-0.078799,overlap,0.0,2.033952
all_usable,skew,abs_lane1_minus_lane0_dq_median__idelay_cntvaluein_skew__all__no_bit__ctrl_0__lane1_vs_lane0_dq__value_ps,abs_lane1_minus_lane0_dq_median,idelay_cntvaluein_skew,all,,0,lane1_vs_lane0_dq,63,40,27.0,295.5,697.5,8.5,286.75,724.5,-8.75,0.459921,fail_lower,0.540079,-0.080159,overlap,0.0,2.011968
all_usable,direct,direct_max__dq_iologic__lane0__dq7__ctrl_none__endpoint__value_ps,direct_max,dq_iologic,lane0,dq7,,endpoint,65,41,1695.0,2426.0,3805.0,1929.0,2505.0,3694.0,79.0,0.538462,fail_higher,0.538462,0.076923,overlap,0.0,1.985525
all_usable,skew,abs_ld_minus_cntvaluein_dq_median__idelay_ld_cntvaluein_skew__lane1__no_bit__ctrl_1__ld_vs_cntvaluein_dq_lane__value_ps,abs_ld_minus_cntvaluein_dq_median,idelay_ld_cntvaluein_skew,lane1,,1,ld_vs_cntvaluein_dq_lane,63,40,5.5,270.0,732.0,19.0,260.75,720.5,-9.25,0.539484,fail_higher,0.539484,0.078968,overlap,0.0,1.982087
all_usable,skew,signed_dqs_minus_dq_bit__idelay_cntvaluein_skew__lane1__dq12__ctrl_4__dqs_vs_dq_bit__value_ps,signed_dqs_minus_dq_bit,idelay_cntvaluein_skew,lane1,dq12,4,dqs_vs_dq_bit,63,40,-778.0,-87.0,804.0,-499.0,-48.5,582.0,38.5,0.53869,fail_higher,0.53869,0.077381,overlap,0.0,1.942246
all_usable,direct,direct_max__dq_iologic__lane0__dq3__ctrl_none__endpoint__value_ps,direct_max,dq_iologic,lane0,dq3,,endpoint,65,41,1726.0,2434.0,3805.0,1741.0,2368.0,3584.0,-66.0,0.462477,fail_lower,0.537523,-0.075047,overlap,0.0,1.937097
all_usable,direct,direct_max__idelay_data_cntvaluein__lane1__dq15__ctrl_1__endpoint__value_ps,direct_max,idelay_data_cntvaluein,lane1,dq15,1,endpoint,65,41,416.0,1121.0,1740.0,407.0,1097.0,1626.0,-24.0,0.462477,fail_lower,0.537523,-0.075047,overlap,0.0,1.937097
all_usable,skew,signed_dqs_minus_dq_bit__idelay_cntvaluein_skew__lane0__dq7__ctrl_1__dqs_vs_dq_bit__value_ps,signed_dqs_minus_dq_bit,idelay_cntvaluein_skew,lane0,dq7,1,dqs_vs_dq_bit,63,40,-1302.0,-138.0,963.0,-1020.0,-129.0,1048.0,9.0,0.538492,fail_higher,0.538492,0.076984,overlap,0.0,1.932286
all_usable,direct,direct_max__idelay_data_cntvaluein__lane0__dq7__ctrl_1__endpoint__value_ps,direct_max,idelay_data_cntvaluein,lane0,dq7,1,endpoint,65,41,907.0,1781.0,2816.0,1031.0,1684.0,2371.0,-97.0,0.462664,fail_lower,0.537336,-0.074672,overlap,0.0,1.927412
all_usable,skew,abs_lane1_minus_lane0_dqs__idelay_cntvaluein_skew__all__no_bit__ctrl_3__lane1_vs_lane0_dqs__value_ps,abs_lane1_minus_lane0_dqs,idelay_cntvaluein_skew,all,,3,lane1_vs_lane0_dqs,63,40,37.0,283.0,617.0,21.0,276.0,508.0,-7.0,0.461706,fail_lower,0.538294,-0.076587,overlap,0.0,1.922326
all_usable,direct,direct_max__dqs_iologic__lane0__dqs0__ctrl_none__endpoint__value_ps,direct_max,dqs_iologic,lane0,dqs0,,endpoint,65,41,1921.0,3164.0,4275.0,2339.0,3119.0,4289.0,-45.0,0.536961,fail_higher,0.536961,0.073921,overlap,0.0,1.908041
all_usable,direct,lane_spread__dqs_iologic__lane0__no_bit__ctrl_none__lane__value_ps,lane_spread,dqs_iologic,lane0,,,lane,65,41,1921.0,3164.0,4275.0,2339.0,3119.0,4289.0,-45.0,0.536961,fail_higher,0.536961,0.073921,overlap,0.0,1.908041
all_usable,skew,signed_dqs_minus_dq_bit__idelay_cntvaluein_skew__lane0__dq6__ctrl_3__dqs_vs_dq_bit__value_ps,signed_dqs_minus_dq_bit,idelay_cntvaluein_skew,lane0,dq6,3,dqs_vs_dq_bit,63,40,-965.0,3.0,933.0,-822.0,-14.5,1121.0,-17.5,0.537897,fail_higher,0.537897,0.075794,overlap,0.0,1.902406
all_usable,skew,abs_dqs_minus_dq_bit__idelay_cntvaluein_skew__lane1__dq11__ctrl_0__dqs_vs_dq_bit__value_ps,abs_dqs_minus_dq_bit,idelay_cntvaluein_skew,lane1,dq11,0,dqs_vs_dq_bit,63,40,8.0,242.0,1075.0,2.0,156.0,850.0,-86.0,0.462302,fail_lower,0.537698,-0.075397,overlap,0.0,1.892445
all_usable,skew,signed_lane1_minus_lane0_dq_median__idelay_cntvaluein_skew__all__no_bit__ctrl_0__lane1_vs_lane0_dq__value_ps,signed_lane1_minus_lane0_dq_median,idelay_cntvaluein_skew,all,,0,lane1_vs_lane0_dq,63,40,-697.5,-295.5,92.0,-724.5,-286.75,19.0,8.75,0.537698,fail_higher,0.537698,0.075397,overlap,0.0,1.892445
all_usable,skew,signed_ld_minus_cntvaluein_dqs__idelay_ld_cntvaluein_skew__lane1__dqs1__ctrl_2__ld_vs_cntvaluein_dqs__value_ps,signed_ld_minus_cntvaluein_dqs,idelay_ld_cntvaluein_skew,lane1,dqs1,2,ld_vs_cntvaluein_dqs,63,40,-755.0,20.0,1257.0,-833.0,106.0,910.0,86.0,0.537302,fail_higher,0.537302,0.074603,overlap,0.0,1.872525
all_usable,skew,signed_dqs_minus_dq_bit__idelay_cntvaluein_skew__lane0__dq2__ctrl_2__dqs_vs_dq_bit__value_ps,signed_dqs_minus_dq_bit,idelay_cntvaluein_skew,lane0,dq2,2,dqs_vs_dq_bit,63,40,-970.0,-122.0,997.0,-890.0,-86.0,1014.0,36.0,0.537302,fail_higher,0.537302,0.074603,overlap,0.0,1.872525
all_usable,direct,direct_max__clocking__all__no_bit__ctrl_none__endpoint__value_ps,direct_max,clocking,all,,,endpoint,65,41,6105.0,6824.0,7275.0,5985.0,6809.0,7485.0,-15.0,0.46379,fail_lower,0.53621,-0.07242,overlap,0.0,1.869299
all_usable,direct,lane_spread__clocking__all__no_bit__ctrl_none__lane__value_ps,lane_spread,clocking,all,,,lane,65,41,5986.0,6705.0,7156.0,5866.0,6690.0,7366.0,-15.0,0.46379,fail_lower,0.53621,-0.07242,overlap,0.0,1.869299
all_usable,direct,direct_max__idelay_ld__lane1__dq13__ctrl_none__endpoint__value_ps,direct_max,idelay_ld,lane1,dq13,,endpoint,65,41,976.0,1389.0,1932.0,870.0,1434.0,2029.0,45.0,0.536023,fail_higher,0.536023,0.072045,overlap,0.0,1.859613
all_usable,direct,control_fanout_spread__idelay_data_cntvaluein__lane0__no_bit__ctrl_3__lane_control_bit__value_ps,control_fanout_spread,idelay_data_cntvaluein,lane0,,3,lane_control_bit,65,41,185.0,363.0,848.0,180.0,340.0,691.0,-23.0,0.46454,fail_lower,0.53546,-0.070919,overlap,0.0,1.830557
all_usable,direct,direct_max__dq_iologic__lane0__dq2__ctrl_none__endpoint__value_ps,direct_max,dq_iologic,lane0,dq2,,endpoint,65,41,1629.0,2062.0,4083.0,1725.0,2108.0,3530.0,46.0,0.535272,fail_higher,0.535272,0.070544,overlap,0.0,1.820871
all_usable,skew,signed_dqs_minus_dq_bit__idelay_cntvaluein_skew__lane0__dq1__ctrl_4__dqs_vs_dq_bit__value_ps,signed_dqs_minus_dq_bit,idelay_cntvaluein_skew,lane0,dq1,4,dqs_vs_dq_bit,63,40,-949.0,-8.0,1088.0,-988.0,-85.5,981.0,-77.5,0.464286,fail_lower,0.535714,-0.071429,overlap,0.0,1.792843
all_usable,skew,signed_dqs_minus_dq_bit__idelay_cntvaluein_skew__lane0__dq1__ctrl_1__dqs_vs_dq_bit__value_ps,signed_dqs_minus_dq_bit,idelay_cntvaluein_skew,lane0,dq1,1,dqs_vs_dq_bit,63,40,-1118.0,-74.0,929.0,-836.0,-21.5,885.0,52.5,0.535714,fail_higher,0.535714,0.071429,overlap,0.0,1.792843
all_usable,direct,lane_spread__dq_iologic__lane0__no_bit__ctrl_none__lane__value_ps,lane_spread,dq_iologic,lane0,,,lane,65,41,1863.0,2565.0,4221.0,1988.0,2654.0,3694.0,89.0,0.534522,fail_higher,0.534522,0.069043,overlap,0.0,1.782129
all_usable,direct,direct_max__idelay_data_cntvaluein__lane1__dq9__ctrl_4__endpoint__value_ps,direct_max,idelay_data_cntvaluein,lane1,dq9,4,endpoint,65,41,499.0,1182.0,1973.0,407.0,1223.0,1682.0,41.0,0.534522,fail_higher,0.534522,0.069043,overlap,0.0,1.782129
all_usable,skew,signed_dqs_minus_dq_bit__idelay_cntvaluein_skew__lane0__dq4__ctrl_1__dqs_vs_dq_bit__value_ps,signed_dqs_minus_dq_bit,idelay_cntvaluein_skew,lane0,dq4,1,dqs_vs_dq_bit,63,40,-1209.0,-69.0,968.0,-927.0,-64.5,965.0,4.5,0.535317,fail_higher,0.535317,0.070635,overlap,0.0,1.772922
all_usable,skew,signed_dqs_minus_dq_bit__idelay_cntvaluein_skew__lane1__dq15__ctrl_2__dqs_vs_dq_bit__value_ps,signed_dqs_minus_dq_bit,idelay_cntvaluein_skew,lane1,dq15,2,dqs_vs_dq_bit,63,40,-906.0,186.0,1219.0,-614.0,165.5,823.0,-20.5,0.464881,fail_lower,0.535119,-0.070238,overlap,0.0,1.762962
all_usable,direct,direct_max__dq_iologic__lane0__dq4__ctrl_none__endpoint__value_ps,direct_max,dq_iologic,lane0,dq4,,endpoint,65,41,1621.0,2028.0,4073.0,1575.0,2131.0,3523.0,103.0,0.533959,fail_higher,0.533959,0.067917,overlap,0.0,1.753073
all_usable,skew,signed_dqs_minus_dq_bit__idelay_cntvaluein_skew__lane1__dq15__ctrl_3__dqs_vs_dq_bit__value_ps,signed_dqs_minus_dq_bit,idelay_cntvaluein_skew,lane1,dq15,3,dqs_vs_dq_bit,63,40,-619.0,159.0,829.0,-679.0,233.5,1174.0,74.5,0.534921,fail_higher,0.534921,0.069841,overlap,0.0,1.753002
all_usable,direct,direct_max__dq_iologic__lane0__dq1__ctrl_none__endpoint__value_ps,direct_max,dq_iologic,lane0,dq1,,endpoint,65,41,1649.0,2201.0,3990.0,1817.0,2266.0,3437.0,65.0,0.533771,fail_higher,0.533771,0.067542,overlap,0.0,1.743387
all_usable,skew,signed_dqs_minus_dq_bit__idelay_cntvaluein_skew__lane1__dq8__ctrl_3__dqs_vs_dq_bit__value_ps,signed_dqs_minus_dq_bit,idelay_cntvaluein_skew,lane1,dq8,3,dqs_vs_dq_bit,63,40,-901.0,-127.0,725.0,-844.0,-46.5,855.0,80.5,0.534722,fail_higher,0.534722,0.069444,overlap,0.0,1.743042
all_usable,skew,abs_dqs_minus_dq_bit__idelay_cntvaluein_skew__lane0__dq2__ctrl_2__dqs_vs_dq_bit__value_ps,abs_dqs_minus_dq_bit,idelay_cntvaluein_skew,lane0,dq2,2,dqs_vs_dq_bit,63,40,18.0,406.0,997.0,23.0,314.5,1014.0,-91.5,0.465476,fail_lower,0.534524,-0.069048,overlap,0.0,1.733081
all_usable,direct,direct_max__idelay_data_cntvaluein__lane1__dq13__ctrl_3__endpoint__value_ps,direct_max,idelay_data_cntvaluein,lane1,dq13,3,endpoint,65,41,944.0,1529.0,1973.0,1070.0,1493.0,2029.0,-36.0,0.466604,fail_lower,0.533396,-0.066792,overlap,0.0,1.724016
all_usable,skew,signed_dqs_minus_dq_bit__idelay_cntvaluein_skew__lane0__dq4__ctrl_4__dqs_vs_dq_bit__value_ps,signed_dqs_minus_dq_bit,idelay_cntvaluein_skew,lane0,dq4,4,dqs_vs_dq_bit,63,40,-957.0,-62.0,1092.0,-1072.0,-148.5,1227.0,-86.5,0.465675,fail_lower,0.534325,-0.068651,overlap,0.0,1.723121
all_usable,skew,abs_ld_minus_cntvaluein_dqs__idelay_ld_cntvaluein_skew__lane0__dqs0__ctrl_4__ld_vs_cntvaluein_dqs__value_ps,abs_ld_minus_cntvaluein_dqs,idelay_ld_cntvaluein_skew,lane0,dqs0,4,ld_vs_cntvaluein_dqs,63,40,2.0,308.0,1151.0,7.0,254.5,1171.0,-53.5,0.465675,fail_lower,0.534325,-0.068651,overlap,0.0,1.723121
all_usable,skew,signed_ld_minus_cntvaluein_dqs__idelay_ld_cntvaluein_skew__lane0__dqs0__ctrl_0__ld_vs_cntvaluein_dqs__value_ps,signed_ld_minus_cntvaluein_dqs,idelay_ld_cntvaluein_skew,lane0,dqs0,0,ld_vs_cntvaluein_dqs,63,40,-720.0,-26.0,977.0,-1009.0,152.5,1149.0,178.5,0.534127,fail_higher,0.534127,0.068254,overlap,0.0,1.713161
all_usable,direct,direct_max__idelay_data_cntvaluein__lane1__dq15__ctrl_4__endpoint__value_ps,direct_max,idelay_data_cntvaluein,lane1,dq15,4,endpoint,65,41,411.0,1182.0,1886.0,418.0,1205.0,1684.0,23.0,0.533021,fail_higher,0.533021,0.066041,overlap,0.0,1.704645
all_usable,direct,direct_max__idelay_data_cntvaluein__lane1__dq8__ctrl_3__endpoint__value_ps,direct_max,idelay_data_cntvaluein,lane1,dq8,3,endpoint,65,41,870.0,1652.0,2516.0,1116.0,1636.0,2216.0,-16.0,0.467542,fail_lower,0.532458,-0.064916,overlap,0.0,1.675589
all_usable,skew,abs_dqs_minus_dq_bit__idelay_cntvaluein_skew__lane0__dq0__ctrl_2__dqs_vs_dq_bit__value_ps,abs_dqs_minus_dq_bit,idelay_cntvaluein_skew,lane0,dq0,2,dqs_vs_dq_bit,63,40,2.0,387.0,1097.0,10.0,311.5,993.0,-75.5,0.466667,fail_lower,0.533333,-0.066667,overlap,0.0,1.67332
all_usable,direct,direct_max__idelay_data_cntvaluein__lane1__dq11__ctrl_2__endpoint__value_ps,direct_max,idelay_data_cntvaluein,lane1,dq11,2,endpoint,65,41,446.0,1343.0,1996.0,453.0,1299.0,2042.0,-44.0,0.46773,fail_lower,0.53227,-0.06454,overlap,0.0,1.665904
all_usable,skew,abs_dqs_minus_dq_bit__idelay_cntvaluein_skew__lane0__dq3__ctrl_0__dqs_vs_dq_bit__value_ps,abs_dqs_minus_dq_bit,idelay_cntvaluein_skew,lane0,dq3,0,dqs_vs_dq_bit,63,40,0.0,304.0,982.0,0.0,218.5,1027.0,-85.5,0.466865,fail_lower,0.533135,-0.06627,overlap,0.0,1.66336
all_usable,skew,signed_lane1_minus_lane0_dqs__idelay_cntvaluein_skew__all__no_bit__ctrl_3__lane1_vs_lane0_dqs__value_ps,signed_lane1_minus_lane0_dqs,idelay_cntvaluein_skew,all,,3,lane1_vs_lane0_dqs,63,40,-617.0,-283.0,139.0,-508.0,-276.0,38.0,7.0,0.533135,fail_higher,0.533135,0.06627,overlap,0.0,1.66336
all_usable,skew,signed_dqs_minus_dq_median__idelay_cntvaluein_skew__lane0__dqs0__ctrl_2__dqs_vs_dq_lane__value_ps,signed_dqs_minus_dq_median,idelay_cntvaluein_skew,lane0,dqs0,2,dqs_vs_dq_lane,63,40,-927.5,-105.5,919.0,-888.5,-69.25,1005.0,36.25,0.532937,fail_higher,0.532937,0.065873,overlap,0.0,1.6534
all_usable,skew,abs_dqs_bus_skew_minus_dq_median__idelay_cntvaluein_skew__lane1__dqs1__ctrl_none__dqs_vs_dq_bus_skew__value_ps,abs_dqs_bus_skew_minus_dq_median,idelay_cntvaluein_skew,lane1,dqs1,,dqs_vs_dq_bus_skew,63,40,2.5,166.0,955.0,1.5,152.75,901.0,-13.25,0.467063,fail_lower,0.532937,-0.065873,overlap,0.0,1.6534
all_usable,direct,direct_max__dq_iologic__lane1__dq8__ctrl_none__endpoint__value_ps,direct_max,dq_iologic,lane1,dq8,,endpoint,65,41,1605.0,2638.0,4359.0,1902.0,2565.0,4102.0,-73.0,0.468105,fail_lower,0.531895,-0.06379,overlap,0.0,1.646533
all_usable,direct,direct_max__idelay_data_cntvaluein__lane0__dq5__ctrl_3__endpoint__value_ps,direct_max,idelay_data_cntvaluein,lane0,dq5,3,endpoint,65,41,990.0,1774.0,2380.0,1131.0,1754.0,2085.0,-20.0,0.468668,fail_lower,0.531332,-0.062664,overlap,0.0,1.617476
all_usable,direct,direct_max__idelay_dqs_cntvaluein__lane1__dqs1__ctrl_0__endpoint__value_ps,direct_max,idelay_dqs_cntvaluein,lane1,dqs1,0,endpoint,65,41,597.0,1302.0,2065.0,569.0,1250.0,2325.0,-52.0,0.468856,fail_lower,0.531144,-0.062289,overlap,0.0,1.607791
all_usable,direct,direct_max__idelay_data_cntvaluein__lane1__dq13__ctrl_1__endpoint__value_ps,direct_max,idelay_data_cntvaluein,lane1,dq13,1,endpoint,65,41,499.0,1340.0,1894.0,541.0,1335.0,1827.0,-5.0,0.468856,fail_lower,0.531144,-0.062289,overlap,0.0,1.607791
all_usable,skew,signed_dqs_minus_dq_bit__idelay_cntvaluein_skew__lane1__dq14__ctrl_2__dqs_vs_dq_bit__value_ps,signed_dqs_minus_dq_bit,idelay_cntvaluein_skew,lane1,dq14,2,dqs_vs_dq_bit,63,40,-1216.0,-98.0,1072.0,-813.0,-129.5,484.0,-31.5,0.468056,fail_lower,0.531944,-0.063889,overlap,0.0,1.603598
all_usable,skew,signed_dqs_minus_dq_median__idelay_cntvaluein_skew__lane0__dqs0__ctrl_3__dqs_vs_dq_lane__value_ps,signed_dqs_minus_dq_median,idelay_cntvaluein_skew,lane0,dqs0,3,dqs_vs_dq_lane,63,40,-1003.0,-9.0,914.0,-991.5,0.75,1132.0,9.75,0.531944,fail_higher,0.531944,0.063889,overlap,0.0,1.603598
all_usable,skew,signed_ld_minus_cntvaluein_dq_median__idelay_ld_cntvaluein_skew__lane0__no_bit__ctrl_3__ld_vs_cntvaluein_dq_lane__value_ps,signed_ld_minus_cntvaluein_dq_median,idelay_ld_cntvaluein_skew,lane0,,3,ld_vs_cntvaluein_dq_lane,63,40,-1097.5,-231.5,781.5,-879.0,-121.0,633.5,110.5,0.531349,fail_higher,0.531349,0.062698,overlap,0.0,1.573718
all_usable,skew,signed_dqs_minus_dq_median__idelay_cntvaluein_skew__lane0__dqs0__ctrl_4__dqs_vs_dq_lane__value_ps,signed_dqs_minus_dq_median,idelay_cntvaluein_skew,lane0,dqs0,4,dqs_vs_dq_lane,63,40,-906.0,-33.5,1006.0,-931.5,-106.5,1108.0,-73.0,0.469048,fail_lower,0.530952,-0.061905,overlap,0.0,1.553797
all_usable,skew,abs_lane1_minus_lane0_dqs__idelay_cntvaluein_skew__all__no_bit__ctrl_1__lane1_vs_lane0_dqs__value_ps,abs_lane1_minus_lane0_dqs,idelay_cntvaluein_skew,all,,1,lane1_vs_lane0_dqs,63,40,0.0,274.0,523.0,15.0,276.5,583.0,2.5,0.530952,fail_higher,0.530952,0.061905,overlap,0.0,1.553797
all_usable,skew,signed_dqs_minus_dq_bit__idelay_cntvaluein_skew__lane1__dq10__ctrl_3__dqs_vs_dq_bit__value_ps,signed_dqs_minus_dq_bit,idelay_cntvaluein_skew,lane1,dq10,3,dqs_vs_dq_bit,63,40,-1002.0,-5.0,633.0,-710.0,-159.5,939.0,-154.5,0.469246,fail_lower,0.530754,-0.061508,overlap,0.0,1.543837
all_usable,skew,signed_dqs_minus_dq_bit__idelay_cntvaluein_skew__lane0__dq5__ctrl_2__dqs_vs_dq_bit__value_ps,signed_dqs_minus_dq_bit,idelay_cntvaluein_skew,lane0,dq5,2,dqs_vs_dq_bit,63,40,-891.0,16.0,1078.0,-906.0,13.0,1077.0,-3.0,0.469643,fail_lower,0.530357,-0.060714,overlap,0.0,1.523916
all_usable,skew,signed_dqs_minus_dq_bit__idelay_cntvaluein_skew__lane1__dq8__ctrl_1__dqs_vs_dq_bit__value_ps,signed_dqs_minus_dq_bit,idelay_cntvaluein_skew,lane1,dq8,1,dqs_vs_dq_bit,63,40,-954.0,-105.0,959.0,-778.0,-117.0,1134.0,-12.0,0.469841,fail_lower,0.530159,-0.060317,overlap,0.0,1.513956
all_usable,direct,direct_max__dq_iologic__lane1__dq14__ctrl_none__endpoint__value_ps,direct_max,dq_iologic,lane1,dq14,,endpoint,65,41,1787.0,2414.0,3421.0,1919.0,2474.0,4017.0,60.0,0.529268,fail_higher,0.529268,0.058537,overlap,0.0,1.510936
all_usable,direct,direct_max__idelay_data_cntvaluein__lane1__dq15__ctrl_0__endpoint__value_ps,direct_max,idelay_data_cntvaluein,lane1,dq15,0,endpoint,65,41,398.0,1157.0,1782.0,446.0,1202.0,1659.0,45.0,0.529081,fail_higher,0.529081,0.058161,overlap,0.0,1.50125
all_usable,skew,signed_dqs_minus_dq_bit__idelay_cntvaluein_skew__lane0__dq0__ctrl_1__dqs_vs_dq_bit__value_ps,signed_dqs_minus_dq_bit,idelay_cntvaluein_skew,lane0,dq0,1,dqs_vs_dq_bit,63,40,-1034.0,-43.0,1012.0,-744.0,10.0,798.0,53.0,0.529762,fail_higher,0.529762,0.059524,overlap,0.0,1.494036
all_usable,direct,direct_max__idelay_dqs_cntvaluein__lane1__dqs1__ctrl_2__endpoint__value_ps,direct_max,idelay_dqs_cntvaluein,lane1,dqs1,2,endpoint,65,41,527.0,1348.0,2181.0,644.0,1350.0,2173.0,2.0,0.471107,fail_lower,0.528893,-0.057786,overlap,0.0,1.491565
all_usable,skew,signed_lane1_minus_lane0_dq_median__idelay_cntvaluein_skew__all__no_bit__ctrl_1__lane1_vs_lane0_dq__value_ps,signed_lane1_minus_lane0_dq_median,idelay_cntvaluein_skew,all,,1,lane1_vs_lane0_dq,63,40,-889.5,-335.0,8.5,-591.5,-332.5,85.5,2.5,0.529563,fail_higher,0.529563,0.059127,overlap,0.0,1.484076
all_usable,direct,direct_max__idelay_data_cntvaluein__lane0__dq3__ctrl_3__endpoint__value_ps,direct_max,idelay_data_cntvaluein,lane0,dq3,3,endpoint,65,41,1018.0,1722.0,2295.0,1065.0,1702.0,2176.0,-20.0,0.471482,fail_lower,0.528518,-0.057036,overlap,0.0,1.472194
all_usable,direct,direct_max__idelay_data_cntvaluein__lane1__dq10__ctrl_3__endpoint__value_ps,direct_max,idelay_data_cntvaluein,lane1,dq10,3,endpoint,65,41,972.0,1580.0,2249.0,945.0,1618.0,2114.0,38.0,0.528143,fail_higher,0.528143,0.056285,overlap,0.0,1.452823
all_usable,direct,direct_max__idelay_data_cntvaluein__lane0__dq2__ctrl_4__endpoint__value_ps,direct_max,idelay_data_cntvaluein,lane0,dq2,4,endpoint,65,41,1034.0,1600.0,2361.0,796.0,1580.0,2467.0,-20.0,0.471857,fail_lower,0.528143,-0.056285,overlap,0.0,1.452823
all_usable,skew,signed_dqs_minus_dq_bit__idelay_cntvaluein_skew__lane1__dq8__ctrl_4__dqs_vs_dq_bit__value_ps,signed_dqs_minus_dq_bit,idelay_cntvaluein_skew,lane1,dq8,4,dqs_vs_dq_bit,63,40,-873.0,-179.0,825.0,-638.0,-50.0,686.0,129.0,0.52877,fail_higher,0.52877,0.05754,overlap,0.0,1.444235
all_usable,skew,abs_dqs_minus_dq_bit__idelay_cntvaluein_skew__lane1__dq9__ctrl_1__dqs_vs_dq_bit__value_ps,abs_dqs_minus_dq_bit,idelay_cntvaluein_skew,lane1,dq9,1,dqs_vs_dq_bit,63,40,28.0,246.0,1374.0,13.0,257.0,1350.0,11.0,0.47123,fail_lower,0.52877,-0.05754,overlap,0.0,1.444235
all_usable,direct,direct_max__idelay_data_cntvaluein__lane0__dq2__ctrl_0__endpoint__value_ps,direct_max,idelay_data_cntvaluein,lane0,dq2,0,endpoint,65,41,805.0,1628.0,2326.0,769.0,1638.0,2288.0,10.0,0.527955,fail_higher,0.527955,0.05591,overlap,0.0,1.443137
all_usable,skew,signed_dqs_minus_dq_bit__idelay_cntvaluein_skew__lane0__dq4__ctrl_2__dqs_vs_dq_bit__value_ps,signed_dqs_minus_dq_bit,idelay_cntvaluein_skew,lane0,dq4,2,dqs_vs_dq_bit,63,40,-1118.0,-209.0,909.0,-963.0,-148.5,993.0,60.5,0.528571,fail_higher,0.528571,0.057143,overlap,0.0,1.434274
all_usable,skew,dq_lane_range__idelay_cntvaluein_skew__lane1__no_bit__ctrl_3__dq_lane__value_ps,dq_lane_range,idelay_cntvaluein_skew,lane1,,3,dq_lane,63,40,184.0,434.0,763.0,178.0,474.5,783.0,40.5,0.528373,fail_higher,0.528373,0.056746,overlap,0.0,1.424314
all_usable,skew,signed_dqs_minus_dq_bit__idelay_cntvaluein_skew__lane1__dq10__ctrl_1__dqs_vs_dq_bit__value_ps,signed_dqs_minus_dq_bit,idelay_cntvaluein_skew,lane1,dq10,1,dqs_vs_dq_bit,63,40,-954.0,-60.0,1214.0,-692.0,1.0,1031.0,61.0,0.528175,fail_higher,0.528175,0.056349,overlap,0.0,1.414354
all_usable,skew,abs_lane1_minus_lane0_dq_median__idelay_cntvaluein_skew__all__no_bit__ctrl_1__lane1_vs_lane0_dq__value_ps,abs_lane1_minus_lane0_dq_median,idelay_cntvaluein_skew,all,,1,lane1_vs_lane0_dq,63,40,6.5,335.0,889.5,12.5,332.5,591.5,-2.5,0.472024,fail_lower,0.527976,-0.055952,overlap,0.0,1.404394
all_usable,skew,abs_dqs_minus_dq_median__idelay_cntvaluein_skew__lane1__dqs1__ctrl_0__dqs_vs_dq_lane__value_ps,abs_dqs_minus_dq_median,idelay_cntvaluein_skew,lane1,dqs1,0,dqs_vs_dq_lane,63,40,0.5,254.0,1021.5,32.5,190.5,894.5,-63.5,0.472222,fail_lower,0.527778,-0.055556,overlap,0.0,1.394433
all_usable,skew,signed_lane1_minus_lane0_dqs__idelay_cntvaluein_skew__all__no_bit__ctrl_1__lane1_vs_lane0_dqs__value_ps,signed_lane1_minus_lane0_dqs,idelay_cntvaluein_skew,all,,1,lane1_vs_lane0_dqs,63,40,-523.0,-274.0,85.0,-583.0,-276.5,161.0,-2.5,0.472222,fail_lower,0.527778,-0.055556,overlap,0.0,1.394433
all_usable,direct,direct_max__idelay_data_cntvaluein__lane1__dq8__ctrl_1__endpoint__value_ps,direct_max,idelay_data_cntvaluein,lane1,dq8,1,endpoint,65,41,561.0,1455.0,2279.0,583.0,1440.0,2072.0,-15.0,0.526829,fail_higher,0.526829,0.053659,overlap,0.0,1.385024
all_usable,direct,direct_max__idelay_data_cntvaluein__lane1__dq12__ctrl_1__endpoint__value_ps,direct_max,idelay_data_cntvaluein,lane1,dq12,1,endpoint,65,41,540.0,1360.0,2177.0,460.0,1348.0,2036.0,-12.0,0.473171,fail_lower,0.526829,-0.053659,overlap,0.0,1.385024
all_usable,skew,dq_lane_range__idelay_cntvaluein_skew__lane0__no_bit__ctrl_1__dq_lane__value_ps,dq_lane_range,idelay_cntvaluein_skew,lane0,,1,dq_lane,63,40,148.0,359.0,768.0,140.0,354.5,658.0,-4.5,0.472817,fail_lower,0.527183,-0.054365,overlap,0.0,1.364553
all_usable,skew,abs_dqs_minus_dq_bit__idelay_cntvaluein_skew__lane1__dq15__ctrl_3__dqs_vs_dq_bit__value_ps,abs_dqs_minus_dq_bit,idelay_cntvaluein_skew,lane1,dq15,3,dqs_vs_dq_bit,63,40,3.0,275.0,829.0,35.0,249.0,1174.0,-26.0,0.526984,fail_higher,0.526984,0.053968,overlap,0.0,1.354592
all_usable,skew,signed_ld_minus_cntvaluein_dq_median__idelay_ld_cntvaluein_skew__lane1__no_bit__ctrl_1__ld_vs_cntvaluein_dq_lane__value_ps,signed_ld_minus_cntvaluein_dq_median,idelay_ld_cntvaluein_skew,lane1,,1,ld_vs_cntvaluein_dq_lane,63,40,-626.5,152.5,732.0,-413.5,186.5,720.5,34.0,0.526786,fail_higher,0.526786,0.053571,overlap,0.0,1.344632
all_usable,direct,direct_max__idelay_data_cntvaluein__lane0__dq0__ctrl_2__endpoint__value_ps,direct_max,idelay_data_cntvaluein,lane0,dq0,2,endpoint,65,41,919.0,1674.0,2240.0,962.0,1582.0,2220.0,-92.0,0.474109,fail_lower,0.525891,-0.051782,overlap,0.0,1.336597
all_usable,skew,abs_dqs_minus_dq_bit__idelay_cntvaluein_skew__lane1__dq15__ctrl_4__dqs_vs_dq_bit__value_ps,abs_dqs_minus_dq_bit,idelay_cntvaluein_skew,lane1,dq15,4,dqs_vs_dq_bit,63,40,20.0,262.0,1044.0,3.0,250.5,785.0,-11.5,0.473611,fail_lower,0.526389,-0.052778,overlap,0.0,1.324712
all_usable,skew,signed_dqs_minus_dq_bit__idelay_cntvaluein_skew__lane0__dq5__ctrl_3__dqs_vs_dq_bit__value_ps,signed_dqs_minus_dq_bit,idelay_cntvaluein_skew,lane0,dq5,3,dqs_vs_dq_bit,63,40,-1003.0,135.0,1069.0,-691.0,103.0,1102.0,-32.0,0.52619,fail_higher,0.52619,0.052381,overlap,0.0,1.314751
all_usable,direct,direct_max__idelay_ld__lane0__dq4__ctrl_none__endpoint__value_ps,direct_max,idelay_ld,lane0,dq4,,endpoint,65,41,1057.0,1679.0,2316.0,1139.0,1625.0,2592.0,-54.0,0.475235,fail_lower,0.524765,-0.049531,overlap,0.0,1.278484
all_usable,direct,direct_max__idelay_data_cntvaluein__lane1__dq13__ctrl_2__endpoint__value_ps,direct_max,idelay_data_cntvaluein,lane1,dq13,2,endpoint,65,41,451.0,1365.0,2069.0,538.0,1322.0,1955.0,-43.0,0.475422,fail_lower,0.524578,-0.049156,overlap,0.0,1.268799
all_usable,direct,direct_max__idelay_data_cntvaluein__lane0__dq0__ctrl_0__endpoint__value_ps,direct_max,idelay_data_cntvaluein,lane0,dq0,0,endpoint,65,41,870.0,1593.0,2323.0,788.0,1641.0,2311.0,48.0,0.524203,fail_higher,0.524203,0.048405,overlap,0.0,1.249428
all_usable,direct,direct_max__idelay_ld__lane0__dqs0__ctrl_none__endpoint__value_ps,direct_max,idelay_ld,lane0,dqs0,,endpoint,65,41,1161.0,1531.0,2302.0,1059.0,1567.0,2456.0,36.0,0.524203,fail_higher,0.524203,0.048405,overlap,0.0,1.249428
all_usable,skew,signed_dqs_minus_dq_bit__idelay_cntvaluein_skew__lane1__dq14__ctrl_4__dqs_vs_dq_bit__value_ps,signed_dqs_minus_dq_bit,idelay_cntvaluein_skew,lane1,dq14,4,dqs_vs_dq_bit,63,40,-727.0,-109.0,954.0,-648.0,-75.0,633.0,34.0,0.524802,fail_higher,0.524802,0.049603,overlap,0.0,1.24503
all_usable,skew,signed_dqs_minus_dq_bit__idelay_cntvaluein_skew__lane0__dq3__ctrl_4__dqs_vs_dq_bit__value_ps,signed_dqs_minus_dq_bit,idelay_cntvaluein_skew,lane0,dq3,4,dqs_vs_dq_bit,63,40,-684.0,84.0,1036.0,-960.0,83.5,1091.0,-0.5,0.475198,fail_lower,0.524802,-0.049603,overlap,0.0,1.24503
all_usable,direct,direct_max__idelay_data_cntvaluein__lane0__dq4__ctrl_0__endpoint__value_ps,direct_max,idelay_data_cntvaluein,lane0,dq4,0,endpoint,65,41,925.0,1600.0,2237.0,957.0,1654.0,2404.0,54.0,0.524015,fail_higher,0.524015,0.04803,overlap,0.0,1.239742
all_usable,skew,abs_dqs_minus_dq_median__idelay_cntvaluein_skew__lane0__dqs0__ctrl_3__dqs_vs_dq_lane__value_ps,abs_dqs_minus_dq_median,idelay_cntvaluein_skew,lane0,dqs0,3,dqs_vs_dq_lane,63,40,9.0,289.5,1003.0,18.0,318.5,1132.0,29.0,0.524405,fail_higher,0.524405,0.04881,overlap,0.0,1.225109
all_usable,direct,direct_max__idelay_ld__lane0__dq6__ctrl_none__endpoint__value_ps,direct_max,idelay_ld,lane0,dq6,,endpoint,65,41,1057.0,1544.0,2209.0,1151.0,1572.0,2512.0,28.0,0.47636,fail_lower,0.52364,-0.04728,overlap,0.0,1.220371
all_usable,skew,signed_ld_minus_cntvaluein_dq_median__idelay_ld_cntvaluein_skew__lane0__no_bit__ctrl_1__ld_vs_cntvaluein_dq_lane__value_ps,signed_ld_minus_cntvaluein_dq_median,idelay_ld_cntvaluein_skew,lane0,,1,ld_vs_cntvaluein_dq_lane,63,40,-884.0,-36.0,689.0,-998.5,14.25,889.0,50.25,0.524206,fail_higher,0.524206,0.048413,overlap,0.0,1.215149
all_usable,skew,abs_ld_dqs_minus_dq_median__idelay_ld_skew__lane1__dqs1__ctrl_none__dqs_vs_dq_lane__value_ps,abs_ld_dqs_minus_dq_median,idelay_ld_skew,lane1,dqs1,,dqs_vs_dq_lane,63,40,3.0,102.0,249.0,4.0,111.0,469.0,9.0,0.524008,fail_higher,0.524008,0.048016,overlap,0.0,1.205189
all_usable,skew,signed_dqs_minus_dq_bit__idelay_cntvaluein_skew__lane0__dq5__ctrl_4__dqs_vs_dq_bit__value_ps,signed_dqs_minus_dq_bit,idelay_cntvaluein_skew,lane0,dq5,4,dqs_vs_dq_bit,63,40,-674.0,56.0,1021.0,-1047.0,52.0,1002.0,-4.0,0.475992,fail_lower,0.524008,-0.048016,overlap,0.0,1.205189
all_usable,skew,abs_dqs_minus_dq_bit__idelay_cntvaluein_skew__lane1__dq14__ctrl_0__dqs_vs_dq_bit__value_ps,abs_dqs_minus_dq_bit,idelay_cntvaluein_skew,lane1,dq14,0,dqs_vs_dq_bit,63,40,10.0,299.0,855.0,31.0,265.0,878.0,-34.0,0.47619,fail_lower,0.52381,-0.047619,overlap,0.0,1.195229
all_usable,skew,abs_dqs_minus_dq_bit__idelay_cntvaluein_skew__lane1__dq11__ctrl_2__dqs_vs_dq_bit__value_ps,abs_dqs_minus_dq_bit,idelay_cntvaluein_skew,lane1,dq11,2,dqs_vs_dq_bit,63,40,12.0,261.0,1068.0,15.0,246.5,943.0,-14.5,0.47619,fail_lower,0.52381,-0.047619,overlap,0.0,1.195229
all_usable,skew,abs_dqs_minus_dq_bit__idelay_cntvaluein_skew__lane0__dq6__ctrl_0__dqs_vs_dq_bit__value_ps,abs_dqs_minus_dq_bit,idelay_cntvaluein_skew,lane0,dq6,0,dqs_vs_dq_bit,63,40,15.0,284.0,1477.0,9.0,273.0,859.0,-11.0,0.52381,fail_higher,0.52381,0.047619,overlap,0.0,1.195229
all_usable,direct,direct_max__idelay_data_cntvaluein__lane1__dq15__ctrl_2__endpoint__value_ps,direct_max,idelay_data_cntvaluein,lane1,dq15,2,endpoint,65,41,423.0,1184.0,1654.0,412.0,1223.0,2173.0,39.0,0.523077,fail_higher,0.523077,0.046154,overlap,0.0,1.191315
all_usable,skew,abs_dqs_minus_dq_bit__idelay_cntvaluein_skew__lane0__dq4__ctrl_0__dqs_vs_dq_bit__value_ps,abs_dqs_minus_dq_bit,idelay_cntvaluein_skew,lane0,dq4,0,dqs_vs_dq_bit,63,40,2.0,308.0,1469.0,4.0,272.0,937.0,-36.0,0.476587,fail_lower,0.523413,-0.046825,overlap,0.0,1.175308
all_usable,skew,abs_dqs_minus_dq_bit__idelay_cntvaluein_skew__lane1__dq13__ctrl_0__dqs_vs_dq_bit__value_ps,abs_dqs_minus_dq_bit,idelay_cntvaluein_skew,lane1,dq13,0,dqs_vs_dq_bit,63,40,0.0,233.0,1016.0,8.0,199.0,934.0,-34.0,0.476786,fail_lower,0.523214,-0.046429,overlap,0.0,1.165348
all_usable,skew,abs_dqs_minus_dq_bit__idelay_cntvaluein_skew__lane0__dq1__ctrl_0__dqs_vs_dq_bit__value_ps,abs_dqs_minus_dq_bit,idelay_cntvaluein_skew,lane0,dq1,0,dqs_vs_dq_bit,63,40,13.0,291.0,1527.0,3.0,284.5,929.0,-6.5,0.476984,fail_lower,0.523016,-0.046032,overlap,0.0,1.155388
all_usable,skew,abs_dqs_minus_dq_median__iologic_skew__lane1__dqs1__ctrl_none__dqs_vs_dq_lane__value_ps,abs_dqs_minus_dq_median,iologic_skew,lane1,dqs1,,dqs_vs_dq_lane,63,40,0.0,257.5,1593.5,10.5,332.5,1322.5,75.0,0.522817,fail_higher,0.522817,0.045635,overlap,0.0,1.145427
all_usable,skew,signed_dqs_minus_dq_bit__idelay_cntvaluein_skew__lane1__dq11__ctrl_1__dqs_vs_dq_bit__value_ps,signed_dqs_minus_dq_bit,idelay_cntvaluein_skew,lane1,dq11,1,dqs_vs_dq_bit,63,40,-954.0,28.0,1348.0,-452.0,53.0,1216.0,25.0,0.522817,fail_higher,0.522817,0.045635,overlap,0.0,1.145427
all_usable,skew,signed_dqs_minus_dq_bit__idelay_cntvaluein_skew__lane0__dq4__ctrl_3__dqs_vs_dq_bit__value_ps,signed_dqs_minus_dq_bit,idelay_cntvaluein_skew,lane0,dq4,3,dqs_vs_dq_bit,63,40,-1005.0,-20.0,803.0,-1086.0,-36.5,1164.0,-16.5,0.522817,fail_higher,0.522817,0.045635,overlap,0.0,1.145427
all_usable,skew,signed_lane1_minus_lane0_dqs__idelay_cntvaluein_skew__all__no_bit__ctrl_0__lane1_vs_lane0_dqs__value_ps,signed_lane1_minus_lane0_dqs,idelay_cntvaluein_skew,all,,0,lane1_vs_lane0_dqs,63,40,-684.0,-276.0,572.0,-795.0,-274.5,109.0,1.5,0.522619,fail_higher,0.522619,0.045238,overlap,0.0,1.135467
all_usable,direct,direct_max__idelay_data_cntvaluein__lane1__dq9__ctrl_1__endpoint__value_ps,direct_max,idelay_data_cntvaluein,lane1,dq9,1,endpoint,65,41,423.0,1192.0,1754.0,499.0,1177.0,1814.0,-15.0,0.478049,fail_lower,0.521951,-0.043902,overlap,0.0,1.133202
all_usable,direct,direct_max__idelay_ld__lane1__dq8__ctrl_none__endpoint__value_ps,direct_max,idelay_ld,lane1,dq8,,endpoint,65,41,1067.0,1476.0,1932.0,1011.0,1491.0,2121.0,15.0,0.521951,fail_higher,0.521951,0.043902,overlap,0.0,1.133202
all_usable,skew,abs_ld_minus_cntvaluein_dq_median__idelay_ld_cntvaluein_skew__lane0__no_bit__ctrl_4__ld_vs_cntvaluein_dq_lane__value_ps,abs_ld_minus_cntvaluein_dq_median,idelay_ld_cntvaluein_skew,lane0,,4,ld_vs_cntvaluein_dq_lane,63,40,5.0,242.0,862.0,3.5,250.75,1180.0,8.75,0.522222,fail_higher,0.522222,0.044444,overlap,0.0,1.115547
all_usable,direct,direct_max__idelay_data_cntvaluein__lane1__dq12__ctrl_4__endpoint__value_ps,direct_max,idelay_data_cntvaluein,lane1,dq12,4,endpoint,65,41,709.0,1343.0,2236.0,680.0,1365.0,1870.0,22.0,0.478799,fail_lower,0.521201,-0.042402,overlap,0.0,1.09446
all_usable,direct,direct_max__idelay_data_cntvaluein__lane0__dq6__ctrl_4__endpoint__value_ps,direct_max,idelay_data_cntvaluein,lane0,dq6,4,endpoint,65,41,833.0,1597.0,2457.0,903.0,1652.0,2161.0,55.0,0.478987,fail_lower,0.521013,-0.042026,overlap,0.0,1.084774
all_usable,skew,signed_dqs_minus_dq_bit__idelay_cntvaluein_skew__lane1__dq8__ctrl_2__dqs_vs_dq_bit__value_ps,signed_dqs_minus_dq_bit,idelay_cntvaluein_skew,lane1,dq8,2,dqs_vs_dq_bit,63,40,-1308.0,-132.0,1159.0,-836.0,-150.5,483.0,-18.5,0.47877,fail_lower,0.52123,-0.04246,overlap,0.0,1.065746
all_usable,skew,signed_ld_minus_cntvaluein_dqs__idelay_ld_cntvaluein_skew__lane1__dqs1__ctrl_3__ld_vs_cntvaluein_dqs__value_ps,signed_ld_minus_cntvaluein_dqs,idelay_ld_cntvaluein_skew,lane1,dqs1,3,ld_vs_cntvaluein_dqs,63,40,-943.0,-107.0,1344.0,-1019.0,-205.5,846.0,-98.5,0.479167,fail_lower,0.520833,-0.041667,overlap,0.0,1.045825
all_usable,direct,direct_max__idelay_ld__lane1__dq11__ctrl_none__endpoint__value_ps,direct_max,idelay_ld,lane1,dq11,,endpoint,65,41,958.0,1396.0,1865.0,953.0,1462.0,1945.0,66.0,0.520075,fail_higher,0.520075,0.04015,overlap,0.0,1.036347
all_usable,direct,direct_max__idelay_ld__lane0__dq5__ctrl_none__endpoint__value_ps,direct_max,idelay_ld,lane0,dq5,,endpoint,65,41,1157.0,1496.0,2118.0,1054.0,1506.0,2292.0,10.0,0.519887,fail_higher,0.519887,0.039775,overlap,0.0,1.026661
all_usable,skew,abs_dqs_minus_dq_bit__idelay_cntvaluein_skew__lane0__dq3__ctrl_2__dqs_vs_dq_bit__value_ps,abs_dqs_minus_dq_bit,idelay_cntvaluein_skew,lane0,dq3,2,dqs_vs_dq_bit,63,40,8.0,275.0,1169.0,21.0,314.0,1131.0,39.0,0.520437,fail_higher,0.520437,0.040873,overlap,0.0,1.025905
all_usable,direct,control_fanout_spread__idelay_data_cntvaluein__lane1__no_bit__ctrl_3__lane_control_bit__value_ps,control_fanout_spread,idelay_data_cntvaluein,lane1,,3,lane_control_bit,65,41,184.0,436.0,763.0,178.0,467.0,783.0,31.0,0.519512,fail_higher,0.519512,0.039024,overlap,0.0,1.00729
all_usable,direct,control_fanout_spread__idelay_data_cntvaluein__lane0__no_bit__ctrl_1__lane_control_bit__value_ps,control_fanout_spread,idelay_data_cntvaluein,lane0,,1,lane_control_bit,65,41,148.0,356.0,768.0,140.0,355.0,658.0,-1.0,0.480488,fail_lower,0.519512,-0.039024,overlap,0.0,1.00729
all_usable,direct,direct_max__idelay_data_cntvaluein__lane1__dq15__ctrl_3__endpoint__value_ps,direct_max,idelay_data_cntvaluein,lane1,dq15,3,endpoint,65,41,861.0,1353.0,1932.0,810.0,1338.0,1805.0,-15.0,0.480675,fail_lower,0.519325,-0.038649,overlap,0.0,0.997605
all_usable,skew,signed_dqs_minus_dq_bit__idelay_cntvaluein_skew__lane0__dq3__ctrl_3__dqs_vs_dq_bit__value_ps,signed_dqs_minus_dq_bit,idelay_cntvaluein_skew,lane0,dq3,3,dqs_vs_dq_bit,63,40,-913.0,183.0,989.0,-632.0,144.5,1246.0,-38.5,0.519643,fail_higher,0.519643,0.039286,overlap,0.0,0.986064
all_usable,skew,signed_dqs_minus_dq_median__iologic_skew__lane0__dqs0__ctrl_none__dqs_vs_dq_lane__value_ps,signed_dqs_minus_dq_median,iologic_skew,lane0,dqs0,,dqs_vs_dq_lane,63,40,-515.5,989.0,1940.0,-225.0,994.75,1575.5,5.75,0.519643,fail_higher,0.519643,0.039286,overlap,0.0,0.986064
all_usable,direct,direct_max__idelay_ld__lane0__dq1__ctrl_none__endpoint__value_ps,direct_max,idelay_ld,lane0,dq1,,endpoint,65,41,1024.0,1626.0,2319.0,1057.0,1625.0,2592.0,-1.0,0.518949,fail_higher,0.518949,0.037899,overlap,0.0,0.978234
all_usable,skew,signed_ld_minus_cntvaluein_dqs__idelay_ld_cntvaluein_skew__lane1__dqs1__ctrl_4__ld_vs_cntvaluein_dqs__value_ps,signed_ld_minus_cntvaluein_dqs,idelay_ld_cntvaluein_skew,lane1,dqs1,4,ld_vs_cntvaluein_dqs,63,40,-665.0,64.0,1260.0,-995.0,117.5,898.0,53.5,0.518849,fail_higher,0.518849,0.037698,overlap,0.0,0.946223
all_usable,skew,signed_dqs_minus_dq_bit__idelay_cntvaluein_skew__lane0__dq0__ctrl_3__dqs_vs_dq_bit__value_ps,signed_dqs_minus_dq_bit,idelay_cntvaluein_skew,lane0,dq0,3,dqs_vs_dq_bit,63,40,-913.0,-10.0,979.0,-987.0,51.5,1167.0,61.5,0.518651,fail_higher,0.518651,0.037302,overlap,0.0,0.936262
all_usable,skew,signed_dqs_minus_dq_median__idelay_cntvaluein_skew__lane1__dqs1__ctrl_1__dqs_vs_dq_lane__value_ps,signed_dqs_minus_dq_median,idelay_cntvaluein_skew,lane1,dqs1,1,dqs_vs_dq_lane,63,40,-912.0,-14.5,1172.5,-609.5,9.25,1136.0,23.75,0.518254,fail_higher,0.518254,0.036508,overlap,0.0,0.916342
all_usable,skew,signed_ld_minus_cntvaluein_dqs__idelay_ld_cntvaluein_skew__lane0__dqs0__ctrl_3__ld_vs_cntvaluein_dqs__value_ps,signed_ld_minus_cntvaluein_dqs,idelay_ld_cntvaluein_skew,lane0,dqs0,3,ld_vs_cntvaluein_dqs,63,40,-1153.0,-296.0,1378.0,-1249.0,-286.0,592.0,10.0,0.482341,fail_lower,0.517659,-0.035317,overlap,0.0,0.886461
all_usable,skew,signed_dqs_minus_dq_bit__idelay_cntvaluein_skew__lane0__dq2__ctrl_4__dqs_vs_dq_bit__value_ps,signed_dqs_minus_dq_bit,idelay_cntvaluein_skew,lane0,dq2,4,dqs_vs_dq_bit,63,40,-1041.0,-69.0,1004.0,-925.0,-96.5,1219.0,-27.5,0.48254,fail_lower,0.51746,-0.034921,overlap,0.0,0.876501
all_usable,skew,abs_dqs_minus_dq_bit__idelay_cntvaluein_skew__lane0__dq0__ctrl_3__dqs_vs_dq_bit__value_ps,abs_dqs_minus_dq_bit,idelay_cntvaluein_skew,lane0,dq0,3,dqs_vs_dq_bit,63,40,10.0,351.0,979.0,8.0,285.0,1167.0,-66.0,0.517262,fail_higher,0.517262,0.034524,overlap,0.0,0.866541
all_usable,skew,signed_ld_minus_cntvaluein_dqs__idelay_ld_cntvaluein_skew__lane0__dqs0__ctrl_1__ld_vs_cntvaluein_dqs__value_ps,signed_ld_minus_cntvaluein_dqs,idelay_ld_cntvaluein_skew,lane0,dqs0,1,ld_vs_cntvaluein_dqs,63,40,-920.0,26.0,974.0,-1230.0,77.0,765.0,51.0,0.517262,fail_higher,0.517262,0.034524,overlap,0.0,0.866541
all_usable,skew,signed_dqs_minus_dq_bit__idelay_cntvaluein_skew__lane0__dq6__ctrl_4__dqs_vs_dq_bit__value_ps,signed_dqs_minus_dq_bit,idelay_cntvaluein_skew,lane0,dq6,4,dqs_vs_dq_bit,63,40,-958.0,-97.0,1033.0,-1020.0,-114.5,1125.0,-17.5,0.482738,fail_lower,0.517262,-0.034524,overlap,0.0,0.866541
all_usable,skew,abs_dqs_minus_dq_bit__idelay_cntvaluein_skew__lane1__dq13__ctrl_2__dqs_vs_dq_bit__value_ps,abs_dqs_minus_dq_bit,idelay_cntvaluein_skew,lane1,dq13,2,dqs_vs_dq_bit,63,40,10.0,205.0,1059.0,5.0,245.0,821.0,40.0,0.517063,fail_higher,0.517063,0.034127,overlap,0.0,0.856581
all_usable,skew,signed_dqs_minus_dq_bit__idelay_cntvaluein_skew__lane1__dq10__ctrl_2__dqs_vs_dq_bit__value_ps,signed_dqs_minus_dq_bit,idelay_cntvaluein_skew,lane1,dq10,2,dqs_vs_dq_bit,63,40,-1213.0,-79.0,920.0,-939.0,-53.5,737.0,25.5,0.482937,fail_lower,0.517063,-0.034127,overlap,0.0,0.856581
all_usable,direct,direct_max__idelay_data_cntvaluein__lane0__dq1__ctrl_0__endpoint__value_ps,direct_max,idelay_data_cntvaluein,lane0,dq1,0,endpoint,65,41,930.0,1626.0,2246.0,873.0,1703.0,2453.0,77.0,0.51651,fail_higher,0.51651,0.033021,overlap,0.0,0.852323
all_usable,direct,direct_max__idelay_data_cntvaluein__lane0__dq1__ctrl_3__endpoint__value_ps,direct_max,idelay_data_cntvaluein,lane0,dq1,3,endpoint,65,41,1164.0,1832.0,2596.0,1090.0,1809.0,2522.0,-23.0,0.48349,fail_lower,0.51651,-0.033021,overlap,0.0,0.852323
all_usable,skew,signed_dqs_minus_dq_bit__idelay_cntvaluein_skew__lane0__dq3__ctrl_2__dqs_vs_dq_bit__value_ps,signed_dqs_minus_dq_bit,idelay_cntvaluein_skew,lane0,dq3,2,dqs_vs_dq_bit,63,40,-836.0,26.0,1169.0,-815.0,104.0,1131.0,78.0,0.483135,fail_lower,0.516865,-0.03373,overlap,0.0,0.84662
all_usable,skew,abs_dqs_minus_dq_bit__idelay_cntvaluein_skew__lane0__dq5__ctrl_3__dqs_vs_dq_bit__value_ps,abs_dqs_minus_dq_bit,idelay_cntvaluein_skew,lane0,dq5,3,dqs_vs_dq_bit,63,40,20.0,285.0,1069.0,15.0,317.5,1102.0,32.5,0.516865,fail_higher,0.516865,0.03373,overlap,0.0,0.84662
all_usable,skew,signed_dqs_minus_dq_bit__idelay_cntvaluein_skew__lane1__dq12__ctrl_2__dqs_vs_dq_bit__value_ps,signed_dqs_minus_dq_bit,idelay_cntvaluein_skew,lane1,dq12,2,dqs_vs_dq_bit,63,40,-1126.0,-43.0,984.0,-885.0,-43.5,566.0,-0.5,0.483532,fail_lower,0.516468,-0.032937,overlap,0.0,0.8267
all_usable,skew,signed_ld_minus_cntvaluein_dqs__idelay_ld_cntvaluein_skew__lane1__dqs1__ctrl_1__ld_vs_cntvaluein_dqs__value_ps,signed_ld_minus_cntvaluein_dqs,idelay_ld_cntvaluein_skew,lane1,dqs1,1,ld_vs_cntvaluein_dqs,63,40,-755.0,67.0,1200.0,-740.0,163.0,915.0,96.0,0.51627,fail_higher,0.51627,0.03254,overlap,0.0,0.81674
all_usable,skew,abs_dqs_minus_dq_bit__idelay_cntvaluein_skew__lane0__dq2__ctrl_3__dqs_vs_dq_bit__value_ps,abs_dqs_minus_dq_bit,idelay_cntvaluein_skew,lane0,dq2,3,dqs_vs_dq_bit,63,40,5.0,280.0,1090.0,10.0,326.0,1089.0,46.0,0.51627,fail_higher,0.51627,0.03254,overlap,0.0,0.81674
all_usable,skew,abs_dqs_minus_dq_bit__idelay_cntvaluein_skew__lane0__dq4__ctrl_3__dqs_vs_dq_bit__value_ps,abs_dqs_minus_dq_bit,idelay_cntvaluein_skew,lane0,dq4,3,dqs_vs_dq_bit,63,40,3.0,322.0,1005.0,23.0,325.0,1164.0,3.0,0.51627,fail_higher,0.51627,0.03254,overlap,0.0,0.81674
all_usable,skew,abs_dqs_minus_dq_bit__idelay_cntvaluein_skew__lane1__dq9__ctrl_4__dqs_vs_dq_bit__value_ps,abs_dqs_minus_dq_bit,idelay_cntvaluein_skew,lane1,dq9,4,dqs_vs_dq_bit,63,40,5.0,265.0,956.0,13.0,262.0,774.0,-3.0,0.483929,fail_lower,0.516071,-0.032143,overlap,0.0,0.806779
all_usable,direct,direct_max__idelay_ld__lane0__dq3__ctrl_none__endpoint__value_ps,direct_max,idelay_ld,lane0,dq3,,endpoint,65,41,1072.0,1458.0,2121.0,1059.0,1490.0,2456.0,32.0,0.515572,fail_higher,0.515572,0.031144,overlap,0.0,0.803895
all_usable,skew,signed_dqs_minus_dq_bit__idelay_cntvaluein_skew__lane1__dq13__ctrl_1__dqs_vs_dq_bit__value_ps,signed_dqs_minus_dq_bit,idelay_cntvaluein_skew,lane1,dq13,1,dqs_vs_dq_bit,63,40,-1045.0,7.0,1089.0,-533.0,-18.0,1138.0,-25.0,0.515873,fail_higher,0.515873,0.031746,overlap,0.0,0.796819
all_usable,skew,signed_ld_minus_cntvaluein_dq_median__idelay_ld_cntvaluein_skew__lane1__no_bit__ctrl_3__ld_vs_cntvaluein_dq_lane__value_ps,signed_ld_minus_cntvaluein_dq_median,idelay_ld_cntvaluein_skew,lane1,,3,ld_vs_cntvaluein_dq_lane,63,40,-1043.0,-83.0,533.5,-793.5,-62.5,500.0,20.5,0.515873,fail_higher,0.515873,0.031746,overlap,0.0,0.796819
all_usable,skew,dq_lane_range__idelay_cntvaluein_skew__lane0__no_bit__ctrl_3__dq_lane__value_ps,dq_lane_range,idelay_cntvaluein_skew,lane0,,3,dq_lane,63,40,185.0,355.0,848.0,180.0,346.0,691.0,-9.0,0.484127,fail_lower,0.515873,-0.031746,overlap,0.0,0.796819
all_usable,skew,signed_ld_minus_cntvaluein_dqs__idelay_ld_cntvaluein_skew__lane0__dqs0__ctrl_2__ld_vs_cntvaluein_dqs__value_ps,signed_ld_minus_cntvaluein_dqs,idelay_ld_cntvaluein_skew,lane0,dqs0,2,ld_vs_cntvaluein_dqs,63,40,-763.0,26.0,1079.0,-973.0,68.5,974.0,42.5,0.515675,fail_higher,0.515675,0.031349,overlap,0.0,0.786859
all_usable,skew,abs_dqs_minus_dq_bit__idelay_cntvaluein_skew__lane0__dq5__ctrl_2__dqs_vs_dq_bit__value_ps,abs_dqs_minus_dq_bit,idelay_cntvaluein_skew,lane0,dq5,2,dqs_vs_dq_bit,63,40,16.0,320.0,1078.0,13.0,302.5,1077.0,-17.5,0.515675,fail_higher,0.515675,0.031349,overlap,0.0,0.786859
all_usable,skew,signed_ld_minus_cntvaluein_dq_median__idelay_ld_cntvaluein_skew__lane1__no_bit__ctrl_2__ld_vs_cntvaluein_dq_lane__value_ps,signed_ld_minus_cntvaluein_dq_median,idelay_ld_cntvaluein_skew,lane1,,2,ld_vs_cntvaluein_dq_lane,63,40,-513.0,87.0,727.0,-727.0,157.25,698.5,70.25,0.515476,fail_higher,0.515476,0.030952,overlap,0.0,0.776899
all_usable,direct,direct_max__idelay_dqs_cntvaluein__lane1__dqs1__ctrl_1__endpoint__value_ps,direct_max,idelay_dqs_cntvaluein,lane1,dqs1,1,endpoint,65,41,549.0,1338.0,2098.0,639.0,1299.0,1891.0,-39.0,0.484991,fail_lower,0.515009,-0.030019,overlap,0.0,0.774839
all_usable,direct,direct_max__idelay_data_cntvaluein__lane0__dq0__ctrl_3__endpoint__value_ps,direct_max,idelay_data_cntvaluein,lane0,dq0,3,endpoint,65,41,1080.0,1804.0,2483.0,1171.0,1792.0,2430.0,-12.0,0.485178,fail_lower,0.514822,-0.029644,overlap,0.0,0.765153
all_usable,skew,abs_dqs_minus_dq_bit__idelay_cntvaluein_skew__lane0__dq2__ctrl_0__dqs_vs_dq_bit__value_ps,abs_dqs_minus_dq_bit,idelay_cntvaluein_skew,lane0,dq2,0,dqs_vs_dq_bit,63,40,9.0,299.0,1381.0,8.0,279.0,901.0,-20.0,0.515079,fail_higher,0.515079,0.030159,overlap,0.0,0.756978
all_usable,direct,direct_max__idelay_ld__lane0__dq0__ctrl_none__endpoint__value_ps,direct_max,idelay_ld,lane0,dq0,,endpoint,65,41,1100.0,1588.0,2184.0,1057.0,1616.0,2533.0,28.0,0.514447,fail_higher,0.514447,0.028893,overlap,0.0,0.745782
all_usable,direct,direct_max__dq_iologic__lane1__dq13__ctrl_none__endpoint__value_ps,direct_max,dq_iologic,lane1,dq13,,endpoint,65,41,1886.0,2384.0,3891.0,1863.0,2460.0,3276.0,76.0,0.514259,fail_higher,0.514259,0.028518,overlap,0.0,0.736097
all_usable,direct,direct_max__idelay_dqs_cntvaluein__lane1__dqs1__ctrl_3__endpoint__value_ps,direct_max,idelay_dqs_cntvaluein,lane1,dqs1,3,endpoint,65,41,527.0,1531.0,2194.0,665.0,1503.0,2447.0,-28.0,0.514259,fail_higher,0.514259,0.028518,overlap,0.0,0.736097
all_usable,skew,signed_dqs_minus_dq_bit__idelay_cntvaluein_skew__lane1__dq11__ctrl_2__dqs_vs_dq_bit__value_ps,signed_dqs_minus_dq_bit,idelay_cntvaluein_skew,lane1,dq11,2,dqs_vs_dq_bit,63,40,-978.0,-28.0,1068.0,-943.0,44.5,717.0,72.5,0.514286,fail_higher,0.514286,0.028571,overlap,0.0,0.717137
all_usable,direct,direct_max__idelay_data_cntvaluein__lane0__dq5__ctrl_4__endpoint__value_ps,direct_max,idelay_data_cntvaluein,lane0,dq5,4,endpoint,65,41,824.0,1455.0,2290.0,787.0,1483.0,2132.0,28.0,0.513884,fail_higher,0.513884,0.027767,overlap,0.0,0.716726
all_usable,skew,signed_dqs_minus_dq_median__idelay_cntvaluein_skew__lane1__dqs1__ctrl_3__dqs_vs_dq_lane__value_ps,signed_dqs_minus_dq_median,idelay_cntvaluein_skew,lane1,dqs1,3,dqs_vs_dq_lane,63,40,-823.0,49.0,631.5,-558.0,15.5,809.0,-33.5,0.514087,fail_higher,0.514087,0.028175,overlap,0.0,0.707177
all_usable,skew,dq_lane_range__idelay_cntvaluein_skew__lane1__no_bit__ctrl_2__dq_lane__value_ps,dq_lane_range,idelay_cntvaluein_skew,lane1,,2,dq_lane,63,40,158.0,371.0,878.0,196.0,402.5,890.0,31.5,0.513492,fail_higher,0.513492,0.026984,overlap,0.0,0.677296
all_usable,direct,direct_max__idelay_data_cntvaluein__lane0__dq5__ctrl_2__endpoint__value_ps,direct_max,idelay_data_cntvaluein,lane0,dq5,2,endpoint,65,41,754.0,1575.0,2401.0,879.0,1524.0,2246.0,-51.0,0.512946,fail_higher,0.512946,0.025891,overlap,0.0,0.668299
all_usable,skew,signed_dqs_minus_dq_median__idelay_cntvaluein_skew__lane1__dqs1__ctrl_4__dqs_vs_dq_lane__value_ps,signed_dqs_minus_dq_median,idelay_cntvaluein_skew,lane1,dqs1,4,dqs_vs_dq_lane,63,40,-684.5,-63.0,836.5,-635.5,-59.5,607.5,3.5,0.513294,fail_higher,0.513294,0.026587,overlap,0.0,0.667336
all_usable,direct,direct_max__dq_iologic__lane1__dq12__ctrl_none__endpoint__value_ps,direct_max,dq_iologic,lane1,dq12,,endpoint,65,41,1756.0,2522.0,3483.0,1924.0,2540.0,3931.0,18.0,0.512758,fail_higher,0.512758,0.025516,overlap,0.0,0.658613
all_usable,direct,direct_max__idelay_data_cntvaluein__lane0__dq0__ctrl_4__endpoint__value_ps,direct_max,idelay_data_cntvaluein,lane0,dq0,4,endpoint,65,41,875.0,1560.0,2384.0,870.0,1620.0,2285.0,60.0,0.512195,fail_higher,0.512195,0.02439,overlap,0.0,0.629557
all_usable,direct,lane_spread__dq_iologic__lane1__no_bit__ctrl_none__lane__value_ps,lane_spread,dq_iologic,lane1,,,lane,65,41,2036.0,2743.0,4359.0,2204.0,2743.0,4248.0,0.0,0.512195,fail_higher,0.512195,0.02439,overlap,0.0,0.629557
all_usable,direct,direct_max__idelay_ld__lane1__dq10__ctrl_none__endpoint__value_ps,direct_max,idelay_ld,lane1,dq10,,endpoint,65,41,990.0,1511.0,1960.0,1024.0,1531.0,2039.0,20.0,0.48818,fail_lower,0.51182,-0.02364,overlap,0.0,0.610186
all_usable,skew,signed_dqs_minus_dq_bit__idelay_cntvaluein_skew__lane1__dq9__ctrl_4__dqs_vs_dq_bit__value_ps,signed_dqs_minus_dq_bit,idelay_cntvaluein_skew,lane1,dq9,4,dqs_vs_dq_bit,63,40,-804.0,135.0,956.0,-774.0,199.0,738.0,64.0,0.512103,fail_higher,0.512103,0.024206,overlap,0.0,0.607575
all_usable,skew,abs_dqs_minus_dq_bit__idelay_cntvaluein_skew__lane1__dq12__ctrl_0__dqs_vs_dq_bit__value_ps,abs_dqs_minus_dq_bit,idelay_cntvaluein_skew,lane1,dq12,0,dqs_vs_dq_bit,63,40,2.0,285.0,807.0,0.0,253.5,967.0,-31.5,0.487897,fail_lower,0.512103,-0.024206,overlap,0.0,0.607575
all_usable,skew,abs_dqs_minus_dq_median__iologic_skew__lane0__dqs0__ctrl_none__dqs_vs_dq_lane__value_ps,abs_dqs_minus_dq_median,iologic_skew,lane0,dqs0,,dqs_vs_dq_lane,63,40,77.0,989.0,1940.0,117.5,994.75,1575.5,5.75,0.512103,fail_higher,0.512103,0.024206,overlap,0.0,0.607575
all_usable,direct,direct_max__idelay_data_cntvaluein__lane1__dq13__ctrl_4__endpoint__value_ps,direct_max,idelay_data_cntvaluein,lane1,dq13,4,endpoint,65,41,541.0,1315.0,2038.0,451.0,1355.0,1896.0,40.0,0.511632,fail_higher,0.511632,0.023265,overlap,0.0,0.6005
all_usable,direct,control_fanout_spread__idelay_data_cntvaluein__lane1__no_bit__ctrl_2__lane_control_bit__value_ps,control_fanout_spread,idelay_data_cntvaluein,lane1,,2,lane_control_bit,65,41,158.0,375.0,878.0,196.0,407.0,890.0,32.0,0.511069,fail_higher,0.511069,0.022139,overlap,0.0,0.571444
all_usable,skew,signed_dqs_minus_dq_bit__idelay_cntvaluein_skew__lane1__dq13__ctrl_2__dqs_vs_dq_bit__value_ps,signed_dqs_minus_dq_bit,idelay_cntvaluein_skew,lane1,dq13,2,dqs_vs_dq_bit,63,40,-1004.0,31.0,1059.0,-821.0,107.0,712.0,76.0,0.511111,fail_higher,0.511111,0.022222,overlap,0.0,0.557773
all_usable,skew,signed_dqs_minus_dq_bit__idelay_cntvaluein_skew__lane1__dq14__ctrl_1__dqs_vs_dq_bit__value_ps,signed_dqs_minus_dq_bit,idelay_cntvaluein_skew,lane1,dq14,1,dqs_vs_dq_bit,63,40,-870.0,-51.0,1040.0,-703.0,-109.5,1123.0,-58.5,0.489484,fail_lower,0.510516,-0.021032,overlap,0.0,0.527893
all_usable,skew,abs_dqs_minus_dq_bit__idelay_cntvaluein_skew__lane0__dq1__ctrl_3__dqs_vs_dq_bit__value_ps,abs_dqs_minus_dq_bit,idelay_cntvaluein_skew,lane0,dq1,3,dqs_vs_dq_bit,63,40,12.0,321.0,1003.0,17.0,287.0,1248.0,-34.0,0.510317,fail_higher,0.510317,0.020635,overlap,0.0,0.517932
all_usable,skew,abs_dqs_minus_dq_median__idelay_cntvaluein_skew__lane0__dqs0__ctrl_0__dqs_vs_dq_lane__value_ps,abs_dqs_minus_dq_median,idelay_cntvaluein_skew,lane0,dqs0,0,dqs_vs_dq_lane,63,40,10.0,256.0,1469.5,16.0,244.75,904.0,-11.25,0.510119,fail_higher,0.510119,0.020238,overlap,0.0,0.507972
all_usable,direct,direct_max__idelay_ld__lane1__dq14__ctrl_none__endpoint__value_ps,direct_max,idelay_ld,lane1,dq14,,endpoint,65,41,1003.0,1475.0,1955.0,1032.0,1523.0,2036.0,48.0,0.509756,fail_higher,0.509756,0.019512,overlap,0.0,0.503645
all_usable,direct,direct_max__idelay_data_cntvaluein__lane1__dq10__ctrl_4__endpoint__value_ps,direct_max,idelay_data_cntvaluein,lane1,dq10,4,endpoint,65,41,651.0,1332.0,2062.0,592.0,1351.0,1820.0,19.0,0.509381,fail_higher,0.509381,0.018762,overlap,0.0,0.484274
all_usable,skew,signed_dqs_minus_dq_bit__idelay_cntvaluein_skew__lane0__dq0__ctrl_2__dqs_vs_dq_bit__value_ps,signed_dqs_minus_dq_bit,idelay_cntvaluein_skew,lane0,dq0,2,dqs_vs_dq_bit,63,40,-1073.0,-115.0,1097.0,-883.0,-41.5,993.0,73.5,0.509127,fail_higher,0.509127,0.018254,overlap,0.0,0.458171
all_usable,skew,abs_dqs_minus_dq_bit__idelay_cntvaluein_skew__lane1__dq8__ctrl_0__dqs_vs_dq_bit__value_ps,abs_dqs_minus_dq_bit,idelay_cntvaluein_skew,lane1,dq8,0,dqs_vs_dq_bit,63,40,3.0,265.0,778.0,2.0,273.0,986.0,8.0,0.490873,fail_lower,0.509127,-0.018254,overlap,0.0,0.458171
all_usable,direct,direct_max__idelay_dqs_cntvaluein__lane0__dqs0__ctrl_2__endpoint__value_ps,direct_max,idelay_dqs_cntvaluein,lane0,dqs0,2,endpoint,65,41,842.0,1603.0,2276.0,861.0,1565.0,2421.0,-38.0,0.491182,fail_lower,0.508818,-0.017636,overlap,0.0,0.455218
all_usable,skew,signed_dqs_minus_dq_bit__idelay_cntvaluein_skew__lane1__dq12__ctrl_1__dqs_vs_dq_bit__value_ps,signed_dqs_minus_dq_bit,idelay_cntvaluein_skew,lane1,dq12,1,dqs_vs_dq_bit,63,40,-865.0,-13.0,1131.0,-742.0,-33.5,1050.0,-20.5,0.49127,fail_lower,0.50873,-0.01746,overlap,0.0,0.43825
all_usable,skew,abs_ld_minus_cntvaluein_dqs__idelay_ld_cntvaluein_skew__lane1__dqs1__ctrl_0__ld_vs_cntvaluein_dqs__value_ps,abs_ld_minus_cntvaluein_dqs,idelay_ld_cntvaluein_skew,lane1,dqs1,0,ld_vs_cntvaluein_dqs,63,40,3.0,266.0,988.0,5.0,258.5,985.0,-7.5,0.50873,fail_higher,0.50873,0.01746,overlap,0.0,0.43825
all_usable,direct,direct_max__idelay_data_cntvaluein__lane1__dq10__ctrl_2__endpoint__value_ps,direct_max,idelay_data_cntvaluein,lane1,dq10,2,endpoint,65,41,444.0,1399.0,2160.0,661.0,1437.0,2095.0,38.0,0.491557,fail_lower,0.508443,-0.016886,overlap,0.0,0.435847
all_usable,skew,abs_dqs_minus_dq_bit__idelay_cntvaluein_skew__lane1__dq9__ctrl_2__dqs_vs_dq_bit__value_ps,abs_dqs_minus_dq_bit,idelay_cntvaluein_skew,lane1,dq9,2,dqs_vs_dq_bit,63,40,11.0,220.0,1287.0,31.0,246.0,801.0,26.0,0.491468,fail_lower,0.508532,-0.017063,overlap,0.0,0.42829
all_usable,skew,signed_dqs_minus_dq_bit__idelay_cntvaluein_skew__lane1__dq15__ctrl_4__dqs_vs_dq_bit__value_ps,signed_dqs_minus_dq_bit,idelay_cntvaluein_skew,lane1,dq15,4,dqs_vs_dq_bit,63,40,-717.0,120.0,1044.0,-694.0,182.0,785.0,62.0,0.508333,fail_higher,0.508333,0.016667,overlap,0.0,0.41833
all_usable,skew,signed_dqs_minus_dq_median__idelay_cntvaluein_skew__lane1__dqs1__ctrl_2__dqs_vs_dq_lane__value_ps,signed_dqs_minus_dq_median,idelay_cntvaluein_skew,lane1,dqs1,2,dqs_vs_dq_lane,63,40,-1065.0,-15.5,1070.0,-816.0,19.5,650.5,35.0,0.491667,fail_lower,0.508333,-0.016667,overlap,0.0,0.41833
all_usable,skew,signed_dqs_minus_dq_bit__idelay_cntvaluein_skew__lane1__dq10__ctrl_4__dqs_vs_dq_bit__value_ps,signed_dqs_minus_dq_bit,idelay_cntvaluein_skew,lane1,dq10,4,dqs_vs_dq_bit,63,40,-639.0,-39.0,862.0,-500.0,-71.5,635.0,-32.5,0.508135,fail_higher,0.508135,0.01627,overlap,0.0,0.40837
all_usable,skew,signed_dqs_minus_dq_bit__idelay_cntvaluein_skew__lane1__dq15__ctrl_1__dqs_vs_dq_bit__value_ps,signed_dqs_minus_dq_bit,idelay_cntvaluein_skew,lane1,dq15,1,dqs_vs_dq_bit,63,40,-814.0,214.0,1381.0,-329.0,207.5,1440.0,-6.5,0.508135,fail_higher,0.508135,0.01627,overlap,0.0,0.40837
all_usable,direct,lane_spread__idelay_ld__lane0__no_bit__ctrl_none__lane__value_ps,lane_spread,idelay_ld,lane0,,,lane,65,41,176.0,353.0,719.0,181.0,350.0,559.0,-3.0,0.50788,fail_higher,0.50788,0.01576,overlap,0.0,0.40679
all_usable,direct,direct_max__idelay_data_cntvaluein__lane1__dq8__ctrl_4__endpoint__value_ps,direct_max,idelay_data_cntvaluein,lane1,dq8,4,endpoint,65,41,663.0,1373.0,2331.0,532.0,1393.0,1886.0,20.0,0.507692,fail_higher,0.507692,0.015385,overlap,0.0,0.397105
all_usable,direct,direct_max__idelay_ld__lane0__dq7__ctrl_none__endpoint__value_ps,direct_max,idelay_ld,lane0,dq7,,endpoint,65,41,1207.0,1656.0,2410.0,1223.0,1646.0,2500.0,-10.0,0.492308,fail_lower,0.507692,-0.015385,overlap,0.0,0.397105
all_usable,direct,direct_max__idelay_data_cntvaluein__lane0__dq3__ctrl_4__endpoint__value_ps,direct_max,idelay_data_cntvaluein,lane0,dq3,4,endpoint,65,41,781.0,1402.0,2206.0,885.0,1457.0,2134.0,55.0,0.493246,fail_lower,0.506754,-0.013508,overlap,0.0,0.348677
all_usable,direct,direct_max__dq_iologic__lane1__dq9__ctrl_none__endpoint__value_ps,direct_max,dq_iologic,lane1,dq9,,endpoint,65,41,1861.0,2295.0,4106.0,1758.0,2295.0,3138.0,0.0,0.506754,fail_higher,0.506754,0.013508,overlap,0.0,0.348677
all_usable,skew,signed_dqs_minus_dq_bit__idelay_cntvaluein_skew__lane0__dq1__ctrl_3__dqs_vs_dq_bit__value_ps,signed_dqs_minus_dq_bit,idelay_cntvaluein_skew,lane0,dq1,3,dqs_vs_dq_bit,63,40,-1003.0,23.0,895.0,-996.0,-22.5,1248.0,-45.5,0.506944,fail_higher,0.506944,0.013889,overlap,0.0,0.348608
all_usable,skew,dq_lane_range__iologic_skew__lane0__no_bit__ctrl_none__dq_lane__value_ps,dq_lane_range,iologic_skew,lane0,,,dq_lane,63,40,154.0,613.0,1419.0,342.0,644.0,974.0,31.0,0.506944,fail_higher,0.506944,0.013889,overlap,0.0,0.348608
all_usable,skew,signed_ld_minus_cntvaluein_dq_median__idelay_ld_cntvaluein_skew__lane1__no_bit__ctrl_4__ld_vs_cntvaluein_dq_lane__value_ps,signed_ld_minus_cntvaluein_dq_median,idelay_ld_cntvaluein_skew,lane1,,4,ld_vs_cntvaluein_dq_lane,63,40,-631.5,162.0,648.0,-385.5,140.5,761.0,-21.5,0.493056,fail_lower,0.506944,-0.013889,overlap,0.0,0.348608
all_usable,direct,direct_max__idelay_data_cntvaluein__lane1__dq8__ctrl_2__endpoint__value_ps,direct_max,idelay_data_cntvaluein,lane1,dq8,2,endpoint,65,41,444.0,1442.0,2078.0,666.0,1379.0,2223.0,-63.0,0.493433,fail_lower,0.506567,-0.013133,overlap,0.0,0.338992
all_usable,skew,signed_dqs_minus_dq_bit__idelay_cntvaluein_skew__lane1__dq14__ctrl_3__dqs_vs_dq_bit__value_ps,signed_dqs_minus_dq_bit,idelay_cntvaluein_skew,lane1,dq14,3,dqs_vs_dq_bit,63,40,-910.0,-18.0,630.0,-752.0,-152.0,793.0,-134.0,0.493651,fail_lower,0.506349,-0.012698,overlap,0.0,0.318728
all_usable,skew,signed_dqs_minus_dq_bit__idelay_cntvaluein_skew__lane1__dq13__ctrl_4__dqs_vs_dq_bit__value_ps,signed_dqs_minus_dq_bit,idelay_cntvaluein_skew,lane1,dq13,4,dqs_vs_dq_bit,63,40,-982.0,-63.0,825.0,-633.0,-38.5,703.0,24.5,0.493651,fail_lower,0.506349,-0.012698,overlap,0.0,0.318728
all_usable,skew,signed_lane1_minus_lane0_dq_median__idelay_cntvaluein_skew__all__no_bit__ctrl_4__lane1_vs_lane0_dq__value_ps,signed_lane1_minus_lane0_dq_median,idelay_cntvaluein_skew,all,,4,lane1_vs_lane0_dq,63,40,-762.5,-298.0,97.5,-664.0,-328.75,97.0,-30.75,0.506151,fail_higher,0.506151,0.012302,overlap,0.0,0.308767
all_usable,skew,abs_dqs_minus_dq_bit__idelay_cntvaluein_skew__lane0__dq3__ctrl_3__dqs_vs_dq_bit__value_ps,abs_dqs_minus_dq_bit,idelay_cntvaluein_skew,lane0,dq3,3,dqs_vs_dq_bit,63,40,3.0,304.0,989.0,3.0,301.5,1246.0,-2.5,0.506151,fail_higher,0.506151,0.012302,overlap,0.0,0.308767
all_usable,skew,abs_dqs_minus_dq_bit__idelay_cntvaluein_skew__lane0__dq0__ctrl_0__dqs_vs_dq_bit__value_ps,abs_dqs_minus_dq_bit,idelay_cntvaluein_skew,lane0,dq0,0,dqs_vs_dq_bit,63,40,0.0,260.0,1470.0,16.0,259.5,963.0,-0.5,0.493849,fail_lower,0.506151,-0.012302,overlap,0.0,0.308767
all_usable,direct,direct_max__idelay_data_cntvaluein__lane0__dq1__ctrl_4__endpoint__value_ps,direct_max,idelay_data_cntvaluein,lane0,dq1,4,endpoint,65,41,957.0,1572.0,2388.0,788.0,1555.0,2298.0,-17.0,0.505629,fail_higher,0.505629,0.011257,overlap,0.0,0.290565
all_usable,direct,direct_max__idelay_data_cntvaluein__lane1__dq9__ctrl_0__endpoint__value_ps,direct_max,idelay_data_cntvaluein,lane1,dq9,0,endpoint,65,41,486.0,1184.0,1866.0,513.0,1210.0,1662.0,26.0,0.494559,fail_lower,0.505441,-0.010882,overlap,0.0,0.280879
all_usable,direct,direct_max__idelay_data_cntvaluein__lane1__dq11__ctrl_4__endpoint__value_ps,direct_max,idelay_data_cntvaluein,lane1,dq11,4,endpoint,65,41,575.0,1248.0,1950.0,556.0,1312.0,1809.0,64.0,0.505253,fail_higher,0.505253,0.010507,overlap,0.0,0.271194
all_usable,skew,abs_ld_minus_cntvaluein_dq_median__idelay_ld_cntvaluein_skew__lane1__no_bit__ctrl_4__ld_vs_cntvaluein_dq_lane__value_ps,abs_ld_minus_cntvaluein_dq_median,idelay_ld_cntvaluein_skew,lane1,,4,ld_vs_cntvaluein_dq_lane,63,40,3.0,268.5,648.0,0.5,257.25,761.0,-11.25,0.49504,fail_lower,0.50496,-0.009921,overlap,0.0,0.249006
all_usable,direct,direct_max__idelay_ld__lane1__dq12__ctrl_none__endpoint__value_ps,direct_max,idelay_ld,lane1,dq12,,endpoint,65,41,1044.0,1452.0,2036.0,999.0,1483.0,2118.0,31.0,0.49531,fail_lower,0.50469,-0.009381,overlap,0.0,0.242137
all_usable,direct,direct_max__idelay_data_cntvaluein__lane0__dq3__ctrl_2__endpoint__value_ps,direct_max,idelay_data_cntvaluein,lane0,dq3,2,endpoint,65,41,726.0,1542.0,2318.0,787.0,1518.0,2296.0,-24.0,0.50469,fail_higher,0.50469,0.009381,overlap,0.0,0.242137
all_usable,direct,direct_max__idelay_dqs_cntvaluein__lane1__dqs1__ctrl_4__endpoint__value_ps,direct_max,idelay_dqs_cntvaluein,lane1,dqs1,4,endpoint,65,41,611.0,1291.0,1968.0,580.0,1304.0,2335.0,13.0,0.495497,fail_lower,0.504503,-0.009006,overlap,0.0,0.232452
all_usable,skew,signed_dqs_minus_dq_bit__idelay_cntvaluein_skew__lane1__dq9__ctrl_1__dqs_vs_dq_bit__value_ps,signed_dqs_minus_dq_bit,idelay_cntvaluein_skew,lane1,dq9,1,dqs_vs_dq_bit,63,40,-711.0,133.0,1374.0,-520.0,132.0,1350.0,-1.0,0.504563,fail_higher,0.504563,0.009127,overlap,0.0,0.229085
all_usable,direct,direct_max__idelay_data_cntvaluein__lane1__dq14__ctrl_3__endpoint__value_ps,direct_max,idelay_data_cntvaluein,lane1,dq14,3,endpoint,65,41,879.0,1603.0,2424.0,1070.0,1590.0,2125.0,-13.0,0.495872,fail_lower,0.504128,-0.008255,overlap,0.0,0.213081
all_usable,skew,abs_lane1_minus_lane0_dq_median__idelay_cntvaluein_skew__all__no_bit__ctrl_4__lane1_vs_lane0_dq__value_ps,abs_lane1_minus_lane0_dq_median,idelay_cntvaluein_skew,all,,4,lane1_vs_lane0_dq,63,40,20.5,298.0,762.5,13.0,328.75,664.0,30.75,0.49623,fail_lower,0.50377,-0.00754,overlap,0.0,0.189245
all_usable,skew,abs_dqs_minus_dq_bit__idelay_cntvaluein_skew__lane0__dq3__ctrl_1__dqs_vs_dq_bit__value_ps,abs_dqs_minus_dq_bit,idelay_cntvaluein_skew,lane0,dq3,1,dqs_vs_dq_bit,63,40,13.0,286.0,1048.0,3.0,297.5,1382.0,11.5,0.49623,fail_lower,0.50377,-0.00754,overlap,0.0,0.189245
all_usable,skew,abs_ld_minus_cntvaluein_dqs__idelay_ld_cntvaluein_skew__lane1__dqs1__ctrl_4__ld_vs_cntvaluein_dqs__value_ps,abs_ld_minus_cntvaluein_dqs,idelay_ld_cntvaluein_skew,lane1,dqs1,4,ld_vs_cntvaluein_dqs,63,40,11.0,234.0,1260.0,25.0,233.0,995.0,-1.0,0.50377,fail_higher,0.50377,0.00754,overlap,0.0,0.189245
all_usable,skew,abs_ld_minus_cntvaluein_dqs__idelay_ld_cntvaluein_skew__lane1__dqs1__ctrl_1__ld_vs_cntvaluein_dqs__value_ps,abs_ld_minus_cntvaluein_dqs,idelay_ld_cntvaluein_skew,lane1,dqs1,1,ld_vs_cntvaluein_dqs,63,40,31.0,270.0,1200.0,46.0,262.0,915.0,-8.0,0.503571,fail_higher,0.503571,0.007143,overlap,0.0,0.179284
all_usable,skew,signed_dqs_minus_dq_bit__idelay_cntvaluein_skew__lane1__dq11__ctrl_4__dqs_vs_dq_bit__value_ps,signed_dqs_minus_dq_bit,idelay_cntvaluein_skew,lane1,dq11,4,dqs_vs_dq_bit,63,40,-897.0,10.0,913.0,-557.0,-21.5,884.0,-31.5,0.496627,fail_lower,0.503373,-0.006746,overlap,0.0,0.169324
all_usable,skew,abs_lane1_minus_lane0_dqs__idelay_cntvaluein_skew__all__no_bit__ctrl_2__lane1_vs_lane0_dqs__value_ps,abs_lane1_minus_lane0_dqs,idelay_cntvaluein_skew,all,,2,lane1_vs_lane0_dqs,63,40,2.0,266.0,531.0,6.0,264.5,784.0,-1.5,0.496627,fail_lower,0.503373,-0.006746,overlap,0.0,0.169324
all_usable,direct,direct_max__idelay_data_cntvaluein__lane1__dq12__ctrl_2__endpoint__value_ps,direct_max,idelay_data_cntvaluein,lane1,dq12,2,endpoint,65,41,528.0,1455.0,2216.0,574.0,1406.0,2039.0,-49.0,0.496811,fail_lower,0.503189,-0.006379,overlap,0.0,0.164653
all_usable,direct,direct_max__idelay_data_cntvaluein__lane1__dq14__ctrl_2__endpoint__value_ps,direct_max,idelay_data_cntvaluein,lane1,dq14,2,endpoint,65,41,597.0,1437.0,1985.0,720.0,1407.0,2131.0,-30.0,0.496811,fail_lower,0.503189,-0.006379,overlap,0.0,0.164653
all_usable,skew,signed_ld_dqs_minus_dq_median__idelay_ld_skew__lane1__dqs1__ctrl_none__dqs_vs_dq_lane__value_ps,signed_ld_dqs_minus_dq_median,idelay_ld_skew,lane1,dqs1,,dqs_vs_dq_lane,63,40,-246.5,-32.5,249.0,-469.0,-49.25,243.0,-16.75,0.496825,fail_lower,0.503175,-0.006349,overlap,0.0,0.159364
all_usable,direct,direct_max__idelay_data_cntvaluein__lane1__dq12__ctrl_3__endpoint__value_ps,direct_max,idelay_data_cntvaluein,lane1,dq12,3,endpoint,65,41,961.0,1626.0,2334.0,949.0,1616.0,2032.0,-10.0,0.497749,fail_lower,0.502251,-0.004503,overlap,0.0,0.116226
all_usable,skew,abs_dqs_minus_dq_bit__idelay_cntvaluein_skew__lane0__dq5__ctrl_0__dqs_vs_dq_bit__value_ps,abs_dqs_minus_dq_bit,idelay_cntvaluein_skew,lane0,dq5,0,dqs_vs_dq_bit,63,40,5.0,260.0,1059.0,1.0,251.0,1021.0,-9.0,0.502183,fail_higher,0.502183,0.004365,overlap,0.0,0.109563
all_usable,skew,ld_dq_lane_range__idelay_ld_skew__lane0__no_bit__ctrl_none__dq_lane__value_ps,ld_dq_lane_range,idelay_ld_skew,lane0,,,dq_lane,63,40,141.0,337.0,705.0,181.0,343.0,559.0,6.0,0.502183,fail_higher,0.502183,0.004365,overlap,0.0,0.109563
all_usable,direct,direct_max__idelay_ld__lane1__dqs1__ctrl_none__endpoint__value_ps,direct_max,idelay_ld,lane1,dqs1,,endpoint,65,41,842.0,1384.0,1963.0,851.0,1419.0,1916.0,35.0,0.502064,fail_higher,0.502064,0.004128,overlap,0.0,0.10654
all_usable,direct,direct_max__idelay_data_cntvaluein__lane0__dq4__ctrl_4__endpoint__value_ps,direct_max,idelay_data_cntvaluein,lane0,dq4,4,endpoint,65,41,949.0,1590.0,2359.0,1044.0,1641.0,2382.0,51.0,0.501876,fail_higher,0.501876,0.003752,overlap,0.0,0.096855
all_usable,direct,direct_max__idelay_data_cntvaluein__lane1__dq14__ctrl_1__endpoint__value_ps,direct_max,idelay_data_cntvaluein,lane1,dq14,1,endpoint,65,41,549.0,1398.0,2188.0,456.0,1432.0,1980.0,34.0,0.501876,fail_higher,0.501876,0.003752,overlap,0.0,0.096855
all_usable,direct,direct_max__idelay_data_cntvaluein__lane0__dq7__ctrl_4__endpoint__value_ps,direct_max,idelay_data_cntvaluein,lane0,dq7,4,endpoint,65,41,944.0,1649.0,2450.0,991.0,1669.0,2641.0,20.0,0.501876,fail_higher,0.501876,0.003752,overlap,0.0,0.096855
all_usable,skew,dq_lane_range__iologic_skew__lane1__no_bit__ctrl_none__dq_lane__value_ps,dq_lane_range,iologic_skew,lane1,,,dq_lane,63,40,284.0,592.0,1480.0,265.0,585.5,1537.0,-6.5,0.501786,fail_higher,0.501786,0.003571,overlap,0.0,0.089642
all_usable,skew,signed_ld_dqs_minus_dq_median__idelay_ld_skew__lane0__dqs0__ctrl_none__dqs_vs_dq_lane__value_ps,signed_ld_dqs_minus_dq_median,idelay_ld_skew,lane0,dqs0,,dqs_vs_dq_lane,63,40,-308.5,-56.0,288.0,-277.0,-50.25,218.0,5.75,0.501786,fail_higher,0.501786,0.003571,overlap,0.0,0.089642
all_usable,direct,direct_max__idelay_dqs_cntvaluein__lane0__dqs0__ctrl_3__endpoint__value_ps,direct_max,idelay_dqs_cntvaluein,lane0,dqs0,3,endpoint,65,41,804.0,1830.0,2532.0,922.0,1769.0,2888.0,-61.0,0.501689,fail_higher,0.501689,0.003377,overlap,0.0,0.087169
all_usable,direct,direct_max__idelay_dqs_cntvaluein__lane0__dqs0__ctrl_1__endpoint__value_ps,direct_max,idelay_dqs_cntvaluein,lane0,dqs0,1,endpoint,65,41,768.0,1511.0,2384.0,864.0,1537.0,2289.0,26.0,0.498687,fail_lower,0.501313,-0.002627,overlap,0.0,0.067798
all_usable,skew,signed_ld_minus_cntvaluein_dq_median__idelay_ld_cntvaluein_skew__lane0__no_bit__ctrl_4__ld_vs_cntvaluein_dq_lane__value_ps,signed_ld_minus_cntvaluein_dq_median,idelay_ld_cntvaluein_skew,lane0,,4,ld_vs_cntvaluein_dq_lane,63,40,-765.5,5.0,862.0,-904.0,54.75,1180.0,49.75,0.500794,fail_higher,0.500794,0.001587,overlap,0.0,0.039841
all_usable,direct,direct_max__dq_iologic__lane0__dq0__ctrl_none__endpoint__value_ps,direct_max,dq_iologic,lane0,dq0,,endpoint,65,41,1695.0,2183.0,3693.0,1685.0,2095.0,3352.0,-88.0,0.49925,fail_lower,0.50075,-0.001501,overlap,0.0,0.038742
all_usable,skew,abs_ld_minus_cntvaluein_dq_median__idelay_ld_cntvaluein_skew__lane1__no_bit__ctrl_3__ld_vs_cntvaluein_dq_lane__value_ps,abs_ld_minus_cntvaluein_dq_median,idelay_ld_cntvaluein_skew,lane1,,3,ld_vs_cntvaluein_dq_lane,63,40,12.5,296.5,1043.0,24.0,238.0,793.5,-58.5,0.500595,fail_higher,0.500595,0.00119,overlap,0.0,0.029881
all_usable,skew,signed_dqs_minus_dq_bit__idelay_cntvaluein_skew__lane1__dq12__ctrl_3__dqs_vs_dq_bit__value_ps,signed_dqs_minus_dq_bit,idelay_cntvaluein_skew,lane1,dq12,3,dqs_vs_dq_bit,63,40,-920.0,-45.0,714.0,-750.0,-91.0,876.0,-46.0,0.499802,fail_lower,0.500198,-0.000397,overlap,0.0,0.00996
all_usable,skew,abs_ld_minus_cntvaluein_dqs__idelay_ld_cntvaluein_skew__lane0__dqs0__ctrl_1__ld_vs_cntvaluein_dqs__value_ps,abs_ld_minus_cntvaluein_dqs,idelay_ld_cntvaluein_skew,lane0,dqs0,1,ld_vs_cntvaluein_dqs,63,40,0.0,301.0,974.0,5.0,316.5,1230.0,15.5,0.500198,fail_higher,0.500198,0.000397,overlap,0.0,0.00996
all_usable,skew,signed_lane1_minus_lane0_dqs__idelay_cntvaluein_skew__all__no_bit__ctrl_2__lane1_vs_lane0_dqs__value_ps,signed_lane1_minus_lane0_dqs,idelay_cntvaluein_skew,all,,2,lane1_vs_lane0_dqs,63,40,-531.0,-266.0,111.0,-784.0,-264.5,107.0,1.5,0.500198,fail_higher,0.500198,0.000397,overlap,0.0,0.00996
all_usable,direct,direct_max__idelay_data_cntvaluein__lane1__dq14__ctrl_4__endpoint__value_ps,direct_max,idelay_data_cntvaluein,lane1,dq14,4,endpoint,65,41,559.0,1419.0,2155.0,648.0,1411.0,1896.0,-8.0,0.499812,fail_lower,0.500188,-0.000375,overlap,0.0,0.009685
all_usable,direct,control_fanout_spread__idelay_dqs_cntvaluein__lane0__no_bit__ctrl_0__lane_control_bit__value_ps,control_fanout_spread,idelay_dqs_cntvaluein,lane0,,0,lane_control_bit,65,41,0.0,0.0,0.0,0.0,0.0,0.0,0.0,0.5,fail_higher,0.5,0.0,overlap,0.0,0.0
all_usable,direct,control_fanout_spread__idelay_dqs_cntvaluein__lane0__no_bit__ctrl_1__lane_control_bit__value_ps,control_fanout_spread,idelay_dqs_cntvaluein,lane0,,1,lane_control_bit,65,41,0.0,0.0,0.0,0.0,0.0,0.0,0.0,0.5,fail_higher,0.5,0.0,overlap,0.0,0.0
all_usable,direct,control_fanout_spread__idelay_dqs_cntvaluein__lane0__no_bit__ctrl_2__lane_control_bit__value_ps,control_fanout_spread,idelay_dqs_cntvaluein,lane0,,2,lane_control_bit,65,41,0.0,0.0,0.0,0.0,0.0,0.0,0.0,0.5,fail_higher,0.5,0.0,overlap,0.0,0.0
all_usable,direct,control_fanout_spread__idelay_dqs_cntvaluein__lane0__no_bit__ctrl_3__lane_control_bit__value_ps,control_fanout_spread,idelay_dqs_cntvaluein,lane0,,3,lane_control_bit,65,41,0.0,0.0,0.0,0.0,0.0,0.0,0.0,0.5,fail_higher,0.5,0.0,overlap,0.0,0.0
all_usable,direct,control_fanout_spread__idelay_dqs_cntvaluein__lane0__no_bit__ctrl_4__lane_control_bit__value_ps,control_fanout_spread,idelay_dqs_cntvaluein,lane0,,4,lane_control_bit,65,41,0.0,0.0,0.0,0.0,0.0,0.0,0.0,0.5,fail_higher,0.5,0.0,overlap,0.0,0.0
all_usable,direct,control_fanout_spread__idelay_dqs_cntvaluein__lane1__no_bit__ctrl_0__lane_control_bit__value_ps,control_fanout_spread,idelay_dqs_cntvaluein,lane1,,0,lane_control_bit,65,41,0.0,0.0,0.0,0.0,0.0,0.0,0.0,0.5,fail_higher,0.5,0.0,overlap,0.0,0.0
all_usable,direct,control_fanout_spread__idelay_dqs_cntvaluein__lane1__no_bit__ctrl_1__lane_control_bit__value_ps,control_fanout_spread,idelay_dqs_cntvaluein,lane1,,1,lane_control_bit,65,41,0.0,0.0,0.0,0.0,0.0,0.0,0.0,0.5,fail_higher,0.5,0.0,overlap,0.0,0.0
all_usable,direct,control_fanout_spread__idelay_dqs_cntvaluein__lane1__no_bit__ctrl_2__lane_control_bit__value_ps,control_fanout_spread,idelay_dqs_cntvaluein,lane1,,2,lane_control_bit,65,41,0.0,0.0,0.0,0.0,0.0,0.0,0.0,0.5,fail_higher,0.5,0.0,overlap,0.0,0.0
all_usable,direct,control_fanout_spread__idelay_dqs_cntvaluein__lane1__no_bit__ctrl_3__lane_control_bit__value_ps,control_fanout_spread,idelay_dqs_cntvaluein,lane1,,3,lane_control_bit,65,41,0.0,0.0,0.0,0.0,0.0,0.0,0.0,0.5,fail_higher,0.5,0.0,overlap,0.0,0.0
all_usable,direct,control_fanout_spread__idelay_dqs_cntvaluein__lane1__no_bit__ctrl_4__lane_control_bit__value_ps,control_fanout_spread,idelay_dqs_cntvaluein,lane1,,4,lane_control_bit,65,41,0.0,0.0,0.0,0.0,0.0,0.0,0.0,0.5,fail_higher,0.5,0.0,overlap,0.0,0.0
all_usable,direct,direct_max__clocking__lane0__dq0__ctrl_none__endpoint__value_ps,direct_max,clocking,lane0,dq0,,endpoint,65,41,1314.0,1314.0,1314.0,1314.0,1314.0,1314.0,0.0,0.5,fail_higher,0.5,0.0,overlap,0.0,0.0
all_usable,direct,direct_max__clocking__lane0__dq1__ctrl_none__endpoint__value_ps,direct_max,clocking,lane0,dq1,,endpoint,65,41,1314.0,1314.0,1314.0,1314.0,1314.0,1314.0,0.0,0.5,fail_higher,0.5,0.0,overlap,0.0,0.0
all_usable,direct,direct_max__clocking__lane0__dq2__ctrl_none__endpoint__value_ps,direct_max,clocking,lane0,dq2,,endpoint,65,41,1314.0,1314.0,1314.0,1314.0,1314.0,1314.0,0.0,0.5,fail_higher,0.5,0.0,overlap,0.0,0.0
all_usable,direct,direct_max__clocking__lane0__dq3__ctrl_none__endpoint__value_ps,direct_max,clocking,lane0,dq3,,endpoint,65,41,1314.0,1314.0,1314.0,1314.0,1314.0,1314.0,0.0,0.5,fail_higher,0.5,0.0,overlap,0.0,0.0
all_usable,direct,direct_max__clocking__lane0__dq4__ctrl_none__endpoint__value_ps,direct_max,clocking,lane0,dq4,,endpoint,65,41,1314.0,1314.0,1314.0,1314.0,1314.0,1314.0,0.0,0.5,fail_higher,0.5,0.0,overlap,0.0,0.0
all_usable,direct,direct_max__clocking__lane0__dq5__ctrl_none__endpoint__value_ps,direct_max,clocking,lane0,dq5,,endpoint,65,41,1314.0,1314.0,1314.0,1314.0,1314.0,1314.0,0.0,0.5,fail_higher,0.5,0.0,overlap,0.0,0.0
all_usable,direct,direct_max__clocking__lane0__dq6__ctrl_none__endpoint__value_ps,direct_max,clocking,lane0,dq6,,endpoint,65,41,1314.0,1314.0,1314.0,1314.0,1314.0,1314.0,0.0,0.5,fail_higher,0.5,0.0,overlap,0.0,0.0
all_usable,direct,direct_max__clocking__lane0__dq7__ctrl_none__endpoint__value_ps,direct_max,clocking,lane0,dq7,,endpoint,65,41,1314.0,1314.0,1314.0,1314.0,1314.0,1314.0,0.0,0.5,fail_higher,0.5,0.0,overlap,0.0,0.0
all_usable,direct,direct_max__clocking__lane0__dqs0__ctrl_none__endpoint__value_ps,direct_max,clocking,lane0,dqs0,,endpoint,65,41,1279.0,1279.0,1279.0,1279.0,1279.0,1279.0,0.0,0.5,fail_higher,0.5,0.0,overlap,0.0,0.0
all_usable,direct,direct_max__clocking__lane1__dq10__ctrl_none__endpoint__value_ps,direct_max,clocking,lane1,dq10,,endpoint,65,41,1314.0,1314.0,1314.0,1314.0,1314.0,1314.0,0.0,0.5,fail_higher,0.5,0.0,overlap,0.0,0.0
all_usable,direct,direct_max__clocking__lane1__dq11__ctrl_none__endpoint__value_ps,direct_max,clocking,lane1,dq11,,endpoint,65,41,1314.0,1314.0,1314.0,1314.0,1314.0,1314.0,0.0,0.5,fail_higher,0.5,0.0,overlap,0.0,0.0
all_usable,direct,direct_max__clocking__lane1__dq12__ctrl_none__endpoint__value_ps,direct_max,clocking,lane1,dq12,,endpoint,65,41,1314.0,1314.0,1314.0,1314.0,1314.0,1314.0,0.0,0.5,fail_higher,0.5,0.0,overlap,0.0,0.0
all_usable,direct,direct_max__clocking__lane1__dq13__ctrl_none__endpoint__value_ps,direct_max,clocking,lane1,dq13,,endpoint,65,41,1314.0,1314.0,1314.0,1314.0,1314.0,1314.0,0.0,0.5,fail_higher,0.5,0.0,overlap,0.0,0.0
all_usable,direct,direct_max__clocking__lane1__dq14__ctrl_none__endpoint__value_ps,direct_max,clocking,lane1,dq14,,endpoint,65,41,1314.0,1314.0,1314.0,1314.0,1314.0,1314.0,0.0,0.5,fail_higher,0.5,0.0,overlap,0.0,0.0
all_usable,direct,direct_max__clocking__lane1__dq15__ctrl_none__endpoint__value_ps,direct_max,clocking,lane1,dq15,,endpoint,65,41,1314.0,1314.0,1314.0,1314.0,1314.0,1314.0,0.0,0.5,fail_higher,0.5,0.0,overlap,0.0,0.0
all_usable,direct,direct_max__clocking__lane1__dq8__ctrl_none__endpoint__value_ps,direct_max,clocking,lane1,dq8,,endpoint,65,41,1314.0,1314.0,1314.0,1314.0,1314.0,1314.0,0.0,0.5,fail_higher,0.5,0.0,overlap,0.0,0.0
all_usable,direct,direct_max__clocking__lane1__dq9__ctrl_none__endpoint__value_ps,direct_max,clocking,lane1,dq9,,endpoint,65,41,1314.0,1314.0,1314.0,1314.0,1314.0,1314.0,0.0,0.5,fail_higher,0.5,0.0,overlap,0.0,0.0
all_usable,direct,direct_max__clocking__lane1__dqs1__ctrl_none__endpoint__value_ps,direct_max,clocking,lane1,dqs1,,endpoint,65,41,1279.0,1279.0,1279.0,1279.0,1279.0,1279.0,0.0,0.5,fail_higher,0.5,0.0,overlap,0.0,0.0
all_usable,direct,lane_spread__clocking__lane0__no_bit__ctrl_none__lane__value_ps,lane_spread,clocking,lane0,,,lane,65,41,135.0,135.0,135.0,135.0,135.0,135.0,0.0,0.5,fail_higher,0.5,0.0,overlap,0.0,0.0
all_usable,direct,lane_spread__clocking__lane1__no_bit__ctrl_none__lane__value_ps,lane_spread,clocking,lane1,,,lane,65,41,135.0,135.0,135.0,135.0,135.0,135.0,0.0,0.5,fail_higher,0.5,0.0,overlap,0.0,0.0
all_usable,skew,dq_lane_range__clocking_skew__lane0__no_bit__ctrl_none__dq_lane__value_ps,dq_lane_range,clocking_skew,lane0,,,dq_lane,63,40,0.0,0.0,0.0,0.0,0.0,0.0,0.0,0.5,fail_higher,0.5,0.0,overlap,0.0,0.0
all_usable,skew,signed_dqs_minus_dq_median__clocking_skew__lane0__dqs0__ctrl_none__dqs_vs_dq_lane__value_ps,signed_dqs_minus_dq_median,clocking_skew,lane0,dqs0,,dqs_vs_dq_lane,63,40,-35.0,-35.0,-35.0,-35.0,-35.0,-35.0,0.0,0.5,fail_higher,0.5,0.0,overlap,0.0,0.0
all_usable,skew,abs_dqs_minus_dq_median__clocking_skew__lane0__dqs0__ctrl_none__dqs_vs_dq_lane__value_ps,abs_dqs_minus_dq_median,clocking_skew,lane0,dqs0,,dqs_vs_dq_lane,63,40,35.0,35.0,35.0,35.0,35.0,35.0,0.0,0.5,fail_higher,0.5,0.0,overlap,0.0,0.0
all_usable,skew,dq_lane_range__clocking_skew__lane1__no_bit__ctrl_none__dq_lane__value_ps,dq_lane_range,clocking_skew,lane1,,,dq_lane,63,40,0.0,0.0,0.0,0.0,0.0,0.0,0.0,0.5,fail_higher,0.5,0.0,overlap,0.0,0.0
all_usable,skew,signed_dqs_minus_dq_median__clocking_skew__lane1__dqs1__ctrl_none__dqs_vs_dq_lane__value_ps,signed_dqs_minus_dq_median,clocking_skew,lane1,dqs1,,dqs_vs_dq_lane,63,40,-35.0,-35.0,-35.0,-35.0,-35.0,-35.0,0.0,0.5,fail_higher,0.5,0.0,overlap,0.0,0.0
all_usable,skew,abs_dqs_minus_dq_median__clocking_skew__lane1__dqs1__ctrl_none__dqs_vs_dq_lane__value_ps,abs_dqs_minus_dq_median,clocking_skew,lane1,dqs1,,dqs_vs_dq_lane,63,40,35.0,35.0,35.0,35.0,35.0,35.0,0.0,0.5,fail_higher,0.5,0.0,overlap,0.0,0.0
baseline_all,skew,abs_dqs_minus_dq_bit__idelay_cntvaluein_skew__lane1__dq14__ctrl_3__dqs_vs_dq_bit__value_ps,abs_dqs_minus_dq_bit,idelay_cntvaluein_skew,lane1,dq14,3,dqs_vs_dq_bit,36,24,10.0,180.0,910.0,61.0,329.0,793.0,149.0,0.680556,fail_higher,0.680556,0.361111,overlap,0.0,5.307228
baseline_all,skew,signed_dqs_bus_skew_minus_dq_median__idelay_cntvaluein_skew__lane0__dqs0__ctrl_none__dqs_vs_dq_bus_skew__value_ps,signed_dqs_bus_skew_minus_dq_median,idelay_cntvaluein_skew,lane0,dqs0,,dqs_vs_dq_bus_skew,36,24,-679.5,-59.75,637.0,-391.0,202.75,858.0,262.5,0.678241,fail_higher,0.678241,0.356481,overlap,0.0,5.239186
baseline_all,skew,abs_dqs_minus_dq_bit__idelay_cntvaluein_skew__lane1__dq15__ctrl_0__dqs_vs_dq_bit__value_ps,abs_dqs_minus_dq_bit,idelay_cntvaluein_skew,lane1,dq15,0,dqs_vs_dq_bit,36,24,43.0,219.5,751.0,10.0,119.5,1240.0,-100.0,0.327546,fail_lower,0.672454,-0.344907,overlap,0.0,5.069083
baseline_all,direct,cntvaluein_bus_skew__idelay_data_cntvaluein__lane1__dq8__ctrl_none__dq8__value_ps,cntvaluein_bus_skew,idelay_data_cntvaluein,lane1,dq8,,dq8,36,24,222.0,623.0,1266.0,165.0,456.0,900.0,-167.0,0.329282,fail_lower,0.670718,-0.341435,overlap,0.0,5.018052
baseline_all,skew,signed_dqs_bus_skew_minus_dq_median__idelay_cntvaluein_skew__lane1__dqs1__ctrl_none__dqs_vs_dq_bus_skew__value_ps,signed_dqs_bus_skew_minus_dq_median,idelay_cntvaluein_skew,lane1,dqs1,,dqs_vs_dq_bus_skew,36,24,-532.5,-55.75,520.0,-290.5,64.0,901.0,119.75,0.670139,fail_higher,0.670139,0.340278,overlap,0.0,5.001042
baseline_all,direct,cntvaluein_bus_skew__idelay_dqs_cntvaluein__lane0__dqs0__ctrl_none__dqs0__value_ps,cntvaluein_bus_skew,idelay_dqs_cntvaluein,lane0,dqs0,,dqs0,36,24,220.0,574.0,1188.0,147.0,859.0,1581.0,285.0,0.668981,fail_higher,0.668981,0.337963,overlap,0.0,4.967021
baseline_all,direct,lane_spread__idelay_dqs_cntvaluein__lane0__no_bit__ctrl_none__lane__value_ps,lane_spread,idelay_dqs_cntvaluein,lane0,,,lane,36,24,220.0,574.0,1188.0,147.0,859.0,1581.0,285.0,0.668981,fail_higher,0.668981,0.337963,overlap,0.0,4.967021
baseline_all,direct,cntvaluein_bus_skew__idelay_data_cntvaluein__lane1__dq9__ctrl_none__dq9__value_ps,cntvaluein_bus_skew,idelay_data_cntvaluein,lane1,dq9,,dq9,36,24,117.0,421.5,827.0,130.0,319.0,1028.0,-102.5,0.331597,fail_lower,0.668403,-0.336806,overlap,0.0,4.950011
baseline_all,direct,direct_max__idelay_data_cntvaluein__lane0__dq6__ctrl_2__endpoint__value_ps,direct_max,idelay_data_cntvaluein,lane0,dq6,2,endpoint,36,24,1305.0,1846.5,2401.0,1205.0,1614.0,2335.0,-232.5,0.342593,fail_lower,0.657407,-0.314815,overlap,0.0,4.626814
baseline_all,direct,lane_spread__idelay_data_cntvaluein__lane1__no_bit__ctrl_none__lane__value_ps,lane_spread,idelay_data_cntvaluein,lane1,,,lane,36,24,591.0,902.0,1332.0,435.0,808.0,1042.0,-94.0,0.342593,fail_lower,0.657407,-0.314815,overlap,0.0,4.626814
baseline_all,skew,signed_lane1_minus_lane0_dqs__idelay_cntvaluein_skew__all__no_bit__ctrl_4__lane1_vs_lane0_dqs__value_ps,signed_lane1_minus_lane0_dqs,idelay_cntvaluein_skew,all,,4,lane1_vs_lane0_dqs,36,24,-583.0,-277.0,27.0,-556.0,-200.5,103.0,76.5,0.65625,fail_higher,0.65625,0.3125,overlap,0.0,4.592793
baseline_all,skew,abs_lane1_minus_lane0_dqs__idelay_cntvaluein_skew__all__no_bit__ctrl_4__lane1_vs_lane0_dqs__value_ps,abs_lane1_minus_lane0_dqs,idelay_cntvaluein_skew,all,,4,lane1_vs_lane0_dqs,36,24,0.0,277.0,583.0,0.0,200.5,556.0,-76.5,0.344907,fail_lower,0.655093,-0.310185,overlap,0.0,4.558773
baseline_all,skew,signed_dqs_minus_dq_bit__idelay_cntvaluein_skew__lane0__dq5__ctrl_0__dqs_vs_dq_bit__value_ps,signed_dqs_minus_dq_bit,idelay_cntvaluein_skew,lane0,dq5,0,dqs_vs_dq_bit,36,24,-750.0,86.5,1059.0,-592.0,-113.0,1021.0,-199.5,0.356481,fail_lower,0.643519,-0.287037,overlap,0.0,4.218566
baseline_all,direct,cntvaluein_bus_skew__idelay_data_cntvaluein__lane1__dq13__ctrl_none__dq13__value_ps,cntvaluein_bus_skew,idelay_data_cntvaluein,lane1,dq13,,dq13,36,24,130.0,482.5,858.0,166.0,368.0,717.0,-114.5,0.35706,fail_lower,0.64294,-0.28588,overlap,0.0,4.201555
baseline_all,skew,abs_dqs_minus_dq_bit__idelay_cntvaluein_skew__lane1__dq13__ctrl_3__dqs_vs_dq_bit__value_ps,abs_dqs_minus_dq_bit,idelay_cntvaluein_skew,lane1,dq13,3,dqs_vs_dq_bit,36,24,1.0,161.5,770.0,71.0,203.5,788.0,42.0,0.641782,fail_higher,0.641782,0.283565,overlap,0.0,4.167535
baseline_all,skew,abs_ld_minus_cntvaluein_dq_median__idelay_ld_cntvaluein_skew__lane1__no_bit__ctrl_0__ld_vs_cntvaluein_dq_lane__value_ps,abs_ld_minus_cntvaluein_dq_median,idelay_ld_cntvaluein_skew,lane1,,0,ld_vs_cntvaluein_dq_lane,36,24,1.5,169.25,571.5,68.5,270.75,631.5,101.5,0.641204,fail_higher,0.641204,0.282407,overlap,0.0,4.150524
baseline_all,skew,signed_ld_minus_cntvaluein_dq_median__idelay_ld_cntvaluein_skew__lane0__no_bit__ctrl_2__ld_vs_cntvaluein_dq_lane__value_ps,signed_ld_minus_cntvaluein_dq_median,idelay_ld_cntvaluein_skew,lane0,,2,ld_vs_cntvaluein_dq_lane,36,24,-799.5,-55.25,779.0,-702.5,151.25,835.5,206.5,0.640046,fail_higher,0.640046,0.280093,overlap,0.0,4.116504
baseline_all,direct,direct_max__idelay_data_cntvaluein__lane0__dq1__ctrl_2__endpoint__value_ps,direct_max,idelay_data_cntvaluein,lane0,dq1,2,endpoint,36,24,1179.0,1870.5,2415.0,1243.0,1565.5,2220.0,-305.0,0.362269,fail_lower,0.637731,-0.275463,overlap,0.0,4.048462
baseline_all,skew,dq_bus_skew_range__idelay_cntvaluein_skew__lane1__no_bit__ctrl_none__dq_lane_bus_skew__value_ps,dq_bus_skew_range,idelay_cntvaluein_skew,lane1,,,dq_lane_bus_skew,36,24,202.0,416.5,761.0,167.0,363.5,525.0,-53.0,0.362847,fail_lower,0.637153,-0.274306,overlap,0.0,4.031452
baseline_all,skew,signed_dqs_minus_dq_bit__idelay_cntvaluein_skew__lane0__dq3__ctrl_0__dqs_vs_dq_bit__value_ps,signed_dqs_minus_dq_bit,idelay_cntvaluein_skew,lane0,dq3,0,dqs_vs_dq_bit,36,24,-714.0,123.0,970.0,-601.0,-82.5,1027.0,-205.5,0.365162,fail_lower,0.634838,-0.269676,overlap,0.0,3.96341
baseline_all,skew,abs_ld_minus_cntvaluein_dq_median__idelay_ld_cntvaluein_skew__lane1__no_bit__ctrl_2__ld_vs_cntvaluein_dq_lane__value_ps,abs_ld_minus_cntvaluein_dq_median,idelay_ld_cntvaluein_skew,lane1,,2,ld_vs_cntvaluein_dq_lane,36,24,2.5,199.75,513.0,17.5,278.75,701.5,79.0,0.634259,fail_higher,0.634259,0.268519,overlap,0.0,3.9464
baseline_all,direct,cntvaluein_bus_skew__idelay_data_cntvaluein__lane1__dq10__ctrl_none__dq10__value_ps,cntvaluein_bus_skew,idelay_data_cntvaluein,lane1,dq10,,dq10,36,24,272.0,569.0,1075.0,227.0,440.5,865.0,-128.5,0.367477,fail_lower,0.632523,-0.265046,overlap,0.0,3.895369
baseline_all,direct,direct_max__idelay_data_cntvaluein__lane0__dq7__ctrl_2__endpoint__value_ps,direct_max,idelay_data_cntvaluein,lane0,dq7,2,endpoint,36,24,1236.0,1832.0,2395.0,1241.0,1665.0,2325.0,-167.0,0.369213,fail_lower,0.630787,-0.261574,overlap,0.0,3.844338
baseline_all,direct,cntvaluein_bus_skew__idelay_data_cntvaluein__lane1__dq15__ctrl_none__dq15__value_ps,cntvaluein_bus_skew,idelay_data_cntvaluein,lane1,dq15,,dq15,36,24,147.0,410.0,697.0,101.0,373.5,856.0,-36.5,0.370949,fail_lower,0.629051,-0.258102,overlap,0.0,3.793307
baseline_all,direct,direct_max__idelay_data_cntvaluein__lane1__dq11__ctrl_2__endpoint__value_ps,direct_max,idelay_data_cntvaluein,lane1,dq11,2,endpoint,36,24,922.0,1403.5,1996.0,866.0,1291.5,2042.0,-112.0,0.375,fail_lower,0.625,-0.25,overlap,0.0,3.674235
baseline_all,skew,abs_dqs_minus_dq_bit__idelay_cntvaluein_skew__lane0__dq5__ctrl_2__dqs_vs_dq_bit__value_ps,abs_dqs_minus_dq_bit,idelay_cntvaluein_skew,lane0,dq5,2,dqs_vs_dq_bit,36,24,16.0,234.0,891.0,125.0,308.5,1077.0,74.5,0.623843,fail_higher,0.623843,0.247685,overlap,0.0,3.640214
baseline_all,direct,cntvaluein_bus_skew__idelay_data_cntvaluein__lane1__dq14__ctrl_none__dq14__value_ps,cntvaluein_bus_skew,idelay_data_cntvaluein,lane1,dq14,,dq14,36,24,192.0,575.0,1034.0,181.0,454.0,905.0,-121.0,0.377315,fail_lower,0.622685,-0.24537,overlap,0.0,3.606193
baseline_all,direct,direct_max__idelay_data_cntvaluein__lane0__dq2__ctrl_2__endpoint__value_ps,direct_max,idelay_data_cntvaluein,lane0,dq2,2,endpoint,36,24,1207.0,1822.0,2233.0,1202.0,1636.5,2240.0,-185.5,0.378472,fail_lower,0.621528,-0.243056,overlap,0.0,3.572173
baseline_all,direct,direct_max__idelay_data_cntvaluein__lane0__dq4__ctrl_2__endpoint__value_ps,direct_max,idelay_data_cntvaluein,lane0,dq4,2,endpoint,36,24,1264.0,1901.5,2323.0,1284.0,1684.5,2303.0,-217.0,0.381944,fail_lower,0.618056,-0.236111,overlap,0.0,3.47011
baseline_all,skew,signed_dqs_minus_dq_bit__idelay_cntvaluein_skew__lane1__dq11__ctrl_2__dqs_vs_dq_bit__value_ps,signed_dqs_minus_dq_bit,idelay_cntvaluein_skew,lane1,dq11,2,dqs_vs_dq_bit,36,24,-920.0,-87.0,740.0,-464.0,125.0,717.0,212.0,0.618056,fail_higher,0.618056,0.236111,overlap,0.0,3.47011
baseline_all,skew,abs_dqs_minus_dq_bit__idelay_cntvaluein_skew__lane0__dq7__ctrl_0__dqs_vs_dq_bit__value_ps,abs_dqs_minus_dq_bit,idelay_cntvaluein_skew,lane0,dq7,0,dqs_vs_dq_bit,36,24,12.0,271.5,1093.0,92.0,311.0,976.0,39.5,0.618056,fail_higher,0.618056,0.236111,overlap,0.0,3.47011
baseline_all,direct,direct_max__idelay_data_cntvaluein__lane0__dq5__ctrl_0__endpoint__value_ps,direct_max,idelay_data_cntvaluein,lane0,dq5,0,endpoint,36,24,970.0,1501.0,2003.0,1223.0,1637.5,2045.0,136.5,0.617477,fail_higher,0.617477,0.234954,overlap,0.0,3.4531
baseline_all,skew,signed_dqs_minus_dq_bit__idelay_cntvaluein_skew__lane0__dq7__ctrl_0__dqs_vs_dq_bit__value_ps,signed_dqs_minus_dq_bit,idelay_cntvaluein_skew,lane0,dq7,0,dqs_vs_dq_bit,36,24,-1093.0,-33.5,777.0,-976.0,-242.0,804.0,-208.5,0.383102,fail_lower,0.616898,-0.233796,overlap,0.0,3.43609
baseline_all,skew,abs_ld_minus_cntvaluein_dqs__idelay_ld_cntvaluein_skew__lane1__dqs1__ctrl_3__ld_vs_cntvaluein_dqs__value_ps,abs_ld_minus_cntvaluein_dqs,idelay_ld_cntvaluein_skew,lane1,dqs1,3,ld_vs_cntvaluein_dqs,36,24,2.0,176.0,1344.0,38.0,239.0,846.0,63.0,0.616319,fail_higher,0.616319,0.232639,overlap,0.0,3.419079
baseline_all,skew,signed_dqs_minus_dq_bit__idelay_cntvaluein_skew__lane0__dq6__ctrl_2__dqs_vs_dq_bit__value_ps,signed_dqs_minus_dq_bit,idelay_cntvaluein_skew,lane0,dq6,2,dqs_vs_dq_bit,36,24,-873.0,-240.0,702.0,-653.0,-7.5,1011.0,232.5,0.615741,fail_higher,0.615741,0.231481,overlap,0.0,3.402069
baseline_all,skew,abs_ld_minus_cntvaluein_dqs__idelay_ld_cntvaluein_skew__lane0__dqs0__ctrl_3__ld_vs_cntvaluein_dqs__value_ps,abs_ld_minus_cntvaluein_dqs,idelay_ld_cntvaluein_skew,lane0,dqs0,3,ld_vs_cntvaluein_dqs,36,24,10.0,230.0,1378.0,5.0,418.0,678.0,188.0,0.615162,fail_higher,0.615162,0.230324,overlap,0.0,3.385059
baseline_all,direct,direct_max__idelay_data_cntvaluein__lane1__dq10__ctrl_0__endpoint__value_ps,direct_max,idelay_data_cntvaluein,lane1,dq10,0,endpoint,36,24,970.0,1378.5,1819.0,851.0,1492.0,1957.0,113.5,0.615162,fail_higher,0.615162,0.230324,overlap,0.0,3.385059
baseline_all,skew,signed_dqs_minus_dq_bit__idelay_cntvaluein_skew__lane1__dq13__ctrl_2__dqs_vs_dq_bit__value_ps,signed_dqs_minus_dq_bit,idelay_cntvaluein_skew,lane1,dq13,2,dqs_vs_dq_bit,36,24,-1004.0,-65.5,1008.0,-541.0,123.5,712.0,189.0,0.613426,fail_higher,0.613426,0.226852,overlap,0.0,3.334028
baseline_all,direct,lane_spread__idelay_data_cntvaluein__lane0__no_bit__ctrl_none__lane__value_ps,lane_spread,idelay_data_cntvaluein,lane0,,,lane,36,24,585.0,1001.5,1739.0,457.0,920.5,1325.0,-81.0,0.386574,fail_lower,0.613426,-0.226852,overlap,0.0,3.334028
baseline_all,skew,signed_dqs_minus_dq_bit__idelay_cntvaluein_skew__lane1__dq10__ctrl_0__dqs_vs_dq_bit__value_ps,signed_dqs_minus_dq_bit,idelay_cntvaluein_skew,lane1,dq10,0,dqs_vs_dq_bit,36,24,-727.0,-50.5,615.0,-820.0,-202.5,911.0,-152.0,0.387153,fail_lower,0.612847,-0.225694,overlap,0.0,3.317017
baseline_all,direct,direct_max__dq_iologic__lane0__dq7__ctrl_none__endpoint__value_ps,direct_max,dq_iologic,lane0,dq7,,endpoint,36,24,1695.0,2384.0,3805.0,1952.0,2595.0,3694.0,211.0,0.612269,fail_higher,0.612269,0.224537,overlap,0.0,3.300007
baseline_all,skew,abs_dqs_minus_dq_bit__idelay_cntvaluein_skew__lane1__dq9__ctrl_0__dqs_vs_dq_bit__value_ps,abs_dqs_minus_dq_bit,idelay_cntvaluein_skew,lane1,dq9,0,dqs_vs_dq_bit,36,24,21.0,225.5,746.0,20.0,151.5,1018.0,-74.0,0.388889,fail_lower,0.611111,-0.222222,overlap,0.0,3.265986
baseline_all,direct,direct_max__idelay_data_cntvaluein__lane0__dq7__ctrl_0__endpoint__value_ps,direct_max,idelay_data_cntvaluein,lane0,dq7,0,endpoint,36,24,1271.0,1627.5,2265.0,1177.0,1744.5,2500.0,117.0,0.609954,fail_higher,0.609954,0.219907,overlap,0.0,3.231966
baseline_all,direct,direct_max__idelay_data_cntvaluein__lane1__dq13__ctrl_0__endpoint__value_ps,direct_max,idelay_data_cntvaluein,lane1,dq13,0,endpoint,36,24,912.0,1353.0,1899.0,875.0,1440.0,1832.0,87.0,0.609375,fail_higher,0.609375,0.21875,overlap,0.0,3.214955
baseline_all,skew,abs_dqs_minus_dq_bit__idelay_cntvaluein_skew__lane1__dq12__ctrl_3__dqs_vs_dq_bit__value_ps,abs_dqs_minus_dq_bit,idelay_cntvaluein_skew,lane1,dq12,3,dqs_vs_dq_bit,36,24,34.0,167.5,920.0,10.0,268.5,876.0,101.0,0.608796,fail_higher,0.608796,0.217593,overlap,0.0,3.197945
baseline_all,skew,ld_dq_lane_range__idelay_ld_skew__lane1__no_bit__ctrl_none__dq_lane__value_ps,ld_dq_lane_range,idelay_ld_skew,lane1,,,dq_lane,36,24,146.0,338.0,706.0,240.0,359.5,732.0,21.5,0.60706,fail_higher,0.60706,0.21412,overlap,0.0,3.146914
baseline_all,skew,abs_ld_minus_cntvaluein_dqs__idelay_ld_cntvaluein_skew__lane1__dqs1__ctrl_2__ld_vs_cntvaluein_dqs__value_ps,abs_ld_minus_cntvaluein_dqs,idelay_ld_cntvaluein_skew,lane1,dqs1,2,ld_vs_cntvaluein_dqs,36,24,11.0,212.0,1257.0,8.0,356.0,833.0,144.0,0.605324,fail_higher,0.605324,0.210648,overlap,0.0,3.095883
baseline_all,skew,signed_dqs_minus_dq_bit__idelay_cntvaluein_skew__lane0__dq1__ctrl_2__dqs_vs_dq_bit__value_ps,signed_dqs_minus_dq_bit,idelay_cntvaluein_skew,lane0,dq1,2,dqs_vs_dq_bit,36,24,-918.0,-259.5,781.0,-880.0,-46.0,999.0,213.5,0.604745,fail_higher,0.604745,0.209491,overlap,0.0,3.078873
baseline_all,skew,signed_dqs_minus_dq_bit__idelay_cntvaluein_skew__lane1__dq13__ctrl_0__dqs_vs_dq_bit__value_ps,signed_dqs_minus_dq_bit,idelay_cntvaluein_skew,lane1,dq13,0,dqs_vs_dq_bit,36,24,-779.0,-37.5,606.0,-741.0,-136.0,750.0,-98.5,0.395255,fail_lower,0.604745,-0.209491,overlap,0.0,3.078873
baseline_all,skew,signed_dqs_minus_dq_bit__idelay_cntvaluein_skew__lane0__dq0__ctrl_4__dqs_vs_dq_bit__value_ps,signed_dqs_minus_dq_bit,idelay_cntvaluein_skew,lane0,dq0,4,dqs_vs_dq_bit,36,24,-791.0,27.0,758.0,-903.0,-156.5,1066.0,-183.5,0.396412,fail_lower,0.603588,-0.207176,overlap,0.0,3.044852
baseline_all,skew,signed_dqs_minus_dq_bit__idelay_cntvaluein_skew__lane0__dq7__ctrl_2__dqs_vs_dq_bit__value_ps,signed_dqs_minus_dq_bit,idelay_cntvaluein_skew,lane0,dq7,2,dqs_vs_dq_bit,36,24,-1056.0,-266.5,655.0,-861.0,-120.5,863.0,146.0,0.603588,fail_higher,0.603588,0.207176,overlap,0.0,3.044852
baseline_all,direct,direct_max__idelay_data_cntvaluein__lane0__dq3__ctrl_0__endpoint__value_ps,direct_max,idelay_data_cntvaluein,lane0,dq3,0,endpoint,36,24,1059.0,1457.5,1940.0,1042.0,1562.0,2125.0,104.5,0.603588,fail_higher,0.603588,0.207176,overlap,0.0,3.044852
baseline_all,direct,direct_max__idelay_data_cntvaluein__lane1__dq9__ctrl_4__endpoint__value_ps,direct_max,idelay_data_cntvaluein,lane1,dq9,4,endpoint,36,24,827.0,1217.5,1973.0,633.0,1301.0,1662.0,83.5,0.603588,fail_higher,0.603588,0.207176,overlap,0.0,3.044852
baseline_all,skew,signed_dqs_minus_dq_bit__idelay_cntvaluein_skew__lane1__dq11__ctrl_0__dqs_vs_dq_bit__value_ps,signed_dqs_minus_dq_bit,idelay_cntvaluein_skew,lane1,dq11,0,dqs_vs_dq_bit,36,24,-692.0,-8.0,668.0,-828.0,-97.0,837.0,-89.0,0.396991,fail_lower,0.603009,-0.206019,overlap,0.0,3.027841
baseline_all,skew,signed_dqs_minus_dq_bit__idelay_cntvaluein_skew__lane1__dq8__ctrl_2__dqs_vs_dq_bit__value_ps,signed_dqs_minus_dq_bit,idelay_cntvaluein_skew,lane1,dq8,2,dqs_vs_dq_bit,36,24,-1308.0,-198.5,832.0,-607.0,-135.0,483.0,63.5,0.602431,fail_higher,0.602431,0.204861,overlap,0.0,3.010831
baseline_all,direct,control_fanout_spread__idelay_data_cntvaluein__lane0__no_bit__ctrl_4__lane_control_bit__value_ps,control_fanout_spread,idelay_data_cntvaluein,lane0,,4,lane_control_bit,36,24,142.0,378.0,863.0,153.0,319.5,768.0,-58.5,0.397569,fail_lower,0.602431,-0.204861,overlap,0.0,3.010831
baseline_all,skew,dq_lane_range__idelay_cntvaluein_skew__lane0__no_bit__ctrl_4__dq_lane__value_ps,dq_lane_range,idelay_cntvaluein_skew,lane0,,4,dq_lane,36,24,142.0,378.0,863.0,153.0,319.5,768.0,-58.5,0.397569,fail_lower,0.602431,-0.204861,overlap,0.0,3.010831
baseline_all,direct,direct_max__idelay_data_cntvaluein__lane1__dq15__ctrl_4__endpoint__value_ps,direct_max,idelay_data_cntvaluein,lane1,dq15,4,endpoint,36,24,739.0,1216.5,1886.0,669.0,1356.5,1684.0,140.0,0.601852,fail_higher,0.601852,0.203704,overlap,0.0,2.993821
baseline_all,skew,signed_dqs_minus_dq_bit__idelay_cntvaluein_skew__lane0__dq2__ctrl_2__dqs_vs_dq_bit__value_ps,signed_dqs_minus_dq_bit,idelay_cntvaluein_skew,lane0,dq2,2,dqs_vs_dq_bit,36,24,-970.0,-165.0,643.0,-778.0,-70.5,1014.0,94.5,0.601852,fail_higher,0.601852,0.203704,overlap,0.0,2.993821
baseline_all,skew,abs_dqs_minus_dq_bit__idelay_cntvaluein_skew__lane1__dq9__ctrl_3__dqs_vs_dq_bit__value_ps,abs_dqs_minus_dq_bit,idelay_cntvaluein_skew,lane1,dq9,3,dqs_vs_dq_bit,36,24,1.0,186.5,551.0,0.0,248.5,1089.0,62.0,0.601852,fail_higher,0.601852,0.203704,overlap,0.0,2.993821
baseline_all,skew,signed_dqs_minus_dq_bit__idelay_cntvaluein_skew__lane1__dq9__ctrl_3__dqs_vs_dq_bit__value_ps,signed_dqs_minus_dq_bit,idelay_cntvaluein_skew,lane1,dq9,3,dqs_vs_dq_bit,36,24,-536.0,84.0,551.0,-764.0,215.5,1089.0,131.5,0.600694,fail_higher,0.600694,0.201389,overlap,0.0,2.9598
baseline_all,skew,signed_lane1_minus_lane0_dq_median__idelay_cntvaluein_skew__all__no_bit__ctrl_2__lane1_vs_lane0_dq__value_ps,signed_lane1_minus_lane0_dq_median,idelay_cntvaluein_skew,all,,2,lane1_vs_lane0_dq,36,24,-710.0,-299.0,-86.0,-453.5,-279.25,-11.5,19.75,0.600694,fail_higher,0.600694,0.201389,overlap,0.0,2.9598
baseline_all,skew,abs_lane1_minus_lane0_dq_median__idelay_cntvaluein_skew__all__no_bit__ctrl_2__lane1_vs_lane0_dq__value_ps,abs_lane1_minus_lane0_dq_median,idelay_cntvaluein_skew,all,,2,lane1_vs_lane0_dq,36,24,86.0,299.0,710.0,11.5,279.25,453.5,-19.75,0.399306,fail_lower,0.600694,-0.201389,overlap,0.0,2.9598
baseline_all,skew,signed_dqs_minus_dq_bit__idelay_cntvaluein_skew__lane1__dq15__ctrl_0__dqs_vs_dq_bit__value_ps,signed_dqs_minus_dq_bit,idelay_cntvaluein_skew,lane1,dq15,0,dqs_vs_dq_bit,36,24,-501.0,165.0,751.0,-527.0,-20.5,1240.0,-185.5,0.399884,fail_lower,0.600116,-0.200231,overlap,0.0,2.94279
baseline_all,direct,direct_max__idelay_data_cntvaluein__lane1__dq9__ctrl_2__endpoint__value_ps,direct_max,idelay_data_cntvaluein,lane1,dq9,2,endpoint,36,24,887.0,1205.0,1745.0,763.0,1354.5,2263.0,149.5,0.600116,fail_higher,0.600116,0.200231,overlap,0.0,2.94279
baseline_all,direct,direct_max__dq_iologic__lane1__dq12__ctrl_none__endpoint__value_ps,direct_max,dq_iologic,lane1,dq12,,endpoint,36,24,2204.0,2540.0,3483.0,1995.0,2669.0,3931.0,129.0,0.600116,fail_higher,0.600116,0.200231,overlap,0.0,2.94279
baseline_all,direct,control_fanout_spread__idelay_data_cntvaluein__lane1__no_bit__ctrl_2__lane_control_bit__value_ps,control_fanout_spread,idelay_data_cntvaluein,lane1,,2,lane_control_bit,36,24,158.0,431.5,776.0,209.0,370.5,621.0,-61.0,0.399884,fail_lower,0.600116,-0.200231,overlap,0.0,2.94279
baseline_all,skew,dq_lane_range__idelay_cntvaluein_skew__lane1__no_bit__ctrl_2__dq_lane__value_ps,dq_lane_range,idelay_cntvaluein_skew,lane1,,2,dq_lane,36,24,158.0,431.5,776.0,209.0,370.5,621.0,-61.0,0.399884,fail_lower,0.600116,-0.200231,overlap,0.0,2.94279
baseline_all,skew,signed_ld_minus_cntvaluein_dq_median__idelay_ld_cntvaluein_skew__lane1__no_bit__ctrl_2__ld_vs_cntvaluein_dq_lane__value_ps,signed_ld_minus_cntvaluein_dq_median,idelay_ld_cntvaluein_skew,lane1,,2,ld_vs_cntvaluein_dq_lane,36,24,-513.0,35.25,475.5,-701.5,154.0,539.0,118.75,0.599537,fail_higher,0.599537,0.199074,overlap,0.0,2.925779
baseline_all,direct,direct_max__dq_iologic__lane1__dq11__ctrl_none__endpoint__value_ps,direct_max,dq_iologic,lane1,dq11,,endpoint,36,24,2223.0,2491.5,3805.0,2325.0,2652.0,3190.0,160.5,0.597801,fail_higher,0.597801,0.195602,overlap,0.0,2.874748
baseline_all,skew,signed_dqs_minus_dq_bit__idelay_cntvaluein_skew__lane0__dq7__ctrl_4__dqs_vs_dq_bit__value_ps,signed_dqs_minus_dq_bit,idelay_cntvaluein_skew,lane0,dq7,4,dqs_vs_dq_bit,36,24,-951.0,-43.5,887.0,-1012.0,-227.5,1132.0,-184.0,0.402778,fail_lower,0.597222,-0.194444,overlap,0.0,2.857738
baseline_all,skew,signed_dqs_minus_dq_median__idelay_cntvaluein_skew__lane1__dqs1__ctrl_2__dqs_vs_dq_lane__value_ps,signed_dqs_minus_dq_median,idelay_cntvaluein_skew,lane1,dqs1,2,dqs_vs_dq_lane,36,24,-1065.0,-126.0,799.0,-466.0,57.75,650.5,183.75,0.597222,fail_higher,0.597222,0.194444,overlap,0.0,2.857738
baseline_all,skew,abs_dqs_minus_dq_bit__idelay_cntvaluein_skew__lane0__dq7__ctrl_3__dqs_vs_dq_bit__value_ps,abs_dqs_minus_dq_bit,idelay_cntvaluein_skew,lane0,dq7,3,dqs_vs_dq_bit,36,24,6.0,274.0,1098.0,13.0,456.0,1179.0,182.0,0.597222,fail_higher,0.597222,0.194444,overlap,0.0,2.857738
baseline_all,direct,direct_max__idelay_data_cntvaluein__lane1__dq8__ctrl_2__endpoint__value_ps,direct_max,idelay_data_cntvaluein,lane1,dq8,2,endpoint,36,24,958.0,1558.0,2078.0,864.0,1395.0,2223.0,-163.0,0.402778,fail_lower,0.597222,-0.194444,overlap,0.0,2.857738
baseline_all,skew,abs_ld_minus_cntvaluein_dq_median__idelay_ld_cntvaluein_skew__lane0__no_bit__ctrl_2__ld_vs_cntvaluein_dq_lane__value_ps,abs_ld_minus_cntvaluein_dq_median,idelay_ld_cntvaluein_skew,lane0,,2,ld_vs_cntvaluein_dq_lane,36,24,20.0,219.5,799.5,64.5,275.0,835.5,55.5,0.597222,fail_higher,0.597222,0.194444,overlap,0.0,2.857738
baseline_all,direct,direct_max__idelay_data_cntvaluein__lane1__dq13__ctrl_2__endpoint__value_ps,direct_max,idelay_data_cntvaluein,lane1,dq13,2,endpoint,36,24,842.0,1431.0,2069.0,805.0,1331.5,1955.0,-99.5,0.403356,fail_lower,0.596644,-0.193287,overlap,0.0,2.840728
baseline_all,skew,signed_dqs_minus_dq_bit__idelay_cntvaluein_skew__lane0__dq0__ctrl_0__dqs_vs_dq_bit__value_ps,signed_dqs_minus_dq_bit,idelay_cntvaluein_skew,lane0,dq0,0,dqs_vs_dq_bit,36,24,-936.0,-21.5,1044.0,-787.0,-257.0,963.0,-235.5,0.403935,fail_lower,0.596065,-0.19213,overlap,0.0,2.823717
baseline_all,direct,control_fanout_spread__idelay_data_cntvaluein__lane0__no_bit__ctrl_2__lane_control_bit__value_ps,control_fanout_spread,idelay_data_cntvaluein,lane0,,2,lane_control_bit,36,24,128.0,327.0,688.0,151.0,290.5,551.0,-36.5,0.403935,fail_lower,0.596065,-0.19213,overlap,0.0,2.823717
baseline_all,skew,dq_lane_range__idelay_cntvaluein_skew__lane0__no_bit__ctrl_2__dq_lane__value_ps,dq_lane_range,idelay_cntvaluein_skew,lane0,,2,dq_lane,36,24,128.0,327.0,688.0,151.0,290.5,551.0,-36.5,0.403935,fail_lower,0.596065,-0.19213,overlap,0.0,2.823717
baseline_all,skew,signed_dqs_minus_dq_bit__idelay_cntvaluein_skew__lane0__dq4__ctrl_2__dqs_vs_dq_bit__value_ps,signed_dqs_minus_dq_bit,idelay_cntvaluein_skew,lane0,dq4,2,dqs_vs_dq_bit,36,24,-1118.0,-315.5,696.0,-963.0,-108.5,993.0,207.0,0.594907,fail_higher,0.594907,0.189815,overlap,0.0,2.789697
baseline_all,skew,signed_dqs_minus_dq_median__idelay_cntvaluein_skew__lane0__dqs0__ctrl_0__dqs_vs_dq_lane__value_ps,signed_dqs_minus_dq_median,idelay_cntvaluein_skew,lane0,dqs0,0,dqs_vs_dq_lane,36,24,-923.0,-24.25,869.0,-855.5,-220.75,904.0,-196.5,0.405093,fail_lower,0.594907,-0.189815,overlap,0.0,2.789697
baseline_all,direct,direct_max__idelay_data_cntvaluein__lane0__dq0__ctrl_2__endpoint__value_ps,direct_max,idelay_data_cntvaluein,lane0,dq0,2,endpoint,36,24,1248.0,1815.5,2240.0,1162.0,1635.0,2220.0,-180.5,0.405093,fail_lower,0.594907,-0.189815,overlap,0.0,2.789697
baseline_all,direct,cntvaluein_bus_skew__idelay_data_cntvaluein__lane1__dq11__ctrl_none__dq11__value_ps,cntvaluein_bus_skew,idelay_data_cntvaluein,lane1,dq11,,dq11,36,24,219.0,456.0,864.0,164.0,395.0,840.0,-61.0,0.405093,fail_lower,0.594907,-0.189815,overlap,0.0,2.789697
baseline_all,skew,signed_dqs_minus_dq_median__iologic_skew__lane1__dqs1__ctrl_none__dqs_vs_dq_lane__value_ps,signed_dqs_minus_dq_median,iologic_skew,lane1,dqs1,,dqs_vs_dq_lane,36,24,-244.0,210.25,1416.0,-277.5,279.75,838.5,69.5,0.594329,fail_higher,0.594329,0.188657,overlap,0.0,2.772686
baseline_all,skew,abs_dqs_minus_dq_bit__idelay_cntvaluein_skew__lane1__dq10__ctrl_3__dqs_vs_dq_bit__value_ps,abs_dqs_minus_dq_bit,idelay_cntvaluein_skew,lane1,dq10,3,dqs_vs_dq_bit,36,24,5.0,224.5,1002.0,5.0,230.5,880.0,6.0,0.593171,fail_higher,0.593171,0.186343,overlap,0.0,2.738666
baseline_all,direct,direct_max__idelay_data_cntvaluein__lane1__dq11__ctrl_0__endpoint__value_ps,direct_max,idelay_data_cntvaluein,lane1,dq11,0,endpoint,36,24,782.0,1342.5,1812.0,875.0,1470.0,1815.0,127.5,0.592593,fail_higher,0.592593,0.185185,overlap,0.0,2.721655
baseline_all,skew,signed_dqs_minus_dq_bit__idelay_cntvaluein_skew__lane1__dq12__ctrl_0__dqs_vs_dq_bit__value_ps,signed_dqs_minus_dq_bit,idelay_cntvaluein_skew,lane1,dq12,0,dqs_vs_dq_bit,36,24,-783.0,-62.0,696.0,-739.0,-187.0,967.0,-125.0,0.407407,fail_lower,0.592593,-0.185185,overlap,0.0,2.721655
baseline_all,skew,signed_dqs_minus_dq_median__idelay_cntvaluein_skew__lane1__dqs1__ctrl_0__dqs_vs_dq_lane__value_ps,signed_dqs_minus_dq_median,idelay_cntvaluein_skew,lane1,dqs1,0,dqs_vs_dq_lane,36,24,-728.5,-4.75,611.5,-780.5,-137.25,894.5,-132.5,0.408565,fail_lower,0.591435,-0.18287,overlap,0.0,2.687635
baseline_all,direct,direct_max__dqs_iologic__lane1__dqs1__ctrl_none__endpoint__value_ps,direct_max,dqs_iologic,lane1,dqs1,,endpoint,36,24,2121.0,2789.5,3884.0,2522.0,2956.5,4232.0,167.0,0.590856,fail_higher,0.590856,0.181713,overlap,0.0,2.670624
baseline_all,direct,lane_spread__dqs_iologic__lane1__no_bit__ctrl_none__lane__value_ps,lane_spread,dqs_iologic,lane1,,,lane,36,24,2121.0,2789.5,3884.0,2522.0,2956.5,4232.0,167.0,0.590856,fail_higher,0.590856,0.181713,overlap,0.0,2.670624
baseline_all,skew,abs_ld_minus_cntvaluein_dq_median__idelay_ld_cntvaluein_skew__lane1__no_bit__ctrl_3__ld_vs_cntvaluein_dq_lane__value_ps,abs_ld_minus_cntvaluein_dq_median,idelay_ld_cntvaluein_skew,lane1,,3,ld_vs_cntvaluein_dq_lane,36,24,12.5,191.5,533.5,24.0,238.0,575.5,46.5,0.590856,fail_higher,0.590856,0.181713,overlap,0.0,2.670624
baseline_all,skew,signed_dqs_minus_dq_median__idelay_cntvaluein_skew__lane0__dqs0__ctrl_2__dqs_vs_dq_lane__value_ps,signed_dqs_minus_dq_median,idelay_cntvaluein_skew,lane0,dqs0,2,dqs_vs_dq_lane,36,24,-927.5,-241.25,695.0,-838.0,-40.0,1005.0,201.25,0.590278,fail_higher,0.590278,0.180556,overlap,0.0,2.653614
baseline_all,skew,signed_dqs_minus_dq_bit__idelay_cntvaluein_skew__lane0__dq6__ctrl_0__dqs_vs_dq_bit__value_ps,signed_dqs_minus_dq_bit,idelay_cntvaluein_skew,lane0,dq6,0,dqs_vs_dq_bit,36,24,-837.0,-27.0,856.0,-859.0,-185.0,744.0,-158.0,0.41088,fail_lower,0.58912,-0.178241,overlap,0.0,2.619593
baseline_all,skew,abs_dqs_minus_dq_bit__idelay_cntvaluein_skew__lane0__dq3__ctrl_2__dqs_vs_dq_bit__value_ps,abs_dqs_minus_dq_bit,idelay_cntvaluein_skew,lane0,dq3,2,dqs_vs_dq_bit,36,24,8.0,273.0,803.0,69.0,314.0,1131.0,41.0,0.588542,fail_higher,0.588542,0.177083,overlap,0.0,2.602583
baseline_all,direct,direct_max__idelay_data_cntvaluein__lane0__dq6__ctrl_0__endpoint__value_ps,direct_max,idelay_data_cntvaluein,lane0,dq6,0,endpoint,36,24,1187.0,1637.0,2177.0,990.0,1767.0,2273.0,130.0,0.587963,fail_higher,0.587963,0.175926,overlap,0.0,2.585573
baseline_all,direct,cntvaluein_bus_skew__idelay_data_cntvaluein__lane0__dq0__ctrl_none__dq0__value_ps,cntvaluein_bus_skew,idelay_data_cntvaluein,lane0,dq0,,dq0,36,24,388.0,667.0,1219.0,77.0,627.5,995.0,-39.5,0.412616,fail_lower,0.587384,-0.174769,overlap,0.0,2.568562
baseline_all,skew,signed_dqs_minus_dq_bit__idelay_cntvaluein_skew__lane0__dq2__ctrl_0__dqs_vs_dq_bit__value_ps,signed_dqs_minus_dq_bit,idelay_cntvaluein_skew,lane0,dq2,0,dqs_vs_dq_bit,36,24,-1005.0,-83.0,778.0,-901.0,-237.0,779.0,-154.0,0.413194,fail_lower,0.586806,-0.173611,overlap,0.0,2.551552
baseline_all,skew,signed_ld_dqs_minus_dq_median__idelay_ld_skew__lane1__dqs1__ctrl_none__dqs_vs_dq_lane__value_ps,signed_ld_dqs_minus_dq_median,idelay_ld_skew,lane1,dqs1,,dqs_vs_dq_lane,36,24,-235.5,-42.25,193.0,-177.5,0.0,243.0,42.25,0.586806,fail_higher,0.586806,0.173611,overlap,0.0,2.551552
baseline_all,direct,direct_max__dq_iologic__lane0__dq5__ctrl_none__endpoint__value_ps,direct_max,dq_iologic,lane0,dq5,,endpoint,36,24,1575.0,2139.5,4221.0,1741.0,2266.0,3668.0,126.5,0.583912,fail_higher,0.583912,0.167824,overlap,0.0,2.4665
baseline_all,skew,abs_ld_minus_cntvaluein_dq_median__idelay_ld_cntvaluein_skew__lane0__no_bit__ctrl_0__ld_vs_cntvaluein_dq_lane__value_ps,abs_ld_minus_cntvaluein_dq_median,idelay_ld_cntvaluein_skew,lane0,,0,ld_vs_cntvaluein_dq_lane,36,24,18.0,222.5,682.0,14.5,267.5,1103.5,45.0,0.583333,fail_higher,0.583333,0.166667,overlap,0.0,2.44949
baseline_all,direct,direct_max__idelay_data_cntvaluein__lane0__dq5__ctrl_1__endpoint__value_ps,direct_max,idelay_data_cntvaluein,lane0,dq5,1,endpoint,36,24,1116.0,1532.5,2099.0,1027.0,1502.0,1896.0,-30.5,0.416667,fail_lower,0.583333,-0.166667,overlap,0.0,2.44949
baseline_all,direct,control_fanout_spread__idelay_data_cntvaluein__lane0__no_bit__ctrl_0__lane_control_bit__value_ps,control_fanout_spread,idelay_data_cntvaluein,lane0,,0,lane_control_bit,36,24,176.0,361.5,802.0,179.0,334.0,614.0,-27.5,0.417245,fail_lower,0.582755,-0.165509,overlap,0.0,2.432479
baseline_all,skew,dq_lane_range__idelay_cntvaluein_skew__lane0__no_bit__ctrl_0__dq_lane__value_ps,dq_lane_range,idelay_cntvaluein_skew,lane0,,0,dq_lane,36,24,176.0,361.5,802.0,179.0,334.0,614.0,-27.5,0.417245,fail_lower,0.582755,-0.165509,overlap,0.0,2.432479
baseline_all,skew,signed_dqs_minus_dq_bit__idelay_cntvaluein_skew__lane1__dq12__ctrl_2__dqs_vs_dq_bit__value_ps,signed_dqs_minus_dq_bit,idelay_cntvaluein_skew,lane1,dq12,2,dqs_vs_dq_bit,36,24,-1126.0,-179.5,783.0,-579.0,-52.0,566.0,127.5,0.582176,fail_higher,0.582176,0.164352,overlap,0.0,2.415469
baseline_all,skew,abs_ld_minus_cntvaluein_dqs__idelay_ld_cntvaluein_skew__lane0__dqs0__ctrl_0__ld_vs_cntvaluein_dqs__value_ps,abs_ld_minus_cntvaluein_dqs,idelay_ld_cntvaluein_skew,lane0,dqs0,0,ld_vs_cntvaluein_dqs,36,24,3.0,268.5,977.0,12.0,406.0,1149.0,137.5,0.581597,fail_higher,0.581597,0.163194,overlap,0.0,2.398459
baseline_all,direct,direct_max__idelay_ld__lane0__dq2__ctrl_none__endpoint__value_ps,direct_max,idelay_ld,lane0,dq2,,endpoint,36,24,1338.0,1714.0,2275.0,1437.0,1646.5,2486.0,-67.5,0.418403,fail_lower,0.581597,-0.163194,overlap,0.0,2.398459
baseline_all,direct,direct_max__dq_iologic__lane1__dq15__ctrl_none__endpoint__value_ps,direct_max,dq_iologic,lane1,dq15,,endpoint,36,24,1904.0,2416.0,3944.0,1942.0,2469.0,4248.0,53.0,0.58044,fail_higher,0.58044,0.16088,overlap,0.0,2.364438
baseline_all,direct,direct_max__idelay_data_cntvaluein__lane1__dq10__ctrl_3__endpoint__value_ps,direct_max,idelay_data_cntvaluein,lane1,dq10,3,endpoint,36,24,972.0,1459.0,1929.0,945.0,1501.0,2114.0,42.0,0.58044,fail_higher,0.58044,0.16088,overlap,0.0,2.364438
baseline_all,skew,signed_dqs_minus_dq_bit__idelay_cntvaluein_skew__lane0__dq4__ctrl_4__dqs_vs_dq_bit__value_ps,signed_dqs_minus_dq_bit,idelay_cntvaluein_skew,lane0,dq4,4,dqs_vs_dq_bit,36,24,-886.0,-69.5,758.0,-1072.0,-204.5,1227.0,-135.0,0.420718,fail_lower,0.579282,-0.158565,overlap,0.0,2.330417
baseline_all,direct,direct_max__idelay_data_cntvaluein__lane1__dq10__ctrl_2__endpoint__value_ps,direct_max,idelay_data_cntvaluein,lane1,dq10,2,endpoint,36,24,985.0,1555.5,2160.0,996.0,1435.5,2095.0,-120.0,0.420718,fail_lower,0.579282,-0.158565,overlap,0.0,2.330417
baseline_all,skew,signed_dqs_minus_dq_bit__idelay_cntvaluein_skew__lane0__dq4__ctrl_0__dqs_vs_dq_bit__value_ps,signed_dqs_minus_dq_bit,idelay_cntvaluein_skew,lane0,dq4,0,dqs_vs_dq_bit,36,24,-1009.0,-91.0,698.0,-880.0,-167.0,937.0,-76.0,0.420718,fail_lower,0.579282,-0.158565,overlap,0.0,2.330417
baseline_all,skew,abs_ld_dqs_minus_dq_median__idelay_ld_skew__lane0__dqs0__ctrl_none__dqs_vs_dq_lane__value_ps,abs_ld_dqs_minus_dq_median,idelay_ld_skew,lane0,dqs0,,dqs_vs_dq_lane,36,24,0.0,72.25,308.5,14.0,131.75,243.0,59.5,0.578704,fail_higher,0.578704,0.157407,overlap,0.0,2.313407
baseline_all,direct,lane_spread__idelay_ld__lane1__no_bit__ctrl_none__lane__value_ps,lane_spread,idelay_ld,lane1,,,lane,36,24,146.0,338.0,706.0,240.0,359.5,732.0,21.5,0.578704,fail_higher,0.578704,0.157407,overlap,0.0,2.313407
baseline_all,skew,abs_dqs_minus_dq_bit__idelay_cntvaluein_skew__lane1__dq8__ctrl_4__dqs_vs_dq_bit__value_ps,abs_dqs_minus_dq_bit,idelay_cntvaluein_skew,lane1,dq8,4,dqs_vs_dq_bit,36,24,15.0,309.0,873.0,0.0,251.0,638.0,-58.0,0.421875,fail_lower,0.578125,-0.15625,overlap,0.0,2.296397
baseline_all,skew,abs_dqs_minus_dq_bit__idelay_cntvaluein_skew__lane1__dq11__ctrl_3__dqs_vs_dq_bit__value_ps,abs_dqs_minus_dq_bit,idelay_cntvaluein_skew,lane1,dq11,3,dqs_vs_dq_bit,36,24,5.0,194.0,782.0,2.0,269.5,872.0,75.5,0.577546,fail_higher,0.577546,0.155093,overlap,0.0,2.279386
baseline_all,skew,dq_bus_skew_range__idelay_cntvaluein_skew__lane0__no_bit__ctrl_none__dq_lane_bus_skew__value_ps,dq_bus_skew_range,idelay_cntvaluein_skew,lane0,,,dq_lane_bus_skew,36,24,166.0,389.5,830.0,178.0,347.5,630.0,-42.0,0.422454,fail_lower,0.577546,-0.155093,overlap,0.0,2.279386
baseline_all,skew,signed_dqs_minus_dq_bit__idelay_cntvaluein_skew__lane0__dq1__ctrl_4__dqs_vs_dq_bit__value_ps,signed_dqs_minus_dq_bit,idelay_cntvaluein_skew,lane0,dq1,4,dqs_vs_dq_bit,36,24,-784.0,1.0,896.0,-988.0,-130.0,981.0,-131.0,0.423032,fail_lower,0.576968,-0.153935,overlap,0.0,2.262376
baseline_all,skew,signed_dqs_minus_dq_bit__idelay_cntvaluein_skew__lane1__dq10__ctrl_2__dqs_vs_dq_bit__value_ps,signed_dqs_minus_dq_bit,idelay_cntvaluein_skew,lane1,dq10,2,dqs_vs_dq_bit,36,24,-1213.0,-145.5,814.0,-628.0,-27.0,737.0,118.5,0.576389,fail_higher,0.576389,0.152778,overlap,0.0,2.245366
baseline_all,skew,abs_dqs_minus_dq_median__idelay_cntvaluein_skew__lane1__dqs1__ctrl_3__dqs_vs_dq_lane__value_ps,abs_dqs_minus_dq_median,idelay_cntvaluein_skew,lane1,dqs1,3,dqs_vs_dq_lane,36,24,0.0,182.25,823.0,35.5,222.25,802.0,40.0,0.576389,fail_higher,0.576389,0.152778,overlap,0.0,2.245366
baseline_all,skew,signed_dqs_minus_dq_bit__idelay_cntvaluein_skew__lane0__dq0__ctrl_2__dqs_vs_dq_bit__value_ps,signed_dqs_minus_dq_bit,idelay_cntvaluein_skew,lane0,dq0,2,dqs_vs_dq_bit,36,24,-998.0,-225.5,694.0,-795.0,-30.5,993.0,195.0,0.57581,fail_higher,0.57581,0.15162,overlap,0.0,2.228355
baseline_all,direct,direct_max__idelay_ld__lane0__dq3__ctrl_none__endpoint__value_ps,direct_max,idelay_ld,lane0,dq3,,endpoint,36,24,1072.0,1505.5,2121.0,1343.0,1621.5,2456.0,116.0,0.57581,fail_higher,0.57581,0.15162,overlap,0.0,2.228355
baseline_all,skew,dq_lane_range__iologic_skew__lane0__no_bit__ctrl_none__dq_lane__value_ps,dq_lane_range,iologic_skew,lane0,,,dq_lane,36,24,154.0,555.0,1419.0,342.0,628.5,899.0,73.5,0.57581,fail_higher,0.57581,0.15162,overlap,0.0,2.228355
baseline_all,skew,abs_ld_minus_cntvaluein_dq_median__idelay_ld_cntvaluein_skew__lane1__no_bit__ctrl_1__ld_vs_cntvaluein_dq_lane__value_ps,abs_ld_minus_cntvaluein_dq_median,idelay_ld_cntvaluein_skew,lane1,,1,ld_vs_cntvaluein_dq_lane,36,24,5.5,185.0,547.5,19.0,253.0,569.0,68.0,0.57581,fail_higher,0.57581,0.15162,overlap,0.0,2.228355
baseline_all,skew,signed_ld_minus_cntvaluein_dqs__idelay_ld_cntvaluein_skew__lane0__dqs0__ctrl_4__ld_vs_cntvaluein_dqs__value_ps,signed_ld_minus_cntvaluein_dqs,idelay_ld_cntvaluein_skew,lane0,dqs0,4,ld_vs_cntvaluein_dqs,36,24,-784.0,-4.5,1151.0,-1041.0,129.0,1171.0,133.5,0.575231,fail_higher,0.575231,0.150463,overlap,0.0,2.211345
baseline_all,skew,signed_dqs_minus_dq_median__idelay_cntvaluein_skew__lane0__dqs0__ctrl_4__dqs_vs_dq_lane__value_ps,signed_dqs_minus_dq_median,idelay_cntvaluein_skew,lane0,dqs0,4,dqs_vs_dq_lane,36,24,-812.0,-12.0,797.5,-931.5,-132.5,1108.0,-120.5,0.424769,fail_lower,0.575231,-0.150463,overlap,0.0,2.211345
baseline_all,direct,direct_max__clocking__all__no_bit__ctrl_none__endpoint__value_ps,direct_max,clocking,all,,,endpoint,36,24,6105.0,6765.0,7275.0,5985.0,6705.0,7335.0,-60.0,0.424769,fail_lower,0.575231,-0.150463,overlap,0.0,2.211345
baseline_all,direct,lane_spread__clocking__all__no_bit__ctrl_none__lane__value_ps,lane_spread,clocking,all,,,lane,36,24,5986.0,6646.0,7156.0,5866.0,6586.0,7216.0,-60.0,0.424769,fail_lower,0.575231,-0.150463,overlap,0.0,2.211345
baseline_all,skew,abs_lane1_minus_lane0_dqs__idelay_cntvaluein_skew__all__no_bit__ctrl_0__lane1_vs_lane0_dqs__value_ps,abs_lane1_minus_lane0_dqs,idelay_cntvaluein_skew,all,,0,lane1_vs_lane0_dqs,36,24,2.0,276.0,581.0,21.0,267.5,795.0,-8.5,0.424769,fail_lower,0.575231,-0.150463,overlap,0.0,2.211345
baseline_all,skew,abs_dqs_minus_dq_bit__idelay_cntvaluein_skew__lane0__dq3__ctrl_1__dqs_vs_dq_bit__value_ps,abs_dqs_minus_dq_bit,idelay_cntvaluein_skew,lane0,dq3,1,dqs_vs_dq_bit,36,24,13.0,237.5,863.0,3.0,396.5,847.0,159.0,0.574653,fail_higher,0.574653,0.149306,overlap,0.0,2.194335
baseline_all,skew,signed_dqs_minus_dq_bit__idelay_cntvaluein_skew__lane0__dq3__ctrl_4__dqs_vs_dq_bit__value_ps,signed_dqs_minus_dq_bit,idelay_cntvaluein_skew,lane0,dq3,4,dqs_vs_dq_bit,36,24,-585.0,98.0,785.0,-960.0,-23.5,1091.0,-121.5,0.425347,fail_lower,0.574653,-0.149306,overlap,0.0,2.194335
baseline_all,direct,direct_max__idelay_data_cntvaluein__lane1__dq9__ctrl_3__endpoint__value_ps,direct_max,idelay_data_cntvaluein,lane1,dq9,3,endpoint,36,24,865.0,1281.5,1815.0,759.0,1195.0,1891.0,-86.5,0.425347,fail_lower,0.574653,-0.149306,overlap,0.0,2.194335
baseline_all,direct,lane_spread__idelayctrl__all__no_bit__ctrl_none__lane__value_ps,lane_spread,idelayctrl,all,,,lane,36,24,533.0,1677.5,2368.0,788.0,1596.0,2739.0,-81.5,0.425926,fail_lower,0.574074,-0.148148,overlap,0.0,2.177324
baseline_all,direct,lane_spread__dq_iologic__lane0__no_bit__ctrl_none__lane__value_ps,lane_spread,dq_iologic,lane0,,,lane,36,24,1863.0,2533.0,4221.0,1988.0,2654.0,3694.0,121.0,0.573495,fail_higher,0.573495,0.146991,overlap,0.0,2.160314
baseline_all,skew,signed_dqs_minus_dq_bit__idelay_cntvaluein_skew__lane0__dq1__ctrl_0__dqs_vs_dq_bit__value_ps,signed_dqs_minus_dq_bit,idelay_cntvaluein_skew,lane0,dq1,0,dqs_vs_dq_bit,36,24,-1016.0,-135.0,960.0,-929.0,-200.0,871.0,-65.0,0.427083,fail_lower,0.572917,-0.145833,overlap,0.0,2.143304
baseline_all,skew,abs_dqs_minus_dq_median__iologic_skew__lane1__dqs1__ctrl_none__dqs_vs_dq_lane__value_ps,abs_dqs_minus_dq_median,iologic_skew,lane1,dqs1,,dqs_vs_dq_lane,36,24,0.0,212.5,1416.0,28.0,285.5,838.5,73.0,0.572338,fail_higher,0.572338,0.144676,overlap,0.0,2.126293
baseline_all,direct,direct_max__idelay_data_cntvaluein__lane1__dq12__ctrl_2__endpoint__value_ps,direct_max,idelay_data_cntvaluein,lane1,dq12,2,endpoint,36,24,1069.0,1591.5,2216.0,1082.0,1472.5,2039.0,-119.0,0.428819,fail_lower,0.571181,-0.142361,overlap,0.0,2.092272
baseline_all,direct,direct_max__idelay_dqs_cntvaluein__lane0__dqs0__ctrl_4__endpoint__value_ps,direct_max,idelay_dqs_cntvaluein,lane0,dqs0,4,endpoint,36,24,981.0,1522.5,2243.0,792.0,1600.0,2769.0,77.5,0.428819,fail_lower,0.571181,-0.142361,overlap,0.0,2.092272
baseline_all,direct,cntvaluein_bus_skew__idelay_data_cntvaluein__lane0__dq3__ctrl_none__dq3__value_ps,cntvaluein_bus_skew,idelay_data_cntvaluein,lane0,dq3,,dq3,36,24,270.0,584.5,1249.0,221.0,539.5,930.0,-45.0,0.428819,fail_lower,0.571181,-0.142361,overlap,0.0,2.092272
baseline_all,direct,direct_max__idelay_ld__lane0__dq5__ctrl_none__endpoint__value_ps,direct_max,idelay_ld,lane0,dq5,,endpoint,36,24,1157.0,1542.5,2118.0,1345.0,1640.5,2292.0,98.0,0.570602,fail_higher,0.570602,0.141204,overlap,0.0,2.075262
baseline_all,direct,control_fanout_spread__idelay_data_cntvaluein__lane0__no_bit__ctrl_1__lane_control_bit__value_ps,control_fanout_spread,idelay_data_cntvaluein,lane0,,1,lane_control_bit,36,24,148.0,370.5,768.0,140.0,322.0,634.0,-48.5,0.429398,fail_lower,0.570602,-0.141204,overlap,0.0,2.075262
baseline_all,skew,dq_lane_range__idelay_cntvaluein_skew__lane0__no_bit__ctrl_1__dq_lane__value_ps,dq_lane_range,idelay_cntvaluein_skew,lane0,,1,dq_lane,36,24,148.0,370.5,768.0,140.0,322.0,634.0,-48.5,0.429398,fail_lower,0.570602,-0.141204,overlap,0.0,2.075262
baseline_all,skew,abs_dqs_minus_dq_bit__idelay_cntvaluein_skew__lane1__dq13__ctrl_2__dqs_vs_dq_bit__value_ps,abs_dqs_minus_dq_bit,idelay_cntvaluein_skew,lane1,dq13,2,dqs_vs_dq_bit,36,24,10.0,140.5,1008.0,5.0,245.0,712.0,104.5,0.570023,fail_higher,0.570023,0.140046,overlap,0.0,2.058252
baseline_all,direct,cntvaluein_bus_skew__idelay_data_cntvaluein__lane1__dq12__ctrl_none__dq12__value_ps,cntvaluein_bus_skew,idelay_data_cntvaluein,lane1,dq12,,dq12,36,24,186.0,525.0,1116.0,174.0,438.5,835.0,-86.5,0.429977,fail_lower,0.570023,-0.140046,overlap,0.0,2.058252
baseline_all,direct,cntvaluein_bus_skew__idelay_data_cntvaluein__lane0__dq2__ctrl_none__dq2__value_ps,cntvaluein_bus_skew,idelay_data_cntvaluein,lane0,dq2,,dq2,36,24,230.0,639.0,1233.0,268.0,623.5,1023.0,-15.5,0.430556,fail_lower,0.569444,-0.138889,overlap,0.0,2.041241
baseline_all,skew,abs_dqs_minus_dq_bit__idelay_cntvaluein_skew__lane1__dq15__ctrl_3__dqs_vs_dq_bit__value_ps,abs_dqs_minus_dq_bit,idelay_cntvaluein_skew,lane1,dq15,3,dqs_vs_dq_bit,36,24,3.0,265.5,772.0,56.0,261.0,1174.0,-4.5,0.569444,fail_higher,0.569444,0.138889,overlap,0.0,2.041241
baseline_all,skew,abs_ld_minus_cntvaluein_dq_median__idelay_ld_cntvaluein_skew__lane0__no_bit__ctrl_4__ld_vs_cntvaluein_dq_lane__value_ps,abs_ld_minus_cntvaluein_dq_median,idelay_ld_cntvaluein_skew,lane0,,4,ld_vs_cntvaluein_dq_lane,36,24,5.0,236.0,862.0,3.5,237.25,1180.0,1.25,0.569444,fail_higher,0.569444,0.138889,overlap,0.0,2.041241
baseline_all,direct,direct_max__idelay_data_cntvaluein__lane0__dq2__ctrl_0__endpoint__value_ps,direct_max,idelay_data_cntvaluein,lane0,dq2,0,endpoint,36,24,1184.0,1632.5,2326.0,1093.0,1794.5,2249.0,162.0,0.568866,fail_higher,0.568866,0.137731,overlap,0.0,2.024231
baseline_all,direct,direct_max__idelay_data_cntvaluein__lane1__dq13__ctrl_4__endpoint__value_ps,direct_max,idelay_data_cntvaluein,lane1,dq13,4,endpoint,36,24,873.0,1331.5,2038.0,848.0,1386.0,1896.0,54.5,0.568287,fail_higher,0.568287,0.136574,overlap,0.0,2.007221
baseline_all,skew,signed_lane1_minus_lane0_dqs__idelay_cntvaluein_skew__all__no_bit__ctrl_0__lane1_vs_lane0_dqs__value_ps,signed_lane1_minus_lane0_dqs,idelay_cntvaluein_skew,all,,0,lane1_vs_lane0_dqs,36,24,-581.0,-276.0,260.0,-795.0,-267.5,109.0,8.5,0.567708,fail_higher,0.567708,0.135417,overlap,0.0,1.99021
baseline_all,skew,signed_dqs_minus_dq_bit__idelay_cntvaluein_skew__lane1__dq10__ctrl_3__dqs_vs_dq_bit__value_ps,signed_dqs_minus_dq_bit,idelay_cntvaluein_skew,lane1,dq10,3,dqs_vs_dq_bit,36,24,-1002.0,40.0,492.0,-710.0,-137.5,880.0,-177.5,0.43287,fail_lower,0.56713,-0.134259,overlap,0.0,1.9732
baseline_all,skew,signed_ld_minus_cntvaluein_dqs__idelay_ld_cntvaluein_skew__lane1__dqs1__ctrl_0__ld_vs_cntvaluein_dqs__value_ps,signed_ld_minus_cntvaluein_dqs,idelay_ld_cntvaluein_skew,lane1,dqs1,0,ld_vs_cntvaluein_dqs,36,24,-577.0,101.0,988.0,-510.0,244.5,850.0,143.5,0.565972,fail_higher,0.565972,0.131944,overlap,0.0,1.939179
baseline_all,skew,abs_ld_dqs_minus_dq_median__idelay_ld_skew__lane1__dqs1__ctrl_none__dqs_vs_dq_lane__value_ps,abs_ld_dqs_minus_dq_median,idelay_ld_skew,lane1,dqs1,,dqs_vs_dq_lane,36,24,3.0,103.5,235.5,4.0,75.5,243.0,-28.0,0.434028,fail_lower,0.565972,-0.131944,overlap,0.0,1.939179
baseline_all,skew,signed_dqs_minus_dq_bit__idelay_cntvaluein_skew__lane1__dq14__ctrl_2__dqs_vs_dq_bit__value_ps,signed_dqs_minus_dq_bit,idelay_cntvaluein_skew,lane1,dq14,2,dqs_vs_dq_bit,36,24,-1216.0,-215.5,745.0,-523.0,-97.5,484.0,118.0,0.565394,fail_higher,0.565394,0.130787,overlap,0.0,1.922169
baseline_all,direct,direct_max__dqs_iologic__lane0__dqs0__ctrl_none__endpoint__value_ps,direct_max,dqs_iologic,lane0,dqs0,,endpoint,36,24,2555.0,3144.0,4275.0,2444.0,3307.0,3809.0,163.0,0.564815,fail_higher,0.564815,0.12963,overlap,0.0,1.905159
baseline_all,direct,lane_spread__dqs_iologic__lane0__no_bit__ctrl_none__lane__value_ps,lane_spread,dqs_iologic,lane0,,,lane,36,24,2555.0,3144.0,4275.0,2444.0,3307.0,3809.0,163.0,0.564815,fail_higher,0.564815,0.12963,overlap,0.0,1.905159
baseline_all,direct,direct_max__idelay_data_cntvaluein__lane0__dq0__ctrl_4__endpoint__value_ps,direct_max,idelay_data_cntvaluein,lane0,dq0,4,endpoint,36,24,1126.0,1615.0,2384.0,1072.0,1653.0,2285.0,38.0,0.564236,fail_higher,0.564236,0.128472,overlap,0.0,1.888148
baseline_all,skew,signed_dqs_minus_dq_bit__idelay_cntvaluein_skew__lane0__dq5__ctrl_4__dqs_vs_dq_bit__value_ps,signed_dqs_minus_dq_bit,idelay_cntvaluein_skew,lane0,dq5,4,dqs_vs_dq_bit,36,24,-674.0,149.0,864.0,-1047.0,-64.5,1002.0,-213.5,0.436343,fail_lower,0.563657,-0.127315,overlap,0.0,1.871138
baseline_all,direct,direct_max__idelay_data_cntvaluein__lane1__dq8__ctrl_4__endpoint__value_ps,direct_max,idelay_data_cntvaluein,lane1,dq8,4,endpoint,36,24,989.0,1376.0,2331.0,991.0,1495.5,1886.0,119.5,0.563657,fail_higher,0.563657,0.127315,overlap,0.0,1.871138
baseline_all,direct,direct_max__idelay_ld__lane1__dqs1__ctrl_none__endpoint__value_ps,direct_max,idelay_ld,lane1,dqs1,,endpoint,36,24,1105.0,1426.5,1963.0,1179.0,1466.5,1916.0,40.0,0.563657,fail_higher,0.563657,0.127315,overlap,0.0,1.871138
baseline_all,skew,abs_dqs_minus_dq_bit__idelay_cntvaluein_skew__lane0__dq6__ctrl_2__dqs_vs_dq_bit__value_ps,abs_dqs_minus_dq_bit,idelay_cntvaluein_skew,lane0,dq6,2,dqs_vs_dq_bit,36,24,26.0,364.5,873.0,10.0,310.0,1011.0,-54.5,0.436921,fail_lower,0.563079,-0.126157,overlap,0.0,1.854128
baseline_all,direct,control_fanout_spread__idelay_data_cntvaluein__lane1__no_bit__ctrl_1__lane_control_bit__value_ps,control_fanout_spread,idelay_data_cntvaluein,lane1,,1,lane_control_bit,36,24,91.0,420.5,1067.0,250.0,459.0,644.0,38.5,0.563079,fail_higher,0.563079,0.126157,overlap,0.0,1.854128
baseline_all,skew,dq_lane_range__idelay_cntvaluein_skew__lane1__no_bit__ctrl_1__dq_lane__value_ps,dq_lane_range,idelay_cntvaluein_skew,lane1,,1,dq_lane,36,24,91.0,420.5,1067.0,250.0,459.0,644.0,38.5,0.563079,fail_higher,0.563079,0.126157,overlap,0.0,1.854128
baseline_all,skew,signed_dqs_minus_dq_bit__idelay_cntvaluein_skew__lane0__dq5__ctrl_1__dqs_vs_dq_bit__value_ps,signed_dqs_minus_dq_bit,idelay_cntvaluein_skew,lane0,dq5,1,dqs_vs_dq_bit,36,24,-769.0,-111.0,993.0,-569.0,62.5,928.0,173.5,0.5625,fail_higher,0.5625,0.125,overlap,0.0,1.837117
baseline_all,skew,signed_ld_minus_cntvaluein_dqs__idelay_ld_cntvaluein_skew__lane1__dqs1__ctrl_1__ld_vs_cntvaluein_dqs__value_ps,signed_ld_minus_cntvaluein_dqs,idelay_ld_cntvaluein_skew,lane1,dqs1,1,ld_vs_cntvaluein_dqs,36,24,-689.0,87.5,1200.0,-482.0,196.5,737.0,109.0,0.5625,fail_higher,0.5625,0.125,overlap,0.0,1.837117
baseline_all,skew,abs_dqs_minus_dq_bit__idelay_cntvaluein_skew__lane0__dq2__ctrl_0__dqs_vs_dq_bit__value_ps,abs_dqs_minus_dq_bit,idelay_cntvaluein_skew,lane0,dq2,0,dqs_vs_dq_bit,36,24,29.0,253.0,1005.0,8.0,267.5,901.0,14.5,0.5625,fail_higher,0.5625,0.125,overlap,0.0,1.837117
baseline_all,skew,signed_ld_minus_cntvaluein_dq_median__idelay_ld_cntvaluein_skew__lane1__no_bit__ctrl_0__ld_vs_cntvaluein_dq_lane__value_ps,signed_ld_minus_cntvaluein_dq_median,idelay_ld_cntvaluein_skew,lane1,,0,ld_vs_cntvaluein_dq_lane,36,24,-349.0,125.25,571.5,-381.5,115.75,631.5,-9.5,0.4375,fail_lower,0.5625,-0.125,overlap,0.0,1.837117
baseline_all,direct,direct_max__idelay_data_cntvaluein__lane0__dq4__ctrl_0__endpoint__value_ps,direct_max,idelay_data_cntvaluein,lane0,dq4,0,endpoint,36,24,1271.0,1651.0,2236.0,1009.0,1713.5,2404.0,62.5,0.561921,fail_higher,0.561921,0.123843,overlap,0.0,1.820107
baseline_all,skew,signed_dqs_minus_dq_bit__idelay_cntvaluein_skew__lane0__dq2__ctrl_4__dqs_vs_dq_bit__value_ps,signed_dqs_minus_dq_bit,idelay_cntvaluein_skew,lane0,dq2,4,dqs_vs_dq_bit,36,24,-863.0,-75.5,837.0,-925.0,-205.5,1219.0,-130.0,0.438657,fail_lower,0.561343,-0.122685,overlap,0.0,1.803097
baseline_all,skew,abs_dqs_minus_dq_bit__idelay_cntvaluein_skew__lane1__dq8__ctrl_3__dqs_vs_dq_bit__value_ps,abs_dqs_minus_dq_bit,idelay_cntvaluein_skew,lane1,dq8,3,dqs_vs_dq_bit,36,24,15.0,189.0,901.0,0.0,259.0,844.0,70.0,0.561343,fail_higher,0.561343,0.122685,overlap,0.0,1.803097
baseline_all,direct,direct_max__idelay_data_cntvaluein__lane1__dq8__ctrl_1__endpoint__value_ps,direct_max,idelay_data_cntvaluein,lane1,dq8,1,endpoint,36,24,1065.0,1467.5,2045.0,888.0,1475.0,2072.0,7.5,0.561343,fail_higher,0.561343,0.122685,overlap,0.0,1.803097
baseline_all,direct,direct_max__idelay_data_cntvaluein__lane0__dq5__ctrl_2__endpoint__value_ps,direct_max,idelay_data_cntvaluein,lane0,dq5,2,endpoint,36,24,1095.0,1681.5,2401.0,1082.0,1557.0,2246.0,-124.5,0.439236,fail_lower,0.560764,-0.121528,overlap,0.0,1.786086
baseline_all,direct,cntvaluein_bus_skew__idelay_data_cntvaluein__lane0__dq1__ctrl_none__dq1__value_ps,cntvaluein_bus_skew,idelay_data_cntvaluein,lane0,dq1,,dq1,36,24,242.0,712.5,1180.0,240.0,695.0,1002.0,-17.5,0.439236,fail_lower,0.560764,-0.121528,overlap,0.0,1.786086
baseline_all,direct,direct_max__dq_iologic__lane1__dq14__ctrl_none__endpoint__value_ps,direct_max,dq_iologic,lane1,dq14,,endpoint,36,24,2115.0,2489.5,3421.0,1965.0,2585.5,4017.0,96.0,0.560185,fail_higher,0.560185,0.12037,overlap,0.0,1.769076
baseline_all,direct,direct_max__idelay_data_cntvaluein__lane0__dq3__ctrl_1__endpoint__value_ps,direct_max,idelay_data_cntvaluein,lane0,dq3,1,endpoint,36,24,1031.0,1511.0,2131.0,1133.0,1443.0,1996.0,-68.0,0.440394,fail_lower,0.559606,-0.119213,overlap,0.0,1.752066
baseline_all,skew,abs_dqs_minus_dq_bit__idelay_cntvaluein_skew__lane0__dq3__ctrl_0__dqs_vs_dq_bit__value_ps,abs_dqs_minus_dq_bit,idelay_cntvaluein_skew,lane0,dq3,0,dqs_vs_dq_bit,36,24,17.0,301.0,970.0,27.0,212.5,1027.0,-88.5,0.440972,fail_lower,0.559028,-0.118056,overlap,0.0,1.735055
baseline_all,skew,abs_dqs_minus_dq_bit__idelay_cntvaluein_skew__lane1__dq9__ctrl_2__dqs_vs_dq_bit__value_ps,abs_dqs_minus_dq_bit,idelay_cntvaluein_skew,lane1,dq9,2,dqs_vs_dq_bit,36,24,11.0,186.5,873.0,31.0,242.0,684.0,55.5,0.559028,fail_higher,0.559028,0.118056,overlap,0.0,1.735055
baseline_all,direct,direct_max__idelay_ld__lane0__dq0__ctrl_none__endpoint__value_ps,direct_max,idelay_ld,lane0,dq0,,endpoint,36,24,1154.0,1686.0,2180.0,1365.0,1730.5,2533.0,44.5,0.559028,fail_higher,0.559028,0.118056,overlap,0.0,1.735055
baseline_all,skew,abs_lane1_minus_lane0_dqs__idelay_cntvaluein_skew__all__no_bit__ctrl_2__lane1_vs_lane0_dqs__value_ps,abs_lane1_minus_lane0_dqs,idelay_cntvaluein_skew,all,,2,lane1_vs_lane0_dqs,36,24,18.0,273.5,531.0,6.0,254.0,784.0,-19.5,0.44213,fail_lower,0.55787,-0.115741,overlap,0.0,1.701035
baseline_all,skew,abs_ld_minus_cntvaluein_dq_median__idelay_ld_cntvaluein_skew__lane0__no_bit__ctrl_1__ld_vs_cntvaluein_dq_lane__value_ps,abs_ld_minus_cntvaluein_dq_median,idelay_ld_cntvaluein_skew,lane0,,1,ld_vs_cntvaluein_dq_lane,36,24,3.5,289.25,884.0,6.5,231.75,889.0,-57.5,0.443287,fail_lower,0.556713,-0.113426,overlap,0.0,1.667014
baseline_all,direct,direct_max__idelay_data_cntvaluein__lane0__dq5__ctrl_4__endpoint__value_ps,direct_max,idelay_data_cntvaluein,lane0,dq5,4,endpoint,36,24,1100.0,1501.0,2290.0,990.0,1615.5,2132.0,114.5,0.556134,fail_higher,0.556134,0.112269,overlap,0.0,1.650004
baseline_all,direct,direct_max__idelay_data_cntvaluein__lane1__dq14__ctrl_2__endpoint__value_ps,direct_max,idelay_data_cntvaluein,lane1,dq14,2,endpoint,36,24,981.0,1535.0,1985.0,1082.0,1434.5,2131.0,-100.5,0.443866,fail_lower,0.556134,-0.112269,overlap,0.0,1.650004
baseline_all,skew,signed_dqs_minus_dq_bit__idelay_cntvaluein_skew__lane1__dq9__ctrl_0__dqs_vs_dq_bit__value_ps,signed_dqs_minus_dq_bit,idelay_cntvaluein_skew,lane1,dq9,0,dqs_vs_dq_bit,36,24,-585.0,124.5,746.0,-534.0,21.0,1018.0,-103.5,0.444444,fail_lower,0.555556,-0.111111,overlap,0.0,1.632993
baseline_all,skew,signed_ld_minus_cntvaluein_dqs__idelay_ld_cntvaluein_skew__lane1__dqs1__ctrl_4__ld_vs_cntvaluein_dqs__value_ps,signed_ld_minus_cntvaluein_dqs,idelay_ld_cntvaluein_skew,lane1,dqs1,4,ld_vs_cntvaluein_dqs,36,24,-393.0,126.0,1260.0,-995.0,174.5,667.0,48.5,0.555556,fail_higher,0.555556,0.111111,overlap,0.0,1.632993
baseline_all,skew,signed_dqs_minus_dq_bit__idelay_cntvaluein_skew__lane1__dq14__ctrl_0__dqs_vs_dq_bit__value_ps,signed_dqs_minus_dq_bit,idelay_cntvaluein_skew,lane1,dq14,0,dqs_vs_dq_bit,36,24,-730.0,-137.0,691.0,-828.0,-172.5,878.0,-35.5,0.444444,fail_lower,0.555556,-0.111111,overlap,0.0,1.632993
baseline_all,direct,cntvaluein_bus_skew__idelay_dqs_cntvaluein__lane1__dqs1__ctrl_none__dqs1__value_ps,cntvaluein_bus_skew,idelay_dqs_cntvaluein,lane1,dqs1,,dqs1,36,24,181.0,511.5,887.0,303.0,440.0,1171.0,-71.5,0.554977,fail_higher,0.554977,0.109954,overlap,0.0,1.615983
baseline_all,direct,lane_spread__idelay_dqs_cntvaluein__lane1__no_bit__ctrl_none__lane__value_ps,lane_spread,idelay_dqs_cntvaluein,lane1,,,lane,36,24,181.0,511.5,887.0,303.0,440.0,1171.0,-71.5,0.554977,fail_higher,0.554977,0.109954,overlap,0.0,1.615983
baseline_all,skew,signed_dqs_minus_dq_bit__idelay_cntvaluein_skew__lane0__dq5__ctrl_2__dqs_vs_dq_bit__value_ps,signed_dqs_minus_dq_bit,idelay_cntvaluein_skew,lane0,dq5,2,dqs_vs_dq_bit,36,24,-891.0,-44.0,796.0,-906.0,40.0,1077.0,84.0,0.554398,fail_higher,0.554398,0.108796,overlap,0.0,1.598972
baseline_all,direct,direct_max__idelay_data_cntvaluein__lane1__dq12__ctrl_0__endpoint__value_ps,direct_max,idelay_data_cntvaluein,lane1,dq12,0,endpoint,36,24,1054.0,1384.5,2006.0,986.0,1451.0,1957.0,66.5,0.553819,fail_higher,0.553819,0.107639,overlap,0.0,1.581962
baseline_all,direct,direct_max__idelay_data_cntvaluein__lane1__dq15__ctrl_0__endpoint__value_ps,direct_max,idelay_data_cntvaluein,lane1,dq15,0,endpoint,36,24,855.0,1192.0,1782.0,736.0,1226.5,1659.0,34.5,0.553241,fail_higher,0.553241,0.106481,overlap,0.0,1.564952
baseline_all,skew,signed_dqs_minus_dq_bit__idelay_cntvaluein_skew__lane0__dq3__ctrl_1__dqs_vs_dq_bit__value_ps,signed_dqs_minus_dq_bit,idelay_cntvaluein_skew,lane0,dq3,1,dqs_vs_dq_bit,36,24,-679.0,-59.0,863.0,-645.0,87.5,847.0,146.5,0.552662,fail_higher,0.552662,0.105324,overlap,0.0,1.547941
baseline_all,direct,direct_max__dq_iologic__lane0__dq1__ctrl_none__endpoint__value_ps,direct_max,dq_iologic,lane0,dq1,,endpoint,36,24,1649.0,2142.5,3990.0,1858.0,2214.0,3437.0,71.5,0.552662,fail_higher,0.552662,0.105324,overlap,0.0,1.547941
baseline_all,skew,signed_dqs_minus_dq_bit__idelay_cntvaluein_skew__lane0__dq6__ctrl_1__dqs_vs_dq_bit__value_ps,signed_dqs_minus_dq_bit,idelay_cntvaluein_skew,lane0,dq6,1,dqs_vs_dq_bit,36,24,-1305.0,-337.5,818.0,-1021.0,-153.5,880.0,184.0,0.552083,fail_higher,0.552083,0.104167,overlap,0.0,1.530931
baseline_all,direct,direct_max__idelay_dqs_cntvaluein__lane1__dqs1__ctrl_3__endpoint__value_ps,direct_max,idelay_dqs_cntvaluein,lane1,dqs1,3,endpoint,36,24,527.0,1387.5,1947.0,665.0,1407.5,2447.0,20.0,0.552083,fail_higher,0.552083,0.104167,overlap,0.0,1.530931
baseline_all,direct,direct_max__idelay_data_cntvaluein__lane1__dq10__ctrl_4__endpoint__value_ps,direct_max,idelay_data_cntvaluein,lane1,dq10,4,endpoint,36,24,930.0,1347.5,2062.0,823.0,1359.0,1820.0,11.5,0.551505,fail_higher,0.551505,0.103009,overlap,0.0,1.513921
baseline_all,skew,signed_lane1_minus_lane0_dq_median__idelay_cntvaluein_skew__all__no_bit__ctrl_1__lane1_vs_lane0_dq__value_ps,signed_lane1_minus_lane0_dq_median,idelay_cntvaluein_skew,all,,1,lane1_vs_lane0_dq,36,24,-889.5,-314.5,8.5,-589.0,-325.5,-12.5,-11.0,0.551505,fail_higher,0.551505,0.103009,overlap,0.0,1.513921
baseline_all,skew,abs_lane1_minus_lane0_dq_median__idelay_cntvaluein_skew__all__no_bit__ctrl_1__lane1_vs_lane0_dq__value_ps,abs_lane1_minus_lane0_dq_median,idelay_cntvaluein_skew,all,,1,lane1_vs_lane0_dq,36,24,8.5,314.5,889.5,12.5,325.5,589.0,11.0,0.448495,fail_lower,0.551505,-0.103009,overlap,0.0,1.513921
baseline_all,direct,direct_max__idelay_dqs_cntvaluein__lane0__dqs0__ctrl_0__endpoint__value_ps,direct_max,idelay_dqs_cntvaluein,lane0,dqs0,0,endpoint,36,24,958.0,1611.5,2260.0,889.0,1495.0,2591.0,-116.5,0.449074,fail_lower,0.550926,-0.101852,overlap,0.0,1.49691
baseline_all,direct,direct_max__dq_iologic__lane0__dq6__ctrl_none__endpoint__value_ps,direct_max,dq_iologic,lane0,dq6,,endpoint,36,24,1638.0,1975.0,4176.0,1738.0,2065.0,3569.0,90.0,0.550926,fail_higher,0.550926,0.101852,overlap,0.0,1.49691
baseline_all,direct,direct_max__idelay_data_cntvaluein__lane1__dq14__ctrl_0__endpoint__value_ps,direct_max,idelay_data_cntvaluein,lane1,dq14,0,endpoint,36,24,1115.0,1423.0,1820.0,902.0,1498.5,1952.0,75.5,0.550926,fail_higher,0.550926,0.101852,overlap,0.0,1.49691
baseline_all,skew,signed_ld_dqs_minus_dq_median__idelay_ld_skew__lane0__dqs0__ctrl_none__dqs_vs_dq_lane__value_ps,signed_ld_dqs_minus_dq_median,idelay_ld_skew,lane0,dqs0,,dqs_vs_dq_lane,36,24,-308.5,-48.25,236.5,-243.0,-89.25,144.5,-41.0,0.449074,fail_lower,0.550926,-0.101852,overlap,0.0,1.49691
baseline_all,direct,cntvaluein_bus_skew__idelay_data_cntvaluein__lane0__dq6__ctrl_none__dq6__value_ps,cntvaluein_bus_skew,idelay_data_cntvaluein,lane0,dq6,,dq6,36,24,200.0,646.0,1561.0,193.0,616.0,1118.0,-30.0,0.449074,fail_lower,0.550926,-0.101852,overlap,0.0,1.49691
baseline_all,skew,signed_dqs_minus_dq_bit__idelay_cntvaluein_skew__lane0__dq7__ctrl_1__dqs_vs_dq_bit__value_ps,signed_dqs_minus_dq_bit,idelay_cntvaluein_skew,lane0,dq7,1,dqs_vs_dq_bit,36,24,-1302.0,-242.5,692.0,-1020.0,-156.5,706.0,86.0,0.549769,fail_higher,0.549769,0.099537,overlap,0.0,1.46289
baseline_all,skew,signed_ld_minus_cntvaluein_dq_median__idelay_ld_cntvaluein_skew__lane0__no_bit__ctrl_1__ld_vs_cntvaluein_dq_lane__value_ps,signed_ld_minus_cntvaluein_dq_median,idelay_ld_cntvaluein_skew,lane0,,1,ld_vs_cntvaluein_dq_lane,36,24,-884.0,-19.75,614.0,-498.5,14.25,889.0,34.0,0.549769,fail_higher,0.549769,0.099537,overlap,0.0,1.46289
baseline_all,direct,control_fanout_spread__idelay_data_cntvaluein__lane1__no_bit__ctrl_3__lane_control_bit__value_ps,control_fanout_spread,idelay_data_cntvaluein,lane1,,3,lane_control_bit,36,24,186.0,429.5,649.0,178.0,451.0,783.0,21.5,0.549769,fail_higher,0.549769,0.099537,overlap,0.0,1.46289
baseline_all,skew,dq_lane_range__idelay_cntvaluein_skew__lane1__no_bit__ctrl_3__dq_lane__value_ps,dq_lane_range,idelay_cntvaluein_skew,lane1,,3,dq_lane,36,24,186.0,429.5,649.0,178.0,451.0,783.0,21.5,0.549769,fail_higher,0.549769,0.099537,overlap,0.0,1.46289
baseline_all,skew,signed_dqs_minus_dq_bit__idelay_cntvaluein_skew__lane1__dq8__ctrl_1__dqs_vs_dq_bit__value_ps,signed_dqs_minus_dq_bit,idelay_cntvaluein_skew,lane1,dq8,1,dqs_vs_dq_bit,36,24,-930.0,-129.0,959.0,-778.0,-173.0,505.0,-44.0,0.451389,fail_lower,0.548611,-0.097222,overlap,0.0,1.428869
baseline_all,direct,cntvaluein_bus_skew__idelay_data_cntvaluein__lane0__dq5__ctrl_none__dq5__value_ps,cntvaluein_bus_skew,idelay_data_cntvaluein,lane0,dq5,,dq5,36,24,205.0,582.0,1276.0,130.0,558.0,858.0,-24.0,0.451389,fail_lower,0.548611,-0.097222,overlap,0.0,1.428869
baseline_all,direct,direct_max__dq_iologic__lane1__dq10__ctrl_none__endpoint__value_ps,direct_max,dq_iologic,lane1,dq10,,endpoint,36,24,2144.0,2595.0,3463.0,2144.0,2610.0,3846.0,15.0,0.548611,fail_higher,0.548611,0.097222,overlap,0.0,1.428869
baseline_all,skew,signed_dqs_minus_dq_bit__idelay_cntvaluein_skew__lane0__dq6__ctrl_3__dqs_vs_dq_bit__value_ps,signed_dqs_minus_dq_bit,idelay_cntvaluein_skew,lane0,dq6,3,dqs_vs_dq_bit,36,24,-965.0,-12.5,933.0,-763.0,-2.0,1121.0,10.5,0.548611,fail_higher,0.548611,0.097222,overlap,0.0,1.428869
baseline_all,direct,direct_max__idelay_data_cntvaluein__lane0__dq0__ctrl_0__endpoint__value_ps,direct_max,idelay_data_cntvaluein,lane0,dq0,0,endpoint,36,24,985.0,1665.0,2323.0,1101.0,1756.5,2311.0,91.5,0.548032,fail_higher,0.548032,0.096065,overlap,0.0,1.411859
baseline_all,skew,abs_dqs_minus_dq_bit__idelay_cntvaluein_skew__lane1__dq9__ctrl_4__dqs_vs_dq_bit__value_ps,abs_dqs_minus_dq_bit,idelay_cntvaluein_skew,lane1,dq9,4,dqs_vs_dq_bit,36,24,5.0,236.0,821.0,13.0,257.0,774.0,21.0,0.548032,fail_higher,0.548032,0.096065,overlap,0.0,1.411859
baseline_all,skew,abs_ld_minus_cntvaluein_dqs__idelay_ld_cntvaluein_skew__lane1__dqs1__ctrl_1__ld_vs_cntvaluein_dqs__value_ps,abs_ld_minus_cntvaluein_dqs,idelay_ld_cntvaluein_skew,lane1,dqs1,1,ld_vs_cntvaluein_dqs,36,24,38.0,260.0,1200.0,51.0,276.0,737.0,16.0,0.548032,fail_higher,0.548032,0.096065,overlap,0.0,1.411859
baseline_all,direct,direct_max__idelay_data_cntvaluein__lane1__dq10__ctrl_1__endpoint__value_ps,direct_max,idelay_data_cntvaluein,lane1,dq10,1,endpoint,36,24,963.0,1425.5,1998.0,972.0,1351.5,1986.0,-74.0,0.452546,fail_lower,0.547454,-0.094907,overlap,0.0,1.394848
baseline_all,direct,direct_max__idelay_data_cntvaluein__lane0__dq1__ctrl_4__endpoint__value_ps,direct_max,idelay_data_cntvaluein,lane0,dq1,4,endpoint,36,24,1082.0,1635.5,2388.0,1082.0,1666.5,2298.0,31.0,0.547454,fail_higher,0.547454,0.094907,overlap,0.0,1.394848
baseline_all,direct,direct_max__idelay_ld__lane1__dq9__ctrl_none__endpoint__value_ps,direct_max,idelay_ld,lane1,dq9,,endpoint,36,24,1013.0,1339.0,1922.0,1042.0,1294.5,1700.0,-44.5,0.453125,fail_lower,0.546875,-0.09375,overlap,0.0,1.377838
baseline_all,skew,abs_dqs_minus_dq_bit__idelay_cntvaluein_skew__lane0__dq3__ctrl_4__dqs_vs_dq_bit__value_ps,abs_dqs_minus_dq_bit,idelay_cntvaluein_skew,lane0,dq3,4,dqs_vs_dq_bit,36,24,10.0,297.5,785.0,8.0,265.5,1091.0,-32.0,0.453125,fail_lower,0.546875,-0.09375,overlap,0.0,1.377838
baseline_all,direct,direct_max__idelay_data_cntvaluein__lane0__dq4__ctrl_4__endpoint__value_ps,direct_max,idelay_data_cntvaluein,lane0,dq4,4,endpoint,36,24,1024.0,1603.0,2359.0,1151.0,1739.5,2382.0,136.5,0.546296,fail_higher,0.546296,0.092593,overlap,0.0,1.360828
baseline_all,skew,signed_ld_minus_cntvaluein_dqs__idelay_ld_cntvaluein_skew__lane0__dqs0__ctrl_3__ld_vs_cntvaluein_dqs__value_ps,signed_ld_minus_cntvaluein_dqs,idelay_ld_cntvaluein_skew,lane0,dqs0,3,ld_vs_cntvaluein_dqs,36,24,-605.0,-34.5,1378.0,-678.0,-251.5,592.0,-217.0,0.454282,fail_lower,0.545718,-0.091435,overlap,0.0,1.343817
baseline_all,direct,direct_max__idelay_data_cntvaluein__lane0__dq6__ctrl_1__endpoint__value_ps,direct_max,idelay_data_cntvaluein,lane0,dq6,1,endpoint,36,24,1032.0,1812.0,2819.0,1144.0,1776.0,2372.0,-36.0,0.454282,fail_lower,0.545718,-0.091435,overlap,0.0,1.343817
baseline_all,direct,direct_max__idelay_dqs_cntvaluein__lane1__dqs1__ctrl_2__endpoint__value_ps,direct_max,idelay_dqs_cntvaluein,lane1,dqs1,2,endpoint,36,24,614.0,1377.0,1980.0,697.0,1402.0,2173.0,25.0,0.545718,fail_higher,0.545718,0.091435,overlap,0.0,1.343817
baseline_all,direct,direct_max__idelay_data_cntvaluein__lane0__dq0__ctrl_3__endpoint__value_ps,direct_max,idelay_data_cntvaluein,lane0,dq0,3,endpoint,36,24,1080.0,1697.0,2220.0,1171.0,1688.0,2430.0,-9.0,0.545718,fail_higher,0.545718,0.091435,overlap,0.0,1.343817
baseline_all,direct,direct_max__idelayctrl__all__no_bit__ctrl_none__endpoint__value_ps,direct_max,idelayctrl,all,,,endpoint,36,24,1659.0,2775.0,3494.0,1914.0,2722.0,3865.0,-53.0,0.45544,fail_lower,0.54456,-0.08912,overlap,0.0,1.309797
baseline_all,skew,signed_ld_minus_cntvaluein_dq_median__idelay_ld_cntvaluein_skew__lane1__no_bit__ctrl_4__ld_vs_cntvaluein_dq_lane__value_ps,signed_ld_minus_cntvaluein_dq_median,idelay_ld_cntvaluein_skew,lane1,,4,ld_vs_cntvaluein_dq_lane,36,24,-631.5,160.5,619.5,-316.0,117.75,669.5,-42.75,0.45544,fail_lower,0.54456,-0.08912,overlap,0.0,1.309797
baseline_all,skew,abs_dqs_minus_dq_bit__idelay_cntvaluein_skew__lane0__dq0__ctrl_4__dqs_vs_dq_bit__value_ps,abs_dqs_minus_dq_bit,idelay_cntvaluein_skew,lane0,dq0,4,dqs_vs_dq_bit,36,24,23.0,333.0,791.0,0.0,448.0,1066.0,115.0,0.543403,fail_higher,0.543403,0.086806,overlap,0.0,1.275776
baseline_all,skew,abs_dqs_minus_dq_bit__idelay_cntvaluein_skew__lane0__dq5__ctrl_4__dqs_vs_dq_bit__value_ps,abs_dqs_minus_dq_bit,idelay_cntvaluein_skew,lane0,dq5,4,dqs_vs_dq_bit,36,24,3.0,319.0,864.0,20.0,267.0,1047.0,-52.0,0.456597,fail_lower,0.543403,-0.086806,overlap,0.0,1.275776
baseline_all,skew,signed_dqs_minus_dq_median__idelay_cntvaluein_skew__lane0__dqs0__ctrl_1__dqs_vs_dq_lane__value_ps,signed_dqs_minus_dq_median,idelay_cntvaluein_skew,lane0,dqs0,1,dqs_vs_dq_lane,36,24,-1163.5,-234.5,850.0,-881.5,-62.0,770.5,172.5,0.542824,fail_higher,0.542824,0.085648,overlap,0.0,1.258766
baseline_all,skew,signed_dqs_minus_dq_bit__idelay_cntvaluein_skew__lane1__dq13__ctrl_4__dqs_vs_dq_bit__value_ps,signed_dqs_minus_dq_bit,idelay_cntvaluein_skew,lane1,dq13,4,dqs_vs_dq_bit,36,24,-982.0,-65.5,795.0,-633.0,-129.0,541.0,-63.5,0.457176,fail_lower,0.542824,-0.085648,overlap,0.0,1.258766
baseline_all,direct,lane_spread__dq_iologic__lane1__no_bit__ctrl_none__lane__value_ps,lane_spread,dq_iologic,lane1,,,lane,36,24,2265.0,2793.0,4359.0,2345.0,2827.0,4248.0,34.0,0.542824,fail_higher,0.542824,0.085648,overlap,0.0,1.258766
baseline_all,skew,signed_dqs_minus_dq_bit__idelay_cntvaluein_skew__lane1__dq11__ctrl_3__dqs_vs_dq_bit__value_ps,signed_dqs_minus_dq_bit,idelay_cntvaluein_skew,lane1,dq11,3,dqs_vs_dq_bit,36,24,-782.0,90.0,551.0,-587.0,95.5,872.0,5.5,0.542824,fail_higher,0.542824,0.085648,overlap,0.0,1.258766
baseline_all,direct,direct_max__idelay_data_cntvaluein__lane1__dq14__ctrl_1__endpoint__value_ps,direct_max,idelay_data_cntvaluein,lane1,dq14,1,endpoint,36,24,1021.0,1442.0,1953.0,1024.0,1474.5,1980.0,32.5,0.542245,fail_higher,0.542245,0.084491,overlap,0.0,1.241755
baseline_all,skew,abs_dqs_minus_dq_bit__idelay_cntvaluein_skew__lane1__dq12__ctrl_0__dqs_vs_dq_bit__value_ps,abs_dqs_minus_dq_bit,idelay_cntvaluein_skew,lane1,dq12,0,dqs_vs_dq_bit,36,24,2.0,280.0,783.0,54.0,273.0,967.0,-7.0,0.542245,fail_higher,0.542245,0.084491,overlap,0.0,1.241755
baseline_all,skew,signed_lane1_minus_lane0_dqs__idelay_cntvaluein_skew__all__no_bit__ctrl_2__lane1_vs_lane0_dqs__value_ps,signed_lane1_minus_lane0_dqs,idelay_cntvaluein_skew,all,,2,lane1_vs_lane0_dqs,36,24,-531.0,-273.5,111.0,-784.0,-254.0,95.0,19.5,0.541667,fail_higher,0.541667,0.083333,overlap,0.0,1.224745
baseline_all,direct,direct_max__idelay_data_cntvaluein__lane0__dq3__ctrl_3__endpoint__value_ps,direct_max,idelay_data_cntvaluein,lane0,dq3,3,endpoint,36,24,1018.0,1586.0,2107.0,1065.0,1586.5,2176.0,0.5,0.541667,fail_higher,0.541667,0.083333,overlap,0.0,1.224745
baseline_all,skew,abs_dqs_minus_dq_median__idelay_cntvaluein_skew__lane0__dqs0__ctrl_0__dqs_vs_dq_lane__value_ps,abs_dqs_minus_dq_median,idelay_cntvaluein_skew,lane0,dqs0,0,dqs_vs_dq_lane,36,24,10.0,245.25,923.0,16.0,244.75,904.0,-0.5,0.541667,fail_higher,0.541667,0.083333,overlap,0.0,1.224745
baseline_all,direct,direct_max__idelay_ld__lane1__dq8__ctrl_none__endpoint__value_ps,direct_max,idelay_ld,lane1,dq8,,endpoint,36,24,1093.0,1555.5,1932.0,1156.0,1564.5,2121.0,9.0,0.541088,fail_higher,0.541088,0.082176,overlap,0.0,1.207735
baseline_all,direct,direct_max__idelay_data_cntvaluein__lane1__dq11__ctrl_4__endpoint__value_ps,direct_max,idelay_data_cntvaluein,lane1,dq11,4,endpoint,36,24,785.0,1302.0,1950.0,776.0,1386.0,1809.0,84.0,0.540509,fail_higher,0.540509,0.081019,overlap,0.0,1.190724
baseline_all,direct,direct_max__idelay_data_cntvaluein__lane1__dq12__ctrl_3__endpoint__value_ps,direct_max,idelay_data_cntvaluein,lane1,dq12,3,endpoint,36,24,961.0,1468.5,1925.0,949.0,1507.5,2032.0,39.0,0.540509,fail_higher,0.540509,0.081019,overlap,0.0,1.190724
baseline_all,skew,signed_dqs_minus_dq_bit__idelay_cntvaluein_skew__lane1__dq8__ctrl_0__dqs_vs_dq_bit__value_ps,signed_dqs_minus_dq_bit,idelay_cntvaluein_skew,lane1,dq8,0,dqs_vs_dq_bit,36,24,-778.0,-167.5,628.0,-915.0,-203.5,873.0,-36.0,0.459491,fail_lower,0.540509,-0.081019,overlap,0.0,1.190724
baseline_all,direct,direct_max__idelay_data_cntvaluein__lane0__dq7__ctrl_4__endpoint__value_ps,direct_max,idelay_data_cntvaluein,lane0,dq7,4,endpoint,36,24,944.0,1703.5,2446.0,1246.0,1730.5,2641.0,27.0,0.540509,fail_higher,0.540509,0.081019,overlap,0.0,1.190724
baseline_all,direct,direct_max__idelay_data_cntvaluein__lane0__dq3__ctrl_4__endpoint__value_ps,direct_max,idelay_data_cntvaluein,lane0,dq3,4,endpoint,36,24,1011.0,1452.5,2206.0,985.0,1597.5,2134.0,145.0,0.539931,fail_higher,0.539931,0.079861,overlap,0.0,1.173714
baseline_all,skew,abs_dqs_minus_dq_bit__idelay_cntvaluein_skew__lane0__dq4__ctrl_3__dqs_vs_dq_bit__value_ps,abs_dqs_minus_dq_bit,idelay_cntvaluein_skew,lane0,dq4,3,dqs_vs_dq_bit,36,24,3.0,304.5,1005.0,24.0,379.0,1086.0,74.5,0.539352,fail_higher,0.539352,0.078704,overlap,0.0,1.156703
baseline_all,skew,signed_dqs_minus_dq_bit__idelay_cntvaluein_skew__lane1__dq14__ctrl_3__dqs_vs_dq_bit__value_ps,signed_dqs_minus_dq_bit,idelay_cntvaluein_skew,lane1,dq14,3,dqs_vs_dq_bit,36,24,-910.0,-3.5,351.0,-752.0,-161.5,793.0,-158.0,0.461227,fail_lower,0.538773,-0.077546,overlap,0.0,1.139693
baseline_all,skew,abs_dqs_minus_dq_bit__idelay_cntvaluein_skew__lane1__dq14__ctrl_2__dqs_vs_dq_bit__value_ps,abs_dqs_minus_dq_bit,idelay_cntvaluein_skew,lane1,dq14,2,dqs_vs_dq_bit,36,24,4.0,267.5,1216.0,4.0,276.5,523.0,9.0,0.461227,fail_lower,0.538773,-0.077546,overlap,0.0,1.139693
baseline_all,skew,signed_dqs_minus_dq_bit__idelay_cntvaluein_skew__lane0__dq2__ctrl_1__dqs_vs_dq_bit__value_ps,signed_dqs_minus_dq_bit,idelay_cntvaluein_skew,lane0,dq2,1,dqs_vs_dq_bit,36,24,-1212.0,-323.0,855.0,-928.0,-56.5,788.0,266.5,0.538194,fail_higher,0.538194,0.076389,overlap,0.0,1.122683
baseline_all,skew,signed_dqs_minus_dq_bit__idelay_cntvaluein_skew__lane1__dq13__ctrl_3__dqs_vs_dq_bit__value_ps,signed_dqs_minus_dq_bit,idelay_cntvaluein_skew,lane1,dq13,3,dqs_vs_dq_bit,36,24,-770.0,10.5,466.0,-536.0,98.0,788.0,87.5,0.538194,fail_higher,0.538194,0.076389,overlap,0.0,1.122683
baseline_all,skew,abs_dqs_minus_dq_bit__idelay_cntvaluein_skew__lane1__dq8__ctrl_0__dqs_vs_dq_bit__value_ps,abs_dqs_minus_dq_bit,idelay_cntvaluein_skew,lane1,dq8,0,dqs_vs_dq_bit,36,24,3.0,289.5,778.0,63.0,246.5,915.0,-43.0,0.461806,fail_lower,0.538194,-0.076389,overlap,0.0,1.122683
baseline_all,direct,direct_max__dq_iologic__lane1__dq9__ctrl_none__endpoint__value_ps,direct_max,dq_iologic,lane1,dq9,,endpoint,36,24,1904.0,2302.0,4106.0,2105.0,2330.0,3138.0,28.0,0.538194,fail_higher,0.538194,0.076389,overlap,0.0,1.122683
baseline_all,direct,direct_max__idelay_data_cntvaluein__lane1__dq14__ctrl_4__endpoint__value_ps,direct_max,idelay_data_cntvaluein,lane1,dq14,4,endpoint,36,24,973.0,1439.5,2155.0,903.0,1433.0,1896.0,-6.5,0.537037,fail_higher,0.537037,0.074074,overlap,0.0,1.088662
baseline_all,direct,direct_max__idelay_data_cntvaluein__lane0__dq3__ctrl_2__endpoint__value_ps,direct_max,idelay_data_cntvaluein,lane0,dq3,2,endpoint,36,24,1105.0,1611.5,2318.0,999.0,1607.0,2296.0,-4.5,0.462963,fail_lower,0.537037,-0.074074,overlap,0.0,1.088662
baseline_all,direct,direct_max__idelay_data_cntvaluein__lane0__dq1__ctrl_1__endpoint__value_ps,direct_max,idelay_data_cntvaluein,lane0,dq1,1,endpoint,36,24,1141.0,1642.5,2632.0,1133.0,1641.0,2187.0,-1.5,0.462963,fail_lower,0.537037,-0.074074,overlap,0.0,1.088662
baseline_all,skew,signed_dqs_minus_dq_bit__idelay_cntvaluein_skew__lane1__dq8__ctrl_3__dqs_vs_dq_bit__value_ps,signed_dqs_minus_dq_bit,idelay_cntvaluein_skew,lane1,dq8,3,dqs_vs_dq_bit,36,24,-901.0,-88.0,266.0,-844.0,-10.5,707.0,77.5,0.536458,fail_higher,0.536458,0.072917,overlap,0.0,1.071652
baseline_all,skew,signed_dqs_minus_dq_bit__idelay_cntvaluein_skew__lane0__dq6__ctrl_4__dqs_vs_dq_bit__value_ps,signed_dqs_minus_dq_bit,idelay_cntvaluein_skew,lane0,dq6,4,dqs_vs_dq_bit,36,24,-958.0,-96.0,880.0,-1020.0,-102.0,1125.0,-6.0,0.463542,fail_lower,0.536458,-0.072917,overlap,0.0,1.071652
baseline_all,skew,signed_ld_minus_cntvaluein_dqs__idelay_ld_cntvaluein_skew__lane0__dqs0__ctrl_0__ld_vs_cntvaluein_dqs__value_ps,signed_ld_minus_cntvaluein_dqs,idelay_ld_cntvaluein_skew,lane0,dqs0,0,ld_vs_cntvaluein_dqs,36,24,-720.0,4.0,977.0,-1009.0,253.5,1149.0,249.5,0.53588,fail_higher,0.53588,0.071759,overlap,0.0,1.054641
baseline_all,skew,signed_dqs_minus_dq_bit__idelay_cntvaluein_skew__lane1__dq14__ctrl_1__dqs_vs_dq_bit__value_ps,signed_dqs_minus_dq_bit,idelay_cntvaluein_skew,lane1,dq14,1,dqs_vs_dq_bit,36,24,-671.0,-93.0,878.0,-703.0,-156.0,487.0,-63.0,0.46412,fail_lower,0.53588,-0.071759,overlap,0.0,1.054641
baseline_all,direct,direct_max__idelay_ld__lane0__dq1__ctrl_none__endpoint__value_ps,direct_max,idelay_ld,lane0,dq1,,endpoint,36,24,1215.0,1702.0,2319.0,1434.0,1751.0,2592.0,49.0,0.53588,fail_higher,0.53588,0.071759,overlap,0.0,1.054641
baseline_all,skew,signed_ld_minus_cntvaluein_dq_median__idelay_ld_cntvaluein_skew__lane0__no_bit__ctrl_0__ld_vs_cntvaluein_dq_lane__value_ps,signed_ld_minus_cntvaluein_dq_median,idelay_ld_cntvaluein_skew,lane0,,0,ld_vs_cntvaluein_dq_lane,36,24,-562.5,29.5,682.0,-722.0,-79.0,1103.5,-108.5,0.464699,fail_lower,0.535301,-0.070602,overlap,0.0,1.037631
baseline_all,skew,abs_dqs_minus_dq_bit__idelay_cntvaluein_skew__lane1__dq13__ctrl_0__dqs_vs_dq_bit__value_ps,abs_dqs_minus_dq_bit,idelay_cntvaluein_skew,lane1,dq13,0,dqs_vs_dq_bit,36,24,0.0,224.5,779.0,25.0,192.0,750.0,-32.5,0.464699,fail_lower,0.535301,-0.070602,overlap,0.0,1.037631
baseline_all,skew,signed_dqs_minus_dq_bit__idelay_cntvaluein_skew__lane1__dq11__ctrl_4__dqs_vs_dq_bit__value_ps,signed_dqs_minus_dq_bit,idelay_cntvaluein_skew,lane1,dq11,4,dqs_vs_dq_bit,36,24,-897.0,14.5,803.0,-557.0,-127.0,884.0,-141.5,0.465278,fail_lower,0.534722,-0.069444,overlap,0.0,1.020621
baseline_all,skew,abs_dqs_minus_dq_bit__idelay_cntvaluein_skew__lane0__dq2__ctrl_3__dqs_vs_dq_bit__value_ps,abs_dqs_minus_dq_bit,idelay_cntvaluein_skew,lane0,dq2,3,dqs_vs_dq_bit,36,24,5.0,280.0,1090.0,28.0,361.5,1089.0,81.5,0.534722,fail_higher,0.534722,0.069444,overlap,0.0,1.020621
baseline_all,direct,direct_max__idelay_dqs_cntvaluein__lane0__dqs0__ctrl_3__endpoint__value_ps,direct_max,idelay_dqs_cntvaluein,lane0,dqs0,3,endpoint,36,24,804.0,1681.0,2420.0,922.0,1748.0,2888.0,67.0,0.534722,fail_higher,0.534722,0.069444,overlap,0.0,1.020621
baseline_all,direct,direct_max__idelay_dqs_cntvaluein__lane0__dqs0__ctrl_1__endpoint__value_ps,direct_max,idelay_dqs_cntvaluein,lane0,dqs0,1,endpoint,36,24,1027.0,1499.0,2384.0,1036.0,1536.5,2276.0,37.5,0.534722,fail_higher,0.534722,0.069444,overlap,0.0,1.020621
baseline_all,skew,abs_dqs_bus_skew_minus_dq_median__idelay_cntvaluein_skew__lane1__dqs1__ctrl_none__dqs_vs_dq_bus_skew__value_ps,abs_dqs_bus_skew_minus_dq_median,idelay_cntvaluein_skew,lane1,dqs1,,dqs_vs_dq_bus_skew,36,24,6.5,163.25,532.5,7.0,125.75,901.0,-37.5,0.465278,fail_lower,0.534722,-0.069444,overlap,0.0,1.020621
baseline_all,skew,abs_dqs_minus_dq_bit__idelay_cntvaluein_skew__lane1__dq15__ctrl_1__dqs_vs_dq_bit__value_ps,abs_dqs_minus_dq_bit,idelay_cntvaluein_skew,lane1,dq15,1,dqs_vs_dq_bit,36,24,18.0,236.0,998.0,33.0,211.0,847.0,-25.0,0.465278,fail_lower,0.534722,-0.069444,overlap,0.0,1.020621
baseline_all,direct,direct_max__idelay_ld__lane1__dq11__ctrl_none__endpoint__value_ps,direct_max,idelay_ld,lane1,dq11,,endpoint,36,24,1085.0,1501.0,1865.0,1161.0,1499.0,1945.0,-2.0,0.465278,fail_lower,0.534722,-0.069444,overlap,0.0,1.020621
baseline_all,direct,direct_max__dq_iologic__lane1__dq13__ctrl_none__endpoint__value_ps,direct_max,dq_iologic,lane1,dq13,,endpoint,36,24,2115.0,2444.0,3891.0,1924.0,2582.0,3276.0,138.0,0.534144,fail_higher,0.534144,0.068287,overlap,0.0,1.00361
baseline_all,skew,signed_dqs_minus_dq_bit__idelay_cntvaluein_skew__lane1__dq12__ctrl_3__dqs_vs_dq_bit__value_ps,signed_dqs_minus_dq_bit,idelay_cntvaluein_skew,lane1,dq12,3,dqs_vs_dq_bit,36,24,-920.0,-0.5,402.0,-750.0,-91.0,876.0,-90.5,0.465856,fail_lower,0.534144,-0.068287,overlap,0.0,1.00361
baseline_all,skew,signed_dqs_minus_dq_bit__idelay_cntvaluein_skew__lane0__dq7__ctrl_3__dqs_vs_dq_bit__value_ps,signed_dqs_minus_dq_bit,idelay_cntvaluein_skew,lane0,dq7,3,dqs_vs_dq_bit,36,24,-1098.0,-72.0,627.0,-1179.0,-44.5,1034.0,27.5,0.534144,fail_higher,0.534144,0.068287,overlap,0.0,1.00361
baseline_all,skew,signed_dqs_minus_dq_bit__idelay_cntvaluein_skew__lane0__dq0__ctrl_1__dqs_vs_dq_bit__value_ps,signed_dqs_minus_dq_bit,idelay_cntvaluein_skew,lane0,dq0,1,dqs_vs_dq_bit,36,24,-1034.0,-228.5,848.0,-744.0,-29.0,794.0,199.5,0.533565,fail_higher,0.533565,0.06713,overlap,0.0,0.9866
baseline_all,skew,signed_dqs_minus_dq_bit__idelay_cntvaluein_skew__lane1__dq10__ctrl_4__dqs_vs_dq_bit__value_ps,signed_dqs_minus_dq_bit,idelay_cntvaluein_skew,lane1,dq10,4,dqs_vs_dq_bit,36,24,-639.0,-27.0,646.0,-500.0,-118.0,635.0,-91.0,0.466435,fail_lower,0.533565,-0.06713,overlap,0.0,0.9866
baseline_all,skew,signed_ld_minus_cntvaluein_dq_median__idelay_ld_cntvaluein_skew__lane0__no_bit__ctrl_3__ld_vs_cntvaluein_dq_lane__value_ps,signed_ld_minus_cntvaluein_dq_median,idelay_ld_cntvaluein_skew,lane0,,3,ld_vs_cntvaluein_dq_lane,36,24,-1049.5,-20.25,781.5,-879.0,70.0,633.5,90.25,0.533565,fail_higher,0.533565,0.06713,overlap,0.0,0.9866
baseline_all,direct,direct_max__idelay_data_cntvaluein__lane1__dq8__ctrl_3__endpoint__value_ps,direct_max,idelay_data_cntvaluein,lane1,dq8,3,endpoint,36,24,870.0,1524.5,2032.0,1116.0,1452.0,2216.0,-72.5,0.466435,fail_lower,0.533565,-0.06713,overlap,0.0,0.9866
baseline_all,skew,signed_lane1_minus_lane0_dqs__idelay_cntvaluein_skew__all__no_bit__ctrl_1__lane1_vs_lane0_dqs__value_ps,signed_lane1_minus_lane0_dqs,idelay_cntvaluein_skew,all,,1,lane1_vs_lane0_dqs,36,24,-447.0,-266.0,85.0,-583.0,-261.5,-15.0,4.5,0.466435,fail_lower,0.533565,-0.06713,overlap,0.0,0.9866
baseline_all,skew,signed_dqs_minus_dq_bit__idelay_cntvaluein_skew__lane0__dq1__ctrl_1__dqs_vs_dq_bit__value_ps,signed_dqs_minus_dq_bit,idelay_cntvaluein_skew,lane0,dq1,1,dqs_vs_dq_bit,36,24,-1118.0,-183.0,852.0,-836.0,-46.0,794.0,137.0,0.532986,fail_higher,0.532986,0.065972,overlap,0.0,0.96959
baseline_all,skew,signed_dqs_minus_dq_bit__idelay_cntvaluein_skew__lane1__dq12__ctrl_1__dqs_vs_dq_bit__value_ps,signed_dqs_minus_dq_bit,idelay_cntvaluein_skew,lane1,dq12,1,dqs_vs_dq_bit,36,24,-836.0,-60.0,620.0,-742.0,-80.0,590.0,-20.0,0.467014,fail_lower,0.532986,-0.065972,overlap,0.0,0.96959
baseline_all,direct,cntvaluein_bus_skew__idelay_data_cntvaluein__lane0__dq7__ctrl_none__dq7__value_ps,cntvaluein_bus_skew,idelay_data_cntvaluein,lane0,dq7,,dq7,36,24,135.0,688.5,1221.0,265.0,653.5,1105.0,-35.0,0.467593,fail_lower,0.532407,-0.064815,overlap,0.0,0.952579
baseline_all,direct,cntvaluein_bus_skew__idelay_data_cntvaluein__lane0__dq4__ctrl_none__dq4__value_ps,cntvaluein_bus_skew,idelay_data_cntvaluein,lane0,dq4,,dq4,36,24,238.0,686.0,1184.0,242.0,662.5,1181.0,-23.5,0.467593,fail_lower,0.532407,-0.064815,overlap,0.0,0.952579
baseline_all,direct,direct_max__idelay_data_cntvaluein__lane0__dq2__ctrl_1__endpoint__value_ps,direct_max,idelay_data_cntvaluein,lane0,dq2,1,endpoint,36,24,1024.0,1723.5,2726.0,1228.0,1710.0,2279.0,-13.5,0.467593,fail_lower,0.532407,-0.064815,overlap,0.0,0.952579
baseline_all,direct,direct_max__idelay_dqs_cntvaluein__lane0__dqs0__ctrl_2__endpoint__value_ps,direct_max,idelay_dqs_cntvaluein,lane0,dqs0,2,endpoint,36,24,1054.0,1627.0,2276.0,975.0,1629.5,2421.0,2.5,0.532407,fail_higher,0.532407,0.064815,overlap,0.0,0.952579
baseline_all,direct,direct_max__idelay_data_cntvaluein__lane1__dq11__ctrl_3__endpoint__value_ps,direct_max,idelay_data_cntvaluein,lane1,dq11,3,endpoint,36,24,859.0,1409.5,1792.0,1036.0,1343.5,1945.0,-66.0,0.468171,fail_lower,0.531829,-0.063657,overlap,0.0,0.935569
baseline_all,skew,abs_dqs_minus_dq_bit__idelay_cntvaluein_skew__lane1__dq14__ctrl_0__dqs_vs_dq_bit__value_ps,abs_dqs_minus_dq_bit,idelay_cntvaluein_skew,lane1,dq14,0,dqs_vs_dq_bit,36,24,10.0,297.5,730.0,31.0,265.0,878.0,-32.5,0.468171,fail_lower,0.531829,-0.063657,overlap,0.0,0.935569
baseline_all,skew,abs_dqs_minus_dq_bit__idelay_cntvaluein_skew__lane0__dq6__ctrl_0__dqs_vs_dq_bit__value_ps,abs_dqs_minus_dq_bit,idelay_cntvaluein_skew,lane0,dq6,0,dqs_vs_dq_bit,36,24,19.0,250.0,856.0,9.0,265.0,859.0,15.0,0.531829,fail_higher,0.531829,0.063657,overlap,0.0,0.935569
baseline_all,skew,abs_ld_minus_cntvaluein_dqs__idelay_ld_cntvaluein_skew__lane0__dqs0__ctrl_2__ld_vs_cntvaluein_dqs__value_ps,abs_ld_minus_cntvaluein_dqs,idelay_ld_cntvaluein_skew,lane0,dqs0,2,ld_vs_cntvaluein_dqs,36,24,10.0,338.5,1079.0,2.0,340.5,973.0,2.0,0.531829,fail_higher,0.531829,0.063657,overlap,0.0,0.935569
baseline_all,skew,signed_dqs_minus_dq_bit__idelay_cntvaluein_skew__lane0__dq4__ctrl_1__dqs_vs_dq_bit__value_ps,signed_dqs_minus_dq_bit,idelay_cntvaluein_skew,lane0,dq4,1,dqs_vs_dq_bit,36,24,-1209.0,-269.5,725.0,-927.0,-77.0,710.0,192.5,0.53125,fail_higher,0.53125,0.0625,overlap,0.0,0.918559
baseline_all,direct,direct_max__idelay_data_cntvaluein__lane0__dq7__ctrl_3__endpoint__value_ps,direct_max,idelay_data_cntvaluein,lane0,dq7,3,endpoint,36,24,1248.0,1850.5,2395.0,1031.0,1716.5,2627.0,-134.0,0.46875,fail_lower,0.53125,-0.0625,overlap,0.0,0.918559
baseline_all,skew,abs_dqs_minus_dq_bit__idelay_cntvaluein_skew__lane0__dq6__ctrl_1__dqs_vs_dq_bit__value_ps,abs_dqs_minus_dq_bit,idelay_cntvaluein_skew,lane0,dq6,1,dqs_vs_dq_bit,36,24,3.0,438.5,1305.0,28.0,348.5,1021.0,-90.0,0.46875,fail_lower,0.53125,-0.0625,overlap,0.0,0.918559
baseline_all,skew,signed_dqs_minus_dq_bit__idelay_cntvaluein_skew__lane1__dq15__ctrl_3__dqs_vs_dq_bit__value_ps,signed_dqs_minus_dq_bit,idelay_cntvaluein_skew,lane1,dq15,3,dqs_vs_dq_bit,36,24,-619.0,168.5,772.0,-679.0,249.0,1174.0,80.5,0.53125,fail_higher,0.53125,0.0625,overlap,0.0,0.918559
baseline_all,skew,abs_lane1_minus_lane0_dq_median__idelay_cntvaluein_skew__all__no_bit__ctrl_4__lane1_vs_lane0_dq__value_ps,abs_lane1_minus_lane0_dq_median,idelay_cntvaluein_skew,all,,4,lane1_vs_lane0_dq,36,24,22.0,266.75,719.5,13.0,296.5,621.5,29.75,0.53125,fail_higher,0.53125,0.0625,overlap,0.0,0.918559
baseline_all,skew,abs_dqs_minus_dq_bit__idelay_cntvaluein_skew__lane1__dq8__ctrl_1__dqs_vs_dq_bit__value_ps,abs_dqs_minus_dq_bit,idelay_cntvaluein_skew,lane1,dq8,1,dqs_vs_dq_bit,36,24,23.0,210.5,959.0,0.0,317.0,778.0,106.5,0.530671,fail_higher,0.530671,0.061343,overlap,0.0,0.901548
baseline_all,skew,signed_dqs_minus_dq_bit__idelay_cntvaluein_skew__lane0__dq3__ctrl_2__dqs_vs_dq_bit__value_ps,signed_dqs_minus_dq_bit,idelay_cntvaluein_skew,lane0,dq3,2,dqs_vs_dq_bit,36,24,-803.0,-56.5,786.0,-815.0,28.0,1131.0,84.5,0.530671,fail_higher,0.530671,0.061343,overlap,0.0,0.901548
baseline_all,skew,abs_dqs_minus_dq_bit__idelay_cntvaluein_skew__lane1__dq12__ctrl_4__dqs_vs_dq_bit__value_ps,abs_dqs_minus_dq_bit,idelay_cntvaluein_skew,lane1,dq12,4,dqs_vs_dq_bit,36,24,18.0,238.0,778.0,2.0,195.0,582.0,-43.0,0.469907,fail_lower,0.530093,-0.060185,overlap,0.0,0.884538
baseline_all,skew,abs_dqs_minus_dq_bit__idelay_cntvaluein_skew__lane0__dq0__ctrl_2__dqs_vs_dq_bit__value_ps,abs_dqs_minus_dq_bit,idelay_cntvaluein_skew,lane0,dq0,2,dqs_vs_dq_bit,36,24,2.0,378.5,998.0,67.0,362.0,993.0,-16.5,0.529514,fail_higher,0.529514,0.059028,overlap,0.0,0.867528
baseline_all,direct,direct_max__idelay_data_cntvaluein__lane1__dq14__ctrl_3__endpoint__value_ps,direct_max,idelay_data_cntvaluein,lane1,dq14,3,endpoint,36,24,879.0,1478.0,1940.0,1070.0,1567.0,2125.0,89.0,0.528935,fail_higher,0.528935,0.05787,overlap,0.0,0.850517
baseline_all,skew,signed_dqs_minus_dq_median__idelay_cntvaluein_skew__lane1__dqs1__ctrl_4__dqs_vs_dq_lane__value_ps,signed_dqs_minus_dq_median,idelay_cntvaluein_skew,lane1,dqs1,4,dqs_vs_dq_lane,36,24,-684.5,-46.5,727.0,-635.5,-80.25,607.5,-33.75,0.471065,fail_lower,0.528935,-0.05787,overlap,0.0,0.850517
baseline_all,direct,direct_max__idelay_ld__lane1__dq10__ctrl_none__endpoint__value_ps,direct_max,idelay_ld,lane1,dq10,,endpoint,36,24,1169.0,1593.0,1960.0,1118.0,1567.5,2039.0,-25.5,0.471065,fail_lower,0.528935,-0.05787,overlap,0.0,0.850517
baseline_all,skew,signed_lane1_minus_lane0_dq_median__idelay_cntvaluein_skew__all__no_bit__ctrl_0__lane1_vs_lane0_dq__value_ps,signed_lane1_minus_lane0_dq_median,idelay_cntvaluein_skew,all,,0,lane1_vs_lane0_dq,36,24,-697.5,-278.25,-27.0,-624.0,-297.0,15.5,-18.75,0.471065,fail_lower,0.528935,-0.05787,overlap,0.0,0.850517
baseline_all,skew,abs_lane1_minus_lane0_dq_median__idelay_cntvaluein_skew__all__no_bit__ctrl_0__lane1_vs_lane0_dq__value_ps,abs_lane1_minus_lane0_dq_median,idelay_cntvaluein_skew,all,,0,lane1_vs_lane0_dq,36,24,27.0,278.25,697.5,15.5,297.0,624.0,18.75,0.528935,fail_higher,0.528935,0.05787,overlap,0.0,0.850517
baseline_all,skew,dq_lane_range__iologic_skew__lane1__no_bit__ctrl_none__dq_lane__value_ps,dq_lane_range,iologic_skew,lane1,,,dq_lane,36,24,284.0,565.5,1152.0,296.0,547.0,1537.0,-18.5,0.528935,fail_higher,0.528935,0.05787,overlap,0.0,0.850517
baseline_all,skew,abs_dqs_minus_dq_bit__idelay_cntvaluein_skew__lane1__dq11__ctrl_1__dqs_vs_dq_bit__value_ps,abs_dqs_minus_dq_bit,idelay_cntvaluein_skew,lane1,dq11,1,dqs_vs_dq_bit,36,24,16.0,191.5,832.0,5.0,205.0,630.0,13.5,0.471065,fail_lower,0.528935,-0.05787,overlap,0.0,0.850517
baseline_all,direct,direct_max__idelay_ld__lane1__dq13__ctrl_none__endpoint__value_ps,direct_max,idelay_ld,lane1,dq13,,endpoint,36,24,1159.0,1452.5,1932.0,1215.0,1472.5,2029.0,20.0,0.528356,fail_higher,0.528356,0.056713,overlap,0.0,0.833507
baseline_all,skew,signed_dqs_minus_dq_bit__idelay_cntvaluein_skew__lane0__dq1__ctrl_3__dqs_vs_dq_bit__value_ps,signed_dqs_minus_dq_bit,idelay_cntvaluein_skew,lane0,dq1,3,dqs_vs_dq_bit,36,24,-1003.0,49.5,895.0,-996.0,-42.0,813.0,-91.5,0.472222,fail_lower,0.527778,-0.055556,overlap,0.0,0.816497
baseline_all,direct,direct_max__dq_iologic__lane0__dq2__ctrl_none__endpoint__value_ps,direct_max,dq_iologic,lane0,dq2,,endpoint,36,24,1629.0,1989.0,4083.0,1740.0,2063.5,3530.0,74.5,0.527778,fail_higher,0.527778,0.055556,overlap,0.0,0.816497
baseline_all,skew,abs_dqs_minus_dq_bit__idelay_cntvaluein_skew__lane0__dq0__ctrl_0__dqs_vs_dq_bit__value_ps,abs_dqs_minus_dq_bit,idelay_cntvaluein_skew,lane0,dq0,0,dqs_vs_dq_bit,36,24,0.0,251.5,1044.0,16.0,283.5,963.0,32.0,0.527778,fail_higher,0.527778,0.055556,overlap,0.0,0.816497
baseline_all,skew,abs_dqs_minus_dq_bit__idelay_cntvaluein_skew__lane1__dq10__ctrl_4__dqs_vs_dq_bit__value_ps,abs_dqs_minus_dq_bit,idelay_cntvaluein_skew,lane1,dq10,4,dqs_vs_dq_bit,36,24,7.0,250.5,646.0,28.0,248.0,635.0,-2.5,0.527778,fail_higher,0.527778,0.055556,overlap,0.0,0.816497
baseline_all,direct,direct_max__idelay_data_cntvaluein__lane0__dq7__ctrl_1__endpoint__value_ps,direct_max,idelay_data_cntvaluein,lane0,dq7,1,endpoint,36,24,1113.0,1804.5,2816.0,1312.0,1770.0,2371.0,-34.5,0.472801,fail_lower,0.527199,-0.054398,overlap,0.0,0.799486
baseline_all,skew,abs_dqs_minus_dq_bit__idelay_cntvaluein_skew__lane0__dq7__ctrl_1__dqs_vs_dq_bit__value_ps,abs_dqs_minus_dq_bit,idelay_cntvaluein_skew,lane0,dq7,1,dqs_vs_dq_bit,36,24,15.0,364.5,1302.0,0.0,360.0,1020.0,-4.5,0.472801,fail_lower,0.527199,-0.054398,overlap,0.0,0.799486
baseline_all,skew,signed_lane1_minus_lane0_dqs__idelay_cntvaluein_skew__all__no_bit__ctrl_3__lane1_vs_lane0_dqs__value_ps,signed_lane1_minus_lane0_dqs,idelay_cntvaluein_skew,all,,3,lane1_vs_lane0_dqs,36,24,-617.0,-279.5,110.0,-508.0,-281.0,38.0,-1.5,0.472801,fail_lower,0.527199,-0.054398,overlap,0.0,0.799486
baseline_all,skew,abs_dqs_minus_dq_bit__idelay_cntvaluein_skew__lane1__dq11__ctrl_2__dqs_vs_dq_bit__value_ps,abs_dqs_minus_dq_bit,idelay_cntvaluein_skew,lane1,dq11,2,dqs_vs_dq_bit,36,24,12.0,195.0,920.0,41.0,274.5,717.0,79.5,0.52662,fail_higher,0.52662,0.053241,overlap,0.0,0.782476
baseline_all,skew,abs_dqs_minus_dq_median__idelay_cntvaluein_skew__lane0__dqs0__ctrl_3__dqs_vs_dq_lane__value_ps,abs_dqs_minus_dq_median,idelay_cntvaluein_skew,lane0,dqs0,3,dqs_vs_dq_lane,36,24,33.5,299.25,1003.0,18.0,365.25,991.5,66.0,0.52662,fail_higher,0.52662,0.053241,overlap,0.0,0.782476
baseline_all,direct,direct_max__idelay_data_cntvaluein__lane1__dq8__ctrl_0__endpoint__value_ps,direct_max,idelay_data_cntvaluein,lane1,dq8,0,endpoint,36,24,1110.0,1468.5,1904.0,813.0,1526.5,2039.0,58.0,0.52662,fail_higher,0.52662,0.053241,overlap,0.0,0.782476
baseline_all,direct,direct_max__idelay_data_cntvaluein__lane0__dq0__ctrl_1__endpoint__value_ps,direct_max,idelay_data_cntvaluein,lane0,dq0,1,endpoint,36,24,1001.0,1660.0,2548.0,1138.0,1606.5,2095.0,-53.5,0.47338,fail_lower,0.52662,-0.053241,overlap,0.0,0.782476
baseline_all,direct,direct_max__idelay_data_cntvaluein__lane1__dq15__ctrl_2__endpoint__value_ps,direct_max,idelay_data_cntvaluein,lane1,dq15,2,endpoint,36,24,802.0,1205.0,1654.0,671.0,1278.0,2173.0,73.0,0.526042,fail_higher,0.526042,0.052083,overlap,0.0,0.765466
baseline_all,direct,direct_max__idelay_data_cntvaluein__lane0__dq1__ctrl_3__endpoint__value_ps,direct_max,idelay_data_cntvaluein,lane0,dq1,3,endpoint,36,24,1164.0,1756.0,2358.0,1090.0,1739.0,2522.0,-17.0,0.526042,fail_higher,0.526042,0.052083,overlap,0.0,0.765466
baseline_all,skew,abs_lane1_minus_lane0_dqs__idelay_cntvaluein_skew__all__no_bit__ctrl_3__lane1_vs_lane0_dqs__value_ps,abs_lane1_minus_lane0_dqs,idelay_cntvaluein_skew,all,,3,lane1_vs_lane0_dqs,36,24,37.0,279.5,617.0,38.0,281.0,508.0,1.5,0.526042,fail_higher,0.526042,0.052083,overlap,0.0,0.765466
baseline_all,skew,abs_dqs_minus_dq_bit__idelay_cntvaluein_skew__lane0__dq2__ctrl_1__dqs_vs_dq_bit__value_ps,abs_dqs_minus_dq_bit,idelay_cntvaluein_skew,lane0,dq2,1,dqs_vs_dq_bit,36,24,20.0,454.5,1212.0,49.0,321.5,928.0,-133.0,0.474537,fail_lower,0.525463,-0.050926,overlap,0.0,0.748455
baseline_all,direct,direct_max__idelay_data_cntvaluein__lane0__dq1__ctrl_0__endpoint__value_ps,direct_max,idelay_data_cntvaluein,lane0,dq1,0,endpoint,36,24,1069.0,1675.5,2246.0,1185.0,1735.5,2453.0,60.0,0.525463,fail_higher,0.525463,0.050926,overlap,0.0,0.748455
baseline_all,skew,abs_dqs_minus_dq_bit__idelay_cntvaluein_skew__lane1__dq11__ctrl_0__dqs_vs_dq_bit__value_ps,abs_dqs_minus_dq_bit,idelay_cntvaluein_skew,lane1,dq11,0,dqs_vs_dq_bit,36,24,8.0,243.0,692.0,2.0,170.5,837.0,-72.5,0.475116,fail_lower,0.524884,-0.049769,overlap,0.0,0.731445
baseline_all,skew,signed_dqs_minus_dq_median__iologic_skew__lane0__dqs0__ctrl_none__dqs_vs_dq_lane__value_ps,signed_dqs_minus_dq_median,iologic_skew,lane0,dqs0,,dqs_vs_dq_lane,36,24,-386.5,1024.5,1878.0,117.5,1080.25,1547.0,55.75,0.524884,fail_higher,0.524884,0.049769,overlap,0.0,0.731445
baseline_all,skew,abs_dqs_minus_dq_bit__idelay_cntvaluein_skew__lane1__dq11__ctrl_4__dqs_vs_dq_bit__value_ps,abs_dqs_minus_dq_bit,idelay_cntvaluein_skew,lane1,dq11,4,dqs_vs_dq_bit,36,24,10.0,262.5,897.0,18.0,236.0,884.0,-26.5,0.475116,fail_lower,0.524884,-0.049769,overlap,0.0,0.731445
baseline_all,direct,direct_max__idelay_ld__lane0__dq7__ctrl_none__endpoint__value_ps,direct_max,idelay_ld,lane0,dq7,,endpoint,36,24,1208.0,1742.0,2410.0,1435.0,1723.0,2500.0,-19.0,0.475116,fail_lower,0.524884,-0.049769,overlap,0.0,0.731445
baseline_all,skew,signed_ld_minus_cntvaluein_dq_median__idelay_ld_cntvaluein_skew__lane1__no_bit__ctrl_1__ld_vs_cntvaluein_dq_lane__value_ps,signed_ld_minus_cntvaluein_dq_median,idelay_ld_cntvaluein_skew,lane1,,1,ld_vs_cntvaluein_dq_lane,36,24,-412.0,151.0,547.5,-342.5,145.0,569.0,-6.0,0.524884,fail_higher,0.524884,0.049769,overlap,0.0,0.731445
baseline_all,skew,signed_idelayctrl_minus_reset_release__startup_relative_skew__all__no_bit__ctrl_none__idelayctrl_vs_reset__value_ps,signed_idelayctrl_minus_reset_release,startup_relative_skew,all,,,idelayctrl_vs_reset,36,24,248.0,2041.0,2954.0,954.0,1901.0,3010.0,-140.0,0.475694,fail_lower,0.524306,-0.048611,overlap,0.0,0.714435
baseline_all,skew,abs_idelayctrl_minus_reset_release__startup_relative_skew__all__no_bit__ctrl_none__idelayctrl_vs_reset__value_ps,abs_idelayctrl_minus_reset_release,startup_relative_skew,all,,,idelayctrl_vs_reset,36,24,248.0,2041.0,2954.0,954.0,1901.0,3010.0,-140.0,0.475694,fail_lower,0.524306,-0.048611,overlap,0.0,0.714435
baseline_all,skew,abs_ld_minus_cntvaluein_dqs__idelay_ld_cntvaluein_skew__lane0__dqs0__ctrl_1__ld_vs_cntvaluein_dqs__value_ps,abs_ld_minus_cntvaluein_dqs,idelay_ld_cntvaluein_skew,lane0,dqs0,1,ld_vs_cntvaluein_dqs,36,24,9.0,298.0,974.0,13.0,348.5,728.0,50.5,0.524306,fail_higher,0.524306,0.048611,overlap,0.0,0.714435
baseline_all,direct,direct_max__idelay_data_cntvaluein__lane0__dq4__ctrl_1__endpoint__value_ps,direct_max,idelay_data_cntvaluein,lane0,dq4,1,endpoint,36,24,1105.0,1706.0,2723.0,1218.0,1731.5,2278.0,25.5,0.475694,fail_lower,0.524306,-0.048611,overlap,0.0,0.714435
baseline_all,skew,abs_dqs_minus_dq_bit__idelay_cntvaluein_skew__lane0__dq6__ctrl_4__dqs_vs_dq_bit__value_ps,abs_dqs_minus_dq_bit,idelay_cntvaluein_skew,lane0,dq6,4,dqs_vs_dq_bit,36,24,11.0,307.0,958.0,2.0,313.0,1125.0,6.0,0.475694,fail_lower,0.524306,-0.048611,overlap,0.0,0.714435
baseline_all,skew,abs_lane1_minus_lane0_dqs__idelay_cntvaluein_skew__all__no_bit__ctrl_1__lane1_vs_lane0_dqs__value_ps,abs_lane1_minus_lane0_dqs,idelay_cntvaluein_skew,all,,1,lane1_vs_lane0_dqs,36,24,0.0,266.0,447.0,15.0,261.5,583.0,-4.5,0.524306,fail_higher,0.524306,0.048611,overlap,0.0,0.714435
baseline_all,skew,abs_dqs_minus_dq_bit__idelay_cntvaluein_skew__lane0__dq4__ctrl_0__dqs_vs_dq_bit__value_ps,abs_dqs_minus_dq_bit,idelay_cntvaluein_skew,lane0,dq4,0,dqs_vs_dq_bit,36,24,7.0,280.0,1009.0,76.0,253.0,937.0,-27.0,0.523727,fail_higher,0.523727,0.047454,overlap,0.0,0.697424
baseline_all,skew,signed_dqs_minus_dq_bit__idelay_cntvaluein_skew__lane1__dq9__ctrl_4__dqs_vs_dq_bit__value_ps,signed_dqs_minus_dq_bit,idelay_cntvaluein_skew,lane1,dq9,4,dqs_vs_dq_bit,36,24,-511.0,50.0,821.0,-774.0,77.0,738.0,27.0,0.476273,fail_lower,0.523727,-0.047454,overlap,0.0,0.697424
baseline_all,skew,abs_dqs_minus_dq_bit__idelay_cntvaluein_skew__lane0__dq4__ctrl_2__dqs_vs_dq_bit__value_ps,abs_dqs_minus_dq_bit,idelay_cntvaluein_skew,lane0,dq4,2,dqs_vs_dq_bit,36,24,81.0,348.5,1118.0,6.0,322.0,993.0,-26.5,0.476273,fail_lower,0.523727,-0.047454,overlap,0.0,0.697424
baseline_all,direct,direct_max__idelay_dqs_cntvaluein__lane1__dqs1__ctrl_0__endpoint__value_ps,direct_max,idelay_dqs_cntvaluein,lane1,dqs1,0,endpoint,36,24,883.0,1322.0,2065.0,661.0,1263.0,2325.0,-59.0,0.476852,fail_lower,0.523148,-0.046296,overlap,0.0,0.680414
baseline_all,skew,signed_dqs_minus_dq_bit__idelay_cntvaluein_skew__lane1__dq10__ctrl_1__dqs_vs_dq_bit__value_ps,signed_dqs_minus_dq_bit,idelay_cntvaluein_skew,lane1,dq10,1,dqs_vs_dq_bit,36,24,-841.0,-102.5,702.0,-692.0,-53.5,591.0,49.0,0.523148,fail_higher,0.523148,0.046296,overlap,0.0,0.680414
baseline_all,skew,signed_lane1_minus_lane0_dq_median__idelay_cntvaluein_skew__all__no_bit__ctrl_4__lane1_vs_lane0_dq__value_ps,signed_lane1_minus_lane0_dq_median,idelay_cntvaluein_skew,all,,4,lane1_vs_lane0_dq,36,24,-719.5,-266.75,-22.0,-621.5,-296.5,97.0,-29.75,0.476852,fail_lower,0.523148,-0.046296,overlap,0.0,0.680414
baseline_all,direct,direct_max__idelay_data_cntvaluein__lane1__dq13__ctrl_1__endpoint__value_ps,direct_max,idelay_data_cntvaluein,lane1,dq13,1,endpoint,36,24,929.0,1384.0,1894.0,941.0,1407.5,1827.0,23.5,0.476852,fail_lower,0.523148,-0.046296,overlap,0.0,0.680414
baseline_all,skew,abs_dqs_minus_dq_median__idelay_cntvaluein_skew__lane1__dqs1__ctrl_4__dqs_vs_dq_lane__value_ps,abs_dqs_minus_dq_median,idelay_cntvaluein_skew,lane1,dqs1,4,dqs_vs_dq_lane,36,24,4.0,237.75,727.0,2.5,234.0,635.5,-3.75,0.476852,fail_lower,0.523148,-0.046296,overlap,0.0,0.680414
baseline_all,skew,signed_dqs_minus_dq_bit__idelay_cntvaluein_skew__lane1__dq8__ctrl_4__dqs_vs_dq_bit__value_ps,signed_dqs_minus_dq_bit,idelay_cntvaluein_skew,lane1,dq8,4,dqs_vs_dq_bit,36,24,-873.0,-85.5,727.0,-638.0,-84.0,549.0,1.5,0.477431,fail_lower,0.522569,-0.045139,overlap,0.0,0.663403
baseline_all,skew,signed_dqs_minus_dq_bit__idelay_cntvaluein_skew__lane0__dq5__ctrl_3__dqs_vs_dq_bit__value_ps,signed_dqs_minus_dq_bit,idelay_cntvaluein_skew,lane0,dq5,3,dqs_vs_dq_bit,36,24,-1003.0,131.5,1069.0,-691.0,60.0,1102.0,-71.5,0.521991,fail_higher,0.521991,0.043981,overlap,0.0,0.646393
baseline_all,direct,direct_max__idelay_ld__lane0__dqs0__ctrl_none__endpoint__value_ps,direct_max,idelay_ld,lane0,dqs0,,endpoint,36,24,1161.0,1550.5,2302.0,1296.0,1614.5,2456.0,64.0,0.521991,fail_higher,0.521991,0.043981,overlap,0.0,0.646393
baseline_all,skew,signed_dqs_minus_dq_bit__idelay_cntvaluein_skew__lane1__dq9__ctrl_2__dqs_vs_dq_bit__value_ps,signed_dqs_minus_dq_bit,idelay_cntvaluein_skew,lane1,dq9,2,dqs_vs_dq_bit,36,24,-691.0,113.5,873.0,-684.0,104.0,600.0,-9.5,0.478009,fail_lower,0.521991,-0.043981,overlap,0.0,0.646393
baseline_all,direct,direct_max__idelay_data_cntvaluein__lane1__dq11__ctrl_1__endpoint__value_ps,direct_max,idelay_data_cntvaluein,lane1,dq11,1,endpoint,36,24,1009.0,1343.5,1832.0,953.0,1339.0,1746.0,-4.5,0.479167,fail_lower,0.520833,-0.041667,overlap,0.0,0.612372
baseline_all,skew,signed_ld_minus_cntvaluein_dqs__idelay_ld_cntvaluein_skew__lane1__dqs1__ctrl_3__ld_vs_cntvaluein_dqs__value_ps,signed_ld_minus_cntvaluein_dqs,idelay_ld_cntvaluein_skew,lane1,dqs1,3,ld_vs_cntvaluein_dqs,36,24,-561.0,14.0,1344.0,-650.0,131.5,846.0,117.5,0.520255,fail_higher,0.520255,0.040509,overlap,0.0,0.595362
baseline_all,skew,abs_dqs_minus_dq_bit__idelay_cntvaluein_skew__lane0__dq4__ctrl_1__dqs_vs_dq_bit__value_ps,abs_dqs_minus_dq_bit,idelay_cntvaluein_skew,lane0,dq4,1,dqs_vs_dq_bit,36,24,36.0,467.5,1209.0,26.0,372.5,927.0,-95.0,0.479745,fail_lower,0.520255,-0.040509,overlap,0.0,0.595362
baseline_all,skew,abs_dqs_minus_dq_median__iologic_skew__lane0__dqs0__ctrl_none__dqs_vs_dq_lane__value_ps,abs_dqs_minus_dq_median,iologic_skew,lane0,dqs0,,dqs_vs_dq_lane,36,24,77.0,1024.5,1878.0,117.5,1080.25,1547.0,55.75,0.520255,fail_higher,0.520255,0.040509,overlap,0.0,0.595362
baseline_all,skew,abs_dqs_minus_dq_bit__idelay_cntvaluein_skew__lane0__dq2__ctrl_2__dqs_vs_dq_bit__value_ps,abs_dqs_minus_dq_bit,idelay_cntvaluein_skew,lane0,dq2,2,dqs_vs_dq_bit,36,24,18.0,403.5,970.0,69.0,355.0,1014.0,-48.5,0.520255,fail_higher,0.520255,0.040509,overlap,0.0,0.595362
baseline_all,skew,signed_dqs_minus_dq_bit__idelay_cntvaluein_skew__lane1__dq15__ctrl_4__dqs_vs_dq_bit__value_ps,signed_dqs_minus_dq_bit,idelay_cntvaluein_skew,lane1,dq15,4,dqs_vs_dq_bit,36,24,-516.0,68.5,731.0,-694.0,43.5,785.0,-25.0,0.480324,fail_lower,0.519676,-0.039352,overlap,0.0,0.578352
baseline_all,skew,abs_dqs_minus_dq_bit__idelay_cntvaluein_skew__lane0__dq2__ctrl_4__dqs_vs_dq_bit__value_ps,abs_dqs_minus_dq_bit,idelay_cntvaluein_skew,lane0,dq2,4,dqs_vs_dq_bit,36,24,1.0,309.0,863.0,8.0,299.0,1219.0,-10.0,0.519676,fail_higher,0.519676,0.039352,overlap,0.0,0.578352
baseline_all,skew,abs_dqs_minus_dq_median__idelay_cntvaluein_skew__lane0__dqs0__ctrl_1__dqs_vs_dq_lane__value_ps,abs_dqs_minus_dq_median,idelay_cntvaluein_skew,lane0,dqs0,1,dqs_vs_dq_lane,36,24,20.0,378.75,1163.5,6.0,369.75,881.5,-9.0,0.480324,fail_lower,0.519676,-0.039352,overlap,0.0,0.578352
baseline_all,direct,lane_spread__idelay_ld__lane0__no_bit__ctrl_none__lane__value_ps,lane_spread,idelay_ld,lane0,,,lane,36,24,220.0,354.0,705.0,232.0,360.5,543.0,6.5,0.519676,fail_higher,0.519676,0.039352,overlap,0.0,0.578352
baseline_all,direct,direct_max__idelay_ld__lane1__dq15__ctrl_none__endpoint__value_ps,direct_max,idelay_ld,lane1,dq15,,endpoint,36,24,949.0,1396.5,1889.0,1006.0,1336.0,1856.0,-60.5,0.480903,fail_lower,0.519097,-0.038194,overlap,0.0,0.561341
baseline_all,skew,signed_dqs_minus_dq_bit__idelay_cntvaluein_skew__lane0__dq0__ctrl_3__dqs_vs_dq_bit__value_ps,signed_dqs_minus_dq_bit,idelay_cntvaluein_skew,lane0,dq0,3,dqs_vs_dq_bit,36,24,-913.0,71.0,979.0,-987.0,-8.0,869.0,-79.0,0.481481,fail_lower,0.518519,-0.037037,overlap,0.0,0.544331
baseline_all,direct,direct_max__dq_iologic__lane0__dq0__ctrl_none__endpoint__value_ps,direct_max,dq_iologic,lane0,dq0,,endpoint,36,24,1695.0,2186.5,3693.0,1710.0,2118.5,3352.0,-68.0,0.481481,fail_lower,0.518519,-0.037037,overlap,0.0,0.544331
baseline_all,skew,abs_dqs_minus_dq_bit__idelay_cntvaluein_skew__lane1__dq14__ctrl_1__dqs_vs_dq_bit__value_ps,abs_dqs_minus_dq_bit,idelay_cntvaluein_skew,lane1,dq14,1,dqs_vs_dq_bit,36,24,6.0,269.5,878.0,2.0,325.0,703.0,55.5,0.518519,fail_higher,0.518519,0.037037,overlap,0.0,0.544331
baseline_all,skew,ld_dq_lane_range__idelay_ld_skew__lane0__no_bit__ctrl_none__dq_lane__value_ps,ld_dq_lane_range,idelay_ld_skew,lane0,,,dq_lane,36,24,191.0,346.0,705.0,189.0,347.5,543.0,1.5,0.518519,fail_higher,0.518519,0.037037,overlap,0.0,0.544331
baseline_all,direct,direct_max__idelay_ld__lane0__dq6__ctrl_none__endpoint__value_ps,direct_max,idelay_ld,lane0,dq6,,endpoint,36,24,1294.0,1674.5,2209.0,1350.0,1609.0,2512.0,-65.5,0.48206,fail_lower,0.51794,-0.03588,overlap,0.0,0.527321
baseline_all,direct,direct_max__idelay_dqs_cntvaluein__lane1__dqs1__ctrl_4__endpoint__value_ps,direct_max,idelay_dqs_cntvaluein,lane1,dqs1,4,endpoint,36,24,611.0,1275.0,1968.0,791.0,1331.0,2335.0,56.0,0.51794,fail_higher,0.51794,0.03588,overlap,0.0,0.527321
baseline_all,direct,direct_max__idelay_data_cntvaluein__lane1__dq13__ctrl_3__endpoint__value_ps,direct_max,idelay_data_cntvaluein,lane1,dq13,3,endpoint,36,24,944.0,1438.0,1828.0,1070.0,1317.0,2029.0,-121.0,0.482639,fail_lower,0.517361,-0.034722,overlap,0.0,0.51031
baseline_all,skew,abs_dqs_minus_dq_median__idelay_cntvaluein_skew__lane1__dqs1__ctrl_0__dqs_vs_dq_lane__value_ps,abs_dqs_minus_dq_median,idelay_cntvaluein_skew,lane1,dqs1,0,dqs_vs_dq_lane,36,24,4.0,276.0,728.5,32.5,184.75,894.5,-91.25,0.482639,fail_lower,0.517361,-0.034722,overlap,0.0,0.51031
baseline_all,direct,direct_max__reset_release__all__no_bit__ctrl_none__endpoint__value_ps,direct_max,reset_release,all,,,endpoint,36,24,495.0,699.0,1544.0,495.0,720.0,1125.0,21.0,0.483796,fail_lower,0.516204,-0.032407,overlap,0.0,0.47629
baseline_all,direct,lane_spread__reset_release__all__no_bit__ctrl_none__lane__value_ps,lane_spread,reset_release,all,,,lane,36,24,495.0,699.0,1544.0,495.0,720.0,1125.0,21.0,0.483796,fail_lower,0.516204,-0.032407,overlap,0.0,0.47629
baseline_all,skew,signed_dqs_minus_dq_bit__idelay_cntvaluein_skew__lane1__dq13__ctrl_1__dqs_vs_dq_bit__value_ps,signed_dqs_minus_dq_bit,idelay_cntvaluein_skew,lane1,dq13,1,dqs_vs_dq_bit,36,24,-844.0,-63.5,962.0,-533.0,-56.0,717.0,7.5,0.516204,fail_higher,0.516204,0.032407,overlap,0.0,0.47629
baseline_all,skew,abs_dqs_minus_dq_median__idelay_cntvaluein_skew__lane1__dqs1__ctrl_1__dqs_vs_dq_lane__value_ps,abs_dqs_minus_dq_median,idelay_cntvaluein_skew,lane1,dqs1,1,dqs_vs_dq_lane,36,24,14.5,177.75,892.0,3.0,173.25,609.5,-4.5,0.483796,fail_lower,0.516204,-0.032407,overlap,0.0,0.47629
baseline_all,skew,abs_dqs_minus_dq_median__idelay_cntvaluein_skew__lane1__dqs1__ctrl_2__dqs_vs_dq_lane__value_ps,abs_dqs_minus_dq_median,idelay_cntvaluein_skew,lane1,dqs1,2,dqs_vs_dq_lane,36,24,15.5,194.25,1065.0,55.5,259.5,650.5,65.25,0.515625,fail_higher,0.515625,0.03125,overlap,0.0,0.459279
baseline_all,direct,direct_max__idelay_dqs_cntvaluein__lane1__dqs1__ctrl_1__endpoint__value_ps,direct_max,idelay_dqs_cntvaluein,lane1,dqs1,1,endpoint,36,24,671.0,1317.0,2098.0,774.0,1266.0,1848.0,-51.0,0.484375,fail_lower,0.515625,-0.03125,overlap,0.0,0.459279
baseline_all,skew,abs_dqs_minus_dq_bit__idelay_cntvaluein_skew__lane0__dq5__ctrl_0__dqs_vs_dq_bit__value_ps,abs_dqs_minus_dq_bit,idelay_cntvaluein_skew,lane0,dq5,0,dqs_vs_dq_bit,36,24,13.0,262.0,1059.0,1.0,251.0,1021.0,-11.0,0.484375,fail_lower,0.515625,-0.03125,overlap,0.0,0.459279
baseline_all,skew,abs_dqs_minus_dq_bit__idelay_cntvaluein_skew__lane0__dq7__ctrl_4__dqs_vs_dq_bit__value_ps,abs_dqs_minus_dq_bit,idelay_cntvaluein_skew,lane0,dq7,4,dqs_vs_dq_bit,36,24,3.0,334.5,951.0,5.0,371.5,1132.0,37.0,0.515046,fail_higher,0.515046,0.030093,overlap,0.0,0.442269
baseline_all,skew,signed_ld_minus_cntvaluein_dq_median__idelay_ld_cntvaluein_skew__lane0__no_bit__ctrl_4__ld_vs_cntvaluein_dq_lane__value_ps,signed_ld_minus_cntvaluein_dq_median,idelay_ld_cntvaluein_skew,lane0,,4,ld_vs_cntvaluein_dq_lane,36,24,-765.5,65.0,862.0,-706.5,38.75,1180.0,-26.25,0.484954,fail_lower,0.515046,-0.030093,overlap,0.0,0.442269
baseline_all,skew,abs_dqs_minus_dq_bit__idelay_cntvaluein_skew__lane1__dq12__ctrl_2__dqs_vs_dq_bit__value_ps,abs_dqs_minus_dq_bit,idelay_cntvaluein_skew,lane1,dq12,2,dqs_vs_dq_bit,36,24,11.0,284.0,1126.0,5.0,263.0,579.0,-21.0,0.484954,fail_lower,0.515046,-0.030093,overlap,0.0,0.442269
baseline_all,skew,abs_dqs_minus_dq_bit__idelay_cntvaluein_skew__lane1__dq13__ctrl_1__dqs_vs_dq_bit__value_ps,abs_dqs_minus_dq_bit,idelay_cntvaluein_skew,lane1,dq13,1,dqs_vs_dq_bit,36,24,8.0,235.0,962.0,16.0,219.5,717.0,-15.5,0.484954,fail_lower,0.515046,-0.030093,overlap,0.0,0.442269
baseline_all,skew,abs_dqs_minus_dq_bit__idelay_cntvaluein_skew__lane0__dq1__ctrl_3__dqs_vs_dq_bit__value_ps,abs_dqs_minus_dq_bit,idelay_cntvaluein_skew,lane0,dq1,3,dqs_vs_dq_bit,36,24,12.0,286.0,1003.0,23.0,293.5,996.0,7.5,0.515046,fail_higher,0.515046,0.030093,overlap,0.0,0.442269
baseline_all,skew,signed_dqs_minus_dq_bit__idelay_cntvaluein_skew__lane1__dq15__ctrl_2__dqs_vs_dq_bit__value_ps,signed_dqs_minus_dq_bit,idelay_cntvaluein_skew,lane1,dq15,2,dqs_vs_dq_bit,36,24,-608.0,158.0,898.0,-600.0,161.5,737.0,3.5,0.514468,fail_higher,0.514468,0.028935,overlap,0.0,0.425259
baseline_all,skew,abs_dqs_minus_dq_bit__idelay_cntvaluein_skew__lane1__dq8__ctrl_2__dqs_vs_dq_bit__value_ps,abs_dqs_minus_dq_bit,idelay_cntvaluein_skew,lane1,dq8,2,dqs_vs_dq_bit,36,24,8.0,353.5,1308.0,50.0,325.5,607.0,-28.0,0.486111,fail_lower,0.513889,-0.027778,overlap,0.0,0.408248
baseline_all,skew,abs_dqs_minus_dq_bit__idelay_cntvaluein_skew__lane0__dq0__ctrl_1__dqs_vs_dq_bit__value_ps,abs_dqs_minus_dq_bit,idelay_cntvaluein_skew,lane0,dq0,1,dqs_vs_dq_bit,36,24,20.0,369.5,1034.0,22.0,351.5,794.0,-18.0,0.486111,fail_lower,0.513889,-0.027778,overlap,0.0,0.408248
baseline_all,skew,signed_dqs_minus_dq_bit__idelay_cntvaluein_skew__lane0__dq2__ctrl_3__dqs_vs_dq_bit__value_ps,signed_dqs_minus_dq_bit,idelay_cntvaluein_skew,lane0,dq2,3,dqs_vs_dq_bit,36,24,-1090.0,-14.0,719.0,-1089.0,0.5,943.0,14.5,0.513889,fail_higher,0.513889,0.027778,overlap,0.0,0.408248
baseline_all,skew,abs_dqs_minus_dq_bit__idelay_cntvaluein_skew__lane0__dq1__ctrl_1__dqs_vs_dq_bit__value_ps,abs_dqs_minus_dq_bit,idelay_cntvaluein_skew,lane0,dq1,1,dqs_vs_dq_bit,36,24,10.0,365.5,1118.0,3.0,397.0,836.0,31.5,0.51331,fail_higher,0.51331,0.02662,overlap,0.0,0.391238
baseline_all,skew,signed_ld_minus_cntvaluein_dqs__idelay_ld_cntvaluein_skew__lane1__dqs1__ctrl_2__ld_vs_cntvaluein_dqs__value_ps,signed_ld_minus_cntvaluein_dqs,idelay_ld_cntvaluein_skew,lane1,dqs1,2,ld_vs_cntvaluein_dqs,36,24,-755.0,77.0,1257.0,-833.0,53.5,645.0,-23.5,0.51331,fail_higher,0.51331,0.02662,overlap,0.0,0.391238
baseline_all,skew,signed_dqs_minus_dq_median__idelay_cntvaluein_skew__lane1__dqs1__ctrl_1__dqs_vs_dq_lane__value_ps,signed_dqs_minus_dq_median,idelay_cntvaluein_skew,lane1,dqs1,1,dqs_vs_dq_lane,36,24,-752.0,-86.0,892.0,-609.5,-28.5,591.0,57.5,0.512731,fail_higher,0.512731,0.025463,overlap,0.0,0.374228
baseline_all,skew,signed_dqs_minus_dq_bit__idelay_cntvaluein_skew__lane1__dq15__ctrl_1__dqs_vs_dq_bit__value_ps,signed_dqs_minus_dq_bit,idelay_cntvaluein_skew,lane1,dq15,1,dqs_vs_dq_bit,36,24,-430.0,127.0,998.0,-329.0,163.5,847.0,36.5,0.512731,fail_higher,0.512731,0.025463,overlap,0.0,0.374228
baseline_all,skew,signed_dqs_minus_dq_bit__idelay_cntvaluein_skew__lane1__dq12__ctrl_4__dqs_vs_dq_bit__value_ps,signed_dqs_minus_dq_bit,idelay_cntvaluein_skew,lane1,dq12,4,dqs_vs_dq_bit,36,24,-778.0,-62.5,727.0,-499.0,-98.5,582.0,-36.0,0.512731,fail_higher,0.512731,0.025463,overlap,0.0,0.374228
baseline_all,direct,direct_max__idelay_data_cntvaluein__lane0__dq6__ctrl_4__endpoint__value_ps,direct_max,idelay_data_cntvaluein,lane0,dq6,4,endpoint,36,24,1182.0,1678.0,2453.0,1057.0,1661.5,2161.0,-16.5,0.487269,fail_lower,0.512731,-0.025463,overlap,0.0,0.374228
baseline_all,skew,abs_dqs_minus_dq_median__idelay_cntvaluein_skew__lane0__dqs0__ctrl_4__dqs_vs_dq_lane__value_ps,abs_dqs_minus_dq_median,idelay_cntvaluein_skew,lane0,dqs0,4,dqs_vs_dq_lane,36,24,9.5,326.0,812.0,7.0,338.25,1108.0,12.25,0.512731,fail_higher,0.512731,0.025463,overlap,0.0,0.374228
baseline_all,skew,abs_dqs_minus_dq_bit__idelay_cntvaluein_skew__lane1__dq9__ctrl_1__dqs_vs_dq_bit__value_ps,abs_dqs_minus_dq_bit,idelay_cntvaluein_skew,lane1,dq9,1,dqs_vs_dq_bit,36,24,28.0,240.0,906.0,13.0,229.5,756.0,-10.5,0.487269,fail_lower,0.512731,-0.025463,overlap,0.0,0.374228
baseline_all,direct,direct_max__dq_iologic__lane0__dq3__ctrl_none__endpoint__value_ps,direct_max,dq_iologic,lane0,dq3,,endpoint,36,24,1726.0,2432.0,3805.0,1741.0,2346.5,3584.0,-85.5,0.487847,fail_lower,0.512153,-0.024306,overlap,0.0,0.357217
baseline_all,skew,abs_dqs_minus_dq_bit__idelay_cntvaluein_skew__lane1__dq15__ctrl_4__dqs_vs_dq_bit__value_ps,abs_dqs_minus_dq_bit,idelay_cntvaluein_skew,lane1,dq15,4,dqs_vs_dq_bit,36,24,20.0,261.0,731.0,3.0,217.0,785.0,-44.0,0.487847,fail_lower,0.512153,-0.024306,overlap,0.0,0.357217
baseline_all,skew,signed_dqs_minus_dq_bit__idelay_cntvaluein_skew__lane1__dq11__ctrl_1__dqs_vs_dq_bit__value_ps,signed_dqs_minus_dq_bit,idelay_cntvaluein_skew,lane1,dq11,1,dqs_vs_dq_bit,36,24,-752.0,-3.5,832.0,-452.0,35.5,630.0,39.0,0.512153,fail_higher,0.512153,0.024306,overlap,0.0,0.357217
baseline_all,skew,abs_dqs_minus_dq_bit__idelay_cntvaluein_skew__lane0__dq1__ctrl_0__dqs_vs_dq_bit__value_ps,abs_dqs_minus_dq_bit,idelay_cntvaluein_skew,lane0,dq1,0,dqs_vs_dq_bit,36,24,13.0,273.5,1016.0,33.0,316.0,929.0,42.5,0.511574,fail_higher,0.511574,0.023148,overlap,0.0,0.340207
baseline_all,skew,signed_dqs_minus_dq_median__idelay_cntvaluein_skew__lane0__dqs0__ctrl_3__dqs_vs_dq_lane__value_ps,signed_dqs_minus_dq_median,idelay_cntvaluein_skew,lane0,dqs0,3,dqs_vs_dq_lane,36,24,-1003.0,16.75,914.0,-991.5,0.75,920.0,-16.0,0.511574,fail_higher,0.511574,0.023148,overlap,0.0,0.340207
baseline_all,skew,abs_dqs_minus_dq_median__idelay_cntvaluein_skew__lane0__dqs0__ctrl_2__dqs_vs_dq_lane__value_ps,abs_dqs_minus_dq_median,idelay_cntvaluein_skew,lane0,dqs0,2,dqs_vs_dq_lane,36,24,16.0,348.75,927.5,68.0,346.25,1005.0,-2.5,0.511574,fail_higher,0.511574,0.023148,overlap,0.0,0.340207
baseline_all,direct,direct_max__idelay_data_cntvaluein__lane1__dq9__ctrl_1__endpoint__value_ps,direct_max,idelay_data_cntvaluein,lane1,dq9,1,endpoint,36,24,808.0,1195.5,1664.0,665.0,1224.0,1814.0,28.5,0.510995,fail_higher,0.510995,0.021991,overlap,0.0,0.323197
baseline_all,skew,signed_dqs_minus_dq_bit__idelay_cntvaluein_skew__lane0__dq4__ctrl_3__dqs_vs_dq_bit__value_ps,signed_dqs_minus_dq_bit,idelay_cntvaluein_skew,lane0,dq4,3,dqs_vs_dq_bit,36,24,-1005.0,-17.0,803.0,-1086.0,-45.0,897.0,-28.0,0.489005,fail_lower,0.510995,-0.021991,overlap,0.0,0.323197
baseline_all,direct,direct_max__idelay_data_cntvaluein__lane0__dq6__ctrl_3__endpoint__value_ps,direct_max,idelay_data_cntvaluein,lane0,dq6,3,endpoint,36,24,1126.0,1751.5,2378.0,944.0,1675.5,2302.0,-76.0,0.489583,fail_lower,0.510417,-0.020833,overlap,0.0,0.306186
baseline_all,direct,direct_max__idelay_data_cntvaluein__lane0__dq5__ctrl_3__endpoint__value_ps,direct_max,idelay_data_cntvaluein,lane0,dq5,3,endpoint,36,24,990.0,1565.5,2063.0,1131.0,1614.5,2085.0,49.0,0.510417,fail_higher,0.510417,0.020833,overlap,0.0,0.306186
baseline_all,skew,abs_ld_minus_cntvaluein_dqs__idelay_ld_cntvaluein_skew__lane0__dqs0__ctrl_4__ld_vs_cntvaluein_dqs__value_ps,abs_ld_minus_cntvaluein_dqs,idelay_ld_cntvaluein_skew,lane0,dqs0,4,ld_vs_cntvaluein_dqs,36,24,2.0,272.5,1151.0,7.0,254.5,1171.0,-18.0,0.489583,fail_lower,0.510417,-0.020833,overlap,0.0,0.306186
baseline_all,skew,abs_dqs_minus_dq_bit__idelay_cntvaluein_skew__lane0__dq4__ctrl_4__dqs_vs_dq_bit__value_ps,abs_dqs_minus_dq_bit,idelay_cntvaluein_skew,lane0,dq4,4,dqs_vs_dq_bit,36,24,24.0,310.5,886.0,5.0,371.0,1227.0,60.5,0.509838,fail_higher,0.509838,0.019676,overlap,0.0,0.289176
baseline_all,direct,direct_max__dq_iologic__lane1__dq8__ctrl_none__endpoint__value_ps,direct_max,dq_iologic,lane1,dq8,,endpoint,36,24,2029.0,2646.0,4359.0,2079.0,2615.0,4102.0,-31.0,0.490162,fail_lower,0.509838,-0.019676,overlap,0.0,0.289176
baseline_all,skew,signed_dqs_minus_dq_bit__idelay_cntvaluein_skew__lane1__dq9__ctrl_1__dqs_vs_dq_bit__value_ps,signed_dqs_minus_dq_bit,idelay_cntvaluein_skew,lane1,dq9,1,dqs_vs_dq_bit,36,24,-520.0,84.5,906.0,-520.0,101.5,756.0,17.0,0.509838,fail_higher,0.509838,0.019676,overlap,0.0,0.289176
baseline_all,direct,direct_max__idelay_ld__lane0__dq4__ctrl_none__endpoint__value_ps,direct_max,idelay_ld,lane0,dq4,,endpoint,36,24,1205.0,1717.5,2316.0,1355.0,1719.0,2592.0,1.5,0.509838,fail_higher,0.509838,0.019676,overlap,0.0,0.289176
baseline_all,skew,signed_ld_minus_cntvaluein_dq_median__idelay_ld_cntvaluein_skew__lane1__no_bit__ctrl_3__ld_vs_cntvaluein_dq_lane__value_ps,signed_ld_minus_cntvaluein_dq_median,idelay_ld_cntvaluein_skew,lane1,,3,ld_vs_cntvaluein_dq_lane,36,24,-515.0,66.25,533.5,-575.5,173.75,500.0,107.5,0.490741,fail_lower,0.509259,-0.018519,overlap,0.0,0.272166
baseline_all,skew,abs_ld_minus_cntvaluein_dqs__idelay_ld_cntvaluein_skew__lane1__dqs1__ctrl_4__ld_vs_cntvaluein_dqs__value_ps,abs_ld_minus_cntvaluein_dqs,idelay_ld_cntvaluein_skew,lane1,dqs1,4,ld_vs_cntvaluein_dqs,36,24,11.0,219.5,1260.0,25.0,182.5,995.0,-37.0,0.490741,fail_lower,0.509259,-0.018519,overlap,0.0,0.272166
baseline_all,direct,control_fanout_spread__idelay_data_cntvaluein__lane1__no_bit__ctrl_4__lane_control_bit__value_ps,control_fanout_spread,idelay_data_cntvaluein,lane1,,4,lane_control_bit,36,24,192.0,400.0,717.0,214.0,386.5,709.0,-13.5,0.490741,fail_lower,0.509259,-0.018519,overlap,0.0,0.272166
baseline_all,skew,dq_lane_range__idelay_cntvaluein_skew__lane1__no_bit__ctrl_4__dq_lane__value_ps,dq_lane_range,idelay_cntvaluein_skew,lane1,,4,dq_lane,36,24,192.0,400.0,717.0,214.0,386.5,709.0,-13.5,0.490741,fail_lower,0.509259,-0.018519,overlap,0.0,0.272166
baseline_all,skew,abs_ld_minus_cntvaluein_dq_median__idelay_ld_cntvaluein_skew__lane1__no_bit__ctrl_4__ld_vs_cntvaluein_dq_lane__value_ps,abs_ld_minus_cntvaluein_dq_median,idelay_ld_cntvaluein_skew,lane1,,4,ld_vs_cntvaluein_dq_lane,36,24,3.0,251.0,631.5,25.0,239.25,669.5,-11.75,0.490741,fail_lower,0.509259,-0.018519,overlap,0.0,0.272166
baseline_all,skew,abs_dqs_minus_dq_bit__idelay_cntvaluein_skew__lane1__dq13__ctrl_4__dqs_vs_dq_bit__value_ps,abs_dqs_minus_dq_bit,idelay_cntvaluein_skew,lane1,dq13,4,dqs_vs_dq_bit,36,24,13.0,237.0,982.0,0.0,233.0,633.0,-4.0,0.509259,fail_higher,0.509259,0.018519,overlap,0.0,0.272166
baseline_all,skew,abs_dqs_minus_dq_bit__idelay_cntvaluein_skew__lane0__dq1__ctrl_2__dqs_vs_dq_bit__value_ps,abs_dqs_minus_dq_bit,idelay_cntvaluein_skew,lane0,dq1,2,dqs_vs_dq_bit,36,24,3.0,325.0,918.0,26.0,376.0,999.0,51.0,0.491319,fail_lower,0.508681,-0.017361,overlap,0.0,0.255155
baseline_all,skew,abs_dqs_minus_dq_bit__idelay_cntvaluein_skew__lane1__dq14__ctrl_4__dqs_vs_dq_bit__value_ps,abs_dqs_minus_dq_bit,idelay_cntvaluein_skew,lane1,dq14,4,dqs_vs_dq_bit,36,24,6.0,254.0,816.0,49.0,265.0,648.0,11.0,0.491319,fail_lower,0.508681,-0.017361,overlap,0.0,0.255155
baseline_all,skew,signed_dqs_minus_dq_bit__idelay_cntvaluein_skew__lane0__dq3__ctrl_3__dqs_vs_dq_bit__value_ps,signed_dqs_minus_dq_bit,idelay_cntvaluein_skew,lane0,dq3,3,dqs_vs_dq_bit,36,24,-913.0,206.0,989.0,-632.0,129.5,1099.0,-76.5,0.491898,fail_lower,0.508102,-0.016204,overlap,0.0,0.238145
baseline_all,skew,abs_dqs_minus_dq_bit__idelay_cntvaluein_skew__lane1__dq10__ctrl_0__dqs_vs_dq_bit__value_ps,abs_dqs_minus_dq_bit,idelay_cntvaluein_skew,lane1,dq10,0,dqs_vs_dq_bit,36,24,30.0,281.0,727.0,34.0,248.5,911.0,-32.5,0.508102,fail_higher,0.508102,0.016204,overlap,0.0,0.238145
baseline_all,skew,signed_dqs_minus_dq_bit__idelay_cntvaluein_skew__lane1__dq14__ctrl_4__dqs_vs_dq_bit__value_ps,signed_dqs_minus_dq_bit,idelay_cntvaluein_skew,lane1,dq14,4,dqs_vs_dq_bit,36,24,-727.0,-84.0,816.0,-648.0,-89.0,633.0,-5.0,0.491898,fail_lower,0.508102,-0.016204,overlap,0.0,0.238145
baseline_all,skew,abs_dqs_minus_dq_bit__idelay_cntvaluein_skew__lane0__dq7__ctrl_2__dqs_vs_dq_bit__value_ps,abs_dqs_minus_dq_bit,idelay_cntvaluein_skew,lane0,dq7,2,dqs_vs_dq_bit,36,24,38.0,410.5,1056.0,13.0,386.5,863.0,-24.0,0.492477,fail_lower,0.507523,-0.015046,overlap,0.0,0.221134
baseline_all,direct,control_fanout_spread__idelay_data_cntvaluein__lane1__no_bit__ctrl_0__lane_control_bit__value_ps,control_fanout_spread,idelay_data_cntvaluein,lane1,,0,lane_control_bit,36,24,140.0,373.5,781.0,148.0,389.0,693.0,15.5,0.492477,fail_lower,0.507523,-0.015046,overlap,0.0,0.221134
baseline_all,skew,dq_lane_range__idelay_cntvaluein_skew__lane1__no_bit__ctrl_0__dq_lane__value_ps,dq_lane_range,idelay_cntvaluein_skew,lane1,,0,dq_lane,36,24,140.0,373.5,781.0,148.0,389.0,693.0,15.5,0.492477,fail_lower,0.507523,-0.015046,overlap,0.0,0.221134
baseline_all,skew,abs_ld_minus_cntvaluein_dqs__idelay_ld_cntvaluein_skew__lane1__dqs1__ctrl_0__ld_vs_cntvaluein_dqs__value_ps,abs_ld_minus_cntvaluein_dqs,idelay_ld_cntvaluein_skew,lane1,dqs1,0,ld_vs_cntvaluein_dqs,36,24,3.0,310.0,988.0,33.0,297.0,850.0,-13.0,0.507523,fail_higher,0.507523,0.015046,overlap,0.0,0.221134
baseline_all,direct,direct_max__idelay_data_cntvaluein__lane0__dq2__ctrl_4__endpoint__value_ps,direct_max,idelay_data_cntvaluein,lane0,dq2,4,endpoint,36,24,1138.0,1666.5,2358.0,1157.0,1655.0,2467.0,-11.5,0.506944,fail_higher,0.506944,0.013889,overlap,0.0,0.204124
baseline_all,skew,abs_lane1_minus_lane0_dq_median__idelay_cntvaluein_skew__all__no_bit__ctrl_3__lane1_vs_lane0_dq__value_ps,abs_lane1_minus_lane0_dq_median,idelay_cntvaluein_skew,all,,3,lane1_vs_lane0_dq,36,24,1.5,319.0,630.5,34.0,311.75,657.5,-7.25,0.493056,fail_lower,0.506944,-0.013889,overlap,0.0,0.204124
baseline_all,skew,abs_dqs_minus_dq_bit__idelay_cntvaluein_skew__lane1__dq10__ctrl_1__dqs_vs_dq_bit__value_ps,abs_dqs_minus_dq_bit,idelay_cntvaluein_skew,lane1,dq10,1,dqs_vs_dq_bit,36,24,15.0,224.0,841.0,5.0,204.0,692.0,-20.0,0.493634,fail_lower,0.506366,-0.012731,overlap,0.0,0.187114
baseline_all,direct,direct_max__dq_iologic__lane0__dq4__ctrl_none__endpoint__value_ps,direct_max,dq_iologic,lane0,dq4,,endpoint,36,24,1621.0,1988.0,4073.0,1575.0,1997.0,3523.0,9.0,0.506366,fail_higher,0.506366,0.012731,overlap,0.0,0.187114
baseline_all,skew,abs_dqs_minus_dq_bit__idelay_cntvaluein_skew__lane0__dq0__ctrl_3__dqs_vs_dq_bit__value_ps,abs_dqs_minus_dq_bit,idelay_cntvaluein_skew,lane0,dq0,3,dqs_vs_dq_bit,36,24,21.0,358.0,979.0,8.0,285.0,987.0,-73.0,0.505787,fail_higher,0.505787,0.011574,overlap,0.0,0.170103
baseline_all,skew,abs_ld_minus_cntvaluein_dq_median__idelay_ld_cntvaluein_skew__lane0__no_bit__ctrl_3__ld_vs_cntvaluein_dq_lane__value_ps,abs_ld_minus_cntvaluein_dq_median,idelay_ld_cntvaluein_skew,lane0,,3,ld_vs_cntvaluein_dq_lane,36,24,19.5,237.75,1049.5,36.5,192.0,879.0,-45.75,0.494213,fail_lower,0.505787,-0.011574,overlap,0.0,0.170103
baseline_all,skew,signed_ld_minus_cntvaluein_dqs__idelay_ld_cntvaluein_skew__lane0__dqs0__ctrl_1__ld_vs_cntvaluein_dqs__value_ps,signed_ld_minus_cntvaluein_dqs,idelay_ld_cntvaluein_skew,lane0,dqs0,1,ld_vs_cntvaluein_dqs,36,24,-920.0,103.0,974.0,-592.0,98.0,728.0,-5.0,0.505787,fail_higher,0.505787,0.011574,overlap,0.0,0.170103
baseline_all,direct,control_fanout_spread__idelay_data_cntvaluein__lane0__no_bit__ctrl_3__lane_control_bit__value_ps,control_fanout_spread,idelay_data_cntvaluein,lane0,,3,lane_control_bit,36,24,185.0,394.5,751.0,189.0,357.0,691.0,-37.5,0.505208,fail_higher,0.505208,0.010417,overlap,0.0,0.153093
baseline_all,skew,dq_lane_range__idelay_cntvaluein_skew__lane0__no_bit__ctrl_3__dq_lane__value_ps,dq_lane_range,idelay_cntvaluein_skew,lane0,,3,dq_lane,36,24,185.0,394.5,751.0,189.0,357.0,691.0,-37.5,0.505208,fail_higher,0.505208,0.010417,overlap,0.0,0.153093
baseline_all,direct,direct_max__idelay_data_cntvaluein__lane1__dq12__ctrl_4__endpoint__value_ps,direct_max,idelay_data_cntvaluein,lane1,dq12,4,endpoint,36,24,953.0,1395.0,2236.0,827.0,1370.5,1870.0,-24.5,0.505208,fail_higher,0.505208,0.010417,overlap,0.0,0.153093
baseline_all,skew,abs_dqs_minus_dq_bit__idelay_cntvaluein_skew__lane0__dq5__ctrl_1__dqs_vs_dq_bit__value_ps,abs_dqs_minus_dq_bit,idelay_cntvaluein_skew,lane0,dq5,1,dqs_vs_dq_bit,36,24,58.0,287.0,993.0,9.0,316.0,928.0,29.0,0.50463,fail_higher,0.50463,0.009259,overlap,0.0,0.136083
baseline_all,direct,direct_max__idelay_data_cntvaluein__lane1__dq12__ctrl_1__endpoint__value_ps,direct_max,idelay_data_cntvaluein,lane1,dq12,1,endpoint,36,24,883.0,1379.0,1917.0,892.0,1395.0,2036.0,16.0,0.49537,fail_lower,0.50463,-0.009259,overlap,0.0,0.136083
baseline_all,direct,direct_max__idelay_ld__lane1__dq14__ctrl_none__endpoint__value_ps,direct_max,idelay_ld,lane1,dq14,,endpoint,36,24,1261.0,1535.5,1955.0,1095.0,1581.0,2036.0,45.5,0.495949,fail_lower,0.504051,-0.008102,overlap,0.0,0.119072
baseline_all,skew,abs_dqs_minus_dq_bit__idelay_cntvaluein_skew__lane0__dq6__ctrl_3__dqs_vs_dq_bit__value_ps,abs_dqs_minus_dq_bit,idelay_cntvaluein_skew,lane0,dq6,3,dqs_vs_dq_bit,36,24,29.0,299.0,965.0,11.0,379.0,1121.0,80.0,0.496528,fail_lower,0.503472,-0.006944,overlap,0.0,0.102062
baseline_all,direct,direct_max__idelay_data_cntvaluein__lane0__dq4__ctrl_3__endpoint__value_ps,direct_max,idelay_data_cntvaluein,lane0,dq4,3,endpoint,36,24,1256.0,1811.5,2302.0,1172.0,1740.0,2612.0,-71.5,0.503472,fail_higher,0.503472,0.006944,overlap,0.0,0.102062
baseline_all,skew,signed_lane1_minus_lane0_dq_median__idelay_cntvaluein_skew__all__no_bit__ctrl_3__lane1_vs_lane0_dq__value_ps,signed_lane1_minus_lane0_dq_median,idelay_cntvaluein_skew,all,,3,lane1_vs_lane0_dq,36,24,-630.5,-319.0,154.0,-657.5,-311.75,36.5,7.25,0.503472,fail_higher,0.503472,0.006944,overlap,0.0,0.102062
baseline_all,skew,signed_ld_minus_cntvaluein_dqs__idelay_ld_cntvaluein_skew__lane0__dqs0__ctrl_2__ld_vs_cntvaluein_dqs__value_ps,signed_ld_minus_cntvaluein_dqs,idelay_ld_cntvaluein_skew,lane0,dqs0,2,ld_vs_cntvaluein_dqs,36,24,-744.0,-35.0,1079.0,-973.0,91.5,881.0,126.5,0.497106,fail_lower,0.502894,-0.005787,overlap,0.0,0.085052
baseline_all,direct,direct_max__idelay_data_cntvaluein__lane1__dq15__ctrl_3__endpoint__value_ps,direct_max,idelay_data_cntvaluein,lane1,dq15,3,endpoint,36,24,861.0,1211.5,1898.0,810.0,1268.5,1805.0,57.0,0.497106,fail_lower,0.502894,-0.005787,overlap,0.0,0.085052
baseline_all,skew,abs_dqs_minus_dq_bit__idelay_cntvaluein_skew__lane1__dq12__ctrl_1__dqs_vs_dq_bit__value_ps,abs_dqs_minus_dq_bit,idelay_cntvaluein_skew,lane1,dq12,1,dqs_vs_dq_bit,36,24,13.0,262.5,836.0,13.0,243.5,742.0,-19.0,0.497106,fail_lower,0.502894,-0.005787,overlap,0.0,0.085052
baseline_all,skew,signed_dqs_minus_dq_median__idelay_cntvaluein_skew__lane1__dqs1__ctrl_3__dqs_vs_dq_lane__value_ps,signed_dqs_minus_dq_median,idelay_cntvaluein_skew,lane1,dqs1,3,dqs_vs_dq_lane,36,24,-823.0,102.25,416.5,-558.0,50.75,802.0,-51.5,0.502315,fail_higher,0.502315,0.00463,overlap,0.0,0.068041
baseline_all,skew,abs_dqs_minus_dq_bit__idelay_cntvaluein_skew__lane1__dq10__ctrl_2__dqs_vs_dq_bit__value_ps,abs_dqs_minus_dq_bit,idelay_cntvaluein_skew,lane1,dq10,2,dqs_vs_dq_bit,36,24,5.0,232.0,1213.0,8.0,315.5,737.0,83.5,0.501736,fail_higher,0.501736,0.003472,overlap,0.0,0.051031
baseline_all,skew,abs_dqs_minus_dq_bit__idelay_cntvaluein_skew__lane1__dq15__ctrl_2__dqs_vs_dq_bit__value_ps,abs_dqs_minus_dq_bit,idelay_cntvaluein_skew,lane1,dq15,2,dqs_vs_dq_bit,36,24,5.0,202.5,898.0,0.0,263.0,737.0,60.5,0.501736,fail_higher,0.501736,0.003472,overlap,0.0,0.051031
baseline_all,direct,direct_max__idelay_data_cntvaluein__lane1__dq15__ctrl_1__endpoint__value_ps,direct_max,idelay_data_cntvaluein,lane1,dq15,1,endpoint,36,24,722.0,1193.5,1740.0,573.0,1154.0,1623.0,-39.5,0.498264,fail_lower,0.501736,-0.003472,overlap,0.0,0.051031
baseline_all,skew,abs_dqs_minus_dq_bit__idelay_cntvaluein_skew__lane0__dq1__ctrl_4__dqs_vs_dq_bit__value_ps,abs_dqs_minus_dq_bit,idelay_cntvaluein_skew,lane0,dq1,4,dqs_vs_dq_bit,36,24,8.0,324.0,896.0,6.0,352.0,988.0,28.0,0.498264,fail_lower,0.501736,-0.003472,overlap,0.0,0.051031
baseline_all,skew,abs_dqs_minus_dq_bit__idelay_cntvaluein_skew__lane0__dq3__ctrl_3__dqs_vs_dq_bit__value_ps,abs_dqs_minus_dq_bit,idelay_cntvaluein_skew,lane0,dq3,3,dqs_vs_dq_bit,36,24,3.0,338.5,989.0,18.0,366.0,1099.0,27.5,0.498264,fail_lower,0.501736,-0.003472,overlap,0.0,0.051031
baseline_all,direct,direct_max__idelay_data_cntvaluein__lane1__dq9__ctrl_0__endpoint__value_ps,direct_max,idelay_data_cntvaluein,lane1,dq9,0,endpoint,36,24,773.0,1205.0,1866.0,736.0,1260.0,1662.0,55.0,0.498843,fail_lower,0.501157,-0.002315,overlap,0.0,0.034021
baseline_all,direct,direct_max__idelay_data_cntvaluein__lane0__dq2__ctrl_3__endpoint__value_ps,direct_max,idelay_data_cntvaluein,lane0,dq2,3,endpoint,36,24,1185.0,1768.5,2371.0,1258.0,1720.5,2351.0,-48.0,0.499421,fail_lower,0.500579,-0.001157,overlap,0.0,0.01701
baseline_all,skew,abs_dqs_minus_dq_bit__idelay_cntvaluein_skew__lane0__dq5__ctrl_3__dqs_vs_dq_bit__value_ps,abs_dqs_minus_dq_bit,idelay_cntvaluein_skew,lane0,dq5,3,dqs_vs_dq_bit,36,24,20.0,334.0,1069.0,15.0,326.5,1102.0,-7.5,0.500579,fail_higher,0.500579,0.001157,overlap,0.0,0.01701
baseline_all,direct,direct_max__idelay_ld__lane1__dq12__ctrl_none__endpoint__value_ps,direct_max,idelay_ld,lane1,dq12,,endpoint,36,24,1175.0,1565.5,2036.0,1248.0,1570.0,2118.0,4.5,0.500579,fail_higher,0.500579,0.001157,overlap,0.0,0.01701
baseline_all,skew,abs_dqs_bus_skew_minus_dq_median__idelay_cntvaluein_skew__lane0__dqs0__ctrl_none__dqs_vs_dq_bus_skew__value_ps,abs_dqs_bus_skew_minus_dq_median,idelay_cntvaluein_skew,lane0,dqs0,,dqs_vs_dq_bus_skew,36,24,24.5,256.5,679.5,27.5,270.25,858.0,13.75,0.5,fail_higher,0.5,0.0,overlap,0.0,0.0
baseline_all,direct,control_fanout_spread__idelay_dqs_cntvaluein__lane0__no_bit__ctrl_0__lane_control_bit__value_ps,control_fanout_spread,idelay_dqs_cntvaluein,lane0,,0,lane_control_bit,36,24,0.0,0.0,0.0,0.0,0.0,0.0,0.0,0.5,fail_higher,0.5,0.0,overlap,0.0,0.0
baseline_all,direct,control_fanout_spread__idelay_dqs_cntvaluein__lane0__no_bit__ctrl_1__lane_control_bit__value_ps,control_fanout_spread,idelay_dqs_cntvaluein,lane0,,1,lane_control_bit,36,24,0.0,0.0,0.0,0.0,0.0,0.0,0.0,0.5,fail_higher,0.5,0.0,overlap,0.0,0.0
baseline_all,direct,control_fanout_spread__idelay_dqs_cntvaluein__lane0__no_bit__ctrl_2__lane_control_bit__value_ps,control_fanout_spread,idelay_dqs_cntvaluein,lane0,,2,lane_control_bit,36,24,0.0,0.0,0.0,0.0,0.0,0.0,0.0,0.5,fail_higher,0.5,0.0,overlap,0.0,0.0
baseline_all,direct,control_fanout_spread__idelay_dqs_cntvaluein__lane0__no_bit__ctrl_3__lane_control_bit__value_ps,control_fanout_spread,idelay_dqs_cntvaluein,lane0,,3,lane_control_bit,36,24,0.0,0.0,0.0,0.0,0.0,0.0,0.0,0.5,fail_higher,0.5,0.0,overlap,0.0,0.0
baseline_all,direct,control_fanout_spread__idelay_dqs_cntvaluein__lane0__no_bit__ctrl_4__lane_control_bit__value_ps,control_fanout_spread,idelay_dqs_cntvaluein,lane0,,4,lane_control_bit,36,24,0.0,0.0,0.0,0.0,0.0,0.0,0.0,0.5,fail_higher,0.5,0.0,overlap,0.0,0.0
baseline_all,direct,control_fanout_spread__idelay_dqs_cntvaluein__lane1__no_bit__ctrl_0__lane_control_bit__value_ps,control_fanout_spread,idelay_dqs_cntvaluein,lane1,,0,lane_control_bit,36,24,0.0,0.0,0.0,0.0,0.0,0.0,0.0,0.5,fail_higher,0.5,0.0,overlap,0.0,0.0
baseline_all,direct,control_fanout_spread__idelay_dqs_cntvaluein__lane1__no_bit__ctrl_1__lane_control_bit__value_ps,control_fanout_spread,idelay_dqs_cntvaluein,lane1,,1,lane_control_bit,36,24,0.0,0.0,0.0,0.0,0.0,0.0,0.0,0.5,fail_higher,0.5,0.0,overlap,0.0,0.0
baseline_all,direct,control_fanout_spread__idelay_dqs_cntvaluein__lane1__no_bit__ctrl_2__lane_control_bit__value_ps,control_fanout_spread,idelay_dqs_cntvaluein,lane1,,2,lane_control_bit,36,24,0.0,0.0,0.0,0.0,0.0,0.0,0.0,0.5,fail_higher,0.5,0.0,overlap,0.0,0.0
baseline_all,direct,control_fanout_spread__idelay_dqs_cntvaluein__lane1__no_bit__ctrl_3__lane_control_bit__value_ps,control_fanout_spread,idelay_dqs_cntvaluein,lane1,,3,lane_control_bit,36,24,0.0,0.0,0.0,0.0,0.0,0.0,0.0,0.5,fail_higher,0.5,0.0,overlap,0.0,0.0
baseline_all,direct,control_fanout_spread__idelay_dqs_cntvaluein__lane1__no_bit__ctrl_4__lane_control_bit__value_ps,control_fanout_spread,idelay_dqs_cntvaluein,lane1,,4,lane_control_bit,36,24,0.0,0.0,0.0,0.0,0.0,0.0,0.0,0.5,fail_higher,0.5,0.0,overlap,0.0,0.0
baseline_all,direct,direct_max__clocking__lane0__dq0__ctrl_none__endpoint__value_ps,direct_max,clocking,lane0,dq0,,endpoint,36,24,1314.0,1314.0,1314.0,1314.0,1314.0,1314.0,0.0,0.5,fail_higher,0.5,0.0,overlap,0.0,0.0
baseline_all,direct,direct_max__clocking__lane0__dq1__ctrl_none__endpoint__value_ps,direct_max,clocking,lane0,dq1,,endpoint,36,24,1314.0,1314.0,1314.0,1314.0,1314.0,1314.0,0.0,0.5,fail_higher,0.5,0.0,overlap,0.0,0.0
baseline_all,direct,direct_max__clocking__lane0__dq2__ctrl_none__endpoint__value_ps,direct_max,clocking,lane0,dq2,,endpoint,36,24,1314.0,1314.0,1314.0,1314.0,1314.0,1314.0,0.0,0.5,fail_higher,0.5,0.0,overlap,0.0,0.0
baseline_all,direct,direct_max__clocking__lane0__dq3__ctrl_none__endpoint__value_ps,direct_max,clocking,lane0,dq3,,endpoint,36,24,1314.0,1314.0,1314.0,1314.0,1314.0,1314.0,0.0,0.5,fail_higher,0.5,0.0,overlap,0.0,0.0
baseline_all,direct,direct_max__clocking__lane0__dq4__ctrl_none__endpoint__value_ps,direct_max,clocking,lane0,dq4,,endpoint,36,24,1314.0,1314.0,1314.0,1314.0,1314.0,1314.0,0.0,0.5,fail_higher,0.5,0.0,overlap,0.0,0.0
baseline_all,direct,direct_max__clocking__lane0__dq5__ctrl_none__endpoint__value_ps,direct_max,clocking,lane0,dq5,,endpoint,36,24,1314.0,1314.0,1314.0,1314.0,1314.0,1314.0,0.0,0.5,fail_higher,0.5,0.0,overlap,0.0,0.0
baseline_all,direct,direct_max__clocking__lane0__dq6__ctrl_none__endpoint__value_ps,direct_max,clocking,lane0,dq6,,endpoint,36,24,1314.0,1314.0,1314.0,1314.0,1314.0,1314.0,0.0,0.5,fail_higher,0.5,0.0,overlap,0.0,0.0
baseline_all,direct,direct_max__clocking__lane0__dq7__ctrl_none__endpoint__value_ps,direct_max,clocking,lane0,dq7,,endpoint,36,24,1314.0,1314.0,1314.0,1314.0,1314.0,1314.0,0.0,0.5,fail_higher,0.5,0.0,overlap,0.0,0.0
baseline_all,direct,direct_max__clocking__lane0__dqs0__ctrl_none__endpoint__value_ps,direct_max,clocking,lane0,dqs0,,endpoint,36,24,1279.0,1279.0,1279.0,1279.0,1279.0,1279.0,0.0,0.5,fail_higher,0.5,0.0,overlap,0.0,0.0
baseline_all,direct,direct_max__clocking__lane1__dq10__ctrl_none__endpoint__value_ps,direct_max,clocking,lane1,dq10,,endpoint,36,24,1314.0,1314.0,1314.0,1314.0,1314.0,1314.0,0.0,0.5,fail_higher,0.5,0.0,overlap,0.0,0.0
baseline_all,direct,direct_max__clocking__lane1__dq11__ctrl_none__endpoint__value_ps,direct_max,clocking,lane1,dq11,,endpoint,36,24,1314.0,1314.0,1314.0,1314.0,1314.0,1314.0,0.0,0.5,fail_higher,0.5,0.0,overlap,0.0,0.0
baseline_all,direct,direct_max__clocking__lane1__dq12__ctrl_none__endpoint__value_ps,direct_max,clocking,lane1,dq12,,endpoint,36,24,1314.0,1314.0,1314.0,1314.0,1314.0,1314.0,0.0,0.5,fail_higher,0.5,0.0,overlap,0.0,0.0
baseline_all,direct,direct_max__clocking__lane1__dq13__ctrl_none__endpoint__value_ps,direct_max,clocking,lane1,dq13,,endpoint,36,24,1314.0,1314.0,1314.0,1314.0,1314.0,1314.0,0.0,0.5,fail_higher,0.5,0.0,overlap,0.0,0.0
baseline_all,direct,direct_max__clocking__lane1__dq14__ctrl_none__endpoint__value_ps,direct_max,clocking,lane1,dq14,,endpoint,36,24,1314.0,1314.0,1314.0,1314.0,1314.0,1314.0,0.0,0.5,fail_higher,0.5,0.0,overlap,0.0,0.0
baseline_all,direct,direct_max__clocking__lane1__dq15__ctrl_none__endpoint__value_ps,direct_max,clocking,lane1,dq15,,endpoint,36,24,1314.0,1314.0,1314.0,1314.0,1314.0,1314.0,0.0,0.5,fail_higher,0.5,0.0,overlap,0.0,0.0
baseline_all,direct,direct_max__clocking__lane1__dq8__ctrl_none__endpoint__value_ps,direct_max,clocking,lane1,dq8,,endpoint,36,24,1314.0,1314.0,1314.0,1314.0,1314.0,1314.0,0.0,0.5,fail_higher,0.5,0.0,overlap,0.0,0.0
baseline_all,direct,direct_max__clocking__lane1__dq9__ctrl_none__endpoint__value_ps,direct_max,clocking,lane1,dq9,,endpoint,36,24,1314.0,1314.0,1314.0,1314.0,1314.0,1314.0,0.0,0.5,fail_higher,0.5,0.0,overlap,0.0,0.0
baseline_all,direct,direct_max__clocking__lane1__dqs1__ctrl_none__endpoint__value_ps,direct_max,clocking,lane1,dqs1,,endpoint,36,24,1279.0,1279.0,1279.0,1279.0,1279.0,1279.0,0.0,0.5,fail_higher,0.5,0.0,overlap,0.0,0.0
baseline_all,direct,lane_spread__clocking__lane0__no_bit__ctrl_none__lane__value_ps,lane_spread,clocking,lane0,,,lane,36,24,135.0,135.0,135.0,135.0,135.0,135.0,0.0,0.5,fail_higher,0.5,0.0,overlap,0.0,0.0
baseline_all,direct,lane_spread__clocking__lane1__no_bit__ctrl_none__lane__value_ps,lane_spread,clocking,lane1,,,lane,36,24,135.0,135.0,135.0,135.0,135.0,135.0,0.0,0.5,fail_higher,0.5,0.0,overlap,0.0,0.0
baseline_all,skew,dq_lane_range__clocking_skew__lane0__no_bit__ctrl_none__dq_lane__value_ps,dq_lane_range,clocking_skew,lane0,,,dq_lane,36,24,0.0,0.0,0.0,0.0,0.0,0.0,0.0,0.5,fail_higher,0.5,0.0,overlap,0.0,0.0
baseline_all,skew,signed_dqs_minus_dq_median__clocking_skew__lane0__dqs0__ctrl_none__dqs_vs_dq_lane__value_ps,signed_dqs_minus_dq_median,clocking_skew,lane0,dqs0,,dqs_vs_dq_lane,36,24,-35.0,-35.0,-35.0,-35.0,-35.0,-35.0,0.0,0.5,fail_higher,0.5,0.0,overlap,0.0,0.0
baseline_all,skew,abs_dqs_minus_dq_median__clocking_skew__lane0__dqs0__ctrl_none__dqs_vs_dq_lane__value_ps,abs_dqs_minus_dq_median,clocking_skew,lane0,dqs0,,dqs_vs_dq_lane,36,24,35.0,35.0,35.0,35.0,35.0,35.0,0.0,0.5,fail_higher,0.5,0.0,overlap,0.0,0.0
baseline_all,skew,dq_lane_range__clocking_skew__lane1__no_bit__ctrl_none__dq_lane__value_ps,dq_lane_range,clocking_skew,lane1,,,dq_lane,36,24,0.0,0.0,0.0,0.0,0.0,0.0,0.0,0.5,fail_higher,0.5,0.0,overlap,0.0,0.0
baseline_all,skew,signed_dqs_minus_dq_median__clocking_skew__lane1__dqs1__ctrl_none__dqs_vs_dq_lane__value_ps,signed_dqs_minus_dq_median,clocking_skew,lane1,dqs1,,dqs_vs_dq_lane,36,24,-35.0,-35.0,-35.0,-35.0,-35.0,-35.0,0.0,0.5,fail_higher,0.5,0.0,overlap,0.0,0.0
baseline_all,skew,abs_dqs_minus_dq_median__clocking_skew__lane1__dqs1__ctrl_none__dqs_vs_dq_lane__value_ps,abs_dqs_minus_dq_median,clocking_skew,lane1,dqs1,,dqs_vs_dq_lane,36,24,35.0,35.0,35.0,35.0,35.0,35.0,0.0,0.5,fail_higher,0.5,0.0,overlap,0.0,0.0
baseline_seed_1_30,skew,abs_dqs_minus_dq_bit__idelay_cntvaluein_skew__lane1__dq14__ctrl_3__dqs_vs_dq_bit__value_ps,abs_dqs_minus_dq_bit,idelay_cntvaluein_skew,lane1,dq14,3,dqs_vs_dq_bit,22,8,10.0,142.0,809.0,117.0,363.0,707.0,221.0,0.840909,fail_higher,0.840909,0.681818,overlap,0.0,4.52267
baseline_seed_1_30,skew,abs_ld_minus_cntvaluein_dq_median__idelay_ld_cntvaluein_skew__lane1__no_bit__ctrl_0__ld_vs_cntvaluein_dq_lane__value_ps,abs_ld_minus_cntvaluein_dq_median,idelay_ld_cntvaluein_skew,lane1,,0,ld_vs_cntvaluein_dq_lane,22,8,1.5,233.5,475.0,141.5,336.75,527.0,103.25,0.78125,fail_higher,0.78125,0.5625,overlap,0.0,3.731203
baseline_seed_1_30,skew,abs_dqs_minus_dq_median__idelay_cntvaluein_skew__lane1__dqs1__ctrl_4__dqs_vs_dq_lane__value_ps,abs_dqs_minus_dq_median,idelay_cntvaluein_skew,lane1,dqs1,4,dqs_vs_dq_lane,22,8,61.5,302.5,727.0,5.0,82.75,364.5,-219.75,0.221591,fail_lower,0.778409,-0.556818,overlap,0.0,3.693514
baseline_seed_1_30,skew,abs_dqs_minus_dq_bit__idelay_cntvaluein_skew__lane1__dq12__ctrl_3__dqs_vs_dq_bit__value_ps,abs_dqs_minus_dq_bit,idelay_cntvaluein_skew,lane1,dq12,3,dqs_vs_dq_bit,22,8,34.0,150.0,719.0,140.0,314.5,876.0,164.5,0.772727,fail_higher,0.772727,0.545455,overlap,0.0,3.618136
baseline_seed_1_30,skew,abs_dqs_minus_dq_bit__idelay_cntvaluein_skew__lane0__dq7__ctrl_3__dqs_vs_dq_bit__value_ps,abs_dqs_minus_dq_bit,idelay_cntvaluein_skew,lane0,dq7,3,dqs_vs_dq_bit,22,8,6.0,262.0,731.0,13.0,491.5,1034.0,229.5,0.764205,fail_higher,0.764205,0.528409,overlap,0.0,3.505069
baseline_seed_1_30,skew,abs_ld_minus_cntvaluein_dqs__idelay_ld_cntvaluein_skew__lane0__dqs0__ctrl_0__ld_vs_cntvaluein_dqs__value_ps,abs_ld_minus_cntvaluein_dqs,idelay_ld_cntvaluein_skew,lane0,dqs0,0,ld_vs_cntvaluein_dqs,22,8,11.0,206.5,977.0,211.0,452.0,1009.0,245.5,0.761364,fail_higher,0.761364,0.522727,overlap,0.0,3.46738
baseline_seed_1_30,skew,abs_dqs_minus_dq_bit__idelay_cntvaluein_skew__lane0__dq5__ctrl_2__dqs_vs_dq_bit__value_ps,abs_dqs_minus_dq_bit,idelay_cntvaluein_skew,lane0,dq5,2,dqs_vs_dq_bit,22,8,16.0,165.5,785.0,146.0,332.5,906.0,167.0,0.761364,fail_higher,0.761364,0.522727,overlap,0.0,3.46738
baseline_seed_1_30,skew,abs_dqs_minus_dq_bit__idelay_cntvaluein_skew__lane0__dq0__ctrl_1__dqs_vs_dq_bit__value_ps,abs_dqs_minus_dq_bit,idelay_cntvaluein_skew,lane0,dq0,1,dqs_vs_dq_bit,22,8,26.0,346.5,1034.0,22.0,78.5,675.0,-268.0,0.244318,fail_lower,0.755682,-0.511364,overlap,0.0,3.392003
baseline_seed_1_30,direct,cntvaluein_bus_skew__idelay_dqs_cntvaluein__lane0__dqs0__ctrl_none__dqs0__value_ps,cntvaluein_bus_skew,idelay_dqs_cntvaluein,lane0,dqs0,,dqs0,22,8,220.0,574.0,1157.0,487.0,879.0,1323.0,305.0,0.75,fail_higher,0.75,0.5,overlap,0.0,3.316625
baseline_seed_1_30,direct,lane_spread__idelay_dqs_cntvaluein__lane0__no_bit__ctrl_none__lane__value_ps,lane_spread,idelay_dqs_cntvaluein,lane0,,,lane,22,8,220.0,574.0,1157.0,487.0,879.0,1323.0,305.0,0.75,fail_higher,0.75,0.5,overlap,0.0,3.316625
baseline_seed_1_30,skew,abs_dqs_minus_dq_bit__idelay_cntvaluein_skew__lane1__dq8__ctrl_4__dqs_vs_dq_bit__value_ps,abs_dqs_minus_dq_bit,idelay_cntvaluein_skew,lane1,dq8,4,dqs_vs_dq_bit,22,8,15.0,347.5,873.0,20.0,84.0,383.0,-263.5,0.255682,fail_lower,0.744318,-0.488636,overlap,0.0,3.241247
baseline_seed_1_30,skew,signed_dqs_bus_skew_minus_dq_median__idelay_cntvaluein_skew__lane0__dqs0__ctrl_none__dqs_vs_dq_bus_skew__value_ps,signed_dqs_bus_skew_minus_dq_median,idelay_cntvaluein_skew,lane0,dqs0,,dqs_vs_dq_bus_skew,22,8,-659.0,-130.5,637.0,-30.5,187.0,509.0,317.5,0.738636,fail_higher,0.738636,0.477273,overlap,0.0,3.165869
baseline_seed_1_30,direct,control_fanout_spread__idelay_data_cntvaluein__lane1__no_bit__ctrl_4__lane_control_bit__value_ps,control_fanout_spread,idelay_data_cntvaluein,lane1,,4,lane_control_bit,22,8,192.0,400.0,693.0,358.0,486.0,709.0,86.0,0.732955,fail_higher,0.732955,0.465909,overlap,0.0,3.090491
baseline_seed_1_30,skew,dq_lane_range__idelay_cntvaluein_skew__lane1__no_bit__ctrl_4__dq_lane__value_ps,dq_lane_range,idelay_cntvaluein_skew,lane1,,4,dq_lane,22,8,192.0,400.0,693.0,358.0,486.0,709.0,86.0,0.732955,fail_higher,0.732955,0.465909,overlap,0.0,3.090491
baseline_seed_1_30,skew,abs_dqs_minus_dq_bit__idelay_cntvaluein_skew__lane0__dq6__ctrl_4__dqs_vs_dq_bit__value_ps,abs_dqs_minus_dq_bit,idelay_cntvaluein_skew,lane0,dq6,4,dqs_vs_dq_bit,22,8,95.0,562.5,958.0,28.0,165.0,837.0,-397.5,0.272727,fail_lower,0.727273,-0.454545,overlap,0.0,3.015113
baseline_seed_1_30,skew,signed_dqs_bus_skew_minus_dq_median__idelay_cntvaluein_skew__lane1__dqs1__ctrl_none__dqs_vs_dq_bus_skew__value_ps,signed_dqs_bus_skew_minus_dq_median,idelay_cntvaluein_skew,lane1,dqs1,,dqs_vs_dq_bus_skew,22,8,-532.5,-34.25,323.5,-137.5,133.0,363.5,167.25,0.727273,fail_higher,0.727273,0.454545,overlap,0.0,3.015113
baseline_seed_1_30,skew,abs_ld_minus_cntvaluein_dqs__idelay_ld_cntvaluein_skew__lane1__dqs1__ctrl_4__ld_vs_cntvaluein_dqs__value_ps,abs_ld_minus_cntvaluein_dqs,idelay_ld_cntvaluein_skew,lane1,dqs1,4,ld_vs_cntvaluein_dqs,22,8,41.0,296.0,893.0,25.0,152.5,545.0,-143.5,0.272727,fail_lower,0.727273,-0.454545,overlap,0.0,3.015113
baseline_seed_1_30,skew,abs_dqs_minus_dq_bit__idelay_cntvaluein_skew__lane1__dq15__ctrl_1__dqs_vs_dq_bit__value_ps,abs_dqs_minus_dq_bit,idelay_cntvaluein_skew,lane1,dq15,1,dqs_vs_dq_bit,22,8,18.0,238.0,998.0,43.0,137.0,469.0,-101.0,0.272727,fail_lower,0.727273,-0.454545,overlap,0.0,3.015113
baseline_seed_1_30,skew,abs_dqs_minus_dq_bit__idelay_cntvaluein_skew__lane1__dq10__ctrl_4__dqs_vs_dq_bit__value_ps,abs_dqs_minus_dq_bit,idelay_cntvaluein_skew,lane1,dq10,4,dqs_vs_dq_bit,22,8,7.0,333.0,646.0,28.0,131.5,449.0,-201.5,0.278409,fail_lower,0.721591,-0.443182,overlap,0.0,2.939736
baseline_seed_1_30,direct,cntvaluein_bus_skew__idelay_data_cntvaluein__lane1__dq13__ctrl_none__dq13__value_ps,cntvaluein_bus_skew,idelay_data_cntvaluein,lane1,dq13,,dq13,22,8,130.0,475.0,858.0,166.0,359.0,643.0,-116.0,0.278409,fail_lower,0.721591,-0.443182,overlap,0.0,2.939736
baseline_seed_1_30,direct,control_fanout_spread__idelay_data_cntvaluein__lane0__no_bit__ctrl_4__lane_control_bit__value_ps,control_fanout_spread,idelay_data_cntvaluein,lane0,,4,lane_control_bit,22,8,142.0,378.0,863.0,180.0,281.5,395.0,-96.5,0.278409,fail_lower,0.721591,-0.443182,overlap,0.0,2.939736
baseline_seed_1_30,skew,dq_lane_range__idelay_cntvaluein_skew__lane0__no_bit__ctrl_4__dq_lane__value_ps,dq_lane_range,idelay_cntvaluein_skew,lane0,,4,dq_lane,22,8,142.0,378.0,863.0,180.0,281.5,395.0,-96.5,0.278409,fail_lower,0.721591,-0.443182,overlap,0.0,2.939736
baseline_seed_1_30,skew,abs_dqs_minus_dq_median__idelay_cntvaluein_skew__lane0__dqs0__ctrl_1__dqs_vs_dq_lane__value_ps,abs_dqs_minus_dq_median,idelay_cntvaluein_skew,lane0,dqs0,1,dqs_vs_dq_lane,22,8,52.0,340.5,1163.5,37.5,124.0,533.0,-216.5,0.284091,fail_lower,0.715909,-0.431818,overlap,0.0,2.864358
baseline_seed_1_30,direct,direct_max__idelay_ld__lane0__dq6__ctrl_none__endpoint__value_ps,direct_max,idelay_ld,lane0,dq6,,endpoint,22,8,1304.0,1702.5,2209.0,1355.0,1490.5,2183.0,-212.0,0.284091,fail_lower,0.715909,-0.431818,overlap,0.0,2.864358
baseline_seed_1_30,skew,abs_dqs_minus_dq_bit__idelay_cntvaluein_skew__lane0__dq1__ctrl_0__dqs_vs_dq_bit__value_ps,abs_dqs_minus_dq_bit,idelay_cntvaluein_skew,lane0,dq1,0,dqs_vs_dq_bit,22,8,61.0,256.5,960.0,33.0,112.5,871.0,-144.0,0.284091,fail_lower,0.715909,-0.431818,overlap,0.0,2.864358
baseline_seed_1_30,skew,abs_dqs_minus_dq_bit__idelay_cntvaluein_skew__lane1__dq14__ctrl_4__dqs_vs_dq_bit__value_ps,abs_dqs_minus_dq_bit,idelay_cntvaluein_skew,lane1,dq14,4,dqs_vs_dq_bit,22,8,52.0,319.5,816.0,49.0,179.5,410.0,-140.0,0.284091,fail_lower,0.715909,-0.431818,overlap,0.0,2.864358
baseline_seed_1_30,direct,control_fanout_spread__idelay_data_cntvaluein__lane0__no_bit__ctrl_1__lane_control_bit__value_ps,control_fanout_spread,idelay_data_cntvaluein,lane0,,1,lane_control_bit,22,8,212.0,350.0,768.0,159.0,295.5,500.0,-54.5,0.284091,fail_lower,0.715909,-0.431818,overlap,0.0,2.864358
baseline_seed_1_30,skew,dq_lane_range__idelay_cntvaluein_skew__lane0__no_bit__ctrl_1__dq_lane__value_ps,dq_lane_range,idelay_cntvaluein_skew,lane0,,1,dq_lane,22,8,212.0,350.0,768.0,159.0,295.5,500.0,-54.5,0.284091,fail_lower,0.715909,-0.431818,overlap,0.0,2.864358
baseline_seed_1_30,skew,abs_dqs_minus_dq_bit__idelay_cntvaluein_skew__lane0__dq4__ctrl_1__dqs_vs_dq_bit__value_ps,abs_dqs_minus_dq_bit,idelay_cntvaluein_skew,lane0,dq4,1,dqs_vs_dq_bit,22,8,44.0,449.5,1209.0,39.0,165.0,577.0,-284.5,0.289773,fail_lower,0.710227,-0.420455,overlap,0.0,2.78898
baseline_seed_1_30,skew,abs_dqs_minus_dq_bit__idelay_cntvaluein_skew__lane1__dq12__ctrl_4__dqs_vs_dq_bit__value_ps,abs_dqs_minus_dq_bit,idelay_cntvaluein_skew,lane1,dq12,4,dqs_vs_dq_bit,22,8,18.0,349.5,778.0,2.0,139.0,499.0,-210.5,0.289773,fail_lower,0.710227,-0.420455,overlap,0.0,2.78898
baseline_seed_1_30,direct,cntvaluein_bus_skew__idelay_data_cntvaluein__lane1__dq9__ctrl_none__dq9__value_ps,cntvaluein_bus_skew,idelay_data_cntvaluein,lane1,dq9,,dq9,22,8,117.0,377.5,673.0,153.0,273.5,483.0,-104.0,0.289773,fail_lower,0.710227,-0.420455,overlap,0.0,2.78898
baseline_seed_1_30,direct,direct_max__idelay_data_cntvaluein__lane0__dq5__ctrl_4__endpoint__value_ps,direct_max,idelay_data_cntvaluein,lane0,dq5,4,endpoint,22,8,1100.0,1441.0,2290.0,990.0,1816.0,2132.0,375.0,0.704545,fail_higher,0.704545,0.409091,overlap,0.0,2.713602
baseline_seed_1_30,skew,abs_dqs_minus_dq_bit__idelay_cntvaluein_skew__lane0__dq2__ctrl_1__dqs_vs_dq_bit__value_ps,abs_dqs_minus_dq_bit,idelay_cntvaluein_skew,lane0,dq2,1,dqs_vs_dq_bit,22,8,34.0,396.5,1212.0,49.0,144.5,495.0,-252.0,0.295455,fail_lower,0.704545,-0.409091,overlap,0.0,2.713602
baseline_seed_1_30,skew,signed_dqs_minus_dq_bit__idelay_cntvaluein_skew__lane0__dq1__ctrl_0__dqs_vs_dq_bit__value_ps,signed_dqs_minus_dq_bit,idelay_cntvaluein_skew,lane0,dq1,0,dqs_vs_dq_bit,22,8,-910.0,-169.5,960.0,-163.0,-45.0,871.0,124.5,0.704545,fail_higher,0.704545,0.409091,overlap,0.0,2.713602
baseline_seed_1_30,skew,signed_lane1_minus_lane0_dq_median__idelay_cntvaluein_skew__all__no_bit__ctrl_1__lane1_vs_lane0_dq__value_ps,signed_lane1_minus_lane0_dq_median,idelay_cntvaluein_skew,all,,1,lane1_vs_lane0_dq,22,8,-889.5,-353.75,8.5,-447.5,-257.5,-98.5,96.25,0.704545,fail_higher,0.704545,0.409091,overlap,0.0,2.713602
baseline_seed_1_30,skew,abs_lane1_minus_lane0_dq_median__idelay_cntvaluein_skew__all__no_bit__ctrl_1__lane1_vs_lane0_dq__value_ps,abs_lane1_minus_lane0_dq_median,idelay_cntvaluein_skew,all,,1,lane1_vs_lane0_dq,22,8,8.5,353.75,889.5,98.5,257.5,447.5,-96.25,0.295455,fail_lower,0.704545,-0.409091,overlap,0.0,2.713602
baseline_seed_1_30,skew,abs_dqs_minus_dq_bit__idelay_cntvaluein_skew__lane1__dq10__ctrl_3__dqs_vs_dq_bit__value_ps,abs_dqs_minus_dq_bit,idelay_cntvaluein_skew,lane1,dq10,3,dqs_vs_dq_bit,22,8,12.0,183.5,633.0,54.0,271.5,880.0,88.0,0.698864,fail_higher,0.698864,0.397727,overlap,0.0,2.638224
baseline_seed_1_30,skew,signed_lane1_minus_lane0_dq_median__idelay_cntvaluein_skew__all__no_bit__ctrl_0__lane1_vs_lane0_dq__value_ps,signed_lane1_minus_lane0_dq_median,idelay_cntvaluein_skew,all,,0,lane1_vs_lane0_dq,22,8,-556.0,-272.5,-145.5,-426.0,-204.0,-65.5,68.5,0.698864,fail_higher,0.698864,0.397727,overlap,0.0,2.638224
baseline_seed_1_30,skew,abs_lane1_minus_lane0_dq_median__idelay_cntvaluein_skew__all__no_bit__ctrl_0__lane1_vs_lane0_dq__value_ps,abs_lane1_minus_lane0_dq_median,idelay_cntvaluein_skew,all,,0,lane1_vs_lane0_dq,22,8,145.5,272.5,556.0,65.5,204.0,426.0,-68.5,0.301136,fail_lower,0.698864,-0.397727,overlap,0.0,2.638224
baseline_seed_1_30,skew,abs_dqs_minus_dq_bit__idelay_cntvaluein_skew__lane0__dq3__ctrl_2__dqs_vs_dq_bit__value_ps,abs_dqs_minus_dq_bit,idelay_cntvaluein_skew,lane0,dq3,2,dqs_vs_dq_bit,22,8,8.0,235.0,696.0,174.0,271.5,879.0,36.5,0.698864,fail_higher,0.698864,0.397727,overlap,0.0,2.638224
baseline_seed_1_30,skew,abs_dqs_minus_dq_bit__idelay_cntvaluein_skew__lane0__dq1__ctrl_1__dqs_vs_dq_bit__value_ps,abs_dqs_minus_dq_bit,idelay_cntvaluein_skew,lane0,dq1,1,dqs_vs_dq_bit,22,8,10.0,326.0,1118.0,3.0,124.5,587.0,-201.5,0.303977,fail_lower,0.696023,-0.392045,overlap,0.0,2.600535
baseline_seed_1_30,skew,abs_dqs_minus_dq_bit__idelay_cntvaluein_skew__lane1__dq8__ctrl_3__dqs_vs_dq_bit__value_ps,abs_dqs_minus_dq_bit,idelay_cntvaluein_skew,lane1,dq8,3,dqs_vs_dq_bit,22,8,25.0,183.0,901.0,26.0,332.0,615.0,149.0,0.696023,fail_higher,0.696023,0.392045,overlap,0.0,2.600535
baseline_seed_1_30,skew,abs_dqs_minus_dq_bit__idelay_cntvaluein_skew__lane0__dq4__ctrl_3__dqs_vs_dq_bit__value_ps,abs_dqs_minus_dq_bit,idelay_cntvaluein_skew,lane0,dq4,3,dqs_vs_dq_bit,22,8,3.0,268.0,728.0,51.0,428.5,884.0,160.5,0.693182,fail_higher,0.693182,0.386364,overlap,0.0,2.562846
baseline_seed_1_30,skew,abs_dqs_minus_dq_bit__idelay_cntvaluein_skew__lane0__dq1__ctrl_4__dqs_vs_dq_bit__value_ps,abs_dqs_minus_dq_bit,idelay_cntvaluein_skew,lane0,dq1,4,dqs_vs_dq_bit,22,8,8.0,422.5,896.0,8.0,148.5,754.0,-274.0,0.309659,fail_lower,0.690341,-0.380682,overlap,0.0,2.525158
baseline_seed_1_30,skew,abs_ld_minus_cntvaluein_dq_median__idelay_ld_cntvaluein_skew__lane0__no_bit__ctrl_0__ld_vs_cntvaluein_dq_lane__value_ps,abs_ld_minus_cntvaluein_dq_median,idelay_ld_cntvaluein_skew,lane0,,0,ld_vs_cntvaluein_dq_lane,22,8,18.0,175.5,682.0,154.5,266.5,554.5,91.0,0.690341,fail_higher,0.690341,0.380682,overlap,0.0,2.525158
baseline_seed_1_30,direct,direct_max__idelay_data_cntvaluein__lane0__dq3__ctrl_4__endpoint__value_ps,direct_max,idelay_data_cntvaluein,lane0,dq3,4,endpoint,22,8,1011.0,1435.0,2206.0,1077.0,1739.5,2134.0,304.5,0.6875,fail_higher,0.6875,0.375,overlap,0.0,2.487469
baseline_seed_1_30,skew,abs_dqs_minus_dq_median__idelay_cntvaluein_skew__lane0__dqs0__ctrl_4__dqs_vs_dq_lane__value_ps,abs_dqs_minus_dq_median,idelay_cntvaluein_skew,lane0,dqs0,4,dqs_vs_dq_lane,22,8,9.5,459.0,812.0,11.5,188.25,796.0,-270.75,0.3125,fail_lower,0.6875,-0.375,overlap,0.0,2.487469
baseline_seed_1_30,skew,abs_dqs_minus_dq_bit__idelay_cntvaluein_skew__lane0__dq2__ctrl_4__dqs_vs_dq_bit__value_ps,abs_dqs_minus_dq_bit,idelay_cntvaluein_skew,lane0,dq2,4,dqs_vs_dq_bit,22,8,2.0,494.5,863.0,11.0,227.0,744.0,-267.5,0.3125,fail_lower,0.6875,-0.375,overlap,0.0,2.487469
baseline_seed_1_30,skew,signed_dqs_minus_dq_bit__idelay_cntvaluein_skew__lane1__dq9__ctrl_3__dqs_vs_dq_bit__value_ps,signed_dqs_minus_dq_bit,idelay_cntvaluein_skew,lane1,dq9,3,dqs_vs_dq_bit,22,8,-536.0,73.0,551.0,-299.0,248.0,804.0,175.0,0.6875,fail_higher,0.6875,0.375,overlap,0.0,2.487469
baseline_seed_1_30,skew,abs_dqs_minus_dq_bit__idelay_cntvaluein_skew__lane1__dq11__ctrl_4__dqs_vs_dq_bit__value_ps,abs_dqs_minus_dq_bit,idelay_cntvaluein_skew,lane1,dq11,4,dqs_vs_dq_bit,22,8,10.0,277.5,803.0,18.0,164.0,422.0,-113.5,0.3125,fail_lower,0.6875,-0.375,overlap,0.0,2.487469
baseline_seed_1_30,skew,signed_ld_dqs_minus_dq_median__idelay_ld_skew__lane0__dqs0__ctrl_none__dqs_vs_dq_lane__value_ps,signed_ld_dqs_minus_dq_median,idelay_ld_skew,lane0,dqs0,,dqs_vs_dq_lane,22,8,-308.5,-14.5,236.5,-220.5,-120.25,106.5,-105.75,0.315341,fail_lower,0.684659,-0.369318,overlap,0.0,2.44978
baseline_seed_1_30,skew,signed_ld_minus_cntvaluein_dqs__idelay_ld_cntvaluein_skew__lane0__dqs0__ctrl_0__ld_vs_cntvaluein_dqs__value_ps,signed_ld_minus_cntvaluein_dqs,idelay_ld_cntvaluein_skew,lane0,dqs0,0,ld_vs_cntvaluein_dqs,22,8,-537.0,14.5,977.0,-1009.0,-320.5,474.0,-335.0,0.318182,fail_lower,0.681818,-0.363636,overlap,0.0,2.412091
baseline_seed_1_30,skew,signed_dqs_minus_dq_bit__idelay_cntvaluein_skew__lane0__dq2__ctrl_0__dqs_vs_dq_bit__value_ps,signed_dqs_minus_dq_bit,idelay_cntvaluein_skew,lane0,dq2,0,dqs_vs_dq_bit,22,8,-1005.0,-69.0,778.0,-254.0,125.5,779.0,194.5,0.681818,fail_higher,0.681818,0.363636,overlap,0.0,2.412091
baseline_seed_1_30,direct,direct_max__idelay_data_cntvaluein__lane1__dq11__ctrl_4__endpoint__value_ps,direct_max,idelay_data_cntvaluein,lane1,dq11,4,endpoint,22,8,785.0,1270.0,1950.0,936.0,1463.0,1809.0,193.0,0.681818,fail_higher,0.681818,0.363636,overlap,0.0,2.412091
baseline_seed_1_30,skew,dq_lane_range__iologic_skew__lane1__no_bit__ctrl_none__dq_lane__value_ps,dq_lane_range,iologic_skew,lane1,,,dq_lane,22,8,284.0,515.5,1152.0,385.0,695.5,1162.0,180.0,0.681818,fail_higher,0.681818,0.363636,overlap,0.0,2.412091
baseline_seed_1_30,skew,abs_dqs_minus_dq_bit__idelay_cntvaluein_skew__lane0__dq1__ctrl_3__dqs_vs_dq_bit__value_ps,abs_dqs_minus_dq_bit,idelay_cntvaluein_skew,lane0,dq1,3,dqs_vs_dq_bit,22,8,12.0,227.0,804.0,41.0,406.5,875.0,179.5,0.681818,fail_higher,0.681818,0.363636,overlap,0.0,2.412091
baseline_seed_1_30,direct,direct_max__idelay_ld__lane0__dq2__ctrl_none__endpoint__value_ps,direct_max,idelay_ld,lane0,dq2,,endpoint,22,8,1338.0,1714.0,2115.0,1437.0,1559.5,2217.0,-154.5,0.318182,fail_lower,0.681818,-0.363636,overlap,0.0,2.412091
baseline_seed_1_30,skew,dq_bus_skew_range__idelay_cntvaluein_skew__lane1__no_bit__ctrl_none__dq_lane_bus_skew__value_ps,dq_bus_skew_range,idelay_cntvaluein_skew,lane1,,,dq_lane_bus_skew,22,8,202.0,416.5,761.0,273.0,357.5,525.0,-59.0,0.318182,fail_lower,0.681818,-0.363636,overlap,0.0,2.412091
baseline_seed_1_30,direct,direct_max__idelay_data_cntvaluein__lane1__dq8__ctrl_4__endpoint__value_ps,direct_max,idelay_data_cntvaluein,lane1,dq8,4,endpoint,22,8,989.0,1359.0,2331.0,1192.0,1632.5,1886.0,273.5,0.676136,fail_higher,0.676136,0.352273,overlap,0.0,2.336713
baseline_seed_1_30,skew,abs_ld_minus_cntvaluein_dq_median__idelay_ld_cntvaluein_skew__lane1__no_bit__ctrl_3__ld_vs_cntvaluein_dq_lane__value_ps,abs_ld_minus_cntvaluein_dq_median,idelay_ld_cntvaluein_skew,lane1,,3,ld_vs_cntvaluein_dq_lane,22,8,12.5,114.75,533.5,100.5,259.5,500.0,144.75,0.676136,fail_higher,0.676136,0.352273,overlap,0.0,2.336713
baseline_seed_1_30,skew,abs_dqs_minus_dq_bit__idelay_cntvaluein_skew__lane0__dq5__ctrl_1__dqs_vs_dq_bit__value_ps,abs_dqs_minus_dq_bit,idelay_cntvaluein_skew,lane0,dq5,1,dqs_vs_dq_bit,22,8,58.0,287.0,993.0,46.0,147.0,557.0,-140.0,0.323864,fail_lower,0.676136,-0.352273,overlap,0.0,2.336713
baseline_seed_1_30,direct,cntvaluein_bus_skew__idelay_data_cntvaluein__lane1__dq15__ctrl_none__dq15__value_ps,cntvaluein_bus_skew,idelay_data_cntvaluein,lane1,dq15,,dq15,22,8,147.0,410.0,697.0,132.0,351.0,478.0,-59.0,0.323864,fail_lower,0.676136,-0.352273,overlap,0.0,2.336713
baseline_seed_1_30,direct,direct_max__idelay_data_cntvaluein__lane1__dq14__ctrl_4__endpoint__value_ps,direct_max,idelay_data_cntvaluein,lane1,dq14,4,endpoint,22,8,973.0,1439.5,2155.0,1105.0,1664.0,1896.0,224.5,0.670455,fail_higher,0.670455,0.340909,overlap,0.0,2.261335
baseline_seed_1_30,skew,abs_dqs_minus_dq_bit__idelay_cntvaluein_skew__lane0__dq4__ctrl_4__dqs_vs_dq_bit__value_ps,abs_dqs_minus_dq_bit,idelay_cntvaluein_skew,lane0,dq4,4,dqs_vs_dq_bit,22,8,24.0,469.5,886.0,5.0,264.5,738.0,-205.0,0.329545,fail_lower,0.670455,-0.340909,overlap,0.0,2.261335
baseline_seed_1_30,skew,abs_dqs_minus_dq_bit__idelay_cntvaluein_skew__lane0__dq6__ctrl_1__dqs_vs_dq_bit__value_ps,abs_dqs_minus_dq_bit,idelay_cntvaluein_skew,lane0,dq6,1,dqs_vs_dq_bit,22,8,42.0,355.0,1305.0,28.0,188.5,484.0,-166.5,0.329545,fail_lower,0.670455,-0.340909,overlap,0.0,2.261335
baseline_seed_1_30,skew,abs_dqs_minus_dq_bit__idelay_cntvaluein_skew__lane1__dq11__ctrl_1__dqs_vs_dq_bit__value_ps,abs_dqs_minus_dq_bit,idelay_cntvaluein_skew,lane1,dq11,1,dqs_vs_dq_bit,22,8,16.0,220.5,832.0,5.0,84.0,605.0,-136.5,0.329545,fail_lower,0.670455,-0.340909,overlap,0.0,2.261335
baseline_seed_1_30,skew,abs_ld_minus_cntvaluein_dq_median__idelay_ld_cntvaluein_skew__lane1__no_bit__ctrl_2__ld_vs_cntvaluein_dq_lane__value_ps,abs_ld_minus_cntvaluein_dq_median,idelay_ld_cntvaluein_skew,lane1,,2,ld_vs_cntvaluein_dq_lane,22,8,5.5,233.5,475.5,17.5,351.25,509.0,117.75,0.670455,fail_higher,0.670455,0.340909,overlap,0.0,2.261335
baseline_seed_1_30,skew,abs_ld_minus_cntvaluein_dqs__idelay_ld_cntvaluein_skew__lane0__dqs0__ctrl_3__ld_vs_cntvaluein_dqs__value_ps,abs_ld_minus_cntvaluein_dqs,idelay_ld_cntvaluein_skew,lane0,dqs0,3,ld_vs_cntvaluein_dqs,22,8,12.0,166.0,1378.0,8.0,423.0,678.0,257.0,0.664773,fail_higher,0.664773,0.329545,overlap,0.0,2.185957
baseline_seed_1_30,skew,abs_ld_minus_cntvaluein_dq_median__idelay_ld_cntvaluein_skew__lane0__no_bit__ctrl_2__ld_vs_cntvaluein_dq_lane__value_ps,abs_ld_minus_cntvaluein_dq_median,idelay_ld_cntvaluein_skew,lane0,,2,ld_vs_cntvaluein_dq_lane,22,8,20.0,145.75,779.0,64.5,319.0,702.5,173.25,0.664773,fail_higher,0.664773,0.329545,overlap,0.0,2.185957
baseline_seed_1_30,direct,control_fanout_spread__idelay_data_cntvaluein__lane0__no_bit__ctrl_3__lane_control_bit__value_ps,control_fanout_spread,idelay_data_cntvaluein,lane0,,3,lane_control_bit,22,8,193.0,374.0,624.0,273.0,491.0,691.0,117.0,0.664773,fail_higher,0.664773,0.329545,overlap,0.0,2.185957
baseline_seed_1_30,skew,dq_lane_range__idelay_cntvaluein_skew__lane0__no_bit__ctrl_3__dq_lane__value_ps,dq_lane_range,idelay_cntvaluein_skew,lane0,,3,dq_lane,22,8,193.0,374.0,624.0,273.0,491.0,691.0,117.0,0.664773,fail_higher,0.664773,0.329545,overlap,0.0,2.185957
baseline_seed_1_30,skew,signed_dqs_minus_dq_bit__idelay_cntvaluein_skew__lane0__dq6__ctrl_0__dqs_vs_dq_bit__value_ps,signed_dqs_minus_dq_bit,idelay_cntvaluein_skew,lane0,dq6,0,dqs_vs_dq_bit,22,8,-816.0,-60.5,682.0,-212.0,52.5,744.0,113.0,0.664773,fail_higher,0.664773,0.329545,overlap,0.0,2.185957
baseline_seed_1_30,skew,abs_dqs_minus_dq_bit__idelay_cntvaluein_skew__lane1__dq9__ctrl_3__dqs_vs_dq_bit__value_ps,abs_dqs_minus_dq_bit,idelay_cntvaluein_skew,lane1,dq9,3,dqs_vs_dq_bit,22,8,1.0,194.5,551.0,11.0,286.0,804.0,91.5,0.664773,fail_higher,0.664773,0.329545,overlap,0.0,2.185957
baseline_seed_1_30,skew,abs_dqs_minus_dq_bit__idelay_cntvaluein_skew__lane0__dq0__ctrl_3__dqs_vs_dq_bit__value_ps,abs_dqs_minus_dq_bit,idelay_cntvaluein_skew,lane0,dq0,3,dqs_vs_dq_bit,22,8,25.0,320.5,781.0,132.0,384.5,796.0,64.0,0.664773,fail_higher,0.664773,0.329545,overlap,0.0,2.185957
baseline_seed_1_30,skew,abs_dqs_minus_dq_bit__idelay_cntvaluein_skew__lane0__dq0__ctrl_4__dqs_vs_dq_bit__value_ps,abs_dqs_minus_dq_bit,idelay_cntvaluein_skew,lane0,dq0,4,dqs_vs_dq_bit,22,8,23.0,370.0,791.0,77.0,135.0,755.0,-235.0,0.338068,fail_lower,0.661932,-0.323864,overlap,0.0,2.148268
baseline_seed_1_30,skew,abs_dqs_minus_dq_median__idelay_cntvaluein_skew__lane0__dqs0__ctrl_3__dqs_vs_dq_lane__value_ps,abs_dqs_minus_dq_median,idelay_cntvaluein_skew,lane0,dqs0,3,dqs_vs_dq_lane,22,8,33.5,258.25,729.5,122.5,385.0,865.0,126.75,0.653409,fail_higher,0.653409,0.306818,overlap,0.0,2.035202
baseline_seed_1_30,skew,signed_dqs_minus_dq_median__idelay_cntvaluein_skew__lane0__dqs0__ctrl_0__dqs_vs_dq_lane__value_ps,signed_dqs_minus_dq_median,idelay_cntvaluein_skew,lane0,dqs0,0,dqs_vs_dq_lane,22,8,-923.0,-70.25,869.0,-166.0,16.25,904.0,86.5,0.653409,fail_higher,0.653409,0.306818,overlap,0.0,2.035202
baseline_seed_1_30,direct,direct_max__idelay_dqs_cntvaluein__lane1__dqs1__ctrl_0__endpoint__value_ps,direct_max,idelay_dqs_cntvaluein,lane1,dqs1,0,endpoint,22,8,975.0,1350.0,2062.0,1082.0,1467.5,2325.0,117.5,0.650568,fail_higher,0.650568,0.301136,overlap,0.0,1.997513
baseline_seed_1_30,skew,abs_ld_dqs_minus_dq_median__idelay_ld_skew__lane0__dqs0__ctrl_none__dqs_vs_dq_lane__value_ps,abs_ld_dqs_minus_dq_median,idelay_ld_skew,lane0,dqs0,,dqs_vs_dq_lane,22,8,1.5,65.25,308.5,44.0,120.5,220.5,55.25,0.650568,fail_higher,0.650568,0.301136,overlap,0.0,1.997513
baseline_seed_1_30,skew,abs_dqs_minus_dq_bit__idelay_cntvaluein_skew__lane0__dq0__ctrl_2__dqs_vs_dq_bit__value_ps,abs_dqs_minus_dq_bit,idelay_cntvaluein_skew,lane0,dq0,2,dqs_vs_dq_bit,22,8,2.0,269.5,728.0,67.0,432.5,795.0,163.0,0.647727,fail_higher,0.647727,0.295455,overlap,0.0,1.959824
baseline_seed_1_30,direct,direct_max__idelay_data_cntvaluein__lane1__dq11__ctrl_1__endpoint__value_ps,direct_max,idelay_data_cntvaluein,lane1,dq11,1,endpoint,22,8,1074.0,1313.0,1832.0,953.0,1190.5,1649.0,-122.5,0.352273,fail_lower,0.647727,-0.295455,overlap,0.0,1.959824
baseline_seed_1_30,direct,direct_max__idelay_ld__lane0__dq7__ctrl_none__endpoint__value_ps,direct_max,idelay_ld,lane0,dq7,,endpoint,22,8,1315.0,1746.0,2410.0,1435.0,1625.5,2270.0,-120.5,0.352273,fail_lower,0.647727,-0.295455,overlap,0.0,1.959824
baseline_seed_1_30,skew,abs_ld_minus_cntvaluein_dq_median__idelay_ld_cntvaluein_skew__lane1__no_bit__ctrl_1__ld_vs_cntvaluein_dq_lane__value_ps,abs_ld_minus_cntvaluein_dq_median,idelay_ld_cntvaluein_skew,lane1,,1,ld_vs_cntvaluein_dq_lane,22,8,12.0,245.25,547.5,33.0,360.75,516.5,115.5,0.647727,fail_higher,0.647727,0.295455,overlap,0.0,1.959824
baseline_seed_1_30,skew,abs_dqs_minus_dq_bit__idelay_cntvaluein_skew__lane0__dq7__ctrl_4__dqs_vs_dq_bit__value_ps,abs_dqs_minus_dq_bit,idelay_cntvaluein_skew,lane0,dq7,4,dqs_vs_dq_bit,22,8,43.0,415.0,951.0,28.0,308.5,918.0,-106.5,0.352273,fail_lower,0.647727,-0.295455,overlap,0.0,1.959824
baseline_seed_1_30,skew,signed_dqs_minus_dq_bit__idelay_cntvaluein_skew__lane0__dq4__ctrl_0__dqs_vs_dq_bit__value_ps,signed_dqs_minus_dq_bit,idelay_cntvaluein_skew,lane0,dq4,0,dqs_vs_dq_bit,22,8,-998.0,-91.0,691.0,-209.0,-9.5,937.0,81.5,0.647727,fail_higher,0.647727,0.295455,overlap,0.0,1.959824
baseline_seed_1_30,skew,abs_dqs_minus_dq_bit__idelay_cntvaluein_skew__lane0__dq5__ctrl_4__dqs_vs_dq_bit__value_ps,abs_dqs_minus_dq_bit,idelay_cntvaluein_skew,lane0,dq5,4,dqs_vs_dq_bit,22,8,3.0,424.0,864.0,20.0,217.5,864.0,-206.5,0.355114,fail_lower,0.644886,-0.289773,overlap,0.0,1.922135
baseline_seed_1_30,direct,direct_max__idelay_data_cntvaluein__lane0__dq3__ctrl_1__endpoint__value_ps,direct_max,idelay_data_cntvaluein,lane0,dq3,1,endpoint,22,8,1031.0,1506.0,2131.0,1154.0,1369.5,1807.0,-136.5,0.357955,fail_lower,0.642045,-0.284091,overlap,0.0,1.884446
baseline_seed_1_30,direct,direct_max__idelay_data_cntvaluein__lane1__dq9__ctrl_3__endpoint__value_ps,direct_max,idelay_data_cntvaluein,lane1,dq9,3,endpoint,22,8,1062.0,1339.0,1815.0,894.0,1208.0,1590.0,-131.0,0.357955,fail_lower,0.642045,-0.284091,overlap,0.0,1.884446
baseline_seed_1_30,direct,direct_max__idelay_data_cntvaluein__lane1__dq13__ctrl_4__endpoint__value_ps,direct_max,idelay_data_cntvaluein,lane1,dq13,4,endpoint,22,8,873.0,1331.5,2038.0,848.0,1455.0,1896.0,123.5,0.642045,fail_higher,0.642045,0.284091,overlap,0.0,1.884446
baseline_seed_1_30,direct,direct_max__idelay_data_cntvaluein__lane0__dq5__ctrl_1__endpoint__value_ps,direct_max,idelay_data_cntvaluein,lane0,dq5,1,endpoint,22,8,1116.0,1569.5,2051.0,1235.0,1454.5,1791.0,-115.0,0.357955,fail_lower,0.642045,-0.284091,overlap,0.0,1.884446
baseline_seed_1_30,skew,abs_dqs_bus_skew_minus_dq_median__idelay_cntvaluein_skew__lane0__dqs0__ctrl_none__dqs_vs_dq_bus_skew__value_ps,abs_dqs_bus_skew_minus_dq_median,idelay_cntvaluein_skew,lane0,dqs0,,dqs_vs_dq_bus_skew,22,8,62.5,291.5,659.0,28.5,187.0,509.0,-104.5,0.357955,fail_lower,0.642045,-0.284091,overlap,0.0,1.884446
baseline_seed_1_30,skew,abs_dqs_minus_dq_median__idelay_cntvaluein_skew__lane1__dqs1__ctrl_3__dqs_vs_dq_lane__value_ps,abs_dqs_minus_dq_median,idelay_cntvaluein_skew,lane1,dqs1,3,dqs_vs_dq_lane,22,8,0.0,137.25,603.5,93.0,240.75,796.5,103.5,0.642045,fail_higher,0.642045,0.284091,overlap,0.0,1.884446
baseline_seed_1_30,direct,direct_max__dq_iologic__lane1__dq11__ctrl_none__endpoint__value_ps,direct_max,dq_iologic,lane1,dq11,,endpoint,22,8,2223.0,2460.0,3805.0,2325.0,2714.0,3190.0,254.0,0.636364,fail_higher,0.636364,0.272727,overlap,0.0,1.809068
baseline_seed_1_30,direct,direct_max__idelay_data_cntvaluein__lane0__dq4__ctrl_4__endpoint__value_ps,direct_max,idelay_data_cntvaluein,lane0,dq4,4,endpoint,22,8,1024.0,1636.0,2358.0,1184.0,1961.5,2161.0,325.5,0.633523,fail_higher,0.633523,0.267045,overlap,0.0,1.771379
baseline_seed_1_30,skew,abs_ld_minus_cntvaluein_dqs__idelay_ld_cntvaluein_skew__lane1__dqs1__ctrl_2__ld_vs_cntvaluein_dqs__value_ps,abs_ld_minus_cntvaluein_dqs,idelay_ld_cntvaluein_skew,lane1,dqs1,2,ld_vs_cntvaluein_dqs,22,8,11.0,218.5,755.0,47.0,413.0,599.0,194.5,0.630682,fail_higher,0.630682,0.261364,overlap,0.0,1.73369
baseline_seed_1_30,direct,direct_max__idelay_dqs_cntvaluein__lane1__dqs1__ctrl_4__endpoint__value_ps,direct_max,idelay_dqs_cntvaluein,lane1,dqs1,4,endpoint,22,8,1004.0,1222.5,1789.0,1154.0,1415.5,1644.0,193.0,0.630682,fail_higher,0.630682,0.261364,overlap,0.0,1.73369
baseline_seed_1_30,skew,signed_dqs_minus_dq_bit__idelay_cntvaluein_skew__lane1__dq15__ctrl_3__dqs_vs_dq_bit__value_ps,signed_dqs_minus_dq_bit,idelay_cntvaluein_skew,lane1,dq15,3,dqs_vs_dq_bit,22,8,-619.0,94.5,772.0,-207.0,261.5,886.0,167.0,0.630682,fail_higher,0.630682,0.261364,overlap,0.0,1.73369
baseline_seed_1_30,skew,abs_dqs_minus_dq_bit__idelay_cntvaluein_skew__lane0__dq7__ctrl_1__dqs_vs_dq_bit__value_ps,abs_dqs_minus_dq_bit,idelay_cntvaluein_skew,lane0,dq7,1,dqs_vs_dq_bit,22,8,15.0,355.0,1302.0,0.0,191.5,571.0,-163.5,0.369318,fail_lower,0.630682,-0.261364,overlap,0.0,1.73369
baseline_seed_1_30,direct,direct_max__idelay_data_cntvaluein__lane0__dq1__ctrl_1__endpoint__value_ps,direct_max,idelay_data_cntvaluein,lane0,dq1,1,endpoint,22,8,1141.0,1687.0,2632.0,1133.0,1602.5,1950.0,-84.5,0.369318,fail_lower,0.630682,-0.261364,overlap,0.0,1.73369
baseline_seed_1_30,skew,abs_ld_minus_cntvaluein_dq_median__idelay_ld_cntvaluein_skew__lane1__no_bit__ctrl_4__ld_vs_cntvaluein_dq_lane__value_ps,abs_ld_minus_cntvaluein_dq_median,idelay_ld_cntvaluein_skew,lane1,,4,ld_vs_cntvaluein_dq_lane,22,8,3.0,284.25,619.5,25.0,224.25,521.0,-60.0,0.369318,fail_lower,0.630682,-0.261364,overlap,0.0,1.73369
baseline_seed_1_30,direct,direct_max__idelay_data_cntvaluein__lane0__dq2__ctrl_1__endpoint__value_ps,direct_max,idelay_data_cntvaluein,lane0,dq2,1,endpoint,22,8,1200.0,1718.5,2726.0,1228.0,1655.0,1858.0,-63.5,0.372159,fail_lower,0.627841,-0.255682,overlap,0.0,1.696001
baseline_seed_1_30,direct,direct_max__idelay_data_cntvaluein__lane0__dq4__ctrl_1__endpoint__value_ps,direct_max,idelay_data_cntvaluein,lane0,dq4,1,endpoint,22,8,1172.0,1706.0,2723.0,1218.0,1643.5,1940.0,-62.5,0.372159,fail_lower,0.627841,-0.255682,overlap,0.0,1.696001
baseline_seed_1_30,direct,direct_max__idelay_data_cntvaluein__lane0__dq7__ctrl_4__endpoint__value_ps,direct_max,idelay_data_cntvaluein,lane0,dq7,4,endpoint,22,8,944.0,1703.5,2446.0,1279.0,2047.0,2256.0,343.5,0.625,fail_higher,0.625,0.25,overlap,0.0,1.658312
baseline_seed_1_30,skew,signed_ld_minus_cntvaluein_dqs__idelay_ld_cntvaluein_skew__lane0__dqs0__ctrl_3__ld_vs_cntvaluein_dqs__value_ps,signed_ld_minus_cntvaluein_dqs,idelay_ld_cntvaluein_skew,lane0,dqs0,3,ld_vs_cntvaluein_dqs,22,8,-588.0,-34.5,1378.0,-678.0,-332.0,542.0,-297.5,0.375,fail_lower,0.625,-0.25,overlap,0.0,1.658312
baseline_seed_1_30,direct,direct_max__idelay_data_cntvaluein__lane1__dq12__ctrl_4__endpoint__value_ps,direct_max,idelay_data_cntvaluein,lane1,dq12,4,endpoint,22,8,953.0,1446.0,2236.0,1093.0,1606.5,1870.0,160.5,0.625,fail_higher,0.625,0.25,overlap,0.0,1.658312
baseline_seed_1_30,skew,abs_dqs_minus_dq_bit__idelay_cntvaluein_skew__lane0__dq3__ctrl_4__dqs_vs_dq_bit__value_ps,abs_dqs_minus_dq_bit,idelay_cntvaluein_skew,lane0,dq3,4,dqs_vs_dq_bit,22,8,21.0,380.0,785.0,8.0,221.0,866.0,-159.0,0.375,fail_lower,0.625,-0.25,overlap,0.0,1.658312
baseline_seed_1_30,direct,cntvaluein_bus_skew__idelay_data_cntvaluein__lane0__dq2__ctrl_none__dq2__value_ps,cntvaluein_bus_skew,idelay_data_cntvaluein,lane0,dq2,,dq2,22,8,306.0,659.0,1179.0,268.0,515.5,968.0,-143.5,0.375,fail_lower,0.625,-0.25,overlap,0.0,1.658312
baseline_seed_1_30,skew,abs_ld_minus_cntvaluein_dq_median__idelay_ld_cntvaluein_skew__lane0__no_bit__ctrl_1__ld_vs_cntvaluein_dq_lane__value_ps,abs_ld_minus_cntvaluein_dq_median,idelay_ld_cntvaluein_skew,lane0,,1,ld_vs_cntvaluein_dq_lane,22,8,3.5,331.0,884.0,34.0,207.75,394.5,-123.25,0.375,fail_lower,0.625,-0.25,overlap,0.0,1.658312
baseline_seed_1_30,skew,abs_dqs_minus_dq_median__idelay_cntvaluein_skew__lane1__dqs1__ctrl_1__dqs_vs_dq_lane__value_ps,abs_dqs_minus_dq_median,idelay_cntvaluein_skew,lane1,dqs1,1,dqs_vs_dq_lane,22,8,30.5,213.25,892.0,21.0,131.5,488.5,-81.75,0.375,fail_lower,0.625,-0.25,overlap,0.0,1.658312
baseline_seed_1_30,direct,direct_max__idelay_ld__lane0__dqs0__ctrl_none__endpoint__value_ps,direct_max,idelay_ld,lane0,dqs0,,endpoint,22,8,1353.0,1549.5,2302.0,1296.0,1518.5,2091.0,-31.0,0.375,fail_lower,0.625,-0.25,overlap,0.0,1.658312
baseline_seed_1_30,skew,abs_dqs_minus_dq_bit__idelay_cntvaluein_skew__lane1__dq13__ctrl_3__dqs_vs_dq_bit__value_ps,abs_dqs_minus_dq_bit,idelay_cntvaluein_skew,lane1,dq13,3,dqs_vs_dq_bit,22,8,1.0,171.5,574.0,79.0,165.5,704.0,-6.0,0.625,fail_higher,0.625,0.25,overlap,0.0,1.658312
baseline_seed_1_30,direct,direct_max__idelay_ld__lane1__dq9__ctrl_none__endpoint__value_ps,direct_max,idelay_ld,lane1,dq9,,endpoint,22,8,1013.0,1363.5,1797.0,1042.0,1154.0,1700.0,-209.5,0.377841,fail_lower,0.622159,-0.244318,overlap,0.0,1.620623
baseline_seed_1_30,direct,direct_max__idelay_data_cntvaluein__lane1__dq10__ctrl_1__endpoint__value_ps,direct_max,idelay_data_cntvaluein,lane1,dq10,1,endpoint,22,8,963.0,1444.5,1998.0,1013.0,1248.5,1843.0,-196.0,0.380682,fail_lower,0.619318,-0.238636,overlap,0.0,1.582935
baseline_seed_1_30,direct,direct_max__idelay_data_cntvaluein__lane1__dq10__ctrl_4__endpoint__value_ps,direct_max,idelay_data_cntvaluein,lane1,dq10,4,endpoint,22,8,945.0,1374.5,2062.0,1009.0,1562.0,1820.0,187.5,0.619318,fail_higher,0.619318,0.238636,overlap,0.0,1.582935
baseline_seed_1_30,direct,direct_max__idelay_dqs_cntvaluein__lane0__dqs0__ctrl_0__endpoint__value_ps,direct_max,idelay_dqs_cntvaluein,lane0,dqs0,0,endpoint,22,8,958.0,1611.5,2061.0,1085.0,1743.5,2591.0,132.0,0.619318,fail_higher,0.619318,0.238636,overlap,0.0,1.582935
baseline_seed_1_30,direct,cntvaluein_bus_skew__idelay_data_cntvaluein__lane1__dq10__ctrl_none__dq10__value_ps,cntvaluein_bus_skew,idelay_data_cntvaluein,lane1,dq10,,dq10,22,8,272.0,565.5,1075.0,227.0,465.5,808.0,-100.0,0.380682,fail_lower,0.619318,-0.238636,overlap,0.0,1.582935
baseline_seed_1_30,skew,signed_dqs_minus_dq_bit__idelay_cntvaluein_skew__lane1__dq9__ctrl_0__dqs_vs_dq_bit__value_ps,signed_dqs_minus_dq_bit,idelay_cntvaluein_skew,lane1,dq9,0,dqs_vs_dq_bit,22,8,-585.0,137.5,715.0,-184.0,236.0,1018.0,98.5,0.619318,fail_higher,0.619318,0.238636,overlap,0.0,1.582935
baseline_seed_1_30,direct,cntvaluein_bus_skew__idelay_data_cntvaluein__lane0__dq0__ctrl_none__dq0__value_ps,cntvaluein_bus_skew,idelay_data_cntvaluein,lane0,dq0,,dq0,22,8,388.0,651.5,1185.0,283.0,602.0,995.0,-49.5,0.380682,fail_lower,0.619318,-0.238636,overlap,0.0,1.582935
baseline_seed_1_30,skew,abs_dqs_minus_dq_bit__idelay_cntvaluein_skew__lane1__dq15__ctrl_3__dqs_vs_dq_bit__value_ps,abs_dqs_minus_dq_bit,idelay_cntvaluein_skew,lane1,dq15,3,dqs_vs_dq_bit,22,8,3.0,228.5,772.0,56.0,261.5,886.0,33.0,0.619318,fail_higher,0.619318,0.238636,overlap,0.0,1.582935
baseline_seed_1_30,direct,lane_spread__idelay_data_cntvaluein__lane1__no_bit__ctrl_none__lane__value_ps,lane_spread,idelay_data_cntvaluein,lane1,,,lane,22,8,591.0,877.5,1332.0,510.0,857.5,1042.0,-20.0,0.380682,fail_lower,0.619318,-0.238636,overlap,0.0,1.582935
baseline_seed_1_30,direct,cntvaluein_bus_skew__idelay_data_cntvaluein__lane0__dq3__ctrl_none__dq3__value_ps,cntvaluein_bus_skew,idelay_data_cntvaluein,lane0,dq3,,dq3,22,8,293.0,628.5,1249.0,303.0,496.5,853.0,-132.0,0.386364,fail_lower,0.613636,-0.227273,overlap,0.0,1.507557
baseline_seed_1_30,direct,direct_max__dq_iologic__lane1__dq15__ctrl_none__endpoint__value_ps,direct_max,dq_iologic,lane1,dq15,,endpoint,22,8,1904.0,2416.0,3944.0,1942.0,2513.5,3326.0,97.5,0.613636,fail_higher,0.613636,0.227273,overlap,0.0,1.507557
baseline_seed_1_30,direct,direct_max__idelay_data_cntvaluein__lane0__dq7__ctrl_1__endpoint__value_ps,direct_max,idelay_data_cntvaluein,lane0,dq7,1,endpoint,22,8,1291.0,1809.5,2816.0,1312.0,1720.0,1934.0,-89.5,0.386364,fail_lower,0.613636,-0.227273,overlap,0.0,1.507557
baseline_seed_1_30,direct,direct_max__idelay_data_cntvaluein__lane1__dq13__ctrl_1__endpoint__value_ps,direct_max,idelay_data_cntvaluein,lane1,dq13,1,endpoint,22,8,1136.0,1364.5,1703.0,941.0,1282.5,1731.0,-82.0,0.386364,fail_lower,0.613636,-0.227273,overlap,0.0,1.507557
baseline_seed_1_30,skew,abs_dqs_minus_dq_bit__idelay_cntvaluein_skew__lane1__dq12__ctrl_1__dqs_vs_dq_bit__value_ps,abs_dqs_minus_dq_bit,idelay_cntvaluein_skew,lane1,dq12,1,dqs_vs_dq_bit,22,8,41.0,288.0,760.0,16.0,210.5,508.0,-77.5,0.386364,fail_lower,0.613636,-0.227273,overlap,0.0,1.507557
baseline_seed_1_30,skew,abs_dqs_minus_dq_median__iologic_skew__lane1__dqs1__ctrl_none__dqs_vs_dq_lane__value_ps,abs_dqs_minus_dq_median,iologic_skew,lane1,dqs1,,dqs_vs_dq_lane,22,8,0.0,210.25,1416.0,85.5,285.5,706.0,75.25,0.613636,fail_higher,0.613636,0.227273,overlap,0.0,1.507557
baseline_seed_1_30,direct,direct_max__idelay_data_cntvaluein__lane0__dq1__ctrl_4__endpoint__value_ps,direct_max,idelay_data_cntvaluein,lane0,dq1,4,endpoint,22,8,1082.0,1680.5,2388.0,1095.0,1938.5,2135.0,258.0,0.610795,fail_higher,0.610795,0.221591,overlap,0.0,1.469868
baseline_seed_1_30,direct,direct_max__idelay_data_cntvaluein__lane1__dq15__ctrl_3__endpoint__value_ps,direct_max,idelay_data_cntvaluein,lane1,dq15,3,endpoint,22,8,958.0,1294.5,1898.0,810.0,1200.0,1559.0,-94.5,0.389205,fail_lower,0.610795,-0.221591,overlap,0.0,1.469868
baseline_seed_1_30,skew,abs_lane1_minus_lane0_dqs__idelay_cntvaluein_skew__all__no_bit__ctrl_1__lane1_vs_lane0_dqs__value_ps,abs_lane1_minus_lane0_dqs,idelay_cntvaluein_skew,all,,1,lane1_vs_lane0_dqs,22,8,8.0,275.0,447.0,85.0,232.0,414.0,-43.0,0.389205,fail_lower,0.610795,-0.221591,overlap,0.0,1.469868
baseline_seed_1_30,skew,signed_ld_minus_cntvaluein_dqs__idelay_ld_cntvaluein_skew__lane0__dqs0__ctrl_4__ld_vs_cntvaluein_dqs__value_ps,signed_ld_minus_cntvaluein_dqs,idelay_ld_cntvaluein_skew,lane0,dqs0,4,ld_vs_cntvaluein_dqs,22,8,-784.0,72.0,1151.0,-496.0,-178.0,314.0,-250.0,0.392045,fail_lower,0.607955,-0.215909,overlap,0.0,1.432179
baseline_seed_1_30,skew,signed_dqs_minus_dq_bit__idelay_cntvaluein_skew__lane1__dq14__ctrl_3__dqs_vs_dq_bit__value_ps,signed_dqs_minus_dq_bit,idelay_cntvaluein_skew,lane1,dq14,3,dqs_vs_dq_bit,22,8,-809.0,-36.5,351.0,-480.0,-278.0,707.0,-241.5,0.392045,fail_lower,0.607955,-0.215909,overlap,0.0,1.432179
baseline_seed_1_30,direct,direct_max__dqs_iologic__lane1__dqs1__ctrl_none__endpoint__value_ps,direct_max,dqs_iologic,lane1,dqs1,,endpoint,22,8,2121.0,2781.5,3884.0,2542.0,3007.5,3150.0,226.0,0.607955,fail_higher,0.607955,0.215909,overlap,0.0,1.432179
baseline_seed_1_30,direct,lane_spread__dqs_iologic__lane1__no_bit__ctrl_none__lane__value_ps,lane_spread,dqs_iologic,lane1,,,lane,22,8,2121.0,2781.5,3884.0,2542.0,3007.5,3150.0,226.0,0.607955,fail_higher,0.607955,0.215909,overlap,0.0,1.432179
baseline_seed_1_30,direct,control_fanout_spread__idelay_data_cntvaluein__lane1__no_bit__ctrl_0__lane_control_bit__value_ps,control_fanout_spread,idelay_data_cntvaluein,lane1,,0,lane_control_bit,22,8,140.0,378.5,781.0,211.0,476.5,693.0,98.0,0.607955,fail_higher,0.607955,0.215909,overlap,0.0,1.432179
baseline_seed_1_30,skew,dq_lane_range__idelay_cntvaluein_skew__lane1__no_bit__ctrl_0__dq_lane__value_ps,dq_lane_range,idelay_cntvaluein_skew,lane1,,0,dq_lane,22,8,140.0,378.5,781.0,211.0,476.5,693.0,98.0,0.607955,fail_higher,0.607955,0.215909,overlap,0.0,1.432179
baseline_seed_1_30,skew,abs_dqs_minus_dq_bit__idelay_cntvaluein_skew__lane0__dq6__ctrl_0__dqs_vs_dq_bit__value_ps,abs_dqs_minus_dq_bit,idelay_cntvaluein_skew,lane0,dq6,0,dqs_vs_dq_bit,22,8,20.0,268.0,816.0,9.0,177.0,744.0,-91.0,0.392045,fail_lower,0.607955,-0.215909,overlap,0.0,1.432179
baseline_seed_1_30,skew,abs_dqs_minus_dq_bit__idelay_cntvaluein_skew__lane1__dq13__ctrl_4__dqs_vs_dq_bit__value_ps,abs_dqs_minus_dq_bit,idelay_cntvaluein_skew,lane1,dq13,4,dqs_vs_dq_bit,22,8,60.0,278.0,795.0,0.0,192.5,510.0,-85.5,0.392045,fail_lower,0.607955,-0.215909,overlap,0.0,1.432179
baseline_seed_1_30,skew,signed_lane1_minus_lane0_dqs__idelay_cntvaluein_skew__all__no_bit__ctrl_1__lane1_vs_lane0_dqs__value_ps,signed_lane1_minus_lane0_dqs,idelay_cntvaluein_skew,all,,1,lane1_vs_lane0_dqs,22,8,-447.0,-275.0,85.0,-414.0,-232.0,-85.0,43.0,0.607955,fail_higher,0.607955,0.215909,overlap,0.0,1.432179
baseline_seed_1_30,skew,abs_dqs_minus_dq_bit__idelay_cntvaluein_skew__lane1__dq9__ctrl_1__dqs_vs_dq_bit__value_ps,abs_dqs_minus_dq_bit,idelay_cntvaluein_skew,lane1,dq9,1,dqs_vs_dq_bit,22,8,28.0,232.5,906.0,21.0,191.0,377.0,-41.5,0.392045,fail_lower,0.607955,-0.215909,overlap,0.0,1.432179
baseline_seed_1_30,skew,ld_dq_lane_range__idelay_ld_skew__lane0__no_bit__ctrl_none__dq_lane__value_ps,ld_dq_lane_range,idelay_ld_skew,lane0,,,dq_lane,22,8,191.0,349.0,705.0,232.0,378.0,474.0,29.0,0.607955,fail_higher,0.607955,0.215909,overlap,0.0,1.432179
baseline_seed_1_30,direct,control_fanout_spread__idelay_data_cntvaluein__lane0__no_bit__ctrl_0__lane_control_bit__value_ps,control_fanout_spread,idelay_data_cntvaluein,lane0,,0,lane_control_bit,22,8,220.0,366.0,626.0,181.0,338.0,404.0,-28.0,0.392045,fail_lower,0.607955,-0.215909,overlap,0.0,1.432179
baseline_seed_1_30,skew,dq_lane_range__idelay_cntvaluein_skew__lane0__no_bit__ctrl_0__dq_lane__value_ps,dq_lane_range,idelay_cntvaluein_skew,lane0,,0,dq_lane,22,8,220.0,366.0,626.0,181.0,338.0,404.0,-28.0,0.392045,fail_lower,0.607955,-0.215909,overlap,0.0,1.432179
baseline_seed_1_30,direct,direct_max__idelay_data_cntvaluein__lane0__dq0__ctrl_4__endpoint__value_ps,direct_max,idelay_data_cntvaluein,lane0,dq0,4,endpoint,22,8,1128.0,1615.0,2384.0,1088.0,1922.0,2076.0,307.0,0.605114,fail_higher,0.605114,0.210227,overlap,0.0,1.39449
baseline_seed_1_30,direct,lane_spread__idelay_ld__lane0__no_bit__ctrl_none__lane__value_ps,lane_spread,idelay_ld,lane0,,,lane,22,8,220.0,361.5,705.0,232.0,386.5,501.0,25.0,0.605114,fail_higher,0.605114,0.210227,overlap,0.0,1.39449
baseline_seed_1_30,skew,signed_ld_minus_cntvaluein_dqs__idelay_ld_cntvaluein_skew__lane1__dqs1__ctrl_0__ld_vs_cntvaluein_dqs__value_ps,signed_ld_minus_cntvaluein_dqs,idelay_ld_cntvaluein_skew,lane1,dqs1,0,ld_vs_cntvaluein_dqs,22,8,-484.0,141.0,988.0,-409.0,-147.5,488.0,-288.5,0.397727,fail_lower,0.602273,-0.204545,overlap,0.0,1.356801
baseline_seed_1_30,skew,signed_dqs_minus_dq_bit__idelay_cntvaluein_skew__lane0__dq5__ctrl_4__dqs_vs_dq_bit__value_ps,signed_dqs_minus_dq_bit,idelay_cntvaluein_skew,lane0,dq5,4,dqs_vs_dq_bit,22,8,-674.0,156.5,864.0,-864.0,-50.5,291.0,-207.0,0.397727,fail_lower,0.602273,-0.204545,overlap,0.0,1.356801
baseline_seed_1_30,skew,signed_ld_minus_cntvaluein_dq_median__idelay_ld_cntvaluein_skew__lane1__no_bit__ctrl_1__ld_vs_cntvaluein_dq_lane__value_ps,signed_ld_minus_cntvaluein_dq_median,idelay_ld_cntvaluein_skew,lane1,,1,ld_vs_cntvaluein_dq_lane,22,8,-412.0,134.0,547.5,-328.5,324.5,516.5,190.5,0.602273,fail_higher,0.602273,0.204545,overlap,0.0,1.356801
baseline_seed_1_30,skew,signed_ld_minus_cntvaluein_dq_median__idelay_ld_cntvaluein_skew__lane0__no_bit__ctrl_4__ld_vs_cntvaluein_dq_lane__value_ps,signed_ld_minus_cntvaluein_dq_median,idelay_ld_cntvaluein_skew,lane0,,4,ld_vs_cntvaluein_dq_lane,22,8,-765.5,81.5,862.0,-588.5,-90.0,378.0,-171.5,0.397727,fail_lower,0.602273,-0.204545,overlap,0.0,1.356801
baseline_seed_1_30,direct,direct_max__idelay_data_cntvaluein__lane0__dq6__ctrl_1__endpoint__value_ps,direct_max,idelay_data_cntvaluein,lane0,dq6,1,endpoint,22,8,1208.0,1809.0,2819.0,1144.0,1720.0,1894.0,-89.0,0.397727,fail_lower,0.602273,-0.204545,overlap,0.0,1.356801
baseline_seed_1_30,direct,cntvaluein_bus_skew__idelay_dqs_cntvaluein__lane1__dqs1__ctrl_none__dqs1__value_ps,cntvaluein_bus_skew,idelay_dqs_cntvaluein,lane1,dqs1,,dqs1,22,8,183.0,520.5,731.0,378.0,548.5,970.0,28.0,0.602273,fail_higher,0.602273,0.204545,overlap,0.0,1.356801
baseline_seed_1_30,direct,lane_spread__idelay_dqs_cntvaluein__lane1__no_bit__ctrl_none__lane__value_ps,lane_spread,idelay_dqs_cntvaluein,lane1,,,lane,22,8,183.0,520.5,731.0,378.0,548.5,970.0,28.0,0.602273,fail_higher,0.602273,0.204545,overlap,0.0,1.356801
baseline_seed_1_30,direct,direct_max__idelay_data_cntvaluein__lane0__dq0__ctrl_1__endpoint__value_ps,direct_max,idelay_data_cntvaluein,lane0,dq0,1,endpoint,22,8,1039.0,1687.0,2548.0,1215.0,1603.5,2038.0,-83.5,0.400568,fail_lower,0.599432,-0.198864,overlap,0.0,1.319112
baseline_seed_1_30,skew,ld_dq_lane_range__idelay_ld_skew__lane1__no_bit__ctrl_none__dq_lane__value_ps,ld_dq_lane_range,idelay_ld_skew,lane1,,,dq_lane,22,8,146.0,353.5,706.0,316.0,421.0,617.0,67.5,0.599432,fail_higher,0.599432,0.198864,overlap,0.0,1.319112
baseline_seed_1_30,direct,direct_max__dq_iologic__lane0__dq6__ctrl_none__endpoint__value_ps,direct_max,dq_iologic,lane0,dq6,,endpoint,22,8,1638.0,1952.0,4176.0,1738.0,2119.5,2815.0,167.5,0.596591,fail_higher,0.596591,0.193182,overlap,0.0,1.281423
baseline_seed_1_30,skew,abs_dqs_minus_dq_bit__idelay_cntvaluein_skew__lane1__dq9__ctrl_4__dqs_vs_dq_bit__value_ps,abs_dqs_minus_dq_bit,idelay_cntvaluein_skew,lane1,dq9,4,dqs_vs_dq_bit,22,8,27.0,265.5,821.0,13.0,234.5,647.0,-31.0,0.403409,fail_lower,0.596591,-0.193182,overlap,0.0,1.281423
baseline_seed_1_30,direct,direct_max__idelay_data_cntvaluein__lane1__dq15__ctrl_4__endpoint__value_ps,direct_max,idelay_data_cntvaluein,lane1,dq15,4,endpoint,22,8,739.0,1228.0,1886.0,799.0,1383.5,1419.0,155.5,0.59375,fail_higher,0.59375,0.1875,overlap,0.0,1.243734
baseline_seed_1_30,skew,abs_dqs_minus_dq_bit__idelay_cntvaluein_skew__lane1__dq14__ctrl_1__dqs_vs_dq_bit__value_ps,abs_dqs_minus_dq_bit,idelay_cntvaluein_skew,lane1,dq14,1,dqs_vs_dq_bit,22,8,18.0,324.5,878.0,11.0,302.0,572.0,-22.5,0.40625,fail_lower,0.59375,-0.1875,overlap,0.0,1.243734
baseline_seed_1_30,direct,direct_max__idelay_data_cntvaluein__lane0__dq2__ctrl_4__endpoint__value_ps,direct_max,idelay_data_cntvaluein,lane0,dq2,4,endpoint,22,8,1225.0,1697.5,2358.0,1190.0,1933.5,2049.0,236.0,0.590909,fail_higher,0.590909,0.181818,overlap,0.0,1.206045
baseline_seed_1_30,skew,abs_dqs_minus_dq_bit__idelay_cntvaluein_skew__lane0__dq1__ctrl_2__dqs_vs_dq_bit__value_ps,abs_dqs_minus_dq_bit,idelay_cntvaluein_skew,lane0,dq1,2,dqs_vs_dq_bit,22,8,3.0,283.5,863.0,26.0,437.5,880.0,154.0,0.590909,fail_higher,0.590909,0.181818,overlap,0.0,1.206045
baseline_seed_1_30,skew,abs_dqs_minus_dq_bit__idelay_cntvaluein_skew__lane0__dq2__ctrl_3__dqs_vs_dq_bit__value_ps,abs_dqs_minus_dq_bit,idelay_cntvaluein_skew,lane0,dq2,3,dqs_vs_dq_bit,22,8,5.0,268.0,646.0,29.0,404.5,781.0,136.5,0.590909,fail_higher,0.590909,0.181818,overlap,0.0,1.206045
baseline_seed_1_30,skew,signed_dqs_minus_dq_bit__idelay_cntvaluein_skew__lane0__dq3__ctrl_4__dqs_vs_dq_bit__value_ps,signed_dqs_minus_dq_bit,idelay_cntvaluein_skew,lane0,dq3,4,dqs_vs_dq_bit,22,8,-585.0,80.0,785.0,-866.0,-21.5,380.0,-101.5,0.409091,fail_lower,0.590909,-0.181818,overlap,0.0,1.206045
baseline_seed_1_30,skew,abs_dqs_minus_dq_bit__idelay_cntvaluein_skew__lane1__dq13__ctrl_2__dqs_vs_dq_bit__value_ps,abs_dqs_minus_dq_bit,idelay_cntvaluein_skew,lane1,dq13,2,dqs_vs_dq_bit,22,8,10.0,133.0,1008.0,19.0,204.0,712.0,71.0,0.590909,fail_higher,0.590909,0.181818,overlap,0.0,1.206045
baseline_seed_1_30,direct,lane_spread__idelay_ld__lane1__no_bit__ctrl_none__lane__value_ps,lane_spread,idelay_ld,lane1,,,lane,22,8,146.0,353.5,706.0,316.0,422.0,617.0,68.5,0.590909,fail_higher,0.590909,0.181818,overlap,0.0,1.206045
baseline_seed_1_30,skew,abs_dqs_minus_dq_median__idelay_cntvaluein_skew__lane0__dqs0__ctrl_2__dqs_vs_dq_lane__value_ps,abs_dqs_minus_dq_median,idelay_cntvaluein_skew,lane0,dqs0,2,dqs_vs_dq_lane,22,8,16.0,300.75,731.5,68.0,354.25,838.0,53.5,0.590909,fail_higher,0.590909,0.181818,overlap,0.0,1.206045
baseline_seed_1_30,skew,signed_dqs_minus_dq_bit__idelay_cntvaluein_skew__lane0__dq7__ctrl_0__dqs_vs_dq_bit__value_ps,signed_dqs_minus_dq_bit,idelay_cntvaluein_skew,lane0,dq7,0,dqs_vs_dq_bit,22,8,-1093.0,-44.5,689.0,-426.0,0.5,804.0,45.0,0.590909,fail_higher,0.590909,0.181818,overlap,0.0,1.206045
baseline_seed_1_30,direct,direct_max__idelay_dqs_cntvaluein__lane1__dqs1__ctrl_3__endpoint__value_ps,direct_max,idelay_dqs_cntvaluein,lane1,dqs1,3,endpoint,22,8,961.0,1374.5,1809.0,1072.0,1418.0,1825.0,43.5,0.590909,fail_higher,0.590909,0.181818,overlap,0.0,1.206045
baseline_seed_1_30,skew,abs_dqs_minus_dq_bit__idelay_cntvaluein_skew__lane1__dq15__ctrl_4__dqs_vs_dq_bit__value_ps,abs_dqs_minus_dq_bit,idelay_cntvaluein_skew,lane1,dq15,4,dqs_vs_dq_bit,22,8,33.0,283.0,731.0,3.0,244.0,559.0,-39.0,0.409091,fail_lower,0.590909,-0.181818,overlap,0.0,1.206045
baseline_seed_1_30,skew,signed_dqs_minus_dq_bit__idelay_cntvaluein_skew__lane1__dq8__ctrl_2__dqs_vs_dq_bit__value_ps,signed_dqs_minus_dq_bit,idelay_cntvaluein_skew,lane1,dq8,2,dqs_vs_dq_bit,22,8,-559.0,-168.5,832.0,-429.0,-137.5,483.0,31.0,0.590909,fail_higher,0.590909,0.181818,overlap,0.0,1.206045
baseline_seed_1_30,skew,signed_dqs_minus_dq_bit__idelay_cntvaluein_skew__lane0__dq0__ctrl_0__dqs_vs_dq_bit__value_ps,signed_dqs_minus_dq_bit,idelay_cntvaluein_skew,lane0,dq0,0,dqs_vs_dq_bit,22,8,-936.0,-48.5,1044.0,-262.0,-23.5,963.0,25.0,0.590909,fail_higher,0.590909,0.181818,overlap,0.0,1.206045
baseline_seed_1_30,direct,cntvaluein_bus_skew__idelay_data_cntvaluein__lane1__dq8__ctrl_none__dq8__value_ps,cntvaluein_bus_skew,idelay_data_cntvaluein,lane1,dq8,,dq8,22,8,270.0,623.0,1266.0,228.0,544.0,900.0,-79.0,0.411932,fail_lower,0.588068,-0.176136,overlap,0.0,1.168356
baseline_seed_1_30,direct,direct_max__idelay_data_cntvaluein__lane0__dq3__ctrl_0__endpoint__value_ps,direct_max,idelay_data_cntvaluein,lane0,dq3,0,endpoint,22,8,1059.0,1432.5,1919.0,1210.0,1547.5,1965.0,115.0,0.585227,fail_higher,0.585227,0.170455,overlap,0.0,1.130668
baseline_seed_1_30,skew,abs_dqs_minus_dq_bit__idelay_cntvaluein_skew__lane0__dq0__ctrl_0__dqs_vs_dq_bit__value_ps,abs_dqs_minus_dq_bit,idelay_cntvaluein_skew,lane0,dq0,0,dqs_vs_dq_bit,22,8,15.0,203.5,1044.0,16.0,98.5,963.0,-105.0,0.414773,fail_lower,0.585227,-0.170455,overlap,0.0,1.130668
baseline_seed_1_30,skew,abs_dqs_minus_dq_bit__idelay_cntvaluein_skew__lane1__dq12__ctrl_0__dqs_vs_dq_bit__value_ps,abs_dqs_minus_dq_bit,idelay_cntvaluein_skew,lane1,dq12,0,dqs_vs_dq_bit,22,8,2.0,212.0,783.0,120.0,273.0,967.0,61.0,0.585227,fail_higher,0.585227,0.170455,overlap,0.0,1.130668
baseline_seed_1_30,direct,control_fanout_spread__idelay_data_cntvaluein__lane1__no_bit__ctrl_3__lane_control_bit__value_ps,control_fanout_spread,idelay_data_cntvaluein,lane1,,3,lane_control_bit,22,8,210.0,423.0,625.0,178.0,458.5,783.0,35.5,0.585227,fail_higher,0.585227,0.170455,overlap,0.0,1.130668
baseline_seed_1_30,skew,dq_lane_range__idelay_cntvaluein_skew__lane1__no_bit__ctrl_3__dq_lane__value_ps,dq_lane_range,idelay_cntvaluein_skew,lane1,,3,dq_lane,22,8,210.0,423.0,625.0,178.0,458.5,783.0,35.5,0.585227,fail_higher,0.585227,0.170455,overlap,0.0,1.130668
baseline_seed_1_30,skew,abs_dqs_minus_dq_bit__idelay_cntvaluein_skew__lane1__dq15__ctrl_0__dqs_vs_dq_bit__value_ps,abs_dqs_minus_dq_bit,idelay_cntvaluein_skew,lane1,dq15,0,dqs_vs_dq_bit,22,8,82.0,209.0,701.0,116.0,239.5,1240.0,30.5,0.585227,fail_higher,0.585227,0.170455,overlap,0.0,1.130668
baseline_seed_1_30,direct,direct_max__dq_iologic__lane0__dq7__ctrl_none__endpoint__value_ps,direct_max,dq_iologic,lane0,dq7,,endpoint,22,8,1695.0,2234.0,3805.0,1952.0,2389.5,2900.0,155.5,0.582386,fail_higher,0.582386,0.164773,overlap,0.0,1.092979
baseline_seed_1_30,direct,lane_spread__dq_iologic__lane1__no_bit__ctrl_none__lane__value_ps,lane_spread,dq_iologic,lane1,,,lane,22,8,2265.0,2694.0,4359.0,2345.0,2888.0,3513.0,194.0,0.579545,fail_higher,0.579545,0.159091,overlap,0.0,1.05529
baseline_seed_1_30,skew,signed_ld_minus_cntvaluein_dq_median__idelay_ld_cntvaluein_skew__lane1__no_bit__ctrl_4__ld_vs_cntvaluein_dq_lane__value_ps,signed_ld_minus_cntvaluein_dq_median,idelay_ld_cntvaluein_skew,lane1,,4,ld_vs_cntvaluein_dq_lane,22,8,-373.5,171.0,619.5,-236.5,16.25,521.0,-154.75,0.420455,fail_lower,0.579545,-0.159091,overlap,0.0,1.05529
baseline_seed_1_30,direct,direct_max__dq_iologic__lane1__dq8__ctrl_none__endpoint__value_ps,direct_max,dq_iologic,lane1,dq8,,endpoint,22,8,2104.0,2578.5,4359.0,2085.0,2446.5,3513.0,-132.0,0.420455,fail_lower,0.579545,-0.159091,overlap,0.0,1.05529
baseline_seed_1_30,skew,signed_dqs_minus_dq_bit__idelay_cntvaluein_skew__lane0__dq2__ctrl_1__dqs_vs_dq_bit__value_ps,signed_dqs_minus_dq_bit,idelay_cntvaluein_skew,lane0,dq2,1,dqs_vs_dq_bit,22,8,-1212.0,-160.0,855.0,-495.0,-58.5,363.0,101.5,0.579545,fail_higher,0.579545,0.159091,overlap,0.0,1.05529
baseline_seed_1_30,skew,abs_lane1_minus_lane0_dq_median__idelay_cntvaluein_skew__all__no_bit__ctrl_4__lane1_vs_lane0_dq__value_ps,abs_lane1_minus_lane0_dq_median,idelay_cntvaluein_skew,all,,4,lane1_vs_lane0_dq,22,8,22.0,248.0,719.5,28.5,343.75,619.0,95.75,0.579545,fail_higher,0.579545,0.159091,overlap,0.0,1.05529
baseline_seed_1_30,skew,signed_dqs_minus_dq_bit__idelay_cntvaluein_skew__lane1__dq11__ctrl_2__dqs_vs_dq_bit__value_ps,signed_dqs_minus_dq_bit,idelay_cntvaluein_skew,lane1,dq11,2,dqs_vs_dq_bit,22,8,-543.0,-50.0,740.0,-457.0,45.5,717.0,95.5,0.579545,fail_higher,0.579545,0.159091,overlap,0.0,1.05529
baseline_seed_1_30,direct,direct_max__idelay_data_cntvaluein__lane1__dq9__ctrl_2__endpoint__value_ps,direct_max,idelay_data_cntvaluein,lane1,dq9,2,endpoint,22,8,887.0,1179.5,1643.0,975.0,1271.5,1718.0,92.0,0.579545,fail_higher,0.579545,0.159091,overlap,0.0,1.05529
baseline_seed_1_30,direct,cntvaluein_bus_skew__idelay_data_cntvaluein__lane0__dq5__ctrl_none__dq5__value_ps,cntvaluein_bus_skew,idelay_data_cntvaluein,lane0,dq5,,dq5,22,8,220.0,596.5,1276.0,311.0,512.0,858.0,-84.5,0.420455,fail_lower,0.579545,-0.159091,overlap,0.0,1.05529
baseline_seed_1_30,skew,abs_dqs_minus_dq_median__idelay_cntvaluein_skew__lane0__dqs0__ctrl_0__dqs_vs_dq_lane__value_ps,abs_dqs_minus_dq_median,idelay_cntvaluein_skew,lane0,dqs0,0,dqs_vs_dq_lane,22,8,21.0,215.0,923.0,16.0,130.5,904.0,-84.5,0.420455,fail_lower,0.579545,-0.159091,overlap,0.0,1.05529
baseline_seed_1_30,direct,direct_max__idelay_data_cntvaluein__lane1__dq9__ctrl_0__endpoint__value_ps,direct_max,idelay_data_cntvaluein,lane1,dq9,0,endpoint,22,8,870.0,1184.0,1633.0,884.0,1102.5,1662.0,-81.5,0.420455,fail_lower,0.579545,-0.159091,overlap,0.0,1.05529
baseline_seed_1_30,direct,direct_max__idelay_data_cntvaluein__lane1__dq10__ctrl_0__endpoint__value_ps,direct_max,idelay_data_cntvaluein,lane1,dq10,0,endpoint,22,8,970.0,1378.5,1730.0,978.0,1452.5,1957.0,74.0,0.579545,fail_higher,0.579545,0.159091,overlap,0.0,1.05529
baseline_seed_1_30,direct,lane_spread__idelay_data_cntvaluein__lane0__no_bit__ctrl_none__lane__value_ps,lane_spread,idelay_data_cntvaluein,lane0,,,lane,22,8,587.0,1027.0,1739.0,457.0,978.5,1325.0,-48.5,0.420455,fail_lower,0.579545,-0.159091,overlap,0.0,1.05529
baseline_seed_1_30,skew,abs_dqs_minus_dq_bit__idelay_cntvaluein_skew__lane1__dq15__ctrl_2__dqs_vs_dq_bit__value_ps,abs_dqs_minus_dq_bit,idelay_cntvaluein_skew,lane1,dq15,2,dqs_vs_dq_bit,22,8,5.0,194.0,898.0,26.0,166.5,737.0,-27.5,0.420455,fail_lower,0.579545,-0.159091,overlap,0.0,1.05529
baseline_seed_1_30,skew,abs_dqs_minus_dq_bit__idelay_cntvaluein_skew__lane0__dq7__ctrl_0__dqs_vs_dq_bit__value_ps,abs_dqs_minus_dq_bit,idelay_cntvaluein_skew,lane0,dq7,0,dqs_vs_dq_bit,22,8,23.0,256.0,1093.0,92.0,242.5,804.0,-13.5,0.579545,fail_higher,0.579545,0.159091,overlap,0.0,1.05529
baseline_seed_1_30,skew,abs_dqs_minus_dq_bit__idelay_cntvaluein_skew__lane1__dq10__ctrl_1__dqs_vs_dq_bit__value_ps,abs_dqs_minus_dq_bit,idelay_cntvaluein_skew,lane1,dq10,1,dqs_vs_dq_bit,22,8,15.0,264.0,841.0,56.0,147.5,591.0,-116.5,0.423295,fail_lower,0.576705,-0.153409,overlap,0.0,1.017601
baseline_seed_1_30,skew,signed_ld_minus_cntvaluein_dqs__idelay_ld_cntvaluein_skew__lane1__dqs1__ctrl_1__ld_vs_cntvaluein_dqs__value_ps,signed_ld_minus_cntvaluein_dqs,idelay_ld_cntvaluein_skew,lane1,dqs1,1,ld_vs_cntvaluein_dqs,22,8,-689.0,56.5,909.0,-482.0,216.5,594.0,160.0,0.573864,fail_higher,0.573864,0.147727,overlap,0.0,0.979912
baseline_seed_1_30,skew,signed_dqs_minus_dq_bit__idelay_cntvaluein_skew__lane1__dq9__ctrl_4__dqs_vs_dq_bit__value_ps,signed_dqs_minus_dq_bit,idelay_cntvaluein_skew,lane1,dq9,4,dqs_vs_dq_bit,22,8,-511.0,29.5,821.0,-350.0,185.5,647.0,156.0,0.573864,fail_higher,0.573864,0.147727,overlap,0.0,0.979912
baseline_seed_1_30,direct,direct_max__idelay_dqs_cntvaluein__lane0__dqs0__ctrl_1__endpoint__value_ps,direct_max,idelay_dqs_cntvaluein,lane0,dqs0,1,endpoint,22,8,1159.0,1593.5,2384.0,1167.0,1457.0,1945.0,-136.5,0.426136,fail_lower,0.573864,-0.147727,overlap,0.0,0.979912
baseline_seed_1_30,skew,signed_dqs_minus_dq_bit__idelay_cntvaluein_skew__lane0__dq5__ctrl_3__dqs_vs_dq_bit__value_ps,signed_dqs_minus_dq_bit,idelay_cntvaluein_skew,lane0,dq5,3,dqs_vs_dq_bit,22,8,-575.0,131.5,783.0,-451.0,236.0,934.0,104.5,0.573864,fail_higher,0.573864,0.147727,overlap,0.0,0.979912
baseline_seed_1_30,direct,cntvaluein_bus_skew__idelay_data_cntvaluein__lane1__dq14__ctrl_none__dq14__value_ps,cntvaluein_bus_skew,idelay_data_cntvaluein,lane1,dq14,,dq14,22,8,192.0,567.0,1034.0,306.0,466.0,727.0,-101.0,0.426136,fail_lower,0.573864,-0.147727,overlap,0.0,0.979912
baseline_seed_1_30,direct,direct_max__idelay_data_cntvaluein__lane0__dq5__ctrl_0__endpoint__value_ps,direct_max,idelay_data_cntvaluein,lane0,dq5,0,endpoint,22,8,970.0,1498.5,2003.0,1230.0,1594.0,1883.0,95.5,0.573864,fail_higher,0.573864,0.147727,overlap,0.0,0.979912
baseline_seed_1_30,skew,signed_dqs_minus_dq_bit__idelay_cntvaluein_skew__lane0__dq6__ctrl_2__dqs_vs_dq_bit__value_ps,signed_dqs_minus_dq_bit,idelay_cntvaluein_skew,lane0,dq6,2,dqs_vs_dq_bit,22,8,-735.0,-203.0,702.0,-653.0,-114.5,794.0,88.5,0.573864,fail_higher,0.573864,0.147727,overlap,0.0,0.979912
baseline_seed_1_30,direct,direct_max__idelay_dqs_cntvaluein__lane1__dqs1__ctrl_1__endpoint__value_ps,direct_max,idelay_dqs_cntvaluein,lane1,dqs1,1,endpoint,22,8,903.0,1325.0,2098.0,976.0,1245.5,1766.0,-79.5,0.426136,fail_lower,0.573864,-0.147727,overlap,0.0,0.979912
baseline_seed_1_30,direct,direct_max__dq_iologic__lane0__dq4__ctrl_none__endpoint__value_ps,direct_max,dq_iologic,lane0,dq4,,endpoint,22,8,1621.0,1973.5,4073.0,1575.0,2048.0,3174.0,74.5,0.573864,fail_higher,0.573864,0.147727,overlap,0.0,0.979912
baseline_seed_1_30,skew,signed_dqs_minus_dq_median__iologic_skew__lane1__dqs1__ctrl_none__dqs_vs_dq_lane__value_ps,signed_dqs_minus_dq_median,iologic_skew,lane1,dqs1,,dqs_vs_dq_lane,22,8,-210.0,210.25,1416.0,-277.5,279.75,706.0,69.5,0.573864,fail_higher,0.573864,0.147727,overlap,0.0,0.979912
baseline_seed_1_30,direct,direct_max__idelay_data_cntvaluein__lane1__dq13__ctrl_0__endpoint__value_ps,direct_max,idelay_data_cntvaluein,lane1,dq13,0,endpoint,22,8,913.0,1333.5,1754.0,1021.0,1402.5,1738.0,69.0,0.573864,fail_higher,0.573864,0.147727,overlap,0.0,0.979912
baseline_seed_1_30,skew,signed_lane1_minus_lane0_dq_median__idelay_cntvaluein_skew__all__no_bit__ctrl_3__lane1_vs_lane0_dq__value_ps,signed_lane1_minus_lane0_dq_median,idelay_cntvaluein_skew,all,,3,lane1_vs_lane0_dq,22,8,-604.5,-291.75,-1.5,-657.5,-319.0,-116.5,-27.25,0.426136,fail_lower,0.573864,-0.147727,overlap,0.0,0.979912
baseline_seed_1_30,skew,abs_lane1_minus_lane0_dq_median__idelay_cntvaluein_skew__all__no_bit__ctrl_3__lane1_vs_lane0_dq__value_ps,abs_lane1_minus_lane0_dq_median,idelay_cntvaluein_skew,all,,3,lane1_vs_lane0_dq,22,8,1.5,291.75,604.5,116.5,319.0,657.5,27.25,0.573864,fail_higher,0.573864,0.147727,overlap,0.0,0.979912
baseline_seed_1_30,skew,abs_dqs_minus_dq_bit__idelay_cntvaluein_skew__lane0__dq2__ctrl_2__dqs_vs_dq_bit__value_ps,abs_dqs_minus_dq_bit,idelay_cntvaluein_skew,lane0,dq2,2,dqs_vs_dq_bit,22,8,18.0,328.0,688.0,69.0,328.5,795.0,0.5,0.573864,fail_higher,0.573864,0.147727,overlap,0.0,0.979912
baseline_seed_1_30,skew,abs_dqs_minus_dq_bit__idelay_cntvaluein_skew__lane0__dq3__ctrl_1__dqs_vs_dq_bit__value_ps,abs_dqs_minus_dq_bit,idelay_cntvaluein_skew,lane0,dq3,1,dqs_vs_dq_bit,22,8,17.0,225.5,863.0,25.0,176.0,643.0,-49.5,0.428977,fail_lower,0.571023,-0.142045,overlap,0.0,0.942223
baseline_seed_1_30,direct,cntvaluein_bus_skew__idelay_data_cntvaluein__lane1__dq12__ctrl_none__dq12__value_ps,cntvaluein_bus_skew,idelay_data_cntvaluein,lane1,dq12,,dq12,22,8,186.0,506.5,1116.0,174.0,459.0,798.0,-47.5,0.428977,fail_lower,0.571023,-0.142045,overlap,0.0,0.942223
baseline_seed_1_30,skew,signed_ld_minus_cntvaluein_dq_median__idelay_ld_cntvaluein_skew__lane1__no_bit__ctrl_0__ld_vs_cntvaluein_dq_lane__value_ps,signed_ld_minus_cntvaluein_dq_median,idelay_ld_cntvaluein_skew,lane1,,0,ld_vs_cntvaluein_dq_lane,22,8,-77.5,233.5,475.0,-381.5,276.75,527.0,43.25,0.571023,fail_higher,0.571023,0.142045,overlap,0.0,0.942223
baseline_seed_1_30,direct,direct_max__clocking__all__no_bit__ctrl_none__endpoint__value_ps,direct_max,clocking,all,,,endpoint,22,8,6105.0,6816.5,7275.0,5985.0,6787.5,7079.0,-29.0,0.428977,fail_lower,0.571023,-0.142045,overlap,0.0,0.942223
baseline_seed_1_30,direct,lane_spread__clocking__all__no_bit__ctrl_none__lane__value_ps,lane_spread,clocking,all,,,lane,22,8,5986.0,6697.5,7156.0,5866.0,6668.5,6960.0,-29.0,0.428977,fail_lower,0.571023,-0.142045,overlap,0.0,0.942223
baseline_seed_1_30,direct,cntvaluein_bus_skew__idelay_data_cntvaluein__lane1__dq11__ctrl_none__dq11__value_ps,cntvaluein_bus_skew,idelay_data_cntvaluein,lane1,dq11,,dq11,22,8,219.0,462.0,864.0,238.0,439.5,651.0,-22.5,0.428977,fail_lower,0.571023,-0.142045,overlap,0.0,0.942223
baseline_seed_1_30,direct,direct_max__dq_iologic__lane1__dq13__ctrl_none__endpoint__value_ps,direct_max,dq_iologic,lane1,dq13,,endpoint,22,8,2115.0,2417.5,3891.0,1960.0,2631.0,3276.0,213.5,0.568182,fail_higher,0.568182,0.136364,overlap,0.0,0.904534
baseline_seed_1_30,skew,signed_ld_minus_cntvaluein_dq_median__idelay_ld_cntvaluein_skew__lane1__no_bit__ctrl_2__ld_vs_cntvaluein_dq_lane__value_ps,signed_ld_minus_cntvaluein_dq_median,idelay_ld_cntvaluein_skew,lane1,,2,ld_vs_cntvaluein_dq_lane,22,8,-441.5,92.75,475.5,-364.0,242.0,509.0,149.25,0.568182,fail_higher,0.568182,0.136364,overlap,0.0,0.904534
baseline_seed_1_30,direct,direct_max__dq_iologic__lane1__dq14__ctrl_none__endpoint__value_ps,direct_max,dq_iologic,lane1,dq14,,endpoint,22,8,2234.0,2489.5,3421.0,2055.0,2618.0,3279.0,128.5,0.568182,fail_higher,0.568182,0.136364,overlap,0.0,0.904534
baseline_seed_1_30,skew,signed_dqs_minus_dq_bit__idelay_cntvaluein_skew__lane1__dq15__ctrl_1__dqs_vs_dq_bit__value_ps,signed_dqs_minus_dq_bit,idelay_cntvaluein_skew,lane1,dq15,1,dqs_vs_dq_bit,22,8,-277.0,215.5,998.0,-171.0,114.5,469.0,-101.0,0.431818,fail_lower,0.568182,-0.136364,overlap,0.0,0.904534
baseline_seed_1_30,skew,abs_ld_minus_cntvaluein_dqs__idelay_ld_cntvaluein_skew__lane0__dqs0__ctrl_4__ld_vs_cntvaluein_dqs__value_ps,abs_ld_minus_cntvaluein_dqs,idelay_ld_cntvaluein_skew,lane0,dqs0,4,ld_vs_cntvaluein_dqs,22,8,13.0,351.5,1151.0,158.0,254.5,496.0,-97.0,0.431818,fail_lower,0.568182,-0.136364,overlap,0.0,0.904534
baseline_seed_1_30,skew,signed_lane1_minus_lane0_dq_median__idelay_cntvaluein_skew__all__no_bit__ctrl_4__lane1_vs_lane0_dq__value_ps,signed_lane1_minus_lane0_dq_median,idelay_cntvaluein_skew,all,,4,lane1_vs_lane0_dq,22,8,-719.5,-248.0,-22.0,-619.0,-343.75,97.0,-95.75,0.431818,fail_lower,0.568182,-0.136364,overlap,0.0,0.904534
baseline_seed_1_30,skew,signed_dqs_minus_dq_bit__idelay_cntvaluein_skew__lane1__dq11__ctrl_1__dqs_vs_dq_bit__value_ps,signed_dqs_minus_dq_bit,idelay_cntvaluein_skew,lane1,dq11,1,dqs_vs_dq_bit,22,8,-675.0,-22.0,832.0,-383.0,40.5,605.0,62.5,0.568182,fail_higher,0.568182,0.136364,overlap,0.0,0.904534
baseline_seed_1_30,direct,direct_max__idelay_data_cntvaluein__lane1__dq14__ctrl_3__endpoint__value_ps,direct_max,idelay_data_cntvaluein,lane1,dq14,3,endpoint,22,8,879.0,1511.0,1940.0,1070.0,1572.5,2125.0,61.5,0.568182,fail_higher,0.568182,0.136364,overlap,0.0,0.904534
baseline_seed_1_30,direct,direct_max__idelay_data_cntvaluein__lane1__dq8__ctrl_2__endpoint__value_ps,direct_max,idelay_data_cntvaluein,lane1,dq8,2,endpoint,22,8,1146.0,1493.0,1916.0,864.0,1432.0,2062.0,-61.0,0.431818,fail_lower,0.568182,-0.136364,overlap,0.0,0.904534
baseline_seed_1_30,skew,signed_dqs_minus_dq_bit__idelay_cntvaluein_skew__lane1__dq11__ctrl_0__dqs_vs_dq_bit__value_ps,signed_dqs_minus_dq_bit,idelay_cntvaluein_skew,lane1,dq11,0,dqs_vs_dq_bit,22,8,-692.0,-8.0,668.0,-253.0,49.5,837.0,57.5,0.568182,fail_higher,0.568182,0.136364,overlap,0.0,0.904534
baseline_seed_1_30,skew,abs_dqs_minus_dq_bit__idelay_cntvaluein_skew__lane1__dq14__ctrl_2__dqs_vs_dq_bit__value_ps,abs_dqs_minus_dq_bit,idelay_cntvaluein_skew,lane1,dq14,2,dqs_vs_dq_bit,22,8,12.0,263.5,745.0,49.0,211.0,482.0,-52.5,0.431818,fail_lower,0.568182,-0.136364,overlap,0.0,0.904534
baseline_seed_1_30,direct,control_fanout_spread__idelay_data_cntvaluein__lane0__no_bit__ctrl_2__lane_control_bit__value_ps,control_fanout_spread,idelay_data_cntvaluein,lane0,,2,lane_control_bit,22,8,128.0,315.0,688.0,151.0,297.0,444.0,-18.0,0.431818,fail_lower,0.568182,-0.136364,overlap,0.0,0.904534
baseline_seed_1_30,skew,dq_lane_range__idelay_cntvaluein_skew__lane0__no_bit__ctrl_2__dq_lane__value_ps,dq_lane_range,idelay_cntvaluein_skew,lane0,,2,dq_lane,22,8,128.0,315.0,688.0,151.0,297.0,444.0,-18.0,0.431818,fail_lower,0.568182,-0.136364,overlap,0.0,0.904534
baseline_seed_1_30,skew,abs_ld_minus_cntvaluein_dqs__idelay_ld_cntvaluein_skew__lane1__dqs1__ctrl_3__ld_vs_cntvaluein_dqs__value_ps,abs_ld_minus_cntvaluein_dqs,idelay_ld_cntvaluein_skew,lane1,dqs1,3,ld_vs_cntvaluein_dqs,22,8,2.0,272.0,684.0,110.0,268.0,646.0,-4.0,0.568182,fail_higher,0.568182,0.136364,overlap,0.0,0.904534
baseline_seed_1_30,direct,lane_spread__idelayctrl__all__no_bit__ctrl_none__lane__value_ps,lane_spread,idelayctrl,all,,,lane,22,8,533.0,1720.0,2368.0,788.0,1400.0,2390.0,-320.0,0.434659,fail_lower,0.565341,-0.130682,overlap,0.0,0.866845
baseline_seed_1_30,skew,abs_lane1_minus_lane0_dqs__idelay_cntvaluein_skew__all__no_bit__ctrl_2__lane1_vs_lane0_dqs__value_ps,abs_lane1_minus_lane0_dqs,idelay_cntvaluein_skew,all,,2,lane1_vs_lane0_dqs,22,8,18.0,269.5,531.0,6.0,272.5,356.0,3.0,0.434659,fail_lower,0.565341,-0.130682,overlap,0.0,0.866845
baseline_seed_1_30,direct,direct_max__idelay_data_cntvaluein__lane0__dq6__ctrl_4__endpoint__value_ps,direct_max,idelay_data_cntvaluein,lane0,dq6,4,endpoint,22,8,1182.0,1698.5,2453.0,1286.0,1868.5,2144.0,170.0,0.5625,fail_higher,0.5625,0.125,overlap,0.0,0.829156
baseline_seed_1_30,skew,signed_dqs_minus_dq_bit__idelay_cntvaluein_skew__lane1__dq15__ctrl_4__dqs_vs_dq_bit__value_ps,signed_dqs_minus_dq_bit,idelay_cntvaluein_skew,lane1,dq15,4,dqs_vs_dq_bit,22,8,-516.0,-10.5,731.0,-263.0,150.5,559.0,161.0,0.5625,fail_higher,0.5625,0.125,overlap,0.0,0.829156
baseline_seed_1_30,direct,cntvaluein_bus_skew__idelay_data_cntvaluein__lane0__dq7__ctrl_none__dq7__value_ps,cntvaluein_bus_skew,idelay_data_cntvaluein,lane0,dq7,,dq7,22,8,135.0,681.0,1182.0,265.0,821.5,1105.0,140.5,0.5625,fail_higher,0.5625,0.125,overlap,0.0,0.829156
baseline_seed_1_30,skew,signed_dqs_minus_dq_bit__idelay_cntvaluein_skew__lane1__dq8__ctrl_1__dqs_vs_dq_bit__value_ps,signed_dqs_minus_dq_bit,idelay_cntvaluein_skew,lane1,dq8,1,dqs_vs_dq_bit,22,8,-720.0,-103.5,959.0,-663.0,-234.0,326.0,-130.5,0.4375,fail_lower,0.5625,-0.125,overlap,0.0,0.829156
baseline_seed_1_30,skew,signed_dqs_minus_dq_median__idelay_cntvaluein_skew__lane0__dqs0__ctrl_1__dqs_vs_dq_lane__value_ps,signed_dqs_minus_dq_median,idelay_cntvaluein_skew,lane0,dqs0,1,dqs_vs_dq_lane,22,8,-1163.5,-154.25,850.0,-533.0,-62.0,420.0,92.25,0.5625,fail_higher,0.5625,0.125,overlap,0.0,0.829156
baseline_seed_1_30,direct,direct_max__idelay_data_cntvaluein__lane1__dq11__ctrl_2__endpoint__value_ps,direct_max,idelay_data_cntvaluein,lane1,dq11,2,endpoint,22,8,922.0,1351.5,1995.0,866.0,1275.5,1812.0,-76.0,0.4375,fail_lower,0.5625,-0.125,overlap,0.0,0.829156
baseline_seed_1_30,skew,signed_dqs_minus_dq_bit__idelay_cntvaluein_skew__lane1__dq9__ctrl_1__dqs_vs_dq_bit__value_ps,signed_dqs_minus_dq_bit,idelay_cntvaluein_skew,lane1,dq9,1,dqs_vs_dq_bit,22,8,-293.0,130.5,906.0,-253.0,66.5,377.0,-64.0,0.4375,fail_lower,0.5625,-0.125,overlap,0.0,0.829156
baseline_seed_1_30,skew,signed_dqs_minus_dq_bit__idelay_cntvaluein_skew__lane1__dq15__ctrl_0__dqs_vs_dq_bit__value_ps,signed_dqs_minus_dq_bit,idelay_cntvaluein_skew,lane1,dq15,0,dqs_vs_dq_bit,22,8,-501.0,185.0,701.0,-181.0,239.5,1240.0,54.5,0.5625,fail_higher,0.5625,0.125,overlap,0.0,0.829156
baseline_seed_1_30,skew,signed_dqs_minus_dq_bit__idelay_cntvaluein_skew__lane1__dq13__ctrl_2__dqs_vs_dq_bit__value_ps,signed_dqs_minus_dq_bit,idelay_cntvaluein_skew,lane1,dq13,2,dqs_vs_dq_bit,22,8,-544.0,10.5,1008.0,-541.0,61.5,712.0,51.0,0.5625,fail_higher,0.5625,0.125,overlap,0.0,0.829156
baseline_seed_1_30,skew,signed_dqs_minus_dq_bit__idelay_cntvaluein_skew__lane1__dq12__ctrl_0__dqs_vs_dq_bit__value_ps,signed_dqs_minus_dq_bit,idelay_cntvaluein_skew,lane1,dq12,0,dqs_vs_dq_bit,22,8,-783.0,-51.0,390.0,-479.0,-13.0,967.0,38.0,0.5625,fail_higher,0.5625,0.125,overlap,0.0,0.829156
baseline_seed_1_30,skew,abs_ld_minus_cntvaluein_dqs__idelay_ld_cntvaluein_skew__lane1__dqs1__ctrl_1__ld_vs_cntvaluein_dqs__value_ps,abs_ld_minus_cntvaluein_dqs,idelay_ld_cntvaluein_skew,lane1,dqs1,1,ld_vs_cntvaluein_dqs,22,8,51.0,265.5,909.0,150.0,298.0,594.0,32.5,0.5625,fail_higher,0.5625,0.125,overlap,0.0,0.829156
baseline_seed_1_30,skew,signed_ld_minus_cntvaluein_dqs__idelay_ld_cntvaluein_skew__lane0__dqs0__ctrl_2__ld_vs_cntvaluein_dqs__value_ps,signed_ld_minus_cntvaluein_dqs,idelay_ld_cntvaluein_skew,lane0,dqs0,2,ld_vs_cntvaluein_dqs,22,8,-744.0,-48.5,1079.0,-808.0,-65.5,730.0,-17.0,0.4375,fail_lower,0.5625,-0.125,overlap,0.0,0.829156
baseline_seed_1_30,direct,direct_max__idelayctrl__all__no_bit__ctrl_none__endpoint__value_ps,direct_max,idelayctrl,all,,,endpoint,22,8,1659.0,2788.5,3494.0,1914.0,2526.0,3516.0,-262.5,0.440341,fail_lower,0.559659,-0.119318,overlap,0.0,0.791467
baseline_seed_1_30,direct,direct_max__idelay_data_cntvaluein__lane0__dq6__ctrl_2__endpoint__value_ps,direct_max,idelay_data_cntvaluein,lane0,dq6,2,endpoint,22,8,1305.0,1798.0,2342.0,1310.0,1614.0,2108.0,-184.0,0.440341,fail_lower,0.559659,-0.119318,overlap,0.0,0.791467
baseline_seed_1_30,direct,direct_max__idelay_data_cntvaluein__lane0__dq0__ctrl_3__endpoint__value_ps,direct_max,idelay_data_cntvaluein,lane0,dq0,3,endpoint,22,8,1082.0,1745.0,2101.0,1171.0,1698.5,2358.0,-46.5,0.559659,fail_higher,0.559659,0.119318,overlap,0.0,0.791467
baseline_seed_1_30,direct,direct_max__idelay_dqs_cntvaluein__lane1__dqs1__ctrl_2__endpoint__value_ps,direct_max,idelay_dqs_cntvaluein,lane1,dqs1,2,endpoint,22,8,873.0,1368.0,1980.0,1057.0,1355.0,1891.0,-13.0,0.559659,fail_higher,0.559659,0.119318,overlap,0.0,0.791467
baseline_seed_1_30,skew,abs_dqs_minus_dq_bit__idelay_cntvaluein_skew__lane1__dq14__ctrl_0__dqs_vs_dq_bit__value_ps,abs_dqs_minus_dq_bit,idelay_cntvaluein_skew,lane1,dq14,0,dqs_vs_dq_bit,22,8,10.0,245.0,730.0,36.0,318.0,878.0,73.0,0.556818,fail_higher,0.556818,0.113636,overlap,0.0,0.753778
baseline_seed_1_30,direct,direct_max__idelay_data_cntvaluein__lane0__dq2__ctrl_3__endpoint__value_ps,direct_max,idelay_data_cntvaluein,lane0,dq2,3,endpoint,22,8,1200.0,1744.5,2286.0,1269.0,1814.5,2351.0,70.0,0.556818,fail_higher,0.556818,0.113636,overlap,0.0,0.753778
baseline_seed_1_30,skew,abs_dqs_minus_dq_bit__idelay_cntvaluein_skew__lane1__dq9__ctrl_2__dqs_vs_dq_bit__value_ps,abs_dqs_minus_dq_bit,idelay_cntvaluein_skew,lane1,dq9,2,dqs_vs_dq_bit,22,8,14.0,185.0,873.0,61.0,119.5,589.0,-65.5,0.443182,fail_lower,0.556818,-0.113636,overlap,0.0,0.753778
baseline_seed_1_30,direct,direct_max__idelay_data_cntvaluein__lane0__dq2__ctrl_0__endpoint__value_ps,direct_max,idelay_data_cntvaluein,lane0,dq2,0,endpoint,22,8,1184.0,1621.0,2177.0,1093.0,1565.5,2023.0,-55.5,0.443182,fail_lower,0.556818,-0.113636,overlap,0.0,0.753778
baseline_seed_1_30,skew,signed_ld_minus_cntvaluein_dq_median__idelay_ld_cntvaluein_skew__lane0__no_bit__ctrl_1__ld_vs_cntvaluein_dq_lane__value_ps,signed_ld_minus_cntvaluein_dq_median,idelay_ld_cntvaluein_skew,lane0,,1,ld_vs_cntvaluein_dq_lane,22,8,-884.0,19.25,570.5,-344.5,67.25,394.5,48.0,0.556818,fail_higher,0.556818,0.113636,overlap,0.0,0.753778
baseline_seed_1_30,skew,signed_dqs_minus_dq_bit__idelay_cntvaluein_skew__lane1__dq8__ctrl_0__dqs_vs_dq_bit__value_ps,signed_dqs_minus_dq_bit,idelay_cntvaluein_skew,lane1,dq8,0,dqs_vs_dq_bit,22,8,-778.0,-57.0,475.0,-561.0,-103.5,873.0,-46.5,0.556818,fail_higher,0.556818,0.113636,overlap,0.0,0.753778
baseline_seed_1_30,skew,abs_dqs_bus_skew_minus_dq_median__idelay_cntvaluein_skew__lane1__dqs1__ctrl_none__dqs_vs_dq_bus_skew__value_ps,abs_dqs_bus_skew_minus_dq_median,idelay_cntvaluein_skew,lane1,dqs1,,dqs_vs_dq_bus_skew,22,8,24.0,128.5,532.5,54.0,144.75,363.5,16.25,0.556818,fail_higher,0.556818,0.113636,overlap,0.0,0.753778
baseline_seed_1_30,skew,signed_dqs_minus_dq_bit__idelay_cntvaluein_skew__lane1__dq13__ctrl_1__dqs_vs_dq_bit__value_ps,signed_dqs_minus_dq_bit,idelay_cntvaluein_skew,lane1,dq13,1,dqs_vs_dq_bit,22,8,-499.0,-63.5,962.0,-465.0,-50.5,513.0,13.0,0.556818,fail_higher,0.556818,0.113636,overlap,0.0,0.753778
baseline_seed_1_30,skew,abs_dqs_minus_dq_bit__idelay_cntvaluein_skew__lane1__dq13__ctrl_1__dqs_vs_dq_bit__value_ps,abs_dqs_minus_dq_bit,idelay_cntvaluein_skew,lane1,dq13,1,dqs_vs_dq_bit,22,8,8.0,307.5,962.0,33.0,113.5,513.0,-194.0,0.446023,fail_lower,0.553977,-0.107955,overlap,0.0,0.716089
baseline_seed_1_30,skew,signed_dqs_minus_dq_bit__idelay_cntvaluein_skew__lane0__dq3__ctrl_1__dqs_vs_dq_bit__value_ps,signed_dqs_minus_dq_bit,idelay_cntvaluein_skew,lane0,dq3,1,dqs_vs_dq_bit,22,8,-617.0,-54.5,863.0,-444.0,87.5,643.0,142.0,0.553977,fail_higher,0.553977,0.107955,overlap,0.0,0.716089
baseline_seed_1_30,skew,signed_dqs_minus_dq_bit__idelay_cntvaluein_skew__lane1__dq14__ctrl_2__dqs_vs_dq_bit__value_ps,signed_dqs_minus_dq_bit,idelay_cntvaluein_skew,lane1,dq14,2,dqs_vs_dq_bit,22,8,-533.0,-171.0,745.0,-454.0,-97.5,482.0,73.5,0.553977,fail_higher,0.553977,0.107955,overlap,0.0,0.716089
baseline_seed_1_30,direct,direct_max__dq_iologic__lane0__dq2__ctrl_none__endpoint__value_ps,direct_max,dq_iologic,lane0,dq2,,endpoint,22,8,1634.0,1984.5,4083.0,1740.0,2022.0,3181.0,37.5,0.553977,fail_higher,0.553977,0.107955,overlap,0.0,0.716089
baseline_seed_1_30,direct,direct_max__idelay_data_cntvaluein__lane0__dq5__ctrl_3__endpoint__value_ps,direct_max,idelay_data_cntvaluein,lane0,dq5,3,endpoint,22,8,1080.0,1587.5,2063.0,1131.0,1408.0,2085.0,-179.5,0.448864,fail_lower,0.551136,-0.102273,overlap,0.0,0.678401
baseline_seed_1_30,skew,signed_dqs_minus_dq_bit__idelay_cntvaluein_skew__lane0__dq4__ctrl_3__dqs_vs_dq_bit__value_ps,signed_dqs_minus_dq_bit,idelay_cntvaluein_skew,lane0,dq4,3,dqs_vs_dq_bit,22,8,-728.0,-41.0,599.0,-884.0,-203.0,781.0,-162.0,0.448864,fail_lower,0.551136,-0.102273,overlap,0.0,0.678401
baseline_seed_1_30,skew,abs_ld_minus_cntvaluein_dqs__idelay_ld_cntvaluein_skew__lane0__dqs0__ctrl_2__ld_vs_cntvaluein_dqs__value_ps,abs_ld_minus_cntvaluein_dqs,idelay_ld_cntvaluein_skew,lane0,dqs0,2,ld_vs_cntvaluein_dqs,22,8,10.0,316.0,1079.0,2.0,210.0,808.0,-106.0,0.448864,fail_lower,0.551136,-0.102273,overlap,0.0,0.678401
baseline_seed_1_30,skew,signed_dqs_minus_dq_median__idelay_cntvaluein_skew__lane1__dqs1__ctrl_2__dqs_vs_dq_lane__value_ps,signed_dqs_minus_dq_median,idelay_cntvaluein_skew,lane1,dqs1,2,dqs_vs_dq_lane,22,8,-538.0,-101.5,799.0,-455.5,-30.0,650.5,71.5,0.551136,fail_higher,0.551136,0.102273,overlap,0.0,0.678401
baseline_seed_1_30,direct,direct_max__idelay_data_cntvaluein__lane1__dq11__ctrl_0__endpoint__value_ps,direct_max,idelay_data_cntvaluein,lane1,dq11,0,endpoint,22,8,782.0,1332.5,1667.0,934.0,1401.0,1731.0,68.5,0.551136,fail_higher,0.551136,0.102273,overlap,0.0,0.678401
baseline_seed_1_30,direct,direct_max__reset_release__all__no_bit__ctrl_none__endpoint__value_ps,direct_max,reset_release,all,,,endpoint,22,8,495.0,699.0,1544.0,495.0,652.0,1065.0,-47.0,0.448864,fail_lower,0.551136,-0.102273,overlap,0.0,0.678401
baseline_seed_1_30,direct,lane_spread__reset_release__all__no_bit__ctrl_none__lane__value_ps,lane_spread,reset_release,all,,,lane,22,8,495.0,699.0,1544.0,495.0,652.0,1065.0,-47.0,0.448864,fail_lower,0.551136,-0.102273,overlap,0.0,0.678401
baseline_seed_1_30,direct,direct_max__idelay_ld__lane1__dq10__ctrl_none__endpoint__value_ps,direct_max,idelay_ld,lane1,dq10,,endpoint,22,8,1286.0,1593.0,1960.0,1330.0,1550.0,1970.0,-43.0,0.448864,fail_lower,0.551136,-0.102273,overlap,0.0,0.678401
baseline_seed_1_30,skew,signed_dqs_minus_dq_bit__idelay_cntvaluein_skew__lane1__dq14__ctrl_0__dqs_vs_dq_bit__value_ps,signed_dqs_minus_dq_bit,idelay_cntvaluein_skew,lane1,dq14,0,dqs_vs_dq_bit,22,8,-730.0,28.0,470.0,-474.0,-11.5,878.0,-39.5,0.551136,fail_higher,0.551136,0.102273,overlap,0.0,0.678401
baseline_seed_1_30,skew,signed_dqs_minus_dq_bit__idelay_cntvaluein_skew__lane1__dq10__ctrl_1__dqs_vs_dq_bit__value_ps,signed_dqs_minus_dq_bit,idelay_cntvaluein_skew,lane1,dq10,1,dqs_vs_dq_bit,22,8,-841.0,-60.0,702.0,-577.0,-20.5,591.0,39.5,0.551136,fail_higher,0.551136,0.102273,overlap,0.0,0.678401
baseline_seed_1_30,skew,abs_dqs_minus_dq_bit__idelay_cntvaluein_skew__lane1__dq9__ctrl_0__dqs_vs_dq_bit__value_ps,abs_dqs_minus_dq_bit,idelay_cntvaluein_skew,lane1,dq9,0,dqs_vs_dq_bit,22,8,31.0,209.0,715.0,20.0,236.0,1018.0,27.0,0.551136,fail_higher,0.551136,0.102273,overlap,0.0,0.678401
baseline_seed_1_30,direct,direct_max__idelay_data_cntvaluein__lane1__dq13__ctrl_3__endpoint__value_ps,direct_max,idelay_data_cntvaluein,lane1,dq13,3,endpoint,22,8,944.0,1401.0,1828.0,1121.0,1388.5,1845.0,-12.5,0.551136,fail_higher,0.551136,0.102273,overlap,0.0,0.678401
baseline_seed_1_30,skew,signed_dqs_minus_dq_bit__idelay_cntvaluein_skew__lane0__dq7__ctrl_4__dqs_vs_dq_bit__value_ps,signed_dqs_minus_dq_bit,idelay_cntvaluein_skew,lane0,dq7,4,dqs_vs_dq_bit,22,8,-951.0,-183.0,887.0,-918.0,-172.0,373.0,11.0,0.448864,fail_lower,0.551136,-0.102273,overlap,0.0,0.678401
baseline_seed_1_30,skew,signed_dqs_minus_dq_bit__idelay_cntvaluein_skew__lane0__dq7__ctrl_1__dqs_vs_dq_bit__value_ps,signed_dqs_minus_dq_bit,idelay_cntvaluein_skew,lane0,dq7,1,dqs_vs_dq_bit,22,8,-1302.0,-143.0,692.0,-571.0,-150.5,418.0,-7.5,0.551136,fail_higher,0.551136,0.102273,overlap,0.0,0.678401
baseline_seed_1_30,direct,cntvaluein_bus_skew__idelay_data_cntvaluein__lane0__dq1__ctrl_none__dq1__value_ps,cntvaluein_bus_skew,idelay_data_cntvaluein,lane0,dq1,,dq1,22,8,242.0,677.5,1180.0,278.0,684.0,1002.0,6.5,0.448864,fail_lower,0.551136,-0.102273,overlap,0.0,0.678401
baseline_seed_1_30,skew,signed_dqs_minus_dq_bit__idelay_cntvaluein_skew__lane0__dq1__ctrl_3__dqs_vs_dq_bit__value_ps,signed_dqs_minus_dq_bit,idelay_cntvaluein_skew,lane0,dq1,3,dqs_vs_dq_bit,22,8,-804.0,50.5,689.0,-875.0,-114.5,794.0,-165.0,0.451705,fail_lower,0.548295,-0.096591,overlap,0.0,0.640712
baseline_seed_1_30,skew,signed_idelayctrl_minus_reset_release__startup_relative_skew__all__no_bit__ctrl_none__idelayctrl_vs_reset__value_ps,signed_idelayctrl_minus_reset_release,startup_relative_skew,all,,,idelayctrl_vs_reset,22,8,248.0,2012.5,2954.0,954.0,1702.0,2796.0,-310.5,0.454545,fail_lower,0.545455,-0.090909,overlap,0.0,0.603023
baseline_seed_1_30,skew,abs_idelayctrl_minus_reset_release__startup_relative_skew__all__no_bit__ctrl_none__idelayctrl_vs_reset__value_ps,abs_idelayctrl_minus_reset_release,startup_relative_skew,all,,,idelayctrl_vs_reset,22,8,248.0,2012.5,2954.0,954.0,1702.0,2796.0,-310.5,0.454545,fail_lower,0.545455,-0.090909,overlap,0.0,0.603023
baseline_seed_1_30,skew,abs_dqs_minus_dq_bit__idelay_cntvaluein_skew__lane0__dq4__ctrl_0__dqs_vs_dq_bit__value_ps,abs_dqs_minus_dq_bit,idelay_cntvaluein_skew,lane0,dq4,0,dqs_vs_dq_bit,22,8,9.0,280.0,998.0,76.0,166.5,937.0,-113.5,0.454545,fail_lower,0.545455,-0.090909,overlap,0.0,0.603023
baseline_seed_1_30,skew,signed_dqs_minus_dq_bit__idelay_cntvaluein_skew__lane0__dq5__ctrl_1__dqs_vs_dq_bit__value_ps,signed_dqs_minus_dq_bit,idelay_cntvaluein_skew,lane0,dq5,1,dqs_vs_dq_bit,22,8,-537.0,-105.0,993.0,-357.0,2.5,557.0,107.5,0.545455,fail_higher,0.545455,0.090909,overlap,0.0,0.603023
baseline_seed_1_30,skew,signed_dqs_minus_dq_bit__idelay_cntvaluein_skew__lane0__dq4__ctrl_2__dqs_vs_dq_bit__value_ps,signed_dqs_minus_dq_bit,idelay_cntvaluein_skew,lane0,dq4,2,dqs_vs_dq_bit,22,8,-774.0,-263.0,696.0,-963.0,-171.5,797.0,91.5,0.545455,fail_higher,0.545455,0.090909,overlap,0.0,0.603023
baseline_seed_1_30,skew,signed_dqs_minus_dq_bit__idelay_cntvaluein_skew__lane0__dq6__ctrl_1__dqs_vs_dq_bit__value_ps,signed_dqs_minus_dq_bit,idelay_cntvaluein_skew,lane0,dq6,1,dqs_vs_dq_bit,22,8,-1305.0,-145.5,818.0,-484.0,-66.0,332.0,79.5,0.545455,fail_higher,0.545455,0.090909,overlap,0.0,0.603023
baseline_seed_1_30,skew,signed_ld_minus_cntvaluein_dqs__idelay_ld_cntvaluein_skew__lane1__dqs1__ctrl_4__ld_vs_cntvaluein_dqs__value_ps,signed_ld_minus_cntvaluein_dqs,idelay_ld_cntvaluein_skew,lane1,dqs1,4,ld_vs_cntvaluein_dqs,22,8,-379.0,149.0,893.0,-168.0,70.0,545.0,-79.0,0.454545,fail_lower,0.545455,-0.090909,overlap,0.0,0.603023
baseline_seed_1_30,direct,direct_max__idelay_ld__lane0__dq3__ctrl_none__endpoint__value_ps,direct_max,idelay_ld,lane0,dq3,,endpoint,22,8,1314.0,1479.0,2121.0,1376.0,1555.5,2009.0,76.5,0.545455,fail_higher,0.545455,0.090909,overlap,0.0,0.603023
baseline_seed_1_30,direct,direct_max__idelay_data_cntvaluein__lane1__dq9__ctrl_4__endpoint__value_ps,direct_max,idelay_data_cntvaluein,lane1,dq9,4,endpoint,22,8,827.0,1241.0,1973.0,711.0,1311.0,1504.0,70.0,0.545455,fail_higher,0.545455,0.090909,overlap,0.0,0.603023
baseline_seed_1_30,skew,signed_dqs_minus_dq_bit__idelay_cntvaluein_skew__lane1__dq9__ctrl_2__dqs_vs_dq_bit__value_ps,signed_dqs_minus_dq_bit,idelay_cntvaluein_skew,lane1,dq9,2,dqs_vs_dq_bit,22,8,-403.0,152.5,873.0,-118.0,101.5,589.0,-51.0,0.454545,fail_lower,0.545455,-0.090909,overlap,0.0,0.603023
baseline_seed_1_30,direct,control_fanout_spread__idelay_data_cntvaluein__lane1__no_bit__ctrl_1__lane_control_bit__value_ps,control_fanout_spread,idelay_data_cntvaluein,lane1,,1,lane_control_bit,22,8,145.0,420.5,1067.0,250.0,468.5,554.0,48.0,0.545455,fail_higher,0.545455,0.090909,overlap,0.0,0.603023
baseline_seed_1_30,skew,dq_lane_range__idelay_cntvaluein_skew__lane1__no_bit__ctrl_1__dq_lane__value_ps,dq_lane_range,idelay_cntvaluein_skew,lane1,,1,dq_lane,22,8,145.0,420.5,1067.0,250.0,468.5,554.0,48.0,0.545455,fail_higher,0.545455,0.090909,overlap,0.0,0.603023
baseline_seed_1_30,direct,direct_max__idelay_data_cntvaluein__lane1__dq12__ctrl_2__endpoint__value_ps,direct_max,idelay_data_cntvaluein,lane1,dq12,2,endpoint,22,8,1069.0,1513.5,2216.0,1133.0,1551.5,1934.0,38.0,0.545455,fail_higher,0.545455,0.090909,overlap,0.0,0.603023
baseline_seed_1_30,direct,direct_max__idelay_ld__lane0__dq0__ctrl_none__endpoint__value_ps,direct_max,idelay_ld,lane0,dq0,,endpoint,22,8,1154.0,1696.5,2178.0,1365.0,1717.0,2239.0,20.5,0.545455,fail_higher,0.545455,0.090909,overlap,0.0,0.603023
baseline_seed_1_30,direct,direct_max__idelay_dqs_cntvaluein__lane0__dqs0__ctrl_4__endpoint__value_ps,direct_max,idelay_dqs_cntvaluein,lane0,dqs0,4,endpoint,22,8,1078.0,1461.0,2137.0,1179.0,1695.5,2055.0,234.5,0.542614,fail_higher,0.542614,0.085227,overlap,0.0,0.565334
baseline_seed_1_30,direct,direct_max__idelay_ld__lane1__dq14__ctrl_none__endpoint__value_ps,direct_max,idelay_ld,lane1,dq14,,endpoint,22,8,1271.0,1572.5,1955.0,1312.0,1634.5,2036.0,62.0,0.542614,fail_higher,0.542614,0.085227,overlap,0.0,0.565334
baseline_seed_1_30,direct,direct_max__idelay_data_cntvaluein__lane1__dq12__ctrl_0__endpoint__value_ps,direct_max,idelay_data_cntvaluein,lane1,dq12,0,endpoint,22,8,1054.0,1384.5,2006.0,986.0,1336.5,1957.0,-48.0,0.457386,fail_lower,0.542614,-0.085227,overlap,0.0,0.565334
baseline_seed_1_30,skew,abs_dqs_minus_dq_bit__idelay_cntvaluein_skew__lane0__dq5__ctrl_3__dqs_vs_dq_bit__value_ps,abs_dqs_minus_dq_bit,idelay_cntvaluein_skew,lane0,dq5,3,dqs_vs_dq_bit,22,8,20.0,293.5,783.0,71.0,334.0,934.0,40.5,0.542614,fail_higher,0.542614,0.085227,overlap,0.0,0.565334
baseline_seed_1_30,direct,direct_max__idelay_data_cntvaluein__lane0__dq6__ctrl_3__endpoint__value_ps,direct_max,idelay_data_cntvaluein,lane0,dq6,3,endpoint,22,8,1190.0,1727.5,2378.0,944.0,1747.0,2282.0,19.5,0.542614,fail_higher,0.542614,0.085227,overlap,0.0,0.565334
baseline_seed_1_30,skew,signed_lane1_minus_lane0_dqs__idelay_cntvaluein_skew__all__no_bit__ctrl_2__lane1_vs_lane0_dqs__value_ps,signed_lane1_minus_lane0_dqs,idelay_cntvaluein_skew,all,,2,lane1_vs_lane0_dqs,22,8,-531.0,-269.5,38.0,-356.0,-272.5,15.0,-3.0,0.542614,fail_higher,0.542614,0.085227,overlap,0.0,0.565334
baseline_seed_1_30,skew,abs_dqs_minus_dq_bit__idelay_cntvaluein_skew__lane0__dq7__ctrl_2__dqs_vs_dq_bit__value_ps,abs_dqs_minus_dq_bit,idelay_cntvaluein_skew,lane0,dq7,2,dqs_vs_dq_bit,22,8,38.0,350.0,778.0,23.0,350.5,863.0,0.5,0.542614,fail_higher,0.542614,0.085227,overlap,0.0,0.565334
baseline_seed_1_30,skew,signed_dqs_minus_dq_bit__idelay_cntvaluein_skew__lane1__dq12__ctrl_3__dqs_vs_dq_bit__value_ps,signed_dqs_minus_dq_bit,idelay_cntvaluein_skew,lane1,dq12,3,dqs_vs_dq_bit,22,8,-719.0,-43.0,283.0,-472.0,-223.5,876.0,-180.5,0.460227,fail_lower,0.539773,-0.079545,overlap,0.0,0.527645
baseline_seed_1_30,skew,signed_dqs_minus_dq_bit__idelay_cntvaluein_skew__lane0__dq4__ctrl_1__dqs_vs_dq_bit__value_ps,signed_dqs_minus_dq_bit,idelay_cntvaluein_skew,lane0,dq4,1,dqs_vs_dq_bit,22,8,-1209.0,-164.0,725.0,-577.0,-71.0,503.0,93.0,0.539773,fail_higher,0.539773,0.079545,overlap,0.0,0.527645
baseline_seed_1_30,skew,abs_dqs_minus_dq_bit__idelay_cntvaluein_skew__lane1__dq8__ctrl_0__dqs_vs_dq_bit__value_ps,abs_dqs_minus_dq_bit,idelay_cntvaluein_skew,lane1,dq8,0,dqs_vs_dq_bit,22,8,3.0,225.0,778.0,63.0,318.0,873.0,93.0,0.539773,fail_higher,0.539773,0.079545,overlap,0.0,0.527645
baseline_seed_1_30,direct,direct_max__idelay_data_cntvaluein__lane0__dq7__ctrl_0__endpoint__value_ps,direct_max,idelay_data_cntvaluein,lane0,dq7,0,endpoint,22,8,1271.0,1633.5,2265.0,1177.0,1710.0,2187.0,76.5,0.539773,fail_higher,0.539773,0.079545,overlap,0.0,0.527645
baseline_seed_1_30,direct,direct_max__idelay_data_cntvaluein__lane0__dq2__ctrl_2__endpoint__value_ps,direct_max,idelay_data_cntvaluein,lane0,dq2,2,endpoint,22,8,1207.0,1749.5,2177.0,1309.0,1680.5,2118.0,-69.0,0.460227,fail_lower,0.539773,-0.079545,overlap,0.0,0.527645
baseline_seed_1_30,skew,signed_dqs_minus_dq_bit__idelay_cntvaluein_skew__lane1__dq12__ctrl_1__dqs_vs_dq_bit__value_ps,signed_dqs_minus_dq_bit,idelay_cntvaluein_skew,lane1,dq12,1,dqs_vs_dq_bit,22,8,-760.0,-61.5,620.0,-490.0,-125.5,508.0,-64.0,0.460227,fail_lower,0.539773,-0.079545,overlap,0.0,0.527645
baseline_seed_1_30,skew,signed_dqs_minus_dq_bit__idelay_cntvaluein_skew__lane0__dq3__ctrl_2__dqs_vs_dq_bit__value_ps,signed_dqs_minus_dq_bit,idelay_cntvaluein_skew,lane0,dq3,2,dqs_vs_dq_bit,22,8,-600.0,-22.5,696.0,-815.0,33.0,879.0,55.5,0.460227,fail_lower,0.539773,-0.079545,overlap,0.0,0.527645
baseline_seed_1_30,direct,direct_max__idelay_data_cntvaluein__lane1__dq12__ctrl_1__endpoint__value_ps,direct_max,idelay_data_cntvaluein,lane1,dq12,1,endpoint,22,8,883.0,1386.0,1917.0,1098.0,1332.5,1756.0,-53.5,0.460227,fail_lower,0.539773,-0.079545,overlap,0.0,0.527645
baseline_seed_1_30,direct,direct_max__idelay_data_cntvaluein__lane1__dq9__ctrl_1__endpoint__value_ps,direct_max,idelay_data_cntvaluein,lane1,dq9,1,endpoint,22,8,808.0,1185.5,1664.0,814.0,1238.0,1519.0,52.5,0.539773,fail_higher,0.539773,0.079545,overlap,0.0,0.527645
baseline_seed_1_30,direct,direct_max__dq_iologic__lane0__dq1__ctrl_none__endpoint__value_ps,direct_max,dq_iologic,lane0,dq1,,endpoint,22,8,1649.0,2099.5,3990.0,1876.0,2149.0,3088.0,49.5,0.539773,fail_higher,0.539773,0.079545,overlap,0.0,0.527645
baseline_seed_1_30,skew,signed_dqs_minus_dq_bit__idelay_cntvaluein_skew__lane0__dq5__ctrl_0__dqs_vs_dq_bit__value_ps,signed_dqs_minus_dq_bit,idelay_cntvaluein_skew,lane0,dq5,0,dqs_vs_dq_bit,22,8,-693.0,86.5,1059.0,-145.0,53.5,1021.0,-33.0,0.539773,fail_higher,0.539773,0.079545,overlap,0.0,0.527645
baseline_seed_1_30,skew,signed_dqs_minus_dq_bit__idelay_cntvaluein_skew__lane0__dq2__ctrl_2__dqs_vs_dq_bit__value_ps,signed_dqs_minus_dq_bit,idelay_cntvaluein_skew,lane0,dq2,2,dqs_vs_dq_bit,22,8,-688.0,-122.0,610.0,-778.0,-89.0,795.0,33.0,0.539773,fail_higher,0.539773,0.079545,overlap,0.0,0.527645
baseline_seed_1_30,skew,signed_dqs_minus_dq_bit__idelay_cntvaluein_skew__lane0__dq3__ctrl_0__dqs_vs_dq_bit__value_ps,signed_dqs_minus_dq_bit,idelay_cntvaluein_skew,lane0,dq3,0,dqs_vs_dq_bit,22,8,-714.0,109.0,970.0,-230.0,138.5,1027.0,29.5,0.539773,fail_higher,0.539773,0.079545,overlap,0.0,0.527645
baseline_seed_1_30,skew,signed_dqs_minus_dq_bit__idelay_cntvaluein_skew__lane1__dq11__ctrl_3__dqs_vs_dq_bit__value_ps,signed_dqs_minus_dq_bit,idelay_cntvaluein_skew,lane1,dq11,3,dqs_vs_dq_bit,22,8,-512.0,74.0,551.0,-329.0,97.5,789.0,23.5,0.539773,fail_higher,0.539773,0.079545,overlap,0.0,0.527645
baseline_seed_1_30,direct,direct_max__idelay_data_cntvaluein__lane0__dq7__ctrl_2__endpoint__value_ps,direct_max,idelay_data_cntvaluein,lane0,dq7,2,endpoint,22,8,1258.0,1785.0,2395.0,1241.0,1695.0,2282.0,-90.0,0.463068,fail_lower,0.536932,-0.073864,overlap,0.0,0.489956
baseline_seed_1_30,skew,abs_dqs_minus_dq_bit__idelay_cntvaluein_skew__lane1__dq11__ctrl_3__dqs_vs_dq_bit__value_ps,abs_dqs_minus_dq_bit,idelay_cntvaluein_skew,lane1,dq11,3,dqs_vs_dq_bit,22,8,12.0,181.0,551.0,31.0,225.0,789.0,44.0,0.536932,fail_higher,0.536932,0.073864,overlap,0.0,0.489956
baseline_seed_1_30,skew,signed_lane1_minus_lane0_dqs__idelay_cntvaluein_skew__all__no_bit__ctrl_3__lane1_vs_lane0_dqs__value_ps,signed_lane1_minus_lane0_dqs,idelay_cntvaluein_skew,all,,3,lane1_vs_lane0_dqs,22,8,-617.0,-290.0,37.0,-393.0,-274.5,-204.0,15.5,0.536932,fail_higher,0.536932,0.073864,overlap,0.0,0.489956
baseline_seed_1_30,skew,abs_lane1_minus_lane0_dqs__idelay_cntvaluein_skew__all__no_bit__ctrl_3__lane1_vs_lane0_dqs__value_ps,abs_lane1_minus_lane0_dqs,idelay_cntvaluein_skew,all,,3,lane1_vs_lane0_dqs,22,8,37.0,290.0,617.0,204.0,274.5,393.0,-15.5,0.463068,fail_lower,0.536932,-0.073864,overlap,0.0,0.489956
baseline_seed_1_30,direct,direct_max__dqs_iologic__lane0__dqs0__ctrl_none__endpoint__value_ps,direct_max,dqs_iologic,lane0,dqs0,,endpoint,22,8,2555.0,3217.0,4275.0,2904.0,3352.5,3539.0,135.5,0.534091,fail_higher,0.534091,0.068182,overlap,0.0,0.452267
baseline_seed_1_30,direct,lane_spread__dqs_iologic__lane0__no_bit__ctrl_none__lane__value_ps,lane_spread,dqs_iologic,lane0,,,lane,22,8,2555.0,3217.0,4275.0,2904.0,3352.5,3539.0,135.5,0.534091,fail_higher,0.534091,0.068182,overlap,0.0,0.452267
baseline_seed_1_30,skew,signed_ld_minus_cntvaluein_dq_median__idelay_ld_cntvaluein_skew__lane0__no_bit__ctrl_2__ld_vs_cntvaluein_dq_lane__value_ps,signed_ld_minus_cntvaluein_dq_median,idelay_ld_cntvaluein_skew,lane0,,2,ld_vs_cntvaluein_dq_lane,22,8,-757.0,-36.25,779.0,-702.5,89.25,462.5,125.5,0.534091,fail_higher,0.534091,0.068182,overlap,0.0,0.452267
baseline_seed_1_30,skew,signed_dqs_minus_dq_bit__idelay_cntvaluein_skew__lane1__dq14__ctrl_1__dqs_vs_dq_bit__value_ps,signed_dqs_minus_dq_bit,idelay_cntvaluein_skew,lane1,dq14,1,dqs_vs_dq_bit,22,8,-671.0,-93.0,878.0,-572.0,-190.0,418.0,-97.0,0.465909,fail_lower,0.534091,-0.068182,overlap,0.0,0.452267
baseline_seed_1_30,skew,signed_dqs_minus_dq_median__idelay_cntvaluein_skew__lane1__dqs1__ctrl_0__dqs_vs_dq_lane__value_ps,signed_dqs_minus_dq_median,idelay_cntvaluein_skew,lane1,dqs1,0,dqs_vs_dq_lane,22,8,-728.5,48.25,518.5,-367.0,-43.25,894.5,-91.5,0.534091,fail_higher,0.534091,0.068182,overlap,0.0,0.452267
baseline_seed_1_30,skew,abs_ld_minus_cntvaluein_dqs__idelay_ld_cntvaluein_skew__lane0__dqs0__ctrl_1__ld_vs_cntvaluein_dqs__value_ps,abs_ld_minus_cntvaluein_dqs,idelay_ld_cntvaluein_skew,lane0,dqs0,1,ld_vs_cntvaluein_dqs,22,8,9.0,293.5,974.0,56.0,375.5,728.0,82.0,0.534091,fail_higher,0.534091,0.068182,overlap,0.0,0.452267
baseline_seed_1_30,skew,abs_dqs_minus_dq_bit__idelay_cntvaluein_skew__lane0__dq3__ctrl_3__dqs_vs_dq_bit__value_ps,abs_dqs_minus_dq_bit,idelay_cntvaluein_skew,lane0,dq3,3,dqs_vs_dq_bit,22,8,48.0,295.0,796.0,103.0,366.0,1000.0,71.0,0.534091,fail_higher,0.534091,0.068182,overlap,0.0,0.452267
baseline_seed_1_30,direct,direct_max__idelay_data_cntvaluein__lane0__dq1__ctrl_0__endpoint__value_ps,direct_max,idelay_data_cntvaluein,lane0,dq1,0,endpoint,22,8,1069.0,1655.0,2246.0,1185.0,1716.5,2234.0,61.5,0.465909,fail_lower,0.534091,-0.068182,overlap,0.0,0.452267
baseline_seed_1_30,skew,dq_lane_range__iologic_skew__lane0__no_bit__ctrl_none__dq_lane__value_ps,dq_lane_range,iologic_skew,lane0,,,dq_lane,22,8,181.0,534.0,1419.0,413.0,584.0,704.0,50.0,0.534091,fail_higher,0.534091,0.068182,overlap,0.0,0.452267
baseline_seed_1_30,skew,signed_dqs_minus_dq_bit__idelay_cntvaluein_skew__lane1__dq13__ctrl_4__dqs_vs_dq_bit__value_ps,signed_dqs_minus_dq_bit,idelay_cntvaluein_skew,lane1,dq13,4,dqs_vs_dq_bit,22,8,-553.0,-72.5,795.0,-364.0,-120.0,510.0,-47.5,0.465909,fail_lower,0.534091,-0.068182,overlap,0.0,0.452267
baseline_seed_1_30,direct,direct_max__idelay_dqs_cntvaluein__lane0__dqs0__ctrl_3__endpoint__value_ps,direct_max,idelay_dqs_cntvaluein,lane0,dqs0,3,endpoint,22,8,924.0,1769.5,2119.0,1394.0,1738.0,2118.0,-31.5,0.534091,fail_higher,0.534091,0.068182,overlap,0.0,0.452267
baseline_seed_1_30,direct,direct_max__idelay_data_cntvaluein__lane1__dq8__ctrl_1__endpoint__value_ps,direct_max,idelay_data_cntvaluein,lane1,dq8,1,endpoint,22,8,1065.0,1484.0,2029.0,939.0,1515.0,1929.0,31.0,0.534091,fail_higher,0.534091,0.068182,overlap,0.0,0.452267
baseline_seed_1_30,skew,signed_dqs_minus_dq_bit__idelay_cntvaluein_skew__lane0__dq4__ctrl_4__dqs_vs_dq_bit__value_ps,signed_dqs_minus_dq_bit,idelay_cntvaluein_skew,lane0,dq4,4,dqs_vs_dq_bit,22,8,-886.0,-153.0,758.0,-738.0,-122.5,376.0,30.5,0.465909,fail_lower,0.534091,-0.068182,overlap,0.0,0.452267
baseline_seed_1_30,skew,signed_dqs_minus_dq_median__idelay_cntvaluein_skew__lane0__dqs0__ctrl_2__dqs_vs_dq_lane__value_ps,signed_dqs_minus_dq_median,idelay_cntvaluein_skew,lane0,dqs0,2,dqs_vs_dq_lane,22,8,-731.5,-145.75,695.0,-838.0,-119.0,794.5,26.75,0.534091,fail_higher,0.534091,0.068182,overlap,0.0,0.452267
baseline_seed_1_30,skew,abs_dqs_minus_dq_bit__idelay_cntvaluein_skew__lane1__dq13__ctrl_0__dqs_vs_dq_bit__value_ps,abs_dqs_minus_dq_bit,idelay_cntvaluein_skew,lane1,dq13,0,dqs_vs_dq_bit,22,8,0.0,169.5,779.0,59.0,131.0,750.0,-38.5,0.46875,fail_lower,0.53125,-0.0625,overlap,0.0,0.414578
baseline_seed_1_30,skew,abs_lane1_minus_lane0_dqs__idelay_cntvaluein_skew__all__no_bit__ctrl_0__lane1_vs_lane0_dqs__value_ps,abs_lane1_minus_lane0_dqs,idelay_cntvaluein_skew,all,,0,lane1_vs_lane0_dqs,22,8,2.0,276.0,579.0,21.0,267.5,795.0,-8.5,0.46875,fail_lower,0.53125,-0.0625,overlap,0.0,0.414578
baseline_seed_1_30,skew,signed_dqs_minus_dq_bit__idelay_cntvaluein_skew__lane1__dq11__ctrl_4__dqs_vs_dq_bit__value_ps,signed_dqs_minus_dq_bit,idelay_cntvaluein_skew,lane1,dq11,4,dqs_vs_dq_bit,22,8,-479.0,-21.5,803.0,-285.0,-145.0,422.0,-123.5,0.471591,fail_lower,0.528409,-0.056818,overlap,0.0,0.376889
baseline_seed_1_30,skew,signed_dqs_minus_dq_bit__idelay_cntvaluein_skew__lane1__dq8__ctrl_4__dqs_vs_dq_bit__value_ps,signed_dqs_minus_dq_bit,idelay_cntvaluein_skew,lane1,dq8,4,dqs_vs_dq_bit,22,8,-873.0,-198.5,727.0,-383.0,-84.0,20.0,114.5,0.471591,fail_lower,0.528409,-0.056818,overlap,0.0,0.376889
baseline_seed_1_30,direct,direct_max__idelay_ld__lane1__dq15__ctrl_none__endpoint__value_ps,direct_max,idelay_ld,lane1,dq15,,endpoint,22,8,1024.0,1396.5,1712.0,1006.0,1295.5,1856.0,-101.0,0.471591,fail_lower,0.528409,-0.056818,overlap,0.0,0.376889
baseline_seed_1_30,direct,direct_max__idelay_data_cntvaluein__lane1__dq8__ctrl_3__endpoint__value_ps,direct_max,idelay_data_cntvaluein,lane1,dq8,3,endpoint,22,8,870.0,1580.5,2032.0,1116.0,1481.5,2216.0,-99.0,0.471591,fail_lower,0.528409,-0.056818,overlap,0.0,0.376889
baseline_seed_1_30,skew,signed_dqs_minus_dq_bit__idelay_cntvaluein_skew__lane0__dq0__ctrl_3__dqs_vs_dq_bit__value_ps,signed_dqs_minus_dq_bit,idelay_cntvaluein_skew,lane0,dq0,3,dqs_vs_dq_bit,22,8,-751.0,71.0,781.0,-790.0,-26.5,796.0,-97.5,0.471591,fail_lower,0.528409,-0.056818,overlap,0.0,0.376889
baseline_seed_1_30,skew,signed_ld_minus_cntvaluein_dq_median__idelay_ld_cntvaluein_skew__lane0__no_bit__ctrl_3__ld_vs_cntvaluein_dq_lane__value_ps,signed_ld_minus_cntvaluein_dq_median,idelay_ld_cntvaluein_skew,lane0,,3,ld_vs_cntvaluein_dq_lane,22,8,-445.0,-20.25,781.5,-879.0,42.0,317.5,62.25,0.471591,fail_lower,0.528409,-0.056818,overlap,0.0,0.376889
baseline_seed_1_30,direct,direct_max__idelay_ld__lane0__dq4__ctrl_none__endpoint__value_ps,direct_max,idelay_ld,lane0,dq4,,endpoint,22,8,1246.0,1717.5,2316.0,1355.0,1665.0,2211.0,-52.5,0.471591,fail_lower,0.528409,-0.056818,overlap,0.0,0.376889
baseline_seed_1_30,skew,abs_dqs_minus_dq_bit__idelay_cntvaluein_skew__lane1__dq11__ctrl_2__dqs_vs_dq_bit__value_ps,abs_dqs_minus_dq_bit,idelay_cntvaluein_skew,lane1,dq11,2,dqs_vs_dq_bit,22,8,12.0,211.5,740.0,41.0,165.0,717.0,-46.5,0.528409,fail_higher,0.528409,0.056818,overlap,0.0,0.376889
baseline_seed_1_30,skew,abs_dqs_minus_dq_bit__idelay_cntvaluein_skew__lane0__dq6__ctrl_3__dqs_vs_dq_bit__value_ps,abs_dqs_minus_dq_bit,idelay_cntvaluein_skew,lane0,dq6,3,dqs_vs_dq_bit,22,8,52.0,275.5,827.0,11.0,317.5,1121.0,42.0,0.528409,fail_higher,0.528409,0.056818,overlap,0.0,0.376889
baseline_seed_1_30,direct,direct_max__idelay_data_cntvaluein__lane0__dq4__ctrl_3__endpoint__value_ps,direct_max,idelay_data_cntvaluein,lane0,dq4,3,endpoint,22,8,1264.0,1843.5,2283.0,1284.0,1812.0,2533.0,-31.5,0.528409,fail_higher,0.528409,0.056818,overlap,0.0,0.376889
baseline_seed_1_30,direct,direct_max__idelay_ld__lane1__dq11__ctrl_none__endpoint__value_ps,direct_max,idelay_ld,lane1,dq11,,endpoint,22,8,1304.0,1501.0,1812.0,1208.0,1532.5,1945.0,31.5,0.528409,fail_higher,0.528409,0.056818,overlap,0.0,0.376889
baseline_seed_1_30,skew,abs_dqs_minus_dq_bit__idelay_cntvaluein_skew__lane1__dq10__ctrl_2__dqs_vs_dq_bit__value_ps,abs_dqs_minus_dq_bit,idelay_cntvaluein_skew,lane1,dq10,2,dqs_vs_dq_bit,22,8,5.0,231.0,814.0,22.0,259.5,737.0,28.5,0.528409,fail_higher,0.528409,0.056818,overlap,0.0,0.376889
baseline_seed_1_30,direct,direct_max__idelay_data_cntvaluein__lane0__dq5__ctrl_2__endpoint__value_ps,direct_max,idelay_data_cntvaluein,lane0,dq5,2,endpoint,22,8,1128.0,1656.0,2401.0,1082.0,1677.0,2246.0,21.0,0.528409,fail_higher,0.528409,0.056818,overlap,0.0,0.376889
baseline_seed_1_30,skew,abs_dqs_minus_dq_bit__idelay_cntvaluein_skew__lane0__dq4__ctrl_2__dqs_vs_dq_bit__value_ps,abs_dqs_minus_dq_bit,idelay_cntvaluein_skew,lane0,dq4,2,dqs_vs_dq_bit,22,8,81.0,335.5,774.0,10.0,355.0,963.0,19.5,0.528409,fail_higher,0.528409,0.056818,overlap,0.0,0.376889
baseline_seed_1_30,direct,direct_max__idelay_data_cntvaluein__lane1__dq15__ctrl_1__endpoint__value_ps,direct_max,idelay_data_cntvaluein,lane1,dq15,1,endpoint,22,8,722.0,1159.0,1636.0,1001.0,1146.5,1437.0,-12.5,0.528409,fail_higher,0.528409,0.056818,overlap,0.0,0.376889
baseline_seed_1_30,skew,signed_lane1_minus_lane0_dqs__idelay_cntvaluein_skew__all__no_bit__ctrl_4__lane1_vs_lane0_dqs__value_ps,signed_lane1_minus_lane0_dqs,idelay_cntvaluein_skew,all,,4,lane1_vs_lane0_dqs,22,8,-521.0,-252.0,27.0,-552.0,-241.0,103.0,11.0,0.528409,fail_higher,0.528409,0.056818,overlap,0.0,0.376889
baseline_seed_1_30,skew,abs_dqs_minus_dq_bit__idelay_cntvaluein_skew__lane1__dq12__ctrl_2__dqs_vs_dq_bit__value_ps,abs_dqs_minus_dq_bit,idelay_cntvaluein_skew,lane1,dq12,2,dqs_vs_dq_bit,22,8,11.0,284.0,783.0,5.0,294.0,579.0,10.0,0.528409,fail_higher,0.528409,0.056818,overlap,0.0,0.376889
baseline_seed_1_30,skew,signed_dqs_minus_dq_bit__idelay_cntvaluein_skew__lane0__dq7__ctrl_3__dqs_vs_dq_bit__value_ps,signed_dqs_minus_dq_bit,idelay_cntvaluein_skew,lane0,dq7,3,dqs_vs_dq_bit,22,8,-731.0,-72.0,505.0,-708.0,-217.5,1034.0,-145.5,0.474432,fail_lower,0.525568,-0.051136,overlap,0.0,0.3392
baseline_seed_1_30,skew,signed_dqs_minus_dq_bit__idelay_cntvaluein_skew__lane1__dq13__ctrl_0__dqs_vs_dq_bit__value_ps,signed_dqs_minus_dq_bit,idelay_cntvaluein_skew,lane1,dq13,0,dqs_vs_dq_bit,22,8,-779.0,-0.5,576.0,-260.0,-75.0,750.0,-74.5,0.525568,fail_higher,0.525568,0.051136,overlap,0.0,0.3392
baseline_seed_1_30,skew,abs_dqs_minus_dq_median__idelay_cntvaluein_skew__lane1__dqs1__ctrl_2__dqs_vs_dq_lane__value_ps,abs_dqs_minus_dq_median,idelay_cntvaluein_skew,lane1,dqs1,2,dqs_vs_dq_lane,22,8,15.5,192.0,799.0,63.5,174.5,650.5,-17.5,0.525568,fail_higher,0.525568,0.051136,overlap,0.0,0.3392
baseline_seed_1_30,direct,direct_max__idelay_ld__lane1__dqs1__ctrl_none__endpoint__value_ps,direct_max,idelay_ld,lane1,dqs1,,endpoint,22,8,1146.0,1424.0,1963.0,1179.0,1437.5,1916.0,13.5,0.525568,fail_higher,0.525568,0.051136,overlap,0.0,0.3392
baseline_seed_1_30,skew,signed_dqs_minus_dq_bit__idelay_cntvaluein_skew__lane1__dq8__ctrl_3__dqs_vs_dq_bit__value_ps,signed_dqs_minus_dq_bit,idelay_cntvaluein_skew,lane1,dq8,3,dqs_vs_dq_bit,22,8,-901.0,-117.0,266.0,-564.0,-109.5,615.0,7.5,0.525568,fail_higher,0.525568,0.051136,overlap,0.0,0.3392
baseline_seed_1_30,direct,direct_max__idelay_data_cntvaluein__lane0__dq4__ctrl_0__endpoint__value_ps,direct_max,idelay_data_cntvaluein,lane0,dq4,0,endpoint,22,8,1271.0,1614.0,2170.0,1009.0,1727.0,2109.0,113.0,0.522727,fail_higher,0.522727,0.045455,overlap,0.0,0.301511
baseline_seed_1_30,direct,direct_max__idelay_data_cntvaluein__lane0__dq1__ctrl_3__endpoint__value_ps,direct_max,idelay_data_cntvaluein,lane0,dq1,3,endpoint,22,8,1174.0,1794.0,2193.0,1090.0,1721.0,2448.0,-73.0,0.522727,fail_higher,0.522727,0.045455,overlap,0.0,0.301511
baseline_seed_1_30,skew,signed_dqs_minus_dq_bit__idelay_cntvaluein_skew__lane0__dq0__ctrl_1__dqs_vs_dq_bit__value_ps,signed_dqs_minus_dq_bit,idelay_cntvaluein_skew,lane0,dq0,1,dqs_vs_dq_bit,22,8,-1034.0,-96.5,848.0,-675.0,-29.0,335.0,67.5,0.522727,fail_higher,0.522727,0.045455,overlap,0.0,0.301511
baseline_seed_1_30,direct,direct_max__idelay_data_cntvaluein__lane1__dq15__ctrl_2__endpoint__value_ps,direct_max,idelay_data_cntvaluein,lane1,dq15,2,endpoint,22,8,802.0,1199.5,1643.0,884.0,1256.0,1626.0,56.5,0.522727,fail_higher,0.522727,0.045455,overlap,0.0,0.301511
baseline_seed_1_30,skew,signed_dqs_minus_dq_bit__idelay_cntvaluein_skew__lane1__dq12__ctrl_4__dqs_vs_dq_bit__value_ps,signed_dqs_minus_dq_bit,idelay_cntvaluein_skew,lane1,dq12,4,dqs_vs_dq_bit,22,8,-778.0,-108.0,727.0,-499.0,-53.5,196.0,54.5,0.522727,fail_higher,0.522727,0.045455,overlap,0.0,0.301511
baseline_seed_1_30,skew,signed_dqs_minus_dq_median__idelay_cntvaluein_skew__lane0__dqs0__ctrl_4__dqs_vs_dq_lane__value_ps,signed_dqs_minus_dq_median,idelay_cntvaluein_skew,lane0,dqs0,4,dqs_vs_dq_lane,22,8,-812.0,-107.5,797.5,-796.0,-60.25,401.5,47.25,0.477273,fail_lower,0.522727,-0.045455,overlap,0.0,0.301511
baseline_seed_1_30,skew,signed_ld_minus_cntvaluein_dqs__idelay_ld_cntvaluein_skew__lane1__dqs1__ctrl_2__ld_vs_cntvaluein_dqs__value_ps,signed_ld_minus_cntvaluein_dqs,idelay_ld_cntvaluein_skew,lane1,dqs1,2,ld_vs_cntvaluein_dqs,22,8,-755.0,77.0,605.0,-599.0,116.0,561.0,39.0,0.477273,fail_lower,0.522727,-0.045455,overlap,0.0,0.301511
baseline_seed_1_30,skew,abs_dqs_minus_dq_median__idelay_cntvaluein_skew__lane1__dqs1__ctrl_0__dqs_vs_dq_lane__value_ps,abs_dqs_minus_dq_median,idelay_cntvaluein_skew,lane1,dqs1,0,dqs_vs_dq_lane,22,8,5.5,203.0,728.5,32.5,166.5,894.5,-36.5,0.522727,fail_higher,0.522727,0.045455,overlap,0.0,0.301511
baseline_seed_1_30,direct,direct_max__idelay_data_cntvaluein__lane1__dq10__ctrl_2__endpoint__value_ps,direct_max,idelay_data_cntvaluein,lane1,dq10,2,endpoint,22,8,985.0,1513.0,2160.0,1011.0,1478.0,1983.0,-35.0,0.522727,fail_higher,0.522727,0.045455,overlap,0.0,0.301511
baseline_seed_1_30,skew,abs_ld_minus_cntvaluein_dq_median__idelay_ld_cntvaluein_skew__lane0__no_bit__ctrl_4__ld_vs_cntvaluein_dq_lane__value_ps,abs_ld_minus_cntvaluein_dq_median,idelay_ld_cntvaluein_skew,lane0,,4,ld_vs_cntvaluein_dq_lane,22,8,10.5,284.25,862.0,74.0,316.0,588.5,31.75,0.522727,fail_higher,0.522727,0.045455,overlap,0.0,0.301511
baseline_seed_1_30,skew,signed_dqs_minus_dq_bit__idelay_cntvaluein_skew__lane0__dq2__ctrl_3__dqs_vs_dq_bit__value_ps,signed_dqs_minus_dq_bit,idelay_cntvaluein_skew,lane0,dq2,3,dqs_vs_dq_bit,22,8,-646.0,-42.5,597.0,-618.0,-12.0,781.0,30.5,0.477273,fail_lower,0.522727,-0.045455,overlap,0.0,0.301511
baseline_seed_1_30,skew,signed_lane1_minus_lane0_dq_median__idelay_cntvaluein_skew__all__no_bit__ctrl_2__lane1_vs_lane0_dq__value_ps,signed_lane1_minus_lane0_dq_median,idelay_cntvaluein_skew,all,,2,lane1_vs_lane0_dq,22,8,-710.0,-320.5,-86.0,-453.5,-303.0,-212.0,17.5,0.522727,fail_higher,0.522727,0.045455,overlap,0.0,0.301511
baseline_seed_1_30,skew,abs_lane1_minus_lane0_dq_median__idelay_cntvaluein_skew__all__no_bit__ctrl_2__lane1_vs_lane0_dq__value_ps,abs_lane1_minus_lane0_dq_median,idelay_cntvaluein_skew,all,,2,lane1_vs_lane0_dq,22,8,86.0,320.5,710.0,212.0,303.0,453.5,-17.5,0.477273,fail_lower,0.522727,-0.045455,overlap,0.0,0.301511
baseline_seed_1_30,direct,direct_max__idelay_data_cntvaluein__lane0__dq0__ctrl_2__endpoint__value_ps,direct_max,idelay_data_cntvaluein,lane0,dq0,2,endpoint,22,8,1248.0,1738.5,2217.0,1162.0,1741.0,2164.0,2.5,0.522727,fail_higher,0.522727,0.045455,overlap,0.0,0.301511
baseline_seed_1_30,direct,direct_max__idelay_data_cntvaluein__lane0__dq6__ctrl_0__endpoint__value_ps,direct_max,idelay_data_cntvaluein,lane0,dq6,0,endpoint,22,8,1279.0,1619.5,2124.0,990.0,1681.5,2069.0,62.0,0.519886,fail_higher,0.519886,0.039773,overlap,0.0,0.263822
baseline_seed_1_30,direct,direct_max__idelay_ld__lane0__dq5__ctrl_none__endpoint__value_ps,direct_max,idelay_ld,lane0,dq5,,endpoint,22,8,1381.0,1552.0,1860.0,1353.0,1610.0,1929.0,58.0,0.480114,fail_lower,0.519886,-0.039773,overlap,0.0,0.263822
baseline_seed_1_30,skew,signed_dqs_minus_dq_bit__idelay_cntvaluein_skew__lane0__dq7__ctrl_2__dqs_vs_dq_bit__value_ps,signed_dqs_minus_dq_bit,idelay_cntvaluein_skew,lane0,dq7,2,dqs_vs_dq_bit,22,8,-778.0,-138.5,615.0,-861.0,-177.0,863.0,-38.5,0.519886,fail_higher,0.519886,0.039773,overlap,0.0,0.263822
baseline_seed_1_30,direct,direct_max__idelay_ld__lane1__dq8__ctrl_none__endpoint__value_ps,direct_max,idelay_ld,lane1,dq8,,endpoint,22,8,1269.0,1570.0,1889.0,1156.0,1540.0,2121.0,-30.0,0.519886,fail_higher,0.519886,0.039773,overlap,0.0,0.263822
baseline_seed_1_30,skew,signed_lane1_minus_lane0_dqs__idelay_cntvaluein_skew__all__no_bit__ctrl_0__lane1_vs_lane0_dqs__value_ps,signed_lane1_minus_lane0_dqs,idelay_cntvaluein_skew,all,,0,lane1_vs_lane0_dqs,22,8,-579.0,-276.0,260.0,-795.0,-267.5,21.0,8.5,0.519886,fail_higher,0.519886,0.039773,overlap,0.0,0.263822
baseline_seed_1_30,direct,direct_max__dq_iologic__lane0__dq3__ctrl_none__endpoint__value_ps,direct_max,dq_iologic,lane0,dq3,,endpoint,22,8,1726.0,2411.0,3805.0,1741.0,2414.0,3398.0,3.0,0.480114,fail_lower,0.519886,-0.039773,overlap,0.0,0.263822
baseline_seed_1_30,direct,direct_max__idelay_data_cntvaluein__lane0__dq4__ctrl_2__endpoint__value_ps,direct_max,idelay_data_cntvaluein,lane0,dq4,2,endpoint,22,8,1264.0,1834.0,2265.0,1307.0,1699.5,2303.0,-134.5,0.482955,fail_lower,0.517045,-0.034091,overlap,0.0,0.226134
baseline_seed_1_30,skew,signed_dqs_minus_dq_bit__idelay_cntvaluein_skew__lane0__dq6__ctrl_3__dqs_vs_dq_bit__value_ps,signed_dqs_minus_dq_bit,idelay_cntvaluein_skew,lane0,dq6,3,dqs_vs_dq_bit,22,8,-827.0,108.5,557.0,-733.0,-24.5,1121.0,-133.0,0.517045,fail_higher,0.517045,0.034091,overlap,0.0,0.226134
baseline_seed_1_30,skew,signed_dqs_minus_dq_bit__idelay_cntvaluein_skew__lane0__dq1__ctrl_2__dqs_vs_dq_bit__value_ps,signed_dqs_minus_dq_bit,idelay_cntvaluein_skew,lane0,dq1,2,dqs_vs_dq_bit,22,8,-863.0,-232.5,781.0,-880.0,-109.0,754.0,123.5,0.517045,fail_higher,0.517045,0.034091,overlap,0.0,0.226134
baseline_seed_1_30,skew,signed_dqs_minus_dq_bit__idelay_cntvaluein_skew__lane1__dq10__ctrl_0__dqs_vs_dq_bit__value_ps,signed_dqs_minus_dq_bit,idelay_cntvaluein_skew,lane1,dq10,0,dqs_vs_dq_bit,22,8,-727.0,33.0,468.0,-479.0,-90.0,911.0,-123.0,0.517045,fail_higher,0.517045,0.034091,overlap,0.0,0.226134
baseline_seed_1_30,skew,abs_dqs_minus_dq_bit__idelay_cntvaluein_skew__lane1__dq8__ctrl_1__dqs_vs_dq_bit__value_ps,abs_dqs_minus_dq_bit,idelay_cntvaluein_skew,lane1,dq8,1,dqs_vs_dq_bit,22,8,36.0,244.5,959.0,23.0,345.5,663.0,101.0,0.482955,fail_lower,0.517045,-0.034091,overlap,0.0,0.226134
baseline_seed_1_30,skew,signed_dqs_minus_dq_median__idelay_cntvaluein_skew__lane1__dqs1__ctrl_1__dqs_vs_dq_lane__value_ps,signed_dqs_minus_dq_median,idelay_cntvaluein_skew,lane1,dqs1,1,dqs_vs_dq_lane,22,8,-631.0,-104.5,892.0,-477.5,-35.5,488.5,69.0,0.517045,fail_higher,0.517045,0.034091,overlap,0.0,0.226134
baseline_seed_1_30,direct,direct_max__idelay_ld__lane1__dq13__ctrl_none__endpoint__value_ps,direct_max,idelay_ld,lane1,dq13,,endpoint,22,8,1159.0,1479.0,1843.0,1215.0,1519.0,2029.0,40.0,0.517045,fail_higher,0.517045,0.034091,overlap,0.0,0.226134
baseline_seed_1_30,skew,signed_ld_minus_cntvaluein_dqs__idelay_ld_cntvaluein_skew__lane1__dqs1__ctrl_3__ld_vs_cntvaluein_dqs__value_ps,signed_ld_minus_cntvaluein_dqs,idelay_ld_cntvaluein_skew,lane1,dqs1,3,ld_vs_cntvaluein_dqs,22,8,-561.0,118.0,684.0,-646.0,154.5,543.0,36.5,0.482955,fail_lower,0.517045,-0.034091,overlap,0.0,0.226134
baseline_seed_1_30,direct,direct_max__dq_iologic__lane0__dq0__ctrl_none__endpoint__value_ps,direct_max,dq_iologic,lane0,dq0,,endpoint,22,8,1695.0,2186.5,3693.0,1710.0,2157.0,2796.0,-29.5,0.517045,fail_higher,0.517045,0.034091,overlap,0.0,0.226134
baseline_seed_1_30,skew,signed_dqs_minus_dq_median__iologic_skew__lane0__dqs0__ctrl_none__dqs_vs_dq_lane__value_ps,signed_dqs_minus_dq_median,iologic_skew,lane0,dqs0,,dqs_vs_dq_lane,22,8,77.0,1054.25,1878.0,259.0,1081.75,1509.5,27.5,0.482955,fail_lower,0.517045,-0.034091,overlap,0.0,0.226134
baseline_seed_1_30,skew,abs_dqs_minus_dq_median__iologic_skew__lane0__dqs0__ctrl_none__dqs_vs_dq_lane__value_ps,abs_dqs_minus_dq_median,iologic_skew,lane0,dqs0,,dqs_vs_dq_lane,22,8,77.0,1054.25,1878.0,259.0,1081.75,1509.5,27.5,0.482955,fail_lower,0.517045,-0.034091,overlap,0.0,0.226134
baseline_seed_1_30,skew,signed_dqs_minus_dq_bit__idelay_cntvaluein_skew__lane1__dq10__ctrl_2__dqs_vs_dq_bit__value_ps,signed_dqs_minus_dq_bit,idelay_cntvaluein_skew,lane1,dq10,2,dqs_vs_dq_bit,22,8,-708.0,-154.5,814.0,-628.0,-129.0,737.0,25.5,0.482955,fail_lower,0.517045,-0.034091,overlap,0.0,0.226134
baseline_seed_1_30,skew,abs_lane1_minus_lane0_dqs__idelay_cntvaluein_skew__all__no_bit__ctrl_4__lane1_vs_lane0_dqs__value_ps,abs_lane1_minus_lane0_dqs,idelay_cntvaluein_skew,all,,4,lane1_vs_lane0_dqs,22,8,27.0,252.0,521.0,25.0,241.0,552.0,-11.0,0.482955,fail_lower,0.517045,-0.034091,overlap,0.0,0.226134
baseline_seed_1_30,skew,dq_bus_skew_range__idelay_cntvaluein_skew__lane0__no_bit__ctrl_none__dq_lane_bus_skew__value_ps,dq_bus_skew_range,idelay_cntvaluein_skew,lane0,,,dq_lane_bus_skew,22,8,166.0,346.0,830.0,178.0,341.0,630.0,-5.0,0.482955,fail_lower,0.517045,-0.034091,overlap,0.0,0.226134
baseline_seed_1_30,skew,signed_dqs_minus_dq_bit__idelay_cntvaluein_skew__lane0__dq0__ctrl_4__dqs_vs_dq_bit__value_ps,signed_dqs_minus_dq_bit,idelay_cntvaluein_skew,lane0,dq0,4,dqs_vs_dq_bit,22,8,-791.0,-114.0,758.0,-755.0,-18.0,513.0,96.0,0.485795,fail_lower,0.514205,-0.028409,overlap,0.0,0.188445
baseline_seed_1_30,skew,signed_dqs_minus_dq_bit__idelay_cntvaluein_skew__lane0__dq1__ctrl_4__dqs_vs_dq_bit__value_ps,signed_dqs_minus_dq_bit,idelay_cntvaluein_skew,lane0,dq1,4,dqs_vs_dq_bit,22,8,-784.0,-115.0,896.0,-754.0,-42.0,427.0,73.0,0.485795,fail_lower,0.514205,-0.028409,overlap,0.0,0.188445
baseline_seed_1_30,skew,signed_dqs_minus_dq_bit__idelay_cntvaluein_skew__lane0__dq1__ctrl_1__dqs_vs_dq_bit__value_ps,signed_dqs_minus_dq_bit,idelay_cntvaluein_skew,lane0,dq1,1,dqs_vs_dq_bit,22,8,-1118.0,-98.5,852.0,-587.0,-46.0,422.0,52.5,0.514205,fail_higher,0.514205,0.028409,overlap,0.0,0.188445
baseline_seed_1_30,skew,signed_dqs_minus_dq_bit__idelay_cntvaluein_skew__lane1__dq10__ctrl_3__dqs_vs_dq_bit__value_ps,signed_dqs_minus_dq_bit,idelay_cntvaluein_skew,lane1,dq10,3,dqs_vs_dq_bit,22,8,-633.0,25.5,367.0,-424.0,-135.5,880.0,-161.0,0.488636,fail_lower,0.511364,-0.022727,overlap,0.0,0.150756
baseline_seed_1_30,skew,signed_dqs_minus_dq_bit__idelay_cntvaluein_skew__lane0__dq3__ctrl_3__dqs_vs_dq_bit__value_ps,signed_dqs_minus_dq_bit,idelay_cntvaluein_skew,lane0,dq3,3,dqs_vs_dq_bit,22,8,-521.0,206.0,796.0,-367.0,304.0,1000.0,98.0,0.511364,fail_higher,0.511364,0.022727,overlap,0.0,0.150756
baseline_seed_1_30,skew,signed_dqs_minus_dq_bit__idelay_cntvaluein_skew__lane1__dq13__ctrl_3__dqs_vs_dq_bit__value_ps,signed_dqs_minus_dq_bit,idelay_cntvaluein_skew,lane1,dq13,3,dqs_vs_dq_bit,22,8,-574.0,2.5,466.0,-421.0,98.0,704.0,95.5,0.511364,fail_higher,0.511364,0.022727,overlap,0.0,0.150756
baseline_seed_1_30,skew,abs_dqs_minus_dq_bit__idelay_cntvaluein_skew__lane0__dq5__ctrl_0__dqs_vs_dq_bit__value_ps,abs_dqs_minus_dq_bit,idelay_cntvaluein_skew,lane0,dq5,0,dqs_vs_dq_bit,22,8,13.0,193.5,1059.0,1.0,130.0,1021.0,-63.5,0.488636,fail_lower,0.511364,-0.022727,overlap,0.0,0.150756
baseline_seed_1_30,skew,signed_dqs_minus_dq_bit__idelay_cntvaluein_skew__lane0__dq5__ctrl_2__dqs_vs_dq_bit__value_ps,signed_dqs_minus_dq_bit,idelay_cntvaluein_skew,lane0,dq5,2,dqs_vs_dq_bit,22,8,-683.0,-1.0,785.0,-906.0,52.5,728.0,53.5,0.511364,fail_higher,0.511364,0.022727,overlap,0.0,0.150756
baseline_seed_1_30,skew,signed_dqs_minus_dq_median__idelay_cntvaluein_skew__lane1__dqs1__ctrl_3__dqs_vs_dq_lane__value_ps,signed_dqs_minus_dq_median,idelay_cntvaluein_skew,lane1,dqs1,3,dqs_vs_dq_lane,22,8,-603.5,65.0,416.5,-403.5,14.25,796.5,-50.75,0.511364,fail_higher,0.511364,0.022727,overlap,0.0,0.150756
baseline_seed_1_30,skew,signed_dqs_minus_dq_bit__idelay_cntvaluein_skew__lane0__dq2__ctrl_4__dqs_vs_dq_bit__value_ps,signed_dqs_minus_dq_bit,idelay_cntvaluein_skew,lane0,dq2,4,dqs_vs_dq_bit,22,8,-863.0,-133.5,837.0,-744.0,-84.5,465.0,49.0,0.511364,fail_higher,0.511364,0.022727,overlap,0.0,0.150756
baseline_seed_1_30,direct,control_fanout_spread__idelay_data_cntvaluein__lane1__no_bit__ctrl_2__lane_control_bit__value_ps,control_fanout_spread,idelay_data_cntvaluein,lane1,,2,lane_control_bit,22,8,222.0,386.5,776.0,227.0,421.5,611.0,35.0,0.511364,fail_higher,0.511364,0.022727,overlap,0.0,0.150756
baseline_seed_1_30,skew,dq_lane_range__idelay_cntvaluein_skew__lane1__no_bit__ctrl_2__dq_lane__value_ps,dq_lane_range,idelay_cntvaluein_skew,lane1,,2,dq_lane,22,8,222.0,386.5,776.0,227.0,421.5,611.0,35.0,0.511364,fail_higher,0.511364,0.022727,overlap,0.0,0.150756
baseline_seed_1_30,direct,direct_max__idelay_data_cntvaluein__lane1__dq10__ctrl_3__endpoint__value_ps,direct_max,idelay_data_cntvaluein,lane1,dq10,3,endpoint,22,8,972.0,1462.5,1794.0,945.0,1437.5,1942.0,-25.0,0.511364,fail_higher,0.511364,0.022727,overlap,0.0,0.150756
baseline_seed_1_30,skew,signed_ld_dqs_minus_dq_median__idelay_ld_skew__lane1__dqs1__ctrl_none__dqs_vs_dq_lane__value_ps,signed_ld_dqs_minus_dq_median,idelay_ld_skew,lane1,dqs1,,dqs_vs_dq_lane,22,8,-235.5,-42.25,184.0,-177.5,-59.0,123.0,-16.75,0.488636,fail_lower,0.511364,-0.022727,overlap,0.0,0.150756
baseline_seed_1_30,skew,abs_ld_minus_cntvaluein_dqs__idelay_ld_cntvaluein_skew__lane1__dqs1__ctrl_0__ld_vs_cntvaluein_dqs__value_ps,abs_ld_minus_cntvaluein_dqs,idelay_ld_cntvaluein_skew,lane1,dqs1,0,ld_vs_cntvaluein_dqs,22,8,58.0,295.0,988.0,119.0,280.5,488.0,-14.5,0.488636,fail_lower,0.511364,-0.022727,overlap,0.0,0.150756
baseline_seed_1_30,skew,abs_dqs_minus_dq_bit__idelay_cntvaluein_skew__lane0__dq6__ctrl_2__dqs_vs_dq_bit__value_ps,abs_dqs_minus_dq_bit,idelay_cntvaluein_skew,lane0,dq6,2,dqs_vs_dq_bit,22,8,26.0,297.0,735.0,25.0,286.5,794.0,-10.5,0.488636,fail_lower,0.511364,-0.022727,overlap,0.0,0.150756
baseline_seed_1_30,skew,signed_dqs_minus_dq_bit__idelay_cntvaluein_skew__lane1__dq14__ctrl_4__dqs_vs_dq_bit__value_ps,signed_dqs_minus_dq_bit,idelay_cntvaluein_skew,lane1,dq14,4,dqs_vs_dq_bit,22,8,-697.0,-166.5,816.0,-410.0,-164.0,107.0,2.5,0.488636,fail_lower,0.511364,-0.022727,overlap,0.0,0.150756
baseline_seed_1_30,skew,signed_dqs_minus_dq_median__idelay_cntvaluein_skew__lane0__dqs0__ctrl_3__dqs_vs_dq_lane__value_ps,signed_dqs_minus_dq_median,idelay_cntvaluein_skew,lane0,dqs0,3,dqs_vs_dq_lane,22,8,-729.5,16.75,644.0,-720.5,14.75,865.0,-2.0,0.488636,fail_lower,0.511364,-0.022727,overlap,0.0,0.150756
baseline_seed_1_30,skew,abs_dqs_minus_dq_bit__idelay_cntvaluein_skew__lane1__dq8__ctrl_2__dqs_vs_dq_bit__value_ps,abs_dqs_minus_dq_bit,idelay_cntvaluein_skew,lane1,dq8,2,dqs_vs_dq_bit,22,8,8.0,353.5,832.0,117.0,272.0,483.0,-81.5,0.491477,fail_lower,0.508523,-0.017045,overlap,0.0,0.113067
baseline_seed_1_30,direct,direct_max__dq_iologic__lane0__dq5__ctrl_none__endpoint__value_ps,direct_max,dq_iologic,lane0,dq5,,endpoint,22,8,1575.0,2128.0,4221.0,1741.0,2081.5,3319.0,-46.5,0.508523,fail_higher,0.508523,0.017045,overlap,0.0,0.113067
baseline_seed_1_30,direct,direct_max__idelay_data_cntvaluein__lane1__dq15__ctrl_0__endpoint__value_ps,direct_max,idelay_data_cntvaluein,lane1,dq15,0,endpoint,22,8,884.0,1139.0,1549.0,796.0,1106.5,1659.0,-32.5,0.491477,fail_lower,0.508523,-0.017045,overlap,0.0,0.113067
baseline_seed_1_30,direct,cntvaluein_bus_skew__idelay_data_cntvaluein__lane0__dq6__ctrl_none__dq6__value_ps,cntvaluein_bus_skew,idelay_data_cntvaluein,lane0,dq6,,dq6,22,8,200.0,614.5,1561.0,193.0,590.5,1118.0,-24.0,0.491477,fail_lower,0.508523,-0.017045,overlap,0.0,0.113067
baseline_seed_1_30,direct,direct_max__idelay_data_cntvaluein__lane1__dq11__ctrl_3__endpoint__value_ps,direct_max,idelay_data_cntvaluein,lane1,dq11,3,endpoint,22,8,859.0,1408.0,1738.0,1036.0,1257.0,1792.0,-151.0,0.494318,fail_lower,0.505682,-0.011364,overlap,0.0,0.075378
baseline_seed_1_30,skew,signed_ld_minus_cntvaluein_dq_median__idelay_ld_cntvaluein_skew__lane1__no_bit__ctrl_3__ld_vs_cntvaluein_dq_lane__value_ps,signed_ld_minus_cntvaluein_dq_median,idelay_ld_cntvaluein_skew,lane1,,3,ld_vs_cntvaluein_dq_lane,22,8,-237.5,66.25,533.5,-354.5,208.5,500.0,142.25,0.505682,fail_higher,0.505682,0.011364,overlap,0.0,0.075378
baseline_seed_1_30,direct,direct_max__idelay_data_cntvaluein__lane1__dq14__ctrl_2__endpoint__value_ps,direct_max,idelay_data_cntvaluein,lane1,dq14,2,endpoint,22,8,981.0,1499.5,1985.0,1134.0,1400.0,1981.0,-99.5,0.505682,fail_higher,0.505682,0.011364,overlap,0.0,0.075378
baseline_seed_1_30,skew,abs_ld_minus_cntvaluein_dq_median__idelay_ld_cntvaluein_skew__lane0__no_bit__ctrl_3__ld_vs_cntvaluein_dq_lane__value_ps,abs_ld_minus_cntvaluein_dq_median,idelay_ld_cntvaluein_skew,lane0,,3,ld_vs_cntvaluein_dq_lane,22,8,19.5,250.5,781.5,72.5,174.25,879.0,-76.25,0.494318,fail_lower,0.505682,-0.011364,overlap,0.0,0.075378
baseline_seed_1_30,skew,signed_dqs_minus_dq_bit__idelay_cntvaluein_skew__lane0__dq0__ctrl_2__dqs_vs_dq_bit__value_ps,signed_dqs_minus_dq_bit,idelay_cntvaluein_skew,lane0,dq0,2,dqs_vs_dq_bit,22,8,-728.0,-200.5,694.0,-795.0,-128.5,754.0,72.0,0.494318,fail_lower,0.505682,-0.011364,overlap,0.0,0.075378
baseline_seed_1_30,direct,direct_max__idelay_data_cntvaluein__lane1__dq14__ctrl_1__endpoint__value_ps,direct_max,idelay_data_cntvaluein,lane1,dq14,1,endpoint,22,8,1021.0,1485.5,1939.0,1115.0,1423.0,1838.0,-62.5,0.494318,fail_lower,0.505682,-0.011364,overlap,0.0,0.075378
baseline_seed_1_30,direct,direct_max__idelay_ld__lane1__dq12__ctrl_none__endpoint__value_ps,direct_max,idelay_ld,lane1,dq12,,endpoint,22,8,1205.0,1610.5,2036.0,1248.0,1564.5,2118.0,-46.0,0.494318,fail_lower,0.505682,-0.011364,overlap,0.0,0.075378
baseline_seed_1_30,direct,direct_max__idelay_data_cntvaluein__lane1__dq12__ctrl_3__endpoint__value_ps,direct_max,idelay_data_cntvaluein,lane1,dq12,3,endpoint,22,8,961.0,1481.5,1850.0,949.0,1523.5,2032.0,42.0,0.505682,fail_higher,0.505682,0.011364,overlap,0.0,0.075378
baseline_seed_1_30,direct,direct_max__idelay_data_cntvaluein__lane1__dq14__ctrl_0__endpoint__value_ps,direct_max,idelay_data_cntvaluein,lane1,dq14,0,endpoint,22,8,1115.0,1417.5,1820.0,1070.0,1378.5,1952.0,-39.0,0.494318,fail_lower,0.505682,-0.011364,overlap,0.0,0.075378
baseline_seed_1_30,skew,signed_dqs_minus_dq_bit__idelay_cntvaluein_skew__lane1__dq10__ctrl_4__dqs_vs_dq_bit__value_ps,signed_dqs_minus_dq_bit,idelay_cntvaluein_skew,lane1,dq10,4,dqs_vs_dq_bit,22,8,-604.0,-103.5,646.0,-449.0,-65.0,283.0,38.5,0.494318,fail_lower,0.505682,-0.011364,overlap,0.0,0.075378
baseline_seed_1_30,direct,lane_spread__dq_iologic__lane0__no_bit__ctrl_none__lane__value_ps,lane_spread,dq_iologic,lane0,,,lane,22,8,1863.0,2449.5,4221.0,1988.0,2481.5,3398.0,32.0,0.505682,fail_higher,0.505682,0.011364,overlap,0.0,0.075378
baseline_seed_1_30,skew,signed_ld_minus_cntvaluein_dq_median__idelay_ld_cntvaluein_skew__lane0__no_bit__ctrl_0__ld_vs_cntvaluein_dq_lane__value_ps,signed_ld_minus_cntvaluein_dq_median,idelay_ld_cntvaluein_skew,lane0,,0,ld_vs_cntvaluein_dq_lane,22,8,-562.5,70.0,682.0,-452.5,54.25,554.5,-15.75,0.494318,fail_lower,0.505682,-0.011364,overlap,0.0,0.075378
baseline_seed_1_30,skew,signed_dqs_minus_dq_bit__idelay_cntvaluein_skew__lane1__dq15__ctrl_2__dqs_vs_dq_bit__value_ps,signed_dqs_minus_dq_bit,idelay_cntvaluein_skew,lane1,dq15,2,dqs_vs_dq_bit,22,8,-312.0,177.5,898.0,-159.0,166.5,737.0,-11.0,0.494318,fail_lower,0.505682,-0.011364,overlap,0.0,0.075378
baseline_seed_1_30,skew,signed_dqs_minus_dq_median__idelay_cntvaluein_skew__lane1__dqs1__ctrl_4__dqs_vs_dq_lane__value_ps,signed_dqs_minus_dq_median,idelay_cntvaluein_skew,lane1,dqs1,4,dqs_vs_dq_lane,22,8,-541.5,-81.75,727.0,-364.5,-72.25,352.5,9.5,0.505682,fail_higher,0.505682,0.011364,overlap,0.0,0.075378
baseline_seed_1_30,direct,direct_max__idelay_data_cntvaluein__lane0__dq0__ctrl_0__endpoint__value_ps,direct_max,idelay_data_cntvaluein,lane0,dq0,0,endpoint,22,8,985.0,1665.0,2108.0,1101.0,1657.5,2196.0,-7.5,0.505682,fail_higher,0.505682,0.011364,overlap,0.0,0.075378
baseline_seed_1_30,direct,direct_max__dq_iologic__lane1__dq10__ctrl_none__endpoint__value_ps,direct_max,dq_iologic,lane1,dq10,,endpoint,22,8,2177.0,2565.0,3391.0,2144.0,2805.0,3256.0,240.0,0.497159,fail_lower,0.502841,-0.005682,overlap,0.0,0.037689
baseline_seed_1_30,direct,direct_max__idelay_data_cntvaluein__lane1__dq13__ctrl_2__endpoint__value_ps,direct_max,idelay_data_cntvaluein,lane1,dq13,2,endpoint,22,8,842.0,1396.5,2069.0,950.0,1325.0,1896.0,-71.5,0.497159,fail_lower,0.502841,-0.005682,overlap,0.0,0.037689
baseline_seed_1_30,skew,abs_dqs_minus_dq_bit__idelay_cntvaluein_skew__lane1__dq11__ctrl_0__dqs_vs_dq_bit__value_ps,abs_dqs_minus_dq_bit,idelay_cntvaluein_skew,lane1,dq11,0,dqs_vs_dq_bit,22,8,8.0,169.5,692.0,2.0,145.0,837.0,-24.5,0.502841,fail_higher,0.502841,0.005682,overlap,0.0,0.037689
baseline_seed_1_30,skew,abs_dqs_minus_dq_bit__idelay_cntvaluein_skew__lane0__dq3__ctrl_0__dqs_vs_dq_bit__value_ps,abs_dqs_minus_dq_bit,idelay_cntvaluein_skew,lane0,dq3,0,dqs_vs_dq_bit,22,8,17.0,235.5,970.0,31.0,212.5,1027.0,-23.0,0.497159,fail_lower,0.502841,-0.005682,overlap,0.0,0.037689
baseline_seed_1_30,direct,direct_max__idelay_data_cntvaluein__lane0__dq3__ctrl_3__endpoint__value_ps,direct_max,idelay_data_cntvaluein,lane0,dq3,3,endpoint,22,8,1018.0,1589.0,1899.0,1065.0,1451.0,2089.0,-138.0,0.5,fail_higher,0.5,0.0,overlap,0.0,0.0
baseline_seed_1_30,direct,direct_max__idelay_data_cntvaluein__lane0__dq1__ctrl_2__endpoint__value_ps,direct_max,idelay_data_cntvaluein,lane0,dq1,2,endpoint,22,8,1179.0,1830.0,2309.0,1243.0,1729.0,2220.0,-101.0,0.5,fail_higher,0.5,0.0,overlap,0.0,0.0
baseline_seed_1_30,direct,direct_max__dq_iologic__lane1__dq12__ctrl_none__endpoint__value_ps,direct_max,dq_iologic,lane1,dq12,,endpoint,22,8,2204.0,2556.5,3483.0,2209.0,2654.5,3342.0,98.0,0.5,fail_higher,0.5,0.0,overlap,0.0,0.0
baseline_seed_1_30,direct,direct_max__idelay_data_cntvaluein__lane0__dq7__ctrl_3__endpoint__value_ps,direct_max,idelay_data_cntvaluein,lane0,dq7,3,endpoint,22,8,1248.0,1836.5,2167.0,1031.0,1745.5,2627.0,-91.0,0.5,fail_higher,0.5,0.0,overlap,0.0,0.0
baseline_seed_1_30,skew,signed_dqs_minus_dq_bit__idelay_cntvaluein_skew__lane0__dq6__ctrl_4__dqs_vs_dq_bit__value_ps,signed_dqs_minus_dq_bit,idelay_cntvaluein_skew,lane0,dq6,4,dqs_vs_dq_bit,22,8,-958.0,-148.0,880.0,-837.0,-71.0,460.0,77.0,0.5,fail_higher,0.5,0.0,overlap,0.0,0.0
baseline_seed_1_30,direct,direct_max__idelay_dqs_cntvaluein__lane0__dqs0__ctrl_2__endpoint__value_ps,direct_max,idelay_dqs_cntvaluein,lane0,dqs0,2,endpoint,22,8,1085.0,1654.0,2276.0,1328.0,1594.0,2246.0,-60.0,0.5,fail_higher,0.5,0.0,overlap,0.0,0.0
baseline_seed_1_30,skew,abs_dqs_minus_dq_bit__idelay_cntvaluein_skew__lane1__dq10__ctrl_0__dqs_vs_dq_bit__value_ps,abs_dqs_minus_dq_bit,idelay_cntvaluein_skew,lane1,dq10,0,dqs_vs_dq_bit,22,8,31.0,252.5,727.0,34.0,202.0,911.0,-50.5,0.5,fail_higher,0.5,0.0,overlap,0.0,0.0
baseline_seed_1_30,direct,direct_max__idelay_ld__lane0__dq1__ctrl_none__endpoint__value_ps,direct_max,idelay_ld,lane0,dq1,,endpoint,22,8,1245.0,1709.5,2244.0,1434.0,1753.0,2158.0,43.5,0.5,fail_higher,0.5,0.0,overlap,0.0,0.0
baseline_seed_1_30,skew,signed_ld_minus_cntvaluein_dqs__idelay_ld_cntvaluein_skew__lane0__dqs0__ctrl_1__ld_vs_cntvaluein_dqs__value_ps,signed_ld_minus_cntvaluein_dqs,idelay_ld_cntvaluein_skew,lane0,dqs0,1,ld_vs_cntvaluein_dqs,22,8,-920.0,27.0,974.0,-477.0,61.5,728.0,34.5,0.5,fail_higher,0.5,0.0,overlap,0.0,0.0
baseline_seed_1_30,direct,direct_max__dq_iologic__lane1__dq9__ctrl_none__endpoint__value_ps,direct_max,dq_iologic,lane1,dq9,,endpoint,22,8,1904.0,2280.5,4106.0,2105.0,2310.0,2595.0,29.5,0.5,fail_higher,0.5,0.0,overlap,0.0,0.0
baseline_seed_1_30,skew,signed_dqs_minus_dq_bit__idelay_cntvaluein_skew__lane1__dq12__ctrl_2__dqs_vs_dq_bit__value_ps,signed_dqs_minus_dq_bit,idelay_cntvaluein_skew,lane1,dq12,2,dqs_vs_dq_bit,22,8,-764.0,-149.0,783.0,-579.0,-129.0,566.0,20.0,0.5,fail_higher,0.5,0.0,overlap,0.0,0.0
baseline_seed_1_30,direct,direct_max__idelay_data_cntvaluein__lane1__dq8__ctrl_0__endpoint__value_ps,direct_max,idelay_data_cntvaluein,lane1,dq8,0,endpoint,22,8,1110.0,1437.0,1904.0,1195.0,1423.0,2039.0,-14.0,0.5,fail_higher,0.5,0.0,overlap,0.0,0.0
baseline_seed_1_30,direct,cntvaluein_bus_skew__idelay_data_cntvaluein__lane0__dq4__ctrl_none__dq4__value_ps,cntvaluein_bus_skew,idelay_data_cntvaluein,lane0,dq4,,dq4,22,8,240.0,686.0,1184.0,334.0,679.5,1181.0,-6.5,0.5,fail_higher,0.5,0.0,overlap,0.0,0.0
baseline_seed_1_30,skew,abs_ld_dqs_minus_dq_median__idelay_ld_skew__lane1__dqs1__ctrl_none__dqs_vs_dq_lane__value_ps,abs_ld_dqs_minus_dq_median,idelay_ld_skew,lane1,dqs1,,dqs_vs_dq_lane,22,8,3.0,96.25,235.5,32.5,90.25,177.5,-6.0,0.5,fail_higher,0.5,0.0,overlap,0.0,0.0
baseline_seed_1_30,direct,direct_max__idelay_data_cntvaluein__lane0__dq3__ctrl_2__endpoint__value_ps,direct_max,idelay_data_cntvaluein,lane0,dq3,2,endpoint,22,8,1133.0,1611.5,2318.0,999.0,1607.0,2155.0,-4.5,0.5,fail_higher,0.5,0.0,overlap,0.0,0.0
baseline_seed_1_30,direct,control_fanout_spread__idelay_dqs_cntvaluein__lane0__no_bit__ctrl_0__lane_control_bit__value_ps,control_fanout_spread,idelay_dqs_cntvaluein,lane0,,0,lane_control_bit,22,8,0.0,0.0,0.0,0.0,0.0,0.0,0.0,0.5,fail_higher,0.5,0.0,overlap,0.0,0.0
baseline_seed_1_30,direct,control_fanout_spread__idelay_dqs_cntvaluein__lane0__no_bit__ctrl_1__lane_control_bit__value_ps,control_fanout_spread,idelay_dqs_cntvaluein,lane0,,1,lane_control_bit,22,8,0.0,0.0,0.0,0.0,0.0,0.0,0.0,0.5,fail_higher,0.5,0.0,overlap,0.0,0.0
baseline_seed_1_30,direct,control_fanout_spread__idelay_dqs_cntvaluein__lane0__no_bit__ctrl_2__lane_control_bit__value_ps,control_fanout_spread,idelay_dqs_cntvaluein,lane0,,2,lane_control_bit,22,8,0.0,0.0,0.0,0.0,0.0,0.0,0.0,0.5,fail_higher,0.5,0.0,overlap,0.0,0.0
baseline_seed_1_30,direct,control_fanout_spread__idelay_dqs_cntvaluein__lane0__no_bit__ctrl_3__lane_control_bit__value_ps,control_fanout_spread,idelay_dqs_cntvaluein,lane0,,3,lane_control_bit,22,8,0.0,0.0,0.0,0.0,0.0,0.0,0.0,0.5,fail_higher,0.5,0.0,overlap,0.0,0.0
baseline_seed_1_30,direct,control_fanout_spread__idelay_dqs_cntvaluein__lane0__no_bit__ctrl_4__lane_control_bit__value_ps,control_fanout_spread,idelay_dqs_cntvaluein,lane0,,4,lane_control_bit,22,8,0.0,0.0,0.0,0.0,0.0,0.0,0.0,0.5,fail_higher,0.5,0.0,overlap,0.0,0.0
baseline_seed_1_30,direct,control_fanout_spread__idelay_dqs_cntvaluein__lane1__no_bit__ctrl_0__lane_control_bit__value_ps,control_fanout_spread,idelay_dqs_cntvaluein,lane1,,0,lane_control_bit,22,8,0.0,0.0,0.0,0.0,0.0,0.0,0.0,0.5,fail_higher,0.5,0.0,overlap,0.0,0.0
baseline_seed_1_30,direct,control_fanout_spread__idelay_dqs_cntvaluein__lane1__no_bit__ctrl_1__lane_control_bit__value_ps,control_fanout_spread,idelay_dqs_cntvaluein,lane1,,1,lane_control_bit,22,8,0.0,0.0,0.0,0.0,0.0,0.0,0.0,0.5,fail_higher,0.5,0.0,overlap,0.0,0.0
baseline_seed_1_30,direct,control_fanout_spread__idelay_dqs_cntvaluein__lane1__no_bit__ctrl_2__lane_control_bit__value_ps,control_fanout_spread,idelay_dqs_cntvaluein,lane1,,2,lane_control_bit,22,8,0.0,0.0,0.0,0.0,0.0,0.0,0.0,0.5,fail_higher,0.5,0.0,overlap,0.0,0.0
baseline_seed_1_30,direct,control_fanout_spread__idelay_dqs_cntvaluein__lane1__no_bit__ctrl_3__lane_control_bit__value_ps,control_fanout_spread,idelay_dqs_cntvaluein,lane1,,3,lane_control_bit,22,8,0.0,0.0,0.0,0.0,0.0,0.0,0.0,0.5,fail_higher,0.5,0.0,overlap,0.0,0.0
baseline_seed_1_30,direct,control_fanout_spread__idelay_dqs_cntvaluein__lane1__no_bit__ctrl_4__lane_control_bit__value_ps,control_fanout_spread,idelay_dqs_cntvaluein,lane1,,4,lane_control_bit,22,8,0.0,0.0,0.0,0.0,0.0,0.0,0.0,0.5,fail_higher,0.5,0.0,overlap,0.0,0.0
baseline_seed_1_30,direct,direct_max__clocking__lane0__dq0__ctrl_none__endpoint__value_ps,direct_max,clocking,lane0,dq0,,endpoint,22,8,1314.0,1314.0,1314.0,1314.0,1314.0,1314.0,0.0,0.5,fail_higher,0.5,0.0,overlap,0.0,0.0
baseline_seed_1_30,direct,direct_max__clocking__lane0__dq1__ctrl_none__endpoint__value_ps,direct_max,clocking,lane0,dq1,,endpoint,22,8,1314.0,1314.0,1314.0,1314.0,1314.0,1314.0,0.0,0.5,fail_higher,0.5,0.0,overlap,0.0,0.0
baseline_seed_1_30,direct,direct_max__clocking__lane0__dq2__ctrl_none__endpoint__value_ps,direct_max,clocking,lane0,dq2,,endpoint,22,8,1314.0,1314.0,1314.0,1314.0,1314.0,1314.0,0.0,0.5,fail_higher,0.5,0.0,overlap,0.0,0.0
baseline_seed_1_30,direct,direct_max__clocking__lane0__dq3__ctrl_none__endpoint__value_ps,direct_max,clocking,lane0,dq3,,endpoint,22,8,1314.0,1314.0,1314.0,1314.0,1314.0,1314.0,0.0,0.5,fail_higher,0.5,0.0,overlap,0.0,0.0
baseline_seed_1_30,direct,direct_max__clocking__lane0__dq4__ctrl_none__endpoint__value_ps,direct_max,clocking,lane0,dq4,,endpoint,22,8,1314.0,1314.0,1314.0,1314.0,1314.0,1314.0,0.0,0.5,fail_higher,0.5,0.0,overlap,0.0,0.0
baseline_seed_1_30,direct,direct_max__clocking__lane0__dq5__ctrl_none__endpoint__value_ps,direct_max,clocking,lane0,dq5,,endpoint,22,8,1314.0,1314.0,1314.0,1314.0,1314.0,1314.0,0.0,0.5,fail_higher,0.5,0.0,overlap,0.0,0.0
baseline_seed_1_30,direct,direct_max__clocking__lane0__dq6__ctrl_none__endpoint__value_ps,direct_max,clocking,lane0,dq6,,endpoint,22,8,1314.0,1314.0,1314.0,1314.0,1314.0,1314.0,0.0,0.5,fail_higher,0.5,0.0,overlap,0.0,0.0
baseline_seed_1_30,direct,direct_max__clocking__lane0__dq7__ctrl_none__endpoint__value_ps,direct_max,clocking,lane0,dq7,,endpoint,22,8,1314.0,1314.0,1314.0,1314.0,1314.0,1314.0,0.0,0.5,fail_higher,0.5,0.0,overlap,0.0,0.0
baseline_seed_1_30,direct,direct_max__clocking__lane0__dqs0__ctrl_none__endpoint__value_ps,direct_max,clocking,lane0,dqs0,,endpoint,22,8,1279.0,1279.0,1279.0,1279.0,1279.0,1279.0,0.0,0.5,fail_higher,0.5,0.0,overlap,0.0,0.0
baseline_seed_1_30,direct,direct_max__clocking__lane1__dq10__ctrl_none__endpoint__value_ps,direct_max,clocking,lane1,dq10,,endpoint,22,8,1314.0,1314.0,1314.0,1314.0,1314.0,1314.0,0.0,0.5,fail_higher,0.5,0.0,overlap,0.0,0.0
baseline_seed_1_30,direct,direct_max__clocking__lane1__dq11__ctrl_none__endpoint__value_ps,direct_max,clocking,lane1,dq11,,endpoint,22,8,1314.0,1314.0,1314.0,1314.0,1314.0,1314.0,0.0,0.5,fail_higher,0.5,0.0,overlap,0.0,0.0
baseline_seed_1_30,direct,direct_max__clocking__lane1__dq12__ctrl_none__endpoint__value_ps,direct_max,clocking,lane1,dq12,,endpoint,22,8,1314.0,1314.0,1314.0,1314.0,1314.0,1314.0,0.0,0.5,fail_higher,0.5,0.0,overlap,0.0,0.0
baseline_seed_1_30,direct,direct_max__clocking__lane1__dq13__ctrl_none__endpoint__value_ps,direct_max,clocking,lane1,dq13,,endpoint,22,8,1314.0,1314.0,1314.0,1314.0,1314.0,1314.0,0.0,0.5,fail_higher,0.5,0.0,overlap,0.0,0.0
baseline_seed_1_30,direct,direct_max__clocking__lane1__dq14__ctrl_none__endpoint__value_ps,direct_max,clocking,lane1,dq14,,endpoint,22,8,1314.0,1314.0,1314.0,1314.0,1314.0,1314.0,0.0,0.5,fail_higher,0.5,0.0,overlap,0.0,0.0
baseline_seed_1_30,direct,direct_max__clocking__lane1__dq15__ctrl_none__endpoint__value_ps,direct_max,clocking,lane1,dq15,,endpoint,22,8,1314.0,1314.0,1314.0,1314.0,1314.0,1314.0,0.0,0.5,fail_higher,0.5,0.0,overlap,0.0,0.0
baseline_seed_1_30,direct,direct_max__clocking__lane1__dq8__ctrl_none__endpoint__value_ps,direct_max,clocking,lane1,dq8,,endpoint,22,8,1314.0,1314.0,1314.0,1314.0,1314.0,1314.0,0.0,0.5,fail_higher,0.5,0.0,overlap,0.0,0.0
baseline_seed_1_30,direct,direct_max__clocking__lane1__dq9__ctrl_none__endpoint__value_ps,direct_max,clocking,lane1,dq9,,endpoint,22,8,1314.0,1314.0,1314.0,1314.0,1314.0,1314.0,0.0,0.5,fail_higher,0.5,0.0,overlap,0.0,0.0
baseline_seed_1_30,direct,direct_max__clocking__lane1__dqs1__ctrl_none__endpoint__value_ps,direct_max,clocking,lane1,dqs1,,endpoint,22,8,1279.0,1279.0,1279.0,1279.0,1279.0,1279.0,0.0,0.5,fail_higher,0.5,0.0,overlap,0.0,0.0
baseline_seed_1_30,direct,lane_spread__clocking__lane0__no_bit__ctrl_none__lane__value_ps,lane_spread,clocking,lane0,,,lane,22,8,135.0,135.0,135.0,135.0,135.0,135.0,0.0,0.5,fail_higher,0.5,0.0,overlap,0.0,0.0
baseline_seed_1_30,direct,lane_spread__clocking__lane1__no_bit__ctrl_none__lane__value_ps,lane_spread,clocking,lane1,,,lane,22,8,135.0,135.0,135.0,135.0,135.0,135.0,0.0,0.5,fail_higher,0.5,0.0,overlap,0.0,0.0
baseline_seed_1_30,skew,abs_dqs_minus_dq_bit__idelay_cntvaluein_skew__lane0__dq2__ctrl_0__dqs_vs_dq_bit__value_ps,abs_dqs_minus_dq_bit,idelay_cntvaluein_skew,lane0,dq2,0,dqs_vs_dq_bit,22,8,29.0,206.5,1005.0,8.0,206.5,779.0,0.0,0.5,fail_higher,0.5,0.0,overlap,0.0,0.0
baseline_seed_1_30,skew,dq_lane_range__clocking_skew__lane0__no_bit__ctrl_none__dq_lane__value_ps,dq_lane_range,clocking_skew,lane0,,,dq_lane,22,8,0.0,0.0,0.0,0.0,0.0,0.0,0.0,0.5,fail_higher,0.5,0.0,overlap,0.0,0.0
baseline_seed_1_30,skew,signed_dqs_minus_dq_median__clocking_skew__lane0__dqs0__ctrl_none__dqs_vs_dq_lane__value_ps,signed_dqs_minus_dq_median,clocking_skew,lane0,dqs0,,dqs_vs_dq_lane,22,8,-35.0,-35.0,-35.0,-35.0,-35.0,-35.0,0.0,0.5,fail_higher,0.5,0.0,overlap,0.0,0.0
baseline_seed_1_30,skew,abs_dqs_minus_dq_median__clocking_skew__lane0__dqs0__ctrl_none__dqs_vs_dq_lane__value_ps,abs_dqs_minus_dq_median,clocking_skew,lane0,dqs0,,dqs_vs_dq_lane,22,8,35.0,35.0,35.0,35.0,35.0,35.0,0.0,0.5,fail_higher,0.5,0.0,overlap,0.0,0.0
baseline_seed_1_30,skew,dq_lane_range__clocking_skew__lane1__no_bit__ctrl_none__dq_lane__value_ps,dq_lane_range,clocking_skew,lane1,,,dq_lane,22,8,0.0,0.0,0.0,0.0,0.0,0.0,0.0,0.5,fail_higher,0.5,0.0,overlap,0.0,0.0
baseline_seed_1_30,skew,signed_dqs_minus_dq_median__clocking_skew__lane1__dqs1__ctrl_none__dqs_vs_dq_lane__value_ps,signed_dqs_minus_dq_median,clocking_skew,lane1,dqs1,,dqs_vs_dq_lane,22,8,-35.0,-35.0,-35.0,-35.0,-35.0,-35.0,0.0,0.5,fail_higher,0.5,0.0,overlap,0.0,0.0
baseline_seed_1_30,skew,abs_dqs_minus_dq_median__clocking_skew__lane1__dqs1__ctrl_none__dqs_vs_dq_lane__value_ps,abs_dqs_minus_dq_median,clocking_skew,lane1,dqs1,,dqs_vs_dq_lane,22,8,35.0,35.0,35.0,35.0,35.0,35.0,0.0,0.5,fail_higher,0.5,0.0,overlap,0.0,0.0
baseline_seed_31_60,skew,abs_dqs_minus_dq_bit__idelay_cntvaluein_skew__lane1__dq15__ctrl_0__dqs_vs_dq_bit__value_ps,abs_dqs_minus_dq_bit,idelay_cntvaluein_skew,lane1,dq15,0,dqs_vs_dq_bit,14,16,43.0,250.0,751.0,10.0,78.5,711.0,-171.5,0.214286,fail_lower,0.785714,-0.571429,overlap,0.0,4.27618
baseline_seed_31_60,direct,direct_max__idelay_data_cntvaluein__lane0__dq6__ctrl_2__endpoint__value_ps,direct_max,idelay_data_cntvaluein,lane0,dq6,2,endpoint,14,16,1317.0,1872.0,2401.0,1205.0,1623.5,2335.0,-248.5,0.245536,fail_lower,0.754464,-0.508929,overlap,0.0,3.808473
baseline_seed_31_60,skew,signed_lane1_minus_lane0_dqs__idelay_cntvaluein_skew__all__no_bit__ctrl_4__lane1_vs_lane0_dqs__value_ps,signed_lane1_minus_lane0_dqs,idelay_cntvaluein_skew,all,,4,lane1_vs_lane0_dqs,14,16,-583.0,-284.0,0.0,-556.0,-193.0,33.0,91.0,0.752232,fail_higher,0.752232,0.504464,overlap,0.0,3.775065
baseline_seed_31_60,direct,direct_max__idelay_data_cntvaluein__lane0__dq1__ctrl_2__endpoint__value_ps,direct_max,idelay_data_cntvaluein,lane0,dq1,2,endpoint,14,16,1388.0,1896.5,2415.0,1269.0,1548.0,2210.0,-348.5,0.25,fail_lower,0.75,-0.5,overlap,0.0,3.741657
baseline_seed_31_60,skew,abs_lane1_minus_lane0_dqs__idelay_cntvaluein_skew__all__no_bit__ctrl_4__lane1_vs_lane0_dqs__value_ps,abs_lane1_minus_lane0_dqs,idelay_cntvaluein_skew,all,,4,lane1_vs_lane0_dqs,14,16,0.0,284.0,583.0,0.0,193.0,556.0,-91.0,0.252232,fail_lower,0.747768,-0.495536,overlap,0.0,3.70825
baseline_seed_31_60,skew,signed_ld_minus_cntvaluein_dqs__idelay_ld_cntvaluein_skew__lane0__dqs0__ctrl_4__ld_vs_cntvaluein_dqs__value_ps,signed_ld_minus_cntvaluein_dqs,idelay_ld_cntvaluein_skew,lane0,dqs0,4,ld_vs_cntvaluein_dqs,14,16,-331.0,-137.5,761.0,-1041.0,204.5,1171.0,342.0,0.745536,fail_higher,0.745536,0.491071,overlap,0.0,3.674842
baseline_seed_31_60,skew,abs_dqs_minus_dq_bit__idelay_cntvaluein_skew__lane0__dq2__ctrl_4__dqs_vs_dq_bit__value_ps,abs_dqs_minus_dq_bit,idelay_cntvaluein_skew,lane0,dq2,4,dqs_vs_dq_bit,14,16,1.0,155.0,610.0,8.0,356.0,1219.0,201.0,0.736607,fail_higher,0.736607,0.473214,overlap,0.0,3.541211
baseline_seed_31_60,direct,cntvaluein_bus_skew__idelay_data_cntvaluein__lane1__dq9__ctrl_none__dq9__value_ps,cntvaluein_bus_skew,idelay_data_cntvaluein,lane1,dq9,,dq9,14,16,227.0,425.0,827.0,130.0,359.0,1028.0,-66.0,0.265625,fail_lower,0.734375,-0.46875,overlap,0.0,3.507804
baseline_seed_31_60,skew,abs_dqs_minus_dq_bit__idelay_cntvaluein_skew__lane1__dq10__ctrl_4__dqs_vs_dq_bit__value_ps,abs_dqs_minus_dq_bit,idelay_cntvaluein_skew,lane1,dq10,4,dqs_vs_dq_bit,14,16,15.0,144.0,639.0,71.0,301.5,635.0,157.5,0.732143,fail_higher,0.732143,0.464286,overlap,0.0,3.474396
baseline_seed_31_60,direct,direct_max__idelay_data_cntvaluein__lane0__dq7__ctrl_2__endpoint__value_ps,direct_max,idelay_data_cntvaluein,lane0,dq7,2,endpoint,14,16,1236.0,2031.0,2316.0,1292.0,1629.5,2325.0,-401.5,0.272321,fail_lower,0.727679,-0.455357,overlap,0.0,3.407581
baseline_seed_31_60,skew,signed_ld_minus_cntvaluein_dq_median__idelay_ld_cntvaluein_skew__lane0__no_bit__ctrl_2__ld_vs_cntvaluein_dq_lane__value_ps,signed_ld_minus_cntvaluein_dq_median,idelay_ld_cntvaluein_skew,lane0,,2,ld_vs_cntvaluein_dq_lane,14,16,-799.5,-220.25,360.0,-645.0,157.5,835.5,377.75,0.727679,fail_higher,0.727679,0.455357,overlap,0.0,3.407581
baseline_seed_31_60,skew,signed_dqs_minus_dq_bit__idelay_cntvaluein_skew__lane0__dq6__ctrl_0__dqs_vs_dq_bit__value_ps,signed_dqs_minus_dq_bit,idelay_cntvaluein_skew,lane0,dq6,0,dqs_vs_dq_bit,14,16,-837.0,12.0,856.0,-859.0,-314.0,185.0,-326.0,0.276786,fail_lower,0.723214,-0.446429,overlap,0.0,3.340766
baseline_seed_31_60,skew,abs_ld_minus_cntvaluein_dqs__idelay_ld_cntvaluein_skew__lane1__dqs1__ctrl_3__ld_vs_cntvaluein_dqs__value_ps,abs_ld_minus_cntvaluein_dqs,idelay_ld_cntvaluein_skew,lane1,dqs1,3,ld_vs_cntvaluein_dqs,14,16,13.0,94.5,1344.0,38.0,239.0,846.0,144.5,0.723214,fail_higher,0.723214,0.446429,overlap,0.0,3.340766
baseline_seed_31_60,direct,cntvaluein_bus_skew__idelay_data_cntvaluein__lane1__dq8__ctrl_none__dq8__value_ps,cntvaluein_bus_skew,idelay_data_cntvaluein,lane1,dq8,,dq8,14,16,222.0,628.5,912.0,165.0,422.5,806.0,-206.0,0.28125,fail_lower,0.71875,-0.4375,overlap,0.0,3.27395
baseline_seed_31_60,skew,abs_dqs_minus_dq_bit__idelay_cntvaluein_skew__lane1__dq9__ctrl_0__dqs_vs_dq_bit__value_ps,abs_dqs_minus_dq_bit,idelay_cntvaluein_skew,lane1,dq9,0,dqs_vs_dq_bit,14,16,21.0,247.0,746.0,20.0,119.5,716.0,-127.5,0.28125,fail_lower,0.71875,-0.4375,overlap,0.0,3.27395
baseline_seed_31_60,direct,direct_max__idelay_data_cntvaluein__lane0__dq0__ctrl_2__endpoint__value_ps,direct_max,idelay_data_cntvaluein,lane0,dq0,2,endpoint,14,16,1335.0,1868.0,2240.0,1286.0,1549.5,2220.0,-318.5,0.283482,fail_lower,0.716518,-0.433036,overlap,0.0,3.240543
baseline_seed_31_60,skew,abs_dqs_minus_dq_bit__idelay_cntvaluein_skew__lane0__dq0__ctrl_4__dqs_vs_dq_bit__value_ps,abs_dqs_minus_dq_bit,idelay_cntvaluein_skew,lane0,dq0,4,dqs_vs_dq_bit,14,16,31.0,231.5,651.0,0.0,473.0,1066.0,241.5,0.716518,fail_higher,0.716518,0.433036,overlap,0.0,3.240543
baseline_seed_31_60,skew,signed_dqs_minus_dq_bit__idelay_cntvaluein_skew__lane0__dq7__ctrl_0__dqs_vs_dq_bit__value_ps,signed_dqs_minus_dq_bit,idelay_cntvaluein_skew,lane0,dq7,0,dqs_vs_dq_bit,14,16,-807.0,-25.5,777.0,-976.0,-315.5,192.0,-290.0,0.285714,fail_lower,0.714286,-0.428571,overlap,0.0,3.207135
baseline_seed_31_60,direct,direct_max__idelay_data_cntvaluein__lane1__dq11__ctrl_2__endpoint__value_ps,direct_max,idelay_data_cntvaluein,lane1,dq11,2,endpoint,14,16,961.0,1521.0,1996.0,892.0,1291.5,2042.0,-229.5,0.285714,fail_lower,0.714286,-0.428571,overlap,0.0,3.207135
baseline_seed_31_60,skew,signed_lane1_minus_lane0_dqs__idelay_cntvaluein_skew__all__no_bit__ctrl_1__lane1_vs_lane0_dqs__value_ps,signed_lane1_minus_lane0_dqs,idelay_cntvaluein_skew,all,,1,lane1_vs_lane0_dqs,14,16,-356.0,-152.5,76.0,-583.0,-266.0,-15.0,-113.5,0.296875,fail_lower,0.703125,-0.40625,overlap,0.0,3.040097
baseline_seed_31_60,direct,direct_max__idelay_data_cntvaluein__lane0__dq2__ctrl_2__endpoint__value_ps,direct_max,idelay_data_cntvaluein,lane0,dq2,2,endpoint,14,16,1248.0,1967.5,2233.0,1202.0,1636.5,2240.0,-331.0,0.299107,fail_lower,0.700893,-0.401786,overlap,0.0,3.006689
baseline_seed_31_60,direct,control_fanout_spread__idelay_data_cntvaluein__lane1__no_bit__ctrl_2__lane_control_bit__value_ps,control_fanout_spread,idelay_data_cntvaluein,lane1,,2,lane_control_bit,14,16,158.0,438.0,700.0,209.0,347.0,621.0,-91.0,0.301339,fail_lower,0.698661,-0.397321,overlap,0.0,2.973281
baseline_seed_31_60,skew,dq_lane_range__idelay_cntvaluein_skew__lane1__no_bit__ctrl_2__dq_lane__value_ps,dq_lane_range,idelay_cntvaluein_skew,lane1,,2,dq_lane,14,16,158.0,438.0,700.0,209.0,347.0,621.0,-91.0,0.301339,fail_lower,0.698661,-0.397321,overlap,0.0,2.973281
baseline_seed_31_60,direct,direct_max__idelay_data_cntvaluein__lane1__dq13__ctrl_2__endpoint__value_ps,direct_max,idelay_data_cntvaluein,lane1,dq13,2,endpoint,14,16,1041.0,1476.0,1995.0,805.0,1331.5,1955.0,-144.5,0.303571,fail_lower,0.696429,-0.392857,overlap,0.0,2.939874
baseline_seed_31_60,skew,signed_ld_minus_cntvaluein_dq_median__idelay_ld_cntvaluein_skew__lane1__no_bit__ctrl_2__ld_vs_cntvaluein_dq_lane__value_ps,signed_ld_minus_cntvaluein_dq_median,idelay_ld_cntvaluein_skew,lane1,,2,ld_vs_cntvaluein_dq_lane,14,16,-513.0,-29.25,448.0,-701.5,154.0,539.0,183.25,0.691964,fail_higher,0.691964,0.383929,overlap,0.0,2.873058
baseline_seed_31_60,direct,direct_max__idelay_data_cntvaluein__lane0__dq4__ctrl_2__endpoint__value_ps,direct_max,idelay_data_cntvaluein,lane0,dq4,2,endpoint,14,16,1330.0,1947.0,2323.0,1284.0,1679.5,2190.0,-267.5,0.310268,fail_lower,0.689732,-0.379464,overlap,0.0,2.839651
baseline_seed_31_60,skew,signed_dqs_minus_dq_bit__idelay_cntvaluein_skew__lane0__dq5__ctrl_0__dqs_vs_dq_bit__value_ps,signed_dqs_minus_dq_bit,idelay_cntvaluein_skew,lane0,dq5,0,dqs_vs_dq_bit,14,16,-750.0,80.0,888.0,-592.0,-251.0,456.0,-331.0,0.3125,fail_lower,0.6875,-0.375,overlap,0.0,2.806243
baseline_seed_31_60,skew,signed_dqs_minus_dq_bit__idelay_cntvaluein_skew__lane0__dq3__ctrl_0__dqs_vs_dq_bit__value_ps,signed_dqs_minus_dq_bit,idelay_cntvaluein_skew,lane0,dq3,0,dqs_vs_dq_bit,14,16,-661.0,166.5,895.0,-601.0,-145.5,540.0,-312.0,0.3125,fail_lower,0.6875,-0.375,overlap,0.0,2.806243
baseline_seed_31_60,skew,abs_dqs_minus_dq_median__idelay_cntvaluein_skew__lane0__dqs0__ctrl_4__dqs_vs_dq_lane__value_ps,abs_dqs_minus_dq_median,idelay_cntvaluein_skew,lane0,dqs0,4,dqs_vs_dq_lane,14,16,15.5,242.0,611.5,7.0,439.5,1108.0,197.5,0.6875,fail_higher,0.6875,0.375,overlap,0.0,2.806243
baseline_seed_31_60,skew,ld_dq_lane_range__idelay_ld_skew__lane1__no_bit__ctrl_none__dq_lane__value_ps,ld_dq_lane_range,idelay_ld_skew,lane1,,,dq_lane,14,16,175.0,237.0,610.0,240.0,350.5,732.0,113.5,0.6875,fail_higher,0.6875,0.375,overlap,0.0,2.806243
baseline_seed_31_60,skew,signed_dqs_minus_dq_bit__idelay_cntvaluein_skew__lane0__dq2__ctrl_2__dqs_vs_dq_bit__value_ps,signed_dqs_minus_dq_bit,idelay_cntvaluein_skew,lane0,dq2,2,dqs_vs_dq_bit,14,16,-970.0,-446.5,643.0,-651.0,-53.0,1014.0,393.5,0.683036,fail_higher,0.683036,0.366071,overlap,0.0,2.739428
baseline_seed_31_60,direct,lane_spread__idelay_data_cntvaluein__lane1__no_bit__ctrl_none__lane__value_ps,lane_spread,idelay_data_cntvaluein,lane1,,,lane,14,16,595.0,969.5,1180.0,435.0,783.5,1028.0,-186.0,0.316964,fail_lower,0.683036,-0.366071,overlap,0.0,2.739428
baseline_seed_31_60,skew,abs_dqs_minus_dq_bit__idelay_cntvaluein_skew__lane0__dq4__ctrl_4__dqs_vs_dq_bit__value_ps,abs_dqs_minus_dq_bit,idelay_cntvaluein_skew,lane0,dq4,4,dqs_vs_dq_bit,14,16,62.0,255.5,825.0,38.0,439.5,1227.0,184.0,0.683036,fail_higher,0.683036,0.366071,overlap,0.0,2.739428
baseline_seed_31_60,skew,abs_lane1_minus_lane0_dqs__idelay_cntvaluein_skew__all__no_bit__ctrl_1__lane1_vs_lane0_dqs__value_ps,abs_lane1_minus_lane0_dqs,idelay_cntvaluein_skew,all,,1,lane1_vs_lane0_dqs,14,16,0.0,152.5,356.0,15.0,266.0,583.0,113.5,0.683036,fail_higher,0.683036,0.366071,overlap,0.0,2.739428
baseline_seed_31_60,skew,signed_dqs_minus_dq_bit__idelay_cntvaluein_skew__lane0__dq2__ctrl_0__dqs_vs_dq_bit__value_ps,signed_dqs_minus_dq_bit,idelay_cntvaluein_skew,lane0,dq2,0,dqs_vs_dq_bit,14,16,-806.0,-193.0,721.0,-901.0,-361.5,280.0,-168.5,0.319196,fail_lower,0.680804,-0.361607,overlap,0.0,2.70602
baseline_seed_31_60,direct,direct_max__idelay_data_cntvaluein__lane1__dq9__ctrl_4__endpoint__value_ps,direct_max,idelay_data_cntvaluein,lane1,dq9,4,endpoint,14,16,912.0,1199.5,1572.0,633.0,1281.5,1662.0,82.0,0.680804,fail_higher,0.680804,0.361607,overlap,0.0,2.70602
baseline_seed_31_60,direct,direct_max__idelay_data_cntvaluein__lane1__dq10__ctrl_2__endpoint__value_ps,direct_max,idelay_data_cntvaluein,lane1,dq10,2,endpoint,14,16,1138.0,1651.5,1891.0,996.0,1435.5,2095.0,-216.0,0.321429,fail_lower,0.678571,-0.357143,overlap,0.0,2.672612
baseline_seed_31_60,skew,abs_dqs_minus_dq_bit__idelay_cntvaluein_skew__lane0__dq7__ctrl_4__dqs_vs_dq_bit__value_ps,abs_dqs_minus_dq_bit,idelay_cntvaluein_skew,lane0,dq7,4,dqs_vs_dq_bit,14,16,3.0,192.5,613.0,5.0,383.5,1132.0,191.0,0.678571,fail_higher,0.678571,0.357143,overlap,0.0,2.672612
baseline_seed_31_60,skew,dq_bus_skew_range__idelay_cntvaluein_skew__lane0__no_bit__ctrl_none__dq_lane_bus_skew__value_ps,dq_bus_skew_range,idelay_cntvaluein_skew,lane0,,,dq_lane_bus_skew,14,16,166.0,457.0,830.0,207.0,357.0,543.0,-100.0,0.321429,fail_lower,0.678571,-0.357143,overlap,0.0,2.672612
baseline_seed_31_60,direct,direct_max__idelay_data_cntvaluein__lane1__dq12__ctrl_2__endpoint__value_ps,direct_max,idelay_data_cntvaluein,lane1,dq12,2,endpoint,14,16,1194.0,1674.0,1861.0,1082.0,1459.5,2039.0,-214.5,0.323661,fail_lower,0.676339,-0.352679,overlap,0.0,2.639205
baseline_seed_31_60,skew,abs_dqs_minus_dq_bit__idelay_cntvaluein_skew__lane1__dq8__ctrl_0__dqs_vs_dq_bit__value_ps,abs_dqs_minus_dq_bit,idelay_cntvaluein_skew,lane1,dq8,0,dqs_vs_dq_bit,14,16,102.0,411.0,676.0,67.0,246.5,915.0,-164.5,0.323661,fail_lower,0.676339,-0.352679,overlap,0.0,2.639205
baseline_seed_31_60,skew,signed_dqs_minus_dq_bit__idelay_cntvaluein_skew__lane0__dq1__ctrl_2__dqs_vs_dq_bit__value_ps,signed_dqs_minus_dq_bit,idelay_cntvaluein_skew,lane0,dq1,2,dqs_vs_dq_bit,14,16,-918.0,-390.5,503.0,-567.0,35.5,999.0,426.0,0.674107,fail_higher,0.674107,0.348214,overlap,0.0,2.605797
baseline_seed_31_60,skew,signed_dqs_minus_dq_bit__idelay_cntvaluein_skew__lane1__dq11__ctrl_2__dqs_vs_dq_bit__value_ps,signed_dqs_minus_dq_bit,idelay_cntvaluein_skew,lane1,dq11,2,dqs_vs_dq_bit,14,16,-920.0,-159.5,652.0,-464.0,125.0,528.0,284.5,0.674107,fail_higher,0.674107,0.348214,overlap,0.0,2.605797
baseline_seed_31_60,direct,direct_max__idelay_dqs_cntvaluein__lane0__dqs0__ctrl_4__endpoint__value_ps,direct_max,idelay_dqs_cntvaluein,lane0,dqs0,4,endpoint,14,16,981.0,1692.0,2243.0,792.0,1431.0,2769.0,-261.0,0.325893,fail_lower,0.674107,-0.348214,overlap,0.0,2.605797
baseline_seed_31_60,skew,signed_dqs_minus_dq_bit__idelay_cntvaluein_skew__lane1__dq13__ctrl_2__dqs_vs_dq_bit__value_ps,signed_dqs_minus_dq_bit,idelay_cntvaluein_skew,lane1,dq13,2,dqs_vs_dq_bit,14,16,-1004.0,-93.0,572.0,-500.0,155.5,608.0,248.5,0.674107,fail_higher,0.674107,0.348214,overlap,0.0,2.605797
baseline_seed_31_60,skew,signed_dqs_minus_dq_bit__idelay_cntvaluein_skew__lane0__dq7__ctrl_2__dqs_vs_dq_bit__value_ps,signed_dqs_minus_dq_bit,idelay_cntvaluein_skew,lane0,dq7,2,dqs_vs_dq_bit,14,16,-1056.0,-393.0,655.0,-609.0,-102.5,838.0,290.5,0.669643,fail_higher,0.669643,0.339286,overlap,0.0,2.538982
baseline_seed_31_60,skew,signed_dqs_minus_dq_bit__idelay_cntvaluein_skew__lane0__dq4__ctrl_0__dqs_vs_dq_bit__value_ps,signed_dqs_minus_dq_bit,idelay_cntvaluein_skew,lane0,dq4,0,dqs_vs_dq_bit,14,16,-1009.0,-59.0,698.0,-880.0,-324.5,287.0,-265.5,0.330357,fail_lower,0.669643,-0.339286,overlap,0.0,2.538982
baseline_seed_31_60,skew,abs_dqs_minus_dq_bit__idelay_cntvaluein_skew__lane0__dq6__ctrl_4__dqs_vs_dq_bit__value_ps,abs_dqs_minus_dq_bit,idelay_cntvaluein_skew,lane0,dq6,4,dqs_vs_dq_bit,14,16,11.0,205.5,397.0,2.0,442.5,1125.0,237.0,0.669643,fail_higher,0.669643,0.339286,overlap,0.0,2.538982
baseline_seed_31_60,skew,abs_dqs_minus_dq_bit__idelay_cntvaluein_skew__lane0__dq3__ctrl_0__dqs_vs_dq_bit__value_ps,abs_dqs_minus_dq_bit,idelay_cntvaluein_skew,lane0,dq3,0,dqs_vs_dq_bit,14,16,40.0,347.5,895.0,27.0,220.0,601.0,-127.5,0.330357,fail_lower,0.669643,-0.339286,overlap,0.0,2.538982
baseline_seed_31_60,skew,signed_dqs_minus_dq_bit__idelay_cntvaluein_skew__lane0__dq6__ctrl_2__dqs_vs_dq_bit__value_ps,signed_dqs_minus_dq_bit,idelay_cntvaluein_skew,lane0,dq6,2,dqs_vs_dq_bit,14,16,-873.0,-370.5,574.0,-607.0,11.5,1011.0,382.0,0.667411,fail_higher,0.667411,0.334821,overlap,0.0,2.505574
baseline_seed_31_60,skew,signed_dqs_minus_dq_median__idelay_cntvaluein_skew__lane0__dqs0__ctrl_0__dqs_vs_dq_lane__value_ps,signed_dqs_minus_dq_median,idelay_cntvaluein_skew,lane0,dqs0,0,dqs_vs_dq_lane,14,16,-822.0,36.75,699.5,-855.5,-273.25,331.0,-310.0,0.334821,fail_lower,0.665179,-0.330357,overlap,0.0,2.472166
baseline_seed_31_60,skew,signed_dqs_minus_dq_bit__idelay_cntvaluein_skew__lane0__dq1__ctrl_0__dqs_vs_dq_bit__value_ps,signed_dqs_minus_dq_bit,idelay_cntvaluein_skew,lane0,dq1,0,dqs_vs_dq_bit,14,16,-1016.0,-40.5,658.0,-929.0,-325.0,375.0,-284.5,0.334821,fail_lower,0.665179,-0.330357,overlap,0.0,2.472166
baseline_seed_31_60,skew,signed_dqs_minus_dq_bit__idelay_cntvaluein_skew__lane1__dq12__ctrl_2__dqs_vs_dq_bit__value_ps,signed_dqs_minus_dq_bit,idelay_cntvaluein_skew,lane1,dq12,2,dqs_vs_dq_bit,14,16,-1126.0,-210.5,419.0,-492.0,-5.5,368.0,205.0,0.665179,fail_higher,0.665179,0.330357,overlap,0.0,2.472166
baseline_seed_31_60,skew,abs_dqs_minus_dq_median__idelay_cntvaluein_skew__lane1__dqs1__ctrl_4__dqs_vs_dq_lane__value_ps,abs_dqs_minus_dq_median,idelay_cntvaluein_skew,lane1,dqs1,4,dqs_vs_dq_lane,14,16,4.0,155.5,684.5,2.5,283.0,635.5,127.5,0.665179,fail_higher,0.665179,0.330357,overlap,0.0,2.472166
baseline_seed_31_60,skew,abs_ld_minus_cntvaluein_dq_median__idelay_ld_cntvaluein_skew__lane1__no_bit__ctrl_2__ld_vs_cntvaluein_dq_lane__value_ps,abs_ld_minus_cntvaluein_dq_median,idelay_ld_cntvaluein_skew,lane1,,2,ld_vs_cntvaluein_dq_lane,14,16,2.5,136.25,513.0,60.0,257.5,701.5,121.25,0.665179,fail_higher,0.665179,0.330357,overlap,0.0,2.472166
baseline_seed_31_60,skew,signed_dqs_minus_dq_bit__idelay_cntvaluein_skew__lane0__dq0__ctrl_0__dqs_vs_dq_bit__value_ps,signed_dqs_minus_dq_bit,idelay_cntvaluein_skew,lane0,dq0,0,dqs_vs_dq_bit,14,16,-842.0,21.5,701.0,-787.0,-302.5,464.0,-324.0,0.339286,fail_lower,0.660714,-0.321429,overlap,0.0,2.405351
baseline_seed_31_60,skew,abs_dqs_minus_dq_bit__idelay_cntvaluein_skew__lane0__dq1__ctrl_4__dqs_vs_dq_bit__value_ps,abs_dqs_minus_dq_bit,idelay_cntvaluein_skew,lane0,dq1,4,dqs_vs_dq_bit,14,16,10.0,231.5,654.0,6.0,408.0,988.0,176.5,0.660714,fail_higher,0.660714,0.321429,overlap,0.0,2.405351
baseline_seed_31_60,skew,signed_dqs_bus_skew_minus_dq_median__idelay_cntvaluein_skew__lane1__dqs1__ctrl_none__dqs_vs_dq_bus_skew__value_ps,signed_dqs_bus_skew_minus_dq_median,idelay_cntvaluein_skew,lane1,dqs1,,dqs_vs_dq_bus_skew,14,16,-458.0,-109.0,520.0,-290.5,41.5,901.0,150.5,0.660714,fail_higher,0.660714,0.321429,overlap,0.0,2.405351
baseline_seed_31_60,skew,abs_dqs_minus_dq_bit__idelay_cntvaluein_skew__lane1__dq9__ctrl_4__dqs_vs_dq_bit__value_ps,abs_dqs_minus_dq_bit,idelay_cntvaluein_skew,lane1,dq9,4,dqs_vs_dq_bit,14,16,5.0,203.0,746.0,59.0,284.5,774.0,81.5,0.660714,fail_higher,0.660714,0.321429,overlap,0.0,2.405351
baseline_seed_31_60,skew,signed_ld_minus_cntvaluein_dqs__idelay_ld_cntvaluein_skew__lane1__dqs1__ctrl_4__ld_vs_cntvaluein_dqs__value_ps,signed_ld_minus_cntvaluein_dqs,idelay_ld_cntvaluein_skew,lane1,dqs1,4,ld_vs_cntvaluein_dqs,14,16,-393.0,122.5,1260.0,-995.0,199.5,667.0,77.0,0.660714,fail_higher,0.660714,0.321429,overlap,0.0,2.405351
baseline_seed_31_60,skew,signed_dqs_minus_dq_bit__idelay_cntvaluein_skew__lane0__dq0__ctrl_4__dqs_vs_dq_bit__value_ps,signed_dqs_minus_dq_bit,idelay_cntvaluein_skew,lane0,dq0,4,dqs_vs_dq_bit,14,16,-651.0,95.0,566.0,-903.0,-243.5,1066.0,-338.5,0.341518,fail_lower,0.658482,-0.316964,overlap,0.0,2.371944
baseline_seed_31_60,skew,signed_dqs_minus_dq_bit__idelay_cntvaluein_skew__lane1__dq8__ctrl_2__dqs_vs_dq_bit__value_ps,signed_dqs_minus_dq_bit,idelay_cntvaluein_skew,lane1,dq8,2,dqs_vs_dq_bit,14,16,-1308.0,-265.5,655.0,-607.0,-99.0,439.0,166.5,0.658482,fail_higher,0.658482,0.316964,overlap,0.0,2.371944
baseline_seed_31_60,skew,abs_dqs_minus_dq_bit__idelay_cntvaluein_skew__lane1__dq14__ctrl_4__dqs_vs_dq_bit__value_ps,abs_dqs_minus_dq_bit,idelay_cntvaluein_skew,lane1,dq14,4,dqs_vs_dq_bit,14,16,6.0,145.5,727.0,58.0,284.5,648.0,139.0,0.658482,fail_higher,0.658482,0.316964,overlap,0.0,2.371944
baseline_seed_31_60,direct,direct_max__idelay_data_cntvaluein__lane0__dq5__ctrl_2__endpoint__value_ps,direct_max,idelay_data_cntvaluein,lane0,dq5,2,endpoint,14,16,1095.0,1817.5,2121.0,1192.0,1511.0,2216.0,-306.5,0.34375,fail_lower,0.65625,-0.3125,overlap,0.0,2.338536
baseline_seed_31_60,skew,abs_ld_minus_cntvaluein_dqs__idelay_ld_cntvaluein_skew__lane1__dqs1__ctrl_4__ld_vs_cntvaluein_dqs__value_ps,abs_ld_minus_cntvaluein_dqs,idelay_ld_cntvaluein_skew,lane1,dqs1,4,ld_vs_cntvaluein_dqs,14,16,11.0,172.5,1260.0,34.0,333.0,995.0,160.5,0.65625,fail_higher,0.65625,0.3125,overlap,0.0,2.338536
baseline_seed_31_60,direct,direct_max__idelay_dqs_cntvaluein__lane0__dqs0__ctrl_1__endpoint__value_ps,direct_max,idelay_dqs_cntvaluein,lane0,dqs0,1,endpoint,14,16,1027.0,1420.5,2224.0,1036.0,1580.0,2276.0,159.5,0.65625,fail_higher,0.65625,0.3125,overlap,0.0,2.338536
baseline_seed_31_60,skew,signed_dqs_minus_dq_bit__idelay_cntvaluein_skew__lane1__dq12__ctrl_0__dqs_vs_dq_bit__value_ps,signed_dqs_minus_dq_bit,idelay_cntvaluein_skew,lane1,dq12,0,dqs_vs_dq_bit,14,16,-500.0,-122.5,696.0,-739.0,-223.0,375.0,-100.5,0.34375,fail_lower,0.65625,-0.3125,overlap,0.0,2.338536
baseline_seed_31_60,skew,signed_dqs_minus_dq_median__idelay_cntvaluein_skew__lane0__dqs0__ctrl_2__dqs_vs_dq_lane__value_ps,signed_dqs_minus_dq_median,idelay_cntvaluein_skew,lane0,dqs0,2,dqs_vs_dq_lane,14,16,-927.5,-397.5,608.5,-604.5,21.5,1005.0,419.0,0.651786,fail_higher,0.651786,0.303571,overlap,0.0,2.271721
baseline_seed_31_60,skew,signed_dqs_minus_dq_median__idelay_cntvaluein_skew__lane1__dqs1__ctrl_2__dqs_vs_dq_lane__value_ps,signed_dqs_minus_dq_median,idelay_cntvaluein_skew,lane1,dqs1,2,dqs_vs_dq_lane,14,16,-1065.0,-177.0,612.0,-466.0,57.75,396.5,234.75,0.651786,fail_higher,0.651786,0.303571,overlap,0.0,2.271721
baseline_seed_31_60,skew,signed_ld_minus_cntvaluein_dqs__idelay_ld_cntvaluein_skew__lane1__dqs1__ctrl_0__ld_vs_cntvaluein_dqs__value_ps,signed_ld_minus_cntvaluein_dqs,idelay_ld_cntvaluein_skew,lane1,dqs1,0,ld_vs_cntvaluein_dqs,14,16,-577.0,56.0,988.0,-510.0,279.0,850.0,223.0,0.651786,fail_higher,0.651786,0.303571,overlap,0.0,2.271721
baseline_seed_31_60,direct,direct_max__dq_iologic__lane1__dq12__ctrl_none__endpoint__value_ps,direct_max,dq_iologic,lane1,dq12,,endpoint,14,16,2295.0,2528.5,2959.0,1995.0,2669.0,3931.0,140.5,0.651786,fail_higher,0.651786,0.303571,overlap,0.0,2.271721
baseline_seed_31_60,direct,cntvaluein_bus_skew__idelay_data_cntvaluein__lane1__dq14__ctrl_none__dq14__value_ps,cntvaluein_bus_skew,idelay_data_cntvaluein,lane1,dq14,,dq14,14,16,307.0,581.5,830.0,181.0,441.5,905.0,-140.0,0.348214,fail_lower,0.651786,-0.303571,overlap,0.0,2.271721
baseline_seed_31_60,skew,abs_dqs_minus_dq_bit__idelay_cntvaluein_skew__lane1__dq14__ctrl_0__dqs_vs_dq_bit__value_ps,abs_dqs_minus_dq_bit,idelay_cntvaluein_skew,lane1,dq14,0,dqs_vs_dq_bit,14,16,61.0,346.0,691.0,31.0,246.0,828.0,-100.0,0.348214,fail_lower,0.651786,-0.303571,overlap,0.0,2.271721
baseline_seed_31_60,skew,abs_dqs_minus_dq_bit__idelay_cntvaluein_skew__lane0__dq1__ctrl_2__dqs_vs_dq_bit__value_ps,abs_dqs_minus_dq_bit,idelay_cntvaluein_skew,lane0,dq1,2,dqs_vs_dq_bit,14,16,251.0,427.5,918.0,118.0,358.5,999.0,-69.0,0.348214,fail_lower,0.651786,-0.303571,overlap,0.0,2.271721
baseline_seed_31_60,skew,abs_dqs_minus_dq_bit__idelay_cntvaluein_skew__lane1__dq13__ctrl_4__dqs_vs_dq_bit__value_ps,abs_dqs_minus_dq_bit,idelay_cntvaluein_skew,lane1,dq13,4,dqs_vs_dq_bit,14,16,13.0,186.5,982.0,59.0,243.5,633.0,57.0,0.651786,fail_higher,0.651786,0.303571,overlap,0.0,2.271721
baseline_seed_31_60,direct,control_fanout_spread__idelay_data_cntvaluein__lane0__no_bit__ctrl_2__lane_control_bit__value_ps,control_fanout_spread,idelay_data_cntvaluein,lane0,,2,lane_control_bit,14,16,154.0,334.5,666.0,178.0,283.0,551.0,-51.5,0.350446,fail_lower,0.649554,-0.299107,overlap,0.0,2.238313
baseline_seed_31_60,skew,dq_lane_range__idelay_cntvaluein_skew__lane0__no_bit__ctrl_2__dq_lane__value_ps,dq_lane_range,idelay_cntvaluein_skew,lane0,,2,dq_lane,14,16,154.0,334.5,666.0,178.0,283.0,551.0,-51.5,0.350446,fail_lower,0.649554,-0.299107,overlap,0.0,2.238313
baseline_seed_31_60,skew,signed_ld_minus_cntvaluein_dqs__idelay_ld_cntvaluein_skew__lane0__dqs0__ctrl_0__ld_vs_cntvaluein_dqs__value_ps,signed_ld_minus_cntvaluein_dqs,idelay_ld_cntvaluein_skew,lane0,dqs0,0,ld_vs_cntvaluein_dqs,14,16,-720.0,-110.0,891.0,-729.0,292.5,1149.0,402.5,0.647321,fail_higher,0.647321,0.294643,overlap,0.0,2.204905
baseline_seed_31_60,direct,direct_max__idelay_data_cntvaluein__lane1__dq8__ctrl_2__endpoint__value_ps,direct_max,idelay_data_cntvaluein,lane1,dq8,2,endpoint,14,16,958.0,1678.5,2078.0,1159.0,1395.0,2223.0,-283.5,0.352679,fail_lower,0.647321,-0.294643,overlap,0.0,2.204905
baseline_seed_31_60,skew,signed_dqs_minus_dq_bit__idelay_cntvaluein_skew__lane0__dq7__ctrl_4__dqs_vs_dq_bit__value_ps,signed_dqs_minus_dq_bit,idelay_cntvaluein_skew,lane0,dq7,4,dqs_vs_dq_bit,14,16,-613.0,-12.0,377.0,-1012.0,-275.0,1132.0,-263.0,0.352679,fail_lower,0.647321,-0.294643,overlap,0.0,2.204905
baseline_seed_31_60,skew,signed_dqs_minus_dq_bit__idelay_cntvaluein_skew__lane0__dq4__ctrl_2__dqs_vs_dq_bit__value_ps,signed_dqs_minus_dq_bit,idelay_cntvaluein_skew,lane0,dq4,2,dqs_vs_dq_bit,14,16,-1118.0,-361.5,561.0,-732.0,-100.5,993.0,261.0,0.647321,fail_higher,0.647321,0.294643,overlap,0.0,2.204905
baseline_seed_31_60,skew,signed_dqs_minus_dq_bit__idelay_cntvaluein_skew__lane1__dq10__ctrl_2__dqs_vs_dq_bit__value_ps,signed_dqs_minus_dq_bit,idelay_cntvaluein_skew,lane1,dq10,2,dqs_vs_dq_bit,14,16,-1213.0,-123.5,475.0,-520.0,35.0,459.0,158.5,0.647321,fail_higher,0.647321,0.294643,overlap,0.0,2.204905
baseline_seed_31_60,skew,signed_dqs_minus_dq_bit__idelay_cntvaluein_skew__lane1__dq10__ctrl_0__dqs_vs_dq_bit__value_ps,signed_dqs_minus_dq_bit,idelay_cntvaluein_skew,lane1,dq10,0,dqs_vs_dq_bit,14,16,-437.0,-129.5,615.0,-820.0,-248.5,505.0,-119.0,0.352679,fail_lower,0.647321,-0.294643,overlap,0.0,2.204905
baseline_seed_31_60,skew,signed_dqs_minus_dq_bit__idelay_cntvaluein_skew__lane0__dq5__ctrl_2__dqs_vs_dq_bit__value_ps,signed_dqs_minus_dq_bit,idelay_cntvaluein_skew,lane0,dq5,2,dqs_vs_dq_bit,14,16,-891.0,-279.0,796.0,-679.0,40.0,1077.0,319.0,0.642857,fail_higher,0.642857,0.285714,overlap,0.0,2.13809
baseline_seed_31_60,direct,direct_max__idelay_data_cntvaluein__lane1__dq15__ctrl_4__endpoint__value_ps,direct_max,idelay_data_cntvaluein,lane1,dq15,4,endpoint,14,16,827.0,1139.5,1638.0,669.0,1327.0,1684.0,187.5,0.642857,fail_higher,0.642857,0.285714,overlap,0.0,2.13809
baseline_seed_31_60,skew,abs_dqs_minus_dq_bit__idelay_cntvaluein_skew__lane1__dq13__ctrl_3__dqs_vs_dq_bit__value_ps,abs_dqs_minus_dq_bit,idelay_cntvaluein_skew,lane1,dq13,3,dqs_vs_dq_bit,14,16,18.0,146.0,770.0,71.0,252.0,788.0,106.0,0.642857,fail_higher,0.642857,0.285714,overlap,0.0,2.13809
baseline_seed_31_60,direct,direct_max__idelay_data_cntvaluein__lane1__dq10__ctrl_3__endpoint__value_ps,direct_max,idelay_data_cntvaluein,lane1,dq10,3,endpoint,14,16,1072.0,1453.5,1929.0,1164.0,1552.0,2114.0,98.5,0.642857,fail_higher,0.642857,0.285714,overlap,0.0,2.13809
baseline_seed_31_60,skew,signed_lane1_minus_lane0_dq_median__idelay_cntvaluein_skew__all__no_bit__ctrl_2__lane1_vs_lane0_dq__value_ps,signed_lane1_minus_lane0_dq_median,idelay_cntvaluein_skew,all,,2,lane1_vs_lane0_dq,14,16,-690.0,-288.0,-124.0,-375.0,-255.5,-11.5,32.5,0.642857,fail_higher,0.642857,0.285714,overlap,0.0,2.13809
baseline_seed_31_60,skew,abs_lane1_minus_lane0_dq_median__idelay_cntvaluein_skew__all__no_bit__ctrl_2__lane1_vs_lane0_dq__value_ps,abs_lane1_minus_lane0_dq_median,idelay_cntvaluein_skew,all,,2,lane1_vs_lane0_dq,14,16,124.0,288.0,690.0,11.5,255.5,375.0,-32.5,0.357143,fail_lower,0.642857,-0.285714,overlap,0.0,2.13809
baseline_seed_31_60,skew,abs_ld_minus_cntvaluein_dq_median__idelay_ld_cntvaluein_skew__lane0__no_bit__ctrl_4__ld_vs_cntvaluein_dq_lane__value_ps,abs_ld_minus_cntvaluein_dq_median,idelay_ld_cntvaluein_skew,lane0,,4,ld_vs_cntvaluein_dq_lane,14,16,5.0,163.5,431.5,3.5,192.0,1180.0,28.5,0.642857,fail_higher,0.642857,0.285714,overlap,0.0,2.13809
baseline_seed_31_60,skew,signed_dqs_minus_dq_bit__idelay_cntvaluein_skew__lane0__dq2__ctrl_4__dqs_vs_dq_bit__value_ps,signed_dqs_minus_dq_bit,idelay_cntvaluein_skew,lane0,dq2,4,dqs_vs_dq_bit,14,16,-610.0,10.0,383.0,-925.0,-263.0,1219.0,-273.0,0.361607,fail_lower,0.638393,-0.276786,overlap,0.0,2.071275
baseline_seed_31_60,direct,direct_max__idelay_data_cntvaluein__lane1__dq14__ctrl_2__endpoint__value_ps,direct_max,idelay_data_cntvaluein,lane1,dq14,2,endpoint,14,16,1046.0,1665.5,1896.0,1082.0,1434.5,2131.0,-231.0,0.361607,fail_lower,0.638393,-0.276786,overlap,0.0,2.071275
baseline_seed_31_60,direct,direct_max__idelay_dqs_cntvaluein__lane0__dqs0__ctrl_0__endpoint__value_ps,direct_max,idelay_dqs_cntvaluein,lane0,dqs0,0,endpoint,14,16,972.0,1608.0,2260.0,889.0,1445.0,2365.0,-163.0,0.361607,fail_lower,0.638393,-0.276786,overlap,0.0,2.071275
baseline_seed_31_60,skew,signed_dqs_minus_dq_bit__idelay_cntvaluein_skew__lane0__dq0__ctrl_2__dqs_vs_dq_bit__value_ps,signed_dqs_minus_dq_bit,idelay_cntvaluein_skew,lane0,dq0,2,dqs_vs_dq_bit,14,16,-998.0,-398.0,556.0,-648.0,-15.0,993.0,383.0,0.636161,fail_higher,0.636161,0.272321,overlap,0.0,2.037867
baseline_seed_31_60,skew,abs_dqs_minus_dq_bit__idelay_cntvaluein_skew__lane0__dq6__ctrl_2__dqs_vs_dq_bit__value_ps,abs_dqs_minus_dq_bit,idelay_cntvaluein_skew,lane0,dq6,2,dqs_vs_dq_bit,14,16,116.0,498.0,873.0,10.0,348.0,1011.0,-150.0,0.363839,fail_lower,0.636161,-0.272321,overlap,0.0,2.037867
baseline_seed_31_60,skew,signed_dqs_minus_dq_bit__idelay_cntvaluein_skew__lane1__dq11__ctrl_0__dqs_vs_dq_bit__value_ps,signed_dqs_minus_dq_bit,idelay_cntvaluein_skew,lane1,dq11,0,dqs_vs_dq_bit,14,16,-443.0,-47.0,613.0,-828.0,-161.0,502.0,-114.0,0.363839,fail_lower,0.636161,-0.272321,overlap,0.0,2.037867
baseline_seed_31_60,skew,abs_dqs_minus_dq_bit__idelay_cntvaluein_skew__lane1__dq12__ctrl_4__dqs_vs_dq_bit__value_ps,abs_dqs_minus_dq_bit,idelay_cntvaluein_skew,lane1,dq12,4,dqs_vs_dq_bit,14,16,36.0,143.0,642.0,31.0,300.0,582.0,157.0,0.633929,fail_higher,0.633929,0.267857,overlap,0.0,2.004459
baseline_seed_31_60,direct,cntvaluein_bus_skew__idelay_data_cntvaluein__lane1__dq10__ctrl_none__dq10__value_ps,cntvaluein_bus_skew,idelay_data_cntvaluein,lane1,dq10,,dq10,14,16,322.0,571.5,789.0,233.0,440.5,865.0,-131.0,0.366071,fail_lower,0.633929,-0.267857,overlap,0.0,2.004459
baseline_seed_31_60,skew,abs_dqs_minus_dq_bit__idelay_cntvaluein_skew__lane1__dq13__ctrl_0__dqs_vs_dq_bit__value_ps,abs_dqs_minus_dq_bit,idelay_cntvaluein_skew,lane1,dq13,0,dqs_vs_dq_bit,14,16,74.0,321.0,606.0,25.0,204.0,741.0,-117.0,0.366071,fail_lower,0.633929,-0.267857,overlap,0.0,2.004459
baseline_seed_31_60,skew,abs_dqs_minus_dq_bit__idelay_cntvaluein_skew__lane0__dq5__ctrl_0__dqs_vs_dq_bit__value_ps,abs_dqs_minus_dq_bit,idelay_cntvaluein_skew,lane0,dq5,0,dqs_vs_dq_bit,14,16,13.0,443.0,888.0,44.0,268.0,592.0,-175.0,0.368304,fail_lower,0.631696,-0.263393,overlap,0.0,1.971052
baseline_seed_31_60,skew,abs_dqs_minus_dq_bit__idelay_cntvaluein_skew__lane0__dq0__ctrl_2__dqs_vs_dq_bit__value_ps,abs_dqs_minus_dq_bit,idelay_cntvaluein_skew,lane0,dq0,2,dqs_vs_dq_bit,14,16,76.0,447.5,998.0,98.0,323.5,993.0,-124.0,0.368304,fail_lower,0.631696,-0.263393,overlap,0.0,1.971052
baseline_seed_31_60,direct,direct_max__idelay_ld__lane0__dq5__ctrl_none__endpoint__value_ps,direct_max,idelay_ld,lane0,dq5,,endpoint,14,16,1157.0,1518.5,2118.0,1345.0,1704.5,2292.0,186.0,0.629464,fail_higher,0.629464,0.258929,overlap,0.0,1.937644
baseline_seed_31_60,skew,abs_dqs_minus_dq_bit__idelay_cntvaluein_skew__lane0__dq4__ctrl_2__dqs_vs_dq_bit__value_ps,abs_dqs_minus_dq_bit,idelay_cntvaluein_skew,lane0,dq4,2,dqs_vs_dq_bit,14,16,159.0,447.0,1118.0,6.0,311.0,993.0,-136.0,0.370536,fail_lower,0.629464,-0.258929,overlap,0.0,1.937644
baseline_seed_31_60,direct,direct_max__idelay_ld__lane0__dqs0__ctrl_none__endpoint__value_ps,direct_max,idelay_ld,lane0,dqs0,,endpoint,14,16,1161.0,1550.5,2124.0,1424.0,1678.0,2456.0,127.5,0.629464,fail_higher,0.629464,0.258929,overlap,0.0,1.937644
baseline_seed_31_60,direct,lane_spread__idelay_data_cntvaluein__lane0__no_bit__ctrl_none__lane__value_ps,lane_spread,idelay_data_cntvaluein,lane0,,,lane,14,16,585.0,1001.5,1394.0,556.0,902.5,1305.0,-99.0,0.370536,fail_lower,0.629464,-0.258929,overlap,0.0,1.937644
baseline_seed_31_60,skew,signed_dqs_minus_dq_bit__idelay_cntvaluein_skew__lane0__dq1__ctrl_4__dqs_vs_dq_bit__value_ps,signed_dqs_minus_dq_bit,idelay_cntvaluein_skew,lane0,dq1,4,dqs_vs_dq_bit,14,16,-654.0,73.0,479.0,-988.0,-190.5,981.0,-263.5,0.375,fail_lower,0.625,-0.25,overlap,0.0,1.870829
baseline_seed_31_60,skew,signed_dqs_minus_dq_bit__idelay_cntvaluein_skew__lane1__dq9__ctrl_4__dqs_vs_dq_bit__value_ps,signed_dqs_minus_dq_bit,idelay_cntvaluein_skew,lane1,dq9,4,dqs_vs_dq_bit,14,16,-418.0,119.5,746.0,-774.0,-97.5,738.0,-217.0,0.375,fail_lower,0.625,-0.25,overlap,0.0,1.870829
baseline_seed_31_60,skew,abs_dqs_minus_dq_bit__idelay_cntvaluein_skew__lane0__dq3__ctrl_1__dqs_vs_dq_bit__value_ps,abs_dqs_minus_dq_bit,idelay_cntvaluein_skew,lane0,dq3,1,dqs_vs_dq_bit,14,16,13.0,287.5,723.0,3.0,461.5,847.0,174.0,0.625,fail_higher,0.625,0.25,overlap,0.0,1.870829
baseline_seed_31_60,skew,dq_lane_range__iologic_skew__lane0__no_bit__ctrl_none__dq_lane__value_ps,dq_lane_range,iologic_skew,lane0,,,dq_lane,14,16,154.0,620.5,960.0,342.0,763.0,899.0,142.5,0.625,fail_higher,0.625,0.25,overlap,0.0,1.870829
baseline_seed_31_60,direct,direct_max__idelay_data_cntvaluein__lane0__dq7__ctrl_0__endpoint__value_ps,direct_max,idelay_data_cntvaluein,lane0,dq7,0,endpoint,14,16,1274.0,1619.5,2265.0,1289.0,1744.5,2500.0,125.0,0.625,fail_higher,0.625,0.25,overlap,0.0,1.870829
baseline_seed_31_60,skew,dq_lane_range__iologic_skew__lane1__no_bit__ctrl_none__dq_lane__value_ps,dq_lane_range,iologic_skew,lane1,,,dq_lane,14,16,310.0,592.5,1073.0,296.0,484.5,1537.0,-108.0,0.375,fail_lower,0.625,-0.25,overlap,0.0,1.870829
baseline_seed_31_60,skew,abs_dqs_minus_dq_median__idelay_cntvaluein_skew__lane0__dqs0__ctrl_2__dqs_vs_dq_lane__value_ps,abs_dqs_minus_dq_median,idelay_cntvaluein_skew,lane0,dqs0,2,dqs_vs_dq_lane,14,16,114.0,436.5,927.5,148.0,340.5,1005.0,-96.0,0.375,fail_lower,0.625,-0.25,overlap,0.0,1.870829
baseline_seed_31_60,skew,signed_ld_dqs_minus_dq_median__idelay_ld_skew__lane1__dqs1__ctrl_none__dqs_vs_dq_lane__value_ps,signed_ld_dqs_minus_dq_median,idelay_ld_skew,lane1,dqs1,,dqs_vs_dq_lane,14,16,-179.0,-55.5,193.0,-175.0,14.75,243.0,70.25,0.625,fail_higher,0.625,0.25,overlap,0.0,1.870829
baseline_seed_31_60,skew,abs_dqs_bus_skew_minus_dq_median__idelay_cntvaluein_skew__lane0__dqs0__ctrl_none__dqs_vs_dq_bus_skew__value_ps,abs_dqs_bus_skew_minus_dq_median,idelay_cntvaluein_skew,lane0,dqs0,,dqs_vs_dq_bus_skew,14,16,24.5,228.25,679.5,27.5,286.75,858.0,58.5,0.625,fail_higher,0.625,0.25,overlap,0.0,1.870829
baseline_seed_31_60,skew,signed_dqs_minus_dq_bit__idelay_cntvaluein_skew__lane1__dq13__ctrl_0__dqs_vs_dq_bit__value_ps,signed_dqs_minus_dq_bit,idelay_cntvaluein_skew,lane1,dq13,0,dqs_vs_dq_bit,14,16,-515.0,-134.0,606.0,-741.0,-192.0,418.0,-58.0,0.375,fail_lower,0.625,-0.25,overlap,0.0,1.870829
baseline_seed_31_60,direct,lane_spread__idelay_ld__lane1__no_bit__ctrl_none__lane__value_ps,lane_spread,idelay_ld,lane1,,,lane,14,16,175.0,313.5,610.0,240.0,350.5,732.0,37.0,0.625,fail_higher,0.625,0.25,overlap,0.0,1.870829
baseline_seed_31_60,skew,signed_dqs_minus_dq_bit__idelay_cntvaluein_skew__lane0__dq4__ctrl_4__dqs_vs_dq_bit__value_ps,signed_dqs_minus_dq_bit,idelay_cntvaluein_skew,lane0,dq4,4,dqs_vs_dq_bit,14,16,-825.0,14.5,472.0,-1072.0,-235.0,1227.0,-249.5,0.379464,fail_lower,0.620536,-0.241071,overlap,0.0,1.804013
baseline_seed_31_60,skew,signed_dqs_minus_dq_median__idelay_cntvaluein_skew__lane0__dqs0__ctrl_4__dqs_vs_dq_lane__value_ps,signed_dqs_minus_dq_median,idelay_cntvaluein_skew,lane0,dqs0,4,dqs_vs_dq_lane,14,16,-611.5,40.75,380.0,-931.5,-181.25,1108.0,-222.0,0.379464,fail_lower,0.620536,-0.241071,overlap,0.0,1.804013
baseline_seed_31_60,direct,control_fanout_spread__idelay_data_cntvaluein__lane1__no_bit__ctrl_4__lane_control_bit__value_ps,control_fanout_spread,idelay_data_cntvaluein,lane1,,4,lane_control_bit,14,16,194.0,435.0,717.0,214.0,332.0,562.0,-103.0,0.379464,fail_lower,0.620536,-0.241071,overlap,0.0,1.804013
baseline_seed_31_60,skew,dq_lane_range__idelay_cntvaluein_skew__lane1__no_bit__ctrl_4__dq_lane__value_ps,dq_lane_range,idelay_cntvaluein_skew,lane1,,4,dq_lane,14,16,194.0,435.0,717.0,214.0,332.0,562.0,-103.0,0.379464,fail_lower,0.620536,-0.241071,overlap,0.0,1.804013
baseline_seed_31_60,skew,abs_dqs_minus_dq_bit__idelay_cntvaluein_skew__lane0__dq7__ctrl_0__dqs_vs_dq_bit__value_ps,abs_dqs_minus_dq_bit,idelay_cntvaluein_skew,lane0,dq7,0,dqs_vs_dq_bit,14,16,12.0,271.5,807.0,155.0,315.5,976.0,44.0,0.620536,fail_higher,0.620536,0.241071,overlap,0.0,1.804013
baseline_seed_31_60,skew,abs_ld_dqs_minus_dq_median__idelay_ld_skew__lane1__dqs1__ctrl_none__dqs_vs_dq_lane__value_ps,abs_ld_dqs_minus_dq_median,idelay_ld_skew,lane1,dqs1,,dqs_vs_dq_lane,14,16,5.0,105.25,193.0,4.0,75.5,243.0,-29.75,0.379464,fail_lower,0.620536,-0.241071,overlap,0.0,1.804013
baseline_seed_31_60,skew,signed_dqs_bus_skew_minus_dq_median__idelay_cntvaluein_skew__lane0__dqs0__ctrl_none__dqs_vs_dq_bus_skew__value_ps,signed_dqs_bus_skew_minus_dq_median,idelay_cntvaluein_skew,lane0,dqs0,,dqs_vs_dq_bus_skew,14,16,-679.5,5.25,600.5,-391.0,209.25,858.0,204.0,0.616071,fail_higher,0.616071,0.232143,overlap,0.0,1.737198
baseline_seed_31_60,skew,signed_dqs_minus_dq_bit__idelay_cntvaluein_skew__lane1__dq14__ctrl_2__dqs_vs_dq_bit__value_ps,signed_dqs_minus_dq_bit,idelay_cntvaluein_skew,lane1,dq14,2,dqs_vs_dq_bit,14,16,-1216.0,-253.0,567.0,-523.0,-88.5,484.0,164.5,0.616071,fail_higher,0.616071,0.232143,overlap,0.0,1.737198
baseline_seed_31_60,skew,signed_dqs_minus_dq_bit__idelay_cntvaluein_skew__lane1__dq15__ctrl_4__dqs_vs_dq_bit__value_ps,signed_dqs_minus_dq_bit,idelay_cntvaluein_skew,lane1,dq15,4,dqs_vs_dq_bit,14,16,-365.0,119.5,679.0,-694.0,-23.5,785.0,-143.0,0.383929,fail_lower,0.616071,-0.232143,overlap,0.0,1.737198
baseline_seed_31_60,skew,abs_dqs_minus_dq_bit__idelay_cntvaluein_skew__lane0__dq1__ctrl_3__dqs_vs_dq_bit__value_ps,abs_dqs_minus_dq_bit,idelay_cntvaluein_skew,lane0,dq1,3,dqs_vs_dq_bit,14,16,77.0,335.5,1003.0,23.0,235.0,996.0,-100.5,0.383929,fail_lower,0.616071,-0.232143,overlap,0.0,1.737198
baseline_seed_31_60,skew,abs_ld_minus_cntvaluein_dq_median__idelay_ld_cntvaluein_skew__lane1__no_bit__ctrl_4__ld_vs_cntvaluein_dq_lane__value_ps,abs_ld_minus_cntvaluein_dq_median,idelay_ld_cntvaluein_skew,lane1,,4,ld_vs_cntvaluein_dq_lane,14,16,19.5,198.0,631.5,34.5,263.0,669.5,65.0,0.616071,fail_higher,0.616071,0.232143,overlap,0.0,1.737198
baseline_seed_31_60,direct,cntvaluein_bus_skew__idelay_data_cntvaluein__lane0__dq6__ctrl_none__dq6__value_ps,cntvaluein_bus_skew,idelay_data_cntvaluein,lane0,dq6,,dq6,14,16,342.0,665.5,1069.0,281.0,616.0,990.0,-49.5,0.383929,fail_lower,0.616071,-0.232143,overlap,0.0,1.737198
baseline_seed_31_60,skew,signed_dqs_minus_dq_bit__idelay_cntvaluein_skew__lane0__dq5__ctrl_1__dqs_vs_dq_bit__value_ps,signed_dqs_minus_dq_bit,idelay_cntvaluein_skew,lane0,dq5,1,dqs_vs_dq_bit,14,16,-769.0,-195.0,812.0,-569.0,76.0,928.0,271.0,0.611607,fail_higher,0.611607,0.223214,overlap,0.0,1.670383
baseline_seed_31_60,direct,direct_max__idelay_data_cntvaluein__lane0__dq5__ctrl_0__endpoint__value_ps,direct_max,idelay_data_cntvaluein,lane0,dq5,0,endpoint,14,16,1261.0,1526.5,1993.0,1223.0,1743.5,2045.0,217.0,0.611607,fail_higher,0.611607,0.223214,overlap,0.0,1.670383
baseline_seed_31_60,direct,direct_max__idelay_data_cntvaluein__lane0__dq6__ctrl_0__endpoint__value_ps,direct_max,idelay_data_cntvaluein,lane0,dq6,0,endpoint,14,16,1187.0,1675.5,2177.0,1101.0,1842.5,2273.0,167.0,0.611607,fail_higher,0.611607,0.223214,overlap,0.0,1.670383
baseline_seed_31_60,skew,abs_dqs_minus_dq_bit__idelay_cntvaluein_skew__lane0__dq0__ctrl_3__dqs_vs_dq_bit__value_ps,abs_dqs_minus_dq_bit,idelay_cntvaluein_skew,lane0,dq0,3,dqs_vs_dq_bit,14,16,21.0,411.0,979.0,8.0,261.5,987.0,-149.5,0.388393,fail_lower,0.611607,-0.223214,overlap,0.0,1.670383
baseline_seed_31_60,skew,abs_dqs_minus_dq_bit__idelay_cntvaluein_skew__lane0__dq3__ctrl_2__dqs_vs_dq_bit__value_ps,abs_dqs_minus_dq_bit,idelay_cntvaluein_skew,lane0,dq3,2,dqs_vs_dq_bit,14,16,138.0,448.5,803.0,69.0,358.0,1131.0,-90.5,0.388393,fail_lower,0.611607,-0.223214,overlap,0.0,1.670383
baseline_seed_31_60,skew,signed_dqs_minus_dq_median__idelay_cntvaluein_skew__lane1__dqs1__ctrl_0__dqs_vs_dq_lane__value_ps,signed_dqs_minus_dq_median,idelay_cntvaluein_skew,lane1,dqs1,0,dqs_vs_dq_lane,14,16,-432.0,-87.75,611.5,-780.5,-172.0,466.5,-84.25,0.388393,fail_lower,0.611607,-0.223214,overlap,0.0,1.670383
baseline_seed_31_60,direct,direct_max__idelay_data_cntvaluein__lane1__dq14__ctrl_1__endpoint__value_ps,direct_max,idelay_data_cntvaluein,lane1,dq14,1,endpoint,14,16,1179.0,1393.5,1953.0,1024.0,1474.5,1980.0,81.0,0.611607,fail_higher,0.611607,0.223214,overlap,0.0,1.670383
baseline_seed_31_60,direct,direct_max__idelay_data_cntvaluein__lane1__dq15__ctrl_3__endpoint__value_ps,direct_max,idelay_data_cntvaluein,lane1,dq15,3,endpoint,14,16,861.0,1193.5,1493.0,938.0,1268.5,1805.0,75.0,0.611607,fail_higher,0.611607,0.223214,overlap,0.0,1.670383
baseline_seed_31_60,direct,direct_max__idelay_ld__lane0__dq6__ctrl_none__endpoint__value_ps,direct_max,idelay_ld,lane0,dq6,,endpoint,14,16,1294.0,1653.0,2121.0,1350.0,1666.5,2512.0,13.5,0.609375,fail_higher,0.609375,0.21875,overlap,0.0,1.636975
baseline_seed_31_60,skew,signed_dqs_minus_dq_bit__idelay_cntvaluein_skew__lane1__dq10__ctrl_3__dqs_vs_dq_bit__value_ps,signed_dqs_minus_dq_bit,idelay_cntvaluein_skew,lane1,dq10,3,dqs_vs_dq_bit,14,16,-1002.0,135.0,492.0,-710.0,-137.5,732.0,-272.5,0.392857,fail_lower,0.607143,-0.214286,overlap,0.0,1.603567
baseline_seed_31_60,skew,signed_dqs_minus_dq_bit__idelay_cntvaluein_skew__lane0__dq6__ctrl_3__dqs_vs_dq_bit__value_ps,signed_dqs_minus_dq_bit,idelay_cntvaluein_skew,lane0,dq6,3,dqs_vs_dq_bit,14,16,-965.0,-129.0,933.0,-763.0,5.5,850.0,134.5,0.607143,fail_higher,0.607143,0.214286,overlap,0.0,1.603567
baseline_seed_31_60,direct,cntvaluein_bus_skew__idelay_data_cntvaluein__lane1__dq11__ctrl_none__dq11__value_ps,cntvaluein_bus_skew,idelay_data_cntvaluein,lane1,dq11,,dq11,14,16,239.0,442.5,709.0,164.0,357.0,840.0,-85.5,0.392857,fail_lower,0.607143,-0.214286,overlap,0.0,1.603567
baseline_seed_31_60,skew,abs_dqs_minus_dq_bit__idelay_cntvaluein_skew__lane0__dq7__ctrl_2__dqs_vs_dq_bit__value_ps,abs_dqs_minus_dq_bit,idelay_cntvaluein_skew,lane0,dq7,2,dqs_vs_dq_bit,14,16,117.0,491.5,1056.0,13.0,407.5,838.0,-84.0,0.392857,fail_lower,0.607143,-0.214286,overlap,0.0,1.603567
baseline_seed_31_60,direct,lane_spread__dq_iologic__lane0__no_bit__ctrl_none__lane__value_ps,lane_spread,dq_iologic,lane0,,,lane,14,16,2295.0,2605.0,3282.0,2410.0,2664.0,3694.0,59.0,0.604911,fail_higher,0.604911,0.209821,overlap,0.0,1.57016
baseline_seed_31_60,skew,signed_dqs_minus_dq_median__iologic_skew__lane1__dqs1__ctrl_none__dqs_vs_dq_lane__value_ps,signed_dqs_minus_dq_median,iologic_skew,lane1,dqs1,,dqs_vs_dq_lane,14,16,-244.0,217.0,795.5,28.0,267.5,838.5,50.5,0.604911,fail_higher,0.604911,0.209821,overlap,0.0,1.57016
baseline_seed_31_60,direct,direct_max__idelay_data_cntvaluein__lane1__dq10__ctrl_0__endpoint__value_ps,direct_max,idelay_data_cntvaluein,lane1,dq10,0,endpoint,14,16,1044.0,1420.0,1819.0,851.0,1500.5,1942.0,80.5,0.602679,fail_higher,0.602679,0.205357,overlap,0.0,1.536752
baseline_seed_31_60,direct,direct_max__idelay_data_cntvaluein__lane1__dq13__ctrl_0__endpoint__value_ps,direct_max,idelay_data_cntvaluein,lane1,dq13,0,endpoint,14,16,912.0,1419.0,1899.0,875.0,1479.0,1832.0,60.0,0.602679,fail_higher,0.602679,0.205357,overlap,0.0,1.536752
baseline_seed_31_60,skew,dq_bus_skew_range__idelay_cntvaluein_skew__lane1__no_bit__ctrl_none__dq_lane_bus_skew__value_ps,dq_bus_skew_range,idelay_cntvaluein_skew,lane1,,,dq_lane_bus_skew,14,16,231.0,396.5,520.0,167.0,389.5,517.0,-7.0,0.397321,fail_lower,0.602679,-0.205357,overlap,0.0,1.536752
baseline_seed_31_60,direct,control_fanout_spread__idelay_data_cntvaluein__lane0__no_bit__ctrl_3__lane_control_bit__value_ps,control_fanout_spread,idelay_data_cntvaluein,lane0,,3,lane_control_bit,14,16,185.0,423.5,751.0,189.0,313.5,585.0,-110.0,0.399554,fail_lower,0.600446,-0.200893,overlap,0.0,1.503344
baseline_seed_31_60,skew,dq_lane_range__idelay_cntvaluein_skew__lane0__no_bit__ctrl_3__dq_lane__value_ps,dq_lane_range,idelay_cntvaluein_skew,lane0,,3,dq_lane,14,16,185.0,423.5,751.0,189.0,313.5,585.0,-110.0,0.399554,fail_lower,0.600446,-0.200893,overlap,0.0,1.503344
baseline_seed_31_60,direct,cntvaluein_bus_skew__idelay_data_cntvaluein__lane1__dq15__ctrl_none__dq15__value_ps,cntvaluein_bus_skew,idelay_data_cntvaluein,lane1,dq15,,dq15,14,16,246.0,430.5,656.0,101.0,373.5,856.0,-57.0,0.399554,fail_lower,0.600446,-0.200893,overlap,0.0,1.503344
baseline_seed_31_60,skew,abs_dqs_minus_dq_bit__idelay_cntvaluein_skew__lane1__dq14__ctrl_1__dqs_vs_dq_bit__value_ps,abs_dqs_minus_dq_bit,idelay_cntvaluein_skew,lane1,dq14,1,dqs_vs_dq_bit,14,16,6.0,167.0,666.0,2.0,343.0,703.0,176.0,0.598214,fail_higher,0.598214,0.196429,overlap,0.0,1.469937
baseline_seed_31_60,skew,abs_dqs_minus_dq_bit__idelay_cntvaluein_skew__lane0__dq5__ctrl_1__dqs_vs_dq_bit__value_ps,abs_dqs_minus_dq_bit,idelay_cntvaluein_skew,lane0,dq5,1,dqs_vs_dq_bit,14,16,79.0,305.5,812.0,9.0,465.0,928.0,159.5,0.598214,fail_higher,0.598214,0.196429,overlap,0.0,1.469937
baseline_seed_31_60,direct,direct_max__idelay_data_cntvaluein__lane0__dq2__ctrl_0__endpoint__value_ps,direct_max,idelay_data_cntvaluein,lane0,dq2,0,endpoint,14,16,1393.0,1691.0,2326.0,1205.0,1848.0,2249.0,157.0,0.598214,fail_higher,0.598214,0.196429,overlap,0.0,1.469937
baseline_seed_31_60,skew,abs_dqs_minus_dq_bit__idelay_cntvaluein_skew__lane0__dq1__ctrl_1__dqs_vs_dq_bit__value_ps,abs_dqs_minus_dq_bit,idelay_cntvaluein_skew,lane0,dq1,1,dqs_vs_dq_bit,14,16,56.0,392.5,998.0,39.0,532.5,836.0,140.0,0.598214,fail_higher,0.598214,0.196429,overlap,0.0,1.469937
baseline_seed_31_60,direct,direct_max__dqs_iologic__lane0__dqs0__ctrl_none__endpoint__value_ps,direct_max,dqs_iologic,lane0,dqs0,,endpoint,14,16,2581.0,3121.0,3660.0,2444.0,3236.5,3809.0,115.5,0.598214,fail_higher,0.598214,0.196429,overlap,0.0,1.469937
baseline_seed_31_60,direct,lane_spread__dqs_iologic__lane0__no_bit__ctrl_none__lane__value_ps,lane_spread,dqs_iologic,lane0,,,lane,14,16,2581.0,3121.0,3660.0,2444.0,3236.5,3809.0,115.5,0.598214,fail_higher,0.598214,0.196429,overlap,0.0,1.469937
baseline_seed_31_60,direct,direct_max__idelay_ld__lane0__dq3__ctrl_none__endpoint__value_ps,direct_max,idelay_ld,lane0,dq3,,endpoint,14,16,1072.0,1549.0,2036.0,1343.0,1641.0,2456.0,92.0,0.598214,fail_higher,0.598214,0.196429,overlap,0.0,1.469937
baseline_seed_31_60,skew,abs_dqs_minus_dq_bit__idelay_cntvaluein_skew__lane0__dq6__ctrl_0__dqs_vs_dq_bit__value_ps,abs_dqs_minus_dq_bit,idelay_cntvaluein_skew,lane0,dq6,0,dqs_vs_dq_bit,14,16,19.0,227.5,856.0,120.0,314.0,859.0,86.5,0.598214,fail_higher,0.598214,0.196429,overlap,0.0,1.469937
baseline_seed_31_60,skew,abs_dqs_minus_dq_bit__idelay_cntvaluein_skew__lane1__dq11__ctrl_4__dqs_vs_dq_bit__value_ps,abs_dqs_minus_dq_bit,idelay_cntvaluein_skew,lane1,dq11,4,dqs_vs_dq_bit,14,16,32.0,246.0,897.0,38.0,285.0,884.0,39.0,0.598214,fail_higher,0.598214,0.196429,overlap,0.0,1.469937
baseline_seed_31_60,skew,signed_lane1_minus_lane0_dq_median__idelay_cntvaluein_skew__all__no_bit__ctrl_0__lane1_vs_lane0_dq__value_ps,signed_lane1_minus_lane0_dq_median,idelay_cntvaluein_skew,all,,0,lane1_vs_lane0_dq,14,16,-697.5,-287.5,-27.0,-624.0,-320.25,15.5,-32.75,0.401786,fail_lower,0.598214,-0.196429,overlap,0.0,1.469937
baseline_seed_31_60,skew,abs_lane1_minus_lane0_dq_median__idelay_cntvaluein_skew__all__no_bit__ctrl_0__lane1_vs_lane0_dq__value_ps,abs_lane1_minus_lane0_dq_median,idelay_cntvaluein_skew,all,,0,lane1_vs_lane0_dq,14,16,27.0,287.5,697.5,15.5,320.25,624.0,32.75,0.598214,fail_higher,0.598214,0.196429,overlap,0.0,1.469937
baseline_seed_31_60,direct,direct_max__idelay_data_cntvaluein__lane1__dq12__ctrl_0__endpoint__value_ps,direct_max,idelay_data_cntvaluein,lane1,dq12,0,endpoint,14,16,1128.0,1382.5,1738.0,1126.0,1508.5,1919.0,126.0,0.595982,fail_higher,0.595982,0.191964,overlap,0.0,1.436529
baseline_seed_31_60,skew,abs_dqs_minus_dq_bit__idelay_cntvaluein_skew__lane1__dq11__ctrl_0__dqs_vs_dq_bit__value_ps,abs_dqs_minus_dq_bit,idelay_cntvaluein_skew,lane1,dq11,0,dqs_vs_dq_bit,14,16,13.0,293.5,613.0,20.0,195.0,828.0,-98.5,0.404018,fail_lower,0.595982,-0.191964,overlap,0.0,1.436529
baseline_seed_31_60,skew,signed_dqs_minus_dq_bit__idelay_cntvaluein_skew__lane0__dq3__ctrl_2__dqs_vs_dq_bit__value_ps,signed_dqs_minus_dq_bit,idelay_cntvaluein_skew,lane0,dq3,2,dqs_vs_dq_bit,14,16,-803.0,-226.0,786.0,-600.0,28.0,1131.0,254.0,0.59375,fail_higher,0.59375,0.1875,overlap,0.0,1.403122
baseline_seed_31_60,skew,signed_dqs_minus_dq_bit__idelay_cntvaluein_skew__lane0__dq3__ctrl_1__dqs_vs_dq_bit__value_ps,signed_dqs_minus_dq_bit,idelay_cntvaluein_skew,lane0,dq3,1,dqs_vs_dq_bit,14,16,-679.0,-151.0,723.0,-645.0,81.5,847.0,232.5,0.59375,fail_higher,0.59375,0.1875,overlap,0.0,1.403122
baseline_seed_31_60,skew,abs_dqs_minus_dq_bit__idelay_cntvaluein_skew__lane0__dq2__ctrl_2__dqs_vs_dq_bit__value_ps,abs_dqs_minus_dq_bit,idelay_cntvaluein_skew,lane0,dq2,2,dqs_vs_dq_bit,14,16,69.0,528.0,970.0,104.0,360.5,1014.0,-167.5,0.40625,fail_lower,0.59375,-0.1875,overlap,0.0,1.403122
baseline_seed_31_60,skew,abs_dqs_minus_dq_bit__idelay_cntvaluein_skew__lane0__dq5__ctrl_2__dqs_vs_dq_bit__value_ps,abs_dqs_minus_dq_bit,idelay_cntvaluein_skew,lane0,dq5,2,dqs_vs_dq_bit,14,16,122.0,445.5,891.0,125.0,308.5,1077.0,-137.0,0.40625,fail_lower,0.59375,-0.1875,overlap,0.0,1.403122
baseline_seed_31_60,skew,signed_dqs_minus_dq_median__iologic_skew__lane0__dqs0__ctrl_none__dqs_vs_dq_lane__value_ps,signed_dqs_minus_dq_median,iologic_skew,lane0,dqs0,,dqs_vs_dq_lane,14,16,-386.5,973.0,1632.0,117.5,1080.25,1547.0,107.25,0.59375,fail_higher,0.59375,0.1875,overlap,0.0,1.403122
baseline_seed_31_60,skew,abs_dqs_minus_dq_bit__idelay_cntvaluein_skew__lane1__dq11__ctrl_3__dqs_vs_dq_bit__value_ps,abs_dqs_minus_dq_bit,idelay_cntvaluein_skew,lane1,dq11,3,dqs_vs_dq_bit,14,16,5.0,221.5,782.0,2.0,304.0,872.0,82.5,0.59375,fail_higher,0.59375,0.1875,overlap,0.0,1.403122
baseline_seed_31_60,direct,cntvaluein_bus_skew__idelay_data_cntvaluein__lane0__dq7__ctrl_none__dq7__value_ps,cntvaluein_bus_skew,idelay_data_cntvaluein,lane0,dq7,,dq7,14,16,199.0,697.5,1221.0,299.0,621.0,1017.0,-76.5,0.40625,fail_lower,0.59375,-0.1875,overlap,0.0,1.403122
baseline_seed_31_60,skew,abs_ld_minus_cntvaluein_dq_median__idelay_ld_cntvaluein_skew__lane1__no_bit__ctrl_0__ld_vs_cntvaluein_dq_lane__value_ps,abs_ld_minus_cntvaluein_dq_median,idelay_ld_cntvaluein_skew,lane1,,0,ld_vs_cntvaluein_dq_lane,14,16,27.5,125.25,571.5,68.5,188.25,631.5,63.0,0.59375,fail_higher,0.59375,0.1875,overlap,0.0,1.403122
baseline_seed_31_60,direct,direct_max__idelay_data_cntvaluein__lane1__dq12__ctrl_3__endpoint__value_ps,direct_max,idelay_data_cntvaluein,lane1,dq12,3,endpoint,14,16,1162.0,1468.5,1925.0,1162.0,1507.5,2032.0,39.0,0.59375,fail_higher,0.59375,0.1875,overlap,0.0,1.403122
baseline_seed_31_60,direct,cntvaluein_bus_skew__idelay_dqs_cntvaluein__lane0__dqs0__ctrl_none__dqs0__value_ps,cntvaluein_bus_skew,idelay_dqs_cntvaluein,lane0,dqs0,,dqs0,14,16,390.0,625.0,1188.0,147.0,795.0,1581.0,170.0,0.591518,fail_higher,0.591518,0.183036,overlap,0.0,1.369714
baseline_seed_31_60,direct,lane_spread__idelay_dqs_cntvaluein__lane0__no_bit__ctrl_none__lane__value_ps,lane_spread,idelay_dqs_cntvaluein,lane0,,,lane,14,16,390.0,625.0,1188.0,147.0,795.0,1581.0,170.0,0.591518,fail_higher,0.591518,0.183036,overlap,0.0,1.369714
baseline_seed_31_60,skew,signed_lane1_minus_lane0_dqs__idelay_cntvaluein_skew__all__no_bit__ctrl_0__lane1_vs_lane0_dqs__value_ps,signed_lane1_minus_lane0_dqs,idelay_cntvaluein_skew,all,,0,lane1_vs_lane0_dqs,14,16,-581.0,-276.5,95.0,-520.0,-265.5,109.0,11.0,0.591518,fail_higher,0.591518,0.183036,overlap,0.0,1.369714
baseline_seed_31_60,skew,abs_lane1_minus_lane0_dqs__idelay_cntvaluein_skew__all__no_bit__ctrl_0__lane1_vs_lane0_dqs__value_ps,abs_lane1_minus_lane0_dqs,idelay_cntvaluein_skew,all,,0,lane1_vs_lane0_dqs,14,16,18.0,276.5,581.0,31.0,265.5,520.0,-11.0,0.408482,fail_lower,0.591518,-0.183036,overlap,0.0,1.369714
baseline_seed_31_60,skew,signed_dqs_minus_dq_bit__idelay_cntvaluein_skew__lane0__dq3__ctrl_4__dqs_vs_dq_bit__value_ps,signed_dqs_minus_dq_bit,idelay_cntvaluein_skew,lane0,dq3,4,dqs_vs_dq_bit,14,16,-384.0,170.5,566.0,-960.0,-23.5,1091.0,-194.0,0.410714,fail_lower,0.589286,-0.178571,overlap,0.0,1.336306
baseline_seed_31_60,skew,signed_dqs_minus_dq_bit__idelay_cntvaluein_skew__lane1__dq15__ctrl_1__dqs_vs_dq_bit__value_ps,signed_dqs_minus_dq_bit,idelay_cntvaluein_skew,lane1,dq15,1,dqs_vs_dq_bit,14,16,-430.0,69.5,701.0,-329.0,219.0,847.0,149.5,0.589286,fail_higher,0.589286,0.178571,overlap,0.0,1.336306
baseline_seed_31_60,skew,abs_dqs_minus_dq_median__idelay_cntvaluein_skew__lane1__dqs1__ctrl_0__dqs_vs_dq_lane__value_ps,abs_dqs_minus_dq_median,idelay_cntvaluein_skew,lane1,dqs1,0,dqs_vs_dq_lane,14,16,4.0,319.25,611.5,61.5,204.75,780.5,-114.5,0.410714,fail_lower,0.589286,-0.178571,overlap,0.0,1.336306
baseline_seed_31_60,skew,abs_ld_minus_cntvaluein_dqs__idelay_ld_cntvaluein_skew__lane1__dqs1__ctrl_2__ld_vs_cntvaluein_dqs__value_ps,abs_ld_minus_cntvaluein_dqs,idelay_ld_cntvaluein_skew,lane1,dqs1,2,ld_vs_cntvaluein_dqs,14,16,38.0,190.0,1257.0,8.0,292.0,833.0,102.0,0.589286,fail_higher,0.589286,0.178571,overlap,0.0,1.336306
baseline_seed_31_60,skew,abs_dqs_minus_dq_bit__idelay_cntvaluein_skew__lane0__dq4__ctrl_3__dqs_vs_dq_bit__value_ps,abs_dqs_minus_dq_bit,idelay_cntvaluein_skew,lane0,dq4,3,dqs_vs_dq_bit,14,16,31.0,371.5,1005.0,24.0,278.5,1086.0,-93.0,0.410714,fail_lower,0.589286,-0.178571,overlap,0.0,1.336306
baseline_seed_31_60,skew,abs_dqs_bus_skew_minus_dq_median__idelay_cntvaluein_skew__lane1__dqs1__ctrl_none__dqs_vs_dq_bus_skew__value_ps,abs_dqs_bus_skew_minus_dq_median,idelay_cntvaluein_skew,lane1,dqs1,,dqs_vs_dq_bus_skew,14,16,6.5,179.0,520.0,7.0,86.5,901.0,-92.5,0.410714,fail_lower,0.589286,-0.178571,overlap,0.0,1.336306
baseline_seed_31_60,direct,direct_max__idelay_data_cntvaluein__lane1__dq8__ctrl_1__endpoint__value_ps,direct_max,idelay_data_cntvaluein,lane1,dq8,1,endpoint,14,16,1098.0,1411.5,2045.0,888.0,1475.0,2072.0,63.5,0.589286,fail_higher,0.589286,0.178571,overlap,0.0,1.336306
baseline_seed_31_60,direct,direct_max__dq_iologic__lane0__dq5__ctrl_none__endpoint__value_ps,direct_max,dq_iologic,lane0,dq5,,endpoint,14,16,1802.0,2272.5,3282.0,1782.0,2335.5,3668.0,63.0,0.589286,fail_higher,0.589286,0.178571,overlap,0.0,1.336306
baseline_seed_31_60,direct,direct_max__idelay_ld__lane1__dqs1__ctrl_none__endpoint__value_ps,direct_max,idelay_ld,lane1,dqs1,,endpoint,14,16,1105.0,1444.5,1871.0,1340.0,1466.5,1804.0,22.0,0.589286,fail_higher,0.589286,0.178571,overlap,0.0,1.336306
baseline_seed_31_60,skew,abs_dqs_minus_dq_bit__idelay_cntvaluein_skew__lane0__dq6__ctrl_3__dqs_vs_dq_bit__value_ps,abs_dqs_minus_dq_bit,idelay_cntvaluein_skew,lane0,dq6,3,dqs_vs_dq_bit,14,16,29.0,385.5,965.0,15.0,395.5,850.0,10.0,0.410714,fail_lower,0.589286,-0.178571,overlap,0.0,1.336306
baseline_seed_31_60,skew,abs_dqs_minus_dq_bit__idelay_cntvaluein_skew__lane1__dq8__ctrl_2__dqs_vs_dq_bit__value_ps,abs_dqs_minus_dq_bit,idelay_cntvaluein_skew,lane1,dq8,2,dqs_vs_dq_bit,14,16,20.0,398.5,1308.0,50.0,325.5,607.0,-73.0,0.412946,fail_lower,0.587054,-0.174107,overlap,0.0,1.302899
baseline_seed_31_60,skew,signed_ld_minus_cntvaluein_dqs__idelay_ld_cntvaluein_skew__lane1__dqs1__ctrl_3__ld_vs_cntvaluein_dqs__value_ps,signed_ld_minus_cntvaluein_dqs,idelay_ld_cntvaluein_skew,lane1,dqs1,3,ld_vs_cntvaluein_dqs,14,16,-372.0,-38.5,1344.0,-650.0,115.0,846.0,153.5,0.584821,fail_higher,0.584821,0.169643,overlap,0.0,1.269491
baseline_seed_31_60,direct,direct_max__idelay_data_cntvaluein__lane0__dq3__ctrl_3__endpoint__value_ps,direct_max,idelay_data_cntvaluein,lane0,dq3,3,endpoint,14,16,1070.0,1534.0,2107.0,1228.0,1644.0,2176.0,110.0,0.584821,fail_higher,0.584821,0.169643,overlap,0.0,1.269491
baseline_seed_31_60,skew,abs_dqs_minus_dq_bit__idelay_cntvaluein_skew__lane1__dq9__ctrl_2__dqs_vs_dq_bit__value_ps,abs_dqs_minus_dq_bit,idelay_cntvaluein_skew,lane1,dq9,2,dqs_vs_dq_bit,14,16,11.0,206.5,706.0,31.0,289.5,684.0,83.0,0.584821,fail_higher,0.584821,0.169643,overlap,0.0,1.269491
baseline_seed_31_60,direct,direct_max__idelay_data_cntvaluein__lane0__dq3__ctrl_2__endpoint__value_ps,direct_max,idelay_data_cntvaluein,lane0,dq3,2,endpoint,14,16,1105.0,1674.0,2107.0,1208.0,1591.5,2296.0,-82.5,0.415179,fail_lower,0.584821,-0.169643,overlap,0.0,1.269491
baseline_seed_31_60,skew,abs_dqs_minus_dq_median__idelay_cntvaluein_skew__lane0__dqs0__ctrl_3__dqs_vs_dq_lane__value_ps,abs_dqs_minus_dq_median,idelay_cntvaluein_skew,lane0,dqs0,3,dqs_vs_dq_lane,14,16,81.5,363.75,1003.0,18.0,318.5,991.5,-45.25,0.415179,fail_lower,0.584821,-0.169643,overlap,0.0,1.269491
baseline_seed_31_60,direct,control_fanout_spread__idelay_data_cntvaluein__lane1__no_bit__ctrl_1__lane_control_bit__value_ps,control_fanout_spread,idelay_data_cntvaluein,lane1,,1,lane_control_bit,14,16,91.0,414.0,764.0,261.0,459.0,644.0,45.0,0.584821,fail_higher,0.584821,0.169643,overlap,0.0,1.269491
baseline_seed_31_60,skew,dq_lane_range__idelay_cntvaluein_skew__lane1__no_bit__ctrl_1__dq_lane__value_ps,dq_lane_range,idelay_cntvaluein_skew,lane1,,1,dq_lane,14,16,91.0,414.0,764.0,261.0,459.0,644.0,45.0,0.584821,fail_higher,0.584821,0.169643,overlap,0.0,1.269491
baseline_seed_31_60,skew,abs_dqs_minus_dq_bit__idelay_cntvaluein_skew__lane1__dq12__ctrl_1__dqs_vs_dq_bit__value_ps,abs_dqs_minus_dq_bit,idelay_cntvaluein_skew,lane1,dq12,1,dqs_vs_dq_bit,14,16,13.0,140.0,836.0,13.0,366.0,742.0,226.0,0.582589,fail_higher,0.582589,0.165179,overlap,0.0,1.236083
baseline_seed_31_60,skew,signed_dqs_minus_dq_bit__idelay_cntvaluein_skew__lane1__dq9__ctrl_1__dqs_vs_dq_bit__value_ps,signed_dqs_minus_dq_bit,idelay_cntvaluein_skew,lane1,dq9,1,dqs_vs_dq_bit,14,16,-520.0,1.0,681.0,-520.0,132.5,756.0,131.5,0.582589,fail_higher,0.582589,0.165179,overlap,0.0,1.236083
baseline_seed_31_60,direct,direct_max__idelay_data_cntvaluein__lane0__dq3__ctrl_0__endpoint__value_ps,direct_max,idelay_data_cntvaluein,lane0,dq3,0,endpoint,14,16,1172.0,1506.0,1940.0,1042.0,1613.5,2125.0,107.5,0.582589,fail_higher,0.582589,0.165179,overlap,0.0,1.236083
baseline_seed_31_60,direct,cntvaluein_bus_skew__idelay_data_cntvaluein__lane0__dq0__ctrl_none__dq0__value_ps,cntvaluein_bus_skew,idelay_data_cntvaluein,lane0,dq0,,dq0,14,16,414.0,674.5,1219.0,77.0,627.5,990.0,-47.0,0.417411,fail_lower,0.582589,-0.165179,overlap,0.0,1.236083
baseline_seed_31_60,direct,direct_max__idelay_data_cntvaluein__lane1__dq13__ctrl_3__endpoint__value_ps,direct_max,idelay_data_cntvaluein,lane1,dq13,3,endpoint,14,16,1004.0,1461.0,1824.0,1070.0,1317.0,2029.0,-144.0,0.419643,fail_lower,0.580357,-0.160714,overlap,0.0,1.202676
baseline_seed_31_60,direct,direct_max__idelay_data_cntvaluein__lane1__dq9__ctrl_2__endpoint__value_ps,direct_max,idelay_data_cntvaluein,lane1,dq9,2,endpoint,14,16,907.0,1259.5,1745.0,763.0,1382.0,2263.0,122.5,0.580357,fail_higher,0.580357,0.160714,overlap,0.0,1.202676
baseline_seed_31_60,skew,abs_dqs_minus_dq_bit__idelay_cntvaluein_skew__lane0__dq0__ctrl_1__dqs_vs_dq_bit__value_ps,abs_dqs_minus_dq_bit,idelay_cntvaluein_skew,lane0,dq0,1,dqs_vs_dq_bit,14,16,20.0,400.0,907.0,28.0,520.5,794.0,120.5,0.580357,fail_higher,0.580357,0.160714,overlap,0.0,1.202676
baseline_seed_31_60,skew,abs_dqs_minus_dq_median__iologic_skew__lane0__dqs0__ctrl_none__dqs_vs_dq_lane__value_ps,abs_dqs_minus_dq_median,iologic_skew,lane0,dqs0,,dqs_vs_dq_lane,14,16,188.0,973.0,1632.0,117.5,1080.25,1547.0,107.25,0.580357,fail_higher,0.580357,0.160714,overlap,0.0,1.202676
baseline_seed_31_60,skew,signed_lane1_minus_lane0_dq_median__idelay_cntvaluein_skew__all__no_bit__ctrl_1__lane1_vs_lane0_dq__value_ps,signed_lane1_minus_lane0_dq_median,idelay_cntvaluein_skew,all,,1,lane1_vs_lane0_dq,14,16,-629.0,-265.5,-92.5,-589.0,-370.75,-12.5,-105.25,0.421875,fail_lower,0.578125,-0.15625,overlap,0.0,1.169268
baseline_seed_31_60,skew,abs_lane1_minus_lane0_dq_median__idelay_cntvaluein_skew__all__no_bit__ctrl_1__lane1_vs_lane0_dq__value_ps,abs_lane1_minus_lane0_dq_median,idelay_cntvaluein_skew,all,,1,lane1_vs_lane0_dq,14,16,92.5,265.5,629.0,12.5,370.75,589.0,105.25,0.578125,fail_higher,0.578125,0.15625,overlap,0.0,1.169268
baseline_seed_31_60,direct,direct_max__dqs_iologic__lane1__dqs1__ctrl_none__endpoint__value_ps,direct_max,dqs_iologic,lane1,dqs1,,endpoint,14,16,2339.0,2850.0,3269.0,2522.0,2862.5,4232.0,12.5,0.578125,fail_higher,0.578125,0.15625,overlap,0.0,1.169268
baseline_seed_31_60,direct,lane_spread__dqs_iologic__lane1__no_bit__ctrl_none__lane__value_ps,lane_spread,dqs_iologic,lane1,,,lane,14,16,2339.0,2850.0,3269.0,2522.0,2862.5,4232.0,12.5,0.578125,fail_higher,0.578125,0.15625,overlap,0.0,1.169268
baseline_seed_31_60,skew,signed_lane1_minus_lane0_dqs__idelay_cntvaluein_skew__all__no_bit__ctrl_3__lane1_vs_lane0_dqs__value_ps,signed_lane1_minus_lane0_dqs,idelay_cntvaluein_skew,all,,3,lane1_vs_lane0_dqs,14,16,-508.0,-275.0,110.0,-508.0,-287.5,38.0,-12.5,0.421875,fail_lower,0.578125,-0.15625,overlap,0.0,1.169268
baseline_seed_31_60,skew,abs_dqs_minus_dq_bit__idelay_cntvaluein_skew__lane1__dq15__ctrl_4__dqs_vs_dq_bit__value_ps,abs_dqs_minus_dq_bit,idelay_cntvaluein_skew,lane1,dq15,4,dqs_vs_dq_bit,14,16,20.0,202.5,679.0,4.0,199.0,785.0,-3.5,0.578125,fail_higher,0.578125,0.15625,overlap,0.0,1.169268
baseline_seed_31_60,skew,signed_dqs_minus_dq_bit__idelay_cntvaluein_skew__lane1__dq10__ctrl_4__dqs_vs_dq_bit__value_ps,signed_dqs_minus_dq_bit,idelay_cntvaluein_skew,lane1,dq10,4,dqs_vs_dq_bit,14,16,-639.0,0.5,261.0,-500.0,-161.0,635.0,-161.5,0.424107,fail_lower,0.575893,-0.151786,overlap,0.0,1.13586
baseline_seed_31_60,skew,signed_dqs_minus_dq_bit__idelay_cntvaluein_skew__lane1__dq15__ctrl_0__dqs_vs_dq_bit__value_ps,signed_dqs_minus_dq_bit,idelay_cntvaluein_skew,lane1,dq15,0,dqs_vs_dq_bit,14,16,-316.0,100.5,751.0,-527.0,-56.0,711.0,-156.5,0.424107,fail_lower,0.575893,-0.151786,overlap,0.0,1.13586
baseline_seed_31_60,skew,abs_dqs_minus_dq_median__idelay_cntvaluein_skew__lane0__dqs0__ctrl_1__dqs_vs_dq_lane__value_ps,abs_dqs_minus_dq_median,idelay_cntvaluein_skew,lane0,dqs0,1,dqs_vs_dq_lane,14,16,20.0,419.75,952.5,6.0,527.25,881.5,107.5,0.575893,fail_higher,0.575893,0.151786,overlap,0.0,1.13586
baseline_seed_31_60,skew,signed_dqs_minus_dq_bit__idelay_cntvaluein_skew__lane1__dq15__ctrl_3__dqs_vs_dq_bit__value_ps,signed_dqs_minus_dq_bit,idelay_cntvaluein_skew,lane1,dq15,3,dqs_vs_dq_bit,14,16,-601.0,286.5,638.0,-679.0,231.0,1174.0,-55.5,0.424107,fail_lower,0.575893,-0.151786,overlap,0.0,1.13586
baseline_seed_31_60,direct,direct_max__idelay_data_cntvaluein__lane0__dq4__ctrl_1__endpoint__value_ps,direct_max,idelay_data_cntvaluein,lane0,dq4,1,endpoint,14,16,1105.0,1690.0,2420.0,1222.0,1743.5,2278.0,53.5,0.575893,fail_higher,0.575893,0.151786,overlap,0.0,1.13586
baseline_seed_31_60,direct,direct_max__dq_iologic__lane0__dq4__ctrl_none__endpoint__value_ps,direct_max,dq_iologic,lane0,dq4,,endpoint,14,16,1838.0,2009.5,2967.0,1754.0,1997.0,3523.0,-12.5,0.424107,fail_lower,0.575893,-0.151786,overlap,0.0,1.13586
baseline_seed_31_60,skew,signed_dqs_minus_dq_bit__idelay_cntvaluein_skew__lane0__dq7__ctrl_3__dqs_vs_dq_bit__value_ps,signed_dqs_minus_dq_bit,idelay_cntvaluein_skew,lane0,dq7,3,dqs_vs_dq_bit,14,16,-1098.0,-38.0,627.0,-1179.0,-44.5,956.0,-6.5,0.575893,fail_higher,0.575893,0.151786,overlap,0.0,1.13586
baseline_seed_31_60,direct,direct_max__idelay_ld__lane0__dq1__ctrl_none__endpoint__value_ps,direct_max,idelay_ld,lane0,dq1,,endpoint,14,16,1215.0,1676.0,2319.0,1450.0,1751.0,2592.0,75.0,0.573661,fail_higher,0.573661,0.147321,overlap,0.0,1.102453
baseline_seed_31_60,skew,abs_dqs_minus_dq_bit__idelay_cntvaluein_skew__lane0__dq1__ctrl_0__dqs_vs_dq_bit__value_ps,abs_dqs_minus_dq_bit,idelay_cntvaluein_skew,lane0,dq1,0,dqs_vs_dq_bit,14,16,13.0,297.0,1016.0,51.0,354.5,929.0,57.5,0.573661,fail_higher,0.573661,0.147321,overlap,0.0,1.102453
baseline_seed_31_60,skew,abs_ld_minus_cntvaluein_dqs__idelay_ld_cntvaluein_skew__lane0__dqs0__ctrl_0__ld_vs_cntvaluein_dqs__value_ps,abs_ld_minus_cntvaluein_dqs,idelay_ld_cntvaluein_skew,lane0,dqs0,0,ld_vs_cntvaluein_dqs,14,16,3.0,566.5,891.0,12.0,356.0,1149.0,-210.5,0.428571,fail_lower,0.571429,-0.142857,overlap,0.0,1.069045
baseline_seed_31_60,skew,signed_dqs_minus_dq_bit__idelay_cntvaluein_skew__lane0__dq7__ctrl_1__dqs_vs_dq_bit__value_ps,signed_dqs_minus_dq_bit,idelay_cntvaluein_skew,lane0,dq7,1,dqs_vs_dq_bit,14,16,-1183.0,-360.5,365.0,-1020.0,-171.0,706.0,189.5,0.571429,fail_higher,0.571429,0.142857,overlap,0.0,1.069045
baseline_seed_31_60,direct,direct_max__idelay_data_cntvaluein__lane0__dq6__ctrl_3__endpoint__value_ps,direct_max,idelay_data_cntvaluein,lane0,dq6,3,endpoint,14,16,1126.0,1813.5,2191.0,1190.0,1675.5,2302.0,-138.0,0.428571,fail_lower,0.571429,-0.142857,overlap,0.0,1.069045
baseline_seed_31_60,direct,direct_max__idelay_data_cntvaluein__lane1__dq11__ctrl_0__endpoint__value_ps,direct_max,idelay_data_cntvaluein,lane1,dq11,0,endpoint,14,16,992.0,1348.5,1812.0,875.0,1470.0,1815.0,121.5,0.571429,fail_higher,0.571429,0.142857,overlap,0.0,1.069045
baseline_seed_31_60,direct,cntvaluein_bus_skew__idelay_data_cntvaluein__lane1__dq13__ctrl_none__dq13__value_ps,cntvaluein_bus_skew,idelay_data_cntvaluein,lane1,dq13,,dq13,14,16,260.0,499.0,765.0,251.0,390.5,717.0,-108.5,0.428571,fail_lower,0.571429,-0.142857,overlap,0.0,1.069045
baseline_seed_31_60,skew,abs_dqs_minus_dq_bit__idelay_cntvaluein_skew__lane1__dq13__ctrl_2__dqs_vs_dq_bit__value_ps,abs_dqs_minus_dq_bit,idelay_cntvaluein_skew,lane1,dq13,2,dqs_vs_dq_bit,14,16,39.0,150.5,1004.0,5.0,259.0,608.0,108.5,0.571429,fail_higher,0.571429,0.142857,overlap,0.0,1.069045
baseline_seed_31_60,direct,direct_max__dq_iologic__lane0__dq7__ctrl_none__endpoint__value_ps,direct_max,dq_iologic,lane0,dq7,,endpoint,14,16,2055.0,2540.5,3220.0,2134.0,2635.5,3694.0,95.0,0.571429,fail_higher,0.571429,0.142857,overlap,0.0,1.069045
baseline_seed_31_60,skew,abs_ld_minus_cntvaluein_dq_median__idelay_ld_cntvaluein_skew__lane1__no_bit__ctrl_1__ld_vs_cntvaluein_dq_lane__value_ps,abs_ld_minus_cntvaluein_dq_median,idelay_ld_cntvaluein_skew,lane1,,1,ld_vs_cntvaluein_dq_lane,14,16,5.5,174.75,472.0,19.0,238.75,569.0,64.0,0.571429,fail_higher,0.571429,0.142857,overlap,0.0,1.069045
baseline_seed_31_60,skew,signed_dqs_minus_dq_bit__idelay_cntvaluein_skew__lane0__dq6__ctrl_4__dqs_vs_dq_bit__value_ps,signed_dqs_minus_dq_bit,idelay_cntvaluein_skew,lane0,dq6,4,dqs_vs_dq_bit,14,16,-397.0,-66.5,288.0,-1020.0,-109.5,1125.0,-43.0,0.428571,fail_lower,0.571429,-0.142857,overlap,0.0,1.069045
baseline_seed_31_60,skew,abs_dqs_minus_dq_bit__idelay_cntvaluein_skew__lane1__dq10__ctrl_2__dqs_vs_dq_bit__value_ps,abs_dqs_minus_dq_bit,idelay_cntvaluein_skew,lane1,dq10,2,dqs_vs_dq_bit,14,16,5.0,286.0,1213.0,8.0,328.0,520.0,42.0,0.428571,fail_lower,0.571429,-0.142857,overlap,0.0,1.069045
baseline_seed_31_60,skew,abs_dqs_minus_dq_bit__idelay_cntvaluein_skew__lane1__dq11__ctrl_1__dqs_vs_dq_bit__value_ps,abs_dqs_minus_dq_bit,idelay_cntvaluein_skew,lane1,dq11,1,dqs_vs_dq_bit,14,16,23.0,176.0,752.0,48.0,239.0,630.0,63.0,0.569196,fail_higher,0.569196,0.138393,overlap,0.0,1.035637
baseline_seed_31_60,skew,abs_ld_minus_cntvaluein_dqs__idelay_ld_cntvaluein_skew__lane1__dqs1__ctrl_1__ld_vs_cntvaluein_dqs__value_ps,abs_ld_minus_cntvaluein_dqs,idelay_ld_cntvaluein_skew,lane1,dqs1,1,ld_vs_cntvaluein_dqs,14,16,38.0,228.0,1200.0,51.0,276.0,737.0,48.0,0.569196,fail_higher,0.569196,0.138393,overlap,0.0,1.035637
baseline_seed_31_60,direct,direct_max__idelay_data_cntvaluein__lane1__dq11__ctrl_3__endpoint__value_ps,direct_max,idelay_data_cntvaluein,lane1,dq11,3,endpoint,14,16,1001.0,1412.0,1792.0,1064.0,1369.5,1945.0,-42.5,0.430804,fail_lower,0.569196,-0.138393,overlap,0.0,1.035637
baseline_seed_31_60,skew,abs_lane1_minus_lane0_dqs__idelay_cntvaluein_skew__all__no_bit__ctrl_3__lane1_vs_lane0_dqs__value_ps,abs_lane1_minus_lane0_dqs,idelay_cntvaluein_skew,all,,3,lane1_vs_lane0_dqs,14,16,79.0,275.0,508.0,38.0,287.5,508.0,12.5,0.569196,fail_higher,0.569196,0.138393,overlap,0.0,1.035637
baseline_seed_31_60,skew,signed_dqs_minus_dq_bit__idelay_cntvaluein_skew__lane0__dq6__ctrl_1__dqs_vs_dq_bit__value_ps,signed_dqs_minus_dq_bit,idelay_cntvaluein_skew,lane0,dq6,1,dqs_vs_dq_bit,14,16,-814.0,-463.5,446.0,-1021.0,-172.0,880.0,291.5,0.566964,fail_higher,0.566964,0.133929,overlap,0.0,1.00223
baseline_seed_31_60,skew,signed_ld_minus_cntvaluein_dq_median__idelay_ld_cntvaluein_skew__lane1__no_bit__ctrl_0__ld_vs_cntvaluein_dq_lane__value_ps,signed_ld_minus_cntvaluein_dq_median,idelay_ld_cntvaluein_skew,lane1,,0,ld_vs_cntvaluein_dq_lane,14,16,-349.0,95.75,571.5,-277.0,-70.0,631.5,-165.75,0.433036,fail_lower,0.566964,-0.133929,overlap,0.0,1.00223
baseline_seed_31_60,skew,abs_dqs_minus_dq_bit__idelay_cntvaluein_skew__lane0__dq2__ctrl_1__dqs_vs_dq_bit__value_ps,abs_dqs_minus_dq_bit,idelay_cntvaluein_skew,lane0,dq2,1,dqs_vs_dq_bit,14,16,20.0,454.5,1091.0,53.0,569.0,928.0,114.5,0.566964,fail_higher,0.566964,0.133929,overlap,0.0,1.00223
baseline_seed_31_60,direct,direct_max__idelay_ld__lane0__dq0__ctrl_none__endpoint__value_ps,direct_max,idelay_ld,lane0,dq0,,endpoint,14,16,1297.0,1686.0,2180.0,1365.0,1740.5,2533.0,54.5,0.566964,fail_higher,0.566964,0.133929,overlap,0.0,1.00223
baseline_seed_31_60,skew,signed_dqs_minus_dq_bit__idelay_cntvaluein_skew__lane1__dq11__ctrl_3__dqs_vs_dq_bit__value_ps,signed_dqs_minus_dq_bit,idelay_cntvaluein_skew,lane1,dq11,3,dqs_vs_dq_bit,14,16,-782.0,119.5,347.0,-587.0,95.5,872.0,-24.0,0.566964,fail_higher,0.566964,0.133929,overlap,0.0,1.00223
baseline_seed_31_60,direct,control_fanout_spread__idelay_data_cntvaluein__lane1__no_bit__ctrl_0__lane_control_bit__value_ps,control_fanout_spread,idelay_data_cntvaluein,lane1,,0,lane_control_bit,14,16,238.0,373.5,598.0,148.0,380.0,541.0,6.5,0.433036,fail_lower,0.566964,-0.133929,overlap,0.0,1.00223
baseline_seed_31_60,skew,dq_lane_range__idelay_cntvaluein_skew__lane1__no_bit__ctrl_0__dq_lane__value_ps,dq_lane_range,idelay_cntvaluein_skew,lane1,,0,dq_lane,14,16,238.0,373.5,598.0,148.0,380.0,541.0,6.5,0.433036,fail_lower,0.566964,-0.133929,overlap,0.0,1.00223
baseline_seed_31_60,skew,abs_dqs_minus_dq_bit__idelay_cntvaluein_skew__lane1__dq8__ctrl_4__dqs_vs_dq_bit__value_ps,abs_dqs_minus_dq_bit,idelay_cntvaluein_skew,lane1,dq8,4,dqs_vs_dq_bit,14,16,30.0,102.0,813.0,0.0,291.5,638.0,189.5,0.5625,fail_higher,0.5625,0.125,overlap,0.0,0.935414
baseline_seed_31_60,skew,signed_dqs_minus_dq_bit__idelay_cntvaluein_skew__lane0__dq5__ctrl_4__dqs_vs_dq_bit__value_ps,signed_dqs_minus_dq_bit,idelay_cntvaluein_skew,lane0,dq5,4,dqs_vs_dq_bit,14,16,-410.0,82.5,559.0,-1047.0,-79.0,1002.0,-161.5,0.4375,fail_lower,0.5625,-0.125,overlap,0.0,0.935414
baseline_seed_31_60,direct,direct_max__idelay_data_cntvaluein__lane0__dq7__ctrl_3__endpoint__value_ps,direct_max,idelay_data_cntvaluein,lane0,dq7,3,endpoint,14,16,1268.0,1850.5,2395.0,1348.0,1716.5,2430.0,-134.0,0.4375,fail_lower,0.5625,-0.125,overlap,0.0,0.935414
baseline_seed_31_60,direct,cntvaluein_bus_skew__idelay_data_cntvaluein__lane1__dq12__ctrl_none__dq12__value_ps,cntvaluein_bus_skew,idelay_data_cntvaluein,lane1,dq12,,dq12,14,16,204.0,548.5,699.0,240.0,435.0,835.0,-113.5,0.4375,fail_lower,0.5625,-0.125,overlap,0.0,0.935414
baseline_seed_31_60,skew,signed_ld_minus_cntvaluein_dq_median__idelay_ld_cntvaluein_skew__lane0__no_bit__ctrl_3__ld_vs_cntvaluein_dq_lane__value_ps,signed_ld_minus_cntvaluein_dq_median,idelay_ld_cntvaluein_skew,lane0,,3,ld_vs_cntvaluein_dq_lane,14,16,-1049.5,-24.25,595.0,-677.5,70.0,633.5,94.25,0.5625,fail_higher,0.5625,0.125,overlap,0.0,0.935414
baseline_seed_31_60,direct,direct_max__idelay_data_cntvaluein__lane0__dq5__ctrl_3__endpoint__value_ps,direct_max,idelay_data_cntvaluein,lane0,dq5,3,endpoint,14,16,990.0,1558.0,1962.0,1291.0,1632.0,2079.0,74.0,0.5625,fail_higher,0.5625,0.125,overlap,0.0,0.935414
baseline_seed_31_60,direct,direct_max__idelay_ld__lane1__dq8__ctrl_none__endpoint__value_ps,direct_max,idelay_ld,lane1,dq8,,endpoint,14,16,1093.0,1554.0,1932.0,1243.0,1600.5,1935.0,46.5,0.5625,fail_higher,0.5625,0.125,overlap,0.0,0.935414
baseline_seed_31_60,skew,abs_ld_minus_cntvaluein_dqs__idelay_ld_cntvaluein_skew__lane0__dqs0__ctrl_4__ld_vs_cntvaluein_dqs__value_ps,abs_ld_minus_cntvaluein_dqs,idelay_ld_cntvaluein_skew,lane0,dqs0,4,ld_vs_cntvaluein_dqs,14,16,2.0,251.5,761.0,7.0,291.0,1171.0,39.5,0.5625,fail_higher,0.5625,0.125,overlap,0.0,0.935414
baseline_seed_31_60,skew,abs_lane1_minus_lane0_dq_median__idelay_cntvaluein_skew__all__no_bit__ctrl_3__lane1_vs_lane0_dq__value_ps,abs_lane1_minus_lane0_dq_median,idelay_cntvaluein_skew,all,,3,lane1_vs_lane0_dq,14,16,48.5,336.5,630.5,34.0,299.25,615.5,-37.25,0.4375,fail_lower,0.5625,-0.125,overlap,0.0,0.935414
baseline_seed_31_60,direct,direct_max__idelay_data_cntvaluein__lane1__dq11__ctrl_1__endpoint__value_ps,direct_max,idelay_data_cntvaluein,lane1,dq11,1,endpoint,14,16,1009.0,1343.5,1825.0,980.0,1376.0,1746.0,32.5,0.5625,fail_higher,0.5625,0.125,overlap,0.0,0.935414
baseline_seed_31_60,direct,direct_max__idelay_ld__lane0__dq7__ctrl_none__endpoint__value_ps,direct_max,idelay_ld,lane0,dq7,,endpoint,14,16,1208.0,1713.0,2276.0,1498.0,1734.0,2500.0,21.0,0.5625,fail_higher,0.5625,0.125,overlap,0.0,0.935414
baseline_seed_31_60,skew,signed_dqs_minus_dq_bit__idelay_cntvaluein_skew__lane1__dq9__ctrl_0__dqs_vs_dq_bit__value_ps,signed_dqs_minus_dq_bit,idelay_cntvaluein_skew,lane1,dq9,0,dqs_vs_dq_bit,14,16,-405.0,-31.5,746.0,-534.0,-52.5,716.0,-21.0,0.4375,fail_lower,0.5625,-0.125,overlap,0.0,0.935414
baseline_seed_31_60,skew,abs_ld_minus_cntvaluein_dqs__idelay_ld_cntvaluein_skew__lane0__dqs0__ctrl_2__ld_vs_cntvaluein_dqs__value_ps,abs_ld_minus_cntvaluein_dqs,idelay_ld_cntvaluein_skew,lane0,dqs0,2,ld_vs_cntvaluein_dqs,14,16,10.0,406.0,903.0,33.0,394.0,973.0,-12.0,0.5625,fail_higher,0.5625,0.125,overlap,0.0,0.935414
baseline_seed_31_60,direct,cntvaluein_bus_skew__idelay_data_cntvaluein__lane0__dq4__ctrl_none__dq4__value_ps,cntvaluein_bus_skew,idelay_data_cntvaluein,lane0,dq4,,dq4,14,16,238.0,702.0,998.0,242.0,611.0,1026.0,-91.0,0.439732,fail_lower,0.560268,-0.120536,overlap,0.0,0.902007
baseline_seed_31_60,skew,abs_dqs_minus_dq_bit__idelay_cntvaluein_skew__lane1__dq9__ctrl_3__dqs_vs_dq_bit__value_ps,abs_dqs_minus_dq_bit,idelay_cntvaluein_skew,lane1,dq9,3,dqs_vs_dq_bit,14,16,11.0,177.0,525.0,0.0,221.5,1089.0,44.5,0.560268,fail_higher,0.560268,0.120536,overlap,0.0,0.902007
baseline_seed_31_60,direct,direct_max__idelay_data_cntvaluein__lane0__dq4__ctrl_0__endpoint__value_ps,direct_max,idelay_data_cntvaluein,lane0,dq4,0,endpoint,14,16,1458.0,1755.0,2236.0,1121.0,1713.5,2404.0,-41.5,0.560268,fail_higher,0.560268,0.120536,overlap,0.0,0.902007
baseline_seed_31_60,direct,direct_max__idelay_data_cntvaluein__lane0__dq0__ctrl_1__endpoint__value_ps,direct_max,idelay_data_cntvaluein,lane0,dq0,1,endpoint,14,16,1001.0,1577.5,2237.0,1138.0,1612.0,2095.0,34.5,0.560268,fail_higher,0.560268,0.120536,overlap,0.0,0.902007
baseline_seed_31_60,skew,abs_dqs_minus_dq_median__iologic_skew__lane1__dqs1__ctrl_none__dqs_vs_dq_lane__value_ps,abs_dqs_minus_dq_median,iologic_skew,lane1,dqs1,,dqs_vs_dq_lane,14,16,52.5,234.0,795.5,28.0,267.5,838.5,33.5,0.560268,fail_higher,0.560268,0.120536,overlap,0.0,0.902007
baseline_seed_31_60,direct,control_fanout_spread__idelay_data_cntvaluein__lane0__no_bit__ctrl_0__lane_control_bit__value_ps,control_fanout_spread,idelay_data_cntvaluein,lane0,,0,lane_control_bit,14,16,176.0,347.5,802.0,179.0,330.0,614.0,-17.5,0.439732,fail_lower,0.560268,-0.120536,overlap,0.0,0.902007
baseline_seed_31_60,skew,dq_lane_range__idelay_cntvaluein_skew__lane0__no_bit__ctrl_0__dq_lane__value_ps,dq_lane_range,idelay_cntvaluein_skew,lane0,,0,dq_lane,14,16,176.0,347.5,802.0,179.0,330.0,614.0,-17.5,0.439732,fail_lower,0.560268,-0.120536,overlap,0.0,0.902007
baseline_seed_31_60,skew,signed_dqs_minus_dq_bit__idelay_cntvaluein_skew__lane0__dq1__ctrl_1__dqs_vs_dq_bit__value_ps,signed_dqs_minus_dq_bit,idelay_cntvaluein_skew,lane0,dq1,1,dqs_vs_dq_bit,14,16,-998.0,-365.5,549.0,-836.0,-57.0,794.0,308.5,0.558036,fail_higher,0.558036,0.116071,overlap,0.0,0.868599
baseline_seed_31_60,skew,abs_dqs_minus_dq_bit__idelay_cntvaluein_skew__lane0__dq5__ctrl_4__dqs_vs_dq_bit__value_ps,abs_dqs_minus_dq_bit,idelay_cntvaluein_skew,lane0,dq5,4,dqs_vs_dq_bit,14,16,23.0,183.5,559.0,48.0,293.5,1047.0,110.0,0.558036,fail_higher,0.558036,0.116071,overlap,0.0,0.868599
baseline_seed_31_60,skew,signed_dqs_minus_dq_bit__idelay_cntvaluein_skew__lane1__dq13__ctrl_3__dqs_vs_dq_bit__value_ps,signed_dqs_minus_dq_bit,idelay_cntvaluein_skew,lane1,dq13,3,dqs_vs_dq_bit,14,16,-770.0,28.0,447.0,-536.0,102.0,788.0,74.0,0.558036,fail_higher,0.558036,0.116071,overlap,0.0,0.868599
baseline_seed_31_60,direct,direct_max__idelay_data_cntvaluein__lane1__dq9__ctrl_3__endpoint__value_ps,direct_max,idelay_data_cntvaluein,lane1,dq9,3,endpoint,14,16,865.0,1268.5,1577.0,759.0,1195.0,1891.0,-73.5,0.441964,fail_lower,0.558036,-0.116071,overlap,0.0,0.868599
baseline_seed_31_60,skew,abs_dqs_minus_dq_median__idelay_cntvaluein_skew__lane0__dqs0__ctrl_0__dqs_vs_dq_lane__value_ps,abs_dqs_minus_dq_median,idelay_cntvaluein_skew,lane0,dqs0,0,dqs_vs_dq_lane,14,16,10.0,267.0,822.0,95.5,312.25,855.5,45.25,0.558036,fail_higher,0.558036,0.116071,overlap,0.0,0.868599
baseline_seed_31_60,skew,abs_dqs_minus_dq_bit__idelay_cntvaluein_skew__lane1__dq15__ctrl_1__dqs_vs_dq_bit__value_ps,abs_dqs_minus_dq_bit,idelay_cntvaluein_skew,lane1,dq15,1,dqs_vs_dq_bit,14,16,33.0,233.5,701.0,33.0,249.0,847.0,15.5,0.558036,fail_higher,0.558036,0.116071,overlap,0.0,0.868599
baseline_seed_31_60,direct,direct_max__idelay_data_cntvaluein__lane0__dq1__ctrl_1__endpoint__value_ps,direct_max,idelay_data_cntvaluein,lane0,dq1,1,endpoint,14,16,1179.0,1642.5,2328.0,1138.0,1653.5,2187.0,11.0,0.558036,fail_higher,0.558036,0.116071,overlap,0.0,0.868599
baseline_seed_31_60,direct,direct_max__idelay_data_cntvaluein__lane1__dq14__ctrl_0__endpoint__value_ps,direct_max,idelay_data_cntvaluein,lane1,dq14,0,endpoint,14,16,1177.0,1423.5,1741.0,902.0,1535.0,1945.0,111.5,0.555804,fail_higher,0.555804,0.111607,overlap,0.0,0.835191
baseline_seed_31_60,direct,direct_max__dq_iologic__lane1__dq14__ctrl_none__endpoint__value_ps,direct_max,dq_iologic,lane1,dq14,,endpoint,14,16,2115.0,2474.5,3121.0,1965.0,2543.0,4017.0,68.5,0.555804,fail_higher,0.555804,0.111607,overlap,0.0,0.835191
baseline_seed_31_60,direct,direct_max__idelay_data_cntvaluein__lane0__dq5__ctrl_4__endpoint__value_ps,direct_max,idelay_data_cntvaluein,lane0,dq5,4,endpoint,14,16,1115.0,1544.0,2141.0,996.0,1511.0,1902.0,-33.0,0.444196,fail_lower,0.555804,-0.111607,overlap,0.0,0.835191
baseline_seed_31_60,skew,abs_dqs_minus_dq_bit__idelay_cntvaluein_skew__lane1__dq9__ctrl_1__dqs_vs_dq_bit__value_ps,abs_dqs_minus_dq_bit,idelay_cntvaluein_skew,lane1,dq9,1,dqs_vs_dq_bit,14,16,31.0,249.5,681.0,13.0,233.5,756.0,-16.0,0.555804,fail_higher,0.555804,0.111607,overlap,0.0,0.835191
baseline_seed_31_60,direct,direct_max__idelay_dqs_cntvaluein__lane0__dqs0__ctrl_2__endpoint__value_ps,direct_max,idelay_dqs_cntvaluein,lane0,dqs0,2,endpoint,14,16,1054.0,1461.0,2204.0,975.0,1683.0,2421.0,222.0,0.553571,fail_higher,0.553571,0.107143,overlap,0.0,0.801784
baseline_seed_31_60,skew,signed_dqs_minus_dq_median__idelay_cntvaluein_skew__lane1__dqs1__ctrl_4__dqs_vs_dq_lane__value_ps,signed_dqs_minus_dq_median,idelay_cntvaluein_skew,lane1,dqs1,4,dqs_vs_dq_lane,14,16,-684.5,-21.25,356.0,-635.5,-113.25,607.5,-92.0,0.446429,fail_lower,0.553571,-0.107143,overlap,0.0,0.801784
baseline_seed_31_60,skew,signed_ld_minus_cntvaluein_dq_median__idelay_ld_cntvaluein_skew__lane0__no_bit__ctrl_1__ld_vs_cntvaluein_dq_lane__value_ps,signed_ld_minus_cntvaluein_dq_median,idelay_ld_cntvaluein_skew,lane0,,1,ld_vs_cntvaluein_dq_lane,14,16,-550.0,-64.25,614.0,-498.5,14.25,889.0,78.5,0.553571,fail_higher,0.553571,0.107143,overlap,0.0,0.801784
baseline_seed_31_60,skew,abs_dqs_minus_dq_bit__idelay_cntvaluein_skew__lane0__dq2__ctrl_3__dqs_vs_dq_bit__value_ps,abs_dqs_minus_dq_bit,idelay_cntvaluein_skew,lane0,dq2,3,dqs_vs_dq_bit,14,16,23.0,387.5,1090.0,28.0,326.0,1089.0,-61.5,0.446429,fail_lower,0.553571,-0.107143,overlap,0.0,0.801784
baseline_seed_31_60,direct,direct_max__idelay_data_cntvaluein__lane1__dq9__ctrl_0__endpoint__value_ps,direct_max,idelay_data_cntvaluein,lane1,dq9,0,endpoint,14,16,773.0,1310.5,1866.0,736.0,1271.5,1608.0,-39.0,0.446429,fail_lower,0.553571,-0.107143,overlap,0.0,0.801784
baseline_seed_31_60,direct,direct_max__idelay_dqs_cntvaluein__lane1__dqs1__ctrl_0__endpoint__value_ps,direct_max,idelay_dqs_cntvaluein,lane1,dqs1,0,endpoint,14,16,883.0,1264.5,2065.0,661.0,1231.5,2105.0,-33.0,0.446429,fail_lower,0.553571,-0.107143,overlap,0.0,0.801784
baseline_seed_31_60,skew,signed_ld_minus_cntvaluein_dq_median__idelay_ld_cntvaluein_skew__lane1__no_bit__ctrl_3__ld_vs_cntvaluein_dq_lane__value_ps,signed_ld_minus_cntvaluein_dq_median,idelay_ld_cntvaluein_skew,lane1,,3,ld_vs_cntvaluein_dq_lane,14,16,-515.0,154.5,416.0,-575.5,159.75,353.5,5.25,0.446429,fail_lower,0.553571,-0.107143,overlap,0.0,0.801784
baseline_seed_31_60,skew,signed_dqs_minus_dq_bit__idelay_cntvaluein_skew__lane1__dq15__ctrl_2__dqs_vs_dq_bit__value_ps,signed_dqs_minus_dq_bit,idelay_cntvaluein_skew,lane1,dq15,2,dqs_vs_dq_bit,14,16,-608.0,116.0,790.0,-600.0,120.5,592.0,4.5,0.553571,fail_higher,0.553571,0.107143,overlap,0.0,0.801784
baseline_seed_31_60,direct,direct_max__idelay_data_cntvaluein__lane0__dq2__ctrl_3__endpoint__value_ps,direct_max,idelay_data_cntvaluein,lane0,dq2,3,endpoint,14,16,1185.0,1787.5,2371.0,1258.0,1681.0,2339.0,-106.5,0.448661,fail_lower,0.551339,-0.102679,overlap,0.0,0.768376
baseline_seed_31_60,skew,abs_dqs_minus_dq_bit__idelay_cntvaluein_skew__lane0__dq2__ctrl_0__dqs_vs_dq_bit__value_ps,abs_dqs_minus_dq_bit,idelay_cntvaluein_skew,lane0,dq2,0,dqs_vs_dq_bit,14,16,76.0,299.5,806.0,29.0,361.5,901.0,62.0,0.551339,fail_higher,0.551339,0.102679,overlap,0.0,0.768376
baseline_seed_31_60,direct,direct_max__idelay_dqs_cntvaluein__lane1__dqs1__ctrl_2__endpoint__value_ps,direct_max,idelay_dqs_cntvaluein,lane1,dqs1,2,endpoint,14,16,614.0,1393.5,1886.0,697.0,1452.5,2173.0,59.0,0.551339,fail_higher,0.551339,0.102679,overlap,0.0,0.768376
baseline_seed_31_60,direct,lane_spread__idelayctrl__all__no_bit__ctrl_none__lane__value_ps,lane_spread,idelayctrl,all,,,lane,14,16,702.0,1640.0,1958.0,993.0,1618.5,2739.0,-21.5,0.448661,fail_lower,0.551339,-0.102679,overlap,0.0,0.768376
baseline_seed_31_60,skew,signed_dqs_minus_dq_median__idelay_cntvaluein_skew__lane0__dqs0__ctrl_1__dqs_vs_dq_lane__value_ps,signed_dqs_minus_dq_median,idelay_cntvaluein_skew,lane0,dqs0,1,dqs_vs_dq_lane,14,16,-952.5,-414.75,503.5,-881.5,-90.5,770.5,324.25,0.549107,fail_higher,0.549107,0.098214,overlap,0.0,0.734968
baseline_seed_31_60,skew,signed_dqs_minus_dq_bit__idelay_cntvaluein_skew__lane0__dq0__ctrl_1__dqs_vs_dq_bit__value_ps,signed_dqs_minus_dq_bit,idelay_cntvaluein_skew,lane0,dq0,1,dqs_vs_dq_bit,14,16,-907.0,-304.5,634.0,-744.0,-102.5,794.0,202.0,0.549107,fail_higher,0.549107,0.098214,overlap,0.0,0.734968
baseline_seed_31_60,skew,signed_dqs_minus_dq_bit__idelay_cntvaluein_skew__lane1__dq12__ctrl_3__dqs_vs_dq_bit__value_ps,signed_dqs_minus_dq_bit,idelay_cntvaluein_skew,lane1,dq12,3,dqs_vs_dq_bit,14,16,-920.0,97.0,402.0,-750.0,-40.0,811.0,-137.0,0.450893,fail_lower,0.549107,-0.098214,overlap,0.0,0.734968
baseline_seed_31_60,skew,abs_dqs_minus_dq_bit__idelay_cntvaluein_skew__lane0__dq4__ctrl_1__dqs_vs_dq_bit__value_ps,abs_dqs_minus_dq_bit,idelay_cntvaluein_skew,lane0,dq4,1,dqs_vs_dq_bit,14,16,36.0,467.5,1090.0,26.0,567.5,927.0,100.0,0.549107,fail_higher,0.549107,0.098214,overlap,0.0,0.734968
baseline_seed_31_60,direct,direct_max__idelay_dqs_cntvaluein__lane0__dqs0__ctrl_3__endpoint__value_ps,direct_max,idelay_dqs_cntvaluein,lane0,dqs0,3,endpoint,14,16,804.0,1666.5,2420.0,922.0,1763.5,2888.0,97.0,0.549107,fail_higher,0.549107,0.098214,overlap,0.0,0.734968
baseline_seed_31_60,direct,direct_max__idelay_data_cntvaluein__lane1__dq10__ctrl_4__endpoint__value_ps,direct_max,idelay_data_cntvaluein,lane1,dq10,4,endpoint,14,16,930.0,1270.5,1922.0,823.0,1350.5,1804.0,80.0,0.549107,fail_higher,0.549107,0.098214,overlap,0.0,0.734968
baseline_seed_31_60,skew,abs_dqs_minus_dq_bit__idelay_cntvaluein_skew__lane1__dq12__ctrl_2__dqs_vs_dq_bit__value_ps,abs_dqs_minus_dq_bit,idelay_cntvaluein_skew,lane1,dq12,2,dqs_vs_dq_bit,14,16,33.0,303.0,1126.0,88.0,249.0,492.0,-54.0,0.450893,fail_lower,0.549107,-0.098214,overlap,0.0,0.734968
baseline_seed_31_60,skew,signed_dqs_minus_dq_bit__idelay_cntvaluein_skew__lane0__dq2__ctrl_3__dqs_vs_dq_bit__value_ps,signed_dqs_minus_dq_bit,idelay_cntvaluein_skew,lane0,dq2,3,dqs_vs_dq_bit,14,16,-1090.0,50.0,719.0,-1089.0,1.5,943.0,-48.5,0.549107,fail_higher,0.549107,0.098214,overlap,0.0,0.734968
baseline_seed_31_60,skew,signed_lane1_minus_lane0_dq_median__idelay_cntvaluein_skew__all__no_bit__ctrl_3__lane1_vs_lane0_dq__value_ps,signed_lane1_minus_lane0_dq_median,idelay_cntvaluein_skew,all,,3,lane1_vs_lane0_dq,14,16,-630.5,-336.5,154.0,-615.5,-299.25,36.5,37.25,0.549107,fail_higher,0.549107,0.098214,overlap,0.0,0.734968
baseline_seed_31_60,direct,direct_max__idelay_data_cntvaluein__lane1__dq11__ctrl_4__endpoint__value_ps,direct_max,idelay_data_cntvaluein,lane1,dq11,4,endpoint,14,16,966.0,1353.0,1853.0,776.0,1324.5,1794.0,-28.5,0.450893,fail_lower,0.549107,-0.098214,overlap,0.0,0.734968
baseline_seed_31_60,direct,direct_max__idelay_data_cntvaluein__lane1__dq8__ctrl_4__endpoint__value_ps,direct_max,idelay_data_cntvaluein,lane1,dq8,4,endpoint,14,16,1039.0,1484.0,2186.0,991.0,1456.0,1786.0,-28.0,0.450893,fail_lower,0.549107,-0.098214,overlap,0.0,0.734968
baseline_seed_31_60,skew,abs_dqs_minus_dq_bit__idelay_cntvaluein_skew__lane0__dq0__ctrl_0__dqs_vs_dq_bit__value_ps,abs_dqs_minus_dq_bit,idelay_cntvaluein_skew,lane0,dq0,0,dqs_vs_dq_bit,14,16,0.0,294.0,842.0,36.0,319.5,787.0,25.5,0.549107,fail_higher,0.549107,0.098214,overlap,0.0,0.734968
baseline_seed_31_60,direct,direct_max__idelay_data_cntvaluein__lane1__dq14__ctrl_4__endpoint__value_ps,direct_max,idelay_data_cntvaluein,lane1,dq14,4,endpoint,14,16,1009.0,1398.0,2098.0,903.0,1416.5,1833.0,18.5,0.450893,fail_lower,0.549107,-0.098214,overlap,0.0,0.734968
baseline_seed_31_60,direct,direct_max__idelay_data_cntvaluein__lane0__dq2__ctrl_1__endpoint__value_ps,direct_max,idelay_data_cntvaluein,lane0,dq2,1,endpoint,14,16,1024.0,1730.0,2421.0,1248.0,1745.5,2279.0,15.5,0.549107,fail_higher,0.549107,0.098214,overlap,0.0,0.734968
baseline_seed_31_60,skew,signed_dqs_minus_dq_bit__idelay_cntvaluein_skew__lane1__dq14__ctrl_0__dqs_vs_dq_bit__value_ps,signed_dqs_minus_dq_bit,idelay_cntvaluein_skew,lane1,dq14,0,dqs_vs_dq_bit,14,16,-589.0,-227.5,691.0,-828.0,-212.5,431.0,15.0,0.450893,fail_lower,0.549107,-0.098214,overlap,0.0,0.734968
baseline_seed_31_60,direct,direct_max__dq_iologic__lane0__dq0__ctrl_none__endpoint__value_ps,direct_max,dq_iologic,lane0,dq0,,endpoint,14,16,1815.0,2187.5,2897.0,1743.0,2027.0,3352.0,-160.5,0.453125,fail_lower,0.546875,-0.09375,overlap,0.0,0.701561
baseline_seed_31_60,skew,signed_ld_minus_cntvaluein_dqs__idelay_ld_cntvaluein_skew__lane1__dqs1__ctrl_1__ld_vs_cntvaluein_dqs__value_ps,signed_ld_minus_cntvaluein_dqs,idelay_ld_cntvaluein_skew,lane1,dqs1,1,ld_vs_cntvaluein_dqs,14,16,-421.0,89.0,1200.0,-411.0,196.5,737.0,107.5,0.546875,fail_higher,0.546875,0.09375,overlap,0.0,0.701561
baseline_seed_31_60,skew,abs_dqs_minus_dq_bit__idelay_cntvaluein_skew__lane0__dq3__ctrl_3__dqs_vs_dq_bit__value_ps,abs_dqs_minus_dq_bit,idelay_cntvaluein_skew,lane0,dq3,3,dqs_vs_dq_bit,14,16,3.0,452.5,989.0,18.0,355.0,1099.0,-97.5,0.453125,fail_lower,0.546875,-0.09375,overlap,0.0,0.701561
baseline_seed_31_60,direct,direct_max__idelay_data_cntvaluein__lane1__dq13__ctrl_1__endpoint__value_ps,direct_max,idelay_data_cntvaluein,lane1,dq13,1,endpoint,14,16,929.0,1414.5,1894.0,1070.0,1455.0,1827.0,40.5,0.546875,fail_higher,0.546875,0.09375,overlap,0.0,0.701561
baseline_seed_31_60,skew,abs_dqs_minus_dq_bit__idelay_cntvaluein_skew__lane1__dq14__ctrl_2__dqs_vs_dq_bit__value_ps,abs_dqs_minus_dq_bit,idelay_cntvaluein_skew,lane1,dq14,2,dqs_vs_dq_bit,14,16,4.0,321.5,1216.0,4.0,284.5,523.0,-37.0,0.453125,fail_lower,0.546875,-0.09375,overlap,0.0,0.701561
baseline_seed_31_60,direct,direct_max__idelay_dqs_cntvaluein__lane1__dqs1__ctrl_4__endpoint__value_ps,direct_max,idelay_dqs_cntvaluein,lane1,dqs1,4,endpoint,14,16,611.0,1287.5,1968.0,791.0,1301.5,2335.0,14.0,0.453125,fail_lower,0.546875,-0.09375,overlap,0.0,0.701561
baseline_seed_31_60,direct,direct_max__idelay_ld__lane1__dq13__ctrl_none__endpoint__value_ps,direct_max,idelay_ld,lane1,dq13,,endpoint,14,16,1223.0,1424.5,1932.0,1246.0,1434.0,1993.0,9.5,0.546875,fail_higher,0.546875,0.09375,overlap,0.0,0.701561
baseline_seed_31_60,skew,signed_dqs_minus_dq_bit__idelay_cntvaluein_skew__lane1__dq13__ctrl_4__dqs_vs_dq_bit__value_ps,signed_dqs_minus_dq_bit,idelay_cntvaluein_skew,lane1,dq13,4,dqs_vs_dq_bit,14,16,-982.0,15.5,464.0,-633.0,-144.0,541.0,-159.5,0.455357,fail_lower,0.544643,-0.089286,overlap,0.0,0.668153
baseline_seed_31_60,skew,abs_dqs_minus_dq_bit__idelay_cntvaluein_skew__lane1__dq10__ctrl_0__dqs_vs_dq_bit__value_ps,abs_dqs_minus_dq_bit,idelay_cntvaluein_skew,lane1,dq10,0,dqs_vs_dq_bit,14,16,30.0,332.0,615.0,95.0,254.0,820.0,-78.0,0.455357,fail_lower,0.544643,-0.089286,overlap,0.0,0.668153
baseline_seed_31_60,skew,abs_dqs_minus_dq_bit__idelay_cntvaluein_skew__lane0__dq5__ctrl_3__dqs_vs_dq_bit__value_ps,abs_dqs_minus_dq_bit,idelay_cntvaluein_skew,lane0,dq5,3,dqs_vs_dq_bit,14,16,62.0,339.0,1069.0,15.0,310.5,1102.0,-28.5,0.455357,fail_lower,0.544643,-0.089286,overlap,0.0,0.668153
baseline_seed_31_60,direct,direct_max__idelay_data_cntvaluein__lane0__dq3__ctrl_4__endpoint__value_ps,direct_max,idelay_data_cntvaluein,lane0,dq3,4,endpoint,14,16,1159.0,1457.5,2124.0,985.0,1484.0,1968.0,26.5,0.455357,fail_lower,0.544643,-0.089286,overlap,0.0,0.668153
baseline_seed_31_60,direct,lane_spread__dq_iologic__lane1__no_bit__ctrl_none__lane__value_ps,lane_spread,dq_iologic,lane1,,,lane,14,16,2427.0,2866.0,3463.0,2486.0,2771.0,4248.0,-95.0,0.457589,fail_lower,0.542411,-0.084821,overlap,0.0,0.634745
baseline_seed_31_60,skew,signed_dqs_minus_dq_bit__idelay_cntvaluein_skew__lane0__dq4__ctrl_1__dqs_vs_dq_bit__value_ps,signed_dqs_minus_dq_bit,idelay_cntvaluein_skew,lane0,dq4,1,dqs_vs_dq_bit,14,16,-1090.0,-453.5,458.0,-927.0,-128.5,710.0,325.0,0.540179,fail_higher,0.540179,0.080357,overlap,0.0,0.601338
baseline_seed_31_60,skew,signed_dqs_minus_dq_bit__idelay_cntvaluein_skew__lane0__dq2__ctrl_1__dqs_vs_dq_bit__value_ps,signed_dqs_minus_dq_bit,idelay_cntvaluein_skew,lane0,dq2,1,dqs_vs_dq_bit,14,16,-1091.0,-375.0,455.0,-928.0,-56.5,788.0,318.5,0.540179,fail_higher,0.540179,0.080357,overlap,0.0,0.601338
baseline_seed_31_60,skew,abs_dqs_minus_dq_bit__idelay_cntvaluein_skew__lane1__dq8__ctrl_1__dqs_vs_dq_bit__value_ps,abs_dqs_minus_dq_bit,idelay_cntvaluein_skew,lane1,dq8,1,dqs_vs_dq_bit,14,16,23.0,201.5,930.0,0.0,303.5,778.0,102.0,0.540179,fail_higher,0.540179,0.080357,overlap,0.0,0.601338
baseline_seed_31_60,direct,direct_max__idelay_data_cntvaluein__lane0__dq1__ctrl_4__endpoint__value_ps,direct_max,idelay_data_cntvaluein,lane0,dq1,4,endpoint,14,16,1164.0,1537.5,2275.0,1082.0,1627.0,2298.0,89.5,0.540179,fail_higher,0.540179,0.080357,overlap,0.0,0.601338
baseline_seed_31_60,skew,signed_ld_minus_cntvaluein_dq_median__idelay_ld_cntvaluein_skew__lane0__no_bit__ctrl_4__ld_vs_cntvaluein_dq_lane__value_ps,signed_ld_minus_cntvaluein_dq_median,idelay_ld_cntvaluein_skew,lane0,,4,ld_vs_cntvaluein_dq_lane,14,16,-350.5,-3.25,431.5,-706.5,78.75,1180.0,82.0,0.540179,fail_higher,0.540179,0.080357,overlap,0.0,0.601338
baseline_seed_31_60,skew,abs_dqs_minus_dq_bit__idelay_cntvaluein_skew__lane1__dq13__ctrl_1__dqs_vs_dq_bit__value_ps,abs_dqs_minus_dq_bit,idelay_cntvaluein_skew,lane1,dq13,1,dqs_vs_dq_bit,14,16,20.0,192.5,844.0,16.0,251.0,717.0,58.5,0.540179,fail_higher,0.540179,0.080357,overlap,0.0,0.601338
baseline_seed_31_60,skew,abs_lane1_minus_lane0_dqs__idelay_cntvaluein_skew__all__no_bit__ctrl_2__lane1_vs_lane0_dqs__value_ps,abs_lane1_minus_lane0_dqs,idelay_cntvaluein_skew,all,,2,lane1_vs_lane0_dqs,14,16,21.0,278.0,527.0,13.0,241.5,784.0,-36.5,0.459821,fail_lower,0.540179,-0.080357,overlap,0.0,0.601338
baseline_seed_31_60,direct,direct_max__dq_iologic__lane0__dq1__ctrl_none__endpoint__value_ps,direct_max,dq_iologic,lane0,dq1,,endpoint,14,16,1754.0,2261.0,2881.0,1858.0,2230.5,3437.0,-30.5,0.540179,fail_higher,0.540179,0.080357,overlap,0.0,0.601338
baseline_seed_31_60,direct,cntvaluein_bus_skew__idelay_data_cntvaluein__lane0__dq1__ctrl_none__dq1__value_ps,cntvaluein_bus_skew,idelay_data_cntvaluein,lane0,dq1,,dq1,14,16,304.0,717.5,1141.0,240.0,695.0,853.0,-22.5,0.459821,fail_lower,0.540179,-0.080357,overlap,0.0,0.601338
baseline_seed_31_60,direct,direct_max__idelayctrl__all__no_bit__ctrl_none__endpoint__value_ps,direct_max,idelayctrl,all,,,endpoint,14,16,1828.0,2766.0,3084.0,2119.0,2744.5,3865.0,-21.5,0.459821,fail_lower,0.540179,-0.080357,overlap,0.0,0.601338
baseline_seed_31_60,direct,direct_max__idelay_dqs_cntvaluein__lane1__dqs1__ctrl_3__endpoint__value_ps,direct_max,idelay_dqs_cntvaluein,lane1,dqs1,3,endpoint,14,16,527.0,1387.5,1947.0,665.0,1407.5,2447.0,20.0,0.540179,fail_higher,0.540179,0.080357,overlap,0.0,0.601338
baseline_seed_31_60,skew,signed_ld_minus_cntvaluein_dqs__idelay_ld_cntvaluein_skew__lane1__dqs1__ctrl_2__ld_vs_cntvaluein_dqs__value_ps,signed_ld_minus_cntvaluein_dqs,idelay_ld_cntvaluein_skew,lane1,dqs1,2,ld_vs_cntvaluein_dqs,14,16,-426.0,37.0,1257.0,-833.0,53.5,645.0,16.5,0.540179,fail_higher,0.540179,0.080357,overlap,0.0,0.601338
baseline_seed_31_60,skew,signed_dqs_minus_dq_median__idelay_cntvaluein_skew__lane0__dqs0__ctrl_3__dqs_vs_dq_lane__value_ps,signed_dqs_minus_dq_median,idelay_cntvaluein_skew,lane0,dqs0,3,dqs_vs_dq_lane,14,16,-1003.0,-5.5,914.0,-991.5,0.75,920.0,6.25,0.540179,fail_higher,0.540179,0.080357,overlap,0.0,0.601338
baseline_seed_31_60,direct,direct_max__idelay_data_cntvaluein__lane1__dq15__ctrl_1__endpoint__value_ps,direct_max,idelay_data_cntvaluein,lane1,dq15,1,endpoint,14,16,829.0,1225.5,1740.0,573.0,1154.0,1623.0,-71.5,0.462054,fail_lower,0.537946,-0.075893,overlap,0.0,0.56793
baseline_seed_31_60,direct,direct_max__idelay_dqs_cntvaluein__lane1__dqs1__ctrl_1__endpoint__value_ps,direct_max,idelay_dqs_cntvaluein,lane1,dqs1,1,endpoint,14,16,671.0,1305.5,1896.0,774.0,1280.0,1848.0,-25.5,0.537946,fail_higher,0.537946,0.075893,overlap,0.0,0.56793
baseline_seed_31_60,direct,direct_max__idelay_ld__lane0__dq4__ctrl_none__endpoint__value_ps,direct_max,idelay_ld,lane0,dq4,,endpoint,14,16,1205.0,1728.0,2240.0,1450.0,1739.5,2592.0,11.5,0.537946,fail_higher,0.537946,0.075893,overlap,0.0,0.56793
baseline_seed_31_60,skew,abs_dqs_minus_dq_median__idelay_cntvaluein_skew__lane1__dqs1__ctrl_1__dqs_vs_dq_lane__value_ps,abs_dqs_minus_dq_median,idelay_cntvaluein_skew,lane1,dqs1,1,dqs_vs_dq_lane,14,16,14.5,167.5,752.0,3.0,315.25,609.5,147.75,0.535714,fail_higher,0.535714,0.071429,overlap,0.0,0.534522
baseline_seed_31_60,direct,direct_max__idelay_data_cntvaluein__lane0__dq1__ctrl_3__endpoint__value_ps,direct_max,idelay_data_cntvaluein,lane0,dq1,3,endpoint,14,16,1164.0,1685.5,2358.0,1350.0,1762.5,2522.0,77.0,0.535714,fail_higher,0.535714,0.071429,overlap,0.0,0.534522
baseline_seed_31_60,skew,abs_dqs_minus_dq_bit__idelay_cntvaluein_skew__lane1__dq12__ctrl_0__dqs_vs_dq_bit__value_ps,abs_dqs_minus_dq_bit,idelay_cntvaluein_skew,lane1,dq12,0,dqs_vs_dq_bit,14,16,23.0,338.0,696.0,54.0,264.5,739.0,-73.5,0.464286,fail_lower,0.535714,-0.071429,overlap,0.0,0.534522
baseline_seed_31_60,skew,signed_dqs_minus_dq_bit__idelay_cntvaluein_skew__lane1__dq9__ctrl_3__dqs_vs_dq_bit__value_ps,signed_dqs_minus_dq_bit,idelay_cntvaluein_skew,lane1,dq9,3,dqs_vs_dq_bit,14,16,-525.0,126.5,483.0,-764.0,193.5,1089.0,67.0,0.535714,fail_higher,0.535714,0.071429,overlap,0.0,0.534522
baseline_seed_31_60,skew,abs_ld_minus_cntvaluein_dq_median__idelay_ld_cntvaluein_skew__lane1__no_bit__ctrl_3__ld_vs_cntvaluein_dq_lane__value_ps,abs_ld_minus_cntvaluein_dq_median,idelay_ld_cntvaluein_skew,lane1,,3,ld_vs_cntvaluein_dq_lane,14,16,45.5,295.5,515.0,24.0,232.25,575.5,-63.25,0.464286,fail_lower,0.535714,-0.071429,overlap,0.0,0.534522
baseline_seed_31_60,direct,direct_max__idelay_data_cntvaluein__lane0__dq6__ctrl_4__endpoint__value_ps,direct_max,idelay_data_cntvaluein,lane0,dq6,4,endpoint,14,16,1273.0,1578.5,2407.0,1057.0,1638.5,2161.0,60.0,0.464286,fail_lower,0.535714,-0.071429,overlap,0.0,0.534522
baseline_seed_31_60,direct,cntvaluein_bus_skew__idelay_data_cntvaluein__lane0__dq5__ctrl_none__dq5__value_ps,cntvaluein_bus_skew,idelay_data_cntvaluein,lane0,dq5,,dq5,14,16,205.0,501.0,1131.0,130.0,558.0,797.0,57.0,0.535714,fail_higher,0.535714,0.071429,overlap,0.0,0.534522
baseline_seed_31_60,direct,direct_max__idelay_ld__lane1__dq15__ctrl_none__endpoint__value_ps,direct_max,idelay_ld,lane1,dq15,,endpoint,14,16,949.0,1285.5,1889.0,1118.0,1336.0,1633.0,50.5,0.535714,fail_higher,0.535714,0.071429,overlap,0.0,0.534522
baseline_seed_31_60,direct,direct_max__idelay_data_cntvaluein__lane1__dq8__ctrl_3__endpoint__value_ps,direct_max,idelay_data_cntvaluein,lane1,dq8,3,endpoint,14,16,1088.0,1486.5,1916.0,1156.0,1452.0,2072.0,-34.5,0.464286,fail_lower,0.535714,-0.071429,overlap,0.0,0.534522
baseline_seed_31_60,skew,signed_dqs_minus_dq_median__idelay_cntvaluein_skew__lane1__dqs1__ctrl_1__dqs_vs_dq_lane__value_ps,signed_dqs_minus_dq_median,idelay_cntvaluein_skew,lane1,dqs1,1,dqs_vs_dq_lane,14,16,-752.0,-62.25,623.5,-609.5,-28.5,591.0,33.75,0.535714,fail_higher,0.535714,0.071429,overlap,0.0,0.534522
baseline_seed_31_60,direct,direct_max__idelay_data_cntvaluein__lane0__dq0__ctrl_3__endpoint__value_ps,direct_max,idelay_data_cntvaluein,lane0,dq0,3,endpoint,14,16,1080.0,1663.0,2220.0,1264.0,1688.0,2430.0,25.0,0.535714,fail_higher,0.535714,0.071429,overlap,0.0,0.534522
baseline_seed_31_60,direct,direct_max__idelay_data_cntvaluein__lane0__dq7__ctrl_1__endpoint__value_ps,direct_max,idelay_data_cntvaluein,lane0,dq7,1,endpoint,14,16,1113.0,1750.5,2513.0,1340.0,1770.0,2371.0,19.5,0.535714,fail_higher,0.535714,0.071429,overlap,0.0,0.534522
baseline_seed_31_60,skew,signed_ld_dqs_minus_dq_median__idelay_ld_skew__lane0__dqs0__ctrl_none__dqs_vs_dq_lane__value_ps,signed_ld_dqs_minus_dq_median,idelay_ld_skew,lane0,dqs0,,dqs_vs_dq_lane,14,16,-298.0,-62.75,231.0,-243.0,-53.75,144.5,9.0,0.535714,fail_higher,0.535714,0.071429,overlap,0.0,0.534522
baseline_seed_31_60,direct,cntvaluein_bus_skew__idelay_data_cntvaluein__lane0__dq2__ctrl_none__dq2__value_ps,cntvaluein_bus_skew,idelay_data_cntvaluein,lane0,dq2,,dq2,14,16,230.0,626.5,1233.0,301.0,623.5,1023.0,-3.0,0.464286,fail_lower,0.535714,-0.071429,overlap,0.0,0.534522
baseline_seed_31_60,direct,direct_max__idelay_data_cntvaluein__lane0__dq0__ctrl_4__endpoint__value_ps,direct_max,idelay_data_cntvaluein,lane0,dq0,4,endpoint,14,16,1126.0,1555.5,2270.0,1072.0,1636.5,2285.0,81.0,0.533482,fail_higher,0.533482,0.066964,overlap,0.0,0.501115
baseline_seed_31_60,skew,signed_dqs_minus_dq_bit__idelay_cntvaluein_skew__lane1__dq8__ctrl_0__dqs_vs_dq_bit__value_ps,signed_dqs_minus_dq_bit,idelay_cntvaluein_skew,lane1,dq8,0,dqs_vs_dq_bit,14,16,-676.0,-238.5,628.0,-915.0,-223.5,344.0,15.0,0.466518,fail_lower,0.533482,-0.066964,overlap,0.0,0.501115
baseline_seed_31_60,direct,direct_max__dq_iologic__lane0__dq3__ctrl_none__endpoint__value_ps,direct_max,dq_iologic,lane0,dq3,,endpoint,14,16,1952.0,2440.0,2737.0,2059.0,2346.5,3584.0,-93.5,0.46875,fail_lower,0.53125,-0.0625,overlap,0.0,0.467707
baseline_seed_31_60,skew,signed_dqs_minus_dq_median__idelay_cntvaluein_skew__lane1__dqs1__ctrl_3__dqs_vs_dq_lane__value_ps,signed_dqs_minus_dq_median,idelay_cntvaluein_skew,lane1,dqs1,3,dqs_vs_dq_lane,14,16,-823.0,139.75,320.0,-558.0,50.75,802.0,-89.0,0.46875,fail_lower,0.53125,-0.0625,overlap,0.0,0.467707
baseline_seed_31_60,direct,control_fanout_spread__idelay_data_cntvaluein__lane0__no_bit__ctrl_4__lane_control_bit__value_ps,control_fanout_spread,idelay_data_cntvaluein,lane0,,4,lane_control_bit,14,16,194.0,376.0,649.0,153.0,322.5,768.0,-53.5,0.46875,fail_lower,0.53125,-0.0625,overlap,0.0,0.467707
baseline_seed_31_60,skew,dq_lane_range__idelay_cntvaluein_skew__lane0__no_bit__ctrl_4__dq_lane__value_ps,dq_lane_range,idelay_cntvaluein_skew,lane0,,4,dq_lane,14,16,194.0,376.0,649.0,153.0,322.5,768.0,-53.5,0.46875,fail_lower,0.53125,-0.0625,overlap,0.0,0.467707
baseline_seed_31_60,skew,signed_dqs_minus_dq_bit__idelay_cntvaluein_skew__lane1__dq10__ctrl_1__dqs_vs_dq_bit__value_ps,signed_dqs_minus_dq_bit,idelay_cntvaluein_skew,lane1,dq10,1,dqs_vs_dq_bit,14,16,-752.0,-106.5,584.0,-692.0,-53.5,572.0,53.0,0.53125,fail_higher,0.53125,0.0625,overlap,0.0,0.467707
baseline_seed_31_60,direct,cntvaluein_bus_skew__idelay_dqs_cntvaluein__lane1__dqs1__ctrl_none__dqs1__value_ps,cntvaluein_bus_skew,idelay_dqs_cntvaluein,lane1,dqs1,,dqs1,14,16,181.0,477.0,887.0,303.0,430.0,1171.0,-47.0,0.53125,fail_higher,0.53125,0.0625,overlap,0.0,0.467707
baseline_seed_31_60,direct,lane_spread__idelay_dqs_cntvaluein__lane1__no_bit__ctrl_none__lane__value_ps,lane_spread,idelay_dqs_cntvaluein,lane1,,,lane,14,16,181.0,477.0,887.0,303.0,430.0,1171.0,-47.0,0.53125,fail_higher,0.53125,0.0625,overlap,0.0,0.467707
baseline_seed_31_60,direct,direct_max__idelay_data_cntvaluein__lane1__dq12__ctrl_1__endpoint__value_ps,direct_max,idelay_data_cntvaluein,lane1,dq12,1,endpoint,14,16,976.0,1375.5,1914.0,892.0,1395.0,2036.0,19.5,0.53125,fail_higher,0.53125,0.0625,overlap,0.0,0.467707
baseline_seed_31_60,direct,control_fanout_spread__idelay_data_cntvaluein__lane1__no_bit__ctrl_3__lane_control_bit__value_ps,control_fanout_spread,idelay_data_cntvaluein,lane1,,3,lane_control_bit,14,16,186.0,432.0,649.0,261.0,430.0,704.0,-2.0,0.53125,fail_higher,0.53125,0.0625,overlap,0.0,0.467707
baseline_seed_31_60,skew,dq_lane_range__idelay_cntvaluein_skew__lane1__no_bit__ctrl_3__dq_lane__value_ps,dq_lane_range,idelay_cntvaluein_skew,lane1,,3,dq_lane,14,16,186.0,432.0,649.0,261.0,430.0,704.0,-2.0,0.53125,fail_higher,0.53125,0.0625,overlap,0.0,0.467707
baseline_seed_31_60,skew,signed_dqs_minus_dq_bit__idelay_cntvaluein_skew__lane1__dq11__ctrl_4__dqs_vs_dq_bit__value_ps,signed_dqs_minus_dq_bit,idelay_cntvaluein_skew,lane1,dq11,4,dqs_vs_dq_bit,14,16,-897.0,93.0,375.0,-557.0,-93.0,884.0,-186.0,0.473214,fail_lower,0.526786,-0.053571,overlap,0.0,0.400892
baseline_seed_31_60,direct,direct_max__dq_iologic__lane1__dq10__ctrl_none__endpoint__value_ps,direct_max,dq_iologic,lane1,dq10,,endpoint,14,16,2144.0,2754.0,3463.0,2204.0,2595.0,3846.0,-159.0,0.526786,fail_higher,0.526786,0.053571,overlap,0.0,0.400892
baseline_seed_31_60,direct,direct_max__idelay_data_cntvaluein__lane0__dq0__ctrl_0__endpoint__value_ps,direct_max,idelay_data_cntvaluein,lane0,dq0,0,endpoint,14,16,1315.0,1669.5,2323.0,1213.0,1777.5,2311.0,108.0,0.526786,fail_higher,0.526786,0.053571,overlap,0.0,0.400892
baseline_seed_31_60,direct,direct_max__idelay_data_cntvaluein__lane1__dq8__ctrl_0__endpoint__value_ps,direct_max,idelay_data_cntvaluein,lane1,dq8,0,endpoint,14,16,1238.0,1468.5,1899.0,813.0,1569.5,1902.0,101.0,0.526786,fail_higher,0.526786,0.053571,overlap,0.0,0.400892
baseline_seed_31_60,skew,signed_dqs_minus_dq_bit__idelay_cntvaluein_skew__lane1__dq14__ctrl_1__dqs_vs_dq_bit__value_ps,signed_dqs_minus_dq_bit,idelay_cntvaluein_skew,lane1,dq14,1,dqs_vs_dq_bit,14,16,-666.0,-98.5,619.0,-703.0,-156.0,487.0,-57.5,0.473214,fail_lower,0.526786,-0.053571,overlap,0.0,0.400892
baseline_seed_31_60,direct,direct_max__clocking__all__no_bit__ctrl_none__endpoint__value_ps,direct_max,clocking,all,,,endpoint,14,16,6344.0,6652.5,7215.0,6105.0,6614.5,7335.0,-38.0,0.473214,fail_lower,0.526786,-0.053571,overlap,0.0,0.400892
baseline_seed_31_60,direct,lane_spread__clocking__all__no_bit__ctrl_none__lane__value_ps,lane_spread,clocking,all,,,lane,14,16,6225.0,6533.5,7096.0,5986.0,6495.5,7216.0,-38.0,0.473214,fail_lower,0.526786,-0.053571,overlap,0.0,0.400892
baseline_seed_31_60,skew,abs_dqs_minus_dq_bit__idelay_cntvaluein_skew__lane0__dq4__ctrl_0__dqs_vs_dq_bit__value_ps,abs_dqs_minus_dq_bit,idelay_cntvaluein_skew,lane0,dq4,0,dqs_vs_dq_bit,14,16,7.0,292.5,1009.0,115.0,324.5,880.0,32.0,0.526786,fail_higher,0.526786,0.053571,overlap,0.0,0.400892
baseline_seed_31_60,skew,abs_ld_minus_cntvaluein_dq_median__idelay_ld_cntvaluein_skew__lane0__no_bit__ctrl_3__ld_vs_cntvaluein_dq_lane__value_ps,abs_ld_minus_cntvaluein_dq_median,idelay_ld_cntvaluein_skew,lane0,,3,ld_vs_cntvaluein_dq_lane,14,16,34.5,172.75,1049.5,36.5,202.0,677.5,29.25,0.526786,fail_higher,0.526786,0.053571,overlap,0.0,0.400892
baseline_seed_31_60,skew,signed_dqs_minus_dq_bit__idelay_cntvaluein_skew__lane0__dq5__ctrl_3__dqs_vs_dq_bit__value_ps,signed_dqs_minus_dq_bit,idelay_cntvaluein_skew,lane0,dq5,3,dqs_vs_dq_bit,14,16,-1003.0,48.0,1069.0,-691.0,20.5,1102.0,-27.5,0.526786,fail_higher,0.526786,0.053571,overlap,0.0,0.400892
baseline_seed_31_60,skew,abs_dqs_minus_dq_bit__idelay_cntvaluein_skew__lane0__dq3__ctrl_4__dqs_vs_dq_bit__value_ps,abs_dqs_minus_dq_bit,idelay_cntvaluein_skew,lane0,dq3,4,dqs_vs_dq_bit,14,16,10.0,251.0,566.0,21.0,265.5,1091.0,14.5,0.526786,fail_higher,0.526786,0.053571,overlap,0.0,0.400892
baseline_seed_31_60,skew,ld_dq_lane_range__idelay_ld_skew__lane0__no_bit__ctrl_none__dq_lane__value_ps,ld_dq_lane_range,idelay_ld_skew,lane0,,,dq_lane,14,16,207.0,343.5,518.0,189.0,345.0,543.0,1.5,0.473214,fail_lower,0.526786,-0.053571,overlap,0.0,0.400892
baseline_seed_31_60,direct,direct_max__dq_iologic__lane1__dq9__ctrl_none__endpoint__value_ps,direct_max,dq_iologic,lane1,dq9,,endpoint,14,16,1904.0,2460.0,3073.0,2111.0,2345.0,3138.0,-115.0,0.524554,fail_higher,0.524554,0.049107,overlap,0.0,0.367484
baseline_seed_31_60,direct,direct_max__idelay_data_cntvaluein__lane1__dq12__ctrl_4__endpoint__value_ps,direct_max,idelay_data_cntvaluein,lane1,dq12,4,endpoint,14,16,1019.0,1249.5,1980.0,827.0,1364.0,1753.0,114.5,0.475446,fail_lower,0.524554,-0.049107,overlap,0.0,0.367484
baseline_seed_31_60,direct,direct_max__dq_iologic__lane1__dq8__ctrl_none__endpoint__value_ps,direct_max,dq_iologic,lane1,dq8,,endpoint,14,16,2029.0,2747.5,3334.0,2079.0,2641.0,4102.0,-106.5,0.475446,fail_lower,0.524554,-0.049107,overlap,0.0,0.367484
baseline_seed_31_60,skew,abs_ld_minus_cntvaluein_dqs__idelay_ld_cntvaluein_skew__lane0__dqs0__ctrl_3__ld_vs_cntvaluein_dqs__value_ps,abs_ld_minus_cntvaluein_dqs,idelay_ld_cntvaluein_skew,lane0,dqs0,3,ld_vs_cntvaluein_dqs,14,16,10.0,311.5,1151.0,5.0,396.5,609.0,85.0,0.524554,fail_higher,0.524554,0.049107,overlap,0.0,0.367484
baseline_seed_31_60,direct,direct_max__idelay_ld__lane1__dq10__ctrl_none__endpoint__value_ps,direct_max,idelay_ld,lane1,dq10,,endpoint,14,16,1169.0,1540.0,1937.0,1118.0,1567.5,2039.0,27.5,0.524554,fail_higher,0.524554,0.049107,overlap,0.0,0.367484
baseline_seed_31_60,skew,abs_dqs_minus_dq_bit__idelay_cntvaluein_skew__lane0__dq7__ctrl_3__dqs_vs_dq_bit__value_ps,abs_dqs_minus_dq_bit,idelay_cntvaluein_skew,lane0,dq7,3,dqs_vs_dq_bit,14,16,32.0,437.0,1098.0,31.0,415.0,1179.0,-22.0,0.475446,fail_lower,0.524554,-0.049107,overlap,0.0,0.367484
baseline_seed_31_60,skew,signed_ld_minus_cntvaluein_dqs__idelay_ld_cntvaluein_skew__lane0__dqs0__ctrl_2__ld_vs_cntvaluein_dqs__value_ps,signed_ld_minus_cntvaluein_dqs,idelay_ld_cntvaluein_skew,lane0,dqs0,2,ld_vs_cntvaluein_dqs,14,16,-599.0,-35.0,903.0,-973.0,207.5,881.0,242.5,0.522321,fail_higher,0.522321,0.044643,overlap,0.0,0.334077
baseline_seed_31_60,skew,signed_dqs_minus_dq_bit__idelay_cntvaluein_skew__lane1__dq14__ctrl_3__dqs_vs_dq_bit__value_ps,signed_dqs_minus_dq_bit,idelay_cntvaluein_skew,lane1,dq14,3,dqs_vs_dq_bit,14,16,-910.0,87.0,311.0,-752.0,-112.5,793.0,-199.5,0.477679,fail_lower,0.522321,-0.044643,overlap,0.0,0.334077
baseline_seed_31_60,direct,direct_max__idelay_ld__lane0__dq2__ctrl_none__endpoint__value_ps,direct_max,idelay_ld,lane0,dq2,,endpoint,14,16,1342.0,1724.0,2275.0,1442.0,1666.0,2486.0,-58.0,0.477679,fail_lower,0.522321,-0.044643,overlap,0.0,0.334077
baseline_seed_31_60,skew,signed_ld_minus_cntvaluein_dq_median__idelay_ld_cntvaluein_skew__lane0__no_bit__ctrl_0__ld_vs_cntvaluein_dq_lane__value_ps,signed_ld_minus_cntvaluein_dq_median,idelay_ld_cntvaluein_skew,lane0,,0,ld_vs_cntvaluein_dq_lane,14,16,-474.0,-125.25,482.0,-722.0,-79.0,1103.5,46.25,0.522321,fail_higher,0.522321,0.044643,overlap,0.0,0.334077
baseline_seed_31_60,skew,signed_lane1_minus_lane0_dqs__idelay_cntvaluein_skew__all__no_bit__ctrl_2__lane1_vs_lane0_dqs__value_ps,signed_lane1_minus_lane0_dqs,idelay_cntvaluein_skew,all,,2,lane1_vs_lane0_dqs,14,16,-527.0,-278.0,111.0,-784.0,-241.5,95.0,36.5,0.522321,fail_higher,0.522321,0.044643,overlap,0.0,0.334077
baseline_seed_31_60,direct,direct_max__dq_iologic__lane1__dq15__ctrl_none__endpoint__value_ps,direct_max,dq_iologic,lane1,dq15,,endpoint,14,16,1934.0,2455.5,3084.0,2234.0,2416.5,4248.0,-39.0,0.520089,fail_higher,0.520089,0.040179,overlap,0.0,0.300669
baseline_seed_31_60,skew,abs_dqs_minus_dq_bit__idelay_cntvaluein_skew__lane1__dq8__ctrl_3__dqs_vs_dq_bit__value_ps,abs_dqs_minus_dq_bit,idelay_cntvaluein_skew,lane1,dq8,3,dqs_vs_dq_bit,14,16,15.0,204.0,864.0,0.0,224.5,844.0,20.5,0.479911,fail_lower,0.520089,-0.040179,overlap,0.0,0.300669
baseline_seed_31_60,skew,signed_idelayctrl_minus_reset_release__startup_relative_skew__all__no_bit__ctrl_none__idelayctrl_vs_reset__value_ps,signed_idelayctrl_minus_reset_release,startup_relative_skew,all,,,idelayctrl_vs_reset,14,16,644.0,2054.5,2429.0,994.0,1901.0,3010.0,-153.5,0.482143,fail_lower,0.517857,-0.035714,overlap,0.0,0.267261
baseline_seed_31_60,skew,abs_idelayctrl_minus_reset_release__startup_relative_skew__all__no_bit__ctrl_none__idelayctrl_vs_reset__value_ps,abs_idelayctrl_minus_reset_release,startup_relative_skew,all,,,idelayctrl_vs_reset,14,16,644.0,2054.5,2429.0,994.0,1901.0,3010.0,-153.5,0.482143,fail_lower,0.517857,-0.035714,overlap,0.0,0.267261
baseline_seed_31_60,skew,abs_dqs_minus_dq_bit__idelay_cntvaluein_skew__lane1__dq10__ctrl_1__dqs_vs_dq_bit__value_ps,abs_dqs_minus_dq_bit,idelay_cntvaluein_skew,lane1,dq10,1,dqs_vs_dq_bit,14,16,60.0,187.5,752.0,5.0,333.5,692.0,146.0,0.517857,fail_higher,0.517857,0.035714,overlap,0.0,0.267261
baseline_seed_31_60,skew,abs_dqs_minus_dq_median__idelay_cntvaluein_skew__lane1__dqs1__ctrl_2__dqs_vs_dq_lane__value_ps,abs_dqs_minus_dq_median,idelay_cntvaluein_skew,lane1,dqs1,2,dqs_vs_dq_lane,14,16,36.0,226.0,1065.0,55.5,309.5,466.0,83.5,0.482143,fail_lower,0.517857,-0.035714,overlap,0.0,0.267261
baseline_seed_31_60,direct,direct_max__dq_iologic__lane1__dq13__ctrl_none__endpoint__value_ps,direct_max,dq_iologic,lane1,dq13,,endpoint,14,16,2265.0,2474.5,2936.0,1924.0,2537.0,2924.0,62.5,0.482143,fail_lower,0.517857,-0.035714,overlap,0.0,0.267261
baseline_seed_31_60,direct,direct_max__idelay_ld__lane1__dq11__ctrl_none__endpoint__value_ps,direct_max,idelay_ld,lane1,dq11,,endpoint,14,16,1085.0,1434.0,1865.0,1161.0,1496.5,1855.0,62.5,0.482143,fail_lower,0.517857,-0.035714,overlap,0.0,0.267261
baseline_seed_31_60,direct,direct_max__idelay_data_cntvaluein__lane1__dq14__ctrl_3__endpoint__value_ps,direct_max,idelay_data_cntvaluein,lane1,dq14,3,endpoint,14,16,1093.0,1459.0,1925.0,1156.0,1515.5,2036.0,56.5,0.517857,fail_higher,0.517857,0.035714,overlap,0.0,0.267261
baseline_seed_31_60,skew,signed_ld_minus_cntvaluein_dqs__idelay_ld_cntvaluein_skew__lane0__dqs0__ctrl_3__ld_vs_cntvaluein_dqs__value_ps,signed_ld_minus_cntvaluein_dqs,idelay_ld_cntvaluein_skew,lane0,dqs0,3,ld_vs_cntvaluein_dqs,14,16,-605.0,-131.5,1151.0,-609.0,-177.5,592.0,-46.0,0.517857,fail_higher,0.517857,0.035714,overlap,0.0,0.267261
baseline_seed_31_60,direct,direct_max__idelay_data_cntvaluein__lane0__dq1__ctrl_0__endpoint__value_ps,direct_max,idelay_data_cntvaluein,lane0,dq1,0,endpoint,14,16,1402.0,1748.5,2236.0,1297.0,1790.5,2453.0,42.0,0.517857,fail_higher,0.517857,0.035714,overlap,0.0,0.267261
baseline_seed_31_60,direct,direct_max__idelay_data_cntvaluein__lane0__dq5__ctrl_1__endpoint__value_ps,direct_max,idelay_data_cntvaluein,lane0,dq5,1,endpoint,14,16,1152.0,1521.0,2099.0,1027.0,1548.0,1896.0,27.0,0.482143,fail_lower,0.517857,-0.035714,overlap,0.0,0.267261
baseline_seed_31_60,direct,direct_max__idelay_data_cntvaluein__lane1__dq9__ctrl_1__endpoint__value_ps,direct_max,idelay_data_cntvaluein,lane1,dq9,1,endpoint,14,16,902.0,1207.0,1656.0,665.0,1224.0,1814.0,17.0,0.482143,fail_lower,0.517857,-0.035714,overlap,0.0,0.267261
baseline_seed_31_60,skew,abs_ld_minus_cntvaluein_dq_median__idelay_ld_cntvaluein_skew__lane0__no_bit__ctrl_0__ld_vs_cntvaluein_dq_lane__value_ps,abs_ld_minus_cntvaluein_dq_median,idelay_ld_cntvaluein_skew,lane0,,0,ld_vs_cntvaluein_dq_lane,14,16,30.5,314.25,482.0,14.5,304.0,1103.5,-10.25,0.517857,fail_higher,0.517857,0.035714,overlap,0.0,0.267261
baseline_seed_31_60,skew,abs_dqs_minus_dq_bit__idelay_cntvaluein_skew__lane0__dq6__ctrl_1__dqs_vs_dq_bit__value_ps,abs_dqs_minus_dq_bit,idelay_cntvaluein_skew,lane0,dq6,1,dqs_vs_dq_bit,14,16,3.0,463.5,814.0,56.0,472.0,1021.0,8.5,0.517857,fail_higher,0.517857,0.035714,overlap,0.0,0.267261
baseline_seed_31_60,direct,lane_spread__idelay_ld__lane0__no_bit__ctrl_none__lane__value_ps,lane_spread,idelay_ld,lane0,,,lane,14,16,270.0,351.0,518.0,271.0,345.0,543.0,-6.0,0.482143,fail_lower,0.517857,-0.035714,overlap,0.0,0.267261
baseline_seed_31_60,direct,direct_max__dq_iologic__lane0__dq6__ctrl_none__endpoint__value_ps,direct_max,dq_iologic,lane0,dq6,,endpoint,14,16,1725.0,2090.5,3236.0,1799.0,2049.5,3569.0,-41.0,0.484375,fail_lower,0.515625,-0.03125,overlap,0.0,0.233854
baseline_seed_31_60,skew,signed_dqs_minus_dq_bit__idelay_cntvaluein_skew__lane1__dq12__ctrl_1__dqs_vs_dq_bit__value_ps,signed_dqs_minus_dq_bit,idelay_cntvaluein_skew,lane1,dq12,1,dqs_vs_dq_bit,14,16,-836.0,-36.0,498.0,-742.0,-65.0,590.0,-29.0,0.484375,fail_lower,0.515625,-0.03125,overlap,0.0,0.233854
baseline_seed_31_60,skew,signed_dqs_minus_dq_bit__idelay_cntvaluein_skew__lane1__dq8__ctrl_4__dqs_vs_dq_bit__value_ps,signed_dqs_minus_dq_bit,idelay_cntvaluein_skew,lane1,dq8,4,dqs_vs_dq_bit,14,16,-813.0,-68.5,161.0,-638.0,-96.0,549.0,-27.5,0.515625,fail_higher,0.515625,0.03125,overlap,0.0,0.233854
baseline_seed_31_60,direct,direct_max__dq_iologic__lane1__dq11__ctrl_none__endpoint__value_ps,direct_max,dq_iologic,lane1,dq11,,endpoint,14,16,2266.0,2736.0,2880.0,2381.0,2580.0,3028.0,-156.0,0.513393,fail_higher,0.513393,0.026786,overlap,0.0,0.200446
baseline_seed_31_60,skew,abs_dqs_minus_dq_bit__idelay_cntvaluein_skew__lane1__dq11__ctrl_2__dqs_vs_dq_bit__value_ps,abs_dqs_minus_dq_bit,idelay_cntvaluein_skew,lane1,dq11,2,dqs_vs_dq_bit,14,16,15.0,187.5,920.0,61.0,323.0,528.0,135.5,0.486607,fail_lower,0.513393,-0.026786,overlap,0.0,0.200446
baseline_seed_31_60,skew,signed_ld_minus_cntvaluein_dqs__idelay_ld_cntvaluein_skew__lane0__dqs0__ctrl_1__ld_vs_cntvaluein_dqs__value_ps,signed_ld_minus_cntvaluein_dqs,idelay_ld_cntvaluein_skew,lane0,dqs0,1,ld_vs_cntvaluein_dqs,14,16,-688.0,178.5,928.0,-592.0,273.5,598.0,95.0,0.486607,fail_lower,0.513393,-0.026786,overlap,0.0,0.200446
baseline_seed_31_60,skew,signed_dqs_minus_dq_bit__idelay_cntvaluein_skew__lane1__dq9__ctrl_2__dqs_vs_dq_bit__value_ps,signed_dqs_minus_dq_bit,idelay_cntvaluein_skew,lane1,dq9,2,dqs_vs_dq_bit,14,16,-691.0,83.0,706.0,-684.0,163.5,600.0,80.5,0.486607,fail_lower,0.513393,-0.026786,overlap,0.0,0.200446
baseline_seed_31_60,direct,direct_max__idelay_ld__lane1__dq14__ctrl_none__endpoint__value_ps,direct_max,idelay_ld,lane1,dq14,,endpoint,14,16,1261.0,1485.5,1842.0,1095.0,1559.5,2023.0,74.0,0.513393,fail_higher,0.513393,0.026786,overlap,0.0,0.200446
baseline_seed_31_60,direct,direct_max__idelay_data_cntvaluein__lane1__dq15__ctrl_2__endpoint__value_ps,direct_max,idelay_data_cntvaluein,lane1,dq15,2,endpoint,14,16,823.0,1217.0,1654.0,671.0,1278.0,2173.0,61.0,0.486607,fail_lower,0.513393,-0.026786,overlap,0.0,0.200446
baseline_seed_31_60,direct,control_fanout_spread__idelay_data_cntvaluein__lane0__no_bit__ctrl_1__lane_control_bit__value_ps,control_fanout_spread,idelay_data_cntvaluein,lane0,,1,lane_control_bit,14,16,148.0,426.0,609.0,140.0,367.5,634.0,-58.5,0.486607,fail_lower,0.513393,-0.026786,overlap,0.0,0.200446
baseline_seed_31_60,skew,dq_lane_range__idelay_cntvaluein_skew__lane0__no_bit__ctrl_1__dq_lane__value_ps,dq_lane_range,idelay_cntvaluein_skew,lane0,,1,dq_lane,14,16,148.0,426.0,609.0,140.0,367.5,634.0,-58.5,0.486607,fail_lower,0.513393,-0.026786,overlap,0.0,0.200446
baseline_seed_31_60,skew,signed_dqs_minus_dq_bit__idelay_cntvaluein_skew__lane1__dq8__ctrl_3__dqs_vs_dq_bit__value_ps,signed_dqs_minus_dq_bit,idelay_cntvaluein_skew,lane1,dq8,3,dqs_vs_dq_bit,14,16,-864.0,32.0,260.0,-844.0,-10.5,707.0,-42.5,0.513393,fail_higher,0.513393,0.026786,overlap,0.0,0.200446
baseline_seed_31_60,direct,direct_max__dq_iologic__lane0__dq2__ctrl_none__endpoint__value_ps,direct_max,dq_iologic,lane0,dq2,,endpoint,14,16,1629.0,2026.0,3144.0,1764.0,2063.5,3530.0,37.5,0.486607,fail_lower,0.513393,-0.026786,overlap,0.0,0.200446
baseline_seed_31_60,skew,abs_ld_minus_cntvaluein_dqs__idelay_ld_cntvaluein_skew__lane0__dqs0__ctrl_1__ld_vs_cntvaluein_dqs__value_ps,abs_ld_minus_cntvaluein_dqs,idelay_ld_cntvaluein_skew,lane0,dqs0,1,ld_vs_cntvaluein_dqs,14,16,53.0,298.0,928.0,13.0,332.5,598.0,34.5,0.513393,fail_higher,0.513393,0.026786,overlap,0.0,0.200446
baseline_seed_31_60,skew,abs_dqs_minus_dq_median__idelay_cntvaluein_skew__lane1__dqs1__ctrl_3__dqs_vs_dq_lane__value_ps,abs_dqs_minus_dq_median,idelay_cntvaluein_skew,lane1,dqs1,3,dqs_vs_dq_lane,14,16,64.0,226.25,823.0,35.5,193.25,802.0,-33.0,0.486607,fail_lower,0.513393,-0.026786,overlap,0.0,0.200446
baseline_seed_31_60,skew,abs_dqs_minus_dq_bit__idelay_cntvaluein_skew__lane1__dq12__ctrl_3__dqs_vs_dq_bit__value_ps,abs_dqs_minus_dq_bit,idelay_cntvaluein_skew,lane1,dq12,3,dqs_vs_dq_bit,14,16,39.0,210.5,920.0,10.0,238.5,811.0,28.0,0.486607,fail_lower,0.513393,-0.026786,overlap,0.0,0.200446
baseline_seed_31_60,direct,direct_max__idelay_data_cntvaluein__lane1__dq13__ctrl_4__endpoint__value_ps,direct_max,idelay_data_cntvaluein,lane1,dq13,4,endpoint,14,16,963.0,1383.5,1771.0,864.0,1360.0,1827.0,-23.5,0.513393,fail_higher,0.513393,0.026786,overlap,0.0,0.200446
baseline_seed_31_60,direct,direct_max__idelay_ld__lane1__dq9__ctrl_none__endpoint__value_ps,direct_max,idelay_ld,lane1,dq9,,endpoint,14,16,1021.0,1287.5,1922.0,1106.0,1297.0,1697.0,9.5,0.513393,fail_higher,0.513393,0.026786,overlap,0.0,0.200446
baseline_seed_31_60,direct,direct_max__idelay_data_cntvaluein__lane0__dq2__ctrl_4__endpoint__value_ps,direct_max,idelay_data_cntvaluein,lane0,dq2,4,endpoint,14,16,1138.0,1606.5,2312.0,1157.0,1605.5,2467.0,-1.0,0.486607,fail_lower,0.513393,-0.026786,overlap,0.0,0.200446
baseline_seed_31_60,direct,direct_max__idelay_data_cntvaluein__lane1__dq10__ctrl_1__endpoint__value_ps,direct_max,idelay_data_cntvaluein,lane1,dq10,1,endpoint,14,16,1024.0,1404.0,1925.0,972.0,1404.0,1986.0,0.0,0.513393,fail_higher,0.513393,0.026786,overlap,0.0,0.200446
baseline_seed_31_60,direct,direct_max__idelay_data_cntvaluein__lane1__dq15__ctrl_0__endpoint__value_ps,direct_max,idelay_data_cntvaluein,lane1,dq15,0,endpoint,14,16,855.0,1217.5,1782.0,736.0,1308.0,1524.0,90.5,0.488839,fail_lower,0.511161,-0.022321,overlap,0.0,0.167038
baseline_seed_31_60,direct,direct_max__idelay_data_cntvaluein__lane0__dq4__ctrl_3__endpoint__value_ps,direct_max,idelay_data_cntvaluein,lane0,dq4,3,endpoint,14,16,1256.0,1766.0,2302.0,1172.0,1724.0,2612.0,-42.0,0.511161,fail_higher,0.511161,0.022321,overlap,0.0,0.167038
baseline_seed_31_60,skew,abs_ld_minus_cntvaluein_dqs__idelay_ld_cntvaluein_skew__lane1__dqs1__ctrl_0__ld_vs_cntvaluein_dqs__value_ps,abs_ld_minus_cntvaluein_dqs,idelay_ld_cntvaluein_skew,lane1,dqs1,0,ld_vs_cntvaluein_dqs,14,16,3.0,422.5,988.0,33.0,309.0,850.0,-113.5,0.491071,fail_lower,0.508929,-0.017857,overlap,0.0,0.133631
baseline_seed_31_60,skew,abs_dqs_minus_dq_bit__idelay_cntvaluein_skew__lane0__dq7__ctrl_1__dqs_vs_dq_bit__value_ps,abs_dqs_minus_dq_bit,idelay_cntvaluein_skew,lane0,dq7,1,dqs_vs_dq_bit,14,16,110.0,367.5,1183.0,35.0,480.5,1020.0,113.0,0.491071,fail_lower,0.508929,-0.017857,overlap,0.0,0.133631
baseline_seed_31_60,skew,signed_dqs_minus_dq_bit__idelay_cntvaluein_skew__lane0__dq4__ctrl_3__dqs_vs_dq_bit__value_ps,signed_dqs_minus_dq_bit,idelay_cntvaluein_skew,lane0,dq4,3,dqs_vs_dq_bit,14,16,-1005.0,49.5,803.0,-1086.0,-33.5,897.0,-83.0,0.508929,fail_higher,0.508929,0.017857,overlap,0.0,0.133631
baseline_seed_31_60,skew,abs_dqs_minus_dq_bit__idelay_cntvaluein_skew__lane1__dq15__ctrl_2__dqs_vs_dq_bit__value_ps,abs_dqs_minus_dq_bit,idelay_cntvaluein_skew,lane1,dq15,2,dqs_vs_dq_bit,14,16,26.0,274.5,790.0,0.0,310.0,600.0,35.5,0.508929,fail_higher,0.508929,0.017857,overlap,0.0,0.133631
baseline_seed_31_60,skew,signed_lane1_minus_lane0_dq_median__idelay_cntvaluein_skew__all__no_bit__ctrl_4__lane1_vs_lane0_dq__value_ps,signed_lane1_minus_lane0_dq_median,idelay_cntvaluein_skew,all,,4,lane1_vs_lane0_dq,14,16,-565.0,-295.0,-49.0,-621.5,-263.75,32.0,31.25,0.508929,fail_higher,0.508929,0.017857,overlap,0.0,0.133631
baseline_seed_31_60,skew,abs_lane1_minus_lane0_dq_median__idelay_cntvaluein_skew__all__no_bit__ctrl_4__lane1_vs_lane0_dq__value_ps,abs_lane1_minus_lane0_dq_median,idelay_cntvaluein_skew,all,,4,lane1_vs_lane0_dq,14,16,49.0,295.0,565.0,13.0,263.75,621.5,-31.25,0.491071,fail_lower,0.508929,-0.017857,overlap,0.0,0.133631
baseline_seed_31_60,skew,abs_ld_minus_cntvaluein_dq_median__idelay_ld_cntvaluein_skew__lane0__no_bit__ctrl_1__ld_vs_cntvaluein_dq_lane__value_ps,abs_ld_minus_cntvaluein_dq_median,idelay_ld_cntvaluein_skew,lane0,,1,ld_vs_cntvaluein_dq_lane,14,16,36.0,247.75,614.0,6.5,278.0,889.0,30.25,0.491071,fail_lower,0.508929,-0.017857,overlap,0.0,0.133631
baseline_seed_31_60,skew,signed_dqs_minus_dq_bit__idelay_cntvaluein_skew__lane1__dq14__ctrl_4__dqs_vs_dq_bit__value_ps,signed_dqs_minus_dq_bit,idelay_cntvaluein_skew,lane1,dq14,4,dqs_vs_dq_bit,14,16,-727.0,-17.0,248.0,-648.0,-84.5,633.0,-67.5,0.506696,fail_higher,0.506696,0.013393,overlap,0.0,0.100223
baseline_seed_31_60,direct,direct_max__idelay_ld__lane1__dq12__ctrl_none__endpoint__value_ps,direct_max,idelay_ld,lane1,dq12,,endpoint,14,16,1175.0,1520.0,1914.0,1365.0,1572.5,2111.0,52.5,0.506696,fail_higher,0.506696,0.013393,overlap,0.0,0.100223
baseline_seed_31_60,skew,abs_dqs_minus_dq_bit__idelay_cntvaluein_skew__lane1__dq10__ctrl_3__dqs_vs_dq_bit__value_ps,abs_dqs_minus_dq_bit,idelay_cntvaluein_skew,lane1,dq10,3,dqs_vs_dq_bit,14,16,5.0,265.0,1002.0,5.0,215.0,732.0,-50.0,0.493304,fail_lower,0.506696,-0.013393,overlap,0.0,0.100223
baseline_seed_31_60,skew,abs_dqs_minus_dq_bit__idelay_cntvaluein_skew__lane1__dq14__ctrl_3__dqs_vs_dq_bit__value_ps,abs_dqs_minus_dq_bit,idelay_cntvaluein_skew,lane1,dq14,3,dqs_vs_dq_bit,14,16,69.0,231.0,910.0,61.0,256.5,793.0,25.5,0.506696,fail_higher,0.506696,0.013393,overlap,0.0,0.100223
baseline_seed_31_60,direct,direct_max__idelay_data_cntvaluein__lane0__dq4__ctrl_4__endpoint__value_ps,direct_max,idelay_data_cntvaluein,lane0,dq4,4,endpoint,14,16,1220.0,1536.5,2359.0,1151.0,1700.0,2382.0,163.5,0.495536,fail_lower,0.504464,-0.008929,overlap,0.0,0.066815
baseline_seed_31_60,direct,direct_max__idelay_data_cntvaluein__lane0__dq3__ctrl_1__endpoint__value_ps,direct_max,idelay_data_cntvaluein,lane0,dq3,1,endpoint,14,16,1067.0,1552.0,2009.0,1133.0,1464.5,1996.0,-87.5,0.495536,fail_lower,0.504464,-0.008929,overlap,0.0,0.066815
baseline_seed_31_60,skew,signed_ld_minus_cntvaluein_dq_median__idelay_ld_cntvaluein_skew__lane1__no_bit__ctrl_4__ld_vs_cntvaluein_dq_lane__value_ps,signed_ld_minus_cntvaluein_dq_median,idelay_ld_cntvaluein_skew,lane1,,4,ld_vs_cntvaluein_dq_lane,14,16,-631.5,115.25,470.5,-316.0,179.0,669.5,63.75,0.495536,fail_lower,0.504464,-0.008929,overlap,0.0,0.066815
baseline_seed_31_60,skew,signed_dqs_minus_dq_bit__idelay_cntvaluein_skew__lane0__dq1__ctrl_3__dqs_vs_dq_bit__value_ps,signed_dqs_minus_dq_bit,idelay_cntvaluein_skew,lane0,dq1,3,dqs_vs_dq_bit,14,16,-1003.0,5.0,895.0,-996.0,-42.0,813.0,-47.0,0.495536,fail_lower,0.504464,-0.008929,overlap,0.0,0.066815
baseline_seed_31_60,direct,direct_max__idelay_data_cntvaluein__lane0__dq6__ctrl_1__endpoint__value_ps,direct_max,idelay_data_cntvaluein,lane0,dq6,1,endpoint,14,16,1032.0,1822.0,2217.0,1342.0,1776.0,2372.0,-46.0,0.495536,fail_lower,0.504464,-0.008929,overlap,0.0,0.066815
baseline_seed_31_60,direct,direct_max__idelay_data_cntvaluein__lane0__dq7__ctrl_4__endpoint__value_ps,direct_max,idelay_data_cntvaluein,lane0,dq7,4,endpoint,14,16,1174.0,1676.5,2364.0,1246.0,1707.0,2641.0,30.5,0.504464,fail_higher,0.504464,0.008929,overlap,0.0,0.066815
baseline_seed_31_60,skew,signed_dqs_minus_dq_bit__idelay_cntvaluein_skew__lane1__dq8__ctrl_1__dqs_vs_dq_bit__value_ps,signed_dqs_minus_dq_bit,idelay_cntvaluein_skew,lane1,dq8,1,dqs_vs_dq_bit,14,16,-930.0,-162.0,536.0,-778.0,-173.0,505.0,-11.0,0.495536,fail_lower,0.504464,-0.008929,overlap,0.0,0.066815
baseline_seed_31_60,direct,direct_max__reset_release__all__no_bit__ctrl_none__endpoint__value_ps,direct_max,reset_release,all,,,endpoint,14,16,495.0,709.5,1259.0,495.0,809.5,1125.0,100.0,0.502232,fail_higher,0.502232,0.004464,overlap,0.0,0.033408
baseline_seed_31_60,direct,lane_spread__reset_release__all__no_bit__ctrl_none__lane__value_ps,lane_spread,reset_release,all,,,lane,14,16,495.0,709.5,1259.0,495.0,809.5,1125.0,100.0,0.502232,fail_higher,0.502232,0.004464,overlap,0.0,0.033408
baseline_seed_31_60,skew,signed_dqs_minus_dq_bit__idelay_cntvaluein_skew__lane1__dq11__ctrl_1__dqs_vs_dq_bit__value_ps,signed_dqs_minus_dq_bit,idelay_cntvaluein_skew,lane1,dq11,1,dqs_vs_dq_bit,14,16,-752.0,21.5,711.0,-452.0,-43.5,630.0,-65.0,0.502232,fail_higher,0.502232,0.004464,overlap,0.0,0.033408
baseline_seed_31_60,skew,signed_dqs_minus_dq_bit__idelay_cntvaluein_skew__lane0__dq3__ctrl_3__dqs_vs_dq_bit__value_ps,signed_dqs_minus_dq_bit,idelay_cntvaluein_skew,lane0,dq3,3,dqs_vs_dq_bit,14,16,-913.0,120.5,989.0,-632.0,106.0,1099.0,-14.5,0.497768,fail_lower,0.502232,-0.004464,overlap,0.0,0.033408
baseline_seed_31_60,direct,cntvaluein_bus_skew__idelay_data_cntvaluein__lane0__dq3__ctrl_none__dq3__value_ps,cntvaluein_bus_skew,idelay_data_cntvaluein,lane0,dq3,,dq3,14,16,270.0,528.0,959.0,221.0,539.5,930.0,11.5,0.497768,fail_lower,0.502232,-0.004464,overlap,0.0,0.033408
baseline_seed_31_60,skew,abs_dqs_minus_dq_bit__idelay_cntvaluein_skew__lane1__dq15__ctrl_3__dqs_vs_dq_bit__value_ps,abs_dqs_minus_dq_bit,idelay_cntvaluein_skew,lane1,dq15,3,dqs_vs_dq_bit,14,16,13.0,336.0,638.0,86.0,261.0,1174.0,-75.0,0.5,fail_higher,0.5,0.0,overlap,0.0,0.0
baseline_seed_31_60,skew,signed_dqs_minus_dq_bit__idelay_cntvaluein_skew__lane1__dq12__ctrl_4__dqs_vs_dq_bit__value_ps,signed_dqs_minus_dq_bit,idelay_cntvaluein_skew,lane1,dq12,4,dqs_vs_dq_bit,14,16,-642.0,-37.0,337.0,-475.0,-105.0,582.0,-68.0,0.5,fail_higher,0.5,0.0,overlap,0.0,0.0
baseline_seed_31_60,skew,signed_ld_minus_cntvaluein_dq_median__idelay_ld_cntvaluein_skew__lane1__no_bit__ctrl_1__ld_vs_cntvaluein_dq_lane__value_ps,signed_ld_minus_cntvaluein_dq_median,idelay_ld_cntvaluein_skew,lane1,,1,ld_vs_cntvaluein_dq_lane,14,16,-270.0,159.5,472.0,-342.5,99.0,569.0,-60.5,0.5,fail_higher,0.5,0.0,overlap,0.0,0.0
baseline_seed_31_60,skew,signed_dqs_minus_dq_bit__idelay_cntvaluein_skew__lane0__dq0__ctrl_3__dqs_vs_dq_bit__value_ps,signed_dqs_minus_dq_bit,idelay_cntvaluein_skew,lane0,dq0,3,dqs_vs_dq_bit,14,16,-913.0,50.0,979.0,-987.0,-8.0,869.0,-58.0,0.5,fail_higher,0.5,0.0,overlap,0.0,0.0
baseline_seed_31_60,skew,signed_dqs_minus_dq_bit__idelay_cntvaluein_skew__lane1__dq13__ctrl_1__dqs_vs_dq_bit__value_ps,signed_dqs_minus_dq_bit,idelay_cntvaluein_skew,lane1,dq13,1,dqs_vs_dq_bit,14,16,-844.0,-62.0,628.0,-533.0,-115.0,717.0,-53.0,0.5,fail_higher,0.5,0.0,overlap,0.0,0.0
baseline_seed_31_60,skew,abs_ld_minus_cntvaluein_dq_median__idelay_ld_cntvaluein_skew__lane0__no_bit__ctrl_2__ld_vs_cntvaluein_dq_lane__value_ps,abs_ld_minus_cntvaluein_dq_median,idelay_ld_cntvaluein_skew,lane0,,2,ld_vs_cntvaluein_dq_lane,14,16,76.0,308.0,799.5,67.0,275.0,835.5,-33.0,0.5,fail_higher,0.5,0.0,overlap,0.0,0.0
baseline_seed_31_60,skew,abs_ld_dqs_minus_dq_median__idelay_ld_skew__lane0__dqs0__ctrl_none__dqs_vs_dq_lane__value_ps,abs_ld_dqs_minus_dq_median,idelay_ld_skew,lane0,dqs0,,dqs_vs_dq_lane,14,16,0.0,129.0,298.0,14.0,131.75,243.0,2.75,0.5,fail_higher,0.5,0.0,overlap,0.0,0.0
baseline_seed_31_60,direct,control_fanout_spread__idelay_dqs_cntvaluein__lane0__no_bit__ctrl_0__lane_control_bit__value_ps,control_fanout_spread,idelay_dqs_cntvaluein,lane0,,0,lane_control_bit,14,16,0.0,0.0,0.0,0.0,0.0,0.0,0.0,0.5,fail_higher,0.5,0.0,overlap,0.0,0.0
baseline_seed_31_60,direct,control_fanout_spread__idelay_dqs_cntvaluein__lane0__no_bit__ctrl_1__lane_control_bit__value_ps,control_fanout_spread,idelay_dqs_cntvaluein,lane0,,1,lane_control_bit,14,16,0.0,0.0,0.0,0.0,0.0,0.0,0.0,0.5,fail_higher,0.5,0.0,overlap,0.0,0.0
baseline_seed_31_60,direct,control_fanout_spread__idelay_dqs_cntvaluein__lane0__no_bit__ctrl_2__lane_control_bit__value_ps,control_fanout_spread,idelay_dqs_cntvaluein,lane0,,2,lane_control_bit,14,16,0.0,0.0,0.0,0.0,0.0,0.0,0.0,0.5,fail_higher,0.5,0.0,overlap,0.0,0.0
baseline_seed_31_60,direct,control_fanout_spread__idelay_dqs_cntvaluein__lane0__no_bit__ctrl_3__lane_control_bit__value_ps,control_fanout_spread,idelay_dqs_cntvaluein,lane0,,3,lane_control_bit,14,16,0.0,0.0,0.0,0.0,0.0,0.0,0.0,0.5,fail_higher,0.5,0.0,overlap,0.0,0.0
baseline_seed_31_60,direct,control_fanout_spread__idelay_dqs_cntvaluein__lane0__no_bit__ctrl_4__lane_control_bit__value_ps,control_fanout_spread,idelay_dqs_cntvaluein,lane0,,4,lane_control_bit,14,16,0.0,0.0,0.0,0.0,0.0,0.0,0.0,0.5,fail_higher,0.5,0.0,overlap,0.0,0.0
baseline_seed_31_60,direct,control_fanout_spread__idelay_dqs_cntvaluein__lane1__no_bit__ctrl_0__lane_control_bit__value_ps,control_fanout_spread,idelay_dqs_cntvaluein,lane1,,0,lane_control_bit,14,16,0.0,0.0,0.0,0.0,0.0,0.0,0.0,0.5,fail_higher,0.5,0.0,overlap,0.0,0.0
baseline_seed_31_60,direct,control_fanout_spread__idelay_dqs_cntvaluein__lane1__no_bit__ctrl_1__lane_control_bit__value_ps,control_fanout_spread,idelay_dqs_cntvaluein,lane1,,1,lane_control_bit,14,16,0.0,0.0,0.0,0.0,0.0,0.0,0.0,0.5,fail_higher,0.5,0.0,overlap,0.0,0.0
baseline_seed_31_60,direct,control_fanout_spread__idelay_dqs_cntvaluein__lane1__no_bit__ctrl_2__lane_control_bit__value_ps,control_fanout_spread,idelay_dqs_cntvaluein,lane1,,2,lane_control_bit,14,16,0.0,0.0,0.0,0.0,0.0,0.0,0.0,0.5,fail_higher,0.5,0.0,overlap,0.0,0.0
baseline_seed_31_60,direct,control_fanout_spread__idelay_dqs_cntvaluein__lane1__no_bit__ctrl_3__lane_control_bit__value_ps,control_fanout_spread,idelay_dqs_cntvaluein,lane1,,3,lane_control_bit,14,16,0.0,0.0,0.0,0.0,0.0,0.0,0.0,0.5,fail_higher,0.5,0.0,overlap,0.0,0.0
baseline_seed_31_60,direct,control_fanout_spread__idelay_dqs_cntvaluein__lane1__no_bit__ctrl_4__lane_control_bit__value_ps,control_fanout_spread,idelay_dqs_cntvaluein,lane1,,4,lane_control_bit,14,16,0.0,0.0,0.0,0.0,0.0,0.0,0.0,0.5,fail_higher,0.5,0.0,overlap,0.0,0.0
baseline_seed_31_60,direct,direct_max__clocking__lane0__dq0__ctrl_none__endpoint__value_ps,direct_max,clocking,lane0,dq0,,endpoint,14,16,1314.0,1314.0,1314.0,1314.0,1314.0,1314.0,0.0,0.5,fail_higher,0.5,0.0,overlap,0.0,0.0
baseline_seed_31_60,direct,direct_max__clocking__lane0__dq1__ctrl_none__endpoint__value_ps,direct_max,clocking,lane0,dq1,,endpoint,14,16,1314.0,1314.0,1314.0,1314.0,1314.0,1314.0,0.0,0.5,fail_higher,0.5,0.0,overlap,0.0,0.0
baseline_seed_31_60,direct,direct_max__clocking__lane0__dq2__ctrl_none__endpoint__value_ps,direct_max,clocking,lane0,dq2,,endpoint,14,16,1314.0,1314.0,1314.0,1314.0,1314.0,1314.0,0.0,0.5,fail_higher,0.5,0.0,overlap,0.0,0.0
baseline_seed_31_60,direct,direct_max__clocking__lane0__dq3__ctrl_none__endpoint__value_ps,direct_max,clocking,lane0,dq3,,endpoint,14,16,1314.0,1314.0,1314.0,1314.0,1314.0,1314.0,0.0,0.5,fail_higher,0.5,0.0,overlap,0.0,0.0
baseline_seed_31_60,direct,direct_max__clocking__lane0__dq4__ctrl_none__endpoint__value_ps,direct_max,clocking,lane0,dq4,,endpoint,14,16,1314.0,1314.0,1314.0,1314.0,1314.0,1314.0,0.0,0.5,fail_higher,0.5,0.0,overlap,0.0,0.0
baseline_seed_31_60,direct,direct_max__clocking__lane0__dq5__ctrl_none__endpoint__value_ps,direct_max,clocking,lane0,dq5,,endpoint,14,16,1314.0,1314.0,1314.0,1314.0,1314.0,1314.0,0.0,0.5,fail_higher,0.5,0.0,overlap,0.0,0.0
baseline_seed_31_60,direct,direct_max__clocking__lane0__dq6__ctrl_none__endpoint__value_ps,direct_max,clocking,lane0,dq6,,endpoint,14,16,1314.0,1314.0,1314.0,1314.0,1314.0,1314.0,0.0,0.5,fail_higher,0.5,0.0,overlap,0.0,0.0
baseline_seed_31_60,direct,direct_max__clocking__lane0__dq7__ctrl_none__endpoint__value_ps,direct_max,clocking,lane0,dq7,,endpoint,14,16,1314.0,1314.0,1314.0,1314.0,1314.0,1314.0,0.0,0.5,fail_higher,0.5,0.0,overlap,0.0,0.0
baseline_seed_31_60,direct,direct_max__clocking__lane0__dqs0__ctrl_none__endpoint__value_ps,direct_max,clocking,lane0,dqs0,,endpoint,14,16,1279.0,1279.0,1279.0,1279.0,1279.0,1279.0,0.0,0.5,fail_higher,0.5,0.0,overlap,0.0,0.0
baseline_seed_31_60,direct,direct_max__clocking__lane1__dq10__ctrl_none__endpoint__value_ps,direct_max,clocking,lane1,dq10,,endpoint,14,16,1314.0,1314.0,1314.0,1314.0,1314.0,1314.0,0.0,0.5,fail_higher,0.5,0.0,overlap,0.0,0.0
baseline_seed_31_60,direct,direct_max__clocking__lane1__dq11__ctrl_none__endpoint__value_ps,direct_max,clocking,lane1,dq11,,endpoint,14,16,1314.0,1314.0,1314.0,1314.0,1314.0,1314.0,0.0,0.5,fail_higher,0.5,0.0,overlap,0.0,0.0
baseline_seed_31_60,direct,direct_max__clocking__lane1__dq12__ctrl_none__endpoint__value_ps,direct_max,clocking,lane1,dq12,,endpoint,14,16,1314.0,1314.0,1314.0,1314.0,1314.0,1314.0,0.0,0.5,fail_higher,0.5,0.0,overlap,0.0,0.0
baseline_seed_31_60,direct,direct_max__clocking__lane1__dq13__ctrl_none__endpoint__value_ps,direct_max,clocking,lane1,dq13,,endpoint,14,16,1314.0,1314.0,1314.0,1314.0,1314.0,1314.0,0.0,0.5,fail_higher,0.5,0.0,overlap,0.0,0.0
baseline_seed_31_60,direct,direct_max__clocking__lane1__dq14__ctrl_none__endpoint__value_ps,direct_max,clocking,lane1,dq14,,endpoint,14,16,1314.0,1314.0,1314.0,1314.0,1314.0,1314.0,0.0,0.5,fail_higher,0.5,0.0,overlap,0.0,0.0
baseline_seed_31_60,direct,direct_max__clocking__lane1__dq15__ctrl_none__endpoint__value_ps,direct_max,clocking,lane1,dq15,,endpoint,14,16,1314.0,1314.0,1314.0,1314.0,1314.0,1314.0,0.0,0.5,fail_higher,0.5,0.0,overlap,0.0,0.0
baseline_seed_31_60,direct,direct_max__clocking__lane1__dq8__ctrl_none__endpoint__value_ps,direct_max,clocking,lane1,dq8,,endpoint,14,16,1314.0,1314.0,1314.0,1314.0,1314.0,1314.0,0.0,0.5,fail_higher,0.5,0.0,overlap,0.0,0.0
baseline_seed_31_60,direct,direct_max__clocking__lane1__dq9__ctrl_none__endpoint__value_ps,direct_max,clocking,lane1,dq9,,endpoint,14,16,1314.0,1314.0,1314.0,1314.0,1314.0,1314.0,0.0,0.5,fail_higher,0.5,0.0,overlap,0.0,0.0
baseline_seed_31_60,direct,direct_max__clocking__lane1__dqs1__ctrl_none__endpoint__value_ps,direct_max,clocking,lane1,dqs1,,endpoint,14,16,1279.0,1279.0,1279.0,1279.0,1279.0,1279.0,0.0,0.5,fail_higher,0.5,0.0,overlap,0.0,0.0
baseline_seed_31_60,direct,lane_spread__clocking__lane0__no_bit__ctrl_none__lane__value_ps,lane_spread,clocking,lane0,,,lane,14,16,135.0,135.0,135.0,135.0,135.0,135.0,0.0,0.5,fail_higher,0.5,0.0,overlap,0.0,0.0
baseline_seed_31_60,direct,lane_spread__clocking__lane1__no_bit__ctrl_none__lane__value_ps,lane_spread,clocking,lane1,,,lane,14,16,135.0,135.0,135.0,135.0,135.0,135.0,0.0,0.5,fail_higher,0.5,0.0,overlap,0.0,0.0
baseline_seed_31_60,skew,dq_lane_range__clocking_skew__lane0__no_bit__ctrl_none__dq_lane__value_ps,dq_lane_range,clocking_skew,lane0,,,dq_lane,14,16,0.0,0.0,0.0,0.0,0.0,0.0,0.0,0.5,fail_higher,0.5,0.0,overlap,0.0,0.0
baseline_seed_31_60,skew,signed_dqs_minus_dq_median__clocking_skew__lane0__dqs0__ctrl_none__dqs_vs_dq_lane__value_ps,signed_dqs_minus_dq_median,clocking_skew,lane0,dqs0,,dqs_vs_dq_lane,14,16,-35.0,-35.0,-35.0,-35.0,-35.0,-35.0,0.0,0.5,fail_higher,0.5,0.0,overlap,0.0,0.0
baseline_seed_31_60,skew,abs_dqs_minus_dq_median__clocking_skew__lane0__dqs0__ctrl_none__dqs_vs_dq_lane__value_ps,abs_dqs_minus_dq_median,clocking_skew,lane0,dqs0,,dqs_vs_dq_lane,14,16,35.0,35.0,35.0,35.0,35.0,35.0,0.0,0.5,fail_higher,0.5,0.0,overlap,0.0,0.0
baseline_seed_31_60,skew,dq_lane_range__clocking_skew__lane1__no_bit__ctrl_none__dq_lane__value_ps,dq_lane_range,clocking_skew,lane1,,,dq_lane,14,16,0.0,0.0,0.0,0.0,0.0,0.0,0.0,0.5,fail_higher,0.5,0.0,overlap,0.0,0.0
baseline_seed_31_60,skew,signed_dqs_minus_dq_median__clocking_skew__lane1__dqs1__ctrl_none__dqs_vs_dq_lane__value_ps,signed_dqs_minus_dq_median,clocking_skew,lane1,dqs1,,dqs_vs_dq_lane,14,16,-35.0,-35.0,-35.0,-35.0,-35.0,-35.0,0.0,0.5,fail_higher,0.5,0.0,overlap,0.0,0.0
baseline_seed_31_60,skew,abs_dqs_minus_dq_median__clocking_skew__lane1__dqs1__ctrl_none__dqs_vs_dq_lane__value_ps,abs_dqs_minus_dq_median,clocking_skew,lane1,dqs1,,dqs_vs_dq_lane,14,16,35.0,35.0,35.0,35.0,35.0,35.0,0.0,0.5,fail_higher,0.5,0.0,overlap,0.0,0.0
baseline_abort2_vs_pass,skew,abs_dqs_minus_dq_bit__idelay_cntvaluein_skew__lane1__dq15__ctrl_0__dqs_vs_dq_bit__value_ps,abs_dqs_minus_dq_bit,idelay_cntvaluein_skew,lane1,dq15,0,dqs_vs_dq_bit,36,19,43.0,219.5,751.0,10.0,104.0,1240.0,-115.5,0.280702,fail_lower,0.719298,-0.438596,overlap,0.0,5.735393
baseline_abort2_vs_pass,skew,abs_dqs_minus_dq_bit__idelay_cntvaluein_skew__lane1__dq14__ctrl_3__dqs_vs_dq_bit__value_ps,abs_dqs_minus_dq_bit,idelay_cntvaluein_skew,lane1,dq14,3,dqs_vs_dq_bit,36,19,10.0,180.0,910.0,61.0,332.0,793.0,152.0,0.712719,fail_higher,0.712719,0.425439,overlap,0.0,5.563332
baseline_abort2_vs_pass,skew,signed_dqs_bus_skew_minus_dq_median__idelay_cntvaluein_skew__lane1__dqs1__ctrl_none__dqs_vs_dq_bus_skew__value_ps,signed_dqs_bus_skew_minus_dq_median,idelay_cntvaluein_skew,lane1,dqs1,,dqs_vs_dq_bus_skew,36,19,-532.5,-55.75,520.0,-290.5,71.5,901.0,127.25,0.701754,fail_higher,0.701754,0.403509,overlap,0.0,5.276562
baseline_abort2_vs_pass,direct,cntvaluein_bus_skew__idelay_data_cntvaluein__lane1__dq10__ctrl_none__dq10__value_ps,cntvaluein_bus_skew,idelay_data_cntvaluein,lane1,dq10,,dq10,36,19,272.0,569.0,1075.0,227.0,439.0,808.0,-130.0,0.298977,fail_lower,0.701023,-0.402047,overlap,0.0,5.257444
baseline_abort2_vs_pass,direct,cntvaluein_bus_skew__idelay_data_cntvaluein__lane1__dq8__ctrl_none__dq8__value_ps,cntvaluein_bus_skew,idelay_data_cntvaluein,lane1,dq8,,dq8,36,19,222.0,623.0,1266.0,165.0,448.0,900.0,-175.0,0.30117,fail_lower,0.69883,-0.397661,overlap,0.0,5.20009
baseline_abort2_vs_pass,direct,direct_max__idelay_data_cntvaluein__lane0__dq6__ctrl_2__endpoint__value_ps,direct_max,idelay_data_cntvaluein,lane0,dq6,2,endpoint,36,19,1305.0,1846.5,2401.0,1205.0,1590.0,2335.0,-256.5,0.302632,fail_lower,0.697368,-0.394737,overlap,0.0,5.161854
baseline_abort2_vs_pass,skew,signed_dqs_bus_skew_minus_dq_median__idelay_cntvaluein_skew__lane0__dqs0__ctrl_none__dqs_vs_dq_bus_skew__value_ps,signed_dqs_bus_skew_minus_dq_median,idelay_cntvaluein_skew,lane0,dqs0,,dqs_vs_dq_bus_skew,36,19,-679.5,-59.75,637.0,-391.0,211.5,858.0,271.25,0.694444,fail_higher,0.694444,0.388889,overlap,0.0,5.085382
baseline_abort2_vs_pass,direct,cntvaluein_bus_skew__idelay_data_cntvaluein__lane1__dq9__ctrl_none__dq9__value_ps,cntvaluein_bus_skew,idelay_data_cntvaluein,lane1,dq9,,dq9,36,19,117.0,421.5,827.0,130.0,291.0,1028.0,-130.5,0.311404,fail_lower,0.688596,-0.377193,overlap,0.0,4.932438
baseline_abort2_vs_pass,direct,direct_max__idelay_data_cntvaluein__lane0__dq7__ctrl_2__endpoint__value_ps,direct_max,idelay_data_cntvaluein,lane0,dq7,2,endpoint,36,19,1236.0,1832.0,2395.0,1241.0,1588.0,2325.0,-244.0,0.315789,fail_lower,0.684211,-0.368421,overlap,0.0,4.81773
baseline_abort2_vs_pass,direct,cntvaluein_bus_skew__idelay_data_cntvaluein__lane1__dq13__ctrl_none__dq13__value_ps,cntvaluein_bus_skew,idelay_data_cntvaluein,lane1,dq13,,dq13,36,19,130.0,482.5,858.0,166.0,363.0,717.0,-119.5,0.319444,fail_lower,0.680556,-0.361111,overlap,0.0,4.722141
baseline_abort2_vs_pass,skew,signed_ld_minus_cntvaluein_dq_median__idelay_ld_cntvaluein_skew__lane0__no_bit__ctrl_2__ld_vs_cntvaluein_dq_lane__value_ps,signed_ld_minus_cntvaluein_dq_median,idelay_ld_cntvaluein_skew,lane0,,2,ld_vs_cntvaluein_dq_lane,36,19,-799.5,-55.25,779.0,-702.5,187.5,835.5,242.75,0.673977,fail_higher,0.673977,0.347953,overlap,0.0,4.550079
baseline_abort2_vs_pass,direct,cntvaluein_bus_skew__idelay_data_cntvaluein__lane1__dq15__ctrl_none__dq15__value_ps,cntvaluein_bus_skew,idelay_data_cntvaluein,lane1,dq15,,dq15,36,19,147.0,410.0,697.0,101.0,305.0,856.0,-105.0,0.326754,fail_lower,0.673246,-0.346491,overlap,0.0,4.530961
baseline_abort2_vs_pass,skew,abs_ld_minus_cntvaluein_dqs__idelay_ld_cntvaluein_skew__lane0__dqs0__ctrl_3__ld_vs_cntvaluein_dqs__value_ps,abs_ld_minus_cntvaluein_dqs,idelay_ld_cntvaluein_skew,lane0,dqs0,3,ld_vs_cntvaluein_dqs,36,19,10.0,230.0,1378.0,8.0,442.0,678.0,212.0,0.671784,fail_higher,0.671784,0.343567,overlap,0.0,4.492725
baseline_abort2_vs_pass,direct,direct_max__idelay_data_cntvaluein__lane0__dq2__ctrl_2__endpoint__value_ps,direct_max,idelay_data_cntvaluein,lane0,dq2,2,endpoint,36,19,1207.0,1822.0,2233.0,1202.0,1575.0,2240.0,-247.0,0.330409,fail_lower,0.669591,-0.339181,overlap,0.0,4.435371
baseline_abort2_vs_pass,direct,cntvaluein_bus_skew__idelay_data_cntvaluein__lane1__dq14__ctrl_none__dq14__value_ps,cntvaluein_bus_skew,idelay_data_cntvaluein,lane1,dq14,,dq14,36,19,192.0,575.0,1034.0,181.0,454.0,739.0,-121.0,0.330409,fail_lower,0.669591,-0.339181,overlap,0.0,4.435371
baseline_abort2_vs_pass,skew,abs_dqs_minus_dq_bit__idelay_cntvaluein_skew__lane1__dq12__ctrl_3__dqs_vs_dq_bit__value_ps,abs_dqs_minus_dq_bit,idelay_cntvaluein_skew,lane1,dq12,3,dqs_vs_dq_bit,36,19,34.0,167.5,920.0,35.0,307.0,876.0,139.5,0.665936,fail_higher,0.665936,0.331871,overlap,0.0,4.339781
baseline_abort2_vs_pass,direct,lane_spread__idelay_data_cntvaluein__lane1__no_bit__ctrl_none__lane__value_ps,lane_spread,idelay_data_cntvaluein,lane1,,,lane,36,19,591.0,902.0,1332.0,435.0,765.0,1042.0,-137.0,0.334795,fail_lower,0.665205,-0.330409,overlap,0.0,4.320663
baseline_abort2_vs_pass,direct,lane_spread__idelay_data_cntvaluein__lane0__no_bit__ctrl_none__lane__value_ps,lane_spread,idelay_data_cntvaluein,lane0,,,lane,36,19,585.0,1001.5,1739.0,457.0,901.0,1325.0,-100.5,0.334795,fail_lower,0.665205,-0.330409,overlap,0.0,4.320663
baseline_abort2_vs_pass,direct,direct_max__idelay_data_cntvaluein__lane1__dq11__ctrl_2__endpoint__value_ps,direct_max,idelay_data_cntvaluein,lane1,dq11,2,endpoint,36,19,922.0,1403.5,1996.0,866.0,1277.0,2042.0,-126.5,0.336257,fail_lower,0.663743,-0.327485,overlap,0.0,4.282427
baseline_abort2_vs_pass,direct,direct_max__idelay_data_cntvaluein__lane0__dq1__ctrl_2__endpoint__value_ps,direct_max,idelay_data_cntvaluein,lane0,dq1,2,endpoint,36,19,1179.0,1870.5,2415.0,1243.0,1559.0,2220.0,-311.5,0.337719,fail_lower,0.662281,-0.324561,overlap,0.0,4.244191
baseline_abort2_vs_pass,skew,signed_lane1_minus_lane0_dqs__idelay_cntvaluein_skew__all__no_bit__ctrl_4__lane1_vs_lane0_dqs__value_ps,signed_lane1_minus_lane0_dqs,idelay_cntvaluein_skew,all,,4,lane1_vs_lane0_dqs,36,19,-583.0,-277.0,27.0,-556.0,-199.0,103.0,78.0,0.659357,fail_higher,0.659357,0.318713,overlap,0.0,4.167719
baseline_abort2_vs_pass,direct,direct_max__idelay_data_cntvaluein__lane0__dq4__ctrl_2__endpoint__value_ps,direct_max,idelay_data_cntvaluein,lane0,dq4,2,endpoint,36,19,1264.0,1901.5,2323.0,1284.0,1651.0,2303.0,-250.5,0.341374,fail_lower,0.658626,-0.317251,overlap,0.0,4.148601
baseline_abort2_vs_pass,skew,abs_lane1_minus_lane0_dqs__idelay_cntvaluein_skew__all__no_bit__ctrl_4__lane1_vs_lane0_dqs__value_ps,abs_lane1_minus_lane0_dqs,idelay_cntvaluein_skew,all,,4,lane1_vs_lane0_dqs,36,19,0.0,277.0,583.0,0.0,199.0,556.0,-78.0,0.343567,fail_lower,0.656433,-0.312865,overlap,0.0,4.091247
baseline_abort2_vs_pass,skew,abs_ld_minus_cntvaluein_dq_median__idelay_ld_cntvaluein_skew__lane1__no_bit__ctrl_0__ld_vs_cntvaluein_dq_lane__value_ps,abs_ld_minus_cntvaluein_dq_median,idelay_ld_cntvaluein_skew,lane1,,0,ld_vs_cntvaluein_dq_lane,36,19,1.5,169.25,571.5,71.5,277.0,631.5,107.75,0.65424,fail_higher,0.65424,0.30848,overlap,0.0,4.033893
baseline_abort2_vs_pass,skew,abs_ld_minus_cntvaluein_dq_median__idelay_ld_cntvaluein_skew__lane1__no_bit__ctrl_2__ld_vs_cntvaluein_dq_lane__value_ps,abs_ld_minus_cntvaluein_dq_median,idelay_ld_cntvaluein_skew,lane1,,2,ld_vs_cntvaluein_dq_lane,36,19,2.5,199.75,513.0,17.5,314.0,701.5,114.25,0.653509,fail_higher,0.653509,0.307018,overlap,0.0,4.014775
baseline_abort2_vs_pass,direct,control_fanout_spread__idelay_data_cntvaluein__lane0__no_bit__ctrl_4__lane_control_bit__value_ps,control_fanout_spread,idelay_data_cntvaluein,lane0,,4,lane_control_bit,36,19,142.0,378.0,863.0,153.0,296.0,768.0,-82.0,0.350146,fail_lower,0.649854,-0.299708,overlap,0.0,3.919185
baseline_abort2_vs_pass,skew,dq_lane_range__idelay_cntvaluein_skew__lane0__no_bit__ctrl_4__dq_lane__value_ps,dq_lane_range,idelay_cntvaluein_skew,lane0,,4,dq_lane,36,19,142.0,378.0,863.0,153.0,296.0,768.0,-82.0,0.350146,fail_lower,0.649854,-0.299708,overlap,0.0,3.919185
baseline_abort2_vs_pass,skew,abs_dqs_minus_dq_bit__idelay_cntvaluein_skew__lane1__dq9__ctrl_0__dqs_vs_dq_bit__value_ps,abs_dqs_minus_dq_bit,idelay_cntvaluein_skew,lane1,dq9,0,dqs_vs_dq_bit,36,19,21.0,225.5,746.0,20.0,140.0,1018.0,-85.5,0.353801,fail_lower,0.646199,-0.292398,overlap,0.0,3.823596
baseline_abort2_vs_pass,direct,direct_max__idelay_data_cntvaluein__lane1__dq15__ctrl_4__endpoint__value_ps,direct_max,idelay_data_cntvaluein,lane1,dq15,4,endpoint,36,19,739.0,1216.5,1886.0,669.0,1371.0,1684.0,154.5,0.643275,fail_higher,0.643275,0.28655,overlap,0.0,3.747124
baseline_abort2_vs_pass,skew,abs_dqs_minus_dq_bit__idelay_cntvaluein_skew__lane1__dq13__ctrl_3__dqs_vs_dq_bit__value_ps,abs_dqs_minus_dq_bit,idelay_cntvaluein_skew,lane1,dq13,3,dqs_vs_dq_bit,36,19,1.0,161.5,770.0,71.0,196.0,788.0,34.5,0.643275,fail_higher,0.643275,0.28655,overlap,0.0,3.747124
baseline_abort2_vs_pass,skew,dq_bus_skew_range__idelay_cntvaluein_skew__lane1__no_bit__ctrl_none__dq_lane_bus_skew__value_ps,dq_bus_skew_range,idelay_cntvaluein_skew,lane1,,,dq_lane_bus_skew,36,19,202.0,416.5,761.0,167.0,360.0,525.0,-56.5,0.36038,fail_lower,0.63962,-0.27924,overlap,0.0,3.651534
baseline_abort2_vs_pass,direct,direct_max__idelay_data_cntvaluein__lane1__dq8__ctrl_2__endpoint__value_ps,direct_max,idelay_data_cntvaluein,lane1,dq8,2,endpoint,36,19,958.0,1558.0,2078.0,864.0,1356.0,2223.0,-202.0,0.361111,fail_lower,0.638889,-0.277778,overlap,0.0,3.632416
baseline_abort2_vs_pass,skew,signed_ld_minus_cntvaluein_dq_median__idelay_ld_cntvaluein_skew__lane1__no_bit__ctrl_2__ld_vs_cntvaluein_dq_lane__value_ps,signed_ld_minus_cntvaluein_dq_median,idelay_ld_cntvaluein_skew,lane1,,2,ld_vs_cntvaluein_dq_lane,36,19,-513.0,35.25,475.5,-701.5,166.0,539.0,130.75,0.637427,fail_higher,0.637427,0.274854,overlap,0.0,3.59418
baseline_abort2_vs_pass,skew,abs_dqs_minus_dq_bit__idelay_cntvaluein_skew__lane0__dq5__ctrl_2__dqs_vs_dq_bit__value_ps,abs_dqs_minus_dq_bit,idelay_cntvaluein_skew,lane0,dq5,2,dqs_vs_dq_bit,36,19,16.0,234.0,891.0,165.0,312.0,1047.0,78.0,0.635965,fail_higher,0.635965,0.27193,overlap,0.0,3.555944
baseline_abort2_vs_pass,skew,abs_dqs_minus_dq_bit__idelay_cntvaluein_skew__lane1__dq10__ctrl_3__dqs_vs_dq_bit__value_ps,abs_dqs_minus_dq_bit,idelay_cntvaluein_skew,lane1,dq10,3,dqs_vs_dq_bit,36,19,5.0,224.5,1002.0,5.0,250.0,880.0,25.5,0.635965,fail_higher,0.635965,0.27193,overlap,0.0,3.555944
baseline_abort2_vs_pass,direct,cntvaluein_bus_skew__idelay_dqs_cntvaluein__lane0__dqs0__ctrl_none__dqs0__value_ps,cntvaluein_bus_skew,idelay_dqs_cntvaluein,lane0,dqs0,,dqs0,36,19,220.0,574.0,1188.0,147.0,846.0,1581.0,272.0,0.635234,fail_higher,0.635234,0.270468,overlap,0.0,3.536826
baseline_abort2_vs_pass,direct,lane_spread__idelay_dqs_cntvaluein__lane0__no_bit__ctrl_none__lane__value_ps,lane_spread,idelay_dqs_cntvaluein,lane0,,,lane,36,19,220.0,574.0,1188.0,147.0,846.0,1581.0,272.0,0.635234,fail_higher,0.635234,0.270468,overlap,0.0,3.536826
baseline_abort2_vs_pass,direct,cntvaluein_bus_skew__idelay_data_cntvaluein__lane1__dq11__ctrl_none__dq11__value_ps,cntvaluein_bus_skew,idelay_data_cntvaluein,lane1,dq11,,dq11,36,19,219.0,456.0,864.0,212.0,357.0,701.0,-99.0,0.365497,fail_lower,0.634503,-0.269006,overlap,0.0,3.517708
baseline_abort2_vs_pass,direct,cntvaluein_bus_skew__idelay_data_cntvaluein__lane0__dq0__ctrl_none__dq0__value_ps,cntvaluein_bus_skew,idelay_data_cntvaluein,lane0,dq0,,dq0,36,19,388.0,667.0,1219.0,77.0,557.0,850.0,-110.0,0.366228,fail_lower,0.633772,-0.267544,overlap,0.0,3.49859
baseline_abort2_vs_pass,skew,abs_ld_minus_cntvaluein_dqs__idelay_ld_cntvaluein_skew__lane1__dqs1__ctrl_3__ld_vs_cntvaluein_dqs__value_ps,abs_ld_minus_cntvaluein_dqs,idelay_ld_cntvaluein_skew,lane1,dqs1,3,ld_vs_cntvaluein_dqs,36,19,2.0,176.0,1344.0,38.0,238.0,846.0,62.0,0.63231,fail_higher,0.63231,0.26462,overlap,0.0,3.460354
baseline_abort2_vs_pass,direct,direct_max__idelay_data_cntvaluein__lane1__dq9__ctrl_4__endpoint__value_ps,direct_max,idelay_data_cntvaluein,lane1,dq9,4,endpoint,36,19,827.0,1217.5,1973.0,633.0,1358.0,1662.0,140.5,0.627924,fail_higher,0.627924,0.255848,overlap,0.0,3.345646
baseline_abort2_vs_pass,direct,cntvaluein_bus_skew__idelay_data_cntvaluein__lane1__dq12__ctrl_none__dq12__value_ps,cntvaluein_bus_skew,idelay_data_cntvaluein,lane1,dq12,,dq12,36,19,186.0,525.0,1116.0,174.0,429.0,774.0,-96.0,0.372076,fail_lower,0.627924,-0.255848,overlap,0.0,3.345646
baseline_abort2_vs_pass,skew,signed_dqs_minus_dq_bit__idelay_cntvaluein_skew__lane1__dq11__ctrl_2__dqs_vs_dq_bit__value_ps,signed_dqs_minus_dq_bit,idelay_cntvaluein_skew,lane1,dq11,2,dqs_vs_dq_bit,36,19,-920.0,-87.0,740.0,-464.0,131.0,717.0,218.0,0.625731,fail_higher,0.625731,0.251462,overlap,0.0,3.288292
baseline_abort2_vs_pass,skew,signed_dqs_minus_dq_bit__idelay_cntvaluein_skew__lane0__dq5__ctrl_0__dqs_vs_dq_bit__value_ps,signed_dqs_minus_dq_bit,idelay_cntvaluein_skew,lane0,dq5,0,dqs_vs_dq_bit,36,19,-750.0,86.5,1059.0,-437.0,-94.0,1021.0,-180.5,0.374269,fail_lower,0.625731,-0.251462,overlap,0.0,3.288292
baseline_abort2_vs_pass,skew,ld_dq_lane_range__idelay_ld_skew__lane1__no_bit__ctrl_none__dq_lane__value_ps,ld_dq_lane_range,idelay_ld_skew,lane1,,,dq_lane,36,19,146.0,338.0,706.0,240.0,383.0,732.0,45.0,0.625,fail_higher,0.625,0.25,overlap,0.0,3.269174
baseline_abort2_vs_pass,skew,signed_dqs_minus_dq_bit__idelay_cntvaluein_skew__lane0__dq7__ctrl_2__dqs_vs_dq_bit__value_ps,signed_dqs_minus_dq_bit,idelay_cntvaluein_skew,lane0,dq7,2,dqs_vs_dq_bit,36,19,-1056.0,-266.5,655.0,-861.0,-23.0,863.0,243.5,0.621345,fail_higher,0.621345,0.24269,overlap,0.0,3.173584
baseline_abort2_vs_pass,direct,control_fanout_spread__idelay_data_cntvaluein__lane0__no_bit__ctrl_2__lane_control_bit__value_ps,control_fanout_spread,idelay_data_cntvaluein,lane0,,2,lane_control_bit,36,19,128.0,327.0,688.0,151.0,276.0,551.0,-51.0,0.379386,fail_lower,0.620614,-0.241228,overlap,0.0,3.154466
baseline_abort2_vs_pass,skew,dq_lane_range__idelay_cntvaluein_skew__lane0__no_bit__ctrl_2__dq_lane__value_ps,dq_lane_range,idelay_cntvaluein_skew,lane0,,2,dq_lane,36,19,128.0,327.0,688.0,151.0,276.0,551.0,-51.0,0.379386,fail_lower,0.620614,-0.241228,overlap,0.0,3.154466
baseline_abort2_vs_pass,direct,direct_max__idelay_data_cntvaluein__lane0__dq0__ctrl_2__endpoint__value_ps,direct_max,idelay_data_cntvaluein,lane0,dq0,2,endpoint,36,19,1248.0,1815.5,2240.0,1162.0,1498.0,2220.0,-317.5,0.380848,fail_lower,0.619152,-0.238304,overlap,0.0,3.11623
baseline_abort2_vs_pass,direct,direct_max__idelay_data_cntvaluein__lane1__dq12__ctrl_2__endpoint__value_ps,direct_max,idelay_data_cntvaluein,lane1,dq12,2,endpoint,36,19,1069.0,1591.5,2216.0,1082.0,1378.0,2039.0,-213.5,0.380848,fail_lower,0.619152,-0.238304,overlap,0.0,3.11623
baseline_abort2_vs_pass,skew,signed_dqs_minus_dq_bit__idelay_cntvaluein_skew__lane0__dq6__ctrl_2__dqs_vs_dq_bit__value_ps,signed_dqs_minus_dq_bit,idelay_cntvaluein_skew,lane0,dq6,2,dqs_vs_dq_bit,36,19,-873.0,-240.0,702.0,-653.0,-25.0,1011.0,215.0,0.618421,fail_higher,0.618421,0.236842,overlap,0.0,3.097112
baseline_abort2_vs_pass,skew,abs_ld_minus_cntvaluein_dqs__idelay_ld_cntvaluein_skew__lane1__dqs1__ctrl_2__ld_vs_cntvaluein_dqs__value_ps,abs_ld_minus_cntvaluein_dqs,idelay_ld_cntvaluein_skew,lane1,dqs1,2,ld_vs_cntvaluein_dqs,36,19,11.0,212.0,1257.0,8.0,410.0,833.0,198.0,0.618421,fail_higher,0.618421,0.236842,overlap,0.0,3.097112
baseline_abort2_vs_pass,direct,direct_max__idelay_data_cntvaluein__lane1__dq13__ctrl_2__endpoint__value_ps,direct_max,idelay_data_cntvaluein,lane1,dq13,2,endpoint,36,19,842.0,1431.0,2069.0,805.0,1330.0,1955.0,-101.0,0.38231,fail_lower,0.61769,-0.23538,overlap,0.0,3.077994
baseline_abort2_vs_pass,skew,abs_ld_minus_cntvaluein_dq_median__idelay_ld_cntvaluein_skew__lane0__no_bit__ctrl_2__ld_vs_cntvaluein_dq_lane__value_ps,abs_ld_minus_cntvaluein_dq_median,idelay_ld_cntvaluein_skew,lane0,,2,ld_vs_cntvaluein_dq_lane,36,19,20.0,219.5,799.5,64.5,303.5,835.5,84.0,0.616959,fail_higher,0.616959,0.233918,overlap,0.0,3.058876
baseline_abort2_vs_pass,skew,signed_dqs_minus_dq_bit__idelay_cntvaluein_skew__lane1__dq8__ctrl_2__dqs_vs_dq_bit__value_ps,signed_dqs_minus_dq_bit,idelay_cntvaluein_skew,lane1,dq8,2,dqs_vs_dq_bit,36,19,-1308.0,-198.5,832.0,-607.0,-122.0,483.0,76.5,0.616228,fail_higher,0.616228,0.232456,overlap,0.0,3.039758
baseline_abort2_vs_pass,skew,signed_dqs_minus_dq_bit__idelay_cntvaluein_skew__lane0__dq2__ctrl_2__dqs_vs_dq_bit__value_ps,signed_dqs_minus_dq_bit,idelay_cntvaluein_skew,lane0,dq2,2,dqs_vs_dq_bit,36,19,-970.0,-165.0,643.0,-778.0,69.0,1014.0,234.0,0.615497,fail_higher,0.615497,0.230994,overlap,0.0,3.02064
baseline_abort2_vs_pass,skew,signed_dqs_minus_dq_bit__idelay_cntvaluein_skew__lane1__dq10__ctrl_0__dqs_vs_dq_bit__value_ps,signed_dqs_minus_dq_bit,idelay_cntvaluein_skew,lane1,dq10,0,dqs_vs_dq_bit,36,19,-727.0,-50.5,615.0,-481.0,-215.0,911.0,-164.5,0.385234,fail_lower,0.614766,-0.229532,overlap,0.0,3.001523
baseline_abort2_vs_pass,direct,control_fanout_spread__idelay_data_cntvaluein__lane1__no_bit__ctrl_2__lane_control_bit__value_ps,control_fanout_spread,idelay_data_cntvaluein,lane1,,2,lane_control_bit,36,19,158.0,431.5,776.0,209.0,362.0,621.0,-69.5,0.385234,fail_lower,0.614766,-0.229532,overlap,0.0,3.001523
baseline_abort2_vs_pass,skew,dq_lane_range__idelay_cntvaluein_skew__lane1__no_bit__ctrl_2__dq_lane__value_ps,dq_lane_range,idelay_cntvaluein_skew,lane1,,2,dq_lane,36,19,158.0,431.5,776.0,209.0,362.0,621.0,-69.5,0.385234,fail_lower,0.614766,-0.229532,overlap,0.0,3.001523
baseline_abort2_vs_pass,skew,abs_ld_dqs_minus_dq_median__idelay_ld_skew__lane0__dqs0__ctrl_none__dqs_vs_dq_lane__value_ps,abs_ld_dqs_minus_dq_median,idelay_ld_skew,lane0,dqs0,,dqs_vs_dq_lane,36,19,0.0,72.25,308.5,44.0,140.5,243.0,68.25,0.614766,fail_higher,0.614766,0.229532,overlap,0.0,3.001523
baseline_abort2_vs_pass,skew,signed_dqs_minus_dq_bit__idelay_cntvaluein_skew__lane0__dq7__ctrl_4__dqs_vs_dq_bit__value_ps,signed_dqs_minus_dq_bit,idelay_cntvaluein_skew,lane0,dq7,4,dqs_vs_dq_bit,36,19,-951.0,-43.5,887.0,-1012.0,-244.0,1132.0,-200.5,0.388889,fail_lower,0.611111,-0.222222,overlap,0.0,2.905933
baseline_abort2_vs_pass,skew,abs_dqs_minus_dq_bit__idelay_cntvaluein_skew__lane0__dq7__ctrl_3__dqs_vs_dq_bit__value_ps,abs_dqs_minus_dq_bit,idelay_cntvaluein_skew,lane0,dq7,3,dqs_vs_dq_bit,36,19,6.0,274.0,1098.0,13.0,464.0,1179.0,190.0,0.61038,fail_higher,0.61038,0.22076,overlap,0.0,2.886815
baseline_abort2_vs_pass,skew,abs_dqs_minus_dq_bit__idelay_cntvaluein_skew__lane0__dq3__ctrl_0__dqs_vs_dq_bit__value_ps,abs_dqs_minus_dq_bit,idelay_cntvaluein_skew,lane0,dq3,0,dqs_vs_dq_bit,36,19,17.0,301.0,970.0,27.0,153.0,1027.0,-148.0,0.390351,fail_lower,0.609649,-0.219298,overlap,0.0,2.867697
baseline_abort2_vs_pass,skew,abs_dqs_minus_dq_bit__idelay_cntvaluein_skew__lane0__dq7__ctrl_0__dqs_vs_dq_bit__value_ps,abs_dqs_minus_dq_bit,idelay_cntvaluein_skew,lane0,dq7,0,dqs_vs_dq_bit,36,19,12.0,271.5,1093.0,93.0,308.0,804.0,36.5,0.609649,fail_higher,0.609649,0.219298,overlap,0.0,2.867697
baseline_abort2_vs_pass,skew,signed_dqs_minus_dq_bit__idelay_cntvaluein_skew__lane0__dq3__ctrl_0__dqs_vs_dq_bit__value_ps,signed_dqs_minus_dq_bit,idelay_cntvaluein_skew,lane0,dq3,0,dqs_vs_dq_bit,36,19,-714.0,123.0,970.0,-372.0,-31.0,1027.0,-154.0,0.391082,fail_lower,0.608918,-0.217836,overlap,0.0,2.848579
baseline_abort2_vs_pass,skew,signed_dqs_minus_dq_bit__idelay_cntvaluein_skew__lane0__dq3__ctrl_4__dqs_vs_dq_bit__value_ps,signed_dqs_minus_dq_bit,idelay_cntvaluein_skew,lane0,dq3,4,dqs_vs_dq_bit,36,19,-585.0,98.0,785.0,-960.0,-51.0,1091.0,-149.0,0.391082,fail_lower,0.608918,-0.217836,overlap,0.0,2.848579
baseline_abort2_vs_pass,direct,cntvaluein_bus_skew__idelay_data_cntvaluein__lane0__dq2__ctrl_none__dq2__value_ps,cntvaluein_bus_skew,idelay_data_cntvaluein,lane0,dq2,,dq2,36,19,230.0,639.0,1233.0,268.0,610.0,955.0,-29.0,0.391813,fail_lower,0.608187,-0.216374,overlap,0.0,2.829461
baseline_abort2_vs_pass,skew,signed_lane1_minus_lane0_dq_median__idelay_cntvaluein_skew__all__no_bit__ctrl_2__lane1_vs_lane0_dq__value_ps,signed_lane1_minus_lane0_dq_median,idelay_cntvaluein_skew,all,,2,lane1_vs_lane0_dq,36,19,-710.0,-299.0,-86.0,-453.5,-270.5,-32.5,28.5,0.608187,fail_higher,0.608187,0.216374,overlap,0.0,2.829461
baseline_abort2_vs_pass,skew,abs_lane1_minus_lane0_dq_median__idelay_cntvaluein_skew__all__no_bit__ctrl_2__lane1_vs_lane0_dq__value_ps,abs_lane1_minus_lane0_dq_median,idelay_cntvaluein_skew,all,,2,lane1_vs_lane0_dq,36,19,86.0,299.0,710.0,32.5,270.5,453.5,-28.5,0.391813,fail_lower,0.608187,-0.216374,overlap,0.0,2.829461
baseline_abort2_vs_pass,skew,signed_dqs_minus_dq_bit__idelay_cntvaluein_skew__lane0__dq0__ctrl_4__dqs_vs_dq_bit__value_ps,signed_dqs_minus_dq_bit,idelay_cntvaluein_skew,lane0,dq0,4,dqs_vs_dq_bit,36,19,-791.0,27.0,758.0,-903.0,-157.0,1066.0,-184.0,0.392544,fail_lower,0.607456,-0.214912,overlap,0.0,2.810343
baseline_abort2_vs_pass,skew,signed_dqs_minus_dq_bit__idelay_cntvaluein_skew__lane0__dq4__ctrl_2__dqs_vs_dq_bit__value_ps,signed_dqs_minus_dq_bit,idelay_cntvaluein_skew,lane0,dq4,2,dqs_vs_dq_bit,36,19,-1118.0,-315.5,696.0,-963.0,-10.0,993.0,305.5,0.606725,fail_higher,0.606725,0.21345,overlap,0.0,2.791225
baseline_abort2_vs_pass,skew,signed_dqs_minus_dq_bit__idelay_cntvaluein_skew__lane0__dq1__ctrl_2__dqs_vs_dq_bit__value_ps,signed_dqs_minus_dq_bit,idelay_cntvaluein_skew,lane0,dq1,2,dqs_vs_dq_bit,36,19,-918.0,-259.5,781.0,-880.0,26.0,999.0,285.5,0.606725,fail_higher,0.606725,0.21345,overlap,0.0,2.791225
baseline_abort2_vs_pass,skew,signed_dqs_minus_dq_bit__idelay_cntvaluein_skew__lane1__dq13__ctrl_2__dqs_vs_dq_bit__value_ps,signed_dqs_minus_dq_bit,idelay_cntvaluein_skew,lane1,dq13,2,dqs_vs_dq_bit,36,19,-1004.0,-65.5,1008.0,-541.0,142.0,712.0,207.5,0.606725,fail_higher,0.606725,0.21345,overlap,0.0,2.791225
baseline_abort2_vs_pass,skew,signed_dqs_minus_dq_median__idelay_cntvaluein_skew__lane1__dqs1__ctrl_2__dqs_vs_dq_lane__value_ps,signed_dqs_minus_dq_median,idelay_cntvaluein_skew,lane1,dqs1,2,dqs_vs_dq_lane,36,19,-1065.0,-126.0,799.0,-466.0,60.0,650.5,186.0,0.606725,fail_higher,0.606725,0.21345,overlap,0.0,2.791225
baseline_abort2_vs_pass,direct,direct_max__idelay_data_cntvaluein__lane1__dq10__ctrl_2__endpoint__value_ps,direct_max,idelay_data_cntvaluein,lane1,dq10,2,endpoint,36,19,985.0,1555.5,2160.0,996.0,1404.0,2095.0,-151.5,0.394006,fail_lower,0.605994,-0.211988,overlap,0.0,2.772107
baseline_abort2_vs_pass,direct,direct_max__idelay_data_cntvaluein__lane1__dq14__ctrl_2__endpoint__value_ps,direct_max,idelay_data_cntvaluein,lane1,dq14,2,endpoint,36,19,981.0,1535.0,1985.0,1082.0,1370.0,2131.0,-165.0,0.395468,fail_lower,0.604532,-0.209064,overlap,0.0,2.733871
baseline_abort2_vs_pass,direct,direct_max__idelay_data_cntvaluein__lane1__dq10__ctrl_0__endpoint__value_ps,direct_max,idelay_data_cntvaluein,lane1,dq10,0,endpoint,36,19,970.0,1378.5,1819.0,851.0,1491.0,1957.0,112.5,0.604532,fail_higher,0.604532,0.209064,overlap,0.0,2.733871
baseline_abort2_vs_pass,skew,abs_dqs_minus_dq_bit__idelay_cntvaluein_skew__lane1__dq13__ctrl_2__dqs_vs_dq_bit__value_ps,abs_dqs_minus_dq_bit,idelay_cntvaluein_skew,lane1,dq13,2,dqs_vs_dq_bit,36,19,10.0,140.5,1008.0,52.0,235.0,712.0,94.5,0.604532,fail_higher,0.604532,0.209064,overlap,0.0,2.733871
baseline_abort2_vs_pass,skew,abs_ld_minus_cntvaluein_dq_median__idelay_ld_cntvaluein_skew__lane0__no_bit__ctrl_4__ld_vs_cntvaluein_dq_lane__value_ps,abs_ld_minus_cntvaluein_dq_median,idelay_ld_cntvaluein_skew,lane0,,4,ld_vs_cntvaluein_dq_lane,36,19,5.0,236.0,862.0,29.0,324.5,1180.0,88.5,0.603801,fail_higher,0.603801,0.207602,overlap,0.0,2.714753
baseline_abort2_vs_pass,direct,control_fanout_spread__idelay_data_cntvaluein__lane1__no_bit__ctrl_1__lane_control_bit__value_ps,control_fanout_spread,idelay_data_cntvaluein,lane1,,1,lane_control_bit,36,19,91.0,420.5,1067.0,250.0,469.0,644.0,48.5,0.601608,fail_higher,0.601608,0.203216,overlap,0.0,2.657399
baseline_abort2_vs_pass,skew,dq_lane_range__idelay_cntvaluein_skew__lane1__no_bit__ctrl_1__dq_lane__value_ps,dq_lane_range,idelay_cntvaluein_skew,lane1,,1,dq_lane,36,19,91.0,420.5,1067.0,250.0,469.0,644.0,48.5,0.601608,fail_higher,0.601608,0.203216,overlap,0.0,2.657399
baseline_abort2_vs_pass,skew,abs_dqs_minus_dq_bit__idelay_cntvaluein_skew__lane0__dq3__ctrl_2__dqs_vs_dq_bit__value_ps,abs_dqs_minus_dq_bit,idelay_cntvaluein_skew,lane0,dq3,2,dqs_vs_dq_bit,36,19,8.0,273.0,803.0,125.0,337.0,1131.0,64.0,0.600877,fail_higher,0.600877,0.201754,overlap,0.0,2.638281
baseline_abort2_vs_pass,direct,cntvaluein_bus_skew__idelay_data_cntvaluein__lane0__dq3__ctrl_none__dq3__value_ps,cntvaluein_bus_skew,idelay_data_cntvaluein,lane0,dq3,,dq3,36,19,270.0,584.5,1249.0,221.0,529.0,853.0,-55.5,0.399123,fail_lower,0.600877,-0.201754,overlap,0.0,2.638281
baseline_abort2_vs_pass,skew,signed_ld_dqs_minus_dq_median__idelay_ld_skew__lane1__dqs1__ctrl_none__dqs_vs_dq_lane__value_ps,signed_ld_dqs_minus_dq_median,idelay_ld_skew,lane1,dqs1,,dqs_vs_dq_lane,36,19,-235.5,-42.25,193.0,-177.5,4.0,243.0,46.25,0.600877,fail_higher,0.600877,0.201754,overlap,0.0,2.638281
baseline_abort2_vs_pass,skew,signed_dqs_minus_dq_median__idelay_cntvaluein_skew__lane0__dqs0__ctrl_2__dqs_vs_dq_lane__value_ps,signed_dqs_minus_dq_median,idelay_cntvaluein_skew,lane0,dqs0,2,dqs_vs_dq_lane,36,19,-927.5,-241.25,695.0,-838.0,68.0,1005.0,309.25,0.599415,fail_higher,0.599415,0.19883,overlap,0.0,2.600045
baseline_abort2_vs_pass,skew,abs_ld_minus_cntvaluein_dq_median__idelay_ld_cntvaluein_skew__lane1__no_bit__ctrl_3__ld_vs_cntvaluein_dq_lane__value_ps,abs_ld_minus_cntvaluein_dq_median,idelay_ld_cntvaluein_skew,lane1,,3,ld_vs_cntvaluein_dq_lane,36,19,12.5,191.5,533.5,24.0,242.0,575.5,50.5,0.599415,fail_higher,0.599415,0.19883,overlap,0.0,2.600045
baseline_abort2_vs_pass,direct,direct_max__idelay_data_cntvaluein__lane1__dq13__ctrl_0__endpoint__value_ps,direct_max,idelay_data_cntvaluein,lane1,dq13,0,endpoint,36,19,912.0,1353.0,1899.0,875.0,1425.0,1738.0,72.0,0.598684,fail_higher,0.598684,0.197368,overlap,0.0,2.580927
baseline_abort2_vs_pass,direct,cntvaluein_bus_skew__idelay_data_cntvaluein__lane0__dq1__ctrl_none__dq1__value_ps,cntvaluein_bus_skew,idelay_data_cntvaluein,lane0,dq1,,dq1,36,19,242.0,712.5,1180.0,240.0,657.0,925.0,-55.5,0.401316,fail_lower,0.598684,-0.197368,overlap,0.0,2.580927
baseline_abort2_vs_pass,skew,signed_ld_minus_cntvaluein_dqs__idelay_ld_cntvaluein_skew__lane0__dqs0__ctrl_4__ld_vs_cntvaluein_dqs__value_ps,signed_ld_minus_cntvaluein_dqs,idelay_ld_cntvaluein_skew,lane0,dqs0,4,ld_vs_cntvaluein_dqs,36,19,-784.0,-4.5,1151.0,-1041.0,243.0,1171.0,247.5,0.597953,fail_higher,0.597953,0.195906,overlap,0.0,2.561809
baseline_abort2_vs_pass,skew,signed_dqs_minus_dq_bit__idelay_cntvaluein_skew__lane0__dq7__ctrl_0__dqs_vs_dq_bit__value_ps,signed_dqs_minus_dq_bit,idelay_cntvaluein_skew,lane0,dq7,0,dqs_vs_dq_bit,36,19,-1093.0,-33.5,777.0,-767.0,-240.0,804.0,-206.5,0.402047,fail_lower,0.597953,-0.195906,overlap,0.0,2.561809
baseline_abort2_vs_pass,direct,direct_max__idelay_data_cntvaluein__lane0__dq7__ctrl_0__endpoint__value_ps,direct_max,idelay_data_cntvaluein,lane0,dq7,0,endpoint,36,19,1271.0,1627.5,2265.0,1289.0,1731.0,2266.0,103.5,0.597953,fail_higher,0.597953,0.195906,overlap,0.0,2.561809
baseline_abort2_vs_pass,skew,signed_dqs_minus_dq_bit__idelay_cntvaluein_skew__lane1__dq11__ctrl_0__dqs_vs_dq_bit__value_ps,signed_dqs_minus_dq_bit,idelay_cntvaluein_skew,lane1,dq11,0,dqs_vs_dq_bit,36,19,-692.0,-8.0,668.0,-424.0,-107.0,837.0,-99.0,0.402047,fail_lower,0.597953,-0.195906,overlap,0.0,2.561809
baseline_abort2_vs_pass,skew,signed_dqs_minus_dq_bit__idelay_cntvaluein_skew__lane1__dq13__ctrl_0__dqs_vs_dq_bit__value_ps,signed_dqs_minus_dq_bit,idelay_cntvaluein_skew,lane1,dq13,0,dqs_vs_dq_bit,36,19,-779.0,-37.5,606.0,-437.0,-142.0,750.0,-104.5,0.402778,fail_lower,0.597222,-0.194444,overlap,0.0,2.542691
baseline_abort2_vs_pass,direct,direct_max__dq_iologic__lane1__dq15__ctrl_none__endpoint__value_ps,direct_max,dq_iologic,lane1,dq15,,endpoint,36,19,1904.0,2416.0,3944.0,1942.0,2483.0,4248.0,67.0,0.596491,fail_higher,0.596491,0.192982,overlap,0.0,2.523573
baseline_abort2_vs_pass,direct,lane_spread__idelay_ld__lane1__no_bit__ctrl_none__lane__value_ps,lane_spread,idelay_ld,lane1,,,lane,36,19,146.0,338.0,706.0,240.0,405.0,732.0,67.0,0.596491,fail_higher,0.596491,0.192982,overlap,0.0,2.523573
baseline_abort2_vs_pass,direct,direct_max__dq_iologic__lane1__dq11__ctrl_none__endpoint__value_ps,direct_max,dq_iologic,lane1,dq11,,endpoint,36,19,2223.0,2491.5,3805.0,2325.0,2709.0,3028.0,217.5,0.59576,fail_higher,0.59576,0.19152,overlap,0.0,2.504455
baseline_abort2_vs_pass,direct,direct_max__dq_iologic__lane0__dq7__ctrl_none__endpoint__value_ps,direct_max,dq_iologic,lane0,dq7,,endpoint,36,19,1695.0,2384.0,3805.0,1952.0,2595.0,3694.0,211.0,0.59576,fail_higher,0.59576,0.19152,overlap,0.0,2.504455
baseline_abort2_vs_pass,skew,abs_ld_minus_cntvaluein_dqs__idelay_ld_cntvaluein_skew__lane0__dqs0__ctrl_0__ld_vs_cntvaluein_dqs__value_ps,abs_ld_minus_cntvaluein_dqs,idelay_ld_cntvaluein_skew,lane0,dqs0,0,ld_vs_cntvaluein_dqs,36,19,3.0,268.5,977.0,12.0,430.0,1149.0,161.5,0.59576,fail_higher,0.59576,0.19152,overlap,0.0,2.504455
baseline_abort2_vs_pass,direct,direct_max__idelay_data_cntvaluein__lane0__dq5__ctrl_0__endpoint__value_ps,direct_max,idelay_data_cntvaluein,lane0,dq5,0,endpoint,36,19,970.0,1501.0,2003.0,1223.0,1618.0,1953.0,117.0,0.59576,fail_higher,0.59576,0.19152,overlap,0.0,2.504455
baseline_abort2_vs_pass,skew,abs_ld_minus_cntvaluein_dq_median__idelay_ld_cntvaluein_skew__lane1__no_bit__ctrl_1__ld_vs_cntvaluein_dq_lane__value_ps,abs_ld_minus_cntvaluein_dq_median,idelay_ld_cntvaluein_skew,lane1,,1,ld_vs_cntvaluein_dq_lane,36,19,5.5,185.0,547.5,19.0,256.0,569.0,71.0,0.59576,fail_higher,0.59576,0.19152,overlap,0.0,2.504455
baseline_abort2_vs_pass,skew,signed_dqs_minus_dq_median__iologic_skew__lane1__dqs1__ctrl_none__dqs_vs_dq_lane__value_ps,signed_dqs_minus_dq_median,iologic_skew,lane1,dqs1,,dqs_vs_dq_lane,36,19,-244.0,210.25,1416.0,28.0,266.0,838.5,55.75,0.595029,fail_higher,0.595029,0.190058,overlap,0.0,2.485337
baseline_abort2_vs_pass,direct,cntvaluein_bus_skew__idelay_data_cntvaluein__lane0__dq6__ctrl_none__dq6__value_ps,cntvaluein_bus_skew,idelay_data_cntvaluein,lane0,dq6,,dq6,36,19,200.0,646.0,1561.0,193.0,604.0,950.0,-42.0,0.404971,fail_lower,0.595029,-0.190058,overlap,0.0,2.485337
baseline_abort2_vs_pass,direct,direct_max__idelay_data_cntvaluein__lane1__dq10__ctrl_3__endpoint__value_ps,direct_max,idelay_data_cntvaluein,lane1,dq10,3,endpoint,36,19,972.0,1459.0,1929.0,945.0,1560.0,2114.0,101.0,0.594298,fail_higher,0.594298,0.188596,overlap,0.0,2.466219
baseline_abort2_vs_pass,skew,signed_ld_minus_cntvaluein_dqs__idelay_ld_cntvaluein_skew__lane1__dqs1__ctrl_1__ld_vs_cntvaluein_dqs__value_ps,signed_ld_minus_cntvaluein_dqs,idelay_ld_cntvaluein_skew,lane1,dqs1,1,ld_vs_cntvaluein_dqs,36,19,-689.0,87.5,1200.0,-482.0,256.0,737.0,168.5,0.593567,fail_higher,0.593567,0.187135,overlap,0.0,2.447101
baseline_abort2_vs_pass,skew,signed_dqs_minus_dq_bit__idelay_cntvaluein_skew__lane0__dq5__ctrl_4__dqs_vs_dq_bit__value_ps,signed_dqs_minus_dq_bit,idelay_cntvaluein_skew,lane0,dq5,4,dqs_vs_dq_bit,36,19,-674.0,149.0,864.0,-1047.0,-81.0,1002.0,-230.0,0.407895,fail_lower,0.592105,-0.184211,overlap,0.0,2.408865
baseline_abort2_vs_pass,skew,signed_dqs_minus_dq_bit__idelay_cntvaluein_skew__lane0__dq4__ctrl_4__dqs_vs_dq_bit__value_ps,signed_dqs_minus_dq_bit,idelay_cntvaluein_skew,lane0,dq4,4,dqs_vs_dq_bit,36,19,-886.0,-69.5,758.0,-1072.0,-240.0,1227.0,-170.5,0.407895,fail_lower,0.592105,-0.184211,overlap,0.0,2.408865
baseline_abort2_vs_pass,direct,direct_max__dq_iologic__lane1__dq12__ctrl_none__endpoint__value_ps,direct_max,dq_iologic,lane1,dq12,,endpoint,36,19,2204.0,2540.0,3483.0,1995.0,2700.0,3931.0,160.0,0.592105,fail_higher,0.592105,0.184211,overlap,0.0,2.408865
baseline_abort2_vs_pass,skew,signed_dqs_minus_dq_bit__idelay_cntvaluein_skew__lane1__dq12__ctrl_0__dqs_vs_dq_bit__value_ps,signed_dqs_minus_dq_bit,idelay_cntvaluein_skew,lane1,dq12,0,dqs_vs_dq_bit,36,19,-783.0,-62.0,696.0,-611.0,-208.0,967.0,-146.0,0.409357,fail_lower,0.590643,-0.181287,overlap,0.0,2.370629
baseline_abort2_vs_pass,direct,direct_max__idelay_data_cntvaluein__lane1__dq13__ctrl_4__endpoint__value_ps,direct_max,idelay_data_cntvaluein,lane1,dq13,4,endpoint,36,19,873.0,1331.5,2038.0,848.0,1407.0,1896.0,75.5,0.589912,fail_higher,0.589912,0.179825,overlap,0.0,2.351511
baseline_abort2_vs_pass,direct,direct_max__idelay_dqs_cntvaluein__lane0__dqs0__ctrl_4__endpoint__value_ps,direct_max,idelay_dqs_cntvaluein,lane0,dqs0,4,endpoint,36,19,981.0,1522.5,2243.0,792.0,1491.0,2769.0,-31.5,0.410088,fail_lower,0.589912,-0.179825,overlap,0.0,2.351511
baseline_abort2_vs_pass,direct,cntvaluein_bus_skew__idelay_data_cntvaluein__lane0__dq5__ctrl_none__dq5__value_ps,cntvaluein_bus_skew,idelay_data_cntvaluein,lane0,dq5,,dq5,36,19,205.0,582.0,1276.0,130.0,523.0,858.0,-59.0,0.410819,fail_lower,0.589181,-0.178363,overlap,0.0,2.332393
baseline_abort2_vs_pass,skew,signed_dqs_minus_dq_bit__idelay_cntvaluein_skew__lane1__dq12__ctrl_2__dqs_vs_dq_bit__value_ps,signed_dqs_minus_dq_bit,idelay_cntvaluein_skew,lane1,dq12,2,dqs_vs_dq_bit,36,19,-1126.0,-179.5,783.0,-579.0,-5.0,566.0,174.5,0.587719,fail_higher,0.587719,0.175439,overlap,0.0,2.294157
baseline_abort2_vs_pass,skew,abs_dqs_minus_dq_median__idelay_cntvaluein_skew__lane1__dqs1__ctrl_3__dqs_vs_dq_lane__value_ps,abs_dqs_minus_dq_median,idelay_cntvaluein_skew,lane1,dqs1,3,dqs_vs_dq_lane,36,19,0.0,182.25,823.0,35.5,236.5,802.0,54.25,0.587719,fail_higher,0.587719,0.175439,overlap,0.0,2.294157
baseline_abort2_vs_pass,skew,signed_dqs_minus_dq_bit__idelay_cntvaluein_skew__lane1__dq15__ctrl_0__dqs_vs_dq_bit__value_ps,signed_dqs_minus_dq_bit,idelay_cntvaluein_skew,lane1,dq15,0,dqs_vs_dq_bit,36,19,-501.0,165.0,751.0,-196.0,-10.0,1240.0,-175.0,0.413012,fail_lower,0.586988,-0.173977,overlap,0.0,2.275039
baseline_abort2_vs_pass,direct,direct_max__idelay_ld__lane0__dq5__ctrl_none__endpoint__value_ps,direct_max,idelay_ld,lane0,dq5,,endpoint,36,19,1157.0,1542.5,2118.0,1345.0,1648.0,2292.0,105.5,0.586988,fail_higher,0.586988,0.173977,overlap,0.0,2.275039
baseline_abort2_vs_pass,skew,signed_dqs_minus_dq_bit__idelay_cntvaluein_skew__lane0__dq0__ctrl_0__dqs_vs_dq_bit__value_ps,signed_dqs_minus_dq_bit,idelay_cntvaluein_skew,lane0,dq0,0,dqs_vs_dq_bit,36,19,-936.0,-21.5,1044.0,-492.0,-257.0,963.0,-235.5,0.413743,fail_lower,0.586257,-0.172515,overlap,0.0,2.255921
baseline_abort2_vs_pass,direct,direct_max__dqs_iologic__lane1__dqs1__ctrl_none__endpoint__value_ps,direct_max,dqs_iologic,lane1,dqs1,,endpoint,36,19,2121.0,2789.5,3884.0,2522.0,2812.0,4232.0,22.5,0.586257,fail_higher,0.586257,0.172515,overlap,0.0,2.255921
baseline_abort2_vs_pass,direct,lane_spread__dqs_iologic__lane1__no_bit__ctrl_none__lane__value_ps,lane_spread,dqs_iologic,lane1,,,lane,36,19,2121.0,2789.5,3884.0,2522.0,2812.0,4232.0,22.5,0.586257,fail_higher,0.586257,0.172515,overlap,0.0,2.255921
baseline_abort2_vs_pass,direct,lane_spread__idelayctrl__all__no_bit__ctrl_none__lane__value_ps,lane_spread,idelayctrl,all,,,lane,36,19,533.0,1677.5,2368.0,788.0,1604.0,2739.0,-73.5,0.415205,fail_lower,0.584795,-0.169591,overlap,0.0,2.217685
baseline_abort2_vs_pass,direct,direct_max__idelay_data_cntvaluein__lane0__dq0__ctrl_3__endpoint__value_ps,direct_max,idelay_data_cntvaluein,lane0,dq0,3,endpoint,36,19,1080.0,1697.0,2220.0,1171.0,1735.0,2430.0,38.0,0.584795,fail_higher,0.584795,0.169591,overlap,0.0,2.217685
baseline_abort2_vs_pass,direct,direct_max__idelay_ld__lane0__dq3__ctrl_none__endpoint__value_ps,direct_max,idelay_ld,lane0,dq3,,endpoint,36,19,1072.0,1505.5,2121.0,1343.0,1610.0,2456.0,104.5,0.584064,fail_higher,0.584064,0.168129,overlap,0.0,2.198567
baseline_abort2_vs_pass,skew,signed_dqs_minus_dq_median__idelay_cntvaluein_skew__lane1__dqs1__ctrl_0__dqs_vs_dq_lane__value_ps,signed_dqs_minus_dq_median,idelay_cntvaluein_skew,lane1,dqs1,0,dqs_vs_dq_lane,36,19,-728.5,-4.75,611.5,-452.5,-142.0,894.5,-137.25,0.416667,fail_lower,0.583333,-0.166667,overlap,0.0,2.179449
baseline_abort2_vs_pass,skew,signed_dqs_minus_dq_median__idelay_cntvaluein_skew__lane0__dqs0__ctrl_4__dqs_vs_dq_lane__value_ps,signed_dqs_minus_dq_median,idelay_cntvaluein_skew,lane0,dqs0,4,dqs_vs_dq_lane,36,19,-812.0,-12.0,797.5,-931.5,-133.0,1108.0,-121.0,0.416667,fail_lower,0.583333,-0.166667,overlap,0.0,2.179449
baseline_abort2_vs_pass,skew,abs_dqs_minus_dq_bit__idelay_cntvaluein_skew__lane1__dq11__ctrl_3__dqs_vs_dq_bit__value_ps,abs_dqs_minus_dq_bit,idelay_cntvaluein_skew,lane1,dq11,3,dqs_vs_dq_bit,36,19,5.0,194.0,782.0,31.0,281.0,872.0,87.0,0.583333,fail_higher,0.583333,0.166667,overlap,0.0,2.179449
baseline_abort2_vs_pass,skew,abs_dqs_minus_dq_bit__idelay_cntvaluein_skew__lane0__dq6__ctrl_1__dqs_vs_dq_bit__value_ps,abs_dqs_minus_dq_bit,idelay_cntvaluein_skew,lane0,dq6,1,dqs_vs_dq_bit,36,19,3.0,438.5,1305.0,28.0,217.0,1021.0,-221.5,0.418129,fail_lower,0.581871,-0.163743,overlap,0.0,2.141214
baseline_abort2_vs_pass,skew,signed_dqs_minus_dq_bit__idelay_cntvaluein_skew__lane0__dq2__ctrl_4__dqs_vs_dq_bit__value_ps,signed_dqs_minus_dq_bit,idelay_cntvaluein_skew,lane0,dq2,4,dqs_vs_dq_bit,36,19,-863.0,-75.5,837.0,-925.0,-253.0,1219.0,-177.5,0.418129,fail_lower,0.581871,-0.163743,overlap,0.0,2.141214
baseline_abort2_vs_pass,skew,signed_dqs_minus_dq_bit__idelay_cntvaluein_skew__lane1__dq13__ctrl_4__dqs_vs_dq_bit__value_ps,signed_dqs_minus_dq_bit,idelay_cntvaluein_skew,lane1,dq13,4,dqs_vs_dq_bit,36,19,-982.0,-65.5,795.0,-633.0,-196.0,541.0,-130.5,0.418129,fail_lower,0.581871,-0.163743,overlap,0.0,2.141214
baseline_abort2_vs_pass,skew,signed_dqs_minus_dq_bit__idelay_cntvaluein_skew__lane0__dq1__ctrl_4__dqs_vs_dq_bit__value_ps,signed_dqs_minus_dq_bit,idelay_cntvaluein_skew,lane0,dq1,4,dqs_vs_dq_bit,36,19,-784.0,1.0,896.0,-988.0,-176.0,981.0,-177.0,0.419591,fail_lower,0.580409,-0.160819,overlap,0.0,2.102978
baseline_abort2_vs_pass,direct,direct_max__idelay_data_cntvaluein__lane1__dq11__ctrl_0__endpoint__value_ps,direct_max,idelay_data_cntvaluein,lane1,dq11,0,endpoint,36,19,782.0,1342.5,1812.0,875.0,1455.0,1731.0,112.5,0.580409,fail_higher,0.580409,0.160819,overlap,0.0,2.102978
baseline_abort2_vs_pass,skew,signed_dqs_minus_dq_bit__idelay_cntvaluein_skew__lane1__dq9__ctrl_3__dqs_vs_dq_bit__value_ps,signed_dqs_minus_dq_bit,idelay_cntvaluein_skew,lane1,dq9,3,dqs_vs_dq_bit,36,19,-536.0,84.0,551.0,-764.0,175.0,1089.0,91.0,0.580409,fail_higher,0.580409,0.160819,overlap,0.0,2.102978
baseline_abort2_vs_pass,direct,direct_max__idelay_data_cntvaluein__lane1__dq8__ctrl_1__endpoint__value_ps,direct_max,idelay_data_cntvaluein,lane1,dq8,1,endpoint,36,19,1065.0,1467.5,2045.0,888.0,1465.0,2072.0,-2.5,0.578947,fail_higher,0.578947,0.157895,overlap,0.0,2.064742
baseline_abort2_vs_pass,skew,signed_dqs_minus_dq_bit__idelay_cntvaluein_skew__lane0__dq0__ctrl_2__dqs_vs_dq_bit__value_ps,signed_dqs_minus_dq_bit,idelay_cntvaluein_skew,lane0,dq0,2,dqs_vs_dq_bit,36,19,-998.0,-225.5,694.0,-795.0,67.0,919.0,292.5,0.578216,fail_higher,0.578216,0.156433,overlap,0.0,2.045624
baseline_abort2_vs_pass,direct,direct_max__idelay_data_cntvaluein__lane1__dq9__ctrl_2__endpoint__value_ps,direct_max,idelay_data_cntvaluein,lane1,dq9,2,endpoint,36,19,887.0,1205.0,1745.0,763.0,1307.0,2263.0,102.0,0.578216,fail_higher,0.578216,0.156433,overlap,0.0,2.045624
baseline_abort2_vs_pass,skew,signed_ld_minus_cntvaluein_dq_median__idelay_ld_cntvaluein_skew__lane1__no_bit__ctrl_4__ld_vs_cntvaluein_dq_lane__value_ps,signed_ld_minus_cntvaluein_dq_median,idelay_ld_cntvaluein_skew,lane1,,4,ld_vs_cntvaluein_dq_lane,36,19,-631.5,160.5,619.5,-316.0,34.5,669.5,-126.0,0.422515,fail_lower,0.577485,-0.154971,overlap,0.0,2.026506
baseline_abort2_vs_pass,direct,direct_max__idelay_data_cntvaluein__lane0__dq5__ctrl_4__endpoint__value_ps,direct_max,idelay_data_cntvaluein,lane0,dq5,4,endpoint,36,19,1100.0,1501.0,2290.0,990.0,1618.0,2132.0,117.0,0.577485,fail_higher,0.577485,0.154971,overlap,0.0,2.026506
baseline_abort2_vs_pass,direct,direct_max__idelay_data_cntvaluein__lane0__dq3__ctrl_2__endpoint__value_ps,direct_max,idelay_data_cntvaluein,lane0,dq3,2,endpoint,36,19,1105.0,1611.5,2318.0,999.0,1565.0,2296.0,-46.5,0.422515,fail_lower,0.577485,-0.154971,overlap,0.0,2.026506
baseline_abort2_vs_pass,direct,control_fanout_spread__idelay_data_cntvaluein__lane0__no_bit__ctrl_0__lane_control_bit__value_ps,control_fanout_spread,idelay_data_cntvaluein,lane0,,0,lane_control_bit,36,19,176.0,361.5,802.0,179.0,343.0,614.0,-18.5,0.423246,fail_lower,0.576754,-0.153509,overlap,0.0,2.007388
baseline_abort2_vs_pass,skew,dq_lane_range__idelay_cntvaluein_skew__lane0__no_bit__ctrl_0__dq_lane__value_ps,dq_lane_range,idelay_cntvaluein_skew,lane0,,0,dq_lane,36,19,176.0,361.5,802.0,179.0,343.0,614.0,-18.5,0.423246,fail_lower,0.576754,-0.153509,overlap,0.0,2.007388
baseline_abort2_vs_pass,direct,direct_max__idelay_data_cntvaluein__lane0__dq5__ctrl_2__endpoint__value_ps,direct_max,idelay_data_cntvaluein,lane0,dq5,2,endpoint,36,19,1095.0,1681.5,2401.0,1082.0,1483.0,2246.0,-198.5,0.423977,fail_lower,0.576023,-0.152047,overlap,0.0,1.98827
baseline_abort2_vs_pass,skew,signed_dqs_minus_dq_median__idelay_cntvaluein_skew__lane0__dqs0__ctrl_0__dqs_vs_dq_lane__value_ps,signed_dqs_minus_dq_median,idelay_cntvaluein_skew,lane0,dqs0,0,dqs_vs_dq_lane,36,19,-923.0,-24.25,869.0,-624.5,-212.5,904.0,-188.25,0.423977,fail_lower,0.576023,-0.152047,overlap,0.0,1.98827
baseline_abort2_vs_pass,skew,signed_dqs_minus_dq_bit__idelay_cntvaluein_skew__lane0__dq4__ctrl_0__dqs_vs_dq_bit__value_ps,signed_dqs_minus_dq_bit,idelay_cntvaluein_skew,lane0,dq4,0,dqs_vs_dq_bit,36,19,-1009.0,-91.0,698.0,-673.0,-169.0,937.0,-78.0,0.423977,fail_lower,0.576023,-0.152047,overlap,0.0,1.98827
baseline_abort2_vs_pass,skew,abs_dqs_bus_skew_minus_dq_median__idelay_cntvaluein_skew__lane1__dqs1__ctrl_none__dqs_vs_dq_bus_skew__value_ps,abs_dqs_bus_skew_minus_dq_median,idelay_cntvaluein_skew,lane1,dqs1,,dqs_vs_dq_bus_skew,36,19,6.5,163.25,532.5,7.0,101.5,901.0,-61.75,0.423977,fail_lower,0.576023,-0.152047,overlap,0.0,1.98827
baseline_abort2_vs_pass,skew,signed_dqs_minus_dq_bit__idelay_cntvaluein_skew__lane1__dq8__ctrl_1__dqs_vs_dq_bit__value_ps,signed_dqs_minus_dq_bit,idelay_cntvaluein_skew,lane1,dq8,1,dqs_vs_dq_bit,36,19,-930.0,-129.0,959.0,-778.0,-183.0,326.0,-54.0,0.423977,fail_lower,0.576023,-0.152047,overlap,0.0,1.98827
baseline_abort2_vs_pass,direct,direct_max__idelay_data_cntvaluein__lane0__dq3__ctrl_0__endpoint__value_ps,direct_max,idelay_data_cntvaluein,lane0,dq3,0,endpoint,36,19,1059.0,1457.5,1940.0,1042.0,1560.0,1980.0,102.5,0.575292,fail_higher,0.575292,0.150585,overlap,0.0,1.969152
baseline_abort2_vs_pass,skew,dq_bus_skew_range__idelay_cntvaluein_skew__lane0__no_bit__ctrl_none__dq_lane_bus_skew__value_ps,dq_bus_skew_range,idelay_cntvaluein_skew,lane0,,,dq_lane_bus_skew,36,19,166.0,389.5,830.0,178.0,349.0,563.0,-40.5,0.425439,fail_lower,0.574561,-0.149123,overlap,0.0,1.950034
baseline_abort2_vs_pass,skew,abs_dqs_minus_dq_bit__idelay_cntvaluein_skew__lane1__dq15__ctrl_3__dqs_vs_dq_bit__value_ps,abs_dqs_minus_dq_bit,idelay_cntvaluein_skew,lane1,dq15,3,dqs_vs_dq_bit,36,19,3.0,265.5,772.0,56.0,265.0,1174.0,-0.5,0.574561,fail_higher,0.574561,0.149123,overlap,0.0,1.950034
baseline_abort2_vs_pass,direct,direct_max__idelay_data_cntvaluein__lane1__dq8__ctrl_4__endpoint__value_ps,direct_max,idelay_data_cntvaluein,lane1,dq8,4,endpoint,36,19,989.0,1376.0,2331.0,991.0,1526.0,1786.0,150.0,0.573099,fail_higher,0.573099,0.146199,overlap,0.0,1.911798
baseline_abort2_vs_pass,skew,signed_dqs_minus_dq_bit__idelay_cntvaluein_skew__lane0__dq6__ctrl_0__dqs_vs_dq_bit__value_ps,signed_dqs_minus_dq_bit,idelay_cntvaluein_skew,lane0,dq6,0,dqs_vs_dq_bit,36,19,-837.0,-27.0,856.0,-771.0,-158.0,744.0,-131.0,0.426901,fail_lower,0.573099,-0.146199,overlap,0.0,1.911798
baseline_abort2_vs_pass,skew,signed_dqs_minus_dq_bit__idelay_cntvaluein_skew__lane1__dq14__ctrl_1__dqs_vs_dq_bit__value_ps,signed_dqs_minus_dq_bit,idelay_cntvaluein_skew,lane1,dq14,1,dqs_vs_dq_bit,36,19,-671.0,-93.0,878.0,-703.0,-181.0,418.0,-88.0,0.426901,fail_lower,0.573099,-0.146199,overlap,0.0,1.911798
baseline_abort2_vs_pass,skew,abs_dqs_minus_dq_bit__idelay_cntvaluein_skew__lane1__dq13__ctrl_4__dqs_vs_dq_bit__value_ps,abs_dqs_minus_dq_bit,idelay_cntvaluein_skew,lane1,dq13,4,dqs_vs_dq_bit,36,19,13.0,237.0,982.0,107.0,273.0,633.0,36.0,0.573099,fail_higher,0.573099,0.146199,overlap,0.0,1.911798
baseline_abort2_vs_pass,direct,direct_max__idelay_data_cntvaluein__lane1__dq10__ctrl_4__endpoint__value_ps,direct_max,idelay_data_cntvaluein,lane1,dq10,4,endpoint,36,19,930.0,1347.5,2062.0,823.0,1360.0,1820.0,12.5,0.572368,fail_higher,0.572368,0.144737,overlap,0.0,1.89268
baseline_abort2_vs_pass,skew,signed_dqs_minus_dq_bit__idelay_cntvaluein_skew__lane1__dq11__ctrl_4__dqs_vs_dq_bit__value_ps,signed_dqs_minus_dq_bit,idelay_cntvaluein_skew,lane1,dq11,4,dqs_vs_dq_bit,36,19,-897.0,14.5,803.0,-557.0,-163.0,884.0,-177.5,0.428363,fail_lower,0.571637,-0.143275,overlap,0.0,1.873562
baseline_abort2_vs_pass,skew,signed_dqs_minus_dq_bit__idelay_cntvaluein_skew__lane1__dq10__ctrl_2__dqs_vs_dq_bit__value_ps,signed_dqs_minus_dq_bit,idelay_cntvaluein_skew,lane1,dq10,2,dqs_vs_dq_bit,36,19,-1213.0,-145.5,814.0,-628.0,-8.0,737.0,137.5,0.571637,fail_higher,0.571637,0.143275,overlap,0.0,1.873562
baseline_abort2_vs_pass,skew,signed_dqs_minus_dq_bit__idelay_cntvaluein_skew__lane1__dq14__ctrl_2__dqs_vs_dq_bit__value_ps,signed_dqs_minus_dq_bit,idelay_cntvaluein_skew,lane1,dq14,2,dqs_vs_dq_bit,36,19,-1216.0,-215.5,745.0,-523.0,-90.0,484.0,125.5,0.570906,fail_higher,0.570906,0.141813,overlap,0.0,1.854444
baseline_abort2_vs_pass,direct,cntvaluein_bus_skew__idelay_data_cntvaluein__lane0__dq7__ctrl_none__dq7__value_ps,cntvaluein_bus_skew,idelay_data_cntvaluein,lane0,dq7,,dq7,36,19,135.0,688.5,1221.0,265.0,612.0,1100.0,-76.5,0.429825,fail_lower,0.570175,-0.140351,overlap,0.0,1.835326
baseline_abort2_vs_pass,skew,signed_ld_minus_cntvaluein_dqs__idelay_ld_cntvaluein_skew__lane1__dqs1__ctrl_4__ld_vs_cntvaluein_dqs__value_ps,signed_ld_minus_cntvaluein_dqs,idelay_ld_cntvaluein_skew,lane1,dqs1,4,ld_vs_cntvaluein_dqs,36,19,-393.0,126.0,1260.0,-995.0,178.0,667.0,52.0,0.570175,fail_higher,0.570175,0.140351,overlap,0.0,1.835326
baseline_abort2_vs_pass,skew,signed_dqs_minus_dq_bit__idelay_cntvaluein_skew__lane0__dq2__ctrl_0__dqs_vs_dq_bit__value_ps,signed_dqs_minus_dq_bit,idelay_cntvaluein_skew,lane0,dq2,0,dqs_vs_dq_bit,36,19,-1005.0,-83.0,778.0,-676.0,-224.0,779.0,-141.0,0.430556,fail_lower,0.569444,-0.138889,overlap,0.0,1.816208
baseline_abort2_vs_pass,skew,signed_dqs_minus_dq_bit__idelay_cntvaluein_skew__lane1__dq10__ctrl_4__dqs_vs_dq_bit__value_ps,signed_dqs_minus_dq_bit,idelay_cntvaluein_skew,lane1,dq10,4,dqs_vs_dq_bit,36,19,-639.0,-27.0,646.0,-500.0,-148.0,635.0,-121.0,0.431287,fail_lower,0.568713,-0.137427,overlap,0.0,1.79709
baseline_abort2_vs_pass,skew,abs_dqs_minus_dq_bit__idelay_cntvaluein_skew__lane0__dq4__ctrl_3__dqs_vs_dq_bit__value_ps,abs_dqs_minus_dq_bit,idelay_cntvaluein_skew,lane0,dq4,3,dqs_vs_dq_bit,36,19,3.0,304.5,1005.0,24.0,403.0,1086.0,98.5,0.568713,fail_higher,0.568713,0.137427,overlap,0.0,1.79709
baseline_abort2_vs_pass,direct,direct_max__idelay_data_cntvaluein__lane0__dq3__ctrl_3__endpoint__value_ps,direct_max,idelay_data_cntvaluein,lane0,dq3,3,endpoint,36,19,1018.0,1586.0,2107.0,1065.0,1662.0,2176.0,76.0,0.568713,fail_higher,0.568713,0.137427,overlap,0.0,1.79709
baseline_abort2_vs_pass,direct,direct_max__idelay_data_cntvaluein__lane0__dq3__ctrl_4__endpoint__value_ps,direct_max,idelay_data_cntvaluein,lane0,dq3,4,endpoint,36,19,1011.0,1452.5,2206.0,985.0,1613.0,2134.0,160.5,0.567982,fail_higher,0.567982,0.135965,overlap,0.0,1.777972
baseline_abort2_vs_pass,skew,dq_lane_range__iologic_skew__lane0__no_bit__ctrl_none__dq_lane__value_ps,dq_lane_range,iologic_skew,lane0,,,dq_lane,36,19,154.0,555.0,1419.0,342.0,615.0,899.0,60.0,0.567982,fail_higher,0.567982,0.135965,overlap,0.0,1.777972
baseline_abort2_vs_pass,skew,signed_dqs_minus_dq_bit__idelay_cntvaluein_skew__lane1__dq12__ctrl_1__dqs_vs_dq_bit__value_ps,signed_dqs_minus_dq_bit,idelay_cntvaluein_skew,lane1,dq12,1,dqs_vs_dq_bit,36,19,-836.0,-60.0,620.0,-742.0,-91.0,508.0,-31.0,0.432018,fail_lower,0.567982,-0.135965,overlap,0.0,1.777972
baseline_abort2_vs_pass,skew,signed_dqs_minus_dq_bit__idelay_cntvaluein_skew__lane1__dq10__ctrl_3__dqs_vs_dq_bit__value_ps,signed_dqs_minus_dq_bit,idelay_cntvaluein_skew,lane1,dq10,3,dqs_vs_dq_bit,36,19,-1002.0,40.0,492.0,-710.0,-174.0,880.0,-214.0,0.432749,fail_lower,0.567251,-0.134503,overlap,0.0,1.758854
baseline_abort2_vs_pass,skew,abs_dqs_minus_dq_bit__idelay_cntvaluein_skew__lane0__dq0__ctrl_4__dqs_vs_dq_bit__value_ps,abs_dqs_minus_dq_bit,idelay_cntvaluein_skew,lane0,dq0,4,dqs_vs_dq_bit,36,19,23.0,333.0,791.0,91.0,438.0,1066.0,105.0,0.56652,fail_higher,0.56652,0.133041,overlap,0.0,1.739736
baseline_abort2_vs_pass,skew,abs_dqs_minus_dq_bit__idelay_cntvaluein_skew__lane1__dq8__ctrl_4__dqs_vs_dq_bit__value_ps,abs_dqs_minus_dq_bit,idelay_cntvaluein_skew,lane1,dq8,4,dqs_vs_dq_bit,36,19,15.0,309.0,873.0,20.0,245.0,638.0,-64.0,0.43348,fail_lower,0.56652,-0.133041,overlap,0.0,1.739736
baseline_abort2_vs_pass,direct,direct_max__clocking__all__no_bit__ctrl_none__endpoint__value_ps,direct_max,clocking,all,,,endpoint,36,19,6105.0,6765.0,7275.0,5985.0,6735.0,7335.0,-30.0,0.434211,fail_lower,0.565789,-0.131579,overlap,0.0,1.720618
baseline_abort2_vs_pass,direct,lane_spread__clocking__all__no_bit__ctrl_none__lane__value_ps,lane_spread,clocking,all,,,lane,36,19,5986.0,6646.0,7156.0,5866.0,6616.0,7216.0,-30.0,0.434211,fail_lower,0.565789,-0.131579,overlap,0.0,1.720618
baseline_abort2_vs_pass,direct,direct_max__idelay_data_cntvaluein__lane0__dq5__ctrl_1__endpoint__value_ps,direct_max,idelay_data_cntvaluein,lane0,dq5,1,endpoint,36,19,1116.0,1532.5,2099.0,1027.0,1547.0,1896.0,14.5,0.434211,fail_lower,0.565789,-0.131579,overlap,0.0,1.720618
baseline_abort2_vs_pass,skew,abs_dqs_minus_dq_bit__idelay_cntvaluein_skew__lane0__dq6__ctrl_2__dqs_vs_dq_bit__value_ps,abs_dqs_minus_dq_bit,idelay_cntvaluein_skew,lane0,dq6,2,dqs_vs_dq_bit,36,19,26.0,364.5,873.0,25.0,296.0,1011.0,-68.5,0.434942,fail_lower,0.565058,-0.130117,overlap,0.0,1.7015
baseline_abort2_vs_pass,direct,direct_max__idelay_data_cntvaluein__lane1__dq14__ctrl_1__endpoint__value_ps,direct_max,idelay_data_cntvaluein,lane1,dq14,1,endpoint,36,19,1021.0,1442.0,1953.0,1024.0,1458.0,1980.0,16.0,0.565058,fail_higher,0.565058,0.130117,overlap,0.0,1.7015
baseline_abort2_vs_pass,direct,direct_max__idelay_data_cntvaluein__lane0__dq6__ctrl_0__endpoint__value_ps,direct_max,idelay_data_cntvaluein,lane0,dq6,0,endpoint,36,19,1187.0,1637.0,2177.0,1101.0,1717.0,2273.0,80.0,0.564327,fail_higher,0.564327,0.128655,overlap,0.0,1.682382
baseline_abort2_vs_pass,skew,abs_ld_minus_cntvaluein_dq_median__idelay_ld_cntvaluein_skew__lane0__no_bit__ctrl_0__ld_vs_cntvaluein_dq_lane__value_ps,abs_ld_minus_cntvaluein_dq_median,idelay_ld_cntvaluein_skew,lane0,,0,ld_vs_cntvaluein_dq_lane,36,19,18.0,222.5,682.0,53.5,263.0,1103.5,40.5,0.564327,fail_higher,0.564327,0.128655,overlap,0.0,1.682382
baseline_abort2_vs_pass,skew,signed_dqs_minus_dq_median__idelay_cntvaluein_skew__lane1__dqs1__ctrl_4__dqs_vs_dq_lane__value_ps,signed_dqs_minus_dq_median,idelay_cntvaluein_skew,lane1,dqs1,4,dqs_vs_dq_lane,36,19,-684.5,-46.5,727.0,-635.5,-83.0,607.5,-36.5,0.435673,fail_lower,0.564327,-0.128655,overlap,0.0,1.682382
baseline_abort2_vs_pass,direct,direct_max__idelay_data_cntvaluein__lane0__dq1__ctrl_3__endpoint__value_ps,direct_max,idelay_data_cntvaluein,lane0,dq1,3,endpoint,36,19,1164.0,1756.0,2358.0,1090.0,1792.0,2522.0,36.0,0.564327,fail_higher,0.564327,0.128655,overlap,0.0,1.682382
baseline_abort2_vs_pass,skew,abs_dqs_minus_dq_bit__idelay_cntvaluein_skew__lane1__dq13__ctrl_0__dqs_vs_dq_bit__value_ps,abs_dqs_minus_dq_bit,idelay_cntvaluein_skew,lane1,dq13,0,dqs_vs_dq_bit,36,19,0.0,224.5,779.0,25.0,190.0,750.0,-34.5,0.436404,fail_lower,0.563596,-0.127193,overlap,0.0,1.663264
baseline_abort2_vs_pass,direct,direct_max__idelay_data_cntvaluein__lane1__dq11__ctrl_4__endpoint__value_ps,direct_max,idelay_data_cntvaluein,lane1,dq11,4,endpoint,36,19,785.0,1302.0,1950.0,776.0,1445.0,1809.0,143.0,0.562865,fail_higher,0.562865,0.125731,overlap,0.0,1.644146
baseline_abort2_vs_pass,skew,abs_dqs_minus_dq_bit__idelay_cntvaluein_skew__lane1__dq9__ctrl_3__dqs_vs_dq_bit__value_ps,abs_dqs_minus_dq_bit,idelay_cntvaluein_skew,lane1,dq9,3,dqs_vs_dq_bit,36,19,1.0,186.5,551.0,0.0,223.0,1089.0,36.5,0.562865,fail_higher,0.562865,0.125731,overlap,0.0,1.644146
baseline_abort2_vs_pass,skew,abs_dqs_minus_dq_bit__idelay_cntvaluein_skew__lane0__dq2__ctrl_1__dqs_vs_dq_bit__value_ps,abs_dqs_minus_dq_bit,idelay_cntvaluein_skew,lane0,dq2,1,dqs_vs_dq_bit,36,19,20.0,454.5,1212.0,49.0,280.0,928.0,-174.5,0.438596,fail_lower,0.561404,-0.122807,overlap,0.0,1.60591
baseline_abort2_vs_pass,direct,direct_max__idelay_ld__lane1__dqs1__ctrl_none__endpoint__value_ps,direct_max,idelay_ld,lane1,dqs1,,endpoint,36,19,1105.0,1426.5,1963.0,1179.0,1460.0,1916.0,33.5,0.560673,fail_higher,0.560673,0.121345,overlap,0.0,1.586792
baseline_abort2_vs_pass,skew,signed_ld_minus_cntvaluein_dqs__idelay_ld_cntvaluein_skew__lane1__dqs1__ctrl_2__ld_vs_cntvaluein_dqs__value_ps,signed_ld_minus_cntvaluein_dqs,idelay_ld_cntvaluein_skew,lane1,dqs1,2,ld_vs_cntvaluein_dqs,36,19,-755.0,77.0,1257.0,-833.0,94.0,645.0,17.0,0.560673,fail_higher,0.560673,0.121345,overlap,0.0,1.586792
baseline_abort2_vs_pass,skew,abs_dqs_minus_dq_bit__idelay_cntvaluein_skew__lane1__dq8__ctrl_0__dqs_vs_dq_bit__value_ps,abs_dqs_minus_dq_bit,idelay_cntvaluein_skew,lane1,dq8,0,dqs_vs_dq_bit,36,19,3.0,289.5,778.0,63.0,225.0,873.0,-64.5,0.440058,fail_lower,0.559942,-0.119883,overlap,0.0,1.567674
baseline_abort2_vs_pass,direct,cntvaluein_bus_skew__idelay_data_cntvaluein__lane0__dq4__ctrl_none__dq4__value_ps,cntvaluein_bus_skew,idelay_data_cntvaluein,lane0,dq4,,dq4,36,19,238.0,686.0,1184.0,242.0,664.0,1091.0,-22.0,0.440058,fail_lower,0.559942,-0.119883,overlap,0.0,1.567674
baseline_abort2_vs_pass,skew,abs_lane1_minus_lane0_dqs__idelay_cntvaluein_skew__all__no_bit__ctrl_0__lane1_vs_lane0_dqs__value_ps,abs_lane1_minus_lane0_dqs,idelay_cntvaluein_skew,all,,0,lane1_vs_lane0_dqs,36,19,2.0,276.0,581.0,31.0,269.0,795.0,-7.0,0.440058,fail_lower,0.559942,-0.119883,overlap,0.0,1.567674
baseline_abort2_vs_pass,skew,abs_ld_minus_cntvaluein_dqs__idelay_ld_cntvaluein_skew__lane1__dqs1__ctrl_1__ld_vs_cntvaluein_dqs__value_ps,abs_ld_minus_cntvaluein_dqs,idelay_ld_cntvaluein_skew,lane1,dqs1,1,ld_vs_cntvaluein_dqs,36,19,38.0,260.0,1200.0,51.0,284.0,737.0,24.0,0.559211,fail_higher,0.559211,0.118421,overlap,0.0,1.548556
baseline_abort2_vs_pass,skew,signed_ld_minus_cntvaluein_dqs__idelay_ld_cntvaluein_skew__lane1__dqs1__ctrl_0__ld_vs_cntvaluein_dqs__value_ps,signed_ld_minus_cntvaluein_dqs,idelay_ld_cntvaluein_skew,lane1,dqs1,0,ld_vs_cntvaluein_dqs,36,19,-577.0,101.0,988.0,-409.0,217.0,850.0,116.0,0.55848,fail_higher,0.55848,0.116959,overlap,0.0,1.529438
baseline_abort2_vs_pass,skew,signed_dqs_minus_dq_bit__idelay_cntvaluein_skew__lane0__dq1__ctrl_0__dqs_vs_dq_bit__value_ps,signed_dqs_minus_dq_bit,idelay_cntvaluein_skew,lane0,dq1,0,dqs_vs_dq_bit,36,19,-1016.0,-135.0,960.0,-581.0,-170.0,871.0,-35.0,0.44152,fail_lower,0.55848,-0.116959,overlap,0.0,1.529438
baseline_abort2_vs_pass,skew,abs_dqs_minus_dq_bit__idelay_cntvaluein_skew__lane1__dq15__ctrl_1__dqs_vs_dq_bit__value_ps,abs_dqs_minus_dq_bit,idelay_cntvaluein_skew,lane1,dq15,1,dqs_vs_dq_bit,36,19,18.0,236.0,998.0,33.0,201.0,847.0,-35.0,0.44152,fail_lower,0.55848,-0.116959,overlap,0.0,1.529438
baseline_abort2_vs_pass,direct,direct_max__idelay_dqs_cntvaluein__lane1__dqs1__ctrl_3__endpoint__value_ps,direct_max,idelay_dqs_cntvaluein,lane1,dqs1,3,endpoint,36,19,527.0,1387.5,1947.0,665.0,1414.0,2447.0,26.5,0.55848,fail_higher,0.55848,0.116959,overlap,0.0,1.529438
baseline_abort2_vs_pass,skew,abs_dqs_minus_dq_bit__idelay_cntvaluein_skew__lane0__dq7__ctrl_1__dqs_vs_dq_bit__value_ps,abs_dqs_minus_dq_bit,idelay_cntvaluein_skew,lane0,dq7,1,dqs_vs_dq_bit,36,19,15.0,364.5,1302.0,0.0,215.0,1020.0,-149.5,0.442251,fail_lower,0.557749,-0.115497,overlap,0.0,1.51032
baseline_abort2_vs_pass,skew,abs_dqs_minus_dq_bit__idelay_cntvaluein_skew__lane1__dq14__ctrl_2__dqs_vs_dq_bit__value_ps,abs_dqs_minus_dq_bit,idelay_cntvaluein_skew,lane1,dq14,2,dqs_vs_dq_bit,36,19,4.0,267.5,1216.0,4.0,269.0,523.0,1.5,0.442251,fail_lower,0.557749,-0.115497,overlap,0.0,1.51032
baseline_abort2_vs_pass,skew,signed_dqs_minus_dq_bit__idelay_cntvaluein_skew__lane0__dq5__ctrl_2__dqs_vs_dq_bit__value_ps,signed_dqs_minus_dq_bit,idelay_cntvaluein_skew,lane0,dq5,2,dqs_vs_dq_bit,36,19,-891.0,-44.0,796.0,-906.0,205.0,1047.0,249.0,0.557018,fail_higher,0.557018,0.114035,overlap,0.0,1.491202
baseline_abort2_vs_pass,direct,direct_max__idelay_ld__lane0__dq2__ctrl_none__endpoint__value_ps,direct_max,idelay_ld,lane0,dq2,,endpoint,36,19,1338.0,1714.0,2275.0,1437.0,1649.0,2486.0,-65.0,0.443713,fail_lower,0.556287,-0.112573,overlap,0.0,1.472084
baseline_abort2_vs_pass,direct,direct_max__idelay_data_cntvaluein__lane0__dq0__ctrl_4__endpoint__value_ps,direct_max,idelay_data_cntvaluein,lane0,dq0,4,endpoint,36,19,1126.0,1615.0,2384.0,1072.0,1629.0,2285.0,14.0,0.556287,fail_higher,0.556287,0.112573,overlap,0.0,1.472084
baseline_abort2_vs_pass,direct,lane_spread__dq_iologic__lane0__no_bit__ctrl_none__lane__value_ps,lane_spread,dq_iologic,lane0,,,lane,36,19,1863.0,2533.0,4221.0,1988.0,2654.0,3694.0,121.0,0.555556,fail_higher,0.555556,0.111111,overlap,0.0,1.452966
baseline_abort2_vs_pass,skew,abs_ld_minus_cntvaluein_dqs__idelay_ld_cntvaluein_skew__lane0__dqs0__ctrl_1__ld_vs_cntvaluein_dqs__value_ps,abs_ld_minus_cntvaluein_dqs,idelay_ld_cntvaluein_skew,lane0,dqs0,1,ld_vs_cntvaluein_dqs,36,19,9.0,298.0,974.0,67.0,388.0,728.0,90.0,0.555556,fail_higher,0.555556,0.111111,overlap,0.0,1.452966
baseline_abort2_vs_pass,skew,abs_ld_minus_cntvaluein_dq_median__idelay_ld_cntvaluein_skew__lane0__no_bit__ctrl_1__ld_vs_cntvaluein_dq_lane__value_ps,abs_ld_minus_cntvaluein_dq_median,idelay_ld_cntvaluein_skew,lane0,,1,ld_vs_cntvaluein_dq_lane,36,19,3.5,289.25,884.0,6.5,214.5,889.0,-74.75,0.444444,fail_lower,0.555556,-0.111111,overlap,0.0,1.452966
baseline_abort2_vs_pass,direct,direct_max__idelayctrl__all__no_bit__ctrl_none__endpoint__value_ps,direct_max,idelayctrl,all,,,endpoint,36,19,1659.0,2775.0,3494.0,1914.0,2730.0,3865.0,-45.0,0.444444,fail_lower,0.555556,-0.111111,overlap,0.0,1.452966
baseline_abort2_vs_pass,direct,direct_max__dq_iologic__lane1__dq9__ctrl_none__endpoint__value_ps,direct_max,dq_iologic,lane1,dq9,,endpoint,36,19,1904.0,2302.0,4106.0,2105.0,2339.0,3138.0,37.0,0.555556,fail_higher,0.555556,0.111111,overlap,0.0,1.452966
baseline_abort2_vs_pass,direct,direct_max__idelay_data_cntvaluein__lane1__dq14__ctrl_4__endpoint__value_ps,direct_max,idelay_data_cntvaluein,lane1,dq14,4,endpoint,36,19,973.0,1439.5,2155.0,903.0,1450.0,1896.0,10.5,0.555556,fail_higher,0.555556,0.111111,overlap,0.0,1.452966
baseline_abort2_vs_pass,direct,direct_max__idelay_data_cntvaluein__lane0__dq4__ctrl_0__endpoint__value_ps,direct_max,idelay_data_cntvaluein,lane0,dq4,0,endpoint,36,19,1271.0,1651.0,2236.0,1121.0,1692.0,2173.0,41.0,0.554825,fail_higher,0.554825,0.109649,overlap,0.0,1.433848
baseline_abort2_vs_pass,skew,signed_dqs_minus_dq_bit__idelay_cntvaluein_skew__lane1__dq9__ctrl_4__dqs_vs_dq_bit__value_ps,signed_dqs_minus_dq_bit,idelay_cntvaluein_skew,lane1,dq9,4,dqs_vs_dq_bit,36,19,-511.0,50.0,821.0,-774.0,-30.0,738.0,-80.0,0.445906,fail_lower,0.554094,-0.108187,overlap,0.0,1.41473
baseline_abort2_vs_pass,skew,abs_ld_dqs_minus_dq_median__idelay_ld_skew__lane1__dqs1__ctrl_none__dqs_vs_dq_lane__value_ps,abs_ld_dqs_minus_dq_median,idelay_ld_skew,lane1,dqs1,,dqs_vs_dq_lane,36,19,3.0,103.5,235.5,4.0,79.5,243.0,-24.0,0.445906,fail_lower,0.554094,-0.108187,overlap,0.0,1.41473
baseline_abort2_vs_pass,skew,signed_dqs_minus_dq_bit__idelay_cntvaluein_skew__lane1__dq14__ctrl_3__dqs_vs_dq_bit__value_ps,signed_dqs_minus_dq_bit,idelay_cntvaluein_skew,lane1,dq14,3,dqs_vs_dq_bit,36,19,-910.0,-3.5,351.0,-752.0,-178.0,793.0,-174.5,0.446637,fail_lower,0.553363,-0.106725,overlap,0.0,1.395612
baseline_abort2_vs_pass,direct,direct_max__idelay_data_cntvaluein__lane1__dq12__ctrl_3__endpoint__value_ps,direct_max,idelay_data_cntvaluein,lane1,dq12,3,endpoint,36,19,961.0,1468.5,1925.0,949.0,1534.0,2032.0,65.5,0.552632,fail_higher,0.552632,0.105263,overlap,0.0,1.376494
baseline_abort2_vs_pass,skew,abs_dqs_minus_dq_median__idelay_cntvaluein_skew__lane0__dqs0__ctrl_1__dqs_vs_dq_lane__value_ps,abs_dqs_minus_dq_median,idelay_cntvaluein_skew,lane0,dqs0,1,dqs_vs_dq_lane,36,19,20.0,378.75,1163.5,6.0,319.5,881.5,-59.25,0.447368,fail_lower,0.552632,-0.105263,overlap,0.0,1.376494
baseline_abort2_vs_pass,skew,signed_dqs_minus_dq_bit__idelay_cntvaluein_skew__lane1__dq9__ctrl_2__dqs_vs_dq_bit__value_ps,signed_dqs_minus_dq_bit,idelay_cntvaluein_skew,lane1,dq9,2,dqs_vs_dq_bit,36,19,-691.0,113.5,873.0,-684.0,82.0,589.0,-31.5,0.447368,fail_lower,0.552632,-0.105263,overlap,0.0,1.376494
baseline_abort2_vs_pass,skew,abs_dqs_minus_dq_bit__idelay_cntvaluein_skew__lane0__dq1__ctrl_3__dqs_vs_dq_bit__value_ps,abs_dqs_minus_dq_bit,idelay_cntvaluein_skew,lane0,dq1,3,dqs_vs_dq_bit,36,19,12.0,286.0,1003.0,23.0,311.0,996.0,25.0,0.552632,fail_higher,0.552632,0.105263,overlap,0.0,1.376494
baseline_abort2_vs_pass,skew,signed_lane1_minus_lane0_dqs__idelay_cntvaluein_skew__all__no_bit__ctrl_0__lane1_vs_lane0_dqs__value_ps,signed_lane1_minus_lane0_dqs,idelay_cntvaluein_skew,all,,0,lane1_vs_lane0_dqs,36,19,-581.0,-276.0,260.0,-795.0,-269.0,109.0,7.0,0.552632,fail_higher,0.552632,0.105263,overlap,0.0,1.376494
baseline_abort2_vs_pass,skew,abs_lane1_minus_lane0_dqs__idelay_cntvaluein_skew__all__no_bit__ctrl_2__lane1_vs_lane0_dqs__value_ps,abs_lane1_minus_lane0_dqs,idelay_cntvaluein_skew,all,,2,lane1_vs_lane0_dqs,36,19,18.0,273.5,531.0,6.0,271.0,784.0,-2.5,0.447368,fail_lower,0.552632,-0.105263,overlap,0.0,1.376494
baseline_abort2_vs_pass,skew,abs_dqs_minus_dq_bit__idelay_cntvaluein_skew__lane1__dq14__ctrl_0__dqs_vs_dq_bit__value_ps,abs_dqs_minus_dq_bit,idelay_cntvaluein_skew,lane1,dq14,0,dqs_vs_dq_bit,36,19,10.0,297.5,730.0,59.0,251.0,878.0,-46.5,0.448099,fail_lower,0.551901,-0.103801,overlap,0.0,1.357376
baseline_abort2_vs_pass,skew,abs_ld_minus_cntvaluein_dqs__idelay_ld_cntvaluein_skew__lane0__dqs0__ctrl_2__ld_vs_cntvaluein_dqs__value_ps,abs_ld_minus_cntvaluein_dqs,idelay_ld_cntvaluein_skew,lane0,dqs0,2,ld_vs_cntvaluein_dqs,36,19,10.0,338.5,1079.0,2.0,347.0,973.0,8.5,0.551901,fail_higher,0.551901,0.103801,overlap,0.0,1.357376
baseline_abort2_vs_pass,direct,direct_max__dqs_iologic__lane0__dqs0__ctrl_none__endpoint__value_ps,direct_max,dqs_iologic,lane0,dqs0,,endpoint,36,19,2555.0,3144.0,4275.0,2444.0,3174.0,3809.0,30.0,0.550439,fail_higher,0.550439,0.100877,overlap,0.0,1.31914
baseline_abort2_vs_pass,direct,lane_spread__dqs_iologic__lane0__no_bit__ctrl_none__lane__value_ps,lane_spread,dqs_iologic,lane0,,,lane,36,19,2555.0,3144.0,4275.0,2444.0,3174.0,3809.0,30.0,0.550439,fail_higher,0.550439,0.100877,overlap,0.0,1.31914
baseline_abort2_vs_pass,skew,abs_dqs_minus_dq_median__idelay_cntvaluein_skew__lane0__dqs0__ctrl_3__dqs_vs_dq_lane__value_ps,abs_dqs_minus_dq_median,idelay_cntvaluein_skew,lane0,dqs0,3,dqs_vs_dq_lane,36,19,33.5,299.25,1003.0,18.0,368.5,991.5,69.25,0.549708,fail_higher,0.549708,0.099415,overlap,0.0,1.300022
baseline_abort2_vs_pass,skew,signed_dqs_minus_dq_bit__idelay_cntvaluein_skew__lane1__dq15__ctrl_4__dqs_vs_dq_bit__value_ps,signed_dqs_minus_dq_bit,idelay_cntvaluein_skew,lane1,dq15,4,dqs_vs_dq_bit,36,19,-516.0,68.5,731.0,-694.0,4.0,785.0,-64.5,0.450292,fail_lower,0.549708,-0.099415,overlap,0.0,1.300022
baseline_abort2_vs_pass,direct,direct_max__idelay_ld__lane1__dq9__ctrl_none__endpoint__value_ps,direct_max,idelay_ld,lane1,dq9,,endpoint,36,19,1013.0,1339.0,1922.0,1042.0,1297.0,1700.0,-42.0,0.450292,fail_lower,0.549708,-0.099415,overlap,0.0,1.300022
baseline_abort2_vs_pass,skew,abs_dqs_minus_dq_bit__idelay_cntvaluein_skew__lane0__dq3__ctrl_1__dqs_vs_dq_bit__value_ps,abs_dqs_minus_dq_bit,idelay_cntvaluein_skew,lane0,dq3,1,dqs_vs_dq_bit,36,19,13.0,237.5,863.0,3.0,355.0,752.0,117.5,0.548977,fail_higher,0.548977,0.097953,overlap,0.0,1.280905
baseline_abort2_vs_pass,direct,direct_max__idelay_data_cntvaluein__lane1__dq14__ctrl_0__endpoint__value_ps,direct_max,idelay_data_cntvaluein,lane1,dq14,0,endpoint,36,19,1115.0,1423.0,1820.0,902.0,1486.0,1952.0,63.0,0.548977,fail_higher,0.548977,0.097953,overlap,0.0,1.280905
baseline_abort2_vs_pass,direct,direct_max__idelay_dqs_cntvaluein__lane1__dqs1__ctrl_1__endpoint__value_ps,direct_max,idelay_dqs_cntvaluein,lane1,dqs1,1,endpoint,36,19,671.0,1317.0,2098.0,774.0,1266.0,1848.0,-51.0,0.451023,fail_lower,0.548977,-0.097953,overlap,0.0,1.280905
baseline_abort2_vs_pass,skew,abs_dqs_minus_dq_bit__idelay_cntvaluein_skew__lane0__dq2__ctrl_0__dqs_vs_dq_bit__value_ps,abs_dqs_minus_dq_bit,idelay_cntvaluein_skew,lane0,dq2,0,dqs_vs_dq_bit,36,19,29.0,253.0,1005.0,29.0,254.0,779.0,1.0,0.548977,fail_higher,0.548977,0.097953,overlap,0.0,1.280905
baseline_abort2_vs_pass,skew,abs_dqs_minus_dq_bit__idelay_cntvaluein_skew__lane0__dq4__ctrl_1__dqs_vs_dq_bit__value_ps,abs_dqs_minus_dq_bit,idelay_cntvaluein_skew,lane0,dq4,1,dqs_vs_dq_bit,36,19,36.0,467.5,1209.0,39.0,282.0,927.0,-185.5,0.451754,fail_lower,0.548246,-0.096491,overlap,0.0,1.261787
baseline_abort2_vs_pass,skew,abs_dqs_minus_dq_median__idelay_cntvaluein_skew__lane1__dqs1__ctrl_0__dqs_vs_dq_lane__value_ps,abs_dqs_minus_dq_median,idelay_cntvaluein_skew,lane1,dqs1,0,dqs_vs_dq_lane,36,19,4.0,276.0,728.5,61.5,167.5,894.5,-108.5,0.451754,fail_lower,0.548246,-0.096491,overlap,0.0,1.261787
baseline_abort2_vs_pass,direct,direct_max__dq_iologic__lane0__dq5__ctrl_none__endpoint__value_ps,direct_max,dq_iologic,lane0,dq5,,endpoint,36,19,1575.0,2139.5,4221.0,1741.0,2234.0,3668.0,94.5,0.547515,fail_higher,0.547515,0.095029,overlap,0.0,1.242669
baseline_abort2_vs_pass,skew,abs_dqs_minus_dq_bit__idelay_cntvaluein_skew__lane1__dq8__ctrl_3__dqs_vs_dq_bit__value_ps,abs_dqs_minus_dq_bit,idelay_cntvaluein_skew,lane1,dq8,3,dqs_vs_dq_bit,36,19,15.0,189.0,901.0,0.0,247.0,844.0,58.0,0.547515,fail_higher,0.547515,0.095029,overlap,0.0,1.242669
baseline_abort2_vs_pass,skew,signed_dqs_minus_dq_bit__idelay_cntvaluein_skew__lane0__dq1__ctrl_3__dqs_vs_dq_bit__value_ps,signed_dqs_minus_dq_bit,idelay_cntvaluein_skew,lane0,dq1,3,dqs_vs_dq_bit,36,19,-1003.0,49.5,895.0,-996.0,-120.0,813.0,-169.5,0.453216,fail_lower,0.546784,-0.093567,overlap,0.0,1.223551
baseline_abort2_vs_pass,skew,signed_idelayctrl_minus_reset_release__startup_relative_skew__all__no_bit__ctrl_none__idelayctrl_vs_reset__value_ps,signed_idelayctrl_minus_reset_release,startup_relative_skew,all,,,idelayctrl_vs_reset,36,19,248.0,2041.0,2954.0,954.0,1876.0,3010.0,-165.0,0.453216,fail_lower,0.546784,-0.093567,overlap,0.0,1.223551
baseline_abort2_vs_pass,skew,abs_idelayctrl_minus_reset_release__startup_relative_skew__all__no_bit__ctrl_none__idelayctrl_vs_reset__value_ps,abs_idelayctrl_minus_reset_release,startup_relative_skew,all,,,idelayctrl_vs_reset,36,19,248.0,2041.0,2954.0,954.0,1876.0,3010.0,-165.0,0.453216,fail_lower,0.546784,-0.093567,overlap,0.0,1.223551
baseline_abort2_vs_pass,direct,direct_max__dq_iologic__lane1__dq14__ctrl_none__endpoint__value_ps,direct_max,dq_iologic,lane1,dq14,,endpoint,36,19,2115.0,2489.5,3421.0,1965.0,2596.0,4017.0,106.5,0.546784,fail_higher,0.546784,0.093567,overlap,0.0,1.223551
baseline_abort2_vs_pass,skew,signed_dqs_minus_dq_bit__idelay_cntvaluein_skew__lane1__dq8__ctrl_3__dqs_vs_dq_bit__value_ps,signed_dqs_minus_dq_bit,idelay_cntvaluein_skew,lane1,dq8,3,dqs_vs_dq_bit,36,19,-901.0,-88.0,266.0,-844.0,0.0,707.0,88.0,0.545322,fail_higher,0.545322,0.090643,overlap,0.0,1.185315
baseline_abort2_vs_pass,skew,abs_dqs_minus_dq_bit__idelay_cntvaluein_skew__lane0__dq2__ctrl_3__dqs_vs_dq_bit__value_ps,abs_dqs_minus_dq_bit,idelay_cntvaluein_skew,lane0,dq2,3,dqs_vs_dq_bit,36,19,5.0,280.0,1090.0,29.0,365.0,1089.0,85.0,0.545322,fail_higher,0.545322,0.090643,overlap,0.0,1.185315
baseline_abort2_vs_pass,skew,abs_dqs_minus_dq_bit__idelay_cntvaluein_skew__lane0__dq5__ctrl_0__dqs_vs_dq_bit__value_ps,abs_dqs_minus_dq_bit,idelay_cntvaluein_skew,lane0,dq5,0,dqs_vs_dq_bit,36,19,13.0,262.0,1059.0,1.0,213.0,1021.0,-49.0,0.454678,fail_lower,0.545322,-0.090643,overlap,0.0,1.185315
baseline_abort2_vs_pass,skew,signed_dqs_minus_dq_bit__idelay_cntvaluein_skew__lane1__dq14__ctrl_0__dqs_vs_dq_bit__value_ps,signed_dqs_minus_dq_bit,idelay_cntvaluein_skew,lane1,dq14,0,dqs_vs_dq_bit,36,19,-730.0,-137.0,691.0,-516.0,-184.0,878.0,-47.0,0.454678,fail_lower,0.545322,-0.090643,overlap,0.0,1.185315
baseline_abort2_vs_pass,direct,direct_max__dq_iologic__lane0__dq6__ctrl_none__endpoint__value_ps,direct_max,dq_iologic,lane0,dq6,,endpoint,36,19,1638.0,1975.0,4176.0,1738.0,2006.0,3569.0,31.0,0.545322,fail_higher,0.545322,0.090643,overlap,0.0,1.185315
baseline_abort2_vs_pass,skew,signed_dqs_minus_dq_bit__idelay_cntvaluein_skew__lane1__dq8__ctrl_4__dqs_vs_dq_bit__value_ps,signed_dqs_minus_dq_bit,idelay_cntvaluein_skew,lane1,dq8,4,dqs_vs_dq_bit,36,19,-873.0,-85.5,727.0,-638.0,-84.0,549.0,1.5,0.455409,fail_lower,0.544591,-0.089181,overlap,0.0,1.166197
baseline_abort2_vs_pass,direct,direct_max__idelay_data_cntvaluein__lane1__dq8__ctrl_3__endpoint__value_ps,direct_max,idelay_data_cntvaluein,lane1,dq8,3,endpoint,36,19,870.0,1524.5,2032.0,1116.0,1439.0,2216.0,-85.5,0.45614,fail_lower,0.54386,-0.087719,overlap,0.0,1.147079
baseline_abort2_vs_pass,direct,direct_max__idelay_data_cntvaluein__lane1__dq12__ctrl_0__endpoint__value_ps,direct_max,idelay_data_cntvaluein,lane1,dq12,0,endpoint,36,19,1054.0,1384.5,2006.0,1067.0,1427.0,1957.0,42.5,0.54386,fail_higher,0.54386,0.087719,overlap,0.0,1.147079
baseline_abort2_vs_pass,direct,direct_max__idelay_data_cntvaluein__lane1__dq9__ctrl_3__endpoint__value_ps,direct_max,idelay_data_cntvaluein,lane1,dq9,3,endpoint,36,19,865.0,1281.5,1815.0,759.0,1268.0,1891.0,-13.5,0.45614,fail_lower,0.54386,-0.087719,overlap,0.0,1.147079
baseline_abort2_vs_pass,skew,abs_dqs_minus_dq_bit__idelay_cntvaluein_skew__lane1__dq10__ctrl_4__dqs_vs_dq_bit__value_ps,abs_dqs_minus_dq_bit,idelay_cntvaluein_skew,lane1,dq10,4,dqs_vs_dq_bit,36,19,7.0,250.5,646.0,28.0,253.0,635.0,2.5,0.54386,fail_higher,0.54386,0.087719,overlap,0.0,1.147079
baseline_abort2_vs_pass,skew,abs_dqs_minus_dq_bit__idelay_cntvaluein_skew__lane1__dq8__ctrl_2__dqs_vs_dq_bit__value_ps,abs_dqs_minus_dq_bit,idelay_cntvaluein_skew,lane1,dq8,2,dqs_vs_dq_bit,36,19,8.0,353.5,1308.0,50.0,201.0,607.0,-152.5,0.456871,fail_lower,0.543129,-0.086257,overlap,0.0,1.127961
baseline_abort2_vs_pass,skew,abs_dqs_minus_dq_bit__idelay_cntvaluein_skew__lane1__dq11__ctrl_0__dqs_vs_dq_bit__value_ps,abs_dqs_minus_dq_bit,idelay_cntvaluein_skew,lane1,dq11,0,dqs_vs_dq_bit,36,19,8.0,243.0,692.0,46.0,150.0,837.0,-93.0,0.456871,fail_lower,0.543129,-0.086257,overlap,0.0,1.127961
baseline_abort2_vs_pass,skew,abs_dqs_minus_dq_bit__idelay_cntvaluein_skew__lane0__dq5__ctrl_3__dqs_vs_dq_bit__value_ps,abs_dqs_minus_dq_bit,idelay_cntvaluein_skew,lane0,dq5,3,dqs_vs_dq_bit,36,19,20.0,334.0,1069.0,15.0,387.0,1102.0,53.0,0.543129,fail_higher,0.543129,0.086257,overlap,0.0,1.127961
baseline_abort2_vs_pass,skew,signed_ld_dqs_minus_dq_median__idelay_ld_skew__lane0__dqs0__ctrl_none__dqs_vs_dq_lane__value_ps,signed_ld_dqs_minus_dq_median,idelay_ld_skew,lane0,dqs0,,dqs_vs_dq_lane,36,19,-308.5,-48.25,236.5,-243.0,-72.5,144.5,-24.25,0.456871,fail_lower,0.543129,-0.086257,overlap,0.0,1.127961
baseline_abort2_vs_pass,direct,direct_max__idelay_data_cntvaluein__lane1__dq14__ctrl_3__endpoint__value_ps,direct_max,idelay_data_cntvaluein,lane1,dq14,3,endpoint,36,19,879.0,1478.0,1940.0,1070.0,1590.0,2125.0,112.0,0.542398,fail_higher,0.542398,0.084795,overlap,0.0,1.108843
baseline_abort2_vs_pass,skew,abs_dqs_minus_dq_bit__idelay_cntvaluein_skew__lane0__dq4__ctrl_2__dqs_vs_dq_bit__value_ps,abs_dqs_minus_dq_bit,idelay_cntvaluein_skew,lane0,dq4,2,dqs_vs_dq_bit,36,19,81.0,348.5,1118.0,6.0,311.0,993.0,-37.5,0.457602,fail_lower,0.542398,-0.084795,overlap,0.0,1.108843
baseline_abort2_vs_pass,skew,abs_dqs_minus_dq_bit__idelay_cntvaluein_skew__lane1__dq9__ctrl_4__dqs_vs_dq_bit__value_ps,abs_dqs_minus_dq_bit,idelay_cntvaluein_skew,lane1,dq9,4,dqs_vs_dq_bit,36,19,5.0,236.0,821.0,13.0,261.0,774.0,25.0,0.542398,fail_higher,0.542398,0.084795,overlap,0.0,1.108843
baseline_abort2_vs_pass,direct,direct_max__idelay_ld__lane0__dq0__ctrl_none__endpoint__value_ps,direct_max,idelay_ld,lane0,dq0,,endpoint,36,19,1154.0,1686.0,2180.0,1365.0,1708.0,2533.0,22.0,0.541667,fail_higher,0.541667,0.083333,overlap,0.0,1.089725
baseline_abort2_vs_pass,skew,signed_ld_minus_cntvaluein_dq_median__idelay_ld_cntvaluein_skew__lane1__no_bit__ctrl_0__ld_vs_cntvaluein_dq_lane__value_ps,signed_ld_minus_cntvaluein_dq_median,idelay_ld_cntvaluein_skew,lane1,,0,ld_vs_cntvaluein_dq_lane,36,19,-349.0,125.25,571.5,-381.5,132.5,631.5,7.25,0.458333,fail_lower,0.541667,-0.083333,overlap,0.0,1.089725
baseline_abort2_vs_pass,direct,direct_max__idelay_data_cntvaluein__lane0__dq2__ctrl_0__endpoint__value_ps,direct_max,idelay_data_cntvaluein,lane0,dq2,0,endpoint,36,19,1184.0,1632.5,2326.0,1205.0,1777.0,2178.0,144.5,0.540936,fail_higher,0.540936,0.081871,overlap,0.0,1.070607
baseline_abort2_vs_pass,direct,direct_max__idelay_data_cntvaluein__lane0__dq4__ctrl_4__endpoint__value_ps,direct_max,idelay_data_cntvaluein,lane0,dq4,4,endpoint,36,19,1024.0,1603.0,2359.0,1182.0,1710.0,2382.0,107.0,0.540936,fail_higher,0.540936,0.081871,overlap,0.0,1.070607
baseline_abort2_vs_pass,direct,direct_max__dq_iologic__lane0__dq1__ctrl_none__endpoint__value_ps,direct_max,dq_iologic,lane0,dq1,,endpoint,36,19,1649.0,2142.5,3990.0,1875.0,2176.0,3437.0,33.5,0.540205,fail_higher,0.540205,0.080409,overlap,0.0,1.051489
baseline_abort2_vs_pass,skew,signed_dqs_minus_dq_bit__idelay_cntvaluein_skew__lane0__dq0__ctrl_3__dqs_vs_dq_bit__value_ps,signed_dqs_minus_dq_bit,idelay_cntvaluein_skew,lane0,dq0,3,dqs_vs_dq_bit,36,19,-913.0,71.0,979.0,-987.0,-102.0,869.0,-173.0,0.460526,fail_lower,0.539474,-0.078947,overlap,0.0,1.032371
baseline_abort2_vs_pass,skew,signed_dqs_minus_dq_bit__idelay_cntvaluein_skew__lane0__dq5__ctrl_1__dqs_vs_dq_bit__value_ps,signed_dqs_minus_dq_bit,idelay_cntvaluein_skew,lane0,dq5,1,dqs_vs_dq_bit,36,19,-769.0,-111.0,993.0,-564.0,9.0,833.0,120.0,0.539474,fail_higher,0.539474,0.078947,overlap,0.0,1.032371
baseline_abort2_vs_pass,direct,direct_max__idelay_data_cntvaluein__lane0__dq5__ctrl_3__endpoint__value_ps,direct_max,idelay_data_cntvaluein,lane0,dq5,3,endpoint,36,19,990.0,1565.5,2063.0,1131.0,1648.0,2085.0,82.5,0.539474,fail_higher,0.539474,0.078947,overlap,0.0,1.032371
baseline_abort2_vs_pass,skew,abs_dqs_minus_dq_bit__idelay_cntvaluein_skew__lane0__dq1__ctrl_2__dqs_vs_dq_bit__value_ps,abs_dqs_minus_dq_bit,idelay_cntvaluein_skew,lane0,dq1,2,dqs_vs_dq_bit,36,19,3.0,325.0,918.0,26.0,345.0,999.0,20.0,0.460526,fail_lower,0.539474,-0.078947,overlap,0.0,1.032371
baseline_abort2_vs_pass,skew,signed_dqs_minus_dq_bit__idelay_cntvaluein_skew__lane0__dq6__ctrl_4__dqs_vs_dq_bit__value_ps,signed_dqs_minus_dq_bit,idelay_cntvaluein_skew,lane0,dq6,4,dqs_vs_dq_bit,36,19,-958.0,-96.0,880.0,-1020.0,-107.0,1125.0,-11.0,0.460526,fail_lower,0.539474,-0.078947,overlap,0.0,1.032371
baseline_abort2_vs_pass,skew,signed_lane1_minus_lane0_dqs__idelay_cntvaluein_skew__all__no_bit__ctrl_2__lane1_vs_lane0_dqs__value_ps,signed_lane1_minus_lane0_dqs,idelay_cntvaluein_skew,all,,2,lane1_vs_lane0_dqs,36,19,-531.0,-273.5,111.0,-784.0,-271.0,95.0,2.5,0.539474,fail_higher,0.539474,0.078947,overlap,0.0,1.032371
baseline_abort2_vs_pass,skew,abs_dqs_minus_dq_bit__idelay_cntvaluein_skew__lane1__dq15__ctrl_4__dqs_vs_dq_bit__value_ps,abs_dqs_minus_dq_bit,idelay_cntvaluein_skew,lane1,dq15,4,dqs_vs_dq_bit,36,19,20.0,261.0,731.0,3.0,189.0,785.0,-72.0,0.461257,fail_lower,0.538743,-0.077485,overlap,0.0,1.013253
baseline_abort2_vs_pass,skew,signed_ld_minus_cntvaluein_dqs__idelay_ld_cntvaluein_skew__lane0__dqs0__ctrl_3__ld_vs_cntvaluein_dqs__value_ps,signed_ld_minus_cntvaluein_dqs,idelay_ld_cntvaluein_skew,lane0,dqs0,3,ld_vs_cntvaluein_dqs,36,19,-605.0,-34.5,1378.0,-678.0,-253.0,592.0,-218.5,0.461988,fail_lower,0.538012,-0.076023,overlap,0.0,0.994135
baseline_abort2_vs_pass,skew,signed_dqs_minus_dq_bit__idelay_cntvaluein_skew__lane1__dq12__ctrl_3__dqs_vs_dq_bit__value_ps,signed_dqs_minus_dq_bit,idelay_cntvaluein_skew,lane1,dq12,3,dqs_vs_dq_bit,36,19,-920.0,-0.5,402.0,-750.0,-140.0,876.0,-139.5,0.461988,fail_lower,0.538012,-0.076023,overlap,0.0,0.994135
baseline_abort2_vs_pass,skew,signed_ld_minus_cntvaluein_dqs__idelay_ld_cntvaluein_skew__lane0__dqs0__ctrl_1__ld_vs_cntvaluein_dqs__value_ps,signed_ld_minus_cntvaluein_dqs,idelay_ld_cntvaluein_skew,lane0,dqs0,1,ld_vs_cntvaluein_dqs,36,19,-920.0,103.0,974.0,-592.0,236.0,728.0,133.0,0.538012,fail_higher,0.538012,0.076023,overlap,0.0,0.994135
baseline_abort2_vs_pass,skew,signed_dqs_minus_dq_bit__idelay_cntvaluein_skew__lane1__dq9__ctrl_0__dqs_vs_dq_bit__value_ps,signed_dqs_minus_dq_bit,idelay_cntvaluein_skew,lane1,dq9,0,dqs_vs_dq_bit,36,19,-585.0,124.5,746.0,-296.0,20.0,1018.0,-104.5,0.461988,fail_lower,0.538012,-0.076023,overlap,0.0,0.994135
baseline_abort2_vs_pass,skew,abs_dqs_minus_dq_median__iologic_skew__lane1__dqs1__ctrl_none__dqs_vs_dq_lane__value_ps,abs_dqs_minus_dq_median,iologic_skew,lane1,dqs1,,dqs_vs_dq_lane,36,19,0.0,212.5,1416.0,28.0,266.0,838.5,53.5,0.538012,fail_higher,0.538012,0.076023,overlap,0.0,0.994135
baseline_abort2_vs_pass,direct,control_fanout_spread__idelay_data_cntvaluein__lane1__no_bit__ctrl_3__lane_control_bit__value_ps,control_fanout_spread,idelay_data_cntvaluein,lane1,,3,lane_control_bit,36,19,186.0,429.5,649.0,178.0,435.0,783.0,5.5,0.538012,fail_higher,0.538012,0.076023,overlap,0.0,0.994135
baseline_abort2_vs_pass,skew,dq_lane_range__idelay_cntvaluein_skew__lane1__no_bit__ctrl_3__dq_lane__value_ps,dq_lane_range,idelay_cntvaluein_skew,lane1,,3,dq_lane,36,19,186.0,429.5,649.0,178.0,435.0,783.0,5.5,0.538012,fail_higher,0.538012,0.076023,overlap,0.0,0.994135
baseline_abort2_vs_pass,skew,signed_dqs_minus_dq_bit__idelay_cntvaluein_skew__lane1__dq14__ctrl_4__dqs_vs_dq_bit__value_ps,signed_dqs_minus_dq_bit,idelay_cntvaluein_skew,lane1,dq14,4,dqs_vs_dq_bit,36,19,-727.0,-84.0,816.0,-648.0,-102.0,633.0,-18.0,0.462719,fail_lower,0.537281,-0.074561,overlap,0.0,0.975017
baseline_abort2_vs_pass,direct,direct_max__idelay_dqs_cntvaluein__lane0__dqs0__ctrl_3__endpoint__value_ps,direct_max,idelay_dqs_cntvaluein,lane0,dqs0,3,endpoint,36,19,804.0,1681.0,2420.0,922.0,1738.0,2888.0,57.0,0.53655,fail_higher,0.53655,0.073099,overlap,0.0,0.955899
baseline_abort2_vs_pass,direct,direct_max__idelay_data_cntvaluein__lane0__dq3__ctrl_1__endpoint__value_ps,direct_max,idelay_data_cntvaluein,lane0,dq3,1,endpoint,36,19,1031.0,1511.0,2131.0,1154.0,1472.0,1996.0,-39.0,0.46345,fail_lower,0.53655,-0.073099,overlap,0.0,0.955899
baseline_abort2_vs_pass,direct,direct_max__dq_iologic__lane1__dq10__ctrl_none__endpoint__value_ps,direct_max,dq_iologic,lane1,dq10,,endpoint,36,19,2144.0,2595.0,3463.0,2144.0,2625.0,3846.0,30.0,0.53655,fail_higher,0.53655,0.073099,overlap,0.0,0.955899
baseline_abort2_vs_pass,skew,abs_dqs_minus_dq_bit__idelay_cntvaluein_skew__lane1__dq11__ctrl_1__dqs_vs_dq_bit__value_ps,abs_dqs_minus_dq_bit,idelay_cntvaluein_skew,lane1,dq11,1,dqs_vs_dq_bit,36,19,16.0,191.5,832.0,23.0,204.0,605.0,12.5,0.46345,fail_lower,0.53655,-0.073099,overlap,0.0,0.955899
baseline_abort2_vs_pass,direct,direct_max__idelay_ld__lane1__dq11__ctrl_none__endpoint__value_ps,direct_max,idelay_ld,lane1,dq11,,endpoint,36,19,1085.0,1501.0,1865.0,1161.0,1498.0,1945.0,-3.0,0.46345,fail_lower,0.53655,-0.073099,overlap,0.0,0.955899
baseline_abort2_vs_pass,direct,direct_max__idelay_data_cntvaluein__lane0__dq1__ctrl_4__endpoint__value_ps,direct_max,idelay_data_cntvaluein,lane0,dq1,4,endpoint,36,19,1082.0,1635.5,2388.0,1082.0,1633.0,2298.0,-2.5,0.53655,fail_higher,0.53655,0.073099,overlap,0.0,0.955899
baseline_abort2_vs_pass,direct,direct_max__idelay_ld__lane1__dq15__ctrl_none__endpoint__value_ps,direct_max,idelay_ld,lane1,dq15,,endpoint,36,19,949.0,1396.5,1889.0,1006.0,1300.0,1856.0,-96.5,0.464181,fail_lower,0.535819,-0.071637,overlap,0.0,0.936781
baseline_abort2_vs_pass,direct,lane_spread__dq_iologic__lane1__no_bit__ctrl_none__lane__value_ps,lane_spread,dq_iologic,lane1,,,lane,36,19,2265.0,2793.0,4359.0,2345.0,2842.0,4248.0,49.0,0.535088,fail_higher,0.535088,0.070175,overlap,0.0,0.917663
baseline_abort2_vs_pass,direct,control_fanout_spread__idelay_data_cntvaluein__lane0__no_bit__ctrl_1__lane_control_bit__value_ps,control_fanout_spread,idelay_data_cntvaluein,lane0,,1,lane_control_bit,36,19,148.0,370.5,768.0,159.0,326.0,634.0,-44.5,0.464912,fail_lower,0.535088,-0.070175,overlap,0.0,0.917663
baseline_abort2_vs_pass,skew,dq_lane_range__idelay_cntvaluein_skew__lane0__no_bit__ctrl_1__dq_lane__value_ps,dq_lane_range,idelay_cntvaluein_skew,lane0,,1,dq_lane,36,19,148.0,370.5,768.0,159.0,326.0,634.0,-44.5,0.464912,fail_lower,0.535088,-0.070175,overlap,0.0,0.917663
baseline_abort2_vs_pass,skew,abs_ld_minus_cntvaluein_dq_median__idelay_ld_cntvaluein_skew__lane1__no_bit__ctrl_4__ld_vs_cntvaluein_dq_lane__value_ps,abs_ld_minus_cntvaluein_dq_median,idelay_ld_cntvaluein_skew,lane1,,4,ld_vs_cntvaluein_dq_lane,36,19,3.0,251.0,631.5,25.0,236.5,669.5,-14.5,0.465643,fail_lower,0.534357,-0.068713,overlap,0.0,0.898545
baseline_abort2_vs_pass,skew,signed_ld_minus_cntvaluein_dqs__idelay_ld_cntvaluein_skew__lane0__dqs0__ctrl_0__ld_vs_cntvaluein_dqs__value_ps,signed_ld_minus_cntvaluein_dqs,idelay_ld_cntvaluein_skew,lane0,dqs0,0,ld_vs_cntvaluein_dqs,36,19,-720.0,4.0,977.0,-1009.0,252.0,1149.0,248.0,0.533626,fail_higher,0.533626,0.067251,overlap,0.0,0.879427
baseline_abort2_vs_pass,direct,direct_max__idelay_dqs_cntvaluein__lane0__dqs0__ctrl_0__endpoint__value_ps,direct_max,idelay_dqs_cntvaluein,lane0,dqs0,0,endpoint,36,19,958.0,1611.5,2260.0,889.0,1514.0,2591.0,-97.5,0.466374,fail_lower,0.533626,-0.067251,overlap,0.0,0.879427
baseline_abort2_vs_pass,skew,abs_dqs_minus_dq_bit__idelay_cntvaluein_skew__lane1__dq12__ctrl_2__dqs_vs_dq_bit__value_ps,abs_dqs_minus_dq_bit,idelay_cntvaluein_skew,lane1,dq12,2,dqs_vs_dq_bit,36,19,11.0,284.0,1126.0,5.0,253.0,579.0,-31.0,0.466374,fail_lower,0.533626,-0.067251,overlap,0.0,0.879427
baseline_abort2_vs_pass,skew,abs_dqs_minus_dq_bit__idelay_cntvaluein_skew__lane0__dq3__ctrl_3__dqs_vs_dq_bit__value_ps,abs_dqs_minus_dq_bit,idelay_cntvaluein_skew,lane0,dq3,3,dqs_vs_dq_bit,36,19,3.0,338.5,989.0,18.0,383.0,1099.0,44.5,0.532895,fail_higher,0.532895,0.065789,overlap,0.0,0.860309
baseline_abort2_vs_pass,direct,direct_max__idelay_data_cntvaluein__lane0__dq6__ctrl_4__endpoint__value_ps,direct_max,idelay_data_cntvaluein,lane0,dq6,4,endpoint,36,19,1182.0,1678.0,2453.0,1057.0,1652.0,2144.0,-26.0,0.467105,fail_lower,0.532895,-0.065789,overlap,0.0,0.860309
baseline_abort2_vs_pass,skew,abs_dqs_minus_dq_median__idelay_cntvaluein_skew__lane1__dqs1__ctrl_1__dqs_vs_dq_lane__value_ps,abs_dqs_minus_dq_median,idelay_cntvaluein_skew,lane1,dqs1,1,dqs_vs_dq_lane,36,19,14.5,177.75,892.0,3.0,158.0,609.5,-19.75,0.467836,fail_lower,0.532164,-0.064327,overlap,0.0,0.841191
baseline_abort2_vs_pass,skew,signed_dqs_minus_dq_bit__idelay_cntvaluein_skew__lane0__dq4__ctrl_3__dqs_vs_dq_bit__value_ps,signed_dqs_minus_dq_bit,idelay_cntvaluein_skew,lane0,dq4,3,dqs_vs_dq_bit,36,19,-1005.0,-17.0,803.0,-1086.0,-51.0,897.0,-34.0,0.468567,fail_lower,0.531433,-0.062865,overlap,0.0,0.822073
baseline_abort2_vs_pass,direct,direct_max__idelay_data_cntvaluein__lane0__dq7__ctrl_4__endpoint__value_ps,direct_max,idelay_data_cntvaluein,lane0,dq7,4,endpoint,36,19,944.0,1703.5,2446.0,1266.0,1720.0,2641.0,16.5,0.531433,fail_higher,0.531433,0.062865,overlap,0.0,0.822073
baseline_abort2_vs_pass,direct,direct_max__idelay_data_cntvaluein__lane0__dq4__ctrl_3__endpoint__value_ps,direct_max,idelay_data_cntvaluein,lane0,dq4,3,endpoint,36,19,1256.0,1811.5,2302.0,1172.0,1745.0,2612.0,-66.5,0.530702,fail_higher,0.530702,0.061404,overlap,0.0,0.802955
baseline_abort2_vs_pass,skew,abs_dqs_minus_dq_bit__idelay_cntvaluein_skew__lane1__dq12__ctrl_4__dqs_vs_dq_bit__value_ps,abs_dqs_minus_dq_bit,idelay_cntvaluein_skew,lane1,dq12,4,dqs_vs_dq_bit,36,19,18.0,238.0,778.0,2.0,194.0,582.0,-44.0,0.469298,fail_lower,0.530702,-0.061404,overlap,0.0,0.802955
baseline_abort2_vs_pass,skew,signed_ld_minus_cntvaluein_dq_median__idelay_ld_cntvaluein_skew__lane0__no_bit__ctrl_1__ld_vs_cntvaluein_dq_lane__value_ps,signed_ld_minus_cntvaluein_dq_median,idelay_ld_cntvaluein_skew,lane0,,1,ld_vs_cntvaluein_dq_lane,36,19,-884.0,-19.75,614.0,-498.5,-6.5,889.0,13.25,0.530702,fail_higher,0.530702,0.061404,overlap,0.0,0.802955
baseline_abort2_vs_pass,direct,direct_max__idelay_data_cntvaluein__lane1__dq13__ctrl_3__endpoint__value_ps,direct_max,idelay_data_cntvaluein,lane1,dq13,3,endpoint,36,19,944.0,1438.0,1828.0,1070.0,1429.0,2029.0,-9.0,0.530702,fail_higher,0.530702,0.061404,overlap,0.0,0.802955
baseline_abort2_vs_pass,skew,signed_dqs_minus_dq_bit__idelay_cntvaluein_skew__lane0__dq3__ctrl_2__dqs_vs_dq_bit__value_ps,signed_dqs_minus_dq_bit,idelay_cntvaluein_skew,lane0,dq3,2,dqs_vs_dq_bit,36,19,-803.0,-56.5,786.0,-815.0,125.0,1131.0,181.5,0.52924,fail_higher,0.52924,0.05848,overlap,0.0,0.764719
baseline_abort2_vs_pass,direct,cntvaluein_bus_skew__idelay_dqs_cntvaluein__lane1__dqs1__ctrl_none__dqs1__value_ps,cntvaluein_bus_skew,idelay_dqs_cntvaluein,lane1,dqs1,,dqs1,36,19,181.0,511.5,887.0,303.0,431.0,1171.0,-80.5,0.52924,fail_higher,0.52924,0.05848,overlap,0.0,0.764719
baseline_abort2_vs_pass,direct,lane_spread__idelay_dqs_cntvaluein__lane1__no_bit__ctrl_none__lane__value_ps,lane_spread,idelay_dqs_cntvaluein,lane1,,,lane,36,19,181.0,511.5,887.0,303.0,431.0,1171.0,-80.5,0.52924,fail_higher,0.52924,0.05848,overlap,0.0,0.764719
baseline_abort2_vs_pass,skew,signed_dqs_minus_dq_bit__idelay_cntvaluein_skew__lane1__dq8__ctrl_0__dqs_vs_dq_bit__value_ps,signed_dqs_minus_dq_bit,idelay_cntvaluein_skew,lane1,dq8,0,dqs_vs_dq_bit,36,19,-778.0,-167.5,628.0,-561.0,-212.0,873.0,-44.5,0.47076,fail_lower,0.52924,-0.05848,overlap,0.0,0.764719
baseline_abort2_vs_pass,skew,abs_dqs_bus_skew_minus_dq_median__idelay_cntvaluein_skew__lane0__dqs0__ctrl_none__dqs_vs_dq_bus_skew__value_ps,abs_dqs_bus_skew_minus_dq_median,idelay_cntvaluein_skew,lane0,dqs0,,dqs_vs_dq_bus_skew,36,19,24.5,256.5,679.5,30.5,298.5,858.0,42.0,0.52924,fail_higher,0.52924,0.05848,overlap,0.0,0.764719
baseline_abort2_vs_pass,skew,signed_dqs_minus_dq_bit__idelay_cntvaluein_skew__lane0__dq6__ctrl_3__dqs_vs_dq_bit__value_ps,signed_dqs_minus_dq_bit,idelay_cntvaluein_skew,lane0,dq6,3,dqs_vs_dq_bit,36,19,-965.0,-12.5,933.0,-763.0,-38.0,1121.0,-25.5,0.52924,fail_higher,0.52924,0.05848,overlap,0.0,0.764719
baseline_abort2_vs_pass,skew,signed_ld_minus_cntvaluein_dqs__idelay_ld_cntvaluein_skew__lane0__dqs0__ctrl_2__ld_vs_cntvaluein_dqs__value_ps,signed_ld_minus_cntvaluein_dqs,idelay_ld_cntvaluein_skew,lane0,dqs0,2,ld_vs_cntvaluein_dqs,36,19,-744.0,-35.0,1079.0,-973.0,195.0,881.0,230.0,0.528509,fail_higher,0.528509,0.057018,overlap,0.0,0.745601
baseline_abort2_vs_pass,direct,direct_max__idelay_data_cntvaluein__lane1__dq12__ctrl_4__endpoint__value_ps,direct_max,idelay_data_cntvaluein,lane1,dq12,4,endpoint,36,19,953.0,1395.0,2236.0,827.0,1376.0,1870.0,-19.0,0.528509,fail_higher,0.528509,0.057018,overlap,0.0,0.745601
baseline_abort2_vs_pass,direct,direct_max__idelay_ld__lane1__dq14__ctrl_none__endpoint__value_ps,direct_max,idelay_ld,lane1,dq14,,endpoint,36,19,1261.0,1535.5,1955.0,1095.0,1542.0,2036.0,6.5,0.471491,fail_lower,0.528509,-0.057018,overlap,0.0,0.745601
baseline_abort2_vs_pass,skew,signed_ld_minus_cntvaluein_dq_median__idelay_ld_cntvaluein_skew__lane1__no_bit__ctrl_3__ld_vs_cntvaluein_dq_lane__value_ps,signed_ld_minus_cntvaluein_dq_median,idelay_ld_cntvaluein_skew,lane1,,3,ld_vs_cntvaluein_dq_lane,36,19,-515.0,66.25,533.5,-575.5,164.5,500.0,98.25,0.472222,fail_lower,0.527778,-0.055556,overlap,0.0,0.726483
baseline_abort2_vs_pass,skew,abs_dqs_minus_dq_bit__idelay_cntvaluein_skew__lane0__dq0__ctrl_1__dqs_vs_dq_bit__value_ps,abs_dqs_minus_dq_bit,idelay_cntvaluein_skew,lane0,dq0,1,dqs_vs_dq_bit,36,19,20.0,369.5,1034.0,22.0,348.0,744.0,-21.5,0.472222,fail_lower,0.527778,-0.055556,overlap,0.0,0.726483
baseline_abort2_vs_pass,direct,control_fanout_spread__idelay_data_cntvaluein__lane1__no_bit__ctrl_0__lane_control_bit__value_ps,control_fanout_spread,idelay_data_cntvaluein,lane1,,0,lane_control_bit,36,19,140.0,373.5,781.0,148.0,402.0,693.0,28.5,0.527047,fail_higher,0.527047,0.054094,overlap,0.0,0.707365
baseline_abort2_vs_pass,skew,dq_lane_range__idelay_cntvaluein_skew__lane1__no_bit__ctrl_0__dq_lane__value_ps,dq_lane_range,idelay_cntvaluein_skew,lane1,,0,dq_lane,36,19,140.0,373.5,781.0,148.0,402.0,693.0,28.5,0.527047,fail_higher,0.527047,0.054094,overlap,0.0,0.707365
baseline_abort2_vs_pass,skew,abs_dqs_minus_dq_bit__idelay_cntvaluein_skew__lane1__dq12__ctrl_1__dqs_vs_dq_bit__value_ps,abs_dqs_minus_dq_bit,idelay_cntvaluein_skew,lane1,dq12,1,dqs_vs_dq_bit,36,19,13.0,262.5,836.0,13.0,239.0,742.0,-23.5,0.472953,fail_lower,0.527047,-0.054094,overlap,0.0,0.707365
baseline_abort2_vs_pass,skew,signed_dqs_minus_dq_bit__idelay_cntvaluein_skew__lane1__dq15__ctrl_3__dqs_vs_dq_bit__value_ps,signed_dqs_minus_dq_bit,idelay_cntvaluein_skew,lane1,dq15,3,dqs_vs_dq_bit,36,19,-619.0,168.5,772.0,-679.0,250.0,1174.0,81.5,0.526316,fail_higher,0.526316,0.052632,overlap,0.0,0.688247
baseline_abort2_vs_pass,skew,signed_dqs_minus_dq_bit__idelay_cntvaluein_skew__lane0__dq7__ctrl_1__dqs_vs_dq_bit__value_ps,signed_dqs_minus_dq_bit,idelay_cntvaluein_skew,lane0,dq7,1,dqs_vs_dq_bit,36,19,-1302.0,-242.5,692.0,-1020.0,-168.0,418.0,74.5,0.526316,fail_higher,0.526316,0.052632,overlap,0.0,0.688247
baseline_abort2_vs_pass,skew,abs_dqs_minus_dq_bit__idelay_cntvaluein_skew__lane0__dq0__ctrl_3__dqs_vs_dq_bit__value_ps,abs_dqs_minus_dq_bit,idelay_cntvaluein_skew,lane0,dq0,3,dqs_vs_dq_bit,36,19,21.0,358.0,979.0,8.0,289.0,987.0,-69.0,0.526316,fail_higher,0.526316,0.052632,overlap,0.0,0.688247
baseline_abort2_vs_pass,skew,abs_dqs_minus_dq_bit__idelay_cntvaluein_skew__lane0__dq7__ctrl_4__dqs_vs_dq_bit__value_ps,abs_dqs_minus_dq_bit,idelay_cntvaluein_skew,lane0,dq7,4,dqs_vs_dq_bit,36,19,3.0,334.5,951.0,28.0,370.0,1132.0,35.5,0.526316,fail_higher,0.526316,0.052632,overlap,0.0,0.688247
baseline_abort2_vs_pass,skew,abs_dqs_minus_dq_bit__idelay_cntvaluein_skew__lane1__dq9__ctrl_2__dqs_vs_dq_bit__value_ps,abs_dqs_minus_dq_bit,idelay_cntvaluein_skew,lane1,dq9,2,dqs_vs_dq_bit,36,19,11.0,186.5,873.0,31.0,186.0,684.0,-0.5,0.526316,fail_higher,0.526316,0.052632,overlap,0.0,0.688247
baseline_abort2_vs_pass,direct,direct_max__dq_iologic__lane1__dq8__ctrl_none__endpoint__value_ps,direct_max,dq_iologic,lane1,dq8,,endpoint,36,19,2029.0,2646.0,4359.0,2079.0,2615.0,4102.0,-31.0,0.474415,fail_lower,0.525585,-0.05117,overlap,0.0,0.669129
baseline_abort2_vs_pass,skew,signed_lane1_minus_lane0_dq_median__idelay_cntvaluein_skew__all__no_bit__ctrl_1__lane1_vs_lane0_dq__value_ps,signed_lane1_minus_lane0_dq_median,idelay_cntvaluein_skew,all,,1,lane1_vs_lane0_dq,36,19,-889.5,-314.5,8.5,-589.0,-329.0,-43.0,-14.5,0.525585,fail_higher,0.525585,0.05117,overlap,0.0,0.669129
baseline_abort2_vs_pass,skew,abs_lane1_minus_lane0_dq_median__idelay_cntvaluein_skew__all__no_bit__ctrl_1__lane1_vs_lane0_dq__value_ps,abs_lane1_minus_lane0_dq_median,idelay_cntvaluein_skew,all,,1,lane1_vs_lane0_dq,36,19,8.5,314.5,889.5,43.0,329.0,589.0,14.5,0.474415,fail_lower,0.525585,-0.05117,overlap,0.0,0.669129
baseline_abort2_vs_pass,skew,abs_dqs_minus_dq_bit__idelay_cntvaluein_skew__lane1__dq9__ctrl_1__dqs_vs_dq_bit__value_ps,abs_dqs_minus_dq_bit,idelay_cntvaluein_skew,lane1,dq9,1,dqs_vs_dq_bit,36,19,28.0,240.0,906.0,13.0,253.0,756.0,13.0,0.474415,fail_lower,0.525585,-0.05117,overlap,0.0,0.669129
baseline_abort2_vs_pass,direct,direct_max__idelay_data_cntvaluein__lane1__dq9__ctrl_0__endpoint__value_ps,direct_max,idelay_data_cntvaluein,lane1,dq9,0,endpoint,36,19,773.0,1205.0,1866.0,736.0,1256.0,1662.0,51.0,0.475146,fail_lower,0.524854,-0.049708,overlap,0.0,0.650011
baseline_abort2_vs_pass,skew,abs_dqs_minus_dq_bit__idelay_cntvaluein_skew__lane1__dq11__ctrl_2__dqs_vs_dq_bit__value_ps,abs_dqs_minus_dq_bit,idelay_cntvaluein_skew,lane1,dq11,2,dqs_vs_dq_bit,36,19,12.0,195.0,920.0,41.0,230.0,717.0,35.0,0.524854,fail_higher,0.524854,0.049708,overlap,0.0,0.650011
baseline_abort2_vs_pass,skew,abs_dqs_minus_dq_bit__idelay_cntvaluein_skew__lane1__dq10__ctrl_0__dqs_vs_dq_bit__value_ps,abs_dqs_minus_dq_bit,idelay_cntvaluein_skew,lane1,dq10,0,dqs_vs_dq_bit,36,19,30.0,281.0,727.0,34.0,247.0,911.0,-34.0,0.475146,fail_lower,0.524854,-0.049708,overlap,0.0,0.650011
baseline_abort2_vs_pass,skew,signed_lane1_minus_lane0_dqs__idelay_cntvaluein_skew__all__no_bit__ctrl_1__lane1_vs_lane0_dqs__value_ps,signed_lane1_minus_lane0_dqs,idelay_cntvaluein_skew,all,,1,lane1_vs_lane0_dqs,36,19,-447.0,-266.0,85.0,-583.0,-261.0,-23.0,5.0,0.475146,fail_lower,0.524854,-0.049708,overlap,0.0,0.650011
baseline_abort2_vs_pass,direct,direct_max__idelay_data_cntvaluein__lane1__dq10__ctrl_1__endpoint__value_ps,direct_max,idelay_data_cntvaluein,lane1,dq10,1,endpoint,36,19,963.0,1425.5,1998.0,972.0,1427.0,1986.0,1.5,0.475146,fail_lower,0.524854,-0.049708,overlap,0.0,0.650011
baseline_abort2_vs_pass,direct,direct_max__idelay_data_cntvaluein__lane0__dq0__ctrl_0__endpoint__value_ps,direct_max,idelay_data_cntvaluein,lane0,dq0,0,endpoint,36,19,985.0,1665.0,2323.0,1213.0,1745.0,2196.0,80.0,0.524123,fail_higher,0.524123,0.048246,overlap,0.0,0.630893
baseline_abort2_vs_pass,skew,signed_dqs_minus_dq_bit__idelay_cntvaluein_skew__lane1__dq11__ctrl_1__dqs_vs_dq_bit__value_ps,signed_dqs_minus_dq_bit,idelay_cntvaluein_skew,lane1,dq11,1,dqs_vs_dq_bit,36,19,-752.0,-3.5,832.0,-452.0,23.0,605.0,26.5,0.475877,fail_lower,0.524123,-0.048246,overlap,0.0,0.630893
baseline_abort2_vs_pass,direct,direct_max__idelay_ld__lane1__dq13__ctrl_none__endpoint__value_ps,direct_max,idelay_ld,lane1,dq13,,endpoint,36,19,1159.0,1452.5,1932.0,1215.0,1434.0,2029.0,-18.5,0.524123,fail_higher,0.524123,0.048246,overlap,0.0,0.630893
baseline_abort2_vs_pass,skew,signed_dqs_minus_dq_bit__idelay_cntvaluein_skew__lane0__dq6__ctrl_1__dqs_vs_dq_bit__value_ps,signed_dqs_minus_dq_bit,idelay_cntvaluein_skew,lane0,dq6,1,dqs_vs_dq_bit,36,19,-1305.0,-337.5,818.0,-1021.0,-160.0,367.0,177.5,0.523392,fail_higher,0.523392,0.046784,overlap,0.0,0.611775
baseline_abort2_vs_pass,direct,direct_max__idelay_ld__lane0__dqs0__ctrl_none__endpoint__value_ps,direct_max,idelay_ld,lane0,dqs0,,endpoint,36,19,1161.0,1550.5,2302.0,1296.0,1631.0,2456.0,80.5,0.523392,fail_higher,0.523392,0.046784,overlap,0.0,0.611775
baseline_abort2_vs_pass,skew,signed_dqs_minus_dq_median__idelay_cntvaluein_skew__lane1__dqs1__ctrl_1__dqs_vs_dq_lane__value_ps,signed_dqs_minus_dq_median,idelay_cntvaluein_skew,lane1,dqs1,1,dqs_vs_dq_lane,36,19,-752.0,-86.0,892.0,-609.5,-60.0,488.5,26.0,0.476608,fail_lower,0.523392,-0.046784,overlap,0.0,0.611775
baseline_abort2_vs_pass,skew,abs_dqs_minus_dq_bit__idelay_cntvaluein_skew__lane0__dq1__ctrl_0__dqs_vs_dq_bit__value_ps,abs_dqs_minus_dq_bit,idelay_cntvaluein_skew,lane0,dq1,0,dqs_vs_dq_bit,36,19,13.0,273.5,1016.0,33.0,316.0,871.0,42.5,0.477339,fail_lower,0.522661,-0.045322,overlap,0.0,0.592657
baseline_abort2_vs_pass,skew,signed_dqs_minus_dq_bit__idelay_cntvaluein_skew__lane0__dq3__ctrl_3__dqs_vs_dq_bit__value_ps,signed_dqs_minus_dq_bit,idelay_cntvaluein_skew,lane0,dq3,3,dqs_vs_dq_bit,36,19,-913.0,206.0,989.0,-632.0,152.0,1099.0,-54.0,0.47807,fail_lower,0.52193,-0.04386,overlap,0.0,0.573539
baseline_abort2_vs_pass,skew,abs_ld_minus_cntvaluein_dqs__idelay_ld_cntvaluein_skew__lane1__dqs1__ctrl_4__ld_vs_cntvaluein_dqs__value_ps,abs_ld_minus_cntvaluein_dqs,idelay_ld_cntvaluein_skew,lane1,dqs1,4,ld_vs_cntvaluein_dqs,36,19,11.0,219.5,1260.0,25.0,187.0,995.0,-32.5,0.52193,fail_higher,0.52193,0.04386,overlap,0.0,0.573539
baseline_abort2_vs_pass,direct,direct_max__idelay_ld__lane1__dq10__ctrl_none__endpoint__value_ps,direct_max,idelay_ld,lane1,dq10,,endpoint,36,19,1169.0,1593.0,1960.0,1118.0,1565.0,2039.0,-28.0,0.47807,fail_lower,0.52193,-0.04386,overlap,0.0,0.573539
baseline_abort2_vs_pass,direct,direct_max__idelay_data_cntvaluein__lane1__dq15__ctrl_0__endpoint__value_ps,direct_max,idelay_data_cntvaluein,lane1,dq15,0,endpoint,36,19,855.0,1192.0,1782.0,736.0,1202.0,1659.0,10.0,0.52193,fail_higher,0.52193,0.04386,overlap,0.0,0.573539
baseline_abort2_vs_pass,skew,signed_dqs_minus_dq_bit__idelay_cntvaluein_skew__lane1__dq15__ctrl_1__dqs_vs_dq_bit__value_ps,signed_dqs_minus_dq_bit,idelay_cntvaluein_skew,lane1,dq15,1,dqs_vs_dq_bit,36,19,-430.0,127.0,998.0,-329.0,132.0,847.0,5.0,0.47807,fail_lower,0.52193,-0.04386,overlap,0.0,0.573539
baseline_abort2_vs_pass,skew,signed_lane1_minus_lane0_dq_median__idelay_cntvaluein_skew__all__no_bit__ctrl_4__lane1_vs_lane0_dq__value_ps,signed_lane1_minus_lane0_dq_median,idelay_cntvaluein_skew,all,,4,lane1_vs_lane0_dq,36,19,-719.5,-266.75,-22.0,-619.0,-263.0,97.0,3.75,0.52193,fail_higher,0.52193,0.04386,overlap,0.0,0.573539
baseline_abort2_vs_pass,skew,abs_dqs_minus_dq_bit__idelay_cntvaluein_skew__lane0__dq3__ctrl_4__dqs_vs_dq_bit__value_ps,abs_dqs_minus_dq_bit,idelay_cntvaluein_skew,lane0,dq3,4,dqs_vs_dq_bit,36,19,10.0,297.5,785.0,8.0,301.0,1091.0,3.5,0.478801,fail_lower,0.521199,-0.042398,overlap,0.0,0.554421
baseline_abort2_vs_pass,direct,direct_max__idelay_data_cntvaluein__lane0__dq7__ctrl_3__endpoint__value_ps,direct_max,idelay_data_cntvaluein,lane0,dq7,3,endpoint,36,19,1248.0,1850.5,2395.0,1031.0,1766.0,2627.0,-84.5,0.479532,fail_lower,0.520468,-0.040936,overlap,0.0,0.535303
baseline_abort2_vs_pass,skew,signed_ld_minus_cntvaluein_dq_median__idelay_ld_cntvaluein_skew__lane0__no_bit__ctrl_3__ld_vs_cntvaluein_dq_lane__value_ps,signed_ld_minus_cntvaluein_dq_median,idelay_ld_cntvaluein_skew,lane0,,3,ld_vs_cntvaluein_dq_lane,36,19,-1049.5,-20.25,781.5,-879.0,50.5,633.5,70.75,0.520468,fail_higher,0.520468,0.040936,overlap,0.0,0.535303
baseline_abort2_vs_pass,skew,signed_dqs_minus_dq_bit__idelay_cntvaluein_skew__lane0__dq3__ctrl_1__dqs_vs_dq_bit__value_ps,signed_dqs_minus_dq_bit,idelay_cntvaluein_skew,lane0,dq3,1,dqs_vs_dq_bit,36,19,-679.0,-59.0,863.0,-645.0,25.0,752.0,84.0,0.519737,fail_higher,0.519737,0.039474,overlap,0.0,0.516185
baseline_abort2_vs_pass,skew,abs_dqs_minus_dq_bit__idelay_cntvaluein_skew__lane0__dq6__ctrl_4__dqs_vs_dq_bit__value_ps,abs_dqs_minus_dq_bit,idelay_cntvaluein_skew,lane0,dq6,4,dqs_vs_dq_bit,36,19,11.0,307.0,958.0,28.0,236.0,1125.0,-71.0,0.480263,fail_lower,0.519737,-0.039474,overlap,0.0,0.516185
baseline_abort2_vs_pass,direct,direct_max__idelay_data_cntvaluein__lane1__dq11__ctrl_1__endpoint__value_ps,direct_max,idelay_data_cntvaluein,lane1,dq11,1,endpoint,36,19,1009.0,1343.5,1832.0,953.0,1401.0,1746.0,57.5,0.480263,fail_lower,0.519737,-0.039474,overlap,0.0,0.516185
baseline_abort2_vs_pass,skew,abs_dqs_minus_dq_bit__idelay_cntvaluein_skew__lane1__dq10__ctrl_1__dqs_vs_dq_bit__value_ps,abs_dqs_minus_dq_bit,idelay_cntvaluein_skew,lane1,dq10,1,dqs_vs_dq_bit,36,19,15.0,224.0,841.0,5.0,198.0,692.0,-26.0,0.480263,fail_lower,0.519737,-0.039474,overlap,0.0,0.516185
baseline_abort2_vs_pass,skew,signed_dqs_minus_dq_bit__idelay_cntvaluein_skew__lane0__dq7__ctrl_3__dqs_vs_dq_bit__value_ps,signed_dqs_minus_dq_bit,idelay_cntvaluein_skew,lane0,dq7,3,dqs_vs_dq_bit,36,19,-1098.0,-72.0,627.0,-1179.0,-53.0,1034.0,19.0,0.519737,fail_higher,0.519737,0.039474,overlap,0.0,0.516185
baseline_abort2_vs_pass,skew,signed_dqs_minus_dq_bit__idelay_cntvaluein_skew__lane1__dq9__ctrl_1__dqs_vs_dq_bit__value_ps,signed_dqs_minus_dq_bit,idelay_cntvaluein_skew,lane1,dq9,1,dqs_vs_dq_bit,36,19,-520.0,84.5,906.0,-520.0,94.0,756.0,9.5,0.480263,fail_lower,0.519737,-0.039474,overlap,0.0,0.516185
baseline_abort2_vs_pass,direct,control_fanout_spread__idelay_data_cntvaluein__lane0__no_bit__ctrl_3__lane_control_bit__value_ps,control_fanout_spread,idelay_data_cntvaluein,lane0,,3,lane_control_bit,36,19,185.0,394.5,751.0,245.0,354.0,691.0,-40.5,0.519006,fail_higher,0.519006,0.038012,overlap,0.0,0.497067
baseline_abort2_vs_pass,skew,abs_dqs_minus_dq_bit__idelay_cntvaluein_skew__lane0__dq7__ctrl_2__dqs_vs_dq_bit__value_ps,abs_dqs_minus_dq_bit,idelay_cntvaluein_skew,lane0,dq7,2,dqs_vs_dq_bit,36,19,38.0,410.5,1056.0,23.0,370.0,863.0,-40.5,0.480994,fail_lower,0.519006,-0.038012,overlap,0.0,0.497067
baseline_abort2_vs_pass,skew,dq_lane_range__idelay_cntvaluein_skew__lane0__no_bit__ctrl_3__dq_lane__value_ps,dq_lane_range,idelay_cntvaluein_skew,lane0,,3,dq_lane,36,19,185.0,394.5,751.0,245.0,354.0,691.0,-40.5,0.519006,fail_higher,0.519006,0.038012,overlap,0.0,0.497067
baseline_abort2_vs_pass,skew,signed_lane1_minus_lane0_dq_median__idelay_cntvaluein_skew__all__no_bit__ctrl_3__lane1_vs_lane0_dq__value_ps,signed_lane1_minus_lane0_dq_median,idelay_cntvaluein_skew,all,,3,lane1_vs_lane0_dq,36,19,-630.5,-319.0,154.0,-657.5,-300.5,36.5,18.5,0.480994,fail_lower,0.519006,-0.038012,overlap,0.0,0.497067
baseline_abort2_vs_pass,direct,direct_max__idelay_data_cntvaluein__lane1__dq12__ctrl_1__endpoint__value_ps,direct_max,idelay_data_cntvaluein,lane1,dq12,1,endpoint,36,19,883.0,1379.0,1917.0,892.0,1391.0,2036.0,12.0,0.519006,fail_higher,0.519006,0.038012,overlap,0.0,0.497067
baseline_abort2_vs_pass,skew,abs_ld_minus_cntvaluein_dqs__idelay_ld_cntvaluein_skew__lane0__dqs0__ctrl_4__ld_vs_cntvaluein_dqs__value_ps,abs_ld_minus_cntvaluein_dqs,idelay_ld_cntvaluein_skew,lane0,dqs0,4,ld_vs_cntvaluein_dqs,36,19,2.0,272.5,1151.0,22.0,266.0,1171.0,-6.5,0.519006,fail_higher,0.519006,0.038012,overlap,0.0,0.497067
baseline_abort2_vs_pass,skew,abs_dqs_minus_dq_bit__idelay_cntvaluein_skew__lane1__dq8__ctrl_1__dqs_vs_dq_bit__value_ps,abs_dqs_minus_dq_bit,idelay_cntvaluein_skew,lane1,dq8,1,dqs_vs_dq_bit,36,19,23.0,210.5,959.0,0.0,299.0,778.0,88.5,0.518275,fail_higher,0.518275,0.03655,overlap,0.0,0.477949
baseline_abort2_vs_pass,direct,direct_max__idelay_ld__lane0__dq7__ctrl_none__endpoint__value_ps,direct_max,idelay_ld,lane0,dq7,,endpoint,36,19,1208.0,1742.0,2410.0,1435.0,1735.0,2500.0,-7.0,0.481725,fail_lower,0.518275,-0.03655,overlap,0.0,0.477949
baseline_abort2_vs_pass,skew,abs_lane1_minus_lane0_dqs__idelay_cntvaluein_skew__all__no_bit__ctrl_1__lane1_vs_lane0_dqs__value_ps,abs_lane1_minus_lane0_dqs,idelay_cntvaluein_skew,all,,1,lane1_vs_lane0_dqs,36,19,0.0,266.0,447.0,23.0,261.0,583.0,-5.0,0.518275,fail_higher,0.518275,0.03655,overlap,0.0,0.477949
baseline_abort2_vs_pass,skew,abs_dqs_minus_dq_bit__idelay_cntvaluein_skew__lane1__dq13__ctrl_1__dqs_vs_dq_bit__value_ps,abs_dqs_minus_dq_bit,idelay_cntvaluein_skew,lane1,dq13,1,dqs_vs_dq_bit,36,19,8.0,235.0,962.0,16.0,225.0,533.0,-10.0,0.482456,fail_lower,0.517544,-0.035088,overlap,0.0,0.458831
baseline_abort2_vs_pass,skew,signed_dqs_minus_dq_bit__idelay_cntvaluein_skew__lane1__dq10__ctrl_1__dqs_vs_dq_bit__value_ps,signed_dqs_minus_dq_bit,idelay_cntvaluein_skew,lane1,dq10,1,dqs_vs_dq_bit,36,19,-841.0,-102.5,702.0,-692.0,-94.0,591.0,8.5,0.482456,fail_lower,0.517544,-0.035088,overlap,0.0,0.458831
baseline_abort2_vs_pass,skew,abs_dqs_minus_dq_median__idelay_cntvaluein_skew__lane0__dqs0__ctrl_0__dqs_vs_dq_lane__value_ps,abs_dqs_minus_dq_median,idelay_cntvaluein_skew,lane0,dqs0,0,dqs_vs_dq_lane,36,19,10.0,245.25,923.0,16.0,237.0,904.0,-8.25,0.517544,fail_higher,0.517544,0.035088,overlap,0.0,0.458831
baseline_abort2_vs_pass,skew,abs_dqs_minus_dq_bit__idelay_cntvaluein_skew__lane1__dq12__ctrl_0__dqs_vs_dq_bit__value_ps,abs_dqs_minus_dq_bit,idelay_cntvaluein_skew,lane1,dq12,0,dqs_vs_dq_bit,36,19,2.0,280.0,783.0,54.0,273.0,967.0,-7.0,0.517544,fail_higher,0.517544,0.035088,overlap,0.0,0.458831
baseline_abort2_vs_pass,skew,abs_ld_minus_cntvaluein_dqs__idelay_ld_cntvaluein_skew__lane1__dqs1__ctrl_0__ld_vs_cntvaluein_dqs__value_ps,abs_ld_minus_cntvaluein_dqs,idelay_ld_cntvaluein_skew,lane1,dqs1,0,ld_vs_cntvaluein_dqs,36,19,3.0,310.0,988.0,33.0,252.0,850.0,-58.0,0.483187,fail_lower,0.516813,-0.033626,overlap,0.0,0.439713
baseline_abort2_vs_pass,skew,abs_dqs_minus_dq_bit__idelay_cntvaluein_skew__lane0__dq5__ctrl_4__dqs_vs_dq_bit__value_ps,abs_dqs_minus_dq_bit,idelay_cntvaluein_skew,lane0,dq5,4,dqs_vs_dq_bit,36,19,3.0,319.0,864.0,20.0,266.0,1047.0,-53.0,0.483187,fail_lower,0.516813,-0.033626,overlap,0.0,0.439713
baseline_abort2_vs_pass,direct,direct_max__idelay_ld__lane1__dq8__ctrl_none__endpoint__value_ps,direct_max,idelay_ld,lane1,dq8,,endpoint,36,19,1093.0,1555.5,1932.0,1156.0,1537.0,2121.0,-18.5,0.516813,fail_higher,0.516813,0.033626,overlap,0.0,0.439713
baseline_abort2_vs_pass,skew,abs_dqs_minus_dq_bit__idelay_cntvaluein_skew__lane0__dq6__ctrl_3__dqs_vs_dq_bit__value_ps,abs_dqs_minus_dq_bit,idelay_cntvaluein_skew,lane0,dq6,3,dqs_vs_dq_bit,36,19,29.0,299.0,965.0,11.0,375.0,1121.0,76.0,0.483918,fail_lower,0.516082,-0.032164,overlap,0.0,0.420596
baseline_abort2_vs_pass,skew,signed_dqs_minus_dq_bit__idelay_cntvaluein_skew__lane1__dq11__ctrl_3__dqs_vs_dq_bit__value_ps,signed_dqs_minus_dq_bit,idelay_cntvaluein_skew,lane1,dq11,3,dqs_vs_dq_bit,36,19,-782.0,90.0,551.0,-587.0,38.0,872.0,-52.0,0.516082,fail_higher,0.516082,0.032164,overlap,0.0,0.420596
baseline_abort2_vs_pass,direct,direct_max__idelay_dqs_cntvaluein__lane1__dqs1__ctrl_2__endpoint__value_ps,direct_max,idelay_dqs_cntvaluein,lane1,dqs1,2,endpoint,36,19,614.0,1377.0,1980.0,697.0,1355.0,2173.0,-22.0,0.516082,fail_higher,0.516082,0.032164,overlap,0.0,0.420596
baseline_abort2_vs_pass,skew,abs_lane1_minus_lane0_dq_median__idelay_cntvaluein_skew__all__no_bit__ctrl_3__lane1_vs_lane0_dq__value_ps,abs_lane1_minus_lane0_dq_median,idelay_cntvaluein_skew,all,,3,lane1_vs_lane0_dq,36,19,1.5,319.0,630.5,34.0,300.5,657.5,-18.5,0.516082,fail_higher,0.516082,0.032164,overlap,0.0,0.420596
baseline_abort2_vs_pass,skew,signed_dqs_minus_dq_bit__idelay_cntvaluein_skew__lane1__dq13__ctrl_1__dqs_vs_dq_bit__value_ps,signed_dqs_minus_dq_bit,idelay_cntvaluein_skew,lane1,dq13,1,dqs_vs_dq_bit,36,19,-844.0,-63.5,962.0,-533.0,-68.0,513.0,-4.5,0.483918,fail_lower,0.516082,-0.032164,overlap,0.0,0.420596
baseline_abort2_vs_pass,direct,direct_max__idelay_ld__lane0__dq6__ctrl_none__endpoint__value_ps,direct_max,idelay_ld,lane0,dq6,,endpoint,36,19,1294.0,1674.5,2209.0,1350.0,1623.0,2512.0,-51.5,0.484649,fail_lower,0.515351,-0.030702,overlap,0.0,0.401478
baseline_abort2_vs_pass,direct,direct_max__idelay_data_cntvaluein__lane0__dq6__ctrl_1__endpoint__value_ps,direct_max,idelay_data_cntvaluein,lane0,dq6,1,endpoint,36,19,1032.0,1812.0,2819.0,1144.0,1786.0,2372.0,-26.0,0.484649,fail_lower,0.515351,-0.030702,overlap,0.0,0.401478
baseline_abort2_vs_pass,direct,direct_max__idelay_ld__lane0__dq1__ctrl_none__endpoint__value_ps,direct_max,idelay_ld,lane0,dq1,,endpoint,36,19,1215.0,1702.0,2319.0,1434.0,1725.0,2592.0,23.0,0.515351,fail_higher,0.515351,0.030702,overlap,0.0,0.401478
baseline_abort2_vs_pass,direct,direct_max__dq_iologic__lane0__dq3__ctrl_none__endpoint__value_ps,direct_max,dq_iologic,lane0,dq3,,endpoint,36,19,1726.0,2432.0,3805.0,1741.0,2424.0,3584.0,-8.0,0.515351,fail_higher,0.515351,0.030702,overlap,0.0,0.401478
baseline_abort2_vs_pass,skew,abs_dqs_minus_dq_bit__idelay_cntvaluein_skew__lane0__dq1__ctrl_1__dqs_vs_dq_bit__value_ps,abs_dqs_minus_dq_bit,idelay_cntvaluein_skew,lane0,dq1,1,dqs_vs_dq_bit,36,19,10.0,365.5,1118.0,3.0,372.0,836.0,6.5,0.484649,fail_lower,0.515351,-0.030702,overlap,0.0,0.401478
baseline_abort2_vs_pass,skew,abs_dqs_minus_dq_median__idelay_cntvaluein_skew__lane0__dqs0__ctrl_4__dqs_vs_dq_lane__value_ps,abs_dqs_minus_dq_median,idelay_cntvaluein_skew,lane0,dqs0,4,dqs_vs_dq_lane,36,19,9.5,326.0,812.0,7.0,275.0,1108.0,-51.0,0.51462,fail_higher,0.51462,0.02924,overlap,0.0,0.38236
baseline_abort2_vs_pass,skew,dq_lane_range__iologic_skew__lane1__no_bit__ctrl_none__dq_lane__value_ps,dq_lane_range,iologic_skew,lane1,,,dq_lane,36,19,284.0,565.5,1152.0,296.0,532.0,1537.0,-33.5,0.51462,fail_higher,0.51462,0.02924,overlap,0.0,0.38236
baseline_abort2_vs_pass,skew,abs_dqs_minus_dq_bit__idelay_cntvaluein_skew__lane0__dq1__ctrl_4__dqs_vs_dq_bit__value_ps,abs_dqs_minus_dq_bit,idelay_cntvaluein_skew,lane0,dq1,4,dqs_vs_dq_bit,36,19,8.0,324.0,896.0,6.0,296.0,988.0,-28.0,0.51462,fail_higher,0.51462,0.02924,overlap,0.0,0.38236
baseline_abort2_vs_pass,skew,signed_dqs_minus_dq_median__iologic_skew__lane0__dqs0__ctrl_none__dqs_vs_dq_lane__value_ps,signed_dqs_minus_dq_median,iologic_skew,lane0,dqs0,,dqs_vs_dq_lane,36,19,-386.5,1024.5,1878.0,117.5,1073.5,1547.0,49.0,0.513889,fail_higher,0.513889,0.027778,overlap,0.0,0.363242
baseline_abort2_vs_pass,direct,direct_max__dq_iologic__lane0__dq0__ctrl_none__endpoint__value_ps,direct_max,dq_iologic,lane0,dq0,,endpoint,36,19,1695.0,2186.5,3693.0,1710.0,2142.0,3352.0,-44.5,0.486111,fail_lower,0.513889,-0.027778,overlap,0.0,0.363242
baseline_abort2_vs_pass,direct,direct_max__idelay_data_cntvaluein__lane0__dq2__ctrl_3__endpoint__value_ps,direct_max,idelay_data_cntvaluein,lane0,dq2,3,endpoint,36,19,1185.0,1768.5,2371.0,1258.0,1738.0,2351.0,-30.5,0.513889,fail_higher,0.513889,0.027778,overlap,0.0,0.363242
baseline_abort2_vs_pass,direct,direct_max__idelay_data_cntvaluein__lane1__dq15__ctrl_2__endpoint__value_ps,direct_max,idelay_data_cntvaluein,lane1,dq15,2,endpoint,36,19,802.0,1205.0,1654.0,671.0,1223.0,2173.0,18.0,0.486111,fail_lower,0.513889,-0.027778,overlap,0.0,0.363242
baseline_abort2_vs_pass,skew,signed_dqs_minus_dq_bit__idelay_cntvaluein_skew__lane1__dq13__ctrl_3__dqs_vs_dq_bit__value_ps,signed_dqs_minus_dq_bit,idelay_cntvaluein_skew,lane1,dq13,3,dqs_vs_dq_bit,36,19,-770.0,10.5,466.0,-536.0,79.0,788.0,68.5,0.513158,fail_higher,0.513158,0.026316,overlap,0.0,0.344124
baseline_abort2_vs_pass,skew,abs_ld_minus_cntvaluein_dq_median__idelay_ld_cntvaluein_skew__lane0__no_bit__ctrl_3__ld_vs_cntvaluein_dq_lane__value_ps,abs_ld_minus_cntvaluein_dq_median,idelay_ld_cntvaluein_skew,lane0,,3,ld_vs_cntvaluein_dq_lane,36,19,19.5,237.75,1049.5,36.5,188.0,879.0,-49.75,0.513158,fail_higher,0.513158,0.026316,overlap,0.0,0.344124
baseline_abort2_vs_pass,skew,signed_lane1_minus_lane0_dq_median__idelay_cntvaluein_skew__all__no_bit__ctrl_0__lane1_vs_lane0_dq__value_ps,signed_lane1_minus_lane0_dq_median,idelay_cntvaluein_skew,all,,0,lane1_vs_lane0_dq,36,19,-697.5,-278.25,-27.0,-624.0,-278.0,15.5,0.25,0.513158,fail_higher,0.513158,0.026316,overlap,0.0,0.344124
baseline_abort2_vs_pass,skew,abs_lane1_minus_lane0_dq_median__idelay_cntvaluein_skew__all__no_bit__ctrl_0__lane1_vs_lane0_dq__value_ps,abs_lane1_minus_lane0_dq_median,idelay_cntvaluein_skew,all,,0,lane1_vs_lane0_dq,36,19,27.0,278.25,697.5,15.5,278.0,624.0,-0.25,0.486842,fail_lower,0.513158,-0.026316,overlap,0.0,0.344124
baseline_abort2_vs_pass,skew,signed_ld_minus_cntvaluein_dqs__idelay_ld_cntvaluein_skew__lane1__dqs1__ctrl_3__ld_vs_cntvaluein_dqs__value_ps,signed_ld_minus_cntvaluein_dqs,idelay_ld_cntvaluein_skew,lane1,dqs1,3,ld_vs_cntvaluein_dqs,36,19,-561.0,14.0,1344.0,-650.0,110.0,846.0,96.0,0.512427,fail_higher,0.512427,0.024854,overlap,0.0,0.325006
baseline_abort2_vs_pass,skew,abs_dqs_minus_dq_bit__idelay_cntvaluein_skew__lane0__dq2__ctrl_2__dqs_vs_dq_bit__value_ps,abs_dqs_minus_dq_bit,idelay_cntvaluein_skew,lane0,dq2,2,dqs_vs_dq_bit,36,19,18.0,403.5,970.0,69.0,341.0,1014.0,-62.5,0.512427,fail_higher,0.512427,0.024854,overlap,0.0,0.325006
baseline_abort2_vs_pass,skew,abs_dqs_minus_dq_bit__idelay_cntvaluein_skew__lane1__dq15__ctrl_2__dqs_vs_dq_bit__value_ps,abs_dqs_minus_dq_bit,idelay_cntvaluein_skew,lane1,dq15,2,dqs_vs_dq_bit,36,19,5.0,202.5,898.0,0.0,261.0,737.0,58.5,0.487573,fail_lower,0.512427,-0.024854,overlap,0.0,0.325006
baseline_abort2_vs_pass,direct,direct_max__idelay_data_cntvaluein__lane0__dq0__ctrl_1__endpoint__value_ps,direct_max,idelay_data_cntvaluein,lane0,dq0,1,endpoint,36,19,1001.0,1660.0,2548.0,1215.0,1621.0,2095.0,-39.0,0.487573,fail_lower,0.512427,-0.024854,overlap,0.0,0.325006
baseline_abort2_vs_pass,skew,abs_dqs_minus_dq_bit__idelay_cntvaluein_skew__lane0__dq0__ctrl_2__dqs_vs_dq_bit__value_ps,abs_dqs_minus_dq_bit,idelay_cntvaluein_skew,lane0,dq0,2,dqs_vs_dq_bit,36,19,2.0,378.5,998.0,67.0,344.0,919.0,-34.5,0.512427,fail_higher,0.512427,0.024854,overlap,0.0,0.325006
baseline_abort2_vs_pass,direct,direct_max__reset_release__all__no_bit__ctrl_none__endpoint__value_ps,direct_max,reset_release,all,,,endpoint,36,19,495.0,699.0,1544.0,495.0,720.0,1080.0,21.0,0.487573,fail_lower,0.512427,-0.024854,overlap,0.0,0.325006
baseline_abort2_vs_pass,direct,lane_spread__reset_release__all__no_bit__ctrl_none__lane__value_ps,lane_spread,reset_release,all,,,lane,36,19,495.0,699.0,1544.0,495.0,720.0,1080.0,21.0,0.487573,fail_lower,0.512427,-0.024854,overlap,0.0,0.325006
baseline_abort2_vs_pass,direct,direct_max__idelay_ld__lane0__dq4__ctrl_none__endpoint__value_ps,direct_max,idelay_ld,lane0,dq4,,endpoint,36,19,1205.0,1717.5,2316.0,1355.0,1705.0,2592.0,-12.5,0.487573,fail_lower,0.512427,-0.024854,overlap,0.0,0.325006
baseline_abort2_vs_pass,skew,signed_dqs_minus_dq_median__idelay_cntvaluein_skew__lane0__dqs0__ctrl_1__dqs_vs_dq_lane__value_ps,signed_dqs_minus_dq_median,idelay_cntvaluein_skew,lane0,dqs0,1,dqs_vs_dq_lane,36,19,-1163.5,-234.5,850.0,-881.5,-86.5,508.0,148.0,0.511696,fail_higher,0.511696,0.023392,overlap,0.0,0.305888
baseline_abort2_vs_pass,direct,direct_max__idelay_data_cntvaluein__lane1__dq13__ctrl_1__endpoint__value_ps,direct_max,idelay_data_cntvaluein,lane1,dq13,1,endpoint,36,19,929.0,1384.0,1894.0,941.0,1468.0,1827.0,84.0,0.488304,fail_lower,0.511696,-0.023392,overlap,0.0,0.305888
baseline_abort2_vs_pass,skew,signed_dqs_minus_dq_median__idelay_cntvaluein_skew__lane1__dqs1__ctrl_3__dqs_vs_dq_lane__value_ps,signed_dqs_minus_dq_median,idelay_cntvaluein_skew,lane1,dqs1,3,dqs_vs_dq_lane,36,19,-823.0,102.25,416.5,-558.0,35.5,802.0,-66.75,0.488304,fail_lower,0.511696,-0.023392,overlap,0.0,0.305888
baseline_abort2_vs_pass,skew,abs_dqs_minus_dq_bit__idelay_cntvaluein_skew__lane0__dq4__ctrl_0__dqs_vs_dq_bit__value_ps,abs_dqs_minus_dq_bit,idelay_cntvaluein_skew,lane0,dq4,0,dqs_vs_dq_bit,36,19,7.0,280.0,1009.0,95.0,219.0,937.0,-61.0,0.511696,fail_higher,0.511696,0.023392,overlap,0.0,0.305888
baseline_abort2_vs_pass,skew,abs_dqs_minus_dq_bit__idelay_cntvaluein_skew__lane0__dq4__ctrl_4__dqs_vs_dq_bit__value_ps,abs_dqs_minus_dq_bit,idelay_cntvaluein_skew,lane0,dq4,4,dqs_vs_dq_bit,36,19,24.0,310.5,886.0,5.0,366.0,1227.0,55.5,0.511696,fail_higher,0.511696,0.023392,overlap,0.0,0.305888
baseline_abort2_vs_pass,direct,direct_max__dq_iologic__lane0__dq2__ctrl_none__endpoint__value_ps,direct_max,dq_iologic,lane0,dq2,,endpoint,36,19,1629.0,1989.0,4083.0,1740.0,2019.0,3530.0,30.0,0.511696,fail_higher,0.511696,0.023392,overlap,0.0,0.305888
baseline_abort2_vs_pass,skew,abs_dqs_minus_dq_bit__idelay_cntvaluein_skew__lane0__dq5__ctrl_1__dqs_vs_dq_bit__value_ps,abs_dqs_minus_dq_bit,idelay_cntvaluein_skew,lane0,dq5,1,dqs_vs_dq_bit,36,19,58.0,287.0,993.0,9.0,304.0,833.0,17.0,0.488304,fail_lower,0.511696,-0.023392,overlap,0.0,0.305888
baseline_abort2_vs_pass,skew,abs_dqs_minus_dq_bit__idelay_cntvaluein_skew__lane0__dq2__ctrl_4__dqs_vs_dq_bit__value_ps,abs_dqs_minus_dq_bit,idelay_cntvaluein_skew,lane0,dq2,4,dqs_vs_dq_bit,36,19,1.0,309.0,863.0,8.0,296.0,1219.0,-13.0,0.511696,fail_higher,0.511696,0.023392,overlap,0.0,0.305888
baseline_abort2_vs_pass,skew,abs_lane1_minus_lane0_dq_median__idelay_cntvaluein_skew__all__no_bit__ctrl_4__lane1_vs_lane0_dq__value_ps,abs_lane1_minus_lane0_dq_median,idelay_cntvaluein_skew,all,,4,lane1_vs_lane0_dq,36,19,22.0,266.75,719.5,13.0,263.0,619.0,-3.75,0.488304,fail_lower,0.511696,-0.023392,overlap,0.0,0.305888
baseline_abort2_vs_pass,direct,direct_max__dq_iologic__lane1__dq13__ctrl_none__endpoint__value_ps,direct_max,dq_iologic,lane1,dq13,,endpoint,36,19,2115.0,2444.0,3891.0,1924.0,2595.0,2924.0,151.0,0.510234,fail_higher,0.510234,0.020468,overlap,0.0,0.267652
baseline_abort2_vs_pass,skew,abs_dqs_minus_dq_bit__idelay_cntvaluein_skew__lane1__dq10__ctrl_2__dqs_vs_dq_bit__value_ps,abs_dqs_minus_dq_bit,idelay_cntvaluein_skew,lane1,dq10,2,dqs_vs_dq_bit,36,19,5.0,232.0,1213.0,8.0,197.0,737.0,-35.0,0.489766,fail_lower,0.510234,-0.020468,overlap,0.0,0.267652
baseline_abort2_vs_pass,direct,direct_max__idelay_data_cntvaluein__lane1__dq11__ctrl_3__endpoint__value_ps,direct_max,idelay_data_cntvaluein,lane1,dq11,3,endpoint,36,19,859.0,1409.5,1792.0,1036.0,1394.0,1945.0,-15.5,0.510234,fail_higher,0.510234,0.020468,overlap,0.0,0.267652
baseline_abort2_vs_pass,direct,direct_max__idelay_data_cntvaluein__lane1__dq15__ctrl_3__endpoint__value_ps,direct_max,idelay_data_cntvaluein,lane1,dq15,3,endpoint,36,19,861.0,1211.5,1898.0,810.0,1273.0,1805.0,61.5,0.509503,fail_higher,0.509503,0.019006,overlap,0.0,0.248534
baseline_abort2_vs_pass,skew,abs_dqs_minus_dq_median__iologic_skew__lane0__dqs0__ctrl_none__dqs_vs_dq_lane__value_ps,abs_dqs_minus_dq_median,iologic_skew,lane0,dqs0,,dqs_vs_dq_lane,36,19,77.0,1024.5,1878.0,117.5,1073.5,1547.0,49.0,0.509503,fail_higher,0.509503,0.019006,overlap,0.0,0.248534
baseline_abort2_vs_pass,direct,direct_max__idelay_data_cntvaluein__lane0__dq1__ctrl_1__endpoint__value_ps,direct_max,idelay_data_cntvaluein,lane0,dq1,1,endpoint,36,19,1141.0,1642.5,2632.0,1133.0,1707.0,2187.0,64.5,0.491228,fail_lower,0.508772,-0.017544,overlap,0.0,0.229416
baseline_abort2_vs_pass,skew,abs_dqs_minus_dq_bit__idelay_cntvaluein_skew__lane1__dq14__ctrl_1__dqs_vs_dq_bit__value_ps,abs_dqs_minus_dq_bit,idelay_cntvaluein_skew,lane1,dq14,1,dqs_vs_dq_bit,36,19,6.0,269.5,878.0,2.0,331.0,703.0,61.5,0.508772,fail_higher,0.508772,0.017544,overlap,0.0,0.229416
baseline_abort2_vs_pass,direct,direct_max__idelay_data_cntvaluein__lane1__dq8__ctrl_0__endpoint__value_ps,direct_max,idelay_data_cntvaluein,lane1,dq8,0,endpoint,36,19,1110.0,1468.5,1904.0,813.0,1509.0,2039.0,40.5,0.508772,fail_higher,0.508772,0.017544,overlap,0.0,0.229416
baseline_abort2_vs_pass,skew,signed_dqs_minus_dq_bit__idelay_cntvaluein_skew__lane0__dq5__ctrl_3__dqs_vs_dq_bit__value_ps,signed_dqs_minus_dq_bit,idelay_cntvaluein_skew,lane0,dq5,3,dqs_vs_dq_bit,36,19,-1003.0,131.5,1069.0,-691.0,94.0,1102.0,-37.5,0.508772,fail_higher,0.508772,0.017544,overlap,0.0,0.229416
baseline_abort2_vs_pass,direct,direct_max__idelay_dqs_cntvaluein__lane0__dqs0__ctrl_1__endpoint__value_ps,direct_max,idelay_dqs_cntvaluein,lane0,dqs0,1,endpoint,36,19,1027.0,1499.0,2384.0,1036.0,1536.0,2125.0,37.0,0.508772,fail_higher,0.508772,0.017544,overlap,0.0,0.229416
baseline_abort2_vs_pass,direct,direct_max__idelay_dqs_cntvaluein__lane1__dqs1__ctrl_0__endpoint__value_ps,direct_max,idelay_dqs_cntvaluein,lane1,dqs1,0,endpoint,36,19,883.0,1322.0,2065.0,661.0,1286.0,2325.0,-36.0,0.491228,fail_lower,0.508772,-0.017544,overlap,0.0,0.229416
baseline_abort2_vs_pass,skew,ld_dq_lane_range__idelay_ld_skew__lane0__no_bit__ctrl_none__dq_lane__value_ps,ld_dq_lane_range,idelay_ld_skew,lane0,,,dq_lane,36,19,191.0,346.0,705.0,189.0,341.0,543.0,-5.0,0.491228,fail_lower,0.508772,-0.017544,overlap,0.0,0.229416
baseline_abort2_vs_pass,direct,direct_max__idelay_data_cntvaluein__lane1__dq15__ctrl_1__endpoint__value_ps,direct_max,idelay_data_cntvaluein,lane1,dq15,1,endpoint,36,19,722.0,1193.5,1740.0,573.0,1210.0,1623.0,16.5,0.508041,fail_higher,0.508041,0.016082,overlap,0.0,0.210298
baseline_abort2_vs_pass,skew,signed_dqs_minus_dq_bit__idelay_cntvaluein_skew__lane1__dq15__ctrl_2__dqs_vs_dq_bit__value_ps,signed_dqs_minus_dq_bit,idelay_cntvaluein_skew,lane1,dq15,2,dqs_vs_dq_bit,36,19,-608.0,158.0,898.0,-600.0,160.0,737.0,2.0,0.508041,fail_higher,0.508041,0.016082,overlap,0.0,0.210298
baseline_abort2_vs_pass,skew,signed_dqs_minus_dq_bit__idelay_cntvaluein_skew__lane0__dq2__ctrl_1__dqs_vs_dq_bit__value_ps,signed_dqs_minus_dq_bit,idelay_cntvaluein_skew,lane0,dq2,1,dqs_vs_dq_bit,36,19,-1212.0,-323.0,855.0,-928.0,-60.0,461.0,263.0,0.50731,fail_higher,0.50731,0.01462,overlap,0.0,0.19118
baseline_abort2_vs_pass,skew,signed_ld_minus_cntvaluein_dq_median__idelay_ld_cntvaluein_skew__lane0__no_bit__ctrl_4__ld_vs_cntvaluein_dq_lane__value_ps,signed_ld_minus_cntvaluein_dq_median,idelay_ld_cntvaluein_skew,lane0,,4,ld_vs_cntvaluein_dq_lane,36,19,-765.5,65.0,862.0,-706.5,154.0,1180.0,89.0,0.50731,fail_higher,0.50731,0.01462,overlap,0.0,0.19118
baseline_abort2_vs_pass,skew,signed_dqs_minus_dq_bit__idelay_cntvaluein_skew__lane1__dq12__ctrl_4__dqs_vs_dq_bit__value_ps,signed_dqs_minus_dq_bit,idelay_cntvaluein_skew,lane1,dq12,4,dqs_vs_dq_bit,36,19,-778.0,-62.5,727.0,-499.0,-105.0,582.0,-42.5,0.49269,fail_lower,0.50731,-0.01462,overlap,0.0,0.19118
baseline_abort2_vs_pass,direct,control_fanout_spread__idelay_data_cntvaluein__lane1__no_bit__ctrl_4__lane_control_bit__value_ps,control_fanout_spread,idelay_data_cntvaluein,lane1,,4,lane_control_bit,36,19,192.0,400.0,717.0,214.0,378.0,627.0,-22.0,0.49269,fail_lower,0.50731,-0.01462,overlap,0.0,0.19118
baseline_abort2_vs_pass,skew,dq_lane_range__idelay_cntvaluein_skew__lane1__no_bit__ctrl_4__dq_lane__value_ps,dq_lane_range,idelay_cntvaluein_skew,lane1,,4,dq_lane,36,19,192.0,400.0,717.0,214.0,378.0,627.0,-22.0,0.49269,fail_lower,0.50731,-0.01462,overlap,0.0,0.19118
baseline_abort2_vs_pass,direct,lane_spread__idelay_ld__lane0__no_bit__ctrl_none__lane__value_ps,lane_spread,idelay_ld,lane0,,,lane,36,19,220.0,354.0,705.0,232.0,371.0,543.0,17.0,0.50731,fail_higher,0.50731,0.01462,overlap,0.0,0.19118
baseline_abort2_vs_pass,direct,direct_max__idelay_data_cntvaluein__lane0__dq7__ctrl_1__endpoint__value_ps,direct_max,idelay_data_cntvaluein,lane0,dq7,1,endpoint,36,19,1113.0,1804.5,2816.0,1312.0,1784.0,2371.0,-20.5,0.493421,fail_lower,0.506579,-0.013158,overlap,0.0,0.172062
baseline_abort2_vs_pass,skew,abs_dqs_minus_dq_median__idelay_cntvaluein_skew__lane1__dqs1__ctrl_4__dqs_vs_dq_lane__value_ps,abs_dqs_minus_dq_median,idelay_cntvaluein_skew,lane1,dqs1,4,dqs_vs_dq_lane,36,19,4.0,237.75,727.0,2.5,240.0,635.5,2.25,0.505848,fail_higher,0.505848,0.011696,overlap,0.0,0.152944
baseline_abort2_vs_pass,direct,direct_max__idelay_data_cntvaluein__lane0__dq6__ctrl_3__endpoint__value_ps,direct_max,idelay_data_cntvaluein,lane0,dq6,3,endpoint,36,19,1126.0,1751.5,2378.0,944.0,1712.0,2302.0,-39.5,0.505117,fail_higher,0.505117,0.010234,overlap,0.0,0.133826
baseline_abort2_vs_pass,direct,direct_max__dq_iologic__lane0__dq4__ctrl_none__endpoint__value_ps,direct_max,dq_iologic,lane0,dq4,,endpoint,36,19,1621.0,1988.0,4073.0,1575.0,1965.0,3523.0,-23.0,0.505117,fail_higher,0.505117,0.010234,overlap,0.0,0.133826
baseline_abort2_vs_pass,skew,abs_dqs_minus_dq_bit__idelay_cntvaluein_skew__lane0__dq6__ctrl_0__dqs_vs_dq_bit__value_ps,abs_dqs_minus_dq_bit,idelay_cntvaluein_skew,lane0,dq6,0,dqs_vs_dq_bit,36,19,19.0,250.0,856.0,9.0,242.0,771.0,-8.0,0.505117,fail_higher,0.505117,0.010234,overlap,0.0,0.133826
baseline_abort2_vs_pass,direct,direct_max__idelay_dqs_cntvaluein__lane1__dqs1__ctrl_4__endpoint__value_ps,direct_max,idelay_dqs_cntvaluein,lane1,dqs1,4,endpoint,36,19,611.0,1275.0,1968.0,791.0,1304.0,2335.0,29.0,0.504386,fail_higher,0.504386,0.008772,overlap,0.0,0.114708
baseline_abort2_vs_pass,skew,abs_dqs_minus_dq_median__idelay_cntvaluein_skew__lane1__dqs1__ctrl_2__dqs_vs_dq_lane__value_ps,abs_dqs_minus_dq_median,idelay_cntvaluein_skew,lane1,dqs1,2,dqs_vs_dq_lane,36,19,15.5,194.25,1065.0,55.5,245.5,650.5,51.25,0.503655,fail_higher,0.503655,0.00731,overlap,0.0,0.09559
baseline_abort2_vs_pass,skew,signed_dqs_minus_dq_bit__idelay_cntvaluein_skew__lane0__dq0__ctrl_1__dqs_vs_dq_bit__value_ps,signed_dqs_minus_dq_bit,idelay_cntvaluein_skew,lane0,dq0,1,dqs_vs_dq_bit,36,19,-1034.0,-228.5,848.0,-744.0,-36.0,645.0,192.5,0.502924,fail_higher,0.502924,0.005848,overlap,0.0,0.076472
baseline_abort2_vs_pass,skew,signed_dqs_minus_dq_bit__idelay_cntvaluein_skew__lane0__dq4__ctrl_1__dqs_vs_dq_bit__value_ps,signed_dqs_minus_dq_bit,idelay_cntvaluein_skew,lane0,dq4,1,dqs_vs_dq_bit,36,19,-1209.0,-269.5,725.0,-927.0,-103.0,503.0,166.5,0.502924,fail_higher,0.502924,0.005848,overlap,0.0,0.076472
baseline_abort2_vs_pass,direct,direct_max__idelay_data_cntvaluein__lane0__dq4__ctrl_1__endpoint__value_ps,direct_max,idelay_data_cntvaluein,lane0,dq4,1,endpoint,36,19,1105.0,1706.0,2723.0,1218.0,1797.0,2278.0,91.0,0.497076,fail_lower,0.502924,-0.005848,overlap,0.0,0.076472
baseline_abort2_vs_pass,direct,direct_max__idelay_data_cntvaluein__lane0__dq1__ctrl_0__endpoint__value_ps,direct_max,idelay_data_cntvaluein,lane0,dq1,0,endpoint,36,19,1069.0,1675.5,2246.0,1286.0,1720.0,2296.0,44.5,0.497076,fail_lower,0.502924,-0.005848,overlap,0.0,0.076472
baseline_abort2_vs_pass,skew,signed_dqs_minus_dq_median__idelay_cntvaluein_skew__lane0__dqs0__ctrl_3__dqs_vs_dq_lane__value_ps,signed_dqs_minus_dq_median,idelay_cntvaluein_skew,lane0,dqs0,3,dqs_vs_dq_lane,36,19,-1003.0,16.75,914.0,-991.5,-18.0,920.0,-34.75,0.497076,fail_lower,0.502924,-0.005848,overlap,0.0,0.076472
baseline_abort2_vs_pass,skew,abs_dqs_minus_dq_median__idelay_cntvaluein_skew__lane0__dqs0__ctrl_2__dqs_vs_dq_lane__value_ps,abs_dqs_minus_dq_median,idelay_cntvaluein_skew,lane0,dqs0,2,dqs_vs_dq_lane,36,19,16.0,348.75,927.5,68.0,335.0,1005.0,-13.75,0.502924,fail_higher,0.502924,0.005848,overlap,0.0,0.076472
baseline_abort2_vs_pass,skew,signed_dqs_minus_dq_bit__idelay_cntvaluein_skew__lane0__dq1__ctrl_1__dqs_vs_dq_bit__value_ps,signed_dqs_minus_dq_bit,idelay_cntvaluein_skew,lane0,dq1,1,dqs_vs_dq_bit,36,19,-1118.0,-183.0,852.0,-836.0,-70.0,553.0,113.0,0.497807,fail_lower,0.502193,-0.004386,overlap,0.0,0.057354
baseline_abort2_vs_pass,skew,signed_ld_minus_cntvaluein_dq_median__idelay_ld_cntvaluein_skew__lane0__no_bit__ctrl_0__ld_vs_cntvaluein_dq_lane__value_ps,signed_ld_minus_cntvaluein_dq_median,idelay_ld_cntvaluein_skew,lane0,,0,ld_vs_cntvaluein_dq_lane,36,19,-562.5,29.5,682.0,-488.0,-53.5,1103.5,-83.0,0.497807,fail_lower,0.502193,-0.004386,overlap,0.0,0.057354
baseline_abort2_vs_pass,direct,direct_max__idelay_data_cntvaluein__lane1__dq9__ctrl_1__endpoint__value_ps,direct_max,idelay_data_cntvaluein,lane1,dq9,1,endpoint,36,19,808.0,1195.5,1664.0,665.0,1235.0,1814.0,39.5,0.502193,fail_higher,0.502193,0.004386,overlap,0.0,0.057354
baseline_abort2_vs_pass,skew,signed_lane1_minus_lane0_dqs__idelay_cntvaluein_skew__all__no_bit__ctrl_3__lane1_vs_lane0_dqs__value_ps,signed_lane1_minus_lane0_dqs,idelay_cntvaluein_skew,all,,3,lane1_vs_lane0_dqs,36,19,-617.0,-279.5,110.0,-508.0,-276.0,38.0,3.5,0.497807,fail_lower,0.502193,-0.004386,overlap,0.0,0.057354
baseline_abort2_vs_pass,skew,signed_dqs_minus_dq_bit__idelay_cntvaluein_skew__lane0__dq2__ctrl_3__dqs_vs_dq_bit__value_ps,signed_dqs_minus_dq_bit,idelay_cntvaluein_skew,lane0,dq2,3,dqs_vs_dq_bit,36,19,-1090.0,-14.0,719.0,-1089.0,29.0,943.0,43.0,0.498538,fail_lower,0.501462,-0.002924,overlap,0.0,0.038236
baseline_abort2_vs_pass,direct,direct_max__idelay_dqs_cntvaluein__lane0__dqs0__ctrl_2__endpoint__value_ps,direct_max,idelay_dqs_cntvaluein,lane0,dqs0,2,endpoint,36,19,1054.0,1627.0,2276.0,975.0,1610.0,2421.0,-17.0,0.501462,fail_higher,0.501462,0.002924,overlap,0.0,0.038236
baseline_abort2_vs_pass,skew,abs_dqs_minus_dq_bit__idelay_cntvaluein_skew__lane0__dq0__ctrl_0__dqs_vs_dq_bit__value_ps,abs_dqs_minus_dq_bit,idelay_cntvaluein_skew,lane0,dq0,0,dqs_vs_dq_bit,36,19,0.0,251.5,1044.0,31.0,262.0,963.0,10.5,0.501462,fail_higher,0.501462,0.002924,overlap,0.0,0.038236
baseline_abort2_vs_pass,direct,direct_max__idelay_data_cntvaluein__lane0__dq2__ctrl_1__endpoint__value_ps,direct_max,idelay_data_cntvaluein,lane0,dq2,1,endpoint,36,19,1024.0,1723.5,2726.0,1228.0,1728.0,2279.0,4.5,0.498538,fail_lower,0.501462,-0.002924,overlap,0.0,0.038236
baseline_abort2_vs_pass,direct,direct_max__idelay_data_cntvaluein__lane0__dq2__ctrl_4__endpoint__value_ps,direct_max,idelay_data_cntvaluein,lane0,dq2,4,endpoint,36,19,1138.0,1666.5,2358.0,1177.0,1608.0,2467.0,-58.5,0.499269,fail_lower,0.500731,-0.001462,overlap,0.0,0.019118
baseline_abort2_vs_pass,skew,signed_ld_minus_cntvaluein_dq_median__idelay_ld_cntvaluein_skew__lane1__no_bit__ctrl_1__ld_vs_cntvaluein_dq_lane__value_ps,signed_ld_minus_cntvaluein_dq_median,idelay_ld_cntvaluein_skew,lane1,,1,ld_vs_cntvaluein_dq_lane,36,19,-412.0,151.0,547.5,-342.5,118.5,569.0,-32.5,0.500731,fail_higher,0.500731,0.001462,overlap,0.0,0.019118
baseline_abort2_vs_pass,skew,abs_dqs_minus_dq_bit__idelay_cntvaluein_skew__lane1__dq11__ctrl_4__dqs_vs_dq_bit__value_ps,abs_dqs_minus_dq_bit,idelay_cntvaluein_skew,lane1,dq11,4,dqs_vs_dq_bit,36,19,10.0,262.5,897.0,18.0,245.0,884.0,-17.5,0.500731,fail_higher,0.500731,0.001462,overlap,0.0,0.019118
baseline_abort2_vs_pass,skew,abs_dqs_minus_dq_bit__idelay_cntvaluein_skew__lane1__dq14__ctrl_4__dqs_vs_dq_bit__value_ps,abs_dqs_minus_dq_bit,idelay_cntvaluein_skew,lane1,dq14,4,dqs_vs_dq_bit,36,19,6.0,254.0,816.0,49.0,270.0,648.0,16.0,0.499269,fail_lower,0.500731,-0.001462,overlap,0.0,0.019118
baseline_abort2_vs_pass,direct,direct_max__idelay_ld__lane1__dq12__ctrl_none__endpoint__value_ps,direct_max,idelay_ld,lane1,dq12,,endpoint,36,19,1175.0,1565.5,2036.0,1248.0,1554.0,2118.0,-11.5,0.499269,fail_lower,0.500731,-0.001462,overlap,0.0,0.019118
baseline_abort2_vs_pass,skew,abs_lane1_minus_lane0_dqs__idelay_cntvaluein_skew__all__no_bit__ctrl_3__lane1_vs_lane0_dqs__value_ps,abs_lane1_minus_lane0_dqs,idelay_cntvaluein_skew,all,,3,lane1_vs_lane0_dqs,36,19,37.0,279.5,617.0,38.0,276.0,508.0,-3.5,0.500731,fail_higher,0.500731,0.001462,overlap,0.0,0.019118
baseline_abort2_vs_pass,direct,control_fanout_spread__idelay_dqs_cntvaluein__lane0__no_bit__ctrl_0__lane_control_bit__value_ps,control_fanout_spread,idelay_dqs_cntvaluein,lane0,,0,lane_control_bit,36,19,0.0,0.0,0.0,0.0,0.0,0.0,0.0,0.5,fail_higher,0.5,0.0,overlap,0.0,0.0
baseline_abort2_vs_pass,direct,control_fanout_spread__idelay_dqs_cntvaluein__lane0__no_bit__ctrl_1__lane_control_bit__value_ps,control_fanout_spread,idelay_dqs_cntvaluein,lane0,,1,lane_control_bit,36,19,0.0,0.0,0.0,0.0,0.0,0.0,0.0,0.5,fail_higher,0.5,0.0,overlap,0.0,0.0
baseline_abort2_vs_pass,direct,control_fanout_spread__idelay_dqs_cntvaluein__lane0__no_bit__ctrl_2__lane_control_bit__value_ps,control_fanout_spread,idelay_dqs_cntvaluein,lane0,,2,lane_control_bit,36,19,0.0,0.0,0.0,0.0,0.0,0.0,0.0,0.5,fail_higher,0.5,0.0,overlap,0.0,0.0
baseline_abort2_vs_pass,direct,control_fanout_spread__idelay_dqs_cntvaluein__lane0__no_bit__ctrl_3__lane_control_bit__value_ps,control_fanout_spread,idelay_dqs_cntvaluein,lane0,,3,lane_control_bit,36,19,0.0,0.0,0.0,0.0,0.0,0.0,0.0,0.5,fail_higher,0.5,0.0,overlap,0.0,0.0
baseline_abort2_vs_pass,direct,control_fanout_spread__idelay_dqs_cntvaluein__lane0__no_bit__ctrl_4__lane_control_bit__value_ps,control_fanout_spread,idelay_dqs_cntvaluein,lane0,,4,lane_control_bit,36,19,0.0,0.0,0.0,0.0,0.0,0.0,0.0,0.5,fail_higher,0.5,0.0,overlap,0.0,0.0
baseline_abort2_vs_pass,direct,control_fanout_spread__idelay_dqs_cntvaluein__lane1__no_bit__ctrl_0__lane_control_bit__value_ps,control_fanout_spread,idelay_dqs_cntvaluein,lane1,,0,lane_control_bit,36,19,0.0,0.0,0.0,0.0,0.0,0.0,0.0,0.5,fail_higher,0.5,0.0,overlap,0.0,0.0
baseline_abort2_vs_pass,direct,control_fanout_spread__idelay_dqs_cntvaluein__lane1__no_bit__ctrl_1__lane_control_bit__value_ps,control_fanout_spread,idelay_dqs_cntvaluein,lane1,,1,lane_control_bit,36,19,0.0,0.0,0.0,0.0,0.0,0.0,0.0,0.5,fail_higher,0.5,0.0,overlap,0.0,0.0
baseline_abort2_vs_pass,direct,control_fanout_spread__idelay_dqs_cntvaluein__lane1__no_bit__ctrl_2__lane_control_bit__value_ps,control_fanout_spread,idelay_dqs_cntvaluein,lane1,,2,lane_control_bit,36,19,0.0,0.0,0.0,0.0,0.0,0.0,0.0,0.5,fail_higher,0.5,0.0,overlap,0.0,0.0
baseline_abort2_vs_pass,direct,control_fanout_spread__idelay_dqs_cntvaluein__lane1__no_bit__ctrl_3__lane_control_bit__value_ps,control_fanout_spread,idelay_dqs_cntvaluein,lane1,,3,lane_control_bit,36,19,0.0,0.0,0.0,0.0,0.0,0.0,0.0,0.5,fail_higher,0.5,0.0,overlap,0.0,0.0
baseline_abort2_vs_pass,direct,control_fanout_spread__idelay_dqs_cntvaluein__lane1__no_bit__ctrl_4__lane_control_bit__value_ps,control_fanout_spread,idelay_dqs_cntvaluein,lane1,,4,lane_control_bit,36,19,0.0,0.0,0.0,0.0,0.0,0.0,0.0,0.5,fail_higher,0.5,0.0,overlap,0.0,0.0
baseline_abort2_vs_pass,direct,direct_max__clocking__lane0__dq0__ctrl_none__endpoint__value_ps,direct_max,clocking,lane0,dq0,,endpoint,36,19,1314.0,1314.0,1314.0,1314.0,1314.0,1314.0,0.0,0.5,fail_higher,0.5,0.0,overlap,0.0,0.0
baseline_abort2_vs_pass,direct,direct_max__clocking__lane0__dq1__ctrl_none__endpoint__value_ps,direct_max,clocking,lane0,dq1,,endpoint,36,19,1314.0,1314.0,1314.0,1314.0,1314.0,1314.0,0.0,0.5,fail_higher,0.5,0.0,overlap,0.0,0.0
baseline_abort2_vs_pass,direct,direct_max__clocking__lane0__dq2__ctrl_none__endpoint__value_ps,direct_max,clocking,lane0,dq2,,endpoint,36,19,1314.0,1314.0,1314.0,1314.0,1314.0,1314.0,0.0,0.5,fail_higher,0.5,0.0,overlap,0.0,0.0
baseline_abort2_vs_pass,direct,direct_max__clocking__lane0__dq3__ctrl_none__endpoint__value_ps,direct_max,clocking,lane0,dq3,,endpoint,36,19,1314.0,1314.0,1314.0,1314.0,1314.0,1314.0,0.0,0.5,fail_higher,0.5,0.0,overlap,0.0,0.0
baseline_abort2_vs_pass,direct,direct_max__clocking__lane0__dq4__ctrl_none__endpoint__value_ps,direct_max,clocking,lane0,dq4,,endpoint,36,19,1314.0,1314.0,1314.0,1314.0,1314.0,1314.0,0.0,0.5,fail_higher,0.5,0.0,overlap,0.0,0.0
baseline_abort2_vs_pass,direct,direct_max__clocking__lane0__dq5__ctrl_none__endpoint__value_ps,direct_max,clocking,lane0,dq5,,endpoint,36,19,1314.0,1314.0,1314.0,1314.0,1314.0,1314.0,0.0,0.5,fail_higher,0.5,0.0,overlap,0.0,0.0
baseline_abort2_vs_pass,direct,direct_max__clocking__lane0__dq6__ctrl_none__endpoint__value_ps,direct_max,clocking,lane0,dq6,,endpoint,36,19,1314.0,1314.0,1314.0,1314.0,1314.0,1314.0,0.0,0.5,fail_higher,0.5,0.0,overlap,0.0,0.0
baseline_abort2_vs_pass,direct,direct_max__clocking__lane0__dq7__ctrl_none__endpoint__value_ps,direct_max,clocking,lane0,dq7,,endpoint,36,19,1314.0,1314.0,1314.0,1314.0,1314.0,1314.0,0.0,0.5,fail_higher,0.5,0.0,overlap,0.0,0.0
baseline_abort2_vs_pass,direct,direct_max__clocking__lane0__dqs0__ctrl_none__endpoint__value_ps,direct_max,clocking,lane0,dqs0,,endpoint,36,19,1279.0,1279.0,1279.0,1279.0,1279.0,1279.0,0.0,0.5,fail_higher,0.5,0.0,overlap,0.0,0.0
baseline_abort2_vs_pass,direct,direct_max__clocking__lane1__dq10__ctrl_none__endpoint__value_ps,direct_max,clocking,lane1,dq10,,endpoint,36,19,1314.0,1314.0,1314.0,1314.0,1314.0,1314.0,0.0,0.5,fail_higher,0.5,0.0,overlap,0.0,0.0
baseline_abort2_vs_pass,direct,direct_max__clocking__lane1__dq11__ctrl_none__endpoint__value_ps,direct_max,clocking,lane1,dq11,,endpoint,36,19,1314.0,1314.0,1314.0,1314.0,1314.0,1314.0,0.0,0.5,fail_higher,0.5,0.0,overlap,0.0,0.0
baseline_abort2_vs_pass,direct,direct_max__clocking__lane1__dq12__ctrl_none__endpoint__value_ps,direct_max,clocking,lane1,dq12,,endpoint,36,19,1314.0,1314.0,1314.0,1314.0,1314.0,1314.0,0.0,0.5,fail_higher,0.5,0.0,overlap,0.0,0.0
baseline_abort2_vs_pass,direct,direct_max__clocking__lane1__dq13__ctrl_none__endpoint__value_ps,direct_max,clocking,lane1,dq13,,endpoint,36,19,1314.0,1314.0,1314.0,1314.0,1314.0,1314.0,0.0,0.5,fail_higher,0.5,0.0,overlap,0.0,0.0
baseline_abort2_vs_pass,direct,direct_max__clocking__lane1__dq14__ctrl_none__endpoint__value_ps,direct_max,clocking,lane1,dq14,,endpoint,36,19,1314.0,1314.0,1314.0,1314.0,1314.0,1314.0,0.0,0.5,fail_higher,0.5,0.0,overlap,0.0,0.0
baseline_abort2_vs_pass,direct,direct_max__clocking__lane1__dq15__ctrl_none__endpoint__value_ps,direct_max,clocking,lane1,dq15,,endpoint,36,19,1314.0,1314.0,1314.0,1314.0,1314.0,1314.0,0.0,0.5,fail_higher,0.5,0.0,overlap,0.0,0.0
baseline_abort2_vs_pass,direct,direct_max__clocking__lane1__dq8__ctrl_none__endpoint__value_ps,direct_max,clocking,lane1,dq8,,endpoint,36,19,1314.0,1314.0,1314.0,1314.0,1314.0,1314.0,0.0,0.5,fail_higher,0.5,0.0,overlap,0.0,0.0
baseline_abort2_vs_pass,direct,direct_max__clocking__lane1__dq9__ctrl_none__endpoint__value_ps,direct_max,clocking,lane1,dq9,,endpoint,36,19,1314.0,1314.0,1314.0,1314.0,1314.0,1314.0,0.0,0.5,fail_higher,0.5,0.0,overlap,0.0,0.0
baseline_abort2_vs_pass,direct,direct_max__clocking__lane1__dqs1__ctrl_none__endpoint__value_ps,direct_max,clocking,lane1,dqs1,,endpoint,36,19,1279.0,1279.0,1279.0,1279.0,1279.0,1279.0,0.0,0.5,fail_higher,0.5,0.0,overlap,0.0,0.0
baseline_abort2_vs_pass,direct,lane_spread__clocking__lane0__no_bit__ctrl_none__lane__value_ps,lane_spread,clocking,lane0,,,lane,36,19,135.0,135.0,135.0,135.0,135.0,135.0,0.0,0.5,fail_higher,0.5,0.0,overlap,0.0,0.0
baseline_abort2_vs_pass,direct,lane_spread__clocking__lane1__no_bit__ctrl_none__lane__value_ps,lane_spread,clocking,lane1,,,lane,36,19,135.0,135.0,135.0,135.0,135.0,135.0,0.0,0.5,fail_higher,0.5,0.0,overlap,0.0,0.0
baseline_abort2_vs_pass,skew,dq_lane_range__clocking_skew__lane0__no_bit__ctrl_none__dq_lane__value_ps,dq_lane_range,clocking_skew,lane0,,,dq_lane,36,19,0.0,0.0,0.0,0.0,0.0,0.0,0.0,0.5,fail_higher,0.5,0.0,overlap,0.0,0.0
baseline_abort2_vs_pass,skew,signed_dqs_minus_dq_median__clocking_skew__lane0__dqs0__ctrl_none__dqs_vs_dq_lane__value_ps,signed_dqs_minus_dq_median,clocking_skew,lane0,dqs0,,dqs_vs_dq_lane,36,19,-35.0,-35.0,-35.0,-35.0,-35.0,-35.0,0.0,0.5,fail_higher,0.5,0.0,overlap,0.0,0.0
baseline_abort2_vs_pass,skew,abs_dqs_minus_dq_median__clocking_skew__lane0__dqs0__ctrl_none__dqs_vs_dq_lane__value_ps,abs_dqs_minus_dq_median,clocking_skew,lane0,dqs0,,dqs_vs_dq_lane,36,19,35.0,35.0,35.0,35.0,35.0,35.0,0.0,0.5,fail_higher,0.5,0.0,overlap,0.0,0.0
baseline_abort2_vs_pass,skew,dq_lane_range__clocking_skew__lane1__no_bit__ctrl_none__dq_lane__value_ps,dq_lane_range,clocking_skew,lane1,,,dq_lane,36,19,0.0,0.0,0.0,0.0,0.0,0.0,0.0,0.5,fail_higher,0.5,0.0,overlap,0.0,0.0
baseline_abort2_vs_pass,skew,signed_dqs_minus_dq_median__clocking_skew__lane1__dqs1__ctrl_none__dqs_vs_dq_lane__value_ps,signed_dqs_minus_dq_median,clocking_skew,lane1,dqs1,,dqs_vs_dq_lane,36,19,-35.0,-35.0,-35.0,-35.0,-35.0,-35.0,0.0,0.5,fail_higher,0.5,0.0,overlap,0.0,0.0
baseline_abort2_vs_pass,skew,abs_dqs_minus_dq_median__clocking_skew__lane1__dqs1__ctrl_none__dqs_vs_dq_lane__value_ps,abs_dqs_minus_dq_median,clocking_skew,lane1,dqs1,,dqs_vs_dq_lane,36,19,35.0,35.0,35.0,35.0,35.0,35.0,0.0,0.5,fail_higher,0.5,0.0,overlap,0.0,0.0
cntvaluein3_locked_only,skew,abs_dqs_minus_dq_median__idelay_cntvaluein_skew__lane0__dqs0__ctrl_4__dqs_vs_dq_lane__value_ps,abs_dqs_minus_dq_median,idelay_cntvaluein_skew,lane0,dqs0,4,dqs_vs_dq_lane,27,16,72.5,358.5,1006.0,47.5,189.75,623.0,-168.75,0.238426,fail_lower,0.761574,-0.523148,overlap,0.0,5.436715
cntvaluein3_locked_only,skew,abs_ld_minus_cntvaluein_dq_median__idelay_ld_cntvaluein_skew__lane0__no_bit__ctrl_1__ld_vs_cntvaluein_dq_lane__value_ps,abs_ld_minus_cntvaluein_dq_median,idelay_ld_cntvaluein_skew,lane0,,1,ld_vs_cntvaluein_dq_lane,27,16,41.5,356.5,773.0,37.0,190.25,998.5,-166.25,0.239583,fail_lower,0.760417,-0.520833,overlap,0.0,5.412659
cntvaluein3_locked_only,skew,abs_dqs_minus_dq_bit__idelay_cntvaluein_skew__lane0__dq1__ctrl_4__dqs_vs_dq_bit__value_ps,abs_dqs_minus_dq_bit,idelay_cntvaluein_skew,lane0,dq1,4,dqs_vs_dq_bit,27,16,8.0,447.0,1088.0,41.0,168.5,647.0,-278.5,0.240741,fail_lower,0.759259,-0.518519,overlap,0.0,5.388603
cntvaluein3_locked_only,skew,abs_dqs_minus_dq_bit__idelay_cntvaluein_skew__lane0__dq0__ctrl_4__dqs_vs_dq_bit__value_ps,abs_dqs_minus_dq_bit,idelay_cntvaluein_skew,lane0,dq0,4,dqs_vs_dq_bit,27,16,16.0,405.0,1092.0,2.0,223.5,662.0,-181.5,0.243056,fail_lower,0.756944,-0.513889,overlap,0.0,5.34049
cntvaluein3_locked_only,skew,abs_dqs_minus_dq_bit__idelay_cntvaluein_skew__lane0__dq2__ctrl_4__dqs_vs_dq_bit__value_ps,abs_dqs_minus_dq_bit,idelay_cntvaluein_skew,lane0,dq2,4,dqs_vs_dq_bit,27,16,28.0,387.0,1041.0,31.0,160.0,652.0,-227.0,0.256944,fail_lower,0.743056,-0.486111,overlap,0.0,5.051815
cntvaluein3_locked_only,skew,abs_dqs_minus_dq_bit__idelay_cntvaluein_skew__lane1__dq8__ctrl_4__dqs_vs_dq_bit__value_ps,abs_dqs_minus_dq_bit,idelay_cntvaluein_skew,lane1,dq8,4,dqs_vs_dq_bit,27,16,0.0,308.0,825.0,18.0,172.0,686.0,-136.0,0.275463,fail_lower,0.724537,-0.449074,overlap,0.0,4.666915
cntvaluein3_locked_only,skew,abs_dqs_minus_dq_bit__idelay_cntvaluein_skew__lane0__dq4__ctrl_4__dqs_vs_dq_bit__value_ps,abs_dqs_minus_dq_bit,idelay_cntvaluein_skew,lane0,dq4,4,dqs_vs_dq_bit,27,16,12.0,444.0,1092.0,45.0,196.5,736.0,-247.5,0.280093,fail_lower,0.719907,-0.439815,overlap,0.0,4.57069
cntvaluein3_locked_only,skew,abs_dqs_minus_dq_bit__idelay_cntvaluein_skew__lane1__dq14__ctrl_4__dqs_vs_dq_bit__value_ps,abs_dqs_minus_dq_bit,idelay_cntvaluein_skew,lane1,dq14,4,dqs_vs_dq_bit,27,16,35.0,340.0,954.0,8.0,185.0,561.0,-155.0,0.28588,fail_lower,0.71412,-0.428241,overlap,0.0,4.450408
cntvaluein3_locked_only,skew,abs_dqs_minus_dq_bit__idelay_cntvaluein_skew__lane1__dq12__ctrl_4__dqs_vs_dq_bit__value_ps,abs_dqs_minus_dq_bit,idelay_cntvaluein_skew,lane1,dq12,4,dqs_vs_dq_bit,27,16,25.0,317.0,804.0,2.0,169.0,561.0,-148.0,0.287037,fail_lower,0.712963,-0.425926,overlap,0.0,4.426352
cntvaluein3_locked_only,skew,abs_dqs_minus_dq_bit__idelay_cntvaluein_skew__lane0__dq6__ctrl_4__dqs_vs_dq_bit__value_ps,abs_dqs_minus_dq_bit,idelay_cntvaluein_skew,lane0,dq6,4,dqs_vs_dq_bit,27,16,6.0,385.0,1033.0,36.0,210.5,657.0,-174.5,0.295139,fail_lower,0.704861,-0.409722,overlap,0.0,4.257958
cntvaluein3_locked_only,skew,abs_dqs_minus_dq_bit__idelay_cntvaluein_skew__lane0__dq7__ctrl_4__dqs_vs_dq_bit__value_ps,abs_dqs_minus_dq_bit,idelay_cntvaluein_skew,lane0,dq7,4,dqs_vs_dq_bit,27,16,0.0,396.0,1126.0,47.0,210.5,650.0,-185.5,0.296296,fail_lower,0.703704,-0.407407,overlap,0.0,4.233902
cntvaluein3_locked_only,direct,control_fanout_spread__idelay_data_cntvaluein__lane0__no_bit__ctrl_2__lane_control_bit__value_ps,control_fanout_spread,idelay_data_cntvaluein,lane0,,2,lane_control_bit,27,16,194.0,350.0,632.0,174.0,283.0,530.0,-67.0,0.300926,fail_lower,0.699074,-0.398148,overlap,0.0,4.137677
cntvaluein3_locked_only,skew,dq_lane_range__idelay_cntvaluein_skew__lane0__no_bit__ctrl_2__dq_lane__value_ps,dq_lane_range,idelay_cntvaluein_skew,lane0,,2,dq_lane,27,16,194.0,350.0,632.0,174.0,283.0,530.0,-67.0,0.300926,fail_lower,0.699074,-0.398148,overlap,0.0,4.137677
cntvaluein3_locked_only,skew,abs_dqs_minus_dq_bit__idelay_cntvaluein_skew__lane1__dq11__ctrl_1__dqs_vs_dq_bit__value_ps,abs_dqs_minus_dq_bit,idelay_cntvaluein_skew,lane1,dq11,1,dqs_vs_dq_bit,27,16,7.0,365.0,1348.0,13.0,81.5,1216.0,-283.5,0.305556,fail_lower,0.694444,-0.388889,overlap,0.0,4.041452
cntvaluein3_locked_only,skew,signed_dqs_minus_dq_bit__idelay_cntvaluein_skew__lane1__dq8__ctrl_2__dqs_vs_dq_bit__value_ps,signed_dqs_minus_dq_bit,idelay_cntvaluein_skew,lane1,dq8,2,dqs_vs_dq_bit,27,16,-895.0,82.0,1159.0,-836.0,-207.0,264.0,-289.0,0.309028,fail_lower,0.690972,-0.381944,overlap,0.0,3.969283
cntvaluein3_locked_only,skew,abs_dqs_minus_dq_bit__idelay_cntvaluein_skew__lane1__dq10__ctrl_1__dqs_vs_dq_bit__value_ps,abs_dqs_minus_dq_bit,idelay_cntvaluein_skew,lane1,dq10,1,dqs_vs_dq_bit,27,16,13.0,441.0,1214.0,7.0,238.0,1031.0,-203.0,0.310185,fail_lower,0.689815,-0.37963,overlap,0.0,3.945227
cntvaluein3_locked_only,skew,abs_dqs_minus_dq_bit__idelay_cntvaluein_skew__lane1__dq13__ctrl_1__dqs_vs_dq_bit__value_ps,abs_dqs_minus_dq_bit,idelay_cntvaluein_skew,lane1,dq13,1,dqs_vs_dq_bit,27,16,7.0,363.0,1089.0,3.0,128.5,1138.0,-234.5,0.311343,fail_lower,0.688657,-0.377315,overlap,0.0,3.921171
cntvaluein3_locked_only,skew,abs_dqs_minus_dq_bit__idelay_cntvaluein_skew__lane1__dq8__ctrl_1__dqs_vs_dq_bit__value_ps,abs_dqs_minus_dq_bit,idelay_cntvaluein_skew,lane1,dq8,1,dqs_vs_dq_bit,27,16,23.0,353.0,954.0,28.0,167.5,1134.0,-185.5,0.3125,fail_lower,0.6875,-0.375,overlap,0.0,3.897114
cntvaluein3_locked_only,skew,abs_dqs_minus_dq_bit__idelay_cntvaluein_skew__lane1__dq14__ctrl_1__dqs_vs_dq_bit__value_ps,abs_dqs_minus_dq_bit,idelay_cntvaluein_skew,lane1,dq14,1,dqs_vs_dq_bit,27,16,0.0,334.0,1040.0,66.0,188.5,1123.0,-145.5,0.31713,fail_lower,0.68287,-0.365741,overlap,0.0,3.800889
cntvaluein3_locked_only,skew,abs_dqs_minus_dq_bit__idelay_cntvaluein_skew__lane1__dq12__ctrl_1__dqs_vs_dq_bit__value_ps,abs_dqs_minus_dq_bit,idelay_cntvaluein_skew,lane1,dq12,1,dqs_vs_dq_bit,27,16,3.0,342.0,1131.0,13.0,206.0,1050.0,-136.0,0.31713,fail_lower,0.68287,-0.365741,overlap,0.0,3.800889
cntvaluein3_locked_only,direct,control_fanout_spread__idelay_data_cntvaluein__lane1__no_bit__ctrl_0__lane_control_bit__value_ps,control_fanout_spread,idelay_data_cntvaluein,lane1,,0,lane_control_bit,27,16,135.0,397.0,632.0,222.0,427.0,705.0,30.0,0.675926,fail_higher,0.675926,0.351852,overlap,0.0,3.656552
cntvaluein3_locked_only,skew,dq_lane_range__idelay_cntvaluein_skew__lane1__no_bit__ctrl_0__dq_lane__value_ps,dq_lane_range,idelay_cntvaluein_skew,lane1,,0,dq_lane,27,16,135.0,397.0,632.0,222.0,427.0,705.0,30.0,0.675926,fail_higher,0.675926,0.351852,overlap,0.0,3.656552
cntvaluein3_locked_only,skew,abs_dqs_minus_dq_median__idelay_cntvaluein_skew__lane1__dqs1__ctrl_1__dqs_vs_dq_lane__value_ps,abs_dqs_minus_dq_median,idelay_cntvaluein_skew,lane1,dqs1,1,dqs_vs_dq_lane,27,16,1.5,294.0,1172.5,13.0,181.0,1136.0,-113.0,0.326389,fail_lower,0.673611,-0.347222,overlap,0.0,3.608439
cntvaluein3_locked_only,skew,abs_dqs_minus_dq_bit__idelay_cntvaluein_skew__lane0__dq1__ctrl_2__dqs_vs_dq_bit__value_ps,abs_dqs_minus_dq_bit,idelay_cntvaluein_skew,lane0,dq1,2,dqs_vs_dq_bit,27,16,76.0,375.0,1073.0,70.0,218.5,828.0,-156.5,0.328704,fail_lower,0.671296,-0.342593,overlap,0.0,3.560327
cntvaluein3_locked_only,skew,signed_dqs_minus_dq_bit__idelay_cntvaluein_skew__lane1__dq8__ctrl_0__dqs_vs_dq_bit__value_ps,signed_dqs_minus_dq_bit,idelay_cntvaluein_skew,lane1,dq8,0,dqs_vs_dq_bit,27,16,-669.0,-46.0,767.0,-986.0,-259.5,622.0,-213.5,0.331019,fail_lower,0.668981,-0.337963,overlap,0.0,3.512214
cntvaluein3_locked_only,skew,abs_dqs_minus_dq_median__idelay_cntvaluein_skew__lane1__dqs1__ctrl_4__dqs_vs_dq_lane__value_ps,abs_dqs_minus_dq_median,idelay_cntvaluein_skew,lane1,dqs1,4,dqs_vs_dq_lane,27,16,63.0,293.0,836.5,18.0,200.0,594.5,-93.0,0.332176,fail_lower,0.667824,-0.335648,overlap,0.0,3.488158
cntvaluein3_locked_only,direct,direct_max__idelay_data_cntvaluein__lane0__dq2__ctrl_3__endpoint__value_ps,direct_max,idelay_data_cntvaluein,lane0,dq2,3,endpoint,27,16,1452.0,2107.0,2690.0,1319.0,1924.5,2246.0,-182.5,0.334491,fail_lower,0.665509,-0.331019,overlap,0.0,3.440045
cntvaluein3_locked_only,skew,signed_dqs_minus_dq_bit__idelay_cntvaluein_skew__lane1__dq14__ctrl_2__dqs_vs_dq_bit__value_ps,signed_dqs_minus_dq_bit,idelay_cntvaluein_skew,lane1,dq14,2,dqs_vs_dq_bit,27,16,-834.0,-13.0,1072.0,-813.0,-151.0,383.0,-138.0,0.335648,fail_lower,0.664352,-0.328704,overlap,0.0,3.415989
cntvaluein3_locked_only,skew,abs_dqs_minus_dq_bit__idelay_cntvaluein_skew__lane1__dq10__ctrl_4__dqs_vs_dq_bit__value_ps,abs_dqs_minus_dq_bit,idelay_cntvaluein_skew,lane1,dq10,4,dqs_vs_dq_bit,27,16,11.0,314.0,862.0,5.0,213.5,564.0,-100.5,0.335648,fail_lower,0.664352,-0.328704,overlap,0.0,3.415989
cntvaluein3_locked_only,skew,abs_ld_dqs_minus_dq_median__idelay_ld_skew__lane1__dqs1__ctrl_none__dqs_vs_dq_lane__value_ps,abs_ld_dqs_minus_dq_median,idelay_ld_skew,lane1,dqs1,,dqs_vs_dq_lane,27,16,7.0,95.0,249.0,30.0,166.25,469.0,71.25,0.66088,fail_higher,0.66088,0.321759,overlap,0.0,3.34382
cntvaluein3_locked_only,skew,signed_dqs_minus_dq_bit__idelay_cntvaluein_skew__lane1__dq14__ctrl_0__dqs_vs_dq_bit__value_ps,signed_dqs_minus_dq_bit,idelay_cntvaluein_skew,lane1,dq14,0,dqs_vs_dq_bit,27,16,-669.0,-41.0,855.0,-847.0,-204.5,552.0,-163.5,0.342593,fail_lower,0.657407,-0.314815,overlap,0.0,3.271652
cntvaluein3_locked_only,skew,abs_dqs_minus_dq_bit__idelay_cntvaluein_skew__lane1__dq10__ctrl_3__dqs_vs_dq_bit__value_ps,abs_dqs_minus_dq_bit,idelay_cntvaluein_skew,lane1,dq10,3,dqs_vs_dq_bit,27,16,14.0,199.0,633.0,24.0,313.0,939.0,114.0,0.657407,fail_higher,0.657407,0.314815,overlap,0.0,3.271652
cntvaluein3_locked_only,direct,cntvaluein_bus_skew__idelay_data_cntvaluein__lane0__dq4__ctrl_none__dq4__value_ps,cntvaluein_bus_skew,idelay_data_cntvaluein,lane0,dq4,,dq4,27,16,291.0,922.0,1695.0,319.0,710.0,1144.0,-212.0,0.344907,fail_lower,0.655093,-0.310185,overlap,0.0,3.223539
cntvaluein3_locked_only,direct,direct_max__idelay_ld__lane0__dq2__ctrl_none__endpoint__value_ps,direct_max,idelay_ld,lane0,dq2,,endpoint,27,16,1116.0,1534.0,1991.0,1139.0,1387.5,1705.0,-146.5,0.344907,fail_lower,0.655093,-0.310185,overlap,0.0,3.223539
cntvaluein3_locked_only,direct,direct_max__reset_release__all__no_bit__ctrl_none__endpoint__value_ps,direct_max,reset_release,all,,,endpoint,27,16,407.0,675.0,1215.0,495.0,742.0,1095.0,67.0,0.653935,fail_higher,0.653935,0.30787,overlap,0.0,3.199483
cntvaluein3_locked_only,direct,lane_spread__reset_release__all__no_bit__ctrl_none__lane__value_ps,lane_spread,reset_release,all,,,lane,27,16,407.0,675.0,1215.0,495.0,742.0,1095.0,67.0,0.653935,fail_higher,0.653935,0.30787,overlap,0.0,3.199483
cntvaluein3_locked_only,direct,control_fanout_spread__idelay_data_cntvaluein__lane1__no_bit__ctrl_2__lane_control_bit__value_ps,control_fanout_spread,idelay_data_cntvaluein,lane1,,2,lane_control_bit,27,16,177.0,342.0,878.0,196.0,490.5,890.0,148.5,0.652778,fail_higher,0.652778,0.305556,overlap,0.0,3.175426
cntvaluein3_locked_only,skew,dq_lane_range__idelay_cntvaluein_skew__lane1__no_bit__ctrl_2__dq_lane__value_ps,dq_lane_range,idelay_cntvaluein_skew,lane1,,2,dq_lane,27,16,177.0,342.0,878.0,196.0,490.5,890.0,148.5,0.652778,fail_higher,0.652778,0.305556,overlap,0.0,3.175426
cntvaluein3_locked_only,direct,direct_max__idelay_data_cntvaluein__lane0__dq0__ctrl_3__endpoint__value_ps,direct_max,idelay_data_cntvaluein,lane0,dq0,3,endpoint,27,16,1274.0,2023.0,2483.0,1230.0,1907.5,2134.0,-115.5,0.347222,fail_lower,0.652778,-0.305556,overlap,0.0,3.175426
cntvaluein3_locked_only,direct,direct_max__idelay_data_cntvaluein__lane0__dq3__ctrl_3__endpoint__value_ps,direct_max,idelay_data_cntvaluein,lane0,dq3,3,endpoint,27,16,1409.0,1876.0,2295.0,1151.0,1776.5,1953.0,-99.5,0.347222,fail_lower,0.652778,-0.305556,overlap,0.0,3.175426
cntvaluein3_locked_only,direct,lane_spread__idelay_ld__lane1__no_bit__ctrl_none__lane__value_ps,lane_spread,idelay_ld,lane1,,,lane,27,16,177.0,332.0,535.0,256.0,374.0,626.0,42.0,0.65162,fail_higher,0.65162,0.303241,overlap,0.0,3.15137
cntvaluein3_locked_only,skew,signed_dqs_minus_dq_bit__idelay_cntvaluein_skew__lane1__dq13__ctrl_0__dqs_vs_dq_bit__value_ps,signed_dqs_minus_dq_bit,idelay_cntvaluein_skew,lane1,dq13,0,dqs_vs_dq_bit,27,16,-577.0,64.0,1016.0,-934.0,-101.0,656.0,-165.0,0.349537,fail_lower,0.650463,-0.300926,overlap,0.0,3.127314
cntvaluein3_locked_only,skew,signed_dqs_minus_dq_bit__idelay_cntvaluein_skew__lane1__dq10__ctrl_2__dqs_vs_dq_bit__value_ps,signed_dqs_minus_dq_bit,idelay_cntvaluein_skew,lane1,dq10,2,dqs_vs_dq_bit,27,16,-798.0,28.0,920.0,-939.0,-74.0,308.0,-102.0,0.350694,fail_lower,0.649306,-0.298611,overlap,0.0,3.103258
cntvaluein3_locked_only,skew,abs_dqs_minus_dq_bit__idelay_cntvaluein_skew__lane0__dq1__ctrl_1__dqs_vs_dq_bit__value_ps,abs_dqs_minus_dq_bit,idelay_cntvaluein_skew,lane0,dq1,1,dqs_vs_dq_bit,27,16,22.0,301.0,1089.0,9.0,138.0,885.0,-163.0,0.353009,fail_lower,0.646991,-0.293981,overlap,0.0,3.055145
cntvaluein3_locked_only,skew,abs_dqs_minus_dq_bit__idelay_cntvaluein_skew__lane0__dq6__ctrl_1__dqs_vs_dq_bit__value_ps,abs_dqs_minus_dq_bit,idelay_cntvaluein_skew,lane0,dq6,1,dqs_vs_dq_bit,27,16,8.0,326.0,1275.0,27.0,172.5,1036.0,-153.5,0.356481,fail_lower,0.643519,-0.287037,overlap,0.0,2.982976
cntvaluein3_locked_only,skew,signed_dqs_minus_dq_median__idelay_cntvaluein_skew__lane1__dqs1__ctrl_2__dqs_vs_dq_lane__value_ps,signed_dqs_minus_dq_median,idelay_cntvaluein_skew,lane1,dqs1,2,dqs_vs_dq_lane,27,16,-853.0,103.0,1070.0,-816.0,-11.75,531.5,-114.75,0.356481,fail_lower,0.643519,-0.287037,overlap,0.0,2.982976
cntvaluein3_locked_only,skew,signed_dqs_minus_dq_median__idelay_cntvaluein_skew__lane1__dqs1__ctrl_0__dqs_vs_dq_lane__value_ps,signed_dqs_minus_dq_median,idelay_cntvaluein_skew,lane1,dqs1,0,dqs_vs_dq_lane,27,16,-607.5,10.0,1021.5,-834.5,-102.0,633.0,-112.0,0.356481,fail_lower,0.643519,-0.287037,overlap,0.0,2.982976
cntvaluein3_locked_only,direct,direct_max__idelay_data_cntvaluein__lane0__dq4__ctrl_3__endpoint__value_ps,direct_max,idelay_data_cntvaluein,lane0,dq4,3,endpoint,27,16,1327.0,2078.0,2687.0,1233.0,2034.5,2236.0,-43.5,0.356481,fail_lower,0.643519,-0.287037,overlap,0.0,2.982976
cntvaluein3_locked_only,direct,lane_spread__idelay_data_cntvaluein__lane0__no_bit__ctrl_none__lane__value_ps,lane_spread,idelay_data_cntvaluein,lane0,,,lane,27,16,719.0,1300.0,1853.0,772.0,1083.5,1563.0,-216.5,0.358796,fail_lower,0.641204,-0.282407,overlap,0.0,2.934864
cntvaluein3_locked_only,skew,signed_dqs_minus_dq_bit__idelay_cntvaluein_skew__lane1__dq11__ctrl_0__dqs_vs_dq_bit__value_ps,signed_dqs_minus_dq_bit,idelay_cntvaluein_skew,lane1,dq11,0,dqs_vs_dq_bit,27,16,-540.0,60.0,1075.0,-850.0,-56.0,644.0,-116.0,0.358796,fail_lower,0.641204,-0.282407,overlap,0.0,2.934864
cntvaluein3_locked_only,skew,signed_lane1_minus_lane0_dq_median__idelay_cntvaluein_skew__all__no_bit__ctrl_2__lane1_vs_lane0_dq__value_ps,signed_lane1_minus_lane0_dq_median,idelay_cntvaluein_skew,all,,2,lane1_vs_lane0_dq,27,16,-631.5,-318.5,142.5,-428.0,-271.0,297.5,47.5,0.641204,fail_higher,0.641204,0.282407,overlap,0.0,2.934864
cntvaluein3_locked_only,direct,cntvaluein_bus_skew__idelay_data_cntvaluein__lane0__dq0__ctrl_none__dq0__value_ps,cntvaluein_bus_skew,idelay_data_cntvaluein,lane0,dq0,,dq0,27,16,341.0,860.0,1589.0,302.0,635.5,1339.0,-224.5,0.359954,fail_lower,0.640046,-0.280093,overlap,0.0,2.910808
cntvaluein3_locked_only,skew,signed_dqs_minus_dq_bit__idelay_cntvaluein_skew__lane1__dq12__ctrl_2__dqs_vs_dq_bit__value_ps,signed_dqs_minus_dq_bit,idelay_cntvaluein_skew,lane1,dq12,2,dqs_vs_dq_bit,27,16,-744.0,26.0,984.0,-885.0,-43.5,390.0,-69.5,0.359954,fail_lower,0.640046,-0.280093,overlap,0.0,2.910808
cntvaluein3_locked_only,skew,abs_lane1_minus_lane0_dqs__idelay_cntvaluein_skew__all__no_bit__ctrl_4__lane1_vs_lane0_dqs__value_ps,abs_lane1_minus_lane0_dqs,idelay_cntvaluein_skew,all,,4,lane1_vs_lane0_dqs,27,16,51.0,332.0,582.0,15.0,275.0,450.0,-57.0,0.359954,fail_lower,0.640046,-0.280093,overlap,0.0,2.910808
cntvaluein3_locked_only,direct,direct_max__idelay_dqs_cntvaluein__lane1__dqs1__ctrl_2__endpoint__value_ps,direct_max,idelay_dqs_cntvaluein,lane1,dqs1,2,endpoint,27,16,527.0,1325.0,1845.0,644.0,1068.5,1597.0,-256.5,0.361111,fail_lower,0.638889,-0.277778,overlap,0.0,2.886751
cntvaluein3_locked_only,skew,abs_dqs_minus_dq_bit__idelay_cntvaluein_skew__lane0__dq5__ctrl_1__dqs_vs_dq_bit__value_ps,abs_dqs_minus_dq_bit,idelay_cntvaluein_skew,lane0,dq5,1,dqs_vs_dq_bit,27,16,19.0,378.0,980.0,2.0,193.5,1298.0,-184.5,0.361111,fail_lower,0.638889,-0.277778,overlap,0.0,2.886751
cntvaluein3_locked_only,direct,direct_max__idelay_data_cntvaluein__lane0__dq5__ctrl_3__endpoint__value_ps,direct_max,idelay_data_cntvaluein,lane0,dq5,3,endpoint,27,16,1411.0,1873.0,2380.0,1235.0,1818.5,2015.0,-54.5,0.361111,fail_lower,0.638889,-0.277778,overlap,0.0,2.886751
cntvaluein3_locked_only,skew,signed_lane1_minus_lane0_dq_median__idelay_cntvaluein_skew__all__no_bit__ctrl_3__lane1_vs_lane0_dq__value_ps,signed_lane1_minus_lane0_dq_median,idelay_cntvaluein_skew,all,,3,lane1_vs_lane0_dq,27,16,-614.0,-303.5,-25.5,-549.0,-228.0,106.0,75.5,0.637731,fail_higher,0.637731,0.275463,overlap,0.0,2.862695
cntvaluein3_locked_only,direct,cntvaluein_bus_skew__idelay_data_cntvaluein__lane0__dq1__ctrl_none__dq1__value_ps,cntvaluein_bus_skew,idelay_data_cntvaluein,lane0,dq1,,dq1,27,16,285.0,852.0,1587.0,398.0,709.5,1336.0,-142.5,0.363426,fail_lower,0.636574,-0.273148,overlap,0.0,2.838639
cntvaluein3_locked_only,skew,abs_dqs_minus_dq_median__idelay_cntvaluein_skew__lane1__dqs1__ctrl_2__dqs_vs_dq_lane__value_ps,abs_dqs_minus_dq_median,idelay_cntvaluein_skew,lane1,dqs1,2,dqs_vs_dq_lane,27,16,18.0,296.5,1070.0,4.0,214.25,816.0,-82.25,0.363426,fail_lower,0.636574,-0.273148,overlap,0.0,2.838639
cntvaluein3_locked_only,skew,signed_dqs_bus_skew_minus_dq_median__idelay_cntvaluein_skew__lane0__dqs0__ctrl_none__dqs_vs_dq_bus_skew__value_ps,signed_dqs_bus_skew_minus_dq_median,idelay_cntvaluein_skew,lane0,dqs0,,dqs_vs_dq_bus_skew,27,16,-985.0,-191.5,768.5,-615.5,71.75,726.0,263.25,0.634259,fail_higher,0.634259,0.268519,overlap,0.0,2.790526
cntvaluein3_locked_only,skew,signed_dqs_minus_dq_bit__idelay_cntvaluein_skew__lane0__dq5__ctrl_2__dqs_vs_dq_bit__value_ps,signed_dqs_minus_dq_bit,idelay_cntvaluein_skew,lane0,dq5,2,dqs_vs_dq_bit,27,16,-754.0,257.0,1078.0,-899.0,13.0,708.0,-244.0,0.366898,fail_lower,0.633102,-0.266204,overlap,0.0,2.76647
cntvaluein3_locked_only,direct,cntvaluein_bus_skew__idelay_data_cntvaluein__lane0__dq2__ctrl_none__dq2__value_ps,cntvaluein_bus_skew,idelay_data_cntvaluein,lane0,dq2,,dq2,27,16,242.0,924.0,1483.0,398.0,822.5,1381.0,-101.5,0.366898,fail_lower,0.633102,-0.266204,overlap,0.0,2.76647
cntvaluein3_locked_only,direct,cntvaluein_bus_skew__idelay_data_cntvaluein__lane1__dq8__ctrl_none__dq8__value_ps,cntvaluein_bus_skew,idelay_data_cntvaluein,lane1,dq8,,dq8,27,16,216.0,964.0,1513.0,396.0,694.0,1198.0,-270.0,0.37037,fail_lower,0.62963,-0.259259,overlap,0.0,2.694301
cntvaluein3_locked_only,skew,abs_lane1_minus_lane0_dqs__idelay_cntvaluein_skew__all__no_bit__ctrl_3__lane1_vs_lane0_dqs__value_ps,abs_lane1_minus_lane0_dqs,idelay_cntvaluein_skew,all,,3,lane1_vs_lane0_dqs,27,16,74.0,284.0,574.0,21.0,268.0,464.0,-16.0,0.37037,fail_lower,0.62963,-0.259259,overlap,0.0,2.694301
cntvaluein3_locked_only,skew,abs_dqs_minus_dq_bit__idelay_cntvaluein_skew__lane0__dq5__ctrl_2__dqs_vs_dq_bit__value_ps,abs_dqs_minus_dq_bit,idelay_cntvaluein_skew,lane0,dq5,2,dqs_vs_dq_bit,27,16,27.0,378.0,1078.0,13.0,250.5,899.0,-127.5,0.371528,fail_lower,0.628472,-0.256944,overlap,0.0,2.670245
cntvaluein3_locked_only,skew,abs_dqs_minus_dq_bit__idelay_cntvaluein_skew__lane1__dq15__ctrl_2__dqs_vs_dq_bit__value_ps,abs_dqs_minus_dq_bit,idelay_cntvaluein_skew,lane1,dq15,2,dqs_vs_dq_bit,27,16,3.0,390.0,1219.0,0.0,279.5,823.0,-110.5,0.371528,fail_lower,0.628472,-0.256944,overlap,0.0,2.670245
cntvaluein3_locked_only,skew,signed_dqs_minus_dq_bit__idelay_cntvaluein_skew__lane1__dq9__ctrl_2__dqs_vs_dq_bit__value_ps,signed_dqs_minus_dq_bit,idelay_cntvaluein_skew,lane1,dq9,2,dqs_vs_dq_bit,27,16,-985.0,306.0,1287.0,-385.0,181.0,801.0,-125.0,0.372685,fail_lower,0.627315,-0.25463,overlap,0.0,2.646189
cntvaluein3_locked_only,direct,direct_max__idelay_ld__lane1__dq9__ctrl_none__endpoint__value_ps,direct_max,idelay_ld,lane1,dq9,,endpoint,27,16,763.0,1220.0,1580.0,732.0,1099.0,1559.0,-121.0,0.372685,fail_lower,0.627315,-0.25463,overlap,0.0,2.646189
cntvaluein3_locked_only,skew,signed_dqs_minus_dq_bit__idelay_cntvaluein_skew__lane1__dq11__ctrl_2__dqs_vs_dq_bit__value_ps,signed_dqs_minus_dq_bit,idelay_cntvaluein_skew,lane1,dq11,2,dqs_vs_dq_bit,27,16,-978.0,130.0,1068.0,-943.0,21.5,699.0,-108.5,0.372685,fail_lower,0.627315,-0.25463,overlap,0.0,2.646189
cntvaluein3_locked_only,skew,signed_dqs_minus_dq_bit__idelay_cntvaluein_skew__lane1__dq13__ctrl_2__dqs_vs_dq_bit__value_ps,signed_dqs_minus_dq_bit,idelay_cntvaluein_skew,lane1,dq13,2,dqs_vs_dq_bit,27,16,-694.0,148.0,1059.0,-821.0,90.0,708.0,-58.0,0.372685,fail_lower,0.627315,-0.25463,overlap,0.0,2.646189
cntvaluein3_locked_only,skew,abs_dqs_minus_dq_median__idelay_cntvaluein_skew__lane0__dqs0__ctrl_2__dqs_vs_dq_lane__value_ps,abs_dqs_minus_dq_median,idelay_cntvaluein_skew,lane0,dqs0,2,dqs_vs_dq_lane,27,16,45.5,407.5,919.0,40.5,210.0,888.5,-197.5,0.373843,fail_lower,0.626157,-0.252315,overlap,0.0,2.622132
cntvaluein3_locked_only,direct,direct_max__idelay_data_cntvaluein__lane1__dq9__ctrl_3__endpoint__value_ps,direct_max,idelay_data_cntvaluein,lane1,dq9,3,endpoint,27,16,1131.0,1552.0,2023.0,1233.0,1455.5,1809.0,-96.5,0.373843,fail_lower,0.626157,-0.252315,overlap,0.0,2.622132
cntvaluein3_locked_only,direct,direct_max__idelay_data_cntvaluein__lane1__dq15__ctrl_3__endpoint__value_ps,direct_max,idelay_data_cntvaluein,lane1,dq15,3,endpoint,27,16,1046.0,1503.0,1932.0,1149.0,1469.0,1718.0,-34.0,0.373843,fail_lower,0.626157,-0.252315,overlap,0.0,2.622132
cntvaluein3_locked_only,skew,abs_dqs_minus_dq_bit__idelay_cntvaluein_skew__lane1__dq13__ctrl_4__dqs_vs_dq_bit__value_ps,abs_dqs_minus_dq_bit,idelay_cntvaluein_skew,lane1,dq13,4,dqs_vs_dq_bit,27,16,68.0,356.0,825.0,18.0,223.0,703.0,-133.0,0.375,fail_lower,0.625,-0.25,overlap,0.0,2.598076
cntvaluein3_locked_only,skew,abs_dqs_minus_dq_median__idelay_cntvaluein_skew__lane0__dqs0__ctrl_1__dqs_vs_dq_lane__value_ps,abs_dqs_minus_dq_median,idelay_cntvaluein_skew,lane0,dqs0,1,dqs_vs_dq_lane,27,16,23.5,329.5,1134.5,17.0,204.25,1014.5,-125.25,0.375,fail_lower,0.625,-0.25,overlap,0.0,2.598076
cntvaluein3_locked_only,skew,signed_dqs_minus_dq_bit__idelay_cntvaluein_skew__lane1__dq12__ctrl_0__dqs_vs_dq_bit__value_ps,signed_dqs_minus_dq_bit,idelay_cntvaluein_skew,lane1,dq12,0,dqs_vs_dq_bit,27,16,-638.0,-51.0,807.0,-876.0,-169.0,472.0,-118.0,0.375,fail_lower,0.625,-0.25,overlap,0.0,2.598076
cntvaluein3_locked_only,direct,cntvaluein_bus_skew__idelay_data_cntvaluein__lane0__dq7__ctrl_none__dq7__value_ps,cntvaluein_bus_skew,idelay_data_cntvaluein,lane0,dq7,,dq7,27,16,228.0,844.0,1441.0,377.0,737.0,1387.0,-107.0,0.375,fail_lower,0.625,-0.25,overlap,0.0,2.598076
cntvaluein3_locked_only,skew,abs_lane1_minus_lane0_dq_median__idelay_cntvaluein_skew__all__no_bit__ctrl_0__lane1_vs_lane0_dq__value_ps,abs_lane1_minus_lane0_dq_median,idelay_cntvaluein_skew,all,,0,lane1_vs_lane0_dq,27,16,92.0,356.0,623.5,8.5,269.0,724.5,-87.0,0.375,fail_lower,0.625,-0.25,overlap,0.0,2.598076
cntvaluein3_locked_only,skew,abs_dqs_minus_dq_bit__idelay_cntvaluein_skew__lane1__dq10__ctrl_0__dqs_vs_dq_bit__value_ps,abs_dqs_minus_dq_bit,idelay_cntvaluein_skew,lane1,dq10,0,dqs_vs_dq_bit,27,16,19.0,277.0,1027.0,6.0,221.0,810.0,-56.0,0.375,fail_lower,0.625,-0.25,overlap,0.0,2.598076
cntvaluein3_locked_only,direct,direct_max__idelay_data_cntvaluein__lane0__dq5__ctrl_2__endpoint__value_ps,direct_max,idelay_data_cntvaluein,lane0,dq5,2,endpoint,27,16,754.0,1187.0,1845.0,879.0,1426.5,2170.0,239.5,0.622685,fail_higher,0.622685,0.24537,overlap,0.0,2.549964
cntvaluein3_locked_only,direct,direct_max__idelay_ld__lane0__dq4__ctrl_none__endpoint__value_ps,direct_max,idelay_ld,lane0,dq4,,endpoint,27,16,1057.0,1618.0,2295.0,1139.0,1472.5,1922.0,-145.5,0.377315,fail_lower,0.622685,-0.24537,overlap,0.0,2.549964
cntvaluein3_locked_only,direct,direct_max__dq_iologic__lane0__dq7__ctrl_none__endpoint__value_ps,direct_max,dq_iologic,lane0,dq7,,endpoint,27,16,1945.0,2474.0,3318.0,1929.0,2295.5,3447.0,-178.5,0.378472,fail_lower,0.621528,-0.243056,overlap,0.0,2.525907
cntvaluein3_locked_only,skew,abs_dqs_minus_dq_bit__idelay_cntvaluein_skew__lane0__dq3__ctrl_4__dqs_vs_dq_bit__value_ps,abs_dqs_minus_dq_bit,idelay_cntvaluein_skew,lane0,dq3,4,dqs_vs_dq_bit,27,16,22.0,268.0,1036.0,31.0,226.5,599.0,-41.5,0.378472,fail_lower,0.621528,-0.243056,overlap,0.0,2.525907
cntvaluein3_locked_only,skew,signed_dqs_minus_dq_bit__idelay_cntvaluein_skew__lane0__dq3__ctrl_0__dqs_vs_dq_bit__value_ps,signed_dqs_minus_dq_bit,idelay_cntvaluein_skew,lane0,dq3,0,dqs_vs_dq_bit,27,16,-875.0,68.0,982.0,-785.0,66.5,573.0,-1.5,0.378472,fail_lower,0.621528,-0.243056,overlap,0.0,2.525907
cntvaluein3_locked_only,direct,cntvaluein_bus_skew__idelay_data_cntvaluein__lane1__dq12__ctrl_none__dq12__value_ps,cntvaluein_bus_skew,idelay_data_cntvaluein,lane1,dq12,,dq12,27,16,239.0,924.0,1459.0,380.0,703.5,1170.0,-220.5,0.37963,fail_lower,0.62037,-0.240741,overlap,0.0,2.501851
cntvaluein3_locked_only,direct,direct_max__dq_iologic__lane1__dq11__ctrl_none__endpoint__value_ps,direct_max,dq_iologic,lane1,dq11,,endpoint,27,16,1817.0,2295.0,2877.0,2055.0,2411.0,2986.0,116.0,0.62037,fail_higher,0.62037,0.240741,overlap,0.0,2.501851
cntvaluein3_locked_only,skew,ld_dq_lane_range__idelay_ld_skew__lane1__no_bit__ctrl_none__dq_lane__value_ps,ld_dq_lane_range,idelay_ld_skew,lane1,,,dq_lane,27,16,177.0,310.0,535.0,107.0,374.0,626.0,64.0,0.62037,fail_higher,0.62037,0.240741,overlap,0.0,2.501851
cntvaluein3_locked_only,skew,signed_lane1_minus_lane0_dqs__idelay_cntvaluein_skew__all__no_bit__ctrl_3__lane1_vs_lane0_dqs__value_ps,signed_lane1_minus_lane0_dqs,idelay_cntvaluein_skew,all,,3,lane1_vs_lane0_dqs,27,16,-574.0,-284.0,139.0,-464.0,-268.0,21.0,16.0,0.62037,fail_higher,0.62037,0.240741,overlap,0.0,2.501851
cntvaluein3_locked_only,direct,direct_max__idelay_data_cntvaluein__lane1__dq8__ctrl_2__endpoint__value_ps,direct_max,idelay_data_cntvaluein,lane1,dq8,2,endpoint,27,16,444.0,1154.0,1896.0,666.0,1397.5,1884.0,243.5,0.619213,fail_higher,0.619213,0.238426,overlap,0.0,2.477795
cntvaluein3_locked_only,direct,direct_max__idelay_data_cntvaluein__lane0__dq7__ctrl_3__endpoint__value_ps,direct_max,idelay_data_cntvaluein,lane0,dq7,3,endpoint,27,16,1498.0,2069.0,2780.0,1327.0,1966.5,2336.0,-102.5,0.380787,fail_lower,0.619213,-0.238426,overlap,0.0,2.477795
cntvaluein3_locked_only,skew,abs_dqs_minus_dq_bit__idelay_cntvaluein_skew__lane0__dq4__ctrl_2__dqs_vs_dq_bit__value_ps,abs_dqs_minus_dq_bit,idelay_cntvaluein_skew,lane0,dq4,2,dqs_vs_dq_bit,27,16,13.0,423.0,974.0,13.0,340.5,887.0,-82.5,0.380787,fail_lower,0.619213,-0.238426,overlap,0.0,2.477795
cntvaluein3_locked_only,skew,abs_lane1_minus_lane0_dq_median__idelay_cntvaluein_skew__all__no_bit__ctrl_3__lane1_vs_lane0_dq__value_ps,abs_lane1_minus_lane0_dq_median,idelay_cntvaluein_skew,all,,3,lane1_vs_lane0_dq,27,16,25.5,303.5,614.0,73.5,228.0,549.0,-75.5,0.380787,fail_lower,0.619213,-0.238426,overlap,0.0,2.477795
cntvaluein3_locked_only,skew,abs_dqs_minus_dq_bit__idelay_cntvaluein_skew__lane0__dq0__ctrl_2__dqs_vs_dq_bit__value_ps,abs_dqs_minus_dq_bit,idelay_cntvaluein_skew,lane0,dq0,2,dqs_vs_dq_bit,27,16,46.0,417.0,1097.0,10.0,265.0,883.0,-152.0,0.381944,fail_lower,0.618056,-0.236111,overlap,0.0,2.453739
cntvaluein3_locked_only,skew,signed_lane1_minus_lane0_dq_median__idelay_cntvaluein_skew__all__no_bit__ctrl_0__lane1_vs_lane0_dq__value_ps,signed_lane1_minus_lane0_dq_median,idelay_cntvaluein_skew,all,,0,lane1_vs_lane0_dq,27,16,-623.5,-356.0,92.0,-724.5,-269.0,19.0,87.0,0.618056,fail_higher,0.618056,0.236111,overlap,0.0,2.453739
cntvaluein3_locked_only,skew,abs_dqs_minus_dq_bit__idelay_cntvaluein_skew__lane0__dq2__ctrl_1__dqs_vs_dq_bit__value_ps,abs_dqs_minus_dq_bit,idelay_cntvaluein_skew,lane0,dq2,1,dqs_vs_dq_bit,27,16,16.0,235.0,1181.0,28.0,232.0,993.0,-3.0,0.381944,fail_lower,0.618056,-0.236111,overlap,0.0,2.453739
cntvaluein3_locked_only,direct,direct_max__idelay_data_cntvaluein__lane1__dq11__ctrl_3__endpoint__value_ps,direct_max,idelay_data_cntvaluein,lane1,dq11,3,endpoint,27,16,1261.0,1628.0,2124.0,1184.0,1546.5,1845.0,-81.5,0.383102,fail_lower,0.616898,-0.233796,overlap,0.0,2.429682
cntvaluein3_locked_only,skew,abs_dqs_minus_dq_bit__idelay_cntvaluein_skew__lane1__dq9__ctrl_4__dqs_vs_dq_bit__value_ps,abs_dqs_minus_dq_bit,idelay_cntvaluein_skew,lane1,dq9,4,dqs_vs_dq_bit,27,16,33.0,316.0,956.0,88.0,267.5,650.0,-48.5,0.384259,fail_lower,0.615741,-0.231481,overlap,0.0,2.405626
cntvaluein3_locked_only,skew,signed_lane1_minus_lane0_dqs__idelay_cntvaluein_skew__all__no_bit__ctrl_4__lane1_vs_lane0_dqs__value_ps,signed_lane1_minus_lane0_dqs,idelay_cntvaluein_skew,all,,4,lane1_vs_lane0_dqs,27,16,-582.0,-301.0,342.0,-450.0,-275.0,23.0,26.0,0.614583,fail_higher,0.614583,0.229167,overlap,0.0,2.38157
cntvaluein3_locked_only,skew,abs_dqs_minus_dq_bit__idelay_cntvaluein_skew__lane0__dq7__ctrl_1__dqs_vs_dq_bit__value_ps,abs_dqs_minus_dq_bit,idelay_cntvaluein_skew,lane0,dq7,1,dqs_vs_dq_bit,27,16,11.0,423.0,1273.0,2.0,251.0,1048.0,-172.0,0.386574,fail_lower,0.613426,-0.226852,overlap,0.0,2.357514
cntvaluein3_locked_only,direct,direct_max__idelay_data_cntvaluein__lane1__dq14__ctrl_0__endpoint__value_ps,direct_max,idelay_data_cntvaluein,lane1,dq14,0,endpoint,27,16,456.0,1192.0,1947.0,722.0,1275.0,1794.0,83.0,0.613426,fail_higher,0.613426,0.226852,overlap,0.0,2.357514
cntvaluein3_locked_only,skew,abs_lane1_minus_lane0_dq_median__idelay_cntvaluein_skew__all__no_bit__ctrl_2__lane1_vs_lane0_dq__value_ps,abs_lane1_minus_lane0_dq_median,idelay_cntvaluein_skew,all,,2,lane1_vs_lane0_dq,27,16,12.0,318.5,631.5,2.0,281.0,428.0,-37.5,0.386574,fail_lower,0.613426,-0.226852,overlap,0.0,2.357514
cntvaluein3_locked_only,skew,abs_dqs_minus_dq_bit__idelay_cntvaluein_skew__lane1__dq11__ctrl_4__dqs_vs_dq_bit__value_ps,abs_dqs_minus_dq_bit,idelay_cntvaluein_skew,lane1,dq11,4,dqs_vs_dq_bit,27,16,5.0,321.0,913.0,5.0,209.0,649.0,-112.0,0.387731,fail_lower,0.612269,-0.224537,overlap,0.0,2.333457
cntvaluein3_locked_only,skew,abs_dqs_minus_dq_bit__idelay_cntvaluein_skew__lane0__dq7__ctrl_2__dqs_vs_dq_bit__value_ps,abs_dqs_minus_dq_bit,idelay_cntvaluein_skew,lane0,dq7,2,dqs_vs_dq_bit,27,16,23.0,439.0,882.0,26.0,250.5,981.0,-188.5,0.388889,fail_lower,0.611111,-0.222222,overlap,0.0,2.309401
cntvaluein3_locked_only,skew,signed_dqs_minus_dq_bit__idelay_cntvaluein_skew__lane1__dq15__ctrl_2__dqs_vs_dq_bit__value_ps,signed_dqs_minus_dq_bit,idelay_cntvaluein_skew,lane1,dq15,2,dqs_vs_dq_bit,27,16,-906.0,325.0,1219.0,-614.0,193.5,823.0,-131.5,0.388889,fail_lower,0.611111,-0.222222,overlap,0.0,2.309401
cntvaluein3_locked_only,direct,cntvaluein_bus_skew__idelay_data_cntvaluein__lane0__dq6__ctrl_none__dq6__value_ps,cntvaluein_bus_skew,idelay_data_cntvaluein,lane0,dq6,,dq6,27,16,382.0,865.0,1412.0,401.0,793.0,1425.0,-72.0,0.388889,fail_lower,0.611111,-0.222222,overlap,0.0,2.309401
cntvaluein3_locked_only,direct,direct_max__idelay_data_cntvaluein__lane0__dq1__ctrl_3__endpoint__value_ps,direct_max,idelay_data_cntvaluein,lane0,dq1,3,endpoint,27,16,1358.0,2036.0,2596.0,1149.0,1980.0,2190.0,-56.0,0.388889,fail_lower,0.611111,-0.222222,overlap,0.0,2.309401
cntvaluein3_locked_only,skew,abs_dqs_minus_dq_bit__idelay_cntvaluein_skew__lane0__dq2__ctrl_2__dqs_vs_dq_bit__value_ps,abs_dqs_minus_dq_bit,idelay_cntvaluein_skew,lane0,dq2,2,dqs_vs_dq_bit,27,16,34.0,425.0,997.0,23.0,232.5,890.0,-192.5,0.390046,fail_lower,0.609954,-0.219907,overlap,0.0,2.285345
cntvaluein3_locked_only,skew,abs_ld_minus_cntvaluein_dq_median__idelay_ld_cntvaluein_skew__lane0__no_bit__ctrl_3__ld_vs_cntvaluein_dq_lane__value_ps,abs_ld_minus_cntvaluein_dq_median,idelay_ld_cntvaluein_skew,lane0,,3,ld_vs_cntvaluein_dq_lane,27,16,13.5,558.5,1097.5,38.5,397.0,789.0,-161.5,0.391204,fail_lower,0.608796,-0.217593,overlap,0.0,2.261289
cntvaluein3_locked_only,skew,abs_dqs_minus_dq_bit__idelay_cntvaluein_skew__lane1__dq10__ctrl_2__dqs_vs_dq_bit__value_ps,abs_dqs_minus_dq_bit,idelay_cntvaluein_skew,lane1,dq10,2,dqs_vs_dq_bit,27,16,11.0,355.0,920.0,17.0,242.5,939.0,-112.5,0.391204,fail_lower,0.608796,-0.217593,overlap,0.0,2.261289
cntvaluein3_locked_only,skew,signed_idelayctrl_minus_reset_release__startup_relative_skew__all__no_bit__ctrl_none__idelayctrl_vs_reset__value_ps,signed_idelayctrl_minus_reset_release,startup_relative_skew,all,,,idelayctrl_vs_reset,27,16,492.0,1960.0,2337.0,981.0,1778.0,2160.0,-182.0,0.392361,fail_lower,0.607639,-0.215278,overlap,0.0,2.237232
cntvaluein3_locked_only,skew,abs_idelayctrl_minus_reset_release__startup_relative_skew__all__no_bit__ctrl_none__idelayctrl_vs_reset__value_ps,abs_idelayctrl_minus_reset_release,startup_relative_skew,all,,,idelayctrl_vs_reset,27,16,492.0,1960.0,2337.0,981.0,1778.0,2160.0,-182.0,0.392361,fail_lower,0.607639,-0.215278,overlap,0.0,2.237232
cntvaluein3_locked_only,direct,direct_max__idelay_data_cntvaluein__lane1__dq8__ctrl_0__endpoint__value_ps,direct_max,idelay_data_cntvaluein,lane1,dq8,0,endpoint,27,16,587.0,1289.0,2032.0,550.0,1314.0,1878.0,25.0,0.607639,fail_higher,0.607639,0.215278,overlap,0.0,2.237232
cntvaluein3_locked_only,skew,signed_dqs_minus_dq_bit__idelay_cntvaluein_skew__lane0__dq5__ctrl_0__dqs_vs_dq_bit__value_ps,signed_dqs_minus_dq_bit,idelay_cntvaluein_skew,lane0,dq5,0,dqs_vs_dq_bit,27,16,-794.0,81.0,983.0,-873.0,-7.0,490.0,-88.0,0.393519,fail_lower,0.606481,-0.212963,overlap,0.0,2.213176
cntvaluein3_locked_only,skew,abs_dqs_bus_skew_minus_dq_median__idelay_cntvaluein_skew__lane0__dqs0__ctrl_none__dqs_vs_dq_bus_skew__value_ps,abs_dqs_bus_skew_minus_dq_median,idelay_cntvaluein_skew,lane0,dqs0,,dqs_vs_dq_bus_skew,27,16,26.0,304.5,985.0,43.0,223.75,726.0,-80.75,0.393519,fail_lower,0.606481,-0.212963,overlap,0.0,2.213176
cntvaluein3_locked_only,skew,abs_dqs_minus_dq_bit__idelay_cntvaluein_skew__lane1__dq8__ctrl_2__dqs_vs_dq_bit__value_ps,abs_dqs_minus_dq_bit,idelay_cntvaluein_skew,lane1,dq8,2,dqs_vs_dq_bit,27,16,15.0,383.0,1159.0,17.0,255.0,836.0,-128.0,0.394676,fail_lower,0.605324,-0.210648,overlap,0.0,2.18912
cntvaluein3_locked_only,skew,abs_dqs_minus_dq_bit__idelay_cntvaluein_skew__lane0__dq4__ctrl_0__dqs_vs_dq_bit__value_ps,abs_dqs_minus_dq_bit,idelay_cntvaluein_skew,lane0,dq4,0,dqs_vs_dq_bit,27,16,2.0,345.0,1469.0,4.0,272.0,744.0,-73.0,0.394676,fail_lower,0.605324,-0.210648,overlap,0.0,2.18912
cntvaluein3_locked_only,direct,direct_max__idelay_ld__lane0__dq0__ctrl_none__endpoint__value_ps,direct_max,idelay_ld,lane0,dq0,,endpoint,27,16,1100.0,1473.0,2184.0,1057.0,1424.0,1868.0,-49.0,0.394676,fail_lower,0.605324,-0.210648,overlap,0.0,2.18912
cntvaluein3_locked_only,skew,abs_dqs_minus_dq_bit__idelay_cntvaluein_skew__lane1__dq14__ctrl_2__dqs_vs_dq_bit__value_ps,abs_dqs_minus_dq_bit,idelay_cntvaluein_skew,lane1,dq14,2,dqs_vs_dq_bit,27,16,13.0,352.0,1072.0,42.0,188.0,813.0,-164.0,0.395833,fail_lower,0.604167,-0.208333,overlap,0.0,2.165064
cntvaluein3_locked_only,skew,abs_dqs_minus_dq_bit__idelay_cntvaluein_skew__lane1__dq12__ctrl_2__dqs_vs_dq_bit__value_ps,abs_dqs_minus_dq_bit,idelay_cntvaluein_skew,lane1,dq12,2,dqs_vs_dq_bit,27,16,8.0,367.0,984.0,23.0,215.5,885.0,-151.5,0.396991,fail_lower,0.603009,-0.206019,overlap,0.0,2.141007
cntvaluein3_locked_only,skew,signed_ld_dqs_minus_dq_median__idelay_ld_skew__lane1__dqs1__ctrl_none__dqs_vs_dq_lane__value_ps,signed_ld_dqs_minus_dq_median,idelay_ld_skew,lane1,dqs1,,dqs_vs_dq_lane,27,16,-246.5,-7.0,249.0,-469.0,-144.0,239.5,-137.0,0.396991,fail_lower,0.603009,-0.206019,overlap,0.0,2.141007
cntvaluein3_locked_only,skew,abs_dqs_minus_dq_bit__idelay_cntvaluein_skew__lane1__dq9__ctrl_2__dqs_vs_dq_bit__value_ps,abs_dqs_minus_dq_bit,idelay_cntvaluein_skew,lane1,dq9,2,dqs_vs_dq_bit,27,16,12.0,380.0,1287.0,56.0,252.5,801.0,-127.5,0.398148,fail_lower,0.601852,-0.203704,overlap,0.0,2.116951
cntvaluein3_locked_only,direct,direct_max__idelay_ld__lane1__dqs1__ctrl_none__endpoint__value_ps,direct_max,idelay_ld,lane1,dqs1,,endpoint,27,16,842.0,1294.0,1677.0,851.0,1183.0,1789.0,-111.0,0.398148,fail_lower,0.601852,-0.203704,overlap,0.0,2.116951
cntvaluein3_locked_only,skew,abs_dqs_minus_dq_bit__idelay_cntvaluein_skew__lane0__dq6__ctrl_3__dqs_vs_dq_bit__value_ps,abs_dqs_minus_dq_bit,idelay_cntvaluein_skew,lane0,dq6,3,dqs_vs_dq_bit,27,16,3.0,230.0,757.0,14.0,250.0,896.0,20.0,0.601852,fail_higher,0.601852,0.203704,overlap,0.0,2.116951
cntvaluein3_locked_only,skew,abs_dqs_minus_dq_bit__idelay_cntvaluein_skew__lane0__dq3__ctrl_1__dqs_vs_dq_bit__value_ps,abs_dqs_minus_dq_bit,idelay_cntvaluein_skew,lane0,dq3,1,dqs_vs_dq_bit,27,16,24.0,293.0,1048.0,6.0,278.5,1382.0,-14.5,0.398148,fail_lower,0.601852,-0.203704,overlap,0.0,2.116951
cntvaluein3_locked_only,skew,abs_dqs_minus_dq_bit__idelay_cntvaluein_skew__lane0__dq4__ctrl_1__dqs_vs_dq_bit__value_ps,abs_dqs_minus_dq_bit,idelay_cntvaluein_skew,lane0,dq4,1,dqs_vs_dq_bit,27,16,13.0,235.0,1180.0,21.0,213.0,965.0,-22.0,0.399306,fail_lower,0.600694,-0.201389,overlap,0.0,2.092895
cntvaluein3_locked_only,direct,direct_max__idelay_data_cntvaluein__lane1__dq8__ctrl_4__endpoint__value_ps,direct_max,idelay_data_cntvaluein,lane1,dq8,4,endpoint,27,16,663.0,1315.0,1955.0,532.0,1233.0,1827.0,-82.0,0.40162,fail_lower,0.59838,-0.196759,overlap,0.0,2.044782
cntvaluein3_locked_only,skew,abs_ld_minus_cntvaluein_dqs__idelay_ld_cntvaluein_skew__lane0__dqs0__ctrl_0__ld_vs_cntvaluein_dqs__value_ps,abs_ld_minus_cntvaluein_dqs,idelay_ld_cntvaluein_skew,lane0,dqs0,0,ld_vs_cntvaluein_dqs,27,16,26.0,262.0,782.0,24.0,308.5,897.0,46.5,0.59838,fail_higher,0.59838,0.196759,overlap,0.0,2.044782
cntvaluein3_locked_only,skew,signed_dqs_minus_dq_bit__idelay_cntvaluein_skew__lane1__dq10__ctrl_0__dqs_vs_dq_bit__value_ps,signed_dqs_minus_dq_bit,idelay_cntvaluein_skew,lane1,dq10,0,dqs_vs_dq_bit,27,16,-638.0,-73.0,1027.0,-810.0,-178.0,461.0,-105.0,0.402778,fail_lower,0.597222,-0.194444,overlap,0.0,2.020726
cntvaluein3_locked_only,direct,direct_max__idelay_data_cntvaluein__lane1__dq12__ctrl_3__endpoint__value_ps,direct_max,idelay_data_cntvaluein,lane1,dq12,3,endpoint,27,16,1190.0,1769.0,2334.0,1325.0,1685.5,2016.0,-83.5,0.402778,fail_lower,0.597222,-0.194444,overlap,0.0,2.020726
cntvaluein3_locked_only,direct,direct_max__idelay_data_cntvaluein__lane0__dq3__ctrl_0__endpoint__value_ps,direct_max,idelay_data_cntvaluein,lane0,dq3,0,endpoint,27,16,676.0,1116.0,1914.0,777.0,1178.0,1975.0,62.0,0.597222,fail_higher,0.597222,0.194444,overlap,0.0,2.020726
cntvaluein3_locked_only,direct,direct_max__idelay_data_cntvaluein__lane1__dq11__ctrl_0__endpoint__value_ps,direct_max,idelay_data_cntvaluein,lane1,dq11,0,endpoint,27,16,537.0,1100.0,1707.0,626.0,1117.0,1702.0,17.0,0.597222,fail_higher,0.597222,0.194444,overlap,0.0,2.020726
cntvaluein3_locked_only,skew,abs_ld_minus_cntvaluein_dq_median__idelay_ld_cntvaluein_skew__lane1__no_bit__ctrl_3__ld_vs_cntvaluein_dq_lane__value_ps,abs_ld_minus_cntvaluein_dq_median,idelay_ld_cntvaluein_skew,lane1,,3,ld_vs_cntvaluein_dq_lane,27,16,28.5,376.5,1043.0,24.5,248.25,793.5,-128.25,0.405093,fail_lower,0.594907,-0.189815,overlap,0.0,1.972613
cntvaluein3_locked_only,direct,direct_max__idelay_ld__lane0__dq3__ctrl_none__endpoint__value_ps,direct_max,idelay_ld,lane0,dq3,,endpoint,27,16,1126.0,1414.0,1883.0,1059.0,1285.5,1746.0,-128.5,0.40625,fail_lower,0.59375,-0.1875,overlap,0.0,1.948557
cntvaluein3_locked_only,direct,control_fanout_spread__idelay_data_cntvaluein__lane1__no_bit__ctrl_4__lane_control_bit__value_ps,control_fanout_spread,idelay_data_cntvaluein,lane1,,4,lane_control_bit,27,16,175.0,469.0,847.0,158.0,435.5,653.0,-33.5,0.40625,fail_lower,0.59375,-0.1875,overlap,0.0,1.948557
cntvaluein3_locked_only,skew,dq_lane_range__idelay_cntvaluein_skew__lane1__no_bit__ctrl_4__dq_lane__value_ps,dq_lane_range,idelay_cntvaluein_skew,lane1,,4,dq_lane,27,16,175.0,469.0,847.0,158.0,435.5,653.0,-33.5,0.40625,fail_lower,0.59375,-0.1875,overlap,0.0,1.948557
cntvaluein3_locked_only,direct,direct_max__idelay_data_cntvaluein__lane1__dq12__ctrl_0__endpoint__value_ps,direct_max,idelay_data_cntvaluein,lane1,dq12,0,endpoint,27,16,462.0,1174.0,1863.0,638.0,1215.0,2032.0,41.0,0.592593,fail_higher,0.592593,0.185185,overlap,0.0,1.924501
cntvaluein3_locked_only,direct,direct_max__idelay_data_cntvaluein__lane1__dq14__ctrl_2__endpoint__value_ps,direct_max,idelay_data_cntvaluein,lane1,dq14,2,endpoint,27,16,597.0,1121.0,1894.0,720.0,1304.0,1883.0,183.0,0.591435,fail_higher,0.591435,0.18287,overlap,0.0,1.900445
cntvaluein3_locked_only,skew,abs_ld_minus_cntvaluein_dqs__idelay_ld_cntvaluein_skew__lane0__dqs0__ctrl_2__ld_vs_cntvaluein_dqs__value_ps,abs_ld_minus_cntvaluein_dqs,idelay_ld_cntvaluein_skew,lane0,dqs0,2,ld_vs_cntvaluein_dqs,27,16,17.0,240.0,763.0,9.0,369.0,974.0,129.0,0.591435,fail_higher,0.591435,0.18287,overlap,0.0,1.900445
cntvaluein3_locked_only,skew,abs_dqs_minus_dq_bit__idelay_cntvaluein_skew__lane1__dq11__ctrl_3__dqs_vs_dq_bit__value_ps,abs_dqs_minus_dq_bit,idelay_cntvaluein_skew,lane1,dq11,3,dqs_vs_dq_bit,27,16,8.0,237.0,691.0,57.0,259.0,798.0,22.0,0.591435,fail_higher,0.591435,0.18287,overlap,0.0,1.900445
cntvaluein3_locked_only,direct,direct_max__idelay_dqs_cntvaluein__lane0__dqs0__ctrl_4__endpoint__value_ps,direct_max,idelay_dqs_cntvaluein,lane0,dqs0,4,endpoint,27,16,666.0,1692.0,2045.0,795.0,1470.0,2194.0,-222.0,0.409722,fail_lower,0.590278,-0.180556,overlap,0.0,1.876388
cntvaluein3_locked_only,skew,signed_ld_minus_cntvaluein_dq_median__idelay_ld_cntvaluein_skew__lane0__no_bit__ctrl_3__ld_vs_cntvaluein_dq_lane__value_ps,signed_ld_minus_cntvaluein_dq_median,idelay_ld_cntvaluein_skew,lane0,,3,ld_vs_cntvaluein_dq_lane,27,16,-1097.5,-558.5,349.5,-789.0,-397.0,38.5,161.5,0.590278,fail_higher,0.590278,0.180556,overlap,0.0,1.876388
cntvaluein3_locked_only,direct,direct_max__dq_iologic__lane1__dq15__ctrl_none__endpoint__value_ps,direct_max,dq_iologic,lane1,dq15,,endpoint,27,16,1858.0,2255.0,3085.0,2062.0,2376.0,3219.0,121.0,0.590278,fail_higher,0.590278,0.180556,overlap,0.0,1.876388
cntvaluein3_locked_only,skew,signed_ld_dqs_minus_dq_median__idelay_ld_skew__lane0__dqs0__ctrl_none__dqs_vs_dq_lane__value_ps,signed_ld_dqs_minus_dq_median,idelay_ld_skew,lane0,dqs0,,dqs_vs_dq_lane,27,16,-246.0,-65.5,288.0,-277.0,-0.75,218.0,64.75,0.590278,fail_higher,0.590278,0.180556,overlap,0.0,1.876388
cntvaluein3_locked_only,direct,cntvaluein_bus_skew__idelay_data_cntvaluein__lane1__dq14__ctrl_none__dq14__value_ps,cntvaluein_bus_skew,idelay_data_cntvaluein,lane1,dq14,,dq14,27,16,263.0,987.0,1631.0,404.0,788.5,1194.0,-198.5,0.412037,fail_lower,0.587963,-0.175926,overlap,0.0,1.828276
cntvaluein3_locked_only,skew,abs_dqs_minus_dq_bit__idelay_cntvaluein_skew__lane0__dq0__ctrl_1__dqs_vs_dq_bit__value_ps,abs_dqs_minus_dq_bit,idelay_cntvaluein_skew,lane0,dq0,1,dqs_vs_dq_bit,27,16,6.0,392.0,1012.0,8.0,206.5,798.0,-185.5,0.412037,fail_lower,0.587963,-0.175926,overlap,0.0,1.828276
cntvaluein3_locked_only,skew,signed_dqs_minus_dq_bit__idelay_cntvaluein_skew__lane1__dq8__ctrl_4__dqs_vs_dq_bit__value_ps,signed_dqs_minus_dq_bit,idelay_cntvaluein_skew,lane1,dq8,4,dqs_vs_dq_bit,27,16,-697.0,-180.0,825.0,-447.0,-23.0,686.0,157.0,0.587963,fail_higher,0.587963,0.175926,overlap,0.0,1.828276
cntvaluein3_locked_only,skew,signed_dqs_minus_dq_bit__idelay_cntvaluein_skew__lane0__dq4__ctrl_2__dqs_vs_dq_bit__value_ps,signed_dqs_minus_dq_bit,idelay_cntvaluein_skew,lane0,dq4,2,dqs_vs_dq_bit,27,16,-974.0,-13.0,909.0,-887.0,-148.5,454.0,-135.5,0.412037,fail_lower,0.587963,-0.175926,overlap,0.0,1.828276
cntvaluein3_locked_only,direct,direct_max__idelay_data_cntvaluein__lane1__dq10__ctrl_0__endpoint__value_ps,direct_max,idelay_data_cntvaluein,lane1,dq10,0,endpoint,27,16,549.0,1070.0,1779.0,554.0,1159.0,1896.0,89.0,0.587963,fail_higher,0.587963,0.175926,overlap,0.0,1.828276
cntvaluein3_locked_only,skew,signed_ld_minus_cntvaluein_dqs__idelay_ld_cntvaluein_skew__lane1__dqs1__ctrl_3__ld_vs_cntvaluein_dqs__value_ps,signed_ld_minus_cntvaluein_dqs,idelay_ld_cntvaluein_skew,lane1,dqs1,3,ld_vs_cntvaluein_dqs,27,16,-943.0,-334.0,56.0,-1019.0,-422.0,-23.0,-88.0,0.412037,fail_lower,0.587963,-0.175926,overlap,0.0,1.828276
cntvaluein3_locked_only,direct,direct_max__idelay_data_cntvaluein__lane1__dq13__ctrl_3__endpoint__value_ps,direct_max,idelay_data_cntvaluein,lane1,dq13,3,endpoint,27,16,1353.0,1639.0,1973.0,1141.0,1582.5,1929.0,-56.5,0.412037,fail_lower,0.587963,-0.175926,overlap,0.0,1.828276
cntvaluein3_locked_only,direct,cntvaluein_bus_skew__idelay_data_cntvaluein__lane1__dq10__ctrl_none__dq10__value_ps,cntvaluein_bus_skew,idelay_data_cntvaluein,lane1,dq10,,dq10,27,16,289.0,960.0,1452.0,390.0,711.5,1377.0,-248.5,0.413194,fail_lower,0.586806,-0.173611,overlap,0.0,1.80422
cntvaluein3_locked_only,direct,direct_max__idelay_ld__lane1__dq15__ctrl_none__endpoint__value_ps,direct_max,idelay_ld,lane1,dq15,,endpoint,27,16,672.0,1245.0,1496.0,773.0,1105.5,1511.0,-139.5,0.413194,fail_lower,0.586806,-0.173611,overlap,0.0,1.80422
cntvaluein3_locked_only,skew,signed_dqs_minus_dq_bit__idelay_cntvaluein_skew__lane0__dq2__ctrl_3__dqs_vs_dq_bit__value_ps,signed_dqs_minus_dq_bit,idelay_cntvaluein_skew,lane0,dq2,3,dqs_vs_dq_bit,27,16,-664.0,-53.0,483.0,-730.0,5.5,1078.0,58.5,0.586806,fail_higher,0.586806,0.173611,overlap,0.0,1.80422
cntvaluein3_locked_only,direct,direct_max__idelay_data_cntvaluein__lane1__dq13__ctrl_0__endpoint__value_ps,direct_max,idelay_data_cntvaluein,lane1,dq13,0,endpoint,27,16,535.0,1184.0,1791.0,711.0,1206.0,1797.0,22.0,0.586806,fail_higher,0.586806,0.173611,overlap,0.0,1.80422
cntvaluein3_locked_only,direct,cntvaluein_bus_skew__idelay_data_cntvaluein__lane0__dq3__ctrl_none__dq3__value_ps,cntvaluein_bus_skew,idelay_data_cntvaluein,lane0,dq3,,dq3,27,16,334.0,775.0,1494.0,402.0,753.5,1097.0,-21.5,0.413194,fail_lower,0.586806,-0.173611,overlap,0.0,1.80422
cntvaluein3_locked_only,skew,signed_dqs_minus_dq_bit__idelay_cntvaluein_skew__lane0__dq3__ctrl_2__dqs_vs_dq_bit__value_ps,signed_dqs_minus_dq_bit,idelay_cntvaluein_skew,lane0,dq3,2,dqs_vs_dq_bit,27,16,-836.0,184.0,1169.0,-807.0,104.0,628.0,-80.0,0.414352,fail_lower,0.585648,-0.171296,overlap,0.0,1.780163
cntvaluein3_locked_only,direct,control_fanout_spread__idelay_data_cntvaluein__lane0__no_bit__ctrl_4__lane_control_bit__value_ps,control_fanout_spread,idelay_data_cntvaluein,lane0,,4,lane_control_bit,27,16,180.0,407.0,733.0,145.0,366.5,617.0,-40.5,0.414352,fail_lower,0.585648,-0.171296,overlap,0.0,1.780163
cntvaluein3_locked_only,skew,dq_lane_range__idelay_cntvaluein_skew__lane0__no_bit__ctrl_4__dq_lane__value_ps,dq_lane_range,idelay_cntvaluein_skew,lane0,,4,dq_lane,27,16,180.0,407.0,733.0,145.0,366.5,617.0,-40.5,0.414352,fail_lower,0.585648,-0.171296,overlap,0.0,1.780163
cntvaluein3_locked_only,skew,signed_dqs_minus_dq_bit__idelay_cntvaluein_skew__lane0__dq1__ctrl_0__dqs_vs_dq_bit__value_ps,signed_dqs_minus_dq_bit,idelay_cntvaluein_skew,lane0,dq1,0,dqs_vs_dq_bit,27,16,-1527.0,42.0,584.0,-783.0,-130.5,447.0,-172.5,0.415509,fail_lower,0.584491,-0.168981,overlap,0.0,1.756107
cntvaluein3_locked_only,direct,direct_max__idelay_dqs_cntvaluein__lane1__dqs1__ctrl_0__endpoint__value_ps,direct_max,idelay_dqs_cntvaluein,lane1,dqs1,0,endpoint,27,16,597.0,1294.0,1613.0,569.0,1171.5,1708.0,-122.5,0.415509,fail_lower,0.584491,-0.168981,overlap,0.0,1.756107
cntvaluein3_locked_only,direct,control_fanout_spread__idelay_data_cntvaluein__lane0__no_bit__ctrl_0__lane_control_bit__value_ps,control_fanout_spread,idelay_data_cntvaluein,lane0,,0,lane_control_bit,27,16,88.0,372.0,733.0,226.0,339.0,620.0,-33.0,0.415509,fail_lower,0.584491,-0.168981,overlap,0.0,1.756107
cntvaluein3_locked_only,skew,dq_lane_range__idelay_cntvaluein_skew__lane0__no_bit__ctrl_0__dq_lane__value_ps,dq_lane_range,idelay_cntvaluein_skew,lane0,,0,dq_lane,27,16,88.0,372.0,733.0,226.0,339.0,620.0,-33.0,0.415509,fail_lower,0.584491,-0.168981,overlap,0.0,1.756107
cntvaluein3_locked_only,skew,signed_dqs_minus_dq_bit__idelay_cntvaluein_skew__lane0__dq0__ctrl_2__dqs_vs_dq_bit__value_ps,signed_dqs_minus_dq_bit,idelay_cntvaluein_skew,lane0,dq0,2,dqs_vs_dq_bit,27,16,-1073.0,98.0,1097.0,-883.0,-41.5,622.0,-139.5,0.416667,fail_lower,0.583333,-0.166667,overlap,0.0,1.732051
cntvaluein3_locked_only,skew,signed_dqs_minus_dq_bit__idelay_cntvaluein_skew__lane1__dq11__ctrl_3__dqs_vs_dq_bit__value_ps,signed_dqs_minus_dq_bit,idelay_cntvaluein_skew,lane1,dq11,3,dqs_vs_dq_bit,27,16,-483.0,22.0,691.0,-330.0,109.5,798.0,87.5,0.583333,fail_higher,0.583333,0.166667,overlap,0.0,1.732051
cntvaluein3_locked_only,skew,abs_dqs_minus_dq_bit__idelay_cntvaluein_skew__lane1__dq12__ctrl_0__dqs_vs_dq_bit__value_ps,abs_dqs_minus_dq_bit,idelay_cntvaluein_skew,lane1,dq12,0,dqs_vs_dq_bit,27,16,3.0,296.0,807.0,0.0,228.5,876.0,-67.5,0.416667,fail_lower,0.583333,-0.166667,overlap,0.0,1.732051
cntvaluein3_locked_only,skew,signed_dqs_minus_dq_bit__idelay_cntvaluein_skew__lane1__dq15__ctrl_0__dqs_vs_dq_bit__value_ps,signed_dqs_minus_dq_bit,idelay_cntvaluein_skew,lane1,dq15,0,dqs_vs_dq_bit,27,16,-484.0,190.0,1215.0,-462.0,140.5,884.0,-49.5,0.416667,fail_lower,0.583333,-0.166667,overlap,0.0,1.732051
cntvaluein3_locked_only,skew,abs_dqs_minus_dq_bit__idelay_cntvaluein_skew__lane0__dq5__ctrl_4__dqs_vs_dq_bit__value_ps,abs_dqs_minus_dq_bit,idelay_cntvaluein_skew,lane0,dq5,4,dqs_vs_dq_bit,27,16,17.0,322.0,1021.0,28.0,223.0,536.0,-99.0,0.417824,fail_lower,0.582176,-0.164352,overlap,0.0,1.707995
cntvaluein3_locked_only,skew,abs_dqs_minus_dq_bit__idelay_cntvaluein_skew__lane1__dq11__ctrl_2__dqs_vs_dq_bit__value_ps,abs_dqs_minus_dq_bit,idelay_cntvaluein_skew,lane1,dq11,2,dqs_vs_dq_bit,27,16,28.0,285.0,1068.0,15.0,245.0,943.0,-40.0,0.417824,fail_lower,0.582176,-0.164352,overlap,0.0,1.707995
cntvaluein3_locked_only,skew,signed_ld_minus_cntvaluein_dq_median__idelay_ld_cntvaluein_skew__lane1__no_bit__ctrl_0__ld_vs_cntvaluein_dq_lane__value_ps,signed_ld_minus_cntvaluein_dq_median,idelay_ld_cntvaluein_skew,lane1,,0,ld_vs_cntvaluein_dq_lane,27,16,-479.5,279.0,796.0,-742.0,120.0,754.5,-159.0,0.418981,fail_lower,0.581019,-0.162037,overlap,0.0,1.683938
cntvaluein3_locked_only,skew,abs_dqs_minus_dq_bit__idelay_cntvaluein_skew__lane1__dq14__ctrl_3__dqs_vs_dq_bit__value_ps,abs_dqs_minus_dq_bit,idelay_cntvaluein_skew,lane1,dq14,3,dqs_vs_dq_bit,27,16,3.0,232.0,783.0,16.0,384.5,763.0,152.5,0.581019,fail_higher,0.581019,0.162037,overlap,0.0,1.683938
cntvaluein3_locked_only,skew,signed_dqs_minus_dq_bit__idelay_cntvaluein_skew__lane0__dq0__ctrl_3__dqs_vs_dq_bit__value_ps,signed_dqs_minus_dq_bit,idelay_cntvaluein_skew,lane0,dq0,3,dqs_vs_dq_bit,27,16,-646.0,-23.0,631.0,-486.0,121.0,1167.0,144.0,0.581019,fail_higher,0.581019,0.162037,overlap,0.0,1.683938
cntvaluein3_locked_only,skew,abs_ld_minus_cntvaluein_dqs__idelay_ld_cntvaluein_skew__lane1__dqs1__ctrl_3__ld_vs_cntvaluein_dqs__value_ps,abs_ld_minus_cntvaluein_dqs,idelay_ld_cntvaluein_skew,lane1,dqs1,3,ld_vs_cntvaluein_dqs,27,16,18.0,334.0,943.0,23.0,422.0,1019.0,88.0,0.581019,fail_higher,0.581019,0.162037,overlap,0.0,1.683938
cntvaluein3_locked_only,direct,direct_max__idelay_data_cntvaluein__lane0__dq5__ctrl_0__endpoint__value_ps,direct_max,idelay_data_cntvaluein,lane0,dq5,0,endpoint,27,16,764.0,1203.0,1998.0,865.0,1225.5,2062.0,22.5,0.581019,fail_higher,0.581019,0.162037,overlap,0.0,1.683938
cntvaluein3_locked_only,skew,dq_bus_skew_range__idelay_cntvaluein_skew__lane1__no_bit__ctrl_none__dq_lane_bus_skew__value_ps,dq_bus_skew_range,idelay_cntvaluein_skew,lane1,,,dq_lane_bus_skew,27,16,167.0,449.0,670.0,289.0,334.0,684.0,-115.0,0.420139,fail_lower,0.579861,-0.159722,overlap,0.0,1.659882
cntvaluein3_locked_only,skew,signed_dqs_minus_dq_median__idelay_cntvaluein_skew__lane0__dqs0__ctrl_0__dqs_vs_dq_lane__value_ps,signed_dqs_minus_dq_median,idelay_cntvaluein_skew,lane0,dqs0,0,dqs_vs_dq_lane,27,16,-1469.5,12.5,691.5,-786.5,-141.5,444.0,-154.0,0.421296,fail_lower,0.578704,-0.157407,overlap,0.0,1.635826
cntvaluein3_locked_only,skew,signed_dqs_minus_dq_bit__idelay_cntvaluein_skew__lane0__dq7__ctrl_0__dqs_vs_dq_bit__value_ps,signed_dqs_minus_dq_bit,idelay_cntvaluein_skew,lane0,dq7,0,dqs_vs_dq_bit,27,16,-1470.0,32.0,707.0,-839.0,-85.0,446.0,-117.0,0.421296,fail_lower,0.578704,-0.157407,overlap,0.0,1.635826
cntvaluein3_locked_only,skew,dq_lane_range__iologic_skew__lane0__no_bit__ctrl_none__dq_lane__value_ps,dq_lane_range,iologic_skew,lane0,,,dq_lane,27,16,260.0,671.0,1332.0,412.0,648.5,974.0,-22.5,0.422454,fail_lower,0.577546,-0.155093,overlap,0.0,1.61177
cntvaluein3_locked_only,skew,signed_dqs_minus_dq_bit__idelay_cntvaluein_skew__lane0__dq6__ctrl_0__dqs_vs_dq_bit__value_ps,signed_dqs_minus_dq_bit,idelay_cntvaluein_skew,lane0,dq6,0,dqs_vs_dq_bit,27,16,-1477.0,15.0,642.0,-846.0,-169.0,357.0,-184.0,0.423611,fail_lower,0.576389,-0.152778,overlap,0.0,1.587713
cntvaluein3_locked_only,skew,signed_ld_minus_cntvaluein_dq_median__idelay_ld_cntvaluein_skew__lane1__no_bit__ctrl_2__ld_vs_cntvaluein_dq_lane__value_ps,signed_ld_minus_cntvaluein_dq_median,idelay_ld_cntvaluein_skew,lane1,,2,ld_vs_cntvaluein_dq_lane,27,16,-460.5,355.0,727.0,-727.0,175.25,698.5,-179.75,0.423611,fail_lower,0.576389,-0.152778,overlap,0.0,1.587713
cntvaluein3_locked_only,direct,direct_max__dq_iologic__lane0__dq6__ctrl_none__endpoint__value_ps,direct_max,dq_iologic,lane0,dq6,,endpoint,27,16,1544.0,2025.0,3325.0,1815.0,2164.5,3368.0,139.5,0.576389,fail_higher,0.576389,0.152778,overlap,0.0,1.587713
cntvaluein3_locked_only,direct,direct_max__idelay_data_cntvaluein__lane0__dq2__ctrl_4__endpoint__value_ps,direct_max,idelay_data_cntvaluein,lane0,dq2,4,endpoint,27,16,1034.0,1463.0,2361.0,796.0,1559.5,2028.0,96.5,0.423611,fail_lower,0.576389,-0.152778,overlap,0.0,1.587713
cntvaluein3_locked_only,skew,signed_dqs_minus_dq_bit__idelay_cntvaluein_skew__lane0__dq4__ctrl_0__dqs_vs_dq_bit__value_ps,signed_dqs_minus_dq_bit,idelay_cntvaluein_skew,lane0,dq4,0,dqs_vs_dq_bit,27,16,-1469.0,-2.0,676.0,-744.0,-75.5,441.0,-73.5,0.423611,fail_lower,0.576389,-0.152778,overlap,0.0,1.587713
cntvaluein3_locked_only,skew,signed_dqs_minus_dq_bit__idelay_cntvaluein_skew__lane1__dq12__ctrl_4__dqs_vs_dq_bit__value_ps,signed_dqs_minus_dq_bit,idelay_cntvaluein_skew,lane1,dq12,4,dqs_vs_dq_bit,27,16,-541.0,-90.0,804.0,-356.0,-21.0,561.0,69.0,0.576389,fail_higher,0.576389,0.152778,overlap,0.0,1.587713
cntvaluein3_locked_only,skew,abs_dqs_minus_dq_bit__idelay_cntvaluein_skew__lane0__dq3__ctrl_2__dqs_vs_dq_bit__value_ps,abs_dqs_minus_dq_bit,idelay_cntvaluein_skew,lane0,dq3,2,dqs_vs_dq_bit,27,16,26.0,350.0,1169.0,21.0,312.5,807.0,-37.5,0.423611,fail_lower,0.576389,-0.152778,overlap,0.0,1.587713
cntvaluein3_locked_only,direct,direct_max__idelay_dqs_cntvaluein__lane0__dqs0__ctrl_2__endpoint__value_ps,direct_max,idelay_dqs_cntvaluein,lane0,dqs0,2,endpoint,27,16,842.0,1424.0,2108.0,861.0,1312.5,1914.0,-111.5,0.425926,fail_lower,0.574074,-0.148148,overlap,0.0,1.539601
cntvaluein3_locked_only,skew,abs_dqs_minus_dq_bit__idelay_cntvaluein_skew__lane0__dq1__ctrl_0__dqs_vs_dq_bit__value_ps,abs_dqs_minus_dq_bit,idelay_cntvaluein_skew,lane0,dq1,0,dqs_vs_dq_bit,27,16,42.0,296.0,1527.0,3.0,239.5,783.0,-56.5,0.425926,fail_lower,0.574074,-0.148148,overlap,0.0,1.539601
cntvaluein3_locked_only,direct,direct_max__idelay_data_cntvaluein__lane1__dq12__ctrl_2__endpoint__value_ps,direct_max,idelay_data_cntvaluein,lane1,dq12,2,endpoint,27,16,528.0,1060.0,1804.0,574.0,1263.5,1955.0,203.5,0.572917,fail_higher,0.572917,0.145833,overlap,0.0,1.515544
cntvaluein3_locked_only,skew,signed_dqs_minus_dq_bit__idelay_cntvaluein_skew__lane0__dq0__ctrl_0__dqs_vs_dq_bit__value_ps,signed_dqs_minus_dq_bit,idelay_cntvaluein_skew,lane0,dq0,0,dqs_vs_dq_bit,27,16,-1470.0,-31.0,656.0,-724.0,-83.0,536.0,-52.0,0.427083,fail_lower,0.572917,-0.145833,overlap,0.0,1.515544
cntvaluein3_locked_only,direct,cntvaluein_bus_skew__idelay_dqs_cntvaluein__lane1__dqs1__ctrl_none__dqs1__value_ps,cntvaluein_bus_skew,idelay_dqs_cntvaluein,lane1,dqs1,,dqs1,27,16,199.0,663.0,1633.0,319.0,712.5,1447.0,49.5,0.572917,fail_higher,0.572917,0.145833,overlap,0.0,1.515544
cntvaluein3_locked_only,direct,lane_spread__idelay_dqs_cntvaluein__lane1__no_bit__ctrl_none__lane__value_ps,lane_spread,idelay_dqs_cntvaluein,lane1,,,lane,27,16,199.0,663.0,1633.0,319.0,712.5,1447.0,49.5,0.572917,fail_higher,0.572917,0.145833,overlap,0.0,1.515544
cntvaluein3_locked_only,direct,direct_max__idelay_dqs_cntvaluein__lane0__dqs0__ctrl_0__endpoint__value_ps,direct_max,idelay_dqs_cntvaluein,lane0,dqs0,0,endpoint,27,16,569.0,1470.0,1962.0,777.0,1361.0,2112.0,-109.0,0.428241,fail_lower,0.571759,-0.143519,overlap,0.0,1.491488
cntvaluein3_locked_only,direct,direct_max__idelay_data_cntvaluein__lane0__dq3__ctrl_4__endpoint__value_ps,direct_max,idelay_data_cntvaluein,lane0,dq3,4,endpoint,27,16,781.0,1350.0,2073.0,885.0,1305.5,1898.0,-44.5,0.428241,fail_lower,0.571759,-0.143519,overlap,0.0,1.491488
cntvaluein3_locked_only,skew,signed_dqs_minus_dq_bit__idelay_cntvaluein_skew__lane0__dq4__ctrl_3__dqs_vs_dq_bit__value_ps,signed_dqs_minus_dq_bit,idelay_cntvaluein_skew,lane0,dq4,3,dqs_vs_dq_bit,27,16,-828.0,-20.0,567.0,-638.0,-5.5,1164.0,14.5,0.571759,fail_higher,0.571759,0.143519,overlap,0.0,1.491488
cntvaluein3_locked_only,skew,abs_dqs_minus_dq_bit__idelay_cntvaluein_skew__lane1__dq15__ctrl_0__dqs_vs_dq_bit__value_ps,abs_dqs_minus_dq_bit,idelay_cntvaluein_skew,lane1,dq15,0,dqs_vs_dq_bit,27,16,18.0,197.0,1215.0,16.0,183.0,884.0,-14.0,0.428241,fail_lower,0.571759,-0.143519,overlap,0.0,1.491488
cntvaluein3_locked_only,skew,signed_dqs_bus_skew_minus_dq_median__idelay_cntvaluein_skew__lane1__dqs1__ctrl_none__dqs_vs_dq_bus_skew__value_ps,signed_dqs_bus_skew_minus_dq_median,idelay_cntvaluein_skew,lane1,dqs1,,dqs_vs_dq_bus_skew,27,16,-955.0,-24.5,951.0,-642.0,-22.75,717.0,1.75,0.571759,fail_higher,0.571759,0.143519,overlap,0.0,1.491488
cntvaluein3_locked_only,direct,direct_max__idelay_ld__lane0__dq1__ctrl_none__endpoint__value_ps,direct_max,idelay_ld,lane0,dq1,,endpoint,27,16,1024.0,1526.0,2210.0,1057.0,1512.0,1916.0,-14.0,0.429398,fail_lower,0.570602,-0.141204,overlap,0.0,1.467432
cntvaluein3_locked_only,direct,direct_max__idelay_data_cntvaluein__lane1__dq10__ctrl_2__endpoint__value_ps,direct_max,idelay_data_cntvaluein,lane1,dq10,2,endpoint,27,16,444.0,1067.0,1858.0,661.0,1363.0,2009.0,296.0,0.569444,fail_higher,0.569444,0.138889,overlap,0.0,1.443376
cntvaluein3_locked_only,skew,signed_ld_minus_cntvaluein_dqs__idelay_ld_cntvaluein_skew__lane1__dqs1__ctrl_2__ld_vs_cntvaluein_dqs__value_ps,signed_ld_minus_cntvaluein_dqs,idelay_ld_cntvaluein_skew,lane1,dqs1,2,ld_vs_cntvaluein_dqs,27,16,-641.0,8.0,837.0,-439.0,203.5,910.0,195.5,0.569444,fail_higher,0.569444,0.138889,overlap,0.0,1.443376
cntvaluein3_locked_only,skew,signed_ld_minus_cntvaluein_dq_median__idelay_ld_cntvaluein_skew__lane1__no_bit__ctrl_3__ld_vs_cntvaluein_dq_lane__value_ps,signed_ld_minus_cntvaluein_dq_median,idelay_ld_cntvaluein_skew,lane1,,3,ld_vs_cntvaluein_dq_lane,27,16,-1043.0,-362.5,431.0,-793.5,-248.25,149.5,114.25,0.569444,fail_higher,0.569444,0.138889,overlap,0.0,1.443376
cntvaluein3_locked_only,skew,abs_dqs_minus_dq_bit__idelay_cntvaluein_skew__lane1__dq12__ctrl_3__dqs_vs_dq_bit__value_ps,abs_dqs_minus_dq_bit,idelay_cntvaluein_skew,lane1,dq12,3,dqs_vs_dq_bit,27,16,2.0,235.0,714.0,10.0,301.0,855.0,66.0,0.569444,fail_higher,0.569444,0.138889,overlap,0.0,1.443376
cntvaluein3_locked_only,skew,signed_dqs_minus_dq_bit__idelay_cntvaluein_skew__lane1__dq13__ctrl_3__dqs_vs_dq_bit__value_ps,signed_dqs_minus_dq_bit,idelay_cntvaluein_skew,lane1,dq13,3,dqs_vs_dq_bit,27,16,-515.0,-76.0,658.0,-357.0,44.0,875.0,120.0,0.568287,fail_higher,0.568287,0.136574,overlap,0.0,1.419319
cntvaluein3_locked_only,direct,direct_max__idelay_data_cntvaluein__lane0__dq3__ctrl_2__endpoint__value_ps,direct_max,idelay_data_cntvaluein,lane0,dq3,2,endpoint,27,16,726.0,1182.0,1891.0,787.0,1345.5,2078.0,163.5,0.56713,fail_higher,0.56713,0.134259,overlap,0.0,1.395263
cntvaluein3_locked_only,direct,lane_spread__idelay_data_cntvaluein__lane1__no_bit__ctrl_none__lane__value_ps,lane_spread,idelay_data_cntvaluein,lane1,,,lane,27,16,548.0,1270.0,1773.0,778.0,1115.5,1601.0,-154.5,0.43287,fail_lower,0.56713,-0.134259,overlap,0.0,1.395263
cntvaluein3_locked_only,skew,abs_dqs_minus_dq_bit__idelay_cntvaluein_skew__lane1__dq13__ctrl_2__dqs_vs_dq_bit__value_ps,abs_dqs_minus_dq_bit,idelay_cntvaluein_skew,lane1,dq13,2,dqs_vs_dq_bit,27,16,10.0,369.0,1059.0,71.0,250.5,821.0,-118.5,0.43287,fail_lower,0.56713,-0.134259,overlap,0.0,1.395263
cntvaluein3_locked_only,skew,abs_ld_minus_cntvaluein_dqs__idelay_ld_cntvaluein_skew__lane0__dqs0__ctrl_4__ld_vs_cntvaluein_dqs__value_ps,abs_ld_minus_cntvaluein_dqs,idelay_ld_cntvaluein_skew,lane0,dqs0,4,ld_vs_cntvaluein_dqs,27,16,30.0,324.0,815.0,21.0,272.5,1135.0,-51.5,0.43287,fail_lower,0.56713,-0.134259,overlap,0.0,1.395263
cntvaluein3_locked_only,direct,direct_max__idelay_ld__lane0__dq6__ctrl_none__endpoint__value_ps,direct_max,idelay_ld,lane0,dq6,,endpoint,27,16,1057.0,1455.0,2059.0,1151.0,1434.5,1753.0,-20.5,0.43287,fail_lower,0.56713,-0.134259,overlap,0.0,1.395263
cntvaluein3_locked_only,direct,direct_max__idelay_data_cntvaluein__lane1__dq14__ctrl_3__endpoint__value_ps,direct_max,idelay_data_cntvaluein,lane1,dq14,3,endpoint,27,16,1274.0,1794.0,2424.0,1366.0,1788.0,2101.0,-6.0,0.43287,fail_lower,0.56713,-0.134259,overlap,0.0,1.395263
cntvaluein3_locked_only,skew,signed_lane1_minus_lane0_dqs__idelay_cntvaluein_skew__all__no_bit__ctrl_0__lane1_vs_lane0_dqs__value_ps,signed_lane1_minus_lane0_dqs,idelay_cntvaluein_skew,all,,0,lane1_vs_lane0_dqs,27,16,-684.0,-276.0,572.0,-671.0,-280.0,87.0,-4.0,0.43287,fail_lower,0.56713,-0.134259,overlap,0.0,1.395263
cntvaluein3_locked_only,direct,direct_max__idelay_data_cntvaluein__lane1__dq13__ctrl_2__endpoint__value_ps,direct_max,idelay_data_cntvaluein,lane1,dq13,2,endpoint,27,16,451.0,1177.0,1743.0,538.0,1284.0,1955.0,107.0,0.565972,fail_higher,0.565972,0.131944,overlap,0.0,1.371207
cntvaluein3_locked_only,skew,signed_dqs_minus_dq_bit__idelay_cntvaluein_skew__lane1__dq14__ctrl_4__dqs_vs_dq_bit__value_ps,signed_dqs_minus_dq_bit,idelay_cntvaluein_skew,lane1,dq14,4,dqs_vs_dq_bit,27,16,-625.0,-111.0,954.0,-402.0,-25.5,561.0,85.5,0.565972,fail_higher,0.565972,0.131944,overlap,0.0,1.371207
cntvaluein3_locked_only,direct,direct_max__idelay_data_cntvaluein__lane0__dq6__ctrl_3__endpoint__value_ps,direct_max,idelay_data_cntvaluein,lane0,dq6,3,endpoint,27,16,1504.0,2009.0,2536.0,1411.0,1986.0,2338.0,-23.0,0.434028,fail_lower,0.565972,-0.131944,overlap,0.0,1.371207
cntvaluein3_locked_only,direct,direct_max__idelay_data_cntvaluein__lane0__dq4__ctrl_4__endpoint__value_ps,direct_max,idelay_data_cntvaluein,lane0,dq4,4,endpoint,27,16,949.0,1552.0,2355.0,1044.0,1475.5,2115.0,-76.5,0.435185,fail_lower,0.564815,-0.12963,overlap,0.0,1.347151
cntvaluein3_locked_only,skew,signed_ld_minus_cntvaluein_dq_median__idelay_ld_cntvaluein_skew__lane0__no_bit__ctrl_0__ld_vs_cntvaluein_dq_lane__value_ps,signed_ld_minus_cntvaluein_dq_median,idelay_ld_cntvaluein_skew,lane0,,0,ld_vs_cntvaluein_dq_lane,27,16,-641.0,108.5,647.0,-816.0,48.5,522.5,-60.0,0.435185,fail_lower,0.564815,-0.12963,overlap,0.0,1.347151
cntvaluein3_locked_only,skew,abs_dqs_minus_dq_median__idelay_cntvaluein_skew__lane1__dqs1__ctrl_3__dqs_vs_dq_lane__value_ps,abs_dqs_minus_dq_median,idelay_cntvaluein_skew,lane1,dqs1,3,dqs_vs_dq_lane,27,16,0.5,233.5,631.5,6.5,271.0,809.0,37.5,0.564815,fail_higher,0.564815,0.12963,overlap,0.0,1.347151
cntvaluein3_locked_only,skew,abs_dqs_minus_dq_bit__idelay_cntvaluein_skew__lane0__dq7__ctrl_3__dqs_vs_dq_bit__value_ps,abs_dqs_minus_dq_bit,idelay_cntvaluein_skew,lane0,dq7,3,dqs_vs_dq_bit,27,16,8.0,257.0,756.0,11.0,230.0,988.0,-27.0,0.564815,fail_higher,0.564815,0.12963,overlap,0.0,1.347151
cntvaluein3_locked_only,skew,abs_dqs_minus_dq_bit__idelay_cntvaluein_skew__lane1__dq11__ctrl_0__dqs_vs_dq_bit__value_ps,abs_dqs_minus_dq_bit,idelay_cntvaluein_skew,lane1,dq11,0,dqs_vs_dq_bit,27,16,16.0,242.0,1075.0,16.0,156.0,850.0,-86.0,0.436343,fail_lower,0.563657,-0.127315,overlap,0.0,1.323094
cntvaluein3_locked_only,skew,signed_dqs_minus_dq_median__idelay_cntvaluein_skew__lane0__dqs0__ctrl_3__dqs_vs_dq_lane__value_ps,signed_dqs_minus_dq_median,idelay_cntvaluein_skew,lane0,dqs0,3,dqs_vs_dq_lane,27,16,-674.5,-9.0,586.0,-595.5,45.75,1132.0,54.75,0.563657,fail_higher,0.563657,0.127315,overlap,0.0,1.323094
cntvaluein3_locked_only,direct,direct_max__dq_iologic__lane0__dq4__ctrl_none__endpoint__value_ps,direct_max,dq_iologic,lane0,dq4,,endpoint,27,16,1726.0,2036.0,3198.0,1695.0,2204.5,3368.0,168.5,0.5625,fail_higher,0.5625,0.125,overlap,0.0,1.299038
cntvaluein3_locked_only,skew,signed_dqs_minus_dq_bit__idelay_cntvaluein_skew__lane0__dq1__ctrl_2__dqs_vs_dq_bit__value_ps,signed_dqs_minus_dq_bit,idelay_cntvaluein_skew,lane0,dq1,2,dqs_vs_dq_bit,27,16,-1073.0,-76.0,919.0,-828.0,-121.0,538.0,-45.0,0.4375,fail_lower,0.5625,-0.125,overlap,0.0,1.299038
cntvaluein3_locked_only,direct,direct_max__dq_iologic__lane0__dq5__ctrl_none__endpoint__value_ps,direct_max,dq_iologic,lane0,dq5,,endpoint,27,16,1761.0,2361.0,3371.0,1939.0,2392.0,3339.0,31.0,0.5625,fail_higher,0.5625,0.125,overlap,0.0,1.299038
cntvaluein3_locked_only,skew,abs_lane1_minus_lane0_dqs__idelay_cntvaluein_skew__all__no_bit__ctrl_2__lane1_vs_lane0_dqs__value_ps,abs_lane1_minus_lane0_dqs,idelay_cntvaluein_skew,all,,2,lane1_vs_lane0_dqs,27,16,2.0,261.0,450.0,11.0,272.0,488.0,11.0,0.5625,fail_higher,0.5625,0.125,overlap,0.0,1.299038
cntvaluein3_locked_only,skew,abs_lane1_minus_lane0_dq_median__idelay_cntvaluein_skew__all__no_bit__ctrl_4__lane1_vs_lane0_dq__value_ps,abs_lane1_minus_lane0_dq_median,idelay_cntvaluein_skew,all,,4,lane1_vs_lane0_dq,27,16,20.5,377.5,762.5,96.0,346.0,664.0,-31.5,0.438657,fail_lower,0.561343,-0.122685,overlap,0.0,1.274982
cntvaluein3_locked_only,skew,signed_dqs_minus_dq_bit__idelay_cntvaluein_skew__lane0__dq1__ctrl_3__dqs_vs_dq_bit__value_ps,signed_dqs_minus_dq_bit,idelay_cntvaluein_skew,lane0,dq1,3,dqs_vs_dq_bit,27,16,-738.0,23.0,653.0,-553.0,49.5,1248.0,26.5,0.561343,fail_higher,0.561343,0.122685,overlap,0.0,1.274982
cntvaluein3_locked_only,direct,cntvaluein_bus_skew__idelay_data_cntvaluein__lane1__dq13__ctrl_none__dq13__value_ps,cntvaluein_bus_skew,idelay_data_cntvaluein,lane1,dq13,,dq13,27,16,360.0,770.0,1385.0,319.0,592.5,1281.0,-177.5,0.439815,fail_lower,0.560185,-0.12037,overlap,0.0,1.250926
cntvaluein3_locked_only,direct,direct_max__idelay_data_cntvaluein__lane1__dq11__ctrl_2__endpoint__value_ps,direct_max,idelay_data_cntvaluein,lane1,dq11,2,endpoint,27,16,446.0,1161.0,1680.0,453.0,1319.5,2013.0,158.5,0.560185,fail_higher,0.560185,0.12037,overlap,0.0,1.250926
cntvaluein3_locked_only,direct,direct_max__idelay_data_cntvaluein__lane0__dq5__ctrl_1__endpoint__value_ps,direct_max,idelay_data_cntvaluein,lane0,dq5,1,endpoint,27,16,806.0,1401.0,2180.0,875.0,1244.5,1958.0,-156.5,0.439815,fail_lower,0.560185,-0.12037,overlap,0.0,1.250926
cntvaluein3_locked_only,skew,signed_dqs_minus_dq_bit__idelay_cntvaluein_skew__lane0__dq2__ctrl_0__dqs_vs_dq_bit__value_ps,signed_dqs_minus_dq_bit,idelay_cntvaluein_skew,lane0,dq2,0,dqs_vs_dq_bit,27,16,-1381.0,9.0,766.0,-788.0,-132.0,359.0,-141.0,0.439815,fail_lower,0.560185,-0.12037,overlap,0.0,1.250926
cntvaluein3_locked_only,skew,signed_dqs_minus_dq_median__idelay_cntvaluein_skew__lane0__dqs0__ctrl_2__dqs_vs_dq_lane__value_ps,signed_dqs_minus_dq_median,idelay_cntvaluein_skew,lane0,dqs0,2,dqs_vs_dq_lane,27,16,-916.0,71.5,919.0,-888.5,-69.25,565.0,-140.75,0.439815,fail_lower,0.560185,-0.12037,overlap,0.0,1.250926
cntvaluein3_locked_only,skew,abs_dqs_minus_dq_bit__idelay_cntvaluein_skew__lane1__dq13__ctrl_3__dqs_vs_dq_bit__value_ps,abs_dqs_minus_dq_bit,idelay_cntvaluein_skew,lane1,dq13,3,dqs_vs_dq_bit,27,16,0.0,222.0,658.0,11.0,296.5,875.0,74.5,0.560185,fail_higher,0.560185,0.12037,overlap,0.0,1.250926
cntvaluein3_locked_only,skew,signed_dqs_minus_dq_bit__idelay_cntvaluein_skew__lane0__dq7__ctrl_3__dqs_vs_dq_bit__value_ps,signed_dqs_minus_dq_bit,idelay_cntvaluein_skew,lane0,dq7,3,dqs_vs_dq_bit,27,16,-756.0,8.0,391.0,-820.0,-52.5,988.0,-60.5,0.560185,fail_higher,0.560185,0.12037,overlap,0.0,1.250926
cntvaluein3_locked_only,direct,cntvaluein_bus_skew__idelay_data_cntvaluein__lane0__dq5__ctrl_none__dq5__value_ps,cntvaluein_bus_skew,idelay_data_cntvaluein,lane0,dq5,,dq5,27,16,334.0,852.0,1310.0,341.0,795.5,1178.0,-56.5,0.439815,fail_lower,0.560185,-0.12037,overlap,0.0,1.250926
cntvaluein3_locked_only,direct,direct_max__idelay_ld__lane0__dq5__ctrl_none__endpoint__value_ps,direct_max,idelay_ld,lane0,dq5,,endpoint,27,16,1159.0,1363.0,1968.0,1054.0,1352.5,1753.0,-10.5,0.439815,fail_lower,0.560185,-0.12037,overlap,0.0,1.250926
cntvaluein3_locked_only,direct,direct_max__idelay_data_cntvaluein__lane1__dq15__ctrl_4__endpoint__value_ps,direct_max,idelay_data_cntvaluein,lane1,dq15,4,endpoint,27,16,411.0,903.0,1810.0,418.0,1162.0,1447.0,259.0,0.440972,fail_lower,0.559028,-0.118056,overlap,0.0,1.226869
cntvaluein3_locked_only,direct,direct_max__dq_iologic__lane1__dq12__ctrl_none__endpoint__value_ps,direct_max,dq_iologic,lane1,dq12,,endpoint,27,16,1756.0,2384.0,3197.0,1924.0,2312.5,3193.0,-71.5,0.440972,fail_lower,0.559028,-0.118056,overlap,0.0,1.226869
cntvaluein3_locked_only,skew,abs_dqs_minus_dq_bit__idelay_cntvaluein_skew__lane0__dq0__ctrl_0__dqs_vs_dq_bit__value_ps,abs_dqs_minus_dq_bit,idelay_cntvaluein_skew,lane0,dq0,0,dqs_vs_dq_bit,27,16,31.0,285.0,1470.0,33.0,244.5,724.0,-40.5,0.440972,fail_lower,0.559028,-0.118056,overlap,0.0,1.226869
cntvaluein3_locked_only,skew,signed_lane1_minus_lane0_dq_median__idelay_cntvaluein_skew__all__no_bit__ctrl_4__lane1_vs_lane0_dq__value_ps,signed_lane1_minus_lane0_dq_median,idelay_cntvaluein_skew,all,,4,lane1_vs_lane0_dq,27,16,-762.5,-377.5,97.5,-664.0,-346.0,-96.0,31.5,0.559028,fail_higher,0.559028,0.118056,overlap,0.0,1.226869
cntvaluein3_locked_only,direct,direct_max__idelay_ld__lane1__dq11__ctrl_none__endpoint__value_ps,direct_max,idelay_ld,lane1,dq11,,endpoint,27,16,958.0,1279.0,1669.0,953.0,1397.5,1651.0,118.5,0.55787,fail_higher,0.55787,0.115741,overlap,0.0,1.202813
cntvaluein3_locked_only,skew,abs_dqs_minus_dq_bit__idelay_cntvaluein_skew__lane0__dq2__ctrl_0__dqs_vs_dq_bit__value_ps,abs_dqs_minus_dq_bit,idelay_cntvaluein_skew,lane0,dq2,0,dqs_vs_dq_bit,27,16,9.0,391.0,1381.0,96.0,280.0,788.0,-111.0,0.44213,fail_lower,0.55787,-0.115741,overlap,0.0,1.202813
cntvaluein3_locked_only,direct,direct_max__idelay_data_cntvaluein__lane1__dq8__ctrl_3__endpoint__value_ps,direct_max,idelay_data_cntvaluein,lane1,dq8,3,endpoint,27,16,1179.0,1853.0,2516.0,1161.0,1767.5,2108.0,-85.5,0.44213,fail_lower,0.55787,-0.115741,overlap,0.0,1.202813
cntvaluein3_locked_only,skew,abs_ld_minus_cntvaluein_dq_median__idelay_ld_cntvaluein_skew__lane0__no_bit__ctrl_2__ld_vs_cntvaluein_dq_lane__value_ps,abs_ld_minus_cntvaluein_dq_median,idelay_ld_cntvaluein_skew,lane0,,2,ld_vs_cntvaluein_dq_lane,27,16,13.0,278.5,713.0,59.0,315.25,1017.0,36.75,0.55787,fail_higher,0.55787,0.115741,overlap,0.0,1.202813
cntvaluein3_locked_only,direct,direct_max__idelay_data_cntvaluein__lane0__dq7__ctrl_0__endpoint__value_ps,direct_max,idelay_data_cntvaluein,lane0,dq7,0,endpoint,27,16,893.0,1493.0,2332.0,853.0,1514.5,2375.0,21.5,0.55787,fail_higher,0.55787,0.115741,overlap,0.0,1.202813
cntvaluein3_locked_only,skew,abs_dqs_minus_dq_bit__idelay_cntvaluein_skew__lane1__dq9__ctrl_1__dqs_vs_dq_bit__value_ps,abs_dqs_minus_dq_bit,idelay_cntvaluein_skew,lane1,dq9,1,dqs_vs_dq_bit,27,16,42.0,286.0,1374.0,31.0,276.5,1350.0,-9.5,0.44213,fail_lower,0.55787,-0.115741,overlap,0.0,1.202813
cntvaluein3_locked_only,skew,signed_dqs_minus_dq_bit__idelay_cntvaluein_skew__lane1__dq9__ctrl_3__dqs_vs_dq_bit__value_ps,signed_dqs_minus_dq_bit,idelay_cntvaluein_skew,lane1,dq9,3,dqs_vs_dq_bit,27,16,-576.0,163.0,744.0,-243.0,157.5,939.0,-5.5,0.55787,fail_higher,0.55787,0.115741,overlap,0.0,1.202813
cntvaluein3_locked_only,skew,dq_bus_skew_range__idelay_cntvaluein_skew__lane0__no_bit__ctrl_none__dq_lane_bus_skew__value_ps,dq_bus_skew_range,idelay_cntvaluein_skew,lane0,,,dq_lane_bus_skew,27,16,163.0,359.0,778.0,188.0,376.5,594.0,17.5,0.443287,fail_lower,0.556713,-0.113426,overlap,0.0,1.178757
cntvaluein3_locked_only,direct,direct_max__idelay_data_cntvaluein__lane1__dq12__ctrl_4__endpoint__value_ps,direct_max,idelay_data_cntvaluein,lane1,dq12,4,endpoint,27,16,709.0,1317.0,1850.0,680.0,1140.0,1797.0,-177.0,0.444444,fail_lower,0.555556,-0.111111,overlap,0.0,1.154701
cntvaluein3_locked_only,direct,direct_max__idelay_data_cntvaluein__lane1__dq9__ctrl_4__endpoint__value_ps,direct_max,idelay_data_cntvaluein,lane1,dq9,4,endpoint,27,16,499.0,957.0,1899.0,407.0,1071.0,1511.0,114.0,0.444444,fail_lower,0.555556,-0.111111,overlap,0.0,1.154701
cntvaluein3_locked_only,skew,abs_dqs_minus_dq_bit__idelay_cntvaluein_skew__lane0__dq6__ctrl_2__dqs_vs_dq_bit__value_ps,abs_dqs_minus_dq_bit,idelay_cntvaluein_skew,lane0,dq6,2,dqs_vs_dq_bit,27,16,11.0,429.0,938.0,15.0,333.0,982.0,-96.0,0.444444,fail_lower,0.555556,-0.111111,overlap,0.0,1.154701
cntvaluein3_locked_only,direct,direct_max__idelay_data_cntvaluein__lane0__dq3__ctrl_1__endpoint__value_ps,direct_max,idelay_data_cntvaluein,lane0,dq3,1,endpoint,27,16,680.0,1309.0,2221.0,791.0,1246.0,1922.0,-63.0,0.444444,fail_lower,0.555556,-0.111111,overlap,0.0,1.154701
cntvaluein3_locked_only,skew,abs_ld_minus_cntvaluein_dq_median__idelay_ld_cntvaluein_skew__lane0__no_bit__ctrl_0__ld_vs_cntvaluein_dq_lane__value_ps,abs_ld_minus_cntvaluein_dq_median,idelay_ld_cntvaluein_skew,lane0,,0,ld_vs_cntvaluein_dq_lane,27,16,96.0,353.0,647.0,6.0,402.75,816.0,49.75,0.555556,fail_higher,0.555556,0.111111,overlap,0.0,1.154701
cntvaluein3_locked_only,direct,cntvaluein_bus_skew__idelay_dqs_cntvaluein__lane0__dqs0__ctrl_none__dqs0__value_ps,cntvaluein_bus_skew,idelay_dqs_cntvaluein,lane0,dqs0,,dqs0,27,16,242.0,679.0,1542.0,473.0,719.0,1271.0,40.0,0.555556,fail_higher,0.555556,0.111111,overlap,0.0,1.154701
cntvaluein3_locked_only,direct,lane_spread__idelay_dqs_cntvaluein__lane0__no_bit__ctrl_none__lane__value_ps,lane_spread,idelay_dqs_cntvaluein,lane0,,,lane,27,16,242.0,679.0,1542.0,473.0,719.0,1271.0,40.0,0.555556,fail_higher,0.555556,0.111111,overlap,0.0,1.154701
cntvaluein3_locked_only,direct,direct_max__dq_iologic__lane1__dq8__ctrl_none__endpoint__value_ps,direct_max,dq_iologic,lane1,dq8,,endpoint,27,16,1605.0,2499.0,3509.0,1902.0,2365.0,3477.0,-134.0,0.445602,fail_lower,0.554398,-0.108796,overlap,0.0,1.130644
cntvaluein3_locked_only,skew,signed_dqs_minus_dq_bit__idelay_cntvaluein_skew__lane0__dq2__ctrl_2__dqs_vs_dq_bit__value_ps,signed_dqs_minus_dq_bit,idelay_cntvaluein_skew,lane0,dq2,2,dqs_vs_dq_bit,27,16,-894.0,34.0,997.0,-890.0,-86.0,753.0,-120.0,0.445602,fail_lower,0.554398,-0.108796,overlap,0.0,1.130644
cntvaluein3_locked_only,direct,control_fanout_spread__idelay_data_cntvaluein__lane0__no_bit__ctrl_3__lane_control_bit__value_ps,control_fanout_spread,idelay_data_cntvaluein,lane0,,3,lane_control_bit,27,16,208.0,315.0,848.0,180.0,313.5,639.0,-1.5,0.445602,fail_lower,0.554398,-0.108796,overlap,0.0,1.130644
cntvaluein3_locked_only,skew,dq_lane_range__idelay_cntvaluein_skew__lane0__no_bit__ctrl_3__dq_lane__value_ps,dq_lane_range,idelay_cntvaluein_skew,lane0,,3,dq_lane,27,16,208.0,315.0,848.0,180.0,313.5,639.0,-1.5,0.445602,fail_lower,0.554398,-0.108796,overlap,0.0,1.130644
cntvaluein3_locked_only,direct,direct_max__idelay_data_cntvaluein__lane1__dq14__ctrl_4__endpoint__value_ps,direct_max,idelay_data_cntvaluein,lane1,dq14,4,endpoint,27,16,559.0,1317.0,1868.0,648.0,1148.5,1743.0,-168.5,0.446759,fail_lower,0.553241,-0.106481,overlap,0.0,1.106588
cntvaluein3_locked_only,skew,abs_dqs_minus_dq_bit__idelay_cntvaluein_skew__lane1__dq15__ctrl_1__dqs_vs_dq_bit__value_ps,abs_dqs_minus_dq_bit,idelay_cntvaluein_skew,lane1,dq15,1,dqs_vs_dq_bit,27,16,133.0,291.0,1381.0,42.0,239.5,1440.0,-51.5,0.446759,fail_lower,0.553241,-0.106481,overlap,0.0,1.106588
cntvaluein3_locked_only,skew,signed_dqs_minus_dq_bit__idelay_cntvaluein_skew__lane0__dq5__ctrl_1__dqs_vs_dq_bit__value_ps,signed_dqs_minus_dq_bit,idelay_cntvaluein_skew,lane0,dq5,1,dqs_vs_dq_bit,27,16,-681.0,153.0,980.0,-154.0,193.5,1298.0,40.5,0.553241,fail_higher,0.553241,0.106481,overlap,0.0,1.106588
cntvaluein3_locked_only,direct,direct_max__idelay_data_cntvaluein__lane0__dq5__ctrl_4__endpoint__value_ps,direct_max,idelay_data_cntvaluein,lane0,dq5,4,endpoint,27,16,824.0,1388.0,2246.0,787.0,1376.0,1901.0,-12.0,0.447917,fail_lower,0.552083,-0.104167,overlap,0.0,1.082532
cntvaluein3_locked_only,direct,direct_max__idelay_data_cntvaluein__lane1__dq10__ctrl_4__endpoint__value_ps,direct_max,idelay_data_cntvaluein,lane1,dq10,4,endpoint,27,16,651.0,1258.0,1988.0,592.0,1256.0,1745.0,-2.0,0.447917,fail_lower,0.552083,-0.104167,overlap,0.0,1.082532
cntvaluein3_locked_only,direct,direct_max__idelay_ld__lane1__dq12__ctrl_none__endpoint__value_ps,direct_max,idelay_ld,lane1,dq12,,endpoint,27,16,1044.0,1409.0,1707.0,999.0,1353.0,1677.0,-56.0,0.449074,fail_lower,0.550926,-0.101852,overlap,0.0,1.058475
cntvaluein3_locked_only,skew,abs_dqs_minus_dq_bit__idelay_cntvaluein_skew__lane0__dq5__ctrl_3__dqs_vs_dq_bit__value_ps,abs_dqs_minus_dq_bit,idelay_cntvaluein_skew,lane0,dq5,3,dqs_vs_dq_bit,27,16,36.0,268.0,685.0,60.0,317.5,1100.0,49.5,0.550926,fail_higher,0.550926,0.101852,overlap,0.0,1.058475
cntvaluein3_locked_only,skew,signed_dqs_minus_dq_bit__idelay_cntvaluein_skew__lane0__dq3__ctrl_3__dqs_vs_dq_bit__value_ps,signed_dqs_minus_dq_bit,idelay_cntvaluein_skew,lane0,dq3,3,dqs_vs_dq_bit,27,16,-519.0,147.0,776.0,-312.0,170.5,1246.0,23.5,0.550926,fail_higher,0.550926,0.101852,overlap,0.0,1.058475
cntvaluein3_locked_only,skew,signed_lane1_minus_lane0_dqs__idelay_cntvaluein_skew__all__no_bit__ctrl_2__lane1_vs_lane0_dqs__value_ps,signed_lane1_minus_lane0_dqs,idelay_cntvaluein_skew,all,,2,lane1_vs_lane0_dqs,27,16,-450.0,-261.0,92.0,-488.0,-272.0,107.0,-11.0,0.449074,fail_lower,0.550926,-0.101852,overlap,0.0,1.058475
cntvaluein3_locked_only,skew,abs_ld_minus_cntvaluein_dq_median__idelay_ld_cntvaluein_skew__lane0__no_bit__ctrl_4__ld_vs_cntvaluein_dq_lane__value_ps,abs_ld_minus_cntvaluein_dq_median,idelay_ld_cntvaluein_skew,lane0,,4,ld_vs_cntvaluein_dq_lane,27,16,75.5,244.5,631.5,35.5,255.0,904.0,10.5,0.449074,fail_lower,0.550926,-0.101852,overlap,0.0,1.058475
cntvaluein3_locked_only,skew,signed_dqs_minus_dq_bit__idelay_cntvaluein_skew__lane1__dq10__ctrl_4__dqs_vs_dq_bit__value_ps,signed_dqs_minus_dq_bit,idelay_cntvaluein_skew,lane1,dq10,4,dqs_vs_dq_bit,27,16,-612.0,-158.0,862.0,-401.0,19.5,564.0,177.5,0.549769,fail_higher,0.549769,0.099537,overlap,0.0,1.034419
cntvaluein3_locked_only,skew,signed_dqs_minus_dq_median__idelay_cntvaluein_skew__lane1__dqs1__ctrl_4__dqs_vs_dq_lane__value_ps,signed_dqs_minus_dq_median,idelay_cntvaluein_skew,lane1,dqs1,4,dqs_vs_dq_lane,27,16,-536.5,-91.0,836.5,-357.5,85.25,594.5,176.25,0.549769,fail_higher,0.549769,0.099537,overlap,0.0,1.034419
cntvaluein3_locked_only,direct,direct_max__dqs_iologic__lane0__dqs0__ctrl_none__endpoint__value_ps,direct_max,dqs_iologic,lane0,dqs0,,endpoint,27,16,1921.0,2970.0,4125.0,2339.0,3062.5,4289.0,92.5,0.548611,fail_higher,0.548611,0.097222,overlap,0.0,1.010363
cntvaluein3_locked_only,direct,lane_spread__dqs_iologic__lane0__no_bit__ctrl_none__lane__value_ps,lane_spread,dqs_iologic,lane0,,,lane,27,16,1921.0,2970.0,4125.0,2339.0,3062.5,4289.0,92.5,0.548611,fail_higher,0.548611,0.097222,overlap,0.0,1.010363
cntvaluein3_locked_only,direct,direct_max__idelay_data_cntvaluein__lane1__dq15__ctrl_1__endpoint__value_ps,direct_max,idelay_data_cntvaluein,lane1,dq15,1,endpoint,27,16,416.0,1082.0,1664.0,407.0,1001.0,1626.0,-81.0,0.451389,fail_lower,0.548611,-0.097222,overlap,0.0,1.010363
cntvaluein3_locked_only,skew,signed_dqs_minus_dq_bit__idelay_cntvaluein_skew__lane1__dq12__ctrl_3__dqs_vs_dq_bit__value_ps,signed_dqs_minus_dq_bit,idelay_cntvaluein_skew,lane1,dq12,3,dqs_vs_dq_bit,27,16,-693.0,-100.0,714.0,-464.0,-91.0,855.0,9.0,0.548611,fail_higher,0.548611,0.097222,overlap,0.0,1.010363
cntvaluein3_locked_only,direct,cntvaluein_bus_skew__idelay_data_cntvaluein__lane1__dq9__ctrl_none__dq9__value_ps,cntvaluein_bus_skew,idelay_data_cntvaluein,lane1,dq9,,dq9,27,16,225.0,700.0,1529.0,276.0,693.5,1042.0,-6.5,0.451389,fail_lower,0.548611,-0.097222,overlap,0.0,1.010363
cntvaluein3_locked_only,skew,abs_ld_minus_cntvaluein_dqs__idelay_ld_cntvaluein_skew__lane1__dqs1__ctrl_2__ld_vs_cntvaluein_dqs__value_ps,abs_ld_minus_cntvaluein_dqs,idelay_ld_cntvaluein_skew,lane1,dqs1,2,ld_vs_cntvaluein_dqs,27,16,3.0,240.0,837.0,89.0,245.5,910.0,5.5,0.548611,fail_higher,0.548611,0.097222,overlap,0.0,1.010363
cntvaluein3_locked_only,direct,direct_max__idelay_data_cntvaluein__lane1__dq13__ctrl_4__endpoint__value_ps,direct_max,idelay_data_cntvaluein,lane1,dq13,4,endpoint,27,16,541.0,1001.0,1907.0,451.0,1184.5,1741.0,183.5,0.452546,fail_lower,0.547454,-0.094907,overlap,0.0,0.986307
cntvaluein3_locked_only,direct,direct_max__dq_iologic__lane0__dq3__ctrl_none__endpoint__value_ps,direct_max,dq_iologic,lane0,dq3,,endpoint,27,16,1973.0,2453.0,3448.0,2085.0,2437.0,3249.0,-16.0,0.452546,fail_lower,0.547454,-0.094907,overlap,0.0,0.986307
cntvaluein3_locked_only,skew,signed_dqs_minus_dq_bit__idelay_cntvaluein_skew__lane1__dq15__ctrl_4__dqs_vs_dq_bit__value_ps,signed_dqs_minus_dq_bit,idelay_cntvaluein_skew,lane1,dq15,4,dqs_vs_dq_bit,27,16,-717.0,140.0,1044.0,-234.0,296.5,736.0,156.5,0.546296,fail_higher,0.546296,0.092593,overlap,0.0,0.96225
cntvaluein3_locked_only,skew,signed_dqs_minus_dq_bit__idelay_cntvaluein_skew__lane0__dq3__ctrl_1__dqs_vs_dq_bit__value_ps,signed_dqs_minus_dq_bit,idelay_cntvaluein_skew,lane0,dq3,1,dqs_vs_dq_bit,27,16,-671.0,169.0,1048.0,-239.0,278.5,1382.0,109.5,0.546296,fail_higher,0.546296,0.092593,overlap,0.0,0.96225
cntvaluein3_locked_only,skew,signed_dqs_minus_dq_bit__idelay_cntvaluein_skew__lane1__dq9__ctrl_0__dqs_vs_dq_bit__value_ps,signed_dqs_minus_dq_bit,idelay_cntvaluein_skew,lane1,dq9,0,dqs_vs_dq_bit,27,16,-537.0,105.0,1127.0,-468.0,86.0,801.0,-19.0,0.453704,fail_lower,0.546296,-0.092593,overlap,0.0,0.96225
cntvaluein3_locked_only,skew,signed_dqs_minus_dq_median__idelay_cntvaluein_skew__lane1__dqs1__ctrl_3__dqs_vs_dq_lane__value_ps,signed_dqs_minus_dq_median,idelay_cntvaluein_skew,lane1,dqs1,3,dqs_vs_dq_lane,27,16,-545.5,6.0,631.5,-349.5,-9.5,809.0,-15.5,0.546296,fail_higher,0.546296,0.092593,overlap,0.0,0.96225
cntvaluein3_locked_only,skew,signed_dqs_minus_dq_bit__idelay_cntvaluein_skew__lane0__dq5__ctrl_4__dqs_vs_dq_bit__value_ps,signed_dqs_minus_dq_bit,idelay_cntvaluein_skew,lane0,dq5,4,dqs_vs_dq_bit,27,16,-595.0,47.0,1021.0,-408.0,173.0,536.0,126.0,0.545139,fail_higher,0.545139,0.090278,overlap,0.0,0.938194
cntvaluein3_locked_only,skew,abs_ld_minus_cntvaluein_dqs__idelay_ld_cntvaluein_skew__lane1__dqs1__ctrl_1__ld_vs_cntvaluein_dqs__value_ps,abs_ld_minus_cntvaluein_dqs,idelay_ld_cntvaluein_skew,lane1,dqs1,1,ld_vs_cntvaluein_dqs,27,16,31.0,319.0,969.0,46.0,229.5,915.0,-89.5,0.454861,fail_lower,0.545139,-0.090278,overlap,0.0,0.938194
cntvaluein3_locked_only,direct,direct_max__idelay_data_cntvaluein__lane0__dq0__ctrl_4__endpoint__value_ps,direct_max,idelay_data_cntvaluein,lane0,dq0,4,endpoint,27,16,875.0,1378.0,2183.0,870.0,1431.5,1980.0,53.5,0.454861,fail_lower,0.545139,-0.090278,overlap,0.0,0.938194
cntvaluein3_locked_only,direct,direct_max__idelay_data_cntvaluein__lane0__dq1__ctrl_0__endpoint__value_ps,direct_max,idelay_data_cntvaluein,lane0,dq1,0,endpoint,27,16,930.0,1368.0,2150.0,873.0,1406.5,2193.0,38.5,0.545139,fail_higher,0.545139,0.090278,overlap,0.0,0.938194
cntvaluein3_locked_only,direct,direct_max__idelay_data_cntvaluein__lane1__dq10__ctrl_3__endpoint__value_ps,direct_max,idelay_data_cntvaluein,lane1,dq10,3,endpoint,27,16,1271.0,1748.0,2249.0,1241.0,1715.0,2061.0,-33.0,0.454861,fail_lower,0.545139,-0.090278,overlap,0.0,0.938194
cntvaluein3_locked_only,direct,direct_max__idelay_dqs_cntvaluein__lane1__dqs1__ctrl_4__endpoint__value_ps,direct_max,idelay_dqs_cntvaluein,lane1,dqs1,4,endpoint,27,16,612.0,1366.0,1748.0,580.0,1195.0,1774.0,-171.0,0.456019,fail_lower,0.543981,-0.087963,overlap,0.0,0.914138
cntvaluein3_locked_only,skew,signed_dqs_minus_dq_bit__idelay_cntvaluein_skew__lane0__dq3__ctrl_4__dqs_vs_dq_bit__value_ps,signed_dqs_minus_dq_bit,idelay_cntvaluein_skew,lane0,dq3,4,dqs_vs_dq_bit,27,16,-684.0,38.0,1036.0,-321.0,176.5,599.0,138.5,0.543981,fail_higher,0.543981,0.087963,overlap,0.0,0.914138
cntvaluein3_locked_only,direct,direct_max__idelay_data_cntvaluein__lane0__dq0__ctrl_2__endpoint__value_ps,direct_max,idelay_data_cntvaluein,lane0,dq0,2,endpoint,27,16,919.0,1251.0,2128.0,962.0,1347.5,2154.0,96.5,0.543981,fail_higher,0.543981,0.087963,overlap,0.0,0.914138
cntvaluein3_locked_only,skew,signed_ld_minus_cntvaluein_dqs__idelay_ld_cntvaluein_skew__lane1__dqs1__ctrl_1__ld_vs_cntvaluein_dqs__value_ps,signed_ld_minus_cntvaluein_dqs,idelay_ld_cntvaluein_skew,lane1,dqs1,1,ld_vs_cntvaluein_dqs,27,16,-755.0,-35.0,969.0,-740.0,-108.0,915.0,-73.0,0.456019,fail_lower,0.543981,-0.087963,overlap,0.0,0.914138
cntvaluein3_locked_only,direct,direct_max__idelay_data_cntvaluein__lane0__dq7__ctrl_4__endpoint__value_ps,direct_max,idelay_data_cntvaluein,lane0,dq7,4,endpoint,27,16,1120.0,1575.0,2450.0,991.0,1646.0,2115.0,71.0,0.456019,fail_lower,0.543981,-0.087963,overlap,0.0,0.914138
cntvaluein3_locked_only,skew,abs_dqs_minus_dq_bit__idelay_cntvaluein_skew__lane1__dq15__ctrl_4__dqs_vs_dq_bit__value_ps,abs_dqs_minus_dq_bit,idelay_cntvaluein_skew,lane1,dq15,4,dqs_vs_dq_bit,27,16,34.0,355.0,1044.0,6.0,296.5,736.0,-58.5,0.456019,fail_lower,0.543981,-0.087963,overlap,0.0,0.914138
cntvaluein3_locked_only,direct,direct_max__idelay_data_cntvaluein__lane1__dq11__ctrl_4__endpoint__value_ps,direct_max,idelay_data_cntvaluein,lane1,dq11,4,endpoint,27,16,575.0,1042.0,1820.0,556.0,1097.0,1656.0,55.0,0.456019,fail_lower,0.543981,-0.087963,overlap,0.0,0.914138
cntvaluein3_locked_only,skew,abs_dqs_bus_skew_minus_dq_median__idelay_cntvaluein_skew__lane1__dqs1__ctrl_none__dqs_vs_dq_bus_skew__value_ps,abs_dqs_bus_skew_minus_dq_median,idelay_cntvaluein_skew,lane1,dqs1,,dqs_vs_dq_bus_skew,27,16,2.5,249.5,955.0,1.5,206.0,717.0,-43.5,0.456019,fail_lower,0.543981,-0.087963,overlap,0.0,0.914138
cntvaluein3_locked_only,skew,signed_dqs_minus_dq_bit__idelay_cntvaluein_skew__lane0__dq2__ctrl_4__dqs_vs_dq_bit__value_ps,signed_dqs_minus_dq_bit,idelay_cntvaluein_skew,lane0,dq2,4,dqs_vs_dq_bit,27,16,-1041.0,-28.0,1004.0,-561.0,3.5,652.0,31.5,0.543981,fail_higher,0.543981,0.087963,overlap,0.0,0.914138
cntvaluein3_locked_only,skew,signed_dqs_minus_dq_bit__idelay_cntvaluein_skew__lane1__dq15__ctrl_3__dqs_vs_dq_bit__value_ps,signed_dqs_minus_dq_bit,idelay_cntvaluein_skew,lane1,dq15,3,dqs_vs_dq_bit,27,16,-484.0,159.0,829.0,-158.0,186.5,940.0,27.5,0.543981,fail_higher,0.543981,0.087963,overlap,0.0,0.914138
cntvaluein3_locked_only,skew,abs_lane1_minus_lane0_dqs__idelay_cntvaluein_skew__all__no_bit__ctrl_1__lane1_vs_lane0_dqs__value_ps,abs_lane1_minus_lane0_dqs,idelay_cntvaluein_skew,all,,1,lane1_vs_lane0_dqs,27,16,2.0,275.0,523.0,15.0,285.5,420.0,10.5,0.543981,fail_higher,0.543981,0.087963,overlap,0.0,0.914138
cntvaluein3_locked_only,skew,signed_dqs_minus_dq_bit__idelay_cntvaluein_skew__lane1__dq11__ctrl_4__dqs_vs_dq_bit__value_ps,signed_dqs_minus_dq_bit,idelay_cntvaluein_skew,lane1,dq11,4,dqs_vs_dq_bit,27,16,-580.0,-5.0,913.0,-308.0,129.5,649.0,134.5,0.542824,fail_higher,0.542824,0.085648,overlap,0.0,0.890082
cntvaluein3_locked_only,direct,direct_max__idelay_data_cntvaluein__lane0__dq4__ctrl_1__endpoint__value_ps,direct_max,idelay_data_cntvaluein,lane0,dq4,1,endpoint,27,16,939.0,1518.0,2510.0,939.0,1393.5,2138.0,-124.5,0.457176,fail_lower,0.542824,-0.085648,overlap,0.0,0.890082
cntvaluein3_locked_only,skew,abs_dqs_minus_dq_bit__idelay_cntvaluein_skew__lane1__dq15__ctrl_3__dqs_vs_dq_bit__value_ps,abs_dqs_minus_dq_bit,idelay_cntvaluein_skew,lane1,dq15,3,dqs_vs_dq_bit,27,16,11.0,275.0,829.0,35.0,190.0,940.0,-85.0,0.458333,fail_lower,0.541667,-0.083333,overlap,0.0,0.866025
cntvaluein3_locked_only,skew,abs_dqs_minus_dq_bit__idelay_cntvaluein_skew__lane1__dq9__ctrl_0__dqs_vs_dq_bit__value_ps,abs_dqs_minus_dq_bit,idelay_cntvaluein_skew,lane1,dq9,0,dqs_vs_dq_bit,27,16,31.0,217.0,1127.0,20.0,136.5,801.0,-80.5,0.458333,fail_lower,0.541667,-0.083333,overlap,0.0,0.866025
cntvaluein3_locked_only,skew,abs_dqs_minus_dq_median__idelay_cntvaluein_skew__lane1__dqs1__ctrl_0__dqs_vs_dq_lane__value_ps,abs_dqs_minus_dq_median,idelay_cntvaluein_skew,lane1,dqs1,0,dqs_vs_dq_lane,27,16,0.5,232.5,1021.5,35.0,205.0,834.5,-27.5,0.458333,fail_lower,0.541667,-0.083333,overlap,0.0,0.866025
cntvaluein3_locked_only,skew,signed_dqs_minus_dq_median__idelay_cntvaluein_skew__lane0__dqs0__ctrl_4__dqs_vs_dq_lane__value_ps,signed_dqs_minus_dq_median,idelay_cntvaluein_skew,lane0,dqs0,4,dqs_vs_dq_lane,27,16,-906.0,-72.5,1006.0,-470.0,-70.25,623.0,2.25,0.541667,fail_higher,0.541667,0.083333,overlap,0.0,0.866025
cntvaluein3_locked_only,direct,direct_max__dqs_iologic__lane1__dqs1__ctrl_none__endpoint__value_ps,direct_max,dqs_iologic,lane1,dqs1,,endpoint,27,16,1873.0,2740.0,3734.0,1950.0,2655.0,3900.0,-85.0,0.540509,fail_higher,0.540509,0.081019,overlap,0.0,0.841969
cntvaluein3_locked_only,direct,lane_spread__dqs_iologic__lane1__no_bit__ctrl_none__lane__value_ps,lane_spread,dqs_iologic,lane1,,,lane,27,16,1873.0,2740.0,3734.0,1950.0,2655.0,3900.0,-85.0,0.540509,fail_higher,0.540509,0.081019,overlap,0.0,0.841969
cntvaluein3_locked_only,direct,direct_max__dq_iologic__lane1__dq10__ctrl_none__endpoint__value_ps,direct_max,dq_iologic,lane1,dq10,,endpoint,27,16,1575.0,2328.0,2954.0,1636.0,2361.5,3108.0,33.5,0.540509,fail_higher,0.540509,0.081019,overlap,0.0,0.841969
cntvaluein3_locked_only,direct,direct_max__idelay_data_cntvaluein__lane0__dq2__ctrl_0__endpoint__value_ps,direct_max,idelay_data_cntvaluein,lane0,dq2,0,endpoint,27,16,805.0,1463.0,2244.0,769.0,1484.0,2288.0,21.0,0.540509,fail_higher,0.540509,0.081019,overlap,0.0,0.841969
cntvaluein3_locked_only,skew,signed_ld_minus_cntvaluein_dqs__idelay_ld_cntvaluein_skew__lane0__dqs0__ctrl_4__ld_vs_cntvaluein_dqs__value_ps,signed_ld_minus_cntvaluein_dqs,idelay_ld_cntvaluein_skew,lane0,dqs0,4,ld_vs_cntvaluein_dqs,27,16,-815.0,-170.0,661.0,-1135.0,-7.0,653.0,163.0,0.539352,fail_higher,0.539352,0.078704,overlap,0.0,0.817913
cntvaluein3_locked_only,direct,cntvaluein_bus_skew__idelay_data_cntvaluein__lane1__dq11__ctrl_none__dq11__value_ps,cntvaluein_bus_skew,idelay_data_cntvaluein,lane1,dq11,,dq11,27,16,202.0,787.0,1391.0,317.0,643.0,1190.0,-144.0,0.460648,fail_lower,0.539352,-0.078704,overlap,0.0,0.817913
cntvaluein3_locked_only,skew,signed_ld_minus_cntvaluein_dqs__idelay_ld_cntvaluein_skew__lane0__dqs0__ctrl_1__ld_vs_cntvaluein_dqs__value_ps,signed_ld_minus_cntvaluein_dqs,idelay_ld_cntvaluein_skew,lane0,dqs0,1,ld_vs_cntvaluein_dqs,27,16,-867.0,-76.0,707.0,-1230.0,41.0,765.0,117.0,0.539352,fail_higher,0.539352,0.078704,overlap,0.0,0.817913
cntvaluein3_locked_only,skew,signed_dqs_minus_dq_bit__idelay_cntvaluein_skew__lane0__dq6__ctrl_2__dqs_vs_dq_bit__value_ps,signed_dqs_minus_dq_bit,idelay_cntvaluein_skew,lane0,dq6,2,dqs_vs_dq_bit,27,16,-938.0,50.0,906.0,-982.0,-52.0,592.0,-102.0,0.460648,fail_lower,0.539352,-0.078704,overlap,0.0,0.817913
cntvaluein3_locked_only,skew,abs_dqs_minus_dq_median__idelay_cntvaluein_skew__lane0__dqs0__ctrl_0__dqs_vs_dq_lane__value_ps,abs_dqs_minus_dq_median,idelay_cntvaluein_skew,lane0,dqs0,0,dqs_vs_dq_lane,27,16,12.5,340.5,1469.5,29.0,243.25,786.5,-97.25,0.460648,fail_lower,0.539352,-0.078704,overlap,0.0,0.817913
cntvaluein3_locked_only,direct,direct_max__dq_iologic__lane0__dq2__ctrl_none__endpoint__value_ps,direct_max,dq_iologic,lane0,dq2,,endpoint,27,16,1661.0,2158.0,3233.0,1725.0,2092.5,3285.0,-65.5,0.539352,fail_higher,0.539352,0.078704,overlap,0.0,0.817913
cntvaluein3_locked_only,skew,abs_dqs_minus_dq_median__iologic_skew__lane1__dqs1__ctrl_none__dqs_vs_dq_lane__value_ps,abs_dqs_minus_dq_median,iologic_skew,lane1,dqs1,,dqs_vs_dq_lane,27,16,75.5,546.5,1593.5,10.5,484.75,1322.5,-61.75,0.460648,fail_lower,0.539352,-0.078704,overlap,0.0,0.817913
cntvaluein3_locked_only,skew,signed_ld_minus_cntvaluein_dqs__idelay_ld_cntvaluein_skew__lane1__dqs1__ctrl_4__ld_vs_cntvaluein_dqs__value_ps,signed_ld_minus_cntvaluein_dqs,idelay_ld_cntvaluein_skew,lane1,dqs1,4,ld_vs_cntvaluein_dqs,27,16,-665.0,11.0,640.0,-551.0,-9.0,898.0,-20.0,0.460648,fail_lower,0.539352,-0.078704,overlap,0.0,0.817913
cntvaluein3_locked_only,skew,signed_dqs_minus_dq_bit__idelay_cntvaluein_skew__lane1__dq8__ctrl_3__dqs_vs_dq_bit__value_ps,signed_dqs_minus_dq_bit,idelay_cntvaluein_skew,lane1,dq8,3,dqs_vs_dq_bit,27,16,-875.0,-192.0,725.0,-625.0,-153.0,855.0,39.0,0.538194,fail_higher,0.538194,0.076389,overlap,0.0,0.793857
cntvaluein3_locked_only,skew,signed_dqs_minus_dq_bit__idelay_cntvaluein_skew__lane0__dq5__ctrl_3__dqs_vs_dq_bit__value_ps,signed_dqs_minus_dq_bit,idelay_cntvaluein_skew,lane0,dq5,3,dqs_vs_dq_bit,27,16,-550.0,135.0,685.0,-342.0,169.5,1100.0,34.5,0.538194,fail_higher,0.538194,0.076389,overlap,0.0,0.793857
cntvaluein3_locked_only,direct,direct_max__idelay_data_cntvaluein__lane1__dq11__ctrl_1__endpoint__value_ps,direct_max,idelay_data_cntvaluein,lane1,dq11,1,endpoint,27,16,407.0,1111.0,1850.0,451.0,1178.0,1651.0,67.0,0.462963,fail_lower,0.537037,-0.074074,overlap,0.0,0.7698
cntvaluein3_locked_only,direct,direct_max__idelay_dqs_cntvaluein__lane0__dqs0__ctrl_1__endpoint__value_ps,direct_max,idelay_dqs_cntvaluein,lane0,dqs0,1,endpoint,27,16,768.0,1544.0,2049.0,864.0,1490.5,2289.0,-53.5,0.462963,fail_lower,0.537037,-0.074074,overlap,0.0,0.7698
cntvaluein3_locked_only,skew,signed_ld_minus_cntvaluein_dq_median__idelay_ld_cntvaluein_skew__lane1__no_bit__ctrl_1__ld_vs_cntvaluein_dq_lane__value_ps,signed_ld_minus_cntvaluein_dq_median,idelay_ld_cntvaluein_skew,lane1,,1,ld_vs_cntvaluein_dq_lane,27,16,-626.5,175.5,732.0,-413.5,222.0,720.5,46.5,0.537037,fail_higher,0.537037,0.074074,overlap,0.0,0.7698
cntvaluein3_locked_only,skew,signed_ld_minus_cntvaluein_dq_median__idelay_ld_cntvaluein_skew__lane1__no_bit__ctrl_4__ld_vs_cntvaluein_dq_lane__value_ps,signed_ld_minus_cntvaluein_dq_median,idelay_ld_cntvaluein_skew,lane1,,4,ld_vs_cntvaluein_dq_lane,27,16,-606.0,206.5,648.0,-385.5,163.75,761.0,-42.75,0.537037,fail_higher,0.537037,0.074074,overlap,0.0,0.7698
cntvaluein3_locked_only,skew,signed_dqs_minus_dq_bit__idelay_cntvaluein_skew__lane1__dq13__ctrl_4__dqs_vs_dq_bit__value_ps,signed_dqs_minus_dq_bit,idelay_cntvaluein_skew,lane1,dq13,4,dqs_vs_dq_bit,27,16,-669.0,71.0,825.0,-396.0,86.0,703.0,15.0,0.537037,fail_higher,0.537037,0.074074,overlap,0.0,0.7698
cntvaluein3_locked_only,skew,abs_dqs_minus_dq_median__idelay_cntvaluein_skew__lane0__dqs0__ctrl_3__dqs_vs_dq_lane__value_ps,abs_dqs_minus_dq_median,idelay_cntvaluein_skew,lane0,dqs0,3,dqs_vs_dq_lane,27,16,9.0,286.0,674.5,35.5,195.75,1132.0,-90.25,0.53588,fail_higher,0.53588,0.071759,overlap,0.0,0.745744
cntvaluein3_locked_only,direct,direct_max__idelay_data_cntvaluein__lane0__dq6__ctrl_0__endpoint__value_ps,direct_max,idelay_data_cntvaluein,lane0,dq6,0,endpoint,27,16,802.0,1463.0,2339.0,907.0,1522.5,2382.0,59.5,0.53588,fail_higher,0.53588,0.071759,overlap,0.0,0.745744
cntvaluein3_locked_only,direct,lane_spread__dq_iologic__lane0__no_bit__ctrl_none__lane__value_ps,lane_spread,dq_iologic,lane0,,,lane,27,16,2349.0,2696.0,3448.0,2270.0,2620.0,3447.0,-76.0,0.465278,fail_lower,0.534722,-0.069444,overlap,0.0,0.721688
cntvaluein3_locked_only,direct,direct_max__idelay_data_cntvaluein__lane0__dq0__ctrl_0__endpoint__value_ps,direct_max,idelay_data_cntvaluein,lane0,dq0,0,endpoint,27,16,870.0,1309.0,2062.0,788.0,1359.5,2105.0,50.5,0.534722,fail_higher,0.534722,0.069444,overlap,0.0,0.721688
cntvaluein3_locked_only,skew,signed_ld_minus_cntvaluein_dq_median__idelay_ld_cntvaluein_skew__lane0__no_bit__ctrl_2__ld_vs_cntvaluein_dq_lane__value_ps,signed_ld_minus_cntvaluein_dq_median,idelay_ld_cntvaluein_skew,lane0,,2,ld_vs_cntvaluein_dq_lane,27,16,-470.0,66.5,713.0,-1017.0,82.5,546.5,16.0,0.465278,fail_lower,0.534722,-0.069444,overlap,0.0,0.721688
cntvaluein3_locked_only,direct,direct_max__idelay_ld__lane0__dq7__ctrl_none__endpoint__value_ps,direct_max,idelay_ld,lane0,dq7,,endpoint,27,16,1207.0,1557.0,2058.0,1223.0,1549.5,2015.0,-7.5,0.465278,fail_lower,0.534722,-0.069444,overlap,0.0,0.721688
cntvaluein3_locked_only,direct,direct_max__idelay_data_cntvaluein__lane0__dq4__ctrl_2__endpoint__value_ps,direct_max,idelay_data_cntvaluein,lane0,dq4,2,endpoint,27,16,921.0,1379.0,2151.0,994.0,1430.5,2158.0,51.5,0.532407,fail_higher,0.532407,0.064815,overlap,0.0,0.673575
cntvaluein3_locked_only,skew,signed_dqs_minus_dq_bit__idelay_cntvaluein_skew__lane1__dq9__ctrl_4__dqs_vs_dq_bit__value_ps,signed_dqs_minus_dq_bit,idelay_cntvaluein_skew,lane1,dq9,4,dqs_vs_dq_bit,27,16,-804.0,232.0,956.0,-229.0,267.5,650.0,35.5,0.532407,fail_higher,0.532407,0.064815,overlap,0.0,0.673575
cntvaluein3_locked_only,skew,signed_dqs_minus_dq_bit__idelay_cntvaluein_skew__lane1__dq14__ctrl_3__dqs_vs_dq_bit__value_ps,signed_dqs_minus_dq_bit,idelay_cntvaluein_skew,lane1,dq14,3,dqs_vs_dq_bit,27,16,-783.0,-109.0,630.0,-549.0,-97.0,763.0,12.0,0.532407,fail_higher,0.532407,0.064815,overlap,0.0,0.673575
cntvaluein3_locked_only,skew,abs_dqs_minus_dq_bit__idelay_cntvaluein_skew__lane0__dq0__ctrl_3__dqs_vs_dq_bit__value_ps,abs_dqs_minus_dq_bit,idelay_cntvaluein_skew,lane0,dq0,3,dqs_vs_dq_bit,27,16,10.0,339.0,646.0,28.0,275.5,1167.0,-63.5,0.53125,fail_higher,0.53125,0.0625,overlap,0.0,0.649519
cntvaluein3_locked_only,direct,lane_spread__idelay_ld__lane0__no_bit__ctrl_none__lane__value_ps,lane_spread,idelay_ld,lane0,,,lane,27,16,176.0,345.0,719.0,181.0,331.5,559.0,-13.5,0.46875,fail_lower,0.53125,-0.0625,overlap,0.0,0.649519
cntvaluein3_locked_only,direct,direct_max__idelay_data_cntvaluein__lane0__dq7__ctrl_1__endpoint__value_ps,direct_max,idelay_data_cntvaluein,lane0,dq7,1,endpoint,27,16,907.0,1527.0,2604.0,1031.0,1530.5,2177.0,3.5,0.46875,fail_lower,0.53125,-0.0625,overlap,0.0,0.649519
cntvaluein3_locked_only,skew,signed_dqs_minus_dq_bit__idelay_cntvaluein_skew__lane0__dq7__ctrl_2__dqs_vs_dq_bit__value_ps,signed_dqs_minus_dq_bit,idelay_cntvaluein_skew,lane0,dq7,2,dqs_vs_dq_bit,27,16,-882.0,23.0,835.0,-981.0,-117.0,668.0,-140.0,0.469907,fail_lower,0.530093,-0.060185,overlap,0.0,0.625463
cntvaluein3_locked_only,direct,direct_max__dq_iologic__lane1__dq13__ctrl_none__endpoint__value_ps,direct_max,dq_iologic,lane1,dq13,,endpoint,27,16,1886.0,2265.0,2851.0,1863.0,2183.0,3003.0,-82.0,0.469907,fail_lower,0.530093,-0.060185,overlap,0.0,0.625463
cntvaluein3_locked_only,skew,abs_ld_minus_cntvaluein_dq_median__idelay_ld_cntvaluein_skew__lane1__no_bit__ctrl_0__ld_vs_cntvaluein_dq_lane__value_ps,abs_ld_minus_cntvaluein_dq_median,idelay_ld_cntvaluein_skew,lane1,,0,ld_vs_cntvaluein_dq_lane,27,16,13.5,289.0,796.0,21.0,239.75,754.5,-49.25,0.469907,fail_lower,0.530093,-0.060185,overlap,0.0,0.625463
cntvaluein3_locked_only,direct,direct_max__dq_iologic__lane1__dq9__ctrl_none__endpoint__value_ps,direct_max,dq_iologic,lane1,dq9,,endpoint,27,16,1861.0,2209.0,3151.0,1758.0,2239.5,2895.0,30.5,0.469907,fail_lower,0.530093,-0.060185,overlap,0.0,0.625463
cntvaluein3_locked_only,skew,signed_dqs_minus_dq_bit__idelay_cntvaluein_skew__lane0__dq2__ctrl_1__dqs_vs_dq_bit__value_ps,signed_dqs_minus_dq_bit,idelay_cntvaluein_skew,lane0,dq2,1,dqs_vs_dq_bit,27,16,-1181.0,-16.0,1048.0,-470.0,-42.0,993.0,-26.0,0.530093,fail_higher,0.530093,0.060185,overlap,0.0,0.625463
cntvaluein3_locked_only,direct,direct_max__idelay_data_cntvaluein__lane0__dq1__ctrl_4__endpoint__value_ps,direct_max,idelay_data_cntvaluein,lane0,dq1,4,endpoint,27,16,957.0,1465.0,2196.0,788.0,1489.0,2065.0,24.0,0.469907,fail_lower,0.530093,-0.060185,overlap,0.0,0.625463
cntvaluein3_locked_only,skew,signed_dqs_minus_dq_bit__idelay_cntvaluein_skew__lane1__dq11__ctrl_1__dqs_vs_dq_bit__value_ps,signed_dqs_minus_dq_bit,idelay_cntvaluein_skew,lane1,dq11,1,dqs_vs_dq_bit,27,16,-954.0,97.0,1348.0,-112.0,75.0,1216.0,-22.0,0.530093,fail_higher,0.530093,0.060185,overlap,0.0,0.625463
cntvaluein3_locked_only,skew,signed_lane1_minus_lane0_dqs__idelay_cntvaluein_skew__all__no_bit__ctrl_1__lane1_vs_lane0_dqs__value_ps,signed_lane1_minus_lane0_dqs,idelay_cntvaluein_skew,all,,1,lane1_vs_lane0_dqs,27,16,-523.0,-275.0,18.0,-420.0,-285.5,161.0,-10.5,0.469907,fail_lower,0.530093,-0.060185,overlap,0.0,0.625463
cntvaluein3_locked_only,direct,direct_max__idelay_data_cntvaluein__lane0__dq7__ctrl_2__endpoint__value_ps,direct_max,idelay_data_cntvaluein,lane0,dq7,2,endpoint,27,16,981.0,1350.0,2243.0,930.0,1359.0,2252.0,9.0,0.469907,fail_lower,0.530093,-0.060185,overlap,0.0,0.625463
cntvaluein3_locked_only,direct,control_fanout_spread__idelay_data_cntvaluein__lane0__no_bit__ctrl_1__lane_control_bit__value_ps,control_fanout_spread,idelay_data_cntvaluein,lane0,,1,lane_control_bit,27,16,173.0,356.0,624.0,176.0,368.5,658.0,12.5,0.528935,fail_higher,0.528935,0.05787,overlap,0.0,0.601407
cntvaluein3_locked_only,skew,dq_lane_range__idelay_cntvaluein_skew__lane0__no_bit__ctrl_1__dq_lane__value_ps,dq_lane_range,idelay_cntvaluein_skew,lane0,,1,dq_lane,27,16,173.0,356.0,624.0,176.0,368.5,658.0,12.5,0.528935,fail_higher,0.528935,0.05787,overlap,0.0,0.601407
cntvaluein3_locked_only,skew,signed_dqs_minus_dq_bit__idelay_cntvaluein_skew__lane0__dq6__ctrl_1__dqs_vs_dq_bit__value_ps,signed_dqs_minus_dq_bit,idelay_cntvaluein_skew,lane0,dq6,1,dqs_vs_dq_bit,27,16,-1275.0,8.0,1041.0,-451.0,-40.5,1036.0,-48.5,0.527778,fail_higher,0.527778,0.055556,overlap,0.0,0.57735
cntvaluein3_locked_only,direct,direct_max__idelay_dqs_cntvaluein__lane1__dqs1__ctrl_1__endpoint__value_ps,direct_max,idelay_dqs_cntvaluein,lane1,dqs1,1,endpoint,27,16,549.0,1350.0,1797.0,639.0,1310.5,1891.0,-39.5,0.472222,fail_lower,0.527778,-0.055556,overlap,0.0,0.57735
cntvaluein3_locked_only,skew,signed_dqs_minus_dq_bit__idelay_cntvaluein_skew__lane0__dq4__ctrl_1__dqs_vs_dq_bit__value_ps,signed_dqs_minus_dq_bit,idelay_cntvaluein_skew,lane0,dq4,1,dqs_vs_dq_bit,27,16,-1180.0,-33.0,968.0,-467.0,-64.5,965.0,-31.5,0.527778,fail_higher,0.527778,0.055556,overlap,0.0,0.57735
cntvaluein3_locked_only,direct,control_fanout_spread__idelay_data_cntvaluein__lane1__no_bit__ctrl_1__lane_control_bit__value_ps,control_fanout_spread,idelay_data_cntvaluein,lane1,,1,lane_control_bit,27,16,179.0,422.0,674.0,226.0,444.5,806.0,22.5,0.527778,fail_higher,0.527778,0.055556,overlap,0.0,0.57735
cntvaluein3_locked_only,skew,dq_lane_range__idelay_cntvaluein_skew__lane1__no_bit__ctrl_1__dq_lane__value_ps,dq_lane_range,idelay_cntvaluein_skew,lane1,,1,dq_lane,27,16,179.0,422.0,674.0,226.0,444.5,806.0,22.5,0.527778,fail_higher,0.527778,0.055556,overlap,0.0,0.57735
cntvaluein3_locked_only,direct,direct_max__idelay_data_cntvaluein__lane0__dq6__ctrl_2__endpoint__value_ps,direct_max,idelay_data_cntvaluein,lane0,dq6,2,endpoint,27,16,792.0,1424.0,2246.0,794.0,1438.0,2253.0,14.0,0.472222,fail_lower,0.527778,-0.055556,overlap,0.0,0.57735
cntvaluein3_locked_only,skew,signed_ld_minus_cntvaluein_dqs__idelay_ld_cntvaluein_skew__lane0__dqs0__ctrl_2__ld_vs_cntvaluein_dqs__value_ps,signed_ld_minus_cntvaluein_dqs,idelay_ld_cntvaluein_skew,lane0,dqs0,2,ld_vs_cntvaluein_dqs,27,16,-763.0,43.0,633.0,-855.0,47.5,974.0,4.5,0.527778,fail_higher,0.527778,0.055556,overlap,0.0,0.57735
cntvaluein3_locked_only,skew,abs_lane1_minus_lane0_dqs__idelay_cntvaluein_skew__all__no_bit__ctrl_0__lane1_vs_lane0_dqs__value_ps,abs_lane1_minus_lane0_dqs,idelay_cntvaluein_skew,all,,0,lane1_vs_lane0_dqs,27,16,97.0,278.0,684.0,31.0,280.0,671.0,2.0,0.527778,fail_higher,0.527778,0.055556,overlap,0.0,0.57735
cntvaluein3_locked_only,skew,abs_dqs_minus_dq_bit__idelay_cntvaluein_skew__lane0__dq5__ctrl_0__dqs_vs_dq_bit__value_ps,abs_dqs_minus_dq_bit,idelay_cntvaluein_skew,lane0,dq5,0,dqs_vs_dq_bit,27,16,5.0,260.0,983.0,74.0,259.5,873.0,-0.5,0.527778,fail_higher,0.527778,0.055556,overlap,0.0,0.57735
cntvaluein3_locked_only,direct,direct_max__idelayctrl__all__no_bit__ctrl_none__endpoint__value_ps,direct_max,idelayctrl,all,,,endpoint,27,16,1394.0,2625.0,2970.0,1488.0,2520.0,2951.0,-105.0,0.47338,fail_lower,0.52662,-0.053241,overlap,0.0,0.553294
cntvaluein3_locked_only,skew,abs_dqs_minus_dq_bit__idelay_cntvaluein_skew__lane0__dq3__ctrl_0__dqs_vs_dq_bit__value_ps,abs_dqs_minus_dq_bit,idelay_cntvaluein_skew,lane0,dq3,0,dqs_vs_dq_bit,27,16,0.0,339.0,982.0,0.0,244.5,785.0,-94.5,0.47338,fail_lower,0.52662,-0.053241,overlap,0.0,0.553294
cntvaluein3_locked_only,direct,direct_max__idelay_data_cntvaluein__lane1__dq9__ctrl_1__endpoint__value_ps,direct_max,idelay_data_cntvaluein,lane1,dq9,1,endpoint,27,16,423.0,1174.0,1754.0,499.0,1062.0,1718.0,-112.0,0.474537,fail_lower,0.525463,-0.050926,overlap,0.0,0.529238
cntvaluein3_locked_only,skew,signed_dqs_minus_dq_bit__idelay_cntvaluein_skew__lane0__dq7__ctrl_4__dqs_vs_dq_bit__value_ps,signed_dqs_minus_dq_bit,idelay_cntvaluein_skew,lane0,dq7,4,dqs_vs_dq_bit,27,16,-1126.0,-117.0,917.0,-650.0,-187.5,563.0,-70.5,0.525463,fail_higher,0.525463,0.050926,overlap,0.0,0.529238
cntvaluein3_locked_only,skew,abs_dqs_minus_dq_bit__idelay_cntvaluein_skew__lane1__dq9__ctrl_3__dqs_vs_dq_bit__value_ps,abs_dqs_minus_dq_bit,idelay_cntvaluein_skew,lane1,dq9,3,dqs_vs_dq_bit,27,16,10.0,235.0,744.0,8.0,190.0,939.0,-45.0,0.474537,fail_lower,0.525463,-0.050926,overlap,0.0,0.529238
cntvaluein3_locked_only,skew,abs_dqs_minus_dq_bit__idelay_cntvaluein_skew__lane1__dq8__ctrl_0__dqs_vs_dq_bit__value_ps,abs_dqs_minus_dq_bit,idelay_cntvaluein_skew,lane1,dq8,0,dqs_vs_dq_bit,27,16,11.0,261.0,767.0,2.0,293.5,986.0,32.5,0.525463,fail_higher,0.525463,0.050926,overlap,0.0,0.529238
cntvaluein3_locked_only,direct,direct_max__idelay_ld__lane1__dq10__ctrl_none__endpoint__value_ps,direct_max,idelay_ld,lane1,dq10,,endpoint,27,16,990.0,1371.0,1700.0,1024.0,1387.5,1700.0,16.5,0.474537,fail_lower,0.525463,-0.050926,overlap,0.0,0.529238
cntvaluein3_locked_only,direct,direct_max__idelay_data_cntvaluein__lane1__dq13__ctrl_1__endpoint__value_ps,direct_max,idelay_data_cntvaluein,lane1,dq13,1,endpoint,27,16,499.0,1139.0,1878.0,541.0,1226.5,1741.0,87.5,0.475694,fail_lower,0.524306,-0.048611,overlap,0.0,0.505181
cntvaluein3_locked_only,skew,signed_dqs_minus_dq_bit__idelay_cntvaluein_skew__lane0__dq6__ctrl_3__dqs_vs_dq_bit__value_ps,signed_dqs_minus_dq_bit,idelay_cntvaluein_skew,lane0,dq6,3,dqs_vs_dq_bit,27,16,-757.0,3.0,390.0,-822.0,-38.5,896.0,-41.5,0.524306,fail_higher,0.524306,0.048611,overlap,0.0,0.505181
cntvaluein3_locked_only,direct,direct_max__idelay_data_cntvaluein__lane0__dq2__ctrl_1__endpoint__value_ps,direct_max,idelay_data_cntvaluein,lane0,dq2,1,endpoint,27,16,859.0,1437.0,2513.0,1021.0,1440.5,2144.0,3.5,0.475694,fail_lower,0.524306,-0.048611,overlap,0.0,0.505181
cntvaluein3_locked_only,skew,signed_dqs_minus_dq_bit__idelay_cntvaluein_skew__lane0__dq4__ctrl_4__dqs_vs_dq_bit__value_ps,signed_dqs_minus_dq_bit,idelay_cntvaluein_skew,lane0,dq4,4,dqs_vs_dq_bit,27,16,-957.0,12.0,1092.0,-474.0,-115.0,736.0,-127.0,0.523148,fail_higher,0.523148,0.046296,overlap,0.0,0.481125
cntvaluein3_locked_only,direct,direct_max__idelay_data_cntvaluein__lane0__dq6__ctrl_4__endpoint__value_ps,direct_max,idelay_data_cntvaluein,lane0,dq6,4,endpoint,27,16,833.0,1554.0,2457.0,903.0,1655.0,2122.0,101.0,0.476852,fail_lower,0.523148,-0.046296,overlap,0.0,0.481125
cntvaluein3_locked_only,direct,lane_spread__idelayctrl__all__no_bit__ctrl_none__lane__value_ps,lane_spread,idelayctrl,all,,,lane,27,16,268.0,1499.0,1872.0,362.0,1428.0,1825.0,-71.0,0.476852,fail_lower,0.523148,-0.046296,overlap,0.0,0.481125
cntvaluein3_locked_only,direct,direct_max__idelay_data_cntvaluein__lane0__dq4__ctrl_0__endpoint__value_ps,direct_max,idelay_data_cntvaluein,lane0,dq4,0,endpoint,27,16,925.0,1457.0,2237.0,957.0,1428.0,2280.0,-29.0,0.521991,fail_higher,0.521991,0.043981,overlap,0.0,0.457069
cntvaluein3_locked_only,skew,abs_ld_minus_cntvaluein_dqs__idelay_ld_cntvaluein_skew__lane0__dqs0__ctrl_1__ld_vs_cntvaluein_dqs__value_ps,abs_ld_minus_cntvaluein_dqs,idelay_ld_cntvaluein_skew,lane0,dqs0,1,ld_vs_cntvaluein_dqs,27,16,0.0,350.0,867.0,5.0,226.0,1230.0,-124.0,0.479167,fail_lower,0.520833,-0.041667,overlap,0.0,0.433013
cntvaluein3_locked_only,skew,signed_dqs_minus_dq_bit__idelay_cntvaluein_skew__lane0__dq1__ctrl_4__dqs_vs_dq_bit__value_ps,signed_dqs_minus_dq_bit,idelay_cntvaluein_skew,lane0,dq1,4,dqs_vs_dq_bit,27,16,-949.0,-8.0,1088.0,-466.0,-64.0,647.0,-56.0,0.520833,fail_higher,0.520833,0.041667,overlap,0.0,0.433013
cntvaluein3_locked_only,direct,direct_max__idelay_data_cntvaluein__lane0__dq0__ctrl_1__endpoint__value_ps,direct_max,idelay_data_cntvaluein,lane0,dq0,1,endpoint,27,16,787.0,1412.0,2392.0,869.0,1467.5,2151.0,55.5,0.479167,fail_lower,0.520833,-0.041667,overlap,0.0,0.433013
cntvaluein3_locked_only,skew,signed_dqs_minus_dq_bit__idelay_cntvaluein_skew__lane1__dq10__ctrl_1__dqs_vs_dq_bit__value_ps,signed_dqs_minus_dq_bit,idelay_cntvaluein_skew,lane1,dq10,1,dqs_vs_dq_bit,27,16,-954.0,13.0,1214.0,-301.0,53.5,1031.0,40.5,0.520833,fail_higher,0.520833,0.041667,overlap,0.0,0.433013
cntvaluein3_locked_only,direct,control_fanout_spread__idelay_data_cntvaluein__lane1__no_bit__ctrl_3__lane_control_bit__value_ps,control_fanout_spread,idelay_data_cntvaluein,lane1,,3,lane_control_bit,27,16,184.0,502.0,763.0,186.0,529.0,692.0,27.0,0.479167,fail_lower,0.520833,-0.041667,overlap,0.0,0.433013
cntvaluein3_locked_only,skew,dq_lane_range__idelay_cntvaluein_skew__lane1__no_bit__ctrl_3__dq_lane__value_ps,dq_lane_range,idelay_cntvaluein_skew,lane1,,3,dq_lane,27,16,184.0,502.0,763.0,186.0,529.0,692.0,27.0,0.479167,fail_lower,0.520833,-0.041667,overlap,0.0,0.433013
cntvaluein3_locked_only,skew,signed_dqs_minus_dq_median__idelay_cntvaluein_skew__lane0__dqs0__ctrl_1__dqs_vs_dq_lane__value_ps,signed_dqs_minus_dq_median,idelay_cntvaluein_skew,lane0,dqs0,1,dqs_vs_dq_lane,27,16,-1134.5,-27.5,965.5,-334.0,-3.75,1014.5,23.75,0.520833,fail_higher,0.520833,0.041667,overlap,0.0,0.433013
cntvaluein3_locked_only,direct,direct_max__idelay_data_cntvaluein__lane1__dq14__ctrl_1__endpoint__value_ps,direct_max,idelay_data_cntvaluein,lane1,dq14,1,endpoint,27,16,549.0,1225.0,2188.0,456.0,1240.0,1957.0,15.0,0.479167,fail_lower,0.520833,-0.041667,overlap,0.0,0.433013
cntvaluein3_locked_only,direct,direct_max__idelay_ld__lane1__dq14__ctrl_none__endpoint__value_ps,direct_max,idelay_ld,lane1,dq14,,endpoint,27,16,1003.0,1363.0,1792.0,1032.0,1415.0,1712.0,52.0,0.519676,fail_higher,0.519676,0.039352,overlap,0.0,0.408956
cntvaluein3_locked_only,direct,direct_max__idelay_ld__lane1__dq8__ctrl_none__endpoint__value_ps,direct_max,idelay_ld,lane1,dq8,,endpoint,27,16,1067.0,1338.0,1800.0,1011.0,1342.5,1731.0,4.5,0.480324,fail_lower,0.519676,-0.039352,overlap,0.0,0.408956
cntvaluein3_locked_only,skew,signed_ld_minus_cntvaluein_dq_median__idelay_ld_cntvaluein_skew__lane0__no_bit__ctrl_4__ld_vs_cntvaluein_dq_lane__value_ps,signed_ld_minus_cntvaluein_dq_median,idelay_ld_cntvaluein_skew,lane0,,4,ld_vs_cntvaluein_dq_lane,27,16,-631.5,-90.5,631.5,-904.0,57.0,628.5,147.5,0.518519,fail_higher,0.518519,0.037037,overlap,0.0,0.3849
cntvaluein3_locked_only,skew,signed_dqs_minus_dq_bit__idelay_cntvaluein_skew__lane1__dq10__ctrl_3__dqs_vs_dq_bit__value_ps,signed_dqs_minus_dq_bit,idelay_cntvaluein_skew,lane1,dq10,3,dqs_vs_dq_bit,27,16,-608.0,-53.0,633.0,-508.0,-175.0,939.0,-122.0,0.518519,fail_higher,0.518519,0.037037,overlap,0.0,0.3849
cntvaluein3_locked_only,direct,direct_max__idelay_data_cntvaluein__lane1__dq12__ctrl_1__endpoint__value_ps,direct_max,idelay_data_cntvaluein,lane1,dq12,1,endpoint,27,16,540.0,1139.0,2177.0,460.0,1244.5,1866.0,105.5,0.481481,fail_lower,0.518519,-0.037037,overlap,0.0,0.3849
cntvaluein3_locked_only,skew,signed_ld_minus_cntvaluein_dqs__idelay_ld_cntvaluein_skew__lane0__dqs0__ctrl_0__ld_vs_cntvaluein_dqs__value_ps,signed_ld_minus_cntvaluein_dqs,idelay_ld_cntvaluein_skew,lane0,dqs0,0,ld_vs_cntvaluein_dqs,27,16,-521.0,-29.0,782.0,-864.0,48.5,897.0,77.5,0.518519,fail_higher,0.518519,0.037037,overlap,0.0,0.3849
cntvaluein3_locked_only,skew,signed_dqs_minus_dq_median__iologic_skew__lane0__dqs0__ctrl_none__dqs_vs_dq_lane__value_ps,signed_dqs_minus_dq_median,iologic_skew,lane0,dqs0,,dqs_vs_dq_lane,27,16,-515.5,875.5,1940.0,-225.0,950.25,1575.5,74.75,0.518519,fail_higher,0.518519,0.037037,overlap,0.0,0.3849
cntvaluein3_locked_only,skew,signed_dqs_minus_dq_bit__idelay_cntvaluein_skew__lane1__dq8__ctrl_1__dqs_vs_dq_bit__value_ps,signed_dqs_minus_dq_bit,idelay_cntvaluein_skew,lane1,dq8,1,dqs_vs_dq_bit,27,16,-954.0,-23.0,950.0,-574.0,-66.5,1134.0,-43.5,0.481481,fail_lower,0.518519,-0.037037,overlap,0.0,0.3849
cntvaluein3_locked_only,direct,lane_spread__dq_iologic__lane1__no_bit__ctrl_none__lane__value_ps,lane_spread,dq_iologic,lane1,,,lane,27,16,2036.0,2651.0,3509.0,2204.0,2741.0,3477.0,90.0,0.482639,fail_lower,0.517361,-0.034722,overlap,0.0,0.360844
cntvaluein3_locked_only,skew,ld_dq_lane_range__idelay_ld_skew__lane0__no_bit__ctrl_none__dq_lane__value_ps,ld_dq_lane_range,idelay_ld_skew,lane0,,,dq_lane,27,16,141.0,311.0,625.0,181.0,311.5,559.0,0.5,0.482639,fail_lower,0.517361,-0.034722,overlap,0.0,0.360844
cntvaluein3_locked_only,direct,direct_max__idelay_data_cntvaluein__lane0__dq1__ctrl_1__endpoint__value_ps,direct_max,idelay_data_cntvaluein,lane0,dq1,1,endpoint,27,16,870.0,1343.0,2451.0,959.0,1413.0,2144.0,70.0,0.483796,fail_lower,0.516204,-0.032407,overlap,0.0,0.336788
cntvaluein3_locked_only,skew,signed_dqs_minus_dq_median__idelay_cntvaluein_skew__lane1__dqs1__ctrl_1__dqs_vs_dq_lane__value_ps,signed_dqs_minus_dq_median,idelay_cntvaluein_skew,lane1,dqs1,1,dqs_vs_dq_lane,27,16,-912.0,97.0,1172.5,-228.0,44.75,1136.0,-52.25,0.516204,fail_higher,0.516204,0.032407,overlap,0.0,0.336788
cntvaluein3_locked_only,direct,direct_max__idelay_data_cntvaluein__lane1__dq15__ctrl_0__endpoint__value_ps,direct_max,idelay_data_cntvaluein,lane1,dq15,0,endpoint,27,16,398.0,972.0,1554.0,446.0,929.5,1447.0,-42.5,0.516204,fail_higher,0.516204,0.032407,overlap,0.0,0.336788
cntvaluein3_locked_only,direct,direct_max__idelay_dqs_cntvaluein__lane0__dqs0__ctrl_3__endpoint__value_ps,direct_max,idelay_dqs_cntvaluein,lane0,dqs0,3,endpoint,27,16,1621.0,1973.0,2532.0,1516.0,2013.5,2397.0,40.5,0.483796,fail_lower,0.516204,-0.032407,overlap,0.0,0.336788
cntvaluein3_locked_only,skew,signed_dqs_minus_dq_bit__idelay_cntvaluein_skew__lane1__dq12__ctrl_1__dqs_vs_dq_bit__value_ps,signed_dqs_minus_dq_bit,idelay_cntvaluein_skew,lane1,dq12,1,dqs_vs_dq_bit,27,16,-865.0,71.0,1131.0,-392.0,38.5,1050.0,-32.5,0.516204,fail_higher,0.516204,0.032407,overlap,0.0,0.336788
cntvaluein3_locked_only,skew,signed_dqs_minus_dq_bit__idelay_cntvaluein_skew__lane0__dq7__ctrl_1__dqs_vs_dq_bit__value_ps,signed_dqs_minus_dq_bit,idelay_cntvaluein_skew,lane0,dq7,1,dqs_vs_dq_bit,27,16,-1273.0,-67.0,963.0,-561.0,-85.0,1048.0,-18.0,0.516204,fail_higher,0.516204,0.032407,overlap,0.0,0.336788
cntvaluein3_locked_only,skew,abs_dqs_minus_dq_bit__idelay_cntvaluein_skew__lane1__dq13__ctrl_0__dqs_vs_dq_bit__value_ps,abs_dqs_minus_dq_bit,idelay_cntvaluein_skew,lane1,dq13,0,dqs_vs_dq_bit,27,16,28.0,233.0,1016.0,8.0,223.5,934.0,-9.5,0.483796,fail_lower,0.516204,-0.032407,overlap,0.0,0.336788
cntvaluein3_locked_only,direct,direct_max__idelay_data_cntvaluein__lane1__dq9__ctrl_2__endpoint__value_ps,direct_max,idelay_data_cntvaluein,lane1,dq9,2,endpoint,27,16,428.0,959.0,1687.0,423.0,1145.5,1455.0,186.5,0.515046,fail_higher,0.515046,0.030093,overlap,0.0,0.312731
cntvaluein3_locked_only,skew,abs_ld_minus_cntvaluein_dqs__idelay_ld_cntvaluein_skew__lane0__dqs0__ctrl_3__ld_vs_cntvaluein_dqs__value_ps,abs_ld_minus_cntvaluein_dqs,idelay_ld_cntvaluein_skew,lane0,dqs0,3,ld_vs_cntvaluein_dqs,27,16,15.0,488.0,1153.0,90.0,580.0,1249.0,92.0,0.486111,fail_lower,0.513889,-0.027778,overlap,0.0,0.288675
cntvaluein3_locked_only,direct,direct_max__dq_iologic__lane0__dq0__ctrl_none__endpoint__value_ps,direct_max,dq_iologic,lane0,dq0,,endpoint,27,16,1695.0,2069.0,3213.0,1685.0,2053.5,3263.0,-15.5,0.513889,fail_higher,0.513889,0.027778,overlap,0.0,0.288675
cntvaluein3_locked_only,direct,cntvaluein_bus_skew__idelay_data_cntvaluein__lane1__dq15__ctrl_none__dq15__value_ps,cntvaluein_bus_skew,idelay_data_cntvaluein,lane1,dq15,,dq15,27,16,226.0,737.0,1462.0,347.0,724.5,1031.0,-12.5,0.486111,fail_lower,0.513889,-0.027778,overlap,0.0,0.288675
cntvaluein3_locked_only,skew,signed_dqs_minus_dq_bit__idelay_cntvaluein_skew__lane1__dq14__ctrl_1__dqs_vs_dq_bit__value_ps,signed_dqs_minus_dq_bit,idelay_cntvaluein_skew,lane1,dq14,1,dqs_vs_dq_bit,27,16,-870.0,0.0,1040.0,-484.0,-5.5,1123.0,-5.5,0.513889,fail_higher,0.513889,0.027778,overlap,0.0,0.288675
cntvaluein3_locked_only,skew,abs_dqs_minus_dq_bit__idelay_cntvaluein_skew__lane1__dq8__ctrl_3__dqs_vs_dq_bit__value_ps,abs_dqs_minus_dq_bit,idelay_cntvaluein_skew,lane1,dq8,3,dqs_vs_dq_bit,27,16,56.0,237.0,875.0,22.0,343.0,855.0,106.0,0.512731,fail_higher,0.512731,0.025463,overlap,0.0,0.264619
cntvaluein3_locked_only,direct,direct_max__idelay_ld__lane0__dqs0__ctrl_none__endpoint__value_ps,direct_max,idelay_ld,lane0,dqs0,,endpoint,27,16,1161.0,1444.0,2153.0,1059.0,1396.0,1835.0,-48.0,0.487269,fail_lower,0.512731,-0.025463,overlap,0.0,0.264619
cntvaluein3_locked_only,skew,signed_dqs_minus_dq_bit__idelay_cntvaluein_skew__lane0__dq1__ctrl_1__dqs_vs_dq_bit__value_ps,signed_dqs_minus_dq_bit,idelay_cntvaluein_skew,lane0,dq1,1,dqs_vs_dq_bit,27,16,-1089.0,22.0,929.0,-376.0,-15.0,885.0,-37.0,0.512731,fail_higher,0.512731,0.025463,overlap,0.0,0.264619
cntvaluein3_locked_only,skew,abs_dqs_minus_dq_bit__idelay_cntvaluein_skew__lane0__dq3__ctrl_3__dqs_vs_dq_bit__value_ps,abs_dqs_minus_dq_bit,idelay_cntvaluein_skew,lane0,dq3,3,dqs_vs_dq_bit,27,16,12.0,237.0,776.0,3.0,264.5,1246.0,27.5,0.512731,fail_higher,0.512731,0.025463,overlap,0.0,0.264619
cntvaluein3_locked_only,direct,direct_max__idelay_data_cntvaluein__lane1__dq10__ctrl_1__endpoint__value_ps,direct_max,idelay_data_cntvaluein,lane1,dq10,1,endpoint,27,16,583.0,1136.0,2094.0,541.0,1210.5,1779.0,74.5,0.488426,fail_lower,0.511574,-0.023148,overlap,0.0,0.240563
cntvaluein3_locked_only,skew,signed_dqs_minus_dq_bit__idelay_cntvaluein_skew__lane0__dq0__ctrl_4__dqs_vs_dq_bit__value_ps,signed_dqs_minus_dq_bit,idelay_cntvaluein_skew,lane0,dq0,4,dqs_vs_dq_bit,27,16,-863.0,28.0,1092.0,-379.0,-16.5,662.0,-44.5,0.511574,fail_higher,0.511574,0.023148,overlap,0.0,0.240563
cntvaluein3_locked_only,skew,signed_dqs_minus_dq_median__iologic_skew__lane1__dqs1__ctrl_none__dqs_vs_dq_lane__value_ps,signed_dqs_minus_dq_median,iologic_skew,lane1,dqs1,,dqs_vs_dq_lane,27,16,-796.0,424.0,1593.5,-594.5,407.75,1322.5,-16.25,0.488426,fail_lower,0.511574,-0.023148,overlap,0.0,0.240563
cntvaluein3_locked_only,skew,signed_dqs_minus_dq_bit__idelay_cntvaluein_skew__lane0__dq6__ctrl_4__dqs_vs_dq_bit__value_ps,signed_dqs_minus_dq_bit,idelay_cntvaluein_skew,lane0,dq6,4,dqs_vs_dq_bit,27,16,-814.0,-122.0,1033.0,-657.0,-129.5,556.0,-7.5,0.511574,fail_higher,0.511574,0.023148,overlap,0.0,0.240563
cntvaluein3_locked_only,direct,direct_max__dq_iologic__lane1__dq14__ctrl_none__endpoint__value_ps,direct_max,dq_iologic,lane1,dq14,,endpoint,27,16,1787.0,2276.0,2835.0,1919.0,2282.0,3355.0,6.0,0.511574,fail_higher,0.511574,0.023148,overlap,0.0,0.240563
cntvaluein3_locked_only,skew,abs_ld_minus_cntvaluein_dq_median__idelay_ld_cntvaluein_skew__lane1__no_bit__ctrl_2__ld_vs_cntvaluein_dq_lane__value_ps,abs_ld_minus_cntvaluein_dq_median,idelay_ld_cntvaluein_skew,lane1,,2,ld_vs_cntvaluein_dq_lane,27,16,20.5,391.5,727.0,38.0,276.25,727.0,-115.25,0.489583,fail_lower,0.510417,-0.020833,overlap,0.0,0.216506
cntvaluein3_locked_only,direct,direct_max__idelay_ld__lane1__dq13__ctrl_none__endpoint__value_ps,direct_max,idelay_ld,lane1,dq13,,endpoint,27,16,976.0,1343.0,1753.0,870.0,1345.5,1722.0,2.5,0.510417,fail_higher,0.510417,0.020833,overlap,0.0,0.216506
cntvaluein3_locked_only,skew,signed_lane1_minus_lane0_dq_median__idelay_cntvaluein_skew__all__no_bit__ctrl_1__lane1_vs_lane0_dq__value_ps,signed_lane1_minus_lane0_dq_median,idelay_cntvaluein_skew,all,,1,lane1_vs_lane0_dq,27,16,-688.5,-344.0,6.5,-591.5,-341.5,85.5,2.5,0.510417,fail_higher,0.510417,0.020833,overlap,0.0,0.216506
cntvaluein3_locked_only,skew,signed_ld_minus_cntvaluein_dqs__idelay_ld_cntvaluein_skew__lane0__dqs0__ctrl_3__ld_vs_cntvaluein_dqs__value_ps,signed_ld_minus_cntvaluein_dqs,idelay_ld_cntvaluein_skew,lane0,dqs0,3,ld_vs_cntvaluein_dqs,27,16,-1153.0,-488.0,469.0,-1249.0,-580.0,263.0,-92.0,0.509259,fail_higher,0.509259,0.018519,overlap,0.0,0.19245
cntvaluein3_locked_only,skew,abs_dqs_minus_dq_bit__idelay_cntvaluein_skew__lane0__dq4__ctrl_3__dqs_vs_dq_bit__value_ps,abs_dqs_minus_dq_bit,idelay_cntvaluein_skew,lane0,dq4,3,dqs_vs_dq_bit,27,16,10.0,376.0,828.0,23.0,289.5,1164.0,-86.5,0.490741,fail_lower,0.509259,-0.018519,overlap,0.0,0.19245
cntvaluein3_locked_only,skew,abs_dqs_minus_dq_median__iologic_skew__lane0__dqs0__ctrl_none__dqs_vs_dq_lane__value_ps,abs_dqs_minus_dq_median,iologic_skew,lane0,dqs0,,dqs_vs_dq_lane,27,16,98.0,875.5,1940.0,225.0,950.25,1575.5,74.75,0.509259,fail_higher,0.509259,0.018519,overlap,0.0,0.19245
cntvaluein3_locked_only,direct,direct_max__idelay_data_cntvaluein__lane1__dq9__ctrl_0__endpoint__value_ps,direct_max,idelay_data_cntvaluein,lane1,dq9,0,endpoint,27,16,486.0,1024.0,1643.0,513.0,977.0,1491.0,-47.0,0.490741,fail_lower,0.509259,-0.018519,overlap,0.0,0.19245
cntvaluein3_locked_only,skew,abs_ld_minus_cntvaluein_dq_median__idelay_ld_cntvaluein_skew__lane1__no_bit__ctrl_4__ld_vs_cntvaluein_dq_lane__value_ps,abs_ld_minus_cntvaluein_dq_median,idelay_ld_cntvaluein_skew,lane1,,4,ld_vs_cntvaluein_dq_lane,27,16,12.0,287.0,648.0,0.5,333.5,761.0,46.5,0.509259,fail_higher,0.509259,0.018519,overlap,0.0,0.19245
cntvaluein3_locked_only,skew,abs_ld_minus_cntvaluein_dqs__idelay_ld_cntvaluein_skew__lane1__dqs1__ctrl_4__ld_vs_cntvaluein_dqs__value_ps,abs_ld_minus_cntvaluein_dqs,idelay_ld_cntvaluein_skew,lane1,dqs1,4,ld_vs_cntvaluein_dqs,27,16,11.0,263.0,665.0,41.0,297.5,898.0,34.5,0.509259,fail_higher,0.509259,0.018519,overlap,0.0,0.19245
cntvaluein3_locked_only,direct,direct_max__idelay_data_cntvaluein__lane0__dq6__ctrl_1__endpoint__value_ps,direct_max,idelay_data_cntvaluein,lane0,dq6,1,endpoint,27,16,819.0,1529.0,2311.0,1115.0,1503.0,2079.0,-26.0,0.490741,fail_lower,0.509259,-0.018519,overlap,0.0,0.19245
cntvaluein3_locked_only,skew,abs_dqs_minus_dq_bit__idelay_cntvaluein_skew__lane0__dq1__ctrl_3__dqs_vs_dq_bit__value_ps,abs_dqs_minus_dq_bit,idelay_cntvaluein_skew,lane0,dq1,3,dqs_vs_dq_bit,27,16,23.0,333.0,738.0,17.0,270.0,1248.0,-63.0,0.491898,fail_lower,0.508102,-0.016204,overlap,0.0,0.168394
cntvaluein3_locked_only,skew,abs_ld_minus_cntvaluein_dqs__idelay_ld_cntvaluein_skew__lane1__dqs1__ctrl_0__ld_vs_cntvaluein_dqs__value_ps,abs_ld_minus_cntvaluein_dqs,idelay_ld_cntvaluein_skew,lane1,dqs1,0,ld_vs_cntvaluein_dqs,27,16,13.0,222.0,592.0,5.0,201.0,985.0,-21.0,0.491898,fail_lower,0.508102,-0.016204,overlap,0.0,0.168394
cntvaluein3_locked_only,direct,direct_max__idelay_data_cntvaluein__lane0__dq2__ctrl_2__endpoint__value_ps,direct_max,idelay_data_cntvaluein,lane0,dq2,2,endpoint,27,16,931.0,1353.0,2153.0,885.0,1289.5,2161.0,-63.5,0.493056,fail_lower,0.506944,-0.013889,overlap,0.0,0.144338
cntvaluein3_locked_only,skew,signed_dqs_minus_dq_bit__idelay_cntvaluein_skew__lane1__dq9__ctrl_1__dqs_vs_dq_bit__value_ps,signed_dqs_minus_dq_bit,idelay_cntvaluein_skew,lane1,dq9,1,dqs_vs_dq_bit,27,16,-711.0,179.0,1374.0,-339.0,173.0,1350.0,-6.0,0.493056,fail_lower,0.506944,-0.013889,overlap,0.0,0.144338
cntvaluein3_locked_only,skew,abs_dqs_minus_dq_bit__idelay_cntvaluein_skew__lane1__dq14__ctrl_0__dqs_vs_dq_bit__value_ps,abs_dqs_minus_dq_bit,idelay_cntvaluein_skew,lane1,dq14,0,dqs_vs_dq_bit,27,16,23.0,304.0,855.0,52.0,256.0,847.0,-48.0,0.49537,fail_lower,0.50463,-0.009259,overlap,0.0,0.096225
cntvaluein3_locked_only,skew,signed_ld_minus_cntvaluein_dq_median__idelay_ld_cntvaluein_skew__lane0__no_bit__ctrl_1__ld_vs_cntvaluein_dq_lane__value_ps,signed_ld_minus_cntvaluein_dq_median,idelay_ld_cntvaluein_skew,lane0,,1,ld_vs_cntvaluein_dq_lane,27,16,-773.0,-41.5,689.0,-998.5,-3.0,453.0,38.5,0.49537,fail_lower,0.50463,-0.009259,overlap,0.0,0.096225
cntvaluein3_locked_only,skew,abs_ld_minus_cntvaluein_dq_median__idelay_ld_cntvaluein_skew__lane1__no_bit__ctrl_1__ld_vs_cntvaluein_dq_lane__value_ps,abs_ld_minus_cntvaluein_dq_median,idelay_ld_cntvaluein_skew,lane1,,1,ld_vs_cntvaluein_dq_lane,27,16,30.0,336.0,732.0,84.0,299.25,720.5,-36.75,0.50463,fail_higher,0.50463,0.009259,overlap,0.0,0.096225
cntvaluein3_locked_only,skew,signed_dqs_minus_dq_bit__idelay_cntvaluein_skew__lane1__dq13__ctrl_1__dqs_vs_dq_bit__value_ps,signed_dqs_minus_dq_bit,idelay_cntvaluein_skew,lane1,dq13,1,dqs_vs_dq_bit,27,16,-1045.0,57.0,1089.0,-203.0,45.0,1138.0,-12.0,0.50463,fail_higher,0.50463,0.009259,overlap,0.0,0.096225
cntvaluein3_locked_only,skew,signed_dqs_minus_dq_bit__idelay_cntvaluein_skew__lane1__dq15__ctrl_1__dqs_vs_dq_bit__value_ps,signed_dqs_minus_dq_bit,idelay_cntvaluein_skew,lane1,dq15,1,dqs_vs_dq_bit,27,16,-814.0,229.0,1381.0,-247.0,223.5,1440.0,-5.5,0.50463,fail_higher,0.50463,0.009259,overlap,0.0,0.096225
cntvaluein3_locked_only,skew,abs_ld_dqs_minus_dq_median__idelay_ld_skew__lane0__dqs0__ctrl_none__dqs_vs_dq_lane__value_ps,abs_ld_dqs_minus_dq_median,idelay_ld_skew,lane0,dqs0,,dqs_vs_dq_lane,27,16,1.5,100.0,288.0,5.5,94.75,277.0,-5.25,0.50463,fail_higher,0.50463,0.009259,overlap,0.0,0.096225
cntvaluein3_locked_only,skew,abs_dqs_minus_dq_bit__idelay_cntvaluein_skew__lane0__dq2__ctrl_3__dqs_vs_dq_bit__value_ps,abs_dqs_minus_dq_bit,idelay_cntvaluein_skew,lane0,dq2,3,dqs_vs_dq_bit,27,16,23.0,293.0,664.0,10.0,212.0,1078.0,-81.0,0.503472,fail_higher,0.503472,0.006944,overlap,0.0,0.072169
cntvaluein3_locked_only,skew,dq_lane_range__iologic_skew__lane1__no_bit__ctrl_none__dq_lane__value_ps,dq_lane_range,iologic_skew,lane1,,,dq_lane,27,16,285.0,606.0,1480.0,265.0,667.0,1004.0,61.0,0.503472,fail_higher,0.503472,0.006944,overlap,0.0,0.072169
cntvaluein3_locked_only,skew,signed_ld_minus_cntvaluein_dqs__idelay_ld_cntvaluein_skew__lane1__dqs1__ctrl_0__ld_vs_cntvaluein_dqs__value_ps,signed_ld_minus_cntvaluein_dqs,idelay_ld_cntvaluein_skew,lane1,dqs1,0,ld_vs_cntvaluein_dqs,27,16,-571.0,150.0,592.0,-787.0,187.0,985.0,37.0,0.503472,fail_higher,0.503472,0.006944,overlap,0.0,0.072169
cntvaluein3_locked_only,direct,direct_max__clocking__all__no_bit__ctrl_none__endpoint__value_ps,direct_max,clocking,all,,,endpoint,27,16,6434.0,6885.0,7215.0,6150.0,6862.0,7485.0,-23.0,0.496528,fail_lower,0.503472,-0.006944,overlap,0.0,0.072169
cntvaluein3_locked_only,direct,lane_spread__clocking__all__no_bit__ctrl_none__lane__value_ps,lane_spread,clocking,all,,,lane,27,16,6315.0,6766.0,7096.0,6031.0,6743.0,7366.0,-23.0,0.496528,fail_lower,0.503472,-0.006944,overlap,0.0,0.072169
cntvaluein3_locked_only,skew,abs_lane1_minus_lane0_dq_median__idelay_cntvaluein_skew__all__no_bit__ctrl_1__lane1_vs_lane0_dq__value_ps,abs_lane1_minus_lane0_dq_median,idelay_cntvaluein_skew,all,,1,lane1_vs_lane0_dq,27,16,6.5,344.0,688.5,65.5,341.5,591.5,-2.5,0.496528,fail_lower,0.503472,-0.006944,overlap,0.0,0.072169
cntvaluein3_locked_only,direct,direct_max__idelay_data_cntvaluein__lane1__dq8__ctrl_1__endpoint__value_ps,direct_max,idelay_data_cntvaluein,lane1,dq8,1,endpoint,27,16,561.0,1195.0,2279.0,583.0,1378.5,2049.0,183.5,0.497685,fail_lower,0.502315,-0.00463,overlap,0.0,0.048113
cntvaluein3_locked_only,skew,abs_dqs_minus_dq_bit__idelay_cntvaluein_skew__lane0__dq7__ctrl_0__dqs_vs_dq_bit__value_ps,abs_dqs_minus_dq_bit,idelay_cntvaluein_skew,lane0,dq7,0,dqs_vs_dq_bit,27,16,2.0,393.0,1470.0,11.0,316.0,839.0,-77.0,0.502315,fail_higher,0.502315,0.00463,overlap,0.0,0.048113
cntvaluein3_locked_only,direct,direct_max__idelay_dqs_cntvaluein__lane1__dqs1__ctrl_3__endpoint__value_ps,direct_max,idelay_dqs_cntvaluein,lane1,dqs1,3,endpoint,27,16,1289.0,1649.0,2194.0,1368.0,1578.5,2180.0,-70.5,0.497685,fail_lower,0.502315,-0.00463,overlap,0.0,0.048113
cntvaluein3_locked_only,direct,direct_max__dq_iologic__lane0__dq1__ctrl_none__endpoint__value_ps,direct_max,dq_iologic,lane0,dq1,,endpoint,27,16,1873.0,2250.0,3342.0,1817.0,2271.0,3256.0,21.0,0.502315,fail_higher,0.502315,0.00463,overlap,0.0,0.048113
cntvaluein3_locked_only,direct,direct_max__idelay_data_cntvaluein__lane0__dq1__ctrl_2__endpoint__value_ps,direct_max,idelay_data_cntvaluein,lane0,dq1,2,endpoint,27,16,945.0,1335.0,2128.0,977.0,1343.5,2068.0,8.5,0.502315,fail_higher,0.502315,0.00463,overlap,0.0,0.048113
cntvaluein3_locked_only,direct,direct_max__idelay_data_cntvaluein__lane1__dq15__ctrl_2__endpoint__value_ps,direct_max,idelay_data_cntvaluein,lane1,dq15,2,endpoint,27,16,423.0,869.0,1608.0,412.0,1106.5,1684.0,237.5,0.5,fail_higher,0.5,0.0,overlap,0.0,0.0
cntvaluein3_locked_only,skew,abs_dqs_minus_dq_bit__idelay_cntvaluein_skew__lane0__dq6__ctrl_0__dqs_vs_dq_bit__value_ps,abs_dqs_minus_dq_bit,idelay_cntvaluein_skew,lane0,dq6,0,dqs_vs_dq_bit,27,16,15.0,383.0,1477.0,12.0,307.5,846.0,-75.5,0.5,fail_higher,0.5,0.0,overlap,0.0,0.0
cntvaluein3_locked_only,skew,signed_dqs_minus_dq_bit__idelay_cntvaluein_skew__lane0__dq0__ctrl_1__dqs_vs_dq_bit__value_ps,signed_dqs_minus_dq_bit,idelay_cntvaluein_skew,lane0,dq0,1,dqs_vs_dq_bit,27,16,-996.0,82.0,1012.0,-311.0,71.0,798.0,-11.0,0.5,fail_higher,0.5,0.0,overlap,0.0,0.0
cntvaluein3_locked_only,direct,control_fanout_spread__idelay_dqs_cntvaluein__lane0__no_bit__ctrl_0__lane_control_bit__value_ps,control_fanout_spread,idelay_dqs_cntvaluein,lane0,,0,lane_control_bit,27,16,0.0,0.0,0.0,0.0,0.0,0.0,0.0,0.5,fail_higher,0.5,0.0,overlap,0.0,0.0
cntvaluein3_locked_only,direct,control_fanout_spread__idelay_dqs_cntvaluein__lane0__no_bit__ctrl_1__lane_control_bit__value_ps,control_fanout_spread,idelay_dqs_cntvaluein,lane0,,1,lane_control_bit,27,16,0.0,0.0,0.0,0.0,0.0,0.0,0.0,0.5,fail_higher,0.5,0.0,overlap,0.0,0.0
cntvaluein3_locked_only,direct,control_fanout_spread__idelay_dqs_cntvaluein__lane0__no_bit__ctrl_2__lane_control_bit__value_ps,control_fanout_spread,idelay_dqs_cntvaluein,lane0,,2,lane_control_bit,27,16,0.0,0.0,0.0,0.0,0.0,0.0,0.0,0.5,fail_higher,0.5,0.0,overlap,0.0,0.0
cntvaluein3_locked_only,direct,control_fanout_spread__idelay_dqs_cntvaluein__lane0__no_bit__ctrl_3__lane_control_bit__value_ps,control_fanout_spread,idelay_dqs_cntvaluein,lane0,,3,lane_control_bit,27,16,0.0,0.0,0.0,0.0,0.0,0.0,0.0,0.5,fail_higher,0.5,0.0,overlap,0.0,0.0
cntvaluein3_locked_only,direct,control_fanout_spread__idelay_dqs_cntvaluein__lane0__no_bit__ctrl_4__lane_control_bit__value_ps,control_fanout_spread,idelay_dqs_cntvaluein,lane0,,4,lane_control_bit,27,16,0.0,0.0,0.0,0.0,0.0,0.0,0.0,0.5,fail_higher,0.5,0.0,overlap,0.0,0.0
cntvaluein3_locked_only,direct,control_fanout_spread__idelay_dqs_cntvaluein__lane1__no_bit__ctrl_0__lane_control_bit__value_ps,control_fanout_spread,idelay_dqs_cntvaluein,lane1,,0,lane_control_bit,27,16,0.0,0.0,0.0,0.0,0.0,0.0,0.0,0.5,fail_higher,0.5,0.0,overlap,0.0,0.0
cntvaluein3_locked_only,direct,control_fanout_spread__idelay_dqs_cntvaluein__lane1__no_bit__ctrl_1__lane_control_bit__value_ps,control_fanout_spread,idelay_dqs_cntvaluein,lane1,,1,lane_control_bit,27,16,0.0,0.0,0.0,0.0,0.0,0.0,0.0,0.5,fail_higher,0.5,0.0,overlap,0.0,0.0
cntvaluein3_locked_only,direct,control_fanout_spread__idelay_dqs_cntvaluein__lane1__no_bit__ctrl_2__lane_control_bit__value_ps,control_fanout_spread,idelay_dqs_cntvaluein,lane1,,2,lane_control_bit,27,16,0.0,0.0,0.0,0.0,0.0,0.0,0.0,0.5,fail_higher,0.5,0.0,overlap,0.0,0.0
cntvaluein3_locked_only,direct,control_fanout_spread__idelay_dqs_cntvaluein__lane1__no_bit__ctrl_3__lane_control_bit__value_ps,control_fanout_spread,idelay_dqs_cntvaluein,lane1,,3,lane_control_bit,27,16,0.0,0.0,0.0,0.0,0.0,0.0,0.0,0.5,fail_higher,0.5,0.0,overlap,0.0,0.0
cntvaluein3_locked_only,direct,control_fanout_spread__idelay_dqs_cntvaluein__lane1__no_bit__ctrl_4__lane_control_bit__value_ps,control_fanout_spread,idelay_dqs_cntvaluein,lane1,,4,lane_control_bit,27,16,0.0,0.0,0.0,0.0,0.0,0.0,0.0,0.5,fail_higher,0.5,0.0,overlap,0.0,0.0
cntvaluein3_locked_only,direct,direct_max__clocking__lane0__dq0__ctrl_none__endpoint__value_ps,direct_max,clocking,lane0,dq0,,endpoint,27,16,1314.0,1314.0,1314.0,1314.0,1314.0,1314.0,0.0,0.5,fail_higher,0.5,0.0,overlap,0.0,0.0
cntvaluein3_locked_only,direct,direct_max__clocking__lane0__dq1__ctrl_none__endpoint__value_ps,direct_max,clocking,lane0,dq1,,endpoint,27,16,1314.0,1314.0,1314.0,1314.0,1314.0,1314.0,0.0,0.5,fail_higher,0.5,0.0,overlap,0.0,0.0
cntvaluein3_locked_only,direct,direct_max__clocking__lane0__dq2__ctrl_none__endpoint__value_ps,direct_max,clocking,lane0,dq2,,endpoint,27,16,1314.0,1314.0,1314.0,1314.0,1314.0,1314.0,0.0,0.5,fail_higher,0.5,0.0,overlap,0.0,0.0
cntvaluein3_locked_only,direct,direct_max__clocking__lane0__dq3__ctrl_none__endpoint__value_ps,direct_max,clocking,lane0,dq3,,endpoint,27,16,1314.0,1314.0,1314.0,1314.0,1314.0,1314.0,0.0,0.5,fail_higher,0.5,0.0,overlap,0.0,0.0
cntvaluein3_locked_only,direct,direct_max__clocking__lane0__dq4__ctrl_none__endpoint__value_ps,direct_max,clocking,lane0,dq4,,endpoint,27,16,1314.0,1314.0,1314.0,1314.0,1314.0,1314.0,0.0,0.5,fail_higher,0.5,0.0,overlap,0.0,0.0
cntvaluein3_locked_only,direct,direct_max__clocking__lane0__dq5__ctrl_none__endpoint__value_ps,direct_max,clocking,lane0,dq5,,endpoint,27,16,1314.0,1314.0,1314.0,1314.0,1314.0,1314.0,0.0,0.5,fail_higher,0.5,0.0,overlap,0.0,0.0
cntvaluein3_locked_only,direct,direct_max__clocking__lane0__dq6__ctrl_none__endpoint__value_ps,direct_max,clocking,lane0,dq6,,endpoint,27,16,1314.0,1314.0,1314.0,1314.0,1314.0,1314.0,0.0,0.5,fail_higher,0.5,0.0,overlap,0.0,0.0
cntvaluein3_locked_only,direct,direct_max__clocking__lane0__dq7__ctrl_none__endpoint__value_ps,direct_max,clocking,lane0,dq7,,endpoint,27,16,1314.0,1314.0,1314.0,1314.0,1314.0,1314.0,0.0,0.5,fail_higher,0.5,0.0,overlap,0.0,0.0
cntvaluein3_locked_only,direct,direct_max__clocking__lane0__dqs0__ctrl_none__endpoint__value_ps,direct_max,clocking,lane0,dqs0,,endpoint,27,16,1279.0,1279.0,1279.0,1279.0,1279.0,1279.0,0.0,0.5,fail_higher,0.5,0.0,overlap,0.0,0.0
cntvaluein3_locked_only,direct,direct_max__clocking__lane1__dq10__ctrl_none__endpoint__value_ps,direct_max,clocking,lane1,dq10,,endpoint,27,16,1314.0,1314.0,1314.0,1314.0,1314.0,1314.0,0.0,0.5,fail_higher,0.5,0.0,overlap,0.0,0.0
cntvaluein3_locked_only,direct,direct_max__clocking__lane1__dq11__ctrl_none__endpoint__value_ps,direct_max,clocking,lane1,dq11,,endpoint,27,16,1314.0,1314.0,1314.0,1314.0,1314.0,1314.0,0.0,0.5,fail_higher,0.5,0.0,overlap,0.0,0.0
cntvaluein3_locked_only,direct,direct_max__clocking__lane1__dq12__ctrl_none__endpoint__value_ps,direct_max,clocking,lane1,dq12,,endpoint,27,16,1314.0,1314.0,1314.0,1314.0,1314.0,1314.0,0.0,0.5,fail_higher,0.5,0.0,overlap,0.0,0.0
cntvaluein3_locked_only,direct,direct_max__clocking__lane1__dq13__ctrl_none__endpoint__value_ps,direct_max,clocking,lane1,dq13,,endpoint,27,16,1314.0,1314.0,1314.0,1314.0,1314.0,1314.0,0.0,0.5,fail_higher,0.5,0.0,overlap,0.0,0.0
cntvaluein3_locked_only,direct,direct_max__clocking__lane1__dq14__ctrl_none__endpoint__value_ps,direct_max,clocking,lane1,dq14,,endpoint,27,16,1314.0,1314.0,1314.0,1314.0,1314.0,1314.0,0.0,0.5,fail_higher,0.5,0.0,overlap,0.0,0.0
cntvaluein3_locked_only,direct,direct_max__clocking__lane1__dq15__ctrl_none__endpoint__value_ps,direct_max,clocking,lane1,dq15,,endpoint,27,16,1314.0,1314.0,1314.0,1314.0,1314.0,1314.0,0.0,0.5,fail_higher,0.5,0.0,overlap,0.0,0.0
cntvaluein3_locked_only,direct,direct_max__clocking__lane1__dq8__ctrl_none__endpoint__value_ps,direct_max,clocking,lane1,dq8,,endpoint,27,16,1314.0,1314.0,1314.0,1314.0,1314.0,1314.0,0.0,0.5,fail_higher,0.5,0.0,overlap,0.0,0.0
cntvaluein3_locked_only,direct,direct_max__clocking__lane1__dq9__ctrl_none__endpoint__value_ps,direct_max,clocking,lane1,dq9,,endpoint,27,16,1314.0,1314.0,1314.0,1314.0,1314.0,1314.0,0.0,0.5,fail_higher,0.5,0.0,overlap,0.0,0.0
cntvaluein3_locked_only,direct,direct_max__clocking__lane1__dqs1__ctrl_none__endpoint__value_ps,direct_max,clocking,lane1,dqs1,,endpoint,27,16,1279.0,1279.0,1279.0,1279.0,1279.0,1279.0,0.0,0.5,fail_higher,0.5,0.0,overlap,0.0,0.0
cntvaluein3_locked_only,direct,lane_spread__clocking__lane0__no_bit__ctrl_none__lane__value_ps,lane_spread,clocking,lane0,,,lane,27,16,135.0,135.0,135.0,135.0,135.0,135.0,0.0,0.5,fail_higher,0.5,0.0,overlap,0.0,0.0
cntvaluein3_locked_only,direct,lane_spread__clocking__lane1__no_bit__ctrl_none__lane__value_ps,lane_spread,clocking,lane1,,,lane,27,16,135.0,135.0,135.0,135.0,135.0,135.0,0.0,0.5,fail_higher,0.5,0.0,overlap,0.0,0.0
cntvaluein3_locked_only,skew,dq_lane_range__clocking_skew__lane0__no_bit__ctrl_none__dq_lane__value_ps,dq_lane_range,clocking_skew,lane0,,,dq_lane,27,16,0.0,0.0,0.0,0.0,0.0,0.0,0.0,0.5,fail_higher,0.5,0.0,overlap,0.0,0.0
cntvaluein3_locked_only,skew,signed_dqs_minus_dq_median__clocking_skew__lane0__dqs0__ctrl_none__dqs_vs_dq_lane__value_ps,signed_dqs_minus_dq_median,clocking_skew,lane0,dqs0,,dqs_vs_dq_lane,27,16,-35.0,-35.0,-35.0,-35.0,-35.0,-35.0,0.0,0.5,fail_higher,0.5,0.0,overlap,0.0,0.0
cntvaluein3_locked_only,skew,abs_dqs_minus_dq_median__clocking_skew__lane0__dqs0__ctrl_none__dqs_vs_dq_lane__value_ps,abs_dqs_minus_dq_median,clocking_skew,lane0,dqs0,,dqs_vs_dq_lane,27,16,35.0,35.0,35.0,35.0,35.0,35.0,0.0,0.5,fail_higher,0.5,0.0,overlap,0.0,0.0
cntvaluein3_locked_only,skew,dq_lane_range__clocking_skew__lane1__no_bit__ctrl_none__dq_lane__value_ps,dq_lane_range,clocking_skew,lane1,,,dq_lane,27,16,0.0,0.0,0.0,0.0,0.0,0.0,0.0,0.5,fail_higher,0.5,0.0,overlap,0.0,0.0
cntvaluein3_locked_only,skew,signed_dqs_minus_dq_median__clocking_skew__lane1__dqs1__ctrl_none__dqs_vs_dq_lane__value_ps,signed_dqs_minus_dq_median,clocking_skew,lane1,dqs1,,dqs_vs_dq_lane,27,16,-35.0,-35.0,-35.0,-35.0,-35.0,-35.0,0.0,0.5,fail_higher,0.5,0.0,overlap,0.0,0.0
cntvaluein3_locked_only,skew,abs_dqs_minus_dq_median__clocking_skew__lane1__dqs1__ctrl_none__dqs_vs_dq_lane__value_ps,abs_dqs_minus_dq_median,clocking_skew,lane1,dqs1,,dqs_vs_dq_lane,27,16,35.0,35.0,35.0,35.0,35.0,35.0,0.0,0.5,fail_higher,0.5,0.0,overlap,0.0,0.0
locked_abort2_vs_pass,skew,abs_dqs_minus_dq_bit__idelay_cntvaluein_skew__lane1__dq8__ctrl_4__dqs_vs_dq_bit__value_ps,abs_dqs_minus_dq_bit,idelay_cntvaluein_skew,lane1,dq8,4,dqs_vs_dq_bit,27,13,0.0,308.0,825.0,18.0,169.0,686.0,-139.0,0.213675,fail_lower,0.786325,-0.57265,overlap,0.0,5.364293
locked_abort2_vs_pass,skew,abs_dqs_minus_dq_median__idelay_cntvaluein_skew__lane0__dqs0__ctrl_4__dqs_vs_dq_lane__value_ps,abs_dqs_minus_dq_median,idelay_cntvaluein_skew,lane0,dqs0,4,dqs_vs_dq_lane,27,13,72.5,358.5,1006.0,47.5,130.5,623.0,-228.0,0.216524,fail_lower,0.783476,-0.566952,overlap,0.0,5.310917
locked_abort2_vs_pass,skew,abs_dqs_minus_dq_bit__idelay_cntvaluein_skew__lane0__dq0__ctrl_4__dqs_vs_dq_bit__value_ps,abs_dqs_minus_dq_bit,idelay_cntvaluein_skew,lane0,dq0,4,dqs_vs_dq_bit,27,13,16.0,405.0,1092.0,2.0,151.0,662.0,-254.0,0.222222,fail_lower,0.777778,-0.555556,overlap,0.0,5.204165
locked_abort2_vs_pass,skew,abs_dqs_minus_dq_bit__idelay_cntvaluein_skew__lane0__dq1__ctrl_4__dqs_vs_dq_bit__value_ps,abs_dqs_minus_dq_bit,idelay_cntvaluein_skew,lane0,dq1,4,dqs_vs_dq_bit,27,13,8.0,447.0,1088.0,41.0,158.0,647.0,-289.0,0.225071,fail_lower,0.774929,-0.549858,overlap,0.0,5.150789
locked_abort2_vs_pass,skew,abs_ld_minus_cntvaluein_dq_median__idelay_ld_cntvaluein_skew__lane0__no_bit__ctrl_1__ld_vs_cntvaluein_dq_lane__value_ps,abs_ld_minus_cntvaluein_dq_median,idelay_ld_cntvaluein_skew,lane0,,1,ld_vs_cntvaluein_dq_lane,27,13,41.5,356.5,773.0,37.0,174.5,998.5,-182.0,0.245014,fail_lower,0.754986,-0.509972,overlap,0.0,4.777157
locked_abort2_vs_pass,skew,abs_dqs_minus_dq_bit__idelay_cntvaluein_skew__lane1__dq12__ctrl_4__dqs_vs_dq_bit__value_ps,abs_dqs_minus_dq_bit,idelay_cntvaluein_skew,lane1,dq12,4,dqs_vs_dq_bit,27,13,25.0,317.0,804.0,2.0,138.0,561.0,-179.0,0.25641,fail_lower,0.74359,-0.487179,overlap,0.0,4.563652
locked_abort2_vs_pass,skew,abs_dqs_minus_dq_median__idelay_cntvaluein_skew__lane1__dqs1__ctrl_4__dqs_vs_dq_lane__value_ps,abs_dqs_minus_dq_median,idelay_cntvaluein_skew,lane1,dqs1,4,dqs_vs_dq_lane,27,13,63.0,293.0,836.5,18.0,156.0,561.0,-137.0,0.257835,fail_lower,0.742165,-0.48433,overlap,0.0,4.536964
locked_abort2_vs_pass,skew,abs_dqs_minus_dq_bit__idelay_cntvaluein_skew__lane1__dq14__ctrl_4__dqs_vs_dq_bit__value_ps,abs_dqs_minus_dq_bit,idelay_cntvaluein_skew,lane1,dq14,4,dqs_vs_dq_bit,27,13,35.0,340.0,954.0,8.0,166.0,561.0,-174.0,0.259259,fail_lower,0.740741,-0.481481,overlap,0.0,4.510276
locked_abort2_vs_pass,skew,abs_dqs_minus_dq_bit__idelay_cntvaluein_skew__lane0__dq2__ctrl_4__dqs_vs_dq_bit__value_ps,abs_dqs_minus_dq_bit,idelay_cntvaluein_skew,lane0,dq2,4,dqs_vs_dq_bit,27,13,28.0,387.0,1041.0,31.0,177.0,652.0,-210.0,0.270655,fail_lower,0.729345,-0.458689,overlap,0.0,4.296772
locked_abort2_vs_pass,direct,cntvaluein_bus_skew__idelay_data_cntvaluein__lane0__dq4__ctrl_none__dq4__value_ps,cntvaluein_bus_skew,idelay_data_cntvaluein,lane0,dq4,,dq4,27,13,291.0,922.0,1695.0,319.0,680.0,935.0,-242.0,0.279202,fail_lower,0.720798,-0.441595,overlap,0.0,4.136644
locked_abort2_vs_pass,skew,abs_dqs_minus_dq_bit__idelay_cntvaluein_skew__lane0__dq6__ctrl_4__dqs_vs_dq_bit__value_ps,abs_dqs_minus_dq_bit,idelay_cntvaluein_skew,lane0,dq6,4,dqs_vs_dq_bit,27,13,6.0,385.0,1033.0,36.0,196.0,657.0,-189.0,0.280627,fail_lower,0.719373,-0.438746,overlap,0.0,4.109956
locked_abort2_vs_pass,skew,abs_ld_dqs_minus_dq_median__idelay_ld_skew__lane1__dqs1__ctrl_none__dqs_vs_dq_lane__value_ps,abs_ld_dqs_minus_dq_median,idelay_ld_skew,lane1,dqs1,,dqs_vs_dq_lane,27,13,7.0,95.0,249.0,45.0,168.0,469.0,73.0,0.716524,fail_higher,0.716524,0.433048,overlap,0.0,4.05658
locked_abort2_vs_pass,skew,abs_dqs_minus_dq_bit__idelay_cntvaluein_skew__lane1__dq11__ctrl_1__dqs_vs_dq_bit__value_ps,abs_dqs_minus_dq_bit,idelay_cntvaluein_skew,lane1,dq11,1,dqs_vs_dq_bit,27,13,7.0,365.0,1348.0,13.0,76.0,1216.0,-289.0,0.2849,fail_lower,0.7151,-0.430199,overlap,0.0,4.029892
locked_abort2_vs_pass,skew,abs_dqs_minus_dq_bit__idelay_cntvaluein_skew__lane1__dq10__ctrl_4__dqs_vs_dq_bit__value_ps,abs_dqs_minus_dq_bit,idelay_cntvaluein_skew,lane1,dq10,4,dqs_vs_dq_bit,27,13,11.0,314.0,862.0,5.0,195.0,564.0,-119.0,0.2849,fail_lower,0.7151,-0.430199,overlap,0.0,4.029892
locked_abort2_vs_pass,direct,cntvaluein_bus_skew__idelay_data_cntvaluein__lane0__dq2__ctrl_none__dq2__value_ps,cntvaluein_bus_skew,idelay_data_cntvaluein,lane0,dq2,,dq2,27,13,242.0,924.0,1483.0,398.0,689.0,880.0,-235.0,0.286325,fail_lower,0.713675,-0.42735,overlap,0.0,4.003204
locked_abort2_vs_pass,direct,cntvaluein_bus_skew__idelay_data_cntvaluein__lane0__dq0__ctrl_none__dq0__value_ps,cntvaluein_bus_skew,idelay_data_cntvaluein,lane0,dq0,,dq0,27,13,341.0,860.0,1589.0,302.0,594.0,924.0,-266.0,0.289174,fail_lower,0.710826,-0.421652,overlap,0.0,3.949828
locked_abort2_vs_pass,direct,cntvaluein_bus_skew__idelay_data_cntvaluein__lane1__dq8__ctrl_none__dq8__value_ps,cntvaluein_bus_skew,idelay_data_cntvaluein,lane1,dq8,,dq8,27,13,216.0,964.0,1513.0,396.0,650.0,1107.0,-314.0,0.290598,fail_lower,0.709402,-0.418803,overlap,0.0,3.92314
locked_abort2_vs_pass,skew,abs_dqs_minus_dq_bit__idelay_cntvaluein_skew__lane1__dq10__ctrl_1__dqs_vs_dq_bit__value_ps,abs_dqs_minus_dq_bit,idelay_cntvaluein_skew,lane1,dq10,1,dqs_vs_dq_bit,27,13,13.0,441.0,1214.0,7.0,150.0,1031.0,-291.0,0.290598,fail_lower,0.709402,-0.418803,overlap,0.0,3.92314
locked_abort2_vs_pass,skew,abs_dqs_minus_dq_bit__idelay_cntvaluein_skew__lane1__dq13__ctrl_1__dqs_vs_dq_bit__value_ps,abs_dqs_minus_dq_bit,idelay_cntvaluein_skew,lane1,dq13,1,dqs_vs_dq_bit,27,13,7.0,363.0,1089.0,3.0,77.0,1138.0,-286.0,0.293447,fail_lower,0.706553,-0.413105,overlap,0.0,3.869764
locked_abort2_vs_pass,skew,signed_dqs_minus_dq_bit__idelay_cntvaluein_skew__lane1__dq8__ctrl_2__dqs_vs_dq_bit__value_ps,signed_dqs_minus_dq_bit,idelay_cntvaluein_skew,lane1,dq8,2,dqs_vs_dq_bit,27,13,-895.0,82.0,1159.0,-836.0,-168.0,181.0,-250.0,0.294872,fail_lower,0.705128,-0.410256,overlap,0.0,3.843076
locked_abort2_vs_pass,skew,abs_dqs_minus_dq_bit__idelay_cntvaluein_skew__lane1__dq12__ctrl_1__dqs_vs_dq_bit__value_ps,abs_dqs_minus_dq_bit,idelay_cntvaluein_skew,lane1,dq12,1,dqs_vs_dq_bit,27,13,3.0,342.0,1131.0,13.0,128.0,1050.0,-214.0,0.296296,fail_lower,0.703704,-0.407407,overlap,0.0,3.816388
locked_abort2_vs_pass,direct,cntvaluein_bus_skew__idelay_data_cntvaluein__lane0__dq1__ctrl_none__dq1__value_ps,cntvaluein_bus_skew,idelay_data_cntvaluein,lane0,dq1,,dq1,27,13,285.0,852.0,1587.0,398.0,658.0,995.0,-194.0,0.296296,fail_lower,0.703704,-0.407407,overlap,0.0,3.816388
locked_abort2_vs_pass,direct,direct_max__idelay_data_cntvaluein__lane0__dq2__ctrl_3__endpoint__value_ps,direct_max,idelay_data_cntvaluein,lane0,dq2,3,endpoint,27,13,1452.0,2107.0,2690.0,1319.0,1883.0,2246.0,-224.0,0.297721,fail_lower,0.702279,-0.404558,overlap,0.0,3.7897
locked_abort2_vs_pass,direct,cntvaluein_bus_skew__idelay_data_cntvaluein__lane1__dq10__ctrl_none__dq10__value_ps,cntvaluein_bus_skew,idelay_data_cntvaluein,lane1,dq10,,dq10,27,13,289.0,960.0,1452.0,390.0,628.0,886.0,-332.0,0.30057,fail_lower,0.69943,-0.39886,overlap,0.0,3.736324
locked_abort2_vs_pass,skew,abs_dqs_minus_dq_bit__idelay_cntvaluein_skew__lane0__dq4__ctrl_4__dqs_vs_dq_bit__value_ps,abs_dqs_minus_dq_bit,idelay_cntvaluein_skew,lane0,dq4,4,dqs_vs_dq_bit,27,13,12.0,444.0,1092.0,45.0,207.0,736.0,-237.0,0.30057,fail_lower,0.69943,-0.39886,overlap,0.0,3.736324
locked_abort2_vs_pass,skew,abs_dqs_minus_dq_median__idelay_cntvaluein_skew__lane1__dqs1__ctrl_1__dqs_vs_dq_lane__value_ps,abs_dqs_minus_dq_median,idelay_cntvaluein_skew,lane1,dqs1,1,dqs_vs_dq_lane,27,13,1.5,294.0,1172.5,13.0,154.0,1136.0,-140.0,0.301994,fail_lower,0.698006,-0.396011,overlap,0.0,3.709636
locked_abort2_vs_pass,direct,cntvaluein_bus_skew__idelay_data_cntvaluein__lane0__dq7__ctrl_none__dq7__value_ps,cntvaluein_bus_skew,idelay_data_cntvaluein,lane0,dq7,,dq7,27,13,228.0,844.0,1441.0,377.0,721.0,935.0,-123.0,0.301994,fail_lower,0.698006,-0.396011,overlap,0.0,3.709636
locked_abort2_vs_pass,direct,direct_max__idelay_data_cntvaluein__lane1__dq8__ctrl_2__endpoint__value_ps,direct_max,idelay_data_cntvaluein,lane1,dq8,2,endpoint,27,13,444.0,1154.0,1896.0,666.0,1488.0,1884.0,334.0,0.696581,fail_higher,0.696581,0.393162,overlap,0.0,3.682948
locked_abort2_vs_pass,direct,lane_spread__idelay_data_cntvaluein__lane0__no_bit__ctrl_none__lane__value_ps,lane_spread,idelay_data_cntvaluein,lane0,,,lane,27,13,719.0,1300.0,1853.0,772.0,1074.0,1208.0,-226.0,0.304843,fail_lower,0.695157,-0.390313,overlap,0.0,3.65626
locked_abort2_vs_pass,direct,direct_max__idelay_data_cntvaluein__lane0__dq3__ctrl_3__endpoint__value_ps,direct_max,idelay_data_cntvaluein,lane0,dq3,3,endpoint,27,13,1409.0,1876.0,2295.0,1151.0,1764.0,1939.0,-112.0,0.307692,fail_lower,0.692308,-0.384615,overlap,0.0,3.602883
locked_abort2_vs_pass,skew,abs_dqs_minus_dq_bit__idelay_cntvaluein_skew__lane0__dq7__ctrl_4__dqs_vs_dq_bit__value_ps,abs_dqs_minus_dq_bit,idelay_cntvaluein_skew,lane0,dq7,4,dqs_vs_dq_bit,27,13,0.0,396.0,1126.0,47.0,223.0,650.0,-173.0,0.310541,fail_lower,0.689459,-0.378917,overlap,0.0,3.549507
locked_abort2_vs_pass,direct,direct_max__idelay_data_cntvaluein__lane0__dq5__ctrl_3__endpoint__value_ps,direct_max,idelay_data_cntvaluein,lane0,dq5,3,endpoint,27,13,1411.0,1873.0,2380.0,1235.0,1786.0,2015.0,-87.0,0.310541,fail_lower,0.689459,-0.378917,overlap,0.0,3.549507
locked_abort2_vs_pass,skew,signed_dqs_minus_dq_bit__idelay_cntvaluein_skew__lane1__dq13__ctrl_2__dqs_vs_dq_bit__value_ps,signed_dqs_minus_dq_bit,idelay_cntvaluein_skew,lane1,dq13,2,dqs_vs_dq_bit,27,13,-694.0,148.0,1059.0,-821.0,-76.0,708.0,-224.0,0.31339,fail_lower,0.68661,-0.373219,overlap,0.0,3.496131
locked_abort2_vs_pass,skew,abs_dqs_minus_dq_bit__idelay_cntvaluein_skew__lane1__dq13__ctrl_4__dqs_vs_dq_bit__value_ps,abs_dqs_minus_dq_bit,idelay_cntvaluein_skew,lane1,dq13,4,dqs_vs_dq_bit,27,13,68.0,356.0,825.0,18.0,181.0,561.0,-175.0,0.31339,fail_lower,0.68661,-0.373219,overlap,0.0,3.496131
locked_abort2_vs_pass,skew,signed_dqs_minus_dq_bit__idelay_cntvaluein_skew__lane1__dq11__ctrl_2__dqs_vs_dq_bit__value_ps,signed_dqs_minus_dq_bit,idelay_cntvaluein_skew,lane1,dq11,2,dqs_vs_dq_bit,27,13,-978.0,130.0,1068.0,-943.0,-20.0,699.0,-150.0,0.31339,fail_lower,0.68661,-0.373219,overlap,0.0,3.496131
locked_abort2_vs_pass,direct,cntvaluein_bus_skew__idelay_data_cntvaluein__lane0__dq6__ctrl_none__dq6__value_ps,cntvaluein_bus_skew,idelay_data_cntvaluein,lane0,dq6,,dq6,27,13,382.0,865.0,1412.0,401.0,752.0,950.0,-113.0,0.31339,fail_lower,0.68661,-0.373219,overlap,0.0,3.496131
locked_abort2_vs_pass,direct,cntvaluein_bus_skew__idelay_data_cntvaluein__lane1__dq12__ctrl_none__dq12__value_ps,cntvaluein_bus_skew,idelay_data_cntvaluein,lane1,dq12,,dq12,27,13,239.0,924.0,1459.0,380.0,630.0,1029.0,-294.0,0.316239,fail_lower,0.683761,-0.367521,overlap,0.0,3.442755
locked_abort2_vs_pass,skew,abs_lane1_minus_lane0_dqs__idelay_cntvaluein_skew__all__no_bit__ctrl_3__lane1_vs_lane0_dqs__value_ps,abs_lane1_minus_lane0_dqs,idelay_cntvaluein_skew,all,,3,lane1_vs_lane0_dqs,27,13,74.0,284.0,574.0,21.0,241.0,419.0,-43.0,0.316239,fail_lower,0.683761,-0.367521,overlap,0.0,3.442755
locked_abort2_vs_pass,direct,direct_max__idelay_data_cntvaluein__lane0__dq0__ctrl_3__endpoint__value_ps,direct_max,idelay_data_cntvaluein,lane0,dq0,3,endpoint,27,13,1274.0,2023.0,2483.0,1230.0,1883.0,2134.0,-140.0,0.319088,fail_lower,0.680912,-0.361823,overlap,0.0,3.389379
locked_abort2_vs_pass,direct,direct_max__idelay_data_cntvaluein__lane0__dq5__ctrl_2__endpoint__value_ps,direct_max,idelay_data_cntvaluein,lane0,dq5,2,endpoint,27,13,754.0,1187.0,1845.0,879.0,1524.0,2170.0,337.0,0.678063,fail_higher,0.678063,0.356125,overlap,0.0,3.336003
locked_abort2_vs_pass,skew,abs_dqs_minus_dq_bit__idelay_cntvaluein_skew__lane1__dq14__ctrl_1__dqs_vs_dq_bit__value_ps,abs_dqs_minus_dq_bit,idelay_cntvaluein_skew,lane1,dq14,1,dqs_vs_dq_bit,27,13,0.0,334.0,1040.0,66.0,174.0,1123.0,-160.0,0.321937,fail_lower,0.678063,-0.356125,overlap,0.0,3.336003
locked_abort2_vs_pass,skew,signed_dqs_minus_dq_median__idelay_cntvaluein_skew__lane1__dqs1__ctrl_2__dqs_vs_dq_lane__value_ps,signed_dqs_minus_dq_median,idelay_cntvaluein_skew,lane1,dqs1,2,dqs_vs_dq_lane,27,13,-853.0,103.0,1070.0,-816.0,-19.5,531.5,-122.5,0.321937,fail_lower,0.678063,-0.356125,overlap,0.0,3.336003
locked_abort2_vs_pass,skew,signed_lane1_minus_lane0_dq_median__idelay_cntvaluein_skew__all__no_bit__ctrl_3__lane1_vs_lane0_dq__value_ps,signed_lane1_minus_lane0_dq_median,idelay_cntvaluein_skew,all,,3,lane1_vs_lane0_dq,27,13,-614.0,-303.5,-25.5,-549.0,-224.5,106.0,79.0,0.678063,fail_higher,0.678063,0.356125,overlap,0.0,3.336003
locked_abort2_vs_pass,direct,direct_max__idelay_data_cntvaluein__lane0__dq4__ctrl_3__endpoint__value_ps,direct_max,idelay_data_cntvaluein,lane0,dq4,3,endpoint,27,13,1327.0,2078.0,2687.0,1233.0,1792.0,2236.0,-286.0,0.324786,fail_lower,0.675214,-0.350427,overlap,0.0,3.282627
locked_abort2_vs_pass,direct,direct_max__idelay_data_cntvaluein__lane1__dq11__ctrl_2__endpoint__value_ps,direct_max,idelay_data_cntvaluein,lane1,dq11,2,endpoint,27,13,446.0,1161.0,1680.0,758.0,1350.0,2013.0,189.0,0.675214,fail_higher,0.675214,0.350427,overlap,0.0,3.282627
locked_abort2_vs_pass,direct,control_fanout_spread__idelay_data_cntvaluein__lane0__no_bit__ctrl_2__lane_control_bit__value_ps,control_fanout_spread,idelay_data_cntvaluein,lane0,,2,lane_control_bit,27,13,194.0,350.0,632.0,174.0,295.0,530.0,-55.0,0.326211,fail_lower,0.673789,-0.347578,overlap,0.0,3.255939
locked_abort2_vs_pass,skew,dq_lane_range__idelay_cntvaluein_skew__lane0__no_bit__ctrl_2__dq_lane__value_ps,dq_lane_range,idelay_cntvaluein_skew,lane0,,2,dq_lane,27,13,194.0,350.0,632.0,174.0,295.0,530.0,-55.0,0.326211,fail_lower,0.673789,-0.347578,overlap,0.0,3.255939
locked_abort2_vs_pass,direct,direct_max__idelay_data_cntvaluein__lane1__dq14__ctrl_0__endpoint__value_ps,direct_max,idelay_data_cntvaluein,lane1,dq14,0,endpoint,27,13,456.0,1192.0,1947.0,722.0,1384.0,1794.0,192.0,0.672365,fail_higher,0.672365,0.344729,overlap,0.0,3.229251
locked_abort2_vs_pass,skew,abs_ld_minus_cntvaluein_dq_median__idelay_ld_cntvaluein_skew__lane1__no_bit__ctrl_3__ld_vs_cntvaluein_dq_lane__value_ps,abs_ld_minus_cntvaluein_dq_median,idelay_ld_cntvaluein_skew,lane1,,3,ld_vs_cntvaluein_dq_lane,27,13,28.5,376.5,1043.0,24.5,222.0,778.5,-154.5,0.327635,fail_lower,0.672365,-0.344729,overlap,0.0,3.229251
locked_abort2_vs_pass,skew,signed_dqs_minus_dq_bit__idelay_cntvaluein_skew__lane1__dq10__ctrl_2__dqs_vs_dq_bit__value_ps,signed_dqs_minus_dq_bit,idelay_cntvaluein_skew,lane1,dq10,2,dqs_vs_dq_bit,27,13,-798.0,28.0,920.0,-939.0,-79.0,308.0,-107.0,0.327635,fail_lower,0.672365,-0.344729,overlap,0.0,3.229251
locked_abort2_vs_pass,skew,signed_lane1_minus_lane0_dq_median__idelay_cntvaluein_skew__all__no_bit__ctrl_2__lane1_vs_lane0_dq__value_ps,signed_lane1_minus_lane0_dq_median,idelay_cntvaluein_skew,all,,2,lane1_vs_lane0_dq,27,13,-631.5,-318.5,142.5,-428.0,-268.5,297.5,50.0,0.672365,fail_higher,0.672365,0.344729,overlap,0.0,3.229251
locked_abort2_vs_pass,skew,signed_lane1_minus_lane0_dqs__idelay_cntvaluein_skew__all__no_bit__ctrl_3__lane1_vs_lane0_dqs__value_ps,signed_lane1_minus_lane0_dqs,idelay_cntvaluein_skew,all,,3,lane1_vs_lane0_dqs,27,13,-574.0,-284.0,139.0,-419.0,-241.0,21.0,43.0,0.672365,fail_higher,0.672365,0.344729,overlap,0.0,3.229251
locked_abort2_vs_pass,skew,signed_dqs_minus_dq_bit__idelay_cntvaluein_skew__lane1__dq9__ctrl_2__dqs_vs_dq_bit__value_ps,signed_dqs_minus_dq_bit,idelay_cntvaluein_skew,lane1,dq9,2,dqs_vs_dq_bit,27,13,-985.0,306.0,1287.0,-385.0,-56.0,801.0,-362.0,0.330484,fail_lower,0.669516,-0.339031,overlap,0.0,3.175875
locked_abort2_vs_pass,skew,abs_dqs_minus_dq_bit__idelay_cntvaluein_skew__lane0__dq1__ctrl_1__dqs_vs_dq_bit__value_ps,abs_dqs_minus_dq_bit,idelay_cntvaluein_skew,lane0,dq1,1,dqs_vs_dq_bit,27,13,22.0,301.0,1089.0,9.0,123.0,885.0,-178.0,0.331909,fail_lower,0.668091,-0.336182,overlap,0.0,3.149187
locked_abort2_vs_pass,direct,direct_max__idelay_data_cntvaluein__lane1__dq13__ctrl_2__endpoint__value_ps,direct_max,idelay_data_cntvaluein,lane1,dq13,2,endpoint,27,13,451.0,1177.0,1743.0,714.0,1322.0,1955.0,145.0,0.668091,fail_higher,0.668091,0.336182,overlap,0.0,3.149187
locked_abort2_vs_pass,direct,control_fanout_spread__idelay_data_cntvaluein__lane1__no_bit__ctrl_0__lane_control_bit__value_ps,control_fanout_spread,idelay_data_cntvaluein,lane1,,0,lane_control_bit,27,13,135.0,397.0,632.0,222.0,426.0,652.0,29.0,0.666667,fail_higher,0.666667,0.333333,overlap,0.0,3.122499
locked_abort2_vs_pass,skew,dq_lane_range__idelay_cntvaluein_skew__lane1__no_bit__ctrl_0__dq_lane__value_ps,dq_lane_range,idelay_cntvaluein_skew,lane1,,0,dq_lane,27,13,135.0,397.0,632.0,222.0,426.0,652.0,29.0,0.666667,fail_higher,0.666667,0.333333,overlap,0.0,3.122499
locked_abort2_vs_pass,skew,abs_dqs_minus_dq_bit__idelay_cntvaluein_skew__lane0__dq3__ctrl_4__dqs_vs_dq_bit__value_ps,abs_dqs_minus_dq_bit,idelay_cntvaluein_skew,lane0,dq3,4,dqs_vs_dq_bit,27,13,22.0,268.0,1036.0,31.0,137.0,599.0,-131.0,0.334758,fail_lower,0.665242,-0.330484,overlap,0.0,3.095811
locked_abort2_vs_pass,skew,signed_dqs_bus_skew_minus_dq_median__idelay_cntvaluein_skew__lane0__dqs0__ctrl_none__dqs_vs_dq_bus_skew__value_ps,signed_dqs_bus_skew_minus_dq_median,idelay_cntvaluein_skew,lane0,dqs0,,dqs_vs_dq_bus_skew,27,13,-985.0,-191.5,768.5,-386.5,74.5,726.0,266.0,0.663818,fail_higher,0.663818,0.327635,overlap,0.0,3.069123
locked_abort2_vs_pass,direct,direct_max__idelay_ld__lane1__dq11__ctrl_none__endpoint__value_ps,direct_max,idelay_ld,lane1,dq11,,endpoint,27,13,958.0,1279.0,1669.0,958.0,1452.0,1651.0,173.0,0.663818,fail_higher,0.663818,0.327635,overlap,0.0,3.069123
locked_abort2_vs_pass,skew,signed_dqs_minus_dq_bit__idelay_cntvaluein_skew__lane1__dq14__ctrl_2__dqs_vs_dq_bit__value_ps,signed_dqs_minus_dq_bit,idelay_cntvaluein_skew,lane1,dq14,2,dqs_vs_dq_bit,27,13,-834.0,-13.0,1072.0,-813.0,-147.0,383.0,-134.0,0.336182,fail_lower,0.663818,-0.327635,overlap,0.0,3.069123
locked_abort2_vs_pass,direct,direct_max__idelay_data_cntvaluein__lane1__dq11__ctrl_3__endpoint__value_ps,direct_max,idelay_data_cntvaluein,lane1,dq11,3,endpoint,27,13,1261.0,1628.0,2124.0,1184.0,1509.0,1845.0,-119.0,0.336182,fail_lower,0.663818,-0.327635,overlap,0.0,3.069123
locked_abort2_vs_pass,direct,direct_max__idelay_data_cntvaluein__lane1__dq10__ctrl_0__endpoint__value_ps,direct_max,idelay_data_cntvaluein,lane1,dq10,0,endpoint,27,13,549.0,1070.0,1779.0,554.0,1383.0,1896.0,313.0,0.65812,fail_higher,0.65812,0.316239,overlap,0.0,2.962371
locked_abort2_vs_pass,skew,abs_dqs_minus_dq_bit__idelay_cntvaluein_skew__lane1__dq8__ctrl_1__dqs_vs_dq_bit__value_ps,abs_dqs_minus_dq_bit,idelay_cntvaluein_skew,lane1,dq8,1,dqs_vs_dq_bit,27,13,23.0,353.0,954.0,28.0,169.0,1134.0,-184.0,0.34188,fail_lower,0.65812,-0.316239,overlap,0.0,2.962371
locked_abort2_vs_pass,direct,direct_max__idelay_data_cntvaluein__lane1__dq8__ctrl_0__endpoint__value_ps,direct_max,idelay_data_cntvaluein,lane1,dq8,0,endpoint,27,13,587.0,1289.0,2032.0,550.0,1473.0,1878.0,184.0,0.656695,fail_higher,0.656695,0.31339,overlap,0.0,2.935683
locked_abort2_vs_pass,direct,direct_max__reset_release__all__no_bit__ctrl_none__endpoint__value_ps,direct_max,reset_release,all,,,endpoint,27,13,407.0,675.0,1215.0,495.0,764.0,1095.0,89.0,0.656695,fail_higher,0.656695,0.31339,overlap,0.0,2.935683
locked_abort2_vs_pass,direct,lane_spread__reset_release__all__no_bit__ctrl_none__lane__value_ps,lane_spread,reset_release,all,,,lane,27,13,407.0,675.0,1215.0,495.0,764.0,1095.0,89.0,0.656695,fail_higher,0.656695,0.31339,overlap,0.0,2.935683
locked_abort2_vs_pass,skew,abs_ld_minus_cntvaluein_dq_median__idelay_ld_cntvaluein_skew__lane0__no_bit__ctrl_3__ld_vs_cntvaluein_dq_lane__value_ps,abs_ld_minus_cntvaluein_dq_median,idelay_ld_cntvaluein_skew,lane0,,3,ld_vs_cntvaluein_dq_lane,27,13,13.5,558.5,1097.5,38.5,346.0,726.5,-212.5,0.344729,fail_lower,0.655271,-0.310541,overlap,0.0,2.908995
locked_abort2_vs_pass,skew,abs_lane1_minus_lane0_dq_median__idelay_cntvaluein_skew__all__no_bit__ctrl_3__lane1_vs_lane0_dq__value_ps,abs_lane1_minus_lane0_dq_median,idelay_cntvaluein_skew,all,,3,lane1_vs_lane0_dq,27,13,25.5,303.5,614.0,73.5,224.5,549.0,-79.0,0.344729,fail_lower,0.655271,-0.310541,overlap,0.0,2.908995
locked_abort2_vs_pass,skew,abs_dqs_minus_dq_bit__idelay_cntvaluein_skew__lane1__dq15__ctrl_2__dqs_vs_dq_bit__value_ps,abs_dqs_minus_dq_bit,idelay_cntvaluein_skew,lane1,dq15,2,dqs_vs_dq_bit,27,13,3.0,390.0,1219.0,0.0,219.0,823.0,-171.0,0.346154,fail_lower,0.653846,-0.307692,overlap,0.0,2.882307
locked_abort2_vs_pass,direct,direct_max__idelay_data_cntvaluein__lane1__dq12__ctrl_0__endpoint__value_ps,direct_max,idelay_data_cntvaluein,lane1,dq12,0,endpoint,27,13,462.0,1174.0,1863.0,638.0,1328.0,2032.0,154.0,0.652422,fail_higher,0.652422,0.304843,overlap,0.0,2.855619
locked_abort2_vs_pass,direct,direct_max__dq_iologic__lane0__dq7__ctrl_none__endpoint__value_ps,direct_max,dq_iologic,lane0,dq7,,endpoint,27,13,1945.0,2474.0,3318.0,1929.0,2234.0,3447.0,-240.0,0.349003,fail_lower,0.650997,-0.301994,overlap,0.0,2.828931
locked_abort2_vs_pass,direct,direct_max__idelay_data_cntvaluein__lane1__dq14__ctrl_2__endpoint__value_ps,direct_max,idelay_data_cntvaluein,lane1,dq14,2,endpoint,27,13,597.0,1121.0,1894.0,720.0,1325.0,1883.0,204.0,0.650997,fail_higher,0.650997,0.301994,overlap,0.0,2.828931
locked_abort2_vs_pass,direct,cntvaluein_bus_skew__idelay_data_cntvaluein__lane1__dq13__ctrl_none__dq13__value_ps,cntvaluein_bus_skew,idelay_data_cntvaluein,lane1,dq13,,dq13,27,13,360.0,770.0,1385.0,319.0,546.0,919.0,-224.0,0.350427,fail_lower,0.649573,-0.299145,overlap,0.0,2.802243
locked_abort2_vs_pass,skew,signed_dqs_minus_dq_bit__idelay_cntvaluein_skew__lane1__dq11__ctrl_3__dqs_vs_dq_bit__value_ps,signed_dqs_minus_dq_bit,idelay_cntvaluein_skew,lane1,dq11,3,dqs_vs_dq_bit,27,13,-483.0,22.0,691.0,-273.0,184.0,798.0,162.0,0.649573,fail_higher,0.649573,0.299145,overlap,0.0,2.802243
locked_abort2_vs_pass,direct,lane_spread__idelay_ld__lane1__no_bit__ctrl_none__lane__value_ps,lane_spread,idelay_ld,lane1,,,lane,27,13,177.0,332.0,535.0,256.0,384.0,626.0,52.0,0.648148,fail_higher,0.648148,0.296296,overlap,0.0,2.775555
locked_abort2_vs_pass,skew,signed_dqs_minus_dq_bit__idelay_cntvaluein_skew__lane1__dq15__ctrl_2__dqs_vs_dq_bit__value_ps,signed_dqs_minus_dq_bit,idelay_cntvaluein_skew,lane1,dq15,2,dqs_vs_dq_bit,27,13,-906.0,325.0,1219.0,-614.0,69.0,823.0,-256.0,0.353276,fail_lower,0.646724,-0.293447,overlap,0.0,2.748867
locked_abort2_vs_pass,direct,lane_spread__idelay_data_cntvaluein__lane1__no_bit__ctrl_none__lane__value_ps,lane_spread,idelay_data_cntvaluein,lane1,,,lane,27,13,548.0,1270.0,1773.0,778.0,1066.0,1427.0,-204.0,0.353276,fail_lower,0.646724,-0.293447,overlap,0.0,2.748867
locked_abort2_vs_pass,direct,direct_max__idelay_ld__lane0__dq2__ctrl_none__endpoint__value_ps,direct_max,idelay_ld,lane0,dq2,,endpoint,27,13,1116.0,1534.0,1991.0,1146.0,1396.0,1705.0,-138.0,0.354701,fail_lower,0.645299,-0.290598,overlap,0.0,2.722179
locked_abort2_vs_pass,direct,direct_max__idelay_data_cntvaluein__lane0__dq7__ctrl_3__endpoint__value_ps,direct_max,idelay_data_cntvaluein,lane0,dq7,3,endpoint,27,13,1498.0,2069.0,2780.0,1327.0,1965.0,2336.0,-104.0,0.354701,fail_lower,0.645299,-0.290598,overlap,0.0,2.722179
locked_abort2_vs_pass,skew,signed_dqs_minus_dq_bit__idelay_cntvaluein_skew__lane1__dq12__ctrl_2__dqs_vs_dq_bit__value_ps,signed_dqs_minus_dq_bit,idelay_cntvaluein_skew,lane1,dq12,2,dqs_vs_dq_bit,27,13,-744.0,26.0,984.0,-885.0,-23.0,390.0,-49.0,0.354701,fail_lower,0.645299,-0.290598,overlap,0.0,2.722179
locked_abort2_vs_pass,skew,signed_ld_minus_cntvaluein_dq_median__idelay_ld_cntvaluein_skew__lane1__no_bit__ctrl_3__ld_vs_cntvaluein_dq_lane__value_ps,signed_ld_minus_cntvaluein_dq_median,idelay_ld_cntvaluein_skew,lane1,,3,ld_vs_cntvaluein_dq_lane,27,13,-1043.0,-362.5,431.0,-778.5,-222.0,149.5,140.5,0.643875,fail_higher,0.643875,0.287749,overlap,0.0,2.695491
locked_abort2_vs_pass,direct,direct_max__idelay_data_cntvaluein__lane1__dq10__ctrl_2__endpoint__value_ps,direct_max,idelay_data_cntvaluein,lane1,dq10,2,endpoint,27,13,444.0,1067.0,1858.0,661.0,1440.0,2009.0,373.0,0.641026,fail_higher,0.641026,0.282051,overlap,0.0,2.642115
locked_abort2_vs_pass,direct,direct_max__idelay_data_cntvaluein__lane0__dq7__ctrl_0__endpoint__value_ps,direct_max,idelay_data_cntvaluein,lane0,dq7,0,endpoint,27,13,893.0,1493.0,2332.0,1052.0,1748.0,2375.0,255.0,0.641026,fail_higher,0.641026,0.282051,overlap,0.0,2.642115
locked_abort2_vs_pass,skew,abs_dqs_minus_dq_bit__idelay_cntvaluein_skew__lane0__dq5__ctrl_1__dqs_vs_dq_bit__value_ps,abs_dqs_minus_dq_bit,idelay_cntvaluein_skew,lane0,dq5,1,dqs_vs_dq_bit,27,13,19.0,378.0,980.0,2.0,176.0,1298.0,-202.0,0.358974,fail_lower,0.641026,-0.282051,overlap,0.0,2.642115
locked_abort2_vs_pass,skew,abs_dqs_minus_dq_bit__idelay_cntvaluein_skew__lane1__dq11__ctrl_4__dqs_vs_dq_bit__value_ps,abs_dqs_minus_dq_bit,idelay_cntvaluein_skew,lane1,dq11,4,dqs_vs_dq_bit,27,13,5.0,321.0,913.0,5.0,199.0,649.0,-122.0,0.360399,fail_lower,0.639601,-0.279202,overlap,0.0,2.615427
locked_abort2_vs_pass,direct,direct_max__idelay_data_cntvaluein__lane0__dq3__ctrl_2__endpoint__value_ps,direct_max,idelay_data_cntvaluein,lane0,dq3,2,endpoint,27,13,726.0,1182.0,1891.0,787.0,1452.0,2078.0,270.0,0.638177,fail_higher,0.638177,0.276353,overlap,0.0,2.588738
locked_abort2_vs_pass,direct,cntvaluein_bus_skew__idelay_data_cntvaluein__lane1__dq14__ctrl_none__dq14__value_ps,cntvaluein_bus_skew,idelay_data_cntvaluein,lane1,dq14,,dq14,27,13,263.0,987.0,1631.0,404.0,718.0,1140.0,-269.0,0.361823,fail_lower,0.638177,-0.276353,overlap,0.0,2.588738
locked_abort2_vs_pass,skew,signed_dqs_minus_dq_bit__idelay_cntvaluein_skew__lane1__dq8__ctrl_0__dqs_vs_dq_bit__value_ps,signed_dqs_minus_dq_bit,idelay_cntvaluein_skew,lane1,dq8,0,dqs_vs_dq_bit,27,13,-669.0,-46.0,767.0,-986.0,-233.0,622.0,-187.0,0.361823,fail_lower,0.638177,-0.276353,overlap,0.0,2.588738
locked_abort2_vs_pass,skew,abs_lane1_minus_lane0_dq_median__idelay_cntvaluein_skew__all__no_bit__ctrl_2__lane1_vs_lane0_dq__value_ps,abs_lane1_minus_lane0_dq_median,idelay_cntvaluein_skew,all,,2,lane1_vs_lane0_dq,27,13,12.0,318.5,631.5,2.0,273.5,428.0,-45.0,0.361823,fail_lower,0.638177,-0.276353,overlap,0.0,2.588738
locked_abort2_vs_pass,skew,signed_dqs_minus_dq_bit__idelay_cntvaluein_skew__lane0__dq5__ctrl_2__dqs_vs_dq_bit__value_ps,signed_dqs_minus_dq_bit,idelay_cntvaluein_skew,lane0,dq5,2,dqs_vs_dq_bit,27,13,-754.0,257.0,1078.0,-899.0,13.0,708.0,-244.0,0.363248,fail_lower,0.636752,-0.273504,overlap,0.0,2.56205
locked_abort2_vs_pass,direct,cntvaluein_bus_skew__idelay_data_cntvaluein__lane0__dq3__ctrl_none__dq3__value_ps,cntvaluein_bus_skew,idelay_data_cntvaluein,lane0,dq3,,dq3,27,13,334.0,775.0,1494.0,402.0,740.0,931.0,-35.0,0.363248,fail_lower,0.636752,-0.273504,overlap,0.0,2.56205
locked_abort2_vs_pass,skew,signed_ld_minus_cntvaluein_dq_median__idelay_ld_cntvaluein_skew__lane0__no_bit__ctrl_0__ld_vs_cntvaluein_dq_lane__value_ps,signed_ld_minus_cntvaluein_dq_median,idelay_ld_cntvaluein_skew,lane0,,0,ld_vs_cntvaluein_dq_lane,27,13,-641.0,108.5,647.0,-816.0,-265.5,522.5,-374.0,0.364672,fail_lower,0.635328,-0.270655,overlap,0.0,2.535362
locked_abort2_vs_pass,direct,cntvaluein_bus_skew__idelay_data_cntvaluein__lane1__dq11__ctrl_none__dq11__value_ps,cntvaluein_bus_skew,idelay_data_cntvaluein,lane1,dq11,,dq11,27,13,202.0,787.0,1391.0,317.0,525.0,961.0,-262.0,0.364672,fail_lower,0.635328,-0.270655,overlap,0.0,2.535362
locked_abort2_vs_pass,direct,direct_max__idelay_data_cntvaluein__lane1__dq13__ctrl_0__endpoint__value_ps,direct_max,idelay_data_cntvaluein,lane1,dq13,0,endpoint,27,13,535.0,1184.0,1791.0,711.0,1212.0,1797.0,28.0,0.633903,fail_higher,0.633903,0.267806,overlap,0.0,2.508674
locked_abort2_vs_pass,skew,signed_ld_minus_cntvaluein_dq_median__idelay_ld_cntvaluein_skew__lane0__no_bit__ctrl_3__ld_vs_cntvaluein_dq_lane__value_ps,signed_ld_minus_cntvaluein_dq_median,idelay_ld_cntvaluein_skew,lane0,,3,ld_vs_cntvaluein_dq_lane,27,13,-1097.5,-558.5,349.5,-726.5,-346.0,38.5,212.5,0.632479,fail_higher,0.632479,0.264957,overlap,0.0,2.481986
locked_abort2_vs_pass,skew,abs_dqs_minus_dq_median__idelay_cntvaluein_skew__lane0__dqs0__ctrl_1__dqs_vs_dq_lane__value_ps,abs_dqs_minus_dq_median,idelay_cntvaluein_skew,lane0,dqs0,1,dqs_vs_dq_lane,27,13,23.5,329.5,1134.5,17.0,198.0,1014.5,-131.5,0.367521,fail_lower,0.632479,-0.264957,overlap,0.0,2.481986
locked_abort2_vs_pass,direct,direct_max__idelay_data_cntvaluein__lane0__dq1__ctrl_3__endpoint__value_ps,direct_max,idelay_data_cntvaluein,lane0,dq1,3,endpoint,27,13,1358.0,2036.0,2596.0,1149.0,1965.0,2190.0,-71.0,0.367521,fail_lower,0.632479,-0.264957,overlap,0.0,2.481986
locked_abort2_vs_pass,skew,abs_lane1_minus_lane0_dqs__idelay_cntvaluein_skew__all__no_bit__ctrl_4__lane1_vs_lane0_dqs__value_ps,abs_lane1_minus_lane0_dqs,idelay_cntvaluein_skew,all,,4,lane1_vs_lane0_dqs,27,13,51.0,332.0,582.0,15.0,275.0,450.0,-57.0,0.367521,fail_lower,0.632479,-0.264957,overlap,0.0,2.481986
locked_abort2_vs_pass,skew,abs_dqs_minus_dq_bit__idelay_cntvaluein_skew__lane1__dq9__ctrl_4__dqs_vs_dq_bit__value_ps,abs_dqs_minus_dq_bit,idelay_cntvaluein_skew,lane1,dq9,4,dqs_vs_dq_bit,27,13,33.0,316.0,956.0,115.0,263.0,449.0,-53.0,0.367521,fail_lower,0.632479,-0.264957,overlap,0.0,2.481986
locked_abort2_vs_pass,skew,signed_dqs_minus_dq_bit__idelay_cntvaluein_skew__lane0__dq2__ctrl_3__dqs_vs_dq_bit__value_ps,signed_dqs_minus_dq_bit,idelay_cntvaluein_skew,lane0,dq2,3,dqs_vs_dq_bit,27,13,-664.0,-53.0,483.0,-730.0,79.0,1078.0,132.0,0.62963,fail_higher,0.62963,0.259259,overlap,0.0,2.42861
locked_abort2_vs_pass,skew,signed_dqs_minus_dq_bit__idelay_cntvaluein_skew__lane1__dq14__ctrl_0__dqs_vs_dq_bit__value_ps,signed_dqs_minus_dq_bit,idelay_cntvaluein_skew,lane1,dq14,0,dqs_vs_dq_bit,27,13,-669.0,-41.0,855.0,-847.0,-153.0,552.0,-112.0,0.37037,fail_lower,0.62963,-0.259259,overlap,0.0,2.42861
locked_abort2_vs_pass,direct,direct_max__idelay_data_cntvaluein__lane1__dq11__ctrl_0__endpoint__value_ps,direct_max,idelay_data_cntvaluein,lane1,dq11,0,endpoint,27,13,537.0,1100.0,1707.0,626.0,1123.0,1702.0,23.0,0.62963,fail_higher,0.62963,0.259259,overlap,0.0,2.42861
locked_abort2_vs_pass,direct,direct_max__idelay_data_cntvaluein__lane1__dq12__ctrl_2__endpoint__value_ps,direct_max,idelay_data_cntvaluein,lane1,dq12,2,endpoint,27,13,528.0,1060.0,1804.0,574.0,1360.0,1955.0,300.0,0.628205,fail_higher,0.628205,0.25641,overlap,0.0,2.401922
locked_abort2_vs_pass,direct,direct_max__idelay_data_cntvaluein__lane1__dq10__ctrl_3__endpoint__value_ps,direct_max,idelay_data_cntvaluein,lane1,dq10,3,endpoint,27,13,1271.0,1748.0,2249.0,1241.0,1695.0,1930.0,-53.0,0.371795,fail_lower,0.628205,-0.25641,overlap,0.0,2.401922
locked_abort2_vs_pass,skew,abs_dqs_minus_dq_bit__idelay_cntvaluein_skew__lane0__dq1__ctrl_2__dqs_vs_dq_bit__value_ps,abs_dqs_minus_dq_bit,idelay_cntvaluein_skew,lane0,dq1,2,dqs_vs_dq_bit,27,13,76.0,375.0,1073.0,70.0,241.0,828.0,-134.0,0.373219,fail_lower,0.626781,-0.253561,overlap,0.0,2.375234
locked_abort2_vs_pass,skew,abs_dqs_minus_dq_bit__idelay_cntvaluein_skew__lane1__dq10__ctrl_3__dqs_vs_dq_bit__value_ps,abs_dqs_minus_dq_bit,idelay_cntvaluein_skew,lane1,dq10,3,dqs_vs_dq_bit,27,13,14.0,199.0,633.0,24.0,296.0,939.0,97.0,0.626781,fail_higher,0.626781,0.253561,overlap,0.0,2.375234
locked_abort2_vs_pass,direct,direct_max__idelay_data_cntvaluein__lane0__dq0__ctrl_2__endpoint__value_ps,direct_max,idelay_data_cntvaluein,lane0,dq0,2,endpoint,27,13,919.0,1251.0,2128.0,1042.0,1582.0,2154.0,331.0,0.623932,fail_higher,0.623932,0.247863,overlap,0.0,2.321858
locked_abort2_vs_pass,direct,direct_max__idelay_data_cntvaluein__lane0__dq3__ctrl_0__endpoint__value_ps,direct_max,idelay_data_cntvaluein,lane0,dq3,0,endpoint,27,13,676.0,1116.0,1914.0,777.0,1353.0,1975.0,237.0,0.623932,fail_higher,0.623932,0.247863,overlap,0.0,2.321858
locked_abort2_vs_pass,skew,abs_dqs_minus_dq_bit__idelay_cntvaluein_skew__lane0__dq6__ctrl_1__dqs_vs_dq_bit__value_ps,abs_dqs_minus_dq_bit,idelay_cntvaluein_skew,lane0,dq6,1,dqs_vs_dq_bit,27,13,8.0,326.0,1275.0,27.0,195.0,1036.0,-131.0,0.376068,fail_lower,0.623932,-0.247863,overlap,0.0,2.321858
locked_abort2_vs_pass,direct,cntvaluein_bus_skew__idelay_data_cntvaluein__lane0__dq5__ctrl_none__dq5__value_ps,cntvaluein_bus_skew,idelay_data_cntvaluein,lane0,dq5,,dq5,27,13,334.0,852.0,1310.0,341.0,755.0,1091.0,-97.0,0.376068,fail_lower,0.623932,-0.247863,overlap,0.0,2.321858
locked_abort2_vs_pass,skew,abs_dqs_minus_dq_bit__idelay_cntvaluein_skew__lane1__dq11__ctrl_3__dqs_vs_dq_bit__value_ps,abs_dqs_minus_dq_bit,idelay_cntvaluein_skew,lane1,dq11,3,dqs_vs_dq_bit,27,13,8.0,237.0,691.0,57.0,273.0,798.0,36.0,0.623932,fail_higher,0.623932,0.247863,overlap,0.0,2.321858
locked_abort2_vs_pass,skew,signed_dqs_minus_dq_bit__idelay_cntvaluein_skew__lane0__dq0__ctrl_3__dqs_vs_dq_bit__value_ps,signed_dqs_minus_dq_bit,idelay_cntvaluein_skew,lane0,dq0,3,dqs_vs_dq_bit,27,13,-646.0,-23.0,631.0,-467.0,171.0,1167.0,194.0,0.621083,fail_higher,0.621083,0.242165,overlap,0.0,2.268482
locked_abort2_vs_pass,skew,abs_dqs_minus_dq_bit__idelay_cntvaluein_skew__lane1__dq9__ctrl_2__dqs_vs_dq_bit__value_ps,abs_dqs_minus_dq_bit,idelay_cntvaluein_skew,lane1,dq9,2,dqs_vs_dq_bit,27,13,12.0,380.0,1287.0,56.0,249.0,801.0,-131.0,0.378917,fail_lower,0.621083,-0.242165,overlap,0.0,2.268482
locked_abort2_vs_pass,direct,direct_max__idelay_data_cntvaluein__lane0__dq1__ctrl_0__endpoint__value_ps,direct_max,idelay_data_cntvaluein,lane0,dq1,0,endpoint,27,13,930.0,1368.0,2150.0,961.0,1626.0,2193.0,258.0,0.619658,fail_higher,0.619658,0.239316,overlap,0.0,2.241794
locked_abort2_vs_pass,direct,direct_max__idelay_data_cntvaluein__lane1__dq9__ctrl_3__endpoint__value_ps,direct_max,idelay_data_cntvaluein,lane1,dq9,3,endpoint,27,13,1131.0,1552.0,2023.0,1233.0,1439.0,1809.0,-113.0,0.380342,fail_lower,0.619658,-0.239316,overlap,0.0,2.241794
locked_abort2_vs_pass,direct,direct_max__idelay_data_cntvaluein__lane0__dq2__ctrl_0__endpoint__value_ps,direct_max,idelay_data_cntvaluein,lane0,dq2,0,endpoint,27,13,805.0,1463.0,2244.0,1055.0,1575.0,2288.0,112.0,0.619658,fail_higher,0.619658,0.239316,overlap,0.0,2.241794
locked_abort2_vs_pass,skew,signed_dqs_minus_dq_bit__idelay_cntvaluein_skew__lane1__dq13__ctrl_0__dqs_vs_dq_bit__value_ps,signed_dqs_minus_dq_bit,idelay_cntvaluein_skew,lane1,dq13,0,dqs_vs_dq_bit,27,13,-577.0,64.0,1016.0,-934.0,-60.0,656.0,-124.0,0.381766,fail_lower,0.618234,-0.236467,overlap,0.0,2.215106
locked_abort2_vs_pass,direct,control_fanout_spread__idelay_data_cntvaluein__lane1__no_bit__ctrl_2__lane_control_bit__value_ps,control_fanout_spread,idelay_data_cntvaluein,lane1,,2,lane_control_bit,27,13,177.0,342.0,878.0,196.0,423.0,890.0,81.0,0.618234,fail_higher,0.618234,0.236467,overlap,0.0,2.215106
locked_abort2_vs_pass,skew,dq_lane_range__idelay_cntvaluein_skew__lane1__no_bit__ctrl_2__dq_lane__value_ps,dq_lane_range,idelay_cntvaluein_skew,lane1,,2,dq_lane,27,13,177.0,342.0,878.0,196.0,423.0,890.0,81.0,0.618234,fail_higher,0.618234,0.236467,overlap,0.0,2.215106
locked_abort2_vs_pass,skew,abs_dqs_minus_dq_bit__idelay_cntvaluein_skew__lane1__dq14__ctrl_3__dqs_vs_dq_bit__value_ps,abs_dqs_minus_dq_bit,idelay_cntvaluein_skew,lane1,dq14,3,dqs_vs_dq_bit,27,13,3.0,232.0,783.0,35.0,446.0,763.0,214.0,0.615385,fail_higher,0.615385,0.230769,overlap,0.0,2.16173
locked_abort2_vs_pass,skew,abs_dqs_minus_dq_bit__idelay_cntvaluein_skew__lane0__dq2__ctrl_1__dqs_vs_dq_bit__value_ps,abs_dqs_minus_dq_bit,idelay_cntvaluein_skew,lane0,dq2,1,dqs_vs_dq_bit,27,13,16.0,235.0,1181.0,28.0,237.0,993.0,2.0,0.384615,fail_lower,0.615385,-0.230769,overlap,0.0,2.16173
locked_abort2_vs_pass,skew,abs_dqs_minus_dq_bit__idelay_cntvaluein_skew__lane0__dq5__ctrl_4__dqs_vs_dq_bit__value_ps,abs_dqs_minus_dq_bit,idelay_cntvaluein_skew,lane0,dq5,4,dqs_vs_dq_bit,27,13,17.0,322.0,1021.0,28.0,189.0,536.0,-133.0,0.38604,fail_lower,0.61396,-0.22792,overlap,0.0,2.135042
locked_abort2_vs_pass,skew,signed_ld_minus_cntvaluein_dq_median__idelay_ld_cntvaluein_skew__lane1__no_bit__ctrl_2__ld_vs_cntvaluein_dq_lane__value_ps,signed_ld_minus_cntvaluein_dq_median,idelay_ld_cntvaluein_skew,lane1,,2,ld_vs_cntvaluein_dq_lane,27,13,-460.5,355.0,727.0,-727.0,131.5,698.5,-223.5,0.387464,fail_lower,0.612536,-0.225071,overlap,0.0,2.108354
locked_abort2_vs_pass,direct,direct_max__idelay_ld__lane1__dq13__ctrl_none__endpoint__value_ps,direct_max,idelay_ld,lane1,dq13,,endpoint,27,13,976.0,1343.0,1753.0,870.0,1462.0,1722.0,119.0,0.612536,fail_higher,0.612536,0.225071,overlap,0.0,2.108354
locked_abort2_vs_pass,direct,control_fanout_spread__idelay_data_cntvaluein__lane1__no_bit__ctrl_4__lane_control_bit__value_ps,control_fanout_spread,idelay_data_cntvaluein,lane1,,4,lane_control_bit,27,13,175.0,469.0,847.0,158.0,429.0,653.0,-40.0,0.387464,fail_lower,0.612536,-0.225071,overlap,0.0,2.108354
locked_abort2_vs_pass,skew,dq_lane_range__idelay_cntvaluein_skew__lane1__no_bit__ctrl_4__dq_lane__value_ps,dq_lane_range,idelay_cntvaluein_skew,lane1,,4,dq_lane,27,13,175.0,469.0,847.0,158.0,429.0,653.0,-40.0,0.387464,fail_lower,0.612536,-0.225071,overlap,0.0,2.108354
locked_abort2_vs_pass,skew,signed_dqs_bus_skew_minus_dq_median__idelay_cntvaluein_skew__lane1__dqs1__ctrl_none__dqs_vs_dq_bus_skew__value_ps,signed_dqs_bus_skew_minus_dq_median,idelay_cntvaluein_skew,lane1,dqs1,,dqs_vs_dq_bus_skew,27,13,-955.0,-24.5,951.0,-642.0,-1.5,717.0,23.0,0.612536,fail_higher,0.612536,0.225071,overlap,0.0,2.108354
locked_abort2_vs_pass,skew,abs_dqs_minus_dq_median__idelay_cntvaluein_skew__lane1__dqs1__ctrl_2__dqs_vs_dq_lane__value_ps,abs_dqs_minus_dq_median,idelay_cntvaluein_skew,lane1,dqs1,2,dqs_vs_dq_lane,27,13,18.0,296.5,1070.0,4.0,282.5,816.0,-14.0,0.387464,fail_lower,0.612536,-0.225071,overlap,0.0,2.108354
locked_abort2_vs_pass,skew,abs_dqs_minus_dq_bit__idelay_cntvaluein_skew__lane1__dq8__ctrl_2__dqs_vs_dq_bit__value_ps,abs_dqs_minus_dq_bit,idelay_cntvaluein_skew,lane1,dq8,2,dqs_vs_dq_bit,27,13,15.0,383.0,1159.0,17.0,181.0,836.0,-202.0,0.388889,fail_lower,0.611111,-0.222222,overlap,0.0,2.081666
locked_abort2_vs_pass,direct,direct_max__idelay_data_cntvaluein__lane0__dq4__ctrl_2__endpoint__value_ps,direct_max,idelay_data_cntvaluein,lane0,dq4,2,endpoint,27,13,921.0,1379.0,2151.0,994.0,1625.0,2158.0,246.0,0.609687,fail_higher,0.609687,0.219373,overlap,0.0,2.054978
locked_abort2_vs_pass,direct,direct_max__idelay_data_cntvaluein__lane0__dq5__ctrl_0__endpoint__value_ps,direct_max,idelay_data_cntvaluein,lane0,dq5,0,endpoint,27,13,764.0,1203.0,1998.0,865.0,1440.0,2062.0,237.0,0.609687,fail_higher,0.609687,0.219373,overlap,0.0,2.054978
locked_abort2_vs_pass,skew,signed_dqs_minus_dq_bit__idelay_cntvaluein_skew__lane0__dq4__ctrl_3__dqs_vs_dq_bit__value_ps,signed_dqs_minus_dq_bit,idelay_cntvaluein_skew,lane0,dq4,3,dqs_vs_dq_bit,27,13,-828.0,-20.0,567.0,-638.0,76.0,1164.0,96.0,0.609687,fail_higher,0.609687,0.219373,overlap,0.0,2.054978
locked_abort2_vs_pass,skew,abs_dqs_minus_dq_bit__idelay_cntvaluein_skew__lane1__dq10__ctrl_0__dqs_vs_dq_bit__value_ps,abs_dqs_minus_dq_bit,idelay_cntvaluein_skew,lane1,dq10,0,dqs_vs_dq_bit,27,13,19.0,277.0,1027.0,6.0,211.0,810.0,-66.0,0.390313,fail_lower,0.609687,-0.219373,overlap,0.0,2.054978
locked_abort2_vs_pass,direct,direct_max__idelay_data_cntvaluein__lane0__dq6__ctrl_0__endpoint__value_ps,direct_max,idelay_data_cntvaluein,lane0,dq6,0,endpoint,27,13,802.0,1463.0,2339.0,1141.0,1671.0,2382.0,208.0,0.608262,fail_higher,0.608262,0.216524,overlap,0.0,2.02829
locked_abort2_vs_pass,direct,direct_max__idelay_data_cntvaluein__lane1__dq9__ctrl_2__endpoint__value_ps,direct_max,idelay_data_cntvaluein,lane1,dq9,2,endpoint,27,13,428.0,959.0,1687.0,509.0,1167.0,1455.0,208.0,0.608262,fail_higher,0.608262,0.216524,overlap,0.0,2.02829
locked_abort2_vs_pass,skew,signed_dqs_minus_dq_bit__idelay_cntvaluein_skew__lane1__dq13__ctrl_3__dqs_vs_dq_bit__value_ps,signed_dqs_minus_dq_bit,idelay_cntvaluein_skew,lane1,dq13,3,dqs_vs_dq_bit,27,13,-515.0,-76.0,658.0,-357.0,99.0,875.0,175.0,0.608262,fail_higher,0.608262,0.216524,overlap,0.0,2.02829
locked_abort2_vs_pass,direct,direct_max__idelay_data_cntvaluein__lane0__dq4__ctrl_0__endpoint__value_ps,direct_max,idelay_data_cntvaluein,lane0,dq4,0,endpoint,27,13,925.0,1457.0,2237.0,1049.0,1552.0,2280.0,95.0,0.608262,fail_higher,0.608262,0.216524,overlap,0.0,2.02829
locked_abort2_vs_pass,skew,abs_dqs_minus_dq_bit__idelay_cntvaluein_skew__lane0__dq5__ctrl_3__dqs_vs_dq_bit__value_ps,abs_dqs_minus_dq_bit,idelay_cntvaluein_skew,lane0,dq5,3,dqs_vs_dq_bit,27,13,36.0,268.0,685.0,94.0,361.0,1100.0,93.0,0.606838,fail_higher,0.606838,0.213675,overlap,0.0,2.001602
locked_abort2_vs_pass,skew,signed_dqs_minus_dq_bit__idelay_cntvaluein_skew__lane1__dq10__ctrl_3__dqs_vs_dq_bit__value_ps,signed_dqs_minus_dq_bit,idelay_cntvaluein_skew,lane1,dq10,3,dqs_vs_dq_bit,27,13,-608.0,-53.0,633.0,-398.0,24.0,939.0,77.0,0.606838,fail_higher,0.606838,0.213675,overlap,0.0,2.001602
locked_abort2_vs_pass,skew,signed_lane1_minus_lane0_dqs__idelay_cntvaluein_skew__all__no_bit__ctrl_4__lane1_vs_lane0_dqs__value_ps,signed_lane1_minus_lane0_dqs,idelay_cntvaluein_skew,all,,4,lane1_vs_lane0_dqs,27,13,-582.0,-301.0,342.0,-450.0,-275.0,23.0,26.0,0.606838,fail_higher,0.606838,0.213675,overlap,0.0,2.001602
locked_abort2_vs_pass,skew,abs_dqs_minus_dq_bit__idelay_cntvaluein_skew__lane0__dq6__ctrl_3__dqs_vs_dq_bit__value_ps,abs_dqs_minus_dq_bit,idelay_cntvaluein_skew,lane0,dq6,3,dqs_vs_dq_bit,27,13,3.0,230.0,757.0,14.0,215.0,896.0,-15.0,0.606838,fail_higher,0.606838,0.213675,overlap,0.0,2.001602
locked_abort2_vs_pass,skew,dq_lane_range__iologic_skew__lane0__no_bit__ctrl_none__dq_lane__value_ps,dq_lane_range,iologic_skew,lane0,,,dq_lane,27,13,260.0,671.0,1332.0,412.0,582.0,974.0,-89.0,0.394587,fail_lower,0.605413,-0.210826,overlap,0.0,1.974914
locked_abort2_vs_pass,skew,abs_dqs_minus_dq_bit__idelay_cntvaluein_skew__lane0__dq0__ctrl_1__dqs_vs_dq_bit__value_ps,abs_dqs_minus_dq_bit,idelay_cntvaluein_skew,lane0,dq0,1,dqs_vs_dq_bit,27,13,6.0,392.0,1012.0,8.0,199.0,798.0,-193.0,0.396011,fail_lower,0.603989,-0.207977,overlap,0.0,1.948226
locked_abort2_vs_pass,direct,direct_max__idelay_data_cntvaluein__lane0__dq0__ctrl_0__endpoint__value_ps,direct_max,idelay_data_cntvaluein,lane0,dq0,0,endpoint,27,13,870.0,1309.0,2062.0,873.0,1488.0,2105.0,179.0,0.603989,fail_higher,0.603989,0.207977,overlap,0.0,1.948226
locked_abort2_vs_pass,direct,direct_max__idelay_ld__lane0__dq3__ctrl_none__endpoint__value_ps,direct_max,idelay_ld,lane0,dq3,,endpoint,27,13,1126.0,1414.0,1883.0,1059.0,1282.0,1570.0,-132.0,0.396011,fail_lower,0.603989,-0.207977,overlap,0.0,1.948226
locked_abort2_vs_pass,direct,direct_max__idelay_data_cntvaluein__lane1__dq12__ctrl_3__endpoint__value_ps,direct_max,idelay_data_cntvaluein,lane1,dq12,3,endpoint,27,13,1190.0,1769.0,2334.0,1325.0,1697.0,2016.0,-72.0,0.396011,fail_lower,0.603989,-0.207977,overlap,0.0,1.948226
locked_abort2_vs_pass,skew,signed_dqs_minus_dq_bit__idelay_cntvaluein_skew__lane1__dq12__ctrl_0__dqs_vs_dq_bit__value_ps,signed_dqs_minus_dq_bit,idelay_cntvaluein_skew,lane1,dq12,0,dqs_vs_dq_bit,27,13,-638.0,-51.0,807.0,-876.0,-110.0,472.0,-59.0,0.396011,fail_lower,0.603989,-0.207977,overlap,0.0,1.948226
locked_abort2_vs_pass,direct,cntvaluein_bus_skew__idelay_data_cntvaluein__lane1__dq9__ctrl_none__dq9__value_ps,cntvaluein_bus_skew,idelay_data_cntvaluein,lane1,dq9,,dq9,27,13,225.0,700.0,1529.0,276.0,656.0,1011.0,-44.0,0.396011,fail_lower,0.603989,-0.207977,overlap,0.0,1.948226
locked_abort2_vs_pass,skew,abs_dqs_minus_dq_bit__idelay_cntvaluein_skew__lane0__dq3__ctrl_1__dqs_vs_dq_bit__value_ps,abs_dqs_minus_dq_bit,idelay_cntvaluein_skew,lane0,dq3,1,dqs_vs_dq_bit,27,13,24.0,293.0,1048.0,6.0,261.0,1382.0,-32.0,0.396011,fail_lower,0.603989,-0.207977,overlap,0.0,1.948226
locked_abort2_vs_pass,direct,direct_max__idelay_data_cntvaluein__lane1__dq15__ctrl_2__endpoint__value_ps,direct_max,idelay_data_cntvaluein,lane1,dq15,2,endpoint,27,13,423.0,869.0,1608.0,425.0,1217.0,1684.0,348.0,0.602564,fail_higher,0.602564,0.205128,overlap,0.0,1.921538
locked_abort2_vs_pass,skew,signed_dqs_minus_dq_median__idelay_cntvaluein_skew__lane0__dqs0__ctrl_3__dqs_vs_dq_lane__value_ps,signed_dqs_minus_dq_median,idelay_cntvaluein_skew,lane0,dqs0,3,dqs_vs_dq_lane,27,13,-674.5,-9.0,586.0,-595.5,127.0,1132.0,136.0,0.602564,fail_higher,0.602564,0.205128,overlap,0.0,1.921538
locked_abort2_vs_pass,skew,ld_dq_lane_range__idelay_ld_skew__lane1__no_bit__ctrl_none__dq_lane__value_ps,ld_dq_lane_range,idelay_ld_skew,lane1,,,dq_lane,27,13,177.0,310.0,535.0,107.0,384.0,626.0,74.0,0.60114,fail_higher,0.60114,0.202279,overlap,0.0,1.89485
locked_abort2_vs_pass,skew,abs_dqs_minus_dq_bit__idelay_cntvaluein_skew__lane1__dq12__ctrl_3__dqs_vs_dq_bit__value_ps,abs_dqs_minus_dq_bit,idelay_cntvaluein_skew,lane1,dq12,3,dqs_vs_dq_bit,27,13,2.0,235.0,714.0,67.0,306.0,855.0,71.0,0.60114,fail_higher,0.60114,0.202279,overlap,0.0,1.89485
locked_abort2_vs_pass,skew,signed_dqs_minus_dq_median__idelay_cntvaluein_skew__lane1__dqs1__ctrl_0__dqs_vs_dq_lane__value_ps,signed_dqs_minus_dq_median,idelay_cntvaluein_skew,lane1,dqs1,0,dqs_vs_dq_lane,27,13,-607.5,10.0,1021.5,-834.5,-56.5,633.0,-66.5,0.39886,fail_lower,0.60114,-0.202279,overlap,0.0,1.89485
locked_abort2_vs_pass,skew,abs_dqs_minus_dq_bit__idelay_cntvaluein_skew__lane0__dq4__ctrl_1__dqs_vs_dq_bit__value_ps,abs_dqs_minus_dq_bit,idelay_cntvaluein_skew,lane0,dq4,1,dqs_vs_dq_bit,27,13,13.0,235.0,1180.0,21.0,197.0,965.0,-38.0,0.400285,fail_lower,0.599715,-0.19943,overlap,0.0,1.868162
locked_abort2_vs_pass,skew,signed_dqs_minus_dq_bit__idelay_cntvaluein_skew__lane0__dq4__ctrl_2__dqs_vs_dq_bit__value_ps,signed_dqs_minus_dq_bit,idelay_cntvaluein_skew,lane0,dq4,2,dqs_vs_dq_bit,27,13,-974.0,-13.0,909.0,-887.0,-205.0,454.0,-192.0,0.401709,fail_lower,0.598291,-0.196581,overlap,0.0,1.841474
locked_abort2_vs_pass,skew,signed_dqs_minus_dq_bit__idelay_cntvaluein_skew__lane1__dq11__ctrl_0__dqs_vs_dq_bit__value_ps,signed_dqs_minus_dq_bit,idelay_cntvaluein_skew,lane1,dq11,0,dqs_vs_dq_bit,27,13,-540.0,60.0,1075.0,-850.0,16.0,644.0,-44.0,0.401709,fail_lower,0.598291,-0.196581,overlap,0.0,1.841474
locked_abort2_vs_pass,skew,abs_dqs_minus_dq_median__idelay_cntvaluein_skew__lane0__dqs0__ctrl_2__dqs_vs_dq_lane__value_ps,abs_dqs_minus_dq_median,idelay_cntvaluein_skew,lane0,dqs0,2,dqs_vs_dq_lane,27,13,45.5,407.5,919.0,40.5,210.0,888.5,-197.5,0.403134,fail_lower,0.596866,-0.193732,overlap,0.0,1.814786
locked_abort2_vs_pass,skew,abs_dqs_minus_dq_bit__idelay_cntvaluein_skew__lane1__dq13__ctrl_3__dqs_vs_dq_bit__value_ps,abs_dqs_minus_dq_bit,idelay_cntvaluein_skew,lane1,dq13,3,dqs_vs_dq_bit,27,13,0.0,222.0,658.0,11.0,303.0,875.0,81.0,0.596866,fail_higher,0.596866,0.193732,overlap,0.0,1.814786
locked_abort2_vs_pass,skew,abs_dqs_minus_dq_bit__idelay_cntvaluein_skew__lane1__dq11__ctrl_2__dqs_vs_dq_bit__value_ps,abs_dqs_minus_dq_bit,idelay_cntvaluein_skew,lane1,dq11,2,dqs_vs_dq_bit,27,13,28.0,285.0,1068.0,15.0,227.0,943.0,-58.0,0.403134,fail_lower,0.596866,-0.193732,overlap,0.0,1.814786
locked_abort2_vs_pass,skew,abs_dqs_minus_dq_bit__idelay_cntvaluein_skew__lane0__dq0__ctrl_2__dqs_vs_dq_bit__value_ps,abs_dqs_minus_dq_bit,idelay_cntvaluein_skew,lane0,dq0,2,dqs_vs_dq_bit,27,13,46.0,417.0,1097.0,10.0,243.0,883.0,-174.0,0.404558,fail_lower,0.595442,-0.190883,overlap,0.0,1.788098
locked_abort2_vs_pass,skew,abs_dqs_minus_dq_bit__idelay_cntvaluein_skew__lane1__dq14__ctrl_2__dqs_vs_dq_bit__value_ps,abs_dqs_minus_dq_bit,idelay_cntvaluein_skew,lane1,dq14,2,dqs_vs_dq_bit,27,13,13.0,352.0,1072.0,42.0,194.0,813.0,-158.0,0.404558,fail_lower,0.595442,-0.190883,overlap,0.0,1.788098
locked_abort2_vs_pass,direct,direct_max__idelay_data_cntvaluein__lane1__dq15__ctrl_3__endpoint__value_ps,direct_max,idelay_data_cntvaluein,lane1,dq15,3,endpoint,27,13,1046.0,1503.0,1932.0,1149.0,1481.0,1718.0,-22.0,0.404558,fail_lower,0.595442,-0.190883,overlap,0.0,1.788098
locked_abort2_vs_pass,skew,abs_ld_minus_cntvaluein_dqs__idelay_ld_cntvaluein_skew__lane0__dqs0__ctrl_2__ld_vs_cntvaluein_dqs__value_ps,abs_ld_minus_cntvaluein_dqs,idelay_ld_cntvaluein_skew,lane0,dqs0,2,ld_vs_cntvaluein_dqs,27,13,17.0,240.0,763.0,9.0,382.0,855.0,142.0,0.594017,fail_higher,0.594017,0.188034,overlap,0.0,1.76141
locked_abort2_vs_pass,skew,signed_dqs_minus_dq_bit__idelay_cntvaluein_skew__lane0__dq1__ctrl_3__dqs_vs_dq_bit__value_ps,signed_dqs_minus_dq_bit,idelay_cntvaluein_skew,lane0,dq1,3,dqs_vs_dq_bit,27,13,-738.0,23.0,653.0,-553.0,82.0,1248.0,59.0,0.594017,fail_higher,0.594017,0.188034,overlap,0.0,1.76141
locked_abort2_vs_pass,skew,signed_dqs_minus_dq_bit__idelay_cntvaluein_skew__lane1__dq8__ctrl_4__dqs_vs_dq_bit__value_ps,signed_dqs_minus_dq_bit,idelay_cntvaluein_skew,lane1,dq8,4,dqs_vs_dq_bit,27,13,-697.0,-180.0,825.0,-298.0,-28.0,686.0,152.0,0.592593,fail_higher,0.592593,0.185185,overlap,0.0,1.734722
locked_abort2_vs_pass,skew,signed_ld_minus_cntvaluein_dq_median__idelay_ld_cntvaluein_skew__lane0__no_bit__ctrl_2__ld_vs_cntvaluein_dq_lane__value_ps,signed_ld_minus_cntvaluein_dq_median,idelay_ld_cntvaluein_skew,lane0,,2,ld_vs_cntvaluein_dq_lane,27,13,-470.0,66.5,713.0,-1017.0,-66.0,546.5,-132.5,0.407407,fail_lower,0.592593,-0.185185,overlap,0.0,1.734722
locked_abort2_vs_pass,skew,signed_dqs_minus_dq_bit__idelay_cntvaluein_skew__lane0__dq3__ctrl_3__dqs_vs_dq_bit__value_ps,signed_dqs_minus_dq_bit,idelay_cntvaluein_skew,lane0,dq3,3,dqs_vs_dq_bit,27,13,-519.0,147.0,776.0,-250.0,279.0,1246.0,132.0,0.592593,fail_higher,0.592593,0.185185,overlap,0.0,1.734722
locked_abort2_vs_pass,skew,signed_dqs_minus_dq_bit__idelay_cntvaluein_skew__lane0__dq3__ctrl_2__dqs_vs_dq_bit__value_ps,signed_dqs_minus_dq_bit,idelay_cntvaluein_skew,lane0,dq3,2,dqs_vs_dq_bit,27,13,-836.0,184.0,1169.0,-807.0,105.0,628.0,-79.0,0.407407,fail_lower,0.592593,-0.185185,overlap,0.0,1.734722
locked_abort2_vs_pass,skew,abs_lane1_minus_lane0_dq_median__idelay_cntvaluein_skew__all__no_bit__ctrl_0__lane1_vs_lane0_dq__value_ps,abs_lane1_minus_lane0_dq_median,idelay_cntvaluein_skew,all,,0,lane1_vs_lane0_dq,27,13,92.0,356.0,623.5,8.5,280.0,724.5,-76.0,0.407407,fail_lower,0.592593,-0.185185,overlap,0.0,1.734722
locked_abort2_vs_pass,direct,control_fanout_spread__idelay_data_cntvaluein__lane1__no_bit__ctrl_1__lane_control_bit__value_ps,control_fanout_spread,idelay_data_cntvaluein,lane1,,1,lane_control_bit,27,13,179.0,422.0,674.0,266.0,495.0,806.0,73.0,0.592593,fail_higher,0.592593,0.185185,overlap,0.0,1.734722
locked_abort2_vs_pass,skew,dq_lane_range__idelay_cntvaluein_skew__lane1__no_bit__ctrl_1__dq_lane__value_ps,dq_lane_range,idelay_cntvaluein_skew,lane1,,1,dq_lane,27,13,179.0,422.0,674.0,266.0,495.0,806.0,73.0,0.592593,fail_higher,0.592593,0.185185,overlap,0.0,1.734722
locked_abort2_vs_pass,skew,abs_dqs_bus_skew_minus_dq_median__idelay_cntvaluein_skew__lane0__dqs0__ctrl_none__dqs_vs_dq_bus_skew__value_ps,abs_dqs_bus_skew_minus_dq_median,idelay_cntvaluein_skew,lane0,dqs0,,dqs_vs_dq_bus_skew,27,13,26.0,304.5,985.0,43.0,250.0,726.0,-54.5,0.407407,fail_lower,0.592593,-0.185185,overlap,0.0,1.734722
locked_abort2_vs_pass,skew,abs_dqs_minus_dq_median__idelay_cntvaluein_skew__lane1__dqs1__ctrl_3__dqs_vs_dq_lane__value_ps,abs_dqs_minus_dq_median,idelay_cntvaluein_skew,lane1,dqs1,3,dqs_vs_dq_lane,27,13,0.5,233.5,631.5,6.5,262.0,809.0,28.5,0.592593,fail_higher,0.592593,0.185185,overlap,0.0,1.734722
locked_abort2_vs_pass,skew,signed_dqs_minus_dq_bit__idelay_cntvaluein_skew__lane0__dq5__ctrl_3__dqs_vs_dq_bit__value_ps,signed_dqs_minus_dq_bit,idelay_cntvaluein_skew,lane0,dq5,3,dqs_vs_dq_bit,27,13,-550.0,135.0,685.0,-293.0,361.0,1100.0,226.0,0.591168,fail_higher,0.591168,0.182336,overlap,0.0,1.708034
locked_abort2_vs_pass,skew,signed_ld_dqs_minus_dq_median__idelay_ld_skew__lane1__dqs1__ctrl_none__dqs_vs_dq_lane__value_ps,signed_ld_dqs_minus_dq_median,idelay_ld_skew,lane1,dqs1,,dqs_vs_dq_lane,27,13,-246.5,-7.0,249.0,-469.0,-158.5,239.5,-151.5,0.408832,fail_lower,0.591168,-0.182336,overlap,0.0,1.708034
locked_abort2_vs_pass,skew,signed_dqs_minus_dq_bit__idelay_cntvaluein_skew__lane0__dq0__ctrl_2__dqs_vs_dq_bit__value_ps,signed_dqs_minus_dq_bit,idelay_cntvaluein_skew,lane0,dq0,2,dqs_vs_dq_bit,27,13,-1073.0,98.0,1097.0,-883.0,-73.0,622.0,-171.0,0.410256,fail_lower,0.589744,-0.179487,overlap,0.0,1.681346
locked_abort2_vs_pass,skew,abs_dqs_minus_dq_bit__idelay_cntvaluein_skew__lane0__dq7__ctrl_1__dqs_vs_dq_bit__value_ps,abs_dqs_minus_dq_bit,idelay_cntvaluein_skew,lane0,dq7,1,dqs_vs_dq_bit,27,13,11.0,423.0,1273.0,2.0,253.0,1048.0,-170.0,0.410256,fail_lower,0.589744,-0.179487,overlap,0.0,1.681346
locked_abort2_vs_pass,skew,signed_dqs_minus_dq_bit__idelay_cntvaluein_skew__lane1__dq9__ctrl_3__dqs_vs_dq_bit__value_ps,signed_dqs_minus_dq_bit,idelay_cntvaluein_skew,lane1,dq9,3,dqs_vs_dq_bit,27,13,-576.0,163.0,744.0,-243.0,161.0,939.0,-2.0,0.589744,fail_higher,0.589744,0.179487,overlap,0.0,1.681346
locked_abort2_vs_pass,skew,signed_dqs_minus_dq_median__idelay_cntvaluein_skew__lane1__dqs1__ctrl_3__dqs_vs_dq_lane__value_ps,signed_dqs_minus_dq_median,idelay_cntvaluein_skew,lane1,dqs1,3,dqs_vs_dq_lane,27,13,-545.5,6.0,631.5,-349.5,6.5,809.0,0.5,0.589744,fail_higher,0.589744,0.179487,overlap,0.0,1.681346
locked_abort2_vs_pass,skew,abs_dqs_minus_dq_bit__idelay_cntvaluein_skew__lane0__dq5__ctrl_2__dqs_vs_dq_bit__value_ps,abs_dqs_minus_dq_bit,idelay_cntvaluein_skew,lane0,dq5,2,dqs_vs_dq_bit,27,13,27.0,378.0,1078.0,13.0,262.0,899.0,-116.0,0.411681,fail_lower,0.588319,-0.176638,overlap,0.0,1.654658
locked_abort2_vs_pass,direct,direct_max__idelay_data_cntvaluein__lane1__dq13__ctrl_3__endpoint__value_ps,direct_max,idelay_data_cntvaluein,lane1,dq13,3,endpoint,27,13,1353.0,1639.0,1973.0,1141.0,1600.0,1929.0,-39.0,0.411681,fail_lower,0.588319,-0.176638,overlap,0.0,1.654658
locked_abort2_vs_pass,direct,direct_max__idelay_data_cntvaluein__lane0__dq1__ctrl_2__endpoint__value_ps,direct_max,idelay_data_cntvaluein,lane0,dq1,2,endpoint,27,13,945.0,1335.0,2128.0,987.0,1572.0,2068.0,237.0,0.586895,fail_higher,0.586895,0.173789,overlap,0.0,1.62797
locked_abort2_vs_pass,direct,lane_spread__dq_iologic__lane0__no_bit__ctrl_none__lane__value_ps,lane_spread,dq_iologic,lane0,,,lane,27,13,2349.0,2696.0,3448.0,2270.0,2506.0,3447.0,-190.0,0.413105,fail_lower,0.586895,-0.173789,overlap,0.0,1.62797
locked_abort2_vs_pass,skew,signed_dqs_minus_dq_bit__idelay_cntvaluein_skew__lane0__dq7__ctrl_0__dqs_vs_dq_bit__value_ps,signed_dqs_minus_dq_bit,idelay_cntvaluein_skew,lane0,dq7,0,dqs_vs_dq_bit,27,13,-1470.0,32.0,707.0,-839.0,-90.0,446.0,-122.0,0.413105,fail_lower,0.586895,-0.173789,overlap,0.0,1.62797
locked_abort2_vs_pass,direct,direct_max__dqs_iologic__lane0__dqs0__ctrl_none__endpoint__value_ps,direct_max,dqs_iologic,lane0,dqs0,,endpoint,27,13,1921.0,2970.0,4125.0,2818.0,3089.0,4289.0,119.0,0.586895,fail_higher,0.586895,0.173789,overlap,0.0,1.62797
locked_abort2_vs_pass,direct,lane_spread__dqs_iologic__lane0__no_bit__ctrl_none__lane__value_ps,lane_spread,dqs_iologic,lane0,,,lane,27,13,1921.0,2970.0,4125.0,2818.0,3089.0,4289.0,119.0,0.586895,fail_higher,0.586895,0.173789,overlap,0.0,1.62797
locked_abort2_vs_pass,direct,direct_max__dq_iologic__lane1__dq11__ctrl_none__endpoint__value_ps,direct_max,dq_iologic,lane1,dq11,,endpoint,27,13,1817.0,2295.0,2877.0,2055.0,2384.0,2986.0,89.0,0.586895,fail_higher,0.586895,0.173789,overlap,0.0,1.62797
locked_abort2_vs_pass,skew,signed_lane1_minus_lane0_dq_median__idelay_cntvaluein_skew__all__no_bit__ctrl_0__lane1_vs_lane0_dq__value_ps,signed_lane1_minus_lane0_dq_median,idelay_cntvaluein_skew,all,,0,lane1_vs_lane0_dq,27,13,-623.5,-356.0,92.0,-724.5,-280.0,8.5,76.0,0.586895,fail_higher,0.586895,0.173789,overlap,0.0,1.62797
locked_abort2_vs_pass,skew,abs_dqs_minus_dq_bit__idelay_cntvaluein_skew__lane0__dq4__ctrl_2__dqs_vs_dq_bit__value_ps,abs_dqs_minus_dq_bit,idelay_cntvaluein_skew,lane0,dq4,2,dqs_vs_dq_bit,27,13,13.0,423.0,974.0,20.0,350.0,887.0,-73.0,0.413105,fail_lower,0.586895,-0.173789,overlap,0.0,1.62797
locked_abort2_vs_pass,skew,abs_dqs_minus_dq_bit__idelay_cntvaluein_skew__lane0__dq2__ctrl_2__dqs_vs_dq_bit__value_ps,abs_dqs_minus_dq_bit,idelay_cntvaluein_skew,lane0,dq2,2,dqs_vs_dq_bit,27,13,34.0,425.0,997.0,23.0,263.0,890.0,-162.0,0.41453,fail_lower,0.58547,-0.17094,overlap,0.0,1.601282
locked_abort2_vs_pass,direct,direct_max__dqs_iologic__lane1__dqs1__ctrl_none__endpoint__value_ps,direct_max,dqs_iologic,lane1,dqs1,,endpoint,27,13,1873.0,2740.0,3734.0,2490.0,2670.0,3900.0,-70.0,0.58547,fail_higher,0.58547,0.17094,overlap,0.0,1.601282
locked_abort2_vs_pass,direct,lane_spread__dqs_iologic__lane1__no_bit__ctrl_none__lane__value_ps,lane_spread,dqs_iologic,lane1,,,lane,27,13,1873.0,2740.0,3734.0,2490.0,2670.0,3900.0,-70.0,0.58547,fail_higher,0.58547,0.17094,overlap,0.0,1.601282
locked_abort2_vs_pass,direct,direct_max__idelay_dqs_cntvaluein__lane1__dqs1__ctrl_2__endpoint__value_ps,direct_max,idelay_dqs_cntvaluein,lane1,dqs1,2,endpoint,27,13,527.0,1325.0,1845.0,644.0,1103.0,1597.0,-222.0,0.415954,fail_lower,0.584046,-0.168091,overlap,0.0,1.574594
locked_abort2_vs_pass,skew,signed_ld_minus_cntvaluein_dq_median__idelay_ld_cntvaluein_skew__lane1__no_bit__ctrl_0__ld_vs_cntvaluein_dq_lane__value_ps,signed_ld_minus_cntvaluein_dq_median,idelay_ld_cntvaluein_skew,lane1,,0,ld_vs_cntvaluein_dq_lane,27,13,-479.5,279.0,796.0,-742.0,96.5,754.5,-182.5,0.415954,fail_lower,0.584046,-0.168091,overlap,0.0,1.574594
locked_abort2_vs_pass,skew,signed_dqs_minus_dq_bit__idelay_cntvaluein_skew__lane1__dq12__ctrl_3__dqs_vs_dq_bit__value_ps,signed_dqs_minus_dq_bit,idelay_cntvaluein_skew,lane1,dq12,3,dqs_vs_dq_bit,27,13,-693.0,-100.0,714.0,-464.0,-67.0,855.0,33.0,0.584046,fail_higher,0.584046,0.168091,overlap,0.0,1.574594
locked_abort2_vs_pass,skew,signed_dqs_minus_dq_bit__idelay_cntvaluein_skew__lane0__dq7__ctrl_3__dqs_vs_dq_bit__value_ps,signed_dqs_minus_dq_bit,idelay_cntvaluein_skew,lane0,dq7,3,dqs_vs_dq_bit,27,13,-756.0,8.0,391.0,-820.0,-11.0,988.0,-19.0,0.584046,fail_higher,0.584046,0.168091,overlap,0.0,1.574594
locked_abort2_vs_pass,direct,direct_max__idelay_ld__lane1__dq14__ctrl_none__endpoint__value_ps,direct_max,idelay_ld,lane1,dq14,,endpoint,27,13,1003.0,1363.0,1792.0,1032.0,1470.0,1712.0,107.0,0.582621,fail_higher,0.582621,0.165242,overlap,0.0,1.547905
locked_abort2_vs_pass,direct,direct_max__idelay_ld__lane0__dq4__ctrl_none__endpoint__value_ps,direct_max,idelay_ld,lane0,dq4,,endpoint,27,13,1057.0,1618.0,2295.0,1139.0,1508.0,1922.0,-110.0,0.418803,fail_lower,0.581197,-0.162393,overlap,0.0,1.521217
locked_abort2_vs_pass,skew,abs_dqs_minus_dq_bit__idelay_cntvaluein_skew__lane1__dq12__ctrl_0__dqs_vs_dq_bit__value_ps,abs_dqs_minus_dq_bit,idelay_cntvaluein_skew,lane1,dq12,0,dqs_vs_dq_bit,27,13,3.0,296.0,807.0,0.0,197.0,876.0,-99.0,0.418803,fail_lower,0.581197,-0.162393,overlap,0.0,1.521217
locked_abort2_vs_pass,skew,signed_dqs_minus_dq_bit__idelay_cntvaluein_skew__lane1__dq10__ctrl_0__dqs_vs_dq_bit__value_ps,signed_dqs_minus_dq_bit,idelay_cntvaluein_skew,lane1,dq10,0,dqs_vs_dq_bit,27,13,-638.0,-73.0,1027.0,-810.0,-45.0,461.0,28.0,0.418803,fail_lower,0.581197,-0.162393,overlap,0.0,1.521217
locked_abort2_vs_pass,skew,signed_dqs_minus_dq_bit__idelay_cntvaluein_skew__lane0__dq1__ctrl_0__dqs_vs_dq_bit__value_ps,signed_dqs_minus_dq_bit,idelay_cntvaluein_skew,lane0,dq1,0,dqs_vs_dq_bit,27,13,-1527.0,42.0,584.0,-783.0,-77.0,447.0,-119.0,0.420228,fail_lower,0.579772,-0.159544,overlap,0.0,1.494529
locked_abort2_vs_pass,direct,direct_max__idelay_data_cntvaluein__lane0__dq6__ctrl_3__endpoint__value_ps,direct_max,idelay_data_cntvaluein,lane0,dq6,3,endpoint,27,13,1504.0,2009.0,2536.0,1411.0,1976.0,2338.0,-33.0,0.420228,fail_lower,0.579772,-0.159544,overlap,0.0,1.494529
locked_abort2_vs_pass,skew,signed_dqs_minus_dq_bit__idelay_cntvaluein_skew__lane1__dq12__ctrl_4__dqs_vs_dq_bit__value_ps,signed_dqs_minus_dq_bit,idelay_cntvaluein_skew,lane1,dq12,4,dqs_vs_dq_bit,27,13,-541.0,-90.0,804.0,-298.0,-24.0,561.0,66.0,0.578348,fail_higher,0.578348,0.156695,overlap,0.0,1.467841
locked_abort2_vs_pass,direct,direct_max__idelay_ld__lane0__dq6__ctrl_none__endpoint__value_ps,direct_max,idelay_ld,lane0,dq6,,endpoint,27,13,1057.0,1455.0,2059.0,1151.0,1439.0,1753.0,-16.0,0.421652,fail_lower,0.578348,-0.156695,overlap,0.0,1.467841
locked_abort2_vs_pass,skew,signed_idelayctrl_minus_reset_release__startup_relative_skew__all__no_bit__ctrl_none__idelayctrl_vs_reset__value_ps,signed_idelayctrl_minus_reset_release,startup_relative_skew,all,,,idelayctrl_vs_reset,27,13,492.0,1960.0,2337.0,993.0,1815.0,2160.0,-145.0,0.423077,fail_lower,0.576923,-0.153846,overlap,0.0,1.441153
locked_abort2_vs_pass,skew,abs_idelayctrl_minus_reset_release__startup_relative_skew__all__no_bit__ctrl_none__idelayctrl_vs_reset__value_ps,abs_idelayctrl_minus_reset_release,startup_relative_skew,all,,,idelayctrl_vs_reset,27,13,492.0,1960.0,2337.0,993.0,1815.0,2160.0,-145.0,0.423077,fail_lower,0.576923,-0.153846,overlap,0.0,1.441153
locked_abort2_vs_pass,skew,signed_dqs_minus_dq_bit__idelay_cntvaluein_skew__lane0__dq4__ctrl_0__dqs_vs_dq_bit__value_ps,signed_dqs_minus_dq_bit,idelay_cntvaluein_skew,lane0,dq4,0,dqs_vs_dq_bit,27,13,-1469.0,-2.0,676.0,-744.0,-82.0,441.0,-80.0,0.424501,fail_lower,0.575499,-0.150997,overlap,0.0,1.414465
locked_abort2_vs_pass,skew,abs_dqs_minus_dq_bit__idelay_cntvaluein_skew__lane1__dq10__ctrl_2__dqs_vs_dq_bit__value_ps,abs_dqs_minus_dq_bit,idelay_cntvaluein_skew,lane1,dq10,2,dqs_vs_dq_bit,27,13,11.0,355.0,920.0,17.0,292.0,939.0,-63.0,0.424501,fail_lower,0.575499,-0.150997,overlap,0.0,1.414465
locked_abort2_vs_pass,direct,direct_max__idelay_ld__lane0__dq5__ctrl_none__endpoint__value_ps,direct_max,idelay_ld,lane0,dq5,,endpoint,27,13,1159.0,1363.0,1968.0,1054.0,1337.0,1623.0,-26.0,0.424501,fail_lower,0.575499,-0.150997,overlap,0.0,1.414465
locked_abort2_vs_pass,direct,direct_max__idelay_data_cntvaluein__lane1__dq15__ctrl_0__endpoint__value_ps,direct_max,idelay_data_cntvaluein,lane1,dq15,0,endpoint,27,13,398.0,972.0,1554.0,500.0,986.0,1447.0,14.0,0.575499,fail_higher,0.575499,0.150997,overlap,0.0,1.414465
locked_abort2_vs_pass,skew,signed_dqs_minus_dq_bit__idelay_cntvaluein_skew__lane1__dq8__ctrl_3__dqs_vs_dq_bit__value_ps,signed_dqs_minus_dq_bit,idelay_cntvaluein_skew,lane1,dq8,3,dqs_vs_dq_bit,27,13,-875.0,-192.0,725.0,-625.0,-44.0,855.0,148.0,0.574074,fail_higher,0.574074,0.148148,overlap,0.0,1.387777
locked_abort2_vs_pass,skew,abs_dqs_minus_dq_bit__idelay_cntvaluein_skew__lane1__dq12__ctrl_2__dqs_vs_dq_bit__value_ps,abs_dqs_minus_dq_bit,idelay_cntvaluein_skew,lane1,dq12,2,dqs_vs_dq_bit,27,13,8.0,367.0,984.0,23.0,324.0,885.0,-43.0,0.425926,fail_lower,0.574074,-0.148148,overlap,0.0,1.387777
locked_abort2_vs_pass,skew,signed_dqs_minus_dq_median__idelay_cntvaluein_skew__lane0__dqs0__ctrl_2__dqs_vs_dq_lane__value_ps,signed_dqs_minus_dq_median,idelay_cntvaluein_skew,lane0,dqs0,2,dqs_vs_dq_lane,27,13,-916.0,71.5,919.0,-888.5,-89.0,565.0,-160.5,0.42735,fail_lower,0.57265,-0.145299,overlap,0.0,1.361089
locked_abort2_vs_pass,direct,direct_max__idelay_data_cntvaluein__lane0__dq6__ctrl_4__endpoint__value_ps,direct_max,idelay_data_cntvaluein,lane0,dq6,4,endpoint,27,13,833.0,1554.0,2457.0,1100.0,1675.0,2122.0,121.0,0.57265,fail_higher,0.57265,0.145299,overlap,0.0,1.361089
locked_abort2_vs_pass,skew,signed_dqs_minus_dq_median__idelay_cntvaluein_skew__lane0__dqs0__ctrl_0__dqs_vs_dq_lane__value_ps,signed_dqs_minus_dq_median,idelay_cntvaluein_skew,lane0,dqs0,0,dqs_vs_dq_lane,27,13,-1469.5,12.5,691.5,-786.5,-73.5,444.0,-86.0,0.42735,fail_lower,0.57265,-0.145299,overlap,0.0,1.361089
locked_abort2_vs_pass,skew,signed_dqs_minus_dq_bit__idelay_cntvaluein_skew__lane1__dq15__ctrl_3__dqs_vs_dq_bit__value_ps,signed_dqs_minus_dq_bit,idelay_cntvaluein_skew,lane1,dq15,3,dqs_vs_dq_bit,27,13,-484.0,159.0,829.0,-158.0,245.0,940.0,86.0,0.57265,fail_higher,0.57265,0.145299,overlap,0.0,1.361089
locked_abort2_vs_pass,skew,abs_ld_minus_cntvaluein_dq_median__idelay_ld_cntvaluein_skew__lane0__no_bit__ctrl_0__ld_vs_cntvaluein_dq_lane__value_ps,abs_ld_minus_cntvaluein_dq_median,idelay_ld_cntvaluein_skew,lane0,,0,ld_vs_cntvaluein_dq_lane,27,13,96.0,353.0,647.0,103.0,385.0,816.0,32.0,0.57265,fail_higher,0.57265,0.145299,overlap,0.0,1.361089
locked_abort2_vs_pass,skew,signed_ld_minus_cntvaluein_dqs__idelay_ld_cntvaluein_skew__lane1__dqs1__ctrl_3__ld_vs_cntvaluein_dqs__value_ps,signed_ld_minus_cntvaluein_dqs,idelay_ld_cntvaluein_skew,lane1,dqs1,3,ld_vs_cntvaluein_dqs,27,13,-943.0,-334.0,56.0,-1019.0,-365.0,-23.0,-31.0,0.42735,fail_lower,0.57265,-0.145299,overlap,0.0,1.361089
locked_abort2_vs_pass,skew,signed_dqs_minus_dq_bit__idelay_cntvaluein_skew__lane0__dq3__ctrl_0__dqs_vs_dq_bit__value_ps,signed_dqs_minus_dq_bit,idelay_cntvaluein_skew,lane0,dq3,0,dqs_vs_dq_bit,27,13,-875.0,68.0,982.0,-785.0,197.0,573.0,129.0,0.428775,fail_lower,0.571225,-0.14245,overlap,0.0,1.334401
locked_abort2_vs_pass,direct,direct_max__idelay_ld__lane1__dq9__ctrl_none__endpoint__value_ps,direct_max,idelay_ld,lane1,dq9,,endpoint,27,13,763.0,1220.0,1580.0,732.0,1159.0,1559.0,-61.0,0.428775,fail_lower,0.571225,-0.14245,overlap,0.0,1.334401
locked_abort2_vs_pass,skew,signed_lane1_minus_lane0_dq_median__idelay_cntvaluein_skew__all__no_bit__ctrl_1__lane1_vs_lane0_dq__value_ps,signed_lane1_minus_lane0_dq_median,idelay_cntvaluein_skew,all,,1,lane1_vs_lane0_dq,27,13,-688.5,-344.0,6.5,-591.5,-315.0,85.5,29.0,0.571225,fail_higher,0.571225,0.14245,overlap,0.0,1.334401
locked_abort2_vs_pass,direct,direct_max__idelay_data_cntvaluein__lane1__dq8__ctrl_1__endpoint__value_ps,direct_max,idelay_data_cntvaluein,lane1,dq8,1,endpoint,27,13,561.0,1195.0,2279.0,726.0,1440.0,2049.0,245.0,0.569801,fail_higher,0.569801,0.139601,overlap,0.0,1.307713
locked_abort2_vs_pass,skew,signed_dqs_minus_dq_bit__idelay_cntvaluein_skew__lane0__dq2__ctrl_0__dqs_vs_dq_bit__value_ps,signed_dqs_minus_dq_bit,idelay_cntvaluein_skew,lane0,dq2,0,dqs_vs_dq_bit,27,13,-1381.0,9.0,766.0,-788.0,-136.0,359.0,-145.0,0.430199,fail_lower,0.569801,-0.139601,overlap,0.0,1.307713
locked_abort2_vs_pass,skew,abs_dqs_minus_dq_bit__idelay_cntvaluein_skew__lane1__dq13__ctrl_2__dqs_vs_dq_bit__value_ps,abs_dqs_minus_dq_bit,idelay_cntvaluein_skew,lane1,dq13,2,dqs_vs_dq_bit,27,13,10.0,369.0,1059.0,71.0,233.0,821.0,-136.0,0.430199,fail_lower,0.569801,-0.139601,overlap,0.0,1.307713
locked_abort2_vs_pass,skew,signed_ld_minus_cntvaluein_dqs__idelay_ld_cntvaluein_skew__lane1__dqs1__ctrl_1__ld_vs_cntvaluein_dqs__value_ps,signed_ld_minus_cntvaluein_dqs,idelay_ld_cntvaluein_skew,lane1,dqs1,1,ld_vs_cntvaluein_dqs,27,13,-755.0,-35.0,969.0,-740.0,-113.0,915.0,-78.0,0.430199,fail_lower,0.569801,-0.139601,overlap,0.0,1.307713
locked_abort2_vs_pass,direct,direct_max__dq_iologic__lane1__dq15__ctrl_none__endpoint__value_ps,direct_max,dq_iologic,lane1,dq15,,endpoint,27,13,1858.0,2255.0,3085.0,2062.0,2331.0,3219.0,76.0,0.569801,fail_higher,0.569801,0.139601,overlap,0.0,1.307713
locked_abort2_vs_pass,skew,signed_dqs_minus_dq_bit__idelay_cntvaluein_skew__lane1__dq14__ctrl_4__dqs_vs_dq_bit__value_ps,signed_dqs_minus_dq_bit,idelay_cntvaluein_skew,lane1,dq14,4,dqs_vs_dq_bit,27,13,-625.0,-111.0,954.0,-402.0,-36.0,561.0,75.0,0.569801,fail_higher,0.569801,0.139601,overlap,0.0,1.307713
locked_abort2_vs_pass,skew,signed_dqs_minus_dq_bit__idelay_cntvaluein_skew__lane0__dq1__ctrl_2__dqs_vs_dq_bit__value_ps,signed_dqs_minus_dq_bit,idelay_cntvaluein_skew,lane0,dq1,2,dqs_vs_dq_bit,27,13,-1073.0,-76.0,919.0,-828.0,-145.0,538.0,-69.0,0.430199,fail_lower,0.569801,-0.139601,overlap,0.0,1.307713
locked_abort2_vs_pass,skew,abs_dqs_minus_dq_bit__idelay_cntvaluein_skew__lane0__dq7__ctrl_3__dqs_vs_dq_bit__value_ps,abs_dqs_minus_dq_bit,idelay_cntvaluein_skew,lane0,dq7,3,dqs_vs_dq_bit,27,13,8.0,257.0,756.0,11.0,234.0,988.0,-23.0,0.569801,fail_higher,0.569801,0.139601,overlap,0.0,1.307713
locked_abort2_vs_pass,skew,abs_dqs_minus_dq_bit__idelay_cntvaluein_skew__lane1__dq11__ctrl_0__dqs_vs_dq_bit__value_ps,abs_dqs_minus_dq_bit,idelay_cntvaluein_skew,lane1,dq11,0,dqs_vs_dq_bit,27,13,16.0,242.0,1075.0,16.0,157.0,850.0,-85.0,0.431624,fail_lower,0.568376,-0.136752,overlap,0.0,1.281025
locked_abort2_vs_pass,skew,abs_dqs_minus_dq_bit__idelay_cntvaluein_skew__lane0__dq0__ctrl_3__dqs_vs_dq_bit__value_ps,abs_dqs_minus_dq_bit,idelay_cntvaluein_skew,lane0,dq0,3,dqs_vs_dq_bit,27,13,10.0,339.0,646.0,69.0,294.0,1167.0,-45.0,0.568376,fail_higher,0.568376,0.136752,overlap,0.0,1.281025
locked_abort2_vs_pass,direct,direct_max__idelay_data_cntvaluein__lane1__dq14__ctrl_3__endpoint__value_ps,direct_max,idelay_data_cntvaluein,lane1,dq14,3,endpoint,27,13,1274.0,1794.0,2424.0,1366.0,1789.0,2101.0,-5.0,0.431624,fail_lower,0.568376,-0.136752,overlap,0.0,1.281025
locked_abort2_vs_pass,direct,direct_max__idelay_data_cntvaluein__lane0__dq7__ctrl_2__endpoint__value_ps,direct_max,idelay_data_cntvaluein,lane0,dq7,2,endpoint,27,13,981.0,1350.0,2243.0,1003.0,1532.0,2252.0,182.0,0.566952,fail_higher,0.566952,0.133903,overlap,0.0,1.254337
locked_abort2_vs_pass,skew,signed_dqs_minus_dq_bit__idelay_cntvaluein_skew__lane0__dq6__ctrl_0__dqs_vs_dq_bit__value_ps,signed_dqs_minus_dq_bit,idelay_cntvaluein_skew,lane0,dq6,0,dqs_vs_dq_bit,27,13,-1477.0,15.0,642.0,-846.0,-118.0,357.0,-133.0,0.433048,fail_lower,0.566952,-0.133903,overlap,0.0,1.254337
locked_abort2_vs_pass,direct,direct_max__dq_iologic__lane1__dq13__ctrl_none__endpoint__value_ps,direct_max,dq_iologic,lane1,dq13,,endpoint,27,13,1886.0,2265.0,2851.0,1863.0,2137.0,3003.0,-128.0,0.433048,fail_lower,0.566952,-0.133903,overlap,0.0,1.254337
locked_abort2_vs_pass,direct,direct_max__idelay_data_cntvaluein__lane0__dq6__ctrl_2__endpoint__value_ps,direct_max,idelay_data_cntvaluein,lane0,dq6,2,endpoint,27,13,792.0,1424.0,2246.0,828.0,1552.0,2253.0,128.0,0.566952,fail_higher,0.566952,0.133903,overlap,0.0,1.254337
locked_abort2_vs_pass,direct,cntvaluein_bus_skew__idelay_data_cntvaluein__lane1__dq15__ctrl_none__dq15__value_ps,cntvaluein_bus_skew,idelay_data_cntvaluein,lane1,dq15,,dq15,27,13,226.0,737.0,1462.0,347.0,650.0,1014.0,-87.0,0.433048,fail_lower,0.566952,-0.133903,overlap,0.0,1.254337
locked_abort2_vs_pass,skew,abs_ld_minus_cntvaluein_dq_median__idelay_ld_cntvaluein_skew__lane0__no_bit__ctrl_4__ld_vs_cntvaluein_dq_lane__value_ps,abs_ld_minus_cntvaluein_dq_median,idelay_ld_cntvaluein_skew,lane0,,4,ld_vs_cntvaluein_dq_lane,27,13,75.5,244.5,631.5,78.5,247.5,904.0,3.0,0.433048,fail_lower,0.566952,-0.133903,overlap,0.0,1.254337
locked_abort2_vs_pass,skew,signed_dqs_minus_dq_bit__idelay_cntvaluein_skew__lane0__dq2__ctrl_2__dqs_vs_dq_bit__value_ps,signed_dqs_minus_dq_bit,idelay_cntvaluein_skew,lane0,dq2,2,dqs_vs_dq_bit,27,13,-894.0,34.0,997.0,-890.0,-144.0,753.0,-178.0,0.434473,fail_lower,0.565527,-0.131054,overlap,0.0,1.227649
locked_abort2_vs_pass,skew,abs_dqs_minus_dq_median__idelay_cntvaluein_skew__lane0__dqs0__ctrl_3__dqs_vs_dq_lane__value_ps,abs_dqs_minus_dq_median,idelay_cntvaluein_skew,lane0,dqs0,3,dqs_vs_dq_lane,27,13,9.0,286.0,674.5,35.5,211.0,1132.0,-75.0,0.565527,fail_higher,0.565527,0.131054,overlap,0.0,1.227649
locked_abort2_vs_pass,skew,signed_dqs_minus_dq_bit__idelay_cntvaluein_skew__lane0__dq6__ctrl_2__dqs_vs_dq_bit__value_ps,signed_dqs_minus_dq_bit,idelay_cntvaluein_skew,lane0,dq6,2,dqs_vs_dq_bit,27,13,-938.0,50.0,906.0,-982.0,-144.0,592.0,-194.0,0.435897,fail_lower,0.564103,-0.128205,overlap,0.0,1.200961
locked_abort2_vs_pass,skew,abs_dqs_minus_dq_bit__idelay_cntvaluein_skew__lane0__dq7__ctrl_2__dqs_vs_dq_bit__value_ps,abs_dqs_minus_dq_bit,idelay_cntvaluein_skew,lane0,dq7,2,dqs_vs_dq_bit,27,13,23.0,439.0,882.0,26.0,319.0,981.0,-120.0,0.435897,fail_lower,0.564103,-0.128205,overlap,0.0,1.200961
locked_abort2_vs_pass,skew,abs_dqs_minus_dq_median__iologic_skew__lane1__dqs1__ctrl_none__dqs_vs_dq_lane__value_ps,abs_dqs_minus_dq_median,iologic_skew,lane1,dqs1,,dqs_vs_dq_lane,27,13,75.5,546.5,1593.5,10.5,440.5,968.5,-106.0,0.435897,fail_lower,0.564103,-0.128205,overlap,0.0,1.200961
locked_abort2_vs_pass,skew,abs_ld_minus_cntvaluein_dqs__idelay_ld_cntvaluein_skew__lane0__dqs0__ctrl_0__ld_vs_cntvaluein_dqs__value_ps,abs_ld_minus_cntvaluein_dqs,idelay_ld_cntvaluein_skew,lane0,dqs0,0,ld_vs_cntvaluein_dqs,27,13,26.0,262.0,782.0,24.0,304.0,864.0,42.0,0.564103,fail_higher,0.564103,0.128205,overlap,0.0,1.200961
locked_abort2_vs_pass,skew,abs_ld_minus_cntvaluein_dqs__idelay_ld_cntvaluein_skew__lane1__dqs1__ctrl_3__ld_vs_cntvaluein_dqs__value_ps,abs_ld_minus_cntvaluein_dqs,idelay_ld_cntvaluein_skew,lane1,dqs1,3,ld_vs_cntvaluein_dqs,27,13,18.0,334.0,943.0,23.0,365.0,1019.0,31.0,0.564103,fail_higher,0.564103,0.128205,overlap,0.0,1.200961
locked_abort2_vs_pass,skew,abs_ld_minus_cntvaluein_dqs__idelay_ld_cntvaluein_skew__lane1__dqs1__ctrl_2__ld_vs_cntvaluein_dqs__value_ps,abs_ld_minus_cntvaluein_dqs,idelay_ld_cntvaluein_skew,lane1,dqs1,2,ld_vs_cntvaluein_dqs,27,13,3.0,240.0,837.0,91.0,242.0,910.0,2.0,0.564103,fail_higher,0.564103,0.128205,overlap,0.0,1.200961
locked_abort2_vs_pass,direct,direct_max__idelay_ld__lane0__dq0__ctrl_none__endpoint__value_ps,direct_max,idelay_ld,lane0,dq0,,endpoint,27,13,1100.0,1473.0,2184.0,1057.0,1437.0,1868.0,-36.0,0.437322,fail_lower,0.562678,-0.125356,overlap,0.0,1.174273
locked_abort2_vs_pass,skew,abs_lane1_minus_lane0_dq_median__idelay_cntvaluein_skew__all__no_bit__ctrl_1__lane1_vs_lane0_dq__value_ps,abs_lane1_minus_lane0_dq_median,idelay_cntvaluein_skew,all,,1,lane1_vs_lane0_dq,27,13,6.5,344.0,688.5,65.5,315.0,591.5,-29.0,0.437322,fail_lower,0.562678,-0.125356,overlap,0.0,1.174273
locked_abort2_vs_pass,skew,abs_lane1_minus_lane0_dqs__idelay_cntvaluein_skew__all__no_bit__ctrl_2__lane1_vs_lane0_dqs__value_ps,abs_lane1_minus_lane0_dqs,idelay_cntvaluein_skew,all,,2,lane1_vs_lane0_dqs,27,13,2.0,261.0,450.0,11.0,275.0,488.0,14.0,0.562678,fail_higher,0.562678,0.125356,overlap,0.0,1.174273
locked_abort2_vs_pass,direct,direct_max__idelay_data_cntvaluein__lane0__dq2__ctrl_2__endpoint__value_ps,direct_max,idelay_data_cntvaluein,lane0,dq2,2,endpoint,27,13,931.0,1353.0,2153.0,920.0,1613.0,2161.0,260.0,0.561254,fail_higher,0.561254,0.122507,overlap,0.0,1.147585
locked_abort2_vs_pass,skew,signed_dqs_minus_dq_bit__idelay_cntvaluein_skew__lane1__dq14__ctrl_3__dqs_vs_dq_bit__value_ps,signed_dqs_minus_dq_bit,idelay_cntvaluein_skew,lane1,dq14,3,dqs_vs_dq_bit,27,13,-783.0,-109.0,630.0,-549.0,-35.0,763.0,74.0,0.561254,fail_higher,0.561254,0.122507,overlap,0.0,1.147585
locked_abort2_vs_pass,skew,signed_dqs_minus_dq_bit__idelay_cntvaluein_skew__lane1__dq15__ctrl_0__dqs_vs_dq_bit__value_ps,signed_dqs_minus_dq_bit,idelay_cntvaluein_skew,lane1,dq15,0,dqs_vs_dq_bit,27,13,-484.0,190.0,1215.0,-462.0,154.0,884.0,-36.0,0.438746,fail_lower,0.561254,-0.122507,overlap,0.0,1.147585
locked_abort2_vs_pass,skew,signed_dqs_minus_dq_bit__idelay_cntvaluein_skew__lane0__dq5__ctrl_1__dqs_vs_dq_bit__value_ps,signed_dqs_minus_dq_bit,idelay_cntvaluein_skew,lane0,dq5,1,dqs_vs_dq_bit,27,13,-681.0,153.0,980.0,-154.0,176.0,1298.0,23.0,0.561254,fail_higher,0.561254,0.122507,overlap,0.0,1.147585
locked_abort2_vs_pass,skew,abs_ld_minus_cntvaluein_dqs__idelay_ld_cntvaluein_skew__lane0__dqs0__ctrl_4__ld_vs_cntvaluein_dqs__value_ps,abs_ld_minus_cntvaluein_dqs,idelay_ld_cntvaluein_skew,lane0,dqs0,4,ld_vs_cntvaluein_dqs,27,13,30.0,324.0,815.0,21.0,311.0,1135.0,-13.0,0.438746,fail_lower,0.561254,-0.122507,overlap,0.0,1.147585
locked_abort2_vs_pass,skew,signed_ld_minus_cntvaluein_dqs__idelay_ld_cntvaluein_skew__lane0__dqs0__ctrl_0__ld_vs_cntvaluein_dqs__value_ps,signed_ld_minus_cntvaluein_dqs,idelay_ld_cntvaluein_skew,lane0,dqs0,0,ld_vs_cntvaluein_dqs,27,13,-521.0,-29.0,782.0,-864.0,-165.0,612.0,-136.0,0.441595,fail_lower,0.558405,-0.116809,overlap,0.0,1.094209
locked_abort2_vs_pass,skew,signed_dqs_minus_dq_bit__idelay_cntvaluein_skew__lane0__dq5__ctrl_0__dqs_vs_dq_bit__value_ps,signed_dqs_minus_dq_bit,idelay_cntvaluein_skew,lane0,dq5,0,dqs_vs_dq_bit,27,13,-794.0,81.0,983.0,-873.0,198.0,490.0,117.0,0.441595,fail_lower,0.558405,-0.116809,overlap,0.0,1.094209
locked_abort2_vs_pass,skew,signed_dqs_minus_dq_bit__idelay_cntvaluein_skew__lane0__dq3__ctrl_4__dqs_vs_dq_bit__value_ps,signed_dqs_minus_dq_bit,idelay_cntvaluein_skew,lane0,dq3,4,dqs_vs_dq_bit,27,13,-684.0,38.0,1036.0,-100.0,137.0,599.0,99.0,0.558405,fail_higher,0.558405,0.116809,overlap,0.0,1.094209
locked_abort2_vs_pass,skew,signed_ld_minus_cntvaluein_dqs__idelay_ld_cntvaluein_skew__lane1__dqs1__ctrl_4__ld_vs_cntvaluein_dqs__value_ps,signed_ld_minus_cntvaluein_dqs,idelay_ld_cntvaluein_skew,lane1,dqs1,4,ld_vs_cntvaluein_dqs,27,13,-665.0,11.0,640.0,-551.0,-59.0,898.0,-70.0,0.441595,fail_lower,0.558405,-0.116809,overlap,0.0,1.094209
locked_abort2_vs_pass,direct,direct_max__idelay_data_cntvaluein__lane1__dq9__ctrl_0__endpoint__value_ps,direct_max,idelay_data_cntvaluein,lane1,dq9,0,endpoint,27,13,486.0,1024.0,1643.0,589.0,1075.0,1491.0,51.0,0.558405,fail_higher,0.558405,0.116809,overlap,0.0,1.094209
locked_abort2_vs_pass,skew,abs_dqs_minus_dq_bit__idelay_cntvaluein_skew__lane0__dq5__ctrl_0__dqs_vs_dq_bit__value_ps,abs_dqs_minus_dq_bit,idelay_cntvaluein_skew,lane0,dq5,0,dqs_vs_dq_bit,27,13,5.0,260.0,983.0,74.0,291.0,873.0,31.0,0.558405,fail_higher,0.558405,0.116809,overlap,0.0,1.094209
locked_abort2_vs_pass,direct,direct_max__dq_iologic__lane0__dq5__ctrl_none__endpoint__value_ps,direct_max,dq_iologic,lane0,dq5,,endpoint,27,13,1761.0,2361.0,3371.0,1939.0,2371.0,3339.0,10.0,0.558405,fail_higher,0.558405,0.116809,overlap,0.0,1.094209
locked_abort2_vs_pass,direct,direct_max__idelay_dqs_cntvaluein__lane1__dqs1__ctrl_3__endpoint__value_ps,direct_max,idelay_dqs_cntvaluein,lane1,dqs1,3,endpoint,27,13,1289.0,1649.0,2194.0,1368.0,1824.0,2180.0,175.0,0.55698,fail_higher,0.55698,0.11396,overlap,0.0,1.067521
locked_abort2_vs_pass,skew,dq_bus_skew_range__idelay_cntvaluein_skew__lane1__no_bit__ctrl_none__dq_lane_bus_skew__value_ps,dq_bus_skew_range,idelay_cntvaluein_skew,lane1,,,dq_lane_bus_skew,27,13,167.0,449.0,670.0,289.0,329.0,684.0,-120.0,0.44302,fail_lower,0.55698,-0.11396,overlap,0.0,1.067521
locked_abort2_vs_pass,skew,signed_dqs_minus_dq_bit__idelay_cntvaluein_skew__lane0__dq0__ctrl_0__dqs_vs_dq_bit__value_ps,signed_dqs_minus_dq_bit,idelay_cntvaluein_skew,lane0,dq0,0,dqs_vs_dq_bit,27,13,-1470.0,-31.0,656.0,-724.0,-70.0,536.0,-39.0,0.44302,fail_lower,0.55698,-0.11396,overlap,0.0,1.067521
locked_abort2_vs_pass,skew,signed_ld_minus_cntvaluein_dqs__idelay_ld_cntvaluein_skew__lane1__dqs1__ctrl_2__ld_vs_cntvaluein_dqs__value_ps,signed_ld_minus_cntvaluein_dqs,idelay_ld_cntvaluein_skew,lane1,dqs1,2,ld_vs_cntvaluein_dqs,27,13,-641.0,8.0,837.0,-439.0,198.0,910.0,190.0,0.555556,fail_higher,0.555556,0.111111,overlap,0.0,1.040833
locked_abort2_vs_pass,direct,direct_max__idelay_data_cntvaluein__lane1__dq10__ctrl_1__endpoint__value_ps,direct_max,idelay_data_cntvaluein,lane1,dq10,1,endpoint,27,13,583.0,1136.0,2094.0,860.0,1307.0,1779.0,171.0,0.555556,fail_higher,0.555556,0.111111,overlap,0.0,1.040833
locked_abort2_vs_pass,skew,abs_dqs_minus_dq_median__idelay_cntvaluein_skew__lane1__dqs1__ctrl_0__dqs_vs_dq_lane__value_ps,abs_dqs_minus_dq_median,idelay_cntvaluein_skew,lane1,dqs1,0,dqs_vs_dq_lane,27,13,0.5,232.5,1021.5,35.0,136.5,834.5,-96.0,0.444444,fail_lower,0.555556,-0.111111,overlap,0.0,1.040833
locked_abort2_vs_pass,direct,direct_max__idelay_data_cntvaluein__lane0__dq7__ctrl_4__endpoint__value_ps,direct_max,idelay_data_cntvaluein,lane0,dq7,4,endpoint,27,13,1120.0,1575.0,2450.0,1342.0,1669.0,2115.0,94.0,0.555556,fail_higher,0.555556,0.111111,overlap,0.0,1.040833
locked_abort2_vs_pass,skew,signed_dqs_minus_dq_bit__idelay_cntvaluein_skew__lane0__dq5__ctrl_4__dqs_vs_dq_bit__value_ps,signed_dqs_minus_dq_bit,idelay_cntvaluein_skew,lane0,dq5,4,dqs_vs_dq_bit,27,13,-595.0,47.0,1021.0,-189.0,150.0,536.0,103.0,0.554131,fail_higher,0.554131,0.108262,overlap,0.0,1.014145
locked_abort2_vs_pass,skew,abs_dqs_minus_dq_bit__idelay_cntvaluein_skew__lane0__dq4__ctrl_0__dqs_vs_dq_bit__value_ps,abs_dqs_minus_dq_bit,idelay_cntvaluein_skew,lane0,dq4,0,dqs_vs_dq_bit,27,13,2.0,345.0,1469.0,4.0,272.0,744.0,-73.0,0.445869,fail_lower,0.554131,-0.108262,overlap,0.0,1.014145
locked_abort2_vs_pass,skew,abs_dqs_minus_dq_bit__idelay_cntvaluein_skew__lane0__dq3__ctrl_3__dqs_vs_dq_bit__value_ps,abs_dqs_minus_dq_bit,idelay_cntvaluein_skew,lane0,dq3,3,dqs_vs_dq_bit,27,13,12.0,237.0,776.0,3.0,279.0,1246.0,42.0,0.554131,fail_higher,0.554131,0.108262,overlap,0.0,1.014145
locked_abort2_vs_pass,skew,signed_dqs_minus_dq_bit__idelay_cntvaluein_skew__lane0__dq7__ctrl_2__dqs_vs_dq_bit__value_ps,signed_dqs_minus_dq_bit,idelay_cntvaluein_skew,lane0,dq7,2,dqs_vs_dq_bit,27,13,-882.0,23.0,835.0,-981.0,-199.0,668.0,-222.0,0.447293,fail_lower,0.552707,-0.105413,overlap,0.0,0.987457
locked_abort2_vs_pass,direct,direct_max__idelay_data_cntvaluein__lane1__dq8__ctrl_3__endpoint__value_ps,direct_max,idelay_data_cntvaluein,lane1,dq8,3,endpoint,27,13,1179.0,1853.0,2516.0,1161.0,1805.0,2108.0,-48.0,0.447293,fail_lower,0.552707,-0.105413,overlap,0.0,0.987457
locked_abort2_vs_pass,skew,signed_ld_minus_cntvaluein_dqs__idelay_ld_cntvaluein_skew__lane1__dqs1__ctrl_0__ld_vs_cntvaluein_dqs__value_ps,signed_ld_minus_cntvaluein_dqs,idelay_ld_cntvaluein_skew,lane1,dqs1,0,ld_vs_cntvaluein_dqs,27,13,-571.0,150.0,592.0,-787.0,18.0,985.0,-132.0,0.448718,fail_lower,0.551282,-0.102564,overlap,0.0,0.960769
locked_abort2_vs_pass,skew,abs_ld_minus_cntvaluein_dqs__idelay_ld_cntvaluein_skew__lane1__dqs1__ctrl_0__ld_vs_cntvaluein_dqs__value_ps,abs_ld_minus_cntvaluein_dqs,idelay_ld_cntvaluein_skew,lane1,dqs1,0,ld_vs_cntvaluein_dqs,27,13,13.0,222.0,592.0,5.0,186.0,985.0,-36.0,0.448718,fail_lower,0.551282,-0.102564,overlap,0.0,0.960769
locked_abort2_vs_pass,skew,abs_dqs_minus_dq_bit__idelay_cntvaluein_skew__lane0__dq0__ctrl_0__dqs_vs_dq_bit__value_ps,abs_dqs_minus_dq_bit,idelay_cntvaluein_skew,lane0,dq0,0,dqs_vs_dq_bit,27,13,31.0,285.0,1470.0,33.0,252.0,724.0,-33.0,0.448718,fail_lower,0.551282,-0.102564,overlap,0.0,0.960769
locked_abort2_vs_pass,skew,abs_dqs_minus_dq_bit__idelay_cntvaluein_skew__lane1__dq15__ctrl_4__dqs_vs_dq_bit__value_ps,abs_dqs_minus_dq_bit,idelay_cntvaluein_skew,lane1,dq15,4,dqs_vs_dq_bit,27,13,34.0,355.0,1044.0,6.0,263.0,537.0,-92.0,0.450142,fail_lower,0.549858,-0.099715,overlap,0.0,0.934081
locked_abort2_vs_pass,skew,abs_ld_minus_cntvaluein_dq_median__idelay_ld_cntvaluein_skew__lane0__no_bit__ctrl_2__ld_vs_cntvaluein_dq_lane__value_ps,abs_ld_minus_cntvaluein_dq_median,idelay_ld_cntvaluein_skew,lane0,,2,ld_vs_cntvaluein_dq_lane,27,13,13.0,278.5,713.0,59.0,317.0,1017.0,38.5,0.549858,fail_higher,0.549858,0.099715,overlap,0.0,0.934081
locked_abort2_vs_pass,skew,abs_dqs_minus_dq_bit__idelay_cntvaluein_skew__lane1__dq9__ctrl_1__dqs_vs_dq_bit__value_ps,abs_dqs_minus_dq_bit,idelay_cntvaluein_skew,lane1,dq9,1,dqs_vs_dq_bit,27,13,42.0,286.0,1374.0,31.0,262.0,1350.0,-24.0,0.450142,fail_lower,0.549858,-0.099715,overlap,0.0,0.934081
locked_abort2_vs_pass,skew,signed_dqs_minus_dq_bit__idelay_cntvaluein_skew__lane1__dq10__ctrl_4__dqs_vs_dq_bit__value_ps,signed_dqs_minus_dq_bit,idelay_cntvaluein_skew,lane1,dq10,4,dqs_vs_dq_bit,27,13,-612.0,-158.0,862.0,-308.0,5.0,564.0,163.0,0.548433,fail_higher,0.548433,0.096866,overlap,0.0,0.907393
locked_abort2_vs_pass,skew,signed_dqs_minus_dq_median__idelay_cntvaluein_skew__lane1__dqs1__ctrl_4__dqs_vs_dq_lane__value_ps,signed_dqs_minus_dq_median,idelay_cntvaluein_skew,lane1,dqs1,4,dqs_vs_dq_lane,27,13,-536.5,-91.0,836.5,-217.5,55.0,561.0,146.0,0.548433,fail_higher,0.548433,0.096866,overlap,0.0,0.907393
locked_abort2_vs_pass,skew,signed_dqs_minus_dq_bit__idelay_cntvaluein_skew__lane1__dq11__ctrl_4__dqs_vs_dq_bit__value_ps,signed_dqs_minus_dq_bit,idelay_cntvaluein_skew,lane1,dq11,4,dqs_vs_dq_bit,27,13,-580.0,-5.0,913.0,-247.0,100.0,649.0,105.0,0.548433,fail_higher,0.548433,0.096866,overlap,0.0,0.907393
locked_abort2_vs_pass,skew,signed_lane1_minus_lane0_dqs__idelay_cntvaluein_skew__all__no_bit__ctrl_2__lane1_vs_lane0_dqs__value_ps,signed_lane1_minus_lane0_dqs,idelay_cntvaluein_skew,all,,2,lane1_vs_lane0_dqs,27,13,-450.0,-261.0,92.0,-488.0,-275.0,107.0,-14.0,0.451567,fail_lower,0.548433,-0.096866,overlap,0.0,0.907393
locked_abort2_vs_pass,direct,direct_max__idelay_data_cntvaluein__lane1__dq14__ctrl_1__endpoint__value_ps,direct_max,idelay_data_cntvaluein,lane1,dq14,1,endpoint,27,13,549.0,1225.0,2188.0,736.0,1432.0,1957.0,207.0,0.547009,fail_higher,0.547009,0.094017,overlap,0.0,0.880705
locked_abort2_vs_pass,direct,control_fanout_spread__idelay_data_cntvaluein__lane1__no_bit__ctrl_3__lane_control_bit__value_ps,control_fanout_spread,idelay_data_cntvaluein,lane1,,3,lane_control_bit,27,13,184.0,502.0,763.0,186.0,405.0,692.0,-97.0,0.452991,fail_lower,0.547009,-0.094017,overlap,0.0,0.880705
locked_abort2_vs_pass,skew,dq_lane_range__idelay_cntvaluein_skew__lane1__no_bit__ctrl_3__dq_lane__value_ps,dq_lane_range,idelay_cntvaluein_skew,lane1,,3,dq_lane,27,13,184.0,502.0,763.0,186.0,405.0,692.0,-97.0,0.452991,fail_lower,0.547009,-0.094017,overlap,0.0,0.880705
locked_abort2_vs_pass,skew,signed_dqs_minus_dq_bit__idelay_cntvaluein_skew__lane0__dq3__ctrl_1__dqs_vs_dq_bit__value_ps,signed_dqs_minus_dq_bit,idelay_cntvaluein_skew,lane0,dq3,1,dqs_vs_dq_bit,27,13,-671.0,169.0,1048.0,-239.0,261.0,1382.0,92.0,0.547009,fail_higher,0.547009,0.094017,overlap,0.0,0.880705
locked_abort2_vs_pass,skew,signed_dqs_minus_dq_median__iologic_skew__lane0__dqs0__ctrl_none__dqs_vs_dq_lane__value_ps,signed_dqs_minus_dq_median,iologic_skew,lane0,dqs0,,dqs_vs_dq_lane,27,13,-515.5,875.5,1940.0,345.0,958.0,1575.5,82.5,0.547009,fail_higher,0.547009,0.094017,overlap,0.0,0.880705
locked_abort2_vs_pass,skew,abs_dqs_minus_dq_bit__idelay_cntvaluein_skew__lane0__dq6__ctrl_0__dqs_vs_dq_bit__value_ps,abs_dqs_minus_dq_bit,idelay_cntvaluein_skew,lane0,dq6,0,dqs_vs_dq_bit,27,13,15.0,383.0,1477.0,38.0,357.0,846.0,-26.0,0.547009,fail_higher,0.547009,0.094017,overlap,0.0,0.880705
locked_abort2_vs_pass,skew,signed_lane1_minus_lane0_dqs__idelay_cntvaluein_skew__all__no_bit__ctrl_0__lane1_vs_lane0_dqs__value_ps,signed_lane1_minus_lane0_dqs,idelay_cntvaluein_skew,all,,0,lane1_vs_lane0_dqs,27,13,-684.0,-276.0,572.0,-671.0,-278.0,87.0,-2.0,0.452991,fail_lower,0.547009,-0.094017,overlap,0.0,0.880705
locked_abort2_vs_pass,direct,direct_max__idelay_ld__lane1__dq8__ctrl_none__endpoint__value_ps,direct_max,idelay_ld,lane1,dq8,,endpoint,27,13,1067.0,1338.0,1800.0,1039.0,1389.0,1731.0,51.0,0.545584,fail_higher,0.545584,0.091168,overlap,0.0,0.854017
locked_abort2_vs_pass,direct,direct_max__idelay_data_cntvaluein__lane1__dq12__ctrl_1__endpoint__value_ps,direct_max,idelay_data_cntvaluein,lane1,dq12,1,endpoint,27,13,540.0,1139.0,2177.0,684.0,1347.0,1866.0,208.0,0.54416,fail_higher,0.54416,0.088319,overlap,0.0,0.827329
locked_abort2_vs_pass,direct,direct_max__idelay_data_cntvaluein__lane1__dq13__ctrl_1__endpoint__value_ps,direct_max,idelay_data_cntvaluein,lane1,dq13,1,endpoint,27,13,499.0,1139.0,1878.0,744.0,1317.0,1741.0,178.0,0.54416,fail_higher,0.54416,0.088319,overlap,0.0,0.827329
locked_abort2_vs_pass,direct,direct_max__idelay_ld__lane1__dq10__ctrl_none__endpoint__value_ps,direct_max,idelay_ld,lane1,dq10,,endpoint,27,13,990.0,1371.0,1700.0,1024.0,1455.0,1700.0,84.0,0.54416,fail_higher,0.54416,0.088319,overlap,0.0,0.827329
locked_abort2_vs_pass,skew,signed_dqs_minus_dq_bit__idelay_cntvaluein_skew__lane0__dq6__ctrl_1__dqs_vs_dq_bit__value_ps,signed_dqs_minus_dq_bit,idelay_cntvaluein_skew,lane0,dq6,1,dqs_vs_dq_bit,27,13,-1275.0,8.0,1041.0,-401.0,-27.0,1036.0,-35.0,0.54416,fail_higher,0.54416,0.088319,overlap,0.0,0.827329
locked_abort2_vs_pass,direct,direct_max__clocking__all__no_bit__ctrl_none__endpoint__value_ps,direct_max,clocking,all,,,endpoint,27,13,6434.0,6885.0,7215.0,6150.0,6855.0,7215.0,-30.0,0.45584,fail_lower,0.54416,-0.088319,overlap,0.0,0.827329
locked_abort2_vs_pass,direct,direct_max__idelay_dqs_cntvaluein__lane1__dqs1__ctrl_1__endpoint__value_ps,direct_max,idelay_dqs_cntvaluein,lane1,dqs1,1,endpoint,27,13,549.0,1350.0,1797.0,639.0,1320.0,1891.0,-30.0,0.54416,fail_higher,0.54416,0.088319,overlap,0.0,0.827329
locked_abort2_vs_pass,direct,lane_spread__clocking__all__no_bit__ctrl_none__lane__value_ps,lane_spread,clocking,all,,,lane,27,13,6315.0,6766.0,7096.0,6031.0,6736.0,7096.0,-30.0,0.45584,fail_lower,0.54416,-0.088319,overlap,0.0,0.827329
locked_abort2_vs_pass,skew,signed_ld_minus_cntvaluein_dq_median__idelay_ld_cntvaluein_skew__lane0__no_bit__ctrl_4__ld_vs_cntvaluein_dq_lane__value_ps,signed_ld_minus_cntvaluein_dq_median,idelay_ld_cntvaluein_skew,lane0,,4,ld_vs_cntvaluein_dq_lane,27,13,-631.5,-90.5,631.5,-904.0,-108.0,262.5,-17.5,0.45584,fail_lower,0.54416,-0.088319,overlap,0.0,0.827329
locked_abort2_vs_pass,direct,direct_max__dq_iologic__lane1__dq12__ctrl_none__endpoint__value_ps,direct_max,dq_iologic,lane1,dq12,,endpoint,27,13,1756.0,2384.0,3197.0,1924.0,2355.0,3193.0,-29.0,0.457265,fail_lower,0.542735,-0.08547,overlap,0.0,0.800641
locked_abort2_vs_pass,skew,abs_lane1_minus_lane0_dq_median__idelay_cntvaluein_skew__all__no_bit__ctrl_4__lane1_vs_lane0_dq__value_ps,abs_lane1_minus_lane0_dq_median,idelay_cntvaluein_skew,all,,4,lane1_vs_lane0_dq,27,13,20.5,377.5,762.5,96.0,348.5,664.0,-29.0,0.457265,fail_lower,0.542735,-0.08547,overlap,0.0,0.800641
locked_abort2_vs_pass,skew,abs_dqs_minus_dq_median__iologic_skew__lane0__dqs0__ctrl_none__dqs_vs_dq_lane__value_ps,abs_dqs_minus_dq_median,iologic_skew,lane0,dqs0,,dqs_vs_dq_lane,27,13,98.0,875.5,1940.0,345.0,958.0,1575.5,82.5,0.541311,fail_higher,0.541311,0.082621,overlap,0.0,0.773953
locked_abort2_vs_pass,skew,signed_ld_dqs_minus_dq_median__idelay_ld_skew__lane0__dqs0__ctrl_none__dqs_vs_dq_lane__value_ps,signed_ld_dqs_minus_dq_median,idelay_ld_skew,lane0,dqs0,,dqs_vs_dq_lane,27,13,-246.0,-65.5,288.0,-277.0,-7.0,156.0,58.5,0.541311,fail_higher,0.541311,0.082621,overlap,0.0,0.773953
locked_abort2_vs_pass,skew,abs_dqs_bus_skew_minus_dq_median__idelay_cntvaluein_skew__lane1__dqs1__ctrl_none__dqs_vs_dq_bus_skew__value_ps,abs_dqs_bus_skew_minus_dq_median,idelay_cntvaluein_skew,lane1,dqs1,,dqs_vs_dq_bus_skew,27,13,2.5,249.5,955.0,1.5,192.5,717.0,-57.0,0.458689,fail_lower,0.541311,-0.082621,overlap,0.0,0.773953
locked_abort2_vs_pass,skew,signed_dqs_minus_dq_bit__idelay_cntvaluein_skew__lane1__dq9__ctrl_0__dqs_vs_dq_bit__value_ps,signed_dqs_minus_dq_bit,idelay_cntvaluein_skew,lane1,dq9,0,dqs_vs_dq_bit,27,13,-537.0,105.0,1127.0,-468.0,68.0,801.0,-37.0,0.458689,fail_lower,0.541311,-0.082621,overlap,0.0,0.773953
locked_abort2_vs_pass,skew,signed_lane1_minus_lane0_dq_median__idelay_cntvaluein_skew__all__no_bit__ctrl_4__lane1_vs_lane0_dq__value_ps,signed_lane1_minus_lane0_dq_median,idelay_cntvaluein_skew,all,,4,lane1_vs_lane0_dq,27,13,-762.5,-377.5,97.5,-664.0,-348.5,-96.0,29.0,0.539886,fail_higher,0.539886,0.079772,overlap,0.0,0.747265
locked_abort2_vs_pass,skew,signed_dqs_minus_dq_bit__idelay_cntvaluein_skew__lane0__dq6__ctrl_3__dqs_vs_dq_bit__value_ps,signed_dqs_minus_dq_bit,idelay_cntvaluein_skew,lane0,dq6,3,dqs_vs_dq_bit,27,13,-757.0,3.0,390.0,-822.0,-14.0,896.0,-17.0,0.539886,fail_higher,0.539886,0.079772,overlap,0.0,0.747265
locked_abort2_vs_pass,direct,cntvaluein_bus_skew__idelay_dqs_cntvaluein__lane1__dqs1__ctrl_none__dqs1__value_ps,cntvaluein_bus_skew,idelay_dqs_cntvaluein,lane1,dqs1,,dqs1,27,13,199.0,663.0,1633.0,319.0,679.0,1447.0,16.0,0.539886,fail_higher,0.539886,0.079772,overlap,0.0,0.747265
locked_abort2_vs_pass,direct,lane_spread__idelay_dqs_cntvaluein__lane1__no_bit__ctrl_none__lane__value_ps,lane_spread,idelay_dqs_cntvaluein,lane1,,,lane,27,13,199.0,663.0,1633.0,319.0,679.0,1447.0,16.0,0.539886,fail_higher,0.539886,0.079772,overlap,0.0,0.747265
locked_abort2_vs_pass,direct,direct_max__idelay_data_cntvaluein__lane1__dq8__ctrl_4__endpoint__value_ps,direct_max,idelay_data_cntvaluein,lane1,dq8,4,endpoint,27,13,663.0,1315.0,1955.0,684.0,1309.0,1827.0,-6.0,0.460114,fail_lower,0.539886,-0.079772,overlap,0.0,0.747265
locked_abort2_vs_pass,direct,direct_max__dq_iologic__lane0__dq6__ctrl_none__endpoint__value_ps,direct_max,dq_iologic,lane0,dq6,,endpoint,27,13,1544.0,2025.0,3325.0,1815.0,2131.0,3368.0,106.0,0.538462,fail_higher,0.538462,0.076923,overlap,0.0,0.720577
locked_abort2_vs_pass,skew,signed_dqs_minus_dq_bit__idelay_cntvaluein_skew__lane1__dq8__ctrl_1__dqs_vs_dq_bit__value_ps,signed_dqs_minus_dq_bit,idelay_cntvaluein_skew,lane1,dq8,1,dqs_vs_dq_bit,27,13,-954.0,-23.0,950.0,-574.0,-120.0,1134.0,-97.0,0.461538,fail_lower,0.538462,-0.076923,overlap,0.0,0.720577
locked_abort2_vs_pass,direct,direct_max__idelay_ld__lane1__dqs1__ctrl_none__endpoint__value_ps,direct_max,idelay_ld,lane1,dqs1,,endpoint,27,13,842.0,1294.0,1677.0,921.0,1207.0,1789.0,-87.0,0.461538,fail_lower,0.538462,-0.076923,overlap,0.0,0.720577
locked_abort2_vs_pass,direct,direct_max__idelay_data_cntvaluein__lane0__dq1__ctrl_4__endpoint__value_ps,direct_max,idelay_data_cntvaluein,lane0,dq1,4,endpoint,27,13,957.0,1465.0,2196.0,1222.0,1547.0,2065.0,82.0,0.538462,fail_higher,0.538462,0.076923,overlap,0.0,0.720577
locked_abort2_vs_pass,skew,abs_dqs_minus_dq_bit__idelay_cntvaluein_skew__lane0__dq7__ctrl_0__dqs_vs_dq_bit__value_ps,abs_dqs_minus_dq_bit,idelay_cntvaluein_skew,lane0,dq7,0,dqs_vs_dq_bit,27,13,2.0,393.0,1470.0,11.0,367.0,839.0,-26.0,0.538462,fail_higher,0.538462,0.076923,overlap,0.0,0.720577
locked_abort2_vs_pass,skew,abs_dqs_minus_dq_bit__idelay_cntvaluein_skew__lane0__dq3__ctrl_2__dqs_vs_dq_bit__value_ps,abs_dqs_minus_dq_bit,idelay_cntvaluein_skew,lane0,dq3,2,dqs_vs_dq_bit,27,13,26.0,350.0,1169.0,21.0,357.0,807.0,7.0,0.461538,fail_lower,0.538462,-0.076923,overlap,0.0,0.720577
locked_abort2_vs_pass,direct,direct_max__dq_iologic__lane0__dq1__ctrl_none__endpoint__value_ps,direct_max,dq_iologic,lane0,dq1,,endpoint,27,13,1873.0,2250.0,3342.0,1817.0,2255.0,3256.0,5.0,0.461538,fail_lower,0.538462,-0.076923,overlap,0.0,0.720577
locked_abort2_vs_pass,skew,signed_dqs_minus_dq_bit__idelay_cntvaluein_skew__lane1__dq15__ctrl_1__dqs_vs_dq_bit__value_ps,signed_dqs_minus_dq_bit,idelay_cntvaluein_skew,lane1,dq15,1,dqs_vs_dq_bit,27,13,-814.0,229.0,1381.0,-247.0,232.0,1440.0,3.0,0.538462,fail_higher,0.538462,0.076923,overlap,0.0,0.720577
locked_abort2_vs_pass,direct,direct_max__idelay_data_cntvaluein__lane1__dq9__ctrl_4__endpoint__value_ps,direct_max,idelay_data_cntvaluein,lane1,dq9,4,endpoint,27,13,499.0,957.0,1899.0,407.0,1167.0,1511.0,210.0,0.537037,fail_higher,0.537037,0.074074,overlap,0.0,0.693889
locked_abort2_vs_pass,direct,direct_max__idelay_dqs_cntvaluein__lane0__dqs0__ctrl_4__endpoint__value_ps,direct_max,idelay_dqs_cntvaluein,lane0,dqs0,4,endpoint,27,13,666.0,1692.0,2045.0,795.0,1549.0,2194.0,-143.0,0.464387,fail_lower,0.535613,-0.071225,overlap,0.0,0.667201
locked_abort2_vs_pass,skew,signed_dqs_minus_dq_bit__idelay_cntvaluein_skew__lane1__dq15__ctrl_4__dqs_vs_dq_bit__value_ps,signed_dqs_minus_dq_bit,idelay_cntvaluein_skew,lane1,dq15,4,dqs_vs_dq_bit,27,13,-717.0,140.0,1044.0,-234.0,263.0,537.0,123.0,0.535613,fail_higher,0.535613,0.071225,overlap,0.0,0.667201
locked_abort2_vs_pass,skew,abs_dqs_minus_dq_bit__idelay_cntvaluein_skew__lane0__dq1__ctrl_0__dqs_vs_dq_bit__value_ps,abs_dqs_minus_dq_bit,idelay_cntvaluein_skew,lane0,dq1,0,dqs_vs_dq_bit,27,13,42.0,296.0,1527.0,3.0,250.0,783.0,-46.0,0.464387,fail_lower,0.535613,-0.071225,overlap,0.0,0.667201
locked_abort2_vs_pass,skew,abs_dqs_minus_dq_bit__idelay_cntvaluein_skew__lane1__dq9__ctrl_3__dqs_vs_dq_bit__value_ps,abs_dqs_minus_dq_bit,idelay_cntvaluein_skew,lane1,dq9,3,dqs_vs_dq_bit,27,13,10.0,235.0,744.0,66.0,206.0,939.0,-29.0,0.535613,fail_higher,0.535613,0.071225,overlap,0.0,0.667201
locked_abort2_vs_pass,skew,dq_lane_range__iologic_skew__lane1__no_bit__ctrl_none__dq_lane__value_ps,dq_lane_range,iologic_skew,lane1,,,dq_lane,27,13,285.0,606.0,1480.0,265.0,630.0,1004.0,24.0,0.464387,fail_lower,0.535613,-0.071225,overlap,0.0,0.667201
locked_abort2_vs_pass,direct,direct_max__dq_iologic__lane0__dq0__ctrl_none__endpoint__value_ps,direct_max,dq_iologic,lane0,dq0,,endpoint,27,13,1695.0,2069.0,3213.0,1685.0,2052.0,3263.0,-17.0,0.464387,fail_lower,0.535613,-0.071225,overlap,0.0,0.667201
locked_abort2_vs_pass,skew,signed_dqs_minus_dq_bit__idelay_cntvaluein_skew__lane0__dq2__ctrl_4__dqs_vs_dq_bit__value_ps,signed_dqs_minus_dq_bit,idelay_cntvaluein_skew,lane0,dq2,4,dqs_vs_dq_bit,27,13,-1041.0,-28.0,1004.0,-561.0,-31.0,652.0,-3.0,0.535613,fail_higher,0.535613,0.071225,overlap,0.0,0.667201
locked_abort2_vs_pass,skew,abs_ld_minus_cntvaluein_dqs__idelay_ld_cntvaluein_skew__lane1__dqs1__ctrl_1__ld_vs_cntvaluein_dqs__value_ps,abs_ld_minus_cntvaluein_dqs,idelay_ld_cntvaluein_skew,lane1,dqs1,1,ld_vs_cntvaluein_dqs,27,13,31.0,319.0,969.0,46.0,239.0,915.0,-80.0,0.465812,fail_lower,0.534188,-0.068376,overlap,0.0,0.640513
locked_abort2_vs_pass,direct,control_fanout_spread__idelay_data_cntvaluein__lane0__no_bit__ctrl_1__lane_control_bit__value_ps,control_fanout_spread,idelay_data_cntvaluein,lane0,,1,lane_control_bit,27,13,173.0,356.0,624.0,176.0,391.0,658.0,35.0,0.534188,fail_higher,0.534188,0.068376,overlap,0.0,0.640513
locked_abort2_vs_pass,skew,dq_lane_range__idelay_cntvaluein_skew__lane0__no_bit__ctrl_1__dq_lane__value_ps,dq_lane_range,idelay_cntvaluein_skew,lane0,,1,dq_lane,27,13,173.0,356.0,624.0,176.0,391.0,658.0,35.0,0.534188,fail_higher,0.534188,0.068376,overlap,0.0,0.640513
locked_abort2_vs_pass,direct,direct_max__dq_iologic__lane1__dq10__ctrl_none__endpoint__value_ps,direct_max,dq_iologic,lane1,dq10,,endpoint,27,13,1575.0,2328.0,2954.0,1750.0,2309.0,3108.0,-19.0,0.534188,fail_higher,0.534188,0.068376,overlap,0.0,0.640513
locked_abort2_vs_pass,direct,control_fanout_spread__idelay_data_cntvaluein__lane0__no_bit__ctrl_0__lane_control_bit__value_ps,control_fanout_spread,idelay_data_cntvaluein,lane0,,0,lane_control_bit,27,13,88.0,372.0,733.0,226.0,364.0,620.0,-8.0,0.465812,fail_lower,0.534188,-0.068376,overlap,0.0,0.640513
locked_abort2_vs_pass,skew,dq_lane_range__idelay_cntvaluein_skew__lane0__no_bit__ctrl_0__dq_lane__value_ps,dq_lane_range,idelay_cntvaluein_skew,lane0,,0,dq_lane,27,13,88.0,372.0,733.0,226.0,364.0,620.0,-8.0,0.465812,fail_lower,0.534188,-0.068376,overlap,0.0,0.640513
locked_abort2_vs_pass,direct,direct_max__idelay_data_cntvaluein__lane0__dq0__ctrl_1__endpoint__value_ps,direct_max,idelay_data_cntvaluein,lane0,dq0,1,endpoint,27,13,787.0,1412.0,2392.0,958.0,1511.0,2151.0,99.0,0.532764,fail_higher,0.532764,0.065527,overlap,0.0,0.613825
locked_abort2_vs_pass,direct,direct_max__idelay_data_cntvaluein__lane0__dq0__ctrl_4__endpoint__value_ps,direct_max,idelay_data_cntvaluein,lane0,dq0,4,endpoint,27,13,875.0,1378.0,2183.0,1133.0,1500.0,1980.0,122.0,0.531339,fail_higher,0.531339,0.062678,overlap,0.0,0.587137
locked_abort2_vs_pass,direct,direct_max__idelay_data_cntvaluein__lane0__dq1__ctrl_1__endpoint__value_ps,direct_max,idelay_data_cntvaluein,lane0,dq1,1,endpoint,27,13,870.0,1343.0,2451.0,1044.0,1518.0,2144.0,175.0,0.529915,fail_higher,0.529915,0.059829,overlap,0.0,0.560449
locked_abort2_vs_pass,skew,abs_dqs_minus_dq_bit__idelay_cntvaluein_skew__lane0__dq2__ctrl_3__dqs_vs_dq_bit__value_ps,abs_dqs_minus_dq_bit,idelay_cntvaluein_skew,lane0,dq2,3,dqs_vs_dq_bit,27,13,23.0,293.0,664.0,10.0,221.0,1078.0,-72.0,0.529915,fail_higher,0.529915,0.059829,overlap,0.0,0.560449
locked_abort2_vs_pass,skew,signed_ld_minus_cntvaluein_dq_median__idelay_ld_cntvaluein_skew__lane0__no_bit__ctrl_1__ld_vs_cntvaluein_dq_lane__value_ps,signed_ld_minus_cntvaluein_dq_median,idelay_ld_cntvaluein_skew,lane0,,1,ld_vs_cntvaluein_dq_lane,27,13,-773.0,-41.5,689.0,-998.5,-80.5,453.0,-39.0,0.470085,fail_lower,0.529915,-0.059829,overlap,0.0,0.560449
locked_abort2_vs_pass,skew,signed_ld_minus_cntvaluein_dqs__idelay_ld_cntvaluein_skew__lane0__dqs0__ctrl_3__ld_vs_cntvaluein_dqs__value_ps,signed_ld_minus_cntvaluein_dqs,idelay_ld_cntvaluein_skew,lane0,dqs0,3,ld_vs_cntvaluein_dqs,27,13,-1153.0,-488.0,469.0,-1249.0,-647.0,263.0,-159.0,0.472934,fail_lower,0.527066,-0.054131,overlap,0.0,0.507072
locked_abort2_vs_pass,skew,abs_ld_minus_cntvaluein_dqs__idelay_ld_cntvaluein_skew__lane0__dqs0__ctrl_3__ld_vs_cntvaluein_dqs__value_ps,abs_ld_minus_cntvaluein_dqs,idelay_ld_cntvaluein_skew,lane0,dqs0,3,ld_vs_cntvaluein_dqs,27,13,15.0,488.0,1153.0,90.0,647.0,1249.0,159.0,0.527066,fail_higher,0.527066,0.054131,overlap,0.0,0.507072
locked_abort2_vs_pass,skew,signed_ld_minus_cntvaluein_dqs__idelay_ld_cntvaluein_skew__lane0__dqs0__ctrl_2__ld_vs_cntvaluein_dqs__value_ps,signed_ld_minus_cntvaluein_dqs,idelay_ld_cntvaluein_skew,lane0,dqs0,2,ld_vs_cntvaluein_dqs,27,13,-763.0,43.0,633.0,-855.0,-58.0,578.0,-101.0,0.472934,fail_lower,0.527066,-0.054131,overlap,0.0,0.507072
locked_abort2_vs_pass,skew,abs_dqs_minus_dq_bit__idelay_cntvaluein_skew__lane0__dq4__ctrl_3__dqs_vs_dq_bit__value_ps,abs_dqs_minus_dq_bit,idelay_cntvaluein_skew,lane0,dq4,3,dqs_vs_dq_bit,27,13,10.0,376.0,828.0,34.0,295.0,1164.0,-81.0,0.527066,fail_higher,0.527066,0.054131,overlap,0.0,0.507072
locked_abort2_vs_pass,skew,abs_dqs_minus_dq_bit__idelay_cntvaluein_skew__lane0__dq6__ctrl_2__dqs_vs_dq_bit__value_ps,abs_dqs_minus_dq_bit,idelay_cntvaluein_skew,lane0,dq6,2,dqs_vs_dq_bit,27,13,11.0,429.0,938.0,15.0,355.0,982.0,-74.0,0.472934,fail_lower,0.527066,-0.054131,overlap,0.0,0.507072
locked_abort2_vs_pass,direct,direct_max__idelay_dqs_cntvaluein__lane0__dqs0__ctrl_1__endpoint__value_ps,direct_max,idelay_dqs_cntvaluein,lane0,dqs0,1,endpoint,27,13,768.0,1544.0,2049.0,864.0,1592.0,2289.0,48.0,0.527066,fail_higher,0.527066,0.054131,overlap,0.0,0.507072
locked_abort2_vs_pass,skew,signed_dqs_minus_dq_bit__idelay_cntvaluein_skew__lane0__dq2__ctrl_1__dqs_vs_dq_bit__value_ps,signed_dqs_minus_dq_bit,idelay_cntvaluein_skew,lane0,dq2,1,dqs_vs_dq_bit,27,13,-1181.0,-16.0,1048.0,-470.0,-56.0,993.0,-40.0,0.527066,fail_higher,0.527066,0.054131,overlap,0.0,0.507072
locked_abort2_vs_pass,skew,abs_dqs_minus_dq_bit__idelay_cntvaluein_skew__lane1__dq13__ctrl_0__dqs_vs_dq_bit__value_ps,abs_dqs_minus_dq_bit,idelay_cntvaluein_skew,lane1,dq13,0,dqs_vs_dq_bit,27,13,28.0,233.0,1016.0,8.0,204.0,934.0,-29.0,0.472934,fail_lower,0.527066,-0.054131,overlap,0.0,0.507072
locked_abort2_vs_pass,skew,signed_dqs_minus_dq_bit__idelay_cntvaluein_skew__lane1__dq9__ctrl_1__dqs_vs_dq_bit__value_ps,signed_dqs_minus_dq_bit,idelay_cntvaluein_skew,lane1,dq9,1,dqs_vs_dq_bit,27,13,-711.0,179.0,1374.0,-339.0,206.0,1350.0,27.0,0.527066,fail_higher,0.527066,0.054131,overlap,0.0,0.507072
locked_abort2_vs_pass,skew,signed_dqs_minus_dq_median__idelay_cntvaluein_skew__lane0__dqs0__ctrl_4__dqs_vs_dq_lane__value_ps,signed_dqs_minus_dq_median,idelay_cntvaluein_skew,lane0,dqs0,4,dqs_vs_dq_lane,27,13,-906.0,-72.5,1006.0,-470.0,-88.0,623.0,-15.5,0.527066,fail_higher,0.527066,0.054131,overlap,0.0,0.507072
locked_abort2_vs_pass,skew,signed_dqs_minus_dq_bit__idelay_cntvaluein_skew__lane1__dq13__ctrl_4__dqs_vs_dq_bit__value_ps,signed_dqs_minus_dq_bit,idelay_cntvaluein_skew,lane1,dq13,4,dqs_vs_dq_bit,27,13,-669.0,71.0,825.0,-251.0,59.0,561.0,-12.0,0.527066,fail_higher,0.527066,0.054131,overlap,0.0,0.507072
locked_abort2_vs_pass,direct,control_fanout_spread__idelay_data_cntvaluein__lane0__no_bit__ctrl_4__lane_control_bit__value_ps,control_fanout_spread,idelay_data_cntvaluein,lane0,,4,lane_control_bit,27,13,180.0,407.0,733.0,145.0,417.0,617.0,10.0,0.472934,fail_lower,0.527066,-0.054131,overlap,0.0,0.507072
locked_abort2_vs_pass,skew,dq_lane_range__idelay_cntvaluein_skew__lane0__no_bit__ctrl_4__dq_lane__value_ps,dq_lane_range,idelay_cntvaluein_skew,lane0,,4,dq_lane,27,13,180.0,407.0,733.0,145.0,417.0,617.0,10.0,0.472934,fail_lower,0.527066,-0.054131,overlap,0.0,0.507072
locked_abort2_vs_pass,direct,direct_max__idelay_ld__lane0__dqs0__ctrl_none__endpoint__value_ps,direct_max,idelay_ld,lane0,dqs0,,endpoint,27,13,1161.0,1444.0,2153.0,1059.0,1375.0,1779.0,-69.0,0.474359,fail_lower,0.525641,-0.051282,overlap,0.0,0.480384
locked_abort2_vs_pass,direct,direct_max__idelayctrl__all__no_bit__ctrl_none__endpoint__value_ps,direct_max,idelayctrl,all,,,endpoint,27,13,1394.0,2625.0,2970.0,1488.0,2595.0,2951.0,-30.0,0.525641,fail_higher,0.525641,0.051282,overlap,0.0,0.480384
locked_abort2_vs_pass,skew,ld_dq_lane_range__idelay_ld_skew__lane0__no_bit__ctrl_none__dq_lane__value_ps,ld_dq_lane_range,idelay_ld_skew,lane0,,,dq_lane,27,13,141.0,311.0,625.0,186.0,317.0,559.0,6.0,0.525641,fail_higher,0.525641,0.051282,overlap,0.0,0.480384
locked_abort2_vs_pass,direct,direct_max__idelay_dqs_cntvaluein__lane1__dqs1__ctrl_4__endpoint__value_ps,direct_max,idelay_dqs_cntvaluein,lane1,dqs1,4,endpoint,27,13,612.0,1366.0,1748.0,656.0,1282.0,1774.0,-84.0,0.524217,fail_higher,0.524217,0.048433,overlap,0.0,0.453696
locked_abort2_vs_pass,skew,abs_dqs_minus_dq_bit__idelay_cntvaluein_skew__lane1__dq15__ctrl_1__dqs_vs_dq_bit__value_ps,abs_dqs_minus_dq_bit,idelay_cntvaluein_skew,lane1,dq15,1,dqs_vs_dq_bit,27,13,133.0,291.0,1381.0,146.0,247.0,1440.0,-44.0,0.475783,fail_lower,0.524217,-0.048433,overlap,0.0,0.453696
locked_abort2_vs_pass,direct,direct_max__idelay_dqs_cntvaluein__lane0__dqs0__ctrl_2__endpoint__value_ps,direct_max,idelay_dqs_cntvaluein,lane0,dqs0,2,endpoint,27,13,842.0,1424.0,2108.0,892.0,1384.0,1914.0,-40.0,0.475783,fail_lower,0.524217,-0.048433,overlap,0.0,0.453696
locked_abort2_vs_pass,skew,signed_dqs_minus_dq_bit__idelay_cntvaluein_skew__lane1__dq10__ctrl_1__dqs_vs_dq_bit__value_ps,signed_dqs_minus_dq_bit,idelay_cntvaluein_skew,lane1,dq10,1,dqs_vs_dq_bit,27,13,-954.0,13.0,1214.0,-301.0,11.0,1031.0,-2.0,0.524217,fail_higher,0.524217,0.048433,overlap,0.0,0.453696
locked_abort2_vs_pass,direct,direct_max__idelay_data_cntvaluein__lane1__dq11__ctrl_1__endpoint__value_ps,direct_max,idelay_data_cntvaluein,lane1,dq11,1,endpoint,27,13,407.0,1111.0,1850.0,675.0,1231.0,1651.0,120.0,0.522792,fail_higher,0.522792,0.045584,overlap,0.0,0.427008
locked_abort2_vs_pass,skew,abs_lane1_minus_lane0_dqs__idelay_cntvaluein_skew__all__no_bit__ctrl_1__lane1_vs_lane0_dqs__value_ps,abs_lane1_minus_lane0_dqs,idelay_cntvaluein_skew,all,,1,lane1_vs_lane0_dqs,27,13,2.0,275.0,523.0,15.0,278.0,420.0,3.0,0.522792,fail_higher,0.522792,0.045584,overlap,0.0,0.427008
locked_abort2_vs_pass,direct,direct_max__idelay_ld__lane0__dq1__ctrl_none__endpoint__value_ps,direct_max,idelay_ld,lane0,dq1,,endpoint,27,13,1024.0,1526.0,2210.0,1057.0,1527.0,1916.0,1.0,0.477208,fail_lower,0.522792,-0.045584,overlap,0.0,0.427008
locked_abort2_vs_pass,skew,abs_ld_minus_cntvaluein_dqs__idelay_ld_cntvaluein_skew__lane0__dqs0__ctrl_1__ld_vs_cntvaluein_dqs__value_ps,abs_ld_minus_cntvaluein_dqs,idelay_ld_cntvaluein_skew,lane0,dqs0,1,ld_vs_cntvaluein_dqs,27,13,0.0,350.0,867.0,5.0,235.0,1230.0,-115.0,0.478632,fail_lower,0.521368,-0.042735,overlap,0.0,0.40032
locked_abort2_vs_pass,skew,abs_dqs_minus_dq_bit__idelay_cntvaluein_skew__lane1__dq14__ctrl_0__dqs_vs_dq_bit__value_ps,abs_dqs_minus_dq_bit,idelay_cntvaluein_skew,lane1,dq14,0,dqs_vs_dq_bit,27,13,23.0,304.0,855.0,52.0,197.0,847.0,-107.0,0.478632,fail_lower,0.521368,-0.042735,overlap,0.0,0.40032
locked_abort2_vs_pass,skew,signed_ld_minus_cntvaluein_dqs__idelay_ld_cntvaluein_skew__lane0__dqs0__ctrl_1__ld_vs_cntvaluein_dqs__value_ps,signed_ld_minus_cntvaluein_dqs,idelay_ld_cntvaluein_skew,lane0,dqs0,1,ld_vs_cntvaluein_dqs,27,13,-867.0,-76.0,707.0,-1230.0,-20.0,487.0,56.0,0.478632,fail_lower,0.521368,-0.042735,overlap,0.0,0.40032
locked_abort2_vs_pass,skew,signed_dqs_minus_dq_bit__idelay_cntvaluein_skew__lane0__dq7__ctrl_1__dqs_vs_dq_bit__value_ps,signed_dqs_minus_dq_bit,idelay_cntvaluein_skew,lane0,dq7,1,dqs_vs_dq_bit,27,13,-1273.0,-67.0,963.0,-561.0,-118.0,1048.0,-51.0,0.521368,fail_higher,0.521368,0.042735,overlap,0.0,0.40032
locked_abort2_vs_pass,skew,signed_dqs_minus_dq_bit__idelay_cntvaluein_skew__lane0__dq4__ctrl_1__dqs_vs_dq_bit__value_ps,signed_dqs_minus_dq_bit,idelay_cntvaluein_skew,lane0,dq4,1,dqs_vs_dq_bit,27,13,-1180.0,-33.0,968.0,-467.0,-75.0,965.0,-42.0,0.521368,fail_higher,0.521368,0.042735,overlap,0.0,0.40032
locked_abort2_vs_pass,direct,direct_max__idelay_data_cntvaluein__lane0__dq5__ctrl_1__endpoint__value_ps,direct_max,idelay_data_cntvaluein,lane0,dq5,1,endpoint,27,13,806.0,1401.0,2180.0,948.0,1373.0,1958.0,-28.0,0.478632,fail_lower,0.521368,-0.042735,overlap,0.0,0.40032
locked_abort2_vs_pass,direct,lane_spread__idelay_ld__lane0__no_bit__ctrl_none__lane__value_ps,lane_spread,idelay_ld,lane0,,,lane,27,13,176.0,345.0,719.0,186.0,317.0,559.0,-28.0,0.478632,fail_lower,0.521368,-0.042735,overlap,0.0,0.40032
locked_abort2_vs_pass,skew,signed_dqs_minus_dq_bit__idelay_cntvaluein_skew__lane1__dq11__ctrl_1__dqs_vs_dq_bit__value_ps,signed_dqs_minus_dq_bit,idelay_cntvaluein_skew,lane1,dq11,1,dqs_vs_dq_bit,27,13,-954.0,97.0,1348.0,-112.0,74.0,1216.0,-23.0,0.521368,fail_higher,0.521368,0.042735,overlap,0.0,0.40032
locked_abort2_vs_pass,skew,abs_dqs_minus_dq_bit__idelay_cntvaluein_skew__lane1__dq15__ctrl_0__dqs_vs_dq_bit__value_ps,abs_dqs_minus_dq_bit,idelay_cntvaluein_skew,lane1,dq15,0,dqs_vs_dq_bit,27,13,18.0,197.0,1215.0,56.0,201.0,884.0,4.0,0.478632,fail_lower,0.521368,-0.042735,overlap,0.0,0.40032
locked_abort2_vs_pass,skew,signed_dqs_minus_dq_median__idelay_cntvaluein_skew__lane0__dqs0__ctrl_1__dqs_vs_dq_lane__value_ps,signed_dqs_minus_dq_median,idelay_cntvaluein_skew,lane0,dqs0,1,dqs_vs_dq_lane,27,13,-1134.5,-27.5,965.5,-331.0,-24.5,1014.5,3.0,0.521368,fail_higher,0.521368,0.042735,overlap,0.0,0.40032
locked_abort2_vs_pass,direct,direct_max__idelay_data_cntvaluein__lane1__dq15__ctrl_4__endpoint__value_ps,direct_max,idelay_data_cntvaluein,lane1,dq15,4,endpoint,27,13,411.0,903.0,1810.0,418.0,1174.0,1447.0,271.0,0.519943,fail_higher,0.519943,0.039886,overlap,0.0,0.373632
locked_abort2_vs_pass,skew,abs_ld_minus_cntvaluein_dq_median__idelay_ld_cntvaluein_skew__lane1__no_bit__ctrl_2__ld_vs_cntvaluein_dq_lane__value_ps,abs_ld_minus_cntvaluein_dq_median,idelay_ld_cntvaluein_skew,lane1,,2,ld_vs_cntvaluein_dq_lane,27,13,20.5,391.5,727.0,38.0,250.5,727.0,-141.0,0.480057,fail_lower,0.519943,-0.039886,overlap,0.0,0.373632
locked_abort2_vs_pass,skew,abs_dqs_minus_dq_bit__idelay_cntvaluein_skew__lane0__dq1__ctrl_3__dqs_vs_dq_bit__value_ps,abs_dqs_minus_dq_bit,idelay_cntvaluein_skew,lane0,dq1,3,dqs_vs_dq_bit,27,13,23.0,333.0,738.0,17.0,298.0,1248.0,-35.0,0.519943,fail_higher,0.519943,0.039886,overlap,0.0,0.373632
locked_abort2_vs_pass,direct,direct_max__idelay_dqs_cntvaluein__lane0__dqs0__ctrl_3__endpoint__value_ps,direct_max,idelay_dqs_cntvaluein,lane0,dqs0,3,endpoint,27,13,1621.0,1973.0,2532.0,1516.0,2048.0,2397.0,75.0,0.518519,fail_higher,0.518519,0.037037,overlap,0.0,0.346944
locked_abort2_vs_pass,skew,abs_dqs_minus_dq_bit__idelay_cntvaluein_skew__lane0__dq2__ctrl_0__dqs_vs_dq_bit__value_ps,abs_dqs_minus_dq_bit,idelay_cntvaluein_skew,lane0,dq2,0,dqs_vs_dq_bit,27,13,9.0,391.0,1381.0,96.0,345.0,788.0,-46.0,0.481481,fail_lower,0.518519,-0.037037,overlap,0.0,0.346944
locked_abort2_vs_pass,direct,direct_max__idelay_data_cntvaluein__lane0__dq4__ctrl_4__endpoint__value_ps,direct_max,idelay_data_cntvaluein,lane0,dq4,4,endpoint,27,13,949.0,1552.0,2355.0,1172.0,1580.0,2115.0,28.0,0.518519,fail_higher,0.518519,0.037037,overlap,0.0,0.346944
locked_abort2_vs_pass,direct,direct_max__idelay_data_cntvaluein__lane1__dq15__ctrl_1__endpoint__value_ps,direct_max,idelay_data_cntvaluein,lane1,dq15,1,endpoint,27,13,416.0,1082.0,1664.0,407.0,1093.0,1626.0,11.0,0.481481,fail_lower,0.518519,-0.037037,overlap,0.0,0.346944
locked_abort2_vs_pass,skew,abs_dqs_minus_dq_bit__idelay_cntvaluein_skew__lane1__dq8__ctrl_3__dqs_vs_dq_bit__value_ps,abs_dqs_minus_dq_bit,idelay_cntvaluein_skew,lane1,dq8,3,dqs_vs_dq_bit,27,13,56.0,237.0,875.0,22.0,419.0,855.0,182.0,0.517094,fail_higher,0.517094,0.034188,overlap,0.0,0.320256
locked_abort2_vs_pass,direct,direct_max__idelay_data_cntvaluein__lane1__dq10__ctrl_4__endpoint__value_ps,direct_max,idelay_data_cntvaluein,lane1,dq10,4,endpoint,27,13,651.0,1258.0,1988.0,592.0,1351.0,1745.0,93.0,0.517094,fail_higher,0.517094,0.034188,overlap,0.0,0.320256
locked_abort2_vs_pass,direct,direct_max__idelay_data_cntvaluein__lane1__dq11__ctrl_4__endpoint__value_ps,direct_max,idelay_data_cntvaluein,lane1,dq11,4,endpoint,27,13,575.0,1042.0,1820.0,556.0,1299.0,1656.0,257.0,0.51567,fail_higher,0.51567,0.031339,overlap,0.0,0.293568
locked_abort2_vs_pass,direct,direct_max__idelay_data_cntvaluein__lane0__dq3__ctrl_1__endpoint__value_ps,direct_max,idelay_data_cntvaluein,lane0,dq3,1,endpoint,27,13,680.0,1309.0,2221.0,862.0,1391.0,1922.0,82.0,0.48433,fail_lower,0.51567,-0.031339,overlap,0.0,0.293568
locked_abort2_vs_pass,direct,lane_spread__idelayctrl__all__no_bit__ctrl_none__lane__value_ps,lane_spread,idelayctrl,all,,,lane,27,13,268.0,1499.0,1872.0,362.0,1469.0,1825.0,-30.0,0.51567,fail_higher,0.51567,0.031339,overlap,0.0,0.293568
locked_abort2_vs_pass,direct,direct_max__idelay_data_cntvaluein__lane0__dq6__ctrl_1__endpoint__value_ps,direct_max,idelay_data_cntvaluein,lane0,dq6,1,endpoint,27,13,819.0,1529.0,2311.0,1115.0,1511.0,2079.0,-18.0,0.51567,fail_higher,0.51567,0.031339,overlap,0.0,0.293568
locked_abort2_vs_pass,skew,signed_dqs_minus_dq_median__iologic_skew__lane1__dqs1__ctrl_none__dqs_vs_dq_lane__value_ps,signed_dqs_minus_dq_median,iologic_skew,lane1,dqs1,,dqs_vs_dq_lane,27,13,-796.0,424.0,1593.5,10.5,440.5,968.5,16.5,0.51567,fail_higher,0.51567,0.031339,overlap,0.0,0.293568
locked_abort2_vs_pass,direct,cntvaluein_bus_skew__idelay_dqs_cntvaluein__lane0__dqs0__ctrl_none__dqs0__value_ps,cntvaluein_bus_skew,idelay_dqs_cntvaluein,lane0,dqs0,,dqs0,27,13,242.0,679.0,1542.0,473.0,664.0,1271.0,-15.0,0.51567,fail_higher,0.51567,0.031339,overlap,0.0,0.293568
locked_abort2_vs_pass,direct,lane_spread__idelay_dqs_cntvaluein__lane0__no_bit__ctrl_none__lane__value_ps,lane_spread,idelay_dqs_cntvaluein,lane0,,,lane,27,13,242.0,679.0,1542.0,473.0,664.0,1271.0,-15.0,0.51567,fail_higher,0.51567,0.031339,overlap,0.0,0.293568
locked_abort2_vs_pass,skew,signed_dqs_minus_dq_bit__idelay_cntvaluein_skew__lane0__dq6__ctrl_4__dqs_vs_dq_bit__value_ps,signed_dqs_minus_dq_bit,idelay_cntvaluein_skew,lane0,dq6,4,dqs_vs_dq_bit,27,13,-814.0,-122.0,1033.0,-657.0,-133.0,556.0,-11.0,0.48433,fail_lower,0.51567,-0.031339,overlap,0.0,0.293568
locked_abort2_vs_pass,direct,direct_max__idelay_ld__lane1__dq12__ctrl_none__endpoint__value_ps,direct_max,idelay_ld,lane1,dq12,,endpoint,27,13,1044.0,1409.0,1707.0,999.0,1414.0,1677.0,5.0,0.51567,fail_higher,0.51567,0.031339,overlap,0.0,0.293568
locked_abort2_vs_pass,direct,direct_max__idelay_data_cntvaluein__lane1__dq13__ctrl_4__endpoint__value_ps,direct_max,idelay_data_cntvaluein,lane1,dq13,4,endpoint,27,13,541.0,1001.0,1907.0,610.0,1305.0,1741.0,304.0,0.514245,fail_higher,0.514245,0.02849,overlap,0.0,0.26688
locked_abort2_vs_pass,direct,control_fanout_spread__idelay_data_cntvaluein__lane0__no_bit__ctrl_3__lane_control_bit__value_ps,control_fanout_spread,idelay_data_cntvaluein,lane0,,3,lane_control_bit,27,13,208.0,315.0,848.0,208.0,332.0,639.0,17.0,0.485755,fail_lower,0.514245,-0.02849,overlap,0.0,0.26688
locked_abort2_vs_pass,skew,dq_lane_range__idelay_cntvaluein_skew__lane0__no_bit__ctrl_3__dq_lane__value_ps,dq_lane_range,idelay_cntvaluein_skew,lane0,,3,dq_lane,27,13,208.0,315.0,848.0,208.0,332.0,639.0,17.0,0.485755,fail_lower,0.514245,-0.02849,overlap,0.0,0.26688
locked_abort2_vs_pass,skew,abs_ld_minus_cntvaluein_dqs__idelay_ld_cntvaluein_skew__lane1__dqs1__ctrl_4__ld_vs_cntvaluein_dqs__value_ps,abs_ld_minus_cntvaluein_dqs,idelay_ld_cntvaluein_skew,lane1,dqs1,4,ld_vs_cntvaluein_dqs,27,13,11.0,263.0,665.0,50.0,296.0,898.0,33.0,0.512821,fail_higher,0.512821,0.025641,overlap,0.0,0.240192
locked_abort2_vs_pass,skew,signed_dqs_minus_dq_bit__idelay_cntvaluein_skew__lane1__dq9__ctrl_4__dqs_vs_dq_bit__value_ps,signed_dqs_minus_dq_bit,idelay_cntvaluein_skew,lane1,dq9,4,dqs_vs_dq_bit,27,13,-804.0,232.0,956.0,-229.0,263.0,449.0,31.0,0.512821,fail_higher,0.512821,0.025641,overlap,0.0,0.240192
locked_abort2_vs_pass,skew,abs_dqs_minus_dq_bit__idelay_cntvaluein_skew__lane1__dq15__ctrl_3__dqs_vs_dq_bit__value_ps,abs_dqs_minus_dq_bit,idelay_cntvaluein_skew,lane1,dq15,3,dqs_vs_dq_bit,27,13,11.0,275.0,829.0,35.0,245.0,940.0,-30.0,0.512821,fail_higher,0.512821,0.025641,overlap,0.0,0.240192
locked_abort2_vs_pass,skew,signed_dqs_minus_dq_bit__idelay_cntvaluein_skew__lane0__dq0__ctrl_1__dqs_vs_dq_bit__value_ps,signed_dqs_minus_dq_bit,idelay_cntvaluein_skew,lane0,dq0,1,dqs_vs_dq_bit,27,13,-996.0,82.0,1012.0,-286.0,61.0,798.0,-21.0,0.487179,fail_lower,0.512821,-0.025641,overlap,0.0,0.240192
locked_abort2_vs_pass,skew,abs_ld_minus_cntvaluein_dq_median__idelay_ld_cntvaluein_skew__lane1__no_bit__ctrl_0__ld_vs_cntvaluein_dq_lane__value_ps,abs_ld_minus_cntvaluein_dq_median,idelay_ld_cntvaluein_skew,lane1,,0,ld_vs_cntvaluein_dq_lane,27,13,13.5,289.0,796.0,21.0,307.0,754.5,18.0,0.512821,fail_higher,0.512821,0.025641,overlap,0.0,0.240192
locked_abort2_vs_pass,direct,direct_max__dq_iologic__lane1__dq14__ctrl_none__endpoint__value_ps,direct_max,dq_iologic,lane1,dq14,,endpoint,27,13,1787.0,2276.0,2835.0,1919.0,2265.0,3355.0,-11.0,0.512821,fail_higher,0.512821,0.025641,overlap,0.0,0.240192
locked_abort2_vs_pass,skew,signed_dqs_minus_dq_bit__idelay_cntvaluein_skew__lane0__dq4__ctrl_4__dqs_vs_dq_bit__value_ps,signed_dqs_minus_dq_bit,idelay_cntvaluein_skew,lane0,dq4,4,dqs_vs_dq_bit,27,13,-957.0,12.0,1092.0,-474.0,-171.0,736.0,-183.0,0.511396,fail_higher,0.511396,0.022792,overlap,0.0,0.213504
locked_abort2_vs_pass,direct,direct_max__dq_iologic__lane1__dq8__ctrl_none__endpoint__value_ps,direct_max,dq_iologic,lane1,dq8,,endpoint,27,13,1605.0,2499.0,3509.0,1902.0,2365.0,3477.0,-134.0,0.488604,fail_lower,0.511396,-0.022792,overlap,0.0,0.213504
locked_abort2_vs_pass,direct,direct_max__idelay_ld__lane1__dq15__ctrl_none__endpoint__value_ps,direct_max,idelay_ld,lane1,dq15,,endpoint,27,13,672.0,1245.0,1496.0,820.0,1269.0,1511.0,24.0,0.488604,fail_lower,0.511396,-0.022792,overlap,0.0,0.213504
locked_abort2_vs_pass,direct,direct_max__dq_iologic__lane0__dq4__ctrl_none__endpoint__value_ps,direct_max,dq_iologic,lane0,dq4,,endpoint,27,13,1726.0,2036.0,3198.0,1695.0,2151.0,3368.0,115.0,0.509972,fail_higher,0.509972,0.019943,overlap,0.0,0.186816
locked_abort2_vs_pass,skew,signed_ld_minus_cntvaluein_dqs__idelay_ld_cntvaluein_skew__lane0__dqs0__ctrl_4__ld_vs_cntvaluein_dqs__value_ps,signed_ld_minus_cntvaluein_dqs,idelay_ld_cntvaluein_skew,lane0,dqs0,4,ld_vs_cntvaluein_dqs,27,13,-815.0,-170.0,661.0,-1135.0,-67.0,556.0,103.0,0.490028,fail_lower,0.509972,-0.019943,overlap,0.0,0.186816
locked_abort2_vs_pass,direct,direct_max__idelay_data_cntvaluein__lane0__dq2__ctrl_1__endpoint__value_ps,direct_max,idelay_data_cntvaluein,lane0,dq2,1,endpoint,27,13,859.0,1437.0,2513.0,1021.0,1516.0,2144.0,79.0,0.509972,fail_higher,0.509972,0.019943,overlap,0.0,0.186816
locked_abort2_vs_pass,skew,signed_dqs_minus_dq_bit__idelay_cntvaluein_skew__lane1__dq12__ctrl_1__dqs_vs_dq_bit__value_ps,signed_dqs_minus_dq_bit,idelay_cntvaluein_skew,lane1,dq12,1,dqs_vs_dq_bit,27,13,-865.0,71.0,1131.0,-392.0,13.0,1050.0,-58.0,0.509972,fail_higher,0.509972,0.019943,overlap,0.0,0.186816
locked_abort2_vs_pass,direct,direct_max__idelay_data_cntvaluein__lane0__dq3__ctrl_4__endpoint__value_ps,direct_max,idelay_data_cntvaluein,lane0,dq3,4,endpoint,27,13,781.0,1350.0,2073.0,889.0,1312.0,1898.0,-38.0,0.490028,fail_lower,0.509972,-0.019943,overlap,0.0,0.186816
locked_abort2_vs_pass,skew,abs_ld_dqs_minus_dq_median__idelay_ld_skew__lane0__dqs0__ctrl_none__dqs_vs_dq_lane__value_ps,abs_ld_dqs_minus_dq_median,idelay_ld_skew,lane0,dqs0,,dqs_vs_dq_lane,27,13,1.5,100.0,288.0,5.5,88.5,277.0,-11.5,0.490028,fail_lower,0.509972,-0.019943,overlap,0.0,0.186816
locked_abort2_vs_pass,skew,abs_ld_minus_cntvaluein_dq_median__idelay_ld_cntvaluein_skew__lane1__no_bit__ctrl_4__ld_vs_cntvaluein_dq_lane__value_ps,abs_ld_minus_cntvaluein_dq_median,idelay_ld_cntvaluein_skew,lane1,,4,ld_vs_cntvaluein_dq_lane,27,13,12.0,287.0,648.0,0.5,292.0,761.0,5.0,0.490028,fail_lower,0.509972,-0.019943,overlap,0.0,0.186816
locked_abort2_vs_pass,direct,direct_max__idelay_data_cntvaluein__lane0__dq7__ctrl_1__endpoint__value_ps,direct_max,idelay_data_cntvaluein,lane0,dq7,1,endpoint,27,13,907.0,1527.0,2604.0,1031.0,1606.0,2177.0,79.0,0.491453,fail_lower,0.508547,-0.017094,overlap,0.0,0.160128
locked_abort2_vs_pass,direct,direct_max__dq_iologic__lane0__dq3__ctrl_none__endpoint__value_ps,direct_max,dq_iologic,lane0,dq3,,endpoint,27,13,1973.0,2453.0,3448.0,2085.0,2461.0,3249.0,8.0,0.491453,fail_lower,0.508547,-0.017094,overlap,0.0,0.160128
locked_abort2_vs_pass,direct,direct_max__idelay_data_cntvaluein__lane0__dq4__ctrl_1__endpoint__value_ps,direct_max,idelay_data_cntvaluein,lane0,dq4,1,endpoint,27,13,939.0,1518.0,2510.0,939.0,1514.0,2138.0,-4.0,0.491453,fail_lower,0.508547,-0.017094,overlap,0.0,0.160128
locked_abort2_vs_pass,skew,signed_dqs_minus_dq_median__idelay_cntvaluein_skew__lane1__dqs1__ctrl_1__dqs_vs_dq_lane__value_ps,signed_dqs_minus_dq_median,idelay_cntvaluein_skew,lane1,dqs1,1,dqs_vs_dq_lane,27,13,-912.0,97.0,1172.5,-228.0,14.5,1136.0,-82.5,0.507123,fail_higher,0.507123,0.014245,overlap,0.0,0.13344
locked_abort2_vs_pass,skew,abs_dqs_minus_dq_bit__idelay_cntvaluein_skew__lane1__dq9__ctrl_0__dqs_vs_dq_bit__value_ps,abs_dqs_minus_dq_bit,idelay_cntvaluein_skew,lane1,dq9,0,dqs_vs_dq_bit,27,13,31.0,217.0,1127.0,20.0,149.0,801.0,-68.0,0.507123,fail_higher,0.507123,0.014245,overlap,0.0,0.13344
locked_abort2_vs_pass,direct,direct_max__idelay_dqs_cntvaluein__lane0__dqs0__ctrl_0__endpoint__value_ps,direct_max,idelay_dqs_cntvaluein,lane0,dqs0,0,endpoint,27,13,569.0,1470.0,1962.0,777.0,1498.0,2112.0,28.0,0.507123,fail_higher,0.507123,0.014245,overlap,0.0,0.13344
locked_abort2_vs_pass,skew,signed_ld_minus_cntvaluein_dq_median__idelay_ld_cntvaluein_skew__lane1__no_bit__ctrl_1__ld_vs_cntvaluein_dq_lane__value_ps,signed_ld_minus_cntvaluein_dq_median,idelay_ld_cntvaluein_skew,lane1,,1,ld_vs_cntvaluein_dq_lane,27,13,-626.5,175.5,732.0,-413.5,201.5,720.5,26.0,0.507123,fail_higher,0.507123,0.014245,overlap,0.0,0.13344
locked_abort2_vs_pass,skew,abs_dqs_minus_dq_bit__idelay_cntvaluein_skew__lane1__dq8__ctrl_0__dqs_vs_dq_bit__value_ps,abs_dqs_minus_dq_bit,idelay_cntvaluein_skew,lane1,dq8,0,dqs_vs_dq_bit,27,13,11.0,261.0,767.0,2.0,286.0,986.0,25.0,0.507123,fail_higher,0.507123,0.014245,overlap,0.0,0.13344
locked_abort2_vs_pass,skew,abs_lane1_minus_lane0_dqs__idelay_cntvaluein_skew__all__no_bit__ctrl_0__lane1_vs_lane0_dqs__value_ps,abs_lane1_minus_lane0_dqs,idelay_cntvaluein_skew,all,,0,lane1_vs_lane0_dqs,27,13,97.0,278.0,684.0,31.0,278.0,671.0,0.0,0.507123,fail_higher,0.507123,0.014245,overlap,0.0,0.13344
locked_abort2_vs_pass,direct,direct_max__idelay_data_cntvaluein__lane0__dq5__ctrl_4__endpoint__value_ps,direct_max,idelay_data_cntvaluein,lane0,dq5,4,endpoint,27,13,824.0,1388.0,2246.0,787.0,1399.0,1901.0,11.0,0.505698,fail_higher,0.505698,0.011396,overlap,0.0,0.106752
locked_abort2_vs_pass,skew,signed_lane1_minus_lane0_dqs__idelay_cntvaluein_skew__all__no_bit__ctrl_1__lane1_vs_lane0_dqs__value_ps,signed_lane1_minus_lane0_dqs,idelay_cntvaluein_skew,all,,1,lane1_vs_lane0_dqs,27,13,-523.0,-275.0,18.0,-420.0,-278.0,161.0,-3.0,0.494302,fail_lower,0.505698,-0.011396,overlap,0.0,0.106752
locked_abort2_vs_pass,direct,direct_max__idelay_data_cntvaluein__lane0__dq2__ctrl_4__endpoint__value_ps,direct_max,idelay_data_cntvaluein,lane0,dq2,4,endpoint,27,13,1034.0,1463.0,2361.0,796.0,1580.0,2028.0,117.0,0.504274,fail_higher,0.504274,0.008547,overlap,0.0,0.080064
locked_abort2_vs_pass,direct,direct_max__idelay_data_cntvaluein__lane1__dq14__ctrl_4__endpoint__value_ps,direct_max,idelay_data_cntvaluein,lane1,dq14,4,endpoint,27,13,559.0,1317.0,1868.0,648.0,1411.0,1743.0,94.0,0.504274,fail_higher,0.504274,0.008547,overlap,0.0,0.080064
locked_abort2_vs_pass,skew,signed_dqs_minus_dq_bit__idelay_cntvaluein_skew__lane0__dq1__ctrl_4__dqs_vs_dq_bit__value_ps,signed_dqs_minus_dq_bit,idelay_cntvaluein_skew,lane0,dq1,4,dqs_vs_dq_bit,27,13,-949.0,-8.0,1088.0,-466.0,-87.0,647.0,-79.0,0.504274,fail_higher,0.504274,0.008547,overlap,0.0,0.080064
locked_abort2_vs_pass,skew,signed_dqs_minus_dq_bit__idelay_cntvaluein_skew__lane1__dq14__ctrl_1__dqs_vs_dq_bit__value_ps,signed_dqs_minus_dq_bit,idelay_cntvaluein_skew,lane1,dq14,1,dqs_vs_dq_bit,27,13,-870.0,0.0,1040.0,-484.0,-77.0,1123.0,-77.0,0.495726,fail_lower,0.504274,-0.008547,overlap,0.0,0.080064
locked_abort2_vs_pass,skew,abs_ld_minus_cntvaluein_dq_median__idelay_ld_cntvaluein_skew__lane1__no_bit__ctrl_1__ld_vs_cntvaluein_dq_lane__value_ps,abs_ld_minus_cntvaluein_dq_median,idelay_ld_cntvaluein_skew,lane1,,1,ld_vs_cntvaluein_dq_lane,27,13,30.0,336.0,732.0,84.0,265.5,720.5,-70.5,0.495726,fail_lower,0.504274,-0.008547,overlap,0.0,0.080064
locked_abort2_vs_pass,skew,abs_dqs_minus_dq_median__idelay_cntvaluein_skew__lane0__dqs0__ctrl_0__dqs_vs_dq_lane__value_ps,abs_dqs_minus_dq_median,idelay_cntvaluein_skew,lane0,dqs0,0,dqs_vs_dq_lane,27,13,12.5,340.5,1469.5,73.5,294.5,786.5,-46.0,0.504274,fail_higher,0.504274,0.008547,overlap,0.0,0.080064
locked_abort2_vs_pass,skew,signed_dqs_minus_dq_bit__idelay_cntvaluein_skew__lane1__dq13__ctrl_1__dqs_vs_dq_bit__value_ps,signed_dqs_minus_dq_bit,idelay_cntvaluein_skew,lane1,dq13,1,dqs_vs_dq_bit,27,13,-1045.0,57.0,1089.0,-203.0,24.0,1138.0,-33.0,0.495726,fail_lower,0.504274,-0.008547,overlap,0.0,0.080064
locked_abort2_vs_pass,skew,signed_dqs_minus_dq_bit__idelay_cntvaluein_skew__lane0__dq1__ctrl_1__dqs_vs_dq_bit__value_ps,signed_dqs_minus_dq_bit,idelay_cntvaluein_skew,lane0,dq1,1,dqs_vs_dq_bit,27,13,-1089.0,22.0,929.0,-376.0,-21.0,885.0,-43.0,0.502849,fail_higher,0.502849,0.005698,overlap,0.0,0.053376
locked_abort2_vs_pass,direct,direct_max__idelay_dqs_cntvaluein__lane1__dqs1__ctrl_0__endpoint__value_ps,direct_max,idelay_dqs_cntvaluein,lane1,dqs1,0,endpoint,27,13,597.0,1294.0,1613.0,569.0,1259.0,1708.0,-35.0,0.502849,fail_higher,0.502849,0.005698,overlap,0.0,0.053376
locked_abort2_vs_pass,skew,abs_dqs_minus_dq_bit__idelay_cntvaluein_skew__lane0__dq3__ctrl_0__dqs_vs_dq_bit__value_ps,abs_dqs_minus_dq_bit,idelay_cntvaluein_skew,lane0,dq3,0,dqs_vs_dq_bit,27,13,0.0,339.0,982.0,0.0,316.0,785.0,-23.0,0.497151,fail_lower,0.502849,-0.005698,overlap,0.0,0.053376
locked_abort2_vs_pass,direct,direct_max__idelay_ld__lane0__dq7__ctrl_none__endpoint__value_ps,direct_max,idelay_ld,lane0,dq7,,endpoint,27,13,1207.0,1557.0,2058.0,1240.0,1570.0,2015.0,13.0,0.502849,fail_higher,0.502849,0.005698,overlap,0.0,0.053376
locked_abort2_vs_pass,direct,direct_max__dq_iologic__lane0__dq2__ctrl_none__endpoint__value_ps,direct_max,dq_iologic,lane0,dq2,,endpoint,27,13,1661.0,2158.0,3233.0,1725.0,2019.0,3285.0,-139.0,0.501425,fail_higher,0.501425,0.002849,overlap,0.0,0.026688
locked_abort2_vs_pass,skew,signed_ld_minus_cntvaluein_dq_median__idelay_ld_cntvaluein_skew__lane1__no_bit__ctrl_4__ld_vs_cntvaluein_dq_lane__value_ps,signed_ld_minus_cntvaluein_dq_median,idelay_ld_cntvaluein_skew,lane1,,4,ld_vs_cntvaluein_dq_lane,27,13,-606.0,206.5,648.0,-385.5,72.0,761.0,-134.5,0.501425,fail_higher,0.501425,0.002849,overlap,0.0,0.026688
locked_abort2_vs_pass,direct,direct_max__idelay_data_cntvaluein__lane1__dq12__ctrl_4__endpoint__value_ps,direct_max,idelay_data_cntvaluein,lane1,dq12,4,endpoint,27,13,709.0,1317.0,1850.0,680.0,1391.0,1797.0,74.0,0.498575,fail_lower,0.501425,-0.002849,overlap,0.0,0.026688
locked_abort2_vs_pass,direct,direct_max__idelay_data_cntvaluein__lane1__dq9__ctrl_1__endpoint__value_ps,direct_max,idelay_data_cntvaluein,lane1,dq9,1,endpoint,27,13,423.0,1174.0,1754.0,499.0,1101.0,1718.0,-73.0,0.501425,fail_higher,0.501425,0.002849,overlap,0.0,0.026688
locked_abort2_vs_pass,skew,signed_dqs_minus_dq_bit__idelay_cntvaluein_skew__lane0__dq7__ctrl_4__dqs_vs_dq_bit__value_ps,signed_dqs_minus_dq_bit,idelay_cntvaluein_skew,lane0,dq7,4,dqs_vs_dq_bit,27,13,-1126.0,-117.0,917.0,-650.0,-189.0,563.0,-72.0,0.501425,fail_higher,0.501425,0.002849,overlap,0.0,0.026688
locked_abort2_vs_pass,direct,direct_max__dq_iologic__lane1__dq9__ctrl_none__endpoint__value_ps,direct_max,dq_iologic,lane1,dq9,,endpoint,27,13,1861.0,2209.0,3151.0,1758.0,2276.0,2895.0,67.0,0.501425,fail_higher,0.501425,0.002849,overlap,0.0,0.026688
locked_abort2_vs_pass,skew,signed_dqs_minus_dq_bit__idelay_cntvaluein_skew__lane0__dq0__ctrl_4__dqs_vs_dq_bit__value_ps,signed_dqs_minus_dq_bit,idelay_cntvaluein_skew,lane0,dq0,4,dqs_vs_dq_bit,27,13,-863.0,28.0,1092.0,-379.0,-31.0,662.0,-59.0,0.498575,fail_lower,0.501425,-0.002849,overlap,0.0,0.026688
locked_abort2_vs_pass,direct,lane_spread__dq_iologic__lane1__no_bit__ctrl_none__lane__value_ps,lane_spread,dq_iologic,lane1,,,lane,27,13,2036.0,2651.0,3509.0,2204.0,2743.0,3477.0,92.0,0.5,fail_higher,0.5,0.0,overlap,0.0,0.0
locked_abort2_vs_pass,skew,dq_bus_skew_range__idelay_cntvaluein_skew__lane0__no_bit__ctrl_none__dq_lane_bus_skew__value_ps,dq_bus_skew_range,idelay_cntvaluein_skew,lane0,,,dq_lane_bus_skew,27,13,163.0,359.0,778.0,210.0,381.0,594.0,22.0,0.5,fail_higher,0.5,0.0,overlap,0.0,0.0
locked_abort2_vs_pass,direct,control_fanout_spread__idelay_dqs_cntvaluein__lane0__no_bit__ctrl_0__lane_control_bit__value_ps,control_fanout_spread,idelay_dqs_cntvaluein,lane0,,0,lane_control_bit,27,13,0.0,0.0,0.0,0.0,0.0,0.0,0.0,0.5,fail_higher,0.5,0.0,overlap,0.0,0.0
locked_abort2_vs_pass,direct,control_fanout_spread__idelay_dqs_cntvaluein__lane0__no_bit__ctrl_1__lane_control_bit__value_ps,control_fanout_spread,idelay_dqs_cntvaluein,lane0,,1,lane_control_bit,27,13,0.0,0.0,0.0,0.0,0.0,0.0,0.0,0.5,fail_higher,0.5,0.0,overlap,0.0,0.0
locked_abort2_vs_pass,direct,control_fanout_spread__idelay_dqs_cntvaluein__lane0__no_bit__ctrl_2__lane_control_bit__value_ps,control_fanout_spread,idelay_dqs_cntvaluein,lane0,,2,lane_control_bit,27,13,0.0,0.0,0.0,0.0,0.0,0.0,0.0,0.5,fail_higher,0.5,0.0,overlap,0.0,0.0
locked_abort2_vs_pass,direct,control_fanout_spread__idelay_dqs_cntvaluein__lane0__no_bit__ctrl_3__lane_control_bit__value_ps,control_fanout_spread,idelay_dqs_cntvaluein,lane0,,3,lane_control_bit,27,13,0.0,0.0,0.0,0.0,0.0,0.0,0.0,0.5,fail_higher,0.5,0.0,overlap,0.0,0.0
locked_abort2_vs_pass,direct,control_fanout_spread__idelay_dqs_cntvaluein__lane0__no_bit__ctrl_4__lane_control_bit__value_ps,control_fanout_spread,idelay_dqs_cntvaluein,lane0,,4,lane_control_bit,27,13,0.0,0.0,0.0,0.0,0.0,0.0,0.0,0.5,fail_higher,0.5,0.0,overlap,0.0,0.0
locked_abort2_vs_pass,direct,control_fanout_spread__idelay_dqs_cntvaluein__lane1__no_bit__ctrl_0__lane_control_bit__value_ps,control_fanout_spread,idelay_dqs_cntvaluein,lane1,,0,lane_control_bit,27,13,0.0,0.0,0.0,0.0,0.0,0.0,0.0,0.5,fail_higher,0.5,0.0,overlap,0.0,0.0
locked_abort2_vs_pass,direct,control_fanout_spread__idelay_dqs_cntvaluein__lane1__no_bit__ctrl_1__lane_control_bit__value_ps,control_fanout_spread,idelay_dqs_cntvaluein,lane1,,1,lane_control_bit,27,13,0.0,0.0,0.0,0.0,0.0,0.0,0.0,0.5,fail_higher,0.5,0.0,overlap,0.0,0.0
locked_abort2_vs_pass,direct,control_fanout_spread__idelay_dqs_cntvaluein__lane1__no_bit__ctrl_2__lane_control_bit__value_ps,control_fanout_spread,idelay_dqs_cntvaluein,lane1,,2,lane_control_bit,27,13,0.0,0.0,0.0,0.0,0.0,0.0,0.0,0.5,fail_higher,0.5,0.0,overlap,0.0,0.0
locked_abort2_vs_pass,direct,control_fanout_spread__idelay_dqs_cntvaluein__lane1__no_bit__ctrl_3__lane_control_bit__value_ps,control_fanout_spread,idelay_dqs_cntvaluein,lane1,,3,lane_control_bit,27,13,0.0,0.0,0.0,0.0,0.0,0.0,0.0,0.5,fail_higher,0.5,0.0,overlap,0.0,0.0
locked_abort2_vs_pass,direct,control_fanout_spread__idelay_dqs_cntvaluein__lane1__no_bit__ctrl_4__lane_control_bit__value_ps,control_fanout_spread,idelay_dqs_cntvaluein,lane1,,4,lane_control_bit,27,13,0.0,0.0,0.0,0.0,0.0,0.0,0.0,0.5,fail_higher,0.5,0.0,overlap,0.0,0.0
locked_abort2_vs_pass,direct,direct_max__clocking__lane0__dq0__ctrl_none__endpoint__value_ps,direct_max,clocking,lane0,dq0,,endpoint,27,13,1314.0,1314.0,1314.0,1314.0,1314.0,1314.0,0.0,0.5,fail_higher,0.5,0.0,overlap,0.0,0.0
locked_abort2_vs_pass,direct,direct_max__clocking__lane0__dq1__ctrl_none__endpoint__value_ps,direct_max,clocking,lane0,dq1,,endpoint,27,13,1314.0,1314.0,1314.0,1314.0,1314.0,1314.0,0.0,0.5,fail_higher,0.5,0.0,overlap,0.0,0.0
locked_abort2_vs_pass,direct,direct_max__clocking__lane0__dq2__ctrl_none__endpoint__value_ps,direct_max,clocking,lane0,dq2,,endpoint,27,13,1314.0,1314.0,1314.0,1314.0,1314.0,1314.0,0.0,0.5,fail_higher,0.5,0.0,overlap,0.0,0.0
locked_abort2_vs_pass,direct,direct_max__clocking__lane0__dq3__ctrl_none__endpoint__value_ps,direct_max,clocking,lane0,dq3,,endpoint,27,13,1314.0,1314.0,1314.0,1314.0,1314.0,1314.0,0.0,0.5,fail_higher,0.5,0.0,overlap,0.0,0.0
locked_abort2_vs_pass,direct,direct_max__clocking__lane0__dq4__ctrl_none__endpoint__value_ps,direct_max,clocking,lane0,dq4,,endpoint,27,13,1314.0,1314.0,1314.0,1314.0,1314.0,1314.0,0.0,0.5,fail_higher,0.5,0.0,overlap,0.0,0.0
locked_abort2_vs_pass,direct,direct_max__clocking__lane0__dq5__ctrl_none__endpoint__value_ps,direct_max,clocking,lane0,dq5,,endpoint,27,13,1314.0,1314.0,1314.0,1314.0,1314.0,1314.0,0.0,0.5,fail_higher,0.5,0.0,overlap,0.0,0.0
locked_abort2_vs_pass,direct,direct_max__clocking__lane0__dq6__ctrl_none__endpoint__value_ps,direct_max,clocking,lane0,dq6,,endpoint,27,13,1314.0,1314.0,1314.0,1314.0,1314.0,1314.0,0.0,0.5,fail_higher,0.5,0.0,overlap,0.0,0.0
locked_abort2_vs_pass,direct,direct_max__clocking__lane0__dq7__ctrl_none__endpoint__value_ps,direct_max,clocking,lane0,dq7,,endpoint,27,13,1314.0,1314.0,1314.0,1314.0,1314.0,1314.0,0.0,0.5,fail_higher,0.5,0.0,overlap,0.0,0.0
locked_abort2_vs_pass,direct,direct_max__clocking__lane0__dqs0__ctrl_none__endpoint__value_ps,direct_max,clocking,lane0,dqs0,,endpoint,27,13,1279.0,1279.0,1279.0,1279.0,1279.0,1279.0,0.0,0.5,fail_higher,0.5,0.0,overlap,0.0,0.0
locked_abort2_vs_pass,direct,direct_max__clocking__lane1__dq10__ctrl_none__endpoint__value_ps,direct_max,clocking,lane1,dq10,,endpoint,27,13,1314.0,1314.0,1314.0,1314.0,1314.0,1314.0,0.0,0.5,fail_higher,0.5,0.0,overlap,0.0,0.0
locked_abort2_vs_pass,direct,direct_max__clocking__lane1__dq11__ctrl_none__endpoint__value_ps,direct_max,clocking,lane1,dq11,,endpoint,27,13,1314.0,1314.0,1314.0,1314.0,1314.0,1314.0,0.0,0.5,fail_higher,0.5,0.0,overlap,0.0,0.0
locked_abort2_vs_pass,direct,direct_max__clocking__lane1__dq12__ctrl_none__endpoint__value_ps,direct_max,clocking,lane1,dq12,,endpoint,27,13,1314.0,1314.0,1314.0,1314.0,1314.0,1314.0,0.0,0.5,fail_higher,0.5,0.0,overlap,0.0,0.0
locked_abort2_vs_pass,direct,direct_max__clocking__lane1__dq13__ctrl_none__endpoint__value_ps,direct_max,clocking,lane1,dq13,,endpoint,27,13,1314.0,1314.0,1314.0,1314.0,1314.0,1314.0,0.0,0.5,fail_higher,0.5,0.0,overlap,0.0,0.0
locked_abort2_vs_pass,direct,direct_max__clocking__lane1__dq14__ctrl_none__endpoint__value_ps,direct_max,clocking,lane1,dq14,,endpoint,27,13,1314.0,1314.0,1314.0,1314.0,1314.0,1314.0,0.0,0.5,fail_higher,0.5,0.0,overlap,0.0,0.0
locked_abort2_vs_pass,direct,direct_max__clocking__lane1__dq15__ctrl_none__endpoint__value_ps,direct_max,clocking,lane1,dq15,,endpoint,27,13,1314.0,1314.0,1314.0,1314.0,1314.0,1314.0,0.0,0.5,fail_higher,0.5,0.0,overlap,0.0,0.0
locked_abort2_vs_pass,direct,direct_max__clocking__lane1__dq8__ctrl_none__endpoint__value_ps,direct_max,clocking,lane1,dq8,,endpoint,27,13,1314.0,1314.0,1314.0,1314.0,1314.0,1314.0,0.0,0.5,fail_higher,0.5,0.0,overlap,0.0,0.0
locked_abort2_vs_pass,direct,direct_max__clocking__lane1__dq9__ctrl_none__endpoint__value_ps,direct_max,clocking,lane1,dq9,,endpoint,27,13,1314.0,1314.0,1314.0,1314.0,1314.0,1314.0,0.0,0.5,fail_higher,0.5,0.0,overlap,0.0,0.0
locked_abort2_vs_pass,direct,direct_max__clocking__lane1__dqs1__ctrl_none__endpoint__value_ps,direct_max,clocking,lane1,dqs1,,endpoint,27,13,1279.0,1279.0,1279.0,1279.0,1279.0,1279.0,0.0,0.5,fail_higher,0.5,0.0,overlap,0.0,0.0
locked_abort2_vs_pass,direct,lane_spread__clocking__lane0__no_bit__ctrl_none__lane__value_ps,lane_spread,clocking,lane0,,,lane,27,13,135.0,135.0,135.0,135.0,135.0,135.0,0.0,0.5,fail_higher,0.5,0.0,overlap,0.0,0.0
locked_abort2_vs_pass,direct,lane_spread__clocking__lane1__no_bit__ctrl_none__lane__value_ps,lane_spread,clocking,lane1,,,lane,27,13,135.0,135.0,135.0,135.0,135.0,135.0,0.0,0.5,fail_higher,0.5,0.0,overlap,0.0,0.0
locked_abort2_vs_pass,skew,dq_lane_range__clocking_skew__lane0__no_bit__ctrl_none__dq_lane__value_ps,dq_lane_range,clocking_skew,lane0,,,dq_lane,27,13,0.0,0.0,0.0,0.0,0.0,0.0,0.0,0.5,fail_higher,0.5,0.0,overlap,0.0,0.0
locked_abort2_vs_pass,skew,signed_dqs_minus_dq_median__clocking_skew__lane0__dqs0__ctrl_none__dqs_vs_dq_lane__value_ps,signed_dqs_minus_dq_median,clocking_skew,lane0,dqs0,,dqs_vs_dq_lane,27,13,-35.0,-35.0,-35.0,-35.0,-35.0,-35.0,0.0,0.5,fail_higher,0.5,0.0,overlap,0.0,0.0
locked_abort2_vs_pass,skew,abs_dqs_minus_dq_median__clocking_skew__lane0__dqs0__ctrl_none__dqs_vs_dq_lane__value_ps,abs_dqs_minus_dq_median,clocking_skew,lane0,dqs0,,dqs_vs_dq_lane,27,13,35.0,35.0,35.0,35.0,35.0,35.0,0.0,0.5,fail_higher,0.5,0.0,overlap,0.0,0.0
locked_abort2_vs_pass,skew,dq_lane_range__clocking_skew__lane1__no_bit__ctrl_none__dq_lane__value_ps,dq_lane_range,clocking_skew,lane1,,,dq_lane,27,13,0.0,0.0,0.0,0.0,0.0,0.0,0.0,0.5,fail_higher,0.5,0.0,overlap,0.0,0.0
locked_abort2_vs_pass,skew,signed_dqs_minus_dq_median__clocking_skew__lane1__dqs1__ctrl_none__dqs_vs_dq_lane__value_ps,signed_dqs_minus_dq_median,clocking_skew,lane1,dqs1,,dqs_vs_dq_lane,27,13,-35.0,-35.0,-35.0,-35.0,-35.0,-35.0,0.0,0.5,fail_higher,0.5,0.0,overlap,0.0,0.0
locked_abort2_vs_pass,skew,abs_dqs_minus_dq_median__clocking_skew__lane1__dqs1__ctrl_none__dqs_vs_dq_lane__value_ps,abs_dqs_minus_dq_median,clocking_skew,lane1,dqs1,,dqs_vs_dq_lane,27,13,35.0,35.0,35.0,35.0,35.0,35.0,0.0,0.5,fail_higher,0.5,0.0,overlap,0.0,0.0
