comparison,feature_layer,feature,metric,family,lane,bit,control_bit,scope,n_pass,n_fail,pass_min_ps,pass_median_ps,pass_max_ps,fail_min_ps,fail_median_ps,fail_max_ps,fail_minus_pass_median_ps,auc_fail_higher,auc_best_direction,auc_best,cliffs_delta_fail_higher,strict_separation,strict_margin_ps,support_score
baseline_seed_31_60,skew,abs_dqs_minus_dq_bit__idelay_cntvaluein_skew__lane1__dq15__ctrl_0__dqs_vs_dq_bit__value_ps,abs_dqs_minus_dq_bit,idelay_cntvaluein_skew,lane1,dq15,0,dqs_vs_dq_bit,14,16,43.0,250.0,751.0,10.0,78.5,711.0,-171.5,0.214286,fail_lower,0.785714,-0.571429,overlap,0.0,4.27618
baseline_seed_31_60,direct,direct_max__idelay_data_cntvaluein__lane0__dq6__ctrl_2__endpoint__value_ps,direct_max,idelay_data_cntvaluein,lane0,dq6,2,endpoint,14,16,1317.0,1872.0,2401.0,1205.0,1623.5,2335.0,-248.5,0.245536,fail_lower,0.754464,-0.508929,overlap,0.0,3.808473
baseline_seed_31_60,skew,signed_lane1_minus_lane0_dqs__idelay_cntvaluein_skew__all__no_bit__ctrl_4__lane1_vs_lane0_dqs__value_ps,signed_lane1_minus_lane0_dqs,idelay_cntvaluein_skew,all,,4,lane1_vs_lane0_dqs,14,16,-583.0,-284.0,0.0,-556.0,-193.0,33.0,91.0,0.752232,fail_higher,0.752232,0.504464,overlap,0.0,3.775065
baseline_seed_31_60,direct,direct_max__idelay_data_cntvaluein__lane0__dq1__ctrl_2__endpoint__value_ps,direct_max,idelay_data_cntvaluein,lane0,dq1,2,endpoint,14,16,1388.0,1896.5,2415.0,1269.0,1548.0,2210.0,-348.5,0.25,fail_lower,0.75,-0.5,overlap,0.0,3.741657
baseline_seed_31_60,skew,abs_lane1_minus_lane0_dqs__idelay_cntvaluein_skew__all__no_bit__ctrl_4__lane1_vs_lane0_dqs__value_ps,abs_lane1_minus_lane0_dqs,idelay_cntvaluein_skew,all,,4,lane1_vs_lane0_dqs,14,16,0.0,284.0,583.0,0.0,193.0,556.0,-91.0,0.252232,fail_lower,0.747768,-0.495536,overlap,0.0,3.70825
baseline_seed_31_60,skew,signed_ld_minus_cntvaluein_dqs__idelay_ld_cntvaluein_skew__lane0__dqs0__ctrl_4__ld_vs_cntvaluein_dqs__value_ps,signed_ld_minus_cntvaluein_dqs,idelay_ld_cntvaluein_skew,lane0,dqs0,4,ld_vs_cntvaluein_dqs,14,16,-331.0,-137.5,761.0,-1041.0,204.5,1171.0,342.0,0.745536,fail_higher,0.745536,0.491071,overlap,0.0,3.674842
baseline_seed_31_60,skew,abs_dqs_minus_dq_bit__idelay_cntvaluein_skew__lane0__dq2__ctrl_4__dqs_vs_dq_bit__value_ps,abs_dqs_minus_dq_bit,idelay_cntvaluein_skew,lane0,dq2,4,dqs_vs_dq_bit,14,16,1.0,155.0,610.0,8.0,356.0,1219.0,201.0,0.736607,fail_higher,0.736607,0.473214,overlap,0.0,3.541211
baseline_seed_31_60,direct,cntvaluein_bus_skew__idelay_data_cntvaluein__lane1__dq9__ctrl_none__dq9__value_ps,cntvaluein_bus_skew,idelay_data_cntvaluein,lane1,dq9,,dq9,14,16,227.0,425.0,827.0,130.0,359.0,1028.0,-66.0,0.265625,fail_lower,0.734375,-0.46875,overlap,0.0,3.507804
baseline_seed_31_60,skew,abs_dqs_minus_dq_bit__idelay_cntvaluein_skew__lane1__dq10__ctrl_4__dqs_vs_dq_bit__value_ps,abs_dqs_minus_dq_bit,idelay_cntvaluein_skew,lane1,dq10,4,dqs_vs_dq_bit,14,16,15.0,144.0,639.0,71.0,301.5,635.0,157.5,0.732143,fail_higher,0.732143,0.464286,overlap,0.0,3.474396
baseline_seed_31_60,direct,direct_max__idelay_data_cntvaluein__lane0__dq7__ctrl_2__endpoint__value_ps,direct_max,idelay_data_cntvaluein,lane0,dq7,2,endpoint,14,16,1236.0,2031.0,2316.0,1292.0,1629.5,2325.0,-401.5,0.272321,fail_lower,0.727679,-0.455357,overlap,0.0,3.407581
baseline_seed_31_60,skew,signed_ld_minus_cntvaluein_dq_median__idelay_ld_cntvaluein_skew__lane0__no_bit__ctrl_2__ld_vs_cntvaluein_dq_lane__value_ps,signed_ld_minus_cntvaluein_dq_median,idelay_ld_cntvaluein_skew,lane0,,2,ld_vs_cntvaluein_dq_lane,14,16,-799.5,-220.25,360.0,-645.0,157.5,835.5,377.75,0.727679,fail_higher,0.727679,0.455357,overlap,0.0,3.407581
baseline_seed_31_60,skew,signed_dqs_minus_dq_bit__idelay_cntvaluein_skew__lane0__dq6__ctrl_0__dqs_vs_dq_bit__value_ps,signed_dqs_minus_dq_bit,idelay_cntvaluein_skew,lane0,dq6,0,dqs_vs_dq_bit,14,16,-837.0,12.0,856.0,-859.0,-314.0,185.0,-326.0,0.276786,fail_lower,0.723214,-0.446429,overlap,0.0,3.340766
baseline_seed_31_60,skew,abs_ld_minus_cntvaluein_dqs__idelay_ld_cntvaluein_skew__lane1__dqs1__ctrl_3__ld_vs_cntvaluein_dqs__value_ps,abs_ld_minus_cntvaluein_dqs,idelay_ld_cntvaluein_skew,lane1,dqs1,3,ld_vs_cntvaluein_dqs,14,16,13.0,94.5,1344.0,38.0,239.0,846.0,144.5,0.723214,fail_higher,0.723214,0.446429,overlap,0.0,3.340766
baseline_seed_31_60,direct,cntvaluein_bus_skew__idelay_data_cntvaluein__lane1__dq8__ctrl_none__dq8__value_ps,cntvaluein_bus_skew,idelay_data_cntvaluein,lane1,dq8,,dq8,14,16,222.0,628.5,912.0,165.0,422.5,806.0,-206.0,0.28125,fail_lower,0.71875,-0.4375,overlap,0.0,3.27395
baseline_seed_31_60,skew,abs_dqs_minus_dq_bit__idelay_cntvaluein_skew__lane1__dq9__ctrl_0__dqs_vs_dq_bit__value_ps,abs_dqs_minus_dq_bit,idelay_cntvaluein_skew,lane1,dq9,0,dqs_vs_dq_bit,14,16,21.0,247.0,746.0,20.0,119.5,716.0,-127.5,0.28125,fail_lower,0.71875,-0.4375,overlap,0.0,3.27395
baseline_seed_31_60,direct,direct_max__idelay_data_cntvaluein__lane0__dq0__ctrl_2__endpoint__value_ps,direct_max,idelay_data_cntvaluein,lane0,dq0,2,endpoint,14,16,1335.0,1868.0,2240.0,1286.0,1549.5,2220.0,-318.5,0.283482,fail_lower,0.716518,-0.433036,overlap,0.0,3.240543
baseline_seed_31_60,skew,abs_dqs_minus_dq_bit__idelay_cntvaluein_skew__lane0__dq0__ctrl_4__dqs_vs_dq_bit__value_ps,abs_dqs_minus_dq_bit,idelay_cntvaluein_skew,lane0,dq0,4,dqs_vs_dq_bit,14,16,31.0,231.5,651.0,0.0,473.0,1066.0,241.5,0.716518,fail_higher,0.716518,0.433036,overlap,0.0,3.240543
baseline_seed_31_60,skew,signed_dqs_minus_dq_bit__idelay_cntvaluein_skew__lane0__dq7__ctrl_0__dqs_vs_dq_bit__value_ps,signed_dqs_minus_dq_bit,idelay_cntvaluein_skew,lane0,dq7,0,dqs_vs_dq_bit,14,16,-807.0,-25.5,777.0,-976.0,-315.5,192.0,-290.0,0.285714,fail_lower,0.714286,-0.428571,overlap,0.0,3.207135
baseline_seed_31_60,direct,direct_max__idelay_data_cntvaluein__lane1__dq11__ctrl_2__endpoint__value_ps,direct_max,idelay_data_cntvaluein,lane1,dq11,2,endpoint,14,16,961.0,1521.0,1996.0,892.0,1291.5,2042.0,-229.5,0.285714,fail_lower,0.714286,-0.428571,overlap,0.0,3.207135
baseline_seed_31_60,skew,signed_lane1_minus_lane0_dqs__idelay_cntvaluein_skew__all__no_bit__ctrl_1__lane1_vs_lane0_dqs__value_ps,signed_lane1_minus_lane0_dqs,idelay_cntvaluein_skew,all,,1,lane1_vs_lane0_dqs,14,16,-356.0,-152.5,76.0,-583.0,-266.0,-15.0,-113.5,0.296875,fail_lower,0.703125,-0.40625,overlap,0.0,3.040097
baseline_seed_31_60,direct,direct_max__idelay_data_cntvaluein__lane0__dq2__ctrl_2__endpoint__value_ps,direct_max,idelay_data_cntvaluein,lane0,dq2,2,endpoint,14,16,1248.0,1967.5,2233.0,1202.0,1636.5,2240.0,-331.0,0.299107,fail_lower,0.700893,-0.401786,overlap,0.0,3.006689
baseline_seed_31_60,direct,control_fanout_spread__idelay_data_cntvaluein__lane1__no_bit__ctrl_2__lane_control_bit__value_ps,control_fanout_spread,idelay_data_cntvaluein,lane1,,2,lane_control_bit,14,16,158.0,438.0,700.0,209.0,347.0,621.0,-91.0,0.301339,fail_lower,0.698661,-0.397321,overlap,0.0,2.973281
baseline_seed_31_60,skew,dq_lane_range__idelay_cntvaluein_skew__lane1__no_bit__ctrl_2__dq_lane__value_ps,dq_lane_range,idelay_cntvaluein_skew,lane1,,2,dq_lane,14,16,158.0,438.0,700.0,209.0,347.0,621.0,-91.0,0.301339,fail_lower,0.698661,-0.397321,overlap,0.0,2.973281
baseline_seed_31_60,direct,direct_max__idelay_data_cntvaluein__lane1__dq13__ctrl_2__endpoint__value_ps,direct_max,idelay_data_cntvaluein,lane1,dq13,2,endpoint,14,16,1041.0,1476.0,1995.0,805.0,1331.5,1955.0,-144.5,0.303571,fail_lower,0.696429,-0.392857,overlap,0.0,2.939874
baseline_seed_31_60,skew,signed_ld_minus_cntvaluein_dq_median__idelay_ld_cntvaluein_skew__lane1__no_bit__ctrl_2__ld_vs_cntvaluein_dq_lane__value_ps,signed_ld_minus_cntvaluein_dq_median,idelay_ld_cntvaluein_skew,lane1,,2,ld_vs_cntvaluein_dq_lane,14,16,-513.0,-29.25,448.0,-701.5,154.0,539.0,183.25,0.691964,fail_higher,0.691964,0.383929,overlap,0.0,2.873058
baseline_seed_31_60,direct,direct_max__idelay_data_cntvaluein__lane0__dq4__ctrl_2__endpoint__value_ps,direct_max,idelay_data_cntvaluein,lane0,dq4,2,endpoint,14,16,1330.0,1947.0,2323.0,1284.0,1679.5,2190.0,-267.5,0.310268,fail_lower,0.689732,-0.379464,overlap,0.0,2.839651
baseline_seed_31_60,skew,signed_dqs_minus_dq_bit__idelay_cntvaluein_skew__lane0__dq5__ctrl_0__dqs_vs_dq_bit__value_ps,signed_dqs_minus_dq_bit,idelay_cntvaluein_skew,lane0,dq5,0,dqs_vs_dq_bit,14,16,-750.0,80.0,888.0,-592.0,-251.0,456.0,-331.0,0.3125,fail_lower,0.6875,-0.375,overlap,0.0,2.806243
baseline_seed_31_60,skew,signed_dqs_minus_dq_bit__idelay_cntvaluein_skew__lane0__dq3__ctrl_0__dqs_vs_dq_bit__value_ps,signed_dqs_minus_dq_bit,idelay_cntvaluein_skew,lane0,dq3,0,dqs_vs_dq_bit,14,16,-661.0,166.5,895.0,-601.0,-145.5,540.0,-312.0,0.3125,fail_lower,0.6875,-0.375,overlap,0.0,2.806243
baseline_seed_31_60,skew,abs_dqs_minus_dq_median__idelay_cntvaluein_skew__lane0__dqs0__ctrl_4__dqs_vs_dq_lane__value_ps,abs_dqs_minus_dq_median,idelay_cntvaluein_skew,lane0,dqs0,4,dqs_vs_dq_lane,14,16,15.5,242.0,611.5,7.0,439.5,1108.0,197.5,0.6875,fail_higher,0.6875,0.375,overlap,0.0,2.806243
baseline_seed_31_60,skew,ld_dq_lane_range__idelay_ld_skew__lane1__no_bit__ctrl_none__dq_lane__value_ps,ld_dq_lane_range,idelay_ld_skew,lane1,,,dq_lane,14,16,175.0,237.0,610.0,240.0,350.5,732.0,113.5,0.6875,fail_higher,0.6875,0.375,overlap,0.0,2.806243
baseline_seed_31_60,skew,signed_dqs_minus_dq_bit__idelay_cntvaluein_skew__lane0__dq2__ctrl_2__dqs_vs_dq_bit__value_ps,signed_dqs_minus_dq_bit,idelay_cntvaluein_skew,lane0,dq2,2,dqs_vs_dq_bit,14,16,-970.0,-446.5,643.0,-651.0,-53.0,1014.0,393.5,0.683036,fail_higher,0.683036,0.366071,overlap,0.0,2.739428
baseline_seed_31_60,direct,lane_spread__idelay_data_cntvaluein__lane1__no_bit__ctrl_none__lane__value_ps,lane_spread,idelay_data_cntvaluein,lane1,,,lane,14,16,595.0,969.5,1180.0,435.0,783.5,1028.0,-186.0,0.316964,fail_lower,0.683036,-0.366071,overlap,0.0,2.739428
baseline_seed_31_60,skew,abs_dqs_minus_dq_bit__idelay_cntvaluein_skew__lane0__dq4__ctrl_4__dqs_vs_dq_bit__value_ps,abs_dqs_minus_dq_bit,idelay_cntvaluein_skew,lane0,dq4,4,dqs_vs_dq_bit,14,16,62.0,255.5,825.0,38.0,439.5,1227.0,184.0,0.683036,fail_higher,0.683036,0.366071,overlap,0.0,2.739428
baseline_seed_31_60,skew,abs_lane1_minus_lane0_dqs__idelay_cntvaluein_skew__all__no_bit__ctrl_1__lane1_vs_lane0_dqs__value_ps,abs_lane1_minus_lane0_dqs,idelay_cntvaluein_skew,all,,1,lane1_vs_lane0_dqs,14,16,0.0,152.5,356.0,15.0,266.0,583.0,113.5,0.683036,fail_higher,0.683036,0.366071,overlap,0.0,2.739428
baseline_seed_31_60,skew,signed_dqs_minus_dq_bit__idelay_cntvaluein_skew__lane0__dq2__ctrl_0__dqs_vs_dq_bit__value_ps,signed_dqs_minus_dq_bit,idelay_cntvaluein_skew,lane0,dq2,0,dqs_vs_dq_bit,14,16,-806.0,-193.0,721.0,-901.0,-361.5,280.0,-168.5,0.319196,fail_lower,0.680804,-0.361607,overlap,0.0,2.70602
baseline_seed_31_60,direct,direct_max__idelay_data_cntvaluein__lane1__dq9__ctrl_4__endpoint__value_ps,direct_max,idelay_data_cntvaluein,lane1,dq9,4,endpoint,14,16,912.0,1199.5,1572.0,633.0,1281.5,1662.0,82.0,0.680804,fail_higher,0.680804,0.361607,overlap,0.0,2.70602
baseline_seed_31_60,direct,direct_max__idelay_data_cntvaluein__lane1__dq10__ctrl_2__endpoint__value_ps,direct_max,idelay_data_cntvaluein,lane1,dq10,2,endpoint,14,16,1138.0,1651.5,1891.0,996.0,1435.5,2095.0,-216.0,0.321429,fail_lower,0.678571,-0.357143,overlap,0.0,2.672612
baseline_seed_31_60,skew,abs_dqs_minus_dq_bit__idelay_cntvaluein_skew__lane0__dq7__ctrl_4__dqs_vs_dq_bit__value_ps,abs_dqs_minus_dq_bit,idelay_cntvaluein_skew,lane0,dq7,4,dqs_vs_dq_bit,14,16,3.0,192.5,613.0,5.0,383.5,1132.0,191.0,0.678571,fail_higher,0.678571,0.357143,overlap,0.0,2.672612
baseline_seed_31_60,skew,dq_bus_skew_range__idelay_cntvaluein_skew__lane0__no_bit__ctrl_none__dq_lane_bus_skew__value_ps,dq_bus_skew_range,idelay_cntvaluein_skew,lane0,,,dq_lane_bus_skew,14,16,166.0,457.0,830.0,207.0,357.0,543.0,-100.0,0.321429,fail_lower,0.678571,-0.357143,overlap,0.0,2.672612
baseline_seed_31_60,direct,direct_max__idelay_data_cntvaluein__lane1__dq12__ctrl_2__endpoint__value_ps,direct_max,idelay_data_cntvaluein,lane1,dq12,2,endpoint,14,16,1194.0,1674.0,1861.0,1082.0,1459.5,2039.0,-214.5,0.323661,fail_lower,0.676339,-0.352679,overlap,0.0,2.639205
baseline_seed_31_60,skew,abs_dqs_minus_dq_bit__idelay_cntvaluein_skew__lane1__dq8__ctrl_0__dqs_vs_dq_bit__value_ps,abs_dqs_minus_dq_bit,idelay_cntvaluein_skew,lane1,dq8,0,dqs_vs_dq_bit,14,16,102.0,411.0,676.0,67.0,246.5,915.0,-164.5,0.323661,fail_lower,0.676339,-0.352679,overlap,0.0,2.639205
baseline_seed_31_60,skew,signed_dqs_minus_dq_bit__idelay_cntvaluein_skew__lane0__dq1__ctrl_2__dqs_vs_dq_bit__value_ps,signed_dqs_minus_dq_bit,idelay_cntvaluein_skew,lane0,dq1,2,dqs_vs_dq_bit,14,16,-918.0,-390.5,503.0,-567.0,35.5,999.0,426.0,0.674107,fail_higher,0.674107,0.348214,overlap,0.0,2.605797
baseline_seed_31_60,skew,signed_dqs_minus_dq_bit__idelay_cntvaluein_skew__lane1__dq11__ctrl_2__dqs_vs_dq_bit__value_ps,signed_dqs_minus_dq_bit,idelay_cntvaluein_skew,lane1,dq11,2,dqs_vs_dq_bit,14,16,-920.0,-159.5,652.0,-464.0,125.0,528.0,284.5,0.674107,fail_higher,0.674107,0.348214,overlap,0.0,2.605797
baseline_seed_31_60,direct,direct_max__idelay_dqs_cntvaluein__lane0__dqs0__ctrl_4__endpoint__value_ps,direct_max,idelay_dqs_cntvaluein,lane0,dqs0,4,endpoint,14,16,981.0,1692.0,2243.0,792.0,1431.0,2769.0,-261.0,0.325893,fail_lower,0.674107,-0.348214,overlap,0.0,2.605797
baseline_seed_31_60,skew,signed_dqs_minus_dq_bit__idelay_cntvaluein_skew__lane1__dq13__ctrl_2__dqs_vs_dq_bit__value_ps,signed_dqs_minus_dq_bit,idelay_cntvaluein_skew,lane1,dq13,2,dqs_vs_dq_bit,14,16,-1004.0,-93.0,572.0,-500.0,155.5,608.0,248.5,0.674107,fail_higher,0.674107,0.348214,overlap,0.0,2.605797
baseline_seed_31_60,skew,signed_dqs_minus_dq_bit__idelay_cntvaluein_skew__lane0__dq7__ctrl_2__dqs_vs_dq_bit__value_ps,signed_dqs_minus_dq_bit,idelay_cntvaluein_skew,lane0,dq7,2,dqs_vs_dq_bit,14,16,-1056.0,-393.0,655.0,-609.0,-102.5,838.0,290.5,0.669643,fail_higher,0.669643,0.339286,overlap,0.0,2.538982
baseline_seed_31_60,skew,signed_dqs_minus_dq_bit__idelay_cntvaluein_skew__lane0__dq4__ctrl_0__dqs_vs_dq_bit__value_ps,signed_dqs_minus_dq_bit,idelay_cntvaluein_skew,lane0,dq4,0,dqs_vs_dq_bit,14,16,-1009.0,-59.0,698.0,-880.0,-324.5,287.0,-265.5,0.330357,fail_lower,0.669643,-0.339286,overlap,0.0,2.538982
baseline_seed_31_60,skew,abs_dqs_minus_dq_bit__idelay_cntvaluein_skew__lane0__dq6__ctrl_4__dqs_vs_dq_bit__value_ps,abs_dqs_minus_dq_bit,idelay_cntvaluein_skew,lane0,dq6,4,dqs_vs_dq_bit,14,16,11.0,205.5,397.0,2.0,442.5,1125.0,237.0,0.669643,fail_higher,0.669643,0.339286,overlap,0.0,2.538982
baseline_seed_31_60,skew,abs_dqs_minus_dq_bit__idelay_cntvaluein_skew__lane0__dq3__ctrl_0__dqs_vs_dq_bit__value_ps,abs_dqs_minus_dq_bit,idelay_cntvaluein_skew,lane0,dq3,0,dqs_vs_dq_bit,14,16,40.0,347.5,895.0,27.0,220.0,601.0,-127.5,0.330357,fail_lower,0.669643,-0.339286,overlap,0.0,2.538982
baseline_seed_31_60,skew,signed_dqs_minus_dq_bit__idelay_cntvaluein_skew__lane0__dq6__ctrl_2__dqs_vs_dq_bit__value_ps,signed_dqs_minus_dq_bit,idelay_cntvaluein_skew,lane0,dq6,2,dqs_vs_dq_bit,14,16,-873.0,-370.5,574.0,-607.0,11.5,1011.0,382.0,0.667411,fail_higher,0.667411,0.334821,overlap,0.0,2.505574
baseline_seed_31_60,skew,signed_dqs_minus_dq_median__idelay_cntvaluein_skew__lane0__dqs0__ctrl_0__dqs_vs_dq_lane__value_ps,signed_dqs_minus_dq_median,idelay_cntvaluein_skew,lane0,dqs0,0,dqs_vs_dq_lane,14,16,-822.0,36.75,699.5,-855.5,-273.25,331.0,-310.0,0.334821,fail_lower,0.665179,-0.330357,overlap,0.0,2.472166
baseline_seed_31_60,skew,signed_dqs_minus_dq_bit__idelay_cntvaluein_skew__lane0__dq1__ctrl_0__dqs_vs_dq_bit__value_ps,signed_dqs_minus_dq_bit,idelay_cntvaluein_skew,lane0,dq1,0,dqs_vs_dq_bit,14,16,-1016.0,-40.5,658.0,-929.0,-325.0,375.0,-284.5,0.334821,fail_lower,0.665179,-0.330357,overlap,0.0,2.472166
baseline_seed_31_60,skew,signed_dqs_minus_dq_bit__idelay_cntvaluein_skew__lane1__dq12__ctrl_2__dqs_vs_dq_bit__value_ps,signed_dqs_minus_dq_bit,idelay_cntvaluein_skew,lane1,dq12,2,dqs_vs_dq_bit,14,16,-1126.0,-210.5,419.0,-492.0,-5.5,368.0,205.0,0.665179,fail_higher,0.665179,0.330357,overlap,0.0,2.472166
baseline_seed_31_60,skew,abs_dqs_minus_dq_median__idelay_cntvaluein_skew__lane1__dqs1__ctrl_4__dqs_vs_dq_lane__value_ps,abs_dqs_minus_dq_median,idelay_cntvaluein_skew,lane1,dqs1,4,dqs_vs_dq_lane,14,16,4.0,155.5,684.5,2.5,283.0,635.5,127.5,0.665179,fail_higher,0.665179,0.330357,overlap,0.0,2.472166
baseline_seed_31_60,skew,abs_ld_minus_cntvaluein_dq_median__idelay_ld_cntvaluein_skew__lane1__no_bit__ctrl_2__ld_vs_cntvaluein_dq_lane__value_ps,abs_ld_minus_cntvaluein_dq_median,idelay_ld_cntvaluein_skew,lane1,,2,ld_vs_cntvaluein_dq_lane,14,16,2.5,136.25,513.0,60.0,257.5,701.5,121.25,0.665179,fail_higher,0.665179,0.330357,overlap,0.0,2.472166
baseline_seed_31_60,skew,signed_dqs_minus_dq_bit__idelay_cntvaluein_skew__lane0__dq0__ctrl_0__dqs_vs_dq_bit__value_ps,signed_dqs_minus_dq_bit,idelay_cntvaluein_skew,lane0,dq0,0,dqs_vs_dq_bit,14,16,-842.0,21.5,701.0,-787.0,-302.5,464.0,-324.0,0.339286,fail_lower,0.660714,-0.321429,overlap,0.0,2.405351
baseline_seed_31_60,skew,abs_dqs_minus_dq_bit__idelay_cntvaluein_skew__lane0__dq1__ctrl_4__dqs_vs_dq_bit__value_ps,abs_dqs_minus_dq_bit,idelay_cntvaluein_skew,lane0,dq1,4,dqs_vs_dq_bit,14,16,10.0,231.5,654.0,6.0,408.0,988.0,176.5,0.660714,fail_higher,0.660714,0.321429,overlap,0.0,2.405351
baseline_seed_31_60,skew,signed_dqs_bus_skew_minus_dq_median__idelay_cntvaluein_skew__lane1__dqs1__ctrl_none__dqs_vs_dq_bus_skew__value_ps,signed_dqs_bus_skew_minus_dq_median,idelay_cntvaluein_skew,lane1,dqs1,,dqs_vs_dq_bus_skew,14,16,-458.0,-109.0,520.0,-290.5,41.5,901.0,150.5,0.660714,fail_higher,0.660714,0.321429,overlap,0.0,2.405351
baseline_seed_31_60,skew,abs_dqs_minus_dq_bit__idelay_cntvaluein_skew__lane1__dq9__ctrl_4__dqs_vs_dq_bit__value_ps,abs_dqs_minus_dq_bit,idelay_cntvaluein_skew,lane1,dq9,4,dqs_vs_dq_bit,14,16,5.0,203.0,746.0,59.0,284.5,774.0,81.5,0.660714,fail_higher,0.660714,0.321429,overlap,0.0,2.405351
baseline_seed_31_60,skew,signed_ld_minus_cntvaluein_dqs__idelay_ld_cntvaluein_skew__lane1__dqs1__ctrl_4__ld_vs_cntvaluein_dqs__value_ps,signed_ld_minus_cntvaluein_dqs,idelay_ld_cntvaluein_skew,lane1,dqs1,4,ld_vs_cntvaluein_dqs,14,16,-393.0,122.5,1260.0,-995.0,199.5,667.0,77.0,0.660714,fail_higher,0.660714,0.321429,overlap,0.0,2.405351
baseline_seed_31_60,skew,signed_dqs_minus_dq_bit__idelay_cntvaluein_skew__lane0__dq0__ctrl_4__dqs_vs_dq_bit__value_ps,signed_dqs_minus_dq_bit,idelay_cntvaluein_skew,lane0,dq0,4,dqs_vs_dq_bit,14,16,-651.0,95.0,566.0,-903.0,-243.5,1066.0,-338.5,0.341518,fail_lower,0.658482,-0.316964,overlap,0.0,2.371944
baseline_seed_31_60,skew,signed_dqs_minus_dq_bit__idelay_cntvaluein_skew__lane1__dq8__ctrl_2__dqs_vs_dq_bit__value_ps,signed_dqs_minus_dq_bit,idelay_cntvaluein_skew,lane1,dq8,2,dqs_vs_dq_bit,14,16,-1308.0,-265.5,655.0,-607.0,-99.0,439.0,166.5,0.658482,fail_higher,0.658482,0.316964,overlap,0.0,2.371944
baseline_seed_31_60,skew,abs_dqs_minus_dq_bit__idelay_cntvaluein_skew__lane1__dq14__ctrl_4__dqs_vs_dq_bit__value_ps,abs_dqs_minus_dq_bit,idelay_cntvaluein_skew,lane1,dq14,4,dqs_vs_dq_bit,14,16,6.0,145.5,727.0,58.0,284.5,648.0,139.0,0.658482,fail_higher,0.658482,0.316964,overlap,0.0,2.371944
baseline_seed_31_60,direct,direct_max__idelay_data_cntvaluein__lane0__dq5__ctrl_2__endpoint__value_ps,direct_max,idelay_data_cntvaluein,lane0,dq5,2,endpoint,14,16,1095.0,1817.5,2121.0,1192.0,1511.0,2216.0,-306.5,0.34375,fail_lower,0.65625,-0.3125,overlap,0.0,2.338536
baseline_seed_31_60,skew,abs_ld_minus_cntvaluein_dqs__idelay_ld_cntvaluein_skew__lane1__dqs1__ctrl_4__ld_vs_cntvaluein_dqs__value_ps,abs_ld_minus_cntvaluein_dqs,idelay_ld_cntvaluein_skew,lane1,dqs1,4,ld_vs_cntvaluein_dqs,14,16,11.0,172.5,1260.0,34.0,333.0,995.0,160.5,0.65625,fail_higher,0.65625,0.3125,overlap,0.0,2.338536
baseline_seed_31_60,direct,direct_max__idelay_dqs_cntvaluein__lane0__dqs0__ctrl_1__endpoint__value_ps,direct_max,idelay_dqs_cntvaluein,lane0,dqs0,1,endpoint,14,16,1027.0,1420.5,2224.0,1036.0,1580.0,2276.0,159.5,0.65625,fail_higher,0.65625,0.3125,overlap,0.0,2.338536
baseline_seed_31_60,skew,signed_dqs_minus_dq_bit__idelay_cntvaluein_skew__lane1__dq12__ctrl_0__dqs_vs_dq_bit__value_ps,signed_dqs_minus_dq_bit,idelay_cntvaluein_skew,lane1,dq12,0,dqs_vs_dq_bit,14,16,-500.0,-122.5,696.0,-739.0,-223.0,375.0,-100.5,0.34375,fail_lower,0.65625,-0.3125,overlap,0.0,2.338536
baseline_seed_31_60,skew,signed_dqs_minus_dq_median__idelay_cntvaluein_skew__lane0__dqs0__ctrl_2__dqs_vs_dq_lane__value_ps,signed_dqs_minus_dq_median,idelay_cntvaluein_skew,lane0,dqs0,2,dqs_vs_dq_lane,14,16,-927.5,-397.5,608.5,-604.5,21.5,1005.0,419.0,0.651786,fail_higher,0.651786,0.303571,overlap,0.0,2.271721
baseline_seed_31_60,skew,signed_dqs_minus_dq_median__idelay_cntvaluein_skew__lane1__dqs1__ctrl_2__dqs_vs_dq_lane__value_ps,signed_dqs_minus_dq_median,idelay_cntvaluein_skew,lane1,dqs1,2,dqs_vs_dq_lane,14,16,-1065.0,-177.0,612.0,-466.0,57.75,396.5,234.75,0.651786,fail_higher,0.651786,0.303571,overlap,0.0,2.271721
baseline_seed_31_60,skew,signed_ld_minus_cntvaluein_dqs__idelay_ld_cntvaluein_skew__lane1__dqs1__ctrl_0__ld_vs_cntvaluein_dqs__value_ps,signed_ld_minus_cntvaluein_dqs,idelay_ld_cntvaluein_skew,lane1,dqs1,0,ld_vs_cntvaluein_dqs,14,16,-577.0,56.0,988.0,-510.0,279.0,850.0,223.0,0.651786,fail_higher,0.651786,0.303571,overlap,0.0,2.271721
baseline_seed_31_60,direct,direct_max__dq_iologic__lane1__dq12__ctrl_none__endpoint__value_ps,direct_max,dq_iologic,lane1,dq12,,endpoint,14,16,2295.0,2528.5,2959.0,1995.0,2669.0,3931.0,140.5,0.651786,fail_higher,0.651786,0.303571,overlap,0.0,2.271721
baseline_seed_31_60,direct,cntvaluein_bus_skew__idelay_data_cntvaluein__lane1__dq14__ctrl_none__dq14__value_ps,cntvaluein_bus_skew,idelay_data_cntvaluein,lane1,dq14,,dq14,14,16,307.0,581.5,830.0,181.0,441.5,905.0,-140.0,0.348214,fail_lower,0.651786,-0.303571,overlap,0.0,2.271721
baseline_seed_31_60,skew,abs_dqs_minus_dq_bit__idelay_cntvaluein_skew__lane1__dq14__ctrl_0__dqs_vs_dq_bit__value_ps,abs_dqs_minus_dq_bit,idelay_cntvaluein_skew,lane1,dq14,0,dqs_vs_dq_bit,14,16,61.0,346.0,691.0,31.0,246.0,828.0,-100.0,0.348214,fail_lower,0.651786,-0.303571,overlap,0.0,2.271721
baseline_seed_31_60,skew,abs_dqs_minus_dq_bit__idelay_cntvaluein_skew__lane0__dq1__ctrl_2__dqs_vs_dq_bit__value_ps,abs_dqs_minus_dq_bit,idelay_cntvaluein_skew,lane0,dq1,2,dqs_vs_dq_bit,14,16,251.0,427.5,918.0,118.0,358.5,999.0,-69.0,0.348214,fail_lower,0.651786,-0.303571,overlap,0.0,2.271721
baseline_seed_31_60,skew,abs_dqs_minus_dq_bit__idelay_cntvaluein_skew__lane1__dq13__ctrl_4__dqs_vs_dq_bit__value_ps,abs_dqs_minus_dq_bit,idelay_cntvaluein_skew,lane1,dq13,4,dqs_vs_dq_bit,14,16,13.0,186.5,982.0,59.0,243.5,633.0,57.0,0.651786,fail_higher,0.651786,0.303571,overlap,0.0,2.271721
baseline_seed_31_60,direct,control_fanout_spread__idelay_data_cntvaluein__lane0__no_bit__ctrl_2__lane_control_bit__value_ps,control_fanout_spread,idelay_data_cntvaluein,lane0,,2,lane_control_bit,14,16,154.0,334.5,666.0,178.0,283.0,551.0,-51.5,0.350446,fail_lower,0.649554,-0.299107,overlap,0.0,2.238313
baseline_seed_31_60,skew,dq_lane_range__idelay_cntvaluein_skew__lane0__no_bit__ctrl_2__dq_lane__value_ps,dq_lane_range,idelay_cntvaluein_skew,lane0,,2,dq_lane,14,16,154.0,334.5,666.0,178.0,283.0,551.0,-51.5,0.350446,fail_lower,0.649554,-0.299107,overlap,0.0,2.238313
baseline_seed_31_60,skew,signed_ld_minus_cntvaluein_dqs__idelay_ld_cntvaluein_skew__lane0__dqs0__ctrl_0__ld_vs_cntvaluein_dqs__value_ps,signed_ld_minus_cntvaluein_dqs,idelay_ld_cntvaluein_skew,lane0,dqs0,0,ld_vs_cntvaluein_dqs,14,16,-720.0,-110.0,891.0,-729.0,292.5,1149.0,402.5,0.647321,fail_higher,0.647321,0.294643,overlap,0.0,2.204905
baseline_seed_31_60,direct,direct_max__idelay_data_cntvaluein__lane1__dq8__ctrl_2__endpoint__value_ps,direct_max,idelay_data_cntvaluein,lane1,dq8,2,endpoint,14,16,958.0,1678.5,2078.0,1159.0,1395.0,2223.0,-283.5,0.352679,fail_lower,0.647321,-0.294643,overlap,0.0,2.204905
baseline_seed_31_60,skew,signed_dqs_minus_dq_bit__idelay_cntvaluein_skew__lane0__dq7__ctrl_4__dqs_vs_dq_bit__value_ps,signed_dqs_minus_dq_bit,idelay_cntvaluein_skew,lane0,dq7,4,dqs_vs_dq_bit,14,16,-613.0,-12.0,377.0,-1012.0,-275.0,1132.0,-263.0,0.352679,fail_lower,0.647321,-0.294643,overlap,0.0,2.204905
baseline_seed_31_60,skew,signed_dqs_minus_dq_bit__idelay_cntvaluein_skew__lane0__dq4__ctrl_2__dqs_vs_dq_bit__value_ps,signed_dqs_minus_dq_bit,idelay_cntvaluein_skew,lane0,dq4,2,dqs_vs_dq_bit,14,16,-1118.0,-361.5,561.0,-732.0,-100.5,993.0,261.0,0.647321,fail_higher,0.647321,0.294643,overlap,0.0,2.204905
baseline_seed_31_60,skew,signed_dqs_minus_dq_bit__idelay_cntvaluein_skew__lane1__dq10__ctrl_2__dqs_vs_dq_bit__value_ps,signed_dqs_minus_dq_bit,idelay_cntvaluein_skew,lane1,dq10,2,dqs_vs_dq_bit,14,16,-1213.0,-123.5,475.0,-520.0,35.0,459.0,158.5,0.647321,fail_higher,0.647321,0.294643,overlap,0.0,2.204905
baseline_seed_31_60,skew,signed_dqs_minus_dq_bit__idelay_cntvaluein_skew__lane1__dq10__ctrl_0__dqs_vs_dq_bit__value_ps,signed_dqs_minus_dq_bit,idelay_cntvaluein_skew,lane1,dq10,0,dqs_vs_dq_bit,14,16,-437.0,-129.5,615.0,-820.0,-248.5,505.0,-119.0,0.352679,fail_lower,0.647321,-0.294643,overlap,0.0,2.204905
baseline_seed_31_60,skew,signed_dqs_minus_dq_bit__idelay_cntvaluein_skew__lane0__dq5__ctrl_2__dqs_vs_dq_bit__value_ps,signed_dqs_minus_dq_bit,idelay_cntvaluein_skew,lane0,dq5,2,dqs_vs_dq_bit,14,16,-891.0,-279.0,796.0,-679.0,40.0,1077.0,319.0,0.642857,fail_higher,0.642857,0.285714,overlap,0.0,2.13809
baseline_seed_31_60,direct,direct_max__idelay_data_cntvaluein__lane1__dq15__ctrl_4__endpoint__value_ps,direct_max,idelay_data_cntvaluein,lane1,dq15,4,endpoint,14,16,827.0,1139.5,1638.0,669.0,1327.0,1684.0,187.5,0.642857,fail_higher,0.642857,0.285714,overlap,0.0,2.13809
baseline_seed_31_60,skew,abs_dqs_minus_dq_bit__idelay_cntvaluein_skew__lane1__dq13__ctrl_3__dqs_vs_dq_bit__value_ps,abs_dqs_minus_dq_bit,idelay_cntvaluein_skew,lane1,dq13,3,dqs_vs_dq_bit,14,16,18.0,146.0,770.0,71.0,252.0,788.0,106.0,0.642857,fail_higher,0.642857,0.285714,overlap,0.0,2.13809
baseline_seed_31_60,direct,direct_max__idelay_data_cntvaluein__lane1__dq10__ctrl_3__endpoint__value_ps,direct_max,idelay_data_cntvaluein,lane1,dq10,3,endpoint,14,16,1072.0,1453.5,1929.0,1164.0,1552.0,2114.0,98.5,0.642857,fail_higher,0.642857,0.285714,overlap,0.0,2.13809
baseline_seed_31_60,skew,signed_lane1_minus_lane0_dq_median__idelay_cntvaluein_skew__all__no_bit__ctrl_2__lane1_vs_lane0_dq__value_ps,signed_lane1_minus_lane0_dq_median,idelay_cntvaluein_skew,all,,2,lane1_vs_lane0_dq,14,16,-690.0,-288.0,-124.0,-375.0,-255.5,-11.5,32.5,0.642857,fail_higher,0.642857,0.285714,overlap,0.0,2.13809
baseline_seed_31_60,skew,abs_lane1_minus_lane0_dq_median__idelay_cntvaluein_skew__all__no_bit__ctrl_2__lane1_vs_lane0_dq__value_ps,abs_lane1_minus_lane0_dq_median,idelay_cntvaluein_skew,all,,2,lane1_vs_lane0_dq,14,16,124.0,288.0,690.0,11.5,255.5,375.0,-32.5,0.357143,fail_lower,0.642857,-0.285714,overlap,0.0,2.13809
baseline_seed_31_60,skew,abs_ld_minus_cntvaluein_dq_median__idelay_ld_cntvaluein_skew__lane0__no_bit__ctrl_4__ld_vs_cntvaluein_dq_lane__value_ps,abs_ld_minus_cntvaluein_dq_median,idelay_ld_cntvaluein_skew,lane0,,4,ld_vs_cntvaluein_dq_lane,14,16,5.0,163.5,431.5,3.5,192.0,1180.0,28.5,0.642857,fail_higher,0.642857,0.285714,overlap,0.0,2.13809
baseline_seed_31_60,skew,signed_dqs_minus_dq_bit__idelay_cntvaluein_skew__lane0__dq2__ctrl_4__dqs_vs_dq_bit__value_ps,signed_dqs_minus_dq_bit,idelay_cntvaluein_skew,lane0,dq2,4,dqs_vs_dq_bit,14,16,-610.0,10.0,383.0,-925.0,-263.0,1219.0,-273.0,0.361607,fail_lower,0.638393,-0.276786,overlap,0.0,2.071275
baseline_seed_31_60,direct,direct_max__idelay_data_cntvaluein__lane1__dq14__ctrl_2__endpoint__value_ps,direct_max,idelay_data_cntvaluein,lane1,dq14,2,endpoint,14,16,1046.0,1665.5,1896.0,1082.0,1434.5,2131.0,-231.0,0.361607,fail_lower,0.638393,-0.276786,overlap,0.0,2.071275
baseline_seed_31_60,direct,direct_max__idelay_dqs_cntvaluein__lane0__dqs0__ctrl_0__endpoint__value_ps,direct_max,idelay_dqs_cntvaluein,lane0,dqs0,0,endpoint,14,16,972.0,1608.0,2260.0,889.0,1445.0,2365.0,-163.0,0.361607,fail_lower,0.638393,-0.276786,overlap,0.0,2.071275
baseline_seed_31_60,skew,signed_dqs_minus_dq_bit__idelay_cntvaluein_skew__lane0__dq0__ctrl_2__dqs_vs_dq_bit__value_ps,signed_dqs_minus_dq_bit,idelay_cntvaluein_skew,lane0,dq0,2,dqs_vs_dq_bit,14,16,-998.0,-398.0,556.0,-648.0,-15.0,993.0,383.0,0.636161,fail_higher,0.636161,0.272321,overlap,0.0,2.037867
baseline_seed_31_60,skew,abs_dqs_minus_dq_bit__idelay_cntvaluein_skew__lane0__dq6__ctrl_2__dqs_vs_dq_bit__value_ps,abs_dqs_minus_dq_bit,idelay_cntvaluein_skew,lane0,dq6,2,dqs_vs_dq_bit,14,16,116.0,498.0,873.0,10.0,348.0,1011.0,-150.0,0.363839,fail_lower,0.636161,-0.272321,overlap,0.0,2.037867
baseline_seed_31_60,skew,signed_dqs_minus_dq_bit__idelay_cntvaluein_skew__lane1__dq11__ctrl_0__dqs_vs_dq_bit__value_ps,signed_dqs_minus_dq_bit,idelay_cntvaluein_skew,lane1,dq11,0,dqs_vs_dq_bit,14,16,-443.0,-47.0,613.0,-828.0,-161.0,502.0,-114.0,0.363839,fail_lower,0.636161,-0.272321,overlap,0.0,2.037867
baseline_seed_31_60,skew,abs_dqs_minus_dq_bit__idelay_cntvaluein_skew__lane1__dq12__ctrl_4__dqs_vs_dq_bit__value_ps,abs_dqs_minus_dq_bit,idelay_cntvaluein_skew,lane1,dq12,4,dqs_vs_dq_bit,14,16,36.0,143.0,642.0,31.0,300.0,582.0,157.0,0.633929,fail_higher,0.633929,0.267857,overlap,0.0,2.004459
baseline_seed_31_60,direct,cntvaluein_bus_skew__idelay_data_cntvaluein__lane1__dq10__ctrl_none__dq10__value_ps,cntvaluein_bus_skew,idelay_data_cntvaluein,lane1,dq10,,dq10,14,16,322.0,571.5,789.0,233.0,440.5,865.0,-131.0,0.366071,fail_lower,0.633929,-0.267857,overlap,0.0,2.004459
baseline_seed_31_60,skew,abs_dqs_minus_dq_bit__idelay_cntvaluein_skew__lane1__dq13__ctrl_0__dqs_vs_dq_bit__value_ps,abs_dqs_minus_dq_bit,idelay_cntvaluein_skew,lane1,dq13,0,dqs_vs_dq_bit,14,16,74.0,321.0,606.0,25.0,204.0,741.0,-117.0,0.366071,fail_lower,0.633929,-0.267857,overlap,0.0,2.004459
baseline_seed_31_60,skew,abs_dqs_minus_dq_bit__idelay_cntvaluein_skew__lane0__dq5__ctrl_0__dqs_vs_dq_bit__value_ps,abs_dqs_minus_dq_bit,idelay_cntvaluein_skew,lane0,dq5,0,dqs_vs_dq_bit,14,16,13.0,443.0,888.0,44.0,268.0,592.0,-175.0,0.368304,fail_lower,0.631696,-0.263393,overlap,0.0,1.971052
baseline_seed_31_60,skew,abs_dqs_minus_dq_bit__idelay_cntvaluein_skew__lane0__dq0__ctrl_2__dqs_vs_dq_bit__value_ps,abs_dqs_minus_dq_bit,idelay_cntvaluein_skew,lane0,dq0,2,dqs_vs_dq_bit,14,16,76.0,447.5,998.0,98.0,323.5,993.0,-124.0,0.368304,fail_lower,0.631696,-0.263393,overlap,0.0,1.971052
baseline_seed_31_60,direct,direct_max__idelay_ld__lane0__dq5__ctrl_none__endpoint__value_ps,direct_max,idelay_ld,lane0,dq5,,endpoint,14,16,1157.0,1518.5,2118.0,1345.0,1704.5,2292.0,186.0,0.629464,fail_higher,0.629464,0.258929,overlap,0.0,1.937644
baseline_seed_31_60,skew,abs_dqs_minus_dq_bit__idelay_cntvaluein_skew__lane0__dq4__ctrl_2__dqs_vs_dq_bit__value_ps,abs_dqs_minus_dq_bit,idelay_cntvaluein_skew,lane0,dq4,2,dqs_vs_dq_bit,14,16,159.0,447.0,1118.0,6.0,311.0,993.0,-136.0,0.370536,fail_lower,0.629464,-0.258929,overlap,0.0,1.937644
baseline_seed_31_60,direct,direct_max__idelay_ld__lane0__dqs0__ctrl_none__endpoint__value_ps,direct_max,idelay_ld,lane0,dqs0,,endpoint,14,16,1161.0,1550.5,2124.0,1424.0,1678.0,2456.0,127.5,0.629464,fail_higher,0.629464,0.258929,overlap,0.0,1.937644
baseline_seed_31_60,direct,lane_spread__idelay_data_cntvaluein__lane0__no_bit__ctrl_none__lane__value_ps,lane_spread,idelay_data_cntvaluein,lane0,,,lane,14,16,585.0,1001.5,1394.0,556.0,902.5,1305.0,-99.0,0.370536,fail_lower,0.629464,-0.258929,overlap,0.0,1.937644
baseline_seed_31_60,skew,signed_dqs_minus_dq_bit__idelay_cntvaluein_skew__lane0__dq1__ctrl_4__dqs_vs_dq_bit__value_ps,signed_dqs_minus_dq_bit,idelay_cntvaluein_skew,lane0,dq1,4,dqs_vs_dq_bit,14,16,-654.0,73.0,479.0,-988.0,-190.5,981.0,-263.5,0.375,fail_lower,0.625,-0.25,overlap,0.0,1.870829
baseline_seed_31_60,skew,signed_dqs_minus_dq_bit__idelay_cntvaluein_skew__lane1__dq9__ctrl_4__dqs_vs_dq_bit__value_ps,signed_dqs_minus_dq_bit,idelay_cntvaluein_skew,lane1,dq9,4,dqs_vs_dq_bit,14,16,-418.0,119.5,746.0,-774.0,-97.5,738.0,-217.0,0.375,fail_lower,0.625,-0.25,overlap,0.0,1.870829
baseline_seed_31_60,skew,abs_dqs_minus_dq_bit__idelay_cntvaluein_skew__lane0__dq3__ctrl_1__dqs_vs_dq_bit__value_ps,abs_dqs_minus_dq_bit,idelay_cntvaluein_skew,lane0,dq3,1,dqs_vs_dq_bit,14,16,13.0,287.5,723.0,3.0,461.5,847.0,174.0,0.625,fail_higher,0.625,0.25,overlap,0.0,1.870829
baseline_seed_31_60,skew,dq_lane_range__iologic_skew__lane0__no_bit__ctrl_none__dq_lane__value_ps,dq_lane_range,iologic_skew,lane0,,,dq_lane,14,16,154.0,620.5,960.0,342.0,763.0,899.0,142.5,0.625,fail_higher,0.625,0.25,overlap,0.0,1.870829
baseline_seed_31_60,direct,direct_max__idelay_data_cntvaluein__lane0__dq7__ctrl_0__endpoint__value_ps,direct_max,idelay_data_cntvaluein,lane0,dq7,0,endpoint,14,16,1274.0,1619.5,2265.0,1289.0,1744.5,2500.0,125.0,0.625,fail_higher,0.625,0.25,overlap,0.0,1.870829
baseline_seed_31_60,skew,dq_lane_range__iologic_skew__lane1__no_bit__ctrl_none__dq_lane__value_ps,dq_lane_range,iologic_skew,lane1,,,dq_lane,14,16,310.0,592.5,1073.0,296.0,484.5,1537.0,-108.0,0.375,fail_lower,0.625,-0.25,overlap,0.0,1.870829
baseline_seed_31_60,skew,abs_dqs_minus_dq_median__idelay_cntvaluein_skew__lane0__dqs0__ctrl_2__dqs_vs_dq_lane__value_ps,abs_dqs_minus_dq_median,idelay_cntvaluein_skew,lane0,dqs0,2,dqs_vs_dq_lane,14,16,114.0,436.5,927.5,148.0,340.5,1005.0,-96.0,0.375,fail_lower,0.625,-0.25,overlap,0.0,1.870829
baseline_seed_31_60,skew,signed_ld_dqs_minus_dq_median__idelay_ld_skew__lane1__dqs1__ctrl_none__dqs_vs_dq_lane__value_ps,signed_ld_dqs_minus_dq_median,idelay_ld_skew,lane1,dqs1,,dqs_vs_dq_lane,14,16,-179.0,-55.5,193.0,-175.0,14.75,243.0,70.25,0.625,fail_higher,0.625,0.25,overlap,0.0,1.870829
baseline_seed_31_60,skew,abs_dqs_bus_skew_minus_dq_median__idelay_cntvaluein_skew__lane0__dqs0__ctrl_none__dqs_vs_dq_bus_skew__value_ps,abs_dqs_bus_skew_minus_dq_median,idelay_cntvaluein_skew,lane0,dqs0,,dqs_vs_dq_bus_skew,14,16,24.5,228.25,679.5,27.5,286.75,858.0,58.5,0.625,fail_higher,0.625,0.25,overlap,0.0,1.870829
baseline_seed_31_60,skew,signed_dqs_minus_dq_bit__idelay_cntvaluein_skew__lane1__dq13__ctrl_0__dqs_vs_dq_bit__value_ps,signed_dqs_minus_dq_bit,idelay_cntvaluein_skew,lane1,dq13,0,dqs_vs_dq_bit,14,16,-515.0,-134.0,606.0,-741.0,-192.0,418.0,-58.0,0.375,fail_lower,0.625,-0.25,overlap,0.0,1.870829
baseline_seed_31_60,direct,lane_spread__idelay_ld__lane1__no_bit__ctrl_none__lane__value_ps,lane_spread,idelay_ld,lane1,,,lane,14,16,175.0,313.5,610.0,240.0,350.5,732.0,37.0,0.625,fail_higher,0.625,0.25,overlap,0.0,1.870829
baseline_seed_31_60,skew,signed_dqs_minus_dq_bit__idelay_cntvaluein_skew__lane0__dq4__ctrl_4__dqs_vs_dq_bit__value_ps,signed_dqs_minus_dq_bit,idelay_cntvaluein_skew,lane0,dq4,4,dqs_vs_dq_bit,14,16,-825.0,14.5,472.0,-1072.0,-235.0,1227.0,-249.5,0.379464,fail_lower,0.620536,-0.241071,overlap,0.0,1.804013
baseline_seed_31_60,skew,signed_dqs_minus_dq_median__idelay_cntvaluein_skew__lane0__dqs0__ctrl_4__dqs_vs_dq_lane__value_ps,signed_dqs_minus_dq_median,idelay_cntvaluein_skew,lane0,dqs0,4,dqs_vs_dq_lane,14,16,-611.5,40.75,380.0,-931.5,-181.25,1108.0,-222.0,0.379464,fail_lower,0.620536,-0.241071,overlap,0.0,1.804013
baseline_seed_31_60,direct,control_fanout_spread__idelay_data_cntvaluein__lane1__no_bit__ctrl_4__lane_control_bit__value_ps,control_fanout_spread,idelay_data_cntvaluein,lane1,,4,lane_control_bit,14,16,194.0,435.0,717.0,214.0,332.0,562.0,-103.0,0.379464,fail_lower,0.620536,-0.241071,overlap,0.0,1.804013
baseline_seed_31_60,skew,dq_lane_range__idelay_cntvaluein_skew__lane1__no_bit__ctrl_4__dq_lane__value_ps,dq_lane_range,idelay_cntvaluein_skew,lane1,,4,dq_lane,14,16,194.0,435.0,717.0,214.0,332.0,562.0,-103.0,0.379464,fail_lower,0.620536,-0.241071,overlap,0.0,1.804013
baseline_seed_31_60,skew,abs_dqs_minus_dq_bit__idelay_cntvaluein_skew__lane0__dq7__ctrl_0__dqs_vs_dq_bit__value_ps,abs_dqs_minus_dq_bit,idelay_cntvaluein_skew,lane0,dq7,0,dqs_vs_dq_bit,14,16,12.0,271.5,807.0,155.0,315.5,976.0,44.0,0.620536,fail_higher,0.620536,0.241071,overlap,0.0,1.804013
baseline_seed_31_60,skew,abs_ld_dqs_minus_dq_median__idelay_ld_skew__lane1__dqs1__ctrl_none__dqs_vs_dq_lane__value_ps,abs_ld_dqs_minus_dq_median,idelay_ld_skew,lane1,dqs1,,dqs_vs_dq_lane,14,16,5.0,105.25,193.0,4.0,75.5,243.0,-29.75,0.379464,fail_lower,0.620536,-0.241071,overlap,0.0,1.804013
baseline_seed_31_60,skew,signed_dqs_bus_skew_minus_dq_median__idelay_cntvaluein_skew__lane0__dqs0__ctrl_none__dqs_vs_dq_bus_skew__value_ps,signed_dqs_bus_skew_minus_dq_median,idelay_cntvaluein_skew,lane0,dqs0,,dqs_vs_dq_bus_skew,14,16,-679.5,5.25,600.5,-391.0,209.25,858.0,204.0,0.616071,fail_higher,0.616071,0.232143,overlap,0.0,1.737198
baseline_seed_31_60,skew,signed_dqs_minus_dq_bit__idelay_cntvaluein_skew__lane1__dq14__ctrl_2__dqs_vs_dq_bit__value_ps,signed_dqs_minus_dq_bit,idelay_cntvaluein_skew,lane1,dq14,2,dqs_vs_dq_bit,14,16,-1216.0,-253.0,567.0,-523.0,-88.5,484.0,164.5,0.616071,fail_higher,0.616071,0.232143,overlap,0.0,1.737198
baseline_seed_31_60,skew,signed_dqs_minus_dq_bit__idelay_cntvaluein_skew__lane1__dq15__ctrl_4__dqs_vs_dq_bit__value_ps,signed_dqs_minus_dq_bit,idelay_cntvaluein_skew,lane1,dq15,4,dqs_vs_dq_bit,14,16,-365.0,119.5,679.0,-694.0,-23.5,785.0,-143.0,0.383929,fail_lower,0.616071,-0.232143,overlap,0.0,1.737198
baseline_seed_31_60,skew,abs_dqs_minus_dq_bit__idelay_cntvaluein_skew__lane0__dq1__ctrl_3__dqs_vs_dq_bit__value_ps,abs_dqs_minus_dq_bit,idelay_cntvaluein_skew,lane0,dq1,3,dqs_vs_dq_bit,14,16,77.0,335.5,1003.0,23.0,235.0,996.0,-100.5,0.383929,fail_lower,0.616071,-0.232143,overlap,0.0,1.737198
baseline_seed_31_60,skew,abs_ld_minus_cntvaluein_dq_median__idelay_ld_cntvaluein_skew__lane1__no_bit__ctrl_4__ld_vs_cntvaluein_dq_lane__value_ps,abs_ld_minus_cntvaluein_dq_median,idelay_ld_cntvaluein_skew,lane1,,4,ld_vs_cntvaluein_dq_lane,14,16,19.5,198.0,631.5,34.5,263.0,669.5,65.0,0.616071,fail_higher,0.616071,0.232143,overlap,0.0,1.737198
baseline_seed_31_60,direct,cntvaluein_bus_skew__idelay_data_cntvaluein__lane0__dq6__ctrl_none__dq6__value_ps,cntvaluein_bus_skew,idelay_data_cntvaluein,lane0,dq6,,dq6,14,16,342.0,665.5,1069.0,281.0,616.0,990.0,-49.5,0.383929,fail_lower,0.616071,-0.232143,overlap,0.0,1.737198
baseline_seed_31_60,skew,signed_dqs_minus_dq_bit__idelay_cntvaluein_skew__lane0__dq5__ctrl_1__dqs_vs_dq_bit__value_ps,signed_dqs_minus_dq_bit,idelay_cntvaluein_skew,lane0,dq5,1,dqs_vs_dq_bit,14,16,-769.0,-195.0,812.0,-569.0,76.0,928.0,271.0,0.611607,fail_higher,0.611607,0.223214,overlap,0.0,1.670383
baseline_seed_31_60,direct,direct_max__idelay_data_cntvaluein__lane0__dq5__ctrl_0__endpoint__value_ps,direct_max,idelay_data_cntvaluein,lane0,dq5,0,endpoint,14,16,1261.0,1526.5,1993.0,1223.0,1743.5,2045.0,217.0,0.611607,fail_higher,0.611607,0.223214,overlap,0.0,1.670383
baseline_seed_31_60,direct,direct_max__idelay_data_cntvaluein__lane0__dq6__ctrl_0__endpoint__value_ps,direct_max,idelay_data_cntvaluein,lane0,dq6,0,endpoint,14,16,1187.0,1675.5,2177.0,1101.0,1842.5,2273.0,167.0,0.611607,fail_higher,0.611607,0.223214,overlap,0.0,1.670383
baseline_seed_31_60,skew,abs_dqs_minus_dq_bit__idelay_cntvaluein_skew__lane0__dq0__ctrl_3__dqs_vs_dq_bit__value_ps,abs_dqs_minus_dq_bit,idelay_cntvaluein_skew,lane0,dq0,3,dqs_vs_dq_bit,14,16,21.0,411.0,979.0,8.0,261.5,987.0,-149.5,0.388393,fail_lower,0.611607,-0.223214,overlap,0.0,1.670383
baseline_seed_31_60,skew,abs_dqs_minus_dq_bit__idelay_cntvaluein_skew__lane0__dq3__ctrl_2__dqs_vs_dq_bit__value_ps,abs_dqs_minus_dq_bit,idelay_cntvaluein_skew,lane0,dq3,2,dqs_vs_dq_bit,14,16,138.0,448.5,803.0,69.0,358.0,1131.0,-90.5,0.388393,fail_lower,0.611607,-0.223214,overlap,0.0,1.670383
baseline_seed_31_60,skew,signed_dqs_minus_dq_median__idelay_cntvaluein_skew__lane1__dqs1__ctrl_0__dqs_vs_dq_lane__value_ps,signed_dqs_minus_dq_median,idelay_cntvaluein_skew,lane1,dqs1,0,dqs_vs_dq_lane,14,16,-432.0,-87.75,611.5,-780.5,-172.0,466.5,-84.25,0.388393,fail_lower,0.611607,-0.223214,overlap,0.0,1.670383
baseline_seed_31_60,direct,direct_max__idelay_data_cntvaluein__lane1__dq14__ctrl_1__endpoint__value_ps,direct_max,idelay_data_cntvaluein,lane1,dq14,1,endpoint,14,16,1179.0,1393.5,1953.0,1024.0,1474.5,1980.0,81.0,0.611607,fail_higher,0.611607,0.223214,overlap,0.0,1.670383
baseline_seed_31_60,direct,direct_max__idelay_data_cntvaluein__lane1__dq15__ctrl_3__endpoint__value_ps,direct_max,idelay_data_cntvaluein,lane1,dq15,3,endpoint,14,16,861.0,1193.5,1493.0,938.0,1268.5,1805.0,75.0,0.611607,fail_higher,0.611607,0.223214,overlap,0.0,1.670383
baseline_seed_31_60,direct,direct_max__idelay_ld__lane0__dq6__ctrl_none__endpoint__value_ps,direct_max,idelay_ld,lane0,dq6,,endpoint,14,16,1294.0,1653.0,2121.0,1350.0,1666.5,2512.0,13.5,0.609375,fail_higher,0.609375,0.21875,overlap,0.0,1.636975
baseline_seed_31_60,skew,signed_dqs_minus_dq_bit__idelay_cntvaluein_skew__lane1__dq10__ctrl_3__dqs_vs_dq_bit__value_ps,signed_dqs_minus_dq_bit,idelay_cntvaluein_skew,lane1,dq10,3,dqs_vs_dq_bit,14,16,-1002.0,135.0,492.0,-710.0,-137.5,732.0,-272.5,0.392857,fail_lower,0.607143,-0.214286,overlap,0.0,1.603567
baseline_seed_31_60,skew,signed_dqs_minus_dq_bit__idelay_cntvaluein_skew__lane0__dq6__ctrl_3__dqs_vs_dq_bit__value_ps,signed_dqs_minus_dq_bit,idelay_cntvaluein_skew,lane0,dq6,3,dqs_vs_dq_bit,14,16,-965.0,-129.0,933.0,-763.0,5.5,850.0,134.5,0.607143,fail_higher,0.607143,0.214286,overlap,0.0,1.603567
baseline_seed_31_60,direct,cntvaluein_bus_skew__idelay_data_cntvaluein__lane1__dq11__ctrl_none__dq11__value_ps,cntvaluein_bus_skew,idelay_data_cntvaluein,lane1,dq11,,dq11,14,16,239.0,442.5,709.0,164.0,357.0,840.0,-85.5,0.392857,fail_lower,0.607143,-0.214286,overlap,0.0,1.603567
baseline_seed_31_60,skew,abs_dqs_minus_dq_bit__idelay_cntvaluein_skew__lane0__dq7__ctrl_2__dqs_vs_dq_bit__value_ps,abs_dqs_minus_dq_bit,idelay_cntvaluein_skew,lane0,dq7,2,dqs_vs_dq_bit,14,16,117.0,491.5,1056.0,13.0,407.5,838.0,-84.0,0.392857,fail_lower,0.607143,-0.214286,overlap,0.0,1.603567
baseline_seed_31_60,direct,lane_spread__dq_iologic__lane0__no_bit__ctrl_none__lane__value_ps,lane_spread,dq_iologic,lane0,,,lane,14,16,2295.0,2605.0,3282.0,2410.0,2664.0,3694.0,59.0,0.604911,fail_higher,0.604911,0.209821,overlap,0.0,1.57016
baseline_seed_31_60,skew,signed_dqs_minus_dq_median__iologic_skew__lane1__dqs1__ctrl_none__dqs_vs_dq_lane__value_ps,signed_dqs_minus_dq_median,iologic_skew,lane1,dqs1,,dqs_vs_dq_lane,14,16,-244.0,217.0,795.5,28.0,267.5,838.5,50.5,0.604911,fail_higher,0.604911,0.209821,overlap,0.0,1.57016
baseline_seed_31_60,direct,direct_max__idelay_data_cntvaluein__lane1__dq10__ctrl_0__endpoint__value_ps,direct_max,idelay_data_cntvaluein,lane1,dq10,0,endpoint,14,16,1044.0,1420.0,1819.0,851.0,1500.5,1942.0,80.5,0.602679,fail_higher,0.602679,0.205357,overlap,0.0,1.536752
baseline_seed_31_60,direct,direct_max__idelay_data_cntvaluein__lane1__dq13__ctrl_0__endpoint__value_ps,direct_max,idelay_data_cntvaluein,lane1,dq13,0,endpoint,14,16,912.0,1419.0,1899.0,875.0,1479.0,1832.0,60.0,0.602679,fail_higher,0.602679,0.205357,overlap,0.0,1.536752
baseline_seed_31_60,skew,dq_bus_skew_range__idelay_cntvaluein_skew__lane1__no_bit__ctrl_none__dq_lane_bus_skew__value_ps,dq_bus_skew_range,idelay_cntvaluein_skew,lane1,,,dq_lane_bus_skew,14,16,231.0,396.5,520.0,167.0,389.5,517.0,-7.0,0.397321,fail_lower,0.602679,-0.205357,overlap,0.0,1.536752
baseline_seed_31_60,direct,control_fanout_spread__idelay_data_cntvaluein__lane0__no_bit__ctrl_3__lane_control_bit__value_ps,control_fanout_spread,idelay_data_cntvaluein,lane0,,3,lane_control_bit,14,16,185.0,423.5,751.0,189.0,313.5,585.0,-110.0,0.399554,fail_lower,0.600446,-0.200893,overlap,0.0,1.503344
baseline_seed_31_60,skew,dq_lane_range__idelay_cntvaluein_skew__lane0__no_bit__ctrl_3__dq_lane__value_ps,dq_lane_range,idelay_cntvaluein_skew,lane0,,3,dq_lane,14,16,185.0,423.5,751.0,189.0,313.5,585.0,-110.0,0.399554,fail_lower,0.600446,-0.200893,overlap,0.0,1.503344
baseline_seed_31_60,direct,cntvaluein_bus_skew__idelay_data_cntvaluein__lane1__dq15__ctrl_none__dq15__value_ps,cntvaluein_bus_skew,idelay_data_cntvaluein,lane1,dq15,,dq15,14,16,246.0,430.5,656.0,101.0,373.5,856.0,-57.0,0.399554,fail_lower,0.600446,-0.200893,overlap,0.0,1.503344
baseline_seed_31_60,skew,abs_dqs_minus_dq_bit__idelay_cntvaluein_skew__lane1__dq14__ctrl_1__dqs_vs_dq_bit__value_ps,abs_dqs_minus_dq_bit,idelay_cntvaluein_skew,lane1,dq14,1,dqs_vs_dq_bit,14,16,6.0,167.0,666.0,2.0,343.0,703.0,176.0,0.598214,fail_higher,0.598214,0.196429,overlap,0.0,1.469937
baseline_seed_31_60,skew,abs_dqs_minus_dq_bit__idelay_cntvaluein_skew__lane0__dq5__ctrl_1__dqs_vs_dq_bit__value_ps,abs_dqs_minus_dq_bit,idelay_cntvaluein_skew,lane0,dq5,1,dqs_vs_dq_bit,14,16,79.0,305.5,812.0,9.0,465.0,928.0,159.5,0.598214,fail_higher,0.598214,0.196429,overlap,0.0,1.469937
baseline_seed_31_60,direct,direct_max__idelay_data_cntvaluein__lane0__dq2__ctrl_0__endpoint__value_ps,direct_max,idelay_data_cntvaluein,lane0,dq2,0,endpoint,14,16,1393.0,1691.0,2326.0,1205.0,1848.0,2249.0,157.0,0.598214,fail_higher,0.598214,0.196429,overlap,0.0,1.469937
baseline_seed_31_60,skew,abs_dqs_minus_dq_bit__idelay_cntvaluein_skew__lane0__dq1__ctrl_1__dqs_vs_dq_bit__value_ps,abs_dqs_minus_dq_bit,idelay_cntvaluein_skew,lane0,dq1,1,dqs_vs_dq_bit,14,16,56.0,392.5,998.0,39.0,532.5,836.0,140.0,0.598214,fail_higher,0.598214,0.196429,overlap,0.0,1.469937
baseline_seed_31_60,direct,direct_max__dqs_iologic__lane0__dqs0__ctrl_none__endpoint__value_ps,direct_max,dqs_iologic,lane0,dqs0,,endpoint,14,16,2581.0,3121.0,3660.0,2444.0,3236.5,3809.0,115.5,0.598214,fail_higher,0.598214,0.196429,overlap,0.0,1.469937
baseline_seed_31_60,direct,lane_spread__dqs_iologic__lane0__no_bit__ctrl_none__lane__value_ps,lane_spread,dqs_iologic,lane0,,,lane,14,16,2581.0,3121.0,3660.0,2444.0,3236.5,3809.0,115.5,0.598214,fail_higher,0.598214,0.196429,overlap,0.0,1.469937
baseline_seed_31_60,direct,direct_max__idelay_ld__lane0__dq3__ctrl_none__endpoint__value_ps,direct_max,idelay_ld,lane0,dq3,,endpoint,14,16,1072.0,1549.0,2036.0,1343.0,1641.0,2456.0,92.0,0.598214,fail_higher,0.598214,0.196429,overlap,0.0,1.469937
baseline_seed_31_60,skew,abs_dqs_minus_dq_bit__idelay_cntvaluein_skew__lane0__dq6__ctrl_0__dqs_vs_dq_bit__value_ps,abs_dqs_minus_dq_bit,idelay_cntvaluein_skew,lane0,dq6,0,dqs_vs_dq_bit,14,16,19.0,227.5,856.0,120.0,314.0,859.0,86.5,0.598214,fail_higher,0.598214,0.196429,overlap,0.0,1.469937
baseline_seed_31_60,skew,abs_dqs_minus_dq_bit__idelay_cntvaluein_skew__lane1__dq11__ctrl_4__dqs_vs_dq_bit__value_ps,abs_dqs_minus_dq_bit,idelay_cntvaluein_skew,lane1,dq11,4,dqs_vs_dq_bit,14,16,32.0,246.0,897.0,38.0,285.0,884.0,39.0,0.598214,fail_higher,0.598214,0.196429,overlap,0.0,1.469937
baseline_seed_31_60,skew,signed_lane1_minus_lane0_dq_median__idelay_cntvaluein_skew__all__no_bit__ctrl_0__lane1_vs_lane0_dq__value_ps,signed_lane1_minus_lane0_dq_median,idelay_cntvaluein_skew,all,,0,lane1_vs_lane0_dq,14,16,-697.5,-287.5,-27.0,-624.0,-320.25,15.5,-32.75,0.401786,fail_lower,0.598214,-0.196429,overlap,0.0,1.469937
baseline_seed_31_60,skew,abs_lane1_minus_lane0_dq_median__idelay_cntvaluein_skew__all__no_bit__ctrl_0__lane1_vs_lane0_dq__value_ps,abs_lane1_minus_lane0_dq_median,idelay_cntvaluein_skew,all,,0,lane1_vs_lane0_dq,14,16,27.0,287.5,697.5,15.5,320.25,624.0,32.75,0.598214,fail_higher,0.598214,0.196429,overlap,0.0,1.469937
baseline_seed_31_60,direct,direct_max__idelay_data_cntvaluein__lane1__dq12__ctrl_0__endpoint__value_ps,direct_max,idelay_data_cntvaluein,lane1,dq12,0,endpoint,14,16,1128.0,1382.5,1738.0,1126.0,1508.5,1919.0,126.0,0.595982,fail_higher,0.595982,0.191964,overlap,0.0,1.436529
baseline_seed_31_60,skew,abs_dqs_minus_dq_bit__idelay_cntvaluein_skew__lane1__dq11__ctrl_0__dqs_vs_dq_bit__value_ps,abs_dqs_minus_dq_bit,idelay_cntvaluein_skew,lane1,dq11,0,dqs_vs_dq_bit,14,16,13.0,293.5,613.0,20.0,195.0,828.0,-98.5,0.404018,fail_lower,0.595982,-0.191964,overlap,0.0,1.436529
baseline_seed_31_60,skew,signed_dqs_minus_dq_bit__idelay_cntvaluein_skew__lane0__dq3__ctrl_2__dqs_vs_dq_bit__value_ps,signed_dqs_minus_dq_bit,idelay_cntvaluein_skew,lane0,dq3,2,dqs_vs_dq_bit,14,16,-803.0,-226.0,786.0,-600.0,28.0,1131.0,254.0,0.59375,fail_higher,0.59375,0.1875,overlap,0.0,1.403122
baseline_seed_31_60,skew,signed_dqs_minus_dq_bit__idelay_cntvaluein_skew__lane0__dq3__ctrl_1__dqs_vs_dq_bit__value_ps,signed_dqs_minus_dq_bit,idelay_cntvaluein_skew,lane0,dq3,1,dqs_vs_dq_bit,14,16,-679.0,-151.0,723.0,-645.0,81.5,847.0,232.5,0.59375,fail_higher,0.59375,0.1875,overlap,0.0,1.403122
baseline_seed_31_60,skew,abs_dqs_minus_dq_bit__idelay_cntvaluein_skew__lane0__dq2__ctrl_2__dqs_vs_dq_bit__value_ps,abs_dqs_minus_dq_bit,idelay_cntvaluein_skew,lane0,dq2,2,dqs_vs_dq_bit,14,16,69.0,528.0,970.0,104.0,360.5,1014.0,-167.5,0.40625,fail_lower,0.59375,-0.1875,overlap,0.0,1.403122
baseline_seed_31_60,skew,abs_dqs_minus_dq_bit__idelay_cntvaluein_skew__lane0__dq5__ctrl_2__dqs_vs_dq_bit__value_ps,abs_dqs_minus_dq_bit,idelay_cntvaluein_skew,lane0,dq5,2,dqs_vs_dq_bit,14,16,122.0,445.5,891.0,125.0,308.5,1077.0,-137.0,0.40625,fail_lower,0.59375,-0.1875,overlap,0.0,1.403122
baseline_seed_31_60,skew,signed_dqs_minus_dq_median__iologic_skew__lane0__dqs0__ctrl_none__dqs_vs_dq_lane__value_ps,signed_dqs_minus_dq_median,iologic_skew,lane0,dqs0,,dqs_vs_dq_lane,14,16,-386.5,973.0,1632.0,117.5,1080.25,1547.0,107.25,0.59375,fail_higher,0.59375,0.1875,overlap,0.0,1.403122
baseline_seed_31_60,skew,abs_dqs_minus_dq_bit__idelay_cntvaluein_skew__lane1__dq11__ctrl_3__dqs_vs_dq_bit__value_ps,abs_dqs_minus_dq_bit,idelay_cntvaluein_skew,lane1,dq11,3,dqs_vs_dq_bit,14,16,5.0,221.5,782.0,2.0,304.0,872.0,82.5,0.59375,fail_higher,0.59375,0.1875,overlap,0.0,1.403122
baseline_seed_31_60,direct,cntvaluein_bus_skew__idelay_data_cntvaluein__lane0__dq7__ctrl_none__dq7__value_ps,cntvaluein_bus_skew,idelay_data_cntvaluein,lane0,dq7,,dq7,14,16,199.0,697.5,1221.0,299.0,621.0,1017.0,-76.5,0.40625,fail_lower,0.59375,-0.1875,overlap,0.0,1.403122
baseline_seed_31_60,skew,abs_ld_minus_cntvaluein_dq_median__idelay_ld_cntvaluein_skew__lane1__no_bit__ctrl_0__ld_vs_cntvaluein_dq_lane__value_ps,abs_ld_minus_cntvaluein_dq_median,idelay_ld_cntvaluein_skew,lane1,,0,ld_vs_cntvaluein_dq_lane,14,16,27.5,125.25,571.5,68.5,188.25,631.5,63.0,0.59375,fail_higher,0.59375,0.1875,overlap,0.0,1.403122
baseline_seed_31_60,direct,direct_max__idelay_data_cntvaluein__lane1__dq12__ctrl_3__endpoint__value_ps,direct_max,idelay_data_cntvaluein,lane1,dq12,3,endpoint,14,16,1162.0,1468.5,1925.0,1162.0,1507.5,2032.0,39.0,0.59375,fail_higher,0.59375,0.1875,overlap,0.0,1.403122
baseline_seed_31_60,direct,cntvaluein_bus_skew__idelay_dqs_cntvaluein__lane0__dqs0__ctrl_none__dqs0__value_ps,cntvaluein_bus_skew,idelay_dqs_cntvaluein,lane0,dqs0,,dqs0,14,16,390.0,625.0,1188.0,147.0,795.0,1581.0,170.0,0.591518,fail_higher,0.591518,0.183036,overlap,0.0,1.369714
baseline_seed_31_60,direct,lane_spread__idelay_dqs_cntvaluein__lane0__no_bit__ctrl_none__lane__value_ps,lane_spread,idelay_dqs_cntvaluein,lane0,,,lane,14,16,390.0,625.0,1188.0,147.0,795.0,1581.0,170.0,0.591518,fail_higher,0.591518,0.183036,overlap,0.0,1.369714
baseline_seed_31_60,skew,signed_lane1_minus_lane0_dqs__idelay_cntvaluein_skew__all__no_bit__ctrl_0__lane1_vs_lane0_dqs__value_ps,signed_lane1_minus_lane0_dqs,idelay_cntvaluein_skew,all,,0,lane1_vs_lane0_dqs,14,16,-581.0,-276.5,95.0,-520.0,-265.5,109.0,11.0,0.591518,fail_higher,0.591518,0.183036,overlap,0.0,1.369714
baseline_seed_31_60,skew,abs_lane1_minus_lane0_dqs__idelay_cntvaluein_skew__all__no_bit__ctrl_0__lane1_vs_lane0_dqs__value_ps,abs_lane1_minus_lane0_dqs,idelay_cntvaluein_skew,all,,0,lane1_vs_lane0_dqs,14,16,18.0,276.5,581.0,31.0,265.5,520.0,-11.0,0.408482,fail_lower,0.591518,-0.183036,overlap,0.0,1.369714
baseline_seed_31_60,skew,signed_dqs_minus_dq_bit__idelay_cntvaluein_skew__lane0__dq3__ctrl_4__dqs_vs_dq_bit__value_ps,signed_dqs_minus_dq_bit,idelay_cntvaluein_skew,lane0,dq3,4,dqs_vs_dq_bit,14,16,-384.0,170.5,566.0,-960.0,-23.5,1091.0,-194.0,0.410714,fail_lower,0.589286,-0.178571,overlap,0.0,1.336306
baseline_seed_31_60,skew,signed_dqs_minus_dq_bit__idelay_cntvaluein_skew__lane1__dq15__ctrl_1__dqs_vs_dq_bit__value_ps,signed_dqs_minus_dq_bit,idelay_cntvaluein_skew,lane1,dq15,1,dqs_vs_dq_bit,14,16,-430.0,69.5,701.0,-329.0,219.0,847.0,149.5,0.589286,fail_higher,0.589286,0.178571,overlap,0.0,1.336306
baseline_seed_31_60,skew,abs_dqs_minus_dq_median__idelay_cntvaluein_skew__lane1__dqs1__ctrl_0__dqs_vs_dq_lane__value_ps,abs_dqs_minus_dq_median,idelay_cntvaluein_skew,lane1,dqs1,0,dqs_vs_dq_lane,14,16,4.0,319.25,611.5,61.5,204.75,780.5,-114.5,0.410714,fail_lower,0.589286,-0.178571,overlap,0.0,1.336306
baseline_seed_31_60,skew,abs_ld_minus_cntvaluein_dqs__idelay_ld_cntvaluein_skew__lane1__dqs1__ctrl_2__ld_vs_cntvaluein_dqs__value_ps,abs_ld_minus_cntvaluein_dqs,idelay_ld_cntvaluein_skew,lane1,dqs1,2,ld_vs_cntvaluein_dqs,14,16,38.0,190.0,1257.0,8.0,292.0,833.0,102.0,0.589286,fail_higher,0.589286,0.178571,overlap,0.0,1.336306
baseline_seed_31_60,skew,abs_dqs_minus_dq_bit__idelay_cntvaluein_skew__lane0__dq4__ctrl_3__dqs_vs_dq_bit__value_ps,abs_dqs_minus_dq_bit,idelay_cntvaluein_skew,lane0,dq4,3,dqs_vs_dq_bit,14,16,31.0,371.5,1005.0,24.0,278.5,1086.0,-93.0,0.410714,fail_lower,0.589286,-0.178571,overlap,0.0,1.336306
baseline_seed_31_60,skew,abs_dqs_bus_skew_minus_dq_median__idelay_cntvaluein_skew__lane1__dqs1__ctrl_none__dqs_vs_dq_bus_skew__value_ps,abs_dqs_bus_skew_minus_dq_median,idelay_cntvaluein_skew,lane1,dqs1,,dqs_vs_dq_bus_skew,14,16,6.5,179.0,520.0,7.0,86.5,901.0,-92.5,0.410714,fail_lower,0.589286,-0.178571,overlap,0.0,1.336306
baseline_seed_31_60,direct,direct_max__idelay_data_cntvaluein__lane1__dq8__ctrl_1__endpoint__value_ps,direct_max,idelay_data_cntvaluein,lane1,dq8,1,endpoint,14,16,1098.0,1411.5,2045.0,888.0,1475.0,2072.0,63.5,0.589286,fail_higher,0.589286,0.178571,overlap,0.0,1.336306
baseline_seed_31_60,direct,direct_max__dq_iologic__lane0__dq5__ctrl_none__endpoint__value_ps,direct_max,dq_iologic,lane0,dq5,,endpoint,14,16,1802.0,2272.5,3282.0,1782.0,2335.5,3668.0,63.0,0.589286,fail_higher,0.589286,0.178571,overlap,0.0,1.336306
baseline_seed_31_60,direct,direct_max__idelay_ld__lane1__dqs1__ctrl_none__endpoint__value_ps,direct_max,idelay_ld,lane1,dqs1,,endpoint,14,16,1105.0,1444.5,1871.0,1340.0,1466.5,1804.0,22.0,0.589286,fail_higher,0.589286,0.178571,overlap,0.0,1.336306
baseline_seed_31_60,skew,abs_dqs_minus_dq_bit__idelay_cntvaluein_skew__lane0__dq6__ctrl_3__dqs_vs_dq_bit__value_ps,abs_dqs_minus_dq_bit,idelay_cntvaluein_skew,lane0,dq6,3,dqs_vs_dq_bit,14,16,29.0,385.5,965.0,15.0,395.5,850.0,10.0,0.410714,fail_lower,0.589286,-0.178571,overlap,0.0,1.336306
baseline_seed_31_60,skew,abs_dqs_minus_dq_bit__idelay_cntvaluein_skew__lane1__dq8__ctrl_2__dqs_vs_dq_bit__value_ps,abs_dqs_minus_dq_bit,idelay_cntvaluein_skew,lane1,dq8,2,dqs_vs_dq_bit,14,16,20.0,398.5,1308.0,50.0,325.5,607.0,-73.0,0.412946,fail_lower,0.587054,-0.174107,overlap,0.0,1.302899
baseline_seed_31_60,skew,signed_ld_minus_cntvaluein_dqs__idelay_ld_cntvaluein_skew__lane1__dqs1__ctrl_3__ld_vs_cntvaluein_dqs__value_ps,signed_ld_minus_cntvaluein_dqs,idelay_ld_cntvaluein_skew,lane1,dqs1,3,ld_vs_cntvaluein_dqs,14,16,-372.0,-38.5,1344.0,-650.0,115.0,846.0,153.5,0.584821,fail_higher,0.584821,0.169643,overlap,0.0,1.269491
baseline_seed_31_60,direct,direct_max__idelay_data_cntvaluein__lane0__dq3__ctrl_3__endpoint__value_ps,direct_max,idelay_data_cntvaluein,lane0,dq3,3,endpoint,14,16,1070.0,1534.0,2107.0,1228.0,1644.0,2176.0,110.0,0.584821,fail_higher,0.584821,0.169643,overlap,0.0,1.269491
baseline_seed_31_60,skew,abs_dqs_minus_dq_bit__idelay_cntvaluein_skew__lane1__dq9__ctrl_2__dqs_vs_dq_bit__value_ps,abs_dqs_minus_dq_bit,idelay_cntvaluein_skew,lane1,dq9,2,dqs_vs_dq_bit,14,16,11.0,206.5,706.0,31.0,289.5,684.0,83.0,0.584821,fail_higher,0.584821,0.169643,overlap,0.0,1.269491
baseline_seed_31_60,direct,direct_max__idelay_data_cntvaluein__lane0__dq3__ctrl_2__endpoint__value_ps,direct_max,idelay_data_cntvaluein,lane0,dq3,2,endpoint,14,16,1105.0,1674.0,2107.0,1208.0,1591.5,2296.0,-82.5,0.415179,fail_lower,0.584821,-0.169643,overlap,0.0,1.269491
baseline_seed_31_60,skew,abs_dqs_minus_dq_median__idelay_cntvaluein_skew__lane0__dqs0__ctrl_3__dqs_vs_dq_lane__value_ps,abs_dqs_minus_dq_median,idelay_cntvaluein_skew,lane0,dqs0,3,dqs_vs_dq_lane,14,16,81.5,363.75,1003.0,18.0,318.5,991.5,-45.25,0.415179,fail_lower,0.584821,-0.169643,overlap,0.0,1.269491
baseline_seed_31_60,direct,control_fanout_spread__idelay_data_cntvaluein__lane1__no_bit__ctrl_1__lane_control_bit__value_ps,control_fanout_spread,idelay_data_cntvaluein,lane1,,1,lane_control_bit,14,16,91.0,414.0,764.0,261.0,459.0,644.0,45.0,0.584821,fail_higher,0.584821,0.169643,overlap,0.0,1.269491
baseline_seed_31_60,skew,dq_lane_range__idelay_cntvaluein_skew__lane1__no_bit__ctrl_1__dq_lane__value_ps,dq_lane_range,idelay_cntvaluein_skew,lane1,,1,dq_lane,14,16,91.0,414.0,764.0,261.0,459.0,644.0,45.0,0.584821,fail_higher,0.584821,0.169643,overlap,0.0,1.269491
baseline_seed_31_60,skew,abs_dqs_minus_dq_bit__idelay_cntvaluein_skew__lane1__dq12__ctrl_1__dqs_vs_dq_bit__value_ps,abs_dqs_minus_dq_bit,idelay_cntvaluein_skew,lane1,dq12,1,dqs_vs_dq_bit,14,16,13.0,140.0,836.0,13.0,366.0,742.0,226.0,0.582589,fail_higher,0.582589,0.165179,overlap,0.0,1.236083
baseline_seed_31_60,skew,signed_dqs_minus_dq_bit__idelay_cntvaluein_skew__lane1__dq9__ctrl_1__dqs_vs_dq_bit__value_ps,signed_dqs_minus_dq_bit,idelay_cntvaluein_skew,lane1,dq9,1,dqs_vs_dq_bit,14,16,-520.0,1.0,681.0,-520.0,132.5,756.0,131.5,0.582589,fail_higher,0.582589,0.165179,overlap,0.0,1.236083
baseline_seed_31_60,direct,direct_max__idelay_data_cntvaluein__lane0__dq3__ctrl_0__endpoint__value_ps,direct_max,idelay_data_cntvaluein,lane0,dq3,0,endpoint,14,16,1172.0,1506.0,1940.0,1042.0,1613.5,2125.0,107.5,0.582589,fail_higher,0.582589,0.165179,overlap,0.0,1.236083
baseline_seed_31_60,direct,cntvaluein_bus_skew__idelay_data_cntvaluein__lane0__dq0__ctrl_none__dq0__value_ps,cntvaluein_bus_skew,idelay_data_cntvaluein,lane0,dq0,,dq0,14,16,414.0,674.5,1219.0,77.0,627.5,990.0,-47.0,0.417411,fail_lower,0.582589,-0.165179,overlap,0.0,1.236083
baseline_seed_31_60,direct,direct_max__idelay_data_cntvaluein__lane1__dq13__ctrl_3__endpoint__value_ps,direct_max,idelay_data_cntvaluein,lane1,dq13,3,endpoint,14,16,1004.0,1461.0,1824.0,1070.0,1317.0,2029.0,-144.0,0.419643,fail_lower,0.580357,-0.160714,overlap,0.0,1.202676
baseline_seed_31_60,direct,direct_max__idelay_data_cntvaluein__lane1__dq9__ctrl_2__endpoint__value_ps,direct_max,idelay_data_cntvaluein,lane1,dq9,2,endpoint,14,16,907.0,1259.5,1745.0,763.0,1382.0,2263.0,122.5,0.580357,fail_higher,0.580357,0.160714,overlap,0.0,1.202676
baseline_seed_31_60,skew,abs_dqs_minus_dq_bit__idelay_cntvaluein_skew__lane0__dq0__ctrl_1__dqs_vs_dq_bit__value_ps,abs_dqs_minus_dq_bit,idelay_cntvaluein_skew,lane0,dq0,1,dqs_vs_dq_bit,14,16,20.0,400.0,907.0,28.0,520.5,794.0,120.5,0.580357,fail_higher,0.580357,0.160714,overlap,0.0,1.202676
baseline_seed_31_60,skew,abs_dqs_minus_dq_median__iologic_skew__lane0__dqs0__ctrl_none__dqs_vs_dq_lane__value_ps,abs_dqs_minus_dq_median,iologic_skew,lane0,dqs0,,dqs_vs_dq_lane,14,16,188.0,973.0,1632.0,117.5,1080.25,1547.0,107.25,0.580357,fail_higher,0.580357,0.160714,overlap,0.0,1.202676
baseline_seed_31_60,skew,signed_lane1_minus_lane0_dq_median__idelay_cntvaluein_skew__all__no_bit__ctrl_1__lane1_vs_lane0_dq__value_ps,signed_lane1_minus_lane0_dq_median,idelay_cntvaluein_skew,all,,1,lane1_vs_lane0_dq,14,16,-629.0,-265.5,-92.5,-589.0,-370.75,-12.5,-105.25,0.421875,fail_lower,0.578125,-0.15625,overlap,0.0,1.169268
baseline_seed_31_60,skew,abs_lane1_minus_lane0_dq_median__idelay_cntvaluein_skew__all__no_bit__ctrl_1__lane1_vs_lane0_dq__value_ps,abs_lane1_minus_lane0_dq_median,idelay_cntvaluein_skew,all,,1,lane1_vs_lane0_dq,14,16,92.5,265.5,629.0,12.5,370.75,589.0,105.25,0.578125,fail_higher,0.578125,0.15625,overlap,0.0,1.169268
baseline_seed_31_60,direct,direct_max__dqs_iologic__lane1__dqs1__ctrl_none__endpoint__value_ps,direct_max,dqs_iologic,lane1,dqs1,,endpoint,14,16,2339.0,2850.0,3269.0,2522.0,2862.5,4232.0,12.5,0.578125,fail_higher,0.578125,0.15625,overlap,0.0,1.169268
baseline_seed_31_60,direct,lane_spread__dqs_iologic__lane1__no_bit__ctrl_none__lane__value_ps,lane_spread,dqs_iologic,lane1,,,lane,14,16,2339.0,2850.0,3269.0,2522.0,2862.5,4232.0,12.5,0.578125,fail_higher,0.578125,0.15625,overlap,0.0,1.169268
baseline_seed_31_60,skew,signed_lane1_minus_lane0_dqs__idelay_cntvaluein_skew__all__no_bit__ctrl_3__lane1_vs_lane0_dqs__value_ps,signed_lane1_minus_lane0_dqs,idelay_cntvaluein_skew,all,,3,lane1_vs_lane0_dqs,14,16,-508.0,-275.0,110.0,-508.0,-287.5,38.0,-12.5,0.421875,fail_lower,0.578125,-0.15625,overlap,0.0,1.169268
baseline_seed_31_60,skew,abs_dqs_minus_dq_bit__idelay_cntvaluein_skew__lane1__dq15__ctrl_4__dqs_vs_dq_bit__value_ps,abs_dqs_minus_dq_bit,idelay_cntvaluein_skew,lane1,dq15,4,dqs_vs_dq_bit,14,16,20.0,202.5,679.0,4.0,199.0,785.0,-3.5,0.578125,fail_higher,0.578125,0.15625,overlap,0.0,1.169268
baseline_seed_31_60,skew,signed_dqs_minus_dq_bit__idelay_cntvaluein_skew__lane1__dq10__ctrl_4__dqs_vs_dq_bit__value_ps,signed_dqs_minus_dq_bit,idelay_cntvaluein_skew,lane1,dq10,4,dqs_vs_dq_bit,14,16,-639.0,0.5,261.0,-500.0,-161.0,635.0,-161.5,0.424107,fail_lower,0.575893,-0.151786,overlap,0.0,1.13586
baseline_seed_31_60,skew,signed_dqs_minus_dq_bit__idelay_cntvaluein_skew__lane1__dq15__ctrl_0__dqs_vs_dq_bit__value_ps,signed_dqs_minus_dq_bit,idelay_cntvaluein_skew,lane1,dq15,0,dqs_vs_dq_bit,14,16,-316.0,100.5,751.0,-527.0,-56.0,711.0,-156.5,0.424107,fail_lower,0.575893,-0.151786,overlap,0.0,1.13586
baseline_seed_31_60,skew,abs_dqs_minus_dq_median__idelay_cntvaluein_skew__lane0__dqs0__ctrl_1__dqs_vs_dq_lane__value_ps,abs_dqs_minus_dq_median,idelay_cntvaluein_skew,lane0,dqs0,1,dqs_vs_dq_lane,14,16,20.0,419.75,952.5,6.0,527.25,881.5,107.5,0.575893,fail_higher,0.575893,0.151786,overlap,0.0,1.13586
baseline_seed_31_60,skew,signed_dqs_minus_dq_bit__idelay_cntvaluein_skew__lane1__dq15__ctrl_3__dqs_vs_dq_bit__value_ps,signed_dqs_minus_dq_bit,idelay_cntvaluein_skew,lane1,dq15,3,dqs_vs_dq_bit,14,16,-601.0,286.5,638.0,-679.0,231.0,1174.0,-55.5,0.424107,fail_lower,0.575893,-0.151786,overlap,0.0,1.13586
baseline_seed_31_60,direct,direct_max__idelay_data_cntvaluein__lane0__dq4__ctrl_1__endpoint__value_ps,direct_max,idelay_data_cntvaluein,lane0,dq4,1,endpoint,14,16,1105.0,1690.0,2420.0,1222.0,1743.5,2278.0,53.5,0.575893,fail_higher,0.575893,0.151786,overlap,0.0,1.13586
baseline_seed_31_60,direct,direct_max__dq_iologic__lane0__dq4__ctrl_none__endpoint__value_ps,direct_max,dq_iologic,lane0,dq4,,endpoint,14,16,1838.0,2009.5,2967.0,1754.0,1997.0,3523.0,-12.5,0.424107,fail_lower,0.575893,-0.151786,overlap,0.0,1.13586
baseline_seed_31_60,skew,signed_dqs_minus_dq_bit__idelay_cntvaluein_skew__lane0__dq7__ctrl_3__dqs_vs_dq_bit__value_ps,signed_dqs_minus_dq_bit,idelay_cntvaluein_skew,lane0,dq7,3,dqs_vs_dq_bit,14,16,-1098.0,-38.0,627.0,-1179.0,-44.5,956.0,-6.5,0.575893,fail_higher,0.575893,0.151786,overlap,0.0,1.13586
baseline_seed_31_60,direct,direct_max__idelay_ld__lane0__dq1__ctrl_none__endpoint__value_ps,direct_max,idelay_ld,lane0,dq1,,endpoint,14,16,1215.0,1676.0,2319.0,1450.0,1751.0,2592.0,75.0,0.573661,fail_higher,0.573661,0.147321,overlap,0.0,1.102453
baseline_seed_31_60,skew,abs_dqs_minus_dq_bit__idelay_cntvaluein_skew__lane0__dq1__ctrl_0__dqs_vs_dq_bit__value_ps,abs_dqs_minus_dq_bit,idelay_cntvaluein_skew,lane0,dq1,0,dqs_vs_dq_bit,14,16,13.0,297.0,1016.0,51.0,354.5,929.0,57.5,0.573661,fail_higher,0.573661,0.147321,overlap,0.0,1.102453
baseline_seed_31_60,skew,abs_ld_minus_cntvaluein_dqs__idelay_ld_cntvaluein_skew__lane0__dqs0__ctrl_0__ld_vs_cntvaluein_dqs__value_ps,abs_ld_minus_cntvaluein_dqs,idelay_ld_cntvaluein_skew,lane0,dqs0,0,ld_vs_cntvaluein_dqs,14,16,3.0,566.5,891.0,12.0,356.0,1149.0,-210.5,0.428571,fail_lower,0.571429,-0.142857,overlap,0.0,1.069045
baseline_seed_31_60,skew,signed_dqs_minus_dq_bit__idelay_cntvaluein_skew__lane0__dq7__ctrl_1__dqs_vs_dq_bit__value_ps,signed_dqs_minus_dq_bit,idelay_cntvaluein_skew,lane0,dq7,1,dqs_vs_dq_bit,14,16,-1183.0,-360.5,365.0,-1020.0,-171.0,706.0,189.5,0.571429,fail_higher,0.571429,0.142857,overlap,0.0,1.069045
baseline_seed_31_60,direct,direct_max__idelay_data_cntvaluein__lane0__dq6__ctrl_3__endpoint__value_ps,direct_max,idelay_data_cntvaluein,lane0,dq6,3,endpoint,14,16,1126.0,1813.5,2191.0,1190.0,1675.5,2302.0,-138.0,0.428571,fail_lower,0.571429,-0.142857,overlap,0.0,1.069045
baseline_seed_31_60,direct,direct_max__idelay_data_cntvaluein__lane1__dq11__ctrl_0__endpoint__value_ps,direct_max,idelay_data_cntvaluein,lane1,dq11,0,endpoint,14,16,992.0,1348.5,1812.0,875.0,1470.0,1815.0,121.5,0.571429,fail_higher,0.571429,0.142857,overlap,0.0,1.069045
baseline_seed_31_60,direct,cntvaluein_bus_skew__idelay_data_cntvaluein__lane1__dq13__ctrl_none__dq13__value_ps,cntvaluein_bus_skew,idelay_data_cntvaluein,lane1,dq13,,dq13,14,16,260.0,499.0,765.0,251.0,390.5,717.0,-108.5,0.428571,fail_lower,0.571429,-0.142857,overlap,0.0,1.069045
baseline_seed_31_60,skew,abs_dqs_minus_dq_bit__idelay_cntvaluein_skew__lane1__dq13__ctrl_2__dqs_vs_dq_bit__value_ps,abs_dqs_minus_dq_bit,idelay_cntvaluein_skew,lane1,dq13,2,dqs_vs_dq_bit,14,16,39.0,150.5,1004.0,5.0,259.0,608.0,108.5,0.571429,fail_higher,0.571429,0.142857,overlap,0.0,1.069045
baseline_seed_31_60,direct,direct_max__dq_iologic__lane0__dq7__ctrl_none__endpoint__value_ps,direct_max,dq_iologic,lane0,dq7,,endpoint,14,16,2055.0,2540.5,3220.0,2134.0,2635.5,3694.0,95.0,0.571429,fail_higher,0.571429,0.142857,overlap,0.0,1.069045
baseline_seed_31_60,skew,abs_ld_minus_cntvaluein_dq_median__idelay_ld_cntvaluein_skew__lane1__no_bit__ctrl_1__ld_vs_cntvaluein_dq_lane__value_ps,abs_ld_minus_cntvaluein_dq_median,idelay_ld_cntvaluein_skew,lane1,,1,ld_vs_cntvaluein_dq_lane,14,16,5.5,174.75,472.0,19.0,238.75,569.0,64.0,0.571429,fail_higher,0.571429,0.142857,overlap,0.0,1.069045
baseline_seed_31_60,skew,signed_dqs_minus_dq_bit__idelay_cntvaluein_skew__lane0__dq6__ctrl_4__dqs_vs_dq_bit__value_ps,signed_dqs_minus_dq_bit,idelay_cntvaluein_skew,lane0,dq6,4,dqs_vs_dq_bit,14,16,-397.0,-66.5,288.0,-1020.0,-109.5,1125.0,-43.0,0.428571,fail_lower,0.571429,-0.142857,overlap,0.0,1.069045
baseline_seed_31_60,skew,abs_dqs_minus_dq_bit__idelay_cntvaluein_skew__lane1__dq10__ctrl_2__dqs_vs_dq_bit__value_ps,abs_dqs_minus_dq_bit,idelay_cntvaluein_skew,lane1,dq10,2,dqs_vs_dq_bit,14,16,5.0,286.0,1213.0,8.0,328.0,520.0,42.0,0.428571,fail_lower,0.571429,-0.142857,overlap,0.0,1.069045
baseline_seed_31_60,skew,abs_dqs_minus_dq_bit__idelay_cntvaluein_skew__lane1__dq11__ctrl_1__dqs_vs_dq_bit__value_ps,abs_dqs_minus_dq_bit,idelay_cntvaluein_skew,lane1,dq11,1,dqs_vs_dq_bit,14,16,23.0,176.0,752.0,48.0,239.0,630.0,63.0,0.569196,fail_higher,0.569196,0.138393,overlap,0.0,1.035637
baseline_seed_31_60,skew,abs_ld_minus_cntvaluein_dqs__idelay_ld_cntvaluein_skew__lane1__dqs1__ctrl_1__ld_vs_cntvaluein_dqs__value_ps,abs_ld_minus_cntvaluein_dqs,idelay_ld_cntvaluein_skew,lane1,dqs1,1,ld_vs_cntvaluein_dqs,14,16,38.0,228.0,1200.0,51.0,276.0,737.0,48.0,0.569196,fail_higher,0.569196,0.138393,overlap,0.0,1.035637
baseline_seed_31_60,direct,direct_max__idelay_data_cntvaluein__lane1__dq11__ctrl_3__endpoint__value_ps,direct_max,idelay_data_cntvaluein,lane1,dq11,3,endpoint,14,16,1001.0,1412.0,1792.0,1064.0,1369.5,1945.0,-42.5,0.430804,fail_lower,0.569196,-0.138393,overlap,0.0,1.035637
baseline_seed_31_60,skew,abs_lane1_minus_lane0_dqs__idelay_cntvaluein_skew__all__no_bit__ctrl_3__lane1_vs_lane0_dqs__value_ps,abs_lane1_minus_lane0_dqs,idelay_cntvaluein_skew,all,,3,lane1_vs_lane0_dqs,14,16,79.0,275.0,508.0,38.0,287.5,508.0,12.5,0.569196,fail_higher,0.569196,0.138393,overlap,0.0,1.035637
baseline_seed_31_60,skew,signed_dqs_minus_dq_bit__idelay_cntvaluein_skew__lane0__dq6__ctrl_1__dqs_vs_dq_bit__value_ps,signed_dqs_minus_dq_bit,idelay_cntvaluein_skew,lane0,dq6,1,dqs_vs_dq_bit,14,16,-814.0,-463.5,446.0,-1021.0,-172.0,880.0,291.5,0.566964,fail_higher,0.566964,0.133929,overlap,0.0,1.00223
baseline_seed_31_60,skew,signed_ld_minus_cntvaluein_dq_median__idelay_ld_cntvaluein_skew__lane1__no_bit__ctrl_0__ld_vs_cntvaluein_dq_lane__value_ps,signed_ld_minus_cntvaluein_dq_median,idelay_ld_cntvaluein_skew,lane1,,0,ld_vs_cntvaluein_dq_lane,14,16,-349.0,95.75,571.5,-277.0,-70.0,631.5,-165.75,0.433036,fail_lower,0.566964,-0.133929,overlap,0.0,1.00223
baseline_seed_31_60,skew,abs_dqs_minus_dq_bit__idelay_cntvaluein_skew__lane0__dq2__ctrl_1__dqs_vs_dq_bit__value_ps,abs_dqs_minus_dq_bit,idelay_cntvaluein_skew,lane0,dq2,1,dqs_vs_dq_bit,14,16,20.0,454.5,1091.0,53.0,569.0,928.0,114.5,0.566964,fail_higher,0.566964,0.133929,overlap,0.0,1.00223
baseline_seed_31_60,direct,direct_max__idelay_ld__lane0__dq0__ctrl_none__endpoint__value_ps,direct_max,idelay_ld,lane0,dq0,,endpoint,14,16,1297.0,1686.0,2180.0,1365.0,1740.5,2533.0,54.5,0.566964,fail_higher,0.566964,0.133929,overlap,0.0,1.00223
baseline_seed_31_60,skew,signed_dqs_minus_dq_bit__idelay_cntvaluein_skew__lane1__dq11__ctrl_3__dqs_vs_dq_bit__value_ps,signed_dqs_minus_dq_bit,idelay_cntvaluein_skew,lane1,dq11,3,dqs_vs_dq_bit,14,16,-782.0,119.5,347.0,-587.0,95.5,872.0,-24.0,0.566964,fail_higher,0.566964,0.133929,overlap,0.0,1.00223
baseline_seed_31_60,direct,control_fanout_spread__idelay_data_cntvaluein__lane1__no_bit__ctrl_0__lane_control_bit__value_ps,control_fanout_spread,idelay_data_cntvaluein,lane1,,0,lane_control_bit,14,16,238.0,373.5,598.0,148.0,380.0,541.0,6.5,0.433036,fail_lower,0.566964,-0.133929,overlap,0.0,1.00223
baseline_seed_31_60,skew,dq_lane_range__idelay_cntvaluein_skew__lane1__no_bit__ctrl_0__dq_lane__value_ps,dq_lane_range,idelay_cntvaluein_skew,lane1,,0,dq_lane,14,16,238.0,373.5,598.0,148.0,380.0,541.0,6.5,0.433036,fail_lower,0.566964,-0.133929,overlap,0.0,1.00223
baseline_seed_31_60,skew,abs_dqs_minus_dq_bit__idelay_cntvaluein_skew__lane1__dq8__ctrl_4__dqs_vs_dq_bit__value_ps,abs_dqs_minus_dq_bit,idelay_cntvaluein_skew,lane1,dq8,4,dqs_vs_dq_bit,14,16,30.0,102.0,813.0,0.0,291.5,638.0,189.5,0.5625,fail_higher,0.5625,0.125,overlap,0.0,0.935414
baseline_seed_31_60,skew,signed_dqs_minus_dq_bit__idelay_cntvaluein_skew__lane0__dq5__ctrl_4__dqs_vs_dq_bit__value_ps,signed_dqs_minus_dq_bit,idelay_cntvaluein_skew,lane0,dq5,4,dqs_vs_dq_bit,14,16,-410.0,82.5,559.0,-1047.0,-79.0,1002.0,-161.5,0.4375,fail_lower,0.5625,-0.125,overlap,0.0,0.935414
baseline_seed_31_60,direct,direct_max__idelay_data_cntvaluein__lane0__dq7__ctrl_3__endpoint__value_ps,direct_max,idelay_data_cntvaluein,lane0,dq7,3,endpoint,14,16,1268.0,1850.5,2395.0,1348.0,1716.5,2430.0,-134.0,0.4375,fail_lower,0.5625,-0.125,overlap,0.0,0.935414
baseline_seed_31_60,direct,cntvaluein_bus_skew__idelay_data_cntvaluein__lane1__dq12__ctrl_none__dq12__value_ps,cntvaluein_bus_skew,idelay_data_cntvaluein,lane1,dq12,,dq12,14,16,204.0,548.5,699.0,240.0,435.0,835.0,-113.5,0.4375,fail_lower,0.5625,-0.125,overlap,0.0,0.935414
baseline_seed_31_60,skew,signed_ld_minus_cntvaluein_dq_median__idelay_ld_cntvaluein_skew__lane0__no_bit__ctrl_3__ld_vs_cntvaluein_dq_lane__value_ps,signed_ld_minus_cntvaluein_dq_median,idelay_ld_cntvaluein_skew,lane0,,3,ld_vs_cntvaluein_dq_lane,14,16,-1049.5,-24.25,595.0,-677.5,70.0,633.5,94.25,0.5625,fail_higher,0.5625,0.125,overlap,0.0,0.935414
baseline_seed_31_60,direct,direct_max__idelay_data_cntvaluein__lane0__dq5__ctrl_3__endpoint__value_ps,direct_max,idelay_data_cntvaluein,lane0,dq5,3,endpoint,14,16,990.0,1558.0,1962.0,1291.0,1632.0,2079.0,74.0,0.5625,fail_higher,0.5625,0.125,overlap,0.0,0.935414
baseline_seed_31_60,direct,direct_max__idelay_ld__lane1__dq8__ctrl_none__endpoint__value_ps,direct_max,idelay_ld,lane1,dq8,,endpoint,14,16,1093.0,1554.0,1932.0,1243.0,1600.5,1935.0,46.5,0.5625,fail_higher,0.5625,0.125,overlap,0.0,0.935414
baseline_seed_31_60,skew,abs_ld_minus_cntvaluein_dqs__idelay_ld_cntvaluein_skew__lane0__dqs0__ctrl_4__ld_vs_cntvaluein_dqs__value_ps,abs_ld_minus_cntvaluein_dqs,idelay_ld_cntvaluein_skew,lane0,dqs0,4,ld_vs_cntvaluein_dqs,14,16,2.0,251.5,761.0,7.0,291.0,1171.0,39.5,0.5625,fail_higher,0.5625,0.125,overlap,0.0,0.935414
baseline_seed_31_60,skew,abs_lane1_minus_lane0_dq_median__idelay_cntvaluein_skew__all__no_bit__ctrl_3__lane1_vs_lane0_dq__value_ps,abs_lane1_minus_lane0_dq_median,idelay_cntvaluein_skew,all,,3,lane1_vs_lane0_dq,14,16,48.5,336.5,630.5,34.0,299.25,615.5,-37.25,0.4375,fail_lower,0.5625,-0.125,overlap,0.0,0.935414
baseline_seed_31_60,direct,direct_max__idelay_data_cntvaluein__lane1__dq11__ctrl_1__endpoint__value_ps,direct_max,idelay_data_cntvaluein,lane1,dq11,1,endpoint,14,16,1009.0,1343.5,1825.0,980.0,1376.0,1746.0,32.5,0.5625,fail_higher,0.5625,0.125,overlap,0.0,0.935414
baseline_seed_31_60,direct,direct_max__idelay_ld__lane0__dq7__ctrl_none__endpoint__value_ps,direct_max,idelay_ld,lane0,dq7,,endpoint,14,16,1208.0,1713.0,2276.0,1498.0,1734.0,2500.0,21.0,0.5625,fail_higher,0.5625,0.125,overlap,0.0,0.935414
baseline_seed_31_60,skew,signed_dqs_minus_dq_bit__idelay_cntvaluein_skew__lane1__dq9__ctrl_0__dqs_vs_dq_bit__value_ps,signed_dqs_minus_dq_bit,idelay_cntvaluein_skew,lane1,dq9,0,dqs_vs_dq_bit,14,16,-405.0,-31.5,746.0,-534.0,-52.5,716.0,-21.0,0.4375,fail_lower,0.5625,-0.125,overlap,0.0,0.935414
baseline_seed_31_60,skew,abs_ld_minus_cntvaluein_dqs__idelay_ld_cntvaluein_skew__lane0__dqs0__ctrl_2__ld_vs_cntvaluein_dqs__value_ps,abs_ld_minus_cntvaluein_dqs,idelay_ld_cntvaluein_skew,lane0,dqs0,2,ld_vs_cntvaluein_dqs,14,16,10.0,406.0,903.0,33.0,394.0,973.0,-12.0,0.5625,fail_higher,0.5625,0.125,overlap,0.0,0.935414
baseline_seed_31_60,direct,cntvaluein_bus_skew__idelay_data_cntvaluein__lane0__dq4__ctrl_none__dq4__value_ps,cntvaluein_bus_skew,idelay_data_cntvaluein,lane0,dq4,,dq4,14,16,238.0,702.0,998.0,242.0,611.0,1026.0,-91.0,0.439732,fail_lower,0.560268,-0.120536,overlap,0.0,0.902007
baseline_seed_31_60,skew,abs_dqs_minus_dq_bit__idelay_cntvaluein_skew__lane1__dq9__ctrl_3__dqs_vs_dq_bit__value_ps,abs_dqs_minus_dq_bit,idelay_cntvaluein_skew,lane1,dq9,3,dqs_vs_dq_bit,14,16,11.0,177.0,525.0,0.0,221.5,1089.0,44.5,0.560268,fail_higher,0.560268,0.120536,overlap,0.0,0.902007
baseline_seed_31_60,direct,direct_max__idelay_data_cntvaluein__lane0__dq4__ctrl_0__endpoint__value_ps,direct_max,idelay_data_cntvaluein,lane0,dq4,0,endpoint,14,16,1458.0,1755.0,2236.0,1121.0,1713.5,2404.0,-41.5,0.560268,fail_higher,0.560268,0.120536,overlap,0.0,0.902007
baseline_seed_31_60,direct,direct_max__idelay_data_cntvaluein__lane0__dq0__ctrl_1__endpoint__value_ps,direct_max,idelay_data_cntvaluein,lane0,dq0,1,endpoint,14,16,1001.0,1577.5,2237.0,1138.0,1612.0,2095.0,34.5,0.560268,fail_higher,0.560268,0.120536,overlap,0.0,0.902007
baseline_seed_31_60,skew,abs_dqs_minus_dq_median__iologic_skew__lane1__dqs1__ctrl_none__dqs_vs_dq_lane__value_ps,abs_dqs_minus_dq_median,iologic_skew,lane1,dqs1,,dqs_vs_dq_lane,14,16,52.5,234.0,795.5,28.0,267.5,838.5,33.5,0.560268,fail_higher,0.560268,0.120536,overlap,0.0,0.902007
baseline_seed_31_60,direct,control_fanout_spread__idelay_data_cntvaluein__lane0__no_bit__ctrl_0__lane_control_bit__value_ps,control_fanout_spread,idelay_data_cntvaluein,lane0,,0,lane_control_bit,14,16,176.0,347.5,802.0,179.0,330.0,614.0,-17.5,0.439732,fail_lower,0.560268,-0.120536,overlap,0.0,0.902007
baseline_seed_31_60,skew,dq_lane_range__idelay_cntvaluein_skew__lane0__no_bit__ctrl_0__dq_lane__value_ps,dq_lane_range,idelay_cntvaluein_skew,lane0,,0,dq_lane,14,16,176.0,347.5,802.0,179.0,330.0,614.0,-17.5,0.439732,fail_lower,0.560268,-0.120536,overlap,0.0,0.902007
baseline_seed_31_60,skew,signed_dqs_minus_dq_bit__idelay_cntvaluein_skew__lane0__dq1__ctrl_1__dqs_vs_dq_bit__value_ps,signed_dqs_minus_dq_bit,idelay_cntvaluein_skew,lane0,dq1,1,dqs_vs_dq_bit,14,16,-998.0,-365.5,549.0,-836.0,-57.0,794.0,308.5,0.558036,fail_higher,0.558036,0.116071,overlap,0.0,0.868599
baseline_seed_31_60,skew,abs_dqs_minus_dq_bit__idelay_cntvaluein_skew__lane0__dq5__ctrl_4__dqs_vs_dq_bit__value_ps,abs_dqs_minus_dq_bit,idelay_cntvaluein_skew,lane0,dq5,4,dqs_vs_dq_bit,14,16,23.0,183.5,559.0,48.0,293.5,1047.0,110.0,0.558036,fail_higher,0.558036,0.116071,overlap,0.0,0.868599
baseline_seed_31_60,skew,signed_dqs_minus_dq_bit__idelay_cntvaluein_skew__lane1__dq13__ctrl_3__dqs_vs_dq_bit__value_ps,signed_dqs_minus_dq_bit,idelay_cntvaluein_skew,lane1,dq13,3,dqs_vs_dq_bit,14,16,-770.0,28.0,447.0,-536.0,102.0,788.0,74.0,0.558036,fail_higher,0.558036,0.116071,overlap,0.0,0.868599
baseline_seed_31_60,direct,direct_max__idelay_data_cntvaluein__lane1__dq9__ctrl_3__endpoint__value_ps,direct_max,idelay_data_cntvaluein,lane1,dq9,3,endpoint,14,16,865.0,1268.5,1577.0,759.0,1195.0,1891.0,-73.5,0.441964,fail_lower,0.558036,-0.116071,overlap,0.0,0.868599
baseline_seed_31_60,skew,abs_dqs_minus_dq_median__idelay_cntvaluein_skew__lane0__dqs0__ctrl_0__dqs_vs_dq_lane__value_ps,abs_dqs_minus_dq_median,idelay_cntvaluein_skew,lane0,dqs0,0,dqs_vs_dq_lane,14,16,10.0,267.0,822.0,95.5,312.25,855.5,45.25,0.558036,fail_higher,0.558036,0.116071,overlap,0.0,0.868599
baseline_seed_31_60,skew,abs_dqs_minus_dq_bit__idelay_cntvaluein_skew__lane1__dq15__ctrl_1__dqs_vs_dq_bit__value_ps,abs_dqs_minus_dq_bit,idelay_cntvaluein_skew,lane1,dq15,1,dqs_vs_dq_bit,14,16,33.0,233.5,701.0,33.0,249.0,847.0,15.5,0.558036,fail_higher,0.558036,0.116071,overlap,0.0,0.868599
baseline_seed_31_60,direct,direct_max__idelay_data_cntvaluein__lane0__dq1__ctrl_1__endpoint__value_ps,direct_max,idelay_data_cntvaluein,lane0,dq1,1,endpoint,14,16,1179.0,1642.5,2328.0,1138.0,1653.5,2187.0,11.0,0.558036,fail_higher,0.558036,0.116071,overlap,0.0,0.868599
baseline_seed_31_60,direct,direct_max__idelay_data_cntvaluein__lane1__dq14__ctrl_0__endpoint__value_ps,direct_max,idelay_data_cntvaluein,lane1,dq14,0,endpoint,14,16,1177.0,1423.5,1741.0,902.0,1535.0,1945.0,111.5,0.555804,fail_higher,0.555804,0.111607,overlap,0.0,0.835191
baseline_seed_31_60,direct,direct_max__dq_iologic__lane1__dq14__ctrl_none__endpoint__value_ps,direct_max,dq_iologic,lane1,dq14,,endpoint,14,16,2115.0,2474.5,3121.0,1965.0,2543.0,4017.0,68.5,0.555804,fail_higher,0.555804,0.111607,overlap,0.0,0.835191
baseline_seed_31_60,direct,direct_max__idelay_data_cntvaluein__lane0__dq5__ctrl_4__endpoint__value_ps,direct_max,idelay_data_cntvaluein,lane0,dq5,4,endpoint,14,16,1115.0,1544.0,2141.0,996.0,1511.0,1902.0,-33.0,0.444196,fail_lower,0.555804,-0.111607,overlap,0.0,0.835191
baseline_seed_31_60,skew,abs_dqs_minus_dq_bit__idelay_cntvaluein_skew__lane1__dq9__ctrl_1__dqs_vs_dq_bit__value_ps,abs_dqs_minus_dq_bit,idelay_cntvaluein_skew,lane1,dq9,1,dqs_vs_dq_bit,14,16,31.0,249.5,681.0,13.0,233.5,756.0,-16.0,0.555804,fail_higher,0.555804,0.111607,overlap,0.0,0.835191
baseline_seed_31_60,direct,direct_max__idelay_dqs_cntvaluein__lane0__dqs0__ctrl_2__endpoint__value_ps,direct_max,idelay_dqs_cntvaluein,lane0,dqs0,2,endpoint,14,16,1054.0,1461.0,2204.0,975.0,1683.0,2421.0,222.0,0.553571,fail_higher,0.553571,0.107143,overlap,0.0,0.801784
baseline_seed_31_60,skew,signed_dqs_minus_dq_median__idelay_cntvaluein_skew__lane1__dqs1__ctrl_4__dqs_vs_dq_lane__value_ps,signed_dqs_minus_dq_median,idelay_cntvaluein_skew,lane1,dqs1,4,dqs_vs_dq_lane,14,16,-684.5,-21.25,356.0,-635.5,-113.25,607.5,-92.0,0.446429,fail_lower,0.553571,-0.107143,overlap,0.0,0.801784
baseline_seed_31_60,skew,signed_ld_minus_cntvaluein_dq_median__idelay_ld_cntvaluein_skew__lane0__no_bit__ctrl_1__ld_vs_cntvaluein_dq_lane__value_ps,signed_ld_minus_cntvaluein_dq_median,idelay_ld_cntvaluein_skew,lane0,,1,ld_vs_cntvaluein_dq_lane,14,16,-550.0,-64.25,614.0,-498.5,14.25,889.0,78.5,0.553571,fail_higher,0.553571,0.107143,overlap,0.0,0.801784
baseline_seed_31_60,skew,abs_dqs_minus_dq_bit__idelay_cntvaluein_skew__lane0__dq2__ctrl_3__dqs_vs_dq_bit__value_ps,abs_dqs_minus_dq_bit,idelay_cntvaluein_skew,lane0,dq2,3,dqs_vs_dq_bit,14,16,23.0,387.5,1090.0,28.0,326.0,1089.0,-61.5,0.446429,fail_lower,0.553571,-0.107143,overlap,0.0,0.801784
baseline_seed_31_60,direct,direct_max__idelay_data_cntvaluein__lane1__dq9__ctrl_0__endpoint__value_ps,direct_max,idelay_data_cntvaluein,lane1,dq9,0,endpoint,14,16,773.0,1310.5,1866.0,736.0,1271.5,1608.0,-39.0,0.446429,fail_lower,0.553571,-0.107143,overlap,0.0,0.801784
baseline_seed_31_60,direct,direct_max__idelay_dqs_cntvaluein__lane1__dqs1__ctrl_0__endpoint__value_ps,direct_max,idelay_dqs_cntvaluein,lane1,dqs1,0,endpoint,14,16,883.0,1264.5,2065.0,661.0,1231.5,2105.0,-33.0,0.446429,fail_lower,0.553571,-0.107143,overlap,0.0,0.801784
baseline_seed_31_60,skew,signed_ld_minus_cntvaluein_dq_median__idelay_ld_cntvaluein_skew__lane1__no_bit__ctrl_3__ld_vs_cntvaluein_dq_lane__value_ps,signed_ld_minus_cntvaluein_dq_median,idelay_ld_cntvaluein_skew,lane1,,3,ld_vs_cntvaluein_dq_lane,14,16,-515.0,154.5,416.0,-575.5,159.75,353.5,5.25,0.446429,fail_lower,0.553571,-0.107143,overlap,0.0,0.801784
baseline_seed_31_60,skew,signed_dqs_minus_dq_bit__idelay_cntvaluein_skew__lane1__dq15__ctrl_2__dqs_vs_dq_bit__value_ps,signed_dqs_minus_dq_bit,idelay_cntvaluein_skew,lane1,dq15,2,dqs_vs_dq_bit,14,16,-608.0,116.0,790.0,-600.0,120.5,592.0,4.5,0.553571,fail_higher,0.553571,0.107143,overlap,0.0,0.801784
baseline_seed_31_60,direct,direct_max__idelay_data_cntvaluein__lane0__dq2__ctrl_3__endpoint__value_ps,direct_max,idelay_data_cntvaluein,lane0,dq2,3,endpoint,14,16,1185.0,1787.5,2371.0,1258.0,1681.0,2339.0,-106.5,0.448661,fail_lower,0.551339,-0.102679,overlap,0.0,0.768376
baseline_seed_31_60,skew,abs_dqs_minus_dq_bit__idelay_cntvaluein_skew__lane0__dq2__ctrl_0__dqs_vs_dq_bit__value_ps,abs_dqs_minus_dq_bit,idelay_cntvaluein_skew,lane0,dq2,0,dqs_vs_dq_bit,14,16,76.0,299.5,806.0,29.0,361.5,901.0,62.0,0.551339,fail_higher,0.551339,0.102679,overlap,0.0,0.768376
baseline_seed_31_60,direct,direct_max__idelay_dqs_cntvaluein__lane1__dqs1__ctrl_2__endpoint__value_ps,direct_max,idelay_dqs_cntvaluein,lane1,dqs1,2,endpoint,14,16,614.0,1393.5,1886.0,697.0,1452.5,2173.0,59.0,0.551339,fail_higher,0.551339,0.102679,overlap,0.0,0.768376
baseline_seed_31_60,direct,lane_spread__idelayctrl__all__no_bit__ctrl_none__lane__value_ps,lane_spread,idelayctrl,all,,,lane,14,16,702.0,1640.0,1958.0,993.0,1618.5,2739.0,-21.5,0.448661,fail_lower,0.551339,-0.102679,overlap,0.0,0.768376
baseline_seed_31_60,skew,signed_dqs_minus_dq_median__idelay_cntvaluein_skew__lane0__dqs0__ctrl_1__dqs_vs_dq_lane__value_ps,signed_dqs_minus_dq_median,idelay_cntvaluein_skew,lane0,dqs0,1,dqs_vs_dq_lane,14,16,-952.5,-414.75,503.5,-881.5,-90.5,770.5,324.25,0.549107,fail_higher,0.549107,0.098214,overlap,0.0,0.734968
baseline_seed_31_60,skew,signed_dqs_minus_dq_bit__idelay_cntvaluein_skew__lane0__dq0__ctrl_1__dqs_vs_dq_bit__value_ps,signed_dqs_minus_dq_bit,idelay_cntvaluein_skew,lane0,dq0,1,dqs_vs_dq_bit,14,16,-907.0,-304.5,634.0,-744.0,-102.5,794.0,202.0,0.549107,fail_higher,0.549107,0.098214,overlap,0.0,0.734968
baseline_seed_31_60,skew,signed_dqs_minus_dq_bit__idelay_cntvaluein_skew__lane1__dq12__ctrl_3__dqs_vs_dq_bit__value_ps,signed_dqs_minus_dq_bit,idelay_cntvaluein_skew,lane1,dq12,3,dqs_vs_dq_bit,14,16,-920.0,97.0,402.0,-750.0,-40.0,811.0,-137.0,0.450893,fail_lower,0.549107,-0.098214,overlap,0.0,0.734968
baseline_seed_31_60,skew,abs_dqs_minus_dq_bit__idelay_cntvaluein_skew__lane0__dq4__ctrl_1__dqs_vs_dq_bit__value_ps,abs_dqs_minus_dq_bit,idelay_cntvaluein_skew,lane0,dq4,1,dqs_vs_dq_bit,14,16,36.0,467.5,1090.0,26.0,567.5,927.0,100.0,0.549107,fail_higher,0.549107,0.098214,overlap,0.0,0.734968
baseline_seed_31_60,direct,direct_max__idelay_dqs_cntvaluein__lane0__dqs0__ctrl_3__endpoint__value_ps,direct_max,idelay_dqs_cntvaluein,lane0,dqs0,3,endpoint,14,16,804.0,1666.5,2420.0,922.0,1763.5,2888.0,97.0,0.549107,fail_higher,0.549107,0.098214,overlap,0.0,0.734968
baseline_seed_31_60,direct,direct_max__idelay_data_cntvaluein__lane1__dq10__ctrl_4__endpoint__value_ps,direct_max,idelay_data_cntvaluein,lane1,dq10,4,endpoint,14,16,930.0,1270.5,1922.0,823.0,1350.5,1804.0,80.0,0.549107,fail_higher,0.549107,0.098214,overlap,0.0,0.734968
baseline_seed_31_60,skew,abs_dqs_minus_dq_bit__idelay_cntvaluein_skew__lane1__dq12__ctrl_2__dqs_vs_dq_bit__value_ps,abs_dqs_minus_dq_bit,idelay_cntvaluein_skew,lane1,dq12,2,dqs_vs_dq_bit,14,16,33.0,303.0,1126.0,88.0,249.0,492.0,-54.0,0.450893,fail_lower,0.549107,-0.098214,overlap,0.0,0.734968
baseline_seed_31_60,skew,signed_dqs_minus_dq_bit__idelay_cntvaluein_skew__lane0__dq2__ctrl_3__dqs_vs_dq_bit__value_ps,signed_dqs_minus_dq_bit,idelay_cntvaluein_skew,lane0,dq2,3,dqs_vs_dq_bit,14,16,-1090.0,50.0,719.0,-1089.0,1.5,943.0,-48.5,0.549107,fail_higher,0.549107,0.098214,overlap,0.0,0.734968
baseline_seed_31_60,skew,signed_lane1_minus_lane0_dq_median__idelay_cntvaluein_skew__all__no_bit__ctrl_3__lane1_vs_lane0_dq__value_ps,signed_lane1_minus_lane0_dq_median,idelay_cntvaluein_skew,all,,3,lane1_vs_lane0_dq,14,16,-630.5,-336.5,154.0,-615.5,-299.25,36.5,37.25,0.549107,fail_higher,0.549107,0.098214,overlap,0.0,0.734968
baseline_seed_31_60,direct,direct_max__idelay_data_cntvaluein__lane1__dq11__ctrl_4__endpoint__value_ps,direct_max,idelay_data_cntvaluein,lane1,dq11,4,endpoint,14,16,966.0,1353.0,1853.0,776.0,1324.5,1794.0,-28.5,0.450893,fail_lower,0.549107,-0.098214,overlap,0.0,0.734968
baseline_seed_31_60,direct,direct_max__idelay_data_cntvaluein__lane1__dq8__ctrl_4__endpoint__value_ps,direct_max,idelay_data_cntvaluein,lane1,dq8,4,endpoint,14,16,1039.0,1484.0,2186.0,991.0,1456.0,1786.0,-28.0,0.450893,fail_lower,0.549107,-0.098214,overlap,0.0,0.734968
baseline_seed_31_60,skew,abs_dqs_minus_dq_bit__idelay_cntvaluein_skew__lane0__dq0__ctrl_0__dqs_vs_dq_bit__value_ps,abs_dqs_minus_dq_bit,idelay_cntvaluein_skew,lane0,dq0,0,dqs_vs_dq_bit,14,16,0.0,294.0,842.0,36.0,319.5,787.0,25.5,0.549107,fail_higher,0.549107,0.098214,overlap,0.0,0.734968
baseline_seed_31_60,direct,direct_max__idelay_data_cntvaluein__lane1__dq14__ctrl_4__endpoint__value_ps,direct_max,idelay_data_cntvaluein,lane1,dq14,4,endpoint,14,16,1009.0,1398.0,2098.0,903.0,1416.5,1833.0,18.5,0.450893,fail_lower,0.549107,-0.098214,overlap,0.0,0.734968
baseline_seed_31_60,direct,direct_max__idelay_data_cntvaluein__lane0__dq2__ctrl_1__endpoint__value_ps,direct_max,idelay_data_cntvaluein,lane0,dq2,1,endpoint,14,16,1024.0,1730.0,2421.0,1248.0,1745.5,2279.0,15.5,0.549107,fail_higher,0.549107,0.098214,overlap,0.0,0.734968
baseline_seed_31_60,skew,signed_dqs_minus_dq_bit__idelay_cntvaluein_skew__lane1__dq14__ctrl_0__dqs_vs_dq_bit__value_ps,signed_dqs_minus_dq_bit,idelay_cntvaluein_skew,lane1,dq14,0,dqs_vs_dq_bit,14,16,-589.0,-227.5,691.0,-828.0,-212.5,431.0,15.0,0.450893,fail_lower,0.549107,-0.098214,overlap,0.0,0.734968
baseline_seed_31_60,direct,direct_max__dq_iologic__lane0__dq0__ctrl_none__endpoint__value_ps,direct_max,dq_iologic,lane0,dq0,,endpoint,14,16,1815.0,2187.5,2897.0,1743.0,2027.0,3352.0,-160.5,0.453125,fail_lower,0.546875,-0.09375,overlap,0.0,0.701561
baseline_seed_31_60,skew,signed_ld_minus_cntvaluein_dqs__idelay_ld_cntvaluein_skew__lane1__dqs1__ctrl_1__ld_vs_cntvaluein_dqs__value_ps,signed_ld_minus_cntvaluein_dqs,idelay_ld_cntvaluein_skew,lane1,dqs1,1,ld_vs_cntvaluein_dqs,14,16,-421.0,89.0,1200.0,-411.0,196.5,737.0,107.5,0.546875,fail_higher,0.546875,0.09375,overlap,0.0,0.701561
baseline_seed_31_60,skew,abs_dqs_minus_dq_bit__idelay_cntvaluein_skew__lane0__dq3__ctrl_3__dqs_vs_dq_bit__value_ps,abs_dqs_minus_dq_bit,idelay_cntvaluein_skew,lane0,dq3,3,dqs_vs_dq_bit,14,16,3.0,452.5,989.0,18.0,355.0,1099.0,-97.5,0.453125,fail_lower,0.546875,-0.09375,overlap,0.0,0.701561
baseline_seed_31_60,direct,direct_max__idelay_data_cntvaluein__lane1__dq13__ctrl_1__endpoint__value_ps,direct_max,idelay_data_cntvaluein,lane1,dq13,1,endpoint,14,16,929.0,1414.5,1894.0,1070.0,1455.0,1827.0,40.5,0.546875,fail_higher,0.546875,0.09375,overlap,0.0,0.701561
baseline_seed_31_60,skew,abs_dqs_minus_dq_bit__idelay_cntvaluein_skew__lane1__dq14__ctrl_2__dqs_vs_dq_bit__value_ps,abs_dqs_minus_dq_bit,idelay_cntvaluein_skew,lane1,dq14,2,dqs_vs_dq_bit,14,16,4.0,321.5,1216.0,4.0,284.5,523.0,-37.0,0.453125,fail_lower,0.546875,-0.09375,overlap,0.0,0.701561
baseline_seed_31_60,direct,direct_max__idelay_dqs_cntvaluein__lane1__dqs1__ctrl_4__endpoint__value_ps,direct_max,idelay_dqs_cntvaluein,lane1,dqs1,4,endpoint,14,16,611.0,1287.5,1968.0,791.0,1301.5,2335.0,14.0,0.453125,fail_lower,0.546875,-0.09375,overlap,0.0,0.701561
baseline_seed_31_60,direct,direct_max__idelay_ld__lane1__dq13__ctrl_none__endpoint__value_ps,direct_max,idelay_ld,lane1,dq13,,endpoint,14,16,1223.0,1424.5,1932.0,1246.0,1434.0,1993.0,9.5,0.546875,fail_higher,0.546875,0.09375,overlap,0.0,0.701561
baseline_seed_31_60,skew,signed_dqs_minus_dq_bit__idelay_cntvaluein_skew__lane1__dq13__ctrl_4__dqs_vs_dq_bit__value_ps,signed_dqs_minus_dq_bit,idelay_cntvaluein_skew,lane1,dq13,4,dqs_vs_dq_bit,14,16,-982.0,15.5,464.0,-633.0,-144.0,541.0,-159.5,0.455357,fail_lower,0.544643,-0.089286,overlap,0.0,0.668153
baseline_seed_31_60,skew,abs_dqs_minus_dq_bit__idelay_cntvaluein_skew__lane1__dq10__ctrl_0__dqs_vs_dq_bit__value_ps,abs_dqs_minus_dq_bit,idelay_cntvaluein_skew,lane1,dq10,0,dqs_vs_dq_bit,14,16,30.0,332.0,615.0,95.0,254.0,820.0,-78.0,0.455357,fail_lower,0.544643,-0.089286,overlap,0.0,0.668153
baseline_seed_31_60,skew,abs_dqs_minus_dq_bit__idelay_cntvaluein_skew__lane0__dq5__ctrl_3__dqs_vs_dq_bit__value_ps,abs_dqs_minus_dq_bit,idelay_cntvaluein_skew,lane0,dq5,3,dqs_vs_dq_bit,14,16,62.0,339.0,1069.0,15.0,310.5,1102.0,-28.5,0.455357,fail_lower,0.544643,-0.089286,overlap,0.0,0.668153
baseline_seed_31_60,direct,direct_max__idelay_data_cntvaluein__lane0__dq3__ctrl_4__endpoint__value_ps,direct_max,idelay_data_cntvaluein,lane0,dq3,4,endpoint,14,16,1159.0,1457.5,2124.0,985.0,1484.0,1968.0,26.5,0.455357,fail_lower,0.544643,-0.089286,overlap,0.0,0.668153
baseline_seed_31_60,direct,lane_spread__dq_iologic__lane1__no_bit__ctrl_none__lane__value_ps,lane_spread,dq_iologic,lane1,,,lane,14,16,2427.0,2866.0,3463.0,2486.0,2771.0,4248.0,-95.0,0.457589,fail_lower,0.542411,-0.084821,overlap,0.0,0.634745
baseline_seed_31_60,skew,signed_dqs_minus_dq_bit__idelay_cntvaluein_skew__lane0__dq4__ctrl_1__dqs_vs_dq_bit__value_ps,signed_dqs_minus_dq_bit,idelay_cntvaluein_skew,lane0,dq4,1,dqs_vs_dq_bit,14,16,-1090.0,-453.5,458.0,-927.0,-128.5,710.0,325.0,0.540179,fail_higher,0.540179,0.080357,overlap,0.0,0.601338
baseline_seed_31_60,skew,signed_dqs_minus_dq_bit__idelay_cntvaluein_skew__lane0__dq2__ctrl_1__dqs_vs_dq_bit__value_ps,signed_dqs_minus_dq_bit,idelay_cntvaluein_skew,lane0,dq2,1,dqs_vs_dq_bit,14,16,-1091.0,-375.0,455.0,-928.0,-56.5,788.0,318.5,0.540179,fail_higher,0.540179,0.080357,overlap,0.0,0.601338
baseline_seed_31_60,skew,abs_dqs_minus_dq_bit__idelay_cntvaluein_skew__lane1__dq8__ctrl_1__dqs_vs_dq_bit__value_ps,abs_dqs_minus_dq_bit,idelay_cntvaluein_skew,lane1,dq8,1,dqs_vs_dq_bit,14,16,23.0,201.5,930.0,0.0,303.5,778.0,102.0,0.540179,fail_higher,0.540179,0.080357,overlap,0.0,0.601338
baseline_seed_31_60,direct,direct_max__idelay_data_cntvaluein__lane0__dq1__ctrl_4__endpoint__value_ps,direct_max,idelay_data_cntvaluein,lane0,dq1,4,endpoint,14,16,1164.0,1537.5,2275.0,1082.0,1627.0,2298.0,89.5,0.540179,fail_higher,0.540179,0.080357,overlap,0.0,0.601338
baseline_seed_31_60,skew,signed_ld_minus_cntvaluein_dq_median__idelay_ld_cntvaluein_skew__lane0__no_bit__ctrl_4__ld_vs_cntvaluein_dq_lane__value_ps,signed_ld_minus_cntvaluein_dq_median,idelay_ld_cntvaluein_skew,lane0,,4,ld_vs_cntvaluein_dq_lane,14,16,-350.5,-3.25,431.5,-706.5,78.75,1180.0,82.0,0.540179,fail_higher,0.540179,0.080357,overlap,0.0,0.601338
baseline_seed_31_60,skew,abs_dqs_minus_dq_bit__idelay_cntvaluein_skew__lane1__dq13__ctrl_1__dqs_vs_dq_bit__value_ps,abs_dqs_minus_dq_bit,idelay_cntvaluein_skew,lane1,dq13,1,dqs_vs_dq_bit,14,16,20.0,192.5,844.0,16.0,251.0,717.0,58.5,0.540179,fail_higher,0.540179,0.080357,overlap,0.0,0.601338
baseline_seed_31_60,skew,abs_lane1_minus_lane0_dqs__idelay_cntvaluein_skew__all__no_bit__ctrl_2__lane1_vs_lane0_dqs__value_ps,abs_lane1_minus_lane0_dqs,idelay_cntvaluein_skew,all,,2,lane1_vs_lane0_dqs,14,16,21.0,278.0,527.0,13.0,241.5,784.0,-36.5,0.459821,fail_lower,0.540179,-0.080357,overlap,0.0,0.601338
baseline_seed_31_60,direct,direct_max__dq_iologic__lane0__dq1__ctrl_none__endpoint__value_ps,direct_max,dq_iologic,lane0,dq1,,endpoint,14,16,1754.0,2261.0,2881.0,1858.0,2230.5,3437.0,-30.5,0.540179,fail_higher,0.540179,0.080357,overlap,0.0,0.601338
baseline_seed_31_60,direct,cntvaluein_bus_skew__idelay_data_cntvaluein__lane0__dq1__ctrl_none__dq1__value_ps,cntvaluein_bus_skew,idelay_data_cntvaluein,lane0,dq1,,dq1,14,16,304.0,717.5,1141.0,240.0,695.0,853.0,-22.5,0.459821,fail_lower,0.540179,-0.080357,overlap,0.0,0.601338
baseline_seed_31_60,direct,direct_max__idelayctrl__all__no_bit__ctrl_none__endpoint__value_ps,direct_max,idelayctrl,all,,,endpoint,14,16,1828.0,2766.0,3084.0,2119.0,2744.5,3865.0,-21.5,0.459821,fail_lower,0.540179,-0.080357,overlap,0.0,0.601338
baseline_seed_31_60,direct,direct_max__idelay_dqs_cntvaluein__lane1__dqs1__ctrl_3__endpoint__value_ps,direct_max,idelay_dqs_cntvaluein,lane1,dqs1,3,endpoint,14,16,527.0,1387.5,1947.0,665.0,1407.5,2447.0,20.0,0.540179,fail_higher,0.540179,0.080357,overlap,0.0,0.601338
baseline_seed_31_60,skew,signed_ld_minus_cntvaluein_dqs__idelay_ld_cntvaluein_skew__lane1__dqs1__ctrl_2__ld_vs_cntvaluein_dqs__value_ps,signed_ld_minus_cntvaluein_dqs,idelay_ld_cntvaluein_skew,lane1,dqs1,2,ld_vs_cntvaluein_dqs,14,16,-426.0,37.0,1257.0,-833.0,53.5,645.0,16.5,0.540179,fail_higher,0.540179,0.080357,overlap,0.0,0.601338
baseline_seed_31_60,skew,signed_dqs_minus_dq_median__idelay_cntvaluein_skew__lane0__dqs0__ctrl_3__dqs_vs_dq_lane__value_ps,signed_dqs_minus_dq_median,idelay_cntvaluein_skew,lane0,dqs0,3,dqs_vs_dq_lane,14,16,-1003.0,-5.5,914.0,-991.5,0.75,920.0,6.25,0.540179,fail_higher,0.540179,0.080357,overlap,0.0,0.601338
baseline_seed_31_60,direct,direct_max__idelay_data_cntvaluein__lane1__dq15__ctrl_1__endpoint__value_ps,direct_max,idelay_data_cntvaluein,lane1,dq15,1,endpoint,14,16,829.0,1225.5,1740.0,573.0,1154.0,1623.0,-71.5,0.462054,fail_lower,0.537946,-0.075893,overlap,0.0,0.56793
baseline_seed_31_60,direct,direct_max__idelay_dqs_cntvaluein__lane1__dqs1__ctrl_1__endpoint__value_ps,direct_max,idelay_dqs_cntvaluein,lane1,dqs1,1,endpoint,14,16,671.0,1305.5,1896.0,774.0,1280.0,1848.0,-25.5,0.537946,fail_higher,0.537946,0.075893,overlap,0.0,0.56793
baseline_seed_31_60,direct,direct_max__idelay_ld__lane0__dq4__ctrl_none__endpoint__value_ps,direct_max,idelay_ld,lane0,dq4,,endpoint,14,16,1205.0,1728.0,2240.0,1450.0,1739.5,2592.0,11.5,0.537946,fail_higher,0.537946,0.075893,overlap,0.0,0.56793
baseline_seed_31_60,skew,abs_dqs_minus_dq_median__idelay_cntvaluein_skew__lane1__dqs1__ctrl_1__dqs_vs_dq_lane__value_ps,abs_dqs_minus_dq_median,idelay_cntvaluein_skew,lane1,dqs1,1,dqs_vs_dq_lane,14,16,14.5,167.5,752.0,3.0,315.25,609.5,147.75,0.535714,fail_higher,0.535714,0.071429,overlap,0.0,0.534522
baseline_seed_31_60,direct,direct_max__idelay_data_cntvaluein__lane0__dq1__ctrl_3__endpoint__value_ps,direct_max,idelay_data_cntvaluein,lane0,dq1,3,endpoint,14,16,1164.0,1685.5,2358.0,1350.0,1762.5,2522.0,77.0,0.535714,fail_higher,0.535714,0.071429,overlap,0.0,0.534522
baseline_seed_31_60,skew,abs_dqs_minus_dq_bit__idelay_cntvaluein_skew__lane1__dq12__ctrl_0__dqs_vs_dq_bit__value_ps,abs_dqs_minus_dq_bit,idelay_cntvaluein_skew,lane1,dq12,0,dqs_vs_dq_bit,14,16,23.0,338.0,696.0,54.0,264.5,739.0,-73.5,0.464286,fail_lower,0.535714,-0.071429,overlap,0.0,0.534522
baseline_seed_31_60,skew,signed_dqs_minus_dq_bit__idelay_cntvaluein_skew__lane1__dq9__ctrl_3__dqs_vs_dq_bit__value_ps,signed_dqs_minus_dq_bit,idelay_cntvaluein_skew,lane1,dq9,3,dqs_vs_dq_bit,14,16,-525.0,126.5,483.0,-764.0,193.5,1089.0,67.0,0.535714,fail_higher,0.535714,0.071429,overlap,0.0,0.534522
baseline_seed_31_60,skew,abs_ld_minus_cntvaluein_dq_median__idelay_ld_cntvaluein_skew__lane1__no_bit__ctrl_3__ld_vs_cntvaluein_dq_lane__value_ps,abs_ld_minus_cntvaluein_dq_median,idelay_ld_cntvaluein_skew,lane1,,3,ld_vs_cntvaluein_dq_lane,14,16,45.5,295.5,515.0,24.0,232.25,575.5,-63.25,0.464286,fail_lower,0.535714,-0.071429,overlap,0.0,0.534522
baseline_seed_31_60,direct,direct_max__idelay_data_cntvaluein__lane0__dq6__ctrl_4__endpoint__value_ps,direct_max,idelay_data_cntvaluein,lane0,dq6,4,endpoint,14,16,1273.0,1578.5,2407.0,1057.0,1638.5,2161.0,60.0,0.464286,fail_lower,0.535714,-0.071429,overlap,0.0,0.534522
baseline_seed_31_60,direct,cntvaluein_bus_skew__idelay_data_cntvaluein__lane0__dq5__ctrl_none__dq5__value_ps,cntvaluein_bus_skew,idelay_data_cntvaluein,lane0,dq5,,dq5,14,16,205.0,501.0,1131.0,130.0,558.0,797.0,57.0,0.535714,fail_higher,0.535714,0.071429,overlap,0.0,0.534522
baseline_seed_31_60,direct,direct_max__idelay_ld__lane1__dq15__ctrl_none__endpoint__value_ps,direct_max,idelay_ld,lane1,dq15,,endpoint,14,16,949.0,1285.5,1889.0,1118.0,1336.0,1633.0,50.5,0.535714,fail_higher,0.535714,0.071429,overlap,0.0,0.534522
baseline_seed_31_60,direct,direct_max__idelay_data_cntvaluein__lane1__dq8__ctrl_3__endpoint__value_ps,direct_max,idelay_data_cntvaluein,lane1,dq8,3,endpoint,14,16,1088.0,1486.5,1916.0,1156.0,1452.0,2072.0,-34.5,0.464286,fail_lower,0.535714,-0.071429,overlap,0.0,0.534522
baseline_seed_31_60,skew,signed_dqs_minus_dq_median__idelay_cntvaluein_skew__lane1__dqs1__ctrl_1__dqs_vs_dq_lane__value_ps,signed_dqs_minus_dq_median,idelay_cntvaluein_skew,lane1,dqs1,1,dqs_vs_dq_lane,14,16,-752.0,-62.25,623.5,-609.5,-28.5,591.0,33.75,0.535714,fail_higher,0.535714,0.071429,overlap,0.0,0.534522
baseline_seed_31_60,direct,direct_max__idelay_data_cntvaluein__lane0__dq0__ctrl_3__endpoint__value_ps,direct_max,idelay_data_cntvaluein,lane0,dq0,3,endpoint,14,16,1080.0,1663.0,2220.0,1264.0,1688.0,2430.0,25.0,0.535714,fail_higher,0.535714,0.071429,overlap,0.0,0.534522
baseline_seed_31_60,direct,direct_max__idelay_data_cntvaluein__lane0__dq7__ctrl_1__endpoint__value_ps,direct_max,idelay_data_cntvaluein,lane0,dq7,1,endpoint,14,16,1113.0,1750.5,2513.0,1340.0,1770.0,2371.0,19.5,0.535714,fail_higher,0.535714,0.071429,overlap,0.0,0.534522
baseline_seed_31_60,skew,signed_ld_dqs_minus_dq_median__idelay_ld_skew__lane0__dqs0__ctrl_none__dqs_vs_dq_lane__value_ps,signed_ld_dqs_minus_dq_median,idelay_ld_skew,lane0,dqs0,,dqs_vs_dq_lane,14,16,-298.0,-62.75,231.0,-243.0,-53.75,144.5,9.0,0.535714,fail_higher,0.535714,0.071429,overlap,0.0,0.534522
baseline_seed_31_60,direct,cntvaluein_bus_skew__idelay_data_cntvaluein__lane0__dq2__ctrl_none__dq2__value_ps,cntvaluein_bus_skew,idelay_data_cntvaluein,lane0,dq2,,dq2,14,16,230.0,626.5,1233.0,301.0,623.5,1023.0,-3.0,0.464286,fail_lower,0.535714,-0.071429,overlap,0.0,0.534522
baseline_seed_31_60,direct,direct_max__idelay_data_cntvaluein__lane0__dq0__ctrl_4__endpoint__value_ps,direct_max,idelay_data_cntvaluein,lane0,dq0,4,endpoint,14,16,1126.0,1555.5,2270.0,1072.0,1636.5,2285.0,81.0,0.533482,fail_higher,0.533482,0.066964,overlap,0.0,0.501115
baseline_seed_31_60,skew,signed_dqs_minus_dq_bit__idelay_cntvaluein_skew__lane1__dq8__ctrl_0__dqs_vs_dq_bit__value_ps,signed_dqs_minus_dq_bit,idelay_cntvaluein_skew,lane1,dq8,0,dqs_vs_dq_bit,14,16,-676.0,-238.5,628.0,-915.0,-223.5,344.0,15.0,0.466518,fail_lower,0.533482,-0.066964,overlap,0.0,0.501115
baseline_seed_31_60,direct,direct_max__dq_iologic__lane0__dq3__ctrl_none__endpoint__value_ps,direct_max,dq_iologic,lane0,dq3,,endpoint,14,16,1952.0,2440.0,2737.0,2059.0,2346.5,3584.0,-93.5,0.46875,fail_lower,0.53125,-0.0625,overlap,0.0,0.467707
baseline_seed_31_60,skew,signed_dqs_minus_dq_median__idelay_cntvaluein_skew__lane1__dqs1__ctrl_3__dqs_vs_dq_lane__value_ps,signed_dqs_minus_dq_median,idelay_cntvaluein_skew,lane1,dqs1,3,dqs_vs_dq_lane,14,16,-823.0,139.75,320.0,-558.0,50.75,802.0,-89.0,0.46875,fail_lower,0.53125,-0.0625,overlap,0.0,0.467707
baseline_seed_31_60,direct,control_fanout_spread__idelay_data_cntvaluein__lane0__no_bit__ctrl_4__lane_control_bit__value_ps,control_fanout_spread,idelay_data_cntvaluein,lane0,,4,lane_control_bit,14,16,194.0,376.0,649.0,153.0,322.5,768.0,-53.5,0.46875,fail_lower,0.53125,-0.0625,overlap,0.0,0.467707
baseline_seed_31_60,skew,dq_lane_range__idelay_cntvaluein_skew__lane0__no_bit__ctrl_4__dq_lane__value_ps,dq_lane_range,idelay_cntvaluein_skew,lane0,,4,dq_lane,14,16,194.0,376.0,649.0,153.0,322.5,768.0,-53.5,0.46875,fail_lower,0.53125,-0.0625,overlap,0.0,0.467707
baseline_seed_31_60,skew,signed_dqs_minus_dq_bit__idelay_cntvaluein_skew__lane1__dq10__ctrl_1__dqs_vs_dq_bit__value_ps,signed_dqs_minus_dq_bit,idelay_cntvaluein_skew,lane1,dq10,1,dqs_vs_dq_bit,14,16,-752.0,-106.5,584.0,-692.0,-53.5,572.0,53.0,0.53125,fail_higher,0.53125,0.0625,overlap,0.0,0.467707
baseline_seed_31_60,direct,cntvaluein_bus_skew__idelay_dqs_cntvaluein__lane1__dqs1__ctrl_none__dqs1__value_ps,cntvaluein_bus_skew,idelay_dqs_cntvaluein,lane1,dqs1,,dqs1,14,16,181.0,477.0,887.0,303.0,430.0,1171.0,-47.0,0.53125,fail_higher,0.53125,0.0625,overlap,0.0,0.467707
baseline_seed_31_60,direct,lane_spread__idelay_dqs_cntvaluein__lane1__no_bit__ctrl_none__lane__value_ps,lane_spread,idelay_dqs_cntvaluein,lane1,,,lane,14,16,181.0,477.0,887.0,303.0,430.0,1171.0,-47.0,0.53125,fail_higher,0.53125,0.0625,overlap,0.0,0.467707
baseline_seed_31_60,direct,direct_max__idelay_data_cntvaluein__lane1__dq12__ctrl_1__endpoint__value_ps,direct_max,idelay_data_cntvaluein,lane1,dq12,1,endpoint,14,16,976.0,1375.5,1914.0,892.0,1395.0,2036.0,19.5,0.53125,fail_higher,0.53125,0.0625,overlap,0.0,0.467707
baseline_seed_31_60,direct,control_fanout_spread__idelay_data_cntvaluein__lane1__no_bit__ctrl_3__lane_control_bit__value_ps,control_fanout_spread,idelay_data_cntvaluein,lane1,,3,lane_control_bit,14,16,186.0,432.0,649.0,261.0,430.0,704.0,-2.0,0.53125,fail_higher,0.53125,0.0625,overlap,0.0,0.467707
baseline_seed_31_60,skew,dq_lane_range__idelay_cntvaluein_skew__lane1__no_bit__ctrl_3__dq_lane__value_ps,dq_lane_range,idelay_cntvaluein_skew,lane1,,3,dq_lane,14,16,186.0,432.0,649.0,261.0,430.0,704.0,-2.0,0.53125,fail_higher,0.53125,0.0625,overlap,0.0,0.467707
baseline_seed_31_60,skew,signed_dqs_minus_dq_bit__idelay_cntvaluein_skew__lane1__dq11__ctrl_4__dqs_vs_dq_bit__value_ps,signed_dqs_minus_dq_bit,idelay_cntvaluein_skew,lane1,dq11,4,dqs_vs_dq_bit,14,16,-897.0,93.0,375.0,-557.0,-93.0,884.0,-186.0,0.473214,fail_lower,0.526786,-0.053571,overlap,0.0,0.400892
baseline_seed_31_60,direct,direct_max__dq_iologic__lane1__dq10__ctrl_none__endpoint__value_ps,direct_max,dq_iologic,lane1,dq10,,endpoint,14,16,2144.0,2754.0,3463.0,2204.0,2595.0,3846.0,-159.0,0.526786,fail_higher,0.526786,0.053571,overlap,0.0,0.400892
baseline_seed_31_60,direct,direct_max__idelay_data_cntvaluein__lane0__dq0__ctrl_0__endpoint__value_ps,direct_max,idelay_data_cntvaluein,lane0,dq0,0,endpoint,14,16,1315.0,1669.5,2323.0,1213.0,1777.5,2311.0,108.0,0.526786,fail_higher,0.526786,0.053571,overlap,0.0,0.400892
baseline_seed_31_60,direct,direct_max__idelay_data_cntvaluein__lane1__dq8__ctrl_0__endpoint__value_ps,direct_max,idelay_data_cntvaluein,lane1,dq8,0,endpoint,14,16,1238.0,1468.5,1899.0,813.0,1569.5,1902.0,101.0,0.526786,fail_higher,0.526786,0.053571,overlap,0.0,0.400892
baseline_seed_31_60,skew,signed_dqs_minus_dq_bit__idelay_cntvaluein_skew__lane1__dq14__ctrl_1__dqs_vs_dq_bit__value_ps,signed_dqs_minus_dq_bit,idelay_cntvaluein_skew,lane1,dq14,1,dqs_vs_dq_bit,14,16,-666.0,-98.5,619.0,-703.0,-156.0,487.0,-57.5,0.473214,fail_lower,0.526786,-0.053571,overlap,0.0,0.400892
baseline_seed_31_60,direct,direct_max__clocking__all__no_bit__ctrl_none__endpoint__value_ps,direct_max,clocking,all,,,endpoint,14,16,6344.0,6652.5,7215.0,6105.0,6614.5,7335.0,-38.0,0.473214,fail_lower,0.526786,-0.053571,overlap,0.0,0.400892
baseline_seed_31_60,direct,lane_spread__clocking__all__no_bit__ctrl_none__lane__value_ps,lane_spread,clocking,all,,,lane,14,16,6225.0,6533.5,7096.0,5986.0,6495.5,7216.0,-38.0,0.473214,fail_lower,0.526786,-0.053571,overlap,0.0,0.400892
baseline_seed_31_60,skew,abs_dqs_minus_dq_bit__idelay_cntvaluein_skew__lane0__dq4__ctrl_0__dqs_vs_dq_bit__value_ps,abs_dqs_minus_dq_bit,idelay_cntvaluein_skew,lane0,dq4,0,dqs_vs_dq_bit,14,16,7.0,292.5,1009.0,115.0,324.5,880.0,32.0,0.526786,fail_higher,0.526786,0.053571,overlap,0.0,0.400892
baseline_seed_31_60,skew,abs_ld_minus_cntvaluein_dq_median__idelay_ld_cntvaluein_skew__lane0__no_bit__ctrl_3__ld_vs_cntvaluein_dq_lane__value_ps,abs_ld_minus_cntvaluein_dq_median,idelay_ld_cntvaluein_skew,lane0,,3,ld_vs_cntvaluein_dq_lane,14,16,34.5,172.75,1049.5,36.5,202.0,677.5,29.25,0.526786,fail_higher,0.526786,0.053571,overlap,0.0,0.400892
baseline_seed_31_60,skew,signed_dqs_minus_dq_bit__idelay_cntvaluein_skew__lane0__dq5__ctrl_3__dqs_vs_dq_bit__value_ps,signed_dqs_minus_dq_bit,idelay_cntvaluein_skew,lane0,dq5,3,dqs_vs_dq_bit,14,16,-1003.0,48.0,1069.0,-691.0,20.5,1102.0,-27.5,0.526786,fail_higher,0.526786,0.053571,overlap,0.0,0.400892
baseline_seed_31_60,skew,abs_dqs_minus_dq_bit__idelay_cntvaluein_skew__lane0__dq3__ctrl_4__dqs_vs_dq_bit__value_ps,abs_dqs_minus_dq_bit,idelay_cntvaluein_skew,lane0,dq3,4,dqs_vs_dq_bit,14,16,10.0,251.0,566.0,21.0,265.5,1091.0,14.5,0.526786,fail_higher,0.526786,0.053571,overlap,0.0,0.400892
baseline_seed_31_60,skew,ld_dq_lane_range__idelay_ld_skew__lane0__no_bit__ctrl_none__dq_lane__value_ps,ld_dq_lane_range,idelay_ld_skew,lane0,,,dq_lane,14,16,207.0,343.5,518.0,189.0,345.0,543.0,1.5,0.473214,fail_lower,0.526786,-0.053571,overlap,0.0,0.400892
baseline_seed_31_60,direct,direct_max__dq_iologic__lane1__dq9__ctrl_none__endpoint__value_ps,direct_max,dq_iologic,lane1,dq9,,endpoint,14,16,1904.0,2460.0,3073.0,2111.0,2345.0,3138.0,-115.0,0.524554,fail_higher,0.524554,0.049107,overlap,0.0,0.367484
baseline_seed_31_60,direct,direct_max__idelay_data_cntvaluein__lane1__dq12__ctrl_4__endpoint__value_ps,direct_max,idelay_data_cntvaluein,lane1,dq12,4,endpoint,14,16,1019.0,1249.5,1980.0,827.0,1364.0,1753.0,114.5,0.475446,fail_lower,0.524554,-0.049107,overlap,0.0,0.367484
baseline_seed_31_60,direct,direct_max__dq_iologic__lane1__dq8__ctrl_none__endpoint__value_ps,direct_max,dq_iologic,lane1,dq8,,endpoint,14,16,2029.0,2747.5,3334.0,2079.0,2641.0,4102.0,-106.5,0.475446,fail_lower,0.524554,-0.049107,overlap,0.0,0.367484
baseline_seed_31_60,skew,abs_ld_minus_cntvaluein_dqs__idelay_ld_cntvaluein_skew__lane0__dqs0__ctrl_3__ld_vs_cntvaluein_dqs__value_ps,abs_ld_minus_cntvaluein_dqs,idelay_ld_cntvaluein_skew,lane0,dqs0,3,ld_vs_cntvaluein_dqs,14,16,10.0,311.5,1151.0,5.0,396.5,609.0,85.0,0.524554,fail_higher,0.524554,0.049107,overlap,0.0,0.367484
baseline_seed_31_60,direct,direct_max__idelay_ld__lane1__dq10__ctrl_none__endpoint__value_ps,direct_max,idelay_ld,lane1,dq10,,endpoint,14,16,1169.0,1540.0,1937.0,1118.0,1567.5,2039.0,27.5,0.524554,fail_higher,0.524554,0.049107,overlap,0.0,0.367484
baseline_seed_31_60,skew,abs_dqs_minus_dq_bit__idelay_cntvaluein_skew__lane0__dq7__ctrl_3__dqs_vs_dq_bit__value_ps,abs_dqs_minus_dq_bit,idelay_cntvaluein_skew,lane0,dq7,3,dqs_vs_dq_bit,14,16,32.0,437.0,1098.0,31.0,415.0,1179.0,-22.0,0.475446,fail_lower,0.524554,-0.049107,overlap,0.0,0.367484
baseline_seed_31_60,skew,signed_ld_minus_cntvaluein_dqs__idelay_ld_cntvaluein_skew__lane0__dqs0__ctrl_2__ld_vs_cntvaluein_dqs__value_ps,signed_ld_minus_cntvaluein_dqs,idelay_ld_cntvaluein_skew,lane0,dqs0,2,ld_vs_cntvaluein_dqs,14,16,-599.0,-35.0,903.0,-973.0,207.5,881.0,242.5,0.522321,fail_higher,0.522321,0.044643,overlap,0.0,0.334077
baseline_seed_31_60,skew,signed_dqs_minus_dq_bit__idelay_cntvaluein_skew__lane1__dq14__ctrl_3__dqs_vs_dq_bit__value_ps,signed_dqs_minus_dq_bit,idelay_cntvaluein_skew,lane1,dq14,3,dqs_vs_dq_bit,14,16,-910.0,87.0,311.0,-752.0,-112.5,793.0,-199.5,0.477679,fail_lower,0.522321,-0.044643,overlap,0.0,0.334077
baseline_seed_31_60,direct,direct_max__idelay_ld__lane0__dq2__ctrl_none__endpoint__value_ps,direct_max,idelay_ld,lane0,dq2,,endpoint,14,16,1342.0,1724.0,2275.0,1442.0,1666.0,2486.0,-58.0,0.477679,fail_lower,0.522321,-0.044643,overlap,0.0,0.334077
baseline_seed_31_60,skew,signed_ld_minus_cntvaluein_dq_median__idelay_ld_cntvaluein_skew__lane0__no_bit__ctrl_0__ld_vs_cntvaluein_dq_lane__value_ps,signed_ld_minus_cntvaluein_dq_median,idelay_ld_cntvaluein_skew,lane0,,0,ld_vs_cntvaluein_dq_lane,14,16,-474.0,-125.25,482.0,-722.0,-79.0,1103.5,46.25,0.522321,fail_higher,0.522321,0.044643,overlap,0.0,0.334077
baseline_seed_31_60,skew,signed_lane1_minus_lane0_dqs__idelay_cntvaluein_skew__all__no_bit__ctrl_2__lane1_vs_lane0_dqs__value_ps,signed_lane1_minus_lane0_dqs,idelay_cntvaluein_skew,all,,2,lane1_vs_lane0_dqs,14,16,-527.0,-278.0,111.0,-784.0,-241.5,95.0,36.5,0.522321,fail_higher,0.522321,0.044643,overlap,0.0,0.334077
baseline_seed_31_60,direct,direct_max__dq_iologic__lane1__dq15__ctrl_none__endpoint__value_ps,direct_max,dq_iologic,lane1,dq15,,endpoint,14,16,1934.0,2455.5,3084.0,2234.0,2416.5,4248.0,-39.0,0.520089,fail_higher,0.520089,0.040179,overlap,0.0,0.300669
baseline_seed_31_60,skew,abs_dqs_minus_dq_bit__idelay_cntvaluein_skew__lane1__dq8__ctrl_3__dqs_vs_dq_bit__value_ps,abs_dqs_minus_dq_bit,idelay_cntvaluein_skew,lane1,dq8,3,dqs_vs_dq_bit,14,16,15.0,204.0,864.0,0.0,224.5,844.0,20.5,0.479911,fail_lower,0.520089,-0.040179,overlap,0.0,0.300669
baseline_seed_31_60,skew,signed_idelayctrl_minus_reset_release__startup_relative_skew__all__no_bit__ctrl_none__idelayctrl_vs_reset__value_ps,signed_idelayctrl_minus_reset_release,startup_relative_skew,all,,,idelayctrl_vs_reset,14,16,644.0,2054.5,2429.0,994.0,1901.0,3010.0,-153.5,0.482143,fail_lower,0.517857,-0.035714,overlap,0.0,0.267261
baseline_seed_31_60,skew,abs_idelayctrl_minus_reset_release__startup_relative_skew__all__no_bit__ctrl_none__idelayctrl_vs_reset__value_ps,abs_idelayctrl_minus_reset_release,startup_relative_skew,all,,,idelayctrl_vs_reset,14,16,644.0,2054.5,2429.0,994.0,1901.0,3010.0,-153.5,0.482143,fail_lower,0.517857,-0.035714,overlap,0.0,0.267261
baseline_seed_31_60,skew,abs_dqs_minus_dq_bit__idelay_cntvaluein_skew__lane1__dq10__ctrl_1__dqs_vs_dq_bit__value_ps,abs_dqs_minus_dq_bit,idelay_cntvaluein_skew,lane1,dq10,1,dqs_vs_dq_bit,14,16,60.0,187.5,752.0,5.0,333.5,692.0,146.0,0.517857,fail_higher,0.517857,0.035714,overlap,0.0,0.267261
baseline_seed_31_60,skew,abs_dqs_minus_dq_median__idelay_cntvaluein_skew__lane1__dqs1__ctrl_2__dqs_vs_dq_lane__value_ps,abs_dqs_minus_dq_median,idelay_cntvaluein_skew,lane1,dqs1,2,dqs_vs_dq_lane,14,16,36.0,226.0,1065.0,55.5,309.5,466.0,83.5,0.482143,fail_lower,0.517857,-0.035714,overlap,0.0,0.267261
baseline_seed_31_60,direct,direct_max__dq_iologic__lane1__dq13__ctrl_none__endpoint__value_ps,direct_max,dq_iologic,lane1,dq13,,endpoint,14,16,2265.0,2474.5,2936.0,1924.0,2537.0,2924.0,62.5,0.482143,fail_lower,0.517857,-0.035714,overlap,0.0,0.267261
baseline_seed_31_60,direct,direct_max__idelay_ld__lane1__dq11__ctrl_none__endpoint__value_ps,direct_max,idelay_ld,lane1,dq11,,endpoint,14,16,1085.0,1434.0,1865.0,1161.0,1496.5,1855.0,62.5,0.482143,fail_lower,0.517857,-0.035714,overlap,0.0,0.267261
baseline_seed_31_60,direct,direct_max__idelay_data_cntvaluein__lane1__dq14__ctrl_3__endpoint__value_ps,direct_max,idelay_data_cntvaluein,lane1,dq14,3,endpoint,14,16,1093.0,1459.0,1925.0,1156.0,1515.5,2036.0,56.5,0.517857,fail_higher,0.517857,0.035714,overlap,0.0,0.267261
baseline_seed_31_60,skew,signed_ld_minus_cntvaluein_dqs__idelay_ld_cntvaluein_skew__lane0__dqs0__ctrl_3__ld_vs_cntvaluein_dqs__value_ps,signed_ld_minus_cntvaluein_dqs,idelay_ld_cntvaluein_skew,lane0,dqs0,3,ld_vs_cntvaluein_dqs,14,16,-605.0,-131.5,1151.0,-609.0,-177.5,592.0,-46.0,0.517857,fail_higher,0.517857,0.035714,overlap,0.0,0.267261
baseline_seed_31_60,direct,direct_max__idelay_data_cntvaluein__lane0__dq1__ctrl_0__endpoint__value_ps,direct_max,idelay_data_cntvaluein,lane0,dq1,0,endpoint,14,16,1402.0,1748.5,2236.0,1297.0,1790.5,2453.0,42.0,0.517857,fail_higher,0.517857,0.035714,overlap,0.0,0.267261
baseline_seed_31_60,direct,direct_max__idelay_data_cntvaluein__lane0__dq5__ctrl_1__endpoint__value_ps,direct_max,idelay_data_cntvaluein,lane0,dq5,1,endpoint,14,16,1152.0,1521.0,2099.0,1027.0,1548.0,1896.0,27.0,0.482143,fail_lower,0.517857,-0.035714,overlap,0.0,0.267261
baseline_seed_31_60,direct,direct_max__idelay_data_cntvaluein__lane1__dq9__ctrl_1__endpoint__value_ps,direct_max,idelay_data_cntvaluein,lane1,dq9,1,endpoint,14,16,902.0,1207.0,1656.0,665.0,1224.0,1814.0,17.0,0.482143,fail_lower,0.517857,-0.035714,overlap,0.0,0.267261
baseline_seed_31_60,skew,abs_ld_minus_cntvaluein_dq_median__idelay_ld_cntvaluein_skew__lane0__no_bit__ctrl_0__ld_vs_cntvaluein_dq_lane__value_ps,abs_ld_minus_cntvaluein_dq_median,idelay_ld_cntvaluein_skew,lane0,,0,ld_vs_cntvaluein_dq_lane,14,16,30.5,314.25,482.0,14.5,304.0,1103.5,-10.25,0.517857,fail_higher,0.517857,0.035714,overlap,0.0,0.267261
baseline_seed_31_60,skew,abs_dqs_minus_dq_bit__idelay_cntvaluein_skew__lane0__dq6__ctrl_1__dqs_vs_dq_bit__value_ps,abs_dqs_minus_dq_bit,idelay_cntvaluein_skew,lane0,dq6,1,dqs_vs_dq_bit,14,16,3.0,463.5,814.0,56.0,472.0,1021.0,8.5,0.517857,fail_higher,0.517857,0.035714,overlap,0.0,0.267261
baseline_seed_31_60,direct,lane_spread__idelay_ld__lane0__no_bit__ctrl_none__lane__value_ps,lane_spread,idelay_ld,lane0,,,lane,14,16,270.0,351.0,518.0,271.0,345.0,543.0,-6.0,0.482143,fail_lower,0.517857,-0.035714,overlap,0.0,0.267261
baseline_seed_31_60,direct,direct_max__dq_iologic__lane0__dq6__ctrl_none__endpoint__value_ps,direct_max,dq_iologic,lane0,dq6,,endpoint,14,16,1725.0,2090.5,3236.0,1799.0,2049.5,3569.0,-41.0,0.484375,fail_lower,0.515625,-0.03125,overlap,0.0,0.233854
baseline_seed_31_60,skew,signed_dqs_minus_dq_bit__idelay_cntvaluein_skew__lane1__dq12__ctrl_1__dqs_vs_dq_bit__value_ps,signed_dqs_minus_dq_bit,idelay_cntvaluein_skew,lane1,dq12,1,dqs_vs_dq_bit,14,16,-836.0,-36.0,498.0,-742.0,-65.0,590.0,-29.0,0.484375,fail_lower,0.515625,-0.03125,overlap,0.0,0.233854
baseline_seed_31_60,skew,signed_dqs_minus_dq_bit__idelay_cntvaluein_skew__lane1__dq8__ctrl_4__dqs_vs_dq_bit__value_ps,signed_dqs_minus_dq_bit,idelay_cntvaluein_skew,lane1,dq8,4,dqs_vs_dq_bit,14,16,-813.0,-68.5,161.0,-638.0,-96.0,549.0,-27.5,0.515625,fail_higher,0.515625,0.03125,overlap,0.0,0.233854
baseline_seed_31_60,direct,direct_max__dq_iologic__lane1__dq11__ctrl_none__endpoint__value_ps,direct_max,dq_iologic,lane1,dq11,,endpoint,14,16,2266.0,2736.0,2880.0,2381.0,2580.0,3028.0,-156.0,0.513393,fail_higher,0.513393,0.026786,overlap,0.0,0.200446
baseline_seed_31_60,skew,abs_dqs_minus_dq_bit__idelay_cntvaluein_skew__lane1__dq11__ctrl_2__dqs_vs_dq_bit__value_ps,abs_dqs_minus_dq_bit,idelay_cntvaluein_skew,lane1,dq11,2,dqs_vs_dq_bit,14,16,15.0,187.5,920.0,61.0,323.0,528.0,135.5,0.486607,fail_lower,0.513393,-0.026786,overlap,0.0,0.200446
baseline_seed_31_60,skew,signed_ld_minus_cntvaluein_dqs__idelay_ld_cntvaluein_skew__lane0__dqs0__ctrl_1__ld_vs_cntvaluein_dqs__value_ps,signed_ld_minus_cntvaluein_dqs,idelay_ld_cntvaluein_skew,lane0,dqs0,1,ld_vs_cntvaluein_dqs,14,16,-688.0,178.5,928.0,-592.0,273.5,598.0,95.0,0.486607,fail_lower,0.513393,-0.026786,overlap,0.0,0.200446
baseline_seed_31_60,skew,signed_dqs_minus_dq_bit__idelay_cntvaluein_skew__lane1__dq9__ctrl_2__dqs_vs_dq_bit__value_ps,signed_dqs_minus_dq_bit,idelay_cntvaluein_skew,lane1,dq9,2,dqs_vs_dq_bit,14,16,-691.0,83.0,706.0,-684.0,163.5,600.0,80.5,0.486607,fail_lower,0.513393,-0.026786,overlap,0.0,0.200446
baseline_seed_31_60,direct,direct_max__idelay_ld__lane1__dq14__ctrl_none__endpoint__value_ps,direct_max,idelay_ld,lane1,dq14,,endpoint,14,16,1261.0,1485.5,1842.0,1095.0,1559.5,2023.0,74.0,0.513393,fail_higher,0.513393,0.026786,overlap,0.0,0.200446
baseline_seed_31_60,direct,direct_max__idelay_data_cntvaluein__lane1__dq15__ctrl_2__endpoint__value_ps,direct_max,idelay_data_cntvaluein,lane1,dq15,2,endpoint,14,16,823.0,1217.0,1654.0,671.0,1278.0,2173.0,61.0,0.486607,fail_lower,0.513393,-0.026786,overlap,0.0,0.200446
baseline_seed_31_60,direct,control_fanout_spread__idelay_data_cntvaluein__lane0__no_bit__ctrl_1__lane_control_bit__value_ps,control_fanout_spread,idelay_data_cntvaluein,lane0,,1,lane_control_bit,14,16,148.0,426.0,609.0,140.0,367.5,634.0,-58.5,0.486607,fail_lower,0.513393,-0.026786,overlap,0.0,0.200446
baseline_seed_31_60,skew,dq_lane_range__idelay_cntvaluein_skew__lane0__no_bit__ctrl_1__dq_lane__value_ps,dq_lane_range,idelay_cntvaluein_skew,lane0,,1,dq_lane,14,16,148.0,426.0,609.0,140.0,367.5,634.0,-58.5,0.486607,fail_lower,0.513393,-0.026786,overlap,0.0,0.200446
baseline_seed_31_60,skew,signed_dqs_minus_dq_bit__idelay_cntvaluein_skew__lane1__dq8__ctrl_3__dqs_vs_dq_bit__value_ps,signed_dqs_minus_dq_bit,idelay_cntvaluein_skew,lane1,dq8,3,dqs_vs_dq_bit,14,16,-864.0,32.0,260.0,-844.0,-10.5,707.0,-42.5,0.513393,fail_higher,0.513393,0.026786,overlap,0.0,0.200446
baseline_seed_31_60,direct,direct_max__dq_iologic__lane0__dq2__ctrl_none__endpoint__value_ps,direct_max,dq_iologic,lane0,dq2,,endpoint,14,16,1629.0,2026.0,3144.0,1764.0,2063.5,3530.0,37.5,0.486607,fail_lower,0.513393,-0.026786,overlap,0.0,0.200446
baseline_seed_31_60,skew,abs_ld_minus_cntvaluein_dqs__idelay_ld_cntvaluein_skew__lane0__dqs0__ctrl_1__ld_vs_cntvaluein_dqs__value_ps,abs_ld_minus_cntvaluein_dqs,idelay_ld_cntvaluein_skew,lane0,dqs0,1,ld_vs_cntvaluein_dqs,14,16,53.0,298.0,928.0,13.0,332.5,598.0,34.5,0.513393,fail_higher,0.513393,0.026786,overlap,0.0,0.200446
baseline_seed_31_60,skew,abs_dqs_minus_dq_median__idelay_cntvaluein_skew__lane1__dqs1__ctrl_3__dqs_vs_dq_lane__value_ps,abs_dqs_minus_dq_median,idelay_cntvaluein_skew,lane1,dqs1,3,dqs_vs_dq_lane,14,16,64.0,226.25,823.0,35.5,193.25,802.0,-33.0,0.486607,fail_lower,0.513393,-0.026786,overlap,0.0,0.200446
baseline_seed_31_60,skew,abs_dqs_minus_dq_bit__idelay_cntvaluein_skew__lane1__dq12__ctrl_3__dqs_vs_dq_bit__value_ps,abs_dqs_minus_dq_bit,idelay_cntvaluein_skew,lane1,dq12,3,dqs_vs_dq_bit,14,16,39.0,210.5,920.0,10.0,238.5,811.0,28.0,0.486607,fail_lower,0.513393,-0.026786,overlap,0.0,0.200446
baseline_seed_31_60,direct,direct_max__idelay_data_cntvaluein__lane1__dq13__ctrl_4__endpoint__value_ps,direct_max,idelay_data_cntvaluein,lane1,dq13,4,endpoint,14,16,963.0,1383.5,1771.0,864.0,1360.0,1827.0,-23.5,0.513393,fail_higher,0.513393,0.026786,overlap,0.0,0.200446
baseline_seed_31_60,direct,direct_max__idelay_ld__lane1__dq9__ctrl_none__endpoint__value_ps,direct_max,idelay_ld,lane1,dq9,,endpoint,14,16,1021.0,1287.5,1922.0,1106.0,1297.0,1697.0,9.5,0.513393,fail_higher,0.513393,0.026786,overlap,0.0,0.200446
baseline_seed_31_60,direct,direct_max__idelay_data_cntvaluein__lane0__dq2__ctrl_4__endpoint__value_ps,direct_max,idelay_data_cntvaluein,lane0,dq2,4,endpoint,14,16,1138.0,1606.5,2312.0,1157.0,1605.5,2467.0,-1.0,0.486607,fail_lower,0.513393,-0.026786,overlap,0.0,0.200446
baseline_seed_31_60,direct,direct_max__idelay_data_cntvaluein__lane1__dq10__ctrl_1__endpoint__value_ps,direct_max,idelay_data_cntvaluein,lane1,dq10,1,endpoint,14,16,1024.0,1404.0,1925.0,972.0,1404.0,1986.0,0.0,0.513393,fail_higher,0.513393,0.026786,overlap,0.0,0.200446
baseline_seed_31_60,direct,direct_max__idelay_data_cntvaluein__lane1__dq15__ctrl_0__endpoint__value_ps,direct_max,idelay_data_cntvaluein,lane1,dq15,0,endpoint,14,16,855.0,1217.5,1782.0,736.0,1308.0,1524.0,90.5,0.488839,fail_lower,0.511161,-0.022321,overlap,0.0,0.167038
baseline_seed_31_60,direct,direct_max__idelay_data_cntvaluein__lane0__dq4__ctrl_3__endpoint__value_ps,direct_max,idelay_data_cntvaluein,lane0,dq4,3,endpoint,14,16,1256.0,1766.0,2302.0,1172.0,1724.0,2612.0,-42.0,0.511161,fail_higher,0.511161,0.022321,overlap,0.0,0.167038
baseline_seed_31_60,skew,abs_ld_minus_cntvaluein_dqs__idelay_ld_cntvaluein_skew__lane1__dqs1__ctrl_0__ld_vs_cntvaluein_dqs__value_ps,abs_ld_minus_cntvaluein_dqs,idelay_ld_cntvaluein_skew,lane1,dqs1,0,ld_vs_cntvaluein_dqs,14,16,3.0,422.5,988.0,33.0,309.0,850.0,-113.5,0.491071,fail_lower,0.508929,-0.017857,overlap,0.0,0.133631
baseline_seed_31_60,skew,abs_dqs_minus_dq_bit__idelay_cntvaluein_skew__lane0__dq7__ctrl_1__dqs_vs_dq_bit__value_ps,abs_dqs_minus_dq_bit,idelay_cntvaluein_skew,lane0,dq7,1,dqs_vs_dq_bit,14,16,110.0,367.5,1183.0,35.0,480.5,1020.0,113.0,0.491071,fail_lower,0.508929,-0.017857,overlap,0.0,0.133631
baseline_seed_31_60,skew,signed_dqs_minus_dq_bit__idelay_cntvaluein_skew__lane0__dq4__ctrl_3__dqs_vs_dq_bit__value_ps,signed_dqs_minus_dq_bit,idelay_cntvaluein_skew,lane0,dq4,3,dqs_vs_dq_bit,14,16,-1005.0,49.5,803.0,-1086.0,-33.5,897.0,-83.0,0.508929,fail_higher,0.508929,0.017857,overlap,0.0,0.133631
baseline_seed_31_60,skew,abs_dqs_minus_dq_bit__idelay_cntvaluein_skew__lane1__dq15__ctrl_2__dqs_vs_dq_bit__value_ps,abs_dqs_minus_dq_bit,idelay_cntvaluein_skew,lane1,dq15,2,dqs_vs_dq_bit,14,16,26.0,274.5,790.0,0.0,310.0,600.0,35.5,0.508929,fail_higher,0.508929,0.017857,overlap,0.0,0.133631
baseline_seed_31_60,skew,signed_lane1_minus_lane0_dq_median__idelay_cntvaluein_skew__all__no_bit__ctrl_4__lane1_vs_lane0_dq__value_ps,signed_lane1_minus_lane0_dq_median,idelay_cntvaluein_skew,all,,4,lane1_vs_lane0_dq,14,16,-565.0,-295.0,-49.0,-621.5,-263.75,32.0,31.25,0.508929,fail_higher,0.508929,0.017857,overlap,0.0,0.133631
baseline_seed_31_60,skew,abs_lane1_minus_lane0_dq_median__idelay_cntvaluein_skew__all__no_bit__ctrl_4__lane1_vs_lane0_dq__value_ps,abs_lane1_minus_lane0_dq_median,idelay_cntvaluein_skew,all,,4,lane1_vs_lane0_dq,14,16,49.0,295.0,565.0,13.0,263.75,621.5,-31.25,0.491071,fail_lower,0.508929,-0.017857,overlap,0.0,0.133631
baseline_seed_31_60,skew,abs_ld_minus_cntvaluein_dq_median__idelay_ld_cntvaluein_skew__lane0__no_bit__ctrl_1__ld_vs_cntvaluein_dq_lane__value_ps,abs_ld_minus_cntvaluein_dq_median,idelay_ld_cntvaluein_skew,lane0,,1,ld_vs_cntvaluein_dq_lane,14,16,36.0,247.75,614.0,6.5,278.0,889.0,30.25,0.491071,fail_lower,0.508929,-0.017857,overlap,0.0,0.133631
baseline_seed_31_60,skew,signed_dqs_minus_dq_bit__idelay_cntvaluein_skew__lane1__dq14__ctrl_4__dqs_vs_dq_bit__value_ps,signed_dqs_minus_dq_bit,idelay_cntvaluein_skew,lane1,dq14,4,dqs_vs_dq_bit,14,16,-727.0,-17.0,248.0,-648.0,-84.5,633.0,-67.5,0.506696,fail_higher,0.506696,0.013393,overlap,0.0,0.100223
baseline_seed_31_60,direct,direct_max__idelay_ld__lane1__dq12__ctrl_none__endpoint__value_ps,direct_max,idelay_ld,lane1,dq12,,endpoint,14,16,1175.0,1520.0,1914.0,1365.0,1572.5,2111.0,52.5,0.506696,fail_higher,0.506696,0.013393,overlap,0.0,0.100223
baseline_seed_31_60,skew,abs_dqs_minus_dq_bit__idelay_cntvaluein_skew__lane1__dq10__ctrl_3__dqs_vs_dq_bit__value_ps,abs_dqs_minus_dq_bit,idelay_cntvaluein_skew,lane1,dq10,3,dqs_vs_dq_bit,14,16,5.0,265.0,1002.0,5.0,215.0,732.0,-50.0,0.493304,fail_lower,0.506696,-0.013393,overlap,0.0,0.100223
baseline_seed_31_60,skew,abs_dqs_minus_dq_bit__idelay_cntvaluein_skew__lane1__dq14__ctrl_3__dqs_vs_dq_bit__value_ps,abs_dqs_minus_dq_bit,idelay_cntvaluein_skew,lane1,dq14,3,dqs_vs_dq_bit,14,16,69.0,231.0,910.0,61.0,256.5,793.0,25.5,0.506696,fail_higher,0.506696,0.013393,overlap,0.0,0.100223
baseline_seed_31_60,direct,direct_max__idelay_data_cntvaluein__lane0__dq4__ctrl_4__endpoint__value_ps,direct_max,idelay_data_cntvaluein,lane0,dq4,4,endpoint,14,16,1220.0,1536.5,2359.0,1151.0,1700.0,2382.0,163.5,0.495536,fail_lower,0.504464,-0.008929,overlap,0.0,0.066815
baseline_seed_31_60,direct,direct_max__idelay_data_cntvaluein__lane0__dq3__ctrl_1__endpoint__value_ps,direct_max,idelay_data_cntvaluein,lane0,dq3,1,endpoint,14,16,1067.0,1552.0,2009.0,1133.0,1464.5,1996.0,-87.5,0.495536,fail_lower,0.504464,-0.008929,overlap,0.0,0.066815
baseline_seed_31_60,skew,signed_ld_minus_cntvaluein_dq_median__idelay_ld_cntvaluein_skew__lane1__no_bit__ctrl_4__ld_vs_cntvaluein_dq_lane__value_ps,signed_ld_minus_cntvaluein_dq_median,idelay_ld_cntvaluein_skew,lane1,,4,ld_vs_cntvaluein_dq_lane,14,16,-631.5,115.25,470.5,-316.0,179.0,669.5,63.75,0.495536,fail_lower,0.504464,-0.008929,overlap,0.0,0.066815
baseline_seed_31_60,skew,signed_dqs_minus_dq_bit__idelay_cntvaluein_skew__lane0__dq1__ctrl_3__dqs_vs_dq_bit__value_ps,signed_dqs_minus_dq_bit,idelay_cntvaluein_skew,lane0,dq1,3,dqs_vs_dq_bit,14,16,-1003.0,5.0,895.0,-996.0,-42.0,813.0,-47.0,0.495536,fail_lower,0.504464,-0.008929,overlap,0.0,0.066815
baseline_seed_31_60,direct,direct_max__idelay_data_cntvaluein__lane0__dq6__ctrl_1__endpoint__value_ps,direct_max,idelay_data_cntvaluein,lane0,dq6,1,endpoint,14,16,1032.0,1822.0,2217.0,1342.0,1776.0,2372.0,-46.0,0.495536,fail_lower,0.504464,-0.008929,overlap,0.0,0.066815
baseline_seed_31_60,direct,direct_max__idelay_data_cntvaluein__lane0__dq7__ctrl_4__endpoint__value_ps,direct_max,idelay_data_cntvaluein,lane0,dq7,4,endpoint,14,16,1174.0,1676.5,2364.0,1246.0,1707.0,2641.0,30.5,0.504464,fail_higher,0.504464,0.008929,overlap,0.0,0.066815
baseline_seed_31_60,skew,signed_dqs_minus_dq_bit__idelay_cntvaluein_skew__lane1__dq8__ctrl_1__dqs_vs_dq_bit__value_ps,signed_dqs_minus_dq_bit,idelay_cntvaluein_skew,lane1,dq8,1,dqs_vs_dq_bit,14,16,-930.0,-162.0,536.0,-778.0,-173.0,505.0,-11.0,0.495536,fail_lower,0.504464,-0.008929,overlap,0.0,0.066815
baseline_seed_31_60,direct,direct_max__reset_release__all__no_bit__ctrl_none__endpoint__value_ps,direct_max,reset_release,all,,,endpoint,14,16,495.0,709.5,1259.0,495.0,809.5,1125.0,100.0,0.502232,fail_higher,0.502232,0.004464,overlap,0.0,0.033408
baseline_seed_31_60,direct,lane_spread__reset_release__all__no_bit__ctrl_none__lane__value_ps,lane_spread,reset_release,all,,,lane,14,16,495.0,709.5,1259.0,495.0,809.5,1125.0,100.0,0.502232,fail_higher,0.502232,0.004464,overlap,0.0,0.033408
baseline_seed_31_60,skew,signed_dqs_minus_dq_bit__idelay_cntvaluein_skew__lane1__dq11__ctrl_1__dqs_vs_dq_bit__value_ps,signed_dqs_minus_dq_bit,idelay_cntvaluein_skew,lane1,dq11,1,dqs_vs_dq_bit,14,16,-752.0,21.5,711.0,-452.0,-43.5,630.0,-65.0,0.502232,fail_higher,0.502232,0.004464,overlap,0.0,0.033408
baseline_seed_31_60,skew,signed_dqs_minus_dq_bit__idelay_cntvaluein_skew__lane0__dq3__ctrl_3__dqs_vs_dq_bit__value_ps,signed_dqs_minus_dq_bit,idelay_cntvaluein_skew,lane0,dq3,3,dqs_vs_dq_bit,14,16,-913.0,120.5,989.0,-632.0,106.0,1099.0,-14.5,0.497768,fail_lower,0.502232,-0.004464,overlap,0.0,0.033408
baseline_seed_31_60,direct,cntvaluein_bus_skew__idelay_data_cntvaluein__lane0__dq3__ctrl_none__dq3__value_ps,cntvaluein_bus_skew,idelay_data_cntvaluein,lane0,dq3,,dq3,14,16,270.0,528.0,959.0,221.0,539.5,930.0,11.5,0.497768,fail_lower,0.502232,-0.004464,overlap,0.0,0.033408
baseline_seed_31_60,skew,abs_dqs_minus_dq_bit__idelay_cntvaluein_skew__lane1__dq15__ctrl_3__dqs_vs_dq_bit__value_ps,abs_dqs_minus_dq_bit,idelay_cntvaluein_skew,lane1,dq15,3,dqs_vs_dq_bit,14,16,13.0,336.0,638.0,86.0,261.0,1174.0,-75.0,0.5,fail_higher,0.5,0.0,overlap,0.0,0.0
baseline_seed_31_60,skew,signed_dqs_minus_dq_bit__idelay_cntvaluein_skew__lane1__dq12__ctrl_4__dqs_vs_dq_bit__value_ps,signed_dqs_minus_dq_bit,idelay_cntvaluein_skew,lane1,dq12,4,dqs_vs_dq_bit,14,16,-642.0,-37.0,337.0,-475.0,-105.0,582.0,-68.0,0.5,fail_higher,0.5,0.0,overlap,0.0,0.0
baseline_seed_31_60,skew,signed_ld_minus_cntvaluein_dq_median__idelay_ld_cntvaluein_skew__lane1__no_bit__ctrl_1__ld_vs_cntvaluein_dq_lane__value_ps,signed_ld_minus_cntvaluein_dq_median,idelay_ld_cntvaluein_skew,lane1,,1,ld_vs_cntvaluein_dq_lane,14,16,-270.0,159.5,472.0,-342.5,99.0,569.0,-60.5,0.5,fail_higher,0.5,0.0,overlap,0.0,0.0
baseline_seed_31_60,skew,signed_dqs_minus_dq_bit__idelay_cntvaluein_skew__lane0__dq0__ctrl_3__dqs_vs_dq_bit__value_ps,signed_dqs_minus_dq_bit,idelay_cntvaluein_skew,lane0,dq0,3,dqs_vs_dq_bit,14,16,-913.0,50.0,979.0,-987.0,-8.0,869.0,-58.0,0.5,fail_higher,0.5,0.0,overlap,0.0,0.0
baseline_seed_31_60,skew,signed_dqs_minus_dq_bit__idelay_cntvaluein_skew__lane1__dq13__ctrl_1__dqs_vs_dq_bit__value_ps,signed_dqs_minus_dq_bit,idelay_cntvaluein_skew,lane1,dq13,1,dqs_vs_dq_bit,14,16,-844.0,-62.0,628.0,-533.0,-115.0,717.0,-53.0,0.5,fail_higher,0.5,0.0,overlap,0.0,0.0
baseline_seed_31_60,skew,abs_ld_minus_cntvaluein_dq_median__idelay_ld_cntvaluein_skew__lane0__no_bit__ctrl_2__ld_vs_cntvaluein_dq_lane__value_ps,abs_ld_minus_cntvaluein_dq_median,idelay_ld_cntvaluein_skew,lane0,,2,ld_vs_cntvaluein_dq_lane,14,16,76.0,308.0,799.5,67.0,275.0,835.5,-33.0,0.5,fail_higher,0.5,0.0,overlap,0.0,0.0
baseline_seed_31_60,skew,abs_ld_dqs_minus_dq_median__idelay_ld_skew__lane0__dqs0__ctrl_none__dqs_vs_dq_lane__value_ps,abs_ld_dqs_minus_dq_median,idelay_ld_skew,lane0,dqs0,,dqs_vs_dq_lane,14,16,0.0,129.0,298.0,14.0,131.75,243.0,2.75,0.5,fail_higher,0.5,0.0,overlap,0.0,0.0
baseline_seed_31_60,direct,control_fanout_spread__idelay_dqs_cntvaluein__lane0__no_bit__ctrl_0__lane_control_bit__value_ps,control_fanout_spread,idelay_dqs_cntvaluein,lane0,,0,lane_control_bit,14,16,0.0,0.0,0.0,0.0,0.0,0.0,0.0,0.5,fail_higher,0.5,0.0,overlap,0.0,0.0
baseline_seed_31_60,direct,control_fanout_spread__idelay_dqs_cntvaluein__lane0__no_bit__ctrl_1__lane_control_bit__value_ps,control_fanout_spread,idelay_dqs_cntvaluein,lane0,,1,lane_control_bit,14,16,0.0,0.0,0.0,0.0,0.0,0.0,0.0,0.5,fail_higher,0.5,0.0,overlap,0.0,0.0
baseline_seed_31_60,direct,control_fanout_spread__idelay_dqs_cntvaluein__lane0__no_bit__ctrl_2__lane_control_bit__value_ps,control_fanout_spread,idelay_dqs_cntvaluein,lane0,,2,lane_control_bit,14,16,0.0,0.0,0.0,0.0,0.0,0.0,0.0,0.5,fail_higher,0.5,0.0,overlap,0.0,0.0
baseline_seed_31_60,direct,control_fanout_spread__idelay_dqs_cntvaluein__lane0__no_bit__ctrl_3__lane_control_bit__value_ps,control_fanout_spread,idelay_dqs_cntvaluein,lane0,,3,lane_control_bit,14,16,0.0,0.0,0.0,0.0,0.0,0.0,0.0,0.5,fail_higher,0.5,0.0,overlap,0.0,0.0
baseline_seed_31_60,direct,control_fanout_spread__idelay_dqs_cntvaluein__lane0__no_bit__ctrl_4__lane_control_bit__value_ps,control_fanout_spread,idelay_dqs_cntvaluein,lane0,,4,lane_control_bit,14,16,0.0,0.0,0.0,0.0,0.0,0.0,0.0,0.5,fail_higher,0.5,0.0,overlap,0.0,0.0
baseline_seed_31_60,direct,control_fanout_spread__idelay_dqs_cntvaluein__lane1__no_bit__ctrl_0__lane_control_bit__value_ps,control_fanout_spread,idelay_dqs_cntvaluein,lane1,,0,lane_control_bit,14,16,0.0,0.0,0.0,0.0,0.0,0.0,0.0,0.5,fail_higher,0.5,0.0,overlap,0.0,0.0
baseline_seed_31_60,direct,control_fanout_spread__idelay_dqs_cntvaluein__lane1__no_bit__ctrl_1__lane_control_bit__value_ps,control_fanout_spread,idelay_dqs_cntvaluein,lane1,,1,lane_control_bit,14,16,0.0,0.0,0.0,0.0,0.0,0.0,0.0,0.5,fail_higher,0.5,0.0,overlap,0.0,0.0
baseline_seed_31_60,direct,control_fanout_spread__idelay_dqs_cntvaluein__lane1__no_bit__ctrl_2__lane_control_bit__value_ps,control_fanout_spread,idelay_dqs_cntvaluein,lane1,,2,lane_control_bit,14,16,0.0,0.0,0.0,0.0,0.0,0.0,0.0,0.5,fail_higher,0.5,0.0,overlap,0.0,0.0
baseline_seed_31_60,direct,control_fanout_spread__idelay_dqs_cntvaluein__lane1__no_bit__ctrl_3__lane_control_bit__value_ps,control_fanout_spread,idelay_dqs_cntvaluein,lane1,,3,lane_control_bit,14,16,0.0,0.0,0.0,0.0,0.0,0.0,0.0,0.5,fail_higher,0.5,0.0,overlap,0.0,0.0
baseline_seed_31_60,direct,control_fanout_spread__idelay_dqs_cntvaluein__lane1__no_bit__ctrl_4__lane_control_bit__value_ps,control_fanout_spread,idelay_dqs_cntvaluein,lane1,,4,lane_control_bit,14,16,0.0,0.0,0.0,0.0,0.0,0.0,0.0,0.5,fail_higher,0.5,0.0,overlap,0.0,0.0
baseline_seed_31_60,direct,direct_max__clocking__lane0__dq0__ctrl_none__endpoint__value_ps,direct_max,clocking,lane0,dq0,,endpoint,14,16,1314.0,1314.0,1314.0,1314.0,1314.0,1314.0,0.0,0.5,fail_higher,0.5,0.0,overlap,0.0,0.0
baseline_seed_31_60,direct,direct_max__clocking__lane0__dq1__ctrl_none__endpoint__value_ps,direct_max,clocking,lane0,dq1,,endpoint,14,16,1314.0,1314.0,1314.0,1314.0,1314.0,1314.0,0.0,0.5,fail_higher,0.5,0.0,overlap,0.0,0.0
baseline_seed_31_60,direct,direct_max__clocking__lane0__dq2__ctrl_none__endpoint__value_ps,direct_max,clocking,lane0,dq2,,endpoint,14,16,1314.0,1314.0,1314.0,1314.0,1314.0,1314.0,0.0,0.5,fail_higher,0.5,0.0,overlap,0.0,0.0
baseline_seed_31_60,direct,direct_max__clocking__lane0__dq3__ctrl_none__endpoint__value_ps,direct_max,clocking,lane0,dq3,,endpoint,14,16,1314.0,1314.0,1314.0,1314.0,1314.0,1314.0,0.0,0.5,fail_higher,0.5,0.0,overlap,0.0,0.0
baseline_seed_31_60,direct,direct_max__clocking__lane0__dq4__ctrl_none__endpoint__value_ps,direct_max,clocking,lane0,dq4,,endpoint,14,16,1314.0,1314.0,1314.0,1314.0,1314.0,1314.0,0.0,0.5,fail_higher,0.5,0.0,overlap,0.0,0.0
baseline_seed_31_60,direct,direct_max__clocking__lane0__dq5__ctrl_none__endpoint__value_ps,direct_max,clocking,lane0,dq5,,endpoint,14,16,1314.0,1314.0,1314.0,1314.0,1314.0,1314.0,0.0,0.5,fail_higher,0.5,0.0,overlap,0.0,0.0
baseline_seed_31_60,direct,direct_max__clocking__lane0__dq6__ctrl_none__endpoint__value_ps,direct_max,clocking,lane0,dq6,,endpoint,14,16,1314.0,1314.0,1314.0,1314.0,1314.0,1314.0,0.0,0.5,fail_higher,0.5,0.0,overlap,0.0,0.0
baseline_seed_31_60,direct,direct_max__clocking__lane0__dq7__ctrl_none__endpoint__value_ps,direct_max,clocking,lane0,dq7,,endpoint,14,16,1314.0,1314.0,1314.0,1314.0,1314.0,1314.0,0.0,0.5,fail_higher,0.5,0.0,overlap,0.0,0.0
baseline_seed_31_60,direct,direct_max__clocking__lane0__dqs0__ctrl_none__endpoint__value_ps,direct_max,clocking,lane0,dqs0,,endpoint,14,16,1279.0,1279.0,1279.0,1279.0,1279.0,1279.0,0.0,0.5,fail_higher,0.5,0.0,overlap,0.0,0.0
baseline_seed_31_60,direct,direct_max__clocking__lane1__dq10__ctrl_none__endpoint__value_ps,direct_max,clocking,lane1,dq10,,endpoint,14,16,1314.0,1314.0,1314.0,1314.0,1314.0,1314.0,0.0,0.5,fail_higher,0.5,0.0,overlap,0.0,0.0
baseline_seed_31_60,direct,direct_max__clocking__lane1__dq11__ctrl_none__endpoint__value_ps,direct_max,clocking,lane1,dq11,,endpoint,14,16,1314.0,1314.0,1314.0,1314.0,1314.0,1314.0,0.0,0.5,fail_higher,0.5,0.0,overlap,0.0,0.0
baseline_seed_31_60,direct,direct_max__clocking__lane1__dq12__ctrl_none__endpoint__value_ps,direct_max,clocking,lane1,dq12,,endpoint,14,16,1314.0,1314.0,1314.0,1314.0,1314.0,1314.0,0.0,0.5,fail_higher,0.5,0.0,overlap,0.0,0.0
baseline_seed_31_60,direct,direct_max__clocking__lane1__dq13__ctrl_none__endpoint__value_ps,direct_max,clocking,lane1,dq13,,endpoint,14,16,1314.0,1314.0,1314.0,1314.0,1314.0,1314.0,0.0,0.5,fail_higher,0.5,0.0,overlap,0.0,0.0
baseline_seed_31_60,direct,direct_max__clocking__lane1__dq14__ctrl_none__endpoint__value_ps,direct_max,clocking,lane1,dq14,,endpoint,14,16,1314.0,1314.0,1314.0,1314.0,1314.0,1314.0,0.0,0.5,fail_higher,0.5,0.0,overlap,0.0,0.0
baseline_seed_31_60,direct,direct_max__clocking__lane1__dq15__ctrl_none__endpoint__value_ps,direct_max,clocking,lane1,dq15,,endpoint,14,16,1314.0,1314.0,1314.0,1314.0,1314.0,1314.0,0.0,0.5,fail_higher,0.5,0.0,overlap,0.0,0.0
baseline_seed_31_60,direct,direct_max__clocking__lane1__dq8__ctrl_none__endpoint__value_ps,direct_max,clocking,lane1,dq8,,endpoint,14,16,1314.0,1314.0,1314.0,1314.0,1314.0,1314.0,0.0,0.5,fail_higher,0.5,0.0,overlap,0.0,0.0
baseline_seed_31_60,direct,direct_max__clocking__lane1__dq9__ctrl_none__endpoint__value_ps,direct_max,clocking,lane1,dq9,,endpoint,14,16,1314.0,1314.0,1314.0,1314.0,1314.0,1314.0,0.0,0.5,fail_higher,0.5,0.0,overlap,0.0,0.0
baseline_seed_31_60,direct,direct_max__clocking__lane1__dqs1__ctrl_none__endpoint__value_ps,direct_max,clocking,lane1,dqs1,,endpoint,14,16,1279.0,1279.0,1279.0,1279.0,1279.0,1279.0,0.0,0.5,fail_higher,0.5,0.0,overlap,0.0,0.0
baseline_seed_31_60,direct,lane_spread__clocking__lane0__no_bit__ctrl_none__lane__value_ps,lane_spread,clocking,lane0,,,lane,14,16,135.0,135.0,135.0,135.0,135.0,135.0,0.0,0.5,fail_higher,0.5,0.0,overlap,0.0,0.0
baseline_seed_31_60,direct,lane_spread__clocking__lane1__no_bit__ctrl_none__lane__value_ps,lane_spread,clocking,lane1,,,lane,14,16,135.0,135.0,135.0,135.0,135.0,135.0,0.0,0.5,fail_higher,0.5,0.0,overlap,0.0,0.0
baseline_seed_31_60,skew,dq_lane_range__clocking_skew__lane0__no_bit__ctrl_none__dq_lane__value_ps,dq_lane_range,clocking_skew,lane0,,,dq_lane,14,16,0.0,0.0,0.0,0.0,0.0,0.0,0.0,0.5,fail_higher,0.5,0.0,overlap,0.0,0.0
baseline_seed_31_60,skew,signed_dqs_minus_dq_median__clocking_skew__lane0__dqs0__ctrl_none__dqs_vs_dq_lane__value_ps,signed_dqs_minus_dq_median,clocking_skew,lane0,dqs0,,dqs_vs_dq_lane,14,16,-35.0,-35.0,-35.0,-35.0,-35.0,-35.0,0.0,0.5,fail_higher,0.5,0.0,overlap,0.0,0.0
baseline_seed_31_60,skew,abs_dqs_minus_dq_median__clocking_skew__lane0__dqs0__ctrl_none__dqs_vs_dq_lane__value_ps,abs_dqs_minus_dq_median,clocking_skew,lane0,dqs0,,dqs_vs_dq_lane,14,16,35.0,35.0,35.0,35.0,35.0,35.0,0.0,0.5,fail_higher,0.5,0.0,overlap,0.0,0.0
baseline_seed_31_60,skew,dq_lane_range__clocking_skew__lane1__no_bit__ctrl_none__dq_lane__value_ps,dq_lane_range,clocking_skew,lane1,,,dq_lane,14,16,0.0,0.0,0.0,0.0,0.0,0.0,0.0,0.5,fail_higher,0.5,0.0,overlap,0.0,0.0
baseline_seed_31_60,skew,signed_dqs_minus_dq_median__clocking_skew__lane1__dqs1__ctrl_none__dqs_vs_dq_lane__value_ps,signed_dqs_minus_dq_median,clocking_skew,lane1,dqs1,,dqs_vs_dq_lane,14,16,-35.0,-35.0,-35.0,-35.0,-35.0,-35.0,0.0,0.5,fail_higher,0.5,0.0,overlap,0.0,0.0
baseline_seed_31_60,skew,abs_dqs_minus_dq_median__clocking_skew__lane1__dqs1__ctrl_none__dqs_vs_dq_lane__value_ps,abs_dqs_minus_dq_median,clocking_skew,lane1,dqs1,,dqs_vs_dq_lane,14,16,35.0,35.0,35.0,35.0,35.0,35.0,0.0,0.5,fail_higher,0.5,0.0,overlap,0.0,0.0
