comparison,feature_layer,feature,metric,family,lane,bit,control_bit,scope,n_pass,n_fail,pass_min_ps,pass_median_ps,pass_max_ps,fail_min_ps,fail_median_ps,fail_max_ps,fail_minus_pass_median_ps,auc_fail_higher,auc_best_direction,auc_best,cliffs_delta_fail_higher,strict_separation,strict_margin_ps,support_score
cntvaluein3_locked_only,skew,abs_dqs_minus_dq_median__idelay_cntvaluein_skew__lane0__dqs0__ctrl_4__dqs_vs_dq_lane__value_ps,abs_dqs_minus_dq_median,idelay_cntvaluein_skew,lane0,dqs0,4,dqs_vs_dq_lane,27,16,72.5,358.5,1006.0,47.5,189.75,623.0,-168.75,0.238426,fail_lower,0.761574,-0.523148,overlap,0.0,5.436715
cntvaluein3_locked_only,skew,abs_ld_minus_cntvaluein_dq_median__idelay_ld_cntvaluein_skew__lane0__no_bit__ctrl_1__ld_vs_cntvaluein_dq_lane__value_ps,abs_ld_minus_cntvaluein_dq_median,idelay_ld_cntvaluein_skew,lane0,,1,ld_vs_cntvaluein_dq_lane,27,16,41.5,356.5,773.0,37.0,190.25,998.5,-166.25,0.239583,fail_lower,0.760417,-0.520833,overlap,0.0,5.412659
cntvaluein3_locked_only,skew,abs_dqs_minus_dq_bit__idelay_cntvaluein_skew__lane0__dq1__ctrl_4__dqs_vs_dq_bit__value_ps,abs_dqs_minus_dq_bit,idelay_cntvaluein_skew,lane0,dq1,4,dqs_vs_dq_bit,27,16,8.0,447.0,1088.0,41.0,168.5,647.0,-278.5,0.240741,fail_lower,0.759259,-0.518519,overlap,0.0,5.388603
cntvaluein3_locked_only,skew,abs_dqs_minus_dq_bit__idelay_cntvaluein_skew__lane0__dq0__ctrl_4__dqs_vs_dq_bit__value_ps,abs_dqs_minus_dq_bit,idelay_cntvaluein_skew,lane0,dq0,4,dqs_vs_dq_bit,27,16,16.0,405.0,1092.0,2.0,223.5,662.0,-181.5,0.243056,fail_lower,0.756944,-0.513889,overlap,0.0,5.34049
cntvaluein3_locked_only,skew,abs_dqs_minus_dq_bit__idelay_cntvaluein_skew__lane0__dq2__ctrl_4__dqs_vs_dq_bit__value_ps,abs_dqs_minus_dq_bit,idelay_cntvaluein_skew,lane0,dq2,4,dqs_vs_dq_bit,27,16,28.0,387.0,1041.0,31.0,160.0,652.0,-227.0,0.256944,fail_lower,0.743056,-0.486111,overlap,0.0,5.051815
cntvaluein3_locked_only,skew,abs_dqs_minus_dq_bit__idelay_cntvaluein_skew__lane1__dq8__ctrl_4__dqs_vs_dq_bit__value_ps,abs_dqs_minus_dq_bit,idelay_cntvaluein_skew,lane1,dq8,4,dqs_vs_dq_bit,27,16,0.0,308.0,825.0,18.0,172.0,686.0,-136.0,0.275463,fail_lower,0.724537,-0.449074,overlap,0.0,4.666915
cntvaluein3_locked_only,skew,abs_dqs_minus_dq_bit__idelay_cntvaluein_skew__lane0__dq4__ctrl_4__dqs_vs_dq_bit__value_ps,abs_dqs_minus_dq_bit,idelay_cntvaluein_skew,lane0,dq4,4,dqs_vs_dq_bit,27,16,12.0,444.0,1092.0,45.0,196.5,736.0,-247.5,0.280093,fail_lower,0.719907,-0.439815,overlap,0.0,4.57069
cntvaluein3_locked_only,skew,abs_dqs_minus_dq_bit__idelay_cntvaluein_skew__lane1__dq14__ctrl_4__dqs_vs_dq_bit__value_ps,abs_dqs_minus_dq_bit,idelay_cntvaluein_skew,lane1,dq14,4,dqs_vs_dq_bit,27,16,35.0,340.0,954.0,8.0,185.0,561.0,-155.0,0.28588,fail_lower,0.71412,-0.428241,overlap,0.0,4.450408
cntvaluein3_locked_only,skew,abs_dqs_minus_dq_bit__idelay_cntvaluein_skew__lane1__dq12__ctrl_4__dqs_vs_dq_bit__value_ps,abs_dqs_minus_dq_bit,idelay_cntvaluein_skew,lane1,dq12,4,dqs_vs_dq_bit,27,16,25.0,317.0,804.0,2.0,169.0,561.0,-148.0,0.287037,fail_lower,0.712963,-0.425926,overlap,0.0,4.426352
cntvaluein3_locked_only,skew,abs_dqs_minus_dq_bit__idelay_cntvaluein_skew__lane0__dq6__ctrl_4__dqs_vs_dq_bit__value_ps,abs_dqs_minus_dq_bit,idelay_cntvaluein_skew,lane0,dq6,4,dqs_vs_dq_bit,27,16,6.0,385.0,1033.0,36.0,210.5,657.0,-174.5,0.295139,fail_lower,0.704861,-0.409722,overlap,0.0,4.257958
cntvaluein3_locked_only,skew,abs_dqs_minus_dq_bit__idelay_cntvaluein_skew__lane0__dq7__ctrl_4__dqs_vs_dq_bit__value_ps,abs_dqs_minus_dq_bit,idelay_cntvaluein_skew,lane0,dq7,4,dqs_vs_dq_bit,27,16,0.0,396.0,1126.0,47.0,210.5,650.0,-185.5,0.296296,fail_lower,0.703704,-0.407407,overlap,0.0,4.233902
cntvaluein3_locked_only,direct,control_fanout_spread__idelay_data_cntvaluein__lane0__no_bit__ctrl_2__lane_control_bit__value_ps,control_fanout_spread,idelay_data_cntvaluein,lane0,,2,lane_control_bit,27,16,194.0,350.0,632.0,174.0,283.0,530.0,-67.0,0.300926,fail_lower,0.699074,-0.398148,overlap,0.0,4.137677
cntvaluein3_locked_only,skew,dq_lane_range__idelay_cntvaluein_skew__lane0__no_bit__ctrl_2__dq_lane__value_ps,dq_lane_range,idelay_cntvaluein_skew,lane0,,2,dq_lane,27,16,194.0,350.0,632.0,174.0,283.0,530.0,-67.0,0.300926,fail_lower,0.699074,-0.398148,overlap,0.0,4.137677
cntvaluein3_locked_only,skew,abs_dqs_minus_dq_bit__idelay_cntvaluein_skew__lane1__dq11__ctrl_1__dqs_vs_dq_bit__value_ps,abs_dqs_minus_dq_bit,idelay_cntvaluein_skew,lane1,dq11,1,dqs_vs_dq_bit,27,16,7.0,365.0,1348.0,13.0,81.5,1216.0,-283.5,0.305556,fail_lower,0.694444,-0.388889,overlap,0.0,4.041452
cntvaluein3_locked_only,skew,signed_dqs_minus_dq_bit__idelay_cntvaluein_skew__lane1__dq8__ctrl_2__dqs_vs_dq_bit__value_ps,signed_dqs_minus_dq_bit,idelay_cntvaluein_skew,lane1,dq8,2,dqs_vs_dq_bit,27,16,-895.0,82.0,1159.0,-836.0,-207.0,264.0,-289.0,0.309028,fail_lower,0.690972,-0.381944,overlap,0.0,3.969283
cntvaluein3_locked_only,skew,abs_dqs_minus_dq_bit__idelay_cntvaluein_skew__lane1__dq10__ctrl_1__dqs_vs_dq_bit__value_ps,abs_dqs_minus_dq_bit,idelay_cntvaluein_skew,lane1,dq10,1,dqs_vs_dq_bit,27,16,13.0,441.0,1214.0,7.0,238.0,1031.0,-203.0,0.310185,fail_lower,0.689815,-0.37963,overlap,0.0,3.945227
cntvaluein3_locked_only,skew,abs_dqs_minus_dq_bit__idelay_cntvaluein_skew__lane1__dq13__ctrl_1__dqs_vs_dq_bit__value_ps,abs_dqs_minus_dq_bit,idelay_cntvaluein_skew,lane1,dq13,1,dqs_vs_dq_bit,27,16,7.0,363.0,1089.0,3.0,128.5,1138.0,-234.5,0.311343,fail_lower,0.688657,-0.377315,overlap,0.0,3.921171
cntvaluein3_locked_only,skew,abs_dqs_minus_dq_bit__idelay_cntvaluein_skew__lane1__dq8__ctrl_1__dqs_vs_dq_bit__value_ps,abs_dqs_minus_dq_bit,idelay_cntvaluein_skew,lane1,dq8,1,dqs_vs_dq_bit,27,16,23.0,353.0,954.0,28.0,167.5,1134.0,-185.5,0.3125,fail_lower,0.6875,-0.375,overlap,0.0,3.897114
cntvaluein3_locked_only,skew,abs_dqs_minus_dq_bit__idelay_cntvaluein_skew__lane1__dq14__ctrl_1__dqs_vs_dq_bit__value_ps,abs_dqs_minus_dq_bit,idelay_cntvaluein_skew,lane1,dq14,1,dqs_vs_dq_bit,27,16,0.0,334.0,1040.0,66.0,188.5,1123.0,-145.5,0.31713,fail_lower,0.68287,-0.365741,overlap,0.0,3.800889
cntvaluein3_locked_only,skew,abs_dqs_minus_dq_bit__idelay_cntvaluein_skew__lane1__dq12__ctrl_1__dqs_vs_dq_bit__value_ps,abs_dqs_minus_dq_bit,idelay_cntvaluein_skew,lane1,dq12,1,dqs_vs_dq_bit,27,16,3.0,342.0,1131.0,13.0,206.0,1050.0,-136.0,0.31713,fail_lower,0.68287,-0.365741,overlap,0.0,3.800889
cntvaluein3_locked_only,direct,control_fanout_spread__idelay_data_cntvaluein__lane1__no_bit__ctrl_0__lane_control_bit__value_ps,control_fanout_spread,idelay_data_cntvaluein,lane1,,0,lane_control_bit,27,16,135.0,397.0,632.0,222.0,427.0,705.0,30.0,0.675926,fail_higher,0.675926,0.351852,overlap,0.0,3.656552
cntvaluein3_locked_only,skew,dq_lane_range__idelay_cntvaluein_skew__lane1__no_bit__ctrl_0__dq_lane__value_ps,dq_lane_range,idelay_cntvaluein_skew,lane1,,0,dq_lane,27,16,135.0,397.0,632.0,222.0,427.0,705.0,30.0,0.675926,fail_higher,0.675926,0.351852,overlap,0.0,3.656552
cntvaluein3_locked_only,skew,abs_dqs_minus_dq_median__idelay_cntvaluein_skew__lane1__dqs1__ctrl_1__dqs_vs_dq_lane__value_ps,abs_dqs_minus_dq_median,idelay_cntvaluein_skew,lane1,dqs1,1,dqs_vs_dq_lane,27,16,1.5,294.0,1172.5,13.0,181.0,1136.0,-113.0,0.326389,fail_lower,0.673611,-0.347222,overlap,0.0,3.608439
cntvaluein3_locked_only,skew,abs_dqs_minus_dq_bit__idelay_cntvaluein_skew__lane0__dq1__ctrl_2__dqs_vs_dq_bit__value_ps,abs_dqs_minus_dq_bit,idelay_cntvaluein_skew,lane0,dq1,2,dqs_vs_dq_bit,27,16,76.0,375.0,1073.0,70.0,218.5,828.0,-156.5,0.328704,fail_lower,0.671296,-0.342593,overlap,0.0,3.560327
cntvaluein3_locked_only,skew,signed_dqs_minus_dq_bit__idelay_cntvaluein_skew__lane1__dq8__ctrl_0__dqs_vs_dq_bit__value_ps,signed_dqs_minus_dq_bit,idelay_cntvaluein_skew,lane1,dq8,0,dqs_vs_dq_bit,27,16,-669.0,-46.0,767.0,-986.0,-259.5,622.0,-213.5,0.331019,fail_lower,0.668981,-0.337963,overlap,0.0,3.512214
cntvaluein3_locked_only,skew,abs_dqs_minus_dq_median__idelay_cntvaluein_skew__lane1__dqs1__ctrl_4__dqs_vs_dq_lane__value_ps,abs_dqs_minus_dq_median,idelay_cntvaluein_skew,lane1,dqs1,4,dqs_vs_dq_lane,27,16,63.0,293.0,836.5,18.0,200.0,594.5,-93.0,0.332176,fail_lower,0.667824,-0.335648,overlap,0.0,3.488158
cntvaluein3_locked_only,direct,direct_max__idelay_data_cntvaluein__lane0__dq2__ctrl_3__endpoint__value_ps,direct_max,idelay_data_cntvaluein,lane0,dq2,3,endpoint,27,16,1452.0,2107.0,2690.0,1319.0,1924.5,2246.0,-182.5,0.334491,fail_lower,0.665509,-0.331019,overlap,0.0,3.440045
cntvaluein3_locked_only,skew,signed_dqs_minus_dq_bit__idelay_cntvaluein_skew__lane1__dq14__ctrl_2__dqs_vs_dq_bit__value_ps,signed_dqs_minus_dq_bit,idelay_cntvaluein_skew,lane1,dq14,2,dqs_vs_dq_bit,27,16,-834.0,-13.0,1072.0,-813.0,-151.0,383.0,-138.0,0.335648,fail_lower,0.664352,-0.328704,overlap,0.0,3.415989
cntvaluein3_locked_only,skew,abs_dqs_minus_dq_bit__idelay_cntvaluein_skew__lane1__dq10__ctrl_4__dqs_vs_dq_bit__value_ps,abs_dqs_minus_dq_bit,idelay_cntvaluein_skew,lane1,dq10,4,dqs_vs_dq_bit,27,16,11.0,314.0,862.0,5.0,213.5,564.0,-100.5,0.335648,fail_lower,0.664352,-0.328704,overlap,0.0,3.415989
cntvaluein3_locked_only,skew,abs_ld_dqs_minus_dq_median__idelay_ld_skew__lane1__dqs1__ctrl_none__dqs_vs_dq_lane__value_ps,abs_ld_dqs_minus_dq_median,idelay_ld_skew,lane1,dqs1,,dqs_vs_dq_lane,27,16,7.0,95.0,249.0,30.0,166.25,469.0,71.25,0.66088,fail_higher,0.66088,0.321759,overlap,0.0,3.34382
cntvaluein3_locked_only,skew,signed_dqs_minus_dq_bit__idelay_cntvaluein_skew__lane1__dq14__ctrl_0__dqs_vs_dq_bit__value_ps,signed_dqs_minus_dq_bit,idelay_cntvaluein_skew,lane1,dq14,0,dqs_vs_dq_bit,27,16,-669.0,-41.0,855.0,-847.0,-204.5,552.0,-163.5,0.342593,fail_lower,0.657407,-0.314815,overlap,0.0,3.271652
cntvaluein3_locked_only,skew,abs_dqs_minus_dq_bit__idelay_cntvaluein_skew__lane1__dq10__ctrl_3__dqs_vs_dq_bit__value_ps,abs_dqs_minus_dq_bit,idelay_cntvaluein_skew,lane1,dq10,3,dqs_vs_dq_bit,27,16,14.0,199.0,633.0,24.0,313.0,939.0,114.0,0.657407,fail_higher,0.657407,0.314815,overlap,0.0,3.271652
cntvaluein3_locked_only,direct,cntvaluein_bus_skew__idelay_data_cntvaluein__lane0__dq4__ctrl_none__dq4__value_ps,cntvaluein_bus_skew,idelay_data_cntvaluein,lane0,dq4,,dq4,27,16,291.0,922.0,1695.0,319.0,710.0,1144.0,-212.0,0.344907,fail_lower,0.655093,-0.310185,overlap,0.0,3.223539
cntvaluein3_locked_only,direct,direct_max__idelay_ld__lane0__dq2__ctrl_none__endpoint__value_ps,direct_max,idelay_ld,lane0,dq2,,endpoint,27,16,1116.0,1534.0,1991.0,1139.0,1387.5,1705.0,-146.5,0.344907,fail_lower,0.655093,-0.310185,overlap,0.0,3.223539
cntvaluein3_locked_only,direct,direct_max__reset_release__all__no_bit__ctrl_none__endpoint__value_ps,direct_max,reset_release,all,,,endpoint,27,16,407.0,675.0,1215.0,495.0,742.0,1095.0,67.0,0.653935,fail_higher,0.653935,0.30787,overlap,0.0,3.199483
cntvaluein3_locked_only,direct,lane_spread__reset_release__all__no_bit__ctrl_none__lane__value_ps,lane_spread,reset_release,all,,,lane,27,16,407.0,675.0,1215.0,495.0,742.0,1095.0,67.0,0.653935,fail_higher,0.653935,0.30787,overlap,0.0,3.199483
cntvaluein3_locked_only,direct,control_fanout_spread__idelay_data_cntvaluein__lane1__no_bit__ctrl_2__lane_control_bit__value_ps,control_fanout_spread,idelay_data_cntvaluein,lane1,,2,lane_control_bit,27,16,177.0,342.0,878.0,196.0,490.5,890.0,148.5,0.652778,fail_higher,0.652778,0.305556,overlap,0.0,3.175426
cntvaluein3_locked_only,skew,dq_lane_range__idelay_cntvaluein_skew__lane1__no_bit__ctrl_2__dq_lane__value_ps,dq_lane_range,idelay_cntvaluein_skew,lane1,,2,dq_lane,27,16,177.0,342.0,878.0,196.0,490.5,890.0,148.5,0.652778,fail_higher,0.652778,0.305556,overlap,0.0,3.175426
cntvaluein3_locked_only,direct,direct_max__idelay_data_cntvaluein__lane0__dq0__ctrl_3__endpoint__value_ps,direct_max,idelay_data_cntvaluein,lane0,dq0,3,endpoint,27,16,1274.0,2023.0,2483.0,1230.0,1907.5,2134.0,-115.5,0.347222,fail_lower,0.652778,-0.305556,overlap,0.0,3.175426
cntvaluein3_locked_only,direct,direct_max__idelay_data_cntvaluein__lane0__dq3__ctrl_3__endpoint__value_ps,direct_max,idelay_data_cntvaluein,lane0,dq3,3,endpoint,27,16,1409.0,1876.0,2295.0,1151.0,1776.5,1953.0,-99.5,0.347222,fail_lower,0.652778,-0.305556,overlap,0.0,3.175426
cntvaluein3_locked_only,direct,lane_spread__idelay_ld__lane1__no_bit__ctrl_none__lane__value_ps,lane_spread,idelay_ld,lane1,,,lane,27,16,177.0,332.0,535.0,256.0,374.0,626.0,42.0,0.65162,fail_higher,0.65162,0.303241,overlap,0.0,3.15137
cntvaluein3_locked_only,skew,signed_dqs_minus_dq_bit__idelay_cntvaluein_skew__lane1__dq13__ctrl_0__dqs_vs_dq_bit__value_ps,signed_dqs_minus_dq_bit,idelay_cntvaluein_skew,lane1,dq13,0,dqs_vs_dq_bit,27,16,-577.0,64.0,1016.0,-934.0,-101.0,656.0,-165.0,0.349537,fail_lower,0.650463,-0.300926,overlap,0.0,3.127314
cntvaluein3_locked_only,skew,signed_dqs_minus_dq_bit__idelay_cntvaluein_skew__lane1__dq10__ctrl_2__dqs_vs_dq_bit__value_ps,signed_dqs_minus_dq_bit,idelay_cntvaluein_skew,lane1,dq10,2,dqs_vs_dq_bit,27,16,-798.0,28.0,920.0,-939.0,-74.0,308.0,-102.0,0.350694,fail_lower,0.649306,-0.298611,overlap,0.0,3.103258
cntvaluein3_locked_only,skew,abs_dqs_minus_dq_bit__idelay_cntvaluein_skew__lane0__dq1__ctrl_1__dqs_vs_dq_bit__value_ps,abs_dqs_minus_dq_bit,idelay_cntvaluein_skew,lane0,dq1,1,dqs_vs_dq_bit,27,16,22.0,301.0,1089.0,9.0,138.0,885.0,-163.0,0.353009,fail_lower,0.646991,-0.293981,overlap,0.0,3.055145
cntvaluein3_locked_only,skew,abs_dqs_minus_dq_bit__idelay_cntvaluein_skew__lane0__dq6__ctrl_1__dqs_vs_dq_bit__value_ps,abs_dqs_minus_dq_bit,idelay_cntvaluein_skew,lane0,dq6,1,dqs_vs_dq_bit,27,16,8.0,326.0,1275.0,27.0,172.5,1036.0,-153.5,0.356481,fail_lower,0.643519,-0.287037,overlap,0.0,2.982976
cntvaluein3_locked_only,skew,signed_dqs_minus_dq_median__idelay_cntvaluein_skew__lane1__dqs1__ctrl_2__dqs_vs_dq_lane__value_ps,signed_dqs_minus_dq_median,idelay_cntvaluein_skew,lane1,dqs1,2,dqs_vs_dq_lane,27,16,-853.0,103.0,1070.0,-816.0,-11.75,531.5,-114.75,0.356481,fail_lower,0.643519,-0.287037,overlap,0.0,2.982976
cntvaluein3_locked_only,skew,signed_dqs_minus_dq_median__idelay_cntvaluein_skew__lane1__dqs1__ctrl_0__dqs_vs_dq_lane__value_ps,signed_dqs_minus_dq_median,idelay_cntvaluein_skew,lane1,dqs1,0,dqs_vs_dq_lane,27,16,-607.5,10.0,1021.5,-834.5,-102.0,633.0,-112.0,0.356481,fail_lower,0.643519,-0.287037,overlap,0.0,2.982976
cntvaluein3_locked_only,direct,direct_max__idelay_data_cntvaluein__lane0__dq4__ctrl_3__endpoint__value_ps,direct_max,idelay_data_cntvaluein,lane0,dq4,3,endpoint,27,16,1327.0,2078.0,2687.0,1233.0,2034.5,2236.0,-43.5,0.356481,fail_lower,0.643519,-0.287037,overlap,0.0,2.982976
cntvaluein3_locked_only,direct,lane_spread__idelay_data_cntvaluein__lane0__no_bit__ctrl_none__lane__value_ps,lane_spread,idelay_data_cntvaluein,lane0,,,lane,27,16,719.0,1300.0,1853.0,772.0,1083.5,1563.0,-216.5,0.358796,fail_lower,0.641204,-0.282407,overlap,0.0,2.934864
cntvaluein3_locked_only,skew,signed_dqs_minus_dq_bit__idelay_cntvaluein_skew__lane1__dq11__ctrl_0__dqs_vs_dq_bit__value_ps,signed_dqs_minus_dq_bit,idelay_cntvaluein_skew,lane1,dq11,0,dqs_vs_dq_bit,27,16,-540.0,60.0,1075.0,-850.0,-56.0,644.0,-116.0,0.358796,fail_lower,0.641204,-0.282407,overlap,0.0,2.934864
cntvaluein3_locked_only,skew,signed_lane1_minus_lane0_dq_median__idelay_cntvaluein_skew__all__no_bit__ctrl_2__lane1_vs_lane0_dq__value_ps,signed_lane1_minus_lane0_dq_median,idelay_cntvaluein_skew,all,,2,lane1_vs_lane0_dq,27,16,-631.5,-318.5,142.5,-428.0,-271.0,297.5,47.5,0.641204,fail_higher,0.641204,0.282407,overlap,0.0,2.934864
cntvaluein3_locked_only,direct,cntvaluein_bus_skew__idelay_data_cntvaluein__lane0__dq0__ctrl_none__dq0__value_ps,cntvaluein_bus_skew,idelay_data_cntvaluein,lane0,dq0,,dq0,27,16,341.0,860.0,1589.0,302.0,635.5,1339.0,-224.5,0.359954,fail_lower,0.640046,-0.280093,overlap,0.0,2.910808
cntvaluein3_locked_only,skew,signed_dqs_minus_dq_bit__idelay_cntvaluein_skew__lane1__dq12__ctrl_2__dqs_vs_dq_bit__value_ps,signed_dqs_minus_dq_bit,idelay_cntvaluein_skew,lane1,dq12,2,dqs_vs_dq_bit,27,16,-744.0,26.0,984.0,-885.0,-43.5,390.0,-69.5,0.359954,fail_lower,0.640046,-0.280093,overlap,0.0,2.910808
cntvaluein3_locked_only,skew,abs_lane1_minus_lane0_dqs__idelay_cntvaluein_skew__all__no_bit__ctrl_4__lane1_vs_lane0_dqs__value_ps,abs_lane1_minus_lane0_dqs,idelay_cntvaluein_skew,all,,4,lane1_vs_lane0_dqs,27,16,51.0,332.0,582.0,15.0,275.0,450.0,-57.0,0.359954,fail_lower,0.640046,-0.280093,overlap,0.0,2.910808
cntvaluein3_locked_only,direct,direct_max__idelay_dqs_cntvaluein__lane1__dqs1__ctrl_2__endpoint__value_ps,direct_max,idelay_dqs_cntvaluein,lane1,dqs1,2,endpoint,27,16,527.0,1325.0,1845.0,644.0,1068.5,1597.0,-256.5,0.361111,fail_lower,0.638889,-0.277778,overlap,0.0,2.886751
cntvaluein3_locked_only,skew,abs_dqs_minus_dq_bit__idelay_cntvaluein_skew__lane0__dq5__ctrl_1__dqs_vs_dq_bit__value_ps,abs_dqs_minus_dq_bit,idelay_cntvaluein_skew,lane0,dq5,1,dqs_vs_dq_bit,27,16,19.0,378.0,980.0,2.0,193.5,1298.0,-184.5,0.361111,fail_lower,0.638889,-0.277778,overlap,0.0,2.886751
cntvaluein3_locked_only,direct,direct_max__idelay_data_cntvaluein__lane0__dq5__ctrl_3__endpoint__value_ps,direct_max,idelay_data_cntvaluein,lane0,dq5,3,endpoint,27,16,1411.0,1873.0,2380.0,1235.0,1818.5,2015.0,-54.5,0.361111,fail_lower,0.638889,-0.277778,overlap,0.0,2.886751
cntvaluein3_locked_only,skew,signed_lane1_minus_lane0_dq_median__idelay_cntvaluein_skew__all__no_bit__ctrl_3__lane1_vs_lane0_dq__value_ps,signed_lane1_minus_lane0_dq_median,idelay_cntvaluein_skew,all,,3,lane1_vs_lane0_dq,27,16,-614.0,-303.5,-25.5,-549.0,-228.0,106.0,75.5,0.637731,fail_higher,0.637731,0.275463,overlap,0.0,2.862695
cntvaluein3_locked_only,direct,cntvaluein_bus_skew__idelay_data_cntvaluein__lane0__dq1__ctrl_none__dq1__value_ps,cntvaluein_bus_skew,idelay_data_cntvaluein,lane0,dq1,,dq1,27,16,285.0,852.0,1587.0,398.0,709.5,1336.0,-142.5,0.363426,fail_lower,0.636574,-0.273148,overlap,0.0,2.838639
cntvaluein3_locked_only,skew,abs_dqs_minus_dq_median__idelay_cntvaluein_skew__lane1__dqs1__ctrl_2__dqs_vs_dq_lane__value_ps,abs_dqs_minus_dq_median,idelay_cntvaluein_skew,lane1,dqs1,2,dqs_vs_dq_lane,27,16,18.0,296.5,1070.0,4.0,214.25,816.0,-82.25,0.363426,fail_lower,0.636574,-0.273148,overlap,0.0,2.838639
cntvaluein3_locked_only,skew,signed_dqs_bus_skew_minus_dq_median__idelay_cntvaluein_skew__lane0__dqs0__ctrl_none__dqs_vs_dq_bus_skew__value_ps,signed_dqs_bus_skew_minus_dq_median,idelay_cntvaluein_skew,lane0,dqs0,,dqs_vs_dq_bus_skew,27,16,-985.0,-191.5,768.5,-615.5,71.75,726.0,263.25,0.634259,fail_higher,0.634259,0.268519,overlap,0.0,2.790526
cntvaluein3_locked_only,skew,signed_dqs_minus_dq_bit__idelay_cntvaluein_skew__lane0__dq5__ctrl_2__dqs_vs_dq_bit__value_ps,signed_dqs_minus_dq_bit,idelay_cntvaluein_skew,lane0,dq5,2,dqs_vs_dq_bit,27,16,-754.0,257.0,1078.0,-899.0,13.0,708.0,-244.0,0.366898,fail_lower,0.633102,-0.266204,overlap,0.0,2.76647
cntvaluein3_locked_only,direct,cntvaluein_bus_skew__idelay_data_cntvaluein__lane0__dq2__ctrl_none__dq2__value_ps,cntvaluein_bus_skew,idelay_data_cntvaluein,lane0,dq2,,dq2,27,16,242.0,924.0,1483.0,398.0,822.5,1381.0,-101.5,0.366898,fail_lower,0.633102,-0.266204,overlap,0.0,2.76647
cntvaluein3_locked_only,direct,cntvaluein_bus_skew__idelay_data_cntvaluein__lane1__dq8__ctrl_none__dq8__value_ps,cntvaluein_bus_skew,idelay_data_cntvaluein,lane1,dq8,,dq8,27,16,216.0,964.0,1513.0,396.0,694.0,1198.0,-270.0,0.37037,fail_lower,0.62963,-0.259259,overlap,0.0,2.694301
cntvaluein3_locked_only,skew,abs_lane1_minus_lane0_dqs__idelay_cntvaluein_skew__all__no_bit__ctrl_3__lane1_vs_lane0_dqs__value_ps,abs_lane1_minus_lane0_dqs,idelay_cntvaluein_skew,all,,3,lane1_vs_lane0_dqs,27,16,74.0,284.0,574.0,21.0,268.0,464.0,-16.0,0.37037,fail_lower,0.62963,-0.259259,overlap,0.0,2.694301
cntvaluein3_locked_only,skew,abs_dqs_minus_dq_bit__idelay_cntvaluein_skew__lane0__dq5__ctrl_2__dqs_vs_dq_bit__value_ps,abs_dqs_minus_dq_bit,idelay_cntvaluein_skew,lane0,dq5,2,dqs_vs_dq_bit,27,16,27.0,378.0,1078.0,13.0,250.5,899.0,-127.5,0.371528,fail_lower,0.628472,-0.256944,overlap,0.0,2.670245
cntvaluein3_locked_only,skew,abs_dqs_minus_dq_bit__idelay_cntvaluein_skew__lane1__dq15__ctrl_2__dqs_vs_dq_bit__value_ps,abs_dqs_minus_dq_bit,idelay_cntvaluein_skew,lane1,dq15,2,dqs_vs_dq_bit,27,16,3.0,390.0,1219.0,0.0,279.5,823.0,-110.5,0.371528,fail_lower,0.628472,-0.256944,overlap,0.0,2.670245
cntvaluein3_locked_only,skew,signed_dqs_minus_dq_bit__idelay_cntvaluein_skew__lane1__dq9__ctrl_2__dqs_vs_dq_bit__value_ps,signed_dqs_minus_dq_bit,idelay_cntvaluein_skew,lane1,dq9,2,dqs_vs_dq_bit,27,16,-985.0,306.0,1287.0,-385.0,181.0,801.0,-125.0,0.372685,fail_lower,0.627315,-0.25463,overlap,0.0,2.646189
cntvaluein3_locked_only,direct,direct_max__idelay_ld__lane1__dq9__ctrl_none__endpoint__value_ps,direct_max,idelay_ld,lane1,dq9,,endpoint,27,16,763.0,1220.0,1580.0,732.0,1099.0,1559.0,-121.0,0.372685,fail_lower,0.627315,-0.25463,overlap,0.0,2.646189
cntvaluein3_locked_only,skew,signed_dqs_minus_dq_bit__idelay_cntvaluein_skew__lane1__dq11__ctrl_2__dqs_vs_dq_bit__value_ps,signed_dqs_minus_dq_bit,idelay_cntvaluein_skew,lane1,dq11,2,dqs_vs_dq_bit,27,16,-978.0,130.0,1068.0,-943.0,21.5,699.0,-108.5,0.372685,fail_lower,0.627315,-0.25463,overlap,0.0,2.646189
cntvaluein3_locked_only,skew,signed_dqs_minus_dq_bit__idelay_cntvaluein_skew__lane1__dq13__ctrl_2__dqs_vs_dq_bit__value_ps,signed_dqs_minus_dq_bit,idelay_cntvaluein_skew,lane1,dq13,2,dqs_vs_dq_bit,27,16,-694.0,148.0,1059.0,-821.0,90.0,708.0,-58.0,0.372685,fail_lower,0.627315,-0.25463,overlap,0.0,2.646189
cntvaluein3_locked_only,skew,abs_dqs_minus_dq_median__idelay_cntvaluein_skew__lane0__dqs0__ctrl_2__dqs_vs_dq_lane__value_ps,abs_dqs_minus_dq_median,idelay_cntvaluein_skew,lane0,dqs0,2,dqs_vs_dq_lane,27,16,45.5,407.5,919.0,40.5,210.0,888.5,-197.5,0.373843,fail_lower,0.626157,-0.252315,overlap,0.0,2.622132
cntvaluein3_locked_only,direct,direct_max__idelay_data_cntvaluein__lane1__dq9__ctrl_3__endpoint__value_ps,direct_max,idelay_data_cntvaluein,lane1,dq9,3,endpoint,27,16,1131.0,1552.0,2023.0,1233.0,1455.5,1809.0,-96.5,0.373843,fail_lower,0.626157,-0.252315,overlap,0.0,2.622132
cntvaluein3_locked_only,direct,direct_max__idelay_data_cntvaluein__lane1__dq15__ctrl_3__endpoint__value_ps,direct_max,idelay_data_cntvaluein,lane1,dq15,3,endpoint,27,16,1046.0,1503.0,1932.0,1149.0,1469.0,1718.0,-34.0,0.373843,fail_lower,0.626157,-0.252315,overlap,0.0,2.622132
cntvaluein3_locked_only,skew,abs_dqs_minus_dq_bit__idelay_cntvaluein_skew__lane1__dq13__ctrl_4__dqs_vs_dq_bit__value_ps,abs_dqs_minus_dq_bit,idelay_cntvaluein_skew,lane1,dq13,4,dqs_vs_dq_bit,27,16,68.0,356.0,825.0,18.0,223.0,703.0,-133.0,0.375,fail_lower,0.625,-0.25,overlap,0.0,2.598076
cntvaluein3_locked_only,skew,abs_dqs_minus_dq_median__idelay_cntvaluein_skew__lane0__dqs0__ctrl_1__dqs_vs_dq_lane__value_ps,abs_dqs_minus_dq_median,idelay_cntvaluein_skew,lane0,dqs0,1,dqs_vs_dq_lane,27,16,23.5,329.5,1134.5,17.0,204.25,1014.5,-125.25,0.375,fail_lower,0.625,-0.25,overlap,0.0,2.598076
cntvaluein3_locked_only,skew,signed_dqs_minus_dq_bit__idelay_cntvaluein_skew__lane1__dq12__ctrl_0__dqs_vs_dq_bit__value_ps,signed_dqs_minus_dq_bit,idelay_cntvaluein_skew,lane1,dq12,0,dqs_vs_dq_bit,27,16,-638.0,-51.0,807.0,-876.0,-169.0,472.0,-118.0,0.375,fail_lower,0.625,-0.25,overlap,0.0,2.598076
cntvaluein3_locked_only,direct,cntvaluein_bus_skew__idelay_data_cntvaluein__lane0__dq7__ctrl_none__dq7__value_ps,cntvaluein_bus_skew,idelay_data_cntvaluein,lane0,dq7,,dq7,27,16,228.0,844.0,1441.0,377.0,737.0,1387.0,-107.0,0.375,fail_lower,0.625,-0.25,overlap,0.0,2.598076
cntvaluein3_locked_only,skew,abs_lane1_minus_lane0_dq_median__idelay_cntvaluein_skew__all__no_bit__ctrl_0__lane1_vs_lane0_dq__value_ps,abs_lane1_minus_lane0_dq_median,idelay_cntvaluein_skew,all,,0,lane1_vs_lane0_dq,27,16,92.0,356.0,623.5,8.5,269.0,724.5,-87.0,0.375,fail_lower,0.625,-0.25,overlap,0.0,2.598076
cntvaluein3_locked_only,skew,abs_dqs_minus_dq_bit__idelay_cntvaluein_skew__lane1__dq10__ctrl_0__dqs_vs_dq_bit__value_ps,abs_dqs_minus_dq_bit,idelay_cntvaluein_skew,lane1,dq10,0,dqs_vs_dq_bit,27,16,19.0,277.0,1027.0,6.0,221.0,810.0,-56.0,0.375,fail_lower,0.625,-0.25,overlap,0.0,2.598076
cntvaluein3_locked_only,direct,direct_max__idelay_data_cntvaluein__lane0__dq5__ctrl_2__endpoint__value_ps,direct_max,idelay_data_cntvaluein,lane0,dq5,2,endpoint,27,16,754.0,1187.0,1845.0,879.0,1426.5,2170.0,239.5,0.622685,fail_higher,0.622685,0.24537,overlap,0.0,2.549964
cntvaluein3_locked_only,direct,direct_max__idelay_ld__lane0__dq4__ctrl_none__endpoint__value_ps,direct_max,idelay_ld,lane0,dq4,,endpoint,27,16,1057.0,1618.0,2295.0,1139.0,1472.5,1922.0,-145.5,0.377315,fail_lower,0.622685,-0.24537,overlap,0.0,2.549964
cntvaluein3_locked_only,direct,direct_max__dq_iologic__lane0__dq7__ctrl_none__endpoint__value_ps,direct_max,dq_iologic,lane0,dq7,,endpoint,27,16,1945.0,2474.0,3318.0,1929.0,2295.5,3447.0,-178.5,0.378472,fail_lower,0.621528,-0.243056,overlap,0.0,2.525907
cntvaluein3_locked_only,skew,abs_dqs_minus_dq_bit__idelay_cntvaluein_skew__lane0__dq3__ctrl_4__dqs_vs_dq_bit__value_ps,abs_dqs_minus_dq_bit,idelay_cntvaluein_skew,lane0,dq3,4,dqs_vs_dq_bit,27,16,22.0,268.0,1036.0,31.0,226.5,599.0,-41.5,0.378472,fail_lower,0.621528,-0.243056,overlap,0.0,2.525907
cntvaluein3_locked_only,skew,signed_dqs_minus_dq_bit__idelay_cntvaluein_skew__lane0__dq3__ctrl_0__dqs_vs_dq_bit__value_ps,signed_dqs_minus_dq_bit,idelay_cntvaluein_skew,lane0,dq3,0,dqs_vs_dq_bit,27,16,-875.0,68.0,982.0,-785.0,66.5,573.0,-1.5,0.378472,fail_lower,0.621528,-0.243056,overlap,0.0,2.525907
cntvaluein3_locked_only,direct,cntvaluein_bus_skew__idelay_data_cntvaluein__lane1__dq12__ctrl_none__dq12__value_ps,cntvaluein_bus_skew,idelay_data_cntvaluein,lane1,dq12,,dq12,27,16,239.0,924.0,1459.0,380.0,703.5,1170.0,-220.5,0.37963,fail_lower,0.62037,-0.240741,overlap,0.0,2.501851
cntvaluein3_locked_only,direct,direct_max__dq_iologic__lane1__dq11__ctrl_none__endpoint__value_ps,direct_max,dq_iologic,lane1,dq11,,endpoint,27,16,1817.0,2295.0,2877.0,2055.0,2411.0,2986.0,116.0,0.62037,fail_higher,0.62037,0.240741,overlap,0.0,2.501851
cntvaluein3_locked_only,skew,ld_dq_lane_range__idelay_ld_skew__lane1__no_bit__ctrl_none__dq_lane__value_ps,ld_dq_lane_range,idelay_ld_skew,lane1,,,dq_lane,27,16,177.0,310.0,535.0,107.0,374.0,626.0,64.0,0.62037,fail_higher,0.62037,0.240741,overlap,0.0,2.501851
cntvaluein3_locked_only,skew,signed_lane1_minus_lane0_dqs__idelay_cntvaluein_skew__all__no_bit__ctrl_3__lane1_vs_lane0_dqs__value_ps,signed_lane1_minus_lane0_dqs,idelay_cntvaluein_skew,all,,3,lane1_vs_lane0_dqs,27,16,-574.0,-284.0,139.0,-464.0,-268.0,21.0,16.0,0.62037,fail_higher,0.62037,0.240741,overlap,0.0,2.501851
cntvaluein3_locked_only,direct,direct_max__idelay_data_cntvaluein__lane1__dq8__ctrl_2__endpoint__value_ps,direct_max,idelay_data_cntvaluein,lane1,dq8,2,endpoint,27,16,444.0,1154.0,1896.0,666.0,1397.5,1884.0,243.5,0.619213,fail_higher,0.619213,0.238426,overlap,0.0,2.477795
cntvaluein3_locked_only,direct,direct_max__idelay_data_cntvaluein__lane0__dq7__ctrl_3__endpoint__value_ps,direct_max,idelay_data_cntvaluein,lane0,dq7,3,endpoint,27,16,1498.0,2069.0,2780.0,1327.0,1966.5,2336.0,-102.5,0.380787,fail_lower,0.619213,-0.238426,overlap,0.0,2.477795
cntvaluein3_locked_only,skew,abs_dqs_minus_dq_bit__idelay_cntvaluein_skew__lane0__dq4__ctrl_2__dqs_vs_dq_bit__value_ps,abs_dqs_minus_dq_bit,idelay_cntvaluein_skew,lane0,dq4,2,dqs_vs_dq_bit,27,16,13.0,423.0,974.0,13.0,340.5,887.0,-82.5,0.380787,fail_lower,0.619213,-0.238426,overlap,0.0,2.477795
cntvaluein3_locked_only,skew,abs_lane1_minus_lane0_dq_median__idelay_cntvaluein_skew__all__no_bit__ctrl_3__lane1_vs_lane0_dq__value_ps,abs_lane1_minus_lane0_dq_median,idelay_cntvaluein_skew,all,,3,lane1_vs_lane0_dq,27,16,25.5,303.5,614.0,73.5,228.0,549.0,-75.5,0.380787,fail_lower,0.619213,-0.238426,overlap,0.0,2.477795
cntvaluein3_locked_only,skew,abs_dqs_minus_dq_bit__idelay_cntvaluein_skew__lane0__dq0__ctrl_2__dqs_vs_dq_bit__value_ps,abs_dqs_minus_dq_bit,idelay_cntvaluein_skew,lane0,dq0,2,dqs_vs_dq_bit,27,16,46.0,417.0,1097.0,10.0,265.0,883.0,-152.0,0.381944,fail_lower,0.618056,-0.236111,overlap,0.0,2.453739
cntvaluein3_locked_only,skew,signed_lane1_minus_lane0_dq_median__idelay_cntvaluein_skew__all__no_bit__ctrl_0__lane1_vs_lane0_dq__value_ps,signed_lane1_minus_lane0_dq_median,idelay_cntvaluein_skew,all,,0,lane1_vs_lane0_dq,27,16,-623.5,-356.0,92.0,-724.5,-269.0,19.0,87.0,0.618056,fail_higher,0.618056,0.236111,overlap,0.0,2.453739
cntvaluein3_locked_only,skew,abs_dqs_minus_dq_bit__idelay_cntvaluein_skew__lane0__dq2__ctrl_1__dqs_vs_dq_bit__value_ps,abs_dqs_minus_dq_bit,idelay_cntvaluein_skew,lane0,dq2,1,dqs_vs_dq_bit,27,16,16.0,235.0,1181.0,28.0,232.0,993.0,-3.0,0.381944,fail_lower,0.618056,-0.236111,overlap,0.0,2.453739
cntvaluein3_locked_only,direct,direct_max__idelay_data_cntvaluein__lane1__dq11__ctrl_3__endpoint__value_ps,direct_max,idelay_data_cntvaluein,lane1,dq11,3,endpoint,27,16,1261.0,1628.0,2124.0,1184.0,1546.5,1845.0,-81.5,0.383102,fail_lower,0.616898,-0.233796,overlap,0.0,2.429682
cntvaluein3_locked_only,skew,abs_dqs_minus_dq_bit__idelay_cntvaluein_skew__lane1__dq9__ctrl_4__dqs_vs_dq_bit__value_ps,abs_dqs_minus_dq_bit,idelay_cntvaluein_skew,lane1,dq9,4,dqs_vs_dq_bit,27,16,33.0,316.0,956.0,88.0,267.5,650.0,-48.5,0.384259,fail_lower,0.615741,-0.231481,overlap,0.0,2.405626
cntvaluein3_locked_only,skew,signed_lane1_minus_lane0_dqs__idelay_cntvaluein_skew__all__no_bit__ctrl_4__lane1_vs_lane0_dqs__value_ps,signed_lane1_minus_lane0_dqs,idelay_cntvaluein_skew,all,,4,lane1_vs_lane0_dqs,27,16,-582.0,-301.0,342.0,-450.0,-275.0,23.0,26.0,0.614583,fail_higher,0.614583,0.229167,overlap,0.0,2.38157
cntvaluein3_locked_only,skew,abs_dqs_minus_dq_bit__idelay_cntvaluein_skew__lane0__dq7__ctrl_1__dqs_vs_dq_bit__value_ps,abs_dqs_minus_dq_bit,idelay_cntvaluein_skew,lane0,dq7,1,dqs_vs_dq_bit,27,16,11.0,423.0,1273.0,2.0,251.0,1048.0,-172.0,0.386574,fail_lower,0.613426,-0.226852,overlap,0.0,2.357514
cntvaluein3_locked_only,direct,direct_max__idelay_data_cntvaluein__lane1__dq14__ctrl_0__endpoint__value_ps,direct_max,idelay_data_cntvaluein,lane1,dq14,0,endpoint,27,16,456.0,1192.0,1947.0,722.0,1275.0,1794.0,83.0,0.613426,fail_higher,0.613426,0.226852,overlap,0.0,2.357514
cntvaluein3_locked_only,skew,abs_lane1_minus_lane0_dq_median__idelay_cntvaluein_skew__all__no_bit__ctrl_2__lane1_vs_lane0_dq__value_ps,abs_lane1_minus_lane0_dq_median,idelay_cntvaluein_skew,all,,2,lane1_vs_lane0_dq,27,16,12.0,318.5,631.5,2.0,281.0,428.0,-37.5,0.386574,fail_lower,0.613426,-0.226852,overlap,0.0,2.357514
cntvaluein3_locked_only,skew,abs_dqs_minus_dq_bit__idelay_cntvaluein_skew__lane1__dq11__ctrl_4__dqs_vs_dq_bit__value_ps,abs_dqs_minus_dq_bit,idelay_cntvaluein_skew,lane1,dq11,4,dqs_vs_dq_bit,27,16,5.0,321.0,913.0,5.0,209.0,649.0,-112.0,0.387731,fail_lower,0.612269,-0.224537,overlap,0.0,2.333457
cntvaluein3_locked_only,skew,abs_dqs_minus_dq_bit__idelay_cntvaluein_skew__lane0__dq7__ctrl_2__dqs_vs_dq_bit__value_ps,abs_dqs_minus_dq_bit,idelay_cntvaluein_skew,lane0,dq7,2,dqs_vs_dq_bit,27,16,23.0,439.0,882.0,26.0,250.5,981.0,-188.5,0.388889,fail_lower,0.611111,-0.222222,overlap,0.0,2.309401
cntvaluein3_locked_only,skew,signed_dqs_minus_dq_bit__idelay_cntvaluein_skew__lane1__dq15__ctrl_2__dqs_vs_dq_bit__value_ps,signed_dqs_minus_dq_bit,idelay_cntvaluein_skew,lane1,dq15,2,dqs_vs_dq_bit,27,16,-906.0,325.0,1219.0,-614.0,193.5,823.0,-131.5,0.388889,fail_lower,0.611111,-0.222222,overlap,0.0,2.309401
cntvaluein3_locked_only,direct,cntvaluein_bus_skew__idelay_data_cntvaluein__lane0__dq6__ctrl_none__dq6__value_ps,cntvaluein_bus_skew,idelay_data_cntvaluein,lane0,dq6,,dq6,27,16,382.0,865.0,1412.0,401.0,793.0,1425.0,-72.0,0.388889,fail_lower,0.611111,-0.222222,overlap,0.0,2.309401
cntvaluein3_locked_only,direct,direct_max__idelay_data_cntvaluein__lane0__dq1__ctrl_3__endpoint__value_ps,direct_max,idelay_data_cntvaluein,lane0,dq1,3,endpoint,27,16,1358.0,2036.0,2596.0,1149.0,1980.0,2190.0,-56.0,0.388889,fail_lower,0.611111,-0.222222,overlap,0.0,2.309401
cntvaluein3_locked_only,skew,abs_dqs_minus_dq_bit__idelay_cntvaluein_skew__lane0__dq2__ctrl_2__dqs_vs_dq_bit__value_ps,abs_dqs_minus_dq_bit,idelay_cntvaluein_skew,lane0,dq2,2,dqs_vs_dq_bit,27,16,34.0,425.0,997.0,23.0,232.5,890.0,-192.5,0.390046,fail_lower,0.609954,-0.219907,overlap,0.0,2.285345
cntvaluein3_locked_only,skew,abs_ld_minus_cntvaluein_dq_median__idelay_ld_cntvaluein_skew__lane0__no_bit__ctrl_3__ld_vs_cntvaluein_dq_lane__value_ps,abs_ld_minus_cntvaluein_dq_median,idelay_ld_cntvaluein_skew,lane0,,3,ld_vs_cntvaluein_dq_lane,27,16,13.5,558.5,1097.5,38.5,397.0,789.0,-161.5,0.391204,fail_lower,0.608796,-0.217593,overlap,0.0,2.261289
cntvaluein3_locked_only,skew,abs_dqs_minus_dq_bit__idelay_cntvaluein_skew__lane1__dq10__ctrl_2__dqs_vs_dq_bit__value_ps,abs_dqs_minus_dq_bit,idelay_cntvaluein_skew,lane1,dq10,2,dqs_vs_dq_bit,27,16,11.0,355.0,920.0,17.0,242.5,939.0,-112.5,0.391204,fail_lower,0.608796,-0.217593,overlap,0.0,2.261289
cntvaluein3_locked_only,skew,signed_idelayctrl_minus_reset_release__startup_relative_skew__all__no_bit__ctrl_none__idelayctrl_vs_reset__value_ps,signed_idelayctrl_minus_reset_release,startup_relative_skew,all,,,idelayctrl_vs_reset,27,16,492.0,1960.0,2337.0,981.0,1778.0,2160.0,-182.0,0.392361,fail_lower,0.607639,-0.215278,overlap,0.0,2.237232
cntvaluein3_locked_only,skew,abs_idelayctrl_minus_reset_release__startup_relative_skew__all__no_bit__ctrl_none__idelayctrl_vs_reset__value_ps,abs_idelayctrl_minus_reset_release,startup_relative_skew,all,,,idelayctrl_vs_reset,27,16,492.0,1960.0,2337.0,981.0,1778.0,2160.0,-182.0,0.392361,fail_lower,0.607639,-0.215278,overlap,0.0,2.237232
cntvaluein3_locked_only,direct,direct_max__idelay_data_cntvaluein__lane1__dq8__ctrl_0__endpoint__value_ps,direct_max,idelay_data_cntvaluein,lane1,dq8,0,endpoint,27,16,587.0,1289.0,2032.0,550.0,1314.0,1878.0,25.0,0.607639,fail_higher,0.607639,0.215278,overlap,0.0,2.237232
cntvaluein3_locked_only,skew,signed_dqs_minus_dq_bit__idelay_cntvaluein_skew__lane0__dq5__ctrl_0__dqs_vs_dq_bit__value_ps,signed_dqs_minus_dq_bit,idelay_cntvaluein_skew,lane0,dq5,0,dqs_vs_dq_bit,27,16,-794.0,81.0,983.0,-873.0,-7.0,490.0,-88.0,0.393519,fail_lower,0.606481,-0.212963,overlap,0.0,2.213176
cntvaluein3_locked_only,skew,abs_dqs_bus_skew_minus_dq_median__idelay_cntvaluein_skew__lane0__dqs0__ctrl_none__dqs_vs_dq_bus_skew__value_ps,abs_dqs_bus_skew_minus_dq_median,idelay_cntvaluein_skew,lane0,dqs0,,dqs_vs_dq_bus_skew,27,16,26.0,304.5,985.0,43.0,223.75,726.0,-80.75,0.393519,fail_lower,0.606481,-0.212963,overlap,0.0,2.213176
cntvaluein3_locked_only,skew,abs_dqs_minus_dq_bit__idelay_cntvaluein_skew__lane1__dq8__ctrl_2__dqs_vs_dq_bit__value_ps,abs_dqs_minus_dq_bit,idelay_cntvaluein_skew,lane1,dq8,2,dqs_vs_dq_bit,27,16,15.0,383.0,1159.0,17.0,255.0,836.0,-128.0,0.394676,fail_lower,0.605324,-0.210648,overlap,0.0,2.18912
cntvaluein3_locked_only,skew,abs_dqs_minus_dq_bit__idelay_cntvaluein_skew__lane0__dq4__ctrl_0__dqs_vs_dq_bit__value_ps,abs_dqs_minus_dq_bit,idelay_cntvaluein_skew,lane0,dq4,0,dqs_vs_dq_bit,27,16,2.0,345.0,1469.0,4.0,272.0,744.0,-73.0,0.394676,fail_lower,0.605324,-0.210648,overlap,0.0,2.18912
cntvaluein3_locked_only,direct,direct_max__idelay_ld__lane0__dq0__ctrl_none__endpoint__value_ps,direct_max,idelay_ld,lane0,dq0,,endpoint,27,16,1100.0,1473.0,2184.0,1057.0,1424.0,1868.0,-49.0,0.394676,fail_lower,0.605324,-0.210648,overlap,0.0,2.18912
cntvaluein3_locked_only,skew,abs_dqs_minus_dq_bit__idelay_cntvaluein_skew__lane1__dq14__ctrl_2__dqs_vs_dq_bit__value_ps,abs_dqs_minus_dq_bit,idelay_cntvaluein_skew,lane1,dq14,2,dqs_vs_dq_bit,27,16,13.0,352.0,1072.0,42.0,188.0,813.0,-164.0,0.395833,fail_lower,0.604167,-0.208333,overlap,0.0,2.165064
cntvaluein3_locked_only,skew,abs_dqs_minus_dq_bit__idelay_cntvaluein_skew__lane1__dq12__ctrl_2__dqs_vs_dq_bit__value_ps,abs_dqs_minus_dq_bit,idelay_cntvaluein_skew,lane1,dq12,2,dqs_vs_dq_bit,27,16,8.0,367.0,984.0,23.0,215.5,885.0,-151.5,0.396991,fail_lower,0.603009,-0.206019,overlap,0.0,2.141007
cntvaluein3_locked_only,skew,signed_ld_dqs_minus_dq_median__idelay_ld_skew__lane1__dqs1__ctrl_none__dqs_vs_dq_lane__value_ps,signed_ld_dqs_minus_dq_median,idelay_ld_skew,lane1,dqs1,,dqs_vs_dq_lane,27,16,-246.5,-7.0,249.0,-469.0,-144.0,239.5,-137.0,0.396991,fail_lower,0.603009,-0.206019,overlap,0.0,2.141007
cntvaluein3_locked_only,skew,abs_dqs_minus_dq_bit__idelay_cntvaluein_skew__lane1__dq9__ctrl_2__dqs_vs_dq_bit__value_ps,abs_dqs_minus_dq_bit,idelay_cntvaluein_skew,lane1,dq9,2,dqs_vs_dq_bit,27,16,12.0,380.0,1287.0,56.0,252.5,801.0,-127.5,0.398148,fail_lower,0.601852,-0.203704,overlap,0.0,2.116951
cntvaluein3_locked_only,direct,direct_max__idelay_ld__lane1__dqs1__ctrl_none__endpoint__value_ps,direct_max,idelay_ld,lane1,dqs1,,endpoint,27,16,842.0,1294.0,1677.0,851.0,1183.0,1789.0,-111.0,0.398148,fail_lower,0.601852,-0.203704,overlap,0.0,2.116951
cntvaluein3_locked_only,skew,abs_dqs_minus_dq_bit__idelay_cntvaluein_skew__lane0__dq6__ctrl_3__dqs_vs_dq_bit__value_ps,abs_dqs_minus_dq_bit,idelay_cntvaluein_skew,lane0,dq6,3,dqs_vs_dq_bit,27,16,3.0,230.0,757.0,14.0,250.0,896.0,20.0,0.601852,fail_higher,0.601852,0.203704,overlap,0.0,2.116951
cntvaluein3_locked_only,skew,abs_dqs_minus_dq_bit__idelay_cntvaluein_skew__lane0__dq3__ctrl_1__dqs_vs_dq_bit__value_ps,abs_dqs_minus_dq_bit,idelay_cntvaluein_skew,lane0,dq3,1,dqs_vs_dq_bit,27,16,24.0,293.0,1048.0,6.0,278.5,1382.0,-14.5,0.398148,fail_lower,0.601852,-0.203704,overlap,0.0,2.116951
cntvaluein3_locked_only,skew,abs_dqs_minus_dq_bit__idelay_cntvaluein_skew__lane0__dq4__ctrl_1__dqs_vs_dq_bit__value_ps,abs_dqs_minus_dq_bit,idelay_cntvaluein_skew,lane0,dq4,1,dqs_vs_dq_bit,27,16,13.0,235.0,1180.0,21.0,213.0,965.0,-22.0,0.399306,fail_lower,0.600694,-0.201389,overlap,0.0,2.092895
cntvaluein3_locked_only,direct,direct_max__idelay_data_cntvaluein__lane1__dq8__ctrl_4__endpoint__value_ps,direct_max,idelay_data_cntvaluein,lane1,dq8,4,endpoint,27,16,663.0,1315.0,1955.0,532.0,1233.0,1827.0,-82.0,0.40162,fail_lower,0.59838,-0.196759,overlap,0.0,2.044782
cntvaluein3_locked_only,skew,abs_ld_minus_cntvaluein_dqs__idelay_ld_cntvaluein_skew__lane0__dqs0__ctrl_0__ld_vs_cntvaluein_dqs__value_ps,abs_ld_minus_cntvaluein_dqs,idelay_ld_cntvaluein_skew,lane0,dqs0,0,ld_vs_cntvaluein_dqs,27,16,26.0,262.0,782.0,24.0,308.5,897.0,46.5,0.59838,fail_higher,0.59838,0.196759,overlap,0.0,2.044782
cntvaluein3_locked_only,skew,signed_dqs_minus_dq_bit__idelay_cntvaluein_skew__lane1__dq10__ctrl_0__dqs_vs_dq_bit__value_ps,signed_dqs_minus_dq_bit,idelay_cntvaluein_skew,lane1,dq10,0,dqs_vs_dq_bit,27,16,-638.0,-73.0,1027.0,-810.0,-178.0,461.0,-105.0,0.402778,fail_lower,0.597222,-0.194444,overlap,0.0,2.020726
cntvaluein3_locked_only,direct,direct_max__idelay_data_cntvaluein__lane1__dq12__ctrl_3__endpoint__value_ps,direct_max,idelay_data_cntvaluein,lane1,dq12,3,endpoint,27,16,1190.0,1769.0,2334.0,1325.0,1685.5,2016.0,-83.5,0.402778,fail_lower,0.597222,-0.194444,overlap,0.0,2.020726
cntvaluein3_locked_only,direct,direct_max__idelay_data_cntvaluein__lane0__dq3__ctrl_0__endpoint__value_ps,direct_max,idelay_data_cntvaluein,lane0,dq3,0,endpoint,27,16,676.0,1116.0,1914.0,777.0,1178.0,1975.0,62.0,0.597222,fail_higher,0.597222,0.194444,overlap,0.0,2.020726
cntvaluein3_locked_only,direct,direct_max__idelay_data_cntvaluein__lane1__dq11__ctrl_0__endpoint__value_ps,direct_max,idelay_data_cntvaluein,lane1,dq11,0,endpoint,27,16,537.0,1100.0,1707.0,626.0,1117.0,1702.0,17.0,0.597222,fail_higher,0.597222,0.194444,overlap,0.0,2.020726
cntvaluein3_locked_only,skew,abs_ld_minus_cntvaluein_dq_median__idelay_ld_cntvaluein_skew__lane1__no_bit__ctrl_3__ld_vs_cntvaluein_dq_lane__value_ps,abs_ld_minus_cntvaluein_dq_median,idelay_ld_cntvaluein_skew,lane1,,3,ld_vs_cntvaluein_dq_lane,27,16,28.5,376.5,1043.0,24.5,248.25,793.5,-128.25,0.405093,fail_lower,0.594907,-0.189815,overlap,0.0,1.972613
cntvaluein3_locked_only,direct,direct_max__idelay_ld__lane0__dq3__ctrl_none__endpoint__value_ps,direct_max,idelay_ld,lane0,dq3,,endpoint,27,16,1126.0,1414.0,1883.0,1059.0,1285.5,1746.0,-128.5,0.40625,fail_lower,0.59375,-0.1875,overlap,0.0,1.948557
cntvaluein3_locked_only,direct,control_fanout_spread__idelay_data_cntvaluein__lane1__no_bit__ctrl_4__lane_control_bit__value_ps,control_fanout_spread,idelay_data_cntvaluein,lane1,,4,lane_control_bit,27,16,175.0,469.0,847.0,158.0,435.5,653.0,-33.5,0.40625,fail_lower,0.59375,-0.1875,overlap,0.0,1.948557
cntvaluein3_locked_only,skew,dq_lane_range__idelay_cntvaluein_skew__lane1__no_bit__ctrl_4__dq_lane__value_ps,dq_lane_range,idelay_cntvaluein_skew,lane1,,4,dq_lane,27,16,175.0,469.0,847.0,158.0,435.5,653.0,-33.5,0.40625,fail_lower,0.59375,-0.1875,overlap,0.0,1.948557
cntvaluein3_locked_only,direct,direct_max__idelay_data_cntvaluein__lane1__dq12__ctrl_0__endpoint__value_ps,direct_max,idelay_data_cntvaluein,lane1,dq12,0,endpoint,27,16,462.0,1174.0,1863.0,638.0,1215.0,2032.0,41.0,0.592593,fail_higher,0.592593,0.185185,overlap,0.0,1.924501
cntvaluein3_locked_only,direct,direct_max__idelay_data_cntvaluein__lane1__dq14__ctrl_2__endpoint__value_ps,direct_max,idelay_data_cntvaluein,lane1,dq14,2,endpoint,27,16,597.0,1121.0,1894.0,720.0,1304.0,1883.0,183.0,0.591435,fail_higher,0.591435,0.18287,overlap,0.0,1.900445
cntvaluein3_locked_only,skew,abs_ld_minus_cntvaluein_dqs__idelay_ld_cntvaluein_skew__lane0__dqs0__ctrl_2__ld_vs_cntvaluein_dqs__value_ps,abs_ld_minus_cntvaluein_dqs,idelay_ld_cntvaluein_skew,lane0,dqs0,2,ld_vs_cntvaluein_dqs,27,16,17.0,240.0,763.0,9.0,369.0,974.0,129.0,0.591435,fail_higher,0.591435,0.18287,overlap,0.0,1.900445
cntvaluein3_locked_only,skew,abs_dqs_minus_dq_bit__idelay_cntvaluein_skew__lane1__dq11__ctrl_3__dqs_vs_dq_bit__value_ps,abs_dqs_minus_dq_bit,idelay_cntvaluein_skew,lane1,dq11,3,dqs_vs_dq_bit,27,16,8.0,237.0,691.0,57.0,259.0,798.0,22.0,0.591435,fail_higher,0.591435,0.18287,overlap,0.0,1.900445
cntvaluein3_locked_only,direct,direct_max__idelay_dqs_cntvaluein__lane0__dqs0__ctrl_4__endpoint__value_ps,direct_max,idelay_dqs_cntvaluein,lane0,dqs0,4,endpoint,27,16,666.0,1692.0,2045.0,795.0,1470.0,2194.0,-222.0,0.409722,fail_lower,0.590278,-0.180556,overlap,0.0,1.876388
cntvaluein3_locked_only,skew,signed_ld_minus_cntvaluein_dq_median__idelay_ld_cntvaluein_skew__lane0__no_bit__ctrl_3__ld_vs_cntvaluein_dq_lane__value_ps,signed_ld_minus_cntvaluein_dq_median,idelay_ld_cntvaluein_skew,lane0,,3,ld_vs_cntvaluein_dq_lane,27,16,-1097.5,-558.5,349.5,-789.0,-397.0,38.5,161.5,0.590278,fail_higher,0.590278,0.180556,overlap,0.0,1.876388
cntvaluein3_locked_only,direct,direct_max__dq_iologic__lane1__dq15__ctrl_none__endpoint__value_ps,direct_max,dq_iologic,lane1,dq15,,endpoint,27,16,1858.0,2255.0,3085.0,2062.0,2376.0,3219.0,121.0,0.590278,fail_higher,0.590278,0.180556,overlap,0.0,1.876388
cntvaluein3_locked_only,skew,signed_ld_dqs_minus_dq_median__idelay_ld_skew__lane0__dqs0__ctrl_none__dqs_vs_dq_lane__value_ps,signed_ld_dqs_minus_dq_median,idelay_ld_skew,lane0,dqs0,,dqs_vs_dq_lane,27,16,-246.0,-65.5,288.0,-277.0,-0.75,218.0,64.75,0.590278,fail_higher,0.590278,0.180556,overlap,0.0,1.876388
cntvaluein3_locked_only,direct,cntvaluein_bus_skew__idelay_data_cntvaluein__lane1__dq14__ctrl_none__dq14__value_ps,cntvaluein_bus_skew,idelay_data_cntvaluein,lane1,dq14,,dq14,27,16,263.0,987.0,1631.0,404.0,788.5,1194.0,-198.5,0.412037,fail_lower,0.587963,-0.175926,overlap,0.0,1.828276
cntvaluein3_locked_only,skew,abs_dqs_minus_dq_bit__idelay_cntvaluein_skew__lane0__dq0__ctrl_1__dqs_vs_dq_bit__value_ps,abs_dqs_minus_dq_bit,idelay_cntvaluein_skew,lane0,dq0,1,dqs_vs_dq_bit,27,16,6.0,392.0,1012.0,8.0,206.5,798.0,-185.5,0.412037,fail_lower,0.587963,-0.175926,overlap,0.0,1.828276
cntvaluein3_locked_only,skew,signed_dqs_minus_dq_bit__idelay_cntvaluein_skew__lane1__dq8__ctrl_4__dqs_vs_dq_bit__value_ps,signed_dqs_minus_dq_bit,idelay_cntvaluein_skew,lane1,dq8,4,dqs_vs_dq_bit,27,16,-697.0,-180.0,825.0,-447.0,-23.0,686.0,157.0,0.587963,fail_higher,0.587963,0.175926,overlap,0.0,1.828276
cntvaluein3_locked_only,skew,signed_dqs_minus_dq_bit__idelay_cntvaluein_skew__lane0__dq4__ctrl_2__dqs_vs_dq_bit__value_ps,signed_dqs_minus_dq_bit,idelay_cntvaluein_skew,lane0,dq4,2,dqs_vs_dq_bit,27,16,-974.0,-13.0,909.0,-887.0,-148.5,454.0,-135.5,0.412037,fail_lower,0.587963,-0.175926,overlap,0.0,1.828276
cntvaluein3_locked_only,direct,direct_max__idelay_data_cntvaluein__lane1__dq10__ctrl_0__endpoint__value_ps,direct_max,idelay_data_cntvaluein,lane1,dq10,0,endpoint,27,16,549.0,1070.0,1779.0,554.0,1159.0,1896.0,89.0,0.587963,fail_higher,0.587963,0.175926,overlap,0.0,1.828276
cntvaluein3_locked_only,skew,signed_ld_minus_cntvaluein_dqs__idelay_ld_cntvaluein_skew__lane1__dqs1__ctrl_3__ld_vs_cntvaluein_dqs__value_ps,signed_ld_minus_cntvaluein_dqs,idelay_ld_cntvaluein_skew,lane1,dqs1,3,ld_vs_cntvaluein_dqs,27,16,-943.0,-334.0,56.0,-1019.0,-422.0,-23.0,-88.0,0.412037,fail_lower,0.587963,-0.175926,overlap,0.0,1.828276
cntvaluein3_locked_only,direct,direct_max__idelay_data_cntvaluein__lane1__dq13__ctrl_3__endpoint__value_ps,direct_max,idelay_data_cntvaluein,lane1,dq13,3,endpoint,27,16,1353.0,1639.0,1973.0,1141.0,1582.5,1929.0,-56.5,0.412037,fail_lower,0.587963,-0.175926,overlap,0.0,1.828276
cntvaluein3_locked_only,direct,cntvaluein_bus_skew__idelay_data_cntvaluein__lane1__dq10__ctrl_none__dq10__value_ps,cntvaluein_bus_skew,idelay_data_cntvaluein,lane1,dq10,,dq10,27,16,289.0,960.0,1452.0,390.0,711.5,1377.0,-248.5,0.413194,fail_lower,0.586806,-0.173611,overlap,0.0,1.80422
cntvaluein3_locked_only,direct,direct_max__idelay_ld__lane1__dq15__ctrl_none__endpoint__value_ps,direct_max,idelay_ld,lane1,dq15,,endpoint,27,16,672.0,1245.0,1496.0,773.0,1105.5,1511.0,-139.5,0.413194,fail_lower,0.586806,-0.173611,overlap,0.0,1.80422
cntvaluein3_locked_only,skew,signed_dqs_minus_dq_bit__idelay_cntvaluein_skew__lane0__dq2__ctrl_3__dqs_vs_dq_bit__value_ps,signed_dqs_minus_dq_bit,idelay_cntvaluein_skew,lane0,dq2,3,dqs_vs_dq_bit,27,16,-664.0,-53.0,483.0,-730.0,5.5,1078.0,58.5,0.586806,fail_higher,0.586806,0.173611,overlap,0.0,1.80422
cntvaluein3_locked_only,direct,direct_max__idelay_data_cntvaluein__lane1__dq13__ctrl_0__endpoint__value_ps,direct_max,idelay_data_cntvaluein,lane1,dq13,0,endpoint,27,16,535.0,1184.0,1791.0,711.0,1206.0,1797.0,22.0,0.586806,fail_higher,0.586806,0.173611,overlap,0.0,1.80422
cntvaluein3_locked_only,direct,cntvaluein_bus_skew__idelay_data_cntvaluein__lane0__dq3__ctrl_none__dq3__value_ps,cntvaluein_bus_skew,idelay_data_cntvaluein,lane0,dq3,,dq3,27,16,334.0,775.0,1494.0,402.0,753.5,1097.0,-21.5,0.413194,fail_lower,0.586806,-0.173611,overlap,0.0,1.80422
cntvaluein3_locked_only,skew,signed_dqs_minus_dq_bit__idelay_cntvaluein_skew__lane0__dq3__ctrl_2__dqs_vs_dq_bit__value_ps,signed_dqs_minus_dq_bit,idelay_cntvaluein_skew,lane0,dq3,2,dqs_vs_dq_bit,27,16,-836.0,184.0,1169.0,-807.0,104.0,628.0,-80.0,0.414352,fail_lower,0.585648,-0.171296,overlap,0.0,1.780163
cntvaluein3_locked_only,direct,control_fanout_spread__idelay_data_cntvaluein__lane0__no_bit__ctrl_4__lane_control_bit__value_ps,control_fanout_spread,idelay_data_cntvaluein,lane0,,4,lane_control_bit,27,16,180.0,407.0,733.0,145.0,366.5,617.0,-40.5,0.414352,fail_lower,0.585648,-0.171296,overlap,0.0,1.780163
cntvaluein3_locked_only,skew,dq_lane_range__idelay_cntvaluein_skew__lane0__no_bit__ctrl_4__dq_lane__value_ps,dq_lane_range,idelay_cntvaluein_skew,lane0,,4,dq_lane,27,16,180.0,407.0,733.0,145.0,366.5,617.0,-40.5,0.414352,fail_lower,0.585648,-0.171296,overlap,0.0,1.780163
cntvaluein3_locked_only,skew,signed_dqs_minus_dq_bit__idelay_cntvaluein_skew__lane0__dq1__ctrl_0__dqs_vs_dq_bit__value_ps,signed_dqs_minus_dq_bit,idelay_cntvaluein_skew,lane0,dq1,0,dqs_vs_dq_bit,27,16,-1527.0,42.0,584.0,-783.0,-130.5,447.0,-172.5,0.415509,fail_lower,0.584491,-0.168981,overlap,0.0,1.756107
cntvaluein3_locked_only,direct,direct_max__idelay_dqs_cntvaluein__lane1__dqs1__ctrl_0__endpoint__value_ps,direct_max,idelay_dqs_cntvaluein,lane1,dqs1,0,endpoint,27,16,597.0,1294.0,1613.0,569.0,1171.5,1708.0,-122.5,0.415509,fail_lower,0.584491,-0.168981,overlap,0.0,1.756107
cntvaluein3_locked_only,direct,control_fanout_spread__idelay_data_cntvaluein__lane0__no_bit__ctrl_0__lane_control_bit__value_ps,control_fanout_spread,idelay_data_cntvaluein,lane0,,0,lane_control_bit,27,16,88.0,372.0,733.0,226.0,339.0,620.0,-33.0,0.415509,fail_lower,0.584491,-0.168981,overlap,0.0,1.756107
cntvaluein3_locked_only,skew,dq_lane_range__idelay_cntvaluein_skew__lane0__no_bit__ctrl_0__dq_lane__value_ps,dq_lane_range,idelay_cntvaluein_skew,lane0,,0,dq_lane,27,16,88.0,372.0,733.0,226.0,339.0,620.0,-33.0,0.415509,fail_lower,0.584491,-0.168981,overlap,0.0,1.756107
cntvaluein3_locked_only,skew,signed_dqs_minus_dq_bit__idelay_cntvaluein_skew__lane0__dq0__ctrl_2__dqs_vs_dq_bit__value_ps,signed_dqs_minus_dq_bit,idelay_cntvaluein_skew,lane0,dq0,2,dqs_vs_dq_bit,27,16,-1073.0,98.0,1097.0,-883.0,-41.5,622.0,-139.5,0.416667,fail_lower,0.583333,-0.166667,overlap,0.0,1.732051
cntvaluein3_locked_only,skew,signed_dqs_minus_dq_bit__idelay_cntvaluein_skew__lane1__dq11__ctrl_3__dqs_vs_dq_bit__value_ps,signed_dqs_minus_dq_bit,idelay_cntvaluein_skew,lane1,dq11,3,dqs_vs_dq_bit,27,16,-483.0,22.0,691.0,-330.0,109.5,798.0,87.5,0.583333,fail_higher,0.583333,0.166667,overlap,0.0,1.732051
cntvaluein3_locked_only,skew,abs_dqs_minus_dq_bit__idelay_cntvaluein_skew__lane1__dq12__ctrl_0__dqs_vs_dq_bit__value_ps,abs_dqs_minus_dq_bit,idelay_cntvaluein_skew,lane1,dq12,0,dqs_vs_dq_bit,27,16,3.0,296.0,807.0,0.0,228.5,876.0,-67.5,0.416667,fail_lower,0.583333,-0.166667,overlap,0.0,1.732051
cntvaluein3_locked_only,skew,signed_dqs_minus_dq_bit__idelay_cntvaluein_skew__lane1__dq15__ctrl_0__dqs_vs_dq_bit__value_ps,signed_dqs_minus_dq_bit,idelay_cntvaluein_skew,lane1,dq15,0,dqs_vs_dq_bit,27,16,-484.0,190.0,1215.0,-462.0,140.5,884.0,-49.5,0.416667,fail_lower,0.583333,-0.166667,overlap,0.0,1.732051
cntvaluein3_locked_only,skew,abs_dqs_minus_dq_bit__idelay_cntvaluein_skew__lane0__dq5__ctrl_4__dqs_vs_dq_bit__value_ps,abs_dqs_minus_dq_bit,idelay_cntvaluein_skew,lane0,dq5,4,dqs_vs_dq_bit,27,16,17.0,322.0,1021.0,28.0,223.0,536.0,-99.0,0.417824,fail_lower,0.582176,-0.164352,overlap,0.0,1.707995
cntvaluein3_locked_only,skew,abs_dqs_minus_dq_bit__idelay_cntvaluein_skew__lane1__dq11__ctrl_2__dqs_vs_dq_bit__value_ps,abs_dqs_minus_dq_bit,idelay_cntvaluein_skew,lane1,dq11,2,dqs_vs_dq_bit,27,16,28.0,285.0,1068.0,15.0,245.0,943.0,-40.0,0.417824,fail_lower,0.582176,-0.164352,overlap,0.0,1.707995
cntvaluein3_locked_only,skew,signed_ld_minus_cntvaluein_dq_median__idelay_ld_cntvaluein_skew__lane1__no_bit__ctrl_0__ld_vs_cntvaluein_dq_lane__value_ps,signed_ld_minus_cntvaluein_dq_median,idelay_ld_cntvaluein_skew,lane1,,0,ld_vs_cntvaluein_dq_lane,27,16,-479.5,279.0,796.0,-742.0,120.0,754.5,-159.0,0.418981,fail_lower,0.581019,-0.162037,overlap,0.0,1.683938
cntvaluein3_locked_only,skew,abs_dqs_minus_dq_bit__idelay_cntvaluein_skew__lane1__dq14__ctrl_3__dqs_vs_dq_bit__value_ps,abs_dqs_minus_dq_bit,idelay_cntvaluein_skew,lane1,dq14,3,dqs_vs_dq_bit,27,16,3.0,232.0,783.0,16.0,384.5,763.0,152.5,0.581019,fail_higher,0.581019,0.162037,overlap,0.0,1.683938
cntvaluein3_locked_only,skew,signed_dqs_minus_dq_bit__idelay_cntvaluein_skew__lane0__dq0__ctrl_3__dqs_vs_dq_bit__value_ps,signed_dqs_minus_dq_bit,idelay_cntvaluein_skew,lane0,dq0,3,dqs_vs_dq_bit,27,16,-646.0,-23.0,631.0,-486.0,121.0,1167.0,144.0,0.581019,fail_higher,0.581019,0.162037,overlap,0.0,1.683938
cntvaluein3_locked_only,skew,abs_ld_minus_cntvaluein_dqs__idelay_ld_cntvaluein_skew__lane1__dqs1__ctrl_3__ld_vs_cntvaluein_dqs__value_ps,abs_ld_minus_cntvaluein_dqs,idelay_ld_cntvaluein_skew,lane1,dqs1,3,ld_vs_cntvaluein_dqs,27,16,18.0,334.0,943.0,23.0,422.0,1019.0,88.0,0.581019,fail_higher,0.581019,0.162037,overlap,0.0,1.683938
cntvaluein3_locked_only,direct,direct_max__idelay_data_cntvaluein__lane0__dq5__ctrl_0__endpoint__value_ps,direct_max,idelay_data_cntvaluein,lane0,dq5,0,endpoint,27,16,764.0,1203.0,1998.0,865.0,1225.5,2062.0,22.5,0.581019,fail_higher,0.581019,0.162037,overlap,0.0,1.683938
cntvaluein3_locked_only,skew,dq_bus_skew_range__idelay_cntvaluein_skew__lane1__no_bit__ctrl_none__dq_lane_bus_skew__value_ps,dq_bus_skew_range,idelay_cntvaluein_skew,lane1,,,dq_lane_bus_skew,27,16,167.0,449.0,670.0,289.0,334.0,684.0,-115.0,0.420139,fail_lower,0.579861,-0.159722,overlap,0.0,1.659882
cntvaluein3_locked_only,skew,signed_dqs_minus_dq_median__idelay_cntvaluein_skew__lane0__dqs0__ctrl_0__dqs_vs_dq_lane__value_ps,signed_dqs_minus_dq_median,idelay_cntvaluein_skew,lane0,dqs0,0,dqs_vs_dq_lane,27,16,-1469.5,12.5,691.5,-786.5,-141.5,444.0,-154.0,0.421296,fail_lower,0.578704,-0.157407,overlap,0.0,1.635826
cntvaluein3_locked_only,skew,signed_dqs_minus_dq_bit__idelay_cntvaluein_skew__lane0__dq7__ctrl_0__dqs_vs_dq_bit__value_ps,signed_dqs_minus_dq_bit,idelay_cntvaluein_skew,lane0,dq7,0,dqs_vs_dq_bit,27,16,-1470.0,32.0,707.0,-839.0,-85.0,446.0,-117.0,0.421296,fail_lower,0.578704,-0.157407,overlap,0.0,1.635826
cntvaluein3_locked_only,skew,dq_lane_range__iologic_skew__lane0__no_bit__ctrl_none__dq_lane__value_ps,dq_lane_range,iologic_skew,lane0,,,dq_lane,27,16,260.0,671.0,1332.0,412.0,648.5,974.0,-22.5,0.422454,fail_lower,0.577546,-0.155093,overlap,0.0,1.61177
cntvaluein3_locked_only,skew,signed_dqs_minus_dq_bit__idelay_cntvaluein_skew__lane0__dq6__ctrl_0__dqs_vs_dq_bit__value_ps,signed_dqs_minus_dq_bit,idelay_cntvaluein_skew,lane0,dq6,0,dqs_vs_dq_bit,27,16,-1477.0,15.0,642.0,-846.0,-169.0,357.0,-184.0,0.423611,fail_lower,0.576389,-0.152778,overlap,0.0,1.587713
cntvaluein3_locked_only,skew,signed_ld_minus_cntvaluein_dq_median__idelay_ld_cntvaluein_skew__lane1__no_bit__ctrl_2__ld_vs_cntvaluein_dq_lane__value_ps,signed_ld_minus_cntvaluein_dq_median,idelay_ld_cntvaluein_skew,lane1,,2,ld_vs_cntvaluein_dq_lane,27,16,-460.5,355.0,727.0,-727.0,175.25,698.5,-179.75,0.423611,fail_lower,0.576389,-0.152778,overlap,0.0,1.587713
cntvaluein3_locked_only,direct,direct_max__dq_iologic__lane0__dq6__ctrl_none__endpoint__value_ps,direct_max,dq_iologic,lane0,dq6,,endpoint,27,16,1544.0,2025.0,3325.0,1815.0,2164.5,3368.0,139.5,0.576389,fail_higher,0.576389,0.152778,overlap,0.0,1.587713
cntvaluein3_locked_only,direct,direct_max__idelay_data_cntvaluein__lane0__dq2__ctrl_4__endpoint__value_ps,direct_max,idelay_data_cntvaluein,lane0,dq2,4,endpoint,27,16,1034.0,1463.0,2361.0,796.0,1559.5,2028.0,96.5,0.423611,fail_lower,0.576389,-0.152778,overlap,0.0,1.587713
cntvaluein3_locked_only,skew,signed_dqs_minus_dq_bit__idelay_cntvaluein_skew__lane0__dq4__ctrl_0__dqs_vs_dq_bit__value_ps,signed_dqs_minus_dq_bit,idelay_cntvaluein_skew,lane0,dq4,0,dqs_vs_dq_bit,27,16,-1469.0,-2.0,676.0,-744.0,-75.5,441.0,-73.5,0.423611,fail_lower,0.576389,-0.152778,overlap,0.0,1.587713
cntvaluein3_locked_only,skew,signed_dqs_minus_dq_bit__idelay_cntvaluein_skew__lane1__dq12__ctrl_4__dqs_vs_dq_bit__value_ps,signed_dqs_minus_dq_bit,idelay_cntvaluein_skew,lane1,dq12,4,dqs_vs_dq_bit,27,16,-541.0,-90.0,804.0,-356.0,-21.0,561.0,69.0,0.576389,fail_higher,0.576389,0.152778,overlap,0.0,1.587713
cntvaluein3_locked_only,skew,abs_dqs_minus_dq_bit__idelay_cntvaluein_skew__lane0__dq3__ctrl_2__dqs_vs_dq_bit__value_ps,abs_dqs_minus_dq_bit,idelay_cntvaluein_skew,lane0,dq3,2,dqs_vs_dq_bit,27,16,26.0,350.0,1169.0,21.0,312.5,807.0,-37.5,0.423611,fail_lower,0.576389,-0.152778,overlap,0.0,1.587713
cntvaluein3_locked_only,direct,direct_max__idelay_dqs_cntvaluein__lane0__dqs0__ctrl_2__endpoint__value_ps,direct_max,idelay_dqs_cntvaluein,lane0,dqs0,2,endpoint,27,16,842.0,1424.0,2108.0,861.0,1312.5,1914.0,-111.5,0.425926,fail_lower,0.574074,-0.148148,overlap,0.0,1.539601
cntvaluein3_locked_only,skew,abs_dqs_minus_dq_bit__idelay_cntvaluein_skew__lane0__dq1__ctrl_0__dqs_vs_dq_bit__value_ps,abs_dqs_minus_dq_bit,idelay_cntvaluein_skew,lane0,dq1,0,dqs_vs_dq_bit,27,16,42.0,296.0,1527.0,3.0,239.5,783.0,-56.5,0.425926,fail_lower,0.574074,-0.148148,overlap,0.0,1.539601
cntvaluein3_locked_only,direct,direct_max__idelay_data_cntvaluein__lane1__dq12__ctrl_2__endpoint__value_ps,direct_max,idelay_data_cntvaluein,lane1,dq12,2,endpoint,27,16,528.0,1060.0,1804.0,574.0,1263.5,1955.0,203.5,0.572917,fail_higher,0.572917,0.145833,overlap,0.0,1.515544
cntvaluein3_locked_only,skew,signed_dqs_minus_dq_bit__idelay_cntvaluein_skew__lane0__dq0__ctrl_0__dqs_vs_dq_bit__value_ps,signed_dqs_minus_dq_bit,idelay_cntvaluein_skew,lane0,dq0,0,dqs_vs_dq_bit,27,16,-1470.0,-31.0,656.0,-724.0,-83.0,536.0,-52.0,0.427083,fail_lower,0.572917,-0.145833,overlap,0.0,1.515544
cntvaluein3_locked_only,direct,cntvaluein_bus_skew__idelay_dqs_cntvaluein__lane1__dqs1__ctrl_none__dqs1__value_ps,cntvaluein_bus_skew,idelay_dqs_cntvaluein,lane1,dqs1,,dqs1,27,16,199.0,663.0,1633.0,319.0,712.5,1447.0,49.5,0.572917,fail_higher,0.572917,0.145833,overlap,0.0,1.515544
cntvaluein3_locked_only,direct,lane_spread__idelay_dqs_cntvaluein__lane1__no_bit__ctrl_none__lane__value_ps,lane_spread,idelay_dqs_cntvaluein,lane1,,,lane,27,16,199.0,663.0,1633.0,319.0,712.5,1447.0,49.5,0.572917,fail_higher,0.572917,0.145833,overlap,0.0,1.515544
cntvaluein3_locked_only,direct,direct_max__idelay_dqs_cntvaluein__lane0__dqs0__ctrl_0__endpoint__value_ps,direct_max,idelay_dqs_cntvaluein,lane0,dqs0,0,endpoint,27,16,569.0,1470.0,1962.0,777.0,1361.0,2112.0,-109.0,0.428241,fail_lower,0.571759,-0.143519,overlap,0.0,1.491488
cntvaluein3_locked_only,direct,direct_max__idelay_data_cntvaluein__lane0__dq3__ctrl_4__endpoint__value_ps,direct_max,idelay_data_cntvaluein,lane0,dq3,4,endpoint,27,16,781.0,1350.0,2073.0,885.0,1305.5,1898.0,-44.5,0.428241,fail_lower,0.571759,-0.143519,overlap,0.0,1.491488
cntvaluein3_locked_only,skew,signed_dqs_minus_dq_bit__idelay_cntvaluein_skew__lane0__dq4__ctrl_3__dqs_vs_dq_bit__value_ps,signed_dqs_minus_dq_bit,idelay_cntvaluein_skew,lane0,dq4,3,dqs_vs_dq_bit,27,16,-828.0,-20.0,567.0,-638.0,-5.5,1164.0,14.5,0.571759,fail_higher,0.571759,0.143519,overlap,0.0,1.491488
cntvaluein3_locked_only,skew,abs_dqs_minus_dq_bit__idelay_cntvaluein_skew__lane1__dq15__ctrl_0__dqs_vs_dq_bit__value_ps,abs_dqs_minus_dq_bit,idelay_cntvaluein_skew,lane1,dq15,0,dqs_vs_dq_bit,27,16,18.0,197.0,1215.0,16.0,183.0,884.0,-14.0,0.428241,fail_lower,0.571759,-0.143519,overlap,0.0,1.491488
cntvaluein3_locked_only,skew,signed_dqs_bus_skew_minus_dq_median__idelay_cntvaluein_skew__lane1__dqs1__ctrl_none__dqs_vs_dq_bus_skew__value_ps,signed_dqs_bus_skew_minus_dq_median,idelay_cntvaluein_skew,lane1,dqs1,,dqs_vs_dq_bus_skew,27,16,-955.0,-24.5,951.0,-642.0,-22.75,717.0,1.75,0.571759,fail_higher,0.571759,0.143519,overlap,0.0,1.491488
cntvaluein3_locked_only,direct,direct_max__idelay_ld__lane0__dq1__ctrl_none__endpoint__value_ps,direct_max,idelay_ld,lane0,dq1,,endpoint,27,16,1024.0,1526.0,2210.0,1057.0,1512.0,1916.0,-14.0,0.429398,fail_lower,0.570602,-0.141204,overlap,0.0,1.467432
cntvaluein3_locked_only,direct,direct_max__idelay_data_cntvaluein__lane1__dq10__ctrl_2__endpoint__value_ps,direct_max,idelay_data_cntvaluein,lane1,dq10,2,endpoint,27,16,444.0,1067.0,1858.0,661.0,1363.0,2009.0,296.0,0.569444,fail_higher,0.569444,0.138889,overlap,0.0,1.443376
cntvaluein3_locked_only,skew,signed_ld_minus_cntvaluein_dqs__idelay_ld_cntvaluein_skew__lane1__dqs1__ctrl_2__ld_vs_cntvaluein_dqs__value_ps,signed_ld_minus_cntvaluein_dqs,idelay_ld_cntvaluein_skew,lane1,dqs1,2,ld_vs_cntvaluein_dqs,27,16,-641.0,8.0,837.0,-439.0,203.5,910.0,195.5,0.569444,fail_higher,0.569444,0.138889,overlap,0.0,1.443376
cntvaluein3_locked_only,skew,signed_ld_minus_cntvaluein_dq_median__idelay_ld_cntvaluein_skew__lane1__no_bit__ctrl_3__ld_vs_cntvaluein_dq_lane__value_ps,signed_ld_minus_cntvaluein_dq_median,idelay_ld_cntvaluein_skew,lane1,,3,ld_vs_cntvaluein_dq_lane,27,16,-1043.0,-362.5,431.0,-793.5,-248.25,149.5,114.25,0.569444,fail_higher,0.569444,0.138889,overlap,0.0,1.443376
cntvaluein3_locked_only,skew,abs_dqs_minus_dq_bit__idelay_cntvaluein_skew__lane1__dq12__ctrl_3__dqs_vs_dq_bit__value_ps,abs_dqs_minus_dq_bit,idelay_cntvaluein_skew,lane1,dq12,3,dqs_vs_dq_bit,27,16,2.0,235.0,714.0,10.0,301.0,855.0,66.0,0.569444,fail_higher,0.569444,0.138889,overlap,0.0,1.443376
cntvaluein3_locked_only,skew,signed_dqs_minus_dq_bit__idelay_cntvaluein_skew__lane1__dq13__ctrl_3__dqs_vs_dq_bit__value_ps,signed_dqs_minus_dq_bit,idelay_cntvaluein_skew,lane1,dq13,3,dqs_vs_dq_bit,27,16,-515.0,-76.0,658.0,-357.0,44.0,875.0,120.0,0.568287,fail_higher,0.568287,0.136574,overlap,0.0,1.419319
cntvaluein3_locked_only,direct,direct_max__idelay_data_cntvaluein__lane0__dq3__ctrl_2__endpoint__value_ps,direct_max,idelay_data_cntvaluein,lane0,dq3,2,endpoint,27,16,726.0,1182.0,1891.0,787.0,1345.5,2078.0,163.5,0.56713,fail_higher,0.56713,0.134259,overlap,0.0,1.395263
cntvaluein3_locked_only,direct,lane_spread__idelay_data_cntvaluein__lane1__no_bit__ctrl_none__lane__value_ps,lane_spread,idelay_data_cntvaluein,lane1,,,lane,27,16,548.0,1270.0,1773.0,778.0,1115.5,1601.0,-154.5,0.43287,fail_lower,0.56713,-0.134259,overlap,0.0,1.395263
cntvaluein3_locked_only,skew,abs_dqs_minus_dq_bit__idelay_cntvaluein_skew__lane1__dq13__ctrl_2__dqs_vs_dq_bit__value_ps,abs_dqs_minus_dq_bit,idelay_cntvaluein_skew,lane1,dq13,2,dqs_vs_dq_bit,27,16,10.0,369.0,1059.0,71.0,250.5,821.0,-118.5,0.43287,fail_lower,0.56713,-0.134259,overlap,0.0,1.395263
cntvaluein3_locked_only,skew,abs_ld_minus_cntvaluein_dqs__idelay_ld_cntvaluein_skew__lane0__dqs0__ctrl_4__ld_vs_cntvaluein_dqs__value_ps,abs_ld_minus_cntvaluein_dqs,idelay_ld_cntvaluein_skew,lane0,dqs0,4,ld_vs_cntvaluein_dqs,27,16,30.0,324.0,815.0,21.0,272.5,1135.0,-51.5,0.43287,fail_lower,0.56713,-0.134259,overlap,0.0,1.395263
cntvaluein3_locked_only,direct,direct_max__idelay_ld__lane0__dq6__ctrl_none__endpoint__value_ps,direct_max,idelay_ld,lane0,dq6,,endpoint,27,16,1057.0,1455.0,2059.0,1151.0,1434.5,1753.0,-20.5,0.43287,fail_lower,0.56713,-0.134259,overlap,0.0,1.395263
cntvaluein3_locked_only,direct,direct_max__idelay_data_cntvaluein__lane1__dq14__ctrl_3__endpoint__value_ps,direct_max,idelay_data_cntvaluein,lane1,dq14,3,endpoint,27,16,1274.0,1794.0,2424.0,1366.0,1788.0,2101.0,-6.0,0.43287,fail_lower,0.56713,-0.134259,overlap,0.0,1.395263
cntvaluein3_locked_only,skew,signed_lane1_minus_lane0_dqs__idelay_cntvaluein_skew__all__no_bit__ctrl_0__lane1_vs_lane0_dqs__value_ps,signed_lane1_minus_lane0_dqs,idelay_cntvaluein_skew,all,,0,lane1_vs_lane0_dqs,27,16,-684.0,-276.0,572.0,-671.0,-280.0,87.0,-4.0,0.43287,fail_lower,0.56713,-0.134259,overlap,0.0,1.395263
cntvaluein3_locked_only,direct,direct_max__idelay_data_cntvaluein__lane1__dq13__ctrl_2__endpoint__value_ps,direct_max,idelay_data_cntvaluein,lane1,dq13,2,endpoint,27,16,451.0,1177.0,1743.0,538.0,1284.0,1955.0,107.0,0.565972,fail_higher,0.565972,0.131944,overlap,0.0,1.371207
cntvaluein3_locked_only,skew,signed_dqs_minus_dq_bit__idelay_cntvaluein_skew__lane1__dq14__ctrl_4__dqs_vs_dq_bit__value_ps,signed_dqs_minus_dq_bit,idelay_cntvaluein_skew,lane1,dq14,4,dqs_vs_dq_bit,27,16,-625.0,-111.0,954.0,-402.0,-25.5,561.0,85.5,0.565972,fail_higher,0.565972,0.131944,overlap,0.0,1.371207
cntvaluein3_locked_only,direct,direct_max__idelay_data_cntvaluein__lane0__dq6__ctrl_3__endpoint__value_ps,direct_max,idelay_data_cntvaluein,lane0,dq6,3,endpoint,27,16,1504.0,2009.0,2536.0,1411.0,1986.0,2338.0,-23.0,0.434028,fail_lower,0.565972,-0.131944,overlap,0.0,1.371207
cntvaluein3_locked_only,direct,direct_max__idelay_data_cntvaluein__lane0__dq4__ctrl_4__endpoint__value_ps,direct_max,idelay_data_cntvaluein,lane0,dq4,4,endpoint,27,16,949.0,1552.0,2355.0,1044.0,1475.5,2115.0,-76.5,0.435185,fail_lower,0.564815,-0.12963,overlap,0.0,1.347151
cntvaluein3_locked_only,skew,signed_ld_minus_cntvaluein_dq_median__idelay_ld_cntvaluein_skew__lane0__no_bit__ctrl_0__ld_vs_cntvaluein_dq_lane__value_ps,signed_ld_minus_cntvaluein_dq_median,idelay_ld_cntvaluein_skew,lane0,,0,ld_vs_cntvaluein_dq_lane,27,16,-641.0,108.5,647.0,-816.0,48.5,522.5,-60.0,0.435185,fail_lower,0.564815,-0.12963,overlap,0.0,1.347151
cntvaluein3_locked_only,skew,abs_dqs_minus_dq_median__idelay_cntvaluein_skew__lane1__dqs1__ctrl_3__dqs_vs_dq_lane__value_ps,abs_dqs_minus_dq_median,idelay_cntvaluein_skew,lane1,dqs1,3,dqs_vs_dq_lane,27,16,0.5,233.5,631.5,6.5,271.0,809.0,37.5,0.564815,fail_higher,0.564815,0.12963,overlap,0.0,1.347151
cntvaluein3_locked_only,skew,abs_dqs_minus_dq_bit__idelay_cntvaluein_skew__lane0__dq7__ctrl_3__dqs_vs_dq_bit__value_ps,abs_dqs_minus_dq_bit,idelay_cntvaluein_skew,lane0,dq7,3,dqs_vs_dq_bit,27,16,8.0,257.0,756.0,11.0,230.0,988.0,-27.0,0.564815,fail_higher,0.564815,0.12963,overlap,0.0,1.347151
cntvaluein3_locked_only,skew,abs_dqs_minus_dq_bit__idelay_cntvaluein_skew__lane1__dq11__ctrl_0__dqs_vs_dq_bit__value_ps,abs_dqs_minus_dq_bit,idelay_cntvaluein_skew,lane1,dq11,0,dqs_vs_dq_bit,27,16,16.0,242.0,1075.0,16.0,156.0,850.0,-86.0,0.436343,fail_lower,0.563657,-0.127315,overlap,0.0,1.323094
cntvaluein3_locked_only,skew,signed_dqs_minus_dq_median__idelay_cntvaluein_skew__lane0__dqs0__ctrl_3__dqs_vs_dq_lane__value_ps,signed_dqs_minus_dq_median,idelay_cntvaluein_skew,lane0,dqs0,3,dqs_vs_dq_lane,27,16,-674.5,-9.0,586.0,-595.5,45.75,1132.0,54.75,0.563657,fail_higher,0.563657,0.127315,overlap,0.0,1.323094
cntvaluein3_locked_only,direct,direct_max__dq_iologic__lane0__dq4__ctrl_none__endpoint__value_ps,direct_max,dq_iologic,lane0,dq4,,endpoint,27,16,1726.0,2036.0,3198.0,1695.0,2204.5,3368.0,168.5,0.5625,fail_higher,0.5625,0.125,overlap,0.0,1.299038
cntvaluein3_locked_only,skew,signed_dqs_minus_dq_bit__idelay_cntvaluein_skew__lane0__dq1__ctrl_2__dqs_vs_dq_bit__value_ps,signed_dqs_minus_dq_bit,idelay_cntvaluein_skew,lane0,dq1,2,dqs_vs_dq_bit,27,16,-1073.0,-76.0,919.0,-828.0,-121.0,538.0,-45.0,0.4375,fail_lower,0.5625,-0.125,overlap,0.0,1.299038
cntvaluein3_locked_only,direct,direct_max__dq_iologic__lane0__dq5__ctrl_none__endpoint__value_ps,direct_max,dq_iologic,lane0,dq5,,endpoint,27,16,1761.0,2361.0,3371.0,1939.0,2392.0,3339.0,31.0,0.5625,fail_higher,0.5625,0.125,overlap,0.0,1.299038
cntvaluein3_locked_only,skew,abs_lane1_minus_lane0_dqs__idelay_cntvaluein_skew__all__no_bit__ctrl_2__lane1_vs_lane0_dqs__value_ps,abs_lane1_minus_lane0_dqs,idelay_cntvaluein_skew,all,,2,lane1_vs_lane0_dqs,27,16,2.0,261.0,450.0,11.0,272.0,488.0,11.0,0.5625,fail_higher,0.5625,0.125,overlap,0.0,1.299038
cntvaluein3_locked_only,skew,abs_lane1_minus_lane0_dq_median__idelay_cntvaluein_skew__all__no_bit__ctrl_4__lane1_vs_lane0_dq__value_ps,abs_lane1_minus_lane0_dq_median,idelay_cntvaluein_skew,all,,4,lane1_vs_lane0_dq,27,16,20.5,377.5,762.5,96.0,346.0,664.0,-31.5,0.438657,fail_lower,0.561343,-0.122685,overlap,0.0,1.274982
cntvaluein3_locked_only,skew,signed_dqs_minus_dq_bit__idelay_cntvaluein_skew__lane0__dq1__ctrl_3__dqs_vs_dq_bit__value_ps,signed_dqs_minus_dq_bit,idelay_cntvaluein_skew,lane0,dq1,3,dqs_vs_dq_bit,27,16,-738.0,23.0,653.0,-553.0,49.5,1248.0,26.5,0.561343,fail_higher,0.561343,0.122685,overlap,0.0,1.274982
cntvaluein3_locked_only,direct,cntvaluein_bus_skew__idelay_data_cntvaluein__lane1__dq13__ctrl_none__dq13__value_ps,cntvaluein_bus_skew,idelay_data_cntvaluein,lane1,dq13,,dq13,27,16,360.0,770.0,1385.0,319.0,592.5,1281.0,-177.5,0.439815,fail_lower,0.560185,-0.12037,overlap,0.0,1.250926
cntvaluein3_locked_only,direct,direct_max__idelay_data_cntvaluein__lane1__dq11__ctrl_2__endpoint__value_ps,direct_max,idelay_data_cntvaluein,lane1,dq11,2,endpoint,27,16,446.0,1161.0,1680.0,453.0,1319.5,2013.0,158.5,0.560185,fail_higher,0.560185,0.12037,overlap,0.0,1.250926
cntvaluein3_locked_only,direct,direct_max__idelay_data_cntvaluein__lane0__dq5__ctrl_1__endpoint__value_ps,direct_max,idelay_data_cntvaluein,lane0,dq5,1,endpoint,27,16,806.0,1401.0,2180.0,875.0,1244.5,1958.0,-156.5,0.439815,fail_lower,0.560185,-0.12037,overlap,0.0,1.250926
cntvaluein3_locked_only,skew,signed_dqs_minus_dq_bit__idelay_cntvaluein_skew__lane0__dq2__ctrl_0__dqs_vs_dq_bit__value_ps,signed_dqs_minus_dq_bit,idelay_cntvaluein_skew,lane0,dq2,0,dqs_vs_dq_bit,27,16,-1381.0,9.0,766.0,-788.0,-132.0,359.0,-141.0,0.439815,fail_lower,0.560185,-0.12037,overlap,0.0,1.250926
cntvaluein3_locked_only,skew,signed_dqs_minus_dq_median__idelay_cntvaluein_skew__lane0__dqs0__ctrl_2__dqs_vs_dq_lane__value_ps,signed_dqs_minus_dq_median,idelay_cntvaluein_skew,lane0,dqs0,2,dqs_vs_dq_lane,27,16,-916.0,71.5,919.0,-888.5,-69.25,565.0,-140.75,0.439815,fail_lower,0.560185,-0.12037,overlap,0.0,1.250926
cntvaluein3_locked_only,skew,abs_dqs_minus_dq_bit__idelay_cntvaluein_skew__lane1__dq13__ctrl_3__dqs_vs_dq_bit__value_ps,abs_dqs_minus_dq_bit,idelay_cntvaluein_skew,lane1,dq13,3,dqs_vs_dq_bit,27,16,0.0,222.0,658.0,11.0,296.5,875.0,74.5,0.560185,fail_higher,0.560185,0.12037,overlap,0.0,1.250926
cntvaluein3_locked_only,skew,signed_dqs_minus_dq_bit__idelay_cntvaluein_skew__lane0__dq7__ctrl_3__dqs_vs_dq_bit__value_ps,signed_dqs_minus_dq_bit,idelay_cntvaluein_skew,lane0,dq7,3,dqs_vs_dq_bit,27,16,-756.0,8.0,391.0,-820.0,-52.5,988.0,-60.5,0.560185,fail_higher,0.560185,0.12037,overlap,0.0,1.250926
cntvaluein3_locked_only,direct,cntvaluein_bus_skew__idelay_data_cntvaluein__lane0__dq5__ctrl_none__dq5__value_ps,cntvaluein_bus_skew,idelay_data_cntvaluein,lane0,dq5,,dq5,27,16,334.0,852.0,1310.0,341.0,795.5,1178.0,-56.5,0.439815,fail_lower,0.560185,-0.12037,overlap,0.0,1.250926
cntvaluein3_locked_only,direct,direct_max__idelay_ld__lane0__dq5__ctrl_none__endpoint__value_ps,direct_max,idelay_ld,lane0,dq5,,endpoint,27,16,1159.0,1363.0,1968.0,1054.0,1352.5,1753.0,-10.5,0.439815,fail_lower,0.560185,-0.12037,overlap,0.0,1.250926
cntvaluein3_locked_only,direct,direct_max__idelay_data_cntvaluein__lane1__dq15__ctrl_4__endpoint__value_ps,direct_max,idelay_data_cntvaluein,lane1,dq15,4,endpoint,27,16,411.0,903.0,1810.0,418.0,1162.0,1447.0,259.0,0.440972,fail_lower,0.559028,-0.118056,overlap,0.0,1.226869
cntvaluein3_locked_only,direct,direct_max__dq_iologic__lane1__dq12__ctrl_none__endpoint__value_ps,direct_max,dq_iologic,lane1,dq12,,endpoint,27,16,1756.0,2384.0,3197.0,1924.0,2312.5,3193.0,-71.5,0.440972,fail_lower,0.559028,-0.118056,overlap,0.0,1.226869
cntvaluein3_locked_only,skew,abs_dqs_minus_dq_bit__idelay_cntvaluein_skew__lane0__dq0__ctrl_0__dqs_vs_dq_bit__value_ps,abs_dqs_minus_dq_bit,idelay_cntvaluein_skew,lane0,dq0,0,dqs_vs_dq_bit,27,16,31.0,285.0,1470.0,33.0,244.5,724.0,-40.5,0.440972,fail_lower,0.559028,-0.118056,overlap,0.0,1.226869
cntvaluein3_locked_only,skew,signed_lane1_minus_lane0_dq_median__idelay_cntvaluein_skew__all__no_bit__ctrl_4__lane1_vs_lane0_dq__value_ps,signed_lane1_minus_lane0_dq_median,idelay_cntvaluein_skew,all,,4,lane1_vs_lane0_dq,27,16,-762.5,-377.5,97.5,-664.0,-346.0,-96.0,31.5,0.559028,fail_higher,0.559028,0.118056,overlap,0.0,1.226869
cntvaluein3_locked_only,direct,direct_max__idelay_ld__lane1__dq11__ctrl_none__endpoint__value_ps,direct_max,idelay_ld,lane1,dq11,,endpoint,27,16,958.0,1279.0,1669.0,953.0,1397.5,1651.0,118.5,0.55787,fail_higher,0.55787,0.115741,overlap,0.0,1.202813
cntvaluein3_locked_only,skew,abs_dqs_minus_dq_bit__idelay_cntvaluein_skew__lane0__dq2__ctrl_0__dqs_vs_dq_bit__value_ps,abs_dqs_minus_dq_bit,idelay_cntvaluein_skew,lane0,dq2,0,dqs_vs_dq_bit,27,16,9.0,391.0,1381.0,96.0,280.0,788.0,-111.0,0.44213,fail_lower,0.55787,-0.115741,overlap,0.0,1.202813
cntvaluein3_locked_only,direct,direct_max__idelay_data_cntvaluein__lane1__dq8__ctrl_3__endpoint__value_ps,direct_max,idelay_data_cntvaluein,lane1,dq8,3,endpoint,27,16,1179.0,1853.0,2516.0,1161.0,1767.5,2108.0,-85.5,0.44213,fail_lower,0.55787,-0.115741,overlap,0.0,1.202813
cntvaluein3_locked_only,skew,abs_ld_minus_cntvaluein_dq_median__idelay_ld_cntvaluein_skew__lane0__no_bit__ctrl_2__ld_vs_cntvaluein_dq_lane__value_ps,abs_ld_minus_cntvaluein_dq_median,idelay_ld_cntvaluein_skew,lane0,,2,ld_vs_cntvaluein_dq_lane,27,16,13.0,278.5,713.0,59.0,315.25,1017.0,36.75,0.55787,fail_higher,0.55787,0.115741,overlap,0.0,1.202813
cntvaluein3_locked_only,direct,direct_max__idelay_data_cntvaluein__lane0__dq7__ctrl_0__endpoint__value_ps,direct_max,idelay_data_cntvaluein,lane0,dq7,0,endpoint,27,16,893.0,1493.0,2332.0,853.0,1514.5,2375.0,21.5,0.55787,fail_higher,0.55787,0.115741,overlap,0.0,1.202813
cntvaluein3_locked_only,skew,abs_dqs_minus_dq_bit__idelay_cntvaluein_skew__lane1__dq9__ctrl_1__dqs_vs_dq_bit__value_ps,abs_dqs_minus_dq_bit,idelay_cntvaluein_skew,lane1,dq9,1,dqs_vs_dq_bit,27,16,42.0,286.0,1374.0,31.0,276.5,1350.0,-9.5,0.44213,fail_lower,0.55787,-0.115741,overlap,0.0,1.202813
cntvaluein3_locked_only,skew,signed_dqs_minus_dq_bit__idelay_cntvaluein_skew__lane1__dq9__ctrl_3__dqs_vs_dq_bit__value_ps,signed_dqs_minus_dq_bit,idelay_cntvaluein_skew,lane1,dq9,3,dqs_vs_dq_bit,27,16,-576.0,163.0,744.0,-243.0,157.5,939.0,-5.5,0.55787,fail_higher,0.55787,0.115741,overlap,0.0,1.202813
cntvaluein3_locked_only,skew,dq_bus_skew_range__idelay_cntvaluein_skew__lane0__no_bit__ctrl_none__dq_lane_bus_skew__value_ps,dq_bus_skew_range,idelay_cntvaluein_skew,lane0,,,dq_lane_bus_skew,27,16,163.0,359.0,778.0,188.0,376.5,594.0,17.5,0.443287,fail_lower,0.556713,-0.113426,overlap,0.0,1.178757
cntvaluein3_locked_only,direct,direct_max__idelay_data_cntvaluein__lane1__dq12__ctrl_4__endpoint__value_ps,direct_max,idelay_data_cntvaluein,lane1,dq12,4,endpoint,27,16,709.0,1317.0,1850.0,680.0,1140.0,1797.0,-177.0,0.444444,fail_lower,0.555556,-0.111111,overlap,0.0,1.154701
cntvaluein3_locked_only,direct,direct_max__idelay_data_cntvaluein__lane1__dq9__ctrl_4__endpoint__value_ps,direct_max,idelay_data_cntvaluein,lane1,dq9,4,endpoint,27,16,499.0,957.0,1899.0,407.0,1071.0,1511.0,114.0,0.444444,fail_lower,0.555556,-0.111111,overlap,0.0,1.154701
cntvaluein3_locked_only,skew,abs_dqs_minus_dq_bit__idelay_cntvaluein_skew__lane0__dq6__ctrl_2__dqs_vs_dq_bit__value_ps,abs_dqs_minus_dq_bit,idelay_cntvaluein_skew,lane0,dq6,2,dqs_vs_dq_bit,27,16,11.0,429.0,938.0,15.0,333.0,982.0,-96.0,0.444444,fail_lower,0.555556,-0.111111,overlap,0.0,1.154701
cntvaluein3_locked_only,direct,direct_max__idelay_data_cntvaluein__lane0__dq3__ctrl_1__endpoint__value_ps,direct_max,idelay_data_cntvaluein,lane0,dq3,1,endpoint,27,16,680.0,1309.0,2221.0,791.0,1246.0,1922.0,-63.0,0.444444,fail_lower,0.555556,-0.111111,overlap,0.0,1.154701
cntvaluein3_locked_only,skew,abs_ld_minus_cntvaluein_dq_median__idelay_ld_cntvaluein_skew__lane0__no_bit__ctrl_0__ld_vs_cntvaluein_dq_lane__value_ps,abs_ld_minus_cntvaluein_dq_median,idelay_ld_cntvaluein_skew,lane0,,0,ld_vs_cntvaluein_dq_lane,27,16,96.0,353.0,647.0,6.0,402.75,816.0,49.75,0.555556,fail_higher,0.555556,0.111111,overlap,0.0,1.154701
cntvaluein3_locked_only,direct,cntvaluein_bus_skew__idelay_dqs_cntvaluein__lane0__dqs0__ctrl_none__dqs0__value_ps,cntvaluein_bus_skew,idelay_dqs_cntvaluein,lane0,dqs0,,dqs0,27,16,242.0,679.0,1542.0,473.0,719.0,1271.0,40.0,0.555556,fail_higher,0.555556,0.111111,overlap,0.0,1.154701
cntvaluein3_locked_only,direct,lane_spread__idelay_dqs_cntvaluein__lane0__no_bit__ctrl_none__lane__value_ps,lane_spread,idelay_dqs_cntvaluein,lane0,,,lane,27,16,242.0,679.0,1542.0,473.0,719.0,1271.0,40.0,0.555556,fail_higher,0.555556,0.111111,overlap,0.0,1.154701
cntvaluein3_locked_only,direct,direct_max__dq_iologic__lane1__dq8__ctrl_none__endpoint__value_ps,direct_max,dq_iologic,lane1,dq8,,endpoint,27,16,1605.0,2499.0,3509.0,1902.0,2365.0,3477.0,-134.0,0.445602,fail_lower,0.554398,-0.108796,overlap,0.0,1.130644
cntvaluein3_locked_only,skew,signed_dqs_minus_dq_bit__idelay_cntvaluein_skew__lane0__dq2__ctrl_2__dqs_vs_dq_bit__value_ps,signed_dqs_minus_dq_bit,idelay_cntvaluein_skew,lane0,dq2,2,dqs_vs_dq_bit,27,16,-894.0,34.0,997.0,-890.0,-86.0,753.0,-120.0,0.445602,fail_lower,0.554398,-0.108796,overlap,0.0,1.130644
cntvaluein3_locked_only,direct,control_fanout_spread__idelay_data_cntvaluein__lane0__no_bit__ctrl_3__lane_control_bit__value_ps,control_fanout_spread,idelay_data_cntvaluein,lane0,,3,lane_control_bit,27,16,208.0,315.0,848.0,180.0,313.5,639.0,-1.5,0.445602,fail_lower,0.554398,-0.108796,overlap,0.0,1.130644
cntvaluein3_locked_only,skew,dq_lane_range__idelay_cntvaluein_skew__lane0__no_bit__ctrl_3__dq_lane__value_ps,dq_lane_range,idelay_cntvaluein_skew,lane0,,3,dq_lane,27,16,208.0,315.0,848.0,180.0,313.5,639.0,-1.5,0.445602,fail_lower,0.554398,-0.108796,overlap,0.0,1.130644
cntvaluein3_locked_only,direct,direct_max__idelay_data_cntvaluein__lane1__dq14__ctrl_4__endpoint__value_ps,direct_max,idelay_data_cntvaluein,lane1,dq14,4,endpoint,27,16,559.0,1317.0,1868.0,648.0,1148.5,1743.0,-168.5,0.446759,fail_lower,0.553241,-0.106481,overlap,0.0,1.106588
cntvaluein3_locked_only,skew,abs_dqs_minus_dq_bit__idelay_cntvaluein_skew__lane1__dq15__ctrl_1__dqs_vs_dq_bit__value_ps,abs_dqs_minus_dq_bit,idelay_cntvaluein_skew,lane1,dq15,1,dqs_vs_dq_bit,27,16,133.0,291.0,1381.0,42.0,239.5,1440.0,-51.5,0.446759,fail_lower,0.553241,-0.106481,overlap,0.0,1.106588
cntvaluein3_locked_only,skew,signed_dqs_minus_dq_bit__idelay_cntvaluein_skew__lane0__dq5__ctrl_1__dqs_vs_dq_bit__value_ps,signed_dqs_minus_dq_bit,idelay_cntvaluein_skew,lane0,dq5,1,dqs_vs_dq_bit,27,16,-681.0,153.0,980.0,-154.0,193.5,1298.0,40.5,0.553241,fail_higher,0.553241,0.106481,overlap,0.0,1.106588
cntvaluein3_locked_only,direct,direct_max__idelay_data_cntvaluein__lane0__dq5__ctrl_4__endpoint__value_ps,direct_max,idelay_data_cntvaluein,lane0,dq5,4,endpoint,27,16,824.0,1388.0,2246.0,787.0,1376.0,1901.0,-12.0,0.447917,fail_lower,0.552083,-0.104167,overlap,0.0,1.082532
cntvaluein3_locked_only,direct,direct_max__idelay_data_cntvaluein__lane1__dq10__ctrl_4__endpoint__value_ps,direct_max,idelay_data_cntvaluein,lane1,dq10,4,endpoint,27,16,651.0,1258.0,1988.0,592.0,1256.0,1745.0,-2.0,0.447917,fail_lower,0.552083,-0.104167,overlap,0.0,1.082532
cntvaluein3_locked_only,direct,direct_max__idelay_ld__lane1__dq12__ctrl_none__endpoint__value_ps,direct_max,idelay_ld,lane1,dq12,,endpoint,27,16,1044.0,1409.0,1707.0,999.0,1353.0,1677.0,-56.0,0.449074,fail_lower,0.550926,-0.101852,overlap,0.0,1.058475
cntvaluein3_locked_only,skew,abs_dqs_minus_dq_bit__idelay_cntvaluein_skew__lane0__dq5__ctrl_3__dqs_vs_dq_bit__value_ps,abs_dqs_minus_dq_bit,idelay_cntvaluein_skew,lane0,dq5,3,dqs_vs_dq_bit,27,16,36.0,268.0,685.0,60.0,317.5,1100.0,49.5,0.550926,fail_higher,0.550926,0.101852,overlap,0.0,1.058475
cntvaluein3_locked_only,skew,signed_dqs_minus_dq_bit__idelay_cntvaluein_skew__lane0__dq3__ctrl_3__dqs_vs_dq_bit__value_ps,signed_dqs_minus_dq_bit,idelay_cntvaluein_skew,lane0,dq3,3,dqs_vs_dq_bit,27,16,-519.0,147.0,776.0,-312.0,170.5,1246.0,23.5,0.550926,fail_higher,0.550926,0.101852,overlap,0.0,1.058475
cntvaluein3_locked_only,skew,signed_lane1_minus_lane0_dqs__idelay_cntvaluein_skew__all__no_bit__ctrl_2__lane1_vs_lane0_dqs__value_ps,signed_lane1_minus_lane0_dqs,idelay_cntvaluein_skew,all,,2,lane1_vs_lane0_dqs,27,16,-450.0,-261.0,92.0,-488.0,-272.0,107.0,-11.0,0.449074,fail_lower,0.550926,-0.101852,overlap,0.0,1.058475
cntvaluein3_locked_only,skew,abs_ld_minus_cntvaluein_dq_median__idelay_ld_cntvaluein_skew__lane0__no_bit__ctrl_4__ld_vs_cntvaluein_dq_lane__value_ps,abs_ld_minus_cntvaluein_dq_median,idelay_ld_cntvaluein_skew,lane0,,4,ld_vs_cntvaluein_dq_lane,27,16,75.5,244.5,631.5,35.5,255.0,904.0,10.5,0.449074,fail_lower,0.550926,-0.101852,overlap,0.0,1.058475
cntvaluein3_locked_only,skew,signed_dqs_minus_dq_bit__idelay_cntvaluein_skew__lane1__dq10__ctrl_4__dqs_vs_dq_bit__value_ps,signed_dqs_minus_dq_bit,idelay_cntvaluein_skew,lane1,dq10,4,dqs_vs_dq_bit,27,16,-612.0,-158.0,862.0,-401.0,19.5,564.0,177.5,0.549769,fail_higher,0.549769,0.099537,overlap,0.0,1.034419
cntvaluein3_locked_only,skew,signed_dqs_minus_dq_median__idelay_cntvaluein_skew__lane1__dqs1__ctrl_4__dqs_vs_dq_lane__value_ps,signed_dqs_minus_dq_median,idelay_cntvaluein_skew,lane1,dqs1,4,dqs_vs_dq_lane,27,16,-536.5,-91.0,836.5,-357.5,85.25,594.5,176.25,0.549769,fail_higher,0.549769,0.099537,overlap,0.0,1.034419
cntvaluein3_locked_only,direct,direct_max__dqs_iologic__lane0__dqs0__ctrl_none__endpoint__value_ps,direct_max,dqs_iologic,lane0,dqs0,,endpoint,27,16,1921.0,2970.0,4125.0,2339.0,3062.5,4289.0,92.5,0.548611,fail_higher,0.548611,0.097222,overlap,0.0,1.010363
cntvaluein3_locked_only,direct,lane_spread__dqs_iologic__lane0__no_bit__ctrl_none__lane__value_ps,lane_spread,dqs_iologic,lane0,,,lane,27,16,1921.0,2970.0,4125.0,2339.0,3062.5,4289.0,92.5,0.548611,fail_higher,0.548611,0.097222,overlap,0.0,1.010363
cntvaluein3_locked_only,direct,direct_max__idelay_data_cntvaluein__lane1__dq15__ctrl_1__endpoint__value_ps,direct_max,idelay_data_cntvaluein,lane1,dq15,1,endpoint,27,16,416.0,1082.0,1664.0,407.0,1001.0,1626.0,-81.0,0.451389,fail_lower,0.548611,-0.097222,overlap,0.0,1.010363
cntvaluein3_locked_only,skew,signed_dqs_minus_dq_bit__idelay_cntvaluein_skew__lane1__dq12__ctrl_3__dqs_vs_dq_bit__value_ps,signed_dqs_minus_dq_bit,idelay_cntvaluein_skew,lane1,dq12,3,dqs_vs_dq_bit,27,16,-693.0,-100.0,714.0,-464.0,-91.0,855.0,9.0,0.548611,fail_higher,0.548611,0.097222,overlap,0.0,1.010363
cntvaluein3_locked_only,direct,cntvaluein_bus_skew__idelay_data_cntvaluein__lane1__dq9__ctrl_none__dq9__value_ps,cntvaluein_bus_skew,idelay_data_cntvaluein,lane1,dq9,,dq9,27,16,225.0,700.0,1529.0,276.0,693.5,1042.0,-6.5,0.451389,fail_lower,0.548611,-0.097222,overlap,0.0,1.010363
cntvaluein3_locked_only,skew,abs_ld_minus_cntvaluein_dqs__idelay_ld_cntvaluein_skew__lane1__dqs1__ctrl_2__ld_vs_cntvaluein_dqs__value_ps,abs_ld_minus_cntvaluein_dqs,idelay_ld_cntvaluein_skew,lane1,dqs1,2,ld_vs_cntvaluein_dqs,27,16,3.0,240.0,837.0,89.0,245.5,910.0,5.5,0.548611,fail_higher,0.548611,0.097222,overlap,0.0,1.010363
cntvaluein3_locked_only,direct,direct_max__idelay_data_cntvaluein__lane1__dq13__ctrl_4__endpoint__value_ps,direct_max,idelay_data_cntvaluein,lane1,dq13,4,endpoint,27,16,541.0,1001.0,1907.0,451.0,1184.5,1741.0,183.5,0.452546,fail_lower,0.547454,-0.094907,overlap,0.0,0.986307
cntvaluein3_locked_only,direct,direct_max__dq_iologic__lane0__dq3__ctrl_none__endpoint__value_ps,direct_max,dq_iologic,lane0,dq3,,endpoint,27,16,1973.0,2453.0,3448.0,2085.0,2437.0,3249.0,-16.0,0.452546,fail_lower,0.547454,-0.094907,overlap,0.0,0.986307
cntvaluein3_locked_only,skew,signed_dqs_minus_dq_bit__idelay_cntvaluein_skew__lane1__dq15__ctrl_4__dqs_vs_dq_bit__value_ps,signed_dqs_minus_dq_bit,idelay_cntvaluein_skew,lane1,dq15,4,dqs_vs_dq_bit,27,16,-717.0,140.0,1044.0,-234.0,296.5,736.0,156.5,0.546296,fail_higher,0.546296,0.092593,overlap,0.0,0.96225
cntvaluein3_locked_only,skew,signed_dqs_minus_dq_bit__idelay_cntvaluein_skew__lane0__dq3__ctrl_1__dqs_vs_dq_bit__value_ps,signed_dqs_minus_dq_bit,idelay_cntvaluein_skew,lane0,dq3,1,dqs_vs_dq_bit,27,16,-671.0,169.0,1048.0,-239.0,278.5,1382.0,109.5,0.546296,fail_higher,0.546296,0.092593,overlap,0.0,0.96225
cntvaluein3_locked_only,skew,signed_dqs_minus_dq_bit__idelay_cntvaluein_skew__lane1__dq9__ctrl_0__dqs_vs_dq_bit__value_ps,signed_dqs_minus_dq_bit,idelay_cntvaluein_skew,lane1,dq9,0,dqs_vs_dq_bit,27,16,-537.0,105.0,1127.0,-468.0,86.0,801.0,-19.0,0.453704,fail_lower,0.546296,-0.092593,overlap,0.0,0.96225
cntvaluein3_locked_only,skew,signed_dqs_minus_dq_median__idelay_cntvaluein_skew__lane1__dqs1__ctrl_3__dqs_vs_dq_lane__value_ps,signed_dqs_minus_dq_median,idelay_cntvaluein_skew,lane1,dqs1,3,dqs_vs_dq_lane,27,16,-545.5,6.0,631.5,-349.5,-9.5,809.0,-15.5,0.546296,fail_higher,0.546296,0.092593,overlap,0.0,0.96225
cntvaluein3_locked_only,skew,signed_dqs_minus_dq_bit__idelay_cntvaluein_skew__lane0__dq5__ctrl_4__dqs_vs_dq_bit__value_ps,signed_dqs_minus_dq_bit,idelay_cntvaluein_skew,lane0,dq5,4,dqs_vs_dq_bit,27,16,-595.0,47.0,1021.0,-408.0,173.0,536.0,126.0,0.545139,fail_higher,0.545139,0.090278,overlap,0.0,0.938194
cntvaluein3_locked_only,skew,abs_ld_minus_cntvaluein_dqs__idelay_ld_cntvaluein_skew__lane1__dqs1__ctrl_1__ld_vs_cntvaluein_dqs__value_ps,abs_ld_minus_cntvaluein_dqs,idelay_ld_cntvaluein_skew,lane1,dqs1,1,ld_vs_cntvaluein_dqs,27,16,31.0,319.0,969.0,46.0,229.5,915.0,-89.5,0.454861,fail_lower,0.545139,-0.090278,overlap,0.0,0.938194
cntvaluein3_locked_only,direct,direct_max__idelay_data_cntvaluein__lane0__dq0__ctrl_4__endpoint__value_ps,direct_max,idelay_data_cntvaluein,lane0,dq0,4,endpoint,27,16,875.0,1378.0,2183.0,870.0,1431.5,1980.0,53.5,0.454861,fail_lower,0.545139,-0.090278,overlap,0.0,0.938194
cntvaluein3_locked_only,direct,direct_max__idelay_data_cntvaluein__lane0__dq1__ctrl_0__endpoint__value_ps,direct_max,idelay_data_cntvaluein,lane0,dq1,0,endpoint,27,16,930.0,1368.0,2150.0,873.0,1406.5,2193.0,38.5,0.545139,fail_higher,0.545139,0.090278,overlap,0.0,0.938194
cntvaluein3_locked_only,direct,direct_max__idelay_data_cntvaluein__lane1__dq10__ctrl_3__endpoint__value_ps,direct_max,idelay_data_cntvaluein,lane1,dq10,3,endpoint,27,16,1271.0,1748.0,2249.0,1241.0,1715.0,2061.0,-33.0,0.454861,fail_lower,0.545139,-0.090278,overlap,0.0,0.938194
cntvaluein3_locked_only,direct,direct_max__idelay_dqs_cntvaluein__lane1__dqs1__ctrl_4__endpoint__value_ps,direct_max,idelay_dqs_cntvaluein,lane1,dqs1,4,endpoint,27,16,612.0,1366.0,1748.0,580.0,1195.0,1774.0,-171.0,0.456019,fail_lower,0.543981,-0.087963,overlap,0.0,0.914138
cntvaluein3_locked_only,skew,signed_dqs_minus_dq_bit__idelay_cntvaluein_skew__lane0__dq3__ctrl_4__dqs_vs_dq_bit__value_ps,signed_dqs_minus_dq_bit,idelay_cntvaluein_skew,lane0,dq3,4,dqs_vs_dq_bit,27,16,-684.0,38.0,1036.0,-321.0,176.5,599.0,138.5,0.543981,fail_higher,0.543981,0.087963,overlap,0.0,0.914138
cntvaluein3_locked_only,direct,direct_max__idelay_data_cntvaluein__lane0__dq0__ctrl_2__endpoint__value_ps,direct_max,idelay_data_cntvaluein,lane0,dq0,2,endpoint,27,16,919.0,1251.0,2128.0,962.0,1347.5,2154.0,96.5,0.543981,fail_higher,0.543981,0.087963,overlap,0.0,0.914138
cntvaluein3_locked_only,skew,signed_ld_minus_cntvaluein_dqs__idelay_ld_cntvaluein_skew__lane1__dqs1__ctrl_1__ld_vs_cntvaluein_dqs__value_ps,signed_ld_minus_cntvaluein_dqs,idelay_ld_cntvaluein_skew,lane1,dqs1,1,ld_vs_cntvaluein_dqs,27,16,-755.0,-35.0,969.0,-740.0,-108.0,915.0,-73.0,0.456019,fail_lower,0.543981,-0.087963,overlap,0.0,0.914138
cntvaluein3_locked_only,direct,direct_max__idelay_data_cntvaluein__lane0__dq7__ctrl_4__endpoint__value_ps,direct_max,idelay_data_cntvaluein,lane0,dq7,4,endpoint,27,16,1120.0,1575.0,2450.0,991.0,1646.0,2115.0,71.0,0.456019,fail_lower,0.543981,-0.087963,overlap,0.0,0.914138
cntvaluein3_locked_only,skew,abs_dqs_minus_dq_bit__idelay_cntvaluein_skew__lane1__dq15__ctrl_4__dqs_vs_dq_bit__value_ps,abs_dqs_minus_dq_bit,idelay_cntvaluein_skew,lane1,dq15,4,dqs_vs_dq_bit,27,16,34.0,355.0,1044.0,6.0,296.5,736.0,-58.5,0.456019,fail_lower,0.543981,-0.087963,overlap,0.0,0.914138
cntvaluein3_locked_only,direct,direct_max__idelay_data_cntvaluein__lane1__dq11__ctrl_4__endpoint__value_ps,direct_max,idelay_data_cntvaluein,lane1,dq11,4,endpoint,27,16,575.0,1042.0,1820.0,556.0,1097.0,1656.0,55.0,0.456019,fail_lower,0.543981,-0.087963,overlap,0.0,0.914138
cntvaluein3_locked_only,skew,abs_dqs_bus_skew_minus_dq_median__idelay_cntvaluein_skew__lane1__dqs1__ctrl_none__dqs_vs_dq_bus_skew__value_ps,abs_dqs_bus_skew_minus_dq_median,idelay_cntvaluein_skew,lane1,dqs1,,dqs_vs_dq_bus_skew,27,16,2.5,249.5,955.0,1.5,206.0,717.0,-43.5,0.456019,fail_lower,0.543981,-0.087963,overlap,0.0,0.914138
cntvaluein3_locked_only,skew,signed_dqs_minus_dq_bit__idelay_cntvaluein_skew__lane0__dq2__ctrl_4__dqs_vs_dq_bit__value_ps,signed_dqs_minus_dq_bit,idelay_cntvaluein_skew,lane0,dq2,4,dqs_vs_dq_bit,27,16,-1041.0,-28.0,1004.0,-561.0,3.5,652.0,31.5,0.543981,fail_higher,0.543981,0.087963,overlap,0.0,0.914138
cntvaluein3_locked_only,skew,signed_dqs_minus_dq_bit__idelay_cntvaluein_skew__lane1__dq15__ctrl_3__dqs_vs_dq_bit__value_ps,signed_dqs_minus_dq_bit,idelay_cntvaluein_skew,lane1,dq15,3,dqs_vs_dq_bit,27,16,-484.0,159.0,829.0,-158.0,186.5,940.0,27.5,0.543981,fail_higher,0.543981,0.087963,overlap,0.0,0.914138
cntvaluein3_locked_only,skew,abs_lane1_minus_lane0_dqs__idelay_cntvaluein_skew__all__no_bit__ctrl_1__lane1_vs_lane0_dqs__value_ps,abs_lane1_minus_lane0_dqs,idelay_cntvaluein_skew,all,,1,lane1_vs_lane0_dqs,27,16,2.0,275.0,523.0,15.0,285.5,420.0,10.5,0.543981,fail_higher,0.543981,0.087963,overlap,0.0,0.914138
cntvaluein3_locked_only,skew,signed_dqs_minus_dq_bit__idelay_cntvaluein_skew__lane1__dq11__ctrl_4__dqs_vs_dq_bit__value_ps,signed_dqs_minus_dq_bit,idelay_cntvaluein_skew,lane1,dq11,4,dqs_vs_dq_bit,27,16,-580.0,-5.0,913.0,-308.0,129.5,649.0,134.5,0.542824,fail_higher,0.542824,0.085648,overlap,0.0,0.890082
cntvaluein3_locked_only,direct,direct_max__idelay_data_cntvaluein__lane0__dq4__ctrl_1__endpoint__value_ps,direct_max,idelay_data_cntvaluein,lane0,dq4,1,endpoint,27,16,939.0,1518.0,2510.0,939.0,1393.5,2138.0,-124.5,0.457176,fail_lower,0.542824,-0.085648,overlap,0.0,0.890082
cntvaluein3_locked_only,skew,abs_dqs_minus_dq_bit__idelay_cntvaluein_skew__lane1__dq15__ctrl_3__dqs_vs_dq_bit__value_ps,abs_dqs_minus_dq_bit,idelay_cntvaluein_skew,lane1,dq15,3,dqs_vs_dq_bit,27,16,11.0,275.0,829.0,35.0,190.0,940.0,-85.0,0.458333,fail_lower,0.541667,-0.083333,overlap,0.0,0.866025
cntvaluein3_locked_only,skew,abs_dqs_minus_dq_bit__idelay_cntvaluein_skew__lane1__dq9__ctrl_0__dqs_vs_dq_bit__value_ps,abs_dqs_minus_dq_bit,idelay_cntvaluein_skew,lane1,dq9,0,dqs_vs_dq_bit,27,16,31.0,217.0,1127.0,20.0,136.5,801.0,-80.5,0.458333,fail_lower,0.541667,-0.083333,overlap,0.0,0.866025
cntvaluein3_locked_only,skew,abs_dqs_minus_dq_median__idelay_cntvaluein_skew__lane1__dqs1__ctrl_0__dqs_vs_dq_lane__value_ps,abs_dqs_minus_dq_median,idelay_cntvaluein_skew,lane1,dqs1,0,dqs_vs_dq_lane,27,16,0.5,232.5,1021.5,35.0,205.0,834.5,-27.5,0.458333,fail_lower,0.541667,-0.083333,overlap,0.0,0.866025
cntvaluein3_locked_only,skew,signed_dqs_minus_dq_median__idelay_cntvaluein_skew__lane0__dqs0__ctrl_4__dqs_vs_dq_lane__value_ps,signed_dqs_minus_dq_median,idelay_cntvaluein_skew,lane0,dqs0,4,dqs_vs_dq_lane,27,16,-906.0,-72.5,1006.0,-470.0,-70.25,623.0,2.25,0.541667,fail_higher,0.541667,0.083333,overlap,0.0,0.866025
cntvaluein3_locked_only,direct,direct_max__dqs_iologic__lane1__dqs1__ctrl_none__endpoint__value_ps,direct_max,dqs_iologic,lane1,dqs1,,endpoint,27,16,1873.0,2740.0,3734.0,1950.0,2655.0,3900.0,-85.0,0.540509,fail_higher,0.540509,0.081019,overlap,0.0,0.841969
cntvaluein3_locked_only,direct,lane_spread__dqs_iologic__lane1__no_bit__ctrl_none__lane__value_ps,lane_spread,dqs_iologic,lane1,,,lane,27,16,1873.0,2740.0,3734.0,1950.0,2655.0,3900.0,-85.0,0.540509,fail_higher,0.540509,0.081019,overlap,0.0,0.841969
cntvaluein3_locked_only,direct,direct_max__dq_iologic__lane1__dq10__ctrl_none__endpoint__value_ps,direct_max,dq_iologic,lane1,dq10,,endpoint,27,16,1575.0,2328.0,2954.0,1636.0,2361.5,3108.0,33.5,0.540509,fail_higher,0.540509,0.081019,overlap,0.0,0.841969
cntvaluein3_locked_only,direct,direct_max__idelay_data_cntvaluein__lane0__dq2__ctrl_0__endpoint__value_ps,direct_max,idelay_data_cntvaluein,lane0,dq2,0,endpoint,27,16,805.0,1463.0,2244.0,769.0,1484.0,2288.0,21.0,0.540509,fail_higher,0.540509,0.081019,overlap,0.0,0.841969
cntvaluein3_locked_only,skew,signed_ld_minus_cntvaluein_dqs__idelay_ld_cntvaluein_skew__lane0__dqs0__ctrl_4__ld_vs_cntvaluein_dqs__value_ps,signed_ld_minus_cntvaluein_dqs,idelay_ld_cntvaluein_skew,lane0,dqs0,4,ld_vs_cntvaluein_dqs,27,16,-815.0,-170.0,661.0,-1135.0,-7.0,653.0,163.0,0.539352,fail_higher,0.539352,0.078704,overlap,0.0,0.817913
cntvaluein3_locked_only,direct,cntvaluein_bus_skew__idelay_data_cntvaluein__lane1__dq11__ctrl_none__dq11__value_ps,cntvaluein_bus_skew,idelay_data_cntvaluein,lane1,dq11,,dq11,27,16,202.0,787.0,1391.0,317.0,643.0,1190.0,-144.0,0.460648,fail_lower,0.539352,-0.078704,overlap,0.0,0.817913
cntvaluein3_locked_only,skew,signed_ld_minus_cntvaluein_dqs__idelay_ld_cntvaluein_skew__lane0__dqs0__ctrl_1__ld_vs_cntvaluein_dqs__value_ps,signed_ld_minus_cntvaluein_dqs,idelay_ld_cntvaluein_skew,lane0,dqs0,1,ld_vs_cntvaluein_dqs,27,16,-867.0,-76.0,707.0,-1230.0,41.0,765.0,117.0,0.539352,fail_higher,0.539352,0.078704,overlap,0.0,0.817913
cntvaluein3_locked_only,skew,signed_dqs_minus_dq_bit__idelay_cntvaluein_skew__lane0__dq6__ctrl_2__dqs_vs_dq_bit__value_ps,signed_dqs_minus_dq_bit,idelay_cntvaluein_skew,lane0,dq6,2,dqs_vs_dq_bit,27,16,-938.0,50.0,906.0,-982.0,-52.0,592.0,-102.0,0.460648,fail_lower,0.539352,-0.078704,overlap,0.0,0.817913
cntvaluein3_locked_only,skew,abs_dqs_minus_dq_median__idelay_cntvaluein_skew__lane0__dqs0__ctrl_0__dqs_vs_dq_lane__value_ps,abs_dqs_minus_dq_median,idelay_cntvaluein_skew,lane0,dqs0,0,dqs_vs_dq_lane,27,16,12.5,340.5,1469.5,29.0,243.25,786.5,-97.25,0.460648,fail_lower,0.539352,-0.078704,overlap,0.0,0.817913
cntvaluein3_locked_only,direct,direct_max__dq_iologic__lane0__dq2__ctrl_none__endpoint__value_ps,direct_max,dq_iologic,lane0,dq2,,endpoint,27,16,1661.0,2158.0,3233.0,1725.0,2092.5,3285.0,-65.5,0.539352,fail_higher,0.539352,0.078704,overlap,0.0,0.817913
cntvaluein3_locked_only,skew,abs_dqs_minus_dq_median__iologic_skew__lane1__dqs1__ctrl_none__dqs_vs_dq_lane__value_ps,abs_dqs_minus_dq_median,iologic_skew,lane1,dqs1,,dqs_vs_dq_lane,27,16,75.5,546.5,1593.5,10.5,484.75,1322.5,-61.75,0.460648,fail_lower,0.539352,-0.078704,overlap,0.0,0.817913
cntvaluein3_locked_only,skew,signed_ld_minus_cntvaluein_dqs__idelay_ld_cntvaluein_skew__lane1__dqs1__ctrl_4__ld_vs_cntvaluein_dqs__value_ps,signed_ld_minus_cntvaluein_dqs,idelay_ld_cntvaluein_skew,lane1,dqs1,4,ld_vs_cntvaluein_dqs,27,16,-665.0,11.0,640.0,-551.0,-9.0,898.0,-20.0,0.460648,fail_lower,0.539352,-0.078704,overlap,0.0,0.817913
cntvaluein3_locked_only,skew,signed_dqs_minus_dq_bit__idelay_cntvaluein_skew__lane1__dq8__ctrl_3__dqs_vs_dq_bit__value_ps,signed_dqs_minus_dq_bit,idelay_cntvaluein_skew,lane1,dq8,3,dqs_vs_dq_bit,27,16,-875.0,-192.0,725.0,-625.0,-153.0,855.0,39.0,0.538194,fail_higher,0.538194,0.076389,overlap,0.0,0.793857
cntvaluein3_locked_only,skew,signed_dqs_minus_dq_bit__idelay_cntvaluein_skew__lane0__dq5__ctrl_3__dqs_vs_dq_bit__value_ps,signed_dqs_minus_dq_bit,idelay_cntvaluein_skew,lane0,dq5,3,dqs_vs_dq_bit,27,16,-550.0,135.0,685.0,-342.0,169.5,1100.0,34.5,0.538194,fail_higher,0.538194,0.076389,overlap,0.0,0.793857
cntvaluein3_locked_only,direct,direct_max__idelay_data_cntvaluein__lane1__dq11__ctrl_1__endpoint__value_ps,direct_max,idelay_data_cntvaluein,lane1,dq11,1,endpoint,27,16,407.0,1111.0,1850.0,451.0,1178.0,1651.0,67.0,0.462963,fail_lower,0.537037,-0.074074,overlap,0.0,0.7698
cntvaluein3_locked_only,direct,direct_max__idelay_dqs_cntvaluein__lane0__dqs0__ctrl_1__endpoint__value_ps,direct_max,idelay_dqs_cntvaluein,lane0,dqs0,1,endpoint,27,16,768.0,1544.0,2049.0,864.0,1490.5,2289.0,-53.5,0.462963,fail_lower,0.537037,-0.074074,overlap,0.0,0.7698
cntvaluein3_locked_only,skew,signed_ld_minus_cntvaluein_dq_median__idelay_ld_cntvaluein_skew__lane1__no_bit__ctrl_1__ld_vs_cntvaluein_dq_lane__value_ps,signed_ld_minus_cntvaluein_dq_median,idelay_ld_cntvaluein_skew,lane1,,1,ld_vs_cntvaluein_dq_lane,27,16,-626.5,175.5,732.0,-413.5,222.0,720.5,46.5,0.537037,fail_higher,0.537037,0.074074,overlap,0.0,0.7698
cntvaluein3_locked_only,skew,signed_ld_minus_cntvaluein_dq_median__idelay_ld_cntvaluein_skew__lane1__no_bit__ctrl_4__ld_vs_cntvaluein_dq_lane__value_ps,signed_ld_minus_cntvaluein_dq_median,idelay_ld_cntvaluein_skew,lane1,,4,ld_vs_cntvaluein_dq_lane,27,16,-606.0,206.5,648.0,-385.5,163.75,761.0,-42.75,0.537037,fail_higher,0.537037,0.074074,overlap,0.0,0.7698
cntvaluein3_locked_only,skew,signed_dqs_minus_dq_bit__idelay_cntvaluein_skew__lane1__dq13__ctrl_4__dqs_vs_dq_bit__value_ps,signed_dqs_minus_dq_bit,idelay_cntvaluein_skew,lane1,dq13,4,dqs_vs_dq_bit,27,16,-669.0,71.0,825.0,-396.0,86.0,703.0,15.0,0.537037,fail_higher,0.537037,0.074074,overlap,0.0,0.7698
cntvaluein3_locked_only,skew,abs_dqs_minus_dq_median__idelay_cntvaluein_skew__lane0__dqs0__ctrl_3__dqs_vs_dq_lane__value_ps,abs_dqs_minus_dq_median,idelay_cntvaluein_skew,lane0,dqs0,3,dqs_vs_dq_lane,27,16,9.0,286.0,674.5,35.5,195.75,1132.0,-90.25,0.53588,fail_higher,0.53588,0.071759,overlap,0.0,0.745744
cntvaluein3_locked_only,direct,direct_max__idelay_data_cntvaluein__lane0__dq6__ctrl_0__endpoint__value_ps,direct_max,idelay_data_cntvaluein,lane0,dq6,0,endpoint,27,16,802.0,1463.0,2339.0,907.0,1522.5,2382.0,59.5,0.53588,fail_higher,0.53588,0.071759,overlap,0.0,0.745744
cntvaluein3_locked_only,direct,lane_spread__dq_iologic__lane0__no_bit__ctrl_none__lane__value_ps,lane_spread,dq_iologic,lane0,,,lane,27,16,2349.0,2696.0,3448.0,2270.0,2620.0,3447.0,-76.0,0.465278,fail_lower,0.534722,-0.069444,overlap,0.0,0.721688
cntvaluein3_locked_only,direct,direct_max__idelay_data_cntvaluein__lane0__dq0__ctrl_0__endpoint__value_ps,direct_max,idelay_data_cntvaluein,lane0,dq0,0,endpoint,27,16,870.0,1309.0,2062.0,788.0,1359.5,2105.0,50.5,0.534722,fail_higher,0.534722,0.069444,overlap,0.0,0.721688
cntvaluein3_locked_only,skew,signed_ld_minus_cntvaluein_dq_median__idelay_ld_cntvaluein_skew__lane0__no_bit__ctrl_2__ld_vs_cntvaluein_dq_lane__value_ps,signed_ld_minus_cntvaluein_dq_median,idelay_ld_cntvaluein_skew,lane0,,2,ld_vs_cntvaluein_dq_lane,27,16,-470.0,66.5,713.0,-1017.0,82.5,546.5,16.0,0.465278,fail_lower,0.534722,-0.069444,overlap,0.0,0.721688
cntvaluein3_locked_only,direct,direct_max__idelay_ld__lane0__dq7__ctrl_none__endpoint__value_ps,direct_max,idelay_ld,lane0,dq7,,endpoint,27,16,1207.0,1557.0,2058.0,1223.0,1549.5,2015.0,-7.5,0.465278,fail_lower,0.534722,-0.069444,overlap,0.0,0.721688
cntvaluein3_locked_only,direct,direct_max__idelay_data_cntvaluein__lane0__dq4__ctrl_2__endpoint__value_ps,direct_max,idelay_data_cntvaluein,lane0,dq4,2,endpoint,27,16,921.0,1379.0,2151.0,994.0,1430.5,2158.0,51.5,0.532407,fail_higher,0.532407,0.064815,overlap,0.0,0.673575
cntvaluein3_locked_only,skew,signed_dqs_minus_dq_bit__idelay_cntvaluein_skew__lane1__dq9__ctrl_4__dqs_vs_dq_bit__value_ps,signed_dqs_minus_dq_bit,idelay_cntvaluein_skew,lane1,dq9,4,dqs_vs_dq_bit,27,16,-804.0,232.0,956.0,-229.0,267.5,650.0,35.5,0.532407,fail_higher,0.532407,0.064815,overlap,0.0,0.673575
cntvaluein3_locked_only,skew,signed_dqs_minus_dq_bit__idelay_cntvaluein_skew__lane1__dq14__ctrl_3__dqs_vs_dq_bit__value_ps,signed_dqs_minus_dq_bit,idelay_cntvaluein_skew,lane1,dq14,3,dqs_vs_dq_bit,27,16,-783.0,-109.0,630.0,-549.0,-97.0,763.0,12.0,0.532407,fail_higher,0.532407,0.064815,overlap,0.0,0.673575
cntvaluein3_locked_only,skew,abs_dqs_minus_dq_bit__idelay_cntvaluein_skew__lane0__dq0__ctrl_3__dqs_vs_dq_bit__value_ps,abs_dqs_minus_dq_bit,idelay_cntvaluein_skew,lane0,dq0,3,dqs_vs_dq_bit,27,16,10.0,339.0,646.0,28.0,275.5,1167.0,-63.5,0.53125,fail_higher,0.53125,0.0625,overlap,0.0,0.649519
cntvaluein3_locked_only,direct,lane_spread__idelay_ld__lane0__no_bit__ctrl_none__lane__value_ps,lane_spread,idelay_ld,lane0,,,lane,27,16,176.0,345.0,719.0,181.0,331.5,559.0,-13.5,0.46875,fail_lower,0.53125,-0.0625,overlap,0.0,0.649519
cntvaluein3_locked_only,direct,direct_max__idelay_data_cntvaluein__lane0__dq7__ctrl_1__endpoint__value_ps,direct_max,idelay_data_cntvaluein,lane0,dq7,1,endpoint,27,16,907.0,1527.0,2604.0,1031.0,1530.5,2177.0,3.5,0.46875,fail_lower,0.53125,-0.0625,overlap,0.0,0.649519
cntvaluein3_locked_only,skew,signed_dqs_minus_dq_bit__idelay_cntvaluein_skew__lane0__dq7__ctrl_2__dqs_vs_dq_bit__value_ps,signed_dqs_minus_dq_bit,idelay_cntvaluein_skew,lane0,dq7,2,dqs_vs_dq_bit,27,16,-882.0,23.0,835.0,-981.0,-117.0,668.0,-140.0,0.469907,fail_lower,0.530093,-0.060185,overlap,0.0,0.625463
cntvaluein3_locked_only,direct,direct_max__dq_iologic__lane1__dq13__ctrl_none__endpoint__value_ps,direct_max,dq_iologic,lane1,dq13,,endpoint,27,16,1886.0,2265.0,2851.0,1863.0,2183.0,3003.0,-82.0,0.469907,fail_lower,0.530093,-0.060185,overlap,0.0,0.625463
cntvaluein3_locked_only,skew,abs_ld_minus_cntvaluein_dq_median__idelay_ld_cntvaluein_skew__lane1__no_bit__ctrl_0__ld_vs_cntvaluein_dq_lane__value_ps,abs_ld_minus_cntvaluein_dq_median,idelay_ld_cntvaluein_skew,lane1,,0,ld_vs_cntvaluein_dq_lane,27,16,13.5,289.0,796.0,21.0,239.75,754.5,-49.25,0.469907,fail_lower,0.530093,-0.060185,overlap,0.0,0.625463
cntvaluein3_locked_only,direct,direct_max__dq_iologic__lane1__dq9__ctrl_none__endpoint__value_ps,direct_max,dq_iologic,lane1,dq9,,endpoint,27,16,1861.0,2209.0,3151.0,1758.0,2239.5,2895.0,30.5,0.469907,fail_lower,0.530093,-0.060185,overlap,0.0,0.625463
cntvaluein3_locked_only,skew,signed_dqs_minus_dq_bit__idelay_cntvaluein_skew__lane0__dq2__ctrl_1__dqs_vs_dq_bit__value_ps,signed_dqs_minus_dq_bit,idelay_cntvaluein_skew,lane0,dq2,1,dqs_vs_dq_bit,27,16,-1181.0,-16.0,1048.0,-470.0,-42.0,993.0,-26.0,0.530093,fail_higher,0.530093,0.060185,overlap,0.0,0.625463
cntvaluein3_locked_only,direct,direct_max__idelay_data_cntvaluein__lane0__dq1__ctrl_4__endpoint__value_ps,direct_max,idelay_data_cntvaluein,lane0,dq1,4,endpoint,27,16,957.0,1465.0,2196.0,788.0,1489.0,2065.0,24.0,0.469907,fail_lower,0.530093,-0.060185,overlap,0.0,0.625463
cntvaluein3_locked_only,skew,signed_dqs_minus_dq_bit__idelay_cntvaluein_skew__lane1__dq11__ctrl_1__dqs_vs_dq_bit__value_ps,signed_dqs_minus_dq_bit,idelay_cntvaluein_skew,lane1,dq11,1,dqs_vs_dq_bit,27,16,-954.0,97.0,1348.0,-112.0,75.0,1216.0,-22.0,0.530093,fail_higher,0.530093,0.060185,overlap,0.0,0.625463
cntvaluein3_locked_only,skew,signed_lane1_minus_lane0_dqs__idelay_cntvaluein_skew__all__no_bit__ctrl_1__lane1_vs_lane0_dqs__value_ps,signed_lane1_minus_lane0_dqs,idelay_cntvaluein_skew,all,,1,lane1_vs_lane0_dqs,27,16,-523.0,-275.0,18.0,-420.0,-285.5,161.0,-10.5,0.469907,fail_lower,0.530093,-0.060185,overlap,0.0,0.625463
cntvaluein3_locked_only,direct,direct_max__idelay_data_cntvaluein__lane0__dq7__ctrl_2__endpoint__value_ps,direct_max,idelay_data_cntvaluein,lane0,dq7,2,endpoint,27,16,981.0,1350.0,2243.0,930.0,1359.0,2252.0,9.0,0.469907,fail_lower,0.530093,-0.060185,overlap,0.0,0.625463
cntvaluein3_locked_only,direct,control_fanout_spread__idelay_data_cntvaluein__lane0__no_bit__ctrl_1__lane_control_bit__value_ps,control_fanout_spread,idelay_data_cntvaluein,lane0,,1,lane_control_bit,27,16,173.0,356.0,624.0,176.0,368.5,658.0,12.5,0.528935,fail_higher,0.528935,0.05787,overlap,0.0,0.601407
cntvaluein3_locked_only,skew,dq_lane_range__idelay_cntvaluein_skew__lane0__no_bit__ctrl_1__dq_lane__value_ps,dq_lane_range,idelay_cntvaluein_skew,lane0,,1,dq_lane,27,16,173.0,356.0,624.0,176.0,368.5,658.0,12.5,0.528935,fail_higher,0.528935,0.05787,overlap,0.0,0.601407
cntvaluein3_locked_only,skew,signed_dqs_minus_dq_bit__idelay_cntvaluein_skew__lane0__dq6__ctrl_1__dqs_vs_dq_bit__value_ps,signed_dqs_minus_dq_bit,idelay_cntvaluein_skew,lane0,dq6,1,dqs_vs_dq_bit,27,16,-1275.0,8.0,1041.0,-451.0,-40.5,1036.0,-48.5,0.527778,fail_higher,0.527778,0.055556,overlap,0.0,0.57735
cntvaluein3_locked_only,direct,direct_max__idelay_dqs_cntvaluein__lane1__dqs1__ctrl_1__endpoint__value_ps,direct_max,idelay_dqs_cntvaluein,lane1,dqs1,1,endpoint,27,16,549.0,1350.0,1797.0,639.0,1310.5,1891.0,-39.5,0.472222,fail_lower,0.527778,-0.055556,overlap,0.0,0.57735
cntvaluein3_locked_only,skew,signed_dqs_minus_dq_bit__idelay_cntvaluein_skew__lane0__dq4__ctrl_1__dqs_vs_dq_bit__value_ps,signed_dqs_minus_dq_bit,idelay_cntvaluein_skew,lane0,dq4,1,dqs_vs_dq_bit,27,16,-1180.0,-33.0,968.0,-467.0,-64.5,965.0,-31.5,0.527778,fail_higher,0.527778,0.055556,overlap,0.0,0.57735
cntvaluein3_locked_only,direct,control_fanout_spread__idelay_data_cntvaluein__lane1__no_bit__ctrl_1__lane_control_bit__value_ps,control_fanout_spread,idelay_data_cntvaluein,lane1,,1,lane_control_bit,27,16,179.0,422.0,674.0,226.0,444.5,806.0,22.5,0.527778,fail_higher,0.527778,0.055556,overlap,0.0,0.57735
cntvaluein3_locked_only,skew,dq_lane_range__idelay_cntvaluein_skew__lane1__no_bit__ctrl_1__dq_lane__value_ps,dq_lane_range,idelay_cntvaluein_skew,lane1,,1,dq_lane,27,16,179.0,422.0,674.0,226.0,444.5,806.0,22.5,0.527778,fail_higher,0.527778,0.055556,overlap,0.0,0.57735
cntvaluein3_locked_only,direct,direct_max__idelay_data_cntvaluein__lane0__dq6__ctrl_2__endpoint__value_ps,direct_max,idelay_data_cntvaluein,lane0,dq6,2,endpoint,27,16,792.0,1424.0,2246.0,794.0,1438.0,2253.0,14.0,0.472222,fail_lower,0.527778,-0.055556,overlap,0.0,0.57735
cntvaluein3_locked_only,skew,signed_ld_minus_cntvaluein_dqs__idelay_ld_cntvaluein_skew__lane0__dqs0__ctrl_2__ld_vs_cntvaluein_dqs__value_ps,signed_ld_minus_cntvaluein_dqs,idelay_ld_cntvaluein_skew,lane0,dqs0,2,ld_vs_cntvaluein_dqs,27,16,-763.0,43.0,633.0,-855.0,47.5,974.0,4.5,0.527778,fail_higher,0.527778,0.055556,overlap,0.0,0.57735
cntvaluein3_locked_only,skew,abs_lane1_minus_lane0_dqs__idelay_cntvaluein_skew__all__no_bit__ctrl_0__lane1_vs_lane0_dqs__value_ps,abs_lane1_minus_lane0_dqs,idelay_cntvaluein_skew,all,,0,lane1_vs_lane0_dqs,27,16,97.0,278.0,684.0,31.0,280.0,671.0,2.0,0.527778,fail_higher,0.527778,0.055556,overlap,0.0,0.57735
cntvaluein3_locked_only,skew,abs_dqs_minus_dq_bit__idelay_cntvaluein_skew__lane0__dq5__ctrl_0__dqs_vs_dq_bit__value_ps,abs_dqs_minus_dq_bit,idelay_cntvaluein_skew,lane0,dq5,0,dqs_vs_dq_bit,27,16,5.0,260.0,983.0,74.0,259.5,873.0,-0.5,0.527778,fail_higher,0.527778,0.055556,overlap,0.0,0.57735
cntvaluein3_locked_only,direct,direct_max__idelayctrl__all__no_bit__ctrl_none__endpoint__value_ps,direct_max,idelayctrl,all,,,endpoint,27,16,1394.0,2625.0,2970.0,1488.0,2520.0,2951.0,-105.0,0.47338,fail_lower,0.52662,-0.053241,overlap,0.0,0.553294
cntvaluein3_locked_only,skew,abs_dqs_minus_dq_bit__idelay_cntvaluein_skew__lane0__dq3__ctrl_0__dqs_vs_dq_bit__value_ps,abs_dqs_minus_dq_bit,idelay_cntvaluein_skew,lane0,dq3,0,dqs_vs_dq_bit,27,16,0.0,339.0,982.0,0.0,244.5,785.0,-94.5,0.47338,fail_lower,0.52662,-0.053241,overlap,0.0,0.553294
cntvaluein3_locked_only,direct,direct_max__idelay_data_cntvaluein__lane1__dq9__ctrl_1__endpoint__value_ps,direct_max,idelay_data_cntvaluein,lane1,dq9,1,endpoint,27,16,423.0,1174.0,1754.0,499.0,1062.0,1718.0,-112.0,0.474537,fail_lower,0.525463,-0.050926,overlap,0.0,0.529238
cntvaluein3_locked_only,skew,signed_dqs_minus_dq_bit__idelay_cntvaluein_skew__lane0__dq7__ctrl_4__dqs_vs_dq_bit__value_ps,signed_dqs_minus_dq_bit,idelay_cntvaluein_skew,lane0,dq7,4,dqs_vs_dq_bit,27,16,-1126.0,-117.0,917.0,-650.0,-187.5,563.0,-70.5,0.525463,fail_higher,0.525463,0.050926,overlap,0.0,0.529238
cntvaluein3_locked_only,skew,abs_dqs_minus_dq_bit__idelay_cntvaluein_skew__lane1__dq9__ctrl_3__dqs_vs_dq_bit__value_ps,abs_dqs_minus_dq_bit,idelay_cntvaluein_skew,lane1,dq9,3,dqs_vs_dq_bit,27,16,10.0,235.0,744.0,8.0,190.0,939.0,-45.0,0.474537,fail_lower,0.525463,-0.050926,overlap,0.0,0.529238
cntvaluein3_locked_only,skew,abs_dqs_minus_dq_bit__idelay_cntvaluein_skew__lane1__dq8__ctrl_0__dqs_vs_dq_bit__value_ps,abs_dqs_minus_dq_bit,idelay_cntvaluein_skew,lane1,dq8,0,dqs_vs_dq_bit,27,16,11.0,261.0,767.0,2.0,293.5,986.0,32.5,0.525463,fail_higher,0.525463,0.050926,overlap,0.0,0.529238
cntvaluein3_locked_only,direct,direct_max__idelay_ld__lane1__dq10__ctrl_none__endpoint__value_ps,direct_max,idelay_ld,lane1,dq10,,endpoint,27,16,990.0,1371.0,1700.0,1024.0,1387.5,1700.0,16.5,0.474537,fail_lower,0.525463,-0.050926,overlap,0.0,0.529238
cntvaluein3_locked_only,direct,direct_max__idelay_data_cntvaluein__lane1__dq13__ctrl_1__endpoint__value_ps,direct_max,idelay_data_cntvaluein,lane1,dq13,1,endpoint,27,16,499.0,1139.0,1878.0,541.0,1226.5,1741.0,87.5,0.475694,fail_lower,0.524306,-0.048611,overlap,0.0,0.505181
cntvaluein3_locked_only,skew,signed_dqs_minus_dq_bit__idelay_cntvaluein_skew__lane0__dq6__ctrl_3__dqs_vs_dq_bit__value_ps,signed_dqs_minus_dq_bit,idelay_cntvaluein_skew,lane0,dq6,3,dqs_vs_dq_bit,27,16,-757.0,3.0,390.0,-822.0,-38.5,896.0,-41.5,0.524306,fail_higher,0.524306,0.048611,overlap,0.0,0.505181
cntvaluein3_locked_only,direct,direct_max__idelay_data_cntvaluein__lane0__dq2__ctrl_1__endpoint__value_ps,direct_max,idelay_data_cntvaluein,lane0,dq2,1,endpoint,27,16,859.0,1437.0,2513.0,1021.0,1440.5,2144.0,3.5,0.475694,fail_lower,0.524306,-0.048611,overlap,0.0,0.505181
cntvaluein3_locked_only,skew,signed_dqs_minus_dq_bit__idelay_cntvaluein_skew__lane0__dq4__ctrl_4__dqs_vs_dq_bit__value_ps,signed_dqs_minus_dq_bit,idelay_cntvaluein_skew,lane0,dq4,4,dqs_vs_dq_bit,27,16,-957.0,12.0,1092.0,-474.0,-115.0,736.0,-127.0,0.523148,fail_higher,0.523148,0.046296,overlap,0.0,0.481125
cntvaluein3_locked_only,direct,direct_max__idelay_data_cntvaluein__lane0__dq6__ctrl_4__endpoint__value_ps,direct_max,idelay_data_cntvaluein,lane0,dq6,4,endpoint,27,16,833.0,1554.0,2457.0,903.0,1655.0,2122.0,101.0,0.476852,fail_lower,0.523148,-0.046296,overlap,0.0,0.481125
cntvaluein3_locked_only,direct,lane_spread__idelayctrl__all__no_bit__ctrl_none__lane__value_ps,lane_spread,idelayctrl,all,,,lane,27,16,268.0,1499.0,1872.0,362.0,1428.0,1825.0,-71.0,0.476852,fail_lower,0.523148,-0.046296,overlap,0.0,0.481125
cntvaluein3_locked_only,direct,direct_max__idelay_data_cntvaluein__lane0__dq4__ctrl_0__endpoint__value_ps,direct_max,idelay_data_cntvaluein,lane0,dq4,0,endpoint,27,16,925.0,1457.0,2237.0,957.0,1428.0,2280.0,-29.0,0.521991,fail_higher,0.521991,0.043981,overlap,0.0,0.457069
cntvaluein3_locked_only,skew,abs_ld_minus_cntvaluein_dqs__idelay_ld_cntvaluein_skew__lane0__dqs0__ctrl_1__ld_vs_cntvaluein_dqs__value_ps,abs_ld_minus_cntvaluein_dqs,idelay_ld_cntvaluein_skew,lane0,dqs0,1,ld_vs_cntvaluein_dqs,27,16,0.0,350.0,867.0,5.0,226.0,1230.0,-124.0,0.479167,fail_lower,0.520833,-0.041667,overlap,0.0,0.433013
cntvaluein3_locked_only,skew,signed_dqs_minus_dq_bit__idelay_cntvaluein_skew__lane0__dq1__ctrl_4__dqs_vs_dq_bit__value_ps,signed_dqs_minus_dq_bit,idelay_cntvaluein_skew,lane0,dq1,4,dqs_vs_dq_bit,27,16,-949.0,-8.0,1088.0,-466.0,-64.0,647.0,-56.0,0.520833,fail_higher,0.520833,0.041667,overlap,0.0,0.433013
cntvaluein3_locked_only,direct,direct_max__idelay_data_cntvaluein__lane0__dq0__ctrl_1__endpoint__value_ps,direct_max,idelay_data_cntvaluein,lane0,dq0,1,endpoint,27,16,787.0,1412.0,2392.0,869.0,1467.5,2151.0,55.5,0.479167,fail_lower,0.520833,-0.041667,overlap,0.0,0.433013
cntvaluein3_locked_only,skew,signed_dqs_minus_dq_bit__idelay_cntvaluein_skew__lane1__dq10__ctrl_1__dqs_vs_dq_bit__value_ps,signed_dqs_minus_dq_bit,idelay_cntvaluein_skew,lane1,dq10,1,dqs_vs_dq_bit,27,16,-954.0,13.0,1214.0,-301.0,53.5,1031.0,40.5,0.520833,fail_higher,0.520833,0.041667,overlap,0.0,0.433013
cntvaluein3_locked_only,direct,control_fanout_spread__idelay_data_cntvaluein__lane1__no_bit__ctrl_3__lane_control_bit__value_ps,control_fanout_spread,idelay_data_cntvaluein,lane1,,3,lane_control_bit,27,16,184.0,502.0,763.0,186.0,529.0,692.0,27.0,0.479167,fail_lower,0.520833,-0.041667,overlap,0.0,0.433013
cntvaluein3_locked_only,skew,dq_lane_range__idelay_cntvaluein_skew__lane1__no_bit__ctrl_3__dq_lane__value_ps,dq_lane_range,idelay_cntvaluein_skew,lane1,,3,dq_lane,27,16,184.0,502.0,763.0,186.0,529.0,692.0,27.0,0.479167,fail_lower,0.520833,-0.041667,overlap,0.0,0.433013
cntvaluein3_locked_only,skew,signed_dqs_minus_dq_median__idelay_cntvaluein_skew__lane0__dqs0__ctrl_1__dqs_vs_dq_lane__value_ps,signed_dqs_minus_dq_median,idelay_cntvaluein_skew,lane0,dqs0,1,dqs_vs_dq_lane,27,16,-1134.5,-27.5,965.5,-334.0,-3.75,1014.5,23.75,0.520833,fail_higher,0.520833,0.041667,overlap,0.0,0.433013
cntvaluein3_locked_only,direct,direct_max__idelay_data_cntvaluein__lane1__dq14__ctrl_1__endpoint__value_ps,direct_max,idelay_data_cntvaluein,lane1,dq14,1,endpoint,27,16,549.0,1225.0,2188.0,456.0,1240.0,1957.0,15.0,0.479167,fail_lower,0.520833,-0.041667,overlap,0.0,0.433013
cntvaluein3_locked_only,direct,direct_max__idelay_ld__lane1__dq14__ctrl_none__endpoint__value_ps,direct_max,idelay_ld,lane1,dq14,,endpoint,27,16,1003.0,1363.0,1792.0,1032.0,1415.0,1712.0,52.0,0.519676,fail_higher,0.519676,0.039352,overlap,0.0,0.408956
cntvaluein3_locked_only,direct,direct_max__idelay_ld__lane1__dq8__ctrl_none__endpoint__value_ps,direct_max,idelay_ld,lane1,dq8,,endpoint,27,16,1067.0,1338.0,1800.0,1011.0,1342.5,1731.0,4.5,0.480324,fail_lower,0.519676,-0.039352,overlap,0.0,0.408956
cntvaluein3_locked_only,skew,signed_ld_minus_cntvaluein_dq_median__idelay_ld_cntvaluein_skew__lane0__no_bit__ctrl_4__ld_vs_cntvaluein_dq_lane__value_ps,signed_ld_minus_cntvaluein_dq_median,idelay_ld_cntvaluein_skew,lane0,,4,ld_vs_cntvaluein_dq_lane,27,16,-631.5,-90.5,631.5,-904.0,57.0,628.5,147.5,0.518519,fail_higher,0.518519,0.037037,overlap,0.0,0.3849
cntvaluein3_locked_only,skew,signed_dqs_minus_dq_bit__idelay_cntvaluein_skew__lane1__dq10__ctrl_3__dqs_vs_dq_bit__value_ps,signed_dqs_minus_dq_bit,idelay_cntvaluein_skew,lane1,dq10,3,dqs_vs_dq_bit,27,16,-608.0,-53.0,633.0,-508.0,-175.0,939.0,-122.0,0.518519,fail_higher,0.518519,0.037037,overlap,0.0,0.3849
cntvaluein3_locked_only,direct,direct_max__idelay_data_cntvaluein__lane1__dq12__ctrl_1__endpoint__value_ps,direct_max,idelay_data_cntvaluein,lane1,dq12,1,endpoint,27,16,540.0,1139.0,2177.0,460.0,1244.5,1866.0,105.5,0.481481,fail_lower,0.518519,-0.037037,overlap,0.0,0.3849
cntvaluein3_locked_only,skew,signed_ld_minus_cntvaluein_dqs__idelay_ld_cntvaluein_skew__lane0__dqs0__ctrl_0__ld_vs_cntvaluein_dqs__value_ps,signed_ld_minus_cntvaluein_dqs,idelay_ld_cntvaluein_skew,lane0,dqs0,0,ld_vs_cntvaluein_dqs,27,16,-521.0,-29.0,782.0,-864.0,48.5,897.0,77.5,0.518519,fail_higher,0.518519,0.037037,overlap,0.0,0.3849
cntvaluein3_locked_only,skew,signed_dqs_minus_dq_median__iologic_skew__lane0__dqs0__ctrl_none__dqs_vs_dq_lane__value_ps,signed_dqs_minus_dq_median,iologic_skew,lane0,dqs0,,dqs_vs_dq_lane,27,16,-515.5,875.5,1940.0,-225.0,950.25,1575.5,74.75,0.518519,fail_higher,0.518519,0.037037,overlap,0.0,0.3849
cntvaluein3_locked_only,skew,signed_dqs_minus_dq_bit__idelay_cntvaluein_skew__lane1__dq8__ctrl_1__dqs_vs_dq_bit__value_ps,signed_dqs_minus_dq_bit,idelay_cntvaluein_skew,lane1,dq8,1,dqs_vs_dq_bit,27,16,-954.0,-23.0,950.0,-574.0,-66.5,1134.0,-43.5,0.481481,fail_lower,0.518519,-0.037037,overlap,0.0,0.3849
cntvaluein3_locked_only,direct,lane_spread__dq_iologic__lane1__no_bit__ctrl_none__lane__value_ps,lane_spread,dq_iologic,lane1,,,lane,27,16,2036.0,2651.0,3509.0,2204.0,2741.0,3477.0,90.0,0.482639,fail_lower,0.517361,-0.034722,overlap,0.0,0.360844
cntvaluein3_locked_only,skew,ld_dq_lane_range__idelay_ld_skew__lane0__no_bit__ctrl_none__dq_lane__value_ps,ld_dq_lane_range,idelay_ld_skew,lane0,,,dq_lane,27,16,141.0,311.0,625.0,181.0,311.5,559.0,0.5,0.482639,fail_lower,0.517361,-0.034722,overlap,0.0,0.360844
cntvaluein3_locked_only,direct,direct_max__idelay_data_cntvaluein__lane0__dq1__ctrl_1__endpoint__value_ps,direct_max,idelay_data_cntvaluein,lane0,dq1,1,endpoint,27,16,870.0,1343.0,2451.0,959.0,1413.0,2144.0,70.0,0.483796,fail_lower,0.516204,-0.032407,overlap,0.0,0.336788
cntvaluein3_locked_only,skew,signed_dqs_minus_dq_median__idelay_cntvaluein_skew__lane1__dqs1__ctrl_1__dqs_vs_dq_lane__value_ps,signed_dqs_minus_dq_median,idelay_cntvaluein_skew,lane1,dqs1,1,dqs_vs_dq_lane,27,16,-912.0,97.0,1172.5,-228.0,44.75,1136.0,-52.25,0.516204,fail_higher,0.516204,0.032407,overlap,0.0,0.336788
cntvaluein3_locked_only,direct,direct_max__idelay_data_cntvaluein__lane1__dq15__ctrl_0__endpoint__value_ps,direct_max,idelay_data_cntvaluein,lane1,dq15,0,endpoint,27,16,398.0,972.0,1554.0,446.0,929.5,1447.0,-42.5,0.516204,fail_higher,0.516204,0.032407,overlap,0.0,0.336788
cntvaluein3_locked_only,direct,direct_max__idelay_dqs_cntvaluein__lane0__dqs0__ctrl_3__endpoint__value_ps,direct_max,idelay_dqs_cntvaluein,lane0,dqs0,3,endpoint,27,16,1621.0,1973.0,2532.0,1516.0,2013.5,2397.0,40.5,0.483796,fail_lower,0.516204,-0.032407,overlap,0.0,0.336788
cntvaluein3_locked_only,skew,signed_dqs_minus_dq_bit__idelay_cntvaluein_skew__lane1__dq12__ctrl_1__dqs_vs_dq_bit__value_ps,signed_dqs_minus_dq_bit,idelay_cntvaluein_skew,lane1,dq12,1,dqs_vs_dq_bit,27,16,-865.0,71.0,1131.0,-392.0,38.5,1050.0,-32.5,0.516204,fail_higher,0.516204,0.032407,overlap,0.0,0.336788
cntvaluein3_locked_only,skew,signed_dqs_minus_dq_bit__idelay_cntvaluein_skew__lane0__dq7__ctrl_1__dqs_vs_dq_bit__value_ps,signed_dqs_minus_dq_bit,idelay_cntvaluein_skew,lane0,dq7,1,dqs_vs_dq_bit,27,16,-1273.0,-67.0,963.0,-561.0,-85.0,1048.0,-18.0,0.516204,fail_higher,0.516204,0.032407,overlap,0.0,0.336788
cntvaluein3_locked_only,skew,abs_dqs_minus_dq_bit__idelay_cntvaluein_skew__lane1__dq13__ctrl_0__dqs_vs_dq_bit__value_ps,abs_dqs_minus_dq_bit,idelay_cntvaluein_skew,lane1,dq13,0,dqs_vs_dq_bit,27,16,28.0,233.0,1016.0,8.0,223.5,934.0,-9.5,0.483796,fail_lower,0.516204,-0.032407,overlap,0.0,0.336788
cntvaluein3_locked_only,direct,direct_max__idelay_data_cntvaluein__lane1__dq9__ctrl_2__endpoint__value_ps,direct_max,idelay_data_cntvaluein,lane1,dq9,2,endpoint,27,16,428.0,959.0,1687.0,423.0,1145.5,1455.0,186.5,0.515046,fail_higher,0.515046,0.030093,overlap,0.0,0.312731
cntvaluein3_locked_only,skew,abs_ld_minus_cntvaluein_dqs__idelay_ld_cntvaluein_skew__lane0__dqs0__ctrl_3__ld_vs_cntvaluein_dqs__value_ps,abs_ld_minus_cntvaluein_dqs,idelay_ld_cntvaluein_skew,lane0,dqs0,3,ld_vs_cntvaluein_dqs,27,16,15.0,488.0,1153.0,90.0,580.0,1249.0,92.0,0.486111,fail_lower,0.513889,-0.027778,overlap,0.0,0.288675
cntvaluein3_locked_only,direct,direct_max__dq_iologic__lane0__dq0__ctrl_none__endpoint__value_ps,direct_max,dq_iologic,lane0,dq0,,endpoint,27,16,1695.0,2069.0,3213.0,1685.0,2053.5,3263.0,-15.5,0.513889,fail_higher,0.513889,0.027778,overlap,0.0,0.288675
cntvaluein3_locked_only,direct,cntvaluein_bus_skew__idelay_data_cntvaluein__lane1__dq15__ctrl_none__dq15__value_ps,cntvaluein_bus_skew,idelay_data_cntvaluein,lane1,dq15,,dq15,27,16,226.0,737.0,1462.0,347.0,724.5,1031.0,-12.5,0.486111,fail_lower,0.513889,-0.027778,overlap,0.0,0.288675
cntvaluein3_locked_only,skew,signed_dqs_minus_dq_bit__idelay_cntvaluein_skew__lane1__dq14__ctrl_1__dqs_vs_dq_bit__value_ps,signed_dqs_minus_dq_bit,idelay_cntvaluein_skew,lane1,dq14,1,dqs_vs_dq_bit,27,16,-870.0,0.0,1040.0,-484.0,-5.5,1123.0,-5.5,0.513889,fail_higher,0.513889,0.027778,overlap,0.0,0.288675
cntvaluein3_locked_only,skew,abs_dqs_minus_dq_bit__idelay_cntvaluein_skew__lane1__dq8__ctrl_3__dqs_vs_dq_bit__value_ps,abs_dqs_minus_dq_bit,idelay_cntvaluein_skew,lane1,dq8,3,dqs_vs_dq_bit,27,16,56.0,237.0,875.0,22.0,343.0,855.0,106.0,0.512731,fail_higher,0.512731,0.025463,overlap,0.0,0.264619
cntvaluein3_locked_only,direct,direct_max__idelay_ld__lane0__dqs0__ctrl_none__endpoint__value_ps,direct_max,idelay_ld,lane0,dqs0,,endpoint,27,16,1161.0,1444.0,2153.0,1059.0,1396.0,1835.0,-48.0,0.487269,fail_lower,0.512731,-0.025463,overlap,0.0,0.264619
cntvaluein3_locked_only,skew,signed_dqs_minus_dq_bit__idelay_cntvaluein_skew__lane0__dq1__ctrl_1__dqs_vs_dq_bit__value_ps,signed_dqs_minus_dq_bit,idelay_cntvaluein_skew,lane0,dq1,1,dqs_vs_dq_bit,27,16,-1089.0,22.0,929.0,-376.0,-15.0,885.0,-37.0,0.512731,fail_higher,0.512731,0.025463,overlap,0.0,0.264619
cntvaluein3_locked_only,skew,abs_dqs_minus_dq_bit__idelay_cntvaluein_skew__lane0__dq3__ctrl_3__dqs_vs_dq_bit__value_ps,abs_dqs_minus_dq_bit,idelay_cntvaluein_skew,lane0,dq3,3,dqs_vs_dq_bit,27,16,12.0,237.0,776.0,3.0,264.5,1246.0,27.5,0.512731,fail_higher,0.512731,0.025463,overlap,0.0,0.264619
cntvaluein3_locked_only,direct,direct_max__idelay_data_cntvaluein__lane1__dq10__ctrl_1__endpoint__value_ps,direct_max,idelay_data_cntvaluein,lane1,dq10,1,endpoint,27,16,583.0,1136.0,2094.0,541.0,1210.5,1779.0,74.5,0.488426,fail_lower,0.511574,-0.023148,overlap,0.0,0.240563
cntvaluein3_locked_only,skew,signed_dqs_minus_dq_bit__idelay_cntvaluein_skew__lane0__dq0__ctrl_4__dqs_vs_dq_bit__value_ps,signed_dqs_minus_dq_bit,idelay_cntvaluein_skew,lane0,dq0,4,dqs_vs_dq_bit,27,16,-863.0,28.0,1092.0,-379.0,-16.5,662.0,-44.5,0.511574,fail_higher,0.511574,0.023148,overlap,0.0,0.240563
cntvaluein3_locked_only,skew,signed_dqs_minus_dq_median__iologic_skew__lane1__dqs1__ctrl_none__dqs_vs_dq_lane__value_ps,signed_dqs_minus_dq_median,iologic_skew,lane1,dqs1,,dqs_vs_dq_lane,27,16,-796.0,424.0,1593.5,-594.5,407.75,1322.5,-16.25,0.488426,fail_lower,0.511574,-0.023148,overlap,0.0,0.240563
cntvaluein3_locked_only,skew,signed_dqs_minus_dq_bit__idelay_cntvaluein_skew__lane0__dq6__ctrl_4__dqs_vs_dq_bit__value_ps,signed_dqs_minus_dq_bit,idelay_cntvaluein_skew,lane0,dq6,4,dqs_vs_dq_bit,27,16,-814.0,-122.0,1033.0,-657.0,-129.5,556.0,-7.5,0.511574,fail_higher,0.511574,0.023148,overlap,0.0,0.240563
cntvaluein3_locked_only,direct,direct_max__dq_iologic__lane1__dq14__ctrl_none__endpoint__value_ps,direct_max,dq_iologic,lane1,dq14,,endpoint,27,16,1787.0,2276.0,2835.0,1919.0,2282.0,3355.0,6.0,0.511574,fail_higher,0.511574,0.023148,overlap,0.0,0.240563
cntvaluein3_locked_only,skew,abs_ld_minus_cntvaluein_dq_median__idelay_ld_cntvaluein_skew__lane1__no_bit__ctrl_2__ld_vs_cntvaluein_dq_lane__value_ps,abs_ld_minus_cntvaluein_dq_median,idelay_ld_cntvaluein_skew,lane1,,2,ld_vs_cntvaluein_dq_lane,27,16,20.5,391.5,727.0,38.0,276.25,727.0,-115.25,0.489583,fail_lower,0.510417,-0.020833,overlap,0.0,0.216506
cntvaluein3_locked_only,direct,direct_max__idelay_ld__lane1__dq13__ctrl_none__endpoint__value_ps,direct_max,idelay_ld,lane1,dq13,,endpoint,27,16,976.0,1343.0,1753.0,870.0,1345.5,1722.0,2.5,0.510417,fail_higher,0.510417,0.020833,overlap,0.0,0.216506
cntvaluein3_locked_only,skew,signed_lane1_minus_lane0_dq_median__idelay_cntvaluein_skew__all__no_bit__ctrl_1__lane1_vs_lane0_dq__value_ps,signed_lane1_minus_lane0_dq_median,idelay_cntvaluein_skew,all,,1,lane1_vs_lane0_dq,27,16,-688.5,-344.0,6.5,-591.5,-341.5,85.5,2.5,0.510417,fail_higher,0.510417,0.020833,overlap,0.0,0.216506
cntvaluein3_locked_only,skew,signed_ld_minus_cntvaluein_dqs__idelay_ld_cntvaluein_skew__lane0__dqs0__ctrl_3__ld_vs_cntvaluein_dqs__value_ps,signed_ld_minus_cntvaluein_dqs,idelay_ld_cntvaluein_skew,lane0,dqs0,3,ld_vs_cntvaluein_dqs,27,16,-1153.0,-488.0,469.0,-1249.0,-580.0,263.0,-92.0,0.509259,fail_higher,0.509259,0.018519,overlap,0.0,0.19245
cntvaluein3_locked_only,skew,abs_dqs_minus_dq_bit__idelay_cntvaluein_skew__lane0__dq4__ctrl_3__dqs_vs_dq_bit__value_ps,abs_dqs_minus_dq_bit,idelay_cntvaluein_skew,lane0,dq4,3,dqs_vs_dq_bit,27,16,10.0,376.0,828.0,23.0,289.5,1164.0,-86.5,0.490741,fail_lower,0.509259,-0.018519,overlap,0.0,0.19245
cntvaluein3_locked_only,skew,abs_dqs_minus_dq_median__iologic_skew__lane0__dqs0__ctrl_none__dqs_vs_dq_lane__value_ps,abs_dqs_minus_dq_median,iologic_skew,lane0,dqs0,,dqs_vs_dq_lane,27,16,98.0,875.5,1940.0,225.0,950.25,1575.5,74.75,0.509259,fail_higher,0.509259,0.018519,overlap,0.0,0.19245
cntvaluein3_locked_only,direct,direct_max__idelay_data_cntvaluein__lane1__dq9__ctrl_0__endpoint__value_ps,direct_max,idelay_data_cntvaluein,lane1,dq9,0,endpoint,27,16,486.0,1024.0,1643.0,513.0,977.0,1491.0,-47.0,0.490741,fail_lower,0.509259,-0.018519,overlap,0.0,0.19245
cntvaluein3_locked_only,skew,abs_ld_minus_cntvaluein_dq_median__idelay_ld_cntvaluein_skew__lane1__no_bit__ctrl_4__ld_vs_cntvaluein_dq_lane__value_ps,abs_ld_minus_cntvaluein_dq_median,idelay_ld_cntvaluein_skew,lane1,,4,ld_vs_cntvaluein_dq_lane,27,16,12.0,287.0,648.0,0.5,333.5,761.0,46.5,0.509259,fail_higher,0.509259,0.018519,overlap,0.0,0.19245
cntvaluein3_locked_only,skew,abs_ld_minus_cntvaluein_dqs__idelay_ld_cntvaluein_skew__lane1__dqs1__ctrl_4__ld_vs_cntvaluein_dqs__value_ps,abs_ld_minus_cntvaluein_dqs,idelay_ld_cntvaluein_skew,lane1,dqs1,4,ld_vs_cntvaluein_dqs,27,16,11.0,263.0,665.0,41.0,297.5,898.0,34.5,0.509259,fail_higher,0.509259,0.018519,overlap,0.0,0.19245
cntvaluein3_locked_only,direct,direct_max__idelay_data_cntvaluein__lane0__dq6__ctrl_1__endpoint__value_ps,direct_max,idelay_data_cntvaluein,lane0,dq6,1,endpoint,27,16,819.0,1529.0,2311.0,1115.0,1503.0,2079.0,-26.0,0.490741,fail_lower,0.509259,-0.018519,overlap,0.0,0.19245
cntvaluein3_locked_only,skew,abs_dqs_minus_dq_bit__idelay_cntvaluein_skew__lane0__dq1__ctrl_3__dqs_vs_dq_bit__value_ps,abs_dqs_minus_dq_bit,idelay_cntvaluein_skew,lane0,dq1,3,dqs_vs_dq_bit,27,16,23.0,333.0,738.0,17.0,270.0,1248.0,-63.0,0.491898,fail_lower,0.508102,-0.016204,overlap,0.0,0.168394
cntvaluein3_locked_only,skew,abs_ld_minus_cntvaluein_dqs__idelay_ld_cntvaluein_skew__lane1__dqs1__ctrl_0__ld_vs_cntvaluein_dqs__value_ps,abs_ld_minus_cntvaluein_dqs,idelay_ld_cntvaluein_skew,lane1,dqs1,0,ld_vs_cntvaluein_dqs,27,16,13.0,222.0,592.0,5.0,201.0,985.0,-21.0,0.491898,fail_lower,0.508102,-0.016204,overlap,0.0,0.168394
cntvaluein3_locked_only,direct,direct_max__idelay_data_cntvaluein__lane0__dq2__ctrl_2__endpoint__value_ps,direct_max,idelay_data_cntvaluein,lane0,dq2,2,endpoint,27,16,931.0,1353.0,2153.0,885.0,1289.5,2161.0,-63.5,0.493056,fail_lower,0.506944,-0.013889,overlap,0.0,0.144338
cntvaluein3_locked_only,skew,signed_dqs_minus_dq_bit__idelay_cntvaluein_skew__lane1__dq9__ctrl_1__dqs_vs_dq_bit__value_ps,signed_dqs_minus_dq_bit,idelay_cntvaluein_skew,lane1,dq9,1,dqs_vs_dq_bit,27,16,-711.0,179.0,1374.0,-339.0,173.0,1350.0,-6.0,0.493056,fail_lower,0.506944,-0.013889,overlap,0.0,0.144338
cntvaluein3_locked_only,skew,abs_dqs_minus_dq_bit__idelay_cntvaluein_skew__lane1__dq14__ctrl_0__dqs_vs_dq_bit__value_ps,abs_dqs_minus_dq_bit,idelay_cntvaluein_skew,lane1,dq14,0,dqs_vs_dq_bit,27,16,23.0,304.0,855.0,52.0,256.0,847.0,-48.0,0.49537,fail_lower,0.50463,-0.009259,overlap,0.0,0.096225
cntvaluein3_locked_only,skew,signed_ld_minus_cntvaluein_dq_median__idelay_ld_cntvaluein_skew__lane0__no_bit__ctrl_1__ld_vs_cntvaluein_dq_lane__value_ps,signed_ld_minus_cntvaluein_dq_median,idelay_ld_cntvaluein_skew,lane0,,1,ld_vs_cntvaluein_dq_lane,27,16,-773.0,-41.5,689.0,-998.5,-3.0,453.0,38.5,0.49537,fail_lower,0.50463,-0.009259,overlap,0.0,0.096225
cntvaluein3_locked_only,skew,abs_ld_minus_cntvaluein_dq_median__idelay_ld_cntvaluein_skew__lane1__no_bit__ctrl_1__ld_vs_cntvaluein_dq_lane__value_ps,abs_ld_minus_cntvaluein_dq_median,idelay_ld_cntvaluein_skew,lane1,,1,ld_vs_cntvaluein_dq_lane,27,16,30.0,336.0,732.0,84.0,299.25,720.5,-36.75,0.50463,fail_higher,0.50463,0.009259,overlap,0.0,0.096225
cntvaluein3_locked_only,skew,signed_dqs_minus_dq_bit__idelay_cntvaluein_skew__lane1__dq13__ctrl_1__dqs_vs_dq_bit__value_ps,signed_dqs_minus_dq_bit,idelay_cntvaluein_skew,lane1,dq13,1,dqs_vs_dq_bit,27,16,-1045.0,57.0,1089.0,-203.0,45.0,1138.0,-12.0,0.50463,fail_higher,0.50463,0.009259,overlap,0.0,0.096225
cntvaluein3_locked_only,skew,signed_dqs_minus_dq_bit__idelay_cntvaluein_skew__lane1__dq15__ctrl_1__dqs_vs_dq_bit__value_ps,signed_dqs_minus_dq_bit,idelay_cntvaluein_skew,lane1,dq15,1,dqs_vs_dq_bit,27,16,-814.0,229.0,1381.0,-247.0,223.5,1440.0,-5.5,0.50463,fail_higher,0.50463,0.009259,overlap,0.0,0.096225
cntvaluein3_locked_only,skew,abs_ld_dqs_minus_dq_median__idelay_ld_skew__lane0__dqs0__ctrl_none__dqs_vs_dq_lane__value_ps,abs_ld_dqs_minus_dq_median,idelay_ld_skew,lane0,dqs0,,dqs_vs_dq_lane,27,16,1.5,100.0,288.0,5.5,94.75,277.0,-5.25,0.50463,fail_higher,0.50463,0.009259,overlap,0.0,0.096225
cntvaluein3_locked_only,skew,abs_dqs_minus_dq_bit__idelay_cntvaluein_skew__lane0__dq2__ctrl_3__dqs_vs_dq_bit__value_ps,abs_dqs_minus_dq_bit,idelay_cntvaluein_skew,lane0,dq2,3,dqs_vs_dq_bit,27,16,23.0,293.0,664.0,10.0,212.0,1078.0,-81.0,0.503472,fail_higher,0.503472,0.006944,overlap,0.0,0.072169
cntvaluein3_locked_only,skew,dq_lane_range__iologic_skew__lane1__no_bit__ctrl_none__dq_lane__value_ps,dq_lane_range,iologic_skew,lane1,,,dq_lane,27,16,285.0,606.0,1480.0,265.0,667.0,1004.0,61.0,0.503472,fail_higher,0.503472,0.006944,overlap,0.0,0.072169
cntvaluein3_locked_only,skew,signed_ld_minus_cntvaluein_dqs__idelay_ld_cntvaluein_skew__lane1__dqs1__ctrl_0__ld_vs_cntvaluein_dqs__value_ps,signed_ld_minus_cntvaluein_dqs,idelay_ld_cntvaluein_skew,lane1,dqs1,0,ld_vs_cntvaluein_dqs,27,16,-571.0,150.0,592.0,-787.0,187.0,985.0,37.0,0.503472,fail_higher,0.503472,0.006944,overlap,0.0,0.072169
cntvaluein3_locked_only,direct,direct_max__clocking__all__no_bit__ctrl_none__endpoint__value_ps,direct_max,clocking,all,,,endpoint,27,16,6434.0,6885.0,7215.0,6150.0,6862.0,7485.0,-23.0,0.496528,fail_lower,0.503472,-0.006944,overlap,0.0,0.072169
cntvaluein3_locked_only,direct,lane_spread__clocking__all__no_bit__ctrl_none__lane__value_ps,lane_spread,clocking,all,,,lane,27,16,6315.0,6766.0,7096.0,6031.0,6743.0,7366.0,-23.0,0.496528,fail_lower,0.503472,-0.006944,overlap,0.0,0.072169
cntvaluein3_locked_only,skew,abs_lane1_minus_lane0_dq_median__idelay_cntvaluein_skew__all__no_bit__ctrl_1__lane1_vs_lane0_dq__value_ps,abs_lane1_minus_lane0_dq_median,idelay_cntvaluein_skew,all,,1,lane1_vs_lane0_dq,27,16,6.5,344.0,688.5,65.5,341.5,591.5,-2.5,0.496528,fail_lower,0.503472,-0.006944,overlap,0.0,0.072169
cntvaluein3_locked_only,direct,direct_max__idelay_data_cntvaluein__lane1__dq8__ctrl_1__endpoint__value_ps,direct_max,idelay_data_cntvaluein,lane1,dq8,1,endpoint,27,16,561.0,1195.0,2279.0,583.0,1378.5,2049.0,183.5,0.497685,fail_lower,0.502315,-0.00463,overlap,0.0,0.048113
cntvaluein3_locked_only,skew,abs_dqs_minus_dq_bit__idelay_cntvaluein_skew__lane0__dq7__ctrl_0__dqs_vs_dq_bit__value_ps,abs_dqs_minus_dq_bit,idelay_cntvaluein_skew,lane0,dq7,0,dqs_vs_dq_bit,27,16,2.0,393.0,1470.0,11.0,316.0,839.0,-77.0,0.502315,fail_higher,0.502315,0.00463,overlap,0.0,0.048113
cntvaluein3_locked_only,direct,direct_max__idelay_dqs_cntvaluein__lane1__dqs1__ctrl_3__endpoint__value_ps,direct_max,idelay_dqs_cntvaluein,lane1,dqs1,3,endpoint,27,16,1289.0,1649.0,2194.0,1368.0,1578.5,2180.0,-70.5,0.497685,fail_lower,0.502315,-0.00463,overlap,0.0,0.048113
cntvaluein3_locked_only,direct,direct_max__dq_iologic__lane0__dq1__ctrl_none__endpoint__value_ps,direct_max,dq_iologic,lane0,dq1,,endpoint,27,16,1873.0,2250.0,3342.0,1817.0,2271.0,3256.0,21.0,0.502315,fail_higher,0.502315,0.00463,overlap,0.0,0.048113
cntvaluein3_locked_only,direct,direct_max__idelay_data_cntvaluein__lane0__dq1__ctrl_2__endpoint__value_ps,direct_max,idelay_data_cntvaluein,lane0,dq1,2,endpoint,27,16,945.0,1335.0,2128.0,977.0,1343.5,2068.0,8.5,0.502315,fail_higher,0.502315,0.00463,overlap,0.0,0.048113
cntvaluein3_locked_only,direct,direct_max__idelay_data_cntvaluein__lane1__dq15__ctrl_2__endpoint__value_ps,direct_max,idelay_data_cntvaluein,lane1,dq15,2,endpoint,27,16,423.0,869.0,1608.0,412.0,1106.5,1684.0,237.5,0.5,fail_higher,0.5,0.0,overlap,0.0,0.0
cntvaluein3_locked_only,skew,abs_dqs_minus_dq_bit__idelay_cntvaluein_skew__lane0__dq6__ctrl_0__dqs_vs_dq_bit__value_ps,abs_dqs_minus_dq_bit,idelay_cntvaluein_skew,lane0,dq6,0,dqs_vs_dq_bit,27,16,15.0,383.0,1477.0,12.0,307.5,846.0,-75.5,0.5,fail_higher,0.5,0.0,overlap,0.0,0.0
cntvaluein3_locked_only,skew,signed_dqs_minus_dq_bit__idelay_cntvaluein_skew__lane0__dq0__ctrl_1__dqs_vs_dq_bit__value_ps,signed_dqs_minus_dq_bit,idelay_cntvaluein_skew,lane0,dq0,1,dqs_vs_dq_bit,27,16,-996.0,82.0,1012.0,-311.0,71.0,798.0,-11.0,0.5,fail_higher,0.5,0.0,overlap,0.0,0.0
cntvaluein3_locked_only,direct,control_fanout_spread__idelay_dqs_cntvaluein__lane0__no_bit__ctrl_0__lane_control_bit__value_ps,control_fanout_spread,idelay_dqs_cntvaluein,lane0,,0,lane_control_bit,27,16,0.0,0.0,0.0,0.0,0.0,0.0,0.0,0.5,fail_higher,0.5,0.0,overlap,0.0,0.0
cntvaluein3_locked_only,direct,control_fanout_spread__idelay_dqs_cntvaluein__lane0__no_bit__ctrl_1__lane_control_bit__value_ps,control_fanout_spread,idelay_dqs_cntvaluein,lane0,,1,lane_control_bit,27,16,0.0,0.0,0.0,0.0,0.0,0.0,0.0,0.5,fail_higher,0.5,0.0,overlap,0.0,0.0
cntvaluein3_locked_only,direct,control_fanout_spread__idelay_dqs_cntvaluein__lane0__no_bit__ctrl_2__lane_control_bit__value_ps,control_fanout_spread,idelay_dqs_cntvaluein,lane0,,2,lane_control_bit,27,16,0.0,0.0,0.0,0.0,0.0,0.0,0.0,0.5,fail_higher,0.5,0.0,overlap,0.0,0.0
cntvaluein3_locked_only,direct,control_fanout_spread__idelay_dqs_cntvaluein__lane0__no_bit__ctrl_3__lane_control_bit__value_ps,control_fanout_spread,idelay_dqs_cntvaluein,lane0,,3,lane_control_bit,27,16,0.0,0.0,0.0,0.0,0.0,0.0,0.0,0.5,fail_higher,0.5,0.0,overlap,0.0,0.0
cntvaluein3_locked_only,direct,control_fanout_spread__idelay_dqs_cntvaluein__lane0__no_bit__ctrl_4__lane_control_bit__value_ps,control_fanout_spread,idelay_dqs_cntvaluein,lane0,,4,lane_control_bit,27,16,0.0,0.0,0.0,0.0,0.0,0.0,0.0,0.5,fail_higher,0.5,0.0,overlap,0.0,0.0
cntvaluein3_locked_only,direct,control_fanout_spread__idelay_dqs_cntvaluein__lane1__no_bit__ctrl_0__lane_control_bit__value_ps,control_fanout_spread,idelay_dqs_cntvaluein,lane1,,0,lane_control_bit,27,16,0.0,0.0,0.0,0.0,0.0,0.0,0.0,0.5,fail_higher,0.5,0.0,overlap,0.0,0.0
cntvaluein3_locked_only,direct,control_fanout_spread__idelay_dqs_cntvaluein__lane1__no_bit__ctrl_1__lane_control_bit__value_ps,control_fanout_spread,idelay_dqs_cntvaluein,lane1,,1,lane_control_bit,27,16,0.0,0.0,0.0,0.0,0.0,0.0,0.0,0.5,fail_higher,0.5,0.0,overlap,0.0,0.0
cntvaluein3_locked_only,direct,control_fanout_spread__idelay_dqs_cntvaluein__lane1__no_bit__ctrl_2__lane_control_bit__value_ps,control_fanout_spread,idelay_dqs_cntvaluein,lane1,,2,lane_control_bit,27,16,0.0,0.0,0.0,0.0,0.0,0.0,0.0,0.5,fail_higher,0.5,0.0,overlap,0.0,0.0
cntvaluein3_locked_only,direct,control_fanout_spread__idelay_dqs_cntvaluein__lane1__no_bit__ctrl_3__lane_control_bit__value_ps,control_fanout_spread,idelay_dqs_cntvaluein,lane1,,3,lane_control_bit,27,16,0.0,0.0,0.0,0.0,0.0,0.0,0.0,0.5,fail_higher,0.5,0.0,overlap,0.0,0.0
cntvaluein3_locked_only,direct,control_fanout_spread__idelay_dqs_cntvaluein__lane1__no_bit__ctrl_4__lane_control_bit__value_ps,control_fanout_spread,idelay_dqs_cntvaluein,lane1,,4,lane_control_bit,27,16,0.0,0.0,0.0,0.0,0.0,0.0,0.0,0.5,fail_higher,0.5,0.0,overlap,0.0,0.0
cntvaluein3_locked_only,direct,direct_max__clocking__lane0__dq0__ctrl_none__endpoint__value_ps,direct_max,clocking,lane0,dq0,,endpoint,27,16,1314.0,1314.0,1314.0,1314.0,1314.0,1314.0,0.0,0.5,fail_higher,0.5,0.0,overlap,0.0,0.0
cntvaluein3_locked_only,direct,direct_max__clocking__lane0__dq1__ctrl_none__endpoint__value_ps,direct_max,clocking,lane0,dq1,,endpoint,27,16,1314.0,1314.0,1314.0,1314.0,1314.0,1314.0,0.0,0.5,fail_higher,0.5,0.0,overlap,0.0,0.0
cntvaluein3_locked_only,direct,direct_max__clocking__lane0__dq2__ctrl_none__endpoint__value_ps,direct_max,clocking,lane0,dq2,,endpoint,27,16,1314.0,1314.0,1314.0,1314.0,1314.0,1314.0,0.0,0.5,fail_higher,0.5,0.0,overlap,0.0,0.0
cntvaluein3_locked_only,direct,direct_max__clocking__lane0__dq3__ctrl_none__endpoint__value_ps,direct_max,clocking,lane0,dq3,,endpoint,27,16,1314.0,1314.0,1314.0,1314.0,1314.0,1314.0,0.0,0.5,fail_higher,0.5,0.0,overlap,0.0,0.0
cntvaluein3_locked_only,direct,direct_max__clocking__lane0__dq4__ctrl_none__endpoint__value_ps,direct_max,clocking,lane0,dq4,,endpoint,27,16,1314.0,1314.0,1314.0,1314.0,1314.0,1314.0,0.0,0.5,fail_higher,0.5,0.0,overlap,0.0,0.0
cntvaluein3_locked_only,direct,direct_max__clocking__lane0__dq5__ctrl_none__endpoint__value_ps,direct_max,clocking,lane0,dq5,,endpoint,27,16,1314.0,1314.0,1314.0,1314.0,1314.0,1314.0,0.0,0.5,fail_higher,0.5,0.0,overlap,0.0,0.0
cntvaluein3_locked_only,direct,direct_max__clocking__lane0__dq6__ctrl_none__endpoint__value_ps,direct_max,clocking,lane0,dq6,,endpoint,27,16,1314.0,1314.0,1314.0,1314.0,1314.0,1314.0,0.0,0.5,fail_higher,0.5,0.0,overlap,0.0,0.0
cntvaluein3_locked_only,direct,direct_max__clocking__lane0__dq7__ctrl_none__endpoint__value_ps,direct_max,clocking,lane0,dq7,,endpoint,27,16,1314.0,1314.0,1314.0,1314.0,1314.0,1314.0,0.0,0.5,fail_higher,0.5,0.0,overlap,0.0,0.0
cntvaluein3_locked_only,direct,direct_max__clocking__lane0__dqs0__ctrl_none__endpoint__value_ps,direct_max,clocking,lane0,dqs0,,endpoint,27,16,1279.0,1279.0,1279.0,1279.0,1279.0,1279.0,0.0,0.5,fail_higher,0.5,0.0,overlap,0.0,0.0
cntvaluein3_locked_only,direct,direct_max__clocking__lane1__dq10__ctrl_none__endpoint__value_ps,direct_max,clocking,lane1,dq10,,endpoint,27,16,1314.0,1314.0,1314.0,1314.0,1314.0,1314.0,0.0,0.5,fail_higher,0.5,0.0,overlap,0.0,0.0
cntvaluein3_locked_only,direct,direct_max__clocking__lane1__dq11__ctrl_none__endpoint__value_ps,direct_max,clocking,lane1,dq11,,endpoint,27,16,1314.0,1314.0,1314.0,1314.0,1314.0,1314.0,0.0,0.5,fail_higher,0.5,0.0,overlap,0.0,0.0
cntvaluein3_locked_only,direct,direct_max__clocking__lane1__dq12__ctrl_none__endpoint__value_ps,direct_max,clocking,lane1,dq12,,endpoint,27,16,1314.0,1314.0,1314.0,1314.0,1314.0,1314.0,0.0,0.5,fail_higher,0.5,0.0,overlap,0.0,0.0
cntvaluein3_locked_only,direct,direct_max__clocking__lane1__dq13__ctrl_none__endpoint__value_ps,direct_max,clocking,lane1,dq13,,endpoint,27,16,1314.0,1314.0,1314.0,1314.0,1314.0,1314.0,0.0,0.5,fail_higher,0.5,0.0,overlap,0.0,0.0
cntvaluein3_locked_only,direct,direct_max__clocking__lane1__dq14__ctrl_none__endpoint__value_ps,direct_max,clocking,lane1,dq14,,endpoint,27,16,1314.0,1314.0,1314.0,1314.0,1314.0,1314.0,0.0,0.5,fail_higher,0.5,0.0,overlap,0.0,0.0
cntvaluein3_locked_only,direct,direct_max__clocking__lane1__dq15__ctrl_none__endpoint__value_ps,direct_max,clocking,lane1,dq15,,endpoint,27,16,1314.0,1314.0,1314.0,1314.0,1314.0,1314.0,0.0,0.5,fail_higher,0.5,0.0,overlap,0.0,0.0
cntvaluein3_locked_only,direct,direct_max__clocking__lane1__dq8__ctrl_none__endpoint__value_ps,direct_max,clocking,lane1,dq8,,endpoint,27,16,1314.0,1314.0,1314.0,1314.0,1314.0,1314.0,0.0,0.5,fail_higher,0.5,0.0,overlap,0.0,0.0
cntvaluein3_locked_only,direct,direct_max__clocking__lane1__dq9__ctrl_none__endpoint__value_ps,direct_max,clocking,lane1,dq9,,endpoint,27,16,1314.0,1314.0,1314.0,1314.0,1314.0,1314.0,0.0,0.5,fail_higher,0.5,0.0,overlap,0.0,0.0
cntvaluein3_locked_only,direct,direct_max__clocking__lane1__dqs1__ctrl_none__endpoint__value_ps,direct_max,clocking,lane1,dqs1,,endpoint,27,16,1279.0,1279.0,1279.0,1279.0,1279.0,1279.0,0.0,0.5,fail_higher,0.5,0.0,overlap,0.0,0.0
cntvaluein3_locked_only,direct,lane_spread__clocking__lane0__no_bit__ctrl_none__lane__value_ps,lane_spread,clocking,lane0,,,lane,27,16,135.0,135.0,135.0,135.0,135.0,135.0,0.0,0.5,fail_higher,0.5,0.0,overlap,0.0,0.0
cntvaluein3_locked_only,direct,lane_spread__clocking__lane1__no_bit__ctrl_none__lane__value_ps,lane_spread,clocking,lane1,,,lane,27,16,135.0,135.0,135.0,135.0,135.0,135.0,0.0,0.5,fail_higher,0.5,0.0,overlap,0.0,0.0
cntvaluein3_locked_only,skew,dq_lane_range__clocking_skew__lane0__no_bit__ctrl_none__dq_lane__value_ps,dq_lane_range,clocking_skew,lane0,,,dq_lane,27,16,0.0,0.0,0.0,0.0,0.0,0.0,0.0,0.5,fail_higher,0.5,0.0,overlap,0.0,0.0
cntvaluein3_locked_only,skew,signed_dqs_minus_dq_median__clocking_skew__lane0__dqs0__ctrl_none__dqs_vs_dq_lane__value_ps,signed_dqs_minus_dq_median,clocking_skew,lane0,dqs0,,dqs_vs_dq_lane,27,16,-35.0,-35.0,-35.0,-35.0,-35.0,-35.0,0.0,0.5,fail_higher,0.5,0.0,overlap,0.0,0.0
cntvaluein3_locked_only,skew,abs_dqs_minus_dq_median__clocking_skew__lane0__dqs0__ctrl_none__dqs_vs_dq_lane__value_ps,abs_dqs_minus_dq_median,clocking_skew,lane0,dqs0,,dqs_vs_dq_lane,27,16,35.0,35.0,35.0,35.0,35.0,35.0,0.0,0.5,fail_higher,0.5,0.0,overlap,0.0,0.0
cntvaluein3_locked_only,skew,dq_lane_range__clocking_skew__lane1__no_bit__ctrl_none__dq_lane__value_ps,dq_lane_range,clocking_skew,lane1,,,dq_lane,27,16,0.0,0.0,0.0,0.0,0.0,0.0,0.0,0.5,fail_higher,0.5,0.0,overlap,0.0,0.0
cntvaluein3_locked_only,skew,signed_dqs_minus_dq_median__clocking_skew__lane1__dqs1__ctrl_none__dqs_vs_dq_lane__value_ps,signed_dqs_minus_dq_median,clocking_skew,lane1,dqs1,,dqs_vs_dq_lane,27,16,-35.0,-35.0,-35.0,-35.0,-35.0,-35.0,0.0,0.5,fail_higher,0.5,0.0,overlap,0.0,0.0
cntvaluein3_locked_only,skew,abs_dqs_minus_dq_median__clocking_skew__lane1__dqs1__ctrl_none__dqs_vs_dq_lane__value_ps,abs_dqs_minus_dq_median,clocking_skew,lane1,dqs1,,dqs_vs_dq_lane,27,16,35.0,35.0,35.0,35.0,35.0,35.0,0.0,0.5,fail_higher,0.5,0.0,overlap,0.0,0.0
