comparison,feature_layer,feature,metric,family,lane,bit,control_bit,scope,n_pass,n_fail,pass_min_ps,pass_median_ps,pass_max_ps,fail_min_ps,fail_median_ps,fail_max_ps,fail_minus_pass_median_ps,auc_fail_higher,auc_best_direction,auc_best,cliffs_delta_fail_higher,strict_separation,strict_margin_ps,support_score
baseline_seed_1_30,skew,abs_dqs_minus_dq_bit__idelay_cntvaluein_skew__lane1__dq14__ctrl_3__dqs_vs_dq_bit__value_ps,abs_dqs_minus_dq_bit,idelay_cntvaluein_skew,lane1,dq14,3,dqs_vs_dq_bit,22,8,10.0,142.0,809.0,117.0,363.0,707.0,221.0,0.840909,fail_higher,0.840909,0.681818,overlap,0.0,4.52267
baseline_seed_1_30,skew,abs_ld_minus_cntvaluein_dq_median__idelay_ld_cntvaluein_skew__lane1__no_bit__ctrl_0__ld_vs_cntvaluein_dq_lane__value_ps,abs_ld_minus_cntvaluein_dq_median,idelay_ld_cntvaluein_skew,lane1,,0,ld_vs_cntvaluein_dq_lane,22,8,1.5,233.5,475.0,141.5,336.75,527.0,103.25,0.78125,fail_higher,0.78125,0.5625,overlap,0.0,3.731203
baseline_seed_1_30,skew,abs_dqs_minus_dq_median__idelay_cntvaluein_skew__lane1__dqs1__ctrl_4__dqs_vs_dq_lane__value_ps,abs_dqs_minus_dq_median,idelay_cntvaluein_skew,lane1,dqs1,4,dqs_vs_dq_lane,22,8,61.5,302.5,727.0,5.0,82.75,364.5,-219.75,0.221591,fail_lower,0.778409,-0.556818,overlap,0.0,3.693514
baseline_seed_1_30,skew,abs_dqs_minus_dq_bit__idelay_cntvaluein_skew__lane1__dq12__ctrl_3__dqs_vs_dq_bit__value_ps,abs_dqs_minus_dq_bit,idelay_cntvaluein_skew,lane1,dq12,3,dqs_vs_dq_bit,22,8,34.0,150.0,719.0,140.0,314.5,876.0,164.5,0.772727,fail_higher,0.772727,0.545455,overlap,0.0,3.618136
baseline_seed_1_30,skew,abs_dqs_minus_dq_bit__idelay_cntvaluein_skew__lane0__dq7__ctrl_3__dqs_vs_dq_bit__value_ps,abs_dqs_minus_dq_bit,idelay_cntvaluein_skew,lane0,dq7,3,dqs_vs_dq_bit,22,8,6.0,262.0,731.0,13.0,491.5,1034.0,229.5,0.764205,fail_higher,0.764205,0.528409,overlap,0.0,3.505069
baseline_seed_1_30,skew,abs_ld_minus_cntvaluein_dqs__idelay_ld_cntvaluein_skew__lane0__dqs0__ctrl_0__ld_vs_cntvaluein_dqs__value_ps,abs_ld_minus_cntvaluein_dqs,idelay_ld_cntvaluein_skew,lane0,dqs0,0,ld_vs_cntvaluein_dqs,22,8,11.0,206.5,977.0,211.0,452.0,1009.0,245.5,0.761364,fail_higher,0.761364,0.522727,overlap,0.0,3.46738
baseline_seed_1_30,skew,abs_dqs_minus_dq_bit__idelay_cntvaluein_skew__lane0__dq5__ctrl_2__dqs_vs_dq_bit__value_ps,abs_dqs_minus_dq_bit,idelay_cntvaluein_skew,lane0,dq5,2,dqs_vs_dq_bit,22,8,16.0,165.5,785.0,146.0,332.5,906.0,167.0,0.761364,fail_higher,0.761364,0.522727,overlap,0.0,3.46738
baseline_seed_1_30,skew,abs_dqs_minus_dq_bit__idelay_cntvaluein_skew__lane0__dq0__ctrl_1__dqs_vs_dq_bit__value_ps,abs_dqs_minus_dq_bit,idelay_cntvaluein_skew,lane0,dq0,1,dqs_vs_dq_bit,22,8,26.0,346.5,1034.0,22.0,78.5,675.0,-268.0,0.244318,fail_lower,0.755682,-0.511364,overlap,0.0,3.392003
baseline_seed_1_30,direct,cntvaluein_bus_skew__idelay_dqs_cntvaluein__lane0__dqs0__ctrl_none__dqs0__value_ps,cntvaluein_bus_skew,idelay_dqs_cntvaluein,lane0,dqs0,,dqs0,22,8,220.0,574.0,1157.0,487.0,879.0,1323.0,305.0,0.75,fail_higher,0.75,0.5,overlap,0.0,3.316625
baseline_seed_1_30,direct,lane_spread__idelay_dqs_cntvaluein__lane0__no_bit__ctrl_none__lane__value_ps,lane_spread,idelay_dqs_cntvaluein,lane0,,,lane,22,8,220.0,574.0,1157.0,487.0,879.0,1323.0,305.0,0.75,fail_higher,0.75,0.5,overlap,0.0,3.316625
baseline_seed_1_30,skew,abs_dqs_minus_dq_bit__idelay_cntvaluein_skew__lane1__dq8__ctrl_4__dqs_vs_dq_bit__value_ps,abs_dqs_minus_dq_bit,idelay_cntvaluein_skew,lane1,dq8,4,dqs_vs_dq_bit,22,8,15.0,347.5,873.0,20.0,84.0,383.0,-263.5,0.255682,fail_lower,0.744318,-0.488636,overlap,0.0,3.241247
baseline_seed_1_30,skew,signed_dqs_bus_skew_minus_dq_median__idelay_cntvaluein_skew__lane0__dqs0__ctrl_none__dqs_vs_dq_bus_skew__value_ps,signed_dqs_bus_skew_minus_dq_median,idelay_cntvaluein_skew,lane0,dqs0,,dqs_vs_dq_bus_skew,22,8,-659.0,-130.5,637.0,-30.5,187.0,509.0,317.5,0.738636,fail_higher,0.738636,0.477273,overlap,0.0,3.165869
baseline_seed_1_30,direct,control_fanout_spread__idelay_data_cntvaluein__lane1__no_bit__ctrl_4__lane_control_bit__value_ps,control_fanout_spread,idelay_data_cntvaluein,lane1,,4,lane_control_bit,22,8,192.0,400.0,693.0,358.0,486.0,709.0,86.0,0.732955,fail_higher,0.732955,0.465909,overlap,0.0,3.090491
baseline_seed_1_30,skew,dq_lane_range__idelay_cntvaluein_skew__lane1__no_bit__ctrl_4__dq_lane__value_ps,dq_lane_range,idelay_cntvaluein_skew,lane1,,4,dq_lane,22,8,192.0,400.0,693.0,358.0,486.0,709.0,86.0,0.732955,fail_higher,0.732955,0.465909,overlap,0.0,3.090491
baseline_seed_1_30,skew,abs_dqs_minus_dq_bit__idelay_cntvaluein_skew__lane0__dq6__ctrl_4__dqs_vs_dq_bit__value_ps,abs_dqs_minus_dq_bit,idelay_cntvaluein_skew,lane0,dq6,4,dqs_vs_dq_bit,22,8,95.0,562.5,958.0,28.0,165.0,837.0,-397.5,0.272727,fail_lower,0.727273,-0.454545,overlap,0.0,3.015113
baseline_seed_1_30,skew,signed_dqs_bus_skew_minus_dq_median__idelay_cntvaluein_skew__lane1__dqs1__ctrl_none__dqs_vs_dq_bus_skew__value_ps,signed_dqs_bus_skew_minus_dq_median,idelay_cntvaluein_skew,lane1,dqs1,,dqs_vs_dq_bus_skew,22,8,-532.5,-34.25,323.5,-137.5,133.0,363.5,167.25,0.727273,fail_higher,0.727273,0.454545,overlap,0.0,3.015113
baseline_seed_1_30,skew,abs_ld_minus_cntvaluein_dqs__idelay_ld_cntvaluein_skew__lane1__dqs1__ctrl_4__ld_vs_cntvaluein_dqs__value_ps,abs_ld_minus_cntvaluein_dqs,idelay_ld_cntvaluein_skew,lane1,dqs1,4,ld_vs_cntvaluein_dqs,22,8,41.0,296.0,893.0,25.0,152.5,545.0,-143.5,0.272727,fail_lower,0.727273,-0.454545,overlap,0.0,3.015113
baseline_seed_1_30,skew,abs_dqs_minus_dq_bit__idelay_cntvaluein_skew__lane1__dq15__ctrl_1__dqs_vs_dq_bit__value_ps,abs_dqs_minus_dq_bit,idelay_cntvaluein_skew,lane1,dq15,1,dqs_vs_dq_bit,22,8,18.0,238.0,998.0,43.0,137.0,469.0,-101.0,0.272727,fail_lower,0.727273,-0.454545,overlap,0.0,3.015113
baseline_seed_1_30,skew,abs_dqs_minus_dq_bit__idelay_cntvaluein_skew__lane1__dq10__ctrl_4__dqs_vs_dq_bit__value_ps,abs_dqs_minus_dq_bit,idelay_cntvaluein_skew,lane1,dq10,4,dqs_vs_dq_bit,22,8,7.0,333.0,646.0,28.0,131.5,449.0,-201.5,0.278409,fail_lower,0.721591,-0.443182,overlap,0.0,2.939736
baseline_seed_1_30,direct,cntvaluein_bus_skew__idelay_data_cntvaluein__lane1__dq13__ctrl_none__dq13__value_ps,cntvaluein_bus_skew,idelay_data_cntvaluein,lane1,dq13,,dq13,22,8,130.0,475.0,858.0,166.0,359.0,643.0,-116.0,0.278409,fail_lower,0.721591,-0.443182,overlap,0.0,2.939736
baseline_seed_1_30,direct,control_fanout_spread__idelay_data_cntvaluein__lane0__no_bit__ctrl_4__lane_control_bit__value_ps,control_fanout_spread,idelay_data_cntvaluein,lane0,,4,lane_control_bit,22,8,142.0,378.0,863.0,180.0,281.5,395.0,-96.5,0.278409,fail_lower,0.721591,-0.443182,overlap,0.0,2.939736
baseline_seed_1_30,skew,dq_lane_range__idelay_cntvaluein_skew__lane0__no_bit__ctrl_4__dq_lane__value_ps,dq_lane_range,idelay_cntvaluein_skew,lane0,,4,dq_lane,22,8,142.0,378.0,863.0,180.0,281.5,395.0,-96.5,0.278409,fail_lower,0.721591,-0.443182,overlap,0.0,2.939736
baseline_seed_1_30,skew,abs_dqs_minus_dq_median__idelay_cntvaluein_skew__lane0__dqs0__ctrl_1__dqs_vs_dq_lane__value_ps,abs_dqs_minus_dq_median,idelay_cntvaluein_skew,lane0,dqs0,1,dqs_vs_dq_lane,22,8,52.0,340.5,1163.5,37.5,124.0,533.0,-216.5,0.284091,fail_lower,0.715909,-0.431818,overlap,0.0,2.864358
baseline_seed_1_30,direct,direct_max__idelay_ld__lane0__dq6__ctrl_none__endpoint__value_ps,direct_max,idelay_ld,lane0,dq6,,endpoint,22,8,1304.0,1702.5,2209.0,1355.0,1490.5,2183.0,-212.0,0.284091,fail_lower,0.715909,-0.431818,overlap,0.0,2.864358
baseline_seed_1_30,skew,abs_dqs_minus_dq_bit__idelay_cntvaluein_skew__lane0__dq1__ctrl_0__dqs_vs_dq_bit__value_ps,abs_dqs_minus_dq_bit,idelay_cntvaluein_skew,lane0,dq1,0,dqs_vs_dq_bit,22,8,61.0,256.5,960.0,33.0,112.5,871.0,-144.0,0.284091,fail_lower,0.715909,-0.431818,overlap,0.0,2.864358
baseline_seed_1_30,skew,abs_dqs_minus_dq_bit__idelay_cntvaluein_skew__lane1__dq14__ctrl_4__dqs_vs_dq_bit__value_ps,abs_dqs_minus_dq_bit,idelay_cntvaluein_skew,lane1,dq14,4,dqs_vs_dq_bit,22,8,52.0,319.5,816.0,49.0,179.5,410.0,-140.0,0.284091,fail_lower,0.715909,-0.431818,overlap,0.0,2.864358
baseline_seed_1_30,direct,control_fanout_spread__idelay_data_cntvaluein__lane0__no_bit__ctrl_1__lane_control_bit__value_ps,control_fanout_spread,idelay_data_cntvaluein,lane0,,1,lane_control_bit,22,8,212.0,350.0,768.0,159.0,295.5,500.0,-54.5,0.284091,fail_lower,0.715909,-0.431818,overlap,0.0,2.864358
baseline_seed_1_30,skew,dq_lane_range__idelay_cntvaluein_skew__lane0__no_bit__ctrl_1__dq_lane__value_ps,dq_lane_range,idelay_cntvaluein_skew,lane0,,1,dq_lane,22,8,212.0,350.0,768.0,159.0,295.5,500.0,-54.5,0.284091,fail_lower,0.715909,-0.431818,overlap,0.0,2.864358
baseline_seed_1_30,skew,abs_dqs_minus_dq_bit__idelay_cntvaluein_skew__lane0__dq4__ctrl_1__dqs_vs_dq_bit__value_ps,abs_dqs_minus_dq_bit,idelay_cntvaluein_skew,lane0,dq4,1,dqs_vs_dq_bit,22,8,44.0,449.5,1209.0,39.0,165.0,577.0,-284.5,0.289773,fail_lower,0.710227,-0.420455,overlap,0.0,2.78898
baseline_seed_1_30,skew,abs_dqs_minus_dq_bit__idelay_cntvaluein_skew__lane1__dq12__ctrl_4__dqs_vs_dq_bit__value_ps,abs_dqs_minus_dq_bit,idelay_cntvaluein_skew,lane1,dq12,4,dqs_vs_dq_bit,22,8,18.0,349.5,778.0,2.0,139.0,499.0,-210.5,0.289773,fail_lower,0.710227,-0.420455,overlap,0.0,2.78898
baseline_seed_1_30,direct,cntvaluein_bus_skew__idelay_data_cntvaluein__lane1__dq9__ctrl_none__dq9__value_ps,cntvaluein_bus_skew,idelay_data_cntvaluein,lane1,dq9,,dq9,22,8,117.0,377.5,673.0,153.0,273.5,483.0,-104.0,0.289773,fail_lower,0.710227,-0.420455,overlap,0.0,2.78898
baseline_seed_1_30,direct,direct_max__idelay_data_cntvaluein__lane0__dq5__ctrl_4__endpoint__value_ps,direct_max,idelay_data_cntvaluein,lane0,dq5,4,endpoint,22,8,1100.0,1441.0,2290.0,990.0,1816.0,2132.0,375.0,0.704545,fail_higher,0.704545,0.409091,overlap,0.0,2.713602
baseline_seed_1_30,skew,abs_dqs_minus_dq_bit__idelay_cntvaluein_skew__lane0__dq2__ctrl_1__dqs_vs_dq_bit__value_ps,abs_dqs_minus_dq_bit,idelay_cntvaluein_skew,lane0,dq2,1,dqs_vs_dq_bit,22,8,34.0,396.5,1212.0,49.0,144.5,495.0,-252.0,0.295455,fail_lower,0.704545,-0.409091,overlap,0.0,2.713602
baseline_seed_1_30,skew,signed_dqs_minus_dq_bit__idelay_cntvaluein_skew__lane0__dq1__ctrl_0__dqs_vs_dq_bit__value_ps,signed_dqs_minus_dq_bit,idelay_cntvaluein_skew,lane0,dq1,0,dqs_vs_dq_bit,22,8,-910.0,-169.5,960.0,-163.0,-45.0,871.0,124.5,0.704545,fail_higher,0.704545,0.409091,overlap,0.0,2.713602
baseline_seed_1_30,skew,signed_lane1_minus_lane0_dq_median__idelay_cntvaluein_skew__all__no_bit__ctrl_1__lane1_vs_lane0_dq__value_ps,signed_lane1_minus_lane0_dq_median,idelay_cntvaluein_skew,all,,1,lane1_vs_lane0_dq,22,8,-889.5,-353.75,8.5,-447.5,-257.5,-98.5,96.25,0.704545,fail_higher,0.704545,0.409091,overlap,0.0,2.713602
baseline_seed_1_30,skew,abs_lane1_minus_lane0_dq_median__idelay_cntvaluein_skew__all__no_bit__ctrl_1__lane1_vs_lane0_dq__value_ps,abs_lane1_minus_lane0_dq_median,idelay_cntvaluein_skew,all,,1,lane1_vs_lane0_dq,22,8,8.5,353.75,889.5,98.5,257.5,447.5,-96.25,0.295455,fail_lower,0.704545,-0.409091,overlap,0.0,2.713602
baseline_seed_1_30,skew,abs_dqs_minus_dq_bit__idelay_cntvaluein_skew__lane1__dq10__ctrl_3__dqs_vs_dq_bit__value_ps,abs_dqs_minus_dq_bit,idelay_cntvaluein_skew,lane1,dq10,3,dqs_vs_dq_bit,22,8,12.0,183.5,633.0,54.0,271.5,880.0,88.0,0.698864,fail_higher,0.698864,0.397727,overlap,0.0,2.638224
baseline_seed_1_30,skew,signed_lane1_minus_lane0_dq_median__idelay_cntvaluein_skew__all__no_bit__ctrl_0__lane1_vs_lane0_dq__value_ps,signed_lane1_minus_lane0_dq_median,idelay_cntvaluein_skew,all,,0,lane1_vs_lane0_dq,22,8,-556.0,-272.5,-145.5,-426.0,-204.0,-65.5,68.5,0.698864,fail_higher,0.698864,0.397727,overlap,0.0,2.638224
baseline_seed_1_30,skew,abs_lane1_minus_lane0_dq_median__idelay_cntvaluein_skew__all__no_bit__ctrl_0__lane1_vs_lane0_dq__value_ps,abs_lane1_minus_lane0_dq_median,idelay_cntvaluein_skew,all,,0,lane1_vs_lane0_dq,22,8,145.5,272.5,556.0,65.5,204.0,426.0,-68.5,0.301136,fail_lower,0.698864,-0.397727,overlap,0.0,2.638224
baseline_seed_1_30,skew,abs_dqs_minus_dq_bit__idelay_cntvaluein_skew__lane0__dq3__ctrl_2__dqs_vs_dq_bit__value_ps,abs_dqs_minus_dq_bit,idelay_cntvaluein_skew,lane0,dq3,2,dqs_vs_dq_bit,22,8,8.0,235.0,696.0,174.0,271.5,879.0,36.5,0.698864,fail_higher,0.698864,0.397727,overlap,0.0,2.638224
baseline_seed_1_30,skew,abs_dqs_minus_dq_bit__idelay_cntvaluein_skew__lane0__dq1__ctrl_1__dqs_vs_dq_bit__value_ps,abs_dqs_minus_dq_bit,idelay_cntvaluein_skew,lane0,dq1,1,dqs_vs_dq_bit,22,8,10.0,326.0,1118.0,3.0,124.5,587.0,-201.5,0.303977,fail_lower,0.696023,-0.392045,overlap,0.0,2.600535
baseline_seed_1_30,skew,abs_dqs_minus_dq_bit__idelay_cntvaluein_skew__lane1__dq8__ctrl_3__dqs_vs_dq_bit__value_ps,abs_dqs_minus_dq_bit,idelay_cntvaluein_skew,lane1,dq8,3,dqs_vs_dq_bit,22,8,25.0,183.0,901.0,26.0,332.0,615.0,149.0,0.696023,fail_higher,0.696023,0.392045,overlap,0.0,2.600535
baseline_seed_1_30,skew,abs_dqs_minus_dq_bit__idelay_cntvaluein_skew__lane0__dq4__ctrl_3__dqs_vs_dq_bit__value_ps,abs_dqs_minus_dq_bit,idelay_cntvaluein_skew,lane0,dq4,3,dqs_vs_dq_bit,22,8,3.0,268.0,728.0,51.0,428.5,884.0,160.5,0.693182,fail_higher,0.693182,0.386364,overlap,0.0,2.562846
baseline_seed_1_30,skew,abs_dqs_minus_dq_bit__idelay_cntvaluein_skew__lane0__dq1__ctrl_4__dqs_vs_dq_bit__value_ps,abs_dqs_minus_dq_bit,idelay_cntvaluein_skew,lane0,dq1,4,dqs_vs_dq_bit,22,8,8.0,422.5,896.0,8.0,148.5,754.0,-274.0,0.309659,fail_lower,0.690341,-0.380682,overlap,0.0,2.525158
baseline_seed_1_30,skew,abs_ld_minus_cntvaluein_dq_median__idelay_ld_cntvaluein_skew__lane0__no_bit__ctrl_0__ld_vs_cntvaluein_dq_lane__value_ps,abs_ld_minus_cntvaluein_dq_median,idelay_ld_cntvaluein_skew,lane0,,0,ld_vs_cntvaluein_dq_lane,22,8,18.0,175.5,682.0,154.5,266.5,554.5,91.0,0.690341,fail_higher,0.690341,0.380682,overlap,0.0,2.525158
baseline_seed_1_30,direct,direct_max__idelay_data_cntvaluein__lane0__dq3__ctrl_4__endpoint__value_ps,direct_max,idelay_data_cntvaluein,lane0,dq3,4,endpoint,22,8,1011.0,1435.0,2206.0,1077.0,1739.5,2134.0,304.5,0.6875,fail_higher,0.6875,0.375,overlap,0.0,2.487469
baseline_seed_1_30,skew,abs_dqs_minus_dq_median__idelay_cntvaluein_skew__lane0__dqs0__ctrl_4__dqs_vs_dq_lane__value_ps,abs_dqs_minus_dq_median,idelay_cntvaluein_skew,lane0,dqs0,4,dqs_vs_dq_lane,22,8,9.5,459.0,812.0,11.5,188.25,796.0,-270.75,0.3125,fail_lower,0.6875,-0.375,overlap,0.0,2.487469
baseline_seed_1_30,skew,abs_dqs_minus_dq_bit__idelay_cntvaluein_skew__lane0__dq2__ctrl_4__dqs_vs_dq_bit__value_ps,abs_dqs_minus_dq_bit,idelay_cntvaluein_skew,lane0,dq2,4,dqs_vs_dq_bit,22,8,2.0,494.5,863.0,11.0,227.0,744.0,-267.5,0.3125,fail_lower,0.6875,-0.375,overlap,0.0,2.487469
baseline_seed_1_30,skew,signed_dqs_minus_dq_bit__idelay_cntvaluein_skew__lane1__dq9__ctrl_3__dqs_vs_dq_bit__value_ps,signed_dqs_minus_dq_bit,idelay_cntvaluein_skew,lane1,dq9,3,dqs_vs_dq_bit,22,8,-536.0,73.0,551.0,-299.0,248.0,804.0,175.0,0.6875,fail_higher,0.6875,0.375,overlap,0.0,2.487469
baseline_seed_1_30,skew,abs_dqs_minus_dq_bit__idelay_cntvaluein_skew__lane1__dq11__ctrl_4__dqs_vs_dq_bit__value_ps,abs_dqs_minus_dq_bit,idelay_cntvaluein_skew,lane1,dq11,4,dqs_vs_dq_bit,22,8,10.0,277.5,803.0,18.0,164.0,422.0,-113.5,0.3125,fail_lower,0.6875,-0.375,overlap,0.0,2.487469
baseline_seed_1_30,skew,signed_ld_dqs_minus_dq_median__idelay_ld_skew__lane0__dqs0__ctrl_none__dqs_vs_dq_lane__value_ps,signed_ld_dqs_minus_dq_median,idelay_ld_skew,lane0,dqs0,,dqs_vs_dq_lane,22,8,-308.5,-14.5,236.5,-220.5,-120.25,106.5,-105.75,0.315341,fail_lower,0.684659,-0.369318,overlap,0.0,2.44978
baseline_seed_1_30,skew,signed_ld_minus_cntvaluein_dqs__idelay_ld_cntvaluein_skew__lane0__dqs0__ctrl_0__ld_vs_cntvaluein_dqs__value_ps,signed_ld_minus_cntvaluein_dqs,idelay_ld_cntvaluein_skew,lane0,dqs0,0,ld_vs_cntvaluein_dqs,22,8,-537.0,14.5,977.0,-1009.0,-320.5,474.0,-335.0,0.318182,fail_lower,0.681818,-0.363636,overlap,0.0,2.412091
baseline_seed_1_30,skew,signed_dqs_minus_dq_bit__idelay_cntvaluein_skew__lane0__dq2__ctrl_0__dqs_vs_dq_bit__value_ps,signed_dqs_minus_dq_bit,idelay_cntvaluein_skew,lane0,dq2,0,dqs_vs_dq_bit,22,8,-1005.0,-69.0,778.0,-254.0,125.5,779.0,194.5,0.681818,fail_higher,0.681818,0.363636,overlap,0.0,2.412091
baseline_seed_1_30,direct,direct_max__idelay_data_cntvaluein__lane1__dq11__ctrl_4__endpoint__value_ps,direct_max,idelay_data_cntvaluein,lane1,dq11,4,endpoint,22,8,785.0,1270.0,1950.0,936.0,1463.0,1809.0,193.0,0.681818,fail_higher,0.681818,0.363636,overlap,0.0,2.412091
baseline_seed_1_30,skew,dq_lane_range__iologic_skew__lane1__no_bit__ctrl_none__dq_lane__value_ps,dq_lane_range,iologic_skew,lane1,,,dq_lane,22,8,284.0,515.5,1152.0,385.0,695.5,1162.0,180.0,0.681818,fail_higher,0.681818,0.363636,overlap,0.0,2.412091
baseline_seed_1_30,skew,abs_dqs_minus_dq_bit__idelay_cntvaluein_skew__lane0__dq1__ctrl_3__dqs_vs_dq_bit__value_ps,abs_dqs_minus_dq_bit,idelay_cntvaluein_skew,lane0,dq1,3,dqs_vs_dq_bit,22,8,12.0,227.0,804.0,41.0,406.5,875.0,179.5,0.681818,fail_higher,0.681818,0.363636,overlap,0.0,2.412091
baseline_seed_1_30,direct,direct_max__idelay_ld__lane0__dq2__ctrl_none__endpoint__value_ps,direct_max,idelay_ld,lane0,dq2,,endpoint,22,8,1338.0,1714.0,2115.0,1437.0,1559.5,2217.0,-154.5,0.318182,fail_lower,0.681818,-0.363636,overlap,0.0,2.412091
baseline_seed_1_30,skew,dq_bus_skew_range__idelay_cntvaluein_skew__lane1__no_bit__ctrl_none__dq_lane_bus_skew__value_ps,dq_bus_skew_range,idelay_cntvaluein_skew,lane1,,,dq_lane_bus_skew,22,8,202.0,416.5,761.0,273.0,357.5,525.0,-59.0,0.318182,fail_lower,0.681818,-0.363636,overlap,0.0,2.412091
baseline_seed_1_30,direct,direct_max__idelay_data_cntvaluein__lane1__dq8__ctrl_4__endpoint__value_ps,direct_max,idelay_data_cntvaluein,lane1,dq8,4,endpoint,22,8,989.0,1359.0,2331.0,1192.0,1632.5,1886.0,273.5,0.676136,fail_higher,0.676136,0.352273,overlap,0.0,2.336713
baseline_seed_1_30,skew,abs_ld_minus_cntvaluein_dq_median__idelay_ld_cntvaluein_skew__lane1__no_bit__ctrl_3__ld_vs_cntvaluein_dq_lane__value_ps,abs_ld_minus_cntvaluein_dq_median,idelay_ld_cntvaluein_skew,lane1,,3,ld_vs_cntvaluein_dq_lane,22,8,12.5,114.75,533.5,100.5,259.5,500.0,144.75,0.676136,fail_higher,0.676136,0.352273,overlap,0.0,2.336713
baseline_seed_1_30,skew,abs_dqs_minus_dq_bit__idelay_cntvaluein_skew__lane0__dq5__ctrl_1__dqs_vs_dq_bit__value_ps,abs_dqs_minus_dq_bit,idelay_cntvaluein_skew,lane0,dq5,1,dqs_vs_dq_bit,22,8,58.0,287.0,993.0,46.0,147.0,557.0,-140.0,0.323864,fail_lower,0.676136,-0.352273,overlap,0.0,2.336713
baseline_seed_1_30,direct,cntvaluein_bus_skew__idelay_data_cntvaluein__lane1__dq15__ctrl_none__dq15__value_ps,cntvaluein_bus_skew,idelay_data_cntvaluein,lane1,dq15,,dq15,22,8,147.0,410.0,697.0,132.0,351.0,478.0,-59.0,0.323864,fail_lower,0.676136,-0.352273,overlap,0.0,2.336713
baseline_seed_1_30,direct,direct_max__idelay_data_cntvaluein__lane1__dq14__ctrl_4__endpoint__value_ps,direct_max,idelay_data_cntvaluein,lane1,dq14,4,endpoint,22,8,973.0,1439.5,2155.0,1105.0,1664.0,1896.0,224.5,0.670455,fail_higher,0.670455,0.340909,overlap,0.0,2.261335
baseline_seed_1_30,skew,abs_dqs_minus_dq_bit__idelay_cntvaluein_skew__lane0__dq4__ctrl_4__dqs_vs_dq_bit__value_ps,abs_dqs_minus_dq_bit,idelay_cntvaluein_skew,lane0,dq4,4,dqs_vs_dq_bit,22,8,24.0,469.5,886.0,5.0,264.5,738.0,-205.0,0.329545,fail_lower,0.670455,-0.340909,overlap,0.0,2.261335
baseline_seed_1_30,skew,abs_dqs_minus_dq_bit__idelay_cntvaluein_skew__lane0__dq6__ctrl_1__dqs_vs_dq_bit__value_ps,abs_dqs_minus_dq_bit,idelay_cntvaluein_skew,lane0,dq6,1,dqs_vs_dq_bit,22,8,42.0,355.0,1305.0,28.0,188.5,484.0,-166.5,0.329545,fail_lower,0.670455,-0.340909,overlap,0.0,2.261335
baseline_seed_1_30,skew,abs_dqs_minus_dq_bit__idelay_cntvaluein_skew__lane1__dq11__ctrl_1__dqs_vs_dq_bit__value_ps,abs_dqs_minus_dq_bit,idelay_cntvaluein_skew,lane1,dq11,1,dqs_vs_dq_bit,22,8,16.0,220.5,832.0,5.0,84.0,605.0,-136.5,0.329545,fail_lower,0.670455,-0.340909,overlap,0.0,2.261335
baseline_seed_1_30,skew,abs_ld_minus_cntvaluein_dq_median__idelay_ld_cntvaluein_skew__lane1__no_bit__ctrl_2__ld_vs_cntvaluein_dq_lane__value_ps,abs_ld_minus_cntvaluein_dq_median,idelay_ld_cntvaluein_skew,lane1,,2,ld_vs_cntvaluein_dq_lane,22,8,5.5,233.5,475.5,17.5,351.25,509.0,117.75,0.670455,fail_higher,0.670455,0.340909,overlap,0.0,2.261335
baseline_seed_1_30,skew,abs_ld_minus_cntvaluein_dqs__idelay_ld_cntvaluein_skew__lane0__dqs0__ctrl_3__ld_vs_cntvaluein_dqs__value_ps,abs_ld_minus_cntvaluein_dqs,idelay_ld_cntvaluein_skew,lane0,dqs0,3,ld_vs_cntvaluein_dqs,22,8,12.0,166.0,1378.0,8.0,423.0,678.0,257.0,0.664773,fail_higher,0.664773,0.329545,overlap,0.0,2.185957
baseline_seed_1_30,skew,abs_ld_minus_cntvaluein_dq_median__idelay_ld_cntvaluein_skew__lane0__no_bit__ctrl_2__ld_vs_cntvaluein_dq_lane__value_ps,abs_ld_minus_cntvaluein_dq_median,idelay_ld_cntvaluein_skew,lane0,,2,ld_vs_cntvaluein_dq_lane,22,8,20.0,145.75,779.0,64.5,319.0,702.5,173.25,0.664773,fail_higher,0.664773,0.329545,overlap,0.0,2.185957
baseline_seed_1_30,direct,control_fanout_spread__idelay_data_cntvaluein__lane0__no_bit__ctrl_3__lane_control_bit__value_ps,control_fanout_spread,idelay_data_cntvaluein,lane0,,3,lane_control_bit,22,8,193.0,374.0,624.0,273.0,491.0,691.0,117.0,0.664773,fail_higher,0.664773,0.329545,overlap,0.0,2.185957
baseline_seed_1_30,skew,dq_lane_range__idelay_cntvaluein_skew__lane0__no_bit__ctrl_3__dq_lane__value_ps,dq_lane_range,idelay_cntvaluein_skew,lane0,,3,dq_lane,22,8,193.0,374.0,624.0,273.0,491.0,691.0,117.0,0.664773,fail_higher,0.664773,0.329545,overlap,0.0,2.185957
baseline_seed_1_30,skew,signed_dqs_minus_dq_bit__idelay_cntvaluein_skew__lane0__dq6__ctrl_0__dqs_vs_dq_bit__value_ps,signed_dqs_minus_dq_bit,idelay_cntvaluein_skew,lane0,dq6,0,dqs_vs_dq_bit,22,8,-816.0,-60.5,682.0,-212.0,52.5,744.0,113.0,0.664773,fail_higher,0.664773,0.329545,overlap,0.0,2.185957
baseline_seed_1_30,skew,abs_dqs_minus_dq_bit__idelay_cntvaluein_skew__lane1__dq9__ctrl_3__dqs_vs_dq_bit__value_ps,abs_dqs_minus_dq_bit,idelay_cntvaluein_skew,lane1,dq9,3,dqs_vs_dq_bit,22,8,1.0,194.5,551.0,11.0,286.0,804.0,91.5,0.664773,fail_higher,0.664773,0.329545,overlap,0.0,2.185957
baseline_seed_1_30,skew,abs_dqs_minus_dq_bit__idelay_cntvaluein_skew__lane0__dq0__ctrl_3__dqs_vs_dq_bit__value_ps,abs_dqs_minus_dq_bit,idelay_cntvaluein_skew,lane0,dq0,3,dqs_vs_dq_bit,22,8,25.0,320.5,781.0,132.0,384.5,796.0,64.0,0.664773,fail_higher,0.664773,0.329545,overlap,0.0,2.185957
baseline_seed_1_30,skew,abs_dqs_minus_dq_bit__idelay_cntvaluein_skew__lane0__dq0__ctrl_4__dqs_vs_dq_bit__value_ps,abs_dqs_minus_dq_bit,idelay_cntvaluein_skew,lane0,dq0,4,dqs_vs_dq_bit,22,8,23.0,370.0,791.0,77.0,135.0,755.0,-235.0,0.338068,fail_lower,0.661932,-0.323864,overlap,0.0,2.148268
baseline_seed_1_30,skew,abs_dqs_minus_dq_median__idelay_cntvaluein_skew__lane0__dqs0__ctrl_3__dqs_vs_dq_lane__value_ps,abs_dqs_minus_dq_median,idelay_cntvaluein_skew,lane0,dqs0,3,dqs_vs_dq_lane,22,8,33.5,258.25,729.5,122.5,385.0,865.0,126.75,0.653409,fail_higher,0.653409,0.306818,overlap,0.0,2.035202
baseline_seed_1_30,skew,signed_dqs_minus_dq_median__idelay_cntvaluein_skew__lane0__dqs0__ctrl_0__dqs_vs_dq_lane__value_ps,signed_dqs_minus_dq_median,idelay_cntvaluein_skew,lane0,dqs0,0,dqs_vs_dq_lane,22,8,-923.0,-70.25,869.0,-166.0,16.25,904.0,86.5,0.653409,fail_higher,0.653409,0.306818,overlap,0.0,2.035202
baseline_seed_1_30,direct,direct_max__idelay_dqs_cntvaluein__lane1__dqs1__ctrl_0__endpoint__value_ps,direct_max,idelay_dqs_cntvaluein,lane1,dqs1,0,endpoint,22,8,975.0,1350.0,2062.0,1082.0,1467.5,2325.0,117.5,0.650568,fail_higher,0.650568,0.301136,overlap,0.0,1.997513
baseline_seed_1_30,skew,abs_ld_dqs_minus_dq_median__idelay_ld_skew__lane0__dqs0__ctrl_none__dqs_vs_dq_lane__value_ps,abs_ld_dqs_minus_dq_median,idelay_ld_skew,lane0,dqs0,,dqs_vs_dq_lane,22,8,1.5,65.25,308.5,44.0,120.5,220.5,55.25,0.650568,fail_higher,0.650568,0.301136,overlap,0.0,1.997513
baseline_seed_1_30,skew,abs_dqs_minus_dq_bit__idelay_cntvaluein_skew__lane0__dq0__ctrl_2__dqs_vs_dq_bit__value_ps,abs_dqs_minus_dq_bit,idelay_cntvaluein_skew,lane0,dq0,2,dqs_vs_dq_bit,22,8,2.0,269.5,728.0,67.0,432.5,795.0,163.0,0.647727,fail_higher,0.647727,0.295455,overlap,0.0,1.959824
baseline_seed_1_30,direct,direct_max__idelay_data_cntvaluein__lane1__dq11__ctrl_1__endpoint__value_ps,direct_max,idelay_data_cntvaluein,lane1,dq11,1,endpoint,22,8,1074.0,1313.0,1832.0,953.0,1190.5,1649.0,-122.5,0.352273,fail_lower,0.647727,-0.295455,overlap,0.0,1.959824
baseline_seed_1_30,direct,direct_max__idelay_ld__lane0__dq7__ctrl_none__endpoint__value_ps,direct_max,idelay_ld,lane0,dq7,,endpoint,22,8,1315.0,1746.0,2410.0,1435.0,1625.5,2270.0,-120.5,0.352273,fail_lower,0.647727,-0.295455,overlap,0.0,1.959824
baseline_seed_1_30,skew,abs_ld_minus_cntvaluein_dq_median__idelay_ld_cntvaluein_skew__lane1__no_bit__ctrl_1__ld_vs_cntvaluein_dq_lane__value_ps,abs_ld_minus_cntvaluein_dq_median,idelay_ld_cntvaluein_skew,lane1,,1,ld_vs_cntvaluein_dq_lane,22,8,12.0,245.25,547.5,33.0,360.75,516.5,115.5,0.647727,fail_higher,0.647727,0.295455,overlap,0.0,1.959824
baseline_seed_1_30,skew,abs_dqs_minus_dq_bit__idelay_cntvaluein_skew__lane0__dq7__ctrl_4__dqs_vs_dq_bit__value_ps,abs_dqs_minus_dq_bit,idelay_cntvaluein_skew,lane0,dq7,4,dqs_vs_dq_bit,22,8,43.0,415.0,951.0,28.0,308.5,918.0,-106.5,0.352273,fail_lower,0.647727,-0.295455,overlap,0.0,1.959824
baseline_seed_1_30,skew,signed_dqs_minus_dq_bit__idelay_cntvaluein_skew__lane0__dq4__ctrl_0__dqs_vs_dq_bit__value_ps,signed_dqs_minus_dq_bit,idelay_cntvaluein_skew,lane0,dq4,0,dqs_vs_dq_bit,22,8,-998.0,-91.0,691.0,-209.0,-9.5,937.0,81.5,0.647727,fail_higher,0.647727,0.295455,overlap,0.0,1.959824
baseline_seed_1_30,skew,abs_dqs_minus_dq_bit__idelay_cntvaluein_skew__lane0__dq5__ctrl_4__dqs_vs_dq_bit__value_ps,abs_dqs_minus_dq_bit,idelay_cntvaluein_skew,lane0,dq5,4,dqs_vs_dq_bit,22,8,3.0,424.0,864.0,20.0,217.5,864.0,-206.5,0.355114,fail_lower,0.644886,-0.289773,overlap,0.0,1.922135
baseline_seed_1_30,direct,direct_max__idelay_data_cntvaluein__lane0__dq3__ctrl_1__endpoint__value_ps,direct_max,idelay_data_cntvaluein,lane0,dq3,1,endpoint,22,8,1031.0,1506.0,2131.0,1154.0,1369.5,1807.0,-136.5,0.357955,fail_lower,0.642045,-0.284091,overlap,0.0,1.884446
baseline_seed_1_30,direct,direct_max__idelay_data_cntvaluein__lane1__dq9__ctrl_3__endpoint__value_ps,direct_max,idelay_data_cntvaluein,lane1,dq9,3,endpoint,22,8,1062.0,1339.0,1815.0,894.0,1208.0,1590.0,-131.0,0.357955,fail_lower,0.642045,-0.284091,overlap,0.0,1.884446
baseline_seed_1_30,direct,direct_max__idelay_data_cntvaluein__lane1__dq13__ctrl_4__endpoint__value_ps,direct_max,idelay_data_cntvaluein,lane1,dq13,4,endpoint,22,8,873.0,1331.5,2038.0,848.0,1455.0,1896.0,123.5,0.642045,fail_higher,0.642045,0.284091,overlap,0.0,1.884446
baseline_seed_1_30,direct,direct_max__idelay_data_cntvaluein__lane0__dq5__ctrl_1__endpoint__value_ps,direct_max,idelay_data_cntvaluein,lane0,dq5,1,endpoint,22,8,1116.0,1569.5,2051.0,1235.0,1454.5,1791.0,-115.0,0.357955,fail_lower,0.642045,-0.284091,overlap,0.0,1.884446
baseline_seed_1_30,skew,abs_dqs_bus_skew_minus_dq_median__idelay_cntvaluein_skew__lane0__dqs0__ctrl_none__dqs_vs_dq_bus_skew__value_ps,abs_dqs_bus_skew_minus_dq_median,idelay_cntvaluein_skew,lane0,dqs0,,dqs_vs_dq_bus_skew,22,8,62.5,291.5,659.0,28.5,187.0,509.0,-104.5,0.357955,fail_lower,0.642045,-0.284091,overlap,0.0,1.884446
baseline_seed_1_30,skew,abs_dqs_minus_dq_median__idelay_cntvaluein_skew__lane1__dqs1__ctrl_3__dqs_vs_dq_lane__value_ps,abs_dqs_minus_dq_median,idelay_cntvaluein_skew,lane1,dqs1,3,dqs_vs_dq_lane,22,8,0.0,137.25,603.5,93.0,240.75,796.5,103.5,0.642045,fail_higher,0.642045,0.284091,overlap,0.0,1.884446
baseline_seed_1_30,direct,direct_max__dq_iologic__lane1__dq11__ctrl_none__endpoint__value_ps,direct_max,dq_iologic,lane1,dq11,,endpoint,22,8,2223.0,2460.0,3805.0,2325.0,2714.0,3190.0,254.0,0.636364,fail_higher,0.636364,0.272727,overlap,0.0,1.809068
baseline_seed_1_30,direct,direct_max__idelay_data_cntvaluein__lane0__dq4__ctrl_4__endpoint__value_ps,direct_max,idelay_data_cntvaluein,lane0,dq4,4,endpoint,22,8,1024.0,1636.0,2358.0,1184.0,1961.5,2161.0,325.5,0.633523,fail_higher,0.633523,0.267045,overlap,0.0,1.771379
baseline_seed_1_30,skew,abs_ld_minus_cntvaluein_dqs__idelay_ld_cntvaluein_skew__lane1__dqs1__ctrl_2__ld_vs_cntvaluein_dqs__value_ps,abs_ld_minus_cntvaluein_dqs,idelay_ld_cntvaluein_skew,lane1,dqs1,2,ld_vs_cntvaluein_dqs,22,8,11.0,218.5,755.0,47.0,413.0,599.0,194.5,0.630682,fail_higher,0.630682,0.261364,overlap,0.0,1.73369
baseline_seed_1_30,direct,direct_max__idelay_dqs_cntvaluein__lane1__dqs1__ctrl_4__endpoint__value_ps,direct_max,idelay_dqs_cntvaluein,lane1,dqs1,4,endpoint,22,8,1004.0,1222.5,1789.0,1154.0,1415.5,1644.0,193.0,0.630682,fail_higher,0.630682,0.261364,overlap,0.0,1.73369
baseline_seed_1_30,skew,signed_dqs_minus_dq_bit__idelay_cntvaluein_skew__lane1__dq15__ctrl_3__dqs_vs_dq_bit__value_ps,signed_dqs_minus_dq_bit,idelay_cntvaluein_skew,lane1,dq15,3,dqs_vs_dq_bit,22,8,-619.0,94.5,772.0,-207.0,261.5,886.0,167.0,0.630682,fail_higher,0.630682,0.261364,overlap,0.0,1.73369
baseline_seed_1_30,skew,abs_dqs_minus_dq_bit__idelay_cntvaluein_skew__lane0__dq7__ctrl_1__dqs_vs_dq_bit__value_ps,abs_dqs_minus_dq_bit,idelay_cntvaluein_skew,lane0,dq7,1,dqs_vs_dq_bit,22,8,15.0,355.0,1302.0,0.0,191.5,571.0,-163.5,0.369318,fail_lower,0.630682,-0.261364,overlap,0.0,1.73369
baseline_seed_1_30,direct,direct_max__idelay_data_cntvaluein__lane0__dq1__ctrl_1__endpoint__value_ps,direct_max,idelay_data_cntvaluein,lane0,dq1,1,endpoint,22,8,1141.0,1687.0,2632.0,1133.0,1602.5,1950.0,-84.5,0.369318,fail_lower,0.630682,-0.261364,overlap,0.0,1.73369
baseline_seed_1_30,skew,abs_ld_minus_cntvaluein_dq_median__idelay_ld_cntvaluein_skew__lane1__no_bit__ctrl_4__ld_vs_cntvaluein_dq_lane__value_ps,abs_ld_minus_cntvaluein_dq_median,idelay_ld_cntvaluein_skew,lane1,,4,ld_vs_cntvaluein_dq_lane,22,8,3.0,284.25,619.5,25.0,224.25,521.0,-60.0,0.369318,fail_lower,0.630682,-0.261364,overlap,0.0,1.73369
baseline_seed_1_30,direct,direct_max__idelay_data_cntvaluein__lane0__dq2__ctrl_1__endpoint__value_ps,direct_max,idelay_data_cntvaluein,lane0,dq2,1,endpoint,22,8,1200.0,1718.5,2726.0,1228.0,1655.0,1858.0,-63.5,0.372159,fail_lower,0.627841,-0.255682,overlap,0.0,1.696001
baseline_seed_1_30,direct,direct_max__idelay_data_cntvaluein__lane0__dq4__ctrl_1__endpoint__value_ps,direct_max,idelay_data_cntvaluein,lane0,dq4,1,endpoint,22,8,1172.0,1706.0,2723.0,1218.0,1643.5,1940.0,-62.5,0.372159,fail_lower,0.627841,-0.255682,overlap,0.0,1.696001
baseline_seed_1_30,direct,direct_max__idelay_data_cntvaluein__lane0__dq7__ctrl_4__endpoint__value_ps,direct_max,idelay_data_cntvaluein,lane0,dq7,4,endpoint,22,8,944.0,1703.5,2446.0,1279.0,2047.0,2256.0,343.5,0.625,fail_higher,0.625,0.25,overlap,0.0,1.658312
baseline_seed_1_30,skew,signed_ld_minus_cntvaluein_dqs__idelay_ld_cntvaluein_skew__lane0__dqs0__ctrl_3__ld_vs_cntvaluein_dqs__value_ps,signed_ld_minus_cntvaluein_dqs,idelay_ld_cntvaluein_skew,lane0,dqs0,3,ld_vs_cntvaluein_dqs,22,8,-588.0,-34.5,1378.0,-678.0,-332.0,542.0,-297.5,0.375,fail_lower,0.625,-0.25,overlap,0.0,1.658312
baseline_seed_1_30,direct,direct_max__idelay_data_cntvaluein__lane1__dq12__ctrl_4__endpoint__value_ps,direct_max,idelay_data_cntvaluein,lane1,dq12,4,endpoint,22,8,953.0,1446.0,2236.0,1093.0,1606.5,1870.0,160.5,0.625,fail_higher,0.625,0.25,overlap,0.0,1.658312
baseline_seed_1_30,skew,abs_dqs_minus_dq_bit__idelay_cntvaluein_skew__lane0__dq3__ctrl_4__dqs_vs_dq_bit__value_ps,abs_dqs_minus_dq_bit,idelay_cntvaluein_skew,lane0,dq3,4,dqs_vs_dq_bit,22,8,21.0,380.0,785.0,8.0,221.0,866.0,-159.0,0.375,fail_lower,0.625,-0.25,overlap,0.0,1.658312
baseline_seed_1_30,direct,cntvaluein_bus_skew__idelay_data_cntvaluein__lane0__dq2__ctrl_none__dq2__value_ps,cntvaluein_bus_skew,idelay_data_cntvaluein,lane0,dq2,,dq2,22,8,306.0,659.0,1179.0,268.0,515.5,968.0,-143.5,0.375,fail_lower,0.625,-0.25,overlap,0.0,1.658312
baseline_seed_1_30,skew,abs_ld_minus_cntvaluein_dq_median__idelay_ld_cntvaluein_skew__lane0__no_bit__ctrl_1__ld_vs_cntvaluein_dq_lane__value_ps,abs_ld_minus_cntvaluein_dq_median,idelay_ld_cntvaluein_skew,lane0,,1,ld_vs_cntvaluein_dq_lane,22,8,3.5,331.0,884.0,34.0,207.75,394.5,-123.25,0.375,fail_lower,0.625,-0.25,overlap,0.0,1.658312
baseline_seed_1_30,skew,abs_dqs_minus_dq_median__idelay_cntvaluein_skew__lane1__dqs1__ctrl_1__dqs_vs_dq_lane__value_ps,abs_dqs_minus_dq_median,idelay_cntvaluein_skew,lane1,dqs1,1,dqs_vs_dq_lane,22,8,30.5,213.25,892.0,21.0,131.5,488.5,-81.75,0.375,fail_lower,0.625,-0.25,overlap,0.0,1.658312
baseline_seed_1_30,direct,direct_max__idelay_ld__lane0__dqs0__ctrl_none__endpoint__value_ps,direct_max,idelay_ld,lane0,dqs0,,endpoint,22,8,1353.0,1549.5,2302.0,1296.0,1518.5,2091.0,-31.0,0.375,fail_lower,0.625,-0.25,overlap,0.0,1.658312
baseline_seed_1_30,skew,abs_dqs_minus_dq_bit__idelay_cntvaluein_skew__lane1__dq13__ctrl_3__dqs_vs_dq_bit__value_ps,abs_dqs_minus_dq_bit,idelay_cntvaluein_skew,lane1,dq13,3,dqs_vs_dq_bit,22,8,1.0,171.5,574.0,79.0,165.5,704.0,-6.0,0.625,fail_higher,0.625,0.25,overlap,0.0,1.658312
baseline_seed_1_30,direct,direct_max__idelay_ld__lane1__dq9__ctrl_none__endpoint__value_ps,direct_max,idelay_ld,lane1,dq9,,endpoint,22,8,1013.0,1363.5,1797.0,1042.0,1154.0,1700.0,-209.5,0.377841,fail_lower,0.622159,-0.244318,overlap,0.0,1.620623
baseline_seed_1_30,direct,direct_max__idelay_data_cntvaluein__lane1__dq10__ctrl_1__endpoint__value_ps,direct_max,idelay_data_cntvaluein,lane1,dq10,1,endpoint,22,8,963.0,1444.5,1998.0,1013.0,1248.5,1843.0,-196.0,0.380682,fail_lower,0.619318,-0.238636,overlap,0.0,1.582935
baseline_seed_1_30,direct,direct_max__idelay_data_cntvaluein__lane1__dq10__ctrl_4__endpoint__value_ps,direct_max,idelay_data_cntvaluein,lane1,dq10,4,endpoint,22,8,945.0,1374.5,2062.0,1009.0,1562.0,1820.0,187.5,0.619318,fail_higher,0.619318,0.238636,overlap,0.0,1.582935
baseline_seed_1_30,direct,direct_max__idelay_dqs_cntvaluein__lane0__dqs0__ctrl_0__endpoint__value_ps,direct_max,idelay_dqs_cntvaluein,lane0,dqs0,0,endpoint,22,8,958.0,1611.5,2061.0,1085.0,1743.5,2591.0,132.0,0.619318,fail_higher,0.619318,0.238636,overlap,0.0,1.582935
baseline_seed_1_30,direct,cntvaluein_bus_skew__idelay_data_cntvaluein__lane1__dq10__ctrl_none__dq10__value_ps,cntvaluein_bus_skew,idelay_data_cntvaluein,lane1,dq10,,dq10,22,8,272.0,565.5,1075.0,227.0,465.5,808.0,-100.0,0.380682,fail_lower,0.619318,-0.238636,overlap,0.0,1.582935
baseline_seed_1_30,skew,signed_dqs_minus_dq_bit__idelay_cntvaluein_skew__lane1__dq9__ctrl_0__dqs_vs_dq_bit__value_ps,signed_dqs_minus_dq_bit,idelay_cntvaluein_skew,lane1,dq9,0,dqs_vs_dq_bit,22,8,-585.0,137.5,715.0,-184.0,236.0,1018.0,98.5,0.619318,fail_higher,0.619318,0.238636,overlap,0.0,1.582935
baseline_seed_1_30,direct,cntvaluein_bus_skew__idelay_data_cntvaluein__lane0__dq0__ctrl_none__dq0__value_ps,cntvaluein_bus_skew,idelay_data_cntvaluein,lane0,dq0,,dq0,22,8,388.0,651.5,1185.0,283.0,602.0,995.0,-49.5,0.380682,fail_lower,0.619318,-0.238636,overlap,0.0,1.582935
baseline_seed_1_30,skew,abs_dqs_minus_dq_bit__idelay_cntvaluein_skew__lane1__dq15__ctrl_3__dqs_vs_dq_bit__value_ps,abs_dqs_minus_dq_bit,idelay_cntvaluein_skew,lane1,dq15,3,dqs_vs_dq_bit,22,8,3.0,228.5,772.0,56.0,261.5,886.0,33.0,0.619318,fail_higher,0.619318,0.238636,overlap,0.0,1.582935
baseline_seed_1_30,direct,lane_spread__idelay_data_cntvaluein__lane1__no_bit__ctrl_none__lane__value_ps,lane_spread,idelay_data_cntvaluein,lane1,,,lane,22,8,591.0,877.5,1332.0,510.0,857.5,1042.0,-20.0,0.380682,fail_lower,0.619318,-0.238636,overlap,0.0,1.582935
baseline_seed_1_30,direct,cntvaluein_bus_skew__idelay_data_cntvaluein__lane0__dq3__ctrl_none__dq3__value_ps,cntvaluein_bus_skew,idelay_data_cntvaluein,lane0,dq3,,dq3,22,8,293.0,628.5,1249.0,303.0,496.5,853.0,-132.0,0.386364,fail_lower,0.613636,-0.227273,overlap,0.0,1.507557
baseline_seed_1_30,direct,direct_max__dq_iologic__lane1__dq15__ctrl_none__endpoint__value_ps,direct_max,dq_iologic,lane1,dq15,,endpoint,22,8,1904.0,2416.0,3944.0,1942.0,2513.5,3326.0,97.5,0.613636,fail_higher,0.613636,0.227273,overlap,0.0,1.507557
baseline_seed_1_30,direct,direct_max__idelay_data_cntvaluein__lane0__dq7__ctrl_1__endpoint__value_ps,direct_max,idelay_data_cntvaluein,lane0,dq7,1,endpoint,22,8,1291.0,1809.5,2816.0,1312.0,1720.0,1934.0,-89.5,0.386364,fail_lower,0.613636,-0.227273,overlap,0.0,1.507557
baseline_seed_1_30,direct,direct_max__idelay_data_cntvaluein__lane1__dq13__ctrl_1__endpoint__value_ps,direct_max,idelay_data_cntvaluein,lane1,dq13,1,endpoint,22,8,1136.0,1364.5,1703.0,941.0,1282.5,1731.0,-82.0,0.386364,fail_lower,0.613636,-0.227273,overlap,0.0,1.507557
baseline_seed_1_30,skew,abs_dqs_minus_dq_bit__idelay_cntvaluein_skew__lane1__dq12__ctrl_1__dqs_vs_dq_bit__value_ps,abs_dqs_minus_dq_bit,idelay_cntvaluein_skew,lane1,dq12,1,dqs_vs_dq_bit,22,8,41.0,288.0,760.0,16.0,210.5,508.0,-77.5,0.386364,fail_lower,0.613636,-0.227273,overlap,0.0,1.507557
baseline_seed_1_30,skew,abs_dqs_minus_dq_median__iologic_skew__lane1__dqs1__ctrl_none__dqs_vs_dq_lane__value_ps,abs_dqs_minus_dq_median,iologic_skew,lane1,dqs1,,dqs_vs_dq_lane,22,8,0.0,210.25,1416.0,85.5,285.5,706.0,75.25,0.613636,fail_higher,0.613636,0.227273,overlap,0.0,1.507557
baseline_seed_1_30,direct,direct_max__idelay_data_cntvaluein__lane0__dq1__ctrl_4__endpoint__value_ps,direct_max,idelay_data_cntvaluein,lane0,dq1,4,endpoint,22,8,1082.0,1680.5,2388.0,1095.0,1938.5,2135.0,258.0,0.610795,fail_higher,0.610795,0.221591,overlap,0.0,1.469868
baseline_seed_1_30,direct,direct_max__idelay_data_cntvaluein__lane1__dq15__ctrl_3__endpoint__value_ps,direct_max,idelay_data_cntvaluein,lane1,dq15,3,endpoint,22,8,958.0,1294.5,1898.0,810.0,1200.0,1559.0,-94.5,0.389205,fail_lower,0.610795,-0.221591,overlap,0.0,1.469868
baseline_seed_1_30,skew,abs_lane1_minus_lane0_dqs__idelay_cntvaluein_skew__all__no_bit__ctrl_1__lane1_vs_lane0_dqs__value_ps,abs_lane1_minus_lane0_dqs,idelay_cntvaluein_skew,all,,1,lane1_vs_lane0_dqs,22,8,8.0,275.0,447.0,85.0,232.0,414.0,-43.0,0.389205,fail_lower,0.610795,-0.221591,overlap,0.0,1.469868
baseline_seed_1_30,skew,signed_ld_minus_cntvaluein_dqs__idelay_ld_cntvaluein_skew__lane0__dqs0__ctrl_4__ld_vs_cntvaluein_dqs__value_ps,signed_ld_minus_cntvaluein_dqs,idelay_ld_cntvaluein_skew,lane0,dqs0,4,ld_vs_cntvaluein_dqs,22,8,-784.0,72.0,1151.0,-496.0,-178.0,314.0,-250.0,0.392045,fail_lower,0.607955,-0.215909,overlap,0.0,1.432179
baseline_seed_1_30,skew,signed_dqs_minus_dq_bit__idelay_cntvaluein_skew__lane1__dq14__ctrl_3__dqs_vs_dq_bit__value_ps,signed_dqs_minus_dq_bit,idelay_cntvaluein_skew,lane1,dq14,3,dqs_vs_dq_bit,22,8,-809.0,-36.5,351.0,-480.0,-278.0,707.0,-241.5,0.392045,fail_lower,0.607955,-0.215909,overlap,0.0,1.432179
baseline_seed_1_30,direct,direct_max__dqs_iologic__lane1__dqs1__ctrl_none__endpoint__value_ps,direct_max,dqs_iologic,lane1,dqs1,,endpoint,22,8,2121.0,2781.5,3884.0,2542.0,3007.5,3150.0,226.0,0.607955,fail_higher,0.607955,0.215909,overlap,0.0,1.432179
baseline_seed_1_30,direct,lane_spread__dqs_iologic__lane1__no_bit__ctrl_none__lane__value_ps,lane_spread,dqs_iologic,lane1,,,lane,22,8,2121.0,2781.5,3884.0,2542.0,3007.5,3150.0,226.0,0.607955,fail_higher,0.607955,0.215909,overlap,0.0,1.432179
baseline_seed_1_30,direct,control_fanout_spread__idelay_data_cntvaluein__lane1__no_bit__ctrl_0__lane_control_bit__value_ps,control_fanout_spread,idelay_data_cntvaluein,lane1,,0,lane_control_bit,22,8,140.0,378.5,781.0,211.0,476.5,693.0,98.0,0.607955,fail_higher,0.607955,0.215909,overlap,0.0,1.432179
baseline_seed_1_30,skew,dq_lane_range__idelay_cntvaluein_skew__lane1__no_bit__ctrl_0__dq_lane__value_ps,dq_lane_range,idelay_cntvaluein_skew,lane1,,0,dq_lane,22,8,140.0,378.5,781.0,211.0,476.5,693.0,98.0,0.607955,fail_higher,0.607955,0.215909,overlap,0.0,1.432179
baseline_seed_1_30,skew,abs_dqs_minus_dq_bit__idelay_cntvaluein_skew__lane0__dq6__ctrl_0__dqs_vs_dq_bit__value_ps,abs_dqs_minus_dq_bit,idelay_cntvaluein_skew,lane0,dq6,0,dqs_vs_dq_bit,22,8,20.0,268.0,816.0,9.0,177.0,744.0,-91.0,0.392045,fail_lower,0.607955,-0.215909,overlap,0.0,1.432179
baseline_seed_1_30,skew,abs_dqs_minus_dq_bit__idelay_cntvaluein_skew__lane1__dq13__ctrl_4__dqs_vs_dq_bit__value_ps,abs_dqs_minus_dq_bit,idelay_cntvaluein_skew,lane1,dq13,4,dqs_vs_dq_bit,22,8,60.0,278.0,795.0,0.0,192.5,510.0,-85.5,0.392045,fail_lower,0.607955,-0.215909,overlap,0.0,1.432179
baseline_seed_1_30,skew,signed_lane1_minus_lane0_dqs__idelay_cntvaluein_skew__all__no_bit__ctrl_1__lane1_vs_lane0_dqs__value_ps,signed_lane1_minus_lane0_dqs,idelay_cntvaluein_skew,all,,1,lane1_vs_lane0_dqs,22,8,-447.0,-275.0,85.0,-414.0,-232.0,-85.0,43.0,0.607955,fail_higher,0.607955,0.215909,overlap,0.0,1.432179
baseline_seed_1_30,skew,abs_dqs_minus_dq_bit__idelay_cntvaluein_skew__lane1__dq9__ctrl_1__dqs_vs_dq_bit__value_ps,abs_dqs_minus_dq_bit,idelay_cntvaluein_skew,lane1,dq9,1,dqs_vs_dq_bit,22,8,28.0,232.5,906.0,21.0,191.0,377.0,-41.5,0.392045,fail_lower,0.607955,-0.215909,overlap,0.0,1.432179
baseline_seed_1_30,skew,ld_dq_lane_range__idelay_ld_skew__lane0__no_bit__ctrl_none__dq_lane__value_ps,ld_dq_lane_range,idelay_ld_skew,lane0,,,dq_lane,22,8,191.0,349.0,705.0,232.0,378.0,474.0,29.0,0.607955,fail_higher,0.607955,0.215909,overlap,0.0,1.432179
baseline_seed_1_30,direct,control_fanout_spread__idelay_data_cntvaluein__lane0__no_bit__ctrl_0__lane_control_bit__value_ps,control_fanout_spread,idelay_data_cntvaluein,lane0,,0,lane_control_bit,22,8,220.0,366.0,626.0,181.0,338.0,404.0,-28.0,0.392045,fail_lower,0.607955,-0.215909,overlap,0.0,1.432179
baseline_seed_1_30,skew,dq_lane_range__idelay_cntvaluein_skew__lane0__no_bit__ctrl_0__dq_lane__value_ps,dq_lane_range,idelay_cntvaluein_skew,lane0,,0,dq_lane,22,8,220.0,366.0,626.0,181.0,338.0,404.0,-28.0,0.392045,fail_lower,0.607955,-0.215909,overlap,0.0,1.432179
baseline_seed_1_30,direct,direct_max__idelay_data_cntvaluein__lane0__dq0__ctrl_4__endpoint__value_ps,direct_max,idelay_data_cntvaluein,lane0,dq0,4,endpoint,22,8,1128.0,1615.0,2384.0,1088.0,1922.0,2076.0,307.0,0.605114,fail_higher,0.605114,0.210227,overlap,0.0,1.39449
baseline_seed_1_30,direct,lane_spread__idelay_ld__lane0__no_bit__ctrl_none__lane__value_ps,lane_spread,idelay_ld,lane0,,,lane,22,8,220.0,361.5,705.0,232.0,386.5,501.0,25.0,0.605114,fail_higher,0.605114,0.210227,overlap,0.0,1.39449
baseline_seed_1_30,skew,signed_ld_minus_cntvaluein_dqs__idelay_ld_cntvaluein_skew__lane1__dqs1__ctrl_0__ld_vs_cntvaluein_dqs__value_ps,signed_ld_minus_cntvaluein_dqs,idelay_ld_cntvaluein_skew,lane1,dqs1,0,ld_vs_cntvaluein_dqs,22,8,-484.0,141.0,988.0,-409.0,-147.5,488.0,-288.5,0.397727,fail_lower,0.602273,-0.204545,overlap,0.0,1.356801
baseline_seed_1_30,skew,signed_dqs_minus_dq_bit__idelay_cntvaluein_skew__lane0__dq5__ctrl_4__dqs_vs_dq_bit__value_ps,signed_dqs_minus_dq_bit,idelay_cntvaluein_skew,lane0,dq5,4,dqs_vs_dq_bit,22,8,-674.0,156.5,864.0,-864.0,-50.5,291.0,-207.0,0.397727,fail_lower,0.602273,-0.204545,overlap,0.0,1.356801
baseline_seed_1_30,skew,signed_ld_minus_cntvaluein_dq_median__idelay_ld_cntvaluein_skew__lane1__no_bit__ctrl_1__ld_vs_cntvaluein_dq_lane__value_ps,signed_ld_minus_cntvaluein_dq_median,idelay_ld_cntvaluein_skew,lane1,,1,ld_vs_cntvaluein_dq_lane,22,8,-412.0,134.0,547.5,-328.5,324.5,516.5,190.5,0.602273,fail_higher,0.602273,0.204545,overlap,0.0,1.356801
baseline_seed_1_30,skew,signed_ld_minus_cntvaluein_dq_median__idelay_ld_cntvaluein_skew__lane0__no_bit__ctrl_4__ld_vs_cntvaluein_dq_lane__value_ps,signed_ld_minus_cntvaluein_dq_median,idelay_ld_cntvaluein_skew,lane0,,4,ld_vs_cntvaluein_dq_lane,22,8,-765.5,81.5,862.0,-588.5,-90.0,378.0,-171.5,0.397727,fail_lower,0.602273,-0.204545,overlap,0.0,1.356801
baseline_seed_1_30,direct,direct_max__idelay_data_cntvaluein__lane0__dq6__ctrl_1__endpoint__value_ps,direct_max,idelay_data_cntvaluein,lane0,dq6,1,endpoint,22,8,1208.0,1809.0,2819.0,1144.0,1720.0,1894.0,-89.0,0.397727,fail_lower,0.602273,-0.204545,overlap,0.0,1.356801
baseline_seed_1_30,direct,cntvaluein_bus_skew__idelay_dqs_cntvaluein__lane1__dqs1__ctrl_none__dqs1__value_ps,cntvaluein_bus_skew,idelay_dqs_cntvaluein,lane1,dqs1,,dqs1,22,8,183.0,520.5,731.0,378.0,548.5,970.0,28.0,0.602273,fail_higher,0.602273,0.204545,overlap,0.0,1.356801
baseline_seed_1_30,direct,lane_spread__idelay_dqs_cntvaluein__lane1__no_bit__ctrl_none__lane__value_ps,lane_spread,idelay_dqs_cntvaluein,lane1,,,lane,22,8,183.0,520.5,731.0,378.0,548.5,970.0,28.0,0.602273,fail_higher,0.602273,0.204545,overlap,0.0,1.356801
baseline_seed_1_30,direct,direct_max__idelay_data_cntvaluein__lane0__dq0__ctrl_1__endpoint__value_ps,direct_max,idelay_data_cntvaluein,lane0,dq0,1,endpoint,22,8,1039.0,1687.0,2548.0,1215.0,1603.5,2038.0,-83.5,0.400568,fail_lower,0.599432,-0.198864,overlap,0.0,1.319112
baseline_seed_1_30,skew,ld_dq_lane_range__idelay_ld_skew__lane1__no_bit__ctrl_none__dq_lane__value_ps,ld_dq_lane_range,idelay_ld_skew,lane1,,,dq_lane,22,8,146.0,353.5,706.0,316.0,421.0,617.0,67.5,0.599432,fail_higher,0.599432,0.198864,overlap,0.0,1.319112
baseline_seed_1_30,direct,direct_max__dq_iologic__lane0__dq6__ctrl_none__endpoint__value_ps,direct_max,dq_iologic,lane0,dq6,,endpoint,22,8,1638.0,1952.0,4176.0,1738.0,2119.5,2815.0,167.5,0.596591,fail_higher,0.596591,0.193182,overlap,0.0,1.281423
baseline_seed_1_30,skew,abs_dqs_minus_dq_bit__idelay_cntvaluein_skew__lane1__dq9__ctrl_4__dqs_vs_dq_bit__value_ps,abs_dqs_minus_dq_bit,idelay_cntvaluein_skew,lane1,dq9,4,dqs_vs_dq_bit,22,8,27.0,265.5,821.0,13.0,234.5,647.0,-31.0,0.403409,fail_lower,0.596591,-0.193182,overlap,0.0,1.281423
baseline_seed_1_30,direct,direct_max__idelay_data_cntvaluein__lane1__dq15__ctrl_4__endpoint__value_ps,direct_max,idelay_data_cntvaluein,lane1,dq15,4,endpoint,22,8,739.0,1228.0,1886.0,799.0,1383.5,1419.0,155.5,0.59375,fail_higher,0.59375,0.1875,overlap,0.0,1.243734
baseline_seed_1_30,skew,abs_dqs_minus_dq_bit__idelay_cntvaluein_skew__lane1__dq14__ctrl_1__dqs_vs_dq_bit__value_ps,abs_dqs_minus_dq_bit,idelay_cntvaluein_skew,lane1,dq14,1,dqs_vs_dq_bit,22,8,18.0,324.5,878.0,11.0,302.0,572.0,-22.5,0.40625,fail_lower,0.59375,-0.1875,overlap,0.0,1.243734
baseline_seed_1_30,direct,direct_max__idelay_data_cntvaluein__lane0__dq2__ctrl_4__endpoint__value_ps,direct_max,idelay_data_cntvaluein,lane0,dq2,4,endpoint,22,8,1225.0,1697.5,2358.0,1190.0,1933.5,2049.0,236.0,0.590909,fail_higher,0.590909,0.181818,overlap,0.0,1.206045
baseline_seed_1_30,skew,abs_dqs_minus_dq_bit__idelay_cntvaluein_skew__lane0__dq1__ctrl_2__dqs_vs_dq_bit__value_ps,abs_dqs_minus_dq_bit,idelay_cntvaluein_skew,lane0,dq1,2,dqs_vs_dq_bit,22,8,3.0,283.5,863.0,26.0,437.5,880.0,154.0,0.590909,fail_higher,0.590909,0.181818,overlap,0.0,1.206045
baseline_seed_1_30,skew,abs_dqs_minus_dq_bit__idelay_cntvaluein_skew__lane0__dq2__ctrl_3__dqs_vs_dq_bit__value_ps,abs_dqs_minus_dq_bit,idelay_cntvaluein_skew,lane0,dq2,3,dqs_vs_dq_bit,22,8,5.0,268.0,646.0,29.0,404.5,781.0,136.5,0.590909,fail_higher,0.590909,0.181818,overlap,0.0,1.206045
baseline_seed_1_30,skew,signed_dqs_minus_dq_bit__idelay_cntvaluein_skew__lane0__dq3__ctrl_4__dqs_vs_dq_bit__value_ps,signed_dqs_minus_dq_bit,idelay_cntvaluein_skew,lane0,dq3,4,dqs_vs_dq_bit,22,8,-585.0,80.0,785.0,-866.0,-21.5,380.0,-101.5,0.409091,fail_lower,0.590909,-0.181818,overlap,0.0,1.206045
baseline_seed_1_30,skew,abs_dqs_minus_dq_bit__idelay_cntvaluein_skew__lane1__dq13__ctrl_2__dqs_vs_dq_bit__value_ps,abs_dqs_minus_dq_bit,idelay_cntvaluein_skew,lane1,dq13,2,dqs_vs_dq_bit,22,8,10.0,133.0,1008.0,19.0,204.0,712.0,71.0,0.590909,fail_higher,0.590909,0.181818,overlap,0.0,1.206045
baseline_seed_1_30,direct,lane_spread__idelay_ld__lane1__no_bit__ctrl_none__lane__value_ps,lane_spread,idelay_ld,lane1,,,lane,22,8,146.0,353.5,706.0,316.0,422.0,617.0,68.5,0.590909,fail_higher,0.590909,0.181818,overlap,0.0,1.206045
baseline_seed_1_30,skew,abs_dqs_minus_dq_median__idelay_cntvaluein_skew__lane0__dqs0__ctrl_2__dqs_vs_dq_lane__value_ps,abs_dqs_minus_dq_median,idelay_cntvaluein_skew,lane0,dqs0,2,dqs_vs_dq_lane,22,8,16.0,300.75,731.5,68.0,354.25,838.0,53.5,0.590909,fail_higher,0.590909,0.181818,overlap,0.0,1.206045
baseline_seed_1_30,skew,signed_dqs_minus_dq_bit__idelay_cntvaluein_skew__lane0__dq7__ctrl_0__dqs_vs_dq_bit__value_ps,signed_dqs_minus_dq_bit,idelay_cntvaluein_skew,lane0,dq7,0,dqs_vs_dq_bit,22,8,-1093.0,-44.5,689.0,-426.0,0.5,804.0,45.0,0.590909,fail_higher,0.590909,0.181818,overlap,0.0,1.206045
baseline_seed_1_30,direct,direct_max__idelay_dqs_cntvaluein__lane1__dqs1__ctrl_3__endpoint__value_ps,direct_max,idelay_dqs_cntvaluein,lane1,dqs1,3,endpoint,22,8,961.0,1374.5,1809.0,1072.0,1418.0,1825.0,43.5,0.590909,fail_higher,0.590909,0.181818,overlap,0.0,1.206045
baseline_seed_1_30,skew,abs_dqs_minus_dq_bit__idelay_cntvaluein_skew__lane1__dq15__ctrl_4__dqs_vs_dq_bit__value_ps,abs_dqs_minus_dq_bit,idelay_cntvaluein_skew,lane1,dq15,4,dqs_vs_dq_bit,22,8,33.0,283.0,731.0,3.0,244.0,559.0,-39.0,0.409091,fail_lower,0.590909,-0.181818,overlap,0.0,1.206045
baseline_seed_1_30,skew,signed_dqs_minus_dq_bit__idelay_cntvaluein_skew__lane1__dq8__ctrl_2__dqs_vs_dq_bit__value_ps,signed_dqs_minus_dq_bit,idelay_cntvaluein_skew,lane1,dq8,2,dqs_vs_dq_bit,22,8,-559.0,-168.5,832.0,-429.0,-137.5,483.0,31.0,0.590909,fail_higher,0.590909,0.181818,overlap,0.0,1.206045
baseline_seed_1_30,skew,signed_dqs_minus_dq_bit__idelay_cntvaluein_skew__lane0__dq0__ctrl_0__dqs_vs_dq_bit__value_ps,signed_dqs_minus_dq_bit,idelay_cntvaluein_skew,lane0,dq0,0,dqs_vs_dq_bit,22,8,-936.0,-48.5,1044.0,-262.0,-23.5,963.0,25.0,0.590909,fail_higher,0.590909,0.181818,overlap,0.0,1.206045
baseline_seed_1_30,direct,cntvaluein_bus_skew__idelay_data_cntvaluein__lane1__dq8__ctrl_none__dq8__value_ps,cntvaluein_bus_skew,idelay_data_cntvaluein,lane1,dq8,,dq8,22,8,270.0,623.0,1266.0,228.0,544.0,900.0,-79.0,0.411932,fail_lower,0.588068,-0.176136,overlap,0.0,1.168356
baseline_seed_1_30,direct,direct_max__idelay_data_cntvaluein__lane0__dq3__ctrl_0__endpoint__value_ps,direct_max,idelay_data_cntvaluein,lane0,dq3,0,endpoint,22,8,1059.0,1432.5,1919.0,1210.0,1547.5,1965.0,115.0,0.585227,fail_higher,0.585227,0.170455,overlap,0.0,1.130668
baseline_seed_1_30,skew,abs_dqs_minus_dq_bit__idelay_cntvaluein_skew__lane0__dq0__ctrl_0__dqs_vs_dq_bit__value_ps,abs_dqs_minus_dq_bit,idelay_cntvaluein_skew,lane0,dq0,0,dqs_vs_dq_bit,22,8,15.0,203.5,1044.0,16.0,98.5,963.0,-105.0,0.414773,fail_lower,0.585227,-0.170455,overlap,0.0,1.130668
baseline_seed_1_30,skew,abs_dqs_minus_dq_bit__idelay_cntvaluein_skew__lane1__dq12__ctrl_0__dqs_vs_dq_bit__value_ps,abs_dqs_minus_dq_bit,idelay_cntvaluein_skew,lane1,dq12,0,dqs_vs_dq_bit,22,8,2.0,212.0,783.0,120.0,273.0,967.0,61.0,0.585227,fail_higher,0.585227,0.170455,overlap,0.0,1.130668
baseline_seed_1_30,direct,control_fanout_spread__idelay_data_cntvaluein__lane1__no_bit__ctrl_3__lane_control_bit__value_ps,control_fanout_spread,idelay_data_cntvaluein,lane1,,3,lane_control_bit,22,8,210.0,423.0,625.0,178.0,458.5,783.0,35.5,0.585227,fail_higher,0.585227,0.170455,overlap,0.0,1.130668
baseline_seed_1_30,skew,dq_lane_range__idelay_cntvaluein_skew__lane1__no_bit__ctrl_3__dq_lane__value_ps,dq_lane_range,idelay_cntvaluein_skew,lane1,,3,dq_lane,22,8,210.0,423.0,625.0,178.0,458.5,783.0,35.5,0.585227,fail_higher,0.585227,0.170455,overlap,0.0,1.130668
baseline_seed_1_30,skew,abs_dqs_minus_dq_bit__idelay_cntvaluein_skew__lane1__dq15__ctrl_0__dqs_vs_dq_bit__value_ps,abs_dqs_minus_dq_bit,idelay_cntvaluein_skew,lane1,dq15,0,dqs_vs_dq_bit,22,8,82.0,209.0,701.0,116.0,239.5,1240.0,30.5,0.585227,fail_higher,0.585227,0.170455,overlap,0.0,1.130668
baseline_seed_1_30,direct,direct_max__dq_iologic__lane0__dq7__ctrl_none__endpoint__value_ps,direct_max,dq_iologic,lane0,dq7,,endpoint,22,8,1695.0,2234.0,3805.0,1952.0,2389.5,2900.0,155.5,0.582386,fail_higher,0.582386,0.164773,overlap,0.0,1.092979
baseline_seed_1_30,direct,lane_spread__dq_iologic__lane1__no_bit__ctrl_none__lane__value_ps,lane_spread,dq_iologic,lane1,,,lane,22,8,2265.0,2694.0,4359.0,2345.0,2888.0,3513.0,194.0,0.579545,fail_higher,0.579545,0.159091,overlap,0.0,1.05529
baseline_seed_1_30,skew,signed_ld_minus_cntvaluein_dq_median__idelay_ld_cntvaluein_skew__lane1__no_bit__ctrl_4__ld_vs_cntvaluein_dq_lane__value_ps,signed_ld_minus_cntvaluein_dq_median,idelay_ld_cntvaluein_skew,lane1,,4,ld_vs_cntvaluein_dq_lane,22,8,-373.5,171.0,619.5,-236.5,16.25,521.0,-154.75,0.420455,fail_lower,0.579545,-0.159091,overlap,0.0,1.05529
baseline_seed_1_30,direct,direct_max__dq_iologic__lane1__dq8__ctrl_none__endpoint__value_ps,direct_max,dq_iologic,lane1,dq8,,endpoint,22,8,2104.0,2578.5,4359.0,2085.0,2446.5,3513.0,-132.0,0.420455,fail_lower,0.579545,-0.159091,overlap,0.0,1.05529
baseline_seed_1_30,skew,signed_dqs_minus_dq_bit__idelay_cntvaluein_skew__lane0__dq2__ctrl_1__dqs_vs_dq_bit__value_ps,signed_dqs_minus_dq_bit,idelay_cntvaluein_skew,lane0,dq2,1,dqs_vs_dq_bit,22,8,-1212.0,-160.0,855.0,-495.0,-58.5,363.0,101.5,0.579545,fail_higher,0.579545,0.159091,overlap,0.0,1.05529
baseline_seed_1_30,skew,abs_lane1_minus_lane0_dq_median__idelay_cntvaluein_skew__all__no_bit__ctrl_4__lane1_vs_lane0_dq__value_ps,abs_lane1_minus_lane0_dq_median,idelay_cntvaluein_skew,all,,4,lane1_vs_lane0_dq,22,8,22.0,248.0,719.5,28.5,343.75,619.0,95.75,0.579545,fail_higher,0.579545,0.159091,overlap,0.0,1.05529
baseline_seed_1_30,skew,signed_dqs_minus_dq_bit__idelay_cntvaluein_skew__lane1__dq11__ctrl_2__dqs_vs_dq_bit__value_ps,signed_dqs_minus_dq_bit,idelay_cntvaluein_skew,lane1,dq11,2,dqs_vs_dq_bit,22,8,-543.0,-50.0,740.0,-457.0,45.5,717.0,95.5,0.579545,fail_higher,0.579545,0.159091,overlap,0.0,1.05529
baseline_seed_1_30,direct,direct_max__idelay_data_cntvaluein__lane1__dq9__ctrl_2__endpoint__value_ps,direct_max,idelay_data_cntvaluein,lane1,dq9,2,endpoint,22,8,887.0,1179.5,1643.0,975.0,1271.5,1718.0,92.0,0.579545,fail_higher,0.579545,0.159091,overlap,0.0,1.05529
baseline_seed_1_30,direct,cntvaluein_bus_skew__idelay_data_cntvaluein__lane0__dq5__ctrl_none__dq5__value_ps,cntvaluein_bus_skew,idelay_data_cntvaluein,lane0,dq5,,dq5,22,8,220.0,596.5,1276.0,311.0,512.0,858.0,-84.5,0.420455,fail_lower,0.579545,-0.159091,overlap,0.0,1.05529
baseline_seed_1_30,skew,abs_dqs_minus_dq_median__idelay_cntvaluein_skew__lane0__dqs0__ctrl_0__dqs_vs_dq_lane__value_ps,abs_dqs_minus_dq_median,idelay_cntvaluein_skew,lane0,dqs0,0,dqs_vs_dq_lane,22,8,21.0,215.0,923.0,16.0,130.5,904.0,-84.5,0.420455,fail_lower,0.579545,-0.159091,overlap,0.0,1.05529
baseline_seed_1_30,direct,direct_max__idelay_data_cntvaluein__lane1__dq9__ctrl_0__endpoint__value_ps,direct_max,idelay_data_cntvaluein,lane1,dq9,0,endpoint,22,8,870.0,1184.0,1633.0,884.0,1102.5,1662.0,-81.5,0.420455,fail_lower,0.579545,-0.159091,overlap,0.0,1.05529
baseline_seed_1_30,direct,direct_max__idelay_data_cntvaluein__lane1__dq10__ctrl_0__endpoint__value_ps,direct_max,idelay_data_cntvaluein,lane1,dq10,0,endpoint,22,8,970.0,1378.5,1730.0,978.0,1452.5,1957.0,74.0,0.579545,fail_higher,0.579545,0.159091,overlap,0.0,1.05529
baseline_seed_1_30,direct,lane_spread__idelay_data_cntvaluein__lane0__no_bit__ctrl_none__lane__value_ps,lane_spread,idelay_data_cntvaluein,lane0,,,lane,22,8,587.0,1027.0,1739.0,457.0,978.5,1325.0,-48.5,0.420455,fail_lower,0.579545,-0.159091,overlap,0.0,1.05529
baseline_seed_1_30,skew,abs_dqs_minus_dq_bit__idelay_cntvaluein_skew__lane1__dq15__ctrl_2__dqs_vs_dq_bit__value_ps,abs_dqs_minus_dq_bit,idelay_cntvaluein_skew,lane1,dq15,2,dqs_vs_dq_bit,22,8,5.0,194.0,898.0,26.0,166.5,737.0,-27.5,0.420455,fail_lower,0.579545,-0.159091,overlap,0.0,1.05529
baseline_seed_1_30,skew,abs_dqs_minus_dq_bit__idelay_cntvaluein_skew__lane0__dq7__ctrl_0__dqs_vs_dq_bit__value_ps,abs_dqs_minus_dq_bit,idelay_cntvaluein_skew,lane0,dq7,0,dqs_vs_dq_bit,22,8,23.0,256.0,1093.0,92.0,242.5,804.0,-13.5,0.579545,fail_higher,0.579545,0.159091,overlap,0.0,1.05529
baseline_seed_1_30,skew,abs_dqs_minus_dq_bit__idelay_cntvaluein_skew__lane1__dq10__ctrl_1__dqs_vs_dq_bit__value_ps,abs_dqs_minus_dq_bit,idelay_cntvaluein_skew,lane1,dq10,1,dqs_vs_dq_bit,22,8,15.0,264.0,841.0,56.0,147.5,591.0,-116.5,0.423295,fail_lower,0.576705,-0.153409,overlap,0.0,1.017601
baseline_seed_1_30,skew,signed_ld_minus_cntvaluein_dqs__idelay_ld_cntvaluein_skew__lane1__dqs1__ctrl_1__ld_vs_cntvaluein_dqs__value_ps,signed_ld_minus_cntvaluein_dqs,idelay_ld_cntvaluein_skew,lane1,dqs1,1,ld_vs_cntvaluein_dqs,22,8,-689.0,56.5,909.0,-482.0,216.5,594.0,160.0,0.573864,fail_higher,0.573864,0.147727,overlap,0.0,0.979912
baseline_seed_1_30,skew,signed_dqs_minus_dq_bit__idelay_cntvaluein_skew__lane1__dq9__ctrl_4__dqs_vs_dq_bit__value_ps,signed_dqs_minus_dq_bit,idelay_cntvaluein_skew,lane1,dq9,4,dqs_vs_dq_bit,22,8,-511.0,29.5,821.0,-350.0,185.5,647.0,156.0,0.573864,fail_higher,0.573864,0.147727,overlap,0.0,0.979912
baseline_seed_1_30,direct,direct_max__idelay_dqs_cntvaluein__lane0__dqs0__ctrl_1__endpoint__value_ps,direct_max,idelay_dqs_cntvaluein,lane0,dqs0,1,endpoint,22,8,1159.0,1593.5,2384.0,1167.0,1457.0,1945.0,-136.5,0.426136,fail_lower,0.573864,-0.147727,overlap,0.0,0.979912
baseline_seed_1_30,skew,signed_dqs_minus_dq_bit__idelay_cntvaluein_skew__lane0__dq5__ctrl_3__dqs_vs_dq_bit__value_ps,signed_dqs_minus_dq_bit,idelay_cntvaluein_skew,lane0,dq5,3,dqs_vs_dq_bit,22,8,-575.0,131.5,783.0,-451.0,236.0,934.0,104.5,0.573864,fail_higher,0.573864,0.147727,overlap,0.0,0.979912
baseline_seed_1_30,direct,cntvaluein_bus_skew__idelay_data_cntvaluein__lane1__dq14__ctrl_none__dq14__value_ps,cntvaluein_bus_skew,idelay_data_cntvaluein,lane1,dq14,,dq14,22,8,192.0,567.0,1034.0,306.0,466.0,727.0,-101.0,0.426136,fail_lower,0.573864,-0.147727,overlap,0.0,0.979912
baseline_seed_1_30,direct,direct_max__idelay_data_cntvaluein__lane0__dq5__ctrl_0__endpoint__value_ps,direct_max,idelay_data_cntvaluein,lane0,dq5,0,endpoint,22,8,970.0,1498.5,2003.0,1230.0,1594.0,1883.0,95.5,0.573864,fail_higher,0.573864,0.147727,overlap,0.0,0.979912
baseline_seed_1_30,skew,signed_dqs_minus_dq_bit__idelay_cntvaluein_skew__lane0__dq6__ctrl_2__dqs_vs_dq_bit__value_ps,signed_dqs_minus_dq_bit,idelay_cntvaluein_skew,lane0,dq6,2,dqs_vs_dq_bit,22,8,-735.0,-203.0,702.0,-653.0,-114.5,794.0,88.5,0.573864,fail_higher,0.573864,0.147727,overlap,0.0,0.979912
baseline_seed_1_30,direct,direct_max__idelay_dqs_cntvaluein__lane1__dqs1__ctrl_1__endpoint__value_ps,direct_max,idelay_dqs_cntvaluein,lane1,dqs1,1,endpoint,22,8,903.0,1325.0,2098.0,976.0,1245.5,1766.0,-79.5,0.426136,fail_lower,0.573864,-0.147727,overlap,0.0,0.979912
baseline_seed_1_30,direct,direct_max__dq_iologic__lane0__dq4__ctrl_none__endpoint__value_ps,direct_max,dq_iologic,lane0,dq4,,endpoint,22,8,1621.0,1973.5,4073.0,1575.0,2048.0,3174.0,74.5,0.573864,fail_higher,0.573864,0.147727,overlap,0.0,0.979912
baseline_seed_1_30,skew,signed_dqs_minus_dq_median__iologic_skew__lane1__dqs1__ctrl_none__dqs_vs_dq_lane__value_ps,signed_dqs_minus_dq_median,iologic_skew,lane1,dqs1,,dqs_vs_dq_lane,22,8,-210.0,210.25,1416.0,-277.5,279.75,706.0,69.5,0.573864,fail_higher,0.573864,0.147727,overlap,0.0,0.979912
baseline_seed_1_30,direct,direct_max__idelay_data_cntvaluein__lane1__dq13__ctrl_0__endpoint__value_ps,direct_max,idelay_data_cntvaluein,lane1,dq13,0,endpoint,22,8,913.0,1333.5,1754.0,1021.0,1402.5,1738.0,69.0,0.573864,fail_higher,0.573864,0.147727,overlap,0.0,0.979912
baseline_seed_1_30,skew,signed_lane1_minus_lane0_dq_median__idelay_cntvaluein_skew__all__no_bit__ctrl_3__lane1_vs_lane0_dq__value_ps,signed_lane1_minus_lane0_dq_median,idelay_cntvaluein_skew,all,,3,lane1_vs_lane0_dq,22,8,-604.5,-291.75,-1.5,-657.5,-319.0,-116.5,-27.25,0.426136,fail_lower,0.573864,-0.147727,overlap,0.0,0.979912
baseline_seed_1_30,skew,abs_lane1_minus_lane0_dq_median__idelay_cntvaluein_skew__all__no_bit__ctrl_3__lane1_vs_lane0_dq__value_ps,abs_lane1_minus_lane0_dq_median,idelay_cntvaluein_skew,all,,3,lane1_vs_lane0_dq,22,8,1.5,291.75,604.5,116.5,319.0,657.5,27.25,0.573864,fail_higher,0.573864,0.147727,overlap,0.0,0.979912
baseline_seed_1_30,skew,abs_dqs_minus_dq_bit__idelay_cntvaluein_skew__lane0__dq2__ctrl_2__dqs_vs_dq_bit__value_ps,abs_dqs_minus_dq_bit,idelay_cntvaluein_skew,lane0,dq2,2,dqs_vs_dq_bit,22,8,18.0,328.0,688.0,69.0,328.5,795.0,0.5,0.573864,fail_higher,0.573864,0.147727,overlap,0.0,0.979912
baseline_seed_1_30,skew,abs_dqs_minus_dq_bit__idelay_cntvaluein_skew__lane0__dq3__ctrl_1__dqs_vs_dq_bit__value_ps,abs_dqs_minus_dq_bit,idelay_cntvaluein_skew,lane0,dq3,1,dqs_vs_dq_bit,22,8,17.0,225.5,863.0,25.0,176.0,643.0,-49.5,0.428977,fail_lower,0.571023,-0.142045,overlap,0.0,0.942223
baseline_seed_1_30,direct,cntvaluein_bus_skew__idelay_data_cntvaluein__lane1__dq12__ctrl_none__dq12__value_ps,cntvaluein_bus_skew,idelay_data_cntvaluein,lane1,dq12,,dq12,22,8,186.0,506.5,1116.0,174.0,459.0,798.0,-47.5,0.428977,fail_lower,0.571023,-0.142045,overlap,0.0,0.942223
baseline_seed_1_30,skew,signed_ld_minus_cntvaluein_dq_median__idelay_ld_cntvaluein_skew__lane1__no_bit__ctrl_0__ld_vs_cntvaluein_dq_lane__value_ps,signed_ld_minus_cntvaluein_dq_median,idelay_ld_cntvaluein_skew,lane1,,0,ld_vs_cntvaluein_dq_lane,22,8,-77.5,233.5,475.0,-381.5,276.75,527.0,43.25,0.571023,fail_higher,0.571023,0.142045,overlap,0.0,0.942223
baseline_seed_1_30,direct,direct_max__clocking__all__no_bit__ctrl_none__endpoint__value_ps,direct_max,clocking,all,,,endpoint,22,8,6105.0,6816.5,7275.0,5985.0,6787.5,7079.0,-29.0,0.428977,fail_lower,0.571023,-0.142045,overlap,0.0,0.942223
baseline_seed_1_30,direct,lane_spread__clocking__all__no_bit__ctrl_none__lane__value_ps,lane_spread,clocking,all,,,lane,22,8,5986.0,6697.5,7156.0,5866.0,6668.5,6960.0,-29.0,0.428977,fail_lower,0.571023,-0.142045,overlap,0.0,0.942223
baseline_seed_1_30,direct,cntvaluein_bus_skew__idelay_data_cntvaluein__lane1__dq11__ctrl_none__dq11__value_ps,cntvaluein_bus_skew,idelay_data_cntvaluein,lane1,dq11,,dq11,22,8,219.0,462.0,864.0,238.0,439.5,651.0,-22.5,0.428977,fail_lower,0.571023,-0.142045,overlap,0.0,0.942223
baseline_seed_1_30,direct,direct_max__dq_iologic__lane1__dq13__ctrl_none__endpoint__value_ps,direct_max,dq_iologic,lane1,dq13,,endpoint,22,8,2115.0,2417.5,3891.0,1960.0,2631.0,3276.0,213.5,0.568182,fail_higher,0.568182,0.136364,overlap,0.0,0.904534
baseline_seed_1_30,skew,signed_ld_minus_cntvaluein_dq_median__idelay_ld_cntvaluein_skew__lane1__no_bit__ctrl_2__ld_vs_cntvaluein_dq_lane__value_ps,signed_ld_minus_cntvaluein_dq_median,idelay_ld_cntvaluein_skew,lane1,,2,ld_vs_cntvaluein_dq_lane,22,8,-441.5,92.75,475.5,-364.0,242.0,509.0,149.25,0.568182,fail_higher,0.568182,0.136364,overlap,0.0,0.904534
baseline_seed_1_30,direct,direct_max__dq_iologic__lane1__dq14__ctrl_none__endpoint__value_ps,direct_max,dq_iologic,lane1,dq14,,endpoint,22,8,2234.0,2489.5,3421.0,2055.0,2618.0,3279.0,128.5,0.568182,fail_higher,0.568182,0.136364,overlap,0.0,0.904534
baseline_seed_1_30,skew,signed_dqs_minus_dq_bit__idelay_cntvaluein_skew__lane1__dq15__ctrl_1__dqs_vs_dq_bit__value_ps,signed_dqs_minus_dq_bit,idelay_cntvaluein_skew,lane1,dq15,1,dqs_vs_dq_bit,22,8,-277.0,215.5,998.0,-171.0,114.5,469.0,-101.0,0.431818,fail_lower,0.568182,-0.136364,overlap,0.0,0.904534
baseline_seed_1_30,skew,abs_ld_minus_cntvaluein_dqs__idelay_ld_cntvaluein_skew__lane0__dqs0__ctrl_4__ld_vs_cntvaluein_dqs__value_ps,abs_ld_minus_cntvaluein_dqs,idelay_ld_cntvaluein_skew,lane0,dqs0,4,ld_vs_cntvaluein_dqs,22,8,13.0,351.5,1151.0,158.0,254.5,496.0,-97.0,0.431818,fail_lower,0.568182,-0.136364,overlap,0.0,0.904534
baseline_seed_1_30,skew,signed_lane1_minus_lane0_dq_median__idelay_cntvaluein_skew__all__no_bit__ctrl_4__lane1_vs_lane0_dq__value_ps,signed_lane1_minus_lane0_dq_median,idelay_cntvaluein_skew,all,,4,lane1_vs_lane0_dq,22,8,-719.5,-248.0,-22.0,-619.0,-343.75,97.0,-95.75,0.431818,fail_lower,0.568182,-0.136364,overlap,0.0,0.904534
baseline_seed_1_30,skew,signed_dqs_minus_dq_bit__idelay_cntvaluein_skew__lane1__dq11__ctrl_1__dqs_vs_dq_bit__value_ps,signed_dqs_minus_dq_bit,idelay_cntvaluein_skew,lane1,dq11,1,dqs_vs_dq_bit,22,8,-675.0,-22.0,832.0,-383.0,40.5,605.0,62.5,0.568182,fail_higher,0.568182,0.136364,overlap,0.0,0.904534
baseline_seed_1_30,direct,direct_max__idelay_data_cntvaluein__lane1__dq14__ctrl_3__endpoint__value_ps,direct_max,idelay_data_cntvaluein,lane1,dq14,3,endpoint,22,8,879.0,1511.0,1940.0,1070.0,1572.5,2125.0,61.5,0.568182,fail_higher,0.568182,0.136364,overlap,0.0,0.904534
baseline_seed_1_30,direct,direct_max__idelay_data_cntvaluein__lane1__dq8__ctrl_2__endpoint__value_ps,direct_max,idelay_data_cntvaluein,lane1,dq8,2,endpoint,22,8,1146.0,1493.0,1916.0,864.0,1432.0,2062.0,-61.0,0.431818,fail_lower,0.568182,-0.136364,overlap,0.0,0.904534
baseline_seed_1_30,skew,signed_dqs_minus_dq_bit__idelay_cntvaluein_skew__lane1__dq11__ctrl_0__dqs_vs_dq_bit__value_ps,signed_dqs_minus_dq_bit,idelay_cntvaluein_skew,lane1,dq11,0,dqs_vs_dq_bit,22,8,-692.0,-8.0,668.0,-253.0,49.5,837.0,57.5,0.568182,fail_higher,0.568182,0.136364,overlap,0.0,0.904534
baseline_seed_1_30,skew,abs_dqs_minus_dq_bit__idelay_cntvaluein_skew__lane1__dq14__ctrl_2__dqs_vs_dq_bit__value_ps,abs_dqs_minus_dq_bit,idelay_cntvaluein_skew,lane1,dq14,2,dqs_vs_dq_bit,22,8,12.0,263.5,745.0,49.0,211.0,482.0,-52.5,0.431818,fail_lower,0.568182,-0.136364,overlap,0.0,0.904534
baseline_seed_1_30,direct,control_fanout_spread__idelay_data_cntvaluein__lane0__no_bit__ctrl_2__lane_control_bit__value_ps,control_fanout_spread,idelay_data_cntvaluein,lane0,,2,lane_control_bit,22,8,128.0,315.0,688.0,151.0,297.0,444.0,-18.0,0.431818,fail_lower,0.568182,-0.136364,overlap,0.0,0.904534
baseline_seed_1_30,skew,dq_lane_range__idelay_cntvaluein_skew__lane0__no_bit__ctrl_2__dq_lane__value_ps,dq_lane_range,idelay_cntvaluein_skew,lane0,,2,dq_lane,22,8,128.0,315.0,688.0,151.0,297.0,444.0,-18.0,0.431818,fail_lower,0.568182,-0.136364,overlap,0.0,0.904534
baseline_seed_1_30,skew,abs_ld_minus_cntvaluein_dqs__idelay_ld_cntvaluein_skew__lane1__dqs1__ctrl_3__ld_vs_cntvaluein_dqs__value_ps,abs_ld_minus_cntvaluein_dqs,idelay_ld_cntvaluein_skew,lane1,dqs1,3,ld_vs_cntvaluein_dqs,22,8,2.0,272.0,684.0,110.0,268.0,646.0,-4.0,0.568182,fail_higher,0.568182,0.136364,overlap,0.0,0.904534
baseline_seed_1_30,direct,lane_spread__idelayctrl__all__no_bit__ctrl_none__lane__value_ps,lane_spread,idelayctrl,all,,,lane,22,8,533.0,1720.0,2368.0,788.0,1400.0,2390.0,-320.0,0.434659,fail_lower,0.565341,-0.130682,overlap,0.0,0.866845
baseline_seed_1_30,skew,abs_lane1_minus_lane0_dqs__idelay_cntvaluein_skew__all__no_bit__ctrl_2__lane1_vs_lane0_dqs__value_ps,abs_lane1_minus_lane0_dqs,idelay_cntvaluein_skew,all,,2,lane1_vs_lane0_dqs,22,8,18.0,269.5,531.0,6.0,272.5,356.0,3.0,0.434659,fail_lower,0.565341,-0.130682,overlap,0.0,0.866845
baseline_seed_1_30,direct,direct_max__idelay_data_cntvaluein__lane0__dq6__ctrl_4__endpoint__value_ps,direct_max,idelay_data_cntvaluein,lane0,dq6,4,endpoint,22,8,1182.0,1698.5,2453.0,1286.0,1868.5,2144.0,170.0,0.5625,fail_higher,0.5625,0.125,overlap,0.0,0.829156
baseline_seed_1_30,skew,signed_dqs_minus_dq_bit__idelay_cntvaluein_skew__lane1__dq15__ctrl_4__dqs_vs_dq_bit__value_ps,signed_dqs_minus_dq_bit,idelay_cntvaluein_skew,lane1,dq15,4,dqs_vs_dq_bit,22,8,-516.0,-10.5,731.0,-263.0,150.5,559.0,161.0,0.5625,fail_higher,0.5625,0.125,overlap,0.0,0.829156
baseline_seed_1_30,direct,cntvaluein_bus_skew__idelay_data_cntvaluein__lane0__dq7__ctrl_none__dq7__value_ps,cntvaluein_bus_skew,idelay_data_cntvaluein,lane0,dq7,,dq7,22,8,135.0,681.0,1182.0,265.0,821.5,1105.0,140.5,0.5625,fail_higher,0.5625,0.125,overlap,0.0,0.829156
baseline_seed_1_30,skew,signed_dqs_minus_dq_bit__idelay_cntvaluein_skew__lane1__dq8__ctrl_1__dqs_vs_dq_bit__value_ps,signed_dqs_minus_dq_bit,idelay_cntvaluein_skew,lane1,dq8,1,dqs_vs_dq_bit,22,8,-720.0,-103.5,959.0,-663.0,-234.0,326.0,-130.5,0.4375,fail_lower,0.5625,-0.125,overlap,0.0,0.829156
baseline_seed_1_30,skew,signed_dqs_minus_dq_median__idelay_cntvaluein_skew__lane0__dqs0__ctrl_1__dqs_vs_dq_lane__value_ps,signed_dqs_minus_dq_median,idelay_cntvaluein_skew,lane0,dqs0,1,dqs_vs_dq_lane,22,8,-1163.5,-154.25,850.0,-533.0,-62.0,420.0,92.25,0.5625,fail_higher,0.5625,0.125,overlap,0.0,0.829156
baseline_seed_1_30,direct,direct_max__idelay_data_cntvaluein__lane1__dq11__ctrl_2__endpoint__value_ps,direct_max,idelay_data_cntvaluein,lane1,dq11,2,endpoint,22,8,922.0,1351.5,1995.0,866.0,1275.5,1812.0,-76.0,0.4375,fail_lower,0.5625,-0.125,overlap,0.0,0.829156
baseline_seed_1_30,skew,signed_dqs_minus_dq_bit__idelay_cntvaluein_skew__lane1__dq9__ctrl_1__dqs_vs_dq_bit__value_ps,signed_dqs_minus_dq_bit,idelay_cntvaluein_skew,lane1,dq9,1,dqs_vs_dq_bit,22,8,-293.0,130.5,906.0,-253.0,66.5,377.0,-64.0,0.4375,fail_lower,0.5625,-0.125,overlap,0.0,0.829156
baseline_seed_1_30,skew,signed_dqs_minus_dq_bit__idelay_cntvaluein_skew__lane1__dq15__ctrl_0__dqs_vs_dq_bit__value_ps,signed_dqs_minus_dq_bit,idelay_cntvaluein_skew,lane1,dq15,0,dqs_vs_dq_bit,22,8,-501.0,185.0,701.0,-181.0,239.5,1240.0,54.5,0.5625,fail_higher,0.5625,0.125,overlap,0.0,0.829156
baseline_seed_1_30,skew,signed_dqs_minus_dq_bit__idelay_cntvaluein_skew__lane1__dq13__ctrl_2__dqs_vs_dq_bit__value_ps,signed_dqs_minus_dq_bit,idelay_cntvaluein_skew,lane1,dq13,2,dqs_vs_dq_bit,22,8,-544.0,10.5,1008.0,-541.0,61.5,712.0,51.0,0.5625,fail_higher,0.5625,0.125,overlap,0.0,0.829156
baseline_seed_1_30,skew,signed_dqs_minus_dq_bit__idelay_cntvaluein_skew__lane1__dq12__ctrl_0__dqs_vs_dq_bit__value_ps,signed_dqs_minus_dq_bit,idelay_cntvaluein_skew,lane1,dq12,0,dqs_vs_dq_bit,22,8,-783.0,-51.0,390.0,-479.0,-13.0,967.0,38.0,0.5625,fail_higher,0.5625,0.125,overlap,0.0,0.829156
baseline_seed_1_30,skew,abs_ld_minus_cntvaluein_dqs__idelay_ld_cntvaluein_skew__lane1__dqs1__ctrl_1__ld_vs_cntvaluein_dqs__value_ps,abs_ld_minus_cntvaluein_dqs,idelay_ld_cntvaluein_skew,lane1,dqs1,1,ld_vs_cntvaluein_dqs,22,8,51.0,265.5,909.0,150.0,298.0,594.0,32.5,0.5625,fail_higher,0.5625,0.125,overlap,0.0,0.829156
baseline_seed_1_30,skew,signed_ld_minus_cntvaluein_dqs__idelay_ld_cntvaluein_skew__lane0__dqs0__ctrl_2__ld_vs_cntvaluein_dqs__value_ps,signed_ld_minus_cntvaluein_dqs,idelay_ld_cntvaluein_skew,lane0,dqs0,2,ld_vs_cntvaluein_dqs,22,8,-744.0,-48.5,1079.0,-808.0,-65.5,730.0,-17.0,0.4375,fail_lower,0.5625,-0.125,overlap,0.0,0.829156
baseline_seed_1_30,direct,direct_max__idelayctrl__all__no_bit__ctrl_none__endpoint__value_ps,direct_max,idelayctrl,all,,,endpoint,22,8,1659.0,2788.5,3494.0,1914.0,2526.0,3516.0,-262.5,0.440341,fail_lower,0.559659,-0.119318,overlap,0.0,0.791467
baseline_seed_1_30,direct,direct_max__idelay_data_cntvaluein__lane0__dq6__ctrl_2__endpoint__value_ps,direct_max,idelay_data_cntvaluein,lane0,dq6,2,endpoint,22,8,1305.0,1798.0,2342.0,1310.0,1614.0,2108.0,-184.0,0.440341,fail_lower,0.559659,-0.119318,overlap,0.0,0.791467
baseline_seed_1_30,direct,direct_max__idelay_data_cntvaluein__lane0__dq0__ctrl_3__endpoint__value_ps,direct_max,idelay_data_cntvaluein,lane0,dq0,3,endpoint,22,8,1082.0,1745.0,2101.0,1171.0,1698.5,2358.0,-46.5,0.559659,fail_higher,0.559659,0.119318,overlap,0.0,0.791467
baseline_seed_1_30,direct,direct_max__idelay_dqs_cntvaluein__lane1__dqs1__ctrl_2__endpoint__value_ps,direct_max,idelay_dqs_cntvaluein,lane1,dqs1,2,endpoint,22,8,873.0,1368.0,1980.0,1057.0,1355.0,1891.0,-13.0,0.559659,fail_higher,0.559659,0.119318,overlap,0.0,0.791467
baseline_seed_1_30,skew,abs_dqs_minus_dq_bit__idelay_cntvaluein_skew__lane1__dq14__ctrl_0__dqs_vs_dq_bit__value_ps,abs_dqs_minus_dq_bit,idelay_cntvaluein_skew,lane1,dq14,0,dqs_vs_dq_bit,22,8,10.0,245.0,730.0,36.0,318.0,878.0,73.0,0.556818,fail_higher,0.556818,0.113636,overlap,0.0,0.753778
baseline_seed_1_30,direct,direct_max__idelay_data_cntvaluein__lane0__dq2__ctrl_3__endpoint__value_ps,direct_max,idelay_data_cntvaluein,lane0,dq2,3,endpoint,22,8,1200.0,1744.5,2286.0,1269.0,1814.5,2351.0,70.0,0.556818,fail_higher,0.556818,0.113636,overlap,0.0,0.753778
baseline_seed_1_30,skew,abs_dqs_minus_dq_bit__idelay_cntvaluein_skew__lane1__dq9__ctrl_2__dqs_vs_dq_bit__value_ps,abs_dqs_minus_dq_bit,idelay_cntvaluein_skew,lane1,dq9,2,dqs_vs_dq_bit,22,8,14.0,185.0,873.0,61.0,119.5,589.0,-65.5,0.443182,fail_lower,0.556818,-0.113636,overlap,0.0,0.753778
baseline_seed_1_30,direct,direct_max__idelay_data_cntvaluein__lane0__dq2__ctrl_0__endpoint__value_ps,direct_max,idelay_data_cntvaluein,lane0,dq2,0,endpoint,22,8,1184.0,1621.0,2177.0,1093.0,1565.5,2023.0,-55.5,0.443182,fail_lower,0.556818,-0.113636,overlap,0.0,0.753778
baseline_seed_1_30,skew,signed_ld_minus_cntvaluein_dq_median__idelay_ld_cntvaluein_skew__lane0__no_bit__ctrl_1__ld_vs_cntvaluein_dq_lane__value_ps,signed_ld_minus_cntvaluein_dq_median,idelay_ld_cntvaluein_skew,lane0,,1,ld_vs_cntvaluein_dq_lane,22,8,-884.0,19.25,570.5,-344.5,67.25,394.5,48.0,0.556818,fail_higher,0.556818,0.113636,overlap,0.0,0.753778
baseline_seed_1_30,skew,signed_dqs_minus_dq_bit__idelay_cntvaluein_skew__lane1__dq8__ctrl_0__dqs_vs_dq_bit__value_ps,signed_dqs_minus_dq_bit,idelay_cntvaluein_skew,lane1,dq8,0,dqs_vs_dq_bit,22,8,-778.0,-57.0,475.0,-561.0,-103.5,873.0,-46.5,0.556818,fail_higher,0.556818,0.113636,overlap,0.0,0.753778
baseline_seed_1_30,skew,abs_dqs_bus_skew_minus_dq_median__idelay_cntvaluein_skew__lane1__dqs1__ctrl_none__dqs_vs_dq_bus_skew__value_ps,abs_dqs_bus_skew_minus_dq_median,idelay_cntvaluein_skew,lane1,dqs1,,dqs_vs_dq_bus_skew,22,8,24.0,128.5,532.5,54.0,144.75,363.5,16.25,0.556818,fail_higher,0.556818,0.113636,overlap,0.0,0.753778
baseline_seed_1_30,skew,signed_dqs_minus_dq_bit__idelay_cntvaluein_skew__lane1__dq13__ctrl_1__dqs_vs_dq_bit__value_ps,signed_dqs_minus_dq_bit,idelay_cntvaluein_skew,lane1,dq13,1,dqs_vs_dq_bit,22,8,-499.0,-63.5,962.0,-465.0,-50.5,513.0,13.0,0.556818,fail_higher,0.556818,0.113636,overlap,0.0,0.753778
baseline_seed_1_30,skew,abs_dqs_minus_dq_bit__idelay_cntvaluein_skew__lane1__dq13__ctrl_1__dqs_vs_dq_bit__value_ps,abs_dqs_minus_dq_bit,idelay_cntvaluein_skew,lane1,dq13,1,dqs_vs_dq_bit,22,8,8.0,307.5,962.0,33.0,113.5,513.0,-194.0,0.446023,fail_lower,0.553977,-0.107955,overlap,0.0,0.716089
baseline_seed_1_30,skew,signed_dqs_minus_dq_bit__idelay_cntvaluein_skew__lane0__dq3__ctrl_1__dqs_vs_dq_bit__value_ps,signed_dqs_minus_dq_bit,idelay_cntvaluein_skew,lane0,dq3,1,dqs_vs_dq_bit,22,8,-617.0,-54.5,863.0,-444.0,87.5,643.0,142.0,0.553977,fail_higher,0.553977,0.107955,overlap,0.0,0.716089
baseline_seed_1_30,skew,signed_dqs_minus_dq_bit__idelay_cntvaluein_skew__lane1__dq14__ctrl_2__dqs_vs_dq_bit__value_ps,signed_dqs_minus_dq_bit,idelay_cntvaluein_skew,lane1,dq14,2,dqs_vs_dq_bit,22,8,-533.0,-171.0,745.0,-454.0,-97.5,482.0,73.5,0.553977,fail_higher,0.553977,0.107955,overlap,0.0,0.716089
baseline_seed_1_30,direct,direct_max__dq_iologic__lane0__dq2__ctrl_none__endpoint__value_ps,direct_max,dq_iologic,lane0,dq2,,endpoint,22,8,1634.0,1984.5,4083.0,1740.0,2022.0,3181.0,37.5,0.553977,fail_higher,0.553977,0.107955,overlap,0.0,0.716089
baseline_seed_1_30,direct,direct_max__idelay_data_cntvaluein__lane0__dq5__ctrl_3__endpoint__value_ps,direct_max,idelay_data_cntvaluein,lane0,dq5,3,endpoint,22,8,1080.0,1587.5,2063.0,1131.0,1408.0,2085.0,-179.5,0.448864,fail_lower,0.551136,-0.102273,overlap,0.0,0.678401
baseline_seed_1_30,skew,signed_dqs_minus_dq_bit__idelay_cntvaluein_skew__lane0__dq4__ctrl_3__dqs_vs_dq_bit__value_ps,signed_dqs_minus_dq_bit,idelay_cntvaluein_skew,lane0,dq4,3,dqs_vs_dq_bit,22,8,-728.0,-41.0,599.0,-884.0,-203.0,781.0,-162.0,0.448864,fail_lower,0.551136,-0.102273,overlap,0.0,0.678401
baseline_seed_1_30,skew,abs_ld_minus_cntvaluein_dqs__idelay_ld_cntvaluein_skew__lane0__dqs0__ctrl_2__ld_vs_cntvaluein_dqs__value_ps,abs_ld_minus_cntvaluein_dqs,idelay_ld_cntvaluein_skew,lane0,dqs0,2,ld_vs_cntvaluein_dqs,22,8,10.0,316.0,1079.0,2.0,210.0,808.0,-106.0,0.448864,fail_lower,0.551136,-0.102273,overlap,0.0,0.678401
baseline_seed_1_30,skew,signed_dqs_minus_dq_median__idelay_cntvaluein_skew__lane1__dqs1__ctrl_2__dqs_vs_dq_lane__value_ps,signed_dqs_minus_dq_median,idelay_cntvaluein_skew,lane1,dqs1,2,dqs_vs_dq_lane,22,8,-538.0,-101.5,799.0,-455.5,-30.0,650.5,71.5,0.551136,fail_higher,0.551136,0.102273,overlap,0.0,0.678401
baseline_seed_1_30,direct,direct_max__idelay_data_cntvaluein__lane1__dq11__ctrl_0__endpoint__value_ps,direct_max,idelay_data_cntvaluein,lane1,dq11,0,endpoint,22,8,782.0,1332.5,1667.0,934.0,1401.0,1731.0,68.5,0.551136,fail_higher,0.551136,0.102273,overlap,0.0,0.678401
baseline_seed_1_30,direct,direct_max__reset_release__all__no_bit__ctrl_none__endpoint__value_ps,direct_max,reset_release,all,,,endpoint,22,8,495.0,699.0,1544.0,495.0,652.0,1065.0,-47.0,0.448864,fail_lower,0.551136,-0.102273,overlap,0.0,0.678401
baseline_seed_1_30,direct,lane_spread__reset_release__all__no_bit__ctrl_none__lane__value_ps,lane_spread,reset_release,all,,,lane,22,8,495.0,699.0,1544.0,495.0,652.0,1065.0,-47.0,0.448864,fail_lower,0.551136,-0.102273,overlap,0.0,0.678401
baseline_seed_1_30,direct,direct_max__idelay_ld__lane1__dq10__ctrl_none__endpoint__value_ps,direct_max,idelay_ld,lane1,dq10,,endpoint,22,8,1286.0,1593.0,1960.0,1330.0,1550.0,1970.0,-43.0,0.448864,fail_lower,0.551136,-0.102273,overlap,0.0,0.678401
baseline_seed_1_30,skew,signed_dqs_minus_dq_bit__idelay_cntvaluein_skew__lane1__dq14__ctrl_0__dqs_vs_dq_bit__value_ps,signed_dqs_minus_dq_bit,idelay_cntvaluein_skew,lane1,dq14,0,dqs_vs_dq_bit,22,8,-730.0,28.0,470.0,-474.0,-11.5,878.0,-39.5,0.551136,fail_higher,0.551136,0.102273,overlap,0.0,0.678401
baseline_seed_1_30,skew,signed_dqs_minus_dq_bit__idelay_cntvaluein_skew__lane1__dq10__ctrl_1__dqs_vs_dq_bit__value_ps,signed_dqs_minus_dq_bit,idelay_cntvaluein_skew,lane1,dq10,1,dqs_vs_dq_bit,22,8,-841.0,-60.0,702.0,-577.0,-20.5,591.0,39.5,0.551136,fail_higher,0.551136,0.102273,overlap,0.0,0.678401
baseline_seed_1_30,skew,abs_dqs_minus_dq_bit__idelay_cntvaluein_skew__lane1__dq9__ctrl_0__dqs_vs_dq_bit__value_ps,abs_dqs_minus_dq_bit,idelay_cntvaluein_skew,lane1,dq9,0,dqs_vs_dq_bit,22,8,31.0,209.0,715.0,20.0,236.0,1018.0,27.0,0.551136,fail_higher,0.551136,0.102273,overlap,0.0,0.678401
baseline_seed_1_30,direct,direct_max__idelay_data_cntvaluein__lane1__dq13__ctrl_3__endpoint__value_ps,direct_max,idelay_data_cntvaluein,lane1,dq13,3,endpoint,22,8,944.0,1401.0,1828.0,1121.0,1388.5,1845.0,-12.5,0.551136,fail_higher,0.551136,0.102273,overlap,0.0,0.678401
baseline_seed_1_30,skew,signed_dqs_minus_dq_bit__idelay_cntvaluein_skew__lane0__dq7__ctrl_4__dqs_vs_dq_bit__value_ps,signed_dqs_minus_dq_bit,idelay_cntvaluein_skew,lane0,dq7,4,dqs_vs_dq_bit,22,8,-951.0,-183.0,887.0,-918.0,-172.0,373.0,11.0,0.448864,fail_lower,0.551136,-0.102273,overlap,0.0,0.678401
baseline_seed_1_30,skew,signed_dqs_minus_dq_bit__idelay_cntvaluein_skew__lane0__dq7__ctrl_1__dqs_vs_dq_bit__value_ps,signed_dqs_minus_dq_bit,idelay_cntvaluein_skew,lane0,dq7,1,dqs_vs_dq_bit,22,8,-1302.0,-143.0,692.0,-571.0,-150.5,418.0,-7.5,0.551136,fail_higher,0.551136,0.102273,overlap,0.0,0.678401
baseline_seed_1_30,direct,cntvaluein_bus_skew__idelay_data_cntvaluein__lane0__dq1__ctrl_none__dq1__value_ps,cntvaluein_bus_skew,idelay_data_cntvaluein,lane0,dq1,,dq1,22,8,242.0,677.5,1180.0,278.0,684.0,1002.0,6.5,0.448864,fail_lower,0.551136,-0.102273,overlap,0.0,0.678401
baseline_seed_1_30,skew,signed_dqs_minus_dq_bit__idelay_cntvaluein_skew__lane0__dq1__ctrl_3__dqs_vs_dq_bit__value_ps,signed_dqs_minus_dq_bit,idelay_cntvaluein_skew,lane0,dq1,3,dqs_vs_dq_bit,22,8,-804.0,50.5,689.0,-875.0,-114.5,794.0,-165.0,0.451705,fail_lower,0.548295,-0.096591,overlap,0.0,0.640712
baseline_seed_1_30,skew,signed_idelayctrl_minus_reset_release__startup_relative_skew__all__no_bit__ctrl_none__idelayctrl_vs_reset__value_ps,signed_idelayctrl_minus_reset_release,startup_relative_skew,all,,,idelayctrl_vs_reset,22,8,248.0,2012.5,2954.0,954.0,1702.0,2796.0,-310.5,0.454545,fail_lower,0.545455,-0.090909,overlap,0.0,0.603023
baseline_seed_1_30,skew,abs_idelayctrl_minus_reset_release__startup_relative_skew__all__no_bit__ctrl_none__idelayctrl_vs_reset__value_ps,abs_idelayctrl_minus_reset_release,startup_relative_skew,all,,,idelayctrl_vs_reset,22,8,248.0,2012.5,2954.0,954.0,1702.0,2796.0,-310.5,0.454545,fail_lower,0.545455,-0.090909,overlap,0.0,0.603023
baseline_seed_1_30,skew,abs_dqs_minus_dq_bit__idelay_cntvaluein_skew__lane0__dq4__ctrl_0__dqs_vs_dq_bit__value_ps,abs_dqs_minus_dq_bit,idelay_cntvaluein_skew,lane0,dq4,0,dqs_vs_dq_bit,22,8,9.0,280.0,998.0,76.0,166.5,937.0,-113.5,0.454545,fail_lower,0.545455,-0.090909,overlap,0.0,0.603023
baseline_seed_1_30,skew,signed_dqs_minus_dq_bit__idelay_cntvaluein_skew__lane0__dq5__ctrl_1__dqs_vs_dq_bit__value_ps,signed_dqs_minus_dq_bit,idelay_cntvaluein_skew,lane0,dq5,1,dqs_vs_dq_bit,22,8,-537.0,-105.0,993.0,-357.0,2.5,557.0,107.5,0.545455,fail_higher,0.545455,0.090909,overlap,0.0,0.603023
baseline_seed_1_30,skew,signed_dqs_minus_dq_bit__idelay_cntvaluein_skew__lane0__dq4__ctrl_2__dqs_vs_dq_bit__value_ps,signed_dqs_minus_dq_bit,idelay_cntvaluein_skew,lane0,dq4,2,dqs_vs_dq_bit,22,8,-774.0,-263.0,696.0,-963.0,-171.5,797.0,91.5,0.545455,fail_higher,0.545455,0.090909,overlap,0.0,0.603023
baseline_seed_1_30,skew,signed_dqs_minus_dq_bit__idelay_cntvaluein_skew__lane0__dq6__ctrl_1__dqs_vs_dq_bit__value_ps,signed_dqs_minus_dq_bit,idelay_cntvaluein_skew,lane0,dq6,1,dqs_vs_dq_bit,22,8,-1305.0,-145.5,818.0,-484.0,-66.0,332.0,79.5,0.545455,fail_higher,0.545455,0.090909,overlap,0.0,0.603023
baseline_seed_1_30,skew,signed_ld_minus_cntvaluein_dqs__idelay_ld_cntvaluein_skew__lane1__dqs1__ctrl_4__ld_vs_cntvaluein_dqs__value_ps,signed_ld_minus_cntvaluein_dqs,idelay_ld_cntvaluein_skew,lane1,dqs1,4,ld_vs_cntvaluein_dqs,22,8,-379.0,149.0,893.0,-168.0,70.0,545.0,-79.0,0.454545,fail_lower,0.545455,-0.090909,overlap,0.0,0.603023
baseline_seed_1_30,direct,direct_max__idelay_ld__lane0__dq3__ctrl_none__endpoint__value_ps,direct_max,idelay_ld,lane0,dq3,,endpoint,22,8,1314.0,1479.0,2121.0,1376.0,1555.5,2009.0,76.5,0.545455,fail_higher,0.545455,0.090909,overlap,0.0,0.603023
baseline_seed_1_30,direct,direct_max__idelay_data_cntvaluein__lane1__dq9__ctrl_4__endpoint__value_ps,direct_max,idelay_data_cntvaluein,lane1,dq9,4,endpoint,22,8,827.0,1241.0,1973.0,711.0,1311.0,1504.0,70.0,0.545455,fail_higher,0.545455,0.090909,overlap,0.0,0.603023
baseline_seed_1_30,skew,signed_dqs_minus_dq_bit__idelay_cntvaluein_skew__lane1__dq9__ctrl_2__dqs_vs_dq_bit__value_ps,signed_dqs_minus_dq_bit,idelay_cntvaluein_skew,lane1,dq9,2,dqs_vs_dq_bit,22,8,-403.0,152.5,873.0,-118.0,101.5,589.0,-51.0,0.454545,fail_lower,0.545455,-0.090909,overlap,0.0,0.603023
baseline_seed_1_30,direct,control_fanout_spread__idelay_data_cntvaluein__lane1__no_bit__ctrl_1__lane_control_bit__value_ps,control_fanout_spread,idelay_data_cntvaluein,lane1,,1,lane_control_bit,22,8,145.0,420.5,1067.0,250.0,468.5,554.0,48.0,0.545455,fail_higher,0.545455,0.090909,overlap,0.0,0.603023
baseline_seed_1_30,skew,dq_lane_range__idelay_cntvaluein_skew__lane1__no_bit__ctrl_1__dq_lane__value_ps,dq_lane_range,idelay_cntvaluein_skew,lane1,,1,dq_lane,22,8,145.0,420.5,1067.0,250.0,468.5,554.0,48.0,0.545455,fail_higher,0.545455,0.090909,overlap,0.0,0.603023
baseline_seed_1_30,direct,direct_max__idelay_data_cntvaluein__lane1__dq12__ctrl_2__endpoint__value_ps,direct_max,idelay_data_cntvaluein,lane1,dq12,2,endpoint,22,8,1069.0,1513.5,2216.0,1133.0,1551.5,1934.0,38.0,0.545455,fail_higher,0.545455,0.090909,overlap,0.0,0.603023
baseline_seed_1_30,direct,direct_max__idelay_ld__lane0__dq0__ctrl_none__endpoint__value_ps,direct_max,idelay_ld,lane0,dq0,,endpoint,22,8,1154.0,1696.5,2178.0,1365.0,1717.0,2239.0,20.5,0.545455,fail_higher,0.545455,0.090909,overlap,0.0,0.603023
baseline_seed_1_30,direct,direct_max__idelay_dqs_cntvaluein__lane0__dqs0__ctrl_4__endpoint__value_ps,direct_max,idelay_dqs_cntvaluein,lane0,dqs0,4,endpoint,22,8,1078.0,1461.0,2137.0,1179.0,1695.5,2055.0,234.5,0.542614,fail_higher,0.542614,0.085227,overlap,0.0,0.565334
baseline_seed_1_30,direct,direct_max__idelay_ld__lane1__dq14__ctrl_none__endpoint__value_ps,direct_max,idelay_ld,lane1,dq14,,endpoint,22,8,1271.0,1572.5,1955.0,1312.0,1634.5,2036.0,62.0,0.542614,fail_higher,0.542614,0.085227,overlap,0.0,0.565334
baseline_seed_1_30,direct,direct_max__idelay_data_cntvaluein__lane1__dq12__ctrl_0__endpoint__value_ps,direct_max,idelay_data_cntvaluein,lane1,dq12,0,endpoint,22,8,1054.0,1384.5,2006.0,986.0,1336.5,1957.0,-48.0,0.457386,fail_lower,0.542614,-0.085227,overlap,0.0,0.565334
baseline_seed_1_30,skew,abs_dqs_minus_dq_bit__idelay_cntvaluein_skew__lane0__dq5__ctrl_3__dqs_vs_dq_bit__value_ps,abs_dqs_minus_dq_bit,idelay_cntvaluein_skew,lane0,dq5,3,dqs_vs_dq_bit,22,8,20.0,293.5,783.0,71.0,334.0,934.0,40.5,0.542614,fail_higher,0.542614,0.085227,overlap,0.0,0.565334
baseline_seed_1_30,direct,direct_max__idelay_data_cntvaluein__lane0__dq6__ctrl_3__endpoint__value_ps,direct_max,idelay_data_cntvaluein,lane0,dq6,3,endpoint,22,8,1190.0,1727.5,2378.0,944.0,1747.0,2282.0,19.5,0.542614,fail_higher,0.542614,0.085227,overlap,0.0,0.565334
baseline_seed_1_30,skew,signed_lane1_minus_lane0_dqs__idelay_cntvaluein_skew__all__no_bit__ctrl_2__lane1_vs_lane0_dqs__value_ps,signed_lane1_minus_lane0_dqs,idelay_cntvaluein_skew,all,,2,lane1_vs_lane0_dqs,22,8,-531.0,-269.5,38.0,-356.0,-272.5,15.0,-3.0,0.542614,fail_higher,0.542614,0.085227,overlap,0.0,0.565334
baseline_seed_1_30,skew,abs_dqs_minus_dq_bit__idelay_cntvaluein_skew__lane0__dq7__ctrl_2__dqs_vs_dq_bit__value_ps,abs_dqs_minus_dq_bit,idelay_cntvaluein_skew,lane0,dq7,2,dqs_vs_dq_bit,22,8,38.0,350.0,778.0,23.0,350.5,863.0,0.5,0.542614,fail_higher,0.542614,0.085227,overlap,0.0,0.565334
baseline_seed_1_30,skew,signed_dqs_minus_dq_bit__idelay_cntvaluein_skew__lane1__dq12__ctrl_3__dqs_vs_dq_bit__value_ps,signed_dqs_minus_dq_bit,idelay_cntvaluein_skew,lane1,dq12,3,dqs_vs_dq_bit,22,8,-719.0,-43.0,283.0,-472.0,-223.5,876.0,-180.5,0.460227,fail_lower,0.539773,-0.079545,overlap,0.0,0.527645
baseline_seed_1_30,skew,signed_dqs_minus_dq_bit__idelay_cntvaluein_skew__lane0__dq4__ctrl_1__dqs_vs_dq_bit__value_ps,signed_dqs_minus_dq_bit,idelay_cntvaluein_skew,lane0,dq4,1,dqs_vs_dq_bit,22,8,-1209.0,-164.0,725.0,-577.0,-71.0,503.0,93.0,0.539773,fail_higher,0.539773,0.079545,overlap,0.0,0.527645
baseline_seed_1_30,skew,abs_dqs_minus_dq_bit__idelay_cntvaluein_skew__lane1__dq8__ctrl_0__dqs_vs_dq_bit__value_ps,abs_dqs_minus_dq_bit,idelay_cntvaluein_skew,lane1,dq8,0,dqs_vs_dq_bit,22,8,3.0,225.0,778.0,63.0,318.0,873.0,93.0,0.539773,fail_higher,0.539773,0.079545,overlap,0.0,0.527645
baseline_seed_1_30,direct,direct_max__idelay_data_cntvaluein__lane0__dq7__ctrl_0__endpoint__value_ps,direct_max,idelay_data_cntvaluein,lane0,dq7,0,endpoint,22,8,1271.0,1633.5,2265.0,1177.0,1710.0,2187.0,76.5,0.539773,fail_higher,0.539773,0.079545,overlap,0.0,0.527645
baseline_seed_1_30,direct,direct_max__idelay_data_cntvaluein__lane0__dq2__ctrl_2__endpoint__value_ps,direct_max,idelay_data_cntvaluein,lane0,dq2,2,endpoint,22,8,1207.0,1749.5,2177.0,1309.0,1680.5,2118.0,-69.0,0.460227,fail_lower,0.539773,-0.079545,overlap,0.0,0.527645
baseline_seed_1_30,skew,signed_dqs_minus_dq_bit__idelay_cntvaluein_skew__lane1__dq12__ctrl_1__dqs_vs_dq_bit__value_ps,signed_dqs_minus_dq_bit,idelay_cntvaluein_skew,lane1,dq12,1,dqs_vs_dq_bit,22,8,-760.0,-61.5,620.0,-490.0,-125.5,508.0,-64.0,0.460227,fail_lower,0.539773,-0.079545,overlap,0.0,0.527645
baseline_seed_1_30,skew,signed_dqs_minus_dq_bit__idelay_cntvaluein_skew__lane0__dq3__ctrl_2__dqs_vs_dq_bit__value_ps,signed_dqs_minus_dq_bit,idelay_cntvaluein_skew,lane0,dq3,2,dqs_vs_dq_bit,22,8,-600.0,-22.5,696.0,-815.0,33.0,879.0,55.5,0.460227,fail_lower,0.539773,-0.079545,overlap,0.0,0.527645
baseline_seed_1_30,direct,direct_max__idelay_data_cntvaluein__lane1__dq12__ctrl_1__endpoint__value_ps,direct_max,idelay_data_cntvaluein,lane1,dq12,1,endpoint,22,8,883.0,1386.0,1917.0,1098.0,1332.5,1756.0,-53.5,0.460227,fail_lower,0.539773,-0.079545,overlap,0.0,0.527645
baseline_seed_1_30,direct,direct_max__idelay_data_cntvaluein__lane1__dq9__ctrl_1__endpoint__value_ps,direct_max,idelay_data_cntvaluein,lane1,dq9,1,endpoint,22,8,808.0,1185.5,1664.0,814.0,1238.0,1519.0,52.5,0.539773,fail_higher,0.539773,0.079545,overlap,0.0,0.527645
baseline_seed_1_30,direct,direct_max__dq_iologic__lane0__dq1__ctrl_none__endpoint__value_ps,direct_max,dq_iologic,lane0,dq1,,endpoint,22,8,1649.0,2099.5,3990.0,1876.0,2149.0,3088.0,49.5,0.539773,fail_higher,0.539773,0.079545,overlap,0.0,0.527645
baseline_seed_1_30,skew,signed_dqs_minus_dq_bit__idelay_cntvaluein_skew__lane0__dq5__ctrl_0__dqs_vs_dq_bit__value_ps,signed_dqs_minus_dq_bit,idelay_cntvaluein_skew,lane0,dq5,0,dqs_vs_dq_bit,22,8,-693.0,86.5,1059.0,-145.0,53.5,1021.0,-33.0,0.539773,fail_higher,0.539773,0.079545,overlap,0.0,0.527645
baseline_seed_1_30,skew,signed_dqs_minus_dq_bit__idelay_cntvaluein_skew__lane0__dq2__ctrl_2__dqs_vs_dq_bit__value_ps,signed_dqs_minus_dq_bit,idelay_cntvaluein_skew,lane0,dq2,2,dqs_vs_dq_bit,22,8,-688.0,-122.0,610.0,-778.0,-89.0,795.0,33.0,0.539773,fail_higher,0.539773,0.079545,overlap,0.0,0.527645
baseline_seed_1_30,skew,signed_dqs_minus_dq_bit__idelay_cntvaluein_skew__lane0__dq3__ctrl_0__dqs_vs_dq_bit__value_ps,signed_dqs_minus_dq_bit,idelay_cntvaluein_skew,lane0,dq3,0,dqs_vs_dq_bit,22,8,-714.0,109.0,970.0,-230.0,138.5,1027.0,29.5,0.539773,fail_higher,0.539773,0.079545,overlap,0.0,0.527645
baseline_seed_1_30,skew,signed_dqs_minus_dq_bit__idelay_cntvaluein_skew__lane1__dq11__ctrl_3__dqs_vs_dq_bit__value_ps,signed_dqs_minus_dq_bit,idelay_cntvaluein_skew,lane1,dq11,3,dqs_vs_dq_bit,22,8,-512.0,74.0,551.0,-329.0,97.5,789.0,23.5,0.539773,fail_higher,0.539773,0.079545,overlap,0.0,0.527645
baseline_seed_1_30,direct,direct_max__idelay_data_cntvaluein__lane0__dq7__ctrl_2__endpoint__value_ps,direct_max,idelay_data_cntvaluein,lane0,dq7,2,endpoint,22,8,1258.0,1785.0,2395.0,1241.0,1695.0,2282.0,-90.0,0.463068,fail_lower,0.536932,-0.073864,overlap,0.0,0.489956
baseline_seed_1_30,skew,abs_dqs_minus_dq_bit__idelay_cntvaluein_skew__lane1__dq11__ctrl_3__dqs_vs_dq_bit__value_ps,abs_dqs_minus_dq_bit,idelay_cntvaluein_skew,lane1,dq11,3,dqs_vs_dq_bit,22,8,12.0,181.0,551.0,31.0,225.0,789.0,44.0,0.536932,fail_higher,0.536932,0.073864,overlap,0.0,0.489956
baseline_seed_1_30,skew,signed_lane1_minus_lane0_dqs__idelay_cntvaluein_skew__all__no_bit__ctrl_3__lane1_vs_lane0_dqs__value_ps,signed_lane1_minus_lane0_dqs,idelay_cntvaluein_skew,all,,3,lane1_vs_lane0_dqs,22,8,-617.0,-290.0,37.0,-393.0,-274.5,-204.0,15.5,0.536932,fail_higher,0.536932,0.073864,overlap,0.0,0.489956
baseline_seed_1_30,skew,abs_lane1_minus_lane0_dqs__idelay_cntvaluein_skew__all__no_bit__ctrl_3__lane1_vs_lane0_dqs__value_ps,abs_lane1_minus_lane0_dqs,idelay_cntvaluein_skew,all,,3,lane1_vs_lane0_dqs,22,8,37.0,290.0,617.0,204.0,274.5,393.0,-15.5,0.463068,fail_lower,0.536932,-0.073864,overlap,0.0,0.489956
baseline_seed_1_30,direct,direct_max__dqs_iologic__lane0__dqs0__ctrl_none__endpoint__value_ps,direct_max,dqs_iologic,lane0,dqs0,,endpoint,22,8,2555.0,3217.0,4275.0,2904.0,3352.5,3539.0,135.5,0.534091,fail_higher,0.534091,0.068182,overlap,0.0,0.452267
baseline_seed_1_30,direct,lane_spread__dqs_iologic__lane0__no_bit__ctrl_none__lane__value_ps,lane_spread,dqs_iologic,lane0,,,lane,22,8,2555.0,3217.0,4275.0,2904.0,3352.5,3539.0,135.5,0.534091,fail_higher,0.534091,0.068182,overlap,0.0,0.452267
baseline_seed_1_30,skew,signed_ld_minus_cntvaluein_dq_median__idelay_ld_cntvaluein_skew__lane0__no_bit__ctrl_2__ld_vs_cntvaluein_dq_lane__value_ps,signed_ld_minus_cntvaluein_dq_median,idelay_ld_cntvaluein_skew,lane0,,2,ld_vs_cntvaluein_dq_lane,22,8,-757.0,-36.25,779.0,-702.5,89.25,462.5,125.5,0.534091,fail_higher,0.534091,0.068182,overlap,0.0,0.452267
baseline_seed_1_30,skew,signed_dqs_minus_dq_bit__idelay_cntvaluein_skew__lane1__dq14__ctrl_1__dqs_vs_dq_bit__value_ps,signed_dqs_minus_dq_bit,idelay_cntvaluein_skew,lane1,dq14,1,dqs_vs_dq_bit,22,8,-671.0,-93.0,878.0,-572.0,-190.0,418.0,-97.0,0.465909,fail_lower,0.534091,-0.068182,overlap,0.0,0.452267
baseline_seed_1_30,skew,signed_dqs_minus_dq_median__idelay_cntvaluein_skew__lane1__dqs1__ctrl_0__dqs_vs_dq_lane__value_ps,signed_dqs_minus_dq_median,idelay_cntvaluein_skew,lane1,dqs1,0,dqs_vs_dq_lane,22,8,-728.5,48.25,518.5,-367.0,-43.25,894.5,-91.5,0.534091,fail_higher,0.534091,0.068182,overlap,0.0,0.452267
baseline_seed_1_30,skew,abs_ld_minus_cntvaluein_dqs__idelay_ld_cntvaluein_skew__lane0__dqs0__ctrl_1__ld_vs_cntvaluein_dqs__value_ps,abs_ld_minus_cntvaluein_dqs,idelay_ld_cntvaluein_skew,lane0,dqs0,1,ld_vs_cntvaluein_dqs,22,8,9.0,293.5,974.0,56.0,375.5,728.0,82.0,0.534091,fail_higher,0.534091,0.068182,overlap,0.0,0.452267
baseline_seed_1_30,skew,abs_dqs_minus_dq_bit__idelay_cntvaluein_skew__lane0__dq3__ctrl_3__dqs_vs_dq_bit__value_ps,abs_dqs_minus_dq_bit,idelay_cntvaluein_skew,lane0,dq3,3,dqs_vs_dq_bit,22,8,48.0,295.0,796.0,103.0,366.0,1000.0,71.0,0.534091,fail_higher,0.534091,0.068182,overlap,0.0,0.452267
baseline_seed_1_30,direct,direct_max__idelay_data_cntvaluein__lane0__dq1__ctrl_0__endpoint__value_ps,direct_max,idelay_data_cntvaluein,lane0,dq1,0,endpoint,22,8,1069.0,1655.0,2246.0,1185.0,1716.5,2234.0,61.5,0.465909,fail_lower,0.534091,-0.068182,overlap,0.0,0.452267
baseline_seed_1_30,skew,dq_lane_range__iologic_skew__lane0__no_bit__ctrl_none__dq_lane__value_ps,dq_lane_range,iologic_skew,lane0,,,dq_lane,22,8,181.0,534.0,1419.0,413.0,584.0,704.0,50.0,0.534091,fail_higher,0.534091,0.068182,overlap,0.0,0.452267
baseline_seed_1_30,skew,signed_dqs_minus_dq_bit__idelay_cntvaluein_skew__lane1__dq13__ctrl_4__dqs_vs_dq_bit__value_ps,signed_dqs_minus_dq_bit,idelay_cntvaluein_skew,lane1,dq13,4,dqs_vs_dq_bit,22,8,-553.0,-72.5,795.0,-364.0,-120.0,510.0,-47.5,0.465909,fail_lower,0.534091,-0.068182,overlap,0.0,0.452267
baseline_seed_1_30,direct,direct_max__idelay_dqs_cntvaluein__lane0__dqs0__ctrl_3__endpoint__value_ps,direct_max,idelay_dqs_cntvaluein,lane0,dqs0,3,endpoint,22,8,924.0,1769.5,2119.0,1394.0,1738.0,2118.0,-31.5,0.534091,fail_higher,0.534091,0.068182,overlap,0.0,0.452267
baseline_seed_1_30,direct,direct_max__idelay_data_cntvaluein__lane1__dq8__ctrl_1__endpoint__value_ps,direct_max,idelay_data_cntvaluein,lane1,dq8,1,endpoint,22,8,1065.0,1484.0,2029.0,939.0,1515.0,1929.0,31.0,0.534091,fail_higher,0.534091,0.068182,overlap,0.0,0.452267
baseline_seed_1_30,skew,signed_dqs_minus_dq_bit__idelay_cntvaluein_skew__lane0__dq4__ctrl_4__dqs_vs_dq_bit__value_ps,signed_dqs_minus_dq_bit,idelay_cntvaluein_skew,lane0,dq4,4,dqs_vs_dq_bit,22,8,-886.0,-153.0,758.0,-738.0,-122.5,376.0,30.5,0.465909,fail_lower,0.534091,-0.068182,overlap,0.0,0.452267
baseline_seed_1_30,skew,signed_dqs_minus_dq_median__idelay_cntvaluein_skew__lane0__dqs0__ctrl_2__dqs_vs_dq_lane__value_ps,signed_dqs_minus_dq_median,idelay_cntvaluein_skew,lane0,dqs0,2,dqs_vs_dq_lane,22,8,-731.5,-145.75,695.0,-838.0,-119.0,794.5,26.75,0.534091,fail_higher,0.534091,0.068182,overlap,0.0,0.452267
baseline_seed_1_30,skew,abs_dqs_minus_dq_bit__idelay_cntvaluein_skew__lane1__dq13__ctrl_0__dqs_vs_dq_bit__value_ps,abs_dqs_minus_dq_bit,idelay_cntvaluein_skew,lane1,dq13,0,dqs_vs_dq_bit,22,8,0.0,169.5,779.0,59.0,131.0,750.0,-38.5,0.46875,fail_lower,0.53125,-0.0625,overlap,0.0,0.414578
baseline_seed_1_30,skew,abs_lane1_minus_lane0_dqs__idelay_cntvaluein_skew__all__no_bit__ctrl_0__lane1_vs_lane0_dqs__value_ps,abs_lane1_minus_lane0_dqs,idelay_cntvaluein_skew,all,,0,lane1_vs_lane0_dqs,22,8,2.0,276.0,579.0,21.0,267.5,795.0,-8.5,0.46875,fail_lower,0.53125,-0.0625,overlap,0.0,0.414578
baseline_seed_1_30,skew,signed_dqs_minus_dq_bit__idelay_cntvaluein_skew__lane1__dq11__ctrl_4__dqs_vs_dq_bit__value_ps,signed_dqs_minus_dq_bit,idelay_cntvaluein_skew,lane1,dq11,4,dqs_vs_dq_bit,22,8,-479.0,-21.5,803.0,-285.0,-145.0,422.0,-123.5,0.471591,fail_lower,0.528409,-0.056818,overlap,0.0,0.376889
baseline_seed_1_30,skew,signed_dqs_minus_dq_bit__idelay_cntvaluein_skew__lane1__dq8__ctrl_4__dqs_vs_dq_bit__value_ps,signed_dqs_minus_dq_bit,idelay_cntvaluein_skew,lane1,dq8,4,dqs_vs_dq_bit,22,8,-873.0,-198.5,727.0,-383.0,-84.0,20.0,114.5,0.471591,fail_lower,0.528409,-0.056818,overlap,0.0,0.376889
baseline_seed_1_30,direct,direct_max__idelay_ld__lane1__dq15__ctrl_none__endpoint__value_ps,direct_max,idelay_ld,lane1,dq15,,endpoint,22,8,1024.0,1396.5,1712.0,1006.0,1295.5,1856.0,-101.0,0.471591,fail_lower,0.528409,-0.056818,overlap,0.0,0.376889
baseline_seed_1_30,direct,direct_max__idelay_data_cntvaluein__lane1__dq8__ctrl_3__endpoint__value_ps,direct_max,idelay_data_cntvaluein,lane1,dq8,3,endpoint,22,8,870.0,1580.5,2032.0,1116.0,1481.5,2216.0,-99.0,0.471591,fail_lower,0.528409,-0.056818,overlap,0.0,0.376889
baseline_seed_1_30,skew,signed_dqs_minus_dq_bit__idelay_cntvaluein_skew__lane0__dq0__ctrl_3__dqs_vs_dq_bit__value_ps,signed_dqs_minus_dq_bit,idelay_cntvaluein_skew,lane0,dq0,3,dqs_vs_dq_bit,22,8,-751.0,71.0,781.0,-790.0,-26.5,796.0,-97.5,0.471591,fail_lower,0.528409,-0.056818,overlap,0.0,0.376889
baseline_seed_1_30,skew,signed_ld_minus_cntvaluein_dq_median__idelay_ld_cntvaluein_skew__lane0__no_bit__ctrl_3__ld_vs_cntvaluein_dq_lane__value_ps,signed_ld_minus_cntvaluein_dq_median,idelay_ld_cntvaluein_skew,lane0,,3,ld_vs_cntvaluein_dq_lane,22,8,-445.0,-20.25,781.5,-879.0,42.0,317.5,62.25,0.471591,fail_lower,0.528409,-0.056818,overlap,0.0,0.376889
baseline_seed_1_30,direct,direct_max__idelay_ld__lane0__dq4__ctrl_none__endpoint__value_ps,direct_max,idelay_ld,lane0,dq4,,endpoint,22,8,1246.0,1717.5,2316.0,1355.0,1665.0,2211.0,-52.5,0.471591,fail_lower,0.528409,-0.056818,overlap,0.0,0.376889
baseline_seed_1_30,skew,abs_dqs_minus_dq_bit__idelay_cntvaluein_skew__lane1__dq11__ctrl_2__dqs_vs_dq_bit__value_ps,abs_dqs_minus_dq_bit,idelay_cntvaluein_skew,lane1,dq11,2,dqs_vs_dq_bit,22,8,12.0,211.5,740.0,41.0,165.0,717.0,-46.5,0.528409,fail_higher,0.528409,0.056818,overlap,0.0,0.376889
baseline_seed_1_30,skew,abs_dqs_minus_dq_bit__idelay_cntvaluein_skew__lane0__dq6__ctrl_3__dqs_vs_dq_bit__value_ps,abs_dqs_minus_dq_bit,idelay_cntvaluein_skew,lane0,dq6,3,dqs_vs_dq_bit,22,8,52.0,275.5,827.0,11.0,317.5,1121.0,42.0,0.528409,fail_higher,0.528409,0.056818,overlap,0.0,0.376889
baseline_seed_1_30,direct,direct_max__idelay_data_cntvaluein__lane0__dq4__ctrl_3__endpoint__value_ps,direct_max,idelay_data_cntvaluein,lane0,dq4,3,endpoint,22,8,1264.0,1843.5,2283.0,1284.0,1812.0,2533.0,-31.5,0.528409,fail_higher,0.528409,0.056818,overlap,0.0,0.376889
baseline_seed_1_30,direct,direct_max__idelay_ld__lane1__dq11__ctrl_none__endpoint__value_ps,direct_max,idelay_ld,lane1,dq11,,endpoint,22,8,1304.0,1501.0,1812.0,1208.0,1532.5,1945.0,31.5,0.528409,fail_higher,0.528409,0.056818,overlap,0.0,0.376889
baseline_seed_1_30,skew,abs_dqs_minus_dq_bit__idelay_cntvaluein_skew__lane1__dq10__ctrl_2__dqs_vs_dq_bit__value_ps,abs_dqs_minus_dq_bit,idelay_cntvaluein_skew,lane1,dq10,2,dqs_vs_dq_bit,22,8,5.0,231.0,814.0,22.0,259.5,737.0,28.5,0.528409,fail_higher,0.528409,0.056818,overlap,0.0,0.376889
baseline_seed_1_30,direct,direct_max__idelay_data_cntvaluein__lane0__dq5__ctrl_2__endpoint__value_ps,direct_max,idelay_data_cntvaluein,lane0,dq5,2,endpoint,22,8,1128.0,1656.0,2401.0,1082.0,1677.0,2246.0,21.0,0.528409,fail_higher,0.528409,0.056818,overlap,0.0,0.376889
baseline_seed_1_30,skew,abs_dqs_minus_dq_bit__idelay_cntvaluein_skew__lane0__dq4__ctrl_2__dqs_vs_dq_bit__value_ps,abs_dqs_minus_dq_bit,idelay_cntvaluein_skew,lane0,dq4,2,dqs_vs_dq_bit,22,8,81.0,335.5,774.0,10.0,355.0,963.0,19.5,0.528409,fail_higher,0.528409,0.056818,overlap,0.0,0.376889
baseline_seed_1_30,direct,direct_max__idelay_data_cntvaluein__lane1__dq15__ctrl_1__endpoint__value_ps,direct_max,idelay_data_cntvaluein,lane1,dq15,1,endpoint,22,8,722.0,1159.0,1636.0,1001.0,1146.5,1437.0,-12.5,0.528409,fail_higher,0.528409,0.056818,overlap,0.0,0.376889
baseline_seed_1_30,skew,signed_lane1_minus_lane0_dqs__idelay_cntvaluein_skew__all__no_bit__ctrl_4__lane1_vs_lane0_dqs__value_ps,signed_lane1_minus_lane0_dqs,idelay_cntvaluein_skew,all,,4,lane1_vs_lane0_dqs,22,8,-521.0,-252.0,27.0,-552.0,-241.0,103.0,11.0,0.528409,fail_higher,0.528409,0.056818,overlap,0.0,0.376889
baseline_seed_1_30,skew,abs_dqs_minus_dq_bit__idelay_cntvaluein_skew__lane1__dq12__ctrl_2__dqs_vs_dq_bit__value_ps,abs_dqs_minus_dq_bit,idelay_cntvaluein_skew,lane1,dq12,2,dqs_vs_dq_bit,22,8,11.0,284.0,783.0,5.0,294.0,579.0,10.0,0.528409,fail_higher,0.528409,0.056818,overlap,0.0,0.376889
baseline_seed_1_30,skew,signed_dqs_minus_dq_bit__idelay_cntvaluein_skew__lane0__dq7__ctrl_3__dqs_vs_dq_bit__value_ps,signed_dqs_minus_dq_bit,idelay_cntvaluein_skew,lane0,dq7,3,dqs_vs_dq_bit,22,8,-731.0,-72.0,505.0,-708.0,-217.5,1034.0,-145.5,0.474432,fail_lower,0.525568,-0.051136,overlap,0.0,0.3392
baseline_seed_1_30,skew,signed_dqs_minus_dq_bit__idelay_cntvaluein_skew__lane1__dq13__ctrl_0__dqs_vs_dq_bit__value_ps,signed_dqs_minus_dq_bit,idelay_cntvaluein_skew,lane1,dq13,0,dqs_vs_dq_bit,22,8,-779.0,-0.5,576.0,-260.0,-75.0,750.0,-74.5,0.525568,fail_higher,0.525568,0.051136,overlap,0.0,0.3392
baseline_seed_1_30,skew,abs_dqs_minus_dq_median__idelay_cntvaluein_skew__lane1__dqs1__ctrl_2__dqs_vs_dq_lane__value_ps,abs_dqs_minus_dq_median,idelay_cntvaluein_skew,lane1,dqs1,2,dqs_vs_dq_lane,22,8,15.5,192.0,799.0,63.5,174.5,650.5,-17.5,0.525568,fail_higher,0.525568,0.051136,overlap,0.0,0.3392
baseline_seed_1_30,direct,direct_max__idelay_ld__lane1__dqs1__ctrl_none__endpoint__value_ps,direct_max,idelay_ld,lane1,dqs1,,endpoint,22,8,1146.0,1424.0,1963.0,1179.0,1437.5,1916.0,13.5,0.525568,fail_higher,0.525568,0.051136,overlap,0.0,0.3392
baseline_seed_1_30,skew,signed_dqs_minus_dq_bit__idelay_cntvaluein_skew__lane1__dq8__ctrl_3__dqs_vs_dq_bit__value_ps,signed_dqs_minus_dq_bit,idelay_cntvaluein_skew,lane1,dq8,3,dqs_vs_dq_bit,22,8,-901.0,-117.0,266.0,-564.0,-109.5,615.0,7.5,0.525568,fail_higher,0.525568,0.051136,overlap,0.0,0.3392
baseline_seed_1_30,direct,direct_max__idelay_data_cntvaluein__lane0__dq4__ctrl_0__endpoint__value_ps,direct_max,idelay_data_cntvaluein,lane0,dq4,0,endpoint,22,8,1271.0,1614.0,2170.0,1009.0,1727.0,2109.0,113.0,0.522727,fail_higher,0.522727,0.045455,overlap,0.0,0.301511
baseline_seed_1_30,direct,direct_max__idelay_data_cntvaluein__lane0__dq1__ctrl_3__endpoint__value_ps,direct_max,idelay_data_cntvaluein,lane0,dq1,3,endpoint,22,8,1174.0,1794.0,2193.0,1090.0,1721.0,2448.0,-73.0,0.522727,fail_higher,0.522727,0.045455,overlap,0.0,0.301511
baseline_seed_1_30,skew,signed_dqs_minus_dq_bit__idelay_cntvaluein_skew__lane0__dq0__ctrl_1__dqs_vs_dq_bit__value_ps,signed_dqs_minus_dq_bit,idelay_cntvaluein_skew,lane0,dq0,1,dqs_vs_dq_bit,22,8,-1034.0,-96.5,848.0,-675.0,-29.0,335.0,67.5,0.522727,fail_higher,0.522727,0.045455,overlap,0.0,0.301511
baseline_seed_1_30,direct,direct_max__idelay_data_cntvaluein__lane1__dq15__ctrl_2__endpoint__value_ps,direct_max,idelay_data_cntvaluein,lane1,dq15,2,endpoint,22,8,802.0,1199.5,1643.0,884.0,1256.0,1626.0,56.5,0.522727,fail_higher,0.522727,0.045455,overlap,0.0,0.301511
baseline_seed_1_30,skew,signed_dqs_minus_dq_bit__idelay_cntvaluein_skew__lane1__dq12__ctrl_4__dqs_vs_dq_bit__value_ps,signed_dqs_minus_dq_bit,idelay_cntvaluein_skew,lane1,dq12,4,dqs_vs_dq_bit,22,8,-778.0,-108.0,727.0,-499.0,-53.5,196.0,54.5,0.522727,fail_higher,0.522727,0.045455,overlap,0.0,0.301511
baseline_seed_1_30,skew,signed_dqs_minus_dq_median__idelay_cntvaluein_skew__lane0__dqs0__ctrl_4__dqs_vs_dq_lane__value_ps,signed_dqs_minus_dq_median,idelay_cntvaluein_skew,lane0,dqs0,4,dqs_vs_dq_lane,22,8,-812.0,-107.5,797.5,-796.0,-60.25,401.5,47.25,0.477273,fail_lower,0.522727,-0.045455,overlap,0.0,0.301511
baseline_seed_1_30,skew,signed_ld_minus_cntvaluein_dqs__idelay_ld_cntvaluein_skew__lane1__dqs1__ctrl_2__ld_vs_cntvaluein_dqs__value_ps,signed_ld_minus_cntvaluein_dqs,idelay_ld_cntvaluein_skew,lane1,dqs1,2,ld_vs_cntvaluein_dqs,22,8,-755.0,77.0,605.0,-599.0,116.0,561.0,39.0,0.477273,fail_lower,0.522727,-0.045455,overlap,0.0,0.301511
baseline_seed_1_30,skew,abs_dqs_minus_dq_median__idelay_cntvaluein_skew__lane1__dqs1__ctrl_0__dqs_vs_dq_lane__value_ps,abs_dqs_minus_dq_median,idelay_cntvaluein_skew,lane1,dqs1,0,dqs_vs_dq_lane,22,8,5.5,203.0,728.5,32.5,166.5,894.5,-36.5,0.522727,fail_higher,0.522727,0.045455,overlap,0.0,0.301511
baseline_seed_1_30,direct,direct_max__idelay_data_cntvaluein__lane1__dq10__ctrl_2__endpoint__value_ps,direct_max,idelay_data_cntvaluein,lane1,dq10,2,endpoint,22,8,985.0,1513.0,2160.0,1011.0,1478.0,1983.0,-35.0,0.522727,fail_higher,0.522727,0.045455,overlap,0.0,0.301511
baseline_seed_1_30,skew,abs_ld_minus_cntvaluein_dq_median__idelay_ld_cntvaluein_skew__lane0__no_bit__ctrl_4__ld_vs_cntvaluein_dq_lane__value_ps,abs_ld_minus_cntvaluein_dq_median,idelay_ld_cntvaluein_skew,lane0,,4,ld_vs_cntvaluein_dq_lane,22,8,10.5,284.25,862.0,74.0,316.0,588.5,31.75,0.522727,fail_higher,0.522727,0.045455,overlap,0.0,0.301511
baseline_seed_1_30,skew,signed_dqs_minus_dq_bit__idelay_cntvaluein_skew__lane0__dq2__ctrl_3__dqs_vs_dq_bit__value_ps,signed_dqs_minus_dq_bit,idelay_cntvaluein_skew,lane0,dq2,3,dqs_vs_dq_bit,22,8,-646.0,-42.5,597.0,-618.0,-12.0,781.0,30.5,0.477273,fail_lower,0.522727,-0.045455,overlap,0.0,0.301511
baseline_seed_1_30,skew,signed_lane1_minus_lane0_dq_median__idelay_cntvaluein_skew__all__no_bit__ctrl_2__lane1_vs_lane0_dq__value_ps,signed_lane1_minus_lane0_dq_median,idelay_cntvaluein_skew,all,,2,lane1_vs_lane0_dq,22,8,-710.0,-320.5,-86.0,-453.5,-303.0,-212.0,17.5,0.522727,fail_higher,0.522727,0.045455,overlap,0.0,0.301511
baseline_seed_1_30,skew,abs_lane1_minus_lane0_dq_median__idelay_cntvaluein_skew__all__no_bit__ctrl_2__lane1_vs_lane0_dq__value_ps,abs_lane1_minus_lane0_dq_median,idelay_cntvaluein_skew,all,,2,lane1_vs_lane0_dq,22,8,86.0,320.5,710.0,212.0,303.0,453.5,-17.5,0.477273,fail_lower,0.522727,-0.045455,overlap,0.0,0.301511
baseline_seed_1_30,direct,direct_max__idelay_data_cntvaluein__lane0__dq0__ctrl_2__endpoint__value_ps,direct_max,idelay_data_cntvaluein,lane0,dq0,2,endpoint,22,8,1248.0,1738.5,2217.0,1162.0,1741.0,2164.0,2.5,0.522727,fail_higher,0.522727,0.045455,overlap,0.0,0.301511
baseline_seed_1_30,direct,direct_max__idelay_data_cntvaluein__lane0__dq6__ctrl_0__endpoint__value_ps,direct_max,idelay_data_cntvaluein,lane0,dq6,0,endpoint,22,8,1279.0,1619.5,2124.0,990.0,1681.5,2069.0,62.0,0.519886,fail_higher,0.519886,0.039773,overlap,0.0,0.263822
baseline_seed_1_30,direct,direct_max__idelay_ld__lane0__dq5__ctrl_none__endpoint__value_ps,direct_max,idelay_ld,lane0,dq5,,endpoint,22,8,1381.0,1552.0,1860.0,1353.0,1610.0,1929.0,58.0,0.480114,fail_lower,0.519886,-0.039773,overlap,0.0,0.263822
baseline_seed_1_30,skew,signed_dqs_minus_dq_bit__idelay_cntvaluein_skew__lane0__dq7__ctrl_2__dqs_vs_dq_bit__value_ps,signed_dqs_minus_dq_bit,idelay_cntvaluein_skew,lane0,dq7,2,dqs_vs_dq_bit,22,8,-778.0,-138.5,615.0,-861.0,-177.0,863.0,-38.5,0.519886,fail_higher,0.519886,0.039773,overlap,0.0,0.263822
baseline_seed_1_30,direct,direct_max__idelay_ld__lane1__dq8__ctrl_none__endpoint__value_ps,direct_max,idelay_ld,lane1,dq8,,endpoint,22,8,1269.0,1570.0,1889.0,1156.0,1540.0,2121.0,-30.0,0.519886,fail_higher,0.519886,0.039773,overlap,0.0,0.263822
baseline_seed_1_30,skew,signed_lane1_minus_lane0_dqs__idelay_cntvaluein_skew__all__no_bit__ctrl_0__lane1_vs_lane0_dqs__value_ps,signed_lane1_minus_lane0_dqs,idelay_cntvaluein_skew,all,,0,lane1_vs_lane0_dqs,22,8,-579.0,-276.0,260.0,-795.0,-267.5,21.0,8.5,0.519886,fail_higher,0.519886,0.039773,overlap,0.0,0.263822
baseline_seed_1_30,direct,direct_max__dq_iologic__lane0__dq3__ctrl_none__endpoint__value_ps,direct_max,dq_iologic,lane0,dq3,,endpoint,22,8,1726.0,2411.0,3805.0,1741.0,2414.0,3398.0,3.0,0.480114,fail_lower,0.519886,-0.039773,overlap,0.0,0.263822
baseline_seed_1_30,direct,direct_max__idelay_data_cntvaluein__lane0__dq4__ctrl_2__endpoint__value_ps,direct_max,idelay_data_cntvaluein,lane0,dq4,2,endpoint,22,8,1264.0,1834.0,2265.0,1307.0,1699.5,2303.0,-134.5,0.482955,fail_lower,0.517045,-0.034091,overlap,0.0,0.226134
baseline_seed_1_30,skew,signed_dqs_minus_dq_bit__idelay_cntvaluein_skew__lane0__dq6__ctrl_3__dqs_vs_dq_bit__value_ps,signed_dqs_minus_dq_bit,idelay_cntvaluein_skew,lane0,dq6,3,dqs_vs_dq_bit,22,8,-827.0,108.5,557.0,-733.0,-24.5,1121.0,-133.0,0.517045,fail_higher,0.517045,0.034091,overlap,0.0,0.226134
baseline_seed_1_30,skew,signed_dqs_minus_dq_bit__idelay_cntvaluein_skew__lane0__dq1__ctrl_2__dqs_vs_dq_bit__value_ps,signed_dqs_minus_dq_bit,idelay_cntvaluein_skew,lane0,dq1,2,dqs_vs_dq_bit,22,8,-863.0,-232.5,781.0,-880.0,-109.0,754.0,123.5,0.517045,fail_higher,0.517045,0.034091,overlap,0.0,0.226134
baseline_seed_1_30,skew,signed_dqs_minus_dq_bit__idelay_cntvaluein_skew__lane1__dq10__ctrl_0__dqs_vs_dq_bit__value_ps,signed_dqs_minus_dq_bit,idelay_cntvaluein_skew,lane1,dq10,0,dqs_vs_dq_bit,22,8,-727.0,33.0,468.0,-479.0,-90.0,911.0,-123.0,0.517045,fail_higher,0.517045,0.034091,overlap,0.0,0.226134
baseline_seed_1_30,skew,abs_dqs_minus_dq_bit__idelay_cntvaluein_skew__lane1__dq8__ctrl_1__dqs_vs_dq_bit__value_ps,abs_dqs_minus_dq_bit,idelay_cntvaluein_skew,lane1,dq8,1,dqs_vs_dq_bit,22,8,36.0,244.5,959.0,23.0,345.5,663.0,101.0,0.482955,fail_lower,0.517045,-0.034091,overlap,0.0,0.226134
baseline_seed_1_30,skew,signed_dqs_minus_dq_median__idelay_cntvaluein_skew__lane1__dqs1__ctrl_1__dqs_vs_dq_lane__value_ps,signed_dqs_minus_dq_median,idelay_cntvaluein_skew,lane1,dqs1,1,dqs_vs_dq_lane,22,8,-631.0,-104.5,892.0,-477.5,-35.5,488.5,69.0,0.517045,fail_higher,0.517045,0.034091,overlap,0.0,0.226134
baseline_seed_1_30,direct,direct_max__idelay_ld__lane1__dq13__ctrl_none__endpoint__value_ps,direct_max,idelay_ld,lane1,dq13,,endpoint,22,8,1159.0,1479.0,1843.0,1215.0,1519.0,2029.0,40.0,0.517045,fail_higher,0.517045,0.034091,overlap,0.0,0.226134
baseline_seed_1_30,skew,signed_ld_minus_cntvaluein_dqs__idelay_ld_cntvaluein_skew__lane1__dqs1__ctrl_3__ld_vs_cntvaluein_dqs__value_ps,signed_ld_minus_cntvaluein_dqs,idelay_ld_cntvaluein_skew,lane1,dqs1,3,ld_vs_cntvaluein_dqs,22,8,-561.0,118.0,684.0,-646.0,154.5,543.0,36.5,0.482955,fail_lower,0.517045,-0.034091,overlap,0.0,0.226134
baseline_seed_1_30,direct,direct_max__dq_iologic__lane0__dq0__ctrl_none__endpoint__value_ps,direct_max,dq_iologic,lane0,dq0,,endpoint,22,8,1695.0,2186.5,3693.0,1710.0,2157.0,2796.0,-29.5,0.517045,fail_higher,0.517045,0.034091,overlap,0.0,0.226134
baseline_seed_1_30,skew,signed_dqs_minus_dq_median__iologic_skew__lane0__dqs0__ctrl_none__dqs_vs_dq_lane__value_ps,signed_dqs_minus_dq_median,iologic_skew,lane0,dqs0,,dqs_vs_dq_lane,22,8,77.0,1054.25,1878.0,259.0,1081.75,1509.5,27.5,0.482955,fail_lower,0.517045,-0.034091,overlap,0.0,0.226134
baseline_seed_1_30,skew,abs_dqs_minus_dq_median__iologic_skew__lane0__dqs0__ctrl_none__dqs_vs_dq_lane__value_ps,abs_dqs_minus_dq_median,iologic_skew,lane0,dqs0,,dqs_vs_dq_lane,22,8,77.0,1054.25,1878.0,259.0,1081.75,1509.5,27.5,0.482955,fail_lower,0.517045,-0.034091,overlap,0.0,0.226134
baseline_seed_1_30,skew,signed_dqs_minus_dq_bit__idelay_cntvaluein_skew__lane1__dq10__ctrl_2__dqs_vs_dq_bit__value_ps,signed_dqs_minus_dq_bit,idelay_cntvaluein_skew,lane1,dq10,2,dqs_vs_dq_bit,22,8,-708.0,-154.5,814.0,-628.0,-129.0,737.0,25.5,0.482955,fail_lower,0.517045,-0.034091,overlap,0.0,0.226134
baseline_seed_1_30,skew,abs_lane1_minus_lane0_dqs__idelay_cntvaluein_skew__all__no_bit__ctrl_4__lane1_vs_lane0_dqs__value_ps,abs_lane1_minus_lane0_dqs,idelay_cntvaluein_skew,all,,4,lane1_vs_lane0_dqs,22,8,27.0,252.0,521.0,25.0,241.0,552.0,-11.0,0.482955,fail_lower,0.517045,-0.034091,overlap,0.0,0.226134
baseline_seed_1_30,skew,dq_bus_skew_range__idelay_cntvaluein_skew__lane0__no_bit__ctrl_none__dq_lane_bus_skew__value_ps,dq_bus_skew_range,idelay_cntvaluein_skew,lane0,,,dq_lane_bus_skew,22,8,166.0,346.0,830.0,178.0,341.0,630.0,-5.0,0.482955,fail_lower,0.517045,-0.034091,overlap,0.0,0.226134
baseline_seed_1_30,skew,signed_dqs_minus_dq_bit__idelay_cntvaluein_skew__lane0__dq0__ctrl_4__dqs_vs_dq_bit__value_ps,signed_dqs_minus_dq_bit,idelay_cntvaluein_skew,lane0,dq0,4,dqs_vs_dq_bit,22,8,-791.0,-114.0,758.0,-755.0,-18.0,513.0,96.0,0.485795,fail_lower,0.514205,-0.028409,overlap,0.0,0.188445
baseline_seed_1_30,skew,signed_dqs_minus_dq_bit__idelay_cntvaluein_skew__lane0__dq1__ctrl_4__dqs_vs_dq_bit__value_ps,signed_dqs_minus_dq_bit,idelay_cntvaluein_skew,lane0,dq1,4,dqs_vs_dq_bit,22,8,-784.0,-115.0,896.0,-754.0,-42.0,427.0,73.0,0.485795,fail_lower,0.514205,-0.028409,overlap,0.0,0.188445
baseline_seed_1_30,skew,signed_dqs_minus_dq_bit__idelay_cntvaluein_skew__lane0__dq1__ctrl_1__dqs_vs_dq_bit__value_ps,signed_dqs_minus_dq_bit,idelay_cntvaluein_skew,lane0,dq1,1,dqs_vs_dq_bit,22,8,-1118.0,-98.5,852.0,-587.0,-46.0,422.0,52.5,0.514205,fail_higher,0.514205,0.028409,overlap,0.0,0.188445
baseline_seed_1_30,skew,signed_dqs_minus_dq_bit__idelay_cntvaluein_skew__lane1__dq10__ctrl_3__dqs_vs_dq_bit__value_ps,signed_dqs_minus_dq_bit,idelay_cntvaluein_skew,lane1,dq10,3,dqs_vs_dq_bit,22,8,-633.0,25.5,367.0,-424.0,-135.5,880.0,-161.0,0.488636,fail_lower,0.511364,-0.022727,overlap,0.0,0.150756
baseline_seed_1_30,skew,signed_dqs_minus_dq_bit__idelay_cntvaluein_skew__lane0__dq3__ctrl_3__dqs_vs_dq_bit__value_ps,signed_dqs_minus_dq_bit,idelay_cntvaluein_skew,lane0,dq3,3,dqs_vs_dq_bit,22,8,-521.0,206.0,796.0,-367.0,304.0,1000.0,98.0,0.511364,fail_higher,0.511364,0.022727,overlap,0.0,0.150756
baseline_seed_1_30,skew,signed_dqs_minus_dq_bit__idelay_cntvaluein_skew__lane1__dq13__ctrl_3__dqs_vs_dq_bit__value_ps,signed_dqs_minus_dq_bit,idelay_cntvaluein_skew,lane1,dq13,3,dqs_vs_dq_bit,22,8,-574.0,2.5,466.0,-421.0,98.0,704.0,95.5,0.511364,fail_higher,0.511364,0.022727,overlap,0.0,0.150756
baseline_seed_1_30,skew,abs_dqs_minus_dq_bit__idelay_cntvaluein_skew__lane0__dq5__ctrl_0__dqs_vs_dq_bit__value_ps,abs_dqs_minus_dq_bit,idelay_cntvaluein_skew,lane0,dq5,0,dqs_vs_dq_bit,22,8,13.0,193.5,1059.0,1.0,130.0,1021.0,-63.5,0.488636,fail_lower,0.511364,-0.022727,overlap,0.0,0.150756
baseline_seed_1_30,skew,signed_dqs_minus_dq_bit__idelay_cntvaluein_skew__lane0__dq5__ctrl_2__dqs_vs_dq_bit__value_ps,signed_dqs_minus_dq_bit,idelay_cntvaluein_skew,lane0,dq5,2,dqs_vs_dq_bit,22,8,-683.0,-1.0,785.0,-906.0,52.5,728.0,53.5,0.511364,fail_higher,0.511364,0.022727,overlap,0.0,0.150756
baseline_seed_1_30,skew,signed_dqs_minus_dq_median__idelay_cntvaluein_skew__lane1__dqs1__ctrl_3__dqs_vs_dq_lane__value_ps,signed_dqs_minus_dq_median,idelay_cntvaluein_skew,lane1,dqs1,3,dqs_vs_dq_lane,22,8,-603.5,65.0,416.5,-403.5,14.25,796.5,-50.75,0.511364,fail_higher,0.511364,0.022727,overlap,0.0,0.150756
baseline_seed_1_30,skew,signed_dqs_minus_dq_bit__idelay_cntvaluein_skew__lane0__dq2__ctrl_4__dqs_vs_dq_bit__value_ps,signed_dqs_minus_dq_bit,idelay_cntvaluein_skew,lane0,dq2,4,dqs_vs_dq_bit,22,8,-863.0,-133.5,837.0,-744.0,-84.5,465.0,49.0,0.511364,fail_higher,0.511364,0.022727,overlap,0.0,0.150756
baseline_seed_1_30,direct,control_fanout_spread__idelay_data_cntvaluein__lane1__no_bit__ctrl_2__lane_control_bit__value_ps,control_fanout_spread,idelay_data_cntvaluein,lane1,,2,lane_control_bit,22,8,222.0,386.5,776.0,227.0,421.5,611.0,35.0,0.511364,fail_higher,0.511364,0.022727,overlap,0.0,0.150756
baseline_seed_1_30,skew,dq_lane_range__idelay_cntvaluein_skew__lane1__no_bit__ctrl_2__dq_lane__value_ps,dq_lane_range,idelay_cntvaluein_skew,lane1,,2,dq_lane,22,8,222.0,386.5,776.0,227.0,421.5,611.0,35.0,0.511364,fail_higher,0.511364,0.022727,overlap,0.0,0.150756
baseline_seed_1_30,direct,direct_max__idelay_data_cntvaluein__lane1__dq10__ctrl_3__endpoint__value_ps,direct_max,idelay_data_cntvaluein,lane1,dq10,3,endpoint,22,8,972.0,1462.5,1794.0,945.0,1437.5,1942.0,-25.0,0.511364,fail_higher,0.511364,0.022727,overlap,0.0,0.150756
baseline_seed_1_30,skew,signed_ld_dqs_minus_dq_median__idelay_ld_skew__lane1__dqs1__ctrl_none__dqs_vs_dq_lane__value_ps,signed_ld_dqs_minus_dq_median,idelay_ld_skew,lane1,dqs1,,dqs_vs_dq_lane,22,8,-235.5,-42.25,184.0,-177.5,-59.0,123.0,-16.75,0.488636,fail_lower,0.511364,-0.022727,overlap,0.0,0.150756
baseline_seed_1_30,skew,abs_ld_minus_cntvaluein_dqs__idelay_ld_cntvaluein_skew__lane1__dqs1__ctrl_0__ld_vs_cntvaluein_dqs__value_ps,abs_ld_minus_cntvaluein_dqs,idelay_ld_cntvaluein_skew,lane1,dqs1,0,ld_vs_cntvaluein_dqs,22,8,58.0,295.0,988.0,119.0,280.5,488.0,-14.5,0.488636,fail_lower,0.511364,-0.022727,overlap,0.0,0.150756
baseline_seed_1_30,skew,abs_dqs_minus_dq_bit__idelay_cntvaluein_skew__lane0__dq6__ctrl_2__dqs_vs_dq_bit__value_ps,abs_dqs_minus_dq_bit,idelay_cntvaluein_skew,lane0,dq6,2,dqs_vs_dq_bit,22,8,26.0,297.0,735.0,25.0,286.5,794.0,-10.5,0.488636,fail_lower,0.511364,-0.022727,overlap,0.0,0.150756
baseline_seed_1_30,skew,signed_dqs_minus_dq_bit__idelay_cntvaluein_skew__lane1__dq14__ctrl_4__dqs_vs_dq_bit__value_ps,signed_dqs_minus_dq_bit,idelay_cntvaluein_skew,lane1,dq14,4,dqs_vs_dq_bit,22,8,-697.0,-166.5,816.0,-410.0,-164.0,107.0,2.5,0.488636,fail_lower,0.511364,-0.022727,overlap,0.0,0.150756
baseline_seed_1_30,skew,signed_dqs_minus_dq_median__idelay_cntvaluein_skew__lane0__dqs0__ctrl_3__dqs_vs_dq_lane__value_ps,signed_dqs_minus_dq_median,idelay_cntvaluein_skew,lane0,dqs0,3,dqs_vs_dq_lane,22,8,-729.5,16.75,644.0,-720.5,14.75,865.0,-2.0,0.488636,fail_lower,0.511364,-0.022727,overlap,0.0,0.150756
baseline_seed_1_30,skew,abs_dqs_minus_dq_bit__idelay_cntvaluein_skew__lane1__dq8__ctrl_2__dqs_vs_dq_bit__value_ps,abs_dqs_minus_dq_bit,idelay_cntvaluein_skew,lane1,dq8,2,dqs_vs_dq_bit,22,8,8.0,353.5,832.0,117.0,272.0,483.0,-81.5,0.491477,fail_lower,0.508523,-0.017045,overlap,0.0,0.113067
baseline_seed_1_30,direct,direct_max__dq_iologic__lane0__dq5__ctrl_none__endpoint__value_ps,direct_max,dq_iologic,lane0,dq5,,endpoint,22,8,1575.0,2128.0,4221.0,1741.0,2081.5,3319.0,-46.5,0.508523,fail_higher,0.508523,0.017045,overlap,0.0,0.113067
baseline_seed_1_30,direct,direct_max__idelay_data_cntvaluein__lane1__dq15__ctrl_0__endpoint__value_ps,direct_max,idelay_data_cntvaluein,lane1,dq15,0,endpoint,22,8,884.0,1139.0,1549.0,796.0,1106.5,1659.0,-32.5,0.491477,fail_lower,0.508523,-0.017045,overlap,0.0,0.113067
baseline_seed_1_30,direct,cntvaluein_bus_skew__idelay_data_cntvaluein__lane0__dq6__ctrl_none__dq6__value_ps,cntvaluein_bus_skew,idelay_data_cntvaluein,lane0,dq6,,dq6,22,8,200.0,614.5,1561.0,193.0,590.5,1118.0,-24.0,0.491477,fail_lower,0.508523,-0.017045,overlap,0.0,0.113067
baseline_seed_1_30,direct,direct_max__idelay_data_cntvaluein__lane1__dq11__ctrl_3__endpoint__value_ps,direct_max,idelay_data_cntvaluein,lane1,dq11,3,endpoint,22,8,859.0,1408.0,1738.0,1036.0,1257.0,1792.0,-151.0,0.494318,fail_lower,0.505682,-0.011364,overlap,0.0,0.075378
baseline_seed_1_30,skew,signed_ld_minus_cntvaluein_dq_median__idelay_ld_cntvaluein_skew__lane1__no_bit__ctrl_3__ld_vs_cntvaluein_dq_lane__value_ps,signed_ld_minus_cntvaluein_dq_median,idelay_ld_cntvaluein_skew,lane1,,3,ld_vs_cntvaluein_dq_lane,22,8,-237.5,66.25,533.5,-354.5,208.5,500.0,142.25,0.505682,fail_higher,0.505682,0.011364,overlap,0.0,0.075378
baseline_seed_1_30,direct,direct_max__idelay_data_cntvaluein__lane1__dq14__ctrl_2__endpoint__value_ps,direct_max,idelay_data_cntvaluein,lane1,dq14,2,endpoint,22,8,981.0,1499.5,1985.0,1134.0,1400.0,1981.0,-99.5,0.505682,fail_higher,0.505682,0.011364,overlap,0.0,0.075378
baseline_seed_1_30,skew,abs_ld_minus_cntvaluein_dq_median__idelay_ld_cntvaluein_skew__lane0__no_bit__ctrl_3__ld_vs_cntvaluein_dq_lane__value_ps,abs_ld_minus_cntvaluein_dq_median,idelay_ld_cntvaluein_skew,lane0,,3,ld_vs_cntvaluein_dq_lane,22,8,19.5,250.5,781.5,72.5,174.25,879.0,-76.25,0.494318,fail_lower,0.505682,-0.011364,overlap,0.0,0.075378
baseline_seed_1_30,skew,signed_dqs_minus_dq_bit__idelay_cntvaluein_skew__lane0__dq0__ctrl_2__dqs_vs_dq_bit__value_ps,signed_dqs_minus_dq_bit,idelay_cntvaluein_skew,lane0,dq0,2,dqs_vs_dq_bit,22,8,-728.0,-200.5,694.0,-795.0,-128.5,754.0,72.0,0.494318,fail_lower,0.505682,-0.011364,overlap,0.0,0.075378
baseline_seed_1_30,direct,direct_max__idelay_data_cntvaluein__lane1__dq14__ctrl_1__endpoint__value_ps,direct_max,idelay_data_cntvaluein,lane1,dq14,1,endpoint,22,8,1021.0,1485.5,1939.0,1115.0,1423.0,1838.0,-62.5,0.494318,fail_lower,0.505682,-0.011364,overlap,0.0,0.075378
baseline_seed_1_30,direct,direct_max__idelay_ld__lane1__dq12__ctrl_none__endpoint__value_ps,direct_max,idelay_ld,lane1,dq12,,endpoint,22,8,1205.0,1610.5,2036.0,1248.0,1564.5,2118.0,-46.0,0.494318,fail_lower,0.505682,-0.011364,overlap,0.0,0.075378
baseline_seed_1_30,direct,direct_max__idelay_data_cntvaluein__lane1__dq12__ctrl_3__endpoint__value_ps,direct_max,idelay_data_cntvaluein,lane1,dq12,3,endpoint,22,8,961.0,1481.5,1850.0,949.0,1523.5,2032.0,42.0,0.505682,fail_higher,0.505682,0.011364,overlap,0.0,0.075378
baseline_seed_1_30,direct,direct_max__idelay_data_cntvaluein__lane1__dq14__ctrl_0__endpoint__value_ps,direct_max,idelay_data_cntvaluein,lane1,dq14,0,endpoint,22,8,1115.0,1417.5,1820.0,1070.0,1378.5,1952.0,-39.0,0.494318,fail_lower,0.505682,-0.011364,overlap,0.0,0.075378
baseline_seed_1_30,skew,signed_dqs_minus_dq_bit__idelay_cntvaluein_skew__lane1__dq10__ctrl_4__dqs_vs_dq_bit__value_ps,signed_dqs_minus_dq_bit,idelay_cntvaluein_skew,lane1,dq10,4,dqs_vs_dq_bit,22,8,-604.0,-103.5,646.0,-449.0,-65.0,283.0,38.5,0.494318,fail_lower,0.505682,-0.011364,overlap,0.0,0.075378
baseline_seed_1_30,direct,lane_spread__dq_iologic__lane0__no_bit__ctrl_none__lane__value_ps,lane_spread,dq_iologic,lane0,,,lane,22,8,1863.0,2449.5,4221.0,1988.0,2481.5,3398.0,32.0,0.505682,fail_higher,0.505682,0.011364,overlap,0.0,0.075378
baseline_seed_1_30,skew,signed_ld_minus_cntvaluein_dq_median__idelay_ld_cntvaluein_skew__lane0__no_bit__ctrl_0__ld_vs_cntvaluein_dq_lane__value_ps,signed_ld_minus_cntvaluein_dq_median,idelay_ld_cntvaluein_skew,lane0,,0,ld_vs_cntvaluein_dq_lane,22,8,-562.5,70.0,682.0,-452.5,54.25,554.5,-15.75,0.494318,fail_lower,0.505682,-0.011364,overlap,0.0,0.075378
baseline_seed_1_30,skew,signed_dqs_minus_dq_bit__idelay_cntvaluein_skew__lane1__dq15__ctrl_2__dqs_vs_dq_bit__value_ps,signed_dqs_minus_dq_bit,idelay_cntvaluein_skew,lane1,dq15,2,dqs_vs_dq_bit,22,8,-312.0,177.5,898.0,-159.0,166.5,737.0,-11.0,0.494318,fail_lower,0.505682,-0.011364,overlap,0.0,0.075378
baseline_seed_1_30,skew,signed_dqs_minus_dq_median__idelay_cntvaluein_skew__lane1__dqs1__ctrl_4__dqs_vs_dq_lane__value_ps,signed_dqs_minus_dq_median,idelay_cntvaluein_skew,lane1,dqs1,4,dqs_vs_dq_lane,22,8,-541.5,-81.75,727.0,-364.5,-72.25,352.5,9.5,0.505682,fail_higher,0.505682,0.011364,overlap,0.0,0.075378
baseline_seed_1_30,direct,direct_max__idelay_data_cntvaluein__lane0__dq0__ctrl_0__endpoint__value_ps,direct_max,idelay_data_cntvaluein,lane0,dq0,0,endpoint,22,8,985.0,1665.0,2108.0,1101.0,1657.5,2196.0,-7.5,0.505682,fail_higher,0.505682,0.011364,overlap,0.0,0.075378
baseline_seed_1_30,direct,direct_max__dq_iologic__lane1__dq10__ctrl_none__endpoint__value_ps,direct_max,dq_iologic,lane1,dq10,,endpoint,22,8,2177.0,2565.0,3391.0,2144.0,2805.0,3256.0,240.0,0.497159,fail_lower,0.502841,-0.005682,overlap,0.0,0.037689
baseline_seed_1_30,direct,direct_max__idelay_data_cntvaluein__lane1__dq13__ctrl_2__endpoint__value_ps,direct_max,idelay_data_cntvaluein,lane1,dq13,2,endpoint,22,8,842.0,1396.5,2069.0,950.0,1325.0,1896.0,-71.5,0.497159,fail_lower,0.502841,-0.005682,overlap,0.0,0.037689
baseline_seed_1_30,skew,abs_dqs_minus_dq_bit__idelay_cntvaluein_skew__lane1__dq11__ctrl_0__dqs_vs_dq_bit__value_ps,abs_dqs_minus_dq_bit,idelay_cntvaluein_skew,lane1,dq11,0,dqs_vs_dq_bit,22,8,8.0,169.5,692.0,2.0,145.0,837.0,-24.5,0.502841,fail_higher,0.502841,0.005682,overlap,0.0,0.037689
baseline_seed_1_30,skew,abs_dqs_minus_dq_bit__idelay_cntvaluein_skew__lane0__dq3__ctrl_0__dqs_vs_dq_bit__value_ps,abs_dqs_minus_dq_bit,idelay_cntvaluein_skew,lane0,dq3,0,dqs_vs_dq_bit,22,8,17.0,235.5,970.0,31.0,212.5,1027.0,-23.0,0.497159,fail_lower,0.502841,-0.005682,overlap,0.0,0.037689
baseline_seed_1_30,direct,direct_max__idelay_data_cntvaluein__lane0__dq3__ctrl_3__endpoint__value_ps,direct_max,idelay_data_cntvaluein,lane0,dq3,3,endpoint,22,8,1018.0,1589.0,1899.0,1065.0,1451.0,2089.0,-138.0,0.5,fail_higher,0.5,0.0,overlap,0.0,0.0
baseline_seed_1_30,direct,direct_max__idelay_data_cntvaluein__lane0__dq1__ctrl_2__endpoint__value_ps,direct_max,idelay_data_cntvaluein,lane0,dq1,2,endpoint,22,8,1179.0,1830.0,2309.0,1243.0,1729.0,2220.0,-101.0,0.5,fail_higher,0.5,0.0,overlap,0.0,0.0
baseline_seed_1_30,direct,direct_max__dq_iologic__lane1__dq12__ctrl_none__endpoint__value_ps,direct_max,dq_iologic,lane1,dq12,,endpoint,22,8,2204.0,2556.5,3483.0,2209.0,2654.5,3342.0,98.0,0.5,fail_higher,0.5,0.0,overlap,0.0,0.0
baseline_seed_1_30,direct,direct_max__idelay_data_cntvaluein__lane0__dq7__ctrl_3__endpoint__value_ps,direct_max,idelay_data_cntvaluein,lane0,dq7,3,endpoint,22,8,1248.0,1836.5,2167.0,1031.0,1745.5,2627.0,-91.0,0.5,fail_higher,0.5,0.0,overlap,0.0,0.0
baseline_seed_1_30,skew,signed_dqs_minus_dq_bit__idelay_cntvaluein_skew__lane0__dq6__ctrl_4__dqs_vs_dq_bit__value_ps,signed_dqs_minus_dq_bit,idelay_cntvaluein_skew,lane0,dq6,4,dqs_vs_dq_bit,22,8,-958.0,-148.0,880.0,-837.0,-71.0,460.0,77.0,0.5,fail_higher,0.5,0.0,overlap,0.0,0.0
baseline_seed_1_30,direct,direct_max__idelay_dqs_cntvaluein__lane0__dqs0__ctrl_2__endpoint__value_ps,direct_max,idelay_dqs_cntvaluein,lane0,dqs0,2,endpoint,22,8,1085.0,1654.0,2276.0,1328.0,1594.0,2246.0,-60.0,0.5,fail_higher,0.5,0.0,overlap,0.0,0.0
baseline_seed_1_30,skew,abs_dqs_minus_dq_bit__idelay_cntvaluein_skew__lane1__dq10__ctrl_0__dqs_vs_dq_bit__value_ps,abs_dqs_minus_dq_bit,idelay_cntvaluein_skew,lane1,dq10,0,dqs_vs_dq_bit,22,8,31.0,252.5,727.0,34.0,202.0,911.0,-50.5,0.5,fail_higher,0.5,0.0,overlap,0.0,0.0
baseline_seed_1_30,direct,direct_max__idelay_ld__lane0__dq1__ctrl_none__endpoint__value_ps,direct_max,idelay_ld,lane0,dq1,,endpoint,22,8,1245.0,1709.5,2244.0,1434.0,1753.0,2158.0,43.5,0.5,fail_higher,0.5,0.0,overlap,0.0,0.0
baseline_seed_1_30,skew,signed_ld_minus_cntvaluein_dqs__idelay_ld_cntvaluein_skew__lane0__dqs0__ctrl_1__ld_vs_cntvaluein_dqs__value_ps,signed_ld_minus_cntvaluein_dqs,idelay_ld_cntvaluein_skew,lane0,dqs0,1,ld_vs_cntvaluein_dqs,22,8,-920.0,27.0,974.0,-477.0,61.5,728.0,34.5,0.5,fail_higher,0.5,0.0,overlap,0.0,0.0
baseline_seed_1_30,direct,direct_max__dq_iologic__lane1__dq9__ctrl_none__endpoint__value_ps,direct_max,dq_iologic,lane1,dq9,,endpoint,22,8,1904.0,2280.5,4106.0,2105.0,2310.0,2595.0,29.5,0.5,fail_higher,0.5,0.0,overlap,0.0,0.0
baseline_seed_1_30,skew,signed_dqs_minus_dq_bit__idelay_cntvaluein_skew__lane1__dq12__ctrl_2__dqs_vs_dq_bit__value_ps,signed_dqs_minus_dq_bit,idelay_cntvaluein_skew,lane1,dq12,2,dqs_vs_dq_bit,22,8,-764.0,-149.0,783.0,-579.0,-129.0,566.0,20.0,0.5,fail_higher,0.5,0.0,overlap,0.0,0.0
baseline_seed_1_30,direct,direct_max__idelay_data_cntvaluein__lane1__dq8__ctrl_0__endpoint__value_ps,direct_max,idelay_data_cntvaluein,lane1,dq8,0,endpoint,22,8,1110.0,1437.0,1904.0,1195.0,1423.0,2039.0,-14.0,0.5,fail_higher,0.5,0.0,overlap,0.0,0.0
baseline_seed_1_30,direct,cntvaluein_bus_skew__idelay_data_cntvaluein__lane0__dq4__ctrl_none__dq4__value_ps,cntvaluein_bus_skew,idelay_data_cntvaluein,lane0,dq4,,dq4,22,8,240.0,686.0,1184.0,334.0,679.5,1181.0,-6.5,0.5,fail_higher,0.5,0.0,overlap,0.0,0.0
baseline_seed_1_30,skew,abs_ld_dqs_minus_dq_median__idelay_ld_skew__lane1__dqs1__ctrl_none__dqs_vs_dq_lane__value_ps,abs_ld_dqs_minus_dq_median,idelay_ld_skew,lane1,dqs1,,dqs_vs_dq_lane,22,8,3.0,96.25,235.5,32.5,90.25,177.5,-6.0,0.5,fail_higher,0.5,0.0,overlap,0.0,0.0
baseline_seed_1_30,direct,direct_max__idelay_data_cntvaluein__lane0__dq3__ctrl_2__endpoint__value_ps,direct_max,idelay_data_cntvaluein,lane0,dq3,2,endpoint,22,8,1133.0,1611.5,2318.0,999.0,1607.0,2155.0,-4.5,0.5,fail_higher,0.5,0.0,overlap,0.0,0.0
baseline_seed_1_30,direct,control_fanout_spread__idelay_dqs_cntvaluein__lane0__no_bit__ctrl_0__lane_control_bit__value_ps,control_fanout_spread,idelay_dqs_cntvaluein,lane0,,0,lane_control_bit,22,8,0.0,0.0,0.0,0.0,0.0,0.0,0.0,0.5,fail_higher,0.5,0.0,overlap,0.0,0.0
baseline_seed_1_30,direct,control_fanout_spread__idelay_dqs_cntvaluein__lane0__no_bit__ctrl_1__lane_control_bit__value_ps,control_fanout_spread,idelay_dqs_cntvaluein,lane0,,1,lane_control_bit,22,8,0.0,0.0,0.0,0.0,0.0,0.0,0.0,0.5,fail_higher,0.5,0.0,overlap,0.0,0.0
baseline_seed_1_30,direct,control_fanout_spread__idelay_dqs_cntvaluein__lane0__no_bit__ctrl_2__lane_control_bit__value_ps,control_fanout_spread,idelay_dqs_cntvaluein,lane0,,2,lane_control_bit,22,8,0.0,0.0,0.0,0.0,0.0,0.0,0.0,0.5,fail_higher,0.5,0.0,overlap,0.0,0.0
baseline_seed_1_30,direct,control_fanout_spread__idelay_dqs_cntvaluein__lane0__no_bit__ctrl_3__lane_control_bit__value_ps,control_fanout_spread,idelay_dqs_cntvaluein,lane0,,3,lane_control_bit,22,8,0.0,0.0,0.0,0.0,0.0,0.0,0.0,0.5,fail_higher,0.5,0.0,overlap,0.0,0.0
baseline_seed_1_30,direct,control_fanout_spread__idelay_dqs_cntvaluein__lane0__no_bit__ctrl_4__lane_control_bit__value_ps,control_fanout_spread,idelay_dqs_cntvaluein,lane0,,4,lane_control_bit,22,8,0.0,0.0,0.0,0.0,0.0,0.0,0.0,0.5,fail_higher,0.5,0.0,overlap,0.0,0.0
baseline_seed_1_30,direct,control_fanout_spread__idelay_dqs_cntvaluein__lane1__no_bit__ctrl_0__lane_control_bit__value_ps,control_fanout_spread,idelay_dqs_cntvaluein,lane1,,0,lane_control_bit,22,8,0.0,0.0,0.0,0.0,0.0,0.0,0.0,0.5,fail_higher,0.5,0.0,overlap,0.0,0.0
baseline_seed_1_30,direct,control_fanout_spread__idelay_dqs_cntvaluein__lane1__no_bit__ctrl_1__lane_control_bit__value_ps,control_fanout_spread,idelay_dqs_cntvaluein,lane1,,1,lane_control_bit,22,8,0.0,0.0,0.0,0.0,0.0,0.0,0.0,0.5,fail_higher,0.5,0.0,overlap,0.0,0.0
baseline_seed_1_30,direct,control_fanout_spread__idelay_dqs_cntvaluein__lane1__no_bit__ctrl_2__lane_control_bit__value_ps,control_fanout_spread,idelay_dqs_cntvaluein,lane1,,2,lane_control_bit,22,8,0.0,0.0,0.0,0.0,0.0,0.0,0.0,0.5,fail_higher,0.5,0.0,overlap,0.0,0.0
baseline_seed_1_30,direct,control_fanout_spread__idelay_dqs_cntvaluein__lane1__no_bit__ctrl_3__lane_control_bit__value_ps,control_fanout_spread,idelay_dqs_cntvaluein,lane1,,3,lane_control_bit,22,8,0.0,0.0,0.0,0.0,0.0,0.0,0.0,0.5,fail_higher,0.5,0.0,overlap,0.0,0.0
baseline_seed_1_30,direct,control_fanout_spread__idelay_dqs_cntvaluein__lane1__no_bit__ctrl_4__lane_control_bit__value_ps,control_fanout_spread,idelay_dqs_cntvaluein,lane1,,4,lane_control_bit,22,8,0.0,0.0,0.0,0.0,0.0,0.0,0.0,0.5,fail_higher,0.5,0.0,overlap,0.0,0.0
baseline_seed_1_30,direct,direct_max__clocking__lane0__dq0__ctrl_none__endpoint__value_ps,direct_max,clocking,lane0,dq0,,endpoint,22,8,1314.0,1314.0,1314.0,1314.0,1314.0,1314.0,0.0,0.5,fail_higher,0.5,0.0,overlap,0.0,0.0
baseline_seed_1_30,direct,direct_max__clocking__lane0__dq1__ctrl_none__endpoint__value_ps,direct_max,clocking,lane0,dq1,,endpoint,22,8,1314.0,1314.0,1314.0,1314.0,1314.0,1314.0,0.0,0.5,fail_higher,0.5,0.0,overlap,0.0,0.0
baseline_seed_1_30,direct,direct_max__clocking__lane0__dq2__ctrl_none__endpoint__value_ps,direct_max,clocking,lane0,dq2,,endpoint,22,8,1314.0,1314.0,1314.0,1314.0,1314.0,1314.0,0.0,0.5,fail_higher,0.5,0.0,overlap,0.0,0.0
baseline_seed_1_30,direct,direct_max__clocking__lane0__dq3__ctrl_none__endpoint__value_ps,direct_max,clocking,lane0,dq3,,endpoint,22,8,1314.0,1314.0,1314.0,1314.0,1314.0,1314.0,0.0,0.5,fail_higher,0.5,0.0,overlap,0.0,0.0
baseline_seed_1_30,direct,direct_max__clocking__lane0__dq4__ctrl_none__endpoint__value_ps,direct_max,clocking,lane0,dq4,,endpoint,22,8,1314.0,1314.0,1314.0,1314.0,1314.0,1314.0,0.0,0.5,fail_higher,0.5,0.0,overlap,0.0,0.0
baseline_seed_1_30,direct,direct_max__clocking__lane0__dq5__ctrl_none__endpoint__value_ps,direct_max,clocking,lane0,dq5,,endpoint,22,8,1314.0,1314.0,1314.0,1314.0,1314.0,1314.0,0.0,0.5,fail_higher,0.5,0.0,overlap,0.0,0.0
baseline_seed_1_30,direct,direct_max__clocking__lane0__dq6__ctrl_none__endpoint__value_ps,direct_max,clocking,lane0,dq6,,endpoint,22,8,1314.0,1314.0,1314.0,1314.0,1314.0,1314.0,0.0,0.5,fail_higher,0.5,0.0,overlap,0.0,0.0
baseline_seed_1_30,direct,direct_max__clocking__lane0__dq7__ctrl_none__endpoint__value_ps,direct_max,clocking,lane0,dq7,,endpoint,22,8,1314.0,1314.0,1314.0,1314.0,1314.0,1314.0,0.0,0.5,fail_higher,0.5,0.0,overlap,0.0,0.0
baseline_seed_1_30,direct,direct_max__clocking__lane0__dqs0__ctrl_none__endpoint__value_ps,direct_max,clocking,lane0,dqs0,,endpoint,22,8,1279.0,1279.0,1279.0,1279.0,1279.0,1279.0,0.0,0.5,fail_higher,0.5,0.0,overlap,0.0,0.0
baseline_seed_1_30,direct,direct_max__clocking__lane1__dq10__ctrl_none__endpoint__value_ps,direct_max,clocking,lane1,dq10,,endpoint,22,8,1314.0,1314.0,1314.0,1314.0,1314.0,1314.0,0.0,0.5,fail_higher,0.5,0.0,overlap,0.0,0.0
baseline_seed_1_30,direct,direct_max__clocking__lane1__dq11__ctrl_none__endpoint__value_ps,direct_max,clocking,lane1,dq11,,endpoint,22,8,1314.0,1314.0,1314.0,1314.0,1314.0,1314.0,0.0,0.5,fail_higher,0.5,0.0,overlap,0.0,0.0
baseline_seed_1_30,direct,direct_max__clocking__lane1__dq12__ctrl_none__endpoint__value_ps,direct_max,clocking,lane1,dq12,,endpoint,22,8,1314.0,1314.0,1314.0,1314.0,1314.0,1314.0,0.0,0.5,fail_higher,0.5,0.0,overlap,0.0,0.0
baseline_seed_1_30,direct,direct_max__clocking__lane1__dq13__ctrl_none__endpoint__value_ps,direct_max,clocking,lane1,dq13,,endpoint,22,8,1314.0,1314.0,1314.0,1314.0,1314.0,1314.0,0.0,0.5,fail_higher,0.5,0.0,overlap,0.0,0.0
baseline_seed_1_30,direct,direct_max__clocking__lane1__dq14__ctrl_none__endpoint__value_ps,direct_max,clocking,lane1,dq14,,endpoint,22,8,1314.0,1314.0,1314.0,1314.0,1314.0,1314.0,0.0,0.5,fail_higher,0.5,0.0,overlap,0.0,0.0
baseline_seed_1_30,direct,direct_max__clocking__lane1__dq15__ctrl_none__endpoint__value_ps,direct_max,clocking,lane1,dq15,,endpoint,22,8,1314.0,1314.0,1314.0,1314.0,1314.0,1314.0,0.0,0.5,fail_higher,0.5,0.0,overlap,0.0,0.0
baseline_seed_1_30,direct,direct_max__clocking__lane1__dq8__ctrl_none__endpoint__value_ps,direct_max,clocking,lane1,dq8,,endpoint,22,8,1314.0,1314.0,1314.0,1314.0,1314.0,1314.0,0.0,0.5,fail_higher,0.5,0.0,overlap,0.0,0.0
baseline_seed_1_30,direct,direct_max__clocking__lane1__dq9__ctrl_none__endpoint__value_ps,direct_max,clocking,lane1,dq9,,endpoint,22,8,1314.0,1314.0,1314.0,1314.0,1314.0,1314.0,0.0,0.5,fail_higher,0.5,0.0,overlap,0.0,0.0
baseline_seed_1_30,direct,direct_max__clocking__lane1__dqs1__ctrl_none__endpoint__value_ps,direct_max,clocking,lane1,dqs1,,endpoint,22,8,1279.0,1279.0,1279.0,1279.0,1279.0,1279.0,0.0,0.5,fail_higher,0.5,0.0,overlap,0.0,0.0
baseline_seed_1_30,direct,lane_spread__clocking__lane0__no_bit__ctrl_none__lane__value_ps,lane_spread,clocking,lane0,,,lane,22,8,135.0,135.0,135.0,135.0,135.0,135.0,0.0,0.5,fail_higher,0.5,0.0,overlap,0.0,0.0
baseline_seed_1_30,direct,lane_spread__clocking__lane1__no_bit__ctrl_none__lane__value_ps,lane_spread,clocking,lane1,,,lane,22,8,135.0,135.0,135.0,135.0,135.0,135.0,0.0,0.5,fail_higher,0.5,0.0,overlap,0.0,0.0
baseline_seed_1_30,skew,abs_dqs_minus_dq_bit__idelay_cntvaluein_skew__lane0__dq2__ctrl_0__dqs_vs_dq_bit__value_ps,abs_dqs_minus_dq_bit,idelay_cntvaluein_skew,lane0,dq2,0,dqs_vs_dq_bit,22,8,29.0,206.5,1005.0,8.0,206.5,779.0,0.0,0.5,fail_higher,0.5,0.0,overlap,0.0,0.0
baseline_seed_1_30,skew,dq_lane_range__clocking_skew__lane0__no_bit__ctrl_none__dq_lane__value_ps,dq_lane_range,clocking_skew,lane0,,,dq_lane,22,8,0.0,0.0,0.0,0.0,0.0,0.0,0.0,0.5,fail_higher,0.5,0.0,overlap,0.0,0.0
baseline_seed_1_30,skew,signed_dqs_minus_dq_median__clocking_skew__lane0__dqs0__ctrl_none__dqs_vs_dq_lane__value_ps,signed_dqs_minus_dq_median,clocking_skew,lane0,dqs0,,dqs_vs_dq_lane,22,8,-35.0,-35.0,-35.0,-35.0,-35.0,-35.0,0.0,0.5,fail_higher,0.5,0.0,overlap,0.0,0.0
baseline_seed_1_30,skew,abs_dqs_minus_dq_median__clocking_skew__lane0__dqs0__ctrl_none__dqs_vs_dq_lane__value_ps,abs_dqs_minus_dq_median,clocking_skew,lane0,dqs0,,dqs_vs_dq_lane,22,8,35.0,35.0,35.0,35.0,35.0,35.0,0.0,0.5,fail_higher,0.5,0.0,overlap,0.0,0.0
baseline_seed_1_30,skew,dq_lane_range__clocking_skew__lane1__no_bit__ctrl_none__dq_lane__value_ps,dq_lane_range,clocking_skew,lane1,,,dq_lane,22,8,0.0,0.0,0.0,0.0,0.0,0.0,0.0,0.5,fail_higher,0.5,0.0,overlap,0.0,0.0
baseline_seed_1_30,skew,signed_dqs_minus_dq_median__clocking_skew__lane1__dqs1__ctrl_none__dqs_vs_dq_lane__value_ps,signed_dqs_minus_dq_median,clocking_skew,lane1,dqs1,,dqs_vs_dq_lane,22,8,-35.0,-35.0,-35.0,-35.0,-35.0,-35.0,0.0,0.5,fail_higher,0.5,0.0,overlap,0.0,0.0
baseline_seed_1_30,skew,abs_dqs_minus_dq_median__clocking_skew__lane1__dqs1__ctrl_none__dqs_vs_dq_lane__value_ps,abs_dqs_minus_dq_median,clocking_skew,lane1,dqs1,,dqs_vs_dq_lane,22,8,35.0,35.0,35.0,35.0,35.0,35.0,0.0,0.5,fail_higher,0.5,0.0,overlap,0.0,0.0
