sample,status,metric,family,lane,bit,control_bit,scope,count,min_ps,median_ps,p95_ps,max_ps,spread_ps,value_ps
seed1-fail,fail,cntvaluein_bus_skew,idelay_data_cntvaluein,lane0,dq0,,dq0,5,1597.0,2016.0,2368.0,2368.0,771.0,771.0
seed1-no-tmdriv,no_tmdriv,cntvaluein_bus_skew,idelay_data_cntvaluein,lane0,dq0,,dq0,5,1363.0,1552.0,1848.0,1848.0,485.0,485.0
seed1-reset-locks-only,reset_locks_only,cntvaluein_bus_skew,idelay_data_cntvaluein,lane0,dq0,,dq0,5,1289.0,1593.0,1840.0,1840.0,551.0,551.0
seed1-robust,robust,cntvaluein_bus_skew,idelay_data_cntvaluein,lane0,dq0,,dq0,5,1286.0,1840.0,2553.0,2553.0,1267.0,1267.0
seed2-fail,fail,cntvaluein_bus_skew,idelay_data_cntvaluein,lane0,dq0,,dq0,5,1498.0,1962.0,2082.0,2082.0,584.0,584.0
seed2-no-tmdriv,no_tmdriv,cntvaluein_bus_skew,idelay_data_cntvaluein,lane0,dq0,,dq0,5,1080.0,1416.0,2032.0,2032.0,952.0,952.0
seed2-reset-locks-only,reset_locks_only,cntvaluein_bus_skew,idelay_data_cntvaluein,lane0,dq0,,dq0,5,1889.0,2278.0,2497.0,2497.0,608.0,608.0
seed2-robust,robust,cntvaluein_bus_skew,idelay_data_cntvaluein,lane0,dq0,,dq0,5,1445.0,1723.0,1875.0,1875.0,430.0,430.0
seed3-pass,pass,cntvaluein_bus_skew,idelay_data_cntvaluein,lane0,dq0,,dq0,5,1453.0,1758.0,2163.0,2163.0,710.0,710.0
seed4-pass,pass,cntvaluein_bus_skew,idelay_data_cntvaluein,lane0,dq0,,dq0,5,1582.0,1835.0,2167.0,2167.0,585.0,585.0
seed5-pass,pass,cntvaluein_bus_skew,idelay_data_cntvaluein,lane0,dq0,,dq0,5,1282.0,1730.0,2000.0,2000.0,718.0,718.0
seed1-fail,fail,cntvaluein_bus_skew,idelay_data_cntvaluein,lane0,dq1,,dq1,5,1689.0,2098.0,2453.0,2453.0,764.0,764.0
seed1-no-tmdriv,no_tmdriv,cntvaluein_bus_skew,idelay_data_cntvaluein,lane0,dq1,,dq1,5,1391.0,1472.0,1789.0,1789.0,398.0,398.0
seed1-reset-locks-only,reset_locks_only,cntvaluein_bus_skew,idelay_data_cntvaluein,lane0,dq1,,dq1,5,1381.0,1511.0,1899.0,1899.0,518.0,518.0
seed1-robust,robust,cntvaluein_bus_skew,idelay_data_cntvaluein,lane0,dq1,,dq1,5,1332.0,2013.0,2726.0,2726.0,1394.0,1394.0
seed2-fail,fail,cntvaluein_bus_skew,idelay_data_cntvaluein,lane0,dq1,,dq1,5,1585.0,2006.0,2174.0,2174.0,589.0,589.0
seed2-no-tmdriv,no_tmdriv,cntvaluein_bus_skew,idelay_data_cntvaluein,lane0,dq1,,dq1,5,987.0,1422.0,2121.0,2121.0,1134.0,1134.0
seed2-reset-locks-only,reset_locks_only,cntvaluein_bus_skew,idelay_data_cntvaluein,lane0,dq1,,dq1,5,1945.0,2408.0,2661.0,2661.0,716.0,716.0
seed2-robust,robust,cntvaluein_bus_skew,idelay_data_cntvaluein,lane0,dq1,,dq1,5,1358.0,1805.0,2016.0,2016.0,658.0,658.0
seed3-pass,pass,cntvaluein_bus_skew,idelay_data_cntvaluein,lane0,dq1,,dq1,5,1500.0,1756.0,2072.0,2072.0,572.0,572.0
seed4-pass,pass,cntvaluein_bus_skew,idelay_data_cntvaluein,lane0,dq1,,dq1,5,1674.0,1754.0,2206.0,2206.0,532.0,532.0
seed5-pass,pass,cntvaluein_bus_skew,idelay_data_cntvaluein,lane0,dq1,,dq1,5,1363.0,1822.0,2029.0,2029.0,666.0,666.0
seed1-fail,fail,cntvaluein_bus_skew,idelay_data_cntvaluein,lane0,dq2,,dq2,5,1695.0,2193.0,2329.0,2329.0,634.0,634.0
seed1-no-tmdriv,no_tmdriv,cntvaluein_bus_skew,idelay_data_cntvaluein,lane0,dq2,,dq2,5,1389.0,1565.0,1756.0,1756.0,367.0,367.0
seed1-reset-locks-only,reset_locks_only,cntvaluein_bus_skew,idelay_data_cntvaluein,lane0,dq2,,dq2,5,1419.0,1557.0,1902.0,1902.0,483.0,483.0
seed1-robust,robust,cntvaluein_bus_skew,idelay_data_cntvaluein,lane0,dq2,,dq2,5,1360.0,2107.0,2822.0,2822.0,1462.0,1462.0
seed2-fail,fail,cntvaluein_bus_skew,idelay_data_cntvaluein,lane0,dq2,,dq2,5,1680.0,2042.0,2140.0,2140.0,460.0,460.0
seed2-no-tmdriv,no_tmdriv,cntvaluein_bus_skew,idelay_data_cntvaluein,lane0,dq2,,dq2,5,1093.0,1590.0,2216.0,2216.0,1123.0,1123.0
seed2-reset-locks-only,reset_locks_only,cntvaluein_bus_skew,idelay_data_cntvaluein,lane0,dq2,,dq2,5,1789.0,2253.0,2398.0,2398.0,609.0,609.0
seed2-robust,robust,cntvaluein_bus_skew,idelay_data_cntvaluein,lane0,dq2,,dq2,5,1284.0,1666.0,2049.0,2049.0,765.0,765.0
seed3-pass,pass,cntvaluein_bus_skew,idelay_data_cntvaluein,lane0,dq2,,dq2,5,1536.0,1712.0,2135.0,2135.0,599.0,599.0
seed4-pass,pass,cntvaluein_bus_skew,idelay_data_cntvaluein,lane0,dq2,,dq2,5,1651.0,1865.0,2062.0,2062.0,411.0,411.0
seed5-pass,pass,cntvaluein_bus_skew,idelay_data_cntvaluein,lane0,dq2,,dq2,5,1207.0,1768.0,1949.0,1949.0,742.0,742.0
seed1-fail,fail,cntvaluein_bus_skew,idelay_data_cntvaluein,lane0,dq3,,dq3,5,1597.0,2016.0,2135.0,2135.0,538.0,538.0
seed1-no-tmdriv,no_tmdriv,cntvaluein_bus_skew,idelay_data_cntvaluein,lane0,dq3,,dq3,5,1231.0,1521.0,1611.0,1611.0,380.0,380.0
seed1-reset-locks-only,reset_locks_only,cntvaluein_bus_skew,idelay_data_cntvaluein,lane0,dq3,,dq3,5,1258.0,1363.0,1799.0,1799.0,541.0,541.0
seed1-robust,robust,cntvaluein_bus_skew,idelay_data_cntvaluein,lane0,dq3,,dq3,5,1281.0,1786.0,2499.0,2499.0,1218.0,1218.0
seed2-fail,fail,cntvaluein_bus_skew,idelay_data_cntvaluein,lane0,dq3,,dq3,5,1555.0,1730.0,1855.0,1855.0,300.0,300.0
seed2-no-tmdriv,no_tmdriv,cntvaluein_bus_skew,idelay_data_cntvaluein,lane0,dq3,,dq3,5,1125.0,1358.0,1827.0,1827.0,702.0,702.0
seed2-reset-locks-only,reset_locks_only,cntvaluein_bus_skew,idelay_data_cntvaluein,lane0,dq3,,dq3,5,1743.0,2111.0,2266.0,2266.0,523.0,523.0
seed2-robust,robust,cntvaluein_bus_skew,idelay_data_cntvaluein,lane0,dq3,,dq3,5,1238.0,1648.0,1848.0,1848.0,610.0,610.0
seed3-pass,pass,cntvaluein_bus_skew,idelay_data_cntvaluein,lane0,dq3,,dq3,5,1378.0,1587.0,1983.0,1983.0,605.0,605.0
seed4-pass,pass,cntvaluein_bus_skew,idelay_data_cntvaluein,lane0,dq3,,dq3,5,1572.0,1779.0,1945.0,1945.0,373.0,373.0
seed5-pass,pass,cntvaluein_bus_skew,idelay_data_cntvaluein,lane0,dq3,,dq3,5,1368.0,1427.0,1764.0,1764.0,396.0,396.0
seed1-fail,fail,cntvaluein_bus_skew,idelay_data_cntvaluein,lane0,dq4,,dq4,5,1600.0,2186.0,2460.0,2460.0,860.0,860.0
seed1-no-tmdriv,no_tmdriv,cntvaluein_bus_skew,idelay_data_cntvaluein,lane0,dq4,,dq4,5,1475.0,1557.0,1761.0,1761.0,286.0,286.0
seed1-reset-locks-only,reset_locks_only,cntvaluein_bus_skew,idelay_data_cntvaluein,lane0,dq4,,dq4,5,1472.0,1565.0,1902.0,1902.0,430.0,430.0
seed1-robust,robust,cntvaluein_bus_skew,idelay_data_cntvaluein,lane0,dq4,,dq4,5,1332.0,2059.0,2815.0,2815.0,1483.0,1483.0
seed2-fail,fail,cntvaluein_bus_skew,idelay_data_cntvaluein,lane0,dq4,,dq4,5,1593.0,2138.0,2176.0,2176.0,583.0,583.0
seed2-no-tmdriv,no_tmdriv,cntvaluein_bus_skew,idelay_data_cntvaluein,lane0,dq4,,dq4,5,1009.0,1506.0,2128.0,2128.0,1119.0,1119.0
seed2-reset-locks-only,reset_locks_only,cntvaluein_bus_skew,idelay_data_cntvaluein,lane0,dq4,,dq4,5,1876.0,2315.0,2746.0,2746.0,870.0,870.0
seed2-robust,robust,cntvaluein_bus_skew,idelay_data_cntvaluein,lane0,dq4,,dq4,5,1450.0,1822.0,1962.0,1962.0,512.0,512.0
seed3-pass,pass,cntvaluein_bus_skew,idelay_data_cntvaluein,lane0,dq4,,dq4,5,1445.0,1799.0,2135.0,2135.0,690.0,690.0
seed4-pass,pass,cntvaluein_bus_skew,idelay_data_cntvaluein,lane0,dq4,,dq4,5,1738.0,1820.0,2075.0,2075.0,337.0,337.0
seed5-pass,pass,cntvaluein_bus_skew,idelay_data_cntvaluein,lane0,dq4,,dq4,5,1453.0,1824.0,2115.0,2115.0,662.0,662.0
seed1-fail,fail,cntvaluein_bus_skew,idelay_data_cntvaluein,lane0,dq5,,dq5,5,1690.0,2098.0,2220.0,2220.0,530.0,530.0
seed1-no-tmdriv,no_tmdriv,cntvaluein_bus_skew,idelay_data_cntvaluein,lane0,dq5,,dq5,5,1320.0,1434.0,1695.0,1695.0,375.0,375.0
seed1-reset-locks-only,reset_locks_only,cntvaluein_bus_skew,idelay_data_cntvaluein,lane0,dq5,,dq5,5,1273.0,1281.0,1796.0,1796.0,523.0,523.0
seed1-robust,robust,cntvaluein_bus_skew,idelay_data_cntvaluein,lane0,dq5,,dq5,5,1286.0,1840.0,2448.0,2448.0,1162.0,1162.0
seed2-fail,fail,cntvaluein_bus_skew,idelay_data_cntvaluein,lane0,dq5,,dq5,5,1644.0,1789.0,1935.0,1935.0,291.0,291.0
seed2-no-tmdriv,no_tmdriv,cntvaluein_bus_skew,idelay_data_cntvaluein,lane0,dq5,,dq5,5,1184.0,1449.0,1761.0,1761.0,577.0,577.0
seed2-reset-locks-only,reset_locks_only,cntvaluein_bus_skew,idelay_data_cntvaluein,lane0,dq5,,dq5,5,1835.0,2115.0,2262.0,2262.0,427.0,427.0
seed2-robust,robust,cntvaluein_bus_skew,idelay_data_cntvaluein,lane0,dq5,,dq5,5,1328.0,1559.0,1776.0,1776.0,448.0,448.0
seed3-pass,pass,cntvaluein_bus_skew,idelay_data_cntvaluein,lane0,dq5,,dq5,5,1442.0,1481.0,1927.0,1927.0,485.0,485.0
seed4-pass,pass,cntvaluein_bus_skew,idelay_data_cntvaluein,lane0,dq5,,dq5,5,1628.0,1815.0,1911.0,1911.0,283.0,283.0
seed5-pass,pass,cntvaluein_bus_skew,idelay_data_cntvaluein,lane0,dq5,,dq5,5,1347.0,1467.0,1684.0,1684.0,337.0,337.0
seed1-fail,fail,cntvaluein_bus_skew,idelay_data_cntvaluein,lane0,dq6,,dq6,5,1789.0,2233.0,2423.0,2423.0,634.0,634.0
seed1-no-tmdriv,no_tmdriv,cntvaluein_bus_skew,idelay_data_cntvaluein,lane0,dq6,,dq6,5,1342.0,1557.0,1753.0,1753.0,411.0,411.0
seed1-reset-locks-only,reset_locks_only,cntvaluein_bus_skew,idelay_data_cntvaluein,lane0,dq6,,dq6,5,1328.0,1712.0,1855.0,1855.0,527.0,527.0
seed1-robust,robust,cntvaluein_bus_skew,idelay_data_cntvaluein,lane0,dq6,,dq6,5,1452.0,1838.0,2917.0,2917.0,1465.0,1465.0
seed2-fail,fail,cntvaluein_bus_skew,idelay_data_cntvaluein,lane0,dq6,,dq6,5,1570.0,1904.0,2233.0,2233.0,663.0,663.0
seed2-no-tmdriv,no_tmdriv,cntvaluein_bus_skew,idelay_data_cntvaluein,lane0,dq6,,dq6,5,990.0,1376.0,2311.0,2311.0,1321.0,1321.0
seed2-reset-locks-only,reset_locks_only,cntvaluein_bus_skew,idelay_data_cntvaluein,lane0,dq6,,dq6,5,1830.0,2161.0,2286.0,2286.0,456.0,456.0
seed2-robust,robust,cntvaluein_bus_skew,idelay_data_cntvaluein,lane0,dq6,,dq6,5,1378.0,1761.0,2144.0,2144.0,766.0,766.0
seed3-pass,pass,cntvaluein_bus_skew,idelay_data_cntvaluein,lane0,dq6,,dq6,5,1572.0,1807.0,2161.0,2161.0,589.0,589.0
seed4-pass,pass,cntvaluein_bus_skew,idelay_data_cntvaluein,lane0,dq6,,dq6,5,1639.0,1860.0,2128.0,2128.0,489.0,489.0
seed5-pass,pass,cntvaluein_bus_skew,idelay_data_cntvaluein,lane0,dq6,,dq6,5,1157.0,1809.0,2042.0,2042.0,885.0,885.0
seed1-fail,fail,cntvaluein_bus_skew,idelay_data_cntvaluein,lane0,dq7,,dq7,5,1666.0,2144.0,2421.0,2421.0,755.0,755.0
seed1-no-tmdriv,no_tmdriv,cntvaluein_bus_skew,idelay_data_cntvaluein,lane0,dq7,,dq7,5,1473.0,1634.0,1753.0,1753.0,280.0,280.0
seed1-reset-locks-only,reset_locks_only,cntvaluein_bus_skew,idelay_data_cntvaluein,lane0,dq7,,dq7,5,1557.0,1641.0,1848.0,1848.0,291.0,291.0
seed1-robust,robust,cntvaluein_bus_skew,idelay_data_cntvaluein,lane0,dq7,,dq7,5,1445.0,2052.0,2910.0,2910.0,1465.0,1465.0
seed2-fail,fail,cntvaluein_bus_skew,idelay_data_cntvaluein,lane0,dq7,,dq7,5,1651.0,2207.0,2269.0,2269.0,618.0,618.0
seed2-no-tmdriv,no_tmdriv,cntvaluein_bus_skew,idelay_data_cntvaluein,lane0,dq7,,dq7,5,1166.0,1371.0,2303.0,2303.0,1137.0,1137.0
seed2-reset-locks-only,reset_locks_only,cntvaluein_bus_skew,idelay_data_cntvaluein,lane0,dq7,,dq7,5,1842.0,2157.0,2483.0,2483.0,641.0,641.0
seed2-robust,robust,cntvaluein_bus_skew,idelay_data_cntvaluein,lane0,dq7,,dq7,5,1286.0,1713.0,2138.0,2138.0,852.0,852.0
seed3-pass,pass,cntvaluein_bus_skew,idelay_data_cntvaluein,lane0,dq7,,dq7,5,1621.0,1799.0,2247.0,2247.0,626.0,626.0
seed4-pass,pass,cntvaluein_bus_skew,idelay_data_cntvaluein,lane0,dq7,,dq7,5,1720.0,1935.0,2068.0,2068.0,348.0,348.0
seed5-pass,pass,cntvaluein_bus_skew,idelay_data_cntvaluein,lane0,dq7,,dq7,5,1467.0,1756.0,2006.0,2006.0,539.0,539.0
seed1-fail,fail,cntvaluein_bus_skew,idelay_data_cntvaluein,lane1,dq10,,dq10,5,1399.0,1970.0,2154.0,2154.0,755.0,755.0
seed1-no-tmdriv,no_tmdriv,cntvaluein_bus_skew,idelay_data_cntvaluein,lane1,dq10,,dq10,5,1008.0,1373.0,1597.0,1597.0,589.0,589.0
seed1-reset-locks-only,reset_locks_only,cntvaluein_bus_skew,idelay_data_cntvaluein,lane1,dq10,,dq10,5,1133.0,1317.0,1570.0,1570.0,437.0,437.0
seed1-robust,robust,cntvaluein_bus_skew,idelay_data_cntvaluein,lane1,dq10,,dq10,5,1427.0,1702.0,2316.0,2316.0,889.0,889.0
seed2-fail,fail,cntvaluein_bus_skew,idelay_data_cntvaluein,lane1,dq10,,dq10,5,1421.0,1580.0,1822.0,1822.0,401.0,401.0
seed2-no-tmdriv,no_tmdriv,cntvaluein_bus_skew,idelay_data_cntvaluein,lane1,dq10,,dq10,5,1070.0,1141.0,1552.0,1552.0,482.0,482.0
seed2-reset-locks-only,reset_locks_only,cntvaluein_bus_skew,idelay_data_cntvaluein,lane1,dq10,,dq10,5,1610.0,1976.0,2108.0,2108.0,498.0,498.0
seed2-robust,robust,cntvaluein_bus_skew,idelay_data_cntvaluein,lane1,dq10,,dq10,5,1149.0,1506.0,1633.0,1633.0,484.0,484.0
seed3-pass,pass,cntvaluein_bus_skew,idelay_data_cntvaluein,lane1,dq10,,dq10,5,1245.0,1338.0,1883.0,1883.0,638.0,638.0
seed4-pass,pass,cntvaluein_bus_skew,idelay_data_cntvaluein,lane1,dq10,,dq10,5,1396.0,1601.0,1731.0,1731.0,335.0,335.0
seed5-pass,pass,cntvaluein_bus_skew,idelay_data_cntvaluein,lane1,dq10,,dq10,5,1203.0,1340.0,1677.0,1677.0,474.0,474.0
seed1-fail,fail,cntvaluein_bus_skew,idelay_data_cntvaluein,lane1,dq11,,dq11,5,1457.0,1577.0,1919.0,1919.0,462.0,462.0
seed1-no-tmdriv,no_tmdriv,cntvaluein_bus_skew,idelay_data_cntvaluein,lane1,dq11,,dq11,5,1085.0,1368.0,1559.0,1559.0,474.0,474.0
seed1-reset-locks-only,reset_locks_only,cntvaluein_bus_skew,idelay_data_cntvaluein,lane1,dq11,,dq11,5,1080.0,1281.0,1574.0,1574.0,494.0,494.0
seed1-robust,robust,cntvaluein_bus_skew,idelay_data_cntvaluein,lane1,dq11,,dq11,5,1078.0,1621.0,2283.0,2283.0,1205.0,1205.0
seed2-fail,fail,cntvaluein_bus_skew,idelay_data_cntvaluein,lane1,dq11,,dq11,5,1320.0,1500.0,1715.0,1715.0,395.0,395.0
seed2-no-tmdriv,no_tmdriv,cntvaluein_bus_skew,idelay_data_cntvaluein,lane1,dq11,,dq11,5,1108.0,1129.0,1508.0,1508.0,400.0,400.0
seed2-reset-locks-only,reset_locks_only,cntvaluein_bus_skew,idelay_data_cntvaluein,lane1,dq11,,dq11,5,1564.0,1807.0,2013.0,2013.0,449.0,449.0
seed2-robust,robust,cntvaluein_bus_skew,idelay_data_cntvaluein,lane1,dq11,,dq11,5,1164.0,1363.0,1569.0,1569.0,405.0,405.0
seed3-pass,pass,cntvaluein_bus_skew,idelay_data_cntvaluein,lane1,dq11,,dq11,5,1256.0,1480.0,1695.0,1695.0,439.0,439.0
seed4-pass,pass,cntvaluein_bus_skew,idelay_data_cntvaluein,lane1,dq11,,dq11,5,1333.0,1588.0,1705.0,1705.0,372.0,372.0
seed5-pass,pass,cntvaluein_bus_skew,idelay_data_cntvaluein,lane1,dq11,,dq11,5,1256.0,1332.0,1593.0,1593.0,337.0,337.0
seed1-fail,fail,cntvaluein_bus_skew,idelay_data_cntvaluein,lane1,dq12,,dq12,5,1485.0,1879.0,2099.0,2099.0,614.0,614.0
seed1-no-tmdriv,no_tmdriv,cntvaluein_bus_skew,idelay_data_cntvaluein,lane1,dq12,,dq12,5,1093.0,1388.0,1590.0,1590.0,497.0,497.0
seed1-reset-locks-only,reset_locks_only,cntvaluein_bus_skew,idelay_data_cntvaluein,lane1,dq12,,dq12,5,1121.0,1235.0,1628.0,1628.0,507.0,507.0
seed1-robust,robust,cntvaluein_bus_skew,idelay_data_cntvaluein,lane1,dq12,,dq12,5,1371.0,1702.0,2315.0,2315.0,944.0,944.0
seed2-fail,fail,cntvaluein_bus_skew,idelay_data_cntvaluein,lane1,dq12,,dq12,5,1340.0,1759.0,1906.0,1906.0,566.0,566.0
seed2-no-tmdriv,no_tmdriv,cntvaluein_bus_skew,idelay_data_cntvaluein,lane1,dq12,,dq12,5,986.0,1148.0,1731.0,1731.0,745.0,745.0
seed2-reset-locks-only,reset_locks_only,cntvaluein_bus_skew,idelay_data_cntvaluein,lane1,dq12,,dq12,5,1667.0,1896.0,2141.0,2141.0,474.0,474.0
seed2-robust,robust,cntvaluein_bus_skew,idelay_data_cntvaluein,lane1,dq12,,dq12,5,1202.0,1590.0,1633.0,1633.0,431.0,431.0
seed3-pass,pass,cntvaluein_bus_skew,idelay_data_cntvaluein,lane1,dq12,,dq12,5,1243.0,1481.0,1794.0,1794.0,551.0,551.0
seed4-pass,pass,cntvaluein_bus_skew,idelay_data_cntvaluein,lane1,dq12,,dq12,5,1488.0,1585.0,1784.0,1784.0,296.0,296.0
seed5-pass,pass,cntvaluein_bus_skew,idelay_data_cntvaluein,lane1,dq12,,dq12,5,1149.0,1424.0,1850.0,1850.0,701.0,701.0
seed1-fail,fail,cntvaluein_bus_skew,idelay_data_cntvaluein,lane1,dq13,,dq13,5,1401.0,1662.0,1873.0,1873.0,472.0,472.0
seed1-no-tmdriv,no_tmdriv,cntvaluein_bus_skew,idelay_data_cntvaluein,lane1,dq13,,dq13,5,1304.0,1458.0,1559.0,1559.0,255.0,255.0
seed1-reset-locks-only,reset_locks_only,cntvaluein_bus_skew,idelay_data_cntvaluein,lane1,dq13,,dq13,5,1082.0,1350.0,1574.0,1574.0,492.0,492.0
seed1-robust,robust,cntvaluein_bus_skew,idelay_data_cntvaluein,lane1,dq13,,dq13,5,1203.0,1628.0,2198.0,2198.0,995.0,995.0
seed2-fail,fail,cntvaluein_bus_skew,idelay_data_cntvaluein,lane1,dq13,,dq13,5,1292.0,1534.0,1722.0,1722.0,430.0,430.0
seed2-no-tmdriv,no_tmdriv,cntvaluein_bus_skew,idelay_data_cntvaluein,lane1,dq13,,dq13,5,1103.0,1210.0,1567.0,1567.0,464.0,464.0
seed2-reset-locks-only,reset_locks_only,cntvaluein_bus_skew,idelay_data_cntvaluein,lane1,dq13,,dq13,5,1620.0,1893.0,2012.0,2012.0,392.0,392.0
seed2-robust,robust,cntvaluein_bus_skew,idelay_data_cntvaluein,lane1,dq13,,dq13,5,1243.0,1447.0,1656.0,1656.0,413.0,413.0
seed3-pass,pass,cntvaluein_bus_skew,idelay_data_cntvaluein,lane1,dq13,,dq13,5,1347.0,1516.0,1968.0,1968.0,621.0,621.0
seed4-pass,pass,cntvaluein_bus_skew,idelay_data_cntvaluein,lane1,dq13,,dq13,5,1246.0,1679.0,1733.0,1733.0,487.0,487.0
seed5-pass,pass,cntvaluein_bus_skew,idelay_data_cntvaluein,lane1,dq13,,dq13,5,1263.0,1422.0,1675.0,1675.0,412.0,412.0
seed1-fail,fail,cntvaluein_bus_skew,idelay_data_cntvaluein,lane1,dq14,,dq14,5,1396.0,1814.0,2190.0,2190.0,794.0,794.0
seed1-no-tmdriv,no_tmdriv,cntvaluein_bus_skew,idelay_data_cntvaluein,lane1,dq14,,dq14,5,1177.0,1383.0,1485.0,1485.0,308.0,308.0
seed1-reset-locks-only,reset_locks_only,cntvaluein_bus_skew,idelay_data_cntvaluein,lane1,dq14,,dq14,5,1118.0,1289.0,1666.0,1666.0,548.0,548.0
seed1-robust,robust,cntvaluein_bus_skew,idelay_data_cntvaluein,lane1,dq14,,dq14,5,1457.0,1648.0,2226.0,2226.0,769.0,769.0
seed2-fail,fail,cntvaluein_bus_skew,idelay_data_cntvaluein,lane1,dq14,,dq14,5,1424.0,1598.0,1917.0,1917.0,493.0,493.0
seed2-no-tmdriv,no_tmdriv,cntvaluein_bus_skew,idelay_data_cntvaluein,lane1,dq14,,dq14,5,1074.0,1231.0,1817.0,1817.0,743.0,743.0
seed2-reset-locks-only,reset_locks_only,cntvaluein_bus_skew,idelay_data_cntvaluein,lane1,dq14,,dq14,5,1656.0,1891.0,2230.0,2230.0,574.0,574.0
seed2-robust,robust,cntvaluein_bus_skew,idelay_data_cntvaluein,lane1,dq14,,dq14,5,1203.0,1481.0,1677.0,1677.0,474.0,474.0
seed3-pass,pass,cntvaluein_bus_skew,idelay_data_cntvaluein,lane1,dq14,,dq14,5,1310.0,1570.0,1853.0,1853.0,543.0,543.0
seed4-pass,pass,cntvaluein_bus_skew,idelay_data_cntvaluein,lane1,dq14,,dq14,5,1453.0,1578.0,1781.0,1781.0,328.0,328.0
seed5-pass,pass,cntvaluein_bus_skew,idelay_data_cntvaluein,lane1,dq14,,dq14,5,1240.0,1248.0,1934.0,1934.0,694.0,694.0
seed1-fail,fail,cntvaluein_bus_skew,idelay_data_cntvaluein,lane1,dq15,,dq15,5,1396.0,1539.0,1858.0,1858.0,462.0,462.0
seed1-no-tmdriv,no_tmdriv,cntvaluein_bus_skew,idelay_data_cntvaluein,lane1,dq15,,dq15,5,1144.0,1254.0,1611.0,1611.0,467.0,467.0
seed1-reset-locks-only,reset_locks_only,cntvaluein_bus_skew,idelay_data_cntvaluein,lane1,dq15,,dq15,5,1143.0,1159.0,1384.0,1384.0,241.0,241.0
seed1-robust,robust,cntvaluein_bus_skew,idelay_data_cntvaluein,lane1,dq15,,dq15,5,1207.0,1376.0,2246.0,2246.0,1039.0,1039.0
seed2-fail,fail,cntvaluein_bus_skew,idelay_data_cntvaluein,lane1,dq15,,dq15,5,1097.0,1241.0,1485.0,1485.0,388.0,388.0
seed2-no-tmdriv,no_tmdriv,cntvaluein_bus_skew,idelay_data_cntvaluein,lane1,dq15,,dq15,5,990.0,1256.0,1302.0,1302.0,312.0,312.0
seed2-reset-locks-only,reset_locks_only,cntvaluein_bus_skew,idelay_data_cntvaluein,lane1,dq15,,dq15,5,1601.0,1784.0,1873.0,1873.0,272.0,272.0
seed2-robust,robust,cntvaluein_bus_skew,idelay_data_cntvaluein,lane1,dq15,,dq15,5,1065.0,1133.0,1450.0,1450.0,385.0,385.0
seed3-pass,pass,cntvaluein_bus_skew,idelay_data_cntvaluein,lane1,dq15,,dq15,5,1157.0,1223.0,1800.0,1800.0,643.0,643.0
seed4-pass,pass,cntvaluein_bus_skew,idelay_data_cntvaluein,lane1,dq15,,dq15,5,1175.0,1351.0,1842.0,1842.0,667.0,667.0
seed5-pass,pass,cntvaluein_bus_skew,idelay_data_cntvaluein,lane1,dq15,,dq15,5,1070.0,1192.0,1445.0,1445.0,375.0,375.0
seed1-fail,fail,cntvaluein_bus_skew,idelay_data_cntvaluein,lane1,dq8,,dq8,5,1491.0,1758.0,2282.0,2282.0,791.0,791.0
seed1-no-tmdriv,no_tmdriv,cntvaluein_bus_skew,idelay_data_cntvaluein,lane1,dq8,,dq8,5,1001.0,1366.0,1388.0,1388.0,387.0,387.0
seed1-reset-locks-only,reset_locks_only,cntvaluein_bus_skew,idelay_data_cntvaluein,lane1,dq8,,dq8,5,1126.0,1258.0,1666.0,1666.0,540.0,540.0
seed1-robust,robust,cntvaluein_bus_skew,idelay_data_cntvaluein,lane1,dq8,,dq8,5,1542.0,1738.0,2279.0,2279.0,737.0,737.0
seed2-fail,fail,cntvaluein_bus_skew,idelay_data_cntvaluein,lane1,dq8,,dq8,5,1509.0,1853.0,2000.0,2000.0,491.0,491.0
seed2-no-tmdriv,no_tmdriv,cntvaluein_bus_skew,idelay_data_cntvaluein,lane1,dq8,,dq8,5,1157.0,1266.0,1901.0,1901.0,744.0,744.0
seed2-reset-locks-only,reset_locks_only,cntvaluein_bus_skew,idelay_data_cntvaluein,lane1,dq8,,dq8,5,1651.0,1804.0,2318.0,2318.0,667.0,667.0
seed2-robust,robust,cntvaluein_bus_skew,idelay_data_cntvaluein,lane1,dq8,,dq8,5,1149.0,1557.0,1768.0,1768.0,619.0,619.0
seed3-pass,pass,cntvaluein_bus_skew,idelay_data_cntvaluein,lane1,dq8,,dq8,5,1338.0,1473.0,1858.0,1858.0,520.0,520.0
seed4-pass,pass,cntvaluein_bus_skew,idelay_data_cntvaluein,lane1,dq8,,dq8,5,1539.0,1677.0,1730.0,1730.0,191.0,191.0
seed5-pass,pass,cntvaluein_bus_skew,idelay_data_cntvaluein,lane1,dq8,,dq8,5,1324.0,1518.0,2023.0,2023.0,699.0,699.0
seed1-fail,fail,cntvaluein_bus_skew,idelay_data_cntvaluein,lane1,dq9,,dq9,5,1481.0,1544.0,1832.0,1832.0,351.0,351.0
seed1-no-tmdriv,no_tmdriv,cntvaluein_bus_skew,idelay_data_cntvaluein,lane1,dq9,,dq9,5,1182.0,1236.0,1368.0,1368.0,186.0,186.0
seed1-reset-locks-only,reset_locks_only,cntvaluein_bus_skew,idelay_data_cntvaluein,lane1,dq9,,dq9,5,995.0,1246.0,1434.0,1434.0,439.0,439.0
seed1-robust,robust,cntvaluein_bus_skew,idelay_data_cntvaluein,lane1,dq9,,dq9,5,1297.0,1368.0,2335.0,2335.0,1038.0,1038.0
seed2-fail,fail,cntvaluein_bus_skew,idelay_data_cntvaluein,lane1,dq9,,dq9,5,1156.0,1238.0,1577.0,1577.0,421.0,421.0
seed2-no-tmdriv,no_tmdriv,cntvaluein_bus_skew,idelay_data_cntvaluein,lane1,dq9,,dq9,5,966.0,1304.0,1347.0,1347.0,381.0,381.0
seed2-reset-locks-only,reset_locks_only,cntvaluein_bus_skew,idelay_data_cntvaluein,lane1,dq9,,dq9,5,1682.0,1868.0,1881.0,1881.0,199.0,199.0
seed2-robust,robust,cntvaluein_bus_skew,idelay_data_cntvaluein,lane1,dq9,,dq9,5,1116.0,1218.0,1536.0,1536.0,420.0,420.0
seed3-pass,pass,cntvaluein_bus_skew,idelay_data_cntvaluein,lane1,dq9,,dq9,5,1212.0,1243.0,1889.0,1889.0,677.0,677.0
seed4-pass,pass,cntvaluein_bus_skew,idelay_data_cntvaluein,lane1,dq9,,dq9,5,1123.0,1437.0,1866.0,1866.0,743.0,743.0
seed5-pass,pass,cntvaluein_bus_skew,idelay_data_cntvaluein,lane1,dq9,,dq9,5,1036.0,1235.0,1299.0,1299.0,263.0,263.0
seed1-fail,fail,cntvaluein_bus_skew,idelay_dqs_cntvaluein,lane0,dqs0,,dqs0,5,1501.0,1748.0,2233.0,2233.0,732.0,732.0
seed1-no-tmdriv,no_tmdriv,cntvaluein_bus_skew,idelay_dqs_cntvaluein,lane0,dqs0,,dqs0,5,1296.0,1988.0,2450.0,2450.0,1154.0,1154.0
seed1-reset-locks-only,reset_locks_only,cntvaluein_bus_skew,idelay_dqs_cntvaluein,lane0,dqs0,,dqs0,5,1075.0,1822.0,1901.0,1901.0,826.0,826.0
seed1-robust,robust,cntvaluein_bus_skew,idelay_dqs_cntvaluein,lane0,dqs0,,dqs0,5,1358.0,1776.0,1940.0,1940.0,582.0,582.0
seed2-fail,fail,cntvaluein_bus_skew,idelay_dqs_cntvaluein,lane0,dqs0,,dqs0,5,1159.0,1544.0,1952.0,1952.0,793.0,793.0
seed2-no-tmdriv,no_tmdriv,cntvaluein_bus_skew,idelay_dqs_cntvaluein,lane0,dqs0,,dqs0,5,1195.0,1375.0,1684.0,1684.0,489.0,489.0
seed2-reset-locks-only,reset_locks_only,cntvaluein_bus_skew,idelay_dqs_cntvaluein,lane0,dqs0,,dqs0,5,1496.0,2088.0,2164.0,2164.0,668.0,668.0
seed2-robust,robust,cntvaluein_bus_skew,idelay_dqs_cntvaluein,lane0,dqs0,,dqs0,5,1328.0,1554.0,1687.0,1687.0,359.0,359.0
seed3-pass,pass,cntvaluein_bus_skew,idelay_dqs_cntvaluein,lane0,dqs0,,dqs0,5,1350.0,1636.0,1970.0,1970.0,620.0,620.0
seed4-pass,pass,cntvaluein_bus_skew,idelay_dqs_cntvaluein,lane0,dqs0,,dqs0,5,1159.0,1333.0,1404.0,1404.0,245.0,245.0
seed5-pass,pass,cntvaluein_bus_skew,idelay_dqs_cntvaluein,lane0,dqs0,,dqs0,5,1447.0,1523.0,1850.0,1850.0,403.0,403.0
seed1-fail,fail,cntvaluein_bus_skew,idelay_dqs_cntvaluein,lane1,dqs1,,dqs1,5,1077.0,1567.0,1792.0,1792.0,715.0,715.0
seed1-no-tmdriv,no_tmdriv,cntvaluein_bus_skew,idelay_dqs_cntvaluein,lane1,dqs1,,dqs1,5,1348.0,1731.0,1963.0,1963.0,615.0,615.0
seed1-reset-locks-only,reset_locks_only,cntvaluein_bus_skew,idelay_dqs_cntvaluein,lane1,dqs1,,dqs1,5,870.0,1388.0,1491.0,1491.0,621.0,621.0
seed1-robust,robust,cntvaluein_bus_skew,idelay_dqs_cntvaluein,lane1,dqs1,,dqs1,5,1215.0,1455.0,1702.0,1702.0,487.0,487.0
seed2-fail,fail,cntvaluein_bus_skew,idelay_dqs_cntvaluein,lane1,dqs1,,dqs1,5,804.0,1268.0,1427.0,1427.0,623.0,623.0
seed2-no-tmdriv,no_tmdriv,cntvaluein_bus_skew,idelay_dqs_cntvaluein,lane1,dqs1,,dqs1,5,1085.0,1180.0,1299.0,1299.0,214.0,214.0
seed2-reset-locks-only,reset_locks_only,cntvaluein_bus_skew,idelay_dqs_cntvaluein,lane1,dqs1,,dqs1,5,1417.0,1697.0,1896.0,1896.0,479.0,479.0
seed2-robust,robust,cntvaluein_bus_skew,idelay_dqs_cntvaluein,lane1,dqs1,,dqs1,5,1093.0,1156.0,1365.0,1365.0,272.0,272.0
seed3-pass,pass,cntvaluein_bus_skew,idelay_dqs_cntvaluein,lane1,dqs1,,dqs1,5,1103.0,1271.0,1674.0,1674.0,571.0,571.0
seed4-pass,pass,cntvaluein_bus_skew,idelay_dqs_cntvaluein,lane1,dqs1,,dqs1,5,921.0,1008.0,1271.0,1271.0,350.0,350.0
seed5-pass,pass,cntvaluein_bus_skew,idelay_dqs_cntvaluein,lane1,dqs1,,dqs1,5,1169.0,1245.0,1376.0,1376.0,207.0,207.0
seed1-fail,fail,control_fanout_spread,idelay_data_cntvaluein,lane0,,0,lane_control_bit,8,1666.0,1998.5,2233.0,2233.0,567.0,567.0
seed1-no-tmdriv,no_tmdriv,control_fanout_spread,idelay_data_cntvaluein,lane0,,0,lane_control_bit,8,1231.0,1407.5,1634.0,1634.0,403.0,403.0
seed1-reset-locks-only,reset_locks_only,control_fanout_spread,idelay_data_cntvaluein,lane0,,0,lane_control_bit,8,1712.0,1819.5,1902.0,1902.0,190.0,190.0
seed1-robust,robust,control_fanout_spread,idelay_data_cntvaluein,lane0,,0,lane_control_bit,8,1840.0,2055.5,2273.0,2273.0,433.0,433.0
seed2-fail,fail,control_fanout_spread,idelay_data_cntvaluein,lane0,,0,lane_control_bit,8,1498.0,1683.5,1898.0,1898.0,400.0,400.0
seed2-no-tmdriv,no_tmdriv,control_fanout_spread,idelay_data_cntvaluein,lane0,,0,lane_control_bit,8,990.0,1139.0,1210.0,1210.0,220.0,220.0
seed2-reset-locks-only,reset_locks_only,control_fanout_spread,idelay_data_cntvaluein,lane0,,0,lane_control_bit,8,2177.0,2313.5,2483.0,2483.0,306.0,306.0
seed2-robust,robust,control_fanout_spread,idelay_data_cntvaluein,lane0,,0,lane_control_bit,8,1458.0,1672.5,1764.0,1764.0,306.0,306.0
seed3-pass,pass,control_fanout_spread,idelay_data_cntvaluein,lane0,,0,lane_control_bit,8,1927.0,2135.0,2247.0,2247.0,320.0,320.0
seed4-pass,pass,control_fanout_spread,idelay_data_cntvaluein,lane0,,0,lane_control_bit,8,1779.0,2071.5,2206.0,2206.0,427.0,427.0
seed5-pass,pass,control_fanout_spread,idelay_data_cntvaluein,lane0,,0,lane_control_bit,8,1368.0,1510.5,1641.0,1641.0,273.0,273.0
seed1-fail,fail,control_fanout_spread,idelay_data_cntvaluein,lane0,,1,lane_control_bit,8,1597.0,1691.5,1789.0,1789.0,192.0,192.0
seed1-no-tmdriv,no_tmdriv,control_fanout_spread,idelay_data_cntvaluein,lane0,,1,lane_control_bit,8,1478.0,1753.0,1848.0,1848.0,370.0,370.0
seed1-reset-locks-only,reset_locks_only,control_fanout_spread,idelay_data_cntvaluein,lane0,,1,lane_control_bit,8,1281.0,1534.0,1593.0,1593.0,312.0,312.0
seed1-robust,robust,control_fanout_spread,idelay_data_cntvaluein,lane0,,1,lane_control_bit,8,1281.0,1333.5,1452.0,1452.0,171.0,171.0
seed2-fail,fail,control_fanout_spread,idelay_data_cntvaluein,lane0,,1,lane_control_bit,8,1726.0,2092.0,2233.0,2233.0,507.0,507.0
seed2-no-tmdriv,no_tmdriv,control_fanout_spread,idelay_data_cntvaluein,lane0,,1,lane_control_bit,8,1590.0,1693.5,1921.0,1921.0,331.0,331.0
seed2-reset-locks-only,reset_locks_only,control_fanout_spread,idelay_data_cntvaluein,lane0,,1,lane_control_bit,8,2111.0,2207.0,2411.0,2411.0,300.0,300.0
seed2-robust,robust,control_fanout_spread,idelay_data_cntvaluein,lane0,,1,lane_control_bit,8,1559.0,1716.5,1896.0,1896.0,337.0,337.0
seed3-pass,pass,control_fanout_spread,idelay_data_cntvaluein,lane0,,1,lane_control_bit,8,1378.0,1485.0,1705.0,1705.0,327.0,327.0
seed4-pass,pass,control_fanout_spread,idelay_data_cntvaluein,lane0,,1,lane_control_bit,8,1598.0,1700.0,1830.0,1830.0,232.0,232.0
seed5-pass,pass,control_fanout_spread,idelay_data_cntvaluein,lane0,,1,lane_control_bit,8,1626.0,1788.5,1950.0,1950.0,324.0,324.0
seed1-fail,fail,control_fanout_spread,idelay_data_cntvaluein,lane0,,2,lane_control_bit,8,2112.0,2282.0,2423.0,2423.0,311.0,311.0
seed1-no-tmdriv,no_tmdriv,control_fanout_spread,idelay_data_cntvaluein,lane0,,2,lane_control_bit,8,1389.0,1474.0,1695.0,1695.0,306.0,306.0
seed1-reset-locks-only,reset_locks_only,control_fanout_spread,idelay_data_cntvaluein,lane0,,2,lane_control_bit,8,1258.0,1354.5,1565.0,1565.0,307.0,307.0
seed1-robust,robust,control_fanout_spread,idelay_data_cntvaluein,lane0,,2,lane_control_bit,8,1786.0,1945.5,2197.0,2197.0,411.0,411.0
seed2-fail,fail,control_fanout_spread,idelay_data_cntvaluein,lane0,,2,lane_control_bit,8,1855.0,2047.0,2207.0,2207.0,352.0,352.0
seed2-no-tmdriv,no_tmdriv,control_fanout_spread,idelay_data_cntvaluein,lane0,,2,lane_control_bit,8,1358.0,1419.0,1590.0,1590.0,232.0,232.0
seed2-reset-locks-only,reset_locks_only,control_fanout_spread,idelay_data_cntvaluein,lane0,,2,lane_control_bit,8,1743.0,1838.5,1945.0,1945.0,202.0,202.0
seed2-robust,robust,control_fanout_spread,idelay_data_cntvaluein,lane0,,2,lane_control_bit,8,1238.0,1343.0,1450.0,1450.0,212.0,212.0
seed3-pass,pass,control_fanout_spread,idelay_data_cntvaluein,lane0,,2,lane_control_bit,8,1687.0,1947.0,2094.0,2094.0,407.0,407.0
seed4-pass,pass,control_fanout_spread,idelay_data_cntvaluein,lane0,,2,lane_control_bit,8,1572.0,1719.0,1860.0,1860.0,288.0,288.0
seed5-pass,pass,control_fanout_spread,idelay_data_cntvaluein,lane0,,2,lane_control_bit,8,1157.0,1355.0,1547.0,1547.0,390.0,390.0
seed1-fail,fail,control_fanout_spread,idelay_data_cntvaluein,lane0,,3,lane_control_bit,8,2016.0,2228.0,2460.0,2460.0,444.0,444.0
seed1-no-tmdriv,no_tmdriv,control_fanout_spread,idelay_data_cntvaluein,lane0,,3,lane_control_bit,8,1394.0,1532.5,1649.0,1649.0,255.0,255.0
seed1-reset-locks-only,reset_locks_only,control_fanout_spread,idelay_data_cntvaluein,lane0,,3,lane_control_bit,8,1281.0,1471.0,1726.0,1726.0,445.0,445.0
seed1-robust,robust,control_fanout_spread,idelay_data_cntvaluein,lane0,,3,lane_control_bit,8,1286.0,1460.0,1557.0,1557.0,271.0,271.0
seed2-fail,fail,control_fanout_spread,idelay_data_cntvaluein,lane0,,3,lane_control_bit,8,1707.0,2062.0,2269.0,2269.0,562.0,562.0
seed2-no-tmdriv,no_tmdriv,control_fanout_spread,idelay_data_cntvaluein,lane0,,3,lane_control_bit,8,987.0,1144.5,1251.0,1251.0,264.0,264.0
seed2-reset-locks-only,reset_locks_only,control_fanout_spread,idelay_data_cntvaluein,lane0,,3,lane_control_bit,8,1855.0,2032.0,2111.0,2111.0,256.0,256.0
seed2-robust,robust,control_fanout_spread,idelay_data_cntvaluein,lane0,,3,lane_control_bit,8,1567.0,1755.5,1827.0,1827.0,260.0,260.0
seed3-pass,pass,control_fanout_spread,idelay_data_cntvaluein,lane0,,3,lane_control_bit,8,1393.0,1601.5,1758.0,1758.0,365.0,365.0
seed4-pass,pass,control_fanout_spread,idelay_data_cntvaluein,lane0,,3,lane_control_bit,8,1797.0,1850.0,1957.0,1957.0,160.0,160.0
seed5-pass,pass,control_fanout_spread,idelay_data_cntvaluein,lane0,,3,lane_control_bit,8,1386.0,1823.0,2006.0,2006.0,620.0,620.0
seed1-fail,fail,control_fanout_spread,idelay_data_cntvaluein,lane0,,4,lane_control_bit,8,2016.0,2189.5,2288.0,2288.0,272.0,272.0
seed1-no-tmdriv,no_tmdriv,control_fanout_spread,idelay_data_cntvaluein,lane0,,4,lane_control_bit,8,1434.0,1613.0,1789.0,1789.0,355.0,355.0
seed1-reset-locks-only,reset_locks_only,control_fanout_spread,idelay_data_cntvaluein,lane0,,4,lane_control_bit,8,1337.0,1708.5,1855.0,1855.0,518.0,518.0
seed1-robust,robust,control_fanout_spread,idelay_data_cntvaluein,lane0,,4,lane_control_bit,8,2448.0,2770.5,2917.0,2917.0,469.0,469.0
seed2-fail,fail,control_fanout_spread,idelay_data_cntvaluein,lane0,,4,lane_control_bit,8,1555.0,1647.5,1787.0,1787.0,232.0,232.0
seed2-no-tmdriv,no_tmdriv,control_fanout_spread,idelay_data_cntvaluein,lane0,,4,lane_control_bit,8,1761.0,2124.5,2311.0,2311.0,550.0,550.0
seed2-reset-locks-only,reset_locks_only,control_fanout_spread,idelay_data_cntvaluein,lane0,,4,lane_control_bit,8,2239.0,2332.0,2746.0,2746.0,507.0,507.0
seed2-robust,robust,control_fanout_spread,idelay_data_cntvaluein,lane0,,4,lane_control_bit,8,1697.0,1989.0,2144.0,2144.0,447.0,447.0
seed3-pass,pass,control_fanout_spread,idelay_data_cntvaluein,lane0,,4,lane_control_bit,8,1481.0,1734.0,1807.0,1807.0,326.0,326.0
seed4-pass,pass,control_fanout_spread,idelay_data_cntvaluein,lane0,,4,lane_control_bit,8,1754.0,1889.0,1945.0,1945.0,191.0,191.0
seed5-pass,pass,control_fanout_spread,idelay_data_cntvaluein,lane0,,4,lane_control_bit,8,1684.0,1974.5,2115.0,2115.0,431.0,431.0
seed1-fail,fail,control_fanout_spread,idelay_data_cntvaluein,lane1,,0,lane_control_bit,8,1401.0,1632.0,1814.0,1814.0,413.0,413.0
seed1-no-tmdriv,no_tmdriv,control_fanout_spread,idelay_data_cntvaluein,lane1,,0,lane_control_bit,8,1001.0,1135.0,1368.0,1368.0,367.0,367.0
seed1-reset-locks-only,reset_locks_only,control_fanout_spread,idelay_data_cntvaluein,lane1,,0,lane_control_bit,8,1384.0,1574.0,1666.0,1666.0,282.0,282.0
seed1-robust,robust,control_fanout_spread,idelay_data_cntvaluein,lane1,,0,lane_control_bit,8,1927.0,2067.0,2335.0,2335.0,408.0,408.0
seed2-fail,fail,control_fanout_spread,idelay_data_cntvaluein,lane1,,0,lane_control_bit,8,1097.0,1581.5,1722.0,1722.0,625.0,625.0
seed2-no-tmdriv,no_tmdriv,control_fanout_spread,idelay_data_cntvaluein,lane1,,0,lane_control_bit,8,986.0,1075.5,1197.0,1197.0,211.0,211.0
seed2-reset-locks-only,reset_locks_only,control_fanout_spread,idelay_data_cntvaluein,lane1,,0,lane_control_bit,8,1784.0,2025.5,2318.0,2318.0,534.0,534.0
seed2-robust,robust,control_fanout_spread,idelay_data_cntvaluein,lane1,,0,lane_control_bit,8,1116.0,1363.0,1557.0,1557.0,441.0,441.0
seed3-pass,pass,control_fanout_spread,idelay_data_cntvaluein,lane1,,0,lane_control_bit,8,1613.0,1823.5,1968.0,1968.0,355.0,355.0
seed4-pass,pass,control_fanout_spread,idelay_data_cntvaluein,lane1,,0,lane_control_bit,8,1453.0,1708.5,1784.0,1784.0,331.0,331.0
seed5-pass,pass,control_fanout_spread,idelay_data_cntvaluein,lane1,,0,lane_control_bit,8,1036.0,1240.5,1324.0,1324.0,288.0,288.0
seed1-fail,fail,control_fanout_spread,idelay_data_cntvaluein,lane1,,1,lane_control_bit,8,1396.0,1483.0,1585.0,1585.0,189.0,189.0
seed1-no-tmdriv,no_tmdriv,control_fanout_spread,idelay_data_cntvaluein,lane1,,1,lane_control_bit,8,1243.0,1495.5,1597.0,1597.0,354.0,354.0
seed1-reset-locks-only,reset_locks_only,control_fanout_spread,idelay_data_cntvaluein,lane1,,1,lane_control_bit,8,1143.0,1258.0,1317.0,1317.0,174.0,174.0
seed1-robust,robust,control_fanout_spread,idelay_data_cntvaluein,lane1,,1,lane_control_bit,8,1078.0,1334.0,1542.0,1542.0,464.0,464.0
seed2-fail,fail,control_fanout_spread,idelay_data_cntvaluein,lane1,,1,lane_control_bit,8,1485.0,1588.5,1861.0,1861.0,376.0,376.0
seed2-no-tmdriv,no_tmdriv,control_fanout_spread,idelay_data_cntvaluein,lane1,,1,lane_control_bit,8,1277.0,1391.5,1585.0,1585.0,308.0,308.0
seed2-reset-locks-only,reset_locks_only,control_fanout_spread,idelay_data_cntvaluein,lane1,,1,lane_control_bit,8,1746.0,1864.5,1976.0,1976.0,230.0,230.0
seed2-robust,robust,control_fanout_spread,idelay_data_cntvaluein,lane1,,1,lane_control_bit,8,1421.0,1522.0,1613.0,1613.0,192.0,192.0
seed3-pass,pass,control_fanout_spread,idelay_data_cntvaluein,lane1,,1,lane_control_bit,8,1159.0,1291.5,1516.0,1516.0,357.0,357.0
seed4-pass,pass,control_fanout_spread,idelay_data_cntvaluein,lane1,,1,lane_control_bit,8,1141.0,1486.0,1601.0,1601.0,460.0,460.0
seed5-pass,pass,control_fanout_spread,idelay_data_cntvaluein,lane1,,1,lane_control_bit,8,1235.0,1614.5,1768.0,1768.0,533.0,533.0
seed1-fail,fail,control_fanout_spread,idelay_data_cntvaluein,lane1,,2,lane_control_bit,8,1442.0,1986.0,2282.0,2282.0,840.0,840.0
seed1-no-tmdriv,no_tmdriv,control_fanout_spread,idelay_data_cntvaluein,lane1,,2,lane_control_bit,8,1182.0,1430.5,1611.0,1611.0,429.0,429.0
seed1-reset-locks-only,reset_locks_only,control_fanout_spread,idelay_data_cntvaluein,lane1,,2,lane_control_bit,8,995.0,1119.5,1159.0,1159.0,164.0,164.0
seed1-robust,robust,control_fanout_spread,idelay_data_cntvaluein,lane1,,2,lane_control_bit,8,1365.0,1619.0,1738.0,1738.0,373.0,373.0
seed2-fail,fail,control_fanout_spread,idelay_data_cntvaluein,lane1,,2,lane_control_bit,8,1371.0,1706.0,2000.0,2000.0,629.0,629.0
seed2-no-tmdriv,no_tmdriv,control_fanout_spread,idelay_data_cntvaluein,lane1,,2,lane_control_bit,8,966.0,1135.0,1231.0,1231.0,265.0,265.0
seed2-reset-locks-only,reset_locks_only,control_fanout_spread,idelay_data_cntvaluein,lane1,,2,lane_control_bit,8,1564.0,1638.0,1712.0,1712.0,148.0,148.0
seed2-robust,robust,control_fanout_spread,idelay_data_cntvaluein,lane1,,2,lane_control_bit,8,1065.0,1159.0,1243.0,1243.0,178.0,178.0
seed3-pass,pass,control_fanout_spread,idelay_data_cntvaluein,lane1,,2,lane_control_bit,8,1212.0,1546.0,1648.0,1648.0,436.0,436.0
seed4-pass,pass,control_fanout_spread,idelay_data_cntvaluein,lane1,,2,lane_control_bit,8,1123.0,1364.5,1669.0,1669.0,546.0,546.0
seed5-pass,pass,control_fanout_spread,idelay_data_cntvaluein,lane1,,2,lane_control_bit,8,1070.0,1221.5,1330.0,1330.0,260.0,260.0
seed1-fail,fail,control_fanout_spread,idelay_data_cntvaluein,lane1,,3,lane_control_bit,8,1832.0,1944.5,2145.0,2145.0,313.0,313.0
seed1-no-tmdriv,no_tmdriv,control_fanout_spread,idelay_data_cntvaluein,lane1,,3,lane_control_bit,8,1200.0,1309.0,1458.0,1458.0,258.0,258.0
seed1-reset-locks-only,reset_locks_only,control_fanout_spread,idelay_data_cntvaluein,lane1,,3,lane_control_bit,8,1162.0,1255.5,1350.0,1350.0,188.0,188.0
seed1-robust,robust,control_fanout_spread,idelay_data_cntvaluein,lane1,,3,lane_control_bit,8,1366.0,1525.5,1702.0,1702.0,336.0,336.0
seed2-fail,fail,control_fanout_spread,idelay_data_cntvaluein,lane1,,3,lane_control_bit,8,1161.0,1557.0,1853.0,1853.0,692.0,692.0
seed2-no-tmdriv,no_tmdriv,control_fanout_spread,idelay_data_cntvaluein,lane1,,3,lane_control_bit,8,1085.0,1192.5,1347.0,1347.0,262.0,262.0
seed2-reset-locks-only,reset_locks_only,control_fanout_spread,idelay_data_cntvaluein,lane1,,3,lane_control_bit,8,1651.0,1854.0,1958.0,1958.0,307.0,307.0
seed2-robust,robust,control_fanout_spread,idelay_data_cntvaluein,lane1,,3,lane_control_bit,8,1133.0,1476.5,1768.0,1768.0,635.0,635.0
seed3-pass,pass,control_fanout_spread,idelay_data_cntvaluein,lane1,,3,lane_control_bit,8,1157.0,1324.0,1439.0,1439.0,282.0,282.0
seed4-pass,pass,control_fanout_spread,idelay_data_cntvaluein,lane1,,3,lane_control_bit,8,1351.0,1586.5,1679.0,1679.0,328.0,328.0
seed5-pass,pass,control_fanout_spread,idelay_data_cntvaluein,lane1,,3,lane_control_bit,8,1192.0,1336.0,1518.0,1518.0,326.0,326.0
seed1-fail,fail,control_fanout_spread,idelay_data_cntvaluein,lane1,,4,lane_control_bit,8,1539.0,1687.5,1976.0,1976.0,437.0,437.0
seed1-no-tmdriv,no_tmdriv,control_fanout_spread,idelay_data_cntvaluein,lane1,,4,lane_control_bit,8,1144.0,1377.0,1590.0,1590.0,446.0,446.0
seed1-reset-locks-only,reset_locks_only,control_fanout_spread,idelay_data_cntvaluein,lane1,,4,lane_control_bit,8,1157.0,1442.0,1636.0,1636.0,479.0,479.0
seed1-robust,robust,control_fanout_spread,idelay_data_cntvaluein,lane1,,4,lane_control_bit,8,2118.0,2268.0,2316.0,2316.0,198.0,198.0
seed2-fail,fail,control_fanout_spread,idelay_data_cntvaluein,lane1,,4,lane_control_bit,8,1149.0,1330.0,1509.0,1509.0,360.0,360.0
seed2-no-tmdriv,no_tmdriv,control_fanout_spread,idelay_data_cntvaluein,lane1,,4,lane_control_bit,8,1302.0,1559.5,1901.0,1901.0,599.0,599.0
seed2-reset-locks-only,reset_locks_only,control_fanout_spread,idelay_data_cntvaluein,lane1,,4,lane_control_bit,8,1784.0,2012.5,2108.0,2108.0,324.0,324.0
seed2-robust,robust,control_fanout_spread,idelay_data_cntvaluein,lane1,,4,lane_control_bit,8,1225.0,1597.0,1656.0,1656.0,431.0,431.0
seed3-pass,pass,control_fanout_spread,idelay_data_cntvaluein,lane1,,4,lane_control_bit,8,1309.0,1525.5,1889.0,1889.0,580.0,580.0
seed4-pass,pass,control_fanout_spread,idelay_data_cntvaluein,lane1,,4,lane_control_bit,8,1554.0,1689.5,1866.0,1866.0,312.0,312.0
seed5-pass,pass,control_fanout_spread,idelay_data_cntvaluein,lane1,,4,lane_control_bit,8,1240.0,1635.0,2023.0,2023.0,783.0,783.0
seed1-fail,fail,control_fanout_spread,idelay_dqs_cntvaluein,lane0,,0,lane_control_bit,1,1748.0,1748.0,1748.0,1748.0,0.0,0.0
seed1-no-tmdriv,no_tmdriv,control_fanout_spread,idelay_dqs_cntvaluein,lane0,,0,lane_control_bit,1,2125.0,2125.0,2125.0,2125.0,0.0,0.0
seed1-reset-locks-only,reset_locks_only,control_fanout_spread,idelay_dqs_cntvaluein,lane0,,0,lane_control_bit,1,1075.0,1075.0,1075.0,1075.0,0.0,0.0
seed1-robust,robust,control_fanout_spread,idelay_dqs_cntvaluein,lane0,,0,lane_control_bit,1,1626.0,1626.0,1626.0,1626.0,0.0,0.0
seed2-fail,fail,control_fanout_spread,idelay_dqs_cntvaluein,lane0,,0,lane_control_bit,1,1159.0,1159.0,1159.0,1159.0,0.0,0.0
seed2-no-tmdriv,no_tmdriv,control_fanout_spread,idelay_dqs_cntvaluein,lane0,,0,lane_control_bit,1,1363.0,1363.0,1363.0,1363.0,0.0,0.0
seed2-reset-locks-only,reset_locks_only,control_fanout_spread,idelay_dqs_cntvaluein,lane0,,0,lane_control_bit,1,1718.0,1718.0,1718.0,1718.0,0.0,0.0
seed2-robust,robust,control_fanout_spread,idelay_dqs_cntvaluein,lane0,,0,lane_control_bit,1,1350.0,1350.0,1350.0,1350.0,0.0,0.0
seed3-pass,pass,control_fanout_spread,idelay_dqs_cntvaluein,lane0,,0,lane_control_bit,1,1830.0,1830.0,1830.0,1830.0,0.0,0.0
seed4-pass,pass,control_fanout_spread,idelay_dqs_cntvaluein,lane0,,0,lane_control_bit,1,1159.0,1159.0,1159.0,1159.0,0.0,0.0
seed5-pass,pass,control_fanout_spread,idelay_dqs_cntvaluein,lane0,,0,lane_control_bit,1,1523.0,1523.0,1523.0,1523.0,0.0,0.0
seed1-fail,fail,control_fanout_spread,idelay_dqs_cntvaluein,lane0,,1,lane_control_bit,1,1501.0,1501.0,1501.0,1501.0,0.0,0.0
seed1-no-tmdriv,no_tmdriv,control_fanout_spread,idelay_dqs_cntvaluein,lane0,,1,lane_control_bit,1,1988.0,1988.0,1988.0,1988.0,0.0,0.0
seed1-reset-locks-only,reset_locks_only,control_fanout_spread,idelay_dqs_cntvaluein,lane0,,1,lane_control_bit,1,1235.0,1235.0,1235.0,1235.0,0.0,0.0
seed1-robust,robust,control_fanout_spread,idelay_dqs_cntvaluein,lane0,,1,lane_control_bit,1,1787.0,1787.0,1787.0,1787.0,0.0,0.0
seed2-fail,fail,control_fanout_spread,idelay_dqs_cntvaluein,lane0,,1,lane_control_bit,1,1373.0,1373.0,1373.0,1373.0,0.0,0.0
seed2-no-tmdriv,no_tmdriv,control_fanout_spread,idelay_dqs_cntvaluein,lane0,,1,lane_control_bit,1,1375.0,1375.0,1375.0,1375.0,0.0,0.0
seed2-reset-locks-only,reset_locks_only,control_fanout_spread,idelay_dqs_cntvaluein,lane0,,1,lane_control_bit,1,2163.0,2163.0,2163.0,2163.0,0.0,0.0
seed2-robust,robust,control_fanout_spread,idelay_dqs_cntvaluein,lane0,,1,lane_control_bit,1,1687.0,1687.0,1687.0,1687.0,0.0,0.0
seed3-pass,pass,control_fanout_spread,idelay_dqs_cntvaluein,lane0,,1,lane_control_bit,1,1970.0,1970.0,1970.0,1970.0,0.0,0.0
seed4-pass,pass,control_fanout_spread,idelay_dqs_cntvaluein,lane0,,1,lane_control_bit,1,1404.0,1404.0,1404.0,1404.0,0.0,0.0
seed5-pass,pass,control_fanout_spread,idelay_dqs_cntvaluein,lane0,,1,lane_control_bit,1,1460.0,1460.0,1460.0,1460.0,0.0,0.0
seed1-fail,fail,control_fanout_spread,idelay_dqs_cntvaluein,lane0,,2,lane_control_bit,1,2038.0,2038.0,2038.0,2038.0,0.0,0.0
seed1-no-tmdriv,no_tmdriv,control_fanout_spread,idelay_dqs_cntvaluein,lane0,,2,lane_control_bit,1,1529.0,1529.0,1529.0,1529.0,0.0,0.0
seed1-reset-locks-only,reset_locks_only,control_fanout_spread,idelay_dqs_cntvaluein,lane0,,2,lane_control_bit,1,1822.0,1822.0,1822.0,1822.0,0.0,0.0
seed1-robust,robust,control_fanout_spread,idelay_dqs_cntvaluein,lane0,,2,lane_control_bit,1,1940.0,1940.0,1940.0,1940.0,0.0,0.0
seed2-fail,fail,control_fanout_spread,idelay_dqs_cntvaluein,lane0,,2,lane_control_bit,1,1587.0,1587.0,1587.0,1587.0,0.0,0.0
seed2-no-tmdriv,no_tmdriv,control_fanout_spread,idelay_dqs_cntvaluein,lane0,,2,lane_control_bit,1,1613.0,1613.0,1613.0,1613.0,0.0,0.0
seed2-reset-locks-only,reset_locks_only,control_fanout_spread,idelay_dqs_cntvaluein,lane0,,2,lane_control_bit,1,1496.0,1496.0,1496.0,1496.0,0.0,0.0
seed2-robust,robust,control_fanout_spread,idelay_dqs_cntvaluein,lane0,,2,lane_control_bit,1,1572.0,1572.0,1572.0,1572.0,0.0,0.0
seed3-pass,pass,control_fanout_spread,idelay_dqs_cntvaluein,lane0,,2,lane_control_bit,1,1376.0,1376.0,1376.0,1376.0,0.0,0.0
seed4-pass,pass,control_fanout_spread,idelay_dqs_cntvaluein,lane0,,2,lane_control_bit,1,1274.0,1274.0,1274.0,1274.0,0.0,0.0
seed5-pass,pass,control_fanout_spread,idelay_dqs_cntvaluein,lane0,,2,lane_control_bit,1,1447.0,1447.0,1447.0,1447.0,0.0,0.0
seed1-fail,fail,control_fanout_spread,idelay_dqs_cntvaluein,lane0,,3,lane_control_bit,1,1564.0,1564.0,1564.0,1564.0,0.0,0.0
seed1-no-tmdriv,no_tmdriv,control_fanout_spread,idelay_dqs_cntvaluein,lane0,,3,lane_control_bit,1,1296.0,1296.0,1296.0,1296.0,0.0,0.0
seed1-reset-locks-only,reset_locks_only,control_fanout_spread,idelay_dqs_cntvaluein,lane0,,3,lane_control_bit,1,1838.0,1838.0,1838.0,1838.0,0.0,0.0
seed1-robust,robust,control_fanout_spread,idelay_dqs_cntvaluein,lane0,,3,lane_control_bit,1,1776.0,1776.0,1776.0,1776.0,0.0,0.0
seed2-fail,fail,control_fanout_spread,idelay_dqs_cntvaluein,lane0,,3,lane_control_bit,1,1544.0,1544.0,1544.0,1544.0,0.0,0.0
seed2-no-tmdriv,no_tmdriv,control_fanout_spread,idelay_dqs_cntvaluein,lane0,,3,lane_control_bit,1,1195.0,1195.0,1195.0,1195.0,0.0,0.0
seed2-reset-locks-only,reset_locks_only,control_fanout_spread,idelay_dqs_cntvaluein,lane0,,3,lane_control_bit,1,2088.0,2088.0,2088.0,2088.0,0.0,0.0
seed2-robust,robust,control_fanout_spread,idelay_dqs_cntvaluein,lane0,,3,lane_control_bit,1,1554.0,1554.0,1554.0,1554.0,0.0,0.0
seed3-pass,pass,control_fanout_spread,idelay_dqs_cntvaluein,lane0,,3,lane_control_bit,1,1636.0,1636.0,1636.0,1636.0,0.0,0.0
seed4-pass,pass,control_fanout_spread,idelay_dqs_cntvaluein,lane0,,3,lane_control_bit,1,1355.0,1355.0,1355.0,1355.0,0.0,0.0
seed5-pass,pass,control_fanout_spread,idelay_dqs_cntvaluein,lane0,,3,lane_control_bit,1,1850.0,1850.0,1850.0,1850.0,0.0,0.0
seed1-fail,fail,control_fanout_spread,idelay_dqs_cntvaluein,lane0,,4,lane_control_bit,1,2233.0,2233.0,2233.0,2233.0,0.0,0.0
seed1-no-tmdriv,no_tmdriv,control_fanout_spread,idelay_dqs_cntvaluein,lane0,,4,lane_control_bit,1,2450.0,2450.0,2450.0,2450.0,0.0,0.0
seed1-reset-locks-only,reset_locks_only,control_fanout_spread,idelay_dqs_cntvaluein,lane0,,4,lane_control_bit,1,1901.0,1901.0,1901.0,1901.0,0.0,0.0
seed1-robust,robust,control_fanout_spread,idelay_dqs_cntvaluein,lane0,,4,lane_control_bit,1,1358.0,1358.0,1358.0,1358.0,0.0,0.0
seed2-fail,fail,control_fanout_spread,idelay_dqs_cntvaluein,lane0,,4,lane_control_bit,1,1952.0,1952.0,1952.0,1952.0,0.0,0.0
seed2-no-tmdriv,no_tmdriv,control_fanout_spread,idelay_dqs_cntvaluein,lane0,,4,lane_control_bit,1,1684.0,1684.0,1684.0,1684.0,0.0,0.0
seed2-reset-locks-only,reset_locks_only,control_fanout_spread,idelay_dqs_cntvaluein,lane0,,4,lane_control_bit,1,2164.0,2164.0,2164.0,2164.0,0.0,0.0
seed2-robust,robust,control_fanout_spread,idelay_dqs_cntvaluein,lane0,,4,lane_control_bit,1,1328.0,1328.0,1328.0,1328.0,0.0,0.0
seed3-pass,pass,control_fanout_spread,idelay_dqs_cntvaluein,lane0,,4,lane_control_bit,1,1350.0,1350.0,1350.0,1350.0,0.0,0.0
seed4-pass,pass,control_fanout_spread,idelay_dqs_cntvaluein,lane0,,4,lane_control_bit,1,1333.0,1333.0,1333.0,1333.0,0.0,0.0
seed5-pass,pass,control_fanout_spread,idelay_dqs_cntvaluein,lane0,,4,lane_control_bit,1,1623.0,1623.0,1623.0,1623.0,0.0,0.0
seed1-fail,fail,control_fanout_spread,idelay_dqs_cntvaluein,lane1,,0,lane_control_bit,1,1567.0,1567.0,1567.0,1567.0,0.0,0.0
seed1-no-tmdriv,no_tmdriv,control_fanout_spread,idelay_dqs_cntvaluein,lane1,,0,lane_control_bit,1,1911.0,1911.0,1911.0,1911.0,0.0,0.0
seed1-reset-locks-only,reset_locks_only,control_fanout_spread,idelay_dqs_cntvaluein,lane1,,0,lane_control_bit,1,870.0,870.0,870.0,870.0,0.0,0.0
seed1-robust,robust,control_fanout_spread,idelay_dqs_cntvaluein,lane1,,0,lane_control_bit,1,1455.0,1455.0,1455.0,1455.0,0.0,0.0
seed2-fail,fail,control_fanout_spread,idelay_dqs_cntvaluein,lane1,,0,lane_control_bit,1,804.0,804.0,804.0,804.0,0.0,0.0
seed2-no-tmdriv,no_tmdriv,control_fanout_spread,idelay_dqs_cntvaluein,lane1,,0,lane_control_bit,1,1085.0,1085.0,1085.0,1085.0,0.0,0.0
seed2-reset-locks-only,reset_locks_only,control_fanout_spread,idelay_dqs_cntvaluein,lane1,,0,lane_control_bit,1,1417.0,1417.0,1417.0,1417.0,0.0,0.0
seed2-robust,robust,control_fanout_spread,idelay_dqs_cntvaluein,lane1,,0,lane_control_bit,1,1093.0,1093.0,1093.0,1093.0,0.0,0.0
seed3-pass,pass,control_fanout_spread,idelay_dqs_cntvaluein,lane1,,0,lane_control_bit,1,1468.0,1468.0,1468.0,1468.0,0.0,0.0
seed4-pass,pass,control_fanout_spread,idelay_dqs_cntvaluein,lane1,,0,lane_control_bit,1,962.0,962.0,962.0,962.0,0.0,0.0
seed5-pass,pass,control_fanout_spread,idelay_dqs_cntvaluein,lane1,,0,lane_control_bit,1,1245.0,1245.0,1245.0,1245.0,0.0,0.0
seed1-fail,fail,control_fanout_spread,idelay_dqs_cntvaluein,lane1,,1,lane_control_bit,1,1077.0,1077.0,1077.0,1077.0,0.0,0.0
seed1-no-tmdriv,no_tmdriv,control_fanout_spread,idelay_dqs_cntvaluein,lane1,,1,lane_control_bit,1,1731.0,1731.0,1731.0,1731.0,0.0,0.0
seed1-reset-locks-only,reset_locks_only,control_fanout_spread,idelay_dqs_cntvaluein,lane1,,1,lane_control_bit,1,880.0,880.0,880.0,880.0,0.0,0.0
seed1-robust,robust,control_fanout_spread,idelay_dqs_cntvaluein,lane1,,1,lane_control_bit,1,1511.0,1511.0,1511.0,1511.0,0.0,0.0
seed2-fail,fail,control_fanout_spread,idelay_dqs_cntvaluein,lane1,,1,lane_control_bit,1,1149.0,1149.0,1149.0,1149.0,0.0,0.0
seed2-no-tmdriv,no_tmdriv,control_fanout_spread,idelay_dqs_cntvaluein,lane1,,1,lane_control_bit,1,1174.0,1174.0,1174.0,1174.0,0.0,0.0
seed2-reset-locks-only,reset_locks_only,control_fanout_spread,idelay_dqs_cntvaluein,lane1,,1,lane_control_bit,1,1697.0,1697.0,1697.0,1697.0,0.0,0.0
seed2-robust,robust,control_fanout_spread,idelay_dqs_cntvaluein,lane1,,1,lane_control_bit,1,1365.0,1365.0,1365.0,1365.0,0.0,0.0
seed3-pass,pass,control_fanout_spread,idelay_dqs_cntvaluein,lane1,,1,lane_control_bit,1,1674.0,1674.0,1674.0,1674.0,0.0,0.0
seed4-pass,pass,control_fanout_spread,idelay_dqs_cntvaluein,lane1,,1,lane_control_bit,1,1116.0,1116.0,1116.0,1116.0,0.0,0.0
seed5-pass,pass,control_fanout_spread,idelay_dqs_cntvaluein,lane1,,1,lane_control_bit,1,1182.0,1182.0,1182.0,1182.0,0.0,0.0
seed1-fail,fail,control_fanout_spread,idelay_dqs_cntvaluein,lane1,,2,lane_control_bit,1,1726.0,1726.0,1726.0,1726.0,0.0,0.0
seed1-no-tmdriv,no_tmdriv,control_fanout_spread,idelay_dqs_cntvaluein,lane1,,2,lane_control_bit,1,1348.0,1348.0,1348.0,1348.0,0.0,0.0
seed1-reset-locks-only,reset_locks_only,control_fanout_spread,idelay_dqs_cntvaluein,lane1,,2,lane_control_bit,1,1460.0,1460.0,1460.0,1460.0,0.0,0.0
seed1-robust,robust,control_fanout_spread,idelay_dqs_cntvaluein,lane1,,2,lane_control_bit,1,1702.0,1702.0,1702.0,1702.0,0.0,0.0
seed2-fail,fail,control_fanout_spread,idelay_dqs_cntvaluein,lane1,,2,lane_control_bit,1,1309.0,1309.0,1309.0,1309.0,0.0,0.0
seed2-no-tmdriv,no_tmdriv,control_fanout_spread,idelay_dqs_cntvaluein,lane1,,2,lane_control_bit,1,1299.0,1299.0,1299.0,1299.0,0.0,0.0
seed2-reset-locks-only,reset_locks_only,control_fanout_spread,idelay_dqs_cntvaluein,lane1,,2,lane_control_bit,1,1475.0,1475.0,1475.0,1475.0,0.0,0.0
seed2-robust,robust,control_fanout_spread,idelay_dqs_cntvaluein,lane1,,2,lane_control_bit,1,1254.0,1254.0,1254.0,1254.0,0.0,0.0
seed3-pass,pass,control_fanout_spread,idelay_dqs_cntvaluein,lane1,,2,lane_control_bit,1,1103.0,1103.0,1103.0,1103.0,0.0,0.0
seed4-pass,pass,control_fanout_spread,idelay_dqs_cntvaluein,lane1,,2,lane_control_bit,1,1008.0,1008.0,1008.0,1008.0,0.0,0.0
seed5-pass,pass,control_fanout_spread,idelay_dqs_cntvaluein,lane1,,2,lane_control_bit,1,1169.0,1169.0,1169.0,1169.0,0.0,0.0
seed1-fail,fail,control_fanout_spread,idelay_dqs_cntvaluein,lane1,,3,lane_control_bit,1,1360.0,1360.0,1360.0,1360.0,0.0,0.0
seed1-no-tmdriv,no_tmdriv,control_fanout_spread,idelay_dqs_cntvaluein,lane1,,3,lane_control_bit,1,1348.0,1348.0,1348.0,1348.0,0.0,0.0
seed1-reset-locks-only,reset_locks_only,control_fanout_spread,idelay_dqs_cntvaluein,lane1,,3,lane_control_bit,1,1388.0,1388.0,1388.0,1388.0,0.0,0.0
seed1-robust,robust,control_fanout_spread,idelay_dqs_cntvaluein,lane1,,3,lane_control_bit,1,1414.0,1414.0,1414.0,1414.0,0.0,0.0
seed2-fail,fail,control_fanout_spread,idelay_dqs_cntvaluein,lane1,,3,lane_control_bit,1,1268.0,1268.0,1268.0,1268.0,0.0,0.0
seed2-no-tmdriv,no_tmdriv,control_fanout_spread,idelay_dqs_cntvaluein,lane1,,3,lane_control_bit,1,1180.0,1180.0,1180.0,1180.0,0.0,0.0
seed2-reset-locks-only,reset_locks_only,control_fanout_spread,idelay_dqs_cntvaluein,lane1,,3,lane_control_bit,1,1815.0,1815.0,1815.0,1815.0,0.0,0.0
seed2-robust,robust,control_fanout_spread,idelay_dqs_cntvaluein,lane1,,3,lane_control_bit,1,1156.0,1156.0,1156.0,1156.0,0.0,0.0
seed3-pass,pass,control_fanout_spread,idelay_dqs_cntvaluein,lane1,,3,lane_control_bit,1,1194.0,1194.0,1194.0,1194.0,0.0,0.0
seed4-pass,pass,control_fanout_spread,idelay_dqs_cntvaluein,lane1,,3,lane_control_bit,1,921.0,921.0,921.0,921.0,0.0,0.0
seed5-pass,pass,control_fanout_spread,idelay_dqs_cntvaluein,lane1,,3,lane_control_bit,1,1376.0,1376.0,1376.0,1376.0,0.0,0.0
seed1-fail,fail,control_fanout_spread,idelay_dqs_cntvaluein,lane1,,4,lane_control_bit,1,1792.0,1792.0,1792.0,1792.0,0.0,0.0
seed1-no-tmdriv,no_tmdriv,control_fanout_spread,idelay_dqs_cntvaluein,lane1,,4,lane_control_bit,1,1963.0,1963.0,1963.0,1963.0,0.0,0.0
seed1-reset-locks-only,reset_locks_only,control_fanout_spread,idelay_dqs_cntvaluein,lane1,,4,lane_control_bit,1,1491.0,1491.0,1491.0,1491.0,0.0,0.0
seed1-robust,robust,control_fanout_spread,idelay_dqs_cntvaluein,lane1,,4,lane_control_bit,1,1215.0,1215.0,1215.0,1215.0,0.0,0.0
seed2-fail,fail,control_fanout_spread,idelay_dqs_cntvaluein,lane1,,4,lane_control_bit,1,1427.0,1427.0,1427.0,1427.0,0.0,0.0
seed2-no-tmdriv,no_tmdriv,control_fanout_spread,idelay_dqs_cntvaluein,lane1,,4,lane_control_bit,1,1296.0,1296.0,1296.0,1296.0,0.0,0.0
seed2-reset-locks-only,reset_locks_only,control_fanout_spread,idelay_dqs_cntvaluein,lane1,,4,lane_control_bit,1,1896.0,1896.0,1896.0,1896.0,0.0,0.0
seed2-robust,robust,control_fanout_spread,idelay_dqs_cntvaluein,lane1,,4,lane_control_bit,1,1125.0,1125.0,1125.0,1125.0,0.0,0.0
seed3-pass,pass,control_fanout_spread,idelay_dqs_cntvaluein,lane1,,4,lane_control_bit,1,1271.0,1271.0,1271.0,1271.0,0.0,0.0
seed4-pass,pass,control_fanout_spread,idelay_dqs_cntvaluein,lane1,,4,lane_control_bit,1,1271.0,1271.0,1271.0,1271.0,0.0,0.0
seed5-pass,pass,control_fanout_spread,idelay_dqs_cntvaluein,lane1,,4,lane_control_bit,1,1348.0,1348.0,1348.0,1348.0,0.0,0.0
seed1-fail,fail,direct_max,clocking,all,,,endpoint,1919,119.0,1110.0,1179.0,5159.0,5040.0,5159.0
seed1-no-tmdriv,no_tmdriv,direct_max,clocking,all,,,endpoint,1920,119.0,1110.0,1179.0,6494.0,6375.0,6494.0
seed1-reset-locks-only,reset_locks_only,direct_max,clocking,all,,,endpoint,1919,119.0,1110.0,1179.0,5579.0,5460.0,5579.0
seed1-robust,robust,direct_max,clocking,all,,,endpoint,1919,119.0,1110.0,1179.0,5985.0,5866.0,5985.0
seed2-fail,fail,direct_max,clocking,all,,,endpoint,1920,119.0,1110.0,1179.0,6914.0,6795.0,6914.0
seed2-no-tmdriv,no_tmdriv,direct_max,clocking,all,,,endpoint,1920,119.0,1110.0,1179.0,7050.0,6931.0,7050.0
seed2-reset-locks-only,reset_locks_only,direct_max,clocking,all,,,endpoint,1919,119.0,1110.0,1179.0,5460.0,5341.0,5460.0
seed2-robust,robust,direct_max,clocking,all,,,endpoint,1919,119.0,1110.0,1179.0,5519.0,5400.0,5519.0
seed3-pass,pass,direct_max,clocking,all,,,endpoint,1921,119.0,1110.0,1179.0,6855.0,6736.0,6855.0
seed4-pass,pass,direct_max,clocking,all,,,endpoint,1919,119.0,1110.0,1179.0,5429.0,5310.0,5429.0
seed5-pass,pass,direct_max,clocking,all,,,endpoint,1920,119.0,1110.0,1179.0,6824.0,6705.0,6824.0
seed1-fail,fail,direct_max,clocking,lane0,dq0,,endpoint,6,1179.0,1279.0,1314.0,1314.0,135.0,1314.0
seed1-no-tmdriv,no_tmdriv,direct_max,clocking,lane0,dq0,,endpoint,6,1179.0,1279.0,1314.0,1314.0,135.0,1314.0
seed1-reset-locks-only,reset_locks_only,direct_max,clocking,lane0,dq0,,endpoint,6,1179.0,1279.0,1314.0,1314.0,135.0,1314.0
seed1-robust,robust,direct_max,clocking,lane0,dq0,,endpoint,6,1179.0,1279.0,1314.0,1314.0,135.0,1314.0
seed2-fail,fail,direct_max,clocking,lane0,dq0,,endpoint,6,1179.0,1279.0,1314.0,1314.0,135.0,1314.0
seed2-no-tmdriv,no_tmdriv,direct_max,clocking,lane0,dq0,,endpoint,6,1179.0,1279.0,1314.0,1314.0,135.0,1314.0
seed2-reset-locks-only,reset_locks_only,direct_max,clocking,lane0,dq0,,endpoint,6,1179.0,1279.0,1314.0,1314.0,135.0,1314.0
seed2-robust,robust,direct_max,clocking,lane0,dq0,,endpoint,6,1179.0,1279.0,1314.0,1314.0,135.0,1314.0
seed3-pass,pass,direct_max,clocking,lane0,dq0,,endpoint,6,1179.0,1279.0,1314.0,1314.0,135.0,1314.0
seed4-pass,pass,direct_max,clocking,lane0,dq0,,endpoint,6,1179.0,1279.0,1314.0,1314.0,135.0,1314.0
seed5-pass,pass,direct_max,clocking,lane0,dq0,,endpoint,6,1179.0,1279.0,1314.0,1314.0,135.0,1314.0
seed1-fail,fail,direct_max,clocking,lane0,dq1,,endpoint,6,1179.0,1279.0,1314.0,1314.0,135.0,1314.0
seed1-no-tmdriv,no_tmdriv,direct_max,clocking,lane0,dq1,,endpoint,6,1179.0,1279.0,1314.0,1314.0,135.0,1314.0
seed1-reset-locks-only,reset_locks_only,direct_max,clocking,lane0,dq1,,endpoint,6,1179.0,1279.0,1314.0,1314.0,135.0,1314.0
seed1-robust,robust,direct_max,clocking,lane0,dq1,,endpoint,6,1179.0,1279.0,1314.0,1314.0,135.0,1314.0
seed2-fail,fail,direct_max,clocking,lane0,dq1,,endpoint,6,1179.0,1279.0,1314.0,1314.0,135.0,1314.0
seed2-no-tmdriv,no_tmdriv,direct_max,clocking,lane0,dq1,,endpoint,6,1179.0,1279.0,1314.0,1314.0,135.0,1314.0
seed2-reset-locks-only,reset_locks_only,direct_max,clocking,lane0,dq1,,endpoint,6,1179.0,1279.0,1314.0,1314.0,135.0,1314.0
seed2-robust,robust,direct_max,clocking,lane0,dq1,,endpoint,6,1179.0,1279.0,1314.0,1314.0,135.0,1314.0
seed3-pass,pass,direct_max,clocking,lane0,dq1,,endpoint,6,1179.0,1279.0,1314.0,1314.0,135.0,1314.0
seed4-pass,pass,direct_max,clocking,lane0,dq1,,endpoint,6,1179.0,1279.0,1314.0,1314.0,135.0,1314.0
seed5-pass,pass,direct_max,clocking,lane0,dq1,,endpoint,6,1179.0,1279.0,1314.0,1314.0,135.0,1314.0
seed1-fail,fail,direct_max,clocking,lane0,dq2,,endpoint,6,1179.0,1279.0,1314.0,1314.0,135.0,1314.0
seed1-no-tmdriv,no_tmdriv,direct_max,clocking,lane0,dq2,,endpoint,6,1179.0,1279.0,1314.0,1314.0,135.0,1314.0
seed1-reset-locks-only,reset_locks_only,direct_max,clocking,lane0,dq2,,endpoint,6,1179.0,1279.0,1314.0,1314.0,135.0,1314.0
seed1-robust,robust,direct_max,clocking,lane0,dq2,,endpoint,6,1179.0,1279.0,1314.0,1314.0,135.0,1314.0
seed2-fail,fail,direct_max,clocking,lane0,dq2,,endpoint,6,1179.0,1279.0,1314.0,1314.0,135.0,1314.0
seed2-no-tmdriv,no_tmdriv,direct_max,clocking,lane0,dq2,,endpoint,6,1179.0,1279.0,1314.0,1314.0,135.0,1314.0
seed2-reset-locks-only,reset_locks_only,direct_max,clocking,lane0,dq2,,endpoint,6,1179.0,1279.0,1314.0,1314.0,135.0,1314.0
seed2-robust,robust,direct_max,clocking,lane0,dq2,,endpoint,6,1179.0,1279.0,1314.0,1314.0,135.0,1314.0
seed3-pass,pass,direct_max,clocking,lane0,dq2,,endpoint,6,1179.0,1279.0,1314.0,1314.0,135.0,1314.0
seed4-pass,pass,direct_max,clocking,lane0,dq2,,endpoint,6,1179.0,1279.0,1314.0,1314.0,135.0,1314.0
seed5-pass,pass,direct_max,clocking,lane0,dq2,,endpoint,6,1179.0,1279.0,1314.0,1314.0,135.0,1314.0
seed1-fail,fail,direct_max,clocking,lane0,dq3,,endpoint,6,1179.0,1279.0,1314.0,1314.0,135.0,1314.0
seed1-no-tmdriv,no_tmdriv,direct_max,clocking,lane0,dq3,,endpoint,6,1179.0,1279.0,1314.0,1314.0,135.0,1314.0
seed1-reset-locks-only,reset_locks_only,direct_max,clocking,lane0,dq3,,endpoint,6,1179.0,1279.0,1314.0,1314.0,135.0,1314.0
seed1-robust,robust,direct_max,clocking,lane0,dq3,,endpoint,6,1179.0,1279.0,1314.0,1314.0,135.0,1314.0
seed2-fail,fail,direct_max,clocking,lane0,dq3,,endpoint,6,1179.0,1279.0,1314.0,1314.0,135.0,1314.0
seed2-no-tmdriv,no_tmdriv,direct_max,clocking,lane0,dq3,,endpoint,6,1179.0,1279.0,1314.0,1314.0,135.0,1314.0
seed2-reset-locks-only,reset_locks_only,direct_max,clocking,lane0,dq3,,endpoint,6,1179.0,1279.0,1314.0,1314.0,135.0,1314.0
seed2-robust,robust,direct_max,clocking,lane0,dq3,,endpoint,6,1179.0,1279.0,1314.0,1314.0,135.0,1314.0
seed3-pass,pass,direct_max,clocking,lane0,dq3,,endpoint,6,1179.0,1279.0,1314.0,1314.0,135.0,1314.0
seed4-pass,pass,direct_max,clocking,lane0,dq3,,endpoint,6,1179.0,1279.0,1314.0,1314.0,135.0,1314.0
seed5-pass,pass,direct_max,clocking,lane0,dq3,,endpoint,6,1179.0,1279.0,1314.0,1314.0,135.0,1314.0
seed1-fail,fail,direct_max,clocking,lane0,dq4,,endpoint,6,1179.0,1279.0,1314.0,1314.0,135.0,1314.0
seed1-no-tmdriv,no_tmdriv,direct_max,clocking,lane0,dq4,,endpoint,6,1179.0,1279.0,1314.0,1314.0,135.0,1314.0
seed1-reset-locks-only,reset_locks_only,direct_max,clocking,lane0,dq4,,endpoint,6,1179.0,1279.0,1314.0,1314.0,135.0,1314.0
seed1-robust,robust,direct_max,clocking,lane0,dq4,,endpoint,6,1179.0,1279.0,1314.0,1314.0,135.0,1314.0
seed2-fail,fail,direct_max,clocking,lane0,dq4,,endpoint,6,1179.0,1279.0,1314.0,1314.0,135.0,1314.0
seed2-no-tmdriv,no_tmdriv,direct_max,clocking,lane0,dq4,,endpoint,6,1179.0,1279.0,1314.0,1314.0,135.0,1314.0
seed2-reset-locks-only,reset_locks_only,direct_max,clocking,lane0,dq4,,endpoint,6,1179.0,1279.0,1314.0,1314.0,135.0,1314.0
seed2-robust,robust,direct_max,clocking,lane0,dq4,,endpoint,6,1179.0,1279.0,1314.0,1314.0,135.0,1314.0
seed3-pass,pass,direct_max,clocking,lane0,dq4,,endpoint,6,1179.0,1279.0,1314.0,1314.0,135.0,1314.0
seed4-pass,pass,direct_max,clocking,lane0,dq4,,endpoint,6,1179.0,1279.0,1314.0,1314.0,135.0,1314.0
seed5-pass,pass,direct_max,clocking,lane0,dq4,,endpoint,6,1179.0,1279.0,1314.0,1314.0,135.0,1314.0
seed1-fail,fail,direct_max,clocking,lane0,dq5,,endpoint,6,1179.0,1279.0,1314.0,1314.0,135.0,1314.0
seed1-no-tmdriv,no_tmdriv,direct_max,clocking,lane0,dq5,,endpoint,6,1179.0,1279.0,1314.0,1314.0,135.0,1314.0
seed1-reset-locks-only,reset_locks_only,direct_max,clocking,lane0,dq5,,endpoint,6,1179.0,1279.0,1314.0,1314.0,135.0,1314.0
seed1-robust,robust,direct_max,clocking,lane0,dq5,,endpoint,6,1179.0,1279.0,1314.0,1314.0,135.0,1314.0
seed2-fail,fail,direct_max,clocking,lane0,dq5,,endpoint,6,1179.0,1279.0,1314.0,1314.0,135.0,1314.0
seed2-no-tmdriv,no_tmdriv,direct_max,clocking,lane0,dq5,,endpoint,6,1179.0,1279.0,1314.0,1314.0,135.0,1314.0
seed2-reset-locks-only,reset_locks_only,direct_max,clocking,lane0,dq5,,endpoint,6,1179.0,1279.0,1314.0,1314.0,135.0,1314.0
seed2-robust,robust,direct_max,clocking,lane0,dq5,,endpoint,6,1179.0,1279.0,1314.0,1314.0,135.0,1314.0
seed3-pass,pass,direct_max,clocking,lane0,dq5,,endpoint,6,1179.0,1279.0,1314.0,1314.0,135.0,1314.0
seed4-pass,pass,direct_max,clocking,lane0,dq5,,endpoint,6,1179.0,1279.0,1314.0,1314.0,135.0,1314.0
seed5-pass,pass,direct_max,clocking,lane0,dq5,,endpoint,6,1179.0,1279.0,1314.0,1314.0,135.0,1314.0
seed1-fail,fail,direct_max,clocking,lane0,dq6,,endpoint,6,1179.0,1279.0,1314.0,1314.0,135.0,1314.0
seed1-no-tmdriv,no_tmdriv,direct_max,clocking,lane0,dq6,,endpoint,6,1179.0,1279.0,1314.0,1314.0,135.0,1314.0
seed1-reset-locks-only,reset_locks_only,direct_max,clocking,lane0,dq6,,endpoint,6,1179.0,1279.0,1314.0,1314.0,135.0,1314.0
seed1-robust,robust,direct_max,clocking,lane0,dq6,,endpoint,6,1179.0,1279.0,1314.0,1314.0,135.0,1314.0
seed2-fail,fail,direct_max,clocking,lane0,dq6,,endpoint,6,1179.0,1279.0,1314.0,1314.0,135.0,1314.0
seed2-no-tmdriv,no_tmdriv,direct_max,clocking,lane0,dq6,,endpoint,6,1179.0,1279.0,1314.0,1314.0,135.0,1314.0
seed2-reset-locks-only,reset_locks_only,direct_max,clocking,lane0,dq6,,endpoint,6,1179.0,1279.0,1314.0,1314.0,135.0,1314.0
seed2-robust,robust,direct_max,clocking,lane0,dq6,,endpoint,6,1179.0,1279.0,1314.0,1314.0,135.0,1314.0
seed3-pass,pass,direct_max,clocking,lane0,dq6,,endpoint,6,1179.0,1279.0,1314.0,1314.0,135.0,1314.0
seed4-pass,pass,direct_max,clocking,lane0,dq6,,endpoint,6,1179.0,1279.0,1314.0,1314.0,135.0,1314.0
seed5-pass,pass,direct_max,clocking,lane0,dq6,,endpoint,6,1179.0,1279.0,1314.0,1314.0,135.0,1314.0
seed1-fail,fail,direct_max,clocking,lane0,dq7,,endpoint,6,1179.0,1279.0,1314.0,1314.0,135.0,1314.0
seed1-no-tmdriv,no_tmdriv,direct_max,clocking,lane0,dq7,,endpoint,6,1179.0,1279.0,1314.0,1314.0,135.0,1314.0
seed1-reset-locks-only,reset_locks_only,direct_max,clocking,lane0,dq7,,endpoint,6,1179.0,1279.0,1314.0,1314.0,135.0,1314.0
seed1-robust,robust,direct_max,clocking,lane0,dq7,,endpoint,6,1179.0,1279.0,1314.0,1314.0,135.0,1314.0
seed2-fail,fail,direct_max,clocking,lane0,dq7,,endpoint,6,1179.0,1279.0,1314.0,1314.0,135.0,1314.0
seed2-no-tmdriv,no_tmdriv,direct_max,clocking,lane0,dq7,,endpoint,6,1179.0,1279.0,1314.0,1314.0,135.0,1314.0
seed2-reset-locks-only,reset_locks_only,direct_max,clocking,lane0,dq7,,endpoint,6,1179.0,1279.0,1314.0,1314.0,135.0,1314.0
seed2-robust,robust,direct_max,clocking,lane0,dq7,,endpoint,6,1179.0,1279.0,1314.0,1314.0,135.0,1314.0
seed3-pass,pass,direct_max,clocking,lane0,dq7,,endpoint,6,1179.0,1279.0,1314.0,1314.0,135.0,1314.0
seed4-pass,pass,direct_max,clocking,lane0,dq7,,endpoint,6,1179.0,1279.0,1314.0,1314.0,135.0,1314.0
seed5-pass,pass,direct_max,clocking,lane0,dq7,,endpoint,6,1179.0,1279.0,1314.0,1314.0,135.0,1314.0
seed1-fail,fail,direct_max,clocking,lane0,dqs0,,endpoint,5,1179.0,1279.0,1279.0,1279.0,100.0,1279.0
seed1-no-tmdriv,no_tmdriv,direct_max,clocking,lane0,dqs0,,endpoint,5,1179.0,1279.0,1279.0,1279.0,100.0,1279.0
seed1-reset-locks-only,reset_locks_only,direct_max,clocking,lane0,dqs0,,endpoint,5,1179.0,1279.0,1279.0,1279.0,100.0,1279.0
seed1-robust,robust,direct_max,clocking,lane0,dqs0,,endpoint,5,1179.0,1279.0,1279.0,1279.0,100.0,1279.0
seed2-fail,fail,direct_max,clocking,lane0,dqs0,,endpoint,5,1179.0,1279.0,1279.0,1279.0,100.0,1279.0
seed2-no-tmdriv,no_tmdriv,direct_max,clocking,lane0,dqs0,,endpoint,5,1179.0,1279.0,1279.0,1279.0,100.0,1279.0
seed2-reset-locks-only,reset_locks_only,direct_max,clocking,lane0,dqs0,,endpoint,5,1179.0,1279.0,1279.0,1279.0,100.0,1279.0
seed2-robust,robust,direct_max,clocking,lane0,dqs0,,endpoint,5,1179.0,1279.0,1279.0,1279.0,100.0,1279.0
seed3-pass,pass,direct_max,clocking,lane0,dqs0,,endpoint,5,1179.0,1279.0,1279.0,1279.0,100.0,1279.0
seed4-pass,pass,direct_max,clocking,lane0,dqs0,,endpoint,5,1179.0,1279.0,1279.0,1279.0,100.0,1279.0
seed5-pass,pass,direct_max,clocking,lane0,dqs0,,endpoint,5,1179.0,1279.0,1279.0,1279.0,100.0,1279.0
seed1-fail,fail,direct_max,clocking,lane1,dq10,,endpoint,6,1179.0,1279.0,1314.0,1314.0,135.0,1314.0
seed1-no-tmdriv,no_tmdriv,direct_max,clocking,lane1,dq10,,endpoint,6,1179.0,1279.0,1314.0,1314.0,135.0,1314.0
seed1-reset-locks-only,reset_locks_only,direct_max,clocking,lane1,dq10,,endpoint,6,1179.0,1279.0,1314.0,1314.0,135.0,1314.0
seed1-robust,robust,direct_max,clocking,lane1,dq10,,endpoint,6,1179.0,1279.0,1314.0,1314.0,135.0,1314.0
seed2-fail,fail,direct_max,clocking,lane1,dq10,,endpoint,6,1179.0,1279.0,1314.0,1314.0,135.0,1314.0
seed2-no-tmdriv,no_tmdriv,direct_max,clocking,lane1,dq10,,endpoint,6,1179.0,1279.0,1314.0,1314.0,135.0,1314.0
seed2-reset-locks-only,reset_locks_only,direct_max,clocking,lane1,dq10,,endpoint,6,1179.0,1279.0,1314.0,1314.0,135.0,1314.0
seed2-robust,robust,direct_max,clocking,lane1,dq10,,endpoint,6,1179.0,1279.0,1314.0,1314.0,135.0,1314.0
seed3-pass,pass,direct_max,clocking,lane1,dq10,,endpoint,6,1179.0,1279.0,1314.0,1314.0,135.0,1314.0
seed4-pass,pass,direct_max,clocking,lane1,dq10,,endpoint,6,1179.0,1279.0,1314.0,1314.0,135.0,1314.0
seed5-pass,pass,direct_max,clocking,lane1,dq10,,endpoint,6,1179.0,1279.0,1314.0,1314.0,135.0,1314.0
seed1-fail,fail,direct_max,clocking,lane1,dq11,,endpoint,6,1179.0,1279.0,1314.0,1314.0,135.0,1314.0
seed1-no-tmdriv,no_tmdriv,direct_max,clocking,lane1,dq11,,endpoint,6,1179.0,1279.0,1314.0,1314.0,135.0,1314.0
seed1-reset-locks-only,reset_locks_only,direct_max,clocking,lane1,dq11,,endpoint,6,1179.0,1279.0,1314.0,1314.0,135.0,1314.0
seed1-robust,robust,direct_max,clocking,lane1,dq11,,endpoint,6,1179.0,1279.0,1314.0,1314.0,135.0,1314.0
seed2-fail,fail,direct_max,clocking,lane1,dq11,,endpoint,6,1179.0,1279.0,1314.0,1314.0,135.0,1314.0
seed2-no-tmdriv,no_tmdriv,direct_max,clocking,lane1,dq11,,endpoint,6,1179.0,1279.0,1314.0,1314.0,135.0,1314.0
seed2-reset-locks-only,reset_locks_only,direct_max,clocking,lane1,dq11,,endpoint,6,1179.0,1279.0,1314.0,1314.0,135.0,1314.0
seed2-robust,robust,direct_max,clocking,lane1,dq11,,endpoint,6,1179.0,1279.0,1314.0,1314.0,135.0,1314.0
seed3-pass,pass,direct_max,clocking,lane1,dq11,,endpoint,6,1179.0,1279.0,1314.0,1314.0,135.0,1314.0
seed4-pass,pass,direct_max,clocking,lane1,dq11,,endpoint,6,1179.0,1279.0,1314.0,1314.0,135.0,1314.0
seed5-pass,pass,direct_max,clocking,lane1,dq11,,endpoint,6,1179.0,1279.0,1314.0,1314.0,135.0,1314.0
seed1-fail,fail,direct_max,clocking,lane1,dq12,,endpoint,6,1179.0,1279.0,1314.0,1314.0,135.0,1314.0
seed1-no-tmdriv,no_tmdriv,direct_max,clocking,lane1,dq12,,endpoint,6,1179.0,1279.0,1314.0,1314.0,135.0,1314.0
seed1-reset-locks-only,reset_locks_only,direct_max,clocking,lane1,dq12,,endpoint,6,1179.0,1279.0,1314.0,1314.0,135.0,1314.0
seed1-robust,robust,direct_max,clocking,lane1,dq12,,endpoint,6,1179.0,1279.0,1314.0,1314.0,135.0,1314.0
seed2-fail,fail,direct_max,clocking,lane1,dq12,,endpoint,6,1179.0,1279.0,1314.0,1314.0,135.0,1314.0
seed2-no-tmdriv,no_tmdriv,direct_max,clocking,lane1,dq12,,endpoint,6,1179.0,1279.0,1314.0,1314.0,135.0,1314.0
seed2-reset-locks-only,reset_locks_only,direct_max,clocking,lane1,dq12,,endpoint,6,1179.0,1279.0,1314.0,1314.0,135.0,1314.0
seed2-robust,robust,direct_max,clocking,lane1,dq12,,endpoint,6,1179.0,1279.0,1314.0,1314.0,135.0,1314.0
seed3-pass,pass,direct_max,clocking,lane1,dq12,,endpoint,6,1179.0,1279.0,1314.0,1314.0,135.0,1314.0
seed4-pass,pass,direct_max,clocking,lane1,dq12,,endpoint,6,1179.0,1279.0,1314.0,1314.0,135.0,1314.0
seed5-pass,pass,direct_max,clocking,lane1,dq12,,endpoint,6,1179.0,1279.0,1314.0,1314.0,135.0,1314.0
seed1-fail,fail,direct_max,clocking,lane1,dq13,,endpoint,6,1179.0,1279.0,1314.0,1314.0,135.0,1314.0
seed1-no-tmdriv,no_tmdriv,direct_max,clocking,lane1,dq13,,endpoint,6,1179.0,1279.0,1314.0,1314.0,135.0,1314.0
seed1-reset-locks-only,reset_locks_only,direct_max,clocking,lane1,dq13,,endpoint,6,1179.0,1279.0,1314.0,1314.0,135.0,1314.0
seed1-robust,robust,direct_max,clocking,lane1,dq13,,endpoint,6,1179.0,1279.0,1314.0,1314.0,135.0,1314.0
seed2-fail,fail,direct_max,clocking,lane1,dq13,,endpoint,6,1179.0,1279.0,1314.0,1314.0,135.0,1314.0
seed2-no-tmdriv,no_tmdriv,direct_max,clocking,lane1,dq13,,endpoint,6,1179.0,1279.0,1314.0,1314.0,135.0,1314.0
seed2-reset-locks-only,reset_locks_only,direct_max,clocking,lane1,dq13,,endpoint,6,1179.0,1279.0,1314.0,1314.0,135.0,1314.0
seed2-robust,robust,direct_max,clocking,lane1,dq13,,endpoint,6,1179.0,1279.0,1314.0,1314.0,135.0,1314.0
seed3-pass,pass,direct_max,clocking,lane1,dq13,,endpoint,6,1179.0,1279.0,1314.0,1314.0,135.0,1314.0
seed4-pass,pass,direct_max,clocking,lane1,dq13,,endpoint,6,1179.0,1279.0,1314.0,1314.0,135.0,1314.0
seed5-pass,pass,direct_max,clocking,lane1,dq13,,endpoint,6,1179.0,1279.0,1314.0,1314.0,135.0,1314.0
seed1-fail,fail,direct_max,clocking,lane1,dq14,,endpoint,6,1179.0,1279.0,1314.0,1314.0,135.0,1314.0
seed1-no-tmdriv,no_tmdriv,direct_max,clocking,lane1,dq14,,endpoint,6,1179.0,1279.0,1314.0,1314.0,135.0,1314.0
seed1-reset-locks-only,reset_locks_only,direct_max,clocking,lane1,dq14,,endpoint,6,1179.0,1279.0,1314.0,1314.0,135.0,1314.0
seed1-robust,robust,direct_max,clocking,lane1,dq14,,endpoint,6,1179.0,1279.0,1314.0,1314.0,135.0,1314.0
seed2-fail,fail,direct_max,clocking,lane1,dq14,,endpoint,6,1179.0,1279.0,1314.0,1314.0,135.0,1314.0
seed2-no-tmdriv,no_tmdriv,direct_max,clocking,lane1,dq14,,endpoint,6,1179.0,1279.0,1314.0,1314.0,135.0,1314.0
seed2-reset-locks-only,reset_locks_only,direct_max,clocking,lane1,dq14,,endpoint,6,1179.0,1279.0,1314.0,1314.0,135.0,1314.0
seed2-robust,robust,direct_max,clocking,lane1,dq14,,endpoint,6,1179.0,1279.0,1314.0,1314.0,135.0,1314.0
seed3-pass,pass,direct_max,clocking,lane1,dq14,,endpoint,6,1179.0,1279.0,1314.0,1314.0,135.0,1314.0
seed4-pass,pass,direct_max,clocking,lane1,dq14,,endpoint,6,1179.0,1279.0,1314.0,1314.0,135.0,1314.0
seed5-pass,pass,direct_max,clocking,lane1,dq14,,endpoint,6,1179.0,1279.0,1314.0,1314.0,135.0,1314.0
seed1-fail,fail,direct_max,clocking,lane1,dq15,,endpoint,6,1179.0,1279.0,1314.0,1314.0,135.0,1314.0
seed1-no-tmdriv,no_tmdriv,direct_max,clocking,lane1,dq15,,endpoint,6,1179.0,1279.0,1314.0,1314.0,135.0,1314.0
seed1-reset-locks-only,reset_locks_only,direct_max,clocking,lane1,dq15,,endpoint,6,1179.0,1279.0,1314.0,1314.0,135.0,1314.0
seed1-robust,robust,direct_max,clocking,lane1,dq15,,endpoint,6,1179.0,1279.0,1314.0,1314.0,135.0,1314.0
seed2-fail,fail,direct_max,clocking,lane1,dq15,,endpoint,6,1179.0,1279.0,1314.0,1314.0,135.0,1314.0
seed2-no-tmdriv,no_tmdriv,direct_max,clocking,lane1,dq15,,endpoint,6,1179.0,1279.0,1314.0,1314.0,135.0,1314.0
seed2-reset-locks-only,reset_locks_only,direct_max,clocking,lane1,dq15,,endpoint,6,1179.0,1279.0,1314.0,1314.0,135.0,1314.0
seed2-robust,robust,direct_max,clocking,lane1,dq15,,endpoint,6,1179.0,1279.0,1314.0,1314.0,135.0,1314.0
seed3-pass,pass,direct_max,clocking,lane1,dq15,,endpoint,6,1179.0,1279.0,1314.0,1314.0,135.0,1314.0
seed4-pass,pass,direct_max,clocking,lane1,dq15,,endpoint,6,1179.0,1279.0,1314.0,1314.0,135.0,1314.0
seed5-pass,pass,direct_max,clocking,lane1,dq15,,endpoint,6,1179.0,1279.0,1314.0,1314.0,135.0,1314.0
seed1-fail,fail,direct_max,clocking,lane1,dq8,,endpoint,6,1179.0,1279.0,1314.0,1314.0,135.0,1314.0
seed1-no-tmdriv,no_tmdriv,direct_max,clocking,lane1,dq8,,endpoint,6,1179.0,1279.0,1314.0,1314.0,135.0,1314.0
seed1-reset-locks-only,reset_locks_only,direct_max,clocking,lane1,dq8,,endpoint,6,1179.0,1279.0,1314.0,1314.0,135.0,1314.0
seed1-robust,robust,direct_max,clocking,lane1,dq8,,endpoint,6,1179.0,1279.0,1314.0,1314.0,135.0,1314.0
seed2-fail,fail,direct_max,clocking,lane1,dq8,,endpoint,6,1179.0,1279.0,1314.0,1314.0,135.0,1314.0
seed2-no-tmdriv,no_tmdriv,direct_max,clocking,lane1,dq8,,endpoint,6,1179.0,1279.0,1314.0,1314.0,135.0,1314.0
seed2-reset-locks-only,reset_locks_only,direct_max,clocking,lane1,dq8,,endpoint,6,1179.0,1279.0,1314.0,1314.0,135.0,1314.0
seed2-robust,robust,direct_max,clocking,lane1,dq8,,endpoint,6,1179.0,1279.0,1314.0,1314.0,135.0,1314.0
seed3-pass,pass,direct_max,clocking,lane1,dq8,,endpoint,6,1179.0,1279.0,1314.0,1314.0,135.0,1314.0
seed4-pass,pass,direct_max,clocking,lane1,dq8,,endpoint,6,1179.0,1279.0,1314.0,1314.0,135.0,1314.0
seed5-pass,pass,direct_max,clocking,lane1,dq8,,endpoint,6,1179.0,1279.0,1314.0,1314.0,135.0,1314.0
seed1-fail,fail,direct_max,clocking,lane1,dq9,,endpoint,6,1179.0,1279.0,1314.0,1314.0,135.0,1314.0
seed1-no-tmdriv,no_tmdriv,direct_max,clocking,lane1,dq9,,endpoint,6,1179.0,1279.0,1314.0,1314.0,135.0,1314.0
seed1-reset-locks-only,reset_locks_only,direct_max,clocking,lane1,dq9,,endpoint,6,1179.0,1279.0,1314.0,1314.0,135.0,1314.0
seed1-robust,robust,direct_max,clocking,lane1,dq9,,endpoint,6,1179.0,1279.0,1314.0,1314.0,135.0,1314.0
seed2-fail,fail,direct_max,clocking,lane1,dq9,,endpoint,6,1179.0,1279.0,1314.0,1314.0,135.0,1314.0
seed2-no-tmdriv,no_tmdriv,direct_max,clocking,lane1,dq9,,endpoint,6,1179.0,1279.0,1314.0,1314.0,135.0,1314.0
seed2-reset-locks-only,reset_locks_only,direct_max,clocking,lane1,dq9,,endpoint,6,1179.0,1279.0,1314.0,1314.0,135.0,1314.0
seed2-robust,robust,direct_max,clocking,lane1,dq9,,endpoint,6,1179.0,1279.0,1314.0,1314.0,135.0,1314.0
seed3-pass,pass,direct_max,clocking,lane1,dq9,,endpoint,6,1179.0,1279.0,1314.0,1314.0,135.0,1314.0
seed4-pass,pass,direct_max,clocking,lane1,dq9,,endpoint,6,1179.0,1279.0,1314.0,1314.0,135.0,1314.0
seed5-pass,pass,direct_max,clocking,lane1,dq9,,endpoint,6,1179.0,1279.0,1314.0,1314.0,135.0,1314.0
seed1-fail,fail,direct_max,clocking,lane1,dqs1,,endpoint,5,1179.0,1279.0,1279.0,1279.0,100.0,1279.0
seed1-no-tmdriv,no_tmdriv,direct_max,clocking,lane1,dqs1,,endpoint,5,1179.0,1279.0,1279.0,1279.0,100.0,1279.0
seed1-reset-locks-only,reset_locks_only,direct_max,clocking,lane1,dqs1,,endpoint,5,1179.0,1279.0,1279.0,1279.0,100.0,1279.0
seed1-robust,robust,direct_max,clocking,lane1,dqs1,,endpoint,5,1179.0,1279.0,1279.0,1279.0,100.0,1279.0
seed2-fail,fail,direct_max,clocking,lane1,dqs1,,endpoint,5,1179.0,1279.0,1279.0,1279.0,100.0,1279.0
seed2-no-tmdriv,no_tmdriv,direct_max,clocking,lane1,dqs1,,endpoint,5,1179.0,1279.0,1279.0,1279.0,100.0,1279.0
seed2-reset-locks-only,reset_locks_only,direct_max,clocking,lane1,dqs1,,endpoint,5,1179.0,1279.0,1279.0,1279.0,100.0,1279.0
seed2-robust,robust,direct_max,clocking,lane1,dqs1,,endpoint,5,1179.0,1279.0,1279.0,1279.0,100.0,1279.0
seed3-pass,pass,direct_max,clocking,lane1,dqs1,,endpoint,5,1179.0,1279.0,1279.0,1279.0,100.0,1279.0
seed4-pass,pass,direct_max,clocking,lane1,dqs1,,endpoint,5,1179.0,1279.0,1279.0,1279.0,100.0,1279.0
seed5-pass,pass,direct_max,clocking,lane1,dqs1,,endpoint,5,1179.0,1279.0,1279.0,1279.0,100.0,1279.0
seed1-fail,fail,direct_max,dq_iologic,lane0,dq0,,endpoint,40,0.0,1091.5,2131.0,2562.0,2562.0,2562.0
seed1-no-tmdriv,no_tmdriv,direct_max,dq_iologic,lane0,dq0,,endpoint,40,0.0,780.0,1991.0,2746.0,2746.0,2746.0
seed1-reset-locks-only,reset_locks_only,direct_max,dq_iologic,lane0,dq0,,endpoint,40,0.0,959.0,2009.0,3410.0,3410.0,3410.0
seed1-robust,robust,direct_max,dq_iologic,lane0,dq0,,endpoint,40,0.0,730.5,1796.0,1807.0,1807.0,1807.0
seed2-fail,fail,direct_max,dq_iologic,lane0,dq0,,endpoint,40,0.0,1100.5,1781.0,2111.0,2111.0,2111.0
seed2-no-tmdriv,no_tmdriv,direct_max,dq_iologic,lane0,dq0,,endpoint,40,0.0,823.5,1769.0,1868.0,1868.0,1868.0
seed2-reset-locks-only,reset_locks_only,direct_max,dq_iologic,lane0,dq0,,endpoint,40,0.0,967.0,1934.0,3509.0,3509.0,3509.0
seed2-robust,robust,direct_max,dq_iologic,lane0,dq0,,endpoint,40,0.0,750.0,1687.0,2819.0,2819.0,2819.0
seed3-pass,pass,direct_max,dq_iologic,lane0,dq0,,endpoint,40,0.0,870.5,1754.0,2665.0,2665.0,2665.0
seed4-pass,pass,direct_max,dq_iologic,lane0,dq0,,endpoint,40,0.0,691.5,2012.0,2221.0,2221.0,2221.0
seed5-pass,pass,direct_max,dq_iologic,lane0,dq0,,endpoint,40,0.0,1163.5,1866.0,2585.0,2585.0,2585.0
seed1-fail,fail,direct_max,dq_iologic,lane0,dq1,,endpoint,40,0.0,1234.5,2216.0,3444.0,3444.0,3444.0
seed1-no-tmdriv,no_tmdriv,direct_max,dq_iologic,lane0,dq1,,endpoint,40,0.0,1204.5,2079.0,2831.0,2831.0,2831.0
seed1-reset-locks-only,reset_locks_only,direct_max,dq_iologic,lane0,dq1,,endpoint,40,0.0,1306.5,2101.0,3506.0,3506.0,3506.0
seed1-robust,robust,direct_max,dq_iologic,lane0,dq1,,endpoint,40,0.0,1179.0,1886.0,1921.0,1921.0,1921.0
seed2-fail,fail,direct_max,dq_iologic,lane0,dq1,,endpoint,40,0.0,1242.0,1848.0,1944.0,1944.0,1944.0
seed2-no-tmdriv,no_tmdriv,direct_max,dq_iologic,lane0,dq1,,endpoint,40,0.0,1296.5,1812.0,1856.0,1856.0,1856.0
seed2-reset-locks-only,reset_locks_only,direct_max,dq_iologic,lane0,dq1,,endpoint,40,0.0,1335.0,2128.0,3599.0,3599.0,3599.0
seed2-robust,robust,direct_max,dq_iologic,lane0,dq1,,endpoint,40,0.0,1179.0,1728.0,2982.0,2982.0,2982.0
seed3-pass,pass,direct_max,dq_iologic,lane0,dq1,,endpoint,40,0.0,1344.5,1835.0,2694.0,2694.0,2694.0
seed4-pass,pass,direct_max,dq_iologic,lane0,dq1,,endpoint,40,0.0,1212.5,2096.0,2224.0,2224.0,2224.0
seed5-pass,pass,direct_max,dq_iologic,lane0,dq1,,endpoint,40,0.0,1331.0,1962.0,2500.0,2500.0,2500.0
seed1-fail,fail,direct_max,dq_iologic,lane0,dq2,,endpoint,40,0.0,1105.0,2311.0,2809.0,2809.0,2809.0
seed1-no-tmdriv,no_tmdriv,direct_max,dq_iologic,lane0,dq2,,endpoint,40,0.0,884.0,2029.0,2637.0,2637.0,2637.0
seed1-reset-locks-only,reset_locks_only,direct_max,dq_iologic,lane0,dq2,,endpoint,40,0.0,998.5,2194.0,3440.0,3440.0,3440.0
seed1-robust,robust,direct_max,dq_iologic,lane0,dq2,,endpoint,40,0.0,1210.0,1963.0,2023.0,2023.0,2023.0
seed2-fail,fail,direct_max,dq_iologic,lane0,dq2,,endpoint,40,0.0,1208.5,1940.0,2094.0,2094.0,2094.0
seed2-no-tmdriv,no_tmdriv,direct_max,dq_iologic,lane0,dq2,,endpoint,40,0.0,925.5,1804.0,1952.0,1952.0,1952.0
seed2-reset-locks-only,reset_locks_only,direct_max,dq_iologic,lane0,dq2,,endpoint,40,0.0,1279.0,1947.0,3500.0,3500.0,3500.0
seed2-robust,robust,direct_max,dq_iologic,lane0,dq2,,endpoint,40,0.0,1044.0,1824.0,2687.0,2687.0,2687.0
seed3-pass,pass,direct_max,dq_iologic,lane0,dq2,,endpoint,40,0.0,989.0,1929.0,2937.0,2937.0,2937.0
seed4-pass,pass,direct_max,dq_iologic,lane0,dq2,,endpoint,40,0.0,849.0,1945.0,2032.0,2032.0,2032.0
seed5-pass,pass,direct_max,dq_iologic,lane0,dq2,,endpoint,40,0.0,1179.0,1784.0,2667.0,2667.0,2667.0
seed1-fail,fail,direct_max,dq_iologic,lane0,dq3,,endpoint,40,0.0,1280.0,2256.0,3025.0,3025.0,3025.0
seed1-no-tmdriv,no_tmdriv,direct_max,dq_iologic,lane0,dq3,,endpoint,40,0.0,910.5,1761.0,2852.0,2852.0,2852.0
seed1-reset-locks-only,reset_locks_only,direct_max,dq_iologic,lane0,dq3,,endpoint,40,0.0,1276.0,2023.0,3665.0,3665.0,3665.0
seed1-robust,robust,direct_max,dq_iologic,lane0,dq3,,endpoint,40,0.0,899.5,2042.0,2240.0,2240.0,2240.0
seed2-fail,fail,direct_max,dq_iologic,lane0,dq3,,endpoint,40,0.0,1257.5,2201.0,2338.0,2338.0,2338.0
seed2-no-tmdriv,no_tmdriv,direct_max,dq_iologic,lane0,dq3,,endpoint,40,0.0,1204.5,1863.0,2167.0,2167.0,2167.0
seed2-reset-locks-only,reset_locks_only,direct_max,dq_iologic,lane0,dq3,,endpoint,40,0.0,1331.5,2536.0,3621.0,3621.0,3621.0
seed2-robust,robust,direct_max,dq_iologic,lane0,dq3,,endpoint,40,0.0,1279.0,2016.0,3049.0,3049.0,3049.0
seed3-pass,pass,direct_max,dq_iologic,lane0,dq3,,endpoint,40,0.0,1279.0,2371.0,2464.0,2464.0,2464.0
seed4-pass,pass,direct_max,dq_iologic,lane0,dq3,,endpoint,40,0.0,1179.0,1911.0,2161.0,2161.0,2161.0
seed5-pass,pass,direct_max,dq_iologic,lane0,dq3,,endpoint,40,0.0,1279.0,1965.0,2492.0,2492.0,2492.0
seed1-fail,fail,direct_max,dq_iologic,lane0,dq4,,endpoint,40,0.0,907.0,2303.0,3608.0,3608.0,3608.0
seed1-no-tmdriv,no_tmdriv,direct_max,dq_iologic,lane0,dq4,,endpoint,40,0.0,892.0,2167.0,2993.0,2993.0,2993.0
seed1-reset-locks-only,reset_locks_only,direct_max,dq_iologic,lane0,dq4,,endpoint,40,0.0,813.5,2249.0,3592.0,3592.0,3592.0
seed1-robust,robust,direct_max,dq_iologic,lane0,dq4,,endpoint,40,0.0,659.5,1616.0,2049.0,2049.0,2049.0
seed2-fail,fail,direct_max,dq_iologic,lane0,dq4,,endpoint,40,0.0,892.5,1939.0,2049.0,2049.0,2049.0
seed2-no-tmdriv,no_tmdriv,direct_max,dq_iologic,lane0,dq4,,endpoint,40,0.0,766.0,1832.0,1945.0,1945.0,1945.0
seed2-reset-locks-only,reset_locks_only,direct_max,dq_iologic,lane0,dq4,,endpoint,40,0.0,1030.0,2029.0,3759.0,3759.0,3759.0
seed2-robust,robust,direct_max,dq_iologic,lane0,dq4,,endpoint,40,0.0,764.0,1817.0,3066.0,3066.0,3066.0
seed3-pass,pass,direct_max,dq_iologic,lane0,dq4,,endpoint,40,0.0,985.5,1919.0,2604.0,2604.0,2604.0
seed4-pass,pass,direct_max,dq_iologic,lane0,dq4,,endpoint,40,0.0,682.0,2115.0,2259.0,2259.0,2259.0
seed5-pass,pass,direct_max,dq_iologic,lane0,dq4,,endpoint,40,0.0,1031.5,2119.0,2584.0,2584.0,2584.0
seed1-fail,fail,direct_max,dq_iologic,lane0,dq5,,endpoint,40,0.0,1171.5,2345.0,2947.0,2947.0,2947.0
seed1-no-tmdriv,no_tmdriv,direct_max,dq_iologic,lane0,dq5,,endpoint,40,0.0,704.5,1848.0,2775.0,2775.0,2775.0
seed1-reset-locks-only,reset_locks_only,direct_max,dq_iologic,lane0,dq5,,endpoint,40,0.0,1163.0,1963.0,3750.0,3750.0,3750.0
seed1-robust,robust,direct_max,dq_iologic,lane0,dq5,,endpoint,40,0.0,685.0,1649.0,2161.0,2161.0,2161.0
seed2-fail,fail,direct_max,dq_iologic,lane0,dq5,,endpoint,40,0.0,1179.0,2028.0,2174.0,2174.0,2174.0
seed2-no-tmdriv,no_tmdriv,direct_max,dq_iologic,lane0,dq5,,endpoint,40,0.0,933.0,1684.0,1942.0,1942.0,1942.0
seed2-reset-locks-only,reset_locks_only,direct_max,dq_iologic,lane0,dq5,,endpoint,40,0.0,1246.0,2338.0,3706.0,3706.0,3706.0
seed2-robust,robust,direct_max,dq_iologic,lane0,dq5,,endpoint,40,0.0,1221.0,2025.0,2548.0,2548.0,2548.0
seed3-pass,pass,direct_max,dq_iologic,lane0,dq5,,endpoint,40,0.0,1229.0,2229.0,3075.0,3075.0,3075.0
seed4-pass,pass,direct_max,dq_iologic,lane0,dq5,,endpoint,40,0.0,947.5,2084.0,2200.0,2200.0,2200.0
seed5-pass,pass,direct_max,dq_iologic,lane0,dq5,,endpoint,40,0.0,1296.5,1830.0,2533.0,2533.0,2533.0
seed1-fail,fail,direct_max,dq_iologic,lane0,dq6,,endpoint,40,0.0,809.5,2082.0,2338.0,2338.0,2338.0
seed1-no-tmdriv,no_tmdriv,direct_max,dq_iologic,lane0,dq6,,endpoint,40,0.0,718.5,2121.0,2522.0,2522.0,2522.0
seed1-reset-locks-only,reset_locks_only,direct_max,dq_iologic,lane0,dq6,,endpoint,40,0.0,868.0,2112.0,3440.0,3440.0,3440.0
seed1-robust,robust,direct_max,dq_iologic,lane0,dq6,,endpoint,40,0.0,757.0,1865.0,2022.0,2022.0,2022.0
seed2-fail,fail,direct_max,dq_iologic,lane0,dq6,,endpoint,40,0.0,965.5,1570.0,2032.0,2032.0,2032.0
seed2-no-tmdriv,no_tmdriv,direct_max,dq_iologic,lane0,dq6,,endpoint,40,0.0,836.5,1730.0,1899.0,1899.0,1899.0
seed2-reset-locks-only,reset_locks_only,direct_max,dq_iologic,lane0,dq6,,endpoint,40,0.0,1162.5,2210.0,3321.0,3321.0,3321.0
seed2-robust,robust,direct_max,dq_iologic,lane0,dq6,,endpoint,40,0.0,803.5,1919.0,3035.0,3035.0,3035.0
seed3-pass,pass,direct_max,dq_iologic,lane0,dq6,,endpoint,40,0.0,970.5,2025.0,3029.0,3029.0,3029.0
seed4-pass,pass,direct_max,dq_iologic,lane0,dq6,,endpoint,40,0.0,730.5,2118.0,2227.0,2227.0,2227.0
seed5-pass,pass,direct_max,dq_iologic,lane0,dq6,,endpoint,40,0.0,990.0,2079.0,2762.0,2762.0,2762.0
seed1-fail,fail,direct_max,dq_iologic,lane0,dq7,,endpoint,40,0.0,1279.0,2398.0,2894.0,2894.0,2894.0
seed1-no-tmdriv,no_tmdriv,direct_max,dq_iologic,lane0,dq7,,endpoint,40,0.0,1257.0,2263.0,2609.0,2609.0,2609.0
seed1-reset-locks-only,reset_locks_only,direct_max,dq_iologic,lane0,dq7,,endpoint,40,0.0,1305.0,2108.0,3355.0,3355.0,3355.0
seed1-robust,robust,direct_max,dq_iologic,lane0,dq7,,endpoint,40,0.0,1279.0,1758.0,2105.0,2105.0,2105.0
seed2-fail,fail,direct_max,dq_iologic,lane0,dq7,,endpoint,40,0.0,1279.0,2032.0,2127.0,2127.0,2127.0
seed2-no-tmdriv,no_tmdriv,direct_max,dq_iologic,lane0,dq7,,endpoint,40,0.0,1179.0,1893.0,2036.0,2036.0,2036.0
seed2-reset-locks-only,reset_locks_only,direct_max,dq_iologic,lane0,dq7,,endpoint,40,0.0,1289.0,2243.0,3875.0,3875.0,3875.0
seed2-robust,robust,direct_max,dq_iologic,lane0,dq7,,endpoint,40,0.0,1040.5,1911.0,2772.0,2772.0,2772.0
seed3-pass,pass,direct_max,dq_iologic,lane0,dq7,,endpoint,40,0.0,1334.5,2197.0,2913.0,2913.0,2913.0
seed4-pass,pass,direct_max,dq_iologic,lane0,dq7,,endpoint,40,0.0,1231.5,2118.0,2134.0,2134.0,2134.0
seed5-pass,pass,direct_max,dq_iologic,lane0,dq7,,endpoint,40,0.0,1173.0,2289.0,2755.0,2755.0,2755.0
seed1-fail,fail,direct_max,dq_iologic,lane1,dq10,,endpoint,40,0.0,1279.0,2273.0,2398.0,2398.0,2398.0
seed1-no-tmdriv,no_tmdriv,direct_max,dq_iologic,lane1,dq10,,endpoint,40,0.0,1296.5,1782.0,2676.0,2676.0,2676.0
seed1-reset-locks-only,reset_locks_only,direct_max,dq_iologic,lane1,dq10,,endpoint,40,0.0,1224.5,2122.0,3322.0,3322.0,3322.0
seed1-robust,robust,direct_max,dq_iologic,lane1,dq10,,endpoint,40,0.0,1279.0,1779.0,1828.0,1828.0,1828.0
seed2-fail,fail,direct_max,dq_iologic,lane1,dq10,,endpoint,40,0.0,1279.0,1833.0,2042.0,2042.0,2042.0
seed2-no-tmdriv,no_tmdriv,direct_max,dq_iologic,lane1,dq10,,endpoint,40,0.0,1217.5,1759.0,1909.0,1909.0,1909.0
seed2-reset-locks-only,reset_locks_only,direct_max,dq_iologic,lane1,dq10,,endpoint,40,0.0,1375.5,2188.0,3230.0,3230.0,3230.0
seed2-robust,robust,direct_max,dq_iologic,lane1,dq10,,endpoint,40,0.0,1175.5,2072.0,2540.0,2540.0,2540.0
seed3-pass,pass,direct_max,dq_iologic,lane1,dq10,,endpoint,40,0.0,1184.5,2108.0,2572.0,2572.0,2572.0
seed4-pass,pass,direct_max,dq_iologic,lane1,dq10,,endpoint,40,0.0,1071.0,1610.0,2026.0,2026.0,2026.0
seed5-pass,pass,direct_max,dq_iologic,lane1,dq10,,endpoint,40,0.0,1279.0,1661.0,1817.0,1817.0,1817.0
seed1-fail,fail,direct_max,dq_iologic,lane1,dq11,,endpoint,40,0.0,1279.0,2361.0,2539.0,2539.0,2539.0
seed1-no-tmdriv,no_tmdriv,direct_max,dq_iologic,lane1,dq11,,endpoint,40,0.0,1249.5,1958.0,2608.0,2608.0,2608.0
seed1-reset-locks-only,reset_locks_only,direct_max,dq_iologic,lane1,dq11,,endpoint,40,0.0,1186.0,2329.0,3355.0,3355.0,3355.0
seed1-robust,robust,direct_max,dq_iologic,lane1,dq11,,endpoint,40,0.0,1279.0,1968.0,2105.0,2105.0,2105.0
seed2-fail,fail,direct_max,dq_iologic,lane1,dq11,,endpoint,40,0.0,1219.0,1876.0,2316.0,2316.0,2316.0
seed2-no-tmdriv,no_tmdriv,direct_max,dq_iologic,lane1,dq11,,endpoint,40,0.0,1279.0,2303.0,2431.0,2431.0,2431.0
seed2-reset-locks-only,reset_locks_only,direct_max,dq_iologic,lane1,dq11,,endpoint,40,0.0,1326.0,2706.0,3265.0,3265.0,3265.0
seed2-robust,robust,direct_max,dq_iologic,lane1,dq11,,endpoint,40,0.0,1279.0,2625.0,2701.0,2701.0,2701.0
seed3-pass,pass,direct_max,dq_iologic,lane1,dq11,,endpoint,40,0.0,1238.0,2332.0,2578.0,2578.0,2578.0
seed4-pass,pass,direct_max,dq_iologic,lane1,dq11,,endpoint,40,0.0,1020.0,1713.0,2134.0,2134.0,2134.0
seed5-pass,pass,direct_max,dq_iologic,lane1,dq11,,endpoint,40,0.0,1257.0,1981.0,2262.0,2262.0,2262.0
seed1-fail,fail,direct_max,dq_iologic,lane1,dq12,,endpoint,40,0.0,1021.5,1932.0,3240.0,3240.0,3240.0
seed1-no-tmdriv,no_tmdriv,direct_max,dq_iologic,lane1,dq12,,endpoint,40,0.0,1136.0,1501.0,2852.0,2852.0,2852.0
seed1-reset-locks-only,reset_locks_only,direct_max,dq_iologic,lane1,dq12,,endpoint,40,0.0,1086.0,1707.0,3351.0,3351.0,3351.0
seed1-robust,robust,direct_max,dq_iologic,lane1,dq12,,endpoint,40,0.0,1138.0,1763.0,1863.0,1863.0,1863.0
seed2-fail,fail,direct_max,dq_iologic,lane1,dq12,,endpoint,40,0.0,1011.0,1968.0,2279.0,2279.0,2279.0
seed2-no-tmdriv,no_tmdriv,direct_max,dq_iologic,lane1,dq12,,endpoint,40,0.0,1125.5,1845.0,1850.0,1850.0,1850.0
seed2-reset-locks-only,reset_locks_only,direct_max,dq_iologic,lane1,dq12,,endpoint,40,0.0,1084.0,1894.0,3338.0,3338.0,3338.0
seed2-robust,robust,direct_max,dq_iologic,lane1,dq12,,endpoint,40,0.0,1165.0,1763.0,2809.0,2809.0,2809.0
seed3-pass,pass,direct_max,dq_iologic,lane1,dq12,,endpoint,40,0.0,868.5,1911.0,2657.0,2657.0,2657.0
seed4-pass,pass,direct_max,dq_iologic,lane1,dq12,,endpoint,40,0.0,866.0,1542.0,1988.0,1988.0,1988.0
seed5-pass,pass,direct_max,dq_iologic,lane1,dq12,,endpoint,40,0.0,1110.5,1750.0,1835.0,1835.0,1835.0
seed1-fail,fail,direct_max,dq_iologic,lane1,dq13,,endpoint,40,0.0,1121.0,2345.0,2650.0,2650.0,2650.0
seed1-no-tmdriv,no_tmdriv,direct_max,dq_iologic,lane1,dq13,,endpoint,40,0.0,1159.0,2101.0,2243.0,2243.0,2243.0
seed1-reset-locks-only,reset_locks_only,direct_max,dq_iologic,lane1,dq13,,endpoint,40,0.0,1031.0,2051.0,3440.0,3440.0,3440.0
seed1-robust,robust,direct_max,dq_iologic,lane1,dq13,,endpoint,40,0.0,1229.0,2053.0,2367.0,2367.0,2367.0
seed2-fail,fail,direct_max,dq_iologic,lane1,dq13,,endpoint,40,0.0,1101.5,1804.0,2145.0,2145.0,2145.0
seed2-no-tmdriv,no_tmdriv,direct_max,dq_iologic,lane1,dq13,,endpoint,40,0.0,1179.0,2329.0,2592.0,2592.0,2592.0
seed2-reset-locks-only,reset_locks_only,direct_max,dq_iologic,lane1,dq13,,endpoint,40,0.0,1243.5,2586.0,3319.0,3319.0,3319.0
seed2-robust,robust,direct_max,dq_iologic,lane1,dq13,,endpoint,40,0.0,1179.0,2779.0,2842.0,2842.0,2842.0
seed3-pass,pass,direct_max,dq_iologic,lane1,dq13,,endpoint,40,0.0,1189.5,2506.0,2663.0,2663.0,2663.0
seed4-pass,pass,direct_max,dq_iologic,lane1,dq13,,endpoint,40,0.0,890.0,1917.0,2042.0,2042.0,2042.0
seed5-pass,pass,direct_max,dq_iologic,lane1,dq13,,endpoint,40,0.0,1179.0,2036.0,2305.0,2305.0,2305.0
seed1-fail,fail,direct_max,dq_iologic,lane1,dq14,,endpoint,40,0.0,989.5,2311.0,3163.0,3163.0,3163.0
seed1-no-tmdriv,no_tmdriv,direct_max,dq_iologic,lane1,dq14,,endpoint,40,0.0,1251.0,2049.0,2769.0,2769.0,2769.0
seed1-reset-locks-only,reset_locks_only,direct_max,dq_iologic,lane1,dq14,,endpoint,40,0.0,1051.0,2049.0,3437.0,3437.0,3437.0
seed1-robust,robust,direct_max,dq_iologic,lane1,dq14,,endpoint,40,0.0,1183.0,1873.0,2197.0,2197.0,2197.0
seed2-fail,fail,direct_max,dq_iologic,lane1,dq14,,endpoint,40,0.0,1229.5,1684.0,1720.0,1720.0,1720.0
seed2-no-tmdriv,no_tmdriv,direct_max,dq_iologic,lane1,dq14,,endpoint,40,0.0,1258.0,1878.0,2448.0,2448.0,2448.0
seed2-reset-locks-only,reset_locks_only,direct_max,dq_iologic,lane1,dq14,,endpoint,40,0.0,1279.0,2394.0,3423.0,3423.0,3423.0
seed2-robust,robust,direct_max,dq_iologic,lane1,dq14,,endpoint,40,0.0,1229.0,2467.0,2973.0,2973.0,2973.0
seed3-pass,pass,direct_max,dq_iologic,lane1,dq14,,endpoint,40,0.0,1196.0,2335.0,2388.0,2388.0,2388.0
seed4-pass,pass,direct_max,dq_iologic,lane1,dq14,,endpoint,40,0.0,1030.5,1771.0,2207.0,2207.0,2207.0
seed5-pass,pass,direct_max,dq_iologic,lane1,dq14,,endpoint,40,0.0,1279.0,1768.0,1863.0,1863.0,1863.0
seed1-fail,fail,direct_max,dq_iologic,lane1,dq15,,endpoint,40,0.0,1247.0,2151.0,3417.0,3417.0,3417.0
seed1-no-tmdriv,no_tmdriv,direct_max,dq_iologic,lane1,dq15,,endpoint,40,0.0,1279.0,1886.0,2911.0,2911.0,2911.0
seed1-reset-locks-only,reset_locks_only,direct_max,dq_iologic,lane1,dq15,,endpoint,40,0.0,1179.0,1756.0,3493.0,3493.0,3493.0
seed1-robust,robust,direct_max,dq_iologic,lane1,dq15,,endpoint,40,0.0,1279.0,2105.0,2160.0,2160.0,2160.0
seed2-fail,fail,direct_max,dq_iologic,lane1,dq15,,endpoint,40,0.0,1216.0,2039.0,2250.0,2250.0,2250.0
seed2-no-tmdriv,no_tmdriv,direct_max,dq_iologic,lane1,dq15,,endpoint,40,0.0,1171.5,2190.0,2325.0,2325.0,2325.0
seed2-reset-locks-only,reset_locks_only,direct_max,dq_iologic,lane1,dq15,,endpoint,40,0.0,1279.0,2688.0,3536.0,3536.0,3536.0
seed2-robust,robust,direct_max,dq_iologic,lane1,dq15,,endpoint,40,0.0,1178.0,2618.0,2839.0,2839.0,2839.0
seed3-pass,pass,direct_max,dq_iologic,lane1,dq15,,endpoint,40,0.0,1238.0,2125.0,2878.0,2878.0,2878.0
seed4-pass,pass,direct_max,dq_iologic,lane1,dq15,,endpoint,40,0.0,1104.0,1577.0,2272.0,2272.0,2272.0
seed5-pass,pass,direct_max,dq_iologic,lane1,dq15,,endpoint,40,0.0,1188.0,2042.0,2178.0,2178.0,2178.0
seed1-fail,fail,direct_max,dq_iologic,lane1,dq8,,endpoint,40,0.0,1119.5,2096.0,3085.0,3085.0,3085.0
seed1-no-tmdriv,no_tmdriv,direct_max,dq_iologic,lane1,dq8,,endpoint,40,0.0,1047.5,1845.0,2913.0,2913.0,2913.0
seed1-reset-locks-only,reset_locks_only,direct_max,dq_iologic,lane1,dq8,,endpoint,40,0.0,960.5,1554.0,3440.0,3440.0,3440.0
seed1-robust,robust,direct_max,dq_iologic,lane1,dq8,,endpoint,40,0.0,1161.5,1957.0,2299.0,2299.0,2299.0
seed2-fail,fail,direct_max,dq_iologic,lane1,dq8,,endpoint,40,0.0,1279.0,1838.0,2332.0,2332.0,2332.0
seed2-no-tmdriv,no_tmdriv,direct_max,dq_iologic,lane1,dq8,,endpoint,40,0.0,1086.5,1715.0,1965.0,1965.0,1965.0
seed2-reset-locks-only,reset_locks_only,direct_max,dq_iologic,lane1,dq8,,endpoint,40,0.0,1179.0,2142.0,3507.0,3507.0,3507.0
seed2-robust,robust,direct_max,dq_iologic,lane1,dq8,,endpoint,40,0.0,1179.0,1745.0,3058.0,3058.0,3058.0
seed3-pass,pass,direct_max,dq_iologic,lane1,dq8,,endpoint,40,0.0,1276.5,1809.0,3213.0,3213.0,3213.0
seed4-pass,pass,direct_max,dq_iologic,lane1,dq8,,endpoint,40,0.0,1021.0,1797.0,2240.0,2240.0,2240.0
seed5-pass,pass,direct_max,dq_iologic,lane1,dq8,,endpoint,40,0.0,1212.5,1845.0,2186.0,2186.0,2186.0
seed1-fail,fail,direct_max,dq_iologic,lane1,dq9,,endpoint,40,0.0,1244.0,2305.0,2387.0,2387.0,2387.0
seed1-no-tmdriv,no_tmdriv,direct_max,dq_iologic,lane1,dq9,,endpoint,40,0.0,1229.5,2105.0,2226.0,2226.0,2226.0
seed1-reset-locks-only,reset_locks_only,direct_max,dq_iologic,lane1,dq9,,endpoint,40,0.0,1158.0,1853.0,3657.0,3657.0,3657.0
seed1-robust,robust,direct_max,dq_iologic,lane1,dq9,,endpoint,40,0.0,1279.0,2065.0,2190.0,2190.0,2190.0
seed2-fail,fail,direct_max,dq_iologic,lane1,dq9,,endpoint,40,0.0,1063.5,1799.0,1832.0,1832.0,1832.0
seed2-no-tmdriv,no_tmdriv,direct_max,dq_iologic,lane1,dq9,,endpoint,40,0.0,1134.0,1809.0,2221.0,2221.0,2221.0
seed2-reset-locks-only,reset_locks_only,direct_max,dq_iologic,lane1,dq9,,endpoint,40,0.0,1217.5,2368.0,3457.0,3457.0,3457.0
seed2-robust,robust,direct_max,dq_iologic,lane1,dq9,,endpoint,40,0.0,1179.0,2114.0,2177.0,2177.0,2177.0
seed3-pass,pass,direct_max,dq_iologic,lane1,dq9,,endpoint,40,0.0,1200.0,2456.0,3042.0,3042.0,3042.0
seed4-pass,pass,direct_max,dq_iologic,lane1,dq9,,endpoint,40,0.0,1136.0,1996.0,2029.0,2029.0,2029.0
seed5-pass,pass,direct_max,dq_iologic,lane1,dq9,,endpoint,40,0.0,1170.0,2059.0,2443.0,2443.0,2443.0
seed1-fail,fail,direct_max,dqs_iologic,lane0,dqs0,,endpoint,33,0.0,944.0,2585.0,3072.0,3072.0,3072.0
seed1-no-tmdriv,no_tmdriv,direct_max,dqs_iologic,lane0,dqs0,,endpoint,33,0.0,1261.0,2404.0,3210.0,3210.0,3210.0
seed1-reset-locks-only,reset_locks_only,direct_max,dqs_iologic,lane0,dqs0,,endpoint,33,0.0,1179.0,2664.0,3644.0,3644.0,3644.0
seed1-robust,robust,direct_max,dqs_iologic,lane0,dqs0,,endpoint,33,0.0,1279.0,2140.0,2696.0,2696.0,2696.0
seed2-fail,fail,direct_max,dqs_iologic,lane0,dqs0,,endpoint,33,0.0,944.0,2095.0,2536.0,2536.0,2536.0
seed2-no-tmdriv,no_tmdriv,direct_max,dqs_iologic,lane0,dqs0,,endpoint,33,0.0,1279.0,1878.0,2194.0,2194.0,2194.0
seed2-reset-locks-only,reset_locks_only,direct_max,dqs_iologic,lane0,dqs0,,endpoint,33,0.0,1514.0,2450.0,3704.0,3704.0,3704.0
seed2-robust,robust,direct_max,dqs_iologic,lane0,dqs0,,endpoint,33,0.0,1279.0,3036.0,3128.0,3128.0,3128.0
seed3-pass,pass,direct_max,dqs_iologic,lane0,dqs0,,endpoint,33,0.0,1279.0,2747.0,3122.0,3122.0,3122.0
seed4-pass,pass,direct_max,dqs_iologic,lane0,dqs0,,endpoint,33,0.0,1279.0,2404.0,2730.0,2730.0,2730.0
seed5-pass,pass,direct_max,dqs_iologic,lane0,dqs0,,endpoint,33,0.0,1179.0,2174.0,2361.0,2361.0,2361.0
seed1-fail,fail,direct_max,dqs_iologic,lane1,dqs1,,endpoint,33,0.0,1179.0,2289.0,3378.0,3378.0,3378.0
seed1-no-tmdriv,no_tmdriv,direct_max,dqs_iologic,lane1,dqs1,,endpoint,33,0.0,1179.0,2138.0,3414.0,3414.0,3414.0
seed1-reset-locks-only,reset_locks_only,direct_max,dqs_iologic,lane1,dqs1,,endpoint,33,0.0,855.0,2493.0,3653.0,3653.0,3653.0
seed1-robust,robust,direct_max,dqs_iologic,lane1,dqs1,,endpoint,33,0.0,1136.0,2089.0,2404.0,2404.0,2404.0
seed2-fail,fail,direct_max,dqs_iologic,lane1,dqs1,,endpoint,33,0.0,1277.0,1667.0,2052.0,2052.0,2052.0
seed2-no-tmdriv,no_tmdriv,direct_max,dqs_iologic,lane1,dqs1,,endpoint,33,0.0,944.0,1916.0,2094.0,2094.0,2094.0
seed2-reset-locks-only,reset_locks_only,direct_max,dqs_iologic,lane1,dqs1,,endpoint,33,0.0,1125.0,2171.0,3638.0,3638.0,3638.0
seed2-robust,robust,direct_max,dqs_iologic,lane1,dqs1,,endpoint,33,0.0,1125.0,2447.0,3404.0,3404.0,3404.0
seed3-pass,pass,direct_max,dqs_iologic,lane1,dqs1,,endpoint,33,0.0,944.0,2170.0,2838.0,2838.0,2838.0
seed4-pass,pass,direct_max,dqs_iologic,lane1,dqs1,,endpoint,33,0.0,1179.0,1950.0,2444.0,2444.0,2444.0
seed5-pass,pass,direct_max,dqs_iologic,lane1,dqs1,,endpoint,33,0.0,1125.0,1730.0,1973.0,1973.0,1973.0
seed1-fail,fail,direct_max,idelay_data_cntvaluein,lane0,dq0,0,endpoint,1,1955.0,1955.0,1955.0,1955.0,0.0,1955.0
seed1-no-tmdriv,no_tmdriv,direct_max,idelay_data_cntvaluein,lane0,dq0,0,endpoint,1,1363.0,1363.0,1363.0,1363.0,0.0,1363.0
seed1-reset-locks-only,reset_locks_only,direct_max,idelay_data_cntvaluein,lane0,dq0,0,endpoint,1,1840.0,1840.0,1840.0,1840.0,0.0,1840.0
seed1-robust,robust,direct_max,idelay_data_cntvaluein,lane0,dq0,0,endpoint,1,2128.0,2128.0,2128.0,2128.0,0.0,2128.0
seed2-fail,fail,direct_max,idelay_data_cntvaluein,lane0,dq0,0,endpoint,1,1498.0,1498.0,1498.0,1498.0,0.0,1498.0
seed2-no-tmdriv,no_tmdriv,direct_max,idelay_data_cntvaluein,lane0,dq0,0,endpoint,1,1101.0,1101.0,1101.0,1101.0,0.0,1101.0
seed2-reset-locks-only,reset_locks_only,direct_max,idelay_data_cntvaluein,lane0,dq0,0,endpoint,1,2312.0,2312.0,2312.0,2312.0,0.0,2312.0
seed2-robust,robust,direct_max,idelay_data_cntvaluein,lane0,dq0,0,endpoint,1,1679.0,1679.0,1679.0,1679.0,0.0,1679.0
seed3-pass,pass,direct_max,idelay_data_cntvaluein,lane0,dq0,0,endpoint,1,2163.0,2163.0,2163.0,2163.0,0.0,2163.0
seed4-pass,pass,direct_max,idelay_data_cntvaluein,lane0,dq0,0,endpoint,1,2167.0,2167.0,2167.0,2167.0,0.0,2167.0
seed5-pass,pass,direct_max,idelay_data_cntvaluein,lane0,dq0,0,endpoint,1,1587.0,1587.0,1587.0,1587.0,0.0,1587.0
seed1-fail,fail,direct_max,idelay_data_cntvaluein,lane0,dq0,1,endpoint,1,1597.0,1597.0,1597.0,1597.0,0.0,1597.0
seed1-no-tmdriv,no_tmdriv,direct_max,idelay_data_cntvaluein,lane0,dq0,1,endpoint,1,1848.0,1848.0,1848.0,1848.0,0.0,1848.0
seed1-reset-locks-only,reset_locks_only,direct_max,idelay_data_cntvaluein,lane0,dq0,1,endpoint,1,1593.0,1593.0,1593.0,1593.0,0.0,1593.0
seed1-robust,robust,direct_max,idelay_data_cntvaluein,lane0,dq0,1,endpoint,1,1335.0,1335.0,1335.0,1335.0,0.0,1335.0
seed2-fail,fail,direct_max,idelay_data_cntvaluein,lane0,dq0,1,endpoint,1,1962.0,1962.0,1962.0,1962.0,0.0,1962.0
seed2-no-tmdriv,no_tmdriv,direct_max,idelay_data_cntvaluein,lane0,dq0,1,endpoint,1,1832.0,1832.0,1832.0,1832.0,0.0,1832.0
seed2-reset-locks-only,reset_locks_only,direct_max,idelay_data_cntvaluein,lane0,dq0,1,endpoint,1,2278.0,2278.0,2278.0,2278.0,0.0,2278.0
seed2-robust,robust,direct_max,idelay_data_cntvaluein,lane0,dq0,1,endpoint,1,1723.0,1723.0,1723.0,1723.0,0.0,1723.0
seed3-pass,pass,direct_max,idelay_data_cntvaluein,lane0,dq0,1,endpoint,1,1453.0,1453.0,1453.0,1453.0,0.0,1453.0
seed4-pass,pass,direct_max,idelay_data_cntvaluein,lane0,dq0,1,endpoint,1,1830.0,1830.0,1830.0,1830.0,0.0,1830.0
seed5-pass,pass,direct_max,idelay_data_cntvaluein,lane0,dq0,1,endpoint,1,1950.0,1950.0,1950.0,1950.0,0.0,1950.0
seed1-fail,fail,direct_max,idelay_data_cntvaluein,lane0,dq0,2,endpoint,1,2145.0,2145.0,2145.0,2145.0,0.0,2145.0
seed1-no-tmdriv,no_tmdriv,direct_max,idelay_data_cntvaluein,lane0,dq0,2,endpoint,1,1396.0,1396.0,1396.0,1396.0,0.0,1396.0
seed1-reset-locks-only,reset_locks_only,direct_max,idelay_data_cntvaluein,lane0,dq0,2,endpoint,1,1289.0,1289.0,1289.0,1289.0,0.0,1289.0
seed1-robust,robust,direct_max,idelay_data_cntvaluein,lane0,dq0,2,endpoint,1,1840.0,1840.0,1840.0,1840.0,0.0,1840.0
seed2-fail,fail,direct_max,idelay_data_cntvaluein,lane0,dq0,2,endpoint,1,2000.0,2000.0,2000.0,2000.0,0.0,2000.0
seed2-no-tmdriv,no_tmdriv,direct_max,idelay_data_cntvaluein,lane0,dq0,2,endpoint,1,1416.0,1416.0,1416.0,1416.0,0.0,1416.0
seed2-reset-locks-only,reset_locks_only,direct_max,idelay_data_cntvaluein,lane0,dq0,2,endpoint,1,1889.0,1889.0,1889.0,1889.0,0.0,1889.0
seed2-robust,robust,direct_max,idelay_data_cntvaluein,lane0,dq0,2,endpoint,1,1445.0,1445.0,1445.0,1445.0,0.0,1445.0
seed3-pass,pass,direct_max,idelay_data_cntvaluein,lane0,dq0,2,endpoint,1,2006.0,2006.0,2006.0,2006.0,0.0,2006.0
seed4-pass,pass,direct_max,idelay_data_cntvaluein,lane0,dq0,2,endpoint,1,1582.0,1582.0,1582.0,1582.0,0.0,1582.0
seed5-pass,pass,direct_max,idelay_data_cntvaluein,lane0,dq0,2,endpoint,1,1282.0,1282.0,1282.0,1282.0,0.0,1282.0
seed1-fail,fail,direct_max,idelay_data_cntvaluein,lane0,dq0,3,endpoint,1,2368.0,2368.0,2368.0,2368.0,0.0,2368.0
seed1-no-tmdriv,no_tmdriv,direct_max,idelay_data_cntvaluein,lane0,dq0,3,endpoint,1,1552.0,1552.0,1552.0,1552.0,0.0,1552.0
seed1-reset-locks-only,reset_locks_only,direct_max,idelay_data_cntvaluein,lane0,dq0,3,endpoint,1,1378.0,1378.0,1378.0,1378.0,0.0,1378.0
seed1-robust,robust,direct_max,idelay_data_cntvaluein,lane0,dq0,3,endpoint,1,1286.0,1286.0,1286.0,1286.0,0.0,1286.0
seed2-fail,fail,direct_max,idelay_data_cntvaluein,lane0,dq0,3,endpoint,1,2082.0,2082.0,2082.0,2082.0,0.0,2082.0
seed2-no-tmdriv,no_tmdriv,direct_max,idelay_data_cntvaluein,lane0,dq0,3,endpoint,1,1080.0,1080.0,1080.0,1080.0,0.0,1080.0
seed2-reset-locks-only,reset_locks_only,direct_max,idelay_data_cntvaluein,lane0,dq0,3,endpoint,1,2035.0,2035.0,2035.0,2035.0,0.0,2035.0
seed2-robust,robust,direct_max,idelay_data_cntvaluein,lane0,dq0,3,endpoint,1,1730.0,1730.0,1730.0,1730.0,0.0,1730.0
seed3-pass,pass,direct_max,idelay_data_cntvaluein,lane0,dq0,3,endpoint,1,1758.0,1758.0,1758.0,1758.0,0.0,1758.0
seed4-pass,pass,direct_max,idelay_data_cntvaluein,lane0,dq0,3,endpoint,1,1835.0,1835.0,1835.0,1835.0,0.0,1835.0
seed5-pass,pass,direct_max,idelay_data_cntvaluein,lane0,dq0,3,endpoint,1,1730.0,1730.0,1730.0,1730.0,0.0,1730.0
seed1-fail,fail,direct_max,idelay_data_cntvaluein,lane0,dq0,4,endpoint,1,2016.0,2016.0,2016.0,2016.0,0.0,2016.0
seed1-no-tmdriv,no_tmdriv,direct_max,idelay_data_cntvaluein,lane0,dq0,4,endpoint,1,1705.0,1705.0,1705.0,1705.0,0.0,1705.0
seed1-reset-locks-only,reset_locks_only,direct_max,idelay_data_cntvaluein,lane0,dq0,4,endpoint,1,1638.0,1638.0,1638.0,1638.0,0.0,1638.0
seed1-robust,robust,direct_max,idelay_data_cntvaluein,lane0,dq0,4,endpoint,1,2553.0,2553.0,2553.0,2553.0,0.0,2553.0
seed2-fail,fail,direct_max,idelay_data_cntvaluein,lane0,dq0,4,endpoint,1,1699.0,1699.0,1699.0,1699.0,0.0,1699.0
seed2-no-tmdriv,no_tmdriv,direct_max,idelay_data_cntvaluein,lane0,dq0,4,endpoint,1,2032.0,2032.0,2032.0,2032.0,0.0,2032.0
seed2-reset-locks-only,reset_locks_only,direct_max,idelay_data_cntvaluein,lane0,dq0,4,endpoint,1,2497.0,2497.0,2497.0,2497.0,0.0,2497.0
seed2-robust,robust,direct_max,idelay_data_cntvaluein,lane0,dq0,4,endpoint,1,1875.0,1875.0,1875.0,1875.0,0.0,1875.0
seed3-pass,pass,direct_max,idelay_data_cntvaluein,lane0,dq0,4,endpoint,1,1664.0,1664.0,1664.0,1664.0,0.0,1664.0
seed4-pass,pass,direct_max,idelay_data_cntvaluein,lane0,dq0,4,endpoint,1,1894.0,1894.0,1894.0,1894.0,0.0,1894.0
seed5-pass,pass,direct_max,idelay_data_cntvaluein,lane0,dq0,4,endpoint,1,2000.0,2000.0,2000.0,2000.0,0.0,2000.0
seed1-fail,fail,direct_max,idelay_data_cntvaluein,lane0,dq1,0,endpoint,1,2042.0,2042.0,2042.0,2042.0,0.0,2042.0
seed1-no-tmdriv,no_tmdriv,direct_max,idelay_data_cntvaluein,lane0,dq1,0,endpoint,1,1452.0,1452.0,1452.0,1452.0,0.0,1452.0
seed1-reset-locks-only,reset_locks_only,direct_max,idelay_data_cntvaluein,lane0,dq1,0,endpoint,1,1899.0,1899.0,1899.0,1899.0,0.0,1899.0
seed1-robust,robust,direct_max,idelay_data_cntvaluein,lane0,dq1,0,endpoint,1,2273.0,2273.0,2273.0,2273.0,0.0,2273.0
seed2-fail,fail,direct_max,idelay_data_cntvaluein,lane0,dq1,0,endpoint,1,1585.0,1585.0,1585.0,1585.0,0.0,1585.0
seed2-no-tmdriv,no_tmdriv,direct_max,idelay_data_cntvaluein,lane0,dq1,0,endpoint,1,1185.0,1185.0,1185.0,1185.0,0.0,1185.0
seed2-reset-locks-only,reset_locks_only,direct_max,idelay_data_cntvaluein,lane0,dq1,0,endpoint,1,2408.0,2408.0,2408.0,2408.0,0.0,2408.0
seed2-robust,robust,direct_max,idelay_data_cntvaluein,lane0,dq1,0,endpoint,1,1764.0,1764.0,1764.0,1764.0,0.0,1764.0
seed3-pass,pass,direct_max,idelay_data_cntvaluein,lane0,dq1,0,endpoint,1,2072.0,2072.0,2072.0,2072.0,0.0,2072.0
seed4-pass,pass,direct_max,idelay_data_cntvaluein,lane0,dq1,0,endpoint,1,2206.0,2206.0,2206.0,2206.0,0.0,2206.0
seed5-pass,pass,direct_max,idelay_data_cntvaluein,lane0,dq1,0,endpoint,1,1639.0,1639.0,1639.0,1639.0,0.0,1639.0
seed1-fail,fail,direct_max,idelay_data_cntvaluein,lane0,dq1,1,endpoint,1,1689.0,1689.0,1689.0,1689.0,0.0,1689.0
seed1-no-tmdriv,no_tmdriv,direct_max,idelay_data_cntvaluein,lane0,dq1,1,endpoint,1,1707.0,1707.0,1707.0,1707.0,0.0,1707.0
seed1-reset-locks-only,reset_locks_only,direct_max,idelay_data_cntvaluein,lane0,dq1,1,endpoint,1,1511.0,1511.0,1511.0,1511.0,0.0,1511.0
seed1-robust,robust,direct_max,idelay_data_cntvaluein,lane0,dq1,1,endpoint,1,1332.0,1332.0,1332.0,1332.0,0.0,1332.0
seed2-fail,fail,direct_max,idelay_data_cntvaluein,lane0,dq1,1,endpoint,1,2046.0,2046.0,2046.0,2046.0,0.0,2046.0
seed2-no-tmdriv,no_tmdriv,direct_max,idelay_data_cntvaluein,lane0,dq1,1,endpoint,1,1921.0,1921.0,1921.0,1921.0,0.0,1921.0
seed2-reset-locks-only,reset_locks_only,direct_max,idelay_data_cntvaluein,lane0,dq1,1,endpoint,1,2411.0,2411.0,2411.0,2411.0,0.0,2411.0
seed2-robust,robust,direct_max,idelay_data_cntvaluein,lane0,dq1,1,endpoint,1,1805.0,1805.0,1805.0,1805.0,0.0,1805.0
seed3-pass,pass,direct_max,idelay_data_cntvaluein,lane0,dq1,1,endpoint,1,1500.0,1500.0,1500.0,1500.0,0.0,1500.0
seed4-pass,pass,direct_max,idelay_data_cntvaluein,lane0,dq1,1,endpoint,1,1743.0,1743.0,1743.0,1743.0,0.0,1743.0
seed5-pass,pass,direct_max,idelay_data_cntvaluein,lane0,dq1,1,endpoint,1,1950.0,1950.0,1950.0,1950.0,0.0,1950.0
seed1-fail,fail,direct_max,idelay_data_cntvaluein,lane0,dq1,2,endpoint,1,2236.0,2236.0,2236.0,2236.0,0.0,2236.0
seed1-no-tmdriv,no_tmdriv,direct_max,idelay_data_cntvaluein,lane0,dq1,2,endpoint,1,1391.0,1391.0,1391.0,1391.0,0.0,1391.0
seed1-reset-locks-only,reset_locks_only,direct_max,idelay_data_cntvaluein,lane0,dq1,2,endpoint,1,1381.0,1381.0,1381.0,1381.0,0.0,1381.0
seed1-robust,robust,direct_max,idelay_data_cntvaluein,lane0,dq1,2,endpoint,1,2013.0,2013.0,2013.0,2013.0,0.0,2013.0
seed2-fail,fail,direct_max,idelay_data_cntvaluein,lane0,dq1,2,endpoint,1,2006.0,2006.0,2006.0,2006.0,0.0,2006.0
seed2-no-tmdriv,no_tmdriv,direct_max,idelay_data_cntvaluein,lane0,dq1,2,endpoint,1,1422.0,1422.0,1422.0,1422.0,0.0,1422.0
seed2-reset-locks-only,reset_locks_only,direct_max,idelay_data_cntvaluein,lane0,dq1,2,endpoint,1,1945.0,1945.0,1945.0,1945.0,0.0,1945.0
seed2-robust,robust,direct_max,idelay_data_cntvaluein,lane0,dq1,2,endpoint,1,1358.0,1358.0,1358.0,1358.0,0.0,1358.0
seed3-pass,pass,direct_max,idelay_data_cntvaluein,lane0,dq1,2,endpoint,1,1919.0,1919.0,1919.0,1919.0,0.0,1919.0
seed4-pass,pass,direct_max,idelay_data_cntvaluein,lane0,dq1,2,endpoint,1,1674.0,1674.0,1674.0,1674.0,0.0,1674.0
seed5-pass,pass,direct_max,idelay_data_cntvaluein,lane0,dq1,2,endpoint,1,1363.0,1363.0,1363.0,1363.0,0.0,1363.0
seed1-fail,fail,direct_max,idelay_data_cntvaluein,lane0,dq1,3,endpoint,1,2453.0,2453.0,2453.0,2453.0,0.0,2453.0
seed1-no-tmdriv,no_tmdriv,direct_max,idelay_data_cntvaluein,lane0,dq1,3,endpoint,1,1472.0,1472.0,1472.0,1472.0,0.0,1472.0
seed1-reset-locks-only,reset_locks_only,direct_max,idelay_data_cntvaluein,lane0,dq1,3,endpoint,1,1470.0,1470.0,1470.0,1470.0,0.0,1470.0
seed1-robust,robust,direct_max,idelay_data_cntvaluein,lane0,dq1,3,endpoint,1,1371.0,1371.0,1371.0,1371.0,0.0,1371.0
seed2-fail,fail,direct_max,idelay_data_cntvaluein,lane0,dq1,3,endpoint,1,2174.0,2174.0,2174.0,2174.0,0.0,2174.0
seed2-no-tmdriv,no_tmdriv,direct_max,idelay_data_cntvaluein,lane0,dq1,3,endpoint,1,987.0,987.0,987.0,987.0,0.0,987.0
seed2-reset-locks-only,reset_locks_only,direct_max,idelay_data_cntvaluein,lane0,dq1,3,endpoint,1,1947.0,1947.0,1947.0,1947.0,0.0,1947.0
seed2-robust,robust,direct_max,idelay_data_cntvaluein,lane0,dq1,3,endpoint,1,1820.0,1820.0,1820.0,1820.0,0.0,1820.0
seed3-pass,pass,direct_max,idelay_data_cntvaluein,lane0,dq1,3,endpoint,1,1669.0,1669.0,1669.0,1669.0,0.0,1669.0
seed4-pass,pass,direct_max,idelay_data_cntvaluein,lane0,dq1,3,endpoint,1,1824.0,1824.0,1824.0,1824.0,0.0,1824.0
seed5-pass,pass,direct_max,idelay_data_cntvaluein,lane0,dq1,3,endpoint,1,1822.0,1822.0,1822.0,1822.0,0.0,1822.0
seed1-fail,fail,direct_max,idelay_data_cntvaluein,lane0,dq1,4,endpoint,1,2098.0,2098.0,2098.0,2098.0,0.0,2098.0
seed1-no-tmdriv,no_tmdriv,direct_max,idelay_data_cntvaluein,lane0,dq1,4,endpoint,1,1789.0,1789.0,1789.0,1789.0,0.0,1789.0
seed1-reset-locks-only,reset_locks_only,direct_max,idelay_data_cntvaluein,lane0,dq1,4,endpoint,1,1664.0,1664.0,1664.0,1664.0,0.0,1664.0
seed1-robust,robust,direct_max,idelay_data_cntvaluein,lane0,dq1,4,endpoint,1,2726.0,2726.0,2726.0,2726.0,0.0,2726.0
seed2-fail,fail,direct_max,idelay_data_cntvaluein,lane0,dq1,4,endpoint,1,1618.0,1618.0,1618.0,1618.0,0.0,1618.0
seed2-no-tmdriv,no_tmdriv,direct_max,idelay_data_cntvaluein,lane0,dq1,4,endpoint,1,2121.0,2121.0,2121.0,2121.0,0.0,2121.0
seed2-reset-locks-only,reset_locks_only,direct_max,idelay_data_cntvaluein,lane0,dq1,4,endpoint,1,2661.0,2661.0,2661.0,2661.0,0.0,2661.0
seed2-robust,robust,direct_max,idelay_data_cntvaluein,lane0,dq1,4,endpoint,1,2016.0,2016.0,2016.0,2016.0,0.0,2016.0
seed3-pass,pass,direct_max,idelay_data_cntvaluein,lane0,dq1,4,endpoint,1,1756.0,1756.0,1756.0,1756.0,0.0,1756.0
seed4-pass,pass,direct_max,idelay_data_cntvaluein,lane0,dq1,4,endpoint,1,1754.0,1754.0,1754.0,1754.0,0.0,1754.0
seed5-pass,pass,direct_max,idelay_data_cntvaluein,lane0,dq1,4,endpoint,1,2029.0,2029.0,2029.0,2029.0,0.0,2029.0
seed1-fail,fail,direct_max,idelay_data_cntvaluein,lane0,dq2,0,endpoint,1,2138.0,2138.0,2138.0,2138.0,0.0,2138.0
seed1-no-tmdriv,no_tmdriv,direct_max,idelay_data_cntvaluein,lane0,dq2,0,endpoint,1,1547.0,1547.0,1547.0,1547.0,0.0,1547.0
seed1-reset-locks-only,reset_locks_only,direct_max,idelay_data_cntvaluein,lane0,dq2,0,endpoint,1,1902.0,1902.0,1902.0,1902.0,0.0,1902.0
seed1-robust,robust,direct_max,idelay_data_cntvaluein,lane0,dq2,0,endpoint,1,2108.0,2108.0,2108.0,2108.0,0.0,2108.0
seed2-fail,fail,direct_max,idelay_data_cntvaluein,lane0,dq2,0,endpoint,1,1680.0,1680.0,1680.0,1680.0,0.0,1680.0
seed2-no-tmdriv,no_tmdriv,direct_max,idelay_data_cntvaluein,lane0,dq2,0,endpoint,1,1093.0,1093.0,1093.0,1093.0,0.0,1093.0
seed2-reset-locks-only,reset_locks_only,direct_max,idelay_data_cntvaluein,lane0,dq2,0,endpoint,1,2398.0,2398.0,2398.0,2398.0,0.0,2398.0
seed2-robust,robust,direct_max,idelay_data_cntvaluein,lane0,dq2,0,endpoint,1,1666.0,1666.0,1666.0,1666.0,0.0,1666.0
seed3-pass,pass,direct_max,idelay_data_cntvaluein,lane0,dq2,0,endpoint,1,2135.0,2135.0,2135.0,2135.0,0.0,2135.0
seed4-pass,pass,direct_max,idelay_data_cntvaluein,lane0,dq2,0,endpoint,1,2062.0,2062.0,2062.0,2062.0,0.0,2062.0
seed5-pass,pass,direct_max,idelay_data_cntvaluein,lane0,dq2,0,endpoint,1,1554.0,1554.0,1554.0,1554.0,0.0,1554.0
seed1-fail,fail,direct_max,idelay_data_cntvaluein,lane0,dq2,1,endpoint,1,1695.0,1695.0,1695.0,1695.0,0.0,1695.0
seed1-no-tmdriv,no_tmdriv,direct_max,idelay_data_cntvaluein,lane0,dq2,1,endpoint,1,1756.0,1756.0,1756.0,1756.0,0.0,1756.0
seed1-reset-locks-only,reset_locks_only,direct_max,idelay_data_cntvaluein,lane0,dq2,1,endpoint,1,1419.0,1419.0,1419.0,1419.0,0.0,1419.0
seed1-robust,robust,direct_max,idelay_data_cntvaluein,lane0,dq2,1,endpoint,1,1360.0,1360.0,1360.0,1360.0,0.0,1360.0
seed2-fail,fail,direct_max,idelay_data_cntvaluein,lane0,dq2,1,endpoint,1,2140.0,2140.0,2140.0,2140.0,0.0,2140.0
seed2-no-tmdriv,no_tmdriv,direct_max,idelay_data_cntvaluein,lane0,dq2,1,endpoint,1,1639.0,1639.0,1639.0,1639.0,0.0,1639.0
seed2-reset-locks-only,reset_locks_only,direct_max,idelay_data_cntvaluein,lane0,dq2,1,endpoint,1,2253.0,2253.0,2253.0,2253.0,0.0,2253.0
seed2-robust,robust,direct_max,idelay_data_cntvaluein,lane0,dq2,1,endpoint,1,1636.0,1636.0,1636.0,1636.0,0.0,1636.0
seed3-pass,pass,direct_max,idelay_data_cntvaluein,lane0,dq2,1,endpoint,1,1536.0,1536.0,1536.0,1536.0,0.0,1536.0
seed4-pass,pass,direct_max,idelay_data_cntvaluein,lane0,dq2,1,endpoint,1,1651.0,1651.0,1651.0,1651.0,0.0,1651.0
seed5-pass,pass,direct_max,idelay_data_cntvaluein,lane0,dq2,1,endpoint,1,1768.0,1768.0,1768.0,1768.0,0.0,1768.0
seed1-fail,fail,direct_max,idelay_data_cntvaluein,lane0,dq2,2,endpoint,1,2329.0,2329.0,2329.0,2329.0,0.0,2329.0
seed1-no-tmdriv,no_tmdriv,direct_max,idelay_data_cntvaluein,lane0,dq2,2,endpoint,1,1389.0,1389.0,1389.0,1389.0,0.0,1389.0
seed1-reset-locks-only,reset_locks_only,direct_max,idelay_data_cntvaluein,lane0,dq2,2,endpoint,1,1473.0,1473.0,1473.0,1473.0,0.0,1473.0
seed1-robust,robust,direct_max,idelay_data_cntvaluein,lane0,dq2,2,endpoint,1,2107.0,2107.0,2107.0,2107.0,0.0,2107.0
seed2-fail,fail,direct_max,idelay_data_cntvaluein,lane0,dq2,2,endpoint,1,2088.0,2088.0,2088.0,2088.0,0.0,2088.0
seed2-no-tmdriv,no_tmdriv,direct_max,idelay_data_cntvaluein,lane0,dq2,2,endpoint,1,1590.0,1590.0,1590.0,1590.0,0.0,1590.0
seed2-reset-locks-only,reset_locks_only,direct_max,idelay_data_cntvaluein,lane0,dq2,2,endpoint,1,1789.0,1789.0,1789.0,1789.0,0.0,1789.0
seed2-robust,robust,direct_max,idelay_data_cntvaluein,lane0,dq2,2,endpoint,1,1284.0,1284.0,1284.0,1284.0,0.0,1284.0
seed3-pass,pass,direct_max,idelay_data_cntvaluein,lane0,dq2,2,endpoint,1,1827.0,1827.0,1827.0,1827.0,0.0,1827.0
seed4-pass,pass,direct_max,idelay_data_cntvaluein,lane0,dq2,2,endpoint,1,1766.0,1766.0,1766.0,1766.0,0.0,1766.0
seed5-pass,pass,direct_max,idelay_data_cntvaluein,lane0,dq2,2,endpoint,1,1207.0,1207.0,1207.0,1207.0,0.0,1207.0
seed1-fail,fail,direct_max,idelay_data_cntvaluein,lane0,dq2,3,endpoint,1,2226.0,2226.0,2226.0,2226.0,0.0,2226.0
seed1-no-tmdriv,no_tmdriv,direct_max,idelay_data_cntvaluein,lane0,dq2,3,endpoint,1,1565.0,1565.0,1565.0,1565.0,0.0,1565.0
seed1-reset-locks-only,reset_locks_only,direct_max,idelay_data_cntvaluein,lane0,dq2,3,endpoint,1,1557.0,1557.0,1557.0,1557.0,0.0,1557.0
seed1-robust,robust,direct_max,idelay_data_cntvaluein,lane0,dq2,3,endpoint,1,1463.0,1463.0,1463.0,1463.0,0.0,1463.0
seed2-fail,fail,direct_max,idelay_data_cntvaluein,lane0,dq2,3,endpoint,1,2042.0,2042.0,2042.0,2042.0,0.0,2042.0
seed2-no-tmdriv,no_tmdriv,direct_max,idelay_data_cntvaluein,lane0,dq2,3,endpoint,1,1164.0,1164.0,1164.0,1164.0,0.0,1164.0
seed2-reset-locks-only,reset_locks_only,direct_max,idelay_data_cntvaluein,lane0,dq2,3,endpoint,1,1855.0,1855.0,1855.0,1855.0,0.0,1855.0
seed2-robust,robust,direct_max,idelay_data_cntvaluein,lane0,dq2,3,endpoint,1,1735.0,1735.0,1735.0,1735.0,0.0,1735.0
seed3-pass,pass,direct_max,idelay_data_cntvaluein,lane0,dq2,3,endpoint,1,1577.0,1577.0,1577.0,1577.0,0.0,1577.0
seed4-pass,pass,direct_max,idelay_data_cntvaluein,lane0,dq2,3,endpoint,1,1865.0,1865.0,1865.0,1865.0,0.0,1865.0
seed5-pass,pass,direct_max,idelay_data_cntvaluein,lane0,dq2,3,endpoint,1,1914.0,1914.0,1914.0,1914.0,0.0,1914.0
seed1-fail,fail,direct_max,idelay_data_cntvaluein,lane0,dq2,4,endpoint,1,2193.0,2193.0,2193.0,2193.0,0.0,2193.0
seed1-no-tmdriv,no_tmdriv,direct_max,idelay_data_cntvaluein,lane0,dq2,4,endpoint,1,1572.0,1572.0,1572.0,1572.0,0.0,1572.0
seed1-reset-locks-only,reset_locks_only,direct_max,idelay_data_cntvaluein,lane0,dq2,4,endpoint,1,1759.0,1759.0,1759.0,1759.0,0.0,1759.0
seed1-robust,robust,direct_max,idelay_data_cntvaluein,lane0,dq2,4,endpoint,1,2822.0,2822.0,2822.0,2822.0,0.0,2822.0
seed2-fail,fail,direct_max,idelay_data_cntvaluein,lane0,dq2,4,endpoint,1,1787.0,1787.0,1787.0,1787.0,0.0,1787.0
seed2-no-tmdriv,no_tmdriv,direct_max,idelay_data_cntvaluein,lane0,dq2,4,endpoint,1,2216.0,2216.0,2216.0,2216.0,0.0,2216.0
seed2-reset-locks-only,reset_locks_only,direct_max,idelay_data_cntvaluein,lane0,dq2,4,endpoint,1,2378.0,2378.0,2378.0,2378.0,0.0,2378.0
seed2-robust,robust,direct_max,idelay_data_cntvaluein,lane0,dq2,4,endpoint,1,2049.0,2049.0,2049.0,2049.0,0.0,2049.0
seed3-pass,pass,direct_max,idelay_data_cntvaluein,lane0,dq2,4,endpoint,1,1712.0,1712.0,1712.0,1712.0,0.0,1712.0
seed4-pass,pass,direct_max,idelay_data_cntvaluein,lane0,dq2,4,endpoint,1,1889.0,1889.0,1889.0,1889.0,0.0,1889.0
seed5-pass,pass,direct_max,idelay_data_cntvaluein,lane0,dq2,4,endpoint,1,1949.0,1949.0,1949.0,1949.0,0.0,1949.0
seed1-fail,fail,direct_max,idelay_data_cntvaluein,lane0,dq3,0,endpoint,1,1690.0,1690.0,1690.0,1690.0,0.0,1690.0
seed1-no-tmdriv,no_tmdriv,direct_max,idelay_data_cntvaluein,lane0,dq3,0,endpoint,1,1231.0,1231.0,1231.0,1231.0,0.0,1231.0
seed1-reset-locks-only,reset_locks_only,direct_max,idelay_data_cntvaluein,lane0,dq3,0,endpoint,1,1799.0,1799.0,1799.0,1799.0,0.0,1799.0
seed1-robust,robust,direct_max,idelay_data_cntvaluein,lane0,dq3,0,endpoint,1,1929.0,1929.0,1929.0,1929.0,0.0,1929.0
seed2-fail,fail,direct_max,idelay_data_cntvaluein,lane0,dq3,0,endpoint,1,1809.0,1809.0,1809.0,1809.0,0.0,1809.0
seed2-no-tmdriv,no_tmdriv,direct_max,idelay_data_cntvaluein,lane0,dq3,0,endpoint,1,1210.0,1210.0,1210.0,1210.0,0.0,1210.0
seed2-reset-locks-only,reset_locks_only,direct_max,idelay_data_cntvaluein,lane0,dq3,0,endpoint,1,2177.0,2177.0,2177.0,2177.0,0.0,2177.0
seed2-robust,robust,direct_max,idelay_data_cntvaluein,lane0,dq3,0,endpoint,1,1458.0,1458.0,1458.0,1458.0,0.0,1458.0
seed3-pass,pass,direct_max,idelay_data_cntvaluein,lane0,dq3,0,endpoint,1,1983.0,1983.0,1983.0,1983.0,0.0,1983.0
seed4-pass,pass,direct_max,idelay_data_cntvaluein,lane0,dq3,0,endpoint,1,1779.0,1779.0,1779.0,1779.0,0.0,1779.0
seed5-pass,pass,direct_max,idelay_data_cntvaluein,lane0,dq3,0,endpoint,1,1368.0,1368.0,1368.0,1368.0,0.0,1368.0
seed1-fail,fail,direct_max,idelay_data_cntvaluein,lane0,dq3,1,endpoint,1,1597.0,1597.0,1597.0,1597.0,0.0,1597.0
seed1-no-tmdriv,no_tmdriv,direct_max,idelay_data_cntvaluein,lane0,dq3,1,endpoint,1,1559.0,1559.0,1559.0,1559.0,0.0,1559.0
seed1-reset-locks-only,reset_locks_only,direct_max,idelay_data_cntvaluein,lane0,dq3,1,endpoint,1,1363.0,1363.0,1363.0,1363.0,0.0,1363.0
seed1-robust,robust,direct_max,idelay_data_cntvaluein,lane0,dq3,1,endpoint,1,1281.0,1281.0,1281.0,1281.0,0.0,1281.0
seed2-fail,fail,direct_max,idelay_data_cntvaluein,lane0,dq3,1,endpoint,1,1730.0,1730.0,1730.0,1730.0,0.0,1730.0
seed2-no-tmdriv,no_tmdriv,direct_max,idelay_data_cntvaluein,lane0,dq3,1,endpoint,1,1590.0,1590.0,1590.0,1590.0,0.0,1590.0
seed2-reset-locks-only,reset_locks_only,direct_max,idelay_data_cntvaluein,lane0,dq3,1,endpoint,1,2111.0,2111.0,2111.0,2111.0,0.0,2111.0
seed2-robust,robust,direct_max,idelay_data_cntvaluein,lane0,dq3,1,endpoint,1,1648.0,1648.0,1648.0,1648.0,0.0,1648.0
seed3-pass,pass,direct_max,idelay_data_cntvaluein,lane0,dq3,1,endpoint,1,1378.0,1378.0,1378.0,1378.0,0.0,1378.0
seed4-pass,pass,direct_max,idelay_data_cntvaluein,lane0,dq3,1,endpoint,1,1598.0,1598.0,1598.0,1598.0,0.0,1598.0
seed5-pass,pass,direct_max,idelay_data_cntvaluein,lane0,dq3,1,endpoint,1,1634.0,1634.0,1634.0,1634.0,0.0,1634.0
seed1-fail,fail,direct_max,idelay_data_cntvaluein,lane0,dq3,2,endpoint,1,2112.0,2112.0,2112.0,2112.0,0.0,2112.0
seed1-no-tmdriv,no_tmdriv,direct_max,idelay_data_cntvaluein,lane0,dq3,2,endpoint,1,1611.0,1611.0,1611.0,1611.0,0.0,1611.0
seed1-reset-locks-only,reset_locks_only,direct_max,idelay_data_cntvaluein,lane0,dq3,2,endpoint,1,1258.0,1258.0,1258.0,1258.0,0.0,1258.0
seed1-robust,robust,direct_max,idelay_data_cntvaluein,lane0,dq3,2,endpoint,1,1786.0,1786.0,1786.0,1786.0,0.0,1786.0
seed2-fail,fail,direct_max,idelay_data_cntvaluein,lane0,dq3,2,endpoint,1,1855.0,1855.0,1855.0,1855.0,0.0,1855.0
seed2-no-tmdriv,no_tmdriv,direct_max,idelay_data_cntvaluein,lane0,dq3,2,endpoint,1,1358.0,1358.0,1358.0,1358.0,0.0,1358.0
seed2-reset-locks-only,reset_locks_only,direct_max,idelay_data_cntvaluein,lane0,dq3,2,endpoint,1,1743.0,1743.0,1743.0,1743.0,0.0,1743.0
seed2-robust,robust,direct_max,idelay_data_cntvaluein,lane0,dq3,2,endpoint,1,1238.0,1238.0,1238.0,1238.0,0.0,1238.0
seed3-pass,pass,direct_max,idelay_data_cntvaluein,lane0,dq3,2,endpoint,1,1769.0,1769.0,1769.0,1769.0,0.0,1769.0
seed4-pass,pass,direct_max,idelay_data_cntvaluein,lane0,dq3,2,endpoint,1,1572.0,1572.0,1572.0,1572.0,0.0,1572.0
seed5-pass,pass,direct_max,idelay_data_cntvaluein,lane0,dq3,2,endpoint,1,1427.0,1427.0,1427.0,1427.0,0.0,1427.0
seed1-fail,fail,direct_max,idelay_data_cntvaluein,lane0,dq3,3,endpoint,1,2016.0,2016.0,2016.0,2016.0,0.0,2016.0
seed1-no-tmdriv,no_tmdriv,direct_max,idelay_data_cntvaluein,lane0,dq3,3,endpoint,1,1414.0,1414.0,1414.0,1414.0,0.0,1414.0
seed1-reset-locks-only,reset_locks_only,direct_max,idelay_data_cntvaluein,lane0,dq3,3,endpoint,1,1363.0,1363.0,1363.0,1363.0,0.0,1363.0
seed1-robust,robust,direct_max,idelay_data_cntvaluein,lane0,dq3,3,endpoint,1,1457.0,1457.0,1457.0,1457.0,0.0,1457.0
seed2-fail,fail,direct_max,idelay_data_cntvaluein,lane0,dq3,3,endpoint,1,1707.0,1707.0,1707.0,1707.0,0.0,1707.0
seed2-no-tmdriv,no_tmdriv,direct_max,idelay_data_cntvaluein,lane0,dq3,3,endpoint,1,1125.0,1125.0,1125.0,1125.0,0.0,1125.0
seed2-reset-locks-only,reset_locks_only,direct_max,idelay_data_cntvaluein,lane0,dq3,3,endpoint,1,2072.0,2072.0,2072.0,2072.0,0.0,2072.0
seed2-robust,robust,direct_max,idelay_data_cntvaluein,lane0,dq3,3,endpoint,1,1690.0,1690.0,1690.0,1690.0,0.0,1690.0
seed3-pass,pass,direct_max,idelay_data_cntvaluein,lane0,dq3,3,endpoint,1,1393.0,1393.0,1393.0,1393.0,0.0,1393.0
seed4-pass,pass,direct_max,idelay_data_cntvaluein,lane0,dq3,3,endpoint,1,1797.0,1797.0,1797.0,1797.0,0.0,1797.0
seed5-pass,pass,direct_max,idelay_data_cntvaluein,lane0,dq3,3,endpoint,1,1386.0,1386.0,1386.0,1386.0,0.0,1386.0
seed1-fail,fail,direct_max,idelay_data_cntvaluein,lane0,dq3,4,endpoint,1,2135.0,2135.0,2135.0,2135.0,0.0,2135.0
seed1-no-tmdriv,no_tmdriv,direct_max,idelay_data_cntvaluein,lane0,dq3,4,endpoint,1,1521.0,1521.0,1521.0,1521.0,0.0,1521.0
seed1-reset-locks-only,reset_locks_only,direct_max,idelay_data_cntvaluein,lane0,dq3,4,endpoint,1,1337.0,1337.0,1337.0,1337.0,0.0,1337.0
seed1-robust,robust,direct_max,idelay_data_cntvaluein,lane0,dq3,4,endpoint,1,2499.0,2499.0,2499.0,2499.0,0.0,2499.0
seed2-fail,fail,direct_max,idelay_data_cntvaluein,lane0,dq3,4,endpoint,1,1555.0,1555.0,1555.0,1555.0,0.0,1555.0
seed2-no-tmdriv,no_tmdriv,direct_max,idelay_data_cntvaluein,lane0,dq3,4,endpoint,1,1827.0,1827.0,1827.0,1827.0,0.0,1827.0
seed2-reset-locks-only,reset_locks_only,direct_max,idelay_data_cntvaluein,lane0,dq3,4,endpoint,1,2266.0,2266.0,2266.0,2266.0,0.0,2266.0
seed2-robust,robust,direct_max,idelay_data_cntvaluein,lane0,dq3,4,endpoint,1,1848.0,1848.0,1848.0,1848.0,0.0,1848.0
seed3-pass,pass,direct_max,idelay_data_cntvaluein,lane0,dq3,4,endpoint,1,1587.0,1587.0,1587.0,1587.0,0.0,1587.0
seed4-pass,pass,direct_max,idelay_data_cntvaluein,lane0,dq3,4,endpoint,1,1945.0,1945.0,1945.0,1945.0,0.0,1945.0
seed5-pass,pass,direct_max,idelay_data_cntvaluein,lane0,dq3,4,endpoint,1,1764.0,1764.0,1764.0,1764.0,0.0,1764.0
seed1-fail,fail,direct_max,idelay_data_cntvaluein,lane0,dq4,0,endpoint,1,2131.0,2131.0,2131.0,2131.0,0.0,2131.0
seed1-no-tmdriv,no_tmdriv,direct_max,idelay_data_cntvaluein,lane0,dq4,0,endpoint,1,1539.0,1539.0,1539.0,1539.0,0.0,1539.0
seed1-reset-locks-only,reset_locks_only,direct_max,idelay_data_cntvaluein,lane0,dq4,0,endpoint,1,1902.0,1902.0,1902.0,1902.0,0.0,1902.0
seed1-robust,robust,direct_max,idelay_data_cntvaluein,lane0,dq4,0,endpoint,1,2059.0,2059.0,2059.0,2059.0,0.0,2059.0
seed2-fail,fail,direct_max,idelay_data_cntvaluein,lane0,dq4,0,endpoint,1,1593.0,1593.0,1593.0,1593.0,0.0,1593.0
seed2-no-tmdriv,no_tmdriv,direct_max,idelay_data_cntvaluein,lane0,dq4,0,endpoint,1,1009.0,1009.0,1009.0,1009.0,0.0,1009.0
seed2-reset-locks-only,reset_locks_only,direct_max,idelay_data_cntvaluein,lane0,dq4,0,endpoint,1,2315.0,2315.0,2315.0,2315.0,0.0,2315.0
seed2-robust,robust,direct_max,idelay_data_cntvaluein,lane0,dq4,0,endpoint,1,1587.0,1587.0,1587.0,1587.0,0.0,1587.0
seed3-pass,pass,direct_max,idelay_data_cntvaluein,lane0,dq4,0,endpoint,1,2135.0,2135.0,2135.0,2135.0,0.0,2135.0
seed4-pass,pass,direct_max,idelay_data_cntvaluein,lane0,dq4,0,endpoint,1,2075.0,2075.0,2075.0,2075.0,0.0,2075.0
seed5-pass,pass,direct_max,idelay_data_cntvaluein,lane0,dq4,0,endpoint,1,1641.0,1641.0,1641.0,1641.0,0.0,1641.0
seed1-fail,fail,direct_max,idelay_data_cntvaluein,lane0,dq4,1,endpoint,1,1600.0,1600.0,1600.0,1600.0,0.0,1600.0
seed1-no-tmdriv,no_tmdriv,direct_max,idelay_data_cntvaluein,lane0,dq4,1,endpoint,1,1761.0,1761.0,1761.0,1761.0,0.0,1761.0
seed1-reset-locks-only,reset_locks_only,direct_max,idelay_data_cntvaluein,lane0,dq4,1,endpoint,1,1565.0,1565.0,1565.0,1565.0,0.0,1565.0
seed1-robust,robust,direct_max,idelay_data_cntvaluein,lane0,dq4,1,endpoint,1,1332.0,1332.0,1332.0,1332.0,0.0,1332.0
seed2-fail,fail,direct_max,idelay_data_cntvaluein,lane0,dq4,1,endpoint,1,2138.0,2138.0,2138.0,2138.0,0.0,2138.0
seed2-no-tmdriv,no_tmdriv,direct_max,idelay_data_cntvaluein,lane0,dq4,1,endpoint,1,1728.0,1728.0,1728.0,1728.0,0.0,1728.0
seed2-reset-locks-only,reset_locks_only,direct_max,idelay_data_cntvaluein,lane0,dq4,1,endpoint,1,2335.0,2335.0,2335.0,2335.0,0.0,2335.0
seed2-robust,robust,direct_max,idelay_data_cntvaluein,lane0,dq4,1,endpoint,1,1896.0,1896.0,1896.0,1896.0,0.0,1896.0
seed3-pass,pass,direct_max,idelay_data_cntvaluein,lane0,dq4,1,endpoint,1,1445.0,1445.0,1445.0,1445.0,0.0,1445.0
seed4-pass,pass,direct_max,idelay_data_cntvaluein,lane0,dq4,1,endpoint,1,1738.0,1738.0,1738.0,1738.0,0.0,1738.0
seed5-pass,pass,direct_max,idelay_data_cntvaluein,lane0,dq4,1,endpoint,1,1912.0,1912.0,1912.0,1912.0,0.0,1912.0
seed1-fail,fail,direct_max,idelay_data_cntvaluein,lane0,dq4,2,endpoint,1,2328.0,2328.0,2328.0,2328.0,0.0,2328.0
seed1-no-tmdriv,no_tmdriv,direct_max,idelay_data_cntvaluein,lane0,dq4,2,endpoint,1,1475.0,1475.0,1475.0,1475.0,0.0,1475.0
seed1-reset-locks-only,reset_locks_only,direct_max,idelay_data_cntvaluein,lane0,dq4,2,endpoint,1,1472.0,1472.0,1472.0,1472.0,0.0,1472.0
seed1-robust,robust,direct_max,idelay_data_cntvaluein,lane0,dq4,2,endpoint,1,2105.0,2105.0,2105.0,2105.0,0.0,2105.0
seed2-fail,fail,direct_max,idelay_data_cntvaluein,lane0,dq4,2,endpoint,1,2141.0,2141.0,2141.0,2141.0,0.0,2141.0
seed2-no-tmdriv,no_tmdriv,direct_max,idelay_data_cntvaluein,lane0,dq4,2,endpoint,1,1506.0,1506.0,1506.0,1506.0,0.0,1506.0
seed2-reset-locks-only,reset_locks_only,direct_max,idelay_data_cntvaluein,lane0,dq4,2,endpoint,1,1876.0,1876.0,1876.0,1876.0,0.0,1876.0
seed2-robust,robust,direct_max,idelay_data_cntvaluein,lane0,dq4,2,endpoint,1,1450.0,1450.0,1450.0,1450.0,0.0,1450.0
seed3-pass,pass,direct_max,idelay_data_cntvaluein,lane0,dq4,2,endpoint,1,1975.0,1975.0,1975.0,1975.0,0.0,1975.0
seed4-pass,pass,direct_max,idelay_data_cntvaluein,lane0,dq4,2,endpoint,1,1764.0,1764.0,1764.0,1764.0,0.0,1764.0
seed5-pass,pass,direct_max,idelay_data_cntvaluein,lane0,dq4,2,endpoint,1,1453.0,1453.0,1453.0,1453.0,0.0,1453.0
seed1-fail,fail,direct_max,idelay_data_cntvaluein,lane0,dq4,3,endpoint,1,2460.0,2460.0,2460.0,2460.0,0.0,2460.0
seed1-no-tmdriv,no_tmdriv,direct_max,idelay_data_cntvaluein,lane0,dq4,3,endpoint,1,1557.0,1557.0,1557.0,1557.0,0.0,1557.0
seed1-reset-locks-only,reset_locks_only,direct_max,idelay_data_cntvaluein,lane0,dq4,3,endpoint,1,1472.0,1472.0,1472.0,1472.0,0.0,1472.0
seed1-robust,robust,direct_max,idelay_data_cntvaluein,lane0,dq4,3,endpoint,1,1455.0,1455.0,1455.0,1455.0,0.0,1455.0
seed2-fail,fail,direct_max,idelay_data_cntvaluein,lane0,dq4,3,endpoint,1,2176.0,2176.0,2176.0,2176.0,0.0,2176.0
seed2-no-tmdriv,no_tmdriv,direct_max,idelay_data_cntvaluein,lane0,dq4,3,endpoint,1,1072.0,1072.0,1072.0,1072.0,0.0,1072.0
seed2-reset-locks-only,reset_locks_only,direct_max,idelay_data_cntvaluein,lane0,dq4,3,endpoint,1,2111.0,2111.0,2111.0,2111.0,0.0,2111.0
seed2-robust,robust,direct_max,idelay_data_cntvaluein,lane0,dq4,3,endpoint,1,1822.0,1822.0,1822.0,1822.0,0.0,1822.0
seed3-pass,pass,direct_max,idelay_data_cntvaluein,lane0,dq4,3,endpoint,1,1626.0,1626.0,1626.0,1626.0,0.0,1626.0
seed4-pass,pass,direct_max,idelay_data_cntvaluein,lane0,dq4,3,endpoint,1,1820.0,1820.0,1820.0,1820.0,0.0,1820.0
seed5-pass,pass,direct_max,idelay_data_cntvaluein,lane0,dq4,3,endpoint,1,1824.0,1824.0,1824.0,1824.0,0.0,1824.0
seed1-fail,fail,direct_max,idelay_data_cntvaluein,lane0,dq4,4,endpoint,1,2186.0,2186.0,2186.0,2186.0,0.0,2186.0
seed1-no-tmdriv,no_tmdriv,direct_max,idelay_data_cntvaluein,lane0,dq4,4,endpoint,1,1654.0,1654.0,1654.0,1654.0,0.0,1654.0
seed1-reset-locks-only,reset_locks_only,direct_max,idelay_data_cntvaluein,lane0,dq4,4,endpoint,1,1753.0,1753.0,1753.0,1753.0,0.0,1753.0
seed1-robust,robust,direct_max,idelay_data_cntvaluein,lane0,dq4,4,endpoint,1,2815.0,2815.0,2815.0,2815.0,0.0,2815.0
seed2-fail,fail,direct_max,idelay_data_cntvaluein,lane0,dq4,4,endpoint,1,1702.0,1702.0,1702.0,1702.0,0.0,1702.0
seed2-no-tmdriv,no_tmdriv,direct_max,idelay_data_cntvaluein,lane0,dq4,4,endpoint,1,2128.0,2128.0,2128.0,2128.0,0.0,2128.0
seed2-reset-locks-only,reset_locks_only,direct_max,idelay_data_cntvaluein,lane0,dq4,4,endpoint,1,2746.0,2746.0,2746.0,2746.0,0.0,2746.0
seed2-robust,robust,direct_max,idelay_data_cntvaluein,lane0,dq4,4,endpoint,1,1962.0,1962.0,1962.0,1962.0,0.0,1962.0
seed3-pass,pass,direct_max,idelay_data_cntvaluein,lane0,dq4,4,endpoint,1,1799.0,1799.0,1799.0,1799.0,0.0,1799.0
seed4-pass,pass,direct_max,idelay_data_cntvaluein,lane0,dq4,4,endpoint,1,1889.0,1889.0,1889.0,1889.0,0.0,1889.0
seed5-pass,pass,direct_max,idelay_data_cntvaluein,lane0,dq4,4,endpoint,1,2115.0,2115.0,2115.0,2115.0,0.0,2115.0
seed1-fail,fail,direct_max,idelay_data_cntvaluein,lane0,dq5,0,endpoint,1,1690.0,1690.0,1690.0,1690.0,0.0,1690.0
seed1-no-tmdriv,no_tmdriv,direct_max,idelay_data_cntvaluein,lane0,dq5,0,endpoint,1,1320.0,1320.0,1320.0,1320.0,0.0,1320.0
seed1-reset-locks-only,reset_locks_only,direct_max,idelay_data_cntvaluein,lane0,dq5,0,endpoint,1,1796.0,1796.0,1796.0,1796.0,0.0,1796.0
seed1-robust,robust,direct_max,idelay_data_cntvaluein,lane0,dq5,0,endpoint,1,1840.0,1840.0,1840.0,1840.0,0.0,1840.0
seed2-fail,fail,direct_max,idelay_data_cntvaluein,lane0,dq5,0,endpoint,1,1898.0,1898.0,1898.0,1898.0,0.0,1898.0
seed2-no-tmdriv,no_tmdriv,direct_max,idelay_data_cntvaluein,lane0,dq5,0,endpoint,1,1184.0,1184.0,1184.0,1184.0,0.0,1184.0
seed2-reset-locks-only,reset_locks_only,direct_max,idelay_data_cntvaluein,lane0,dq5,0,endpoint,1,2262.0,2262.0,2262.0,2262.0,0.0,2262.0
seed2-robust,robust,direct_max,idelay_data_cntvaluein,lane0,dq5,0,endpoint,1,1536.0,1536.0,1536.0,1536.0,0.0,1536.0
seed3-pass,pass,direct_max,idelay_data_cntvaluein,lane0,dq5,0,endpoint,1,1927.0,1927.0,1927.0,1927.0,0.0,1927.0
seed4-pass,pass,direct_max,idelay_data_cntvaluein,lane0,dq5,0,endpoint,1,1911.0,1911.0,1911.0,1911.0,0.0,1911.0
seed5-pass,pass,direct_max,idelay_data_cntvaluein,lane0,dq5,0,endpoint,1,1452.0,1452.0,1452.0,1452.0,0.0,1452.0
seed1-fail,fail,direct_max,idelay_data_cntvaluein,lane0,dq5,1,endpoint,1,1746.0,1746.0,1746.0,1746.0,0.0,1746.0
seed1-no-tmdriv,no_tmdriv,direct_max,idelay_data_cntvaluein,lane0,dq5,1,endpoint,1,1478.0,1478.0,1478.0,1478.0,0.0,1478.0
seed1-reset-locks-only,reset_locks_only,direct_max,idelay_data_cntvaluein,lane0,dq5,1,endpoint,1,1281.0,1281.0,1281.0,1281.0,0.0,1281.0
seed1-robust,robust,direct_max,idelay_data_cntvaluein,lane0,dq5,1,endpoint,1,1286.0,1286.0,1286.0,1286.0,0.0,1286.0
seed2-fail,fail,direct_max,idelay_data_cntvaluein,lane0,dq5,1,endpoint,1,1726.0,1726.0,1726.0,1726.0,0.0,1726.0
seed2-no-tmdriv,no_tmdriv,direct_max,idelay_data_cntvaluein,lane0,dq5,1,endpoint,1,1674.0,1674.0,1674.0,1674.0,0.0,1674.0
seed2-reset-locks-only,reset_locks_only,direct_max,idelay_data_cntvaluein,lane0,dq5,1,endpoint,1,2115.0,2115.0,2115.0,2115.0,0.0,2115.0
seed2-robust,robust,direct_max,idelay_data_cntvaluein,lane0,dq5,1,endpoint,1,1559.0,1559.0,1559.0,1559.0,0.0,1559.0
seed3-pass,pass,direct_max,idelay_data_cntvaluein,lane0,dq5,1,endpoint,1,1470.0,1470.0,1470.0,1470.0,0.0,1470.0
seed4-pass,pass,direct_max,idelay_data_cntvaluein,lane0,dq5,1,endpoint,1,1680.0,1680.0,1680.0,1680.0,0.0,1680.0
seed5-pass,pass,direct_max,idelay_data_cntvaluein,lane0,dq5,1,endpoint,1,1626.0,1626.0,1626.0,1626.0,0.0,1626.0
seed1-fail,fail,direct_max,idelay_data_cntvaluein,lane0,dq5,2,endpoint,1,2203.0,2203.0,2203.0,2203.0,0.0,2203.0
seed1-no-tmdriv,no_tmdriv,direct_max,idelay_data_cntvaluein,lane0,dq5,2,endpoint,1,1695.0,1695.0,1695.0,1695.0,0.0,1695.0
seed1-reset-locks-only,reset_locks_only,direct_max,idelay_data_cntvaluein,lane0,dq5,2,endpoint,1,1273.0,1273.0,1273.0,1273.0,0.0,1273.0
seed1-robust,robust,direct_max,idelay_data_cntvaluein,lane0,dq5,2,endpoint,1,1878.0,1878.0,1878.0,1878.0,0.0,1878.0
seed2-fail,fail,direct_max,idelay_data_cntvaluein,lane0,dq5,2,endpoint,1,1935.0,1935.0,1935.0,1935.0,0.0,1935.0
seed2-no-tmdriv,no_tmdriv,direct_max,idelay_data_cntvaluein,lane0,dq5,2,endpoint,1,1449.0,1449.0,1449.0,1449.0,0.0,1449.0
seed2-reset-locks-only,reset_locks_only,direct_max,idelay_data_cntvaluein,lane0,dq5,2,endpoint,1,1835.0,1835.0,1835.0,1835.0,0.0,1835.0
seed2-robust,robust,direct_max,idelay_data_cntvaluein,lane0,dq5,2,endpoint,1,1328.0,1328.0,1328.0,1328.0,0.0,1328.0
seed3-pass,pass,direct_max,idelay_data_cntvaluein,lane0,dq5,2,endpoint,1,1687.0,1687.0,1687.0,1687.0,0.0,1687.0
seed4-pass,pass,direct_max,idelay_data_cntvaluein,lane0,dq5,2,endpoint,1,1628.0,1628.0,1628.0,1628.0,0.0,1628.0
seed5-pass,pass,direct_max,idelay_data_cntvaluein,lane0,dq5,2,endpoint,1,1347.0,1347.0,1347.0,1347.0,0.0,1347.0
seed1-fail,fail,direct_max,idelay_data_cntvaluein,lane0,dq5,3,endpoint,1,2098.0,2098.0,2098.0,2098.0,0.0,2098.0
seed1-no-tmdriv,no_tmdriv,direct_max,idelay_data_cntvaluein,lane0,dq5,3,endpoint,1,1394.0,1394.0,1394.0,1394.0,0.0,1394.0
seed1-reset-locks-only,reset_locks_only,direct_max,idelay_data_cntvaluein,lane0,dq5,3,endpoint,1,1281.0,1281.0,1281.0,1281.0,0.0,1281.0
seed1-robust,robust,direct_max,idelay_data_cntvaluein,lane0,dq5,3,endpoint,1,1511.0,1511.0,1511.0,1511.0,0.0,1511.0
seed2-fail,fail,direct_max,idelay_data_cntvaluein,lane0,dq5,3,endpoint,1,1789.0,1789.0,1789.0,1789.0,0.0,1789.0
seed2-no-tmdriv,no_tmdriv,direct_max,idelay_data_cntvaluein,lane0,dq5,3,endpoint,1,1210.0,1210.0,1210.0,1210.0,0.0,1210.0
seed2-reset-locks-only,reset_locks_only,direct_max,idelay_data_cntvaluein,lane0,dq5,3,endpoint,1,2075.0,2075.0,2075.0,2075.0,0.0,2075.0
seed2-robust,robust,direct_max,idelay_data_cntvaluein,lane0,dq5,3,endpoint,1,1776.0,1776.0,1776.0,1776.0,0.0,1776.0
seed3-pass,pass,direct_max,idelay_data_cntvaluein,lane0,dq5,3,endpoint,1,1442.0,1442.0,1442.0,1442.0,0.0,1442.0
seed4-pass,pass,direct_max,idelay_data_cntvaluein,lane0,dq5,3,endpoint,1,1888.0,1888.0,1888.0,1888.0,0.0,1888.0
seed5-pass,pass,direct_max,idelay_data_cntvaluein,lane0,dq5,3,endpoint,1,1467.0,1467.0,1467.0,1467.0,0.0,1467.0
seed1-fail,fail,direct_max,idelay_data_cntvaluein,lane0,dq5,4,endpoint,1,2220.0,2220.0,2220.0,2220.0,0.0,2220.0
seed1-no-tmdriv,no_tmdriv,direct_max,idelay_data_cntvaluein,lane0,dq5,4,endpoint,1,1434.0,1434.0,1434.0,1434.0,0.0,1434.0
seed1-reset-locks-only,reset_locks_only,direct_max,idelay_data_cntvaluein,lane0,dq5,4,endpoint,1,1452.0,1452.0,1452.0,1452.0,0.0,1452.0
seed1-robust,robust,direct_max,idelay_data_cntvaluein,lane0,dq5,4,endpoint,1,2448.0,2448.0,2448.0,2448.0,0.0,2448.0
seed2-fail,fail,direct_max,idelay_data_cntvaluein,lane0,dq5,4,endpoint,1,1644.0,1644.0,1644.0,1644.0,0.0,1644.0
seed2-no-tmdriv,no_tmdriv,direct_max,idelay_data_cntvaluein,lane0,dq5,4,endpoint,1,1761.0,1761.0,1761.0,1761.0,0.0,1761.0
seed2-reset-locks-only,reset_locks_only,direct_max,idelay_data_cntvaluein,lane0,dq5,4,endpoint,1,2239.0,2239.0,2239.0,2239.0,0.0,2239.0
seed2-robust,robust,direct_max,idelay_data_cntvaluein,lane0,dq5,4,endpoint,1,1697.0,1697.0,1697.0,1697.0,0.0,1697.0
seed3-pass,pass,direct_max,idelay_data_cntvaluein,lane0,dq5,4,endpoint,1,1481.0,1481.0,1481.0,1481.0,0.0,1481.0
seed4-pass,pass,direct_max,idelay_data_cntvaluein,lane0,dq5,4,endpoint,1,1815.0,1815.0,1815.0,1815.0,0.0,1815.0
seed5-pass,pass,direct_max,idelay_data_cntvaluein,lane0,dq5,4,endpoint,1,1684.0,1684.0,1684.0,1684.0,0.0,1684.0
seed1-fail,fail,direct_max,idelay_data_cntvaluein,lane0,dq6,0,endpoint,1,2233.0,2233.0,2233.0,2233.0,0.0,2233.0
seed1-no-tmdriv,no_tmdriv,direct_max,idelay_data_cntvaluein,lane0,dq6,0,endpoint,1,1342.0,1342.0,1342.0,1342.0,0.0,1342.0
seed1-reset-locks-only,reset_locks_only,direct_max,idelay_data_cntvaluein,lane0,dq6,0,endpoint,1,1712.0,1712.0,1712.0,1712.0,0.0,1712.0
seed1-robust,robust,direct_max,idelay_data_cntvaluein,lane0,dq6,0,endpoint,1,2042.0,2042.0,2042.0,2042.0,0.0,2042.0
seed2-fail,fail,direct_max,idelay_data_cntvaluein,lane0,dq6,0,endpoint,1,1776.0,1776.0,1776.0,1776.0,0.0,1776.0
seed2-no-tmdriv,no_tmdriv,direct_max,idelay_data_cntvaluein,lane0,dq6,0,endpoint,1,990.0,990.0,990.0,990.0,0.0,990.0
seed2-reset-locks-only,reset_locks_only,direct_max,idelay_data_cntvaluein,lane0,dq6,0,endpoint,1,2186.0,2186.0,2186.0,2186.0,0.0,2186.0
seed2-robust,robust,direct_max,idelay_data_cntvaluein,lane0,dq6,0,endpoint,1,1761.0,1761.0,1761.0,1761.0,0.0,1761.0
seed3-pass,pass,direct_max,idelay_data_cntvaluein,lane0,dq6,0,endpoint,1,2161.0,2161.0,2161.0,2161.0,0.0,2161.0
seed4-pass,pass,direct_max,idelay_data_cntvaluein,lane0,dq6,0,endpoint,1,2128.0,2128.0,2128.0,2128.0,0.0,2128.0
seed5-pass,pass,direct_max,idelay_data_cntvaluein,lane0,dq6,0,endpoint,1,1453.0,1453.0,1453.0,1453.0,0.0,1453.0
seed1-fail,fail,direct_max,idelay_data_cntvaluein,lane0,dq6,1,endpoint,1,1789.0,1789.0,1789.0,1789.0,0.0,1789.0
seed1-no-tmdriv,no_tmdriv,direct_max,idelay_data_cntvaluein,lane0,dq6,1,endpoint,1,1753.0,1753.0,1753.0,1753.0,0.0,1753.0
seed1-reset-locks-only,reset_locks_only,direct_max,idelay_data_cntvaluein,lane0,dq6,1,endpoint,1,1585.0,1585.0,1585.0,1585.0,0.0,1585.0
seed1-robust,robust,direct_max,idelay_data_cntvaluein,lane0,dq6,1,endpoint,1,1452.0,1452.0,1452.0,1452.0,0.0,1452.0
seed2-fail,fail,direct_max,idelay_data_cntvaluein,lane0,dq6,1,endpoint,1,2233.0,2233.0,2233.0,2233.0,0.0,2233.0
seed2-no-tmdriv,no_tmdriv,direct_max,idelay_data_cntvaluein,lane0,dq6,1,endpoint,1,1695.0,1695.0,1695.0,1695.0,0.0,1695.0
seed2-reset-locks-only,reset_locks_only,direct_max,idelay_data_cntvaluein,lane0,dq6,1,endpoint,1,2161.0,2161.0,2161.0,2161.0,0.0,2161.0
seed2-robust,robust,direct_max,idelay_data_cntvaluein,lane0,dq6,1,endpoint,1,1720.0,1720.0,1720.0,1720.0,0.0,1720.0
seed3-pass,pass,direct_max,idelay_data_cntvaluein,lane0,dq6,1,endpoint,1,1705.0,1705.0,1705.0,1705.0,0.0,1705.0
seed4-pass,pass,direct_max,idelay_data_cntvaluein,lane0,dq6,1,endpoint,1,1639.0,1639.0,1639.0,1639.0,0.0,1639.0
seed5-pass,pass,direct_max,idelay_data_cntvaluein,lane0,dq6,1,endpoint,1,1809.0,1809.0,1809.0,1809.0,0.0,1809.0
seed1-fail,fail,direct_max,idelay_data_cntvaluein,lane0,dq6,2,endpoint,1,2423.0,2423.0,2423.0,2423.0,0.0,2423.0
seed1-no-tmdriv,no_tmdriv,direct_max,idelay_data_cntvaluein,lane0,dq6,2,endpoint,1,1557.0,1557.0,1557.0,1557.0,0.0,1557.0
seed1-reset-locks-only,reset_locks_only,direct_max,idelay_data_cntvaluein,lane0,dq6,2,endpoint,1,1328.0,1328.0,1328.0,1328.0,0.0,1328.0
seed1-robust,robust,direct_max,idelay_data_cntvaluein,lane0,dq6,2,endpoint,1,1838.0,1838.0,1838.0,1838.0,0.0,1838.0
seed2-fail,fail,direct_max,idelay_data_cntvaluein,lane0,dq6,2,endpoint,1,2121.0,2121.0,2121.0,2121.0,0.0,2121.0
seed2-no-tmdriv,no_tmdriv,direct_max,idelay_data_cntvaluein,lane0,dq6,2,endpoint,1,1376.0,1376.0,1376.0,1376.0,0.0,1376.0
seed2-reset-locks-only,reset_locks_only,direct_max,idelay_data_cntvaluein,lane0,dq6,2,endpoint,1,1830.0,1830.0,1830.0,1830.0,0.0,1830.0
seed2-robust,robust,direct_max,idelay_data_cntvaluein,lane0,dq6,2,endpoint,1,1378.0,1378.0,1378.0,1378.0,0.0,1378.0
seed3-pass,pass,direct_max,idelay_data_cntvaluein,lane0,dq6,2,endpoint,1,2006.0,2006.0,2006.0,2006.0,0.0,2006.0
seed4-pass,pass,direct_max,idelay_data_cntvaluein,lane0,dq6,2,endpoint,1,1860.0,1860.0,1860.0,1860.0,0.0,1860.0
seed5-pass,pass,direct_max,idelay_data_cntvaluein,lane0,dq6,2,endpoint,1,1157.0,1157.0,1157.0,1157.0,0.0,1157.0
seed1-fail,fail,direct_max,idelay_data_cntvaluein,lane0,dq6,3,endpoint,1,2230.0,2230.0,2230.0,2230.0,0.0,2230.0
seed1-no-tmdriv,no_tmdriv,direct_max,idelay_data_cntvaluein,lane0,dq6,3,endpoint,1,1513.0,1513.0,1513.0,1513.0,0.0,1513.0
seed1-reset-locks-only,reset_locks_only,direct_max,idelay_data_cntvaluein,lane0,dq6,3,endpoint,1,1726.0,1726.0,1726.0,1726.0,0.0,1726.0
seed1-robust,robust,direct_max,idelay_data_cntvaluein,lane0,dq6,3,endpoint,1,1557.0,1557.0,1557.0,1557.0,0.0,1557.0
seed2-fail,fail,direct_max,idelay_data_cntvaluein,lane0,dq6,3,endpoint,1,1904.0,1904.0,1904.0,1904.0,0.0,1904.0
seed2-no-tmdriv,no_tmdriv,direct_max,idelay_data_cntvaluein,lane0,dq6,3,endpoint,1,1251.0,1251.0,1251.0,1251.0,0.0,1251.0
seed2-reset-locks-only,reset_locks_only,direct_max,idelay_data_cntvaluein,lane0,dq6,3,endpoint,1,2029.0,2029.0,2029.0,2029.0,0.0,2029.0
seed2-robust,robust,direct_max,idelay_data_cntvaluein,lane0,dq6,3,endpoint,1,1827.0,1827.0,1827.0,1827.0,0.0,1827.0
seed3-pass,pass,direct_max,idelay_data_cntvaluein,lane0,dq6,3,endpoint,1,1572.0,1572.0,1572.0,1572.0,0.0,1572.0
seed4-pass,pass,direct_max,idelay_data_cntvaluein,lane0,dq6,3,endpoint,1,1957.0,1957.0,1957.0,1957.0,0.0,1957.0
seed5-pass,pass,direct_max,idelay_data_cntvaluein,lane0,dq6,3,endpoint,1,2006.0,2006.0,2006.0,2006.0,0.0,2006.0
seed1-fail,fail,direct_max,idelay_data_cntvaluein,lane0,dq6,4,endpoint,1,2288.0,2288.0,2288.0,2288.0,0.0,2288.0
seed1-no-tmdriv,no_tmdriv,direct_max,idelay_data_cntvaluein,lane0,dq6,4,endpoint,1,1656.0,1656.0,1656.0,1656.0,0.0,1656.0
seed1-reset-locks-only,reset_locks_only,direct_max,idelay_data_cntvaluein,lane0,dq6,4,endpoint,1,1855.0,1855.0,1855.0,1855.0,0.0,1855.0
seed1-robust,robust,direct_max,idelay_data_cntvaluein,lane0,dq6,4,endpoint,1,2917.0,2917.0,2917.0,2917.0,0.0,2917.0
seed2-fail,fail,direct_max,idelay_data_cntvaluein,lane0,dq6,4,endpoint,1,1570.0,1570.0,1570.0,1570.0,0.0,1570.0
seed2-no-tmdriv,no_tmdriv,direct_max,idelay_data_cntvaluein,lane0,dq6,4,endpoint,1,2311.0,2311.0,2311.0,2311.0,0.0,2311.0
seed2-reset-locks-only,reset_locks_only,direct_max,idelay_data_cntvaluein,lane0,dq6,4,endpoint,1,2286.0,2286.0,2286.0,2286.0,0.0,2286.0
seed2-robust,robust,direct_max,idelay_data_cntvaluein,lane0,dq6,4,endpoint,1,2144.0,2144.0,2144.0,2144.0,0.0,2144.0
seed3-pass,pass,direct_max,idelay_data_cntvaluein,lane0,dq6,4,endpoint,1,1807.0,1807.0,1807.0,1807.0,0.0,1807.0
seed4-pass,pass,direct_max,idelay_data_cntvaluein,lane0,dq6,4,endpoint,1,1855.0,1855.0,1855.0,1855.0,0.0,1855.0
seed5-pass,pass,direct_max,idelay_data_cntvaluein,lane0,dq6,4,endpoint,1,2042.0,2042.0,2042.0,2042.0,0.0,2042.0
seed1-fail,fail,direct_max,idelay_data_cntvaluein,lane0,dq7,0,endpoint,1,1666.0,1666.0,1666.0,1666.0,0.0,1666.0
seed1-no-tmdriv,no_tmdriv,direct_max,idelay_data_cntvaluein,lane0,dq7,0,endpoint,1,1634.0,1634.0,1634.0,1634.0,0.0,1634.0
seed1-reset-locks-only,reset_locks_only,direct_max,idelay_data_cntvaluein,lane0,dq7,0,endpoint,1,1799.0,1799.0,1799.0,1799.0,0.0,1799.0
seed1-robust,robust,direct_max,idelay_data_cntvaluein,lane0,dq7,0,endpoint,1,2052.0,2052.0,2052.0,2052.0,0.0,2052.0
seed2-fail,fail,direct_max,idelay_data_cntvaluein,lane0,dq7,0,endpoint,1,1687.0,1687.0,1687.0,1687.0,0.0,1687.0
seed2-no-tmdriv,no_tmdriv,direct_max,idelay_data_cntvaluein,lane0,dq7,0,endpoint,1,1177.0,1177.0,1177.0,1177.0,0.0,1177.0
seed2-reset-locks-only,reset_locks_only,direct_max,idelay_data_cntvaluein,lane0,dq7,0,endpoint,1,2483.0,2483.0,2483.0,2483.0,0.0,2483.0
seed2-robust,robust,direct_max,idelay_data_cntvaluein,lane0,dq7,0,endpoint,1,1753.0,1753.0,1753.0,1753.0,0.0,1753.0
seed3-pass,pass,direct_max,idelay_data_cntvaluein,lane0,dq7,0,endpoint,1,2247.0,2247.0,2247.0,2247.0,0.0,2247.0
seed4-pass,pass,direct_max,idelay_data_cntvaluein,lane0,dq7,0,endpoint,1,2068.0,2068.0,2068.0,2068.0,0.0,2068.0
seed5-pass,pass,direct_max,idelay_data_cntvaluein,lane0,dq7,0,endpoint,1,1467.0,1467.0,1467.0,1467.0,0.0,1467.0
seed1-fail,fail,direct_max,idelay_data_cntvaluein,lane0,dq7,1,endpoint,1,1694.0,1694.0,1694.0,1694.0,0.0,1694.0
seed1-no-tmdriv,no_tmdriv,direct_max,idelay_data_cntvaluein,lane0,dq7,1,endpoint,1,1753.0,1753.0,1753.0,1753.0,0.0,1753.0
seed1-reset-locks-only,reset_locks_only,direct_max,idelay_data_cntvaluein,lane0,dq7,1,endpoint,1,1557.0,1557.0,1557.0,1557.0,0.0,1557.0
seed1-robust,robust,direct_max,idelay_data_cntvaluein,lane0,dq7,1,endpoint,1,1445.0,1445.0,1445.0,1445.0,0.0,1445.0
seed2-fail,fail,direct_max,idelay_data_cntvaluein,lane0,dq7,1,endpoint,1,2230.0,2230.0,2230.0,2230.0,0.0,2230.0
seed2-no-tmdriv,no_tmdriv,direct_max,idelay_data_cntvaluein,lane0,dq7,1,endpoint,1,1692.0,1692.0,1692.0,1692.0,0.0,1692.0
seed2-reset-locks-only,reset_locks_only,direct_max,idelay_data_cntvaluein,lane0,dq7,1,endpoint,1,2157.0,2157.0,2157.0,2157.0,0.0,2157.0
seed2-robust,robust,direct_max,idelay_data_cntvaluein,lane0,dq7,1,endpoint,1,1713.0,1713.0,1713.0,1713.0,0.0,1713.0
seed3-pass,pass,direct_max,idelay_data_cntvaluein,lane0,dq7,1,endpoint,1,1621.0,1621.0,1621.0,1621.0,0.0,1621.0
seed4-pass,pass,direct_max,idelay_data_cntvaluein,lane0,dq7,1,endpoint,1,1720.0,1720.0,1720.0,1720.0,0.0,1720.0
seed5-pass,pass,direct_max,idelay_data_cntvaluein,lane0,dq7,1,endpoint,1,1756.0,1756.0,1756.0,1756.0,0.0,1756.0
seed1-fail,fail,direct_max,idelay_data_cntvaluein,lane0,dq7,2,endpoint,1,2421.0,2421.0,2421.0,2421.0,0.0,2421.0
seed1-no-tmdriv,no_tmdriv,direct_max,idelay_data_cntvaluein,lane0,dq7,2,endpoint,1,1473.0,1473.0,1473.0,1473.0,0.0,1473.0
seed1-reset-locks-only,reset_locks_only,direct_max,idelay_data_cntvaluein,lane0,dq7,2,endpoint,1,1565.0,1565.0,1565.0,1565.0,0.0,1565.0
seed1-robust,robust,direct_max,idelay_data_cntvaluein,lane0,dq7,2,endpoint,1,2197.0,2197.0,2197.0,2197.0,0.0,2197.0
seed2-fail,fail,direct_max,idelay_data_cntvaluein,lane0,dq7,2,endpoint,1,2207.0,2207.0,2207.0,2207.0,0.0,2207.0
seed2-no-tmdriv,no_tmdriv,direct_max,idelay_data_cntvaluein,lane0,dq7,2,endpoint,1,1371.0,1371.0,1371.0,1371.0,0.0,1371.0
seed2-reset-locks-only,reset_locks_only,direct_max,idelay_data_cntvaluein,lane0,dq7,2,endpoint,1,1842.0,1842.0,1842.0,1842.0,0.0,1842.0
seed2-robust,robust,direct_max,idelay_data_cntvaluein,lane0,dq7,2,endpoint,1,1286.0,1286.0,1286.0,1286.0,0.0,1286.0
seed3-pass,pass,direct_max,idelay_data_cntvaluein,lane0,dq7,2,endpoint,1,2094.0,2094.0,2094.0,2094.0,0.0,2094.0
seed4-pass,pass,direct_max,idelay_data_cntvaluein,lane0,dq7,2,endpoint,1,1858.0,1858.0,1858.0,1858.0,0.0,1858.0
seed5-pass,pass,direct_max,idelay_data_cntvaluein,lane0,dq7,2,endpoint,1,1547.0,1547.0,1547.0,1547.0,0.0,1547.0
seed1-fail,fail,direct_max,idelay_data_cntvaluein,lane0,dq7,3,endpoint,1,2144.0,2144.0,2144.0,2144.0,0.0,2144.0
seed1-no-tmdriv,no_tmdriv,direct_max,idelay_data_cntvaluein,lane0,dq7,3,endpoint,1,1649.0,1649.0,1649.0,1649.0,0.0,1649.0
seed1-reset-locks-only,reset_locks_only,direct_max,idelay_data_cntvaluein,lane0,dq7,3,endpoint,1,1641.0,1641.0,1641.0,1641.0,0.0,1641.0
seed1-robust,robust,direct_max,idelay_data_cntvaluein,lane0,dq7,3,endpoint,1,1549.0,1549.0,1549.0,1549.0,0.0,1549.0
seed2-fail,fail,direct_max,idelay_data_cntvaluein,lane0,dq7,3,endpoint,1,2269.0,2269.0,2269.0,2269.0,0.0,2269.0
seed2-no-tmdriv,no_tmdriv,direct_max,idelay_data_cntvaluein,lane0,dq7,3,endpoint,1,1166.0,1166.0,1166.0,1166.0,0.0,1166.0
seed2-reset-locks-only,reset_locks_only,direct_max,idelay_data_cntvaluein,lane0,dq7,3,endpoint,1,1940.0,1940.0,1940.0,1940.0,0.0,1940.0
seed2-robust,robust,direct_max,idelay_data_cntvaluein,lane0,dq7,3,endpoint,1,1567.0,1567.0,1567.0,1567.0,0.0,1567.0
seed3-pass,pass,direct_max,idelay_data_cntvaluein,lane0,dq7,3,endpoint,1,1718.0,1718.0,1718.0,1718.0,0.0,1718.0
seed4-pass,pass,direct_max,idelay_data_cntvaluein,lane0,dq7,3,endpoint,1,1955.0,1955.0,1955.0,1955.0,0.0,1955.0
seed5-pass,pass,direct_max,idelay_data_cntvaluein,lane0,dq7,3,endpoint,1,2006.0,2006.0,2006.0,2006.0,0.0,2006.0
seed1-fail,fail,direct_max,idelay_data_cntvaluein,lane0,dq7,4,endpoint,1,2280.0,2280.0,2280.0,2280.0,0.0,2280.0
seed1-no-tmdriv,no_tmdriv,direct_max,idelay_data_cntvaluein,lane0,dq7,4,endpoint,1,1569.0,1569.0,1569.0,1569.0,0.0,1569.0
seed1-reset-locks-only,reset_locks_only,direct_max,idelay_data_cntvaluein,lane0,dq7,4,endpoint,1,1848.0,1848.0,1848.0,1848.0,0.0,1848.0
seed1-robust,robust,direct_max,idelay_data_cntvaluein,lane0,dq7,4,endpoint,1,2910.0,2910.0,2910.0,2910.0,0.0,2910.0
seed2-fail,fail,direct_max,idelay_data_cntvaluein,lane0,dq7,4,endpoint,1,1651.0,1651.0,1651.0,1651.0,0.0,1651.0
seed2-no-tmdriv,no_tmdriv,direct_max,idelay_data_cntvaluein,lane0,dq7,4,endpoint,1,2303.0,2303.0,2303.0,2303.0,0.0,2303.0
seed2-reset-locks-only,reset_locks_only,direct_max,idelay_data_cntvaluein,lane0,dq7,4,endpoint,1,2282.0,2282.0,2282.0,2282.0,0.0,2282.0
seed2-robust,robust,direct_max,idelay_data_cntvaluein,lane0,dq7,4,endpoint,1,2138.0,2138.0,2138.0,2138.0,0.0,2138.0
seed3-pass,pass,direct_max,idelay_data_cntvaluein,lane0,dq7,4,endpoint,1,1799.0,1799.0,1799.0,1799.0,0.0,1799.0
seed4-pass,pass,direct_max,idelay_data_cntvaluein,lane0,dq7,4,endpoint,1,1935.0,1935.0,1935.0,1935.0,0.0,1935.0
seed5-pass,pass,direct_max,idelay_data_cntvaluein,lane0,dq7,4,endpoint,1,1810.0,1810.0,1810.0,1810.0,0.0,1810.0
seed1-fail,fail,direct_max,idelay_data_cntvaluein,lane1,dq10,0,endpoint,1,1720.0,1720.0,1720.0,1720.0,0.0,1720.0
seed1-no-tmdriv,no_tmdriv,direct_max,idelay_data_cntvaluein,lane1,dq10,0,endpoint,1,1008.0,1008.0,1008.0,1008.0,0.0,1008.0
seed1-reset-locks-only,reset_locks_only,direct_max,idelay_data_cntvaluein,lane1,dq10,0,endpoint,1,1570.0,1570.0,1570.0,1570.0,0.0,1570.0
seed1-robust,robust,direct_max,idelay_data_cntvaluein,lane1,dq10,0,endpoint,1,2015.0,2015.0,2015.0,2015.0,0.0,2015.0
seed2-fail,fail,direct_max,idelay_data_cntvaluein,lane1,dq10,0,endpoint,1,1565.0,1565.0,1565.0,1565.0,0.0,1565.0
seed2-no-tmdriv,no_tmdriv,direct_max,idelay_data_cntvaluein,lane1,dq10,0,endpoint,1,1070.0,1070.0,1070.0,1070.0,0.0,1070.0
seed2-reset-locks-only,reset_locks_only,direct_max,idelay_data_cntvaluein,lane1,dq10,0,endpoint,1,2053.0,2053.0,2053.0,2053.0,0.0,2053.0
seed2-robust,robust,direct_max,idelay_data_cntvaluein,lane1,dq10,0,endpoint,1,1383.0,1383.0,1383.0,1383.0,0.0,1383.0
seed3-pass,pass,direct_max,idelay_data_cntvaluein,lane1,dq10,0,endpoint,1,1883.0,1883.0,1883.0,1883.0,0.0,1883.0
seed4-pass,pass,direct_max,idelay_data_cntvaluein,lane1,dq10,0,endpoint,1,1731.0,1731.0,1731.0,1731.0,0.0,1731.0
seed5-pass,pass,direct_max,idelay_data_cntvaluein,lane1,dq10,0,endpoint,1,1235.0,1235.0,1235.0,1235.0,0.0,1235.0
seed1-fail,fail,direct_max,idelay_data_cntvaluein,lane1,dq10,1,endpoint,1,1399.0,1399.0,1399.0,1399.0,0.0,1399.0
seed1-no-tmdriv,no_tmdriv,direct_max,idelay_data_cntvaluein,lane1,dq10,1,endpoint,1,1597.0,1597.0,1597.0,1597.0,0.0,1597.0
seed1-reset-locks-only,reset_locks_only,direct_max,idelay_data_cntvaluein,lane1,dq10,1,endpoint,1,1317.0,1317.0,1317.0,1317.0,0.0,1317.0
seed1-robust,robust,direct_max,idelay_data_cntvaluein,lane1,dq10,1,endpoint,1,1427.0,1427.0,1427.0,1427.0,0.0,1427.0
seed2-fail,fail,direct_max,idelay_data_cntvaluein,lane1,dq10,1,endpoint,1,1684.0,1684.0,1684.0,1684.0,0.0,1684.0
seed2-no-tmdriv,no_tmdriv,direct_max,idelay_data_cntvaluein,lane1,dq10,1,endpoint,1,1327.0,1327.0,1327.0,1327.0,0.0,1327.0
seed2-reset-locks-only,reset_locks_only,direct_max,idelay_data_cntvaluein,lane1,dq10,1,endpoint,1,1976.0,1976.0,1976.0,1976.0,0.0,1976.0
seed2-robust,robust,direct_max,idelay_data_cntvaluein,lane1,dq10,1,endpoint,1,1613.0,1613.0,1613.0,1613.0,0.0,1613.0
seed3-pass,pass,direct_max,idelay_data_cntvaluein,lane1,dq10,1,endpoint,1,1245.0,1245.0,1245.0,1245.0,0.0,1245.0
seed4-pass,pass,direct_max,idelay_data_cntvaluein,lane1,dq10,1,endpoint,1,1601.0,1601.0,1601.0,1601.0,0.0,1601.0
seed5-pass,pass,direct_max,idelay_data_cntvaluein,lane1,dq10,1,endpoint,1,1674.0,1674.0,1674.0,1674.0,0.0,1674.0
seed1-fail,fail,direct_max,idelay_data_cntvaluein,lane1,dq10,2,endpoint,1,2154.0,2154.0,2154.0,2154.0,0.0,2154.0
seed1-no-tmdriv,no_tmdriv,direct_max,idelay_data_cntvaluein,lane1,dq10,2,endpoint,1,1373.0,1373.0,1373.0,1373.0,0.0,1373.0
seed1-reset-locks-only,reset_locks_only,direct_max,idelay_data_cntvaluein,lane1,dq10,2,endpoint,1,1133.0,1133.0,1133.0,1133.0,0.0,1133.0
seed1-robust,robust,direct_max,idelay_data_cntvaluein,lane1,dq10,2,endpoint,1,1702.0,1702.0,1702.0,1702.0,0.0,1702.0
seed2-fail,fail,direct_max,idelay_data_cntvaluein,lane1,dq10,2,endpoint,1,1822.0,1822.0,1822.0,1822.0,0.0,1822.0
seed2-no-tmdriv,no_tmdriv,direct_max,idelay_data_cntvaluein,lane1,dq10,2,endpoint,1,1141.0,1141.0,1141.0,1141.0,0.0,1141.0
seed2-reset-locks-only,reset_locks_only,direct_max,idelay_data_cntvaluein,lane1,dq10,2,endpoint,1,1610.0,1610.0,1610.0,1610.0,0.0,1610.0
seed2-robust,robust,direct_max,idelay_data_cntvaluein,lane1,dq10,2,endpoint,1,1149.0,1149.0,1149.0,1149.0,0.0,1149.0
seed3-pass,pass,direct_max,idelay_data_cntvaluein,lane1,dq10,2,endpoint,1,1648.0,1648.0,1648.0,1648.0,0.0,1648.0
seed4-pass,pass,direct_max,idelay_data_cntvaluein,lane1,dq10,2,endpoint,1,1396.0,1396.0,1396.0,1396.0,0.0,1396.0
seed5-pass,pass,direct_max,idelay_data_cntvaluein,lane1,dq10,2,endpoint,1,1203.0,1203.0,1203.0,1203.0,0.0,1203.0
seed1-fail,fail,direct_max,idelay_data_cntvaluein,lane1,dq10,3,endpoint,1,1970.0,1970.0,1970.0,1970.0,0.0,1970.0
seed1-no-tmdriv,no_tmdriv,direct_max,idelay_data_cntvaluein,lane1,dq10,3,endpoint,1,1332.0,1332.0,1332.0,1332.0,0.0,1332.0
seed1-reset-locks-only,reset_locks_only,direct_max,idelay_data_cntvaluein,lane1,dq10,3,endpoint,1,1213.0,1213.0,1213.0,1213.0,0.0,1213.0
seed1-robust,robust,direct_max,idelay_data_cntvaluein,lane1,dq10,3,endpoint,1,1524.0,1524.0,1524.0,1524.0,0.0,1524.0
seed2-fail,fail,direct_max,idelay_data_cntvaluein,lane1,dq10,3,endpoint,1,1580.0,1580.0,1580.0,1580.0,0.0,1580.0
seed2-no-tmdriv,no_tmdriv,direct_max,idelay_data_cntvaluein,lane1,dq10,3,endpoint,1,1139.0,1139.0,1139.0,1139.0,0.0,1139.0
seed2-reset-locks-only,reset_locks_only,direct_max,idelay_data_cntvaluein,lane1,dq10,3,endpoint,1,1958.0,1958.0,1958.0,1958.0,0.0,1958.0
seed2-robust,robust,direct_max,idelay_data_cntvaluein,lane1,dq10,3,endpoint,1,1506.0,1506.0,1506.0,1506.0,0.0,1506.0
seed3-pass,pass,direct_max,idelay_data_cntvaluein,lane1,dq10,3,endpoint,1,1338.0,1338.0,1338.0,1338.0,0.0,1338.0
seed4-pass,pass,direct_max,idelay_data_cntvaluein,lane1,dq10,3,endpoint,1,1500.0,1500.0,1500.0,1500.0,0.0,1500.0
seed5-pass,pass,direct_max,idelay_data_cntvaluein,lane1,dq10,3,endpoint,1,1340.0,1340.0,1340.0,1340.0,0.0,1340.0
seed1-fail,fail,direct_max,idelay_data_cntvaluein,lane1,dq10,4,endpoint,1,1976.0,1976.0,1976.0,1976.0,0.0,1976.0
seed1-no-tmdriv,no_tmdriv,direct_max,idelay_data_cntvaluein,lane1,dq10,4,endpoint,1,1427.0,1427.0,1427.0,1427.0,0.0,1427.0
seed1-reset-locks-only,reset_locks_only,direct_max,idelay_data_cntvaluein,lane1,dq10,4,endpoint,1,1434.0,1434.0,1434.0,1434.0,0.0,1434.0
seed1-robust,robust,direct_max,idelay_data_cntvaluein,lane1,dq10,4,endpoint,1,2316.0,2316.0,2316.0,2316.0,0.0,2316.0
seed2-fail,fail,direct_max,idelay_data_cntvaluein,lane1,dq10,4,endpoint,1,1421.0,1421.0,1421.0,1421.0,0.0,1421.0
seed2-no-tmdriv,no_tmdriv,direct_max,idelay_data_cntvaluein,lane1,dq10,4,endpoint,1,1552.0,1552.0,1552.0,1552.0,0.0,1552.0
seed2-reset-locks-only,reset_locks_only,direct_max,idelay_data_cntvaluein,lane1,dq10,4,endpoint,1,2108.0,2108.0,2108.0,2108.0,0.0,2108.0
seed2-robust,robust,direct_max,idelay_data_cntvaluein,lane1,dq10,4,endpoint,1,1633.0,1633.0,1633.0,1633.0,0.0,1633.0
seed3-pass,pass,direct_max,idelay_data_cntvaluein,lane1,dq10,4,endpoint,1,1309.0,1309.0,1309.0,1309.0,0.0,1309.0
seed4-pass,pass,direct_max,idelay_data_cntvaluein,lane1,dq10,4,endpoint,1,1641.0,1641.0,1641.0,1641.0,0.0,1641.0
seed5-pass,pass,direct_max,idelay_data_cntvaluein,lane1,dq10,4,endpoint,1,1677.0,1677.0,1677.0,1677.0,0.0,1677.0
seed1-fail,fail,direct_max,idelay_data_cntvaluein,lane1,dq11,0,endpoint,1,1457.0,1457.0,1457.0,1457.0,0.0,1457.0
seed1-no-tmdriv,no_tmdriv,direct_max,idelay_data_cntvaluein,lane1,dq11,0,endpoint,1,1085.0,1085.0,1085.0,1085.0,0.0,1085.0
seed1-reset-locks-only,reset_locks_only,direct_max,idelay_data_cntvaluein,lane1,dq11,0,endpoint,1,1574.0,1574.0,1574.0,1574.0,0.0,1574.0
seed1-robust,robust,direct_max,idelay_data_cntvaluein,lane1,dq11,0,endpoint,1,2111.0,2111.0,2111.0,2111.0,0.0,2111.0
seed2-fail,fail,direct_max,idelay_data_cntvaluein,lane1,dq11,0,endpoint,1,1715.0,1715.0,1715.0,1715.0,0.0,1715.0
seed2-no-tmdriv,no_tmdriv,direct_max,idelay_data_cntvaluein,lane1,dq11,0,endpoint,1,1108.0,1108.0,1108.0,1108.0,0.0,1108.0
seed2-reset-locks-only,reset_locks_only,direct_max,idelay_data_cntvaluein,lane1,dq11,0,endpoint,1,1909.0,1909.0,1909.0,1909.0,0.0,1909.0
seed2-robust,robust,direct_max,idelay_data_cntvaluein,lane1,dq11,0,endpoint,1,1337.0,1337.0,1337.0,1337.0,0.0,1337.0
seed3-pass,pass,direct_max,idelay_data_cntvaluein,lane1,dq11,0,endpoint,1,1695.0,1695.0,1695.0,1695.0,0.0,1695.0
seed4-pass,pass,direct_max,idelay_data_cntvaluein,lane1,dq11,0,endpoint,1,1705.0,1705.0,1705.0,1705.0,0.0,1705.0
seed5-pass,pass,direct_max,idelay_data_cntvaluein,lane1,dq11,0,endpoint,1,1256.0,1256.0,1256.0,1256.0,0.0,1256.0
seed1-fail,fail,direct_max,idelay_data_cntvaluein,lane1,dq11,1,endpoint,1,1490.0,1490.0,1490.0,1490.0,0.0,1490.0
seed1-no-tmdriv,no_tmdriv,direct_max,idelay_data_cntvaluein,lane1,dq11,1,endpoint,1,1559.0,1559.0,1559.0,1559.0,0.0,1559.0
seed1-reset-locks-only,reset_locks_only,direct_max,idelay_data_cntvaluein,lane1,dq11,1,endpoint,1,1281.0,1281.0,1281.0,1281.0,0.0,1281.0
seed1-robust,robust,direct_max,idelay_data_cntvaluein,lane1,dq11,1,endpoint,1,1078.0,1078.0,1078.0,1078.0,0.0,1078.0
seed2-fail,fail,direct_max,idelay_data_cntvaluein,lane1,dq11,1,endpoint,1,1500.0,1500.0,1500.0,1500.0,0.0,1500.0
seed2-no-tmdriv,no_tmdriv,direct_max,idelay_data_cntvaluein,lane1,dq11,1,endpoint,1,1435.0,1435.0,1435.0,1435.0,0.0,1435.0
seed2-reset-locks-only,reset_locks_only,direct_max,idelay_data_cntvaluein,lane1,dq11,1,endpoint,1,1807.0,1807.0,1807.0,1807.0,0.0,1807.0
seed2-robust,robust,direct_max,idelay_data_cntvaluein,lane1,dq11,1,endpoint,1,1503.0,1503.0,1503.0,1503.0,0.0,1503.0
seed3-pass,pass,direct_max,idelay_data_cntvaluein,lane1,dq11,1,endpoint,1,1425.0,1425.0,1425.0,1425.0,0.0,1425.0
seed4-pass,pass,direct_max,idelay_data_cntvaluein,lane1,dq11,1,endpoint,1,1514.0,1514.0,1514.0,1514.0,0.0,1514.0
seed5-pass,pass,direct_max,idelay_data_cntvaluein,lane1,dq11,1,endpoint,1,1555.0,1555.0,1555.0,1555.0,0.0,1555.0
seed1-fail,fail,direct_max,idelay_data_cntvaluein,lane1,dq11,2,endpoint,1,1781.0,1781.0,1781.0,1781.0,0.0,1781.0
seed1-no-tmdriv,no_tmdriv,direct_max,idelay_data_cntvaluein,lane1,dq11,2,endpoint,1,1475.0,1475.0,1475.0,1475.0,0.0,1475.0
seed1-reset-locks-only,reset_locks_only,direct_max,idelay_data_cntvaluein,lane1,dq11,2,endpoint,1,1080.0,1080.0,1080.0,1080.0,0.0,1080.0
seed1-robust,robust,direct_max,idelay_data_cntvaluein,lane1,dq11,2,endpoint,1,1590.0,1590.0,1590.0,1590.0,0.0,1590.0
seed2-fail,fail,direct_max,idelay_data_cntvaluein,lane1,dq11,2,endpoint,1,1590.0,1590.0,1590.0,1590.0,0.0,1590.0
seed2-no-tmdriv,no_tmdriv,direct_max,idelay_data_cntvaluein,lane1,dq11,2,endpoint,1,1129.0,1129.0,1129.0,1129.0,0.0,1129.0
seed2-reset-locks-only,reset_locks_only,direct_max,idelay_data_cntvaluein,lane1,dq11,2,endpoint,1,1564.0,1564.0,1564.0,1564.0,0.0,1564.0
seed2-robust,robust,direct_max,idelay_data_cntvaluein,lane1,dq11,2,endpoint,1,1164.0,1164.0,1164.0,1164.0,0.0,1164.0
seed3-pass,pass,direct_max,idelay_data_cntvaluein,lane1,dq11,2,endpoint,1,1504.0,1504.0,1504.0,1504.0,0.0,1504.0
seed4-pass,pass,direct_max,idelay_data_cntvaluein,lane1,dq11,2,endpoint,1,1333.0,1333.0,1333.0,1333.0,0.0,1333.0
seed5-pass,pass,direct_max,idelay_data_cntvaluein,lane1,dq11,2,endpoint,1,1276.0,1276.0,1276.0,1276.0,0.0,1276.0
seed1-fail,fail,direct_max,idelay_data_cntvaluein,lane1,dq11,3,endpoint,1,1919.0,1919.0,1919.0,1919.0,0.0,1919.0
seed1-no-tmdriv,no_tmdriv,direct_max,idelay_data_cntvaluein,lane1,dq11,3,endpoint,1,1368.0,1368.0,1368.0,1368.0,0.0,1368.0
seed1-reset-locks-only,reset_locks_only,direct_max,idelay_data_cntvaluein,lane1,dq11,3,endpoint,1,1259.0,1259.0,1259.0,1259.0,0.0,1259.0
seed1-robust,robust,direct_max,idelay_data_cntvaluein,lane1,dq11,3,endpoint,1,1621.0,1621.0,1621.0,1621.0,0.0,1621.0
seed2-fail,fail,direct_max,idelay_data_cntvaluein,lane1,dq11,3,endpoint,1,1452.0,1452.0,1452.0,1452.0,0.0,1452.0
seed2-no-tmdriv,no_tmdriv,direct_max,idelay_data_cntvaluein,lane1,dq11,3,endpoint,1,1120.0,1120.0,1120.0,1120.0,0.0,1120.0
seed2-reset-locks-only,reset_locks_only,direct_max,idelay_data_cntvaluein,lane1,dq11,3,endpoint,1,1741.0,1741.0,1741.0,1741.0,0.0,1741.0
seed2-robust,robust,direct_max,idelay_data_cntvaluein,lane1,dq11,3,endpoint,1,1363.0,1363.0,1363.0,1363.0,0.0,1363.0
seed3-pass,pass,direct_max,idelay_data_cntvaluein,lane1,dq11,3,endpoint,1,1256.0,1256.0,1256.0,1256.0,0.0,1256.0
seed4-pass,pass,direct_max,idelay_data_cntvaluein,lane1,dq11,3,endpoint,1,1588.0,1588.0,1588.0,1588.0,0.0,1588.0
seed5-pass,pass,direct_max,idelay_data_cntvaluein,lane1,dq11,3,endpoint,1,1332.0,1332.0,1332.0,1332.0,0.0,1332.0
seed1-fail,fail,direct_max,idelay_data_cntvaluein,lane1,dq11,4,endpoint,1,1577.0,1577.0,1577.0,1577.0,0.0,1577.0
seed1-no-tmdriv,no_tmdriv,direct_max,idelay_data_cntvaluein,lane1,dq11,4,endpoint,1,1291.0,1291.0,1291.0,1291.0,0.0,1291.0
seed1-reset-locks-only,reset_locks_only,direct_max,idelay_data_cntvaluein,lane1,dq11,4,endpoint,1,1366.0,1366.0,1366.0,1366.0,0.0,1366.0
seed1-robust,robust,direct_max,idelay_data_cntvaluein,lane1,dq11,4,endpoint,1,2283.0,2283.0,2283.0,2283.0,0.0,2283.0
seed2-fail,fail,direct_max,idelay_data_cntvaluein,lane1,dq11,4,endpoint,1,1320.0,1320.0,1320.0,1320.0,0.0,1320.0
seed2-no-tmdriv,no_tmdriv,direct_max,idelay_data_cntvaluein,lane1,dq11,4,endpoint,1,1508.0,1508.0,1508.0,1508.0,0.0,1508.0
seed2-reset-locks-only,reset_locks_only,direct_max,idelay_data_cntvaluein,lane1,dq11,4,endpoint,1,2013.0,2013.0,2013.0,2013.0,0.0,2013.0
seed2-robust,robust,direct_max,idelay_data_cntvaluein,lane1,dq11,4,endpoint,1,1569.0,1569.0,1569.0,1569.0,0.0,1569.0
seed3-pass,pass,direct_max,idelay_data_cntvaluein,lane1,dq11,4,endpoint,1,1480.0,1480.0,1480.0,1480.0,0.0,1480.0
seed4-pass,pass,direct_max,idelay_data_cntvaluein,lane1,dq11,4,endpoint,1,1649.0,1649.0,1649.0,1649.0,0.0,1649.0
seed5-pass,pass,direct_max,idelay_data_cntvaluein,lane1,dq11,4,endpoint,1,1593.0,1593.0,1593.0,1593.0,0.0,1593.0
seed1-fail,fail,direct_max,idelay_data_cntvaluein,lane1,dq12,0,endpoint,1,1664.0,1664.0,1664.0,1664.0,0.0,1664.0
seed1-no-tmdriv,no_tmdriv,direct_max,idelay_data_cntvaluein,lane1,dq12,0,endpoint,1,1093.0,1093.0,1093.0,1093.0,0.0,1093.0
seed1-reset-locks-only,reset_locks_only,direct_max,idelay_data_cntvaluein,lane1,dq12,0,endpoint,1,1628.0,1628.0,1628.0,1628.0,0.0,1628.0
seed1-robust,robust,direct_max,idelay_data_cntvaluein,lane1,dq12,0,endpoint,1,1927.0,1927.0,1927.0,1927.0,0.0,1927.0
seed2-fail,fail,direct_max,idelay_data_cntvaluein,lane1,dq12,0,endpoint,1,1509.0,1509.0,1509.0,1509.0,0.0,1509.0
seed2-no-tmdriv,no_tmdriv,direct_max,idelay_data_cntvaluein,lane1,dq12,0,endpoint,1,986.0,986.0,986.0,986.0,0.0,986.0
seed2-reset-locks-only,reset_locks_only,direct_max,idelay_data_cntvaluein,lane1,dq12,0,endpoint,1,2141.0,2141.0,2141.0,2141.0,0.0,2141.0
seed2-robust,robust,direct_max,idelay_data_cntvaluein,lane1,dq12,0,endpoint,1,1389.0,1389.0,1389.0,1389.0,0.0,1389.0
seed3-pass,pass,direct_max,idelay_data_cntvaluein,lane1,dq12,0,endpoint,1,1794.0,1794.0,1794.0,1794.0,0.0,1794.0
seed4-pass,pass,direct_max,idelay_data_cntvaluein,lane1,dq12,0,endpoint,1,1784.0,1784.0,1784.0,1784.0,0.0,1784.0
seed5-pass,pass,direct_max,idelay_data_cntvaluein,lane1,dq12,0,endpoint,1,1241.0,1241.0,1241.0,1241.0,0.0,1241.0
seed1-fail,fail,direct_max,idelay_data_cntvaluein,lane1,dq12,1,endpoint,1,1485.0,1485.0,1485.0,1485.0,0.0,1485.0
seed1-no-tmdriv,no_tmdriv,direct_max,idelay_data_cntvaluein,lane1,dq12,1,endpoint,1,1509.0,1509.0,1509.0,1509.0,0.0,1509.0
seed1-reset-locks-only,reset_locks_only,direct_max,idelay_data_cntvaluein,lane1,dq12,1,endpoint,1,1235.0,1235.0,1235.0,1235.0,0.0,1235.0
seed1-robust,robust,direct_max,idelay_data_cntvaluein,lane1,dq12,1,endpoint,1,1371.0,1371.0,1371.0,1371.0,0.0,1371.0
seed2-fail,fail,direct_max,idelay_data_cntvaluein,lane1,dq12,1,endpoint,1,1769.0,1769.0,1769.0,1769.0,0.0,1769.0
seed2-no-tmdriv,no_tmdriv,direct_max,idelay_data_cntvaluein,lane1,dq12,1,endpoint,1,1583.0,1583.0,1583.0,1583.0,0.0,1583.0
seed2-reset-locks-only,reset_locks_only,direct_max,idelay_data_cntvaluein,lane1,dq12,1,endpoint,1,1896.0,1896.0,1896.0,1896.0,0.0,1896.0
seed2-robust,robust,direct_max,idelay_data_cntvaluein,lane1,dq12,1,endpoint,1,1590.0,1590.0,1590.0,1590.0,0.0,1590.0
seed3-pass,pass,direct_max,idelay_data_cntvaluein,lane1,dq12,1,endpoint,1,1243.0,1243.0,1243.0,1243.0,0.0,1243.0
seed4-pass,pass,direct_max,idelay_data_cntvaluein,lane1,dq12,1,endpoint,1,1521.0,1521.0,1521.0,1521.0,0.0,1521.0
seed5-pass,pass,direct_max,idelay_data_cntvaluein,lane1,dq12,1,endpoint,1,1674.0,1674.0,1674.0,1674.0,0.0,1674.0
seed1-fail,fail,direct_max,idelay_data_cntvaluein,lane1,dq12,2,endpoint,1,2099.0,2099.0,2099.0,2099.0,0.0,2099.0
seed1-no-tmdriv,no_tmdriv,direct_max,idelay_data_cntvaluein,lane1,dq12,2,endpoint,1,1388.0,1388.0,1388.0,1388.0,0.0,1388.0
seed1-reset-locks-only,reset_locks_only,direct_max,idelay_data_cntvaluein,lane1,dq12,2,endpoint,1,1121.0,1121.0,1121.0,1121.0,0.0,1121.0
seed1-robust,robust,direct_max,idelay_data_cntvaluein,lane1,dq12,2,endpoint,1,1702.0,1702.0,1702.0,1702.0,0.0,1702.0
seed2-fail,fail,direct_max,idelay_data_cntvaluein,lane1,dq12,2,endpoint,1,1906.0,1906.0,1906.0,1906.0,0.0,1906.0
seed2-no-tmdriv,no_tmdriv,direct_max,idelay_data_cntvaluein,lane1,dq12,2,endpoint,1,1148.0,1148.0,1148.0,1148.0,0.0,1148.0
seed2-reset-locks-only,reset_locks_only,direct_max,idelay_data_cntvaluein,lane1,dq12,2,endpoint,1,1667.0,1667.0,1667.0,1667.0,0.0,1667.0
seed2-robust,robust,direct_max,idelay_data_cntvaluein,lane1,dq12,2,endpoint,1,1202.0,1202.0,1202.0,1202.0,0.0,1202.0
seed3-pass,pass,direct_max,idelay_data_cntvaluein,lane1,dq12,2,endpoint,1,1648.0,1648.0,1648.0,1648.0,0.0,1648.0
seed4-pass,pass,direct_max,idelay_data_cntvaluein,lane1,dq12,2,endpoint,1,1488.0,1488.0,1488.0,1488.0,0.0,1488.0
seed5-pass,pass,direct_max,idelay_data_cntvaluein,lane1,dq12,2,endpoint,1,1149.0,1149.0,1149.0,1149.0,0.0,1149.0
seed1-fail,fail,direct_max,idelay_data_cntvaluein,lane1,dq12,3,endpoint,1,2052.0,2052.0,2052.0,2052.0,0.0,2052.0
seed1-no-tmdriv,no_tmdriv,direct_max,idelay_data_cntvaluein,lane1,dq12,3,endpoint,1,1286.0,1286.0,1286.0,1286.0,0.0,1286.0
seed1-reset-locks-only,reset_locks_only,direct_max,idelay_data_cntvaluein,lane1,dq12,3,endpoint,1,1210.0,1210.0,1210.0,1210.0,0.0,1210.0
seed1-robust,robust,direct_max,idelay_data_cntvaluein,lane1,dq12,3,endpoint,1,1442.0,1442.0,1442.0,1442.0,0.0,1442.0
seed2-fail,fail,direct_max,idelay_data_cntvaluein,lane1,dq12,3,endpoint,1,1759.0,1759.0,1759.0,1759.0,0.0,1759.0
seed2-no-tmdriv,no_tmdriv,direct_max,idelay_data_cntvaluein,lane1,dq12,3,endpoint,1,1085.0,1085.0,1085.0,1085.0,0.0,1085.0
seed2-reset-locks-only,reset_locks_only,direct_max,idelay_data_cntvaluein,lane1,dq12,3,endpoint,1,1881.0,1881.0,1881.0,1881.0,0.0,1881.0
seed2-robust,robust,direct_max,idelay_data_cntvaluein,lane1,dq12,3,endpoint,1,1592.0,1592.0,1592.0,1592.0,0.0,1592.0
seed3-pass,pass,direct_max,idelay_data_cntvaluein,lane1,dq12,3,endpoint,1,1394.0,1394.0,1394.0,1394.0,0.0,1394.0
seed4-pass,pass,direct_max,idelay_data_cntvaluein,lane1,dq12,3,endpoint,1,1585.0,1585.0,1585.0,1585.0,0.0,1585.0
seed5-pass,pass,direct_max,idelay_data_cntvaluein,lane1,dq12,3,endpoint,1,1424.0,1424.0,1424.0,1424.0,0.0,1424.0
seed1-fail,fail,direct_max,idelay_data_cntvaluein,lane1,dq12,4,endpoint,1,1879.0,1879.0,1879.0,1879.0,0.0,1879.0
seed1-no-tmdriv,no_tmdriv,direct_max,idelay_data_cntvaluein,lane1,dq12,4,endpoint,1,1590.0,1590.0,1590.0,1590.0,0.0,1590.0
seed1-reset-locks-only,reset_locks_only,direct_max,idelay_data_cntvaluein,lane1,dq12,4,endpoint,1,1460.0,1460.0,1460.0,1460.0,0.0,1460.0
seed1-robust,robust,direct_max,idelay_data_cntvaluein,lane1,dq12,4,endpoint,1,2315.0,2315.0,2315.0,2315.0,0.0,2315.0
seed2-fail,fail,direct_max,idelay_data_cntvaluein,lane1,dq12,4,endpoint,1,1340.0,1340.0,1340.0,1340.0,0.0,1340.0
seed2-no-tmdriv,no_tmdriv,direct_max,idelay_data_cntvaluein,lane1,dq12,4,endpoint,1,1731.0,1731.0,1731.0,1731.0,0.0,1731.0
seed2-reset-locks-only,reset_locks_only,direct_max,idelay_data_cntvaluein,lane1,dq12,4,endpoint,1,2019.0,2019.0,2019.0,2019.0,0.0,2019.0
seed2-robust,robust,direct_max,idelay_data_cntvaluein,lane1,dq12,4,endpoint,1,1633.0,1633.0,1633.0,1633.0,0.0,1633.0
seed3-pass,pass,direct_max,idelay_data_cntvaluein,lane1,dq12,4,endpoint,1,1481.0,1481.0,1481.0,1481.0,0.0,1481.0
seed4-pass,pass,direct_max,idelay_data_cntvaluein,lane1,dq12,4,endpoint,1,1641.0,1641.0,1641.0,1641.0,0.0,1641.0
seed5-pass,pass,direct_max,idelay_data_cntvaluein,lane1,dq12,4,endpoint,1,1850.0,1850.0,1850.0,1850.0,0.0,1850.0
seed1-fail,fail,direct_max,idelay_data_cntvaluein,lane1,dq13,0,endpoint,1,1401.0,1401.0,1401.0,1401.0,0.0,1401.0
seed1-no-tmdriv,no_tmdriv,direct_max,idelay_data_cntvaluein,lane1,dq13,0,endpoint,1,1304.0,1304.0,1304.0,1304.0,0.0,1304.0
seed1-reset-locks-only,reset_locks_only,direct_max,idelay_data_cntvaluein,lane1,dq13,0,endpoint,1,1574.0,1574.0,1574.0,1574.0,0.0,1574.0
seed1-robust,robust,direct_max,idelay_data_cntvaluein,lane1,dq13,0,endpoint,1,2198.0,2198.0,2198.0,2198.0,0.0,2198.0
seed2-fail,fail,direct_max,idelay_data_cntvaluein,lane1,dq13,0,endpoint,1,1722.0,1722.0,1722.0,1722.0,0.0,1722.0
seed2-no-tmdriv,no_tmdriv,direct_max,idelay_data_cntvaluein,lane1,dq13,0,endpoint,1,1197.0,1197.0,1197.0,1197.0,0.0,1197.0
seed2-reset-locks-only,reset_locks_only,direct_max,idelay_data_cntvaluein,lane1,dq13,0,endpoint,1,1998.0,1998.0,1998.0,1998.0,0.0,1998.0
seed2-robust,robust,direct_max,idelay_data_cntvaluein,lane1,dq13,0,endpoint,1,1343.0,1343.0,1343.0,1343.0,0.0,1343.0
seed3-pass,pass,direct_max,idelay_data_cntvaluein,lane1,dq13,0,endpoint,1,1968.0,1968.0,1968.0,1968.0,0.0,1968.0
seed4-pass,pass,direct_max,idelay_data_cntvaluein,lane1,dq13,0,endpoint,1,1712.0,1712.0,1712.0,1712.0,0.0,1712.0
seed5-pass,pass,direct_max,idelay_data_cntvaluein,lane1,dq13,0,endpoint,1,1263.0,1263.0,1263.0,1263.0,0.0,1263.0
seed1-fail,fail,direct_max,idelay_data_cntvaluein,lane1,dq13,1,endpoint,1,1585.0,1585.0,1585.0,1585.0,0.0,1585.0
seed1-no-tmdriv,no_tmdriv,direct_max,idelay_data_cntvaluein,lane1,dq13,1,endpoint,1,1506.0,1506.0,1506.0,1506.0,0.0,1506.0
seed1-reset-locks-only,reset_locks_only,direct_max,idelay_data_cntvaluein,lane1,dq13,1,endpoint,1,1281.0,1281.0,1281.0,1281.0,0.0,1281.0
seed1-robust,robust,direct_max,idelay_data_cntvaluein,lane1,dq13,1,endpoint,1,1203.0,1203.0,1203.0,1203.0,0.0,1203.0
seed2-fail,fail,direct_max,idelay_data_cntvaluein,lane1,dq13,1,endpoint,1,1585.0,1585.0,1585.0,1585.0,0.0,1585.0
seed2-no-tmdriv,no_tmdriv,direct_max,idelay_data_cntvaluein,lane1,dq13,1,endpoint,1,1348.0,1348.0,1348.0,1348.0,0.0,1348.0
seed2-reset-locks-only,reset_locks_only,direct_max,idelay_data_cntvaluein,lane1,dq13,1,endpoint,1,1893.0,1893.0,1893.0,1893.0,0.0,1893.0
seed2-robust,robust,direct_max,idelay_data_cntvaluein,lane1,dq13,1,endpoint,1,1593.0,1593.0,1593.0,1593.0,0.0,1593.0
seed3-pass,pass,direct_max,idelay_data_cntvaluein,lane1,dq13,1,endpoint,1,1516.0,1516.0,1516.0,1516.0,0.0,1516.0
seed4-pass,pass,direct_max,idelay_data_cntvaluein,lane1,dq13,1,endpoint,1,1458.0,1458.0,1458.0,1458.0,0.0,1458.0
seed5-pass,pass,direct_max,idelay_data_cntvaluein,lane1,dq13,1,endpoint,1,1675.0,1675.0,1675.0,1675.0,0.0,1675.0
seed1-fail,fail,direct_max,idelay_data_cntvaluein,lane1,dq13,2,endpoint,1,1873.0,1873.0,1873.0,1873.0,0.0,1873.0
seed1-no-tmdriv,no_tmdriv,direct_max,idelay_data_cntvaluein,lane1,dq13,2,endpoint,1,1559.0,1559.0,1559.0,1559.0,0.0,1559.0
seed1-reset-locks-only,reset_locks_only,direct_max,idelay_data_cntvaluein,lane1,dq13,2,endpoint,1,1082.0,1082.0,1082.0,1082.0,0.0,1082.0
seed1-robust,robust,direct_max,idelay_data_cntvaluein,lane1,dq13,2,endpoint,1,1503.0,1503.0,1503.0,1503.0,0.0,1503.0
seed2-fail,fail,direct_max,idelay_data_cntvaluein,lane1,dq13,2,endpoint,1,1508.0,1508.0,1508.0,1508.0,0.0,1508.0
seed2-no-tmdriv,no_tmdriv,direct_max,idelay_data_cntvaluein,lane1,dq13,2,endpoint,1,1103.0,1103.0,1103.0,1103.0,0.0,1103.0
seed2-reset-locks-only,reset_locks_only,direct_max,idelay_data_cntvaluein,lane1,dq13,2,endpoint,1,1620.0,1620.0,1620.0,1620.0,0.0,1620.0
seed2-robust,robust,direct_max,idelay_data_cntvaluein,lane1,dq13,2,endpoint,1,1243.0,1243.0,1243.0,1243.0,0.0,1243.0
seed3-pass,pass,direct_max,idelay_data_cntvaluein,lane1,dq13,2,endpoint,1,1588.0,1588.0,1588.0,1588.0,0.0,1588.0
seed4-pass,pass,direct_max,idelay_data_cntvaluein,lane1,dq13,2,endpoint,1,1246.0,1246.0,1246.0,1246.0,0.0,1246.0
seed5-pass,pass,direct_max,idelay_data_cntvaluein,lane1,dq13,2,endpoint,1,1279.0,1279.0,1279.0,1279.0,0.0,1279.0
seed1-fail,fail,direct_max,idelay_data_cntvaluein,lane1,dq13,3,endpoint,1,1832.0,1832.0,1832.0,1832.0,0.0,1832.0
seed1-no-tmdriv,no_tmdriv,direct_max,idelay_data_cntvaluein,lane1,dq13,3,endpoint,1,1458.0,1458.0,1458.0,1458.0,0.0,1458.0
seed1-reset-locks-only,reset_locks_only,direct_max,idelay_data_cntvaluein,lane1,dq13,3,endpoint,1,1350.0,1350.0,1350.0,1350.0,0.0,1350.0
seed1-robust,robust,direct_max,idelay_data_cntvaluein,lane1,dq13,3,endpoint,1,1628.0,1628.0,1628.0,1628.0,0.0,1628.0
seed2-fail,fail,direct_max,idelay_data_cntvaluein,lane1,dq13,3,endpoint,1,1534.0,1534.0,1534.0,1534.0,0.0,1534.0
seed2-no-tmdriv,no_tmdriv,direct_max,idelay_data_cntvaluein,lane1,dq13,3,endpoint,1,1210.0,1210.0,1210.0,1210.0,0.0,1210.0
seed2-reset-locks-only,reset_locks_only,direct_max,idelay_data_cntvaluein,lane1,dq13,3,endpoint,1,1827.0,1827.0,1827.0,1827.0,0.0,1827.0
seed2-robust,robust,direct_max,idelay_data_cntvaluein,lane1,dq13,3,endpoint,1,1447.0,1447.0,1447.0,1447.0,0.0,1447.0
seed3-pass,pass,direct_max,idelay_data_cntvaluein,lane1,dq13,3,endpoint,1,1347.0,1347.0,1347.0,1347.0,0.0,1347.0
seed4-pass,pass,direct_max,idelay_data_cntvaluein,lane1,dq13,3,endpoint,1,1679.0,1679.0,1679.0,1679.0,0.0,1679.0
seed5-pass,pass,direct_max,idelay_data_cntvaluein,lane1,dq13,3,endpoint,1,1422.0,1422.0,1422.0,1422.0,0.0,1422.0
seed1-fail,fail,direct_max,idelay_data_cntvaluein,lane1,dq13,4,endpoint,1,1662.0,1662.0,1662.0,1662.0,0.0,1662.0
seed1-no-tmdriv,no_tmdriv,direct_max,idelay_data_cntvaluein,lane1,dq13,4,endpoint,1,1376.0,1376.0,1376.0,1376.0,0.0,1376.0
seed1-reset-locks-only,reset_locks_only,direct_max,idelay_data_cntvaluein,lane1,dq13,4,endpoint,1,1450.0,1450.0,1450.0,1450.0,0.0,1450.0
seed1-robust,robust,direct_max,idelay_data_cntvaluein,lane1,dq13,4,endpoint,1,2118.0,2118.0,2118.0,2118.0,0.0,2118.0
seed2-fail,fail,direct_max,idelay_data_cntvaluein,lane1,dq13,4,endpoint,1,1292.0,1292.0,1292.0,1292.0,0.0,1292.0
seed2-no-tmdriv,no_tmdriv,direct_max,idelay_data_cntvaluein,lane1,dq13,4,endpoint,1,1567.0,1567.0,1567.0,1567.0,0.0,1567.0
seed2-reset-locks-only,reset_locks_only,direct_max,idelay_data_cntvaluein,lane1,dq13,4,endpoint,1,2012.0,2012.0,2012.0,2012.0,0.0,2012.0
seed2-robust,robust,direct_max,idelay_data_cntvaluein,lane1,dq13,4,endpoint,1,1656.0,1656.0,1656.0,1656.0,0.0,1656.0
seed3-pass,pass,direct_max,idelay_data_cntvaluein,lane1,dq13,4,endpoint,1,1347.0,1347.0,1347.0,1347.0,0.0,1347.0
seed4-pass,pass,direct_max,idelay_data_cntvaluein,lane1,dq13,4,endpoint,1,1733.0,1733.0,1733.0,1733.0,0.0,1733.0
seed5-pass,pass,direct_max,idelay_data_cntvaluein,lane1,dq13,4,endpoint,1,1509.0,1509.0,1509.0,1509.0,0.0,1509.0
seed1-fail,fail,direct_max,idelay_data_cntvaluein,lane1,dq14,0,endpoint,1,1814.0,1814.0,1814.0,1814.0,0.0,1814.0
seed1-no-tmdriv,no_tmdriv,direct_max,idelay_data_cntvaluein,lane1,dq14,0,endpoint,1,1177.0,1177.0,1177.0,1177.0,0.0,1177.0
seed1-reset-locks-only,reset_locks_only,direct_max,idelay_data_cntvaluein,lane1,dq14,0,endpoint,1,1666.0,1666.0,1666.0,1666.0,0.0,1666.0
seed1-robust,robust,direct_max,idelay_data_cntvaluein,lane1,dq14,0,endpoint,1,2016.0,2016.0,2016.0,2016.0,0.0,2016.0
seed2-fail,fail,direct_max,idelay_data_cntvaluein,lane1,dq14,0,endpoint,1,1598.0,1598.0,1598.0,1598.0,0.0,1598.0
seed2-no-tmdriv,no_tmdriv,direct_max,idelay_data_cntvaluein,lane1,dq14,0,endpoint,1,1074.0,1074.0,1074.0,1074.0,0.0,1074.0
seed2-reset-locks-only,reset_locks_only,direct_max,idelay_data_cntvaluein,lane1,dq14,0,endpoint,1,2230.0,2230.0,2230.0,2230.0,0.0,2230.0
seed2-robust,robust,direct_max,idelay_data_cntvaluein,lane1,dq14,0,endpoint,1,1473.0,1473.0,1473.0,1473.0,0.0,1473.0
seed3-pass,pass,direct_max,idelay_data_cntvaluein,lane1,dq14,0,endpoint,1,1853.0,1853.0,1853.0,1853.0,0.0,1853.0
seed4-pass,pass,direct_max,idelay_data_cntvaluein,lane1,dq14,0,endpoint,1,1781.0,1781.0,1781.0,1781.0,0.0,1781.0
seed5-pass,pass,direct_max,idelay_data_cntvaluein,lane1,dq14,0,endpoint,1,1240.0,1240.0,1240.0,1240.0,0.0,1240.0
seed1-fail,fail,direct_max,idelay_data_cntvaluein,lane1,dq14,1,endpoint,1,1396.0,1396.0,1396.0,1396.0,0.0,1396.0
seed1-no-tmdriv,no_tmdriv,direct_max,idelay_data_cntvaluein,lane1,dq14,1,endpoint,1,1485.0,1485.0,1485.0,1485.0,0.0,1485.0
seed1-reset-locks-only,reset_locks_only,direct_max,idelay_data_cntvaluein,lane1,dq14,1,endpoint,1,1289.0,1289.0,1289.0,1289.0,0.0,1289.0
seed1-robust,robust,direct_max,idelay_data_cntvaluein,lane1,dq14,1,endpoint,1,1457.0,1457.0,1457.0,1457.0,0.0,1457.0
seed2-fail,fail,direct_max,idelay_data_cntvaluein,lane1,dq14,1,endpoint,1,1592.0,1592.0,1592.0,1592.0,0.0,1592.0
seed2-no-tmdriv,no_tmdriv,direct_max,idelay_data_cntvaluein,lane1,dq14,1,endpoint,1,1493.0,1493.0,1493.0,1493.0,0.0,1493.0
seed2-reset-locks-only,reset_locks_only,direct_max,idelay_data_cntvaluein,lane1,dq14,1,endpoint,1,1891.0,1891.0,1891.0,1891.0,0.0,1891.0
seed2-robust,robust,direct_max,idelay_data_cntvaluein,lane1,dq14,1,endpoint,1,1508.0,1508.0,1508.0,1508.0,0.0,1508.0
seed3-pass,pass,direct_max,idelay_data_cntvaluein,lane1,dq14,1,endpoint,1,1340.0,1340.0,1340.0,1340.0,0.0,1340.0
seed4-pass,pass,direct_max,idelay_data_cntvaluein,lane1,dq14,1,endpoint,1,1453.0,1453.0,1453.0,1453.0,0.0,1453.0
seed5-pass,pass,direct_max,idelay_data_cntvaluein,lane1,dq14,1,endpoint,1,1496.0,1496.0,1496.0,1496.0,0.0,1496.0
seed1-fail,fail,direct_max,idelay_data_cntvaluein,lane1,dq14,2,endpoint,1,2190.0,2190.0,2190.0,2190.0,0.0,2190.0
seed1-no-tmdriv,no_tmdriv,direct_max,idelay_data_cntvaluein,lane1,dq14,2,endpoint,1,1473.0,1473.0,1473.0,1473.0,0.0,1473.0
seed1-reset-locks-only,reset_locks_only,direct_max,idelay_data_cntvaluein,lane1,dq14,2,endpoint,1,1118.0,1118.0,1118.0,1118.0,0.0,1118.0
seed1-robust,robust,direct_max,idelay_data_cntvaluein,lane1,dq14,2,endpoint,1,1648.0,1648.0,1648.0,1648.0,0.0,1648.0
seed2-fail,fail,direct_max,idelay_data_cntvaluein,lane1,dq14,2,endpoint,1,1917.0,1917.0,1917.0,1917.0,0.0,1917.0
seed2-no-tmdriv,no_tmdriv,direct_max,idelay_data_cntvaluein,lane1,dq14,2,endpoint,1,1231.0,1231.0,1231.0,1231.0,0.0,1231.0
seed2-reset-locks-only,reset_locks_only,direct_max,idelay_data_cntvaluein,lane1,dq14,2,endpoint,1,1656.0,1656.0,1656.0,1656.0,0.0,1656.0
seed2-robust,robust,direct_max,idelay_data_cntvaluein,lane1,dq14,2,endpoint,1,1203.0,1203.0,1203.0,1203.0,0.0,1203.0
seed3-pass,pass,direct_max,idelay_data_cntvaluein,lane1,dq14,2,endpoint,1,1597.0,1597.0,1597.0,1597.0,0.0,1597.0
seed4-pass,pass,direct_max,idelay_data_cntvaluein,lane1,dq14,2,endpoint,1,1578.0,1578.0,1578.0,1578.0,0.0,1578.0
seed5-pass,pass,direct_max,idelay_data_cntvaluein,lane1,dq14,2,endpoint,1,1240.0,1240.0,1240.0,1240.0,0.0,1240.0
seed1-fail,fail,direct_max,idelay_data_cntvaluein,lane1,dq14,3,endpoint,1,2141.0,2141.0,2141.0,2141.0,0.0,2141.0
seed1-no-tmdriv,no_tmdriv,direct_max,idelay_data_cntvaluein,lane1,dq14,3,endpoint,1,1274.0,1274.0,1274.0,1274.0,0.0,1274.0
seed1-reset-locks-only,reset_locks_only,direct_max,idelay_data_cntvaluein,lane1,dq14,3,endpoint,1,1259.0,1259.0,1259.0,1259.0,0.0,1259.0
seed1-robust,robust,direct_max,idelay_data_cntvaluein,lane1,dq14,3,endpoint,1,1527.0,1527.0,1527.0,1527.0,0.0,1527.0
seed2-fail,fail,direct_max,idelay_data_cntvaluein,lane1,dq14,3,endpoint,1,1850.0,1850.0,1850.0,1850.0,0.0,1850.0
seed2-no-tmdriv,no_tmdriv,direct_max,idelay_data_cntvaluein,lane1,dq14,3,endpoint,1,1175.0,1175.0,1175.0,1175.0,0.0,1175.0
seed2-reset-locks-only,reset_locks_only,direct_max,idelay_data_cntvaluein,lane1,dq14,3,endpoint,1,1835.0,1835.0,1835.0,1835.0,0.0,1835.0
seed2-robust,robust,direct_max,idelay_data_cntvaluein,lane1,dq14,3,endpoint,1,1677.0,1677.0,1677.0,1677.0,0.0,1677.0
seed3-pass,pass,direct_max,idelay_data_cntvaluein,lane1,dq14,3,endpoint,1,1310.0,1310.0,1310.0,1310.0,0.0,1310.0
seed4-pass,pass,direct_max,idelay_data_cntvaluein,lane1,dq14,3,endpoint,1,1669.0,1669.0,1669.0,1669.0,0.0,1669.0
seed5-pass,pass,direct_max,idelay_data_cntvaluein,lane1,dq14,3,endpoint,1,1248.0,1248.0,1248.0,1248.0,0.0,1248.0
seed1-fail,fail,direct_max,idelay_data_cntvaluein,lane1,dq14,4,endpoint,1,1802.0,1802.0,1802.0,1802.0,0.0,1802.0
seed1-no-tmdriv,no_tmdriv,direct_max,idelay_data_cntvaluein,lane1,dq14,4,endpoint,1,1383.0,1383.0,1383.0,1383.0,0.0,1383.0
seed1-reset-locks-only,reset_locks_only,direct_max,idelay_data_cntvaluein,lane1,dq14,4,endpoint,1,1549.0,1549.0,1549.0,1549.0,0.0,1549.0
seed1-robust,robust,direct_max,idelay_data_cntvaluein,lane1,dq14,4,endpoint,1,2226.0,2226.0,2226.0,2226.0,0.0,2226.0
seed2-fail,fail,direct_max,idelay_data_cntvaluein,lane1,dq14,4,endpoint,1,1424.0,1424.0,1424.0,1424.0,0.0,1424.0
seed2-no-tmdriv,no_tmdriv,direct_max,idelay_data_cntvaluein,lane1,dq14,4,endpoint,1,1817.0,1817.0,1817.0,1817.0,0.0,1817.0
seed2-reset-locks-only,reset_locks_only,direct_max,idelay_data_cntvaluein,lane1,dq14,4,endpoint,1,2016.0,2016.0,2016.0,2016.0,0.0,2016.0
seed2-robust,robust,direct_max,idelay_data_cntvaluein,lane1,dq14,4,endpoint,1,1481.0,1481.0,1481.0,1481.0,0.0,1481.0
seed3-pass,pass,direct_max,idelay_data_cntvaluein,lane1,dq14,4,endpoint,1,1570.0,1570.0,1570.0,1570.0,0.0,1570.0
seed4-pass,pass,direct_max,idelay_data_cntvaluein,lane1,dq14,4,endpoint,1,1554.0,1554.0,1554.0,1554.0,0.0,1554.0
seed5-pass,pass,direct_max,idelay_data_cntvaluein,lane1,dq14,4,endpoint,1,1934.0,1934.0,1934.0,1934.0,0.0,1934.0
seed1-fail,fail,direct_max,idelay_data_cntvaluein,lane1,dq15,0,endpoint,1,1600.0,1600.0,1600.0,1600.0,0.0,1600.0
seed1-no-tmdriv,no_tmdriv,direct_max,idelay_data_cntvaluein,lane1,dq15,0,endpoint,1,1363.0,1363.0,1363.0,1363.0,0.0,1363.0
seed1-reset-locks-only,reset_locks_only,direct_max,idelay_data_cntvaluein,lane1,dq15,0,endpoint,1,1384.0,1384.0,1384.0,1384.0,0.0,1384.0
seed1-robust,robust,direct_max,idelay_data_cntvaluein,lane1,dq15,0,endpoint,1,2246.0,2246.0,2246.0,2246.0,0.0,2246.0
seed2-fail,fail,direct_max,idelay_data_cntvaluein,lane1,dq15,0,endpoint,1,1097.0,1097.0,1097.0,1097.0,0.0,1097.0
seed2-no-tmdriv,no_tmdriv,direct_max,idelay_data_cntvaluein,lane1,dq15,0,endpoint,1,990.0,990.0,990.0,990.0,0.0,990.0
seed2-reset-locks-only,reset_locks_only,direct_max,idelay_data_cntvaluein,lane1,dq15,0,endpoint,1,1784.0,1784.0,1784.0,1784.0,0.0,1784.0
seed2-robust,robust,direct_max,idelay_data_cntvaluein,lane1,dq15,0,endpoint,1,1129.0,1129.0,1129.0,1129.0,0.0,1129.0
seed3-pass,pass,direct_max,idelay_data_cntvaluein,lane1,dq15,0,endpoint,1,1613.0,1613.0,1613.0,1613.0,0.0,1613.0
seed4-pass,pass,direct_max,idelay_data_cntvaluein,lane1,dq15,0,endpoint,1,1453.0,1453.0,1453.0,1453.0,0.0,1453.0
seed5-pass,pass,direct_max,idelay_data_cntvaluein,lane1,dq15,0,endpoint,1,1125.0,1125.0,1125.0,1125.0,0.0,1125.0
seed1-fail,fail,direct_max,idelay_data_cntvaluein,lane1,dq15,1,endpoint,1,1396.0,1396.0,1396.0,1396.0,0.0,1396.0
seed1-no-tmdriv,no_tmdriv,direct_max,idelay_data_cntvaluein,lane1,dq15,1,endpoint,1,1254.0,1254.0,1254.0,1254.0,0.0,1254.0
seed1-reset-locks-only,reset_locks_only,direct_max,idelay_data_cntvaluein,lane1,dq15,1,endpoint,1,1143.0,1143.0,1143.0,1143.0,0.0,1143.0
seed1-robust,robust,direct_max,idelay_data_cntvaluein,lane1,dq15,1,endpoint,1,1207.0,1207.0,1207.0,1207.0,0.0,1207.0
seed2-fail,fail,direct_max,idelay_data_cntvaluein,lane1,dq15,1,endpoint,1,1485.0,1485.0,1485.0,1485.0,0.0,1485.0
seed2-no-tmdriv,no_tmdriv,direct_max,idelay_data_cntvaluein,lane1,dq15,1,endpoint,1,1277.0,1277.0,1277.0,1277.0,0.0,1277.0
seed2-reset-locks-only,reset_locks_only,direct_max,idelay_data_cntvaluein,lane1,dq15,1,endpoint,1,1746.0,1746.0,1746.0,1746.0,0.0,1746.0
seed2-robust,robust,direct_max,idelay_data_cntvaluein,lane1,dq15,1,endpoint,1,1450.0,1450.0,1450.0,1450.0,0.0,1450.0
seed3-pass,pass,direct_max,idelay_data_cntvaluein,lane1,dq15,1,endpoint,1,1159.0,1159.0,1159.0,1159.0,0.0,1159.0
seed4-pass,pass,direct_max,idelay_data_cntvaluein,lane1,dq15,1,endpoint,1,1223.0,1223.0,1223.0,1223.0,0.0,1223.0
seed5-pass,pass,direct_max,idelay_data_cntvaluein,lane1,dq15,1,endpoint,1,1445.0,1445.0,1445.0,1445.0,0.0,1445.0
seed1-fail,fail,direct_max,idelay_data_cntvaluein,lane1,dq15,2,endpoint,1,1442.0,1442.0,1442.0,1442.0,0.0,1442.0
seed1-no-tmdriv,no_tmdriv,direct_max,idelay_data_cntvaluein,lane1,dq15,2,endpoint,1,1611.0,1611.0,1611.0,1611.0,0.0,1611.0
seed1-reset-locks-only,reset_locks_only,direct_max,idelay_data_cntvaluein,lane1,dq15,2,endpoint,1,1159.0,1159.0,1159.0,1159.0,0.0,1159.0
seed1-robust,robust,direct_max,idelay_data_cntvaluein,lane1,dq15,2,endpoint,1,1376.0,1376.0,1376.0,1376.0,0.0,1376.0
seed2-fail,fail,direct_max,idelay_data_cntvaluein,lane1,dq15,2,endpoint,1,1452.0,1452.0,1452.0,1452.0,0.0,1452.0
seed2-no-tmdriv,no_tmdriv,direct_max,idelay_data_cntvaluein,lane1,dq15,2,endpoint,1,992.0,992.0,992.0,992.0,0.0,992.0
seed2-reset-locks-only,reset_locks_only,direct_max,idelay_data_cntvaluein,lane1,dq15,2,endpoint,1,1601.0,1601.0,1601.0,1601.0,0.0,1601.0
seed2-robust,robust,direct_max,idelay_data_cntvaluein,lane1,dq15,2,endpoint,1,1065.0,1065.0,1065.0,1065.0,0.0,1065.0
seed3-pass,pass,direct_max,idelay_data_cntvaluein,lane1,dq15,2,endpoint,1,1223.0,1223.0,1223.0,1223.0,0.0,1223.0
seed4-pass,pass,direct_max,idelay_data_cntvaluein,lane1,dq15,2,endpoint,1,1175.0,1175.0,1175.0,1175.0,0.0,1175.0
seed5-pass,pass,direct_max,idelay_data_cntvaluein,lane1,dq15,2,endpoint,1,1070.0,1070.0,1070.0,1070.0,0.0,1070.0
seed1-fail,fail,direct_max,idelay_data_cntvaluein,lane1,dq15,3,endpoint,1,1858.0,1858.0,1858.0,1858.0,0.0,1858.0
seed1-no-tmdriv,no_tmdriv,direct_max,idelay_data_cntvaluein,lane1,dq15,3,endpoint,1,1202.0,1202.0,1202.0,1202.0,0.0,1202.0
seed1-reset-locks-only,reset_locks_only,direct_max,idelay_data_cntvaluein,lane1,dq15,3,endpoint,1,1162.0,1162.0,1162.0,1162.0,0.0,1162.0
seed1-robust,robust,direct_max,idelay_data_cntvaluein,lane1,dq15,3,endpoint,1,1366.0,1366.0,1366.0,1366.0,0.0,1366.0
seed2-fail,fail,direct_max,idelay_data_cntvaluein,lane1,dq15,3,endpoint,1,1241.0,1241.0,1241.0,1241.0,0.0,1241.0
seed2-no-tmdriv,no_tmdriv,direct_max,idelay_data_cntvaluein,lane1,dq15,3,endpoint,1,1256.0,1256.0,1256.0,1256.0,0.0,1256.0
seed2-reset-locks-only,reset_locks_only,direct_max,idelay_data_cntvaluein,lane1,dq15,3,endpoint,1,1873.0,1873.0,1873.0,1873.0,0.0,1873.0
seed2-robust,robust,direct_max,idelay_data_cntvaluein,lane1,dq15,3,endpoint,1,1133.0,1133.0,1133.0,1133.0,0.0,1133.0
seed3-pass,pass,direct_max,idelay_data_cntvaluein,lane1,dq15,3,endpoint,1,1157.0,1157.0,1157.0,1157.0,0.0,1157.0
seed4-pass,pass,direct_max,idelay_data_cntvaluein,lane1,dq15,3,endpoint,1,1351.0,1351.0,1351.0,1351.0,0.0,1351.0
seed5-pass,pass,direct_max,idelay_data_cntvaluein,lane1,dq15,3,endpoint,1,1192.0,1192.0,1192.0,1192.0,0.0,1192.0
seed1-fail,fail,direct_max,idelay_data_cntvaluein,lane1,dq15,4,endpoint,1,1539.0,1539.0,1539.0,1539.0,0.0,1539.0
seed1-no-tmdriv,no_tmdriv,direct_max,idelay_data_cntvaluein,lane1,dq15,4,endpoint,1,1144.0,1144.0,1144.0,1144.0,0.0,1144.0
seed1-reset-locks-only,reset_locks_only,direct_max,idelay_data_cntvaluein,lane1,dq15,4,endpoint,1,1157.0,1157.0,1157.0,1157.0,0.0,1157.0
seed1-robust,robust,direct_max,idelay_data_cntvaluein,lane1,dq15,4,endpoint,1,2170.0,2170.0,2170.0,2170.0,0.0,2170.0
seed2-fail,fail,direct_max,idelay_data_cntvaluein,lane1,dq15,4,endpoint,1,1149.0,1149.0,1149.0,1149.0,0.0,1149.0
seed2-no-tmdriv,no_tmdriv,direct_max,idelay_data_cntvaluein,lane1,dq15,4,endpoint,1,1302.0,1302.0,1302.0,1302.0,0.0,1302.0
seed2-reset-locks-only,reset_locks_only,direct_max,idelay_data_cntvaluein,lane1,dq15,4,endpoint,1,1784.0,1784.0,1784.0,1784.0,0.0,1784.0
seed2-robust,robust,direct_max,idelay_data_cntvaluein,lane1,dq15,4,endpoint,1,1225.0,1225.0,1225.0,1225.0,0.0,1225.0
seed3-pass,pass,direct_max,idelay_data_cntvaluein,lane1,dq15,4,endpoint,1,1800.0,1800.0,1800.0,1800.0,0.0,1800.0
seed4-pass,pass,direct_max,idelay_data_cntvaluein,lane1,dq15,4,endpoint,1,1842.0,1842.0,1842.0,1842.0,0.0,1842.0
seed5-pass,pass,direct_max,idelay_data_cntvaluein,lane1,dq15,4,endpoint,1,1240.0,1240.0,1240.0,1240.0,0.0,1240.0
seed1-fail,fail,direct_max,idelay_data_cntvaluein,lane1,dq8,0,endpoint,1,1758.0,1758.0,1758.0,1758.0,0.0,1758.0
seed1-no-tmdriv,no_tmdriv,direct_max,idelay_data_cntvaluein,lane1,dq8,0,endpoint,1,1001.0,1001.0,1001.0,1001.0,0.0,1001.0
seed1-reset-locks-only,reset_locks_only,direct_max,idelay_data_cntvaluein,lane1,dq8,0,endpoint,1,1666.0,1666.0,1666.0,1666.0,0.0,1666.0
seed1-robust,robust,direct_max,idelay_data_cntvaluein,lane1,dq8,0,endpoint,1,2023.0,2023.0,2023.0,2023.0,0.0,2023.0
seed2-fail,fail,direct_max,idelay_data_cntvaluein,lane1,dq8,0,endpoint,1,1605.0,1605.0,1605.0,1605.0,0.0,1605.0
seed2-no-tmdriv,no_tmdriv,direct_max,idelay_data_cntvaluein,lane1,dq8,0,endpoint,1,1157.0,1157.0,1157.0,1157.0,0.0,1157.0
seed2-reset-locks-only,reset_locks_only,direct_max,idelay_data_cntvaluein,lane1,dq8,0,endpoint,1,2318.0,2318.0,2318.0,2318.0,0.0,2318.0
seed2-robust,robust,direct_max,idelay_data_cntvaluein,lane1,dq8,0,endpoint,1,1557.0,1557.0,1557.0,1557.0,0.0,1557.0
seed3-pass,pass,direct_max,idelay_data_cntvaluein,lane1,dq8,0,endpoint,1,1858.0,1858.0,1858.0,1858.0,0.0,1858.0
seed4-pass,pass,direct_max,idelay_data_cntvaluein,lane1,dq8,0,endpoint,1,1692.0,1692.0,1692.0,1692.0,0.0,1692.0
seed5-pass,pass,direct_max,idelay_data_cntvaluein,lane1,dq8,0,endpoint,1,1324.0,1324.0,1324.0,1324.0,0.0,1324.0
seed1-fail,fail,direct_max,idelay_data_cntvaluein,lane1,dq8,1,endpoint,1,1491.0,1491.0,1491.0,1491.0,0.0,1491.0
seed1-no-tmdriv,no_tmdriv,direct_max,idelay_data_cntvaluein,lane1,dq8,1,endpoint,1,1340.0,1340.0,1340.0,1340.0,0.0,1340.0
seed1-reset-locks-only,reset_locks_only,direct_max,idelay_data_cntvaluein,lane1,dq8,1,endpoint,1,1144.0,1144.0,1144.0,1144.0,0.0,1144.0
seed1-robust,robust,direct_max,idelay_data_cntvaluein,lane1,dq8,1,endpoint,1,1542.0,1542.0,1542.0,1542.0,0.0,1542.0
seed2-fail,fail,direct_max,idelay_data_cntvaluein,lane1,dq8,1,endpoint,1,1861.0,1861.0,1861.0,1861.0,0.0,1861.0
seed2-no-tmdriv,no_tmdriv,direct_max,idelay_data_cntvaluein,lane1,dq8,1,endpoint,1,1585.0,1585.0,1585.0,1585.0,0.0,1585.0
seed2-reset-locks-only,reset_locks_only,direct_max,idelay_data_cntvaluein,lane1,dq8,1,endpoint,1,1804.0,1804.0,1804.0,1804.0,0.0,1804.0
seed2-robust,robust,direct_max,idelay_data_cntvaluein,lane1,dq8,1,endpoint,1,1421.0,1421.0,1421.0,1421.0,0.0,1421.0
seed3-pass,pass,direct_max,idelay_data_cntvaluein,lane1,dq8,1,endpoint,1,1338.0,1338.0,1338.0,1338.0,0.0,1338.0
seed4-pass,pass,direct_max,idelay_data_cntvaluein,lane1,dq8,1,endpoint,1,1539.0,1539.0,1539.0,1539.0,0.0,1539.0
seed5-pass,pass,direct_max,idelay_data_cntvaluein,lane1,dq8,1,endpoint,1,1768.0,1768.0,1768.0,1768.0,0.0,1768.0
seed1-fail,fail,direct_max,idelay_data_cntvaluein,lane1,dq8,2,endpoint,1,2282.0,2282.0,2282.0,2282.0,0.0,2282.0
seed1-no-tmdriv,no_tmdriv,direct_max,idelay_data_cntvaluein,lane1,dq8,2,endpoint,1,1388.0,1388.0,1388.0,1388.0,0.0,1388.0
seed1-reset-locks-only,reset_locks_only,direct_max,idelay_data_cntvaluein,lane1,dq8,2,endpoint,1,1126.0,1126.0,1126.0,1126.0,0.0,1126.0
seed1-robust,robust,direct_max,idelay_data_cntvaluein,lane1,dq8,2,endpoint,1,1738.0,1738.0,1738.0,1738.0,0.0,1738.0
seed2-fail,fail,direct_max,idelay_data_cntvaluein,lane1,dq8,2,endpoint,1,2000.0,2000.0,2000.0,2000.0,0.0,2000.0
seed2-no-tmdriv,no_tmdriv,direct_max,idelay_data_cntvaluein,lane1,dq8,2,endpoint,1,1195.0,1195.0,1195.0,1195.0,0.0,1195.0
seed2-reset-locks-only,reset_locks_only,direct_max,idelay_data_cntvaluein,lane1,dq8,2,endpoint,1,1712.0,1712.0,1712.0,1712.0,0.0,1712.0
seed2-robust,robust,direct_max,idelay_data_cntvaluein,lane1,dq8,2,endpoint,1,1149.0,1149.0,1149.0,1149.0,0.0,1149.0
seed3-pass,pass,direct_max,idelay_data_cntvaluein,lane1,dq8,2,endpoint,1,1473.0,1473.0,1473.0,1473.0,0.0,1473.0
seed4-pass,pass,direct_max,idelay_data_cntvaluein,lane1,dq8,2,endpoint,1,1669.0,1669.0,1669.0,1669.0,0.0,1669.0
seed5-pass,pass,direct_max,idelay_data_cntvaluein,lane1,dq8,2,endpoint,1,1330.0,1330.0,1330.0,1330.0,0.0,1330.0
seed1-fail,fail,direct_max,idelay_data_cntvaluein,lane1,dq8,3,endpoint,1,2145.0,2145.0,2145.0,2145.0,0.0,2145.0
seed1-no-tmdriv,no_tmdriv,direct_max,idelay_data_cntvaluein,lane1,dq8,3,endpoint,1,1366.0,1366.0,1366.0,1366.0,0.0,1366.0
seed1-reset-locks-only,reset_locks_only,direct_max,idelay_data_cntvaluein,lane1,dq8,3,endpoint,1,1258.0,1258.0,1258.0,1258.0,0.0,1258.0
seed1-robust,robust,direct_max,idelay_data_cntvaluein,lane1,dq8,3,endpoint,1,1702.0,1702.0,1702.0,1702.0,0.0,1702.0
seed2-fail,fail,direct_max,idelay_data_cntvaluein,lane1,dq8,3,endpoint,1,1853.0,1853.0,1853.0,1853.0,0.0,1853.0
seed2-no-tmdriv,no_tmdriv,direct_max,idelay_data_cntvaluein,lane1,dq8,3,endpoint,1,1266.0,1266.0,1266.0,1266.0,0.0,1266.0
seed2-reset-locks-only,reset_locks_only,direct_max,idelay_data_cntvaluein,lane1,dq8,3,endpoint,1,1651.0,1651.0,1651.0,1651.0,0.0,1651.0
seed2-robust,robust,direct_max,idelay_data_cntvaluein,lane1,dq8,3,endpoint,1,1768.0,1768.0,1768.0,1768.0,0.0,1768.0
seed3-pass,pass,direct_max,idelay_data_cntvaluein,lane1,dq8,3,endpoint,1,1439.0,1439.0,1439.0,1439.0,0.0,1439.0
seed4-pass,pass,direct_max,idelay_data_cntvaluein,lane1,dq8,3,endpoint,1,1677.0,1677.0,1677.0,1677.0,0.0,1677.0
seed5-pass,pass,direct_max,idelay_data_cntvaluein,lane1,dq8,3,endpoint,1,1518.0,1518.0,1518.0,1518.0,0.0,1518.0
seed1-fail,fail,direct_max,idelay_data_cntvaluein,lane1,dq8,4,endpoint,1,1713.0,1713.0,1713.0,1713.0,0.0,1713.0
seed1-no-tmdriv,no_tmdriv,direct_max,idelay_data_cntvaluein,lane1,dq8,4,endpoint,1,1378.0,1378.0,1378.0,1378.0,0.0,1378.0
seed1-reset-locks-only,reset_locks_only,direct_max,idelay_data_cntvaluein,lane1,dq8,4,endpoint,1,1636.0,1636.0,1636.0,1636.0,0.0,1636.0
seed1-robust,robust,direct_max,idelay_data_cntvaluein,lane1,dq8,4,endpoint,1,2279.0,2279.0,2279.0,2279.0,0.0,2279.0
seed2-fail,fail,direct_max,idelay_data_cntvaluein,lane1,dq8,4,endpoint,1,1509.0,1509.0,1509.0,1509.0,0.0,1509.0
seed2-no-tmdriv,no_tmdriv,direct_max,idelay_data_cntvaluein,lane1,dq8,4,endpoint,1,1901.0,1901.0,1901.0,1901.0,0.0,1901.0
seed2-reset-locks-only,reset_locks_only,direct_max,idelay_data_cntvaluein,lane1,dq8,4,endpoint,1,1927.0,1927.0,1927.0,1927.0,0.0,1927.0
seed2-robust,robust,direct_max,idelay_data_cntvaluein,lane1,dq8,4,endpoint,1,1625.0,1625.0,1625.0,1625.0,0.0,1625.0
seed3-pass,pass,direct_max,idelay_data_cntvaluein,lane1,dq8,4,endpoint,1,1657.0,1657.0,1657.0,1657.0,0.0,1657.0
seed4-pass,pass,direct_max,idelay_data_cntvaluein,lane1,dq8,4,endpoint,1,1730.0,1730.0,1730.0,1730.0,0.0,1730.0
seed5-pass,pass,direct_max,idelay_data_cntvaluein,lane1,dq8,4,endpoint,1,2023.0,2023.0,2023.0,2023.0,0.0,2023.0
seed1-fail,fail,direct_max,idelay_data_cntvaluein,lane1,dq9,0,endpoint,1,1544.0,1544.0,1544.0,1544.0,0.0,1544.0
seed1-no-tmdriv,no_tmdriv,direct_max,idelay_data_cntvaluein,lane1,dq9,0,endpoint,1,1368.0,1368.0,1368.0,1368.0,0.0,1368.0
seed1-reset-locks-only,reset_locks_only,direct_max,idelay_data_cntvaluein,lane1,dq9,0,endpoint,1,1434.0,1434.0,1434.0,1434.0,0.0,1434.0
seed1-robust,robust,direct_max,idelay_data_cntvaluein,lane1,dq9,0,endpoint,1,2335.0,2335.0,2335.0,2335.0,0.0,2335.0
seed2-fail,fail,direct_max,idelay_data_cntvaluein,lane1,dq9,0,endpoint,1,1156.0,1156.0,1156.0,1156.0,0.0,1156.0
seed2-no-tmdriv,no_tmdriv,direct_max,idelay_data_cntvaluein,lane1,dq9,0,endpoint,1,1077.0,1077.0,1077.0,1077.0,0.0,1077.0
seed2-reset-locks-only,reset_locks_only,direct_max,idelay_data_cntvaluein,lane1,dq9,0,endpoint,1,1868.0,1868.0,1868.0,1868.0,0.0,1868.0
seed2-robust,robust,direct_max,idelay_data_cntvaluein,lane1,dq9,0,endpoint,1,1116.0,1116.0,1116.0,1116.0,0.0,1116.0
seed3-pass,pass,direct_max,idelay_data_cntvaluein,lane1,dq9,0,endpoint,1,1626.0,1626.0,1626.0,1626.0,0.0,1626.0
seed4-pass,pass,direct_max,idelay_data_cntvaluein,lane1,dq9,0,endpoint,1,1537.0,1537.0,1537.0,1537.0,0.0,1537.0
seed5-pass,pass,direct_max,idelay_data_cntvaluein,lane1,dq9,0,endpoint,1,1036.0,1036.0,1036.0,1036.0,0.0,1036.0
seed1-fail,fail,direct_max,idelay_data_cntvaluein,lane1,dq9,1,endpoint,1,1481.0,1481.0,1481.0,1481.0,0.0,1481.0
seed1-no-tmdriv,no_tmdriv,direct_max,idelay_data_cntvaluein,lane1,dq9,1,endpoint,1,1243.0,1243.0,1243.0,1243.0,0.0,1243.0
seed1-reset-locks-only,reset_locks_only,direct_max,idelay_data_cntvaluein,lane1,dq9,1,endpoint,1,1143.0,1143.0,1143.0,1143.0,0.0,1143.0
seed1-robust,robust,direct_max,idelay_data_cntvaluein,lane1,dq9,1,endpoint,1,1297.0,1297.0,1297.0,1297.0,0.0,1297.0
seed2-fail,fail,direct_max,idelay_data_cntvaluein,lane1,dq9,1,endpoint,1,1577.0,1577.0,1577.0,1577.0,0.0,1577.0
seed2-no-tmdriv,no_tmdriv,direct_max,idelay_data_cntvaluein,lane1,dq9,1,endpoint,1,1310.0,1310.0,1310.0,1310.0,0.0,1310.0
seed2-reset-locks-only,reset_locks_only,direct_max,idelay_data_cntvaluein,lane1,dq9,1,endpoint,1,1838.0,1838.0,1838.0,1838.0,0.0,1838.0
seed2-robust,robust,direct_max,idelay_data_cntvaluein,lane1,dq9,1,endpoint,1,1536.0,1536.0,1536.0,1536.0,0.0,1536.0
seed3-pass,pass,direct_max,idelay_data_cntvaluein,lane1,dq9,1,endpoint,1,1243.0,1243.0,1243.0,1243.0,0.0,1243.0
seed4-pass,pass,direct_max,idelay_data_cntvaluein,lane1,dq9,1,endpoint,1,1141.0,1141.0,1141.0,1141.0,0.0,1141.0
seed5-pass,pass,direct_max,idelay_data_cntvaluein,lane1,dq9,1,endpoint,1,1235.0,1235.0,1235.0,1235.0,0.0,1235.0
seed1-fail,fail,direct_max,idelay_data_cntvaluein,lane1,dq9,2,endpoint,1,1532.0,1532.0,1532.0,1532.0,0.0,1532.0
seed1-no-tmdriv,no_tmdriv,direct_max,idelay_data_cntvaluein,lane1,dq9,2,endpoint,1,1182.0,1182.0,1182.0,1182.0,0.0,1182.0
seed1-reset-locks-only,reset_locks_only,direct_max,idelay_data_cntvaluein,lane1,dq9,2,endpoint,1,995.0,995.0,995.0,995.0,0.0,995.0
seed1-robust,robust,direct_max,idelay_data_cntvaluein,lane1,dq9,2,endpoint,1,1365.0,1365.0,1365.0,1365.0,0.0,1365.0
seed2-fail,fail,direct_max,idelay_data_cntvaluein,lane1,dq9,2,endpoint,1,1371.0,1371.0,1371.0,1371.0,0.0,1371.0
seed2-no-tmdriv,no_tmdriv,direct_max,idelay_data_cntvaluein,lane1,dq9,2,endpoint,1,966.0,966.0,966.0,966.0,0.0,966.0
seed2-reset-locks-only,reset_locks_only,direct_max,idelay_data_cntvaluein,lane1,dq9,2,endpoint,1,1682.0,1682.0,1682.0,1682.0,0.0,1682.0
seed2-robust,robust,direct_max,idelay_data_cntvaluein,lane1,dq9,2,endpoint,1,1154.0,1154.0,1154.0,1154.0,0.0,1154.0
seed3-pass,pass,direct_max,idelay_data_cntvaluein,lane1,dq9,2,endpoint,1,1212.0,1212.0,1212.0,1212.0,0.0,1212.0
seed4-pass,pass,direct_max,idelay_data_cntvaluein,lane1,dq9,2,endpoint,1,1123.0,1123.0,1123.0,1123.0,0.0,1123.0
seed5-pass,pass,direct_max,idelay_data_cntvaluein,lane1,dq9,2,endpoint,1,1080.0,1080.0,1080.0,1080.0,0.0,1080.0
seed1-fail,fail,direct_max,idelay_data_cntvaluein,lane1,dq9,3,endpoint,1,1832.0,1832.0,1832.0,1832.0,0.0,1832.0
seed1-no-tmdriv,no_tmdriv,direct_max,idelay_data_cntvaluein,lane1,dq9,3,endpoint,1,1200.0,1200.0,1200.0,1200.0,0.0,1200.0
seed1-reset-locks-only,reset_locks_only,direct_max,idelay_data_cntvaluein,lane1,dq9,3,endpoint,1,1253.0,1253.0,1253.0,1253.0,0.0,1253.0
seed1-robust,robust,direct_max,idelay_data_cntvaluein,lane1,dq9,3,endpoint,1,1368.0,1368.0,1368.0,1368.0,0.0,1368.0
seed2-fail,fail,direct_max,idelay_data_cntvaluein,lane1,dq9,3,endpoint,1,1161.0,1161.0,1161.0,1161.0,0.0,1161.0
seed2-no-tmdriv,no_tmdriv,direct_max,idelay_data_cntvaluein,lane1,dq9,3,endpoint,1,1347.0,1347.0,1347.0,1347.0,0.0,1347.0
seed2-reset-locks-only,reset_locks_only,direct_max,idelay_data_cntvaluein,lane1,dq9,3,endpoint,1,1881.0,1881.0,1881.0,1881.0,0.0,1881.0
seed2-robust,robust,direct_max,idelay_data_cntvaluein,lane1,dq9,3,endpoint,1,1218.0,1218.0,1218.0,1218.0,0.0,1218.0
seed3-pass,pass,direct_max,idelay_data_cntvaluein,lane1,dq9,3,endpoint,1,1241.0,1241.0,1241.0,1241.0,0.0,1241.0
seed4-pass,pass,direct_max,idelay_data_cntvaluein,lane1,dq9,3,endpoint,1,1437.0,1437.0,1437.0,1437.0,0.0,1437.0
seed5-pass,pass,direct_max,idelay_data_cntvaluein,lane1,dq9,3,endpoint,1,1284.0,1284.0,1284.0,1284.0,0.0,1284.0
seed1-fail,fail,direct_max,idelay_data_cntvaluein,lane1,dq9,4,endpoint,1,1626.0,1626.0,1626.0,1626.0,0.0,1626.0
seed1-no-tmdriv,no_tmdriv,direct_max,idelay_data_cntvaluein,lane1,dq9,4,endpoint,1,1236.0,1236.0,1236.0,1236.0,0.0,1236.0
seed1-reset-locks-only,reset_locks_only,direct_max,idelay_data_cntvaluein,lane1,dq9,4,endpoint,1,1246.0,1246.0,1246.0,1246.0,0.0,1246.0
seed1-robust,robust,direct_max,idelay_data_cntvaluein,lane1,dq9,4,endpoint,1,2257.0,2257.0,2257.0,2257.0,0.0,2257.0
seed2-fail,fail,direct_max,idelay_data_cntvaluein,lane1,dq9,4,endpoint,1,1238.0,1238.0,1238.0,1238.0,0.0,1238.0
seed2-no-tmdriv,no_tmdriv,direct_max,idelay_data_cntvaluein,lane1,dq9,4,endpoint,1,1304.0,1304.0,1304.0,1304.0,0.0,1304.0
seed2-reset-locks-only,reset_locks_only,direct_max,idelay_data_cntvaluein,lane1,dq9,4,endpoint,1,1870.0,1870.0,1870.0,1870.0,0.0,1870.0
seed2-robust,robust,direct_max,idelay_data_cntvaluein,lane1,dq9,4,endpoint,1,1284.0,1284.0,1284.0,1284.0,0.0,1284.0
seed3-pass,pass,direct_max,idelay_data_cntvaluein,lane1,dq9,4,endpoint,1,1889.0,1889.0,1889.0,1889.0,0.0,1889.0
seed4-pass,pass,direct_max,idelay_data_cntvaluein,lane1,dq9,4,endpoint,1,1866.0,1866.0,1866.0,1866.0,0.0,1866.0
seed5-pass,pass,direct_max,idelay_data_cntvaluein,lane1,dq9,4,endpoint,1,1299.0,1299.0,1299.0,1299.0,0.0,1299.0
seed1-fail,fail,direct_max,idelay_dqs_cntvaluein,lane0,dqs0,0,endpoint,1,1748.0,1748.0,1748.0,1748.0,0.0,1748.0
seed1-no-tmdriv,no_tmdriv,direct_max,idelay_dqs_cntvaluein,lane0,dqs0,0,endpoint,1,2125.0,2125.0,2125.0,2125.0,0.0,2125.0
seed1-reset-locks-only,reset_locks_only,direct_max,idelay_dqs_cntvaluein,lane0,dqs0,0,endpoint,1,1075.0,1075.0,1075.0,1075.0,0.0,1075.0
seed1-robust,robust,direct_max,idelay_dqs_cntvaluein,lane0,dqs0,0,endpoint,1,1626.0,1626.0,1626.0,1626.0,0.0,1626.0
seed2-fail,fail,direct_max,idelay_dqs_cntvaluein,lane0,dqs0,0,endpoint,1,1159.0,1159.0,1159.0,1159.0,0.0,1159.0
seed2-no-tmdriv,no_tmdriv,direct_max,idelay_dqs_cntvaluein,lane0,dqs0,0,endpoint,1,1363.0,1363.0,1363.0,1363.0,0.0,1363.0
seed2-reset-locks-only,reset_locks_only,direct_max,idelay_dqs_cntvaluein,lane0,dqs0,0,endpoint,1,1718.0,1718.0,1718.0,1718.0,0.0,1718.0
seed2-robust,robust,direct_max,idelay_dqs_cntvaluein,lane0,dqs0,0,endpoint,1,1350.0,1350.0,1350.0,1350.0,0.0,1350.0
seed3-pass,pass,direct_max,idelay_dqs_cntvaluein,lane0,dqs0,0,endpoint,1,1830.0,1830.0,1830.0,1830.0,0.0,1830.0
seed4-pass,pass,direct_max,idelay_dqs_cntvaluein,lane0,dqs0,0,endpoint,1,1159.0,1159.0,1159.0,1159.0,0.0,1159.0
seed5-pass,pass,direct_max,idelay_dqs_cntvaluein,lane0,dqs0,0,endpoint,1,1523.0,1523.0,1523.0,1523.0,0.0,1523.0
seed1-fail,fail,direct_max,idelay_dqs_cntvaluein,lane0,dqs0,1,endpoint,1,1501.0,1501.0,1501.0,1501.0,0.0,1501.0
seed1-no-tmdriv,no_tmdriv,direct_max,idelay_dqs_cntvaluein,lane0,dqs0,1,endpoint,1,1988.0,1988.0,1988.0,1988.0,0.0,1988.0
seed1-reset-locks-only,reset_locks_only,direct_max,idelay_dqs_cntvaluein,lane0,dqs0,1,endpoint,1,1235.0,1235.0,1235.0,1235.0,0.0,1235.0
seed1-robust,robust,direct_max,idelay_dqs_cntvaluein,lane0,dqs0,1,endpoint,1,1787.0,1787.0,1787.0,1787.0,0.0,1787.0
seed2-fail,fail,direct_max,idelay_dqs_cntvaluein,lane0,dqs0,1,endpoint,1,1373.0,1373.0,1373.0,1373.0,0.0,1373.0
seed2-no-tmdriv,no_tmdriv,direct_max,idelay_dqs_cntvaluein,lane0,dqs0,1,endpoint,1,1375.0,1375.0,1375.0,1375.0,0.0,1375.0
seed2-reset-locks-only,reset_locks_only,direct_max,idelay_dqs_cntvaluein,lane0,dqs0,1,endpoint,1,2163.0,2163.0,2163.0,2163.0,0.0,2163.0
seed2-robust,robust,direct_max,idelay_dqs_cntvaluein,lane0,dqs0,1,endpoint,1,1687.0,1687.0,1687.0,1687.0,0.0,1687.0
seed3-pass,pass,direct_max,idelay_dqs_cntvaluein,lane0,dqs0,1,endpoint,1,1970.0,1970.0,1970.0,1970.0,0.0,1970.0
seed4-pass,pass,direct_max,idelay_dqs_cntvaluein,lane0,dqs0,1,endpoint,1,1404.0,1404.0,1404.0,1404.0,0.0,1404.0
seed5-pass,pass,direct_max,idelay_dqs_cntvaluein,lane0,dqs0,1,endpoint,1,1460.0,1460.0,1460.0,1460.0,0.0,1460.0
seed1-fail,fail,direct_max,idelay_dqs_cntvaluein,lane0,dqs0,2,endpoint,1,2038.0,2038.0,2038.0,2038.0,0.0,2038.0
seed1-no-tmdriv,no_tmdriv,direct_max,idelay_dqs_cntvaluein,lane0,dqs0,2,endpoint,1,1529.0,1529.0,1529.0,1529.0,0.0,1529.0
seed1-reset-locks-only,reset_locks_only,direct_max,idelay_dqs_cntvaluein,lane0,dqs0,2,endpoint,1,1822.0,1822.0,1822.0,1822.0,0.0,1822.0
seed1-robust,robust,direct_max,idelay_dqs_cntvaluein,lane0,dqs0,2,endpoint,1,1940.0,1940.0,1940.0,1940.0,0.0,1940.0
seed2-fail,fail,direct_max,idelay_dqs_cntvaluein,lane0,dqs0,2,endpoint,1,1587.0,1587.0,1587.0,1587.0,0.0,1587.0
seed2-no-tmdriv,no_tmdriv,direct_max,idelay_dqs_cntvaluein,lane0,dqs0,2,endpoint,1,1613.0,1613.0,1613.0,1613.0,0.0,1613.0
seed2-reset-locks-only,reset_locks_only,direct_max,idelay_dqs_cntvaluein,lane0,dqs0,2,endpoint,1,1496.0,1496.0,1496.0,1496.0,0.0,1496.0
seed2-robust,robust,direct_max,idelay_dqs_cntvaluein,lane0,dqs0,2,endpoint,1,1572.0,1572.0,1572.0,1572.0,0.0,1572.0
seed3-pass,pass,direct_max,idelay_dqs_cntvaluein,lane0,dqs0,2,endpoint,1,1376.0,1376.0,1376.0,1376.0,0.0,1376.0
seed4-pass,pass,direct_max,idelay_dqs_cntvaluein,lane0,dqs0,2,endpoint,1,1274.0,1274.0,1274.0,1274.0,0.0,1274.0
seed5-pass,pass,direct_max,idelay_dqs_cntvaluein,lane0,dqs0,2,endpoint,1,1447.0,1447.0,1447.0,1447.0,0.0,1447.0
seed1-fail,fail,direct_max,idelay_dqs_cntvaluein,lane0,dqs0,3,endpoint,1,1564.0,1564.0,1564.0,1564.0,0.0,1564.0
seed1-no-tmdriv,no_tmdriv,direct_max,idelay_dqs_cntvaluein,lane0,dqs0,3,endpoint,1,1296.0,1296.0,1296.0,1296.0,0.0,1296.0
seed1-reset-locks-only,reset_locks_only,direct_max,idelay_dqs_cntvaluein,lane0,dqs0,3,endpoint,1,1838.0,1838.0,1838.0,1838.0,0.0,1838.0
seed1-robust,robust,direct_max,idelay_dqs_cntvaluein,lane0,dqs0,3,endpoint,1,1776.0,1776.0,1776.0,1776.0,0.0,1776.0
seed2-fail,fail,direct_max,idelay_dqs_cntvaluein,lane0,dqs0,3,endpoint,1,1544.0,1544.0,1544.0,1544.0,0.0,1544.0
seed2-no-tmdriv,no_tmdriv,direct_max,idelay_dqs_cntvaluein,lane0,dqs0,3,endpoint,1,1195.0,1195.0,1195.0,1195.0,0.0,1195.0
seed2-reset-locks-only,reset_locks_only,direct_max,idelay_dqs_cntvaluein,lane0,dqs0,3,endpoint,1,2088.0,2088.0,2088.0,2088.0,0.0,2088.0
seed2-robust,robust,direct_max,idelay_dqs_cntvaluein,lane0,dqs0,3,endpoint,1,1554.0,1554.0,1554.0,1554.0,0.0,1554.0
seed3-pass,pass,direct_max,idelay_dqs_cntvaluein,lane0,dqs0,3,endpoint,1,1636.0,1636.0,1636.0,1636.0,0.0,1636.0
seed4-pass,pass,direct_max,idelay_dqs_cntvaluein,lane0,dqs0,3,endpoint,1,1355.0,1355.0,1355.0,1355.0,0.0,1355.0
seed5-pass,pass,direct_max,idelay_dqs_cntvaluein,lane0,dqs0,3,endpoint,1,1850.0,1850.0,1850.0,1850.0,0.0,1850.0
seed1-fail,fail,direct_max,idelay_dqs_cntvaluein,lane0,dqs0,4,endpoint,1,2233.0,2233.0,2233.0,2233.0,0.0,2233.0
seed1-no-tmdriv,no_tmdriv,direct_max,idelay_dqs_cntvaluein,lane0,dqs0,4,endpoint,1,2450.0,2450.0,2450.0,2450.0,0.0,2450.0
seed1-reset-locks-only,reset_locks_only,direct_max,idelay_dqs_cntvaluein,lane0,dqs0,4,endpoint,1,1901.0,1901.0,1901.0,1901.0,0.0,1901.0
seed1-robust,robust,direct_max,idelay_dqs_cntvaluein,lane0,dqs0,4,endpoint,1,1358.0,1358.0,1358.0,1358.0,0.0,1358.0
seed2-fail,fail,direct_max,idelay_dqs_cntvaluein,lane0,dqs0,4,endpoint,1,1952.0,1952.0,1952.0,1952.0,0.0,1952.0
seed2-no-tmdriv,no_tmdriv,direct_max,idelay_dqs_cntvaluein,lane0,dqs0,4,endpoint,1,1684.0,1684.0,1684.0,1684.0,0.0,1684.0
seed2-reset-locks-only,reset_locks_only,direct_max,idelay_dqs_cntvaluein,lane0,dqs0,4,endpoint,1,2164.0,2164.0,2164.0,2164.0,0.0,2164.0
seed2-robust,robust,direct_max,idelay_dqs_cntvaluein,lane0,dqs0,4,endpoint,1,1328.0,1328.0,1328.0,1328.0,0.0,1328.0
seed3-pass,pass,direct_max,idelay_dqs_cntvaluein,lane0,dqs0,4,endpoint,1,1350.0,1350.0,1350.0,1350.0,0.0,1350.0
seed4-pass,pass,direct_max,idelay_dqs_cntvaluein,lane0,dqs0,4,endpoint,1,1333.0,1333.0,1333.0,1333.0,0.0,1333.0
seed5-pass,pass,direct_max,idelay_dqs_cntvaluein,lane0,dqs0,4,endpoint,1,1623.0,1623.0,1623.0,1623.0,0.0,1623.0
seed1-fail,fail,direct_max,idelay_dqs_cntvaluein,lane1,dqs1,0,endpoint,1,1567.0,1567.0,1567.0,1567.0,0.0,1567.0
seed1-no-tmdriv,no_tmdriv,direct_max,idelay_dqs_cntvaluein,lane1,dqs1,0,endpoint,1,1911.0,1911.0,1911.0,1911.0,0.0,1911.0
seed1-reset-locks-only,reset_locks_only,direct_max,idelay_dqs_cntvaluein,lane1,dqs1,0,endpoint,1,870.0,870.0,870.0,870.0,0.0,870.0
seed1-robust,robust,direct_max,idelay_dqs_cntvaluein,lane1,dqs1,0,endpoint,1,1455.0,1455.0,1455.0,1455.0,0.0,1455.0
seed2-fail,fail,direct_max,idelay_dqs_cntvaluein,lane1,dqs1,0,endpoint,1,804.0,804.0,804.0,804.0,0.0,804.0
seed2-no-tmdriv,no_tmdriv,direct_max,idelay_dqs_cntvaluein,lane1,dqs1,0,endpoint,1,1085.0,1085.0,1085.0,1085.0,0.0,1085.0
seed2-reset-locks-only,reset_locks_only,direct_max,idelay_dqs_cntvaluein,lane1,dqs1,0,endpoint,1,1417.0,1417.0,1417.0,1417.0,0.0,1417.0
seed2-robust,robust,direct_max,idelay_dqs_cntvaluein,lane1,dqs1,0,endpoint,1,1093.0,1093.0,1093.0,1093.0,0.0,1093.0
seed3-pass,pass,direct_max,idelay_dqs_cntvaluein,lane1,dqs1,0,endpoint,1,1468.0,1468.0,1468.0,1468.0,0.0,1468.0
seed4-pass,pass,direct_max,idelay_dqs_cntvaluein,lane1,dqs1,0,endpoint,1,962.0,962.0,962.0,962.0,0.0,962.0
seed5-pass,pass,direct_max,idelay_dqs_cntvaluein,lane1,dqs1,0,endpoint,1,1245.0,1245.0,1245.0,1245.0,0.0,1245.0
seed1-fail,fail,direct_max,idelay_dqs_cntvaluein,lane1,dqs1,1,endpoint,1,1077.0,1077.0,1077.0,1077.0,0.0,1077.0
seed1-no-tmdriv,no_tmdriv,direct_max,idelay_dqs_cntvaluein,lane1,dqs1,1,endpoint,1,1731.0,1731.0,1731.0,1731.0,0.0,1731.0
seed1-reset-locks-only,reset_locks_only,direct_max,idelay_dqs_cntvaluein,lane1,dqs1,1,endpoint,1,880.0,880.0,880.0,880.0,0.0,880.0
seed1-robust,robust,direct_max,idelay_dqs_cntvaluein,lane1,dqs1,1,endpoint,1,1511.0,1511.0,1511.0,1511.0,0.0,1511.0
seed2-fail,fail,direct_max,idelay_dqs_cntvaluein,lane1,dqs1,1,endpoint,1,1149.0,1149.0,1149.0,1149.0,0.0,1149.0
seed2-no-tmdriv,no_tmdriv,direct_max,idelay_dqs_cntvaluein,lane1,dqs1,1,endpoint,1,1174.0,1174.0,1174.0,1174.0,0.0,1174.0
seed2-reset-locks-only,reset_locks_only,direct_max,idelay_dqs_cntvaluein,lane1,dqs1,1,endpoint,1,1697.0,1697.0,1697.0,1697.0,0.0,1697.0
seed2-robust,robust,direct_max,idelay_dqs_cntvaluein,lane1,dqs1,1,endpoint,1,1365.0,1365.0,1365.0,1365.0,0.0,1365.0
seed3-pass,pass,direct_max,idelay_dqs_cntvaluein,lane1,dqs1,1,endpoint,1,1674.0,1674.0,1674.0,1674.0,0.0,1674.0
seed4-pass,pass,direct_max,idelay_dqs_cntvaluein,lane1,dqs1,1,endpoint,1,1116.0,1116.0,1116.0,1116.0,0.0,1116.0
seed5-pass,pass,direct_max,idelay_dqs_cntvaluein,lane1,dqs1,1,endpoint,1,1182.0,1182.0,1182.0,1182.0,0.0,1182.0
seed1-fail,fail,direct_max,idelay_dqs_cntvaluein,lane1,dqs1,2,endpoint,1,1726.0,1726.0,1726.0,1726.0,0.0,1726.0
seed1-no-tmdriv,no_tmdriv,direct_max,idelay_dqs_cntvaluein,lane1,dqs1,2,endpoint,1,1348.0,1348.0,1348.0,1348.0,0.0,1348.0
seed1-reset-locks-only,reset_locks_only,direct_max,idelay_dqs_cntvaluein,lane1,dqs1,2,endpoint,1,1460.0,1460.0,1460.0,1460.0,0.0,1460.0
seed1-robust,robust,direct_max,idelay_dqs_cntvaluein,lane1,dqs1,2,endpoint,1,1702.0,1702.0,1702.0,1702.0,0.0,1702.0
seed2-fail,fail,direct_max,idelay_dqs_cntvaluein,lane1,dqs1,2,endpoint,1,1309.0,1309.0,1309.0,1309.0,0.0,1309.0
seed2-no-tmdriv,no_tmdriv,direct_max,idelay_dqs_cntvaluein,lane1,dqs1,2,endpoint,1,1299.0,1299.0,1299.0,1299.0,0.0,1299.0
seed2-reset-locks-only,reset_locks_only,direct_max,idelay_dqs_cntvaluein,lane1,dqs1,2,endpoint,1,1475.0,1475.0,1475.0,1475.0,0.0,1475.0
seed2-robust,robust,direct_max,idelay_dqs_cntvaluein,lane1,dqs1,2,endpoint,1,1254.0,1254.0,1254.0,1254.0,0.0,1254.0
seed3-pass,pass,direct_max,idelay_dqs_cntvaluein,lane1,dqs1,2,endpoint,1,1103.0,1103.0,1103.0,1103.0,0.0,1103.0
seed4-pass,pass,direct_max,idelay_dqs_cntvaluein,lane1,dqs1,2,endpoint,1,1008.0,1008.0,1008.0,1008.0,0.0,1008.0
seed5-pass,pass,direct_max,idelay_dqs_cntvaluein,lane1,dqs1,2,endpoint,1,1169.0,1169.0,1169.0,1169.0,0.0,1169.0
seed1-fail,fail,direct_max,idelay_dqs_cntvaluein,lane1,dqs1,3,endpoint,1,1360.0,1360.0,1360.0,1360.0,0.0,1360.0
seed1-no-tmdriv,no_tmdriv,direct_max,idelay_dqs_cntvaluein,lane1,dqs1,3,endpoint,1,1348.0,1348.0,1348.0,1348.0,0.0,1348.0
seed1-reset-locks-only,reset_locks_only,direct_max,idelay_dqs_cntvaluein,lane1,dqs1,3,endpoint,1,1388.0,1388.0,1388.0,1388.0,0.0,1388.0
seed1-robust,robust,direct_max,idelay_dqs_cntvaluein,lane1,dqs1,3,endpoint,1,1414.0,1414.0,1414.0,1414.0,0.0,1414.0
seed2-fail,fail,direct_max,idelay_dqs_cntvaluein,lane1,dqs1,3,endpoint,1,1268.0,1268.0,1268.0,1268.0,0.0,1268.0
seed2-no-tmdriv,no_tmdriv,direct_max,idelay_dqs_cntvaluein,lane1,dqs1,3,endpoint,1,1180.0,1180.0,1180.0,1180.0,0.0,1180.0
seed2-reset-locks-only,reset_locks_only,direct_max,idelay_dqs_cntvaluein,lane1,dqs1,3,endpoint,1,1815.0,1815.0,1815.0,1815.0,0.0,1815.0
seed2-robust,robust,direct_max,idelay_dqs_cntvaluein,lane1,dqs1,3,endpoint,1,1156.0,1156.0,1156.0,1156.0,0.0,1156.0
seed3-pass,pass,direct_max,idelay_dqs_cntvaluein,lane1,dqs1,3,endpoint,1,1194.0,1194.0,1194.0,1194.0,0.0,1194.0
seed4-pass,pass,direct_max,idelay_dqs_cntvaluein,lane1,dqs1,3,endpoint,1,921.0,921.0,921.0,921.0,0.0,921.0
seed5-pass,pass,direct_max,idelay_dqs_cntvaluein,lane1,dqs1,3,endpoint,1,1376.0,1376.0,1376.0,1376.0,0.0,1376.0
seed1-fail,fail,direct_max,idelay_dqs_cntvaluein,lane1,dqs1,4,endpoint,1,1792.0,1792.0,1792.0,1792.0,0.0,1792.0
seed1-no-tmdriv,no_tmdriv,direct_max,idelay_dqs_cntvaluein,lane1,dqs1,4,endpoint,1,1963.0,1963.0,1963.0,1963.0,0.0,1963.0
seed1-reset-locks-only,reset_locks_only,direct_max,idelay_dqs_cntvaluein,lane1,dqs1,4,endpoint,1,1491.0,1491.0,1491.0,1491.0,0.0,1491.0
seed1-robust,robust,direct_max,idelay_dqs_cntvaluein,lane1,dqs1,4,endpoint,1,1215.0,1215.0,1215.0,1215.0,0.0,1215.0
seed2-fail,fail,direct_max,idelay_dqs_cntvaluein,lane1,dqs1,4,endpoint,1,1427.0,1427.0,1427.0,1427.0,0.0,1427.0
seed2-no-tmdriv,no_tmdriv,direct_max,idelay_dqs_cntvaluein,lane1,dqs1,4,endpoint,1,1296.0,1296.0,1296.0,1296.0,0.0,1296.0
seed2-reset-locks-only,reset_locks_only,direct_max,idelay_dqs_cntvaluein,lane1,dqs1,4,endpoint,1,1896.0,1896.0,1896.0,1896.0,0.0,1896.0
seed2-robust,robust,direct_max,idelay_dqs_cntvaluein,lane1,dqs1,4,endpoint,1,1125.0,1125.0,1125.0,1125.0,0.0,1125.0
seed3-pass,pass,direct_max,idelay_dqs_cntvaluein,lane1,dqs1,4,endpoint,1,1271.0,1271.0,1271.0,1271.0,0.0,1271.0
seed4-pass,pass,direct_max,idelay_dqs_cntvaluein,lane1,dqs1,4,endpoint,1,1271.0,1271.0,1271.0,1271.0,0.0,1271.0
seed5-pass,pass,direct_max,idelay_dqs_cntvaluein,lane1,dqs1,4,endpoint,1,1348.0,1348.0,1348.0,1348.0,0.0,1348.0
seed1-fail,fail,direct_max,idelay_ld,lane0,dq0,,endpoint,1,2186.0,2186.0,2186.0,2186.0,0.0,2186.0
seed1-no-tmdriv,no_tmdriv,direct_max,idelay_ld,lane0,dq0,,endpoint,1,1700.0,1700.0,1700.0,1700.0,0.0,1700.0
seed1-reset-locks-only,reset_locks_only,direct_max,idelay_ld,lane0,dq0,,endpoint,1,2052.0,2052.0,2052.0,2052.0,0.0,2052.0
seed1-robust,robust,direct_max,idelay_ld,lane0,dq0,,endpoint,1,1166.0,1166.0,1166.0,1166.0,0.0,1166.0
seed2-fail,fail,direct_max,idelay_ld,lane0,dq0,,endpoint,1,2198.0,2198.0,2198.0,2198.0,0.0,2198.0
seed2-no-tmdriv,no_tmdriv,direct_max,idelay_ld,lane0,dq0,,endpoint,1,1641.0,1641.0,1641.0,1641.0,0.0,1641.0
seed2-reset-locks-only,reset_locks_only,direct_max,idelay_ld,lane0,dq0,,endpoint,1,2510.0,2510.0,2510.0,2510.0,0.0,2510.0
seed2-robust,robust,direct_max,idelay_ld,lane0,dq0,,endpoint,1,1197.0,1197.0,1197.0,1197.0,0.0,1197.0
seed3-pass,pass,direct_max,idelay_ld,lane0,dq0,,endpoint,1,2131.0,2131.0,2131.0,2131.0,0.0,2131.0
seed4-pass,pass,direct_max,idelay_ld,lane0,dq0,,endpoint,1,1782.0,1782.0,1782.0,1782.0,0.0,1782.0
seed5-pass,pass,direct_max,idelay_ld,lane0,dq0,,endpoint,1,2421.0,2421.0,2421.0,2421.0,0.0,2421.0
seed1-fail,fail,direct_max,idelay_ld,lane0,dq1,,endpoint,1,2276.0,2276.0,2276.0,2276.0,0.0,2276.0
seed1-no-tmdriv,no_tmdriv,direct_max,idelay_ld,lane0,dq1,,endpoint,1,1690.0,1690.0,1690.0,1690.0,0.0,1690.0
seed1-reset-locks-only,reset_locks_only,direct_max,idelay_ld,lane0,dq1,,endpoint,1,1907.0,1907.0,1907.0,1907.0,0.0,1907.0
seed1-robust,robust,direct_max,idelay_ld,lane0,dq1,,endpoint,1,1074.0,1074.0,1074.0,1074.0,0.0,1074.0
seed2-fail,fail,direct_max,idelay_ld,lane0,dq1,,endpoint,1,2283.0,2283.0,2283.0,2283.0,0.0,2283.0
seed2-no-tmdriv,no_tmdriv,direct_max,idelay_ld,lane0,dq1,,endpoint,1,1725.0,1725.0,1725.0,1725.0,0.0,1725.0
seed2-reset-locks-only,reset_locks_only,direct_max,idelay_ld,lane0,dq1,,endpoint,1,2595.0,2595.0,2595.0,2595.0,0.0,2595.0
seed2-robust,robust,direct_max,idelay_ld,lane0,dq1,,endpoint,1,1230.0,1230.0,1230.0,1230.0,0.0,1230.0
seed3-pass,pass,direct_max,idelay_ld,lane0,dq1,,endpoint,1,2137.0,2137.0,2137.0,2137.0,0.0,2137.0
seed4-pass,pass,direct_max,idelay_ld,lane0,dq1,,endpoint,1,1868.0,1868.0,1868.0,1868.0,0.0,1868.0
seed5-pass,pass,direct_max,idelay_ld,lane0,dq1,,endpoint,1,2339.0,2339.0,2339.0,2339.0,0.0,2339.0
seed1-fail,fail,direct_max,idelay_ld,lane0,dq2,,endpoint,1,2369.0,2369.0,2369.0,2369.0,0.0,2369.0
seed1-no-tmdriv,no_tmdriv,direct_max,idelay_ld,lane0,dq2,,endpoint,1,1585.0,1585.0,1585.0,1585.0,0.0,1585.0
seed1-reset-locks-only,reset_locks_only,direct_max,idelay_ld,lane0,dq2,,endpoint,1,2023.0,2023.0,2023.0,2023.0,0.0,2023.0
seed1-robust,robust,direct_max,idelay_ld,lane0,dq2,,endpoint,1,1159.0,1159.0,1159.0,1159.0,0.0,1159.0
seed2-fail,fail,direct_max,idelay_ld,lane0,dq2,,endpoint,1,2155.0,2155.0,2155.0,2155.0,0.0,2155.0
seed2-no-tmdriv,no_tmdriv,direct_max,idelay_ld,lane0,dq2,,endpoint,1,1819.0,1819.0,1819.0,1819.0,0.0,1819.0
seed2-reset-locks-only,reset_locks_only,direct_max,idelay_ld,lane0,dq2,,endpoint,1,2688.0,2688.0,2688.0,2688.0,0.0,2688.0
seed2-robust,robust,direct_max,idelay_ld,lane0,dq2,,endpoint,1,1348.0,1348.0,1348.0,1348.0,0.0,1348.0
seed3-pass,pass,direct_max,idelay_ld,lane0,dq2,,endpoint,1,1855.0,1855.0,1855.0,1855.0,0.0,1855.0
seed4-pass,pass,direct_max,idelay_ld,lane0,dq2,,endpoint,1,1695.0,1695.0,1695.0,1695.0,0.0,1695.0
seed5-pass,pass,direct_max,idelay_ld,lane0,dq2,,endpoint,1,2247.0,2247.0,2247.0,2247.0,0.0,2247.0
seed1-fail,fail,direct_max,idelay_ld,lane0,dq3,,endpoint,1,1998.0,1998.0,1998.0,1998.0,0.0,1998.0
seed1-no-tmdriv,no_tmdriv,direct_max,idelay_ld,lane0,dq3,,endpoint,1,1470.0,1470.0,1470.0,1470.0,0.0,1470.0
seed1-reset-locks-only,reset_locks_only,direct_max,idelay_ld,lane0,dq3,,endpoint,1,1907.0,1907.0,1907.0,1907.0,0.0,1907.0
seed1-robust,robust,direct_max,idelay_ld,lane0,dq3,,endpoint,1,1210.0,1210.0,1210.0,1210.0,0.0,1210.0
seed2-fail,fail,direct_max,idelay_ld,lane0,dq3,,endpoint,1,2056.0,2056.0,2056.0,2056.0,0.0,2056.0
seed2-no-tmdriv,no_tmdriv,direct_max,idelay_ld,lane0,dq3,,endpoint,1,1661.0,1661.0,1661.0,1661.0,0.0,1661.0
seed2-reset-locks-only,reset_locks_only,direct_max,idelay_ld,lane0,dq3,,endpoint,1,2255.0,2255.0,2255.0,2255.0,0.0,2255.0
seed2-robust,robust,direct_max,idelay_ld,lane0,dq3,,endpoint,1,1473.0,1473.0,1473.0,1473.0,0.0,1473.0
seed3-pass,pass,direct_max,idelay_ld,lane0,dq3,,endpoint,1,1858.0,1858.0,1858.0,1858.0,0.0,1858.0
seed4-pass,pass,direct_max,idelay_ld,lane0,dq3,,endpoint,1,1360.0,1360.0,1360.0,1360.0,0.0,1360.0
seed5-pass,pass,direct_max,idelay_ld,lane0,dq3,,endpoint,1,2592.0,2592.0,2592.0,2592.0,0.0,2592.0
seed1-fail,fail,direct_max,idelay_ld,lane0,dq4,,endpoint,1,2368.0,2368.0,2368.0,2368.0,0.0,2368.0
seed1-no-tmdriv,no_tmdriv,direct_max,idelay_ld,lane0,dq4,,endpoint,1,1608.0,1608.0,1608.0,1608.0,0.0,1608.0
seed1-reset-locks-only,reset_locks_only,direct_max,idelay_ld,lane0,dq4,,endpoint,1,2045.0,2045.0,2045.0,2045.0,0.0,2045.0
seed1-robust,robust,direct_max,idelay_ld,lane0,dq4,,endpoint,1,1246.0,1246.0,1246.0,1246.0,0.0,1246.0
seed2-fail,fail,direct_max,idelay_ld,lane0,dq4,,endpoint,1,2243.0,2243.0,2243.0,2243.0,0.0,2243.0
seed2-no-tmdriv,no_tmdriv,direct_max,idelay_ld,lane0,dq4,,endpoint,1,1817.0,1817.0,1817.0,1817.0,0.0,1817.0
seed2-reset-locks-only,reset_locks_only,direct_max,idelay_ld,lane0,dq4,,endpoint,1,2687.0,2687.0,2687.0,2687.0,0.0,2687.0
seed2-robust,robust,direct_max,idelay_ld,lane0,dq4,,endpoint,1,1279.0,1279.0,1279.0,1279.0,0.0,1279.0
seed3-pass,pass,direct_max,idelay_ld,lane0,dq4,,endpoint,1,2000.0,2000.0,2000.0,2000.0,0.0,2000.0
seed4-pass,pass,direct_max,idelay_ld,lane0,dq4,,endpoint,1,1876.0,1876.0,1876.0,1876.0,0.0,1876.0
seed5-pass,pass,direct_max,idelay_ld,lane0,dq4,,endpoint,1,2392.0,2392.0,2392.0,2392.0,0.0,2392.0
seed1-fail,fail,direct_max,idelay_ld,lane0,dq5,,endpoint,1,2005.0,2005.0,2005.0,2005.0,0.0,2005.0
seed1-no-tmdriv,no_tmdriv,direct_max,idelay_ld,lane0,dq5,,endpoint,1,1554.0,1554.0,1554.0,1554.0,0.0,1554.0
seed1-reset-locks-only,reset_locks_only,direct_max,idelay_ld,lane0,dq5,,endpoint,1,1886.0,1886.0,1886.0,1886.0,0.0,1886.0
seed1-robust,robust,direct_max,idelay_ld,lane0,dq5,,endpoint,1,1296.0,1296.0,1296.0,1296.0,0.0,1296.0
seed2-fail,fail,direct_max,idelay_ld,lane0,dq5,,endpoint,1,2148.0,2148.0,2148.0,2148.0,0.0,2148.0
seed2-no-tmdriv,no_tmdriv,direct_max,idelay_ld,lane0,dq5,,endpoint,1,1435.0,1435.0,1435.0,1435.0,0.0,1435.0
seed2-reset-locks-only,reset_locks_only,direct_max,idelay_ld,lane0,dq5,,endpoint,1,2339.0,2339.0,2339.0,2339.0,0.0,2339.0
seed2-robust,robust,direct_max,idelay_ld,lane0,dq5,,endpoint,1,1498.0,1498.0,1498.0,1498.0,0.0,1498.0
seed3-pass,pass,direct_max,idelay_ld,lane0,dq5,,endpoint,1,1771.0,1771.0,1771.0,1771.0,0.0,1771.0
seed4-pass,pass,direct_max,idelay_ld,lane0,dq5,,endpoint,1,1445.0,1445.0,1445.0,1445.0,0.0,1445.0
seed5-pass,pass,direct_max,idelay_ld,lane0,dq5,,endpoint,1,2244.0,2244.0,2244.0,2244.0,0.0,2244.0
seed1-fail,fail,direct_max,idelay_ld,lane0,dq6,,endpoint,1,2091.0,2091.0,2091.0,2091.0,0.0,2091.0
seed1-no-tmdriv,no_tmdriv,direct_max,idelay_ld,lane0,dq6,,endpoint,1,1590.0,1590.0,1590.0,1590.0,0.0,1590.0
seed1-reset-locks-only,reset_locks_only,direct_max,idelay_ld,lane0,dq6,,endpoint,1,1863.0,1863.0,1863.0,1863.0,0.0,1863.0
seed1-robust,robust,direct_max,idelay_ld,lane0,dq6,,endpoint,1,1253.0,1253.0,1253.0,1253.0,0.0,1253.0
seed2-fail,fail,direct_max,idelay_ld,lane0,dq6,,endpoint,1,2063.0,2063.0,2063.0,2063.0,0.0,2063.0
seed2-no-tmdriv,no_tmdriv,direct_max,idelay_ld,lane0,dq6,,endpoint,1,1425.0,1425.0,1425.0,1425.0,0.0,1425.0
seed2-reset-locks-only,reset_locks_only,direct_max,idelay_ld,lane0,dq6,,endpoint,1,2444.0,2444.0,2444.0,2444.0,0.0,2444.0
seed2-robust,robust,direct_max,idelay_ld,lane0,dq6,,endpoint,1,1419.0,1419.0,1419.0,1419.0,0.0,1419.0
seed3-pass,pass,direct_max,idelay_ld,lane0,dq6,,endpoint,1,1911.0,1911.0,1911.0,1911.0,0.0,1911.0
seed4-pass,pass,direct_max,idelay_ld,lane0,dq6,,endpoint,1,2059.0,2059.0,2059.0,2059.0,0.0,2059.0
seed5-pass,pass,direct_max,idelay_ld,lane0,dq6,,endpoint,1,2414.0,2414.0,2414.0,2414.0,0.0,2414.0
seed1-fail,fail,direct_max,idelay_ld,lane0,dq7,,endpoint,1,2460.0,2460.0,2460.0,2460.0,0.0,2460.0
seed1-no-tmdriv,no_tmdriv,direct_max,idelay_ld,lane0,dq7,,endpoint,1,1702.0,1702.0,1702.0,1702.0,0.0,1702.0
seed1-reset-locks-only,reset_locks_only,direct_max,idelay_ld,lane0,dq7,,endpoint,1,2071.0,2071.0,2071.0,2071.0,0.0,2071.0
seed1-robust,robust,direct_max,idelay_ld,lane0,dq7,,endpoint,1,1250.0,1250.0,1250.0,1250.0,0.0,1250.0
seed2-fail,fail,direct_max,idelay_ld,lane0,dq7,,endpoint,1,2151.0,2151.0,2151.0,2151.0,0.0,2151.0
seed2-no-tmdriv,no_tmdriv,direct_max,idelay_ld,lane0,dq7,,endpoint,1,1909.0,1909.0,1909.0,1909.0,0.0,1909.0
seed2-reset-locks-only,reset_locks_only,direct_max,idelay_ld,lane0,dq7,,endpoint,1,2779.0,2779.0,2779.0,2779.0,0.0,2779.0
seed2-robust,robust,direct_max,idelay_ld,lane0,dq7,,endpoint,1,1371.0,1371.0,1371.0,1371.0,0.0,1371.0
seed3-pass,pass,direct_max,idelay_ld,lane0,dq7,,endpoint,1,1774.0,1774.0,1774.0,1774.0,0.0,1774.0
seed4-pass,pass,direct_max,idelay_ld,lane0,dq7,,endpoint,1,1968.0,1968.0,1968.0,1968.0,0.0,1968.0
seed5-pass,pass,direct_max,idelay_ld,lane0,dq7,,endpoint,1,2421.0,2421.0,2421.0,2421.0,0.0,2421.0
seed1-fail,fail,direct_max,idelay_ld,lane0,dqs0,,endpoint,1,2000.0,2000.0,2000.0,2000.0,0.0,2000.0
seed1-no-tmdriv,no_tmdriv,direct_max,idelay_ld,lane0,dqs0,,endpoint,1,1550.0,1550.0,1550.0,1550.0,0.0,1550.0
seed1-reset-locks-only,reset_locks_only,direct_max,idelay_ld,lane0,dqs0,,endpoint,1,1911.0,1911.0,1911.0,1911.0,0.0,1911.0
seed1-robust,robust,direct_max,idelay_ld,lane0,dqs0,,endpoint,1,1347.0,1347.0,1347.0,1347.0,0.0,1347.0
seed2-fail,fail,direct_max,idelay_ld,lane0,dqs0,,endpoint,1,2144.0,2144.0,2144.0,2144.0,0.0,2144.0
seed2-no-tmdriv,no_tmdriv,direct_max,idelay_ld,lane0,dqs0,,endpoint,1,1472.0,1472.0,1472.0,1472.0,0.0,1472.0
seed2-reset-locks-only,reset_locks_only,direct_max,idelay_ld,lane0,dqs0,,endpoint,1,2335.0,2335.0,2335.0,2335.0,0.0,2335.0
seed2-robust,robust,direct_max,idelay_ld,lane0,dqs0,,endpoint,1,1473.0,1473.0,1473.0,1473.0,0.0,1473.0
seed3-pass,pass,direct_max,idelay_ld,lane0,dqs0,,endpoint,1,1937.0,1937.0,1937.0,1937.0,0.0,1937.0
seed4-pass,pass,direct_max,idelay_ld,lane0,dqs0,,endpoint,1,1440.0,1440.0,1440.0,1440.0,0.0,1440.0
seed5-pass,pass,direct_max,idelay_ld,lane0,dqs0,,endpoint,1,2507.0,2507.0,2507.0,2507.0,0.0,2507.0
seed1-fail,fail,direct_max,idelay_ld,lane1,dq10,,endpoint,1,1532.0,1532.0,1532.0,1532.0,0.0,1532.0
seed1-no-tmdriv,no_tmdriv,direct_max,idelay_ld,lane1,dq10,,endpoint,1,1603.0,1603.0,1603.0,1603.0,0.0,1603.0
seed1-reset-locks-only,reset_locks_only,direct_max,idelay_ld,lane1,dq10,,endpoint,1,1789.0,1789.0,1789.0,1789.0,0.0,1789.0
seed1-robust,robust,direct_max,idelay_ld,lane1,dq10,,endpoint,1,1480.0,1480.0,1480.0,1480.0,0.0,1480.0
seed2-fail,fail,direct_max,idelay_ld,lane1,dq10,,endpoint,1,2141.0,2141.0,2141.0,2141.0,0.0,2141.0
seed2-no-tmdriv,no_tmdriv,direct_max,idelay_ld,lane1,dq10,,endpoint,1,1777.0,1777.0,1777.0,1777.0,0.0,1777.0
seed2-reset-locks-only,reset_locks_only,direct_max,idelay_ld,lane1,dq10,,endpoint,1,2348.0,2348.0,2348.0,2348.0,0.0,2348.0
seed2-robust,robust,direct_max,idelay_ld,lane1,dq10,,endpoint,1,1363.0,1363.0,1363.0,1363.0,0.0,1363.0
seed3-pass,pass,direct_max,idelay_ld,lane1,dq10,,endpoint,1,1789.0,1789.0,1789.0,1789.0,0.0,1789.0
seed4-pass,pass,direct_max,idelay_ld,lane1,dq10,,endpoint,1,1828.0,1828.0,1828.0,1828.0,0.0,1828.0
seed5-pass,pass,direct_max,idelay_ld,lane1,dq10,,endpoint,1,2237.0,2237.0,2237.0,2237.0,0.0,2237.0
seed1-fail,fail,direct_max,idelay_ld,lane1,dq11,,endpoint,1,1337.0,1337.0,1337.0,1337.0,0.0,1337.0
seed1-no-tmdriv,no_tmdriv,direct_max,idelay_ld,lane1,dq11,,endpoint,1,1557.0,1557.0,1557.0,1557.0,0.0,1557.0
seed1-reset-locks-only,reset_locks_only,direct_max,idelay_ld,lane1,dq11,,endpoint,1,1743.0,1743.0,1743.0,1743.0,0.0,1743.0
seed1-robust,robust,direct_max,idelay_ld,lane1,dq11,,endpoint,1,1289.0,1289.0,1289.0,1289.0,0.0,1289.0
seed2-fail,fail,direct_max,idelay_ld,lane1,dq11,,endpoint,1,1924.0,1924.0,1924.0,1924.0,0.0,1924.0
seed2-no-tmdriv,no_tmdriv,direct_max,idelay_ld,lane1,dq11,,endpoint,1,1702.0,1702.0,1702.0,1702.0,0.0,1702.0
seed2-reset-locks-only,reset_locks_only,direct_max,idelay_ld,lane1,dq11,,endpoint,1,1993.0,1993.0,1993.0,1993.0,0.0,1993.0
seed2-robust,robust,direct_max,idelay_ld,lane1,dq11,,endpoint,1,1315.0,1315.0,1315.0,1315.0,0.0,1315.0
seed3-pass,pass,direct_max,idelay_ld,lane1,dq11,,endpoint,1,1718.0,1718.0,1718.0,1718.0,0.0,1718.0
seed4-pass,pass,direct_max,idelay_ld,lane1,dq11,,endpoint,1,1751.0,1751.0,1751.0,1751.0,0.0,1751.0
seed5-pass,pass,direct_max,idelay_ld,lane1,dq11,,endpoint,1,2309.0,2309.0,2309.0,2309.0,0.0,2309.0
seed1-fail,fail,direct_max,idelay_ld,lane1,dq12,,endpoint,1,1550.0,1550.0,1550.0,1550.0,0.0,1550.0
seed1-no-tmdriv,no_tmdriv,direct_max,idelay_ld,lane1,dq12,,endpoint,1,1689.0,1689.0,1689.0,1689.0,0.0,1689.0
seed1-reset-locks-only,reset_locks_only,direct_max,idelay_ld,lane1,dq12,,endpoint,1,1707.0,1707.0,1707.0,1707.0,0.0,1707.0
seed1-robust,robust,direct_max,idelay_ld,lane1,dq12,,endpoint,1,1457.0,1457.0,1457.0,1457.0,0.0,1457.0
seed2-fail,fail,direct_max,idelay_ld,lane1,dq12,,endpoint,1,2226.0,2226.0,2226.0,2226.0,0.0,2226.0
seed2-no-tmdriv,no_tmdriv,direct_max,idelay_ld,lane1,dq12,,endpoint,1,1868.0,1868.0,1868.0,1868.0,0.0,1868.0
seed2-reset-locks-only,reset_locks_only,direct_max,idelay_ld,lane1,dq12,,endpoint,1,2167.0,2167.0,2167.0,2167.0,0.0,2167.0
seed2-robust,robust,direct_max,idelay_ld,lane1,dq12,,endpoint,1,1312.0,1312.0,1312.0,1312.0,0.0,1312.0
seed3-pass,pass,direct_max,idelay_ld,lane1,dq12,,endpoint,1,1787.0,1787.0,1787.0,1787.0,0.0,1787.0
seed4-pass,pass,direct_max,idelay_ld,lane1,dq12,,endpoint,1,1741.0,1741.0,1741.0,1741.0,0.0,1741.0
seed5-pass,pass,direct_max,idelay_ld,lane1,dq12,,endpoint,1,2092.0,2092.0,2092.0,2092.0,0.0,2092.0
seed1-fail,fail,direct_max,idelay_ld,lane1,dq13,,endpoint,1,1389.0,1389.0,1389.0,1389.0,0.0,1389.0
seed1-no-tmdriv,no_tmdriv,direct_max,idelay_ld,lane1,dq13,,endpoint,1,1475.0,1475.0,1475.0,1475.0,0.0,1475.0
seed1-reset-locks-only,reset_locks_only,direct_max,idelay_ld,lane1,dq13,,endpoint,1,1662.0,1662.0,1662.0,1662.0,0.0,1662.0
seed1-robust,robust,direct_max,idelay_ld,lane1,dq13,,endpoint,1,1253.0,1253.0,1253.0,1253.0,0.0,1253.0
seed2-fail,fail,direct_max,idelay_ld,lane1,dq13,,endpoint,1,1843.0,1843.0,1843.0,1843.0,0.0,1843.0
seed2-no-tmdriv,no_tmdriv,direct_max,idelay_ld,lane1,dq13,,endpoint,1,1786.0,1786.0,1786.0,1786.0,0.0,1786.0
seed2-reset-locks-only,reset_locks_only,direct_max,idelay_ld,lane1,dq13,,endpoint,1,2042.0,2042.0,2042.0,2042.0,0.0,2042.0
seed2-robust,robust,direct_max,idelay_ld,lane1,dq13,,endpoint,1,1324.0,1324.0,1324.0,1324.0,0.0,1324.0
seed3-pass,pass,direct_max,idelay_ld,lane1,dq13,,endpoint,1,1832.0,1832.0,1832.0,1832.0,0.0,1832.0
seed4-pass,pass,direct_max,idelay_ld,lane1,dq13,,endpoint,1,1613.0,1613.0,1613.0,1613.0,0.0,1613.0
seed5-pass,pass,direct_max,idelay_ld,lane1,dq13,,endpoint,1,2118.0,2118.0,2118.0,2118.0,0.0,2118.0
seed1-fail,fail,direct_max,idelay_ld,lane1,dq14,,endpoint,1,1498.0,1498.0,1498.0,1498.0,0.0,1498.0
seed1-no-tmdriv,no_tmdriv,direct_max,idelay_ld,lane1,dq14,,endpoint,1,1779.0,1779.0,1779.0,1779.0,0.0,1779.0
seed1-reset-locks-only,reset_locks_only,direct_max,idelay_ld,lane1,dq14,,endpoint,1,1916.0,1916.0,1916.0,1916.0,0.0,1916.0
seed1-robust,robust,direct_max,idelay_ld,lane1,dq14,,endpoint,1,1292.0,1292.0,1292.0,1292.0,0.0,1292.0
seed2-fail,fail,direct_max,idelay_ld,lane1,dq14,,endpoint,1,2233.0,2233.0,2233.0,2233.0,0.0,2233.0
seed2-no-tmdriv,no_tmdriv,direct_max,idelay_ld,lane1,dq14,,endpoint,1,1871.0,1871.0,1871.0,1871.0,0.0,1871.0
seed2-reset-locks-only,reset_locks_only,direct_max,idelay_ld,lane1,dq14,,endpoint,1,2085.0,2085.0,2085.0,2085.0,0.0,2085.0
seed2-robust,robust,direct_max,idelay_ld,lane1,dq14,,endpoint,1,1402.0,1402.0,1402.0,1402.0,0.0,1402.0
seed3-pass,pass,direct_max,idelay_ld,lane1,dq14,,endpoint,1,1873.0,1873.0,1873.0,1873.0,0.0,1873.0
seed4-pass,pass,direct_max,idelay_ld,lane1,dq14,,endpoint,1,1824.0,1824.0,1824.0,1824.0,0.0,1824.0
seed5-pass,pass,direct_max,idelay_ld,lane1,dq14,,endpoint,1,2230.0,2230.0,2230.0,2230.0,0.0,2230.0
seed1-fail,fail,direct_max,idelay_ld,lane1,dq15,,endpoint,1,1200.0,1200.0,1200.0,1200.0,0.0,1200.0
seed1-no-tmdriv,no_tmdriv,direct_max,idelay_ld,lane1,dq15,,endpoint,1,1465.0,1465.0,1465.0,1465.0,0.0,1465.0
seed1-reset-locks-only,reset_locks_only,direct_max,idelay_ld,lane1,dq15,,endpoint,1,1529.0,1529.0,1529.0,1529.0,0.0,1529.0
seed1-robust,robust,direct_max,idelay_ld,lane1,dq15,,endpoint,1,1202.0,1202.0,1202.0,1202.0,0.0,1202.0
seed2-fail,fail,direct_max,idelay_ld,lane1,dq15,,endpoint,1,1705.0,1705.0,1705.0,1705.0,0.0,1705.0
seed2-no-tmdriv,no_tmdriv,direct_max,idelay_ld,lane1,dq15,,endpoint,1,1460.0,1460.0,1460.0,1460.0,0.0,1460.0
seed2-reset-locks-only,reset_locks_only,direct_max,idelay_ld,lane1,dq15,,endpoint,1,1919.0,1919.0,1919.0,1919.0,0.0,1919.0
seed2-robust,robust,direct_max,idelay_ld,lane1,dq15,,endpoint,1,1453.0,1453.0,1453.0,1453.0,0.0,1453.0
seed3-pass,pass,direct_max,idelay_ld,lane1,dq15,,endpoint,1,1618.0,1618.0,1618.0,1618.0,0.0,1618.0
seed4-pass,pass,direct_max,idelay_ld,lane1,dq15,,endpoint,1,1557.0,1557.0,1557.0,1557.0,0.0,1557.0
seed5-pass,pass,direct_max,idelay_ld,lane1,dq15,,endpoint,1,1917.0,1917.0,1917.0,1917.0,0.0,1917.0
seed1-fail,fail,direct_max,idelay_ld,lane1,dq8,,endpoint,1,1417.0,1417.0,1417.0,1417.0,0.0,1417.0
seed1-no-tmdriv,no_tmdriv,direct_max,idelay_ld,lane1,dq8,,endpoint,1,1871.0,1871.0,1871.0,1871.0,0.0,1871.0
seed1-reset-locks-only,reset_locks_only,direct_max,idelay_ld,lane1,dq8,,endpoint,1,2000.0,2000.0,2000.0,2000.0,0.0,2000.0
seed1-robust,robust,direct_max,idelay_ld,lane1,dq8,,endpoint,1,1345.0,1345.0,1345.0,1345.0,0.0,1345.0
seed2-fail,fail,direct_max,idelay_ld,lane1,dq8,,endpoint,1,2325.0,2325.0,2325.0,2325.0,0.0,2325.0
seed2-no-tmdriv,no_tmdriv,direct_max,idelay_ld,lane1,dq8,,endpoint,1,1962.0,1962.0,1962.0,1962.0,0.0,1962.0
seed2-reset-locks-only,reset_locks_only,direct_max,idelay_ld,lane1,dq8,,endpoint,1,2138.0,2138.0,2138.0,2138.0,0.0,2138.0
seed2-robust,robust,direct_max,idelay_ld,lane1,dq8,,endpoint,1,1230.0,1230.0,1230.0,1230.0,0.0,1230.0
seed3-pass,pass,direct_max,idelay_ld,lane1,dq8,,endpoint,1,1957.0,1957.0,1957.0,1957.0,0.0,1957.0
seed4-pass,pass,direct_max,idelay_ld,lane1,dq8,,endpoint,1,1909.0,1909.0,1909.0,1909.0,0.0,1909.0
seed5-pass,pass,direct_max,idelay_ld,lane1,dq8,,endpoint,1,2230.0,2230.0,2230.0,2230.0,0.0,2230.0
seed1-fail,fail,direct_max,idelay_ld,lane1,dq9,,endpoint,1,1253.0,1253.0,1253.0,1253.0,0.0,1253.0
seed1-no-tmdriv,no_tmdriv,direct_max,idelay_ld,lane1,dq9,,endpoint,1,1557.0,1557.0,1557.0,1557.0,0.0,1557.0
seed1-reset-locks-only,reset_locks_only,direct_max,idelay_ld,lane1,dq9,,endpoint,1,1582.0,1582.0,1582.0,1582.0,0.0,1582.0
seed1-robust,robust,direct_max,idelay_ld,lane1,dq9,,endpoint,1,1116.0,1116.0,1116.0,1116.0,0.0,1116.0
seed2-fail,fail,direct_max,idelay_ld,lane1,dq9,,endpoint,1,1625.0,1625.0,1625.0,1625.0,0.0,1625.0
seed2-no-tmdriv,no_tmdriv,direct_max,idelay_ld,lane1,dq9,,endpoint,1,1546.0,1546.0,1546.0,1546.0,0.0,1546.0
seed2-reset-locks-only,reset_locks_only,direct_max,idelay_ld,lane1,dq9,,endpoint,1,1919.0,1919.0,1919.0,1919.0,0.0,1919.0
seed2-robust,robust,direct_max,idelay_ld,lane1,dq9,,endpoint,1,1462.0,1462.0,1462.0,1462.0,0.0,1462.0
seed3-pass,pass,direct_max,idelay_ld,lane1,dq9,,endpoint,1,1710.0,1710.0,1710.0,1710.0,0.0,1710.0
seed4-pass,pass,direct_max,idelay_ld,lane1,dq9,,endpoint,1,1475.0,1475.0,1475.0,1475.0,0.0,1475.0
seed5-pass,pass,direct_max,idelay_ld,lane1,dq9,,endpoint,1,1771.0,1771.0,1771.0,1771.0,0.0,1771.0
seed1-fail,fail,direct_max,idelay_ld,lane1,dqs1,,endpoint,1,1406.0,1406.0,1406.0,1406.0,0.0,1406.0
seed1-no-tmdriv,no_tmdriv,direct_max,idelay_ld,lane1,dqs1,,endpoint,1,1569.0,1569.0,1569.0,1569.0,0.0,1569.0
seed1-reset-locks-only,reset_locks_only,direct_max,idelay_ld,lane1,dqs1,,endpoint,1,1710.0,1710.0,1710.0,1710.0,0.0,1710.0
seed1-robust,robust,direct_max,idelay_ld,lane1,dqs1,,endpoint,1,1360.0,1360.0,1360.0,1360.0,0.0,1360.0
seed2-fail,fail,direct_max,idelay_ld,lane1,dqs1,,endpoint,1,1809.0,1809.0,1809.0,1809.0,0.0,1809.0
seed2-no-tmdriv,no_tmdriv,direct_max,idelay_ld,lane1,dqs1,,endpoint,1,1879.0,1879.0,1879.0,1879.0,0.0,1879.0
seed2-reset-locks-only,reset_locks_only,direct_max,idelay_ld,lane1,dqs1,,endpoint,1,2210.0,2210.0,2210.0,2210.0,0.0,2210.0
seed2-robust,robust,direct_max,idelay_ld,lane1,dqs1,,endpoint,1,1417.0,1417.0,1417.0,1417.0,0.0,1417.0
seed3-pass,pass,direct_max,idelay_ld,lane1,dqs1,,endpoint,1,1626.0,1626.0,1626.0,1626.0,0.0,1626.0
seed4-pass,pass,direct_max,idelay_ld,lane1,dqs1,,endpoint,1,1889.0,1889.0,1889.0,1889.0,0.0,1889.0
seed5-pass,pass,direct_max,idelay_ld,lane1,dqs1,,endpoint,1,1955.0,1955.0,1955.0,1955.0,0.0,1955.0
seed1-fail,fail,direct_max,idelayctrl,all,,,endpoint,5,1126.0,2940.0,3371.0,3371.0,2245.0,3371.0
seed1-no-tmdriv,no_tmdriv,direct_max,idelayctrl,all,,,endpoint,5,1126.0,2835.0,2983.0,2983.0,1857.0,2983.0
seed1-reset-locks-only,reset_locks_only,direct_max,idelayctrl,all,,,endpoint,5,1126.0,1519.0,3134.0,3134.0,2008.0,3134.0
seed1-robust,robust,direct_max,idelayctrl,all,,,endpoint,5,1126.0,2759.0,2759.0,2759.0,1633.0,2759.0
seed2-fail,fail,direct_max,idelayctrl,all,,,endpoint,5,1126.0,1799.0,3089.0,3089.0,1963.0,3089.0
seed2-no-tmdriv,no_tmdriv,direct_max,idelayctrl,all,,,endpoint,6,1126.0,1536.0,2805.0,2805.0,1679.0,2805.0
seed2-reset-locks-only,reset_locks_only,direct_max,idelayctrl,all,,,endpoint,5,1126.0,3134.0,3285.0,3285.0,2159.0,3285.0
seed2-robust,robust,direct_max,idelayctrl,all,,,endpoint,6,1126.0,2894.0,2944.0,2944.0,1818.0,2944.0
seed3-pass,pass,direct_max,idelayctrl,all,,,endpoint,5,1126.0,2940.0,2970.0,2970.0,1844.0,2970.0
seed4-pass,pass,direct_max,idelayctrl,all,,,endpoint,5,1126.0,1677.0,2130.0,2130.0,1004.0,2130.0
seed5-pass,pass,direct_max,idelayctrl,all,,,endpoint,5,1126.0,3509.0,3525.0,3525.0,2399.0,3525.0
seed1-fail,fail,direct_max,reset_release,all,,,endpoint,8,0.0,25.0,699.0,699.0,699.0,699.0
seed1-no-tmdriv,no_tmdriv,direct_max,reset_release,all,,,endpoint,8,0.0,304.5,675.0,675.0,675.0,675.0
seed1-reset-locks-only,reset_locks_only,direct_max,reset_release,all,,,endpoint,8,0.0,87.5,699.0,699.0,699.0,699.0
seed1-robust,robust,direct_max,reset_release,all,,,endpoint,8,0.0,175.5,699.0,699.0,699.0,699.0
seed2-fail,fail,direct_max,reset_release,all,,,endpoint,8,0.0,216.0,540.0,540.0,540.0,540.0
seed2-no-tmdriv,no_tmdriv,direct_max,reset_release,all,,,endpoint,8,0.0,87.5,540.0,540.0,540.0,540.0
seed2-reset-locks-only,reset_locks_only,direct_max,reset_release,all,,,endpoint,8,0.0,25.0,764.0,764.0,764.0,764.0
seed2-robust,robust,direct_max,reset_release,all,,,endpoint,8,0.0,25.0,720.0,720.0,720.0,720.0
seed3-pass,pass,direct_max,reset_release,all,,,endpoint,8,0.0,25.0,899.0,899.0,899.0,899.0
seed4-pass,pass,direct_max,reset_release,all,,,endpoint,8,0.0,87.5,540.0,540.0,540.0,540.0
seed5-pass,pass,direct_max,reset_release,all,,,endpoint,8,0.0,25.0,540.0,540.0,540.0,540.0
seed1-fail,fail,lane_spread,clocking,all,,,lane,1919,119.0,1110.0,1179.0,5159.0,5040.0,5040.0
seed1-no-tmdriv,no_tmdriv,lane_spread,clocking,all,,,lane,1920,119.0,1110.0,1179.0,6494.0,6375.0,6375.0
seed1-reset-locks-only,reset_locks_only,lane_spread,clocking,all,,,lane,1919,119.0,1110.0,1179.0,5579.0,5460.0,5460.0
seed1-robust,robust,lane_spread,clocking,all,,,lane,1919,119.0,1110.0,1179.0,5985.0,5866.0,5866.0
seed2-fail,fail,lane_spread,clocking,all,,,lane,1920,119.0,1110.0,1179.0,6914.0,6795.0,6795.0
seed2-no-tmdriv,no_tmdriv,lane_spread,clocking,all,,,lane,1920,119.0,1110.0,1179.0,7050.0,6931.0,6931.0
seed2-reset-locks-only,reset_locks_only,lane_spread,clocking,all,,,lane,1919,119.0,1110.0,1179.0,5460.0,5341.0,5341.0
seed2-robust,robust,lane_spread,clocking,all,,,lane,1919,119.0,1110.0,1179.0,5519.0,5400.0,5400.0
seed3-pass,pass,lane_spread,clocking,all,,,lane,1921,119.0,1110.0,1179.0,6855.0,6736.0,6736.0
seed4-pass,pass,lane_spread,clocking,all,,,lane,1919,119.0,1110.0,1179.0,5429.0,5310.0,5310.0
seed5-pass,pass,lane_spread,clocking,all,,,lane,1920,119.0,1110.0,1179.0,6824.0,6705.0,6705.0
seed1-fail,fail,lane_spread,clocking,lane0,,,lane,53,1179.0,1279.0,1314.0,1314.0,135.0,135.0
seed1-no-tmdriv,no_tmdriv,lane_spread,clocking,lane0,,,lane,53,1179.0,1279.0,1314.0,1314.0,135.0,135.0
seed1-reset-locks-only,reset_locks_only,lane_spread,clocking,lane0,,,lane,53,1179.0,1279.0,1314.0,1314.0,135.0,135.0
seed1-robust,robust,lane_spread,clocking,lane0,,,lane,53,1179.0,1279.0,1314.0,1314.0,135.0,135.0
seed2-fail,fail,lane_spread,clocking,lane0,,,lane,53,1179.0,1279.0,1314.0,1314.0,135.0,135.0
seed2-no-tmdriv,no_tmdriv,lane_spread,clocking,lane0,,,lane,53,1179.0,1279.0,1314.0,1314.0,135.0,135.0
seed2-reset-locks-only,reset_locks_only,lane_spread,clocking,lane0,,,lane,53,1179.0,1279.0,1314.0,1314.0,135.0,135.0
seed2-robust,robust,lane_spread,clocking,lane0,,,lane,53,1179.0,1279.0,1314.0,1314.0,135.0,135.0
seed3-pass,pass,lane_spread,clocking,lane0,,,lane,53,1179.0,1279.0,1314.0,1314.0,135.0,135.0
seed4-pass,pass,lane_spread,clocking,lane0,,,lane,53,1179.0,1279.0,1314.0,1314.0,135.0,135.0
seed5-pass,pass,lane_spread,clocking,lane0,,,lane,53,1179.0,1279.0,1314.0,1314.0,135.0,135.0
seed1-fail,fail,lane_spread,clocking,lane1,,,lane,53,1179.0,1279.0,1314.0,1314.0,135.0,135.0
seed1-no-tmdriv,no_tmdriv,lane_spread,clocking,lane1,,,lane,53,1179.0,1279.0,1314.0,1314.0,135.0,135.0
seed1-reset-locks-only,reset_locks_only,lane_spread,clocking,lane1,,,lane,53,1179.0,1279.0,1314.0,1314.0,135.0,135.0
seed1-robust,robust,lane_spread,clocking,lane1,,,lane,53,1179.0,1279.0,1314.0,1314.0,135.0,135.0
seed2-fail,fail,lane_spread,clocking,lane1,,,lane,53,1179.0,1279.0,1314.0,1314.0,135.0,135.0
seed2-no-tmdriv,no_tmdriv,lane_spread,clocking,lane1,,,lane,53,1179.0,1279.0,1314.0,1314.0,135.0,135.0
seed2-reset-locks-only,reset_locks_only,lane_spread,clocking,lane1,,,lane,53,1179.0,1279.0,1314.0,1314.0,135.0,135.0
seed2-robust,robust,lane_spread,clocking,lane1,,,lane,53,1179.0,1279.0,1314.0,1314.0,135.0,135.0
seed3-pass,pass,lane_spread,clocking,lane1,,,lane,53,1179.0,1279.0,1314.0,1314.0,135.0,135.0
seed4-pass,pass,lane_spread,clocking,lane1,,,lane,53,1179.0,1279.0,1314.0,1314.0,135.0,135.0
seed5-pass,pass,lane_spread,clocking,lane1,,,lane,53,1179.0,1279.0,1314.0,1314.0,135.0,135.0
seed1-fail,fail,lane_spread,dq_iologic,lane0,,,lane,320,0.0,1179.0,2338.0,3608.0,3608.0,3608.0
seed1-no-tmdriv,no_tmdriv,lane_spread,dq_iologic,lane0,,,lane,320,0.0,890.0,2263.0,2993.0,2993.0,2993.0
seed1-reset-locks-only,reset_locks_only,lane_spread,dq_iologic,lane0,,,lane,320,0.0,1179.0,2249.0,3750.0,3750.0,3750.0
seed1-robust,robust,lane_spread,dq_iologic,lane0,,,lane,320,0.0,899.5,1894.0,2240.0,2240.0,2240.0
seed2-fail,fail,lane_spread,dq_iologic,lane0,,,lane,320,0.0,1179.0,2016.0,2338.0,2338.0,2338.0
seed2-no-tmdriv,no_tmdriv,lane_spread,dq_iologic,lane0,,,lane,320,0.0,1006.0,1856.0,2167.0,2167.0,2167.0
seed2-reset-locks-only,reset_locks_only,lane_spread,dq_iologic,lane0,,,lane,320,0.0,1247.0,2536.0,3875.0,3875.0,3875.0
seed2-robust,robust,lane_spread,dq_iologic,lane0,,,lane,320,0.0,997.5,2025.0,3066.0,3066.0,3066.0
seed3-pass,pass,lane_spread,dq_iologic,lane0,,,lane,320,0.0,1179.0,2371.0,3075.0,3075.0,3075.0
seed4-pass,pass,lane_spread,dq_iologic,lane0,,,lane,320,0.0,960.0,2084.0,2259.0,2259.0,2259.0
seed5-pass,pass,lane_spread,dq_iologic,lane0,,,lane,320,0.0,1179.0,2023.0,2762.0,2762.0,2762.0
seed1-fail,fail,lane_spread,dq_iologic,lane1,,,lane,320,0.0,1179.0,2335.0,3417.0,3417.0,3417.0
seed1-no-tmdriv,no_tmdriv,lane_spread,dq_iologic,lane1,,,lane,320,0.0,1194.5,2105.0,2913.0,2913.0,2913.0
seed1-reset-locks-only,reset_locks_only,lane_spread,dq_iologic,lane1,,,lane,320,0.0,1164.0,2329.0,3657.0,3657.0,3657.0
seed1-robust,robust,lane_spread,dq_iologic,lane1,,,lane,320,0.0,1248.0,1968.0,2367.0,2367.0,2367.0
seed2-fail,fail,lane_spread,dq_iologic,lane1,,,lane,320,0.0,1179.0,1886.0,2332.0,2332.0,2332.0
seed2-no-tmdriv,no_tmdriv,lane_spread,dq_iologic,lane1,,,lane,320,0.0,1179.0,1980.0,2592.0,2592.0,2592.0
seed2-reset-locks-only,reset_locks_only,lane_spread,dq_iologic,lane1,,,lane,320,0.0,1279.0,2706.0,3536.0,3536.0,3536.0
seed2-robust,robust,lane_spread,dq_iologic,lane1,,,lane,320,0.0,1179.0,2540.0,3058.0,3058.0,3058.0
seed3-pass,pass,lane_spread,dq_iologic,lane1,,,lane,320,0.0,1189.5,2388.0,3213.0,3213.0,3213.0
seed4-pass,pass,lane_spread,dq_iologic,lane1,,,lane,320,0.0,1064.5,1988.0,2272.0,2272.0,2272.0
seed5-pass,pass,lane_spread,dq_iologic,lane1,,,lane,320,0.0,1192.5,1973.0,2443.0,2443.0,2443.0
seed1-fail,fail,lane_spread,dqs_iologic,lane0,,,lane,33,0.0,944.0,2585.0,3072.0,3072.0,3072.0
seed1-no-tmdriv,no_tmdriv,lane_spread,dqs_iologic,lane0,,,lane,33,0.0,1261.0,2404.0,3210.0,3210.0,3210.0
seed1-reset-locks-only,reset_locks_only,lane_spread,dqs_iologic,lane0,,,lane,33,0.0,1179.0,2664.0,3644.0,3644.0,3644.0
seed1-robust,robust,lane_spread,dqs_iologic,lane0,,,lane,33,0.0,1279.0,2140.0,2696.0,2696.0,2696.0
seed2-fail,fail,lane_spread,dqs_iologic,lane0,,,lane,33,0.0,944.0,2095.0,2536.0,2536.0,2536.0
seed2-no-tmdriv,no_tmdriv,lane_spread,dqs_iologic,lane0,,,lane,33,0.0,1279.0,1878.0,2194.0,2194.0,2194.0
seed2-reset-locks-only,reset_locks_only,lane_spread,dqs_iologic,lane0,,,lane,33,0.0,1514.0,2450.0,3704.0,3704.0,3704.0
seed2-robust,robust,lane_spread,dqs_iologic,lane0,,,lane,33,0.0,1279.0,3036.0,3128.0,3128.0,3128.0
seed3-pass,pass,lane_spread,dqs_iologic,lane0,,,lane,33,0.0,1279.0,2747.0,3122.0,3122.0,3122.0
seed4-pass,pass,lane_spread,dqs_iologic,lane0,,,lane,33,0.0,1279.0,2404.0,2730.0,2730.0,2730.0
seed5-pass,pass,lane_spread,dqs_iologic,lane0,,,lane,33,0.0,1179.0,2174.0,2361.0,2361.0,2361.0
seed1-fail,fail,lane_spread,dqs_iologic,lane1,,,lane,33,0.0,1179.0,2289.0,3378.0,3378.0,3378.0
seed1-no-tmdriv,no_tmdriv,lane_spread,dqs_iologic,lane1,,,lane,33,0.0,1179.0,2138.0,3414.0,3414.0,3414.0
seed1-reset-locks-only,reset_locks_only,lane_spread,dqs_iologic,lane1,,,lane,33,0.0,855.0,2493.0,3653.0,3653.0,3653.0
seed1-robust,robust,lane_spread,dqs_iologic,lane1,,,lane,33,0.0,1136.0,2089.0,2404.0,2404.0,2404.0
seed2-fail,fail,lane_spread,dqs_iologic,lane1,,,lane,33,0.0,1277.0,1667.0,2052.0,2052.0,2052.0
seed2-no-tmdriv,no_tmdriv,lane_spread,dqs_iologic,lane1,,,lane,33,0.0,944.0,1916.0,2094.0,2094.0,2094.0
seed2-reset-locks-only,reset_locks_only,lane_spread,dqs_iologic,lane1,,,lane,33,0.0,1125.0,2171.0,3638.0,3638.0,3638.0
seed2-robust,robust,lane_spread,dqs_iologic,lane1,,,lane,33,0.0,1125.0,2447.0,3404.0,3404.0,3404.0
seed3-pass,pass,lane_spread,dqs_iologic,lane1,,,lane,33,0.0,944.0,2170.0,2838.0,2838.0,2838.0
seed4-pass,pass,lane_spread,dqs_iologic,lane1,,,lane,33,0.0,1179.0,1950.0,2444.0,2444.0,2444.0
seed5-pass,pass,lane_spread,dqs_iologic,lane1,,,lane,33,0.0,1125.0,1730.0,1973.0,1973.0,1973.0
seed1-fail,fail,lane_spread,idelay_data_cntvaluein,lane0,,,lane,40,1597.0,2136.5,2423.0,2460.0,863.0,863.0
seed1-no-tmdriv,no_tmdriv,lane_spread,idelay_data_cntvaluein,lane0,,,lane,40,1231.0,1554.5,1761.0,1848.0,617.0,617.0
seed1-reset-locks-only,reset_locks_only,lane_spread,idelay_data_cntvaluein,lane0,,,lane,40,1258.0,1561.0,1899.0,1902.0,644.0,644.0
seed1-robust,robust,lane_spread,idelay_data_cntvaluein,lane0,,,lane,40,1281.0,1859.0,2822.0,2917.0,1636.0,1636.0
seed2-fail,fail,lane_spread,idelay_data_cntvaluein,lane0,,,lane,40,1498.0,1876.5,2230.0,2269.0,771.0,771.0
seed2-no-tmdriv,no_tmdriv,lane_spread,idelay_data_cntvaluein,lane0,,,lane,40,987.0,1419.0,2216.0,2311.0,1324.0,1324.0
seed2-reset-locks-only,reset_locks_only,lane_spread,idelay_data_cntvaluein,lane0,,,lane,40,1743.0,2169.0,2497.0,2746.0,1003.0,1003.0
seed2-robust,robust,lane_spread,idelay_data_cntvaluein,lane0,,,lane,40,1238.0,1716.5,2049.0,2144.0,906.0,906.0
seed3-pass,pass,lane_spread,idelay_data_cntvaluein,lane0,,,lane,40,1378.0,1737.0,2161.0,2247.0,869.0,869.0
seed4-pass,pass,lane_spread,idelay_data_cntvaluein,lane0,,,lane,40,1572.0,1832.5,2128.0,2206.0,634.0,634.0
seed5-pass,pass,lane_spread,idelay_data_cntvaluein,lane0,,,lane,40,1157.0,1662.5,2029.0,2115.0,958.0,958.0
seed1-fail,fail,lane_spread,idelay_data_cntvaluein,lane1,,,lane,40,1396.0,1716.5,2154.0,2282.0,886.0,886.0
seed1-no-tmdriv,no_tmdriv,lane_spread,idelay_data_cntvaluein,lane1,,,lane,40,1001.0,1367.0,1590.0,1611.0,610.0,610.0
seed1-reset-locks-only,reset_locks_only,lane_spread,idelay_data_cntvaluein,lane1,,,lane,40,995.0,1259.0,1636.0,1666.0,671.0,671.0
seed1-robust,robust,lane_spread,idelay_data_cntvaluein,lane1,,,lane,40,1078.0,1675.0,2315.0,2335.0,1257.0,1257.0
seed2-fail,fail,lane_spread,idelay_data_cntvaluein,lane1,,,lane,40,1097.0,1549.5,1906.0,2000.0,903.0,903.0
seed2-no-tmdriv,no_tmdriv,lane_spread,idelay_data_cntvaluein,lane1,,,lane,40,966.0,1220.5,1731.0,1901.0,935.0,935.0
seed2-reset-locks-only,reset_locks_only,lane_spread,idelay_data_cntvaluein,lane1,,,lane,40,1564.0,1871.5,2141.0,2318.0,754.0,754.0
seed2-robust,robust,lane_spread,idelay_data_cntvaluein,lane1,,,lane,40,1065.0,1434.0,1656.0,1768.0,703.0,703.0
seed3-pass,pass,lane_spread,idelay_data_cntvaluein,lane1,,,lane,40,1157.0,1476.5,1883.0,1968.0,811.0,811.0
seed4-pass,pass,lane_spread,idelay_data_cntvaluein,lane1,,,lane,40,1123.0,1581.5,1784.0,1866.0,743.0,743.0
seed5-pass,pass,lane_spread,idelay_data_cntvaluein,lane1,,,lane,40,1036.0,1311.5,1850.0,2023.0,987.0,987.0
seed1-fail,fail,lane_spread,idelay_dqs_cntvaluein,lane0,,,lane,5,1501.0,1748.0,2233.0,2233.0,732.0,732.0
seed1-no-tmdriv,no_tmdriv,lane_spread,idelay_dqs_cntvaluein,lane0,,,lane,5,1296.0,1988.0,2450.0,2450.0,1154.0,1154.0
seed1-reset-locks-only,reset_locks_only,lane_spread,idelay_dqs_cntvaluein,lane0,,,lane,5,1075.0,1822.0,1901.0,1901.0,826.0,826.0
seed1-robust,robust,lane_spread,idelay_dqs_cntvaluein,lane0,,,lane,5,1358.0,1776.0,1940.0,1940.0,582.0,582.0
seed2-fail,fail,lane_spread,idelay_dqs_cntvaluein,lane0,,,lane,5,1159.0,1544.0,1952.0,1952.0,793.0,793.0
seed2-no-tmdriv,no_tmdriv,lane_spread,idelay_dqs_cntvaluein,lane0,,,lane,5,1195.0,1375.0,1684.0,1684.0,489.0,489.0
seed2-reset-locks-only,reset_locks_only,lane_spread,idelay_dqs_cntvaluein,lane0,,,lane,5,1496.0,2088.0,2164.0,2164.0,668.0,668.0
seed2-robust,robust,lane_spread,idelay_dqs_cntvaluein,lane0,,,lane,5,1328.0,1554.0,1687.0,1687.0,359.0,359.0
seed3-pass,pass,lane_spread,idelay_dqs_cntvaluein,lane0,,,lane,5,1350.0,1636.0,1970.0,1970.0,620.0,620.0
seed4-pass,pass,lane_spread,idelay_dqs_cntvaluein,lane0,,,lane,5,1159.0,1333.0,1404.0,1404.0,245.0,245.0
seed5-pass,pass,lane_spread,idelay_dqs_cntvaluein,lane0,,,lane,5,1447.0,1523.0,1850.0,1850.0,403.0,403.0
seed1-fail,fail,lane_spread,idelay_dqs_cntvaluein,lane1,,,lane,5,1077.0,1567.0,1792.0,1792.0,715.0,715.0
seed1-no-tmdriv,no_tmdriv,lane_spread,idelay_dqs_cntvaluein,lane1,,,lane,5,1348.0,1731.0,1963.0,1963.0,615.0,615.0
seed1-reset-locks-only,reset_locks_only,lane_spread,idelay_dqs_cntvaluein,lane1,,,lane,5,870.0,1388.0,1491.0,1491.0,621.0,621.0
seed1-robust,robust,lane_spread,idelay_dqs_cntvaluein,lane1,,,lane,5,1215.0,1455.0,1702.0,1702.0,487.0,487.0
seed2-fail,fail,lane_spread,idelay_dqs_cntvaluein,lane1,,,lane,5,804.0,1268.0,1427.0,1427.0,623.0,623.0
seed2-no-tmdriv,no_tmdriv,lane_spread,idelay_dqs_cntvaluein,lane1,,,lane,5,1085.0,1180.0,1299.0,1299.0,214.0,214.0
seed2-reset-locks-only,reset_locks_only,lane_spread,idelay_dqs_cntvaluein,lane1,,,lane,5,1417.0,1697.0,1896.0,1896.0,479.0,479.0
seed2-robust,robust,lane_spread,idelay_dqs_cntvaluein,lane1,,,lane,5,1093.0,1156.0,1365.0,1365.0,272.0,272.0
seed3-pass,pass,lane_spread,idelay_dqs_cntvaluein,lane1,,,lane,5,1103.0,1271.0,1674.0,1674.0,571.0,571.0
seed4-pass,pass,lane_spread,idelay_dqs_cntvaluein,lane1,,,lane,5,921.0,1008.0,1271.0,1271.0,350.0,350.0
seed5-pass,pass,lane_spread,idelay_dqs_cntvaluein,lane1,,,lane,5,1169.0,1245.0,1376.0,1376.0,207.0,207.0
seed1-fail,fail,lane_spread,idelay_ld,lane0,,,lane,9,1998.0,2186.0,2460.0,2460.0,462.0,462.0
seed1-no-tmdriv,no_tmdriv,lane_spread,idelay_ld,lane0,,,lane,9,1470.0,1590.0,1702.0,1702.0,232.0,232.0
seed1-reset-locks-only,reset_locks_only,lane_spread,idelay_ld,lane0,,,lane,9,1863.0,1911.0,2071.0,2071.0,208.0,208.0
seed1-robust,robust,lane_spread,idelay_ld,lane0,,,lane,9,1074.0,1246.0,1347.0,1347.0,273.0,273.0
seed2-fail,fail,lane_spread,idelay_ld,lane0,,,lane,9,2056.0,2151.0,2283.0,2283.0,227.0,227.0
seed2-no-tmdriv,no_tmdriv,lane_spread,idelay_ld,lane0,,,lane,9,1425.0,1661.0,1909.0,1909.0,484.0,484.0
seed2-reset-locks-only,reset_locks_only,lane_spread,idelay_ld,lane0,,,lane,9,2255.0,2510.0,2779.0,2779.0,524.0,524.0
seed2-robust,robust,lane_spread,idelay_ld,lane0,,,lane,9,1197.0,1371.0,1498.0,1498.0,301.0,301.0
seed3-pass,pass,lane_spread,idelay_ld,lane0,,,lane,9,1771.0,1911.0,2137.0,2137.0,366.0,366.0
seed4-pass,pass,lane_spread,idelay_ld,lane0,,,lane,9,1360.0,1782.0,2059.0,2059.0,699.0,699.0
seed5-pass,pass,lane_spread,idelay_ld,lane0,,,lane,9,2244.0,2414.0,2592.0,2592.0,348.0,348.0
seed1-fail,fail,lane_spread,idelay_ld,lane1,,,lane,9,1200.0,1406.0,1550.0,1550.0,350.0,350.0
seed1-no-tmdriv,no_tmdriv,lane_spread,idelay_ld,lane1,,,lane,9,1465.0,1569.0,1871.0,1871.0,406.0,406.0
seed1-reset-locks-only,reset_locks_only,lane_spread,idelay_ld,lane1,,,lane,9,1529.0,1710.0,2000.0,2000.0,471.0,471.0
seed1-robust,robust,lane_spread,idelay_ld,lane1,,,lane,9,1116.0,1292.0,1480.0,1480.0,364.0,364.0
seed2-fail,fail,lane_spread,idelay_ld,lane1,,,lane,9,1625.0,1924.0,2325.0,2325.0,700.0,700.0
seed2-no-tmdriv,no_tmdriv,lane_spread,idelay_ld,lane1,,,lane,9,1460.0,1786.0,1962.0,1962.0,502.0,502.0
seed2-reset-locks-only,reset_locks_only,lane_spread,idelay_ld,lane1,,,lane,9,1919.0,2085.0,2348.0,2348.0,429.0,429.0
seed2-robust,robust,lane_spread,idelay_ld,lane1,,,lane,9,1230.0,1363.0,1462.0,1462.0,232.0,232.0
seed3-pass,pass,lane_spread,idelay_ld,lane1,,,lane,9,1618.0,1787.0,1957.0,1957.0,339.0,339.0
seed4-pass,pass,lane_spread,idelay_ld,lane1,,,lane,9,1475.0,1751.0,1909.0,1909.0,434.0,434.0
seed5-pass,pass,lane_spread,idelay_ld,lane1,,,lane,9,1771.0,2118.0,2309.0,2309.0,538.0,538.0
seed1-fail,fail,lane_spread,idelayctrl,all,,,lane,5,1126.0,2940.0,3371.0,3371.0,2245.0,2245.0
seed1-no-tmdriv,no_tmdriv,lane_spread,idelayctrl,all,,,lane,5,1126.0,2835.0,2983.0,2983.0,1857.0,1857.0
seed1-reset-locks-only,reset_locks_only,lane_spread,idelayctrl,all,,,lane,5,1126.0,1519.0,3134.0,3134.0,2008.0,2008.0
seed1-robust,robust,lane_spread,idelayctrl,all,,,lane,5,1126.0,2759.0,2759.0,2759.0,1633.0,1633.0
seed2-fail,fail,lane_spread,idelayctrl,all,,,lane,5,1126.0,1799.0,3089.0,3089.0,1963.0,1963.0
seed2-no-tmdriv,no_tmdriv,lane_spread,idelayctrl,all,,,lane,6,1126.0,1536.0,2805.0,2805.0,1679.0,1679.0
seed2-reset-locks-only,reset_locks_only,lane_spread,idelayctrl,all,,,lane,5,1126.0,3134.0,3285.0,3285.0,2159.0,2159.0
seed2-robust,robust,lane_spread,idelayctrl,all,,,lane,6,1126.0,2894.0,2944.0,2944.0,1818.0,1818.0
seed3-pass,pass,lane_spread,idelayctrl,all,,,lane,5,1126.0,2940.0,2970.0,2970.0,1844.0,1844.0
seed4-pass,pass,lane_spread,idelayctrl,all,,,lane,5,1126.0,1677.0,2130.0,2130.0,1004.0,1004.0
seed5-pass,pass,lane_spread,idelayctrl,all,,,lane,5,1126.0,3509.0,3525.0,3525.0,2399.0,2399.0
seed1-fail,fail,lane_spread,reset_release,all,,,lane,8,0.0,25.0,699.0,699.0,699.0,699.0
seed1-no-tmdriv,no_tmdriv,lane_spread,reset_release,all,,,lane,8,0.0,304.5,675.0,675.0,675.0,675.0
seed1-reset-locks-only,reset_locks_only,lane_spread,reset_release,all,,,lane,8,0.0,87.5,699.0,699.0,699.0,699.0
seed1-robust,robust,lane_spread,reset_release,all,,,lane,8,0.0,175.5,699.0,699.0,699.0,699.0
seed2-fail,fail,lane_spread,reset_release,all,,,lane,8,0.0,216.0,540.0,540.0,540.0,540.0
seed2-no-tmdriv,no_tmdriv,lane_spread,reset_release,all,,,lane,8,0.0,87.5,540.0,540.0,540.0,540.0
seed2-reset-locks-only,reset_locks_only,lane_spread,reset_release,all,,,lane,8,0.0,25.0,764.0,764.0,764.0,764.0
seed2-robust,robust,lane_spread,reset_release,all,,,lane,8,0.0,25.0,720.0,720.0,720.0,720.0
seed3-pass,pass,lane_spread,reset_release,all,,,lane,8,0.0,25.0,899.0,899.0,899.0,899.0
seed4-pass,pass,lane_spread,reset_release,all,,,lane,8,0.0,87.5,540.0,540.0,540.0,540.0
seed5-pass,pass,lane_spread,reset_release,all,,,lane,8,0.0,25.0,540.0,540.0,540.0,540.0
