Info: Packing constants..
Info: Inserting IO buffers..
Info:     IO port 'clk50' driven by IBUF '$iopadmap$ypcb_00338_1p1_ddr3.clk50'
Info:     IO port 'ddr3_cas_n' driven by OBUF '$iopadmap$ypcb_00338_1p1_ddr3.ddr3_cas_n'
Info:     IO port 'ddr3_ck_n' driven by OBUFDS 'ddr3_top.ddr3_phy_inst.genblk4.genblk1.OBUFDS_inst'
Info:     IO port 'ddr3_ck_p' driven by OBUFDS 'ddr3_top.ddr3_phy_inst.genblk4.genblk1.OBUFDS_inst'
Info:     IO port 'ddr3_cke' driven by OBUF '$iopadmap$ypcb_00338_1p1_ddr3.ddr3_cke'
Info:     IO port 'ddr3_cs_n' driven by OBUF '$iopadmap$ypcb_00338_1p1_ddr3.ddr3_cs_n'
Info:     IO port 'ddr3_odt' driven by OBUF '$iopadmap$ypcb_00338_1p1_ddr3.ddr3_odt'
Info:     IO port 'ddr3_ras_n' driven by OBUF '$iopadmap$ypcb_00338_1p1_ddr3.ddr3_ras_n'
Info:     IO port 'ddr3_reset_n' driven by OBUF '$iopadmap$ypcb_00338_1p1_ddr3.ddr3_reset_n'
Info:     IO port 'ddr3_we_n' driven by OBUF '$iopadmap$ypcb_00338_1p1_ddr3.ddr3_we_n'
Info:     IO port 'rst_n' driven by IBUF '$iopadmap$ypcb_00338_1p1_ddr3.rst_n'
Info:     IO port 'ddr3_addr[0]' driven by OBUF '$iopadmap$ypcb_00338_1p1_ddr3.ddr3_addr'
Info:     IO port 'ddr3_addr[1]' driven by OBUF '$iopadmap$ypcb_00338_1p1_ddr3.ddr3_addr_1'
Info:     IO port 'ddr3_addr[10]' driven by OBUF '$iopadmap$ypcb_00338_1p1_ddr3.ddr3_addr_10'
Info:     IO port 'ddr3_addr[11]' driven by OBUF '$iopadmap$ypcb_00338_1p1_ddr3.ddr3_addr_11'
Info:     IO port 'ddr3_addr[12]' driven by OBUF '$iopadmap$ypcb_00338_1p1_ddr3.ddr3_addr_12'
Info:     IO port 'ddr3_addr[13]' driven by OBUF '$iopadmap$ypcb_00338_1p1_ddr3.ddr3_addr_13'
Info:     IO port 'ddr3_addr[14]' driven by OBUF '$iopadmap$ypcb_00338_1p1_ddr3.ddr3_addr_14'
Info:     IO port 'ddr3_addr[2]' driven by OBUF '$iopadmap$ypcb_00338_1p1_ddr3.ddr3_addr_2'
Info:     IO port 'ddr3_addr[3]' driven by OBUF '$iopadmap$ypcb_00338_1p1_ddr3.ddr3_addr_3'
Info:     IO port 'ddr3_addr[4]' driven by OBUF '$iopadmap$ypcb_00338_1p1_ddr3.ddr3_addr_4'
Info:     IO port 'ddr3_addr[5]' driven by OBUF '$iopadmap$ypcb_00338_1p1_ddr3.ddr3_addr_5'
Info:     IO port 'ddr3_addr[6]' driven by OBUF '$iopadmap$ypcb_00338_1p1_ddr3.ddr3_addr_6'
Info:     IO port 'ddr3_addr[7]' driven by OBUF '$iopadmap$ypcb_00338_1p1_ddr3.ddr3_addr_7'
Info:     IO port 'ddr3_addr[8]' driven by OBUF '$iopadmap$ypcb_00338_1p1_ddr3.ddr3_addr_8'
Info:     IO port 'ddr3_addr[9]' driven by OBUF '$iopadmap$ypcb_00338_1p1_ddr3.ddr3_addr_9'
Info:     IO port 'ddr3_ba[0]' driven by OBUF '$iopadmap$ypcb_00338_1p1_ddr3.ddr3_ba'
Info:     IO port 'ddr3_ba[1]' driven by OBUF '$iopadmap$ypcb_00338_1p1_ddr3.ddr3_ba_1'
Info:     IO port 'ddr3_ba[2]' driven by OBUF '$iopadmap$ypcb_00338_1p1_ddr3.ddr3_ba_2'
Info:     IO port 'led[0]' driven by OBUF '$iopadmap$ypcb_00338_1p1_ddr3.led'
Info:     IO port 'led[1]' driven by OBUF '$iopadmap$ypcb_00338_1p1_ddr3.led_1'
Info:     IO port 'led[2]' driven by OBUF '$iopadmap$ypcb_00338_1p1_ddr3.led_2'
Info:     IO port 'ddr3_dq[0]' driven by IOBUF 'ddr3_top.ddr3_phy_inst.genblk5[0].genblk1.IOBUF_data'
Info:     IO port 'ddr3_dq[10]' driven by IOBUF 'ddr3_top.ddr3_phy_inst.genblk5[10].genblk1.IOBUF_data'
Info:     IO port 'ddr3_dq[11]' driven by IOBUF 'ddr3_top.ddr3_phy_inst.genblk5[11].genblk1.IOBUF_data'
Info:     IO port 'ddr3_dq[12]' driven by IOBUF 'ddr3_top.ddr3_phy_inst.genblk5[12].genblk1.IOBUF_data'
Info:     IO port 'ddr3_dq[13]' driven by IOBUF 'ddr3_top.ddr3_phy_inst.genblk5[13].genblk1.IOBUF_data'
Info:     IO port 'ddr3_dq[14]' driven by IOBUF 'ddr3_top.ddr3_phy_inst.genblk5[14].genblk1.IOBUF_data'
Info:     IO port 'ddr3_dq[15]' driven by IOBUF 'ddr3_top.ddr3_phy_inst.genblk5[15].genblk1.IOBUF_data'
Info:     IO port 'ddr3_dq[16]' driven by IOBUF 'ddr3_top.ddr3_phy_inst.genblk5[16].genblk1.IOBUF_data'
Info:     IO port 'ddr3_dq[17]' driven by IOBUF 'ddr3_top.ddr3_phy_inst.genblk5[17].genblk1.IOBUF_data'
Info:     IO port 'ddr3_dq[18]' driven by IOBUF 'ddr3_top.ddr3_phy_inst.genblk5[18].genblk1.IOBUF_data'
Info:     IO port 'ddr3_dq[19]' driven by IOBUF 'ddr3_top.ddr3_phy_inst.genblk5[19].genblk1.IOBUF_data'
Info:     IO port 'ddr3_dq[1]' driven by IOBUF 'ddr3_top.ddr3_phy_inst.genblk5[1].genblk1.IOBUF_data'
Info:     IO port 'ddr3_dq[20]' driven by IOBUF 'ddr3_top.ddr3_phy_inst.genblk5[20].genblk1.IOBUF_data'
Info:     IO port 'ddr3_dq[21]' driven by IOBUF 'ddr3_top.ddr3_phy_inst.genblk5[21].genblk1.IOBUF_data'
Info:     IO port 'ddr3_dq[22]' driven by IOBUF 'ddr3_top.ddr3_phy_inst.genblk5[22].genblk1.IOBUF_data'
Info:     IO port 'ddr3_dq[23]' driven by IOBUF 'ddr3_top.ddr3_phy_inst.genblk5[23].genblk1.IOBUF_data'
Info:     IO port 'ddr3_dq[24]' driven by IOBUF 'ddr3_top.ddr3_phy_inst.genblk5[24].genblk1.IOBUF_data'
Info:     IO port 'ddr3_dq[25]' driven by IOBUF 'ddr3_top.ddr3_phy_inst.genblk5[25].genblk1.IOBUF_data'
Info:     IO port 'ddr3_dq[26]' driven by IOBUF 'ddr3_top.ddr3_phy_inst.genblk5[26].genblk1.IOBUF_data'
Info:     IO port 'ddr3_dq[27]' driven by IOBUF 'ddr3_top.ddr3_phy_inst.genblk5[27].genblk1.IOBUF_data'
Info:     IO port 'ddr3_dq[28]' driven by IOBUF 'ddr3_top.ddr3_phy_inst.genblk5[28].genblk1.IOBUF_data'
Info:     IO port 'ddr3_dq[29]' driven by IOBUF 'ddr3_top.ddr3_phy_inst.genblk5[29].genblk1.IOBUF_data'
Info:     IO port 'ddr3_dq[2]' driven by IOBUF 'ddr3_top.ddr3_phy_inst.genblk5[2].genblk1.IOBUF_data'
Info:     IO port 'ddr3_dq[30]' driven by IOBUF 'ddr3_top.ddr3_phy_inst.genblk5[30].genblk1.IOBUF_data'
Info:     IO port 'ddr3_dq[31]' driven by IOBUF 'ddr3_top.ddr3_phy_inst.genblk5[31].genblk1.IOBUF_data'
Info:     IO port 'ddr3_dq[32]' driven by IOBUF 'ddr3_top.ddr3_phy_inst.genblk5[32].genblk1.IOBUF_data'
Info:     IO port 'ddr3_dq[33]' driven by IOBUF 'ddr3_top.ddr3_phy_inst.genblk5[33].genblk1.IOBUF_data'
Info:     IO port 'ddr3_dq[34]' driven by IOBUF 'ddr3_top.ddr3_phy_inst.genblk5[34].genblk1.IOBUF_data'
Info:     IO port 'ddr3_dq[35]' driven by IOBUF 'ddr3_top.ddr3_phy_inst.genblk5[35].genblk1.IOBUF_data'
Info:     IO port 'ddr3_dq[36]' driven by IOBUF 'ddr3_top.ddr3_phy_inst.genblk5[36].genblk1.IOBUF_data'
Info:     IO port 'ddr3_dq[37]' driven by IOBUF 'ddr3_top.ddr3_phy_inst.genblk5[37].genblk1.IOBUF_data'
Info:     IO port 'ddr3_dq[38]' driven by IOBUF 'ddr3_top.ddr3_phy_inst.genblk5[38].genblk1.IOBUF_data'
Info:     IO port 'ddr3_dq[39]' driven by IOBUF 'ddr3_top.ddr3_phy_inst.genblk5[39].genblk1.IOBUF_data'
Info:     IO port 'ddr3_dq[3]' driven by IOBUF 'ddr3_top.ddr3_phy_inst.genblk5[3].genblk1.IOBUF_data'
Info:     IO port 'ddr3_dq[40]' driven by IOBUF 'ddr3_top.ddr3_phy_inst.genblk5[40].genblk1.IOBUF_data'
Info:     IO port 'ddr3_dq[41]' driven by IOBUF 'ddr3_top.ddr3_phy_inst.genblk5[41].genblk1.IOBUF_data'
Info:     IO port 'ddr3_dq[42]' driven by IOBUF 'ddr3_top.ddr3_phy_inst.genblk5[42].genblk1.IOBUF_data'
Info:     IO port 'ddr3_dq[43]' driven by IOBUF 'ddr3_top.ddr3_phy_inst.genblk5[43].genblk1.IOBUF_data'
Info:     IO port 'ddr3_dq[44]' driven by IOBUF 'ddr3_top.ddr3_phy_inst.genblk5[44].genblk1.IOBUF_data'
Info:     IO port 'ddr3_dq[45]' driven by IOBUF 'ddr3_top.ddr3_phy_inst.genblk5[45].genblk1.IOBUF_data'
Info:     IO port 'ddr3_dq[46]' driven by IOBUF 'ddr3_top.ddr3_phy_inst.genblk5[46].genblk1.IOBUF_data'
Info:     IO port 'ddr3_dq[47]' driven by IOBUF 'ddr3_top.ddr3_phy_inst.genblk5[47].genblk1.IOBUF_data'
Info:     IO port 'ddr3_dq[48]' driven by IOBUF 'ddr3_top.ddr3_phy_inst.genblk5[48].genblk1.IOBUF_data'
Info:     IO port 'ddr3_dq[49]' driven by IOBUF 'ddr3_top.ddr3_phy_inst.genblk5[49].genblk1.IOBUF_data'
Info:     IO port 'ddr3_dq[4]' driven by IOBUF 'ddr3_top.ddr3_phy_inst.genblk5[4].genblk1.IOBUF_data'
Info:     IO port 'ddr3_dq[50]' driven by IOBUF 'ddr3_top.ddr3_phy_inst.genblk5[50].genblk1.IOBUF_data'
Info:     IO port 'ddr3_dq[51]' driven by IOBUF 'ddr3_top.ddr3_phy_inst.genblk5[51].genblk1.IOBUF_data'
Info:     IO port 'ddr3_dq[52]' driven by IOBUF 'ddr3_top.ddr3_phy_inst.genblk5[52].genblk1.IOBUF_data'
Info:     IO port 'ddr3_dq[53]' driven by IOBUF 'ddr3_top.ddr3_phy_inst.genblk5[53].genblk1.IOBUF_data'
Info:     IO port 'ddr3_dq[54]' driven by IOBUF 'ddr3_top.ddr3_phy_inst.genblk5[54].genblk1.IOBUF_data'
Info:     IO port 'ddr3_dq[55]' driven by IOBUF 'ddr3_top.ddr3_phy_inst.genblk5[55].genblk1.IOBUF_data'
Info:     IO port 'ddr3_dq[56]' driven by IOBUF 'ddr3_top.ddr3_phy_inst.genblk5[56].genblk1.IOBUF_data'
Info:     IO port 'ddr3_dq[57]' driven by IOBUF 'ddr3_top.ddr3_phy_inst.genblk5[57].genblk1.IOBUF_data'
Info:     IO port 'ddr3_dq[58]' driven by IOBUF 'ddr3_top.ddr3_phy_inst.genblk5[58].genblk1.IOBUF_data'
Info:     IO port 'ddr3_dq[59]' driven by IOBUF 'ddr3_top.ddr3_phy_inst.genblk5[59].genblk1.IOBUF_data'
Info:     IO port 'ddr3_dq[5]' driven by IOBUF 'ddr3_top.ddr3_phy_inst.genblk5[5].genblk1.IOBUF_data'
Info:     IO port 'ddr3_dq[60]' driven by IOBUF 'ddr3_top.ddr3_phy_inst.genblk5[60].genblk1.IOBUF_data'
Info:     IO port 'ddr3_dq[61]' driven by IOBUF 'ddr3_top.ddr3_phy_inst.genblk5[61].genblk1.IOBUF_data'
Info:     IO port 'ddr3_dq[62]' driven by IOBUF 'ddr3_top.ddr3_phy_inst.genblk5[62].genblk1.IOBUF_data'
Info:     IO port 'ddr3_dq[63]' driven by IOBUF 'ddr3_top.ddr3_phy_inst.genblk5[63].genblk1.IOBUF_data'
Info:     IO port 'ddr3_dq[6]' driven by IOBUF 'ddr3_top.ddr3_phy_inst.genblk5[6].genblk1.IOBUF_data'
Info:     IO port 'ddr3_dq[7]' driven by IOBUF 'ddr3_top.ddr3_phy_inst.genblk5[7].genblk1.IOBUF_data'
Info:     IO port 'ddr3_dq[8]' driven by IOBUF 'ddr3_top.ddr3_phy_inst.genblk5[8].genblk1.IOBUF_data'
Info:     IO port 'ddr3_dq[9]' driven by IOBUF 'ddr3_top.ddr3_phy_inst.genblk5[9].genblk1.IOBUF_data'
Info:     IO port 'ddr3_dqs_p[0]' driven by IOBUFDS 'ddr3_top.ddr3_phy_inst.genblk7[0].genblk1.IOBUFDS_dqs'
Info:     IO port 'ddr3_dqs_n[0]' driven by IOBUFDS 'ddr3_top.ddr3_phy_inst.genblk7[0].genblk1.IOBUFDS_dqs'
Info:     IO port 'ddr3_dqs_p[1]' driven by IOBUFDS 'ddr3_top.ddr3_phy_inst.genblk7[1].genblk1.IOBUFDS_dqs'
Info:     IO port 'ddr3_dqs_n[1]' driven by IOBUFDS 'ddr3_top.ddr3_phy_inst.genblk7[1].genblk1.IOBUFDS_dqs'
Info:     IO port 'ddr3_dqs_p[2]' driven by IOBUFDS 'ddr3_top.ddr3_phy_inst.genblk7[2].genblk1.IOBUFDS_dqs'
Info:     IO port 'ddr3_dqs_n[2]' driven by IOBUFDS 'ddr3_top.ddr3_phy_inst.genblk7[2].genblk1.IOBUFDS_dqs'
Info:     IO port 'ddr3_dqs_p[3]' driven by IOBUFDS 'ddr3_top.ddr3_phy_inst.genblk7[3].genblk1.IOBUFDS_dqs'
Info:     IO port 'ddr3_dqs_n[3]' driven by IOBUFDS 'ddr3_top.ddr3_phy_inst.genblk7[3].genblk1.IOBUFDS_dqs'
Info:     IO port 'ddr3_dqs_p[4]' driven by IOBUFDS 'ddr3_top.ddr3_phy_inst.genblk7[4].genblk1.IOBUFDS_dqs'
Info:     IO port 'ddr3_dqs_n[4]' driven by IOBUFDS 'ddr3_top.ddr3_phy_inst.genblk7[4].genblk1.IOBUFDS_dqs'
Info:     IO port 'ddr3_dqs_p[5]' driven by IOBUFDS 'ddr3_top.ddr3_phy_inst.genblk7[5].genblk1.IOBUFDS_dqs'
Info:     IO port 'ddr3_dqs_n[5]' driven by IOBUFDS 'ddr3_top.ddr3_phy_inst.genblk7[5].genblk1.IOBUFDS_dqs'
Info:     IO port 'ddr3_dqs_p[6]' driven by IOBUFDS 'ddr3_top.ddr3_phy_inst.genblk7[6].genblk1.IOBUFDS_dqs'
Info:     IO port 'ddr3_dqs_n[6]' driven by IOBUFDS 'ddr3_top.ddr3_phy_inst.genblk7[6].genblk1.IOBUFDS_dqs'
Info:     IO port 'ddr3_dqs_p[7]' driven by IOBUFDS 'ddr3_top.ddr3_phy_inst.genblk7[7].genblk1.IOBUFDS_dqs'
Info:     IO port 'ddr3_dqs_n[7]' driven by IOBUFDS 'ddr3_top.ddr3_phy_inst.genblk7[7].genblk1.IOBUFDS_dqs'
Info:     Constraining 'clk50' to site 'IOB_X0Y174'
Info:     Tile 'LIOB33_X0Y173'
Info:     Constraining 'ddr3_cas_n' to site 'IOB_X0Y92'
Info:     Tile 'LIOB33_X0Y91'
Info:     Constraining 'ddr3_ck_n' to site 'IOB_X0Y93'
Info:     Tile 'LIOB33_X0Y93'
Info:     Constraining 'ddr3_ck_p' to site 'IOB_X0Y94'
Info:     Tile 'LIOB33_X0Y93'
Info:     Constraining 'ddr3_cke' to site 'IOB_X0Y91'
Info:     Tile 'LIOB33_X0Y91'
Info:     Constraining 'ddr3_cs_n' to site 'IOB_X0Y80'
Info:     Tile 'LIOB33_X0Y79'
Info:     Constraining 'ddr3_odt' to site 'IOB_X0Y83'
Info:     Tile 'LIOB33_X0Y83'
Info:     Constraining 'ddr3_ras_n' to site 'IOB_X0Y84'
Info:     Tile 'LIOB33_X0Y83'
Info:     Constraining 'ddr3_reset_n' to site 'IOB_X0Y138'
Info:     Tile 'LIOB33_X0Y137'
Info:     Constraining 'ddr3_we_n' to site 'IOB_X0Y90'
Info:     Tile 'LIOB33_X0Y89'
Info:     Constraining 'rst_n' to site 'IOB_X0Y226'
Info:     Tile 'LIOB33_X0Y225'
Info:     Constraining 'ddr3_addr[0]' to site 'IOB_X0Y75'
Info:     Tile 'LIOB33_X0Y75'
Info:     Constraining 'ddr3_addr[1]' to site 'IOB_X0Y97'
Info:     Tile 'LIOB33_X0Y97'
Info:     Constraining 'ddr3_addr[10]' to site 'IOB_X0Y79'
Info:     Tile 'LIOB33_X0Y79'
Info:     Constraining 'ddr3_addr[11]' to site 'IOB_X0Y78'
Info:     Tile 'LIOB33_X0Y77'
Info:     Constraining 'ddr3_addr[12]' to site 'IOB_X0Y86'
Info:     Tile 'LIOB33_X0Y85'
Info:     Constraining 'ddr3_addr[13]' to site 'IOB_X0Y82'
Info:     Tile 'LIOB33_X0Y81'
Info:     Constraining 'ddr3_addr[14]' to site 'IOB_X0Y88'
Info:     Tile 'LIOB33_X0Y87'
Info:     Constraining 'ddr3_addr[2]' to site 'IOB_X0Y81'
Info:     Tile 'LIOB33_X0Y81'
Info:     Constraining 'ddr3_addr[3]' to site 'IOB_X0Y76'
Info:     Tile 'LIOB33_X0Y75'
Info:     Constraining 'ddr3_addr[4]' to site 'IOB_X0Y68'
Info:     Tile 'LIOB33_X0Y67'
Info:     Constraining 'ddr3_addr[5]' to site 'IOB_X0Y70'
Info:     Tile 'LIOB33_X0Y69'
Info:     Constraining 'ddr3_addr[6]' to site 'IOB_X0Y77'
Info:     Tile 'LIOB33_X0Y77'
Info:     Constraining 'ddr3_addr[7]' to site 'IOB_X0Y67'
Info:     Tile 'LIOB33_X0Y67'
Info:     Constraining 'ddr3_addr[8]' to site 'IOB_X0Y69'
Info:     Tile 'LIOB33_X0Y69'
Info:     Constraining 'ddr3_addr[9]' to site 'IOB_X0Y98'
Info:     Tile 'LIOB33_X0Y97'
Info:     Constraining 'ddr3_ba[0]' to site 'IOB_X0Y85'
Info:     Tile 'LIOB33_X0Y85'
Info:     Constraining 'ddr3_ba[1]' to site 'IOB_X0Y95'
Info:     Tile 'LIOB33_X0Y95'
Info:     Constraining 'ddr3_ba[2]' to site 'IOB_X0Y89'
Info:     Tile 'LIOB33_X0Y89'
Info:     Constraining 'led[0]' to site 'IOB_X0Y222'
Info:     Tile 'LIOB33_X0Y221'
Info:     Constraining 'led[1]' to site 'IOB_X0Y220'
Info:     Tile 'LIOB33_X0Y219'
Info:     Constraining 'led[2]' to site 'IOB_X0Y221'
Info:     Tile 'LIOB33_X0Y221'
Info:     Constraining 'ddr3_dq[0]' to site 'IOB_X0Y13'
Info:     Tile 'LIOB33_X0Y13'
Info:     Constraining 'ddr3_dq[10]' to site 'IOB_X0Y25'
Info:     Tile 'LIOB33_X0Y25'
Info:     Constraining 'ddr3_dq[11]' to site 'IOB_X0Y29'
Info:     Tile 'LIOB33_X0Y29'
Info:     Constraining 'ddr3_dq[12]' to site 'IOB_X0Y26'
Info:     Tile 'LIOB33_X0Y25'
Info:     Constraining 'ddr3_dq[13]' to site 'IOB_X0Y30'
Info:     Tile 'LIOB33_X0Y29'
Info:     Constraining 'ddr3_dq[14]' to site 'IOB_X0Y27'
Info:     Tile 'LIOB33_X0Y27'
Info:     Constraining 'ddr3_dq[15]' to site 'IOB_X0Y35'
Info:     Tile 'LIOB33_X0Y35'
Info:     Constraining 'ddr3_dq[16]' to site 'IOB_X0Y47'
Info:     Tile 'LIOB33_X0Y47'
Info:     Constraining 'ddr3_dq[17]' to site 'IOB_X0Y42'
Info:     Tile 'LIOB33_X0Y41'
Info:     Constraining 'ddr3_dq[18]' to site 'IOB_X0Y48'
Info:     Tile 'LIOB33_X0Y47'
Info:     Constraining 'ddr3_dq[19]' to site 'IOB_X0Y39'
Info:     Tile 'LIOB33_X0Y39'
Info:     Constraining 'ddr3_dq[1]' to site 'IOB_X0Y14'
Info:     Tile 'LIOB33_X0Y13'
Info:     Constraining 'ddr3_dq[20]' to site 'IOB_X0Y45'
Info:     Tile 'LIOB33_X0Y45'
Info:     Constraining 'ddr3_dq[21]' to site 'IOB_X0Y40'
Info:     Tile 'LIOB33_X0Y39'
Info:     Constraining 'ddr3_dq[22]' to site 'IOB_X0Y46'
Info:     Tile 'LIOB33_X0Y45'
Info:     Constraining 'ddr3_dq[23]' to site 'IOB_X0Y41'
Info:     Tile 'LIOB33_X0Y41'
Info:     Constraining 'ddr3_dq[24]' to site 'IOB_X0Y10'
Info:     Tile 'LIOB33_X0Y9'
Info:     Constraining 'ddr3_dq[25]' to site 'IOB_X0Y3'
Info:     Tile 'LIOB33_X0Y3'
Info:     Constraining 'ddr3_dq[26]' to site 'IOB_X0Y9'
Info:     Tile 'LIOB33_X0Y9'
Info:     Constraining 'ddr3_dq[27]' to site 'IOB_X0Y5'
Info:     Tile 'LIOB33_X0Y5'
Info:     Constraining 'ddr3_dq[28]' to site 'IOB_X0Y4'
Info:     Tile 'LIOB33_X0Y3'
Info:     Constraining 'ddr3_dq[29]' to site 'IOB_X0Y6'
Info:     Tile 'LIOB33_X0Y5'
Info:     Constraining 'ddr3_dq[2]' to site 'IOB_X0Y16'
Info:     Tile 'LIOB33_X0Y15'
Info:     Constraining 'ddr3_dq[30]' to site 'IOB_X0Y1'
Info:     Tile 'LIOB33_X0Y1'
Info:     Constraining 'ddr3_dq[31]' to site 'IOB_X0Y2'
Info:     Tile 'LIOB33_X0Y1'
Info:     Constraining 'ddr3_dq[32]' to site 'IOB_X0Y122'
Info:     Tile 'LIOB33_X0Y121'
Info:     Constraining 'ddr3_dq[33]' to site 'IOB_X0Y121'
Info:     Tile 'LIOB33_X0Y121'
Info:     Constraining 'ddr3_dq[34]' to site 'IOB_X0Y123'
Info:     Tile 'LIOB33_X0Y123'
Info:     Constraining 'ddr3_dq[35]' to site 'IOB_X0Y116'
Info:     Tile 'LIOB33_X0Y115'
Info:     Constraining 'ddr3_dq[36]' to site 'IOB_X0Y117'
Info:     Tile 'LIOB33_X0Y117'
Info:     Constraining 'ddr3_dq[37]' to site 'IOB_X0Y115'
Info:     Tile 'LIOB33_X0Y115'
Info:     Constraining 'ddr3_dq[38]' to site 'IOB_X0Y118'
Info:     Tile 'LIOB33_X0Y117'
Info:     Constraining 'ddr3_dq[39]' to site 'IOB_X0Y114'
Info:     Tile 'LIOB33_X0Y113'
Info:     Constraining 'ddr3_dq[3]' to site 'IOB_X0Y21'
Info:     Tile 'LIOB33_X0Y21'
Info:     Constraining 'ddr3_dq[40]' to site 'IOB_X0Y135'
Info:     Tile 'LIOB33_X0Y135'
Info:     Constraining 'ddr3_dq[41]' to site 'IOB_X0Y127'
Info:     Tile 'LIOB33_X0Y127'
Info:     Constraining 'ddr3_dq[42]' to site 'IOB_X0Y129'
Info:     Tile 'LIOB33_X0Y129'
Info:     Constraining 'ddr3_dq[43]' to site 'IOB_X0Y136'
Info:     Tile 'LIOB33_X0Y135'
Info:     Constraining 'ddr3_dq[44]' to site 'IOB_X0Y126'
Info:     Tile 'LIOB33_X0Y125'
Info:     Constraining 'ddr3_dq[45]' to site 'IOB_X0Y133'
Info:     Tile 'LIOB33_X0Y133'
Info:     Constraining 'ddr3_dq[46]' to site 'IOB_X0Y125'
Info:     Tile 'LIOB33_X0Y125'
Info:     Constraining 'ddr3_dq[47]' to site 'IOB_X0Y134'
Info:     Tile 'LIOB33_X0Y133'
Info:     Constraining 'ddr3_dq[48]' to site 'IOB_X0Y139'
Info:     Tile 'LIOB33_X0Y139'
Info:     Constraining 'ddr3_dq[49]' to site 'IOB_X0Y147'
Info:     Tile 'LIOB33_X0Y147'
Info:     Constraining 'ddr3_dq[4]' to site 'IOB_X0Y15'
Info:     Tile 'LIOB33_X0Y15'
Info:     Constraining 'ddr3_dq[50]' to site 'IOB_X0Y141'
Info:     Tile 'LIOB33_X0Y141'
Info:     Constraining 'ddr3_dq[51]' to site 'IOB_X0Y148'
Info:     Tile 'LIOB33_X0Y147'
Info:     Constraining 'ddr3_dq[52]' to site 'IOB_X0Y145'
Info:     Tile 'LIOB33_X0Y145'
Info:     Constraining 'ddr3_dq[53]' to site 'IOB_X0Y146'
Info:     Tile 'LIOB33_X0Y145'
Info:     Constraining 'ddr3_dq[54]' to site 'IOB_X0Y142'
Info:     Tile 'LIOB33_X0Y141'
Info:     Constraining 'ddr3_dq[55]' to site 'IOB_X0Y140'
Info:     Tile 'LIOB33_X0Y139'
Info:     Constraining 'ddr3_dq[56]' to site 'IOB_X0Y56'
Info:     Tile 'LIOB33_X0Y55'
Info:     Constraining 'ddr3_dq[57]' to site 'IOB_X0Y59'
Info:     Tile 'LIOB33_X0Y59'
Info:     Constraining 'ddr3_dq[58]' to site 'IOB_X0Y54'
Info:     Tile 'LIOB33_X0Y53'
Info:     Constraining 'ddr3_dq[59]' to site 'IOB_X0Y60'
Info:     Tile 'LIOB33_X0Y59'
Info:     Constraining 'ddr3_dq[5]' to site 'IOB_X0Y22'
Info:     Tile 'LIOB33_X0Y21'
Info:     Constraining 'ddr3_dq[60]' to site 'IOB_X0Y53'
Info:     Tile 'LIOB33_X0Y53'
Info:     Constraining 'ddr3_dq[61]' to site 'IOB_X0Y51'
Info:     Tile 'LIOB33_X0Y51'
Info:     Constraining 'ddr3_dq[62]' to site 'IOB_X0Y55'
Info:     Tile 'LIOB33_X0Y55'
Info:     Constraining 'ddr3_dq[63]' to site 'IOB_X0Y52'
Info:     Tile 'LIOB33_X0Y51'
Info:     Constraining 'ddr3_dq[6]' to site 'IOB_X0Y18'
Info:     Tile 'LIOB33_X0Y17'
Info:     Constraining 'ddr3_dq[7]' to site 'IOB_X0Y17'
Info:     Tile 'LIOB33_X0Y17'
Info:     Constraining 'ddr3_dq[8]' to site 'IOB_X0Y28'
Info:     Tile 'LIOB33_X0Y27'
Info:     Constraining 'ddr3_dq[9]' to site 'IOB_X0Y36'
Info:     Tile 'LIOB33_X0Y35'
Info:     Constraining 'ddr3_dqs_p[0]' to site 'IOB_X0Y20'
Info:     Tile 'LIOB33_X0Y19'
Info:     Constraining 'ddr3_dqs_n[0]' to site 'IOB_X0Y19'
Info:     Tile 'LIOB33_X0Y19'
Info:     Constraining 'ddr3_dqs_p[1]' to site 'IOB_X0Y32'
Info:     Tile 'LIOB33_X0Y31'
Info:     Constraining 'ddr3_dqs_n[1]' to site 'IOB_X0Y31'
Info:     Tile 'LIOB33_X0Y31'
Info:     Constraining 'ddr3_dqs_p[2]' to site 'IOB_X0Y44'
Info:     Tile 'LIOB33_X0Y43'
Info:     Constraining 'ddr3_dqs_n[2]' to site 'IOB_X0Y43'
Info:     Tile 'LIOB33_X0Y43'
Info:     Constraining 'ddr3_dqs_p[3]' to site 'IOB_X0Y8'
Info:     Tile 'LIOB33_X0Y7'
Info:     Constraining 'ddr3_dqs_n[3]' to site 'IOB_X0Y7'
Info:     Tile 'LIOB33_X0Y7'
Info:     Constraining 'ddr3_dqs_p[4]' to site 'IOB_X0Y120'
Info:     Tile 'LIOB33_X0Y119'
Info:     Constraining 'ddr3_dqs_n[4]' to site 'IOB_X0Y119'
Info:     Tile 'LIOB33_X0Y119'
Info:     Constraining 'ddr3_dqs_p[5]' to site 'IOB_X0Y132'
Info:     Tile 'LIOB33_X0Y131'
Info:     Constraining 'ddr3_dqs_n[5]' to site 'IOB_X0Y131'
Info:     Tile 'LIOB33_X0Y131'
Info:     Constraining 'ddr3_dqs_p[6]' to site 'IOB_X0Y144'
Info:     Tile 'LIOB33_X0Y143'
Info:     Constraining 'ddr3_dqs_n[6]' to site 'IOB_X0Y143'
Info:     Tile 'LIOB33_X0Y143'
Info:     Constraining 'ddr3_dqs_p[7]' to site 'IOB_X0Y58'
Info:     Tile 'LIOB33_X0Y57'
Info:     Constraining 'ddr3_dqs_n[7]' to site 'IOB_X0Y57'
Info:     Tile 'LIOB33_X0Y57'
Info: Generating input buffer for '$iopadmap$ypcb_00338_1p1_ddr3.clk50'
Info: Generating output buffer for '$iopadmap$ypcb_00338_1p1_ddr3.ddr3_cas_n'
Info: Generating output buffer for '$iopadmap$ypcb_00338_1p1_ddr3.ddr3_cke'
Info: Generating output buffer for '$iopadmap$ypcb_00338_1p1_ddr3.ddr3_cs_n'
Info: Generating output buffer for '$iopadmap$ypcb_00338_1p1_ddr3.ddr3_odt'
Info: Generating output buffer for '$iopadmap$ypcb_00338_1p1_ddr3.ddr3_ras_n'
Info: Generating output buffer for '$iopadmap$ypcb_00338_1p1_ddr3.ddr3_reset_n'
Info: Generating output buffer for '$iopadmap$ypcb_00338_1p1_ddr3.ddr3_we_n'
Info: Generating input buffer for '$iopadmap$ypcb_00338_1p1_ddr3.rst_n'
Info: Generating output buffer for '$iopadmap$ypcb_00338_1p1_ddr3.ddr3_addr'
Info: Generating output buffer for '$iopadmap$ypcb_00338_1p1_ddr3.ddr3_addr_1'
Info: Generating output buffer for '$iopadmap$ypcb_00338_1p1_ddr3.ddr3_addr_10'
Info: Generating output buffer for '$iopadmap$ypcb_00338_1p1_ddr3.ddr3_addr_11'
Info: Generating output buffer for '$iopadmap$ypcb_00338_1p1_ddr3.ddr3_addr_12'
Info: Generating output buffer for '$iopadmap$ypcb_00338_1p1_ddr3.ddr3_addr_13'
Info: Generating output buffer for '$iopadmap$ypcb_00338_1p1_ddr3.ddr3_addr_14'
Info: Generating output buffer for '$iopadmap$ypcb_00338_1p1_ddr3.ddr3_addr_2'
Info: Generating output buffer for '$iopadmap$ypcb_00338_1p1_ddr3.ddr3_addr_3'
Info: Generating output buffer for '$iopadmap$ypcb_00338_1p1_ddr3.ddr3_addr_4'
Info: Generating output buffer for '$iopadmap$ypcb_00338_1p1_ddr3.ddr3_addr_5'
Info: Generating output buffer for '$iopadmap$ypcb_00338_1p1_ddr3.ddr3_addr_6'
Info: Generating output buffer for '$iopadmap$ypcb_00338_1p1_ddr3.ddr3_addr_7'
Info: Generating output buffer for '$iopadmap$ypcb_00338_1p1_ddr3.ddr3_addr_8'
Info: Generating output buffer for '$iopadmap$ypcb_00338_1p1_ddr3.ddr3_addr_9'
Info: Generating output buffer for '$iopadmap$ypcb_00338_1p1_ddr3.ddr3_ba'
Info: Generating output buffer for '$iopadmap$ypcb_00338_1p1_ddr3.ddr3_ba_1'
Info: Generating output buffer for '$iopadmap$ypcb_00338_1p1_ddr3.ddr3_ba_2'
Info: Generating output buffer for '$iopadmap$ypcb_00338_1p1_ddr3.led'
Info: Generating output buffer for '$iopadmap$ypcb_00338_1p1_ddr3.led_1'
Info: Generating output buffer for '$iopadmap$ypcb_00338_1p1_ddr3.led_2'
Info: Generating input buffer for 'ddr3_top.ddr3_phy_inst.genblk5[0].genblk1.IOBUF_data'
Info: Generating output buffer for 'ddr3_top.ddr3_phy_inst.genblk5[0].genblk1.IOBUF_data'
Info: Generating input buffer for 'ddr3_top.ddr3_phy_inst.genblk5[10].genblk1.IOBUF_data'
Info: Generating output buffer for 'ddr3_top.ddr3_phy_inst.genblk5[10].genblk1.IOBUF_data'
Info: Generating input buffer for 'ddr3_top.ddr3_phy_inst.genblk5[11].genblk1.IOBUF_data'
Info: Generating output buffer for 'ddr3_top.ddr3_phy_inst.genblk5[11].genblk1.IOBUF_data'
Info: Generating input buffer for 'ddr3_top.ddr3_phy_inst.genblk5[12].genblk1.IOBUF_data'
Info: Generating output buffer for 'ddr3_top.ddr3_phy_inst.genblk5[12].genblk1.IOBUF_data'
Info: Generating input buffer for 'ddr3_top.ddr3_phy_inst.genblk5[13].genblk1.IOBUF_data'
Info: Generating output buffer for 'ddr3_top.ddr3_phy_inst.genblk5[13].genblk1.IOBUF_data'
Info: Generating input buffer for 'ddr3_top.ddr3_phy_inst.genblk5[14].genblk1.IOBUF_data'
Info: Generating output buffer for 'ddr3_top.ddr3_phy_inst.genblk5[14].genblk1.IOBUF_data'
Info: Generating input buffer for 'ddr3_top.ddr3_phy_inst.genblk5[15].genblk1.IOBUF_data'
Info: Generating output buffer for 'ddr3_top.ddr3_phy_inst.genblk5[15].genblk1.IOBUF_data'
Info: Generating input buffer for 'ddr3_top.ddr3_phy_inst.genblk5[16].genblk1.IOBUF_data'
Info: Generating output buffer for 'ddr3_top.ddr3_phy_inst.genblk5[16].genblk1.IOBUF_data'
Info: Generating input buffer for 'ddr3_top.ddr3_phy_inst.genblk5[17].genblk1.IOBUF_data'
Info: Generating output buffer for 'ddr3_top.ddr3_phy_inst.genblk5[17].genblk1.IOBUF_data'
Info: Generating input buffer for 'ddr3_top.ddr3_phy_inst.genblk5[18].genblk1.IOBUF_data'
Info: Generating output buffer for 'ddr3_top.ddr3_phy_inst.genblk5[18].genblk1.IOBUF_data'
Info: Generating input buffer for 'ddr3_top.ddr3_phy_inst.genblk5[19].genblk1.IOBUF_data'
Info: Generating output buffer for 'ddr3_top.ddr3_phy_inst.genblk5[19].genblk1.IOBUF_data'
Info: Generating input buffer for 'ddr3_top.ddr3_phy_inst.genblk5[1].genblk1.IOBUF_data'
Info: Generating output buffer for 'ddr3_top.ddr3_phy_inst.genblk5[1].genblk1.IOBUF_data'
Info: Generating input buffer for 'ddr3_top.ddr3_phy_inst.genblk5[20].genblk1.IOBUF_data'
Info: Generating output buffer for 'ddr3_top.ddr3_phy_inst.genblk5[20].genblk1.IOBUF_data'
Info: Generating input buffer for 'ddr3_top.ddr3_phy_inst.genblk5[21].genblk1.IOBUF_data'
Info: Generating output buffer for 'ddr3_top.ddr3_phy_inst.genblk5[21].genblk1.IOBUF_data'
Info: Generating input buffer for 'ddr3_top.ddr3_phy_inst.genblk5[22].genblk1.IOBUF_data'
Info: Generating output buffer for 'ddr3_top.ddr3_phy_inst.genblk5[22].genblk1.IOBUF_data'
Info: Generating input buffer for 'ddr3_top.ddr3_phy_inst.genblk5[23].genblk1.IOBUF_data'
Info: Generating output buffer for 'ddr3_top.ddr3_phy_inst.genblk5[23].genblk1.IOBUF_data'
Info: Generating input buffer for 'ddr3_top.ddr3_phy_inst.genblk5[24].genblk1.IOBUF_data'
Info: Generating output buffer for 'ddr3_top.ddr3_phy_inst.genblk5[24].genblk1.IOBUF_data'
Info: Generating input buffer for 'ddr3_top.ddr3_phy_inst.genblk5[25].genblk1.IOBUF_data'
Info: Generating output buffer for 'ddr3_top.ddr3_phy_inst.genblk5[25].genblk1.IOBUF_data'
Info: Generating input buffer for 'ddr3_top.ddr3_phy_inst.genblk5[26].genblk1.IOBUF_data'
Info: Generating output buffer for 'ddr3_top.ddr3_phy_inst.genblk5[26].genblk1.IOBUF_data'
Info: Generating input buffer for 'ddr3_top.ddr3_phy_inst.genblk5[27].genblk1.IOBUF_data'
Info: Generating output buffer for 'ddr3_top.ddr3_phy_inst.genblk5[27].genblk1.IOBUF_data'
Info: Generating input buffer for 'ddr3_top.ddr3_phy_inst.genblk5[28].genblk1.IOBUF_data'
Info: Generating output buffer for 'ddr3_top.ddr3_phy_inst.genblk5[28].genblk1.IOBUF_data'
Info: Generating input buffer for 'ddr3_top.ddr3_phy_inst.genblk5[29].genblk1.IOBUF_data'
Info: Generating output buffer for 'ddr3_top.ddr3_phy_inst.genblk5[29].genblk1.IOBUF_data'
Info: Generating input buffer for 'ddr3_top.ddr3_phy_inst.genblk5[2].genblk1.IOBUF_data'
Info: Generating output buffer for 'ddr3_top.ddr3_phy_inst.genblk5[2].genblk1.IOBUF_data'
Info: Generating input buffer for 'ddr3_top.ddr3_phy_inst.genblk5[30].genblk1.IOBUF_data'
Info: Generating output buffer for 'ddr3_top.ddr3_phy_inst.genblk5[30].genblk1.IOBUF_data'
Info: Generating input buffer for 'ddr3_top.ddr3_phy_inst.genblk5[31].genblk1.IOBUF_data'
Info: Generating output buffer for 'ddr3_top.ddr3_phy_inst.genblk5[31].genblk1.IOBUF_data'
Info: Generating input buffer for 'ddr3_top.ddr3_phy_inst.genblk5[32].genblk1.IOBUF_data'
Info: Generating output buffer for 'ddr3_top.ddr3_phy_inst.genblk5[32].genblk1.IOBUF_data'
Info: Generating input buffer for 'ddr3_top.ddr3_phy_inst.genblk5[33].genblk1.IOBUF_data'
Info: Generating output buffer for 'ddr3_top.ddr3_phy_inst.genblk5[33].genblk1.IOBUF_data'
Info: Generating input buffer for 'ddr3_top.ddr3_phy_inst.genblk5[34].genblk1.IOBUF_data'
Info: Generating output buffer for 'ddr3_top.ddr3_phy_inst.genblk5[34].genblk1.IOBUF_data'
Info: Generating input buffer for 'ddr3_top.ddr3_phy_inst.genblk5[35].genblk1.IOBUF_data'
Info: Generating output buffer for 'ddr3_top.ddr3_phy_inst.genblk5[35].genblk1.IOBUF_data'
Info: Generating input buffer for 'ddr3_top.ddr3_phy_inst.genblk5[36].genblk1.IOBUF_data'
Info: Generating output buffer for 'ddr3_top.ddr3_phy_inst.genblk5[36].genblk1.IOBUF_data'
Info: Generating input buffer for 'ddr3_top.ddr3_phy_inst.genblk5[37].genblk1.IOBUF_data'
Info: Generating output buffer for 'ddr3_top.ddr3_phy_inst.genblk5[37].genblk1.IOBUF_data'
Info: Generating input buffer for 'ddr3_top.ddr3_phy_inst.genblk5[38].genblk1.IOBUF_data'
Info: Generating output buffer for 'ddr3_top.ddr3_phy_inst.genblk5[38].genblk1.IOBUF_data'
Info: Generating input buffer for 'ddr3_top.ddr3_phy_inst.genblk5[39].genblk1.IOBUF_data'
Info: Generating output buffer for 'ddr3_top.ddr3_phy_inst.genblk5[39].genblk1.IOBUF_data'
Info: Generating input buffer for 'ddr3_top.ddr3_phy_inst.genblk5[3].genblk1.IOBUF_data'
Info: Generating output buffer for 'ddr3_top.ddr3_phy_inst.genblk5[3].genblk1.IOBUF_data'
Info: Generating input buffer for 'ddr3_top.ddr3_phy_inst.genblk5[40].genblk1.IOBUF_data'
Info: Generating output buffer for 'ddr3_top.ddr3_phy_inst.genblk5[40].genblk1.IOBUF_data'
Info: Generating input buffer for 'ddr3_top.ddr3_phy_inst.genblk5[41].genblk1.IOBUF_data'
Info: Generating output buffer for 'ddr3_top.ddr3_phy_inst.genblk5[41].genblk1.IOBUF_data'
Info: Generating input buffer for 'ddr3_top.ddr3_phy_inst.genblk5[42].genblk1.IOBUF_data'
Info: Generating output buffer for 'ddr3_top.ddr3_phy_inst.genblk5[42].genblk1.IOBUF_data'
Info: Generating input buffer for 'ddr3_top.ddr3_phy_inst.genblk5[43].genblk1.IOBUF_data'
Info: Generating output buffer for 'ddr3_top.ddr3_phy_inst.genblk5[43].genblk1.IOBUF_data'
Info: Generating input buffer for 'ddr3_top.ddr3_phy_inst.genblk5[44].genblk1.IOBUF_data'
Info: Generating output buffer for 'ddr3_top.ddr3_phy_inst.genblk5[44].genblk1.IOBUF_data'
Info: Generating input buffer for 'ddr3_top.ddr3_phy_inst.genblk5[45].genblk1.IOBUF_data'
Info: Generating output buffer for 'ddr3_top.ddr3_phy_inst.genblk5[45].genblk1.IOBUF_data'
Info: Generating input buffer for 'ddr3_top.ddr3_phy_inst.genblk5[46].genblk1.IOBUF_data'
Info: Generating output buffer for 'ddr3_top.ddr3_phy_inst.genblk5[46].genblk1.IOBUF_data'
Info: Generating input buffer for 'ddr3_top.ddr3_phy_inst.genblk5[47].genblk1.IOBUF_data'
Info: Generating output buffer for 'ddr3_top.ddr3_phy_inst.genblk5[47].genblk1.IOBUF_data'
Info: Generating input buffer for 'ddr3_top.ddr3_phy_inst.genblk5[48].genblk1.IOBUF_data'
Info: Generating output buffer for 'ddr3_top.ddr3_phy_inst.genblk5[48].genblk1.IOBUF_data'
Info: Generating input buffer for 'ddr3_top.ddr3_phy_inst.genblk5[49].genblk1.IOBUF_data'
Info: Generating output buffer for 'ddr3_top.ddr3_phy_inst.genblk5[49].genblk1.IOBUF_data'
Info: Generating input buffer for 'ddr3_top.ddr3_phy_inst.genblk5[4].genblk1.IOBUF_data'
Info: Generating output buffer for 'ddr3_top.ddr3_phy_inst.genblk5[4].genblk1.IOBUF_data'
Info: Generating input buffer for 'ddr3_top.ddr3_phy_inst.genblk5[50].genblk1.IOBUF_data'
Info: Generating output buffer for 'ddr3_top.ddr3_phy_inst.genblk5[50].genblk1.IOBUF_data'
Info: Generating input buffer for 'ddr3_top.ddr3_phy_inst.genblk5[51].genblk1.IOBUF_data'
Info: Generating output buffer for 'ddr3_top.ddr3_phy_inst.genblk5[51].genblk1.IOBUF_data'
Info: Generating input buffer for 'ddr3_top.ddr3_phy_inst.genblk5[52].genblk1.IOBUF_data'
Info: Generating output buffer for 'ddr3_top.ddr3_phy_inst.genblk5[52].genblk1.IOBUF_data'
Info: Generating input buffer for 'ddr3_top.ddr3_phy_inst.genblk5[53].genblk1.IOBUF_data'
Info: Generating output buffer for 'ddr3_top.ddr3_phy_inst.genblk5[53].genblk1.IOBUF_data'
Info: Generating input buffer for 'ddr3_top.ddr3_phy_inst.genblk5[54].genblk1.IOBUF_data'
Info: Generating output buffer for 'ddr3_top.ddr3_phy_inst.genblk5[54].genblk1.IOBUF_data'
Info: Generating input buffer for 'ddr3_top.ddr3_phy_inst.genblk5[55].genblk1.IOBUF_data'
Info: Generating output buffer for 'ddr3_top.ddr3_phy_inst.genblk5[55].genblk1.IOBUF_data'
Info: Generating input buffer for 'ddr3_top.ddr3_phy_inst.genblk5[56].genblk1.IOBUF_data'
Info: Generating output buffer for 'ddr3_top.ddr3_phy_inst.genblk5[56].genblk1.IOBUF_data'
Info: Generating input buffer for 'ddr3_top.ddr3_phy_inst.genblk5[57].genblk1.IOBUF_data'
Info: Generating output buffer for 'ddr3_top.ddr3_phy_inst.genblk5[57].genblk1.IOBUF_data'
Info: Generating input buffer for 'ddr3_top.ddr3_phy_inst.genblk5[58].genblk1.IOBUF_data'
Info: Generating output buffer for 'ddr3_top.ddr3_phy_inst.genblk5[58].genblk1.IOBUF_data'
Info: Generating input buffer for 'ddr3_top.ddr3_phy_inst.genblk5[59].genblk1.IOBUF_data'
Info: Generating output buffer for 'ddr3_top.ddr3_phy_inst.genblk5[59].genblk1.IOBUF_data'
Info: Generating input buffer for 'ddr3_top.ddr3_phy_inst.genblk5[5].genblk1.IOBUF_data'
Info: Generating output buffer for 'ddr3_top.ddr3_phy_inst.genblk5[5].genblk1.IOBUF_data'
Info: Generating input buffer for 'ddr3_top.ddr3_phy_inst.genblk5[60].genblk1.IOBUF_data'
Info: Generating output buffer for 'ddr3_top.ddr3_phy_inst.genblk5[60].genblk1.IOBUF_data'
Info: Generating input buffer for 'ddr3_top.ddr3_phy_inst.genblk5[61].genblk1.IOBUF_data'
Info: Generating output buffer for 'ddr3_top.ddr3_phy_inst.genblk5[61].genblk1.IOBUF_data'
Info: Generating input buffer for 'ddr3_top.ddr3_phy_inst.genblk5[62].genblk1.IOBUF_data'
Info: Generating output buffer for 'ddr3_top.ddr3_phy_inst.genblk5[62].genblk1.IOBUF_data'
Info: Generating input buffer for 'ddr3_top.ddr3_phy_inst.genblk5[63].genblk1.IOBUF_data'
Info: Generating output buffer for 'ddr3_top.ddr3_phy_inst.genblk5[63].genblk1.IOBUF_data'
Info: Generating input buffer for 'ddr3_top.ddr3_phy_inst.genblk5[6].genblk1.IOBUF_data'
Info: Generating output buffer for 'ddr3_top.ddr3_phy_inst.genblk5[6].genblk1.IOBUF_data'
Info: Generating input buffer for 'ddr3_top.ddr3_phy_inst.genblk5[7].genblk1.IOBUF_data'
Info: Generating output buffer for 'ddr3_top.ddr3_phy_inst.genblk5[7].genblk1.IOBUF_data'
Info: Generating input buffer for 'ddr3_top.ddr3_phy_inst.genblk5[8].genblk1.IOBUF_data'
Info: Generating output buffer for 'ddr3_top.ddr3_phy_inst.genblk5[8].genblk1.IOBUF_data'
Info: Generating input buffer for 'ddr3_top.ddr3_phy_inst.genblk5[9].genblk1.IOBUF_data'
Info: Generating output buffer for 'ddr3_top.ddr3_phy_inst.genblk5[9].genblk1.IOBUF_data'
Info:     Created 9 INVERTER cells from:
Info:              9x INV
Info:     Created 112 PAD cells from:
Info:            112x PAD
Info: Preparing clocking...
Info: Packing constants..
Info: Packing cfg...
Info:     Constraining 'jtag_debug_inst.bscan_inst' to site 'BSCAN_X0Y0/BSCAN'
Info: Packing PLLs...
Info:     Constrained PLLE2_ADV_PLLE2_ADV 'clk_wiz_inst.plle2_adv_inst' to bel 'PLLE2_ADV_X0Y3/PLLE2_ADV' based on dedicated routing
Info: Packing GTP Transceivers..
Info: Packing global buffers...
Info:     Constrained BUFGCTRL 'clk_wiz_inst.clkout1_buf' to bel 'BUFGCTRL_X0Y0/BUFGCTRL' based on dedicated routing
Info:     Constrained BUFGCTRL 'clk_wiz_inst.clkout2_buf' to bel 'BUFGCTRL_X0Y5/BUFGCTRL' based on dedicated routing
Info:     Constrained BUFGCTRL 'clk_wiz_inst.clkout3_buf' to bel 'BUFGCTRL_X0Y6/BUFGCTRL' based on dedicated routing
Info:     Constrained BUFGCTRL 'clk_wiz_inst.clkout4_buf' to bel 'BUFGCTRL_X0Y7/BUFGCTRL' based on dedicated routing
Info: Packing MUX[789]s..
Info: Packing carries..
Info:    Grouped 372 MUXCYs and 372 XORCYs into 76 chains.
Info:    Blasted 0 non-chain MUXCYs and 2 non-chain XORCYs to soft logic
Info: Packing LUTs..
Info:     Created 13188 SLICE_LUTX cells from:
Info:            817x LUT1
Info:            958x LUT2
Info:           4040x LUT3
Info:           1539x LUT4
Info:           4974x LUT5
Info:            860x LUT6
Info: Packing DRAM..
Info:    Transformed 0 tied-low DRAM address inputs to be tied-high
Info: Packing BRAM..
Info: Packing DSPs..
Info: Packing flipflops..
Info:     Created 10608 SLICE_FFX cells from:
Info:          10547x FDRE
Info:             61x FDSE
Info:     Created 5 SELMUX2_1 cells from:
Info:              5x MUXF7
Info: Constrained 4500 LUTFF pairs.

Info: Annotating ports with timing budgets for target frequency 83.33 MHz
Info: Checksum: 0xf87eb299

Info: Device utilisation:
Info: 	          SLICE_LUTX: 13188/597200     2%
Info: 	           SLICE_FFX: 10608/597200     1%
Info: 	              CARRY4:   125/74650     0%
Info: 	          PSEUDO_GND:     1/136359     0%
Info: 	          PSEUDO_VCC:     1/136359     0%
Info: 	               HARD0:     0/ 3168     0%
Info: 	            RAMB18E1:     0/ 1910     0%
Info: 	            FIFO18E1:     0/  955     0%
Info: 	        RAMBFIFO36E1:     0/  955     0%
Info: 	            RAMB36E1:     0/  955     0%
Info: 	             DSP48E1:     0/ 1920     0%
Info: 	                 PAD:   112/  784    14%
Info: 	       IOB33M_OUTBUF:     9/  192     4%
Info: 	       IOB33S_OUTBUF:     9/  192     4%
Info: 	        IOB33_OUTBUF:    92/  400    23%
Info: 	     IOB33M_INBUF_EN:     8/  192     4%
Info: 	     IOB33S_INBUF_EN:     0/  192     0%
Info: 	      IOB33_INBUF_EN:    66/  400    16%
Info: 	IOB33M_TERM_OVERRIDE:     0/  192     0%
Info: 	IOB33S_TERM_OVERRIDE:     0/  192     0%
Info: 	 IOB33_TERM_OVERRIDE:     0/  400     0%
Info: 	       PULL_OR_KEEP1:     0/  784     0%
Info: 	            IDELAYE2:    72/  400    18%
Info: 	        OLOGICE3_TFF:     0/  400     0%
Info: 	      OLOGICE3_OUTFF:     0/  400     0%
Info: 	       OLOGICE3_MISR:     0/  400     0%
Info: 	           OSERDESE2:    97/  400    24%
Info: 	        ILOGICE3_IFF:     0/  400     0%
Info: 	ILOGICE3_ZHOLD_DELAY:     0/  400     0%
Info: 	           ISERDESE2:    72/  400    18%
Info: 	               BUFIO:     0/   32     0%
Info: 	          IDELAYCTRL:     3/    8    37%
Info: 	            BUFGCTRL:     5/   32    15%
Info: 	               BSCAN:     1/    4    25%
Info: 	                BUFG:     0/   32     0%
Info: 	              BUFHCE:     0/  192     0%
Info: 	            DCIRESET:     0/    1     0%
Info: 	            DNA_PORT:     0/    1     0%
Info: 	           EFUSE_USR:     0/    1     0%
Info: 	           FRAME_ECC:     0/    1     0%
Info: 	                ICAP:     0/    2     0%
Info: 	            INVERTER:     9/  192     4%
Info: 	          MMCME2_ADV:     0/    8     0%
Info: 	        OLOGICE2_TFF:     0/  400     0%
Info: 	      OLOGICE2_OUTFF:     0/  400     0%
Info: 	           PLLE2_ADV:     1/    8    12%
Info: 	           SELMUX2_1:     5/225550     0%
Info: 	             STARTUP:     0/    1     0%
Info: 	          USR_ACCESS:     0/    1     0%
Info: 	        ILOGICE2_IFF:     0/  400     0%
Info: 	       OLOGICE2_MISR:     0/  400     0%

Info: Placed 555 cells based on constraints.
Info: Creating initial analytic placement for 18591 cells, random placement wirelen = 10096618.
Info:     at initial placer iter 0, wirelen = 125969
Info:     at initial placer iter 1, wirelen = 114499
Info:     at initial placer iter 2, wirelen = 111624
Info:     at initial placer iter 3, wirelen = 111527
Info: Running main analytical placer.
Info:     at iteration #1, type ALL: wirelen solved = 111136, spread = 537436, legal = 590807; time = 1.43s
Info:     at iteration #2, type ALL: wirelen solved = 181184, spread = 482809, legal = 574749; time = 2.09s
Info:     at iteration #3, type ALL: wirelen solved = 219374, spread = 422359, legal = 515936; time = 2.25s
Info:     at iteration #4, type ALL: wirelen solved = 249215, spread = 394668, legal = 495667; time = 2.16s
Info:     at iteration #5, type ALL: wirelen solved = 271819, spread = 369864, legal = 474081; time = 2.18s
Info:     at iteration #6, type ALL: wirelen solved = 288159, spread = 362324, legal = 461144; time = 1.86s
Info:     at iteration #7, type ALL: wirelen solved = 303453, spread = 357969, legal = 461267; time = 1.85s
Info:     at iteration #8, type ALL: wirelen solved = 311660, spread = 357588, legal = 453351; time = 1.86s
Info:     at iteration #9, type ALL: wirelen solved = 318840, spread = 363484, legal = 459680; time = 1.77s
Info:     at iteration #10, type ALL: wirelen solved = 329656, spread = 367258, legal = 457873; time = 1.70s
Info:     at iteration #11, type ALL: wirelen solved = 337954, spread = 371671, legal = 463673; time = 1.74s
Info:     at iteration #12, type ALL: wirelen solved = 347729, spread = 386956, legal = 479651; time = 1.97s
Info:     at iteration #13, type ALL: wirelen solved = 359059, spread = 388364, legal = 475098; time = 1.83s
Info: HeAP Placer Time: 28.03s
Info:   of which solving equations: 5.30s
Info:   of which spreading cells: 1.71s
Info:   of which strict legalisation: 18.50s

Info: Running simulated annealing placer for refinement.
Info:   at iteration #1: temp = 0.000000, timing cost = 1374, wirelen = 453351
Info:   at iteration #5: temp = 0.000000, timing cost = 1171, wirelen = 433585
Info:   at iteration #10: temp = 0.000000, timing cost = 858, wirelen = 429979
Info:   at iteration #15: temp = 0.000000, timing cost = 835, wirelen = 429172
Info:   at iteration #20: temp = 0.000000, timing cost = 833, wirelen = 428952
Info:   at iteration #25: temp = 0.000000, timing cost = 835, wirelen = 428860
Info:   at iteration #27: temp = 0.000000, timing cost = 833, wirelen = 428839 
Info: SA placement time 30.59s

Info: Max frequency for clock 'jtag_debug_inst.tck': 250.00 MHz (PASS at 83.33 MHz)
Info: Max frequency for clock    'i_controller_clk': 61.52 MHz (FAIL at 83.33 MHz)

Info: Max delay posedge i_controller_clk -> posedge jtag_debug_inst.tck: 7.74 ns

Info: Slack histogram:
Info:  legend: * represents 49 endpoint(s)
Info:          + represents [1,49) endpoint(s)
Info: [ -4255,  -3452) |+
Info: [ -3452,  -2649) |+
Info: [ -2649,  -1846) |**+
Info: [ -1846,  -1043) |*+
Info: [ -1043,   -240) |+
Info: [  -240,    563) |**+
Info: [   563,   1366) |****+
Info: [  1366,   2169) |**********+
Info: [  2169,   2972) |************+
Info: [  2972,   3775) |*******************+
Info: [  3775,   4578) |**********************+
Info: [  4578,   5381) |*****************+
Info: [  5381,   6184) |*********************+
Info: [  6184,   6987) |*************+
Info: [  6987,   7790) |**********************+
Info: [  7790,   8593) |*********************************************+
Info: [  8593,   9396) |********************************************************+
Info: [  9396,  10199) |****************************************************+
Info: [ 10199,  11002) |**********************************************************+
Info: [ 11002,  11805) |************************************************************ 
Info: Checksum: 0x4d026417
Info: Running post-placement legalisation...
Info: Routing global clocks...
Info:     routing clock 'i_ddr3_clk'
Info:     routing clock 'jtag_debug_inst.tck'
Info:     routing clock 'i_controller_clk'
Info:     routing clock 'sys_clk'
Info:     routing clock 'clk_wiz_inst.clk_out1_clk_wiz_0'
Info:     routing clock 'clk_wiz_inst.clk_out2_clk_wiz_0'
Info:     routing clock 'clk_wiz_inst.clk_out3_clk_wiz_0'
Info:     routing clock 'i_ref_clk'
Info:     routing clock 'clk_wiz_inst.clk_out4_clk_wiz_0'
Info:     routing clock 'i_ddr3_clk_90'
Info: Running router2...
Info: Setting up routing resources...
Info: Running main router loop...
Info:     iter=1 wires=438687 overused=22602 overuse=24666 archfail=NA
Info:     iter=2 wires=461380 overused=1735 overuse=1739 archfail=NA
Info:     iter=3 wires=463457 overused=122 overuse=122 archfail=NA
Info:     iter=4 wires=463636 overused=14 overuse=14 archfail=NA
Info:     iter=5 wires=463674 overused=4 overuse=4 archfail=NA
Info:     iter=6 wires=463675 overused=1 overuse=1 archfail=NA
Info:     iter=7 wires=463675 overused=0 overuse=0 archfail=0
Info: 1000 slowest nets by runtime:
                                                                          ddr3_top.reset   7111 2366.9ms
                                             ddr3_top.ddr3_controller_inst.stage2_update    538 1401.6ms
                                                                         $PACKER_GND_NET   2819 1300.6ms
        $techmap509841$abc$496869$lut$auto$opt_dff.cc:251:make_patterns_logic$32398.A[4]    620 1251.3ms
        $techmap499504$abc$496869$lut\ddr3_top.ddr3_controller_inst.stage1_next_bank_d[2].A[3]    557 1250.4ms
                                             ddr3_top.ddr3_controller_inst.debug_lane[0]    422 1157.0ms
                                    $abc$496869$auto$opt_dff.cc:275:combine_resets$31927    540 1122.1ms
                                                                   jtag_debug_inst.reset    955 1012.1ms
                            $techmap499177$auto$abc9_ops.cc:1612:reintegrate$499098.A[3]    103 999.1ms
                            $techmap499564$auto$abc9_ops.cc:1612:reintegrate$498932.A[1]    161 880.4ms
                            $techmap499739$auto$abc9_ops.cc:1612:reintegrate$498900.A[0]    960 846.7ms
                                             ddr3_top.ddr3_controller_inst.debug_lane[1]    170 738.5ms
                                             ddr3_top.ddr3_controller_inst.index_wb_data    513 710.1ms
                            $techmap499739$auto$abc9_ops.cc:1612:reintegrate$498900.A[1]    955 699.2ms
                                             ddr3_top.ddr3_controller_inst.debug_lane[2]    164 681.9ms
                            $techmap499177$auto$abc9_ops.cc:1612:reintegrate$499098.A[2]     98 665.7ms
                            $techmap499181$auto$abc9_ops.cc:1612:reintegrate$499097.A[3]     96 657.7ms
                               $abc$496869$auto$opt_dff.cc:251:make_patterns_logic$32075    514 643.3ms
                            $techmap499242$auto$abc9_ops.cc:1612:reintegrate$499082.A[2]    194 642.5ms
                            $techmap503963$auto$abc9_ops.cc:1612:reintegrate$498026.A[1]     72 625.6ms
                                    $techmap499175$abc$496869$lut$aiger496868$18537.A[3]    109 577.7ms
                               $abc$496869$auto$opt_dff.cc:251:make_patterns_logic$32047    513 568.7ms
                            $techmap499200$auto$abc9_ops.cc:1612:reintegrate$499092.A[3]    158 534.9ms
                            $techmap503577$auto$abc9_ops.cc:1612:reintegrate$498129.A[3]     47 515.8ms
                            $techmap505956$auto$abc9_ops.cc:1612:reintegrate$497669.A[1]     91 506.5ms
                            $techmap508369$auto$abc9_ops.cc:1612:reintegrate$497017.A[0]     61 503.9ms
                            $techmap499219$auto$abc9_ops.cc:1612:reintegrate$499087.A[2]     92 493.6ms
                            $techmap508405$auto$abc9_ops.cc:1612:reintegrate$496988.A[3]     77 452.8ms
                                    $techmap508918$abc$496869$lut$aiger496868$23794.A[2]     58 412.9ms
                                                ddr3_top.ddr3_controller_inst.late_dq[7]    193 370.7ms
                                                ddr3_top.ddr3_controller_inst.late_dq[5]    193 351.8ms
                                    ddr3_top.ddr3_controller_inst.data_start_index[7][1]    168 351.4ms
                                    ddr3_top.ddr3_controller_inst.data_start_index[7][2]    147 347.8ms
                            $techmap506352$auto$abc9_ops.cc:1612:reintegrate$497621.A[0]     66 335.9ms
        $flatten\ddr3_top.\ddr3_controller_inst.$shiftx$../../rtl/ddr3_controller.v:2230$9820.Y     64 333.2ms
                                    ddr3_top.ddr3_controller_inst.data_start_index[5][1]    169 332.3ms
                                    ddr3_top.ddr3_controller_inst.data_start_index[3][1]    168 329.9ms
        $flatten\ddr3_top.\ddr3_controller_inst.$shiftx$../../rtl/ddr3_controller.v:2230$9812.Y     64 322.2ms
        $flatten\ddr3_top.\ddr3_controller_inst.$shiftx$../../rtl/ddr3_controller.v:2253$9856.Y     64 321.9ms
        $flatten\ddr3_top.\ddr3_controller_inst.$shiftx$../../rtl/ddr3_controller.v:2253$9824.Y     64 316.7ms
                                    ddr3_top.ddr3_controller_inst.data_start_index[3][2]    148 311.5ms
                                    ddr3_top.ddr3_controller_inst.data_start_index[7][4]    195 307.7ms
                                    ddr3_top.ddr3_controller_inst.data_start_index[5][3]    157 307.4ms
                             ddr3_top.ddr3_controller_inst.check_test_address_counter[4]     42 304.3ms
                                    ddr3_top.ddr3_controller_inst.data_start_index[2][2]    147 295.6ms
                                    ddr3_top.ddr3_controller_inst.data_start_index[5][4]    199 294.6ms
                            $techmap499622$auto$abc9_ops.cc:1612:reintegrate$498921.A[3]     91 292.1ms
                                    ddr3_top.ddr3_controller_inst.data_start_index[3][4]    196 292.1ms
                            $techmap499418$auto$abc9_ops.cc:1612:reintegrate$499003.A[0]     90 283.8ms
                                    ddr3_top.ddr3_controller_inst.data_start_index[5][2]    148 282.7ms
                                    ddr3_top.ddr3_controller_inst.data_start_index[1][1]    166 282.5ms
                                    ddr3_top.ddr3_controller_inst.data_start_index[2][3]    156 276.8ms
                                    ddr3_top.ddr3_controller_inst.data_start_index[7][0]    108 275.7ms
                                    ddr3_top.ddr3_controller_inst.data_start_index[2][1]    166 273.6ms
                                    ddr3_top.ddr3_controller_inst.data_start_index[6][3]    156 268.9ms
                                    ddr3_top.ddr3_controller_inst.data_start_index[2][4]    196 266.5ms
                                    ddr3_top.ddr3_controller_inst.data_start_index[2][0]    108 266.5ms
                             ddr3_top.ddr3_controller_inst.check_test_address_counter[6]     41 264.0ms
        $flatten\ddr3_top.\ddr3_controller_inst.$shiftx$../../rtl/ddr3_controller.v:2253$9816.Y     64 263.6ms
                                    ddr3_top.ddr3_controller_inst.data_start_index[6][0]    108 260.8ms
                                    ddr3_top.ddr3_controller_inst.data_start_index[6][4]    194 257.3ms
        $flatten\ddr3_top.\ddr3_controller_inst.$shiftx$../../rtl/ddr3_controller.v:2253$9832.Y     64 256.9ms
                             ddr3_top.ddr3_controller_inst.check_test_address_counter[5]     52 256.7ms
        $flatten\ddr3_top.\ddr3_controller_inst.$shiftx$../../rtl/ddr3_controller.v:2253$9840.Y     64 255.1ms
                            $techmap499736$auto$abc9_ops.cc:1612:reintegrate$498901.A[3]     71 255.0ms
                                    ddr3_top.ddr3_controller_inst.data_start_index[1][2]    147 253.7ms
                            $techmap500814$auto$abc9_ops.cc:1612:reintegrate$498874.A[1]     46 250.3ms
                                    ddr3_top.ddr3_controller_inst.data_start_index[5][5]     98 249.8ms
                                    ddr3_top.ddr3_controller_inst.data_start_index[4][3]    157 248.7ms
                             ddr3_top.ddr3_controller_inst.check_test_address_counter[0]     47 247.3ms
                            $techmap501402$auto$abc9_ops.cc:1612:reintegrate$498730.A[1]     71 246.5ms
                                                      ddr3_top.idelay_data_cntvaluein[4]     68 243.8ms
                                    ddr3_top.ddr3_controller_inst.data_start_index[6][5]    101 243.1ms
                                                ddr3_top.ddr3_controller_inst.late_dq[2]    193 242.8ms
                                    ddr3_top.ddr3_controller_inst.data_start_index[0][3]    155 238.8ms
                                    ddr3_top.ddr3_controller_inst.data_start_index[7][5]     97 238.3ms
        $flatten\ddr3_top.\ddr3_controller_inst.$shiftx$../../rtl/ddr3_controller.v:2230$9852.Y     64 235.0ms
                            $techmap499726$auto$abc9_ops.cc:1612:reintegrate$498902.A[0]     68 232.6ms
                                                ddr3_top.ddr3_controller_inst.late_dq[6]    189 229.2ms
                                    ddr3_top.ddr3_controller_inst.data_start_index[7][3]    156 223.7ms
        $flatten\ddr3_top.\ddr3_controller_inst.$shiftx$../../rtl/ddr3_controller.v:2230$9804.Y     64 221.6ms
                                                      ddr3_top.idelay_data_cntvaluein[0]     65 221.3ms
                                                ddr3_top.ddr3_controller_inst.late_dq[3]    185 220.8ms
                                    ddr3_top.ddr3_controller_inst.data_start_index[0][1]    166 219.0ms
                                    ddr3_top.ddr3_controller_inst.data_start_index[1][3]    155 213.6ms
                            $techmap499877$auto$abc9_ops.cc:1612:reintegrate$498891.A[3]     86 211.9ms
                                     ddr3_top.ddr3_controller_inst.stage1_next_bank_d[1]     42 209.1ms
                            $techmap499759$auto$abc9_ops.cc:1612:reintegrate$498898.A[3]     82 209.0ms
        $flatten\ddr3_top.\ddr3_controller_inst.$shiftx$../../rtl/ddr3_controller.v:2230$9836.Y     64 207.1ms
                                    ddr3_top.ddr3_controller_inst.data_start_index[4][1]    171 207.0ms
                                    ddr3_top.ddr3_controller_inst.data_start_index[6][6]     93 204.8ms
                                          ddr3_top.ddr3_controller_inst.stage2_bank_d[1]     59 201.7ms
                                                ddr3_top.ddr3_controller_inst.late_dq[0]    191 201.5ms
                                    ddr3_top.ddr3_controller_inst.data_start_index[4][2]    148 200.9ms
                            $techmap505286$auto$abc9_ops.cc:1612:reintegrate$497733.A[1]     46 200.8ms
                                                                         $PACKER_VCC_NET   9203 200.3ms
                                    ddr3_top.ddr3_controller_inst.data_start_index[1][6]     98 200.2ms
                                    $techmap500675$abc$496869$lut$aiger496868$22640.A[1]     42 198.6ms
                                            ddr3_top.ddr3_controller_inst.stage1_bank[1]     69 198.2ms
                            $techmap508176$auto$abc9_ops.cc:1612:reintegrate$497127.A[0]     46 198.0ms
        $flatten\ddr3_top.\ddr3_controller_inst.$shiftx$../../rtl/ddr3_controller.v:2253$9864.Y     64 196.9ms
        $flatten\ddr3_top.\ddr3_controller_inst.$shiftx$../../rtl/ddr3_controller.v:2230$9860.Y     64 195.4ms
                                    ddr3_top.ddr3_controller_inst.data_start_index[0][5]     89 195.0ms
                                    ddr3_top.ddr3_controller_inst.data_start_index[3][3]    156 194.6ms
                                    ddr3_top.ddr3_controller_inst.data_start_index[2][5]    100 193.2ms
                            $techmap500814$auto$abc9_ops.cc:1612:reintegrate$498874.A[2]     46 192.1ms
                                    ddr3_top.ddr3_controller_inst.data_start_index[6][1]    169 186.1ms
                                    ddr3_top.ddr3_controller_inst.data_start_index[0][4]    196 186.1ms
                            $techmap505403$auto$abc9_ops.cc:1612:reintegrate$497722.A[1]     49 184.4ms
        $flatten\ddr3_top.\ddr3_controller_inst.$shiftx$../../rtl/ddr3_controller.v:2230$9844.Y     64 184.1ms
                             ddr3_top.ddr3_controller_inst.check_test_address_counter[1]     43 184.0ms
                                                                 ddr3_top.dq_tri_control     72 183.3ms
                                    ddr3_top.ddr3_controller_inst.data_start_index[5][0]    108 183.0ms
                                    ddr3_top.ddr3_controller_inst.data_start_index[3][6]     94 182.9ms
                                    ddr3_top.ddr3_controller_inst.data_start_index[7][6]     93 175.4ms
                            $techmap499714$auto$abc9_ops.cc:1612:reintegrate$498906.A[3]     73 172.7ms
                                            ddr3_top.ddr3_controller_inst.stage2_bank[2]     44 171.9ms
                            $techmap499749$auto$abc9_ops.cc:1612:reintegrate$498899.A[3]     73 171.6ms
                                    ddr3_top.ddr3_controller_inst.data_start_index[3][5]    101 170.8ms
                                    ddr3_top.ddr3_controller_inst.data_start_index[1][4]    196 167.9ms
                                                      ddr3_top.idelay_data_cntvaluein[1]     68 165.3ms
                                    ddr3_top.ddr3_controller_inst.data_start_index[2][6]     97 165.1ms
                                    ddr3_top.ddr3_controller_inst.data_start_index[3][0]    108 163.1ms
                                          ddr3_top.ddr3_controller_inst.stage2_bank_d[0]     63 162.2ms
        $flatten\ddr3_top.\ddr3_controller_inst.$shiftx$../../rtl/ddr3_controller.v:2253$9848.Y     64 161.4ms
                                                ddr3_top.ddr3_controller_inst.late_dq[1]    193 160.8ms
                                                      ddr3_top.idelay_data_cntvaluein[2]     68 158.9ms
                                                      ddr3_top.idelay_data_cntvaluein[3]     68 158.8ms
                            $techmap500997$auto$abc9_ops.cc:1612:reintegrate$498833.A[3]     71 157.7ms
                            $techmap501402$auto$abc9_ops.cc:1612:reintegrate$498730.A[0]     92 157.6ms
                                    ddr3_top.ddr3_controller_inst.data_start_index[1][5]    102 155.0ms
                                          ddr3_top.ddr3_controller_inst.write_pattern[0]    133 154.2ms
                                    ddr3_top.ddr3_controller_inst.data_start_index[6][2]    147 154.0ms
                                    ddr3_top.ddr3_controller_inst.data_start_index[0][0]    108 153.5ms
                                    ddr3_top.ddr3_controller_inst.data_start_index[4][4]    196 153.5ms
                            $techmap505320$auto$abc9_ops.cc:1612:reintegrate$497732.A[1]     48 152.2ms
                                                ddr3_top.ddr3_controller_inst.late_dq[4]    195 151.4ms
                                    ddr3_top.ddr3_controller_inst.data_start_index[4][5]     96 149.6ms
                                    ddr3_top.ddr3_controller_inst.data_start_index[4][0]    108 149.3ms
                                                         ddr3_top.ddr3_phy_inst.sync_rst    172 147.4ms
                            $techmap506458$auto$abc9_ops.cc:1612:reintegrate$497609.A[0]    116 146.5ms
                                    ddr3_top.ddr3_controller_inst.data_start_index[5][6]     96 145.2ms
                                    ddr3_top.ddr3_controller_inst.data_start_index[1][0]    108 145.0ms
                            $techmap504937$auto$abc9_ops.cc:1612:reintegrate$497797.A[1]     45 141.6ms
                            $techmap504787$auto$abc9_ops.cc:1612:reintegrate$497831.A[1]     49 137.9ms
        $flatten\ddr3_top.\ddr3_controller_inst.$shiftx$../../rtl/ddr3_controller.v:2253$9808.Y     64 134.9ms
                                            ddr3_top.ddr3_controller_inst.stage1_bank[0]     71 133.6ms
                                    ddr3_top.ddr3_controller_inst.data_start_index[0][2]    146 129.6ms
        $flatten\ddr3_top.\ddr3_controller_inst.$shiftx$../../rtl/ddr3_controller.v:2230$9828.Y     64 128.3ms
                            $techmap501002$auto$abc9_ops.cc:1612:reintegrate$498831.A[3]     71 124.5ms
                            $techmap505373$auto$abc9_ops.cc:1612:reintegrate$497723.A[2]     50 120.6ms
                                    ddr3_top.ddr3_controller_inst.data_start_index[0][6]     85 113.0ms
                                    ddr3_top.ddr3_controller_inst.data_start_index[4][6]     92 111.5ms
                            $techmap505349$auto$abc9_ops.cc:1612:reintegrate$497730.A[1]     52 108.3ms
                            $techmap505956$auto$abc9_ops.cc:1612:reintegrate$497669.A[0]     37 101.2ms
                            $techmap504521$auto$abc9_ops.cc:1612:reintegrate$497891.A[1]     36 96.7ms
                                    $techmap509440$abc$496869$lut$aiger496868$24425.A[2]     33 92.6ms
                                    $techmap501387$abc$496869$lut$aiger496868$27809.A[2]     84 90.5ms
                            $techmap507759$auto$abc9_ops.cc:1612:reintegrate$497274.A[0]    107 88.6ms
                                  ddr3_top.ddr3_controller_inst.debug_dqs_start_index[0]     47 83.9ms
                                                  $abc$496869$lut$aiger496868$43824.A[5]    101 83.1ms
                                    $techmap501387$abc$496869$lut$aiger496868$27809.A[4]     92 77.4ms
                            $techmap508414$auto$abc9_ops.cc:1612:reintegrate$496982.A[0]     40 76.1ms
                            $techmap499540$auto$abc9_ops.cc:1612:reintegrate$498938.A[1]     34 74.8ms
                                  ddr3_top.ddr3_controller_inst.write_by_byte_counter[5]     40 74.8ms
                            $techmap503577$auto$abc9_ops.cc:1612:reintegrate$498129.A[0]     40 66.7ms
                                  ddr3_top.ddr3_controller_inst.write_by_byte_counter[4]     40 63.6ms
                             ddr3_top.ddr3_controller_inst.check_test_address_counter[7]     40 62.9ms
                            $techmap508355$auto$abc9_ops.cc:1612:reintegrate$497027.A[1]     40 62.2ms
                                                              ddr3_top.iserdes_data[485]      4 61.9ms
                             ddr3_top.ddr3_controller_inst.check_test_address_counter[3]     34 59.4ms
                            $techmap502989$auto$abc9_ops.cc:1612:reintegrate$498287.A[0]     32 56.6ms
                            $techmap504692$auto$abc9_ops.cc:1612:reintegrate$497847.A[0]     29 54.7ms
                            $techmap502166$auto$abc9_ops.cc:1612:reintegrate$498521.A[0]     39 54.2ms
                                  ddr3_top.ddr3_controller_inst.write_by_byte_counter[3]     38 53.8ms
                            $techmap504745$auto$abc9_ops.cc:1612:reintegrate$497832.A[0]     35 51.3ms
                            $techmap505640$auto$abc9_ops.cc:1612:reintegrate$497695.A[1]     30 51.2ms
                                    $techmap508681$abc$496869$lut$aiger496868$44823.A[1]     32 51.0ms
                            $techmap505640$auto$abc9_ops.cc:1612:reintegrate$497695.A[0]     31 49.3ms
                                     ddr3_top.ddr3_controller_inst.stage1_next_bank_d[0]     38 49.3ms
                                    $techmap501620$abc$496869$lut$aiger496868$28829.A[0]     19 47.3ms
                                  ddr3_top.ddr3_controller_inst.write_by_byte_counter[2]     34 46.2ms
                            $techmap507230$auto$abc9_ops.cc:1612:reintegrate$497445.A[1]     30 46.0ms
                                  ddr3_top.ddr3_controller_inst.write_by_byte_counter[0]     29 46.0ms
                                    $techmap504276$abc$496869$lut$aiger496868$46914.A[2]     32 45.4ms
                                                  $abc$496869$lut$aiger496868$43824.A[3]     38 45.1ms
                            $techmap504181$auto$abc9_ops.cc:1612:reintegrate$497964.A[3]     31 44.7ms
                            $techmap505563$auto$abc9_ops.cc:1612:reintegrate$497702.A[0]     29 43.3ms
                                                  $abc$496869$lut$aiger496868$44216.A[1]     28 42.3ms
                            $techmap505857$auto$abc9_ops.cc:1612:reintegrate$497676.A[1]     28 42.3ms
                            $techmap506583$auto$abc9_ops.cc:1612:reintegrate$497581.A[3]     25 41.2ms
                            $techmap501085$auto$abc9_ops.cc:1612:reintegrate$498799.A[2]     33 40.8ms
                                    $techmap499167$abc$496869$lut$aiger496868$16568.A[1]     15 40.2ms
                            $techmap507293$auto$abc9_ops.cc:1612:reintegrate$497429.A[1]     30 40.0ms
                            $techmap504575$auto$abc9_ops.cc:1612:reintegrate$497878.A[3]     24 39.7ms
                            $techmap505605$auto$abc9_ops.cc:1612:reintegrate$497697.A[0]     28 39.7ms
                            $techmap505920$auto$abc9_ops.cc:1612:reintegrate$497673.A[1]     28 39.5ms
                            $techmap508192$auto$abc9_ops.cc:1612:reintegrate$497116.A[3]     17 39.5ms
                            $techmap500988$auto$abc9_ops.cc:1612:reintegrate$498835.A[2]     30 39.5ms
                            $techmap505514$auto$abc9_ops.cc:1612:reintegrate$497704.A[1]     27 39.1ms
                            $techmap503577$auto$abc9_ops.cc:1612:reintegrate$498129.A[2]     20 38.6ms
                                    $techmap508708$abc$496869$lut$aiger496868$27162.A[3]     32 38.1ms
                            $techmap507269$auto$abc9_ops.cc:1612:reintegrate$497436.A[1]     29 38.0ms
                             ddr3_top.ddr3_controller_inst.check_test_address_counter[2]     34 37.3ms
                                                              ddr3_top.iserdes_data[493]      4 37.1ms
                                                                      jtag_debug_data[0]     38 36.6ms
                            $techmap507287$auto$abc9_ops.cc:1612:reintegrate$497431.A[1]     28 36.5ms
                            $techmap507255$auto$abc9_ops.cc:1612:reintegrate$497440.A[1]     28 36.1ms
                            $techmap505695$auto$abc9_ops.cc:1612:reintegrate$497689.A[1]     29 35.9ms
                            $techmap507242$auto$abc9_ops.cc:1612:reintegrate$497443.A[1]     31 35.9ms
                            $techmap507743$auto$abc9_ops.cc:1612:reintegrate$497278.A[1]     28 35.9ms
                            $techmap505947$auto$abc9_ops.cc:1612:reintegrate$497671.A[1]     26 35.4ms
                            $techmap508370$auto$abc9_ops.cc:1612:reintegrate$497016.A[0]     21 34.9ms
                            $techmap505668$auto$abc9_ops.cc:1612:reintegrate$497693.A[1]     29 34.8ms
                            $techmap505695$auto$abc9_ops.cc:1612:reintegrate$497689.A[0]     29 34.6ms
                            $techmap499308$auto$abc9_ops.cc:1612:reintegrate$499067.A[4]     21 33.7ms
                                    $techmap504229$abc$496869$lut$aiger496868$46877.A[2]     31 33.5ms
                                    $techmap508717$abc$496869$lut$aiger496868$12661.A[3]     32 33.3ms
                            $techmap503963$auto$abc9_ops.cc:1612:reintegrate$498026.A[0]     14 33.0ms
                            $techmap499269$auto$abc9_ops.cc:1612:reintegrate$499073.A[2]     24 32.5ms
                                                              ddr3_top.iserdes_data[163]      4 32.0ms
        $abc$496869$flatten\ddr3_top.\ddr3_controller_inst.$2$lookahead\calib_data$9881[511:0]$10292[106]     17 31.9ms
                            $techmap505889$auto$abc9_ops.cc:1612:reintegrate$497675.A[1]     27 31.8ms
                            $techmap499263$auto$abc9_ops.cc:1612:reintegrate$499074.A[2]     33 31.4ms
                            $techmap503963$auto$abc9_ops.cc:1612:reintegrate$498026.A[3]     24 31.4ms
                            $techmap508346$auto$abc9_ops.cc:1612:reintegrate$497035.A[2]     18 31.3ms
                            $techmap501079$auto$abc9_ops.cc:1612:reintegrate$498801.A[5]     33 31.0ms
        $abc$496869$flatten\ddr3_top.\ddr3_controller_inst.$2$lookahead\calib_data$9881[511:0]$10292[110]     12 30.7ms
        $abc$496869$flatten\ddr3_top.\ddr3_phy_inst.$logic_not$../../rtl/ddr3_phy.v:1126$8156_Y     10 30.7ms
                            $techmap506261$auto$abc9_ops.cc:1612:reintegrate$497637.A[0]     13 30.4ms
                            $techmap501065$auto$abc9_ops.cc:1612:reintegrate$498811.A[3]     29 30.0ms
                                    $techmap508701$abc$496869$lut$aiger496868$47309.A[2]     32 29.8ms
                                    ddr3_top.ddr3_controller_inst.instruction_address[0]     24 29.7ms
                                    $techmap508779$abc$496869$lut$aiger496868$40740.A[2]     32 29.7ms
                            $techmap506053$auto$abc9_ops.cc:1612:reintegrate$497656.A[1]     26 29.3ms
                            $techmap504575$auto$abc9_ops.cc:1612:reintegrate$497878.A[0]     15 29.0ms
                                                              ddr3_top.iserdes_data[410]      4 28.6ms
                            $techmap505568$auto$abc9_ops.cc:1612:reintegrate$497701.A[0]     28 28.3ms
                                                              ddr3_top.iserdes_data[226]      4 28.1ms
                            $techmap505605$auto$abc9_ops.cc:1612:reintegrate$497697.A[1]     25 28.0ms
                                                       ddr3_top.idelay_dqs_cntvaluein[3]     11 27.5ms
                            $techmap505748$auto$abc9_ops.cc:1612:reintegrate$497681.A[1]     26 27.5ms
                            $techmap506273$auto$abc9_ops.cc:1612:reintegrate$497633.A[1]     25 27.5ms
                                                              ddr3_top.iserdes_data[303]      4 27.1ms
                            $techmap501426$auto$abc9_ops.cc:1612:reintegrate$498726.A[0]     16 26.9ms
                            $techmap505514$auto$abc9_ops.cc:1612:reintegrate$497704.A[0]     29 26.9ms
                            $techmap505668$auto$abc9_ops.cc:1612:reintegrate$497693.A[0]     30 26.9ms
                            $techmap507626$auto$abc9_ops.cc:1612:reintegrate$497317.A[1]     27 26.4ms
                                                                     ddr3_top.bitslip[0]     18 26.3ms
        $techmap509500$abc$496869$lut$auto$opt_dff.cc:251:make_patterns_logic$32423.A[3]     16 26.3ms
                            $techmap505563$auto$abc9_ops.cc:1612:reintegrate$497702.A[1]     28 26.2ms
                            $techmap507264$auto$abc9_ops.cc:1612:reintegrate$497437.A[1]     29 25.9ms
                            $techmap505534$auto$abc9_ops.cc:1612:reintegrate$497703.A[1]     25 25.8ms
                                                              ddr3_top.iserdes_data[455]      4 25.8ms
        $abc$496869$flatten\ddr3_top.\ddr3_phy_inst.$logic_and$../../rtl/ddr3_phy.v:1133$8169_Y     16 25.5ms
                                                              ddr3_top.iserdes_data[212]      4 24.8ms
                            $techmap499285$auto$abc9_ops.cc:1612:reintegrate$499071.A[4]     21 24.8ms
                                                              ddr3_top.iserdes_data[165]      4 24.8ms
                                           $abc$496869$auto$rtlil.cc:3492:NotGate$149430     13 24.7ms
                            $techmap501426$auto$abc9_ops.cc:1612:reintegrate$498726.A[2]     18 24.7ms
                                                              ddr3_top.iserdes_data[338]      4 24.4ms
                                    $techmap507650$abc$496869$lut$aiger496868$54956.A[1]     11 24.3ms
                                   ddr3_top.ddr3_controller_inst.delay_counter_is_zero_d     30 24.2ms
                            $techmap505774$auto$abc9_ops.cc:1612:reintegrate$497680.A[1]     25 24.2ms
                            $techmap499297$auto$abc9_ops.cc:1612:reintegrate$499069.A[3]     13 24.1ms
                                                              ddr3_top.iserdes_data[279]      4 24.1ms
                            $techmap499313$auto$abc9_ops.cc:1612:reintegrate$499066.A[4]     20 24.0ms
                                                              ddr3_top.iserdes_data[201]      4 23.9ms
                            $techmap499291$auto$abc9_ops.cc:1612:reintegrate$499070.A[4]     19 23.8ms
                                    $techmap505254$abc$496869$lut$aiger496868$51336.A[0]     16 23.7ms
                                             $abc$496869$auto$rtlil.cc:3390:Mux$33427[1]      8 23.7ms
                                                                ddr3_top.iserdes_data[4]      4 23.7ms
                                    $techmap505376$abc$496869$lut$aiger496868$51451.A[0]     17 23.7ms
                                                              ddr3_top.iserdes_data[142]      4 23.7ms
                                  ddr3_top.ddr3_controller_inst.write_by_byte_counter[1]     25 23.6ms
                            $techmap499437$auto$abc9_ops.cc:1612:reintegrate$498996.A[1]     16 23.5ms
                            $techmap505408$auto$abc9_ops.cc:1612:reintegrate$497721.A[1]     14 23.5ms
                            $techmap500821$auto$abc9_ops.cc:1612:reintegrate$498872.A[2]     22 23.3ms
                                            ddr3_top.ddr3_controller_inst.stage1_bank[2]     35 23.2ms
                                             $abc$496869$auto$rtlil.cc:3390:Mux$33427[6]      8 22.8ms
                                    ddr3_top.ddr3_controller_inst.instruction_address[4]     25 22.7ms
                                    ddr3_top.ddr3_controller_inst.instruction_address[2]     26 22.5ms
                                            $abc$496869$auto$wreduce.cc:514:run$32635[0]      8 22.5ms
                                      ddr3_top.ddr3_controller_inst.start_index_check[5]     34 22.4ms
                                                              ddr3_top.iserdes_data[102]      4 22.4ms
                            $techmap507706$auto$abc9_ops.cc:1612:reintegrate$497289.A[0]     14 22.3ms
                                                                          calib_complete     22 22.2ms
                                                       ddr3_top.idelay_dqs_cntvaluein[2]     11 22.1ms
                            $techmap499317$auto$abc9_ops.cc:1612:reintegrate$499065.A[3]     19 22.1ms
                            $techmap499279$auto$abc9_ops.cc:1612:reintegrate$499072.A[4]     21 22.0ms
                                    $techmap500673$abc$496869$lut$aiger496868$22634.A[2]     31 22.0ms
                                      ddr3_top.ddr3_controller_inst.start_index_check[4]     35 21.7ms
                            $techmap508032$auto$abc9_ops.cc:1612:reintegrate$497170.A[2]      8 21.5ms
                            $techmap505360$auto$abc9_ops.cc:1612:reintegrate$497727.A[1]     15 21.4ms
                                                              ddr3_top.iserdes_data[169]      4 21.3ms
        $techmap509613$abc$496869$lut$flatten\ddr3_top.\ddr3_controller_inst.$2$lookahead\calib_data$9881[511:0]$10292[48].A[4]     11 21.2ms
                                  ddr3_top.ddr3_controller_inst.debug_dqs_start_index[1]     33 21.1ms
                                                                              clk_locked     14 21.0ms
                            $techmap507808$auto$abc9_ops.cc:1612:reintegrate$497257.A[0]     27 21.0ms
                                                              ddr3_top.iserdes_data[227]      4 20.9ms
                                              ddr3_top.ddr3_controller_inst.stage2_do_wr     26 20.8ms
                                                              ddr3_top.iserdes_data[501]      4 20.8ms
                                                              ddr3_top.iserdes_data[105]      4 20.7ms
                                                              ddr3_top.iserdes_data[275]      4 20.5ms
                                                              ddr3_top.iserdes_data[428]      4 20.4ms
                                                               ddr3_top.iserdes_data[27]      4 20.2ms
                                    $techmap505289$abc$496869$lut$aiger496868$51357.A[0]     16 20.1ms
                                    ddr3_top.ddr3_controller_inst.instruction_address[3]     29 20.1ms
                            $techmap508223$auto$abc9_ops.cc:1612:reintegrate$497092.A[1]     18 20.0ms
                                                                      jtag_debug_data[4]     22 19.7ms
                            $techmap499297$auto$abc9_ops.cc:1612:reintegrate$499069.A[4]     19 19.6ms
                                            $abc$496869$auto$wreduce.cc:514:run$32639[0]      8 19.6ms
                                     ddr3_top.ddr3_controller_inst.stage1_next_bank_d[2]     20 19.6ms
                                          ddr3_top.ddr3_controller_inst.stage2_bank_d[2]     29 19.6ms
        $techmap499508$abc$496869$lut\ddr3_top.ddr3_controller_inst.bank_status_d[3].A[2]     23 19.5ms
                                                              ddr3_top.iserdes_data[438]      4 19.5ms
                                                              ddr3_top.idelay_data_ld[3]     10 19.5ms
                            $techmap505956$auto$abc9_ops.cc:1612:reintegrate$497669.A[2]     20 19.4ms
                                                              ddr3_top.iserdes_data[388]      4 19.4ms
                                                              ddr3_top.iserdes_data[315]      4 19.3ms
                            $techmap507826$auto$abc9_ops.cc:1612:reintegrate$497251.A[3]     10 19.3ms
                                                              ddr3_top.iserdes_data[177]      4 19.2ms
                                                              ddr3_top.idelay_data_ld[2]     10 19.2ms
                                          ddr3_top.ddr3_controller_inst.o_wb_stall_calib     14 19.2ms
                            $techmap508529$auto$abc9_ops.cc:1612:reintegrate$496885.A[3]      9 19.1ms
                                                              ddr3_top.iserdes_data[350]      4 19.0ms
                            $techmap499303$auto$abc9_ops.cc:1612:reintegrate$499068.A[2]     21 19.0ms
                                                                     jtag_debug_data[47]     14 18.8ms
                            $techmap499317$auto$abc9_ops.cc:1612:reintegrate$499065.A[4]     18 18.7ms
                                ddr3_top.ddr3_controller_inst.calib_data_randomized[114]     11 18.4ms
                                                              ddr3_top.iserdes_data[351]      4 18.2ms
                                                              ddr3_top.iserdes_data[193]      4 18.1ms
                                                              ddr3_top.iserdes_data[225]      4 18.1ms
                                            $abc$496869$auto$wreduce.cc:514:run$32635[1]      8 18.0ms
                                                              ddr3_top.iserdes_data[108]      4 18.0ms
                            $techmap505534$auto$abc9_ops.cc:1612:reintegrate$497703.A[0]     28 18.0ms
                                             $abc$496869$auto$rtlil.cc:3390:Mux$33427[0]      8 17.9ms
                                                                      jtag_debug_data[3]     22 17.9ms
                                    ddr3_top.ddr3_controller_inst.instruction_address[1]     24 17.9ms
                                                               ddr3_top.iserdes_data[44]      4 17.9ms
                                                              ddr3_top.iserdes_data[333]      4 17.8ms
                            $techmap499704$auto$abc9_ops.cc:1612:reintegrate$498910.A[3]     17 17.7ms
                                                              ddr3_top.iserdes_data[159]      4 17.7ms
                                                              ddr3_top.iserdes_data[222]      4 17.5ms
                                                              ddr3_top.iserdes_data[475]      4 17.5ms
                                                          jtag_debug_inst.shift_reg[863]      2 17.5ms
                                                              ddr3_top.iserdes_data[345]      4 17.4ms
                                                                        ddr3_top.cmd[96]     20 17.4ms
                                                              ddr3_top.iserdes_data[199]      4 17.4ms
                               $abc$496869$auto$opt_dff.cc:251:make_patterns_logic$32091     28 17.3ms
                                                              ddr3_top.iserdes_data[332]      4 17.3ms
                                           $abc$496869$auto$rtlil.cc:3492:NotGate$149808     13 17.3ms
                            $techmap508392$auto$abc9_ops.cc:1612:reintegrate$496996.A[3]      7 17.3ms
                            $techmap499336$auto$abc9_ops.cc:1612:reintegrate$499057.A[1]     13 17.3ms
                                       ddr3_top.ddr3_controller_inst.stage1_next_bank[2]     14 17.3ms
                                                              ddr3_top.iserdes_data[397]      4 17.2ms
                            $techmap506583$auto$abc9_ops.cc:1612:reintegrate$497581.A[1]     12 17.2ms
                                    $techmap499295$abc$496869$lut$aiger496868$14176.A[1]     12 17.2ms
                                                               ddr3_top.iserdes_data[48]      4 17.1ms
                                    $abc$496869$auto$opt_dff.cc:275:combine_resets$32461     21 17.1ms
                                                              ddr3_top.iserdes_data[237]      4 17.1ms
                                ddr3_top.ddr3_controller_inst.stage2_data_unaligned[470]     11 17.0ms
                                    $techmap508404$abc$496869$lut$aiger496868$44094.A[0]     23 17.0ms
                                                              ddr3_top.iserdes_data[347]      4 17.0ms
                                    $techmap499562$abc$496869$lut$aiger496868$16915.A[1]     18 17.0ms
                                    $techmap500115$abc$496869$lut$aiger496868$20479.A[1]      1 17.0ms
                                                              ddr3_top.iserdes_data[245]      4 17.0ms
                                    $techmap500278$abc$496869$lut$aiger496868$21068.A[2]      1 17.0ms
                                                              ddr3_top.iserdes_data[214]      4 16.9ms
                                                              ddr3_top.iserdes_data[346]      4 16.8ms
                                                              ddr3_top.iserdes_data[466]      4 16.7ms
                            $techmap499255$auto$abc9_ops.cc:1612:reintegrate$499076.A[1]     26 16.6ms
                                                              ddr3_top.iserdes_data[335]      4 16.5ms
                                                                      jtag_debug_data[2]     24 16.5ms
                            $techmap505429$auto$abc9_ops.cc:1612:reintegrate$497720.A[1]     14 16.5ms
                                           $abc$496869$auto$rtlil.cc:3492:NotGate$149934      9 16.4ms
                            $techmap508324$auto$abc9_ops.cc:1612:reintegrate$497053.A[1]      9 16.4ms
                                                              ddr3_top.iserdes_data[307]      4 16.4ms
                            $techmap499609$auto$abc9_ops.cc:1612:reintegrate$498924.A[2]     15 16.4ms
                                    $techmap507034$abc$496869$lut$aiger496868$53509.A[1]     13 16.4ms
                                                              ddr3_top.iserdes_data[470]      4 16.4ms
                                                              ddr3_top.iserdes_data[502]      4 16.4ms
                                            $abc$496869$auto$wreduce.cc:514:run$32635[2]      8 16.4ms
                                                              ddr3_top.iserdes_data[216]      4 16.3ms
        $abc$496869$flatten\ddr3_top.\ddr3_phy_inst.$logic_and$../../rtl/ddr3_phy.v:1131$8164_Y      8 16.2ms
                                                              ddr3_top.iserdes_data[356]      4 16.2ms
                                            ddr3_top.ddr3_controller_inst.stage2_pending     19 16.2ms
                                                              ddr3_top.iserdes_data[141]      4 16.2ms
                                                              ddr3_top.iserdes_data[393]      4 16.2ms
                                                              ddr3_top.iserdes_data[464]      4 16.2ms
                                                              ddr3_top.iserdes_data[476]      4 16.1ms
                                    $techmap505955$abc$496869$lut$aiger496868$52093.A[1]      5 16.1ms
                               $abc$496869$auto$opt_dff.cc:234:make_patterns_logic$34743     10 16.0ms
                                                              ddr3_top.iserdes_data[240]      4 16.0ms
                                                              ddr3_top.iserdes_data[387]      4 16.0ms
                                                              ddr3_top.iserdes_data[286]      4 15.9ms
                                                              ddr3_top.iserdes_data[328]      4 15.9ms
                            $techmap499564$auto$abc9_ops.cc:1612:reintegrate$498932.A[0]     10 15.9ms
                                                                ddr3_top.iserdes_data[9]      4 15.9ms
                             ddr3_top.ddr3_controller_inst.debug_selected_dqs_collect[5]      8 15.8ms
                                                              ddr3_top.iserdes_data[399]      4 15.8ms
                                                              ddr3_top.iserdes_data[365]      4 15.8ms
                            $techmap501149$auto$abc9_ops.cc:1612:reintegrate$498761.A[2]     21 15.8ms
                                                                      jtag_debug_data[1]     22 15.7ms
                                ddr3_top.ddr3_controller_inst.stage2_data_unaligned[272]      8 15.7ms
                                                              ddr3_top.iserdes_data[211]      4 15.7ms
                                                               ddr3_top.iserdes_data[22]      4 15.6ms
                                                                     ddr3_top.bitslip[6]     18 15.6ms
                                ddr3_top.ddr3_controller_inst.calib_data_randomized[123]     10 15.5ms
                                                                        i_controller_clk   8005 15.5ms
                                                              ddr3_top.iserdes_data[178]      4 15.4ms
                                                              ddr3_top.iserdes_data[369]      4 15.3ms
                                                               ddr3_top.iserdes_data[46]      4 15.2ms
                                ddr3_top.ddr3_controller_inst.calib_data_randomized[101]     10 15.2ms
                            $techmap504049$auto$abc9_ops.cc:1612:reintegrate$498002.A[2]     23 15.2ms
        $techmap509998$abc$496869$lut$flatten\ddr3_top.\ddr3_controller_inst.$2$lookahead\calib_data$9881[511:0]$10292[432].A[4]     12 15.2ms
                                                              ddr3_top.iserdes_data[461]      4 15.1ms
                                                                     ddr3_top.bitslip[5]     18 15.1ms
                                           $abc$496869$auto$rtlil.cc:3492:NotGate$149304      9 15.0ms
                                                              ddr3_top.iserdes_data[423]      4 15.0ms
                                                              ddr3_top.iserdes_data[454]      4 15.0ms
                                                              ddr3_top.iserdes_data[348]      4 15.0ms
                                                                     ddr3_top.bitslip[7]     18 15.0ms
                                                              ddr3_top.iserdes_data[189]      4 14.9ms
                            $techmap499291$auto$abc9_ops.cc:1612:reintegrate$499070.A[3]     14 14.9ms
                                                              ddr3_top.iserdes_data[395]      4 14.8ms
                             ddr3_top.ddr3_controller_inst.debug_selected_dqs_collect[0]      9 14.7ms
                            $techmap507955$auto$abc9_ops.cc:1612:reintegrate$497203.A[2]      8 14.7ms
                                                              ddr3_top.iserdes_data[426]      4 14.6ms
                                                              ddr3_top.iserdes_data[109]      4 14.6ms
                                                              ddr3_top.iserdes_data[187]      4 14.6ms
                            $techmap507651$auto$abc9_ops.cc:1612:reintegrate$497309.A[2]      8 14.5ms
                                                              ddr3_top.iserdes_data[408]      4 14.5ms
                                        ddr3_top.ddr3_controller_inst.stage1_next_row[9]     13 14.5ms
                                                                     ddr3_top.bitslip[1]     18 14.5ms
                                                              ddr3_top.iserdes_data[367]      4 14.4ms
        $techmap509332$abc$496869$lut$flatten\ddr3_top.\ddr3_phy_inst.$logic_and$../../rtl/ddr3_phy.v:1131$8164_Y.A[1]      9 14.4ms
                            $techmap499871$auto$abc9_ops.cc:1612:reintegrate$498892.A[0]     34 14.4ms
                            $techmap499707$auto$abc9_ops.cc:1612:reintegrate$498908.A[3]     19 14.4ms
                                           $abc$496869$auto$rtlil.cc:3492:NotGate$149052      8 14.4ms
                                            $abc$496869$auto$wreduce.cc:514:run$32639[3]      8 14.4ms
                            $techmap500767$auto$abc9_ops.cc:1612:reintegrate$498882.A[1]     18 14.3ms
                                                              ddr3_top.iserdes_data[204]      4 14.3ms
                                                               ddr3_top.iserdes_data[81]      4 14.3ms
                                                              ddr3_top.idelay_data_ld[0]     10 14.3ms
                                                              ddr3_top.iserdes_data[352]      4 14.2ms
                                    $techmap500420$abc$496869$lut$aiger496868$21579.A[3]      1 14.2ms
                                    $techmap499519$abc$496869$lut$aiger496868$15354.A[2]     18 14.2ms
                                                              ddr3_top.iserdes_data[144]      4 14.2ms
                                    $techmap499283$abc$496869$lut$aiger496868$14243.A[1]     15 14.2ms
                            $techmap508250$auto$abc9_ops.cc:1612:reintegrate$497079.A[3]      9 14.2ms
                                             $abc$496869$auto$rtlil.cc:3390:Mux$33427[5]      8 14.1ms
                                                              ddr3_top.iserdes_data[230]      4 14.1ms
                                ddr3_top.ddr3_controller_inst.calib_data_randomized[105]      9 14.0ms
                                                              ddr3_top.iserdes_data[116]      4 14.0ms
                                                              ddr3_top.iserdes_data[119]      4 14.0ms
                                                              ddr3_top.iserdes_data[452]      4 14.0ms
                                                              ddr3_top.iserdes_data[110]      4 14.0ms
                                           $abc$496869$auto$rtlil.cc:3492:NotGate$149556      9 13.9ms
                                                              ddr3_top.iserdes_data[258]      4 13.9ms
                                                       ddr3_top.idelay_dqs_cntvaluein[1]     11 13.9ms
                                                                 ddr3_top.o_wb_data[198]      2 13.9ms
                                                              ddr3_top.iserdes_data[168]      4 13.9ms
                                                               ddr3_top.iserdes_data[43]      4 13.9ms
                                               ddr3_top.ddr3_controller_inst.initial_dqs     13 13.8ms
                                                              ddr3_top.iserdes_data[414]      4 13.8ms
                                             ddr3_top.ddr3_controller_inst.stage2_do_act     26 13.8ms
                                                              ddr3_top.iserdes_data[390]      4 13.7ms
                                                                     ddr3_top.bitslip[4]     18 13.7ms
                                                              ddr3_top.iserdes_data[384]      4 13.7ms
                            $techmap499413$auto$abc9_ops.cc:1612:reintegrate$499005.A[2]     12 13.6ms
                            $techmap505373$auto$abc9_ops.cc:1612:reintegrate$497723.A[1]     13 13.6ms
                                                              ddr3_top.iserdes_data[405]      4 13.6ms
                                            $abc$496869$auto$wreduce.cc:514:run$32639[2]      8 13.6ms
                               $abc$496869$auto$opt_dff.cc:234:make_patterns_logic$34734     10 13.6ms
                                                              ddr3_top.iserdes_data[344]      4 13.6ms
                            $techmap508461$auto$abc9_ops.cc:1612:reintegrate$496943.A[4]      6 13.6ms
                                 ddr3_top.ddr3_controller_inst.stage2_data_unaligned[32]      8 13.5ms
                                                              ddr3_top.iserdes_data[385]      4 13.5ms
                                                              ddr3_top.iserdes_data[219]      4 13.5ms
                                    $techmap505954$abc$496869$lut$aiger496868$52092.A[0]     14 13.5ms
                                                              ddr3_top.iserdes_data[495]      4 13.5ms
                                           $abc$496869$auto$rtlil.cc:3492:NotGate$149178     10 13.5ms
                                                              ddr3_top.iserdes_data[223]      4 13.5ms
                                                              ddr3_top.iserdes_data[268]      4 13.5ms
                                ddr3_top.ddr3_controller_inst.stage2_data_unaligned[454]     11 13.4ms
                                                              ddr3_top.iserdes_data[262]      4 13.4ms
                            $techmap508399$auto$abc9_ops.cc:1612:reintegrate$496992.A[3]      4 13.4ms
                                                              ddr3_top.iserdes_data[441]      4 13.4ms
                            $techmap502662$auto$abc9_ops.cc:1612:reintegrate$498385.A[4]      3 13.4ms
                            $techmap508069$auto$abc9_ops.cc:1612:reintegrate$497158.A[4]     12 13.4ms
                                                              ddr3_top.iserdes_data[171]      4 13.4ms
                                ddr3_top.ddr3_controller_inst.stage2_data_unaligned[494]     12 13.4ms
                                                              ddr3_top.iserdes_data[302]      4 13.4ms
                                              ddr3_top.ddr3_controller_inst.prep_done[1]     17 13.4ms
                                                              ddr3_top.iserdes_data[417]      4 13.4ms
                                ddr3_top.ddr3_controller_inst.stage2_data_unaligned[403]      6 13.3ms
                                                              ddr3_top.iserdes_data[435]      4 13.3ms
                                                               ddr3_top.iserdes_data[34]      4 13.3ms
                                                               ddr3_top.iserdes_data[35]      4 13.3ms
                                                               ddr3_top.iserdes_data[87]      4 13.3ms
                            $techmap499723$auto$abc9_ops.cc:1612:reintegrate$498905.A[1]     14 13.3ms
                                                              ddr3_top.iserdes_data[489]      4 13.3ms
                                                              ddr3_top.iserdes_data[256]      4 13.2ms
                                                              ddr3_top.iserdes_data[433]      4 13.2ms
                                ddr3_top.ddr3_controller_inst.stage2_data_unaligned[255]      6 13.2ms
                                                              ddr3_top.iserdes_data[296]      4 13.2ms
                                                                     ddr3_top.bitslip[2]     18 13.1ms
                                ddr3_top.ddr3_controller_inst.stage2_data_unaligned[168]      8 13.1ms
                                                              ddr3_top.iserdes_data[115]      4 13.1ms
                                       ddr3_top.ddr3_controller_inst.stage1_next_row[14]     10 13.1ms
                                ddr3_top.ddr3_controller_inst.stage2_data_unaligned[120]      8 13.1ms
                                                              ddr3_top.iserdes_data[183]      4 13.1ms
                                                              ddr3_top.iserdes_data[200]      4 13.0ms
                                                              ddr3_top.iserdes_data[310]      4 13.0ms
                                                              ddr3_top.iserdes_data[381]      4 13.0ms
                                             ddr3_top.ddr3_controller_inst.stage2_row[8]     11 13.0ms
                            $techmap508223$auto$abc9_ops.cc:1612:reintegrate$497092.A[4]      8 13.0ms
                                ddr3_top.ddr3_controller_inst.stage2_data_unaligned[396]      7 13.0ms
                                                              ddr3_top.iserdes_data[148]      4 13.0ms
                                                               ddr3_top.iserdes_data[71]      4 13.0ms
                                            ddr3_top.ddr3_controller_inst.stage2_bank[0]     12 12.9ms
                                                              ddr3_top.iserdes_data[402]      4 12.9ms
                                            $abc$496869$auto$wreduce.cc:514:run$32635[3]      8 12.9ms
                                                              ddr3_top.iserdes_data[416]      4 12.8ms
                                                              ddr3_top.iserdes_data[451]      4 12.8ms
                                                              ddr3_top.iserdes_data[152]      4 12.7ms
                                             ddr3_top.ddr3_controller_inst.stage2_row[9]     11 12.7ms
                                                              ddr3_top.iserdes_data[301]      4 12.7ms
                                                               ddr3_top.iserdes_data[49]      4 12.7ms
                                                              ddr3_top.iserdes_data[478]      4 12.6ms
                                ddr3_top.ddr3_controller_inst.stage2_data_unaligned[441]      7 12.6ms
                                ddr3_top.ddr3_controller_inst.stage2_data_unaligned[276]      6 12.6ms
                                                                ddr3_top.iserdes_dqs[56]      4 12.6ms
                                                       ddr3_top.idelay_dqs_cntvaluein[4]     11 12.6ms
                                 ddr3_top.ddr3_controller_inst.stage2_data_unaligned[34]      8 12.6ms
                                                               ddr3_top.iserdes_data[30]      4 12.6ms
                                                              ddr3_top.iserdes_data[389]      4 12.6ms
                                                              ddr3_top.iserdes_data[305]      4 12.6ms
                                                              ddr3_top.iserdes_data[297]      4 12.5ms
                                                              ddr3_top.iserdes_data[490]      4 12.5ms
                                                              ddr3_top.iserdes_data[250]      4 12.5ms
                                 ddr3_top.ddr3_controller_inst.stage2_data_unaligned[96]      8 12.5ms
                                                              ddr3_top.iserdes_data[442]      4 12.4ms
                                                               ddr3_top.iserdes_data[56]      4 12.4ms
                                                              ddr3_top.iserdes_data[373]      4 12.4ms
                                                              ddr3_top.iserdes_data[218]      4 12.3ms
                                 ddr3_top.ddr3_controller_inst.stage2_data_unaligned[17]      8 12.3ms
                                                              ddr3_top.iserdes_data[247]      4 12.3ms
                                                              ddr3_top.iserdes_data[488]      4 12.2ms
                                                                     ddr3_top.bitslip[3]     18 12.2ms
                                                              ddr3_top.iserdes_data[449]      4 12.2ms
                                ddr3_top.ddr3_controller_inst.stage2_data_unaligned[424]      8 12.2ms
                                                              ddr3_top.iserdes_data[128]      4 12.2ms
                                                              ddr3_top.iserdes_data[330]      4 12.1ms
                                ddr3_top.ddr3_controller_inst.stage2_data_unaligned[275]      6 12.1ms
                                       ddr3_top.ddr3_controller_inst.added_read_pipe_max     25 12.1ms
                            $techmap500767$auto$abc9_ops.cc:1612:reintegrate$498882.A[2]     12 12.1ms
                                                              ddr3_top.iserdes_data[278]      4 12.1ms
                                                               ddr3_top.iserdes_data[98]      4 12.1ms
                                                              ddr3_top.iserdes_data[487]      4 12.1ms
                                                              ddr3_top.iserdes_data[415]      4 12.0ms
                                                              ddr3_top.iserdes_data[325]      4 12.0ms
                                ddr3_top.ddr3_controller_inst.stage2_data_unaligned[293]      5 12.0ms
                                                              ddr3_top.iserdes_data[327]      4 12.0ms
                                                              ddr3_top.iserdes_data[217]      4 12.0ms
                                                               ddr3_top.iserdes_data[97]      4 12.0ms
                                                              ddr3_top.iserdes_data[386]      4 12.0ms
                            $techmap499418$auto$abc9_ops.cc:1612:reintegrate$499003.A[1]     20 12.0ms
                                                              ddr3_top.iserdes_data[427]      4 12.0ms
                                                              ddr3_top.iserdes_data[431]      4 11.9ms
                                                              ddr3_top.iserdes_data[450]      4 11.9ms
                                                              ddr3_top.iserdes_data[181]      4 11.9ms
                            $techmap502438$auto$abc9_ops.cc:1612:reintegrate$498438.A[4]      3 11.9ms
                                                              ddr3_top.iserdes_data[288]      4 11.9ms
                             ddr3_top.ddr3_controller_inst.debug_selected_dqs_collect[1]      8 11.9ms
                                                              ddr3_top.iserdes_data[486]      4 11.8ms
                                                              ddr3_top.iserdes_data[243]      4 11.8ms
                                                              ddr3_top.iserdes_data[124]      4 11.8ms
                            $techmap508199$auto$abc9_ops.cc:1612:reintegrate$497112.A[1]      7 11.7ms
                                                  ddr3_top.iserdes_bitslip_reference[13]      3 11.7ms
                            $techmap508248$auto$abc9_ops.cc:1612:reintegrate$497080.A[4]      1 11.7ms
                                                              ddr3_top.iserdes_data[182]      4 11.7ms
                                            $abc$496869$auto$wreduce.cc:514:run$32639[4]      8 11.7ms
                                ddr3_top.ddr3_controller_inst.calib_data_randomized[103]      9 11.6ms
                                                                ddr3_top.iserdes_data[0]      4 11.6ms
                                                               ddr3_top.iserdes_data[37]      4 11.6ms
                                                              ddr3_top.iserdes_data[306]      4 11.6ms
                                 ddr3_top.ddr3_controller_inst.stage2_data_unaligned[80]      8 11.6ms
                                           $abc$496869$auto$rtlil.cc:3492:NotGate$149682      8 11.6ms
                                                              ddr3_top.iserdes_data[120]      4 11.6ms
                                                              ddr3_top.iserdes_data[472]      4 11.6ms
                                                              ddr3_top.iserdes_data[318]      4 11.6ms
                                                              ddr3_top.iserdes_data[334]      4 11.5ms
                                                              ddr3_top.iserdes_data[326]      4 11.5ms
                                ddr3_top.ddr3_controller_inst.stage2_data_unaligned[510]     11 11.5ms
                                                              ddr3_top.iserdes_data[246]      4 11.5ms
                                                              ddr3_top.iserdes_data[210]      4 11.5ms
                                                              ddr3_top.iserdes_data[498]      4 11.5ms
                                                              ddr3_top.iserdes_data[370]      4 11.5ms
                            $techmap508210$auto$abc9_ops.cc:1612:reintegrate$497103.A[1]      8 11.5ms
                                ddr3_top.ddr3_controller_inst.stage2_data_unaligned[361]      7 11.5ms
                                                              ddr3_top.iserdes_data[313]      4 11.5ms
                                ddr3_top.ddr3_controller_inst.stage2_data_unaligned[488]      7 11.5ms
                                ddr3_top.ddr3_controller_inst.stage2_data_unaligned[248]      8 11.5ms
                                                              ddr3_top.iserdes_data[265]      4 11.4ms
                                 ddr3_top.ddr3_controller_inst.stage2_data_unaligned[64]      8 11.4ms
                                    $techmap507095$abc$496869$lut$aiger496868$46063.A[2]      2 11.4ms
                                                               ddr3_top.iserdes_data[18]      4 11.4ms
                                                                    jtag_debug_data[863]      1 11.4ms
                                              ddr3_top.ddr3_controller_inst.stage2_do_rd     14 11.4ms
                                    $techmap503276$abc$496869$lut$aiger496868$40145.A[2]      4 11.4ms
                            $techmap500850$auto$abc9_ops.cc:1612:reintegrate$498867.A[1]     10 11.3ms
                                                                ddr3_top.iserdes_dqs[33]      4 11.3ms
                                                              ddr3_top.iserdes_data[283]      4 11.3ms
                                ddr3_top.ddr3_controller_inst.stage2_data_unaligned[408]      8 11.3ms
                                ddr3_top.ddr3_controller_inst.stage2_data_unaligned[105]      7 11.3ms
                                                                ddr3_top.iserdes_dqs[44]      5 11.3ms
                                 ddr3_top.ddr3_controller_inst.stage2_data_unaligned[41]     10 11.3ms
                                    $techmap508065$abc$496869$lut$aiger496868$51860.A[0]      4 11.3ms
                                                              ddr3_top.iserdes_data[208]      4 11.3ms
                                                                ddr3_top.iserdes_data[5]      4 11.3ms
                                    $techmap501618$abc$496869$lut$aiger496868$28827.A[2]      9 11.2ms
                                                               ddr3_top.iserdes_data[51]      4 11.2ms
                                                              ddr3_top.iserdes_data[143]      4 11.2ms
                                                              ddr3_top.iserdes_data[114]      4 11.2ms
                                                              ddr3_top.iserdes_data[336]      4 11.2ms
                                                              ddr3_top.iserdes_data[321]      4 11.2ms
                                                              ddr3_top.iserdes_data[131]      4 11.2ms
                                                              ddr3_top.iserdes_data[215]      4 11.2ms
                                ddr3_top.ddr3_controller_inst.stage2_data_unaligned[194]      5 11.2ms
                                ddr3_top.ddr3_controller_inst.stage2_data_unaligned[457]      7 11.2ms
                                ddr3_top.ddr3_controller_inst.stage2_data_unaligned[480]      7 11.2ms
                                                              ddr3_top.iserdes_data[158]      4 11.2ms
                            $techmap507035$auto$abc9_ops.cc:1612:reintegrate$497495.A[2]      8 11.2ms
                                ddr3_top.ddr3_controller_inst.stage2_data_unaligned[240]      8 11.1ms
                                ddr3_top.ddr3_controller_inst.stage2_data_unaligned[144]      8 11.1ms
                                                              ddr3_top.iserdes_data[342]      4 11.1ms
                                                              ddr3_top.iserdes_data[507]      4 11.1ms
                                                              ddr3_top.iserdes_data[269]      4 11.1ms
                                                              ddr3_top.iserdes_data[319]      4 11.1ms
                                                              ddr3_top.iserdes_data[251]      4 11.0ms
                                ddr3_top.ddr3_controller_inst.stage2_data_unaligned[404]      7 11.0ms
                                             $abc$496869$auto$rtlil.cc:3390:Mux$33427[4]      8 11.0ms
                                                              ddr3_top.idelay_data_ld[5]     10 11.0ms
                                        ddr3_top.ddr3_controller_inst.stage1_next_row[7]     12 11.0ms
                                ddr3_top.ddr3_controller_inst.stage2_data_unaligned[393]      7 11.0ms
                                                              ddr3_top.iserdes_data[322]      4 11.0ms
                                                              ddr3_top.iserdes_data[503]      4 11.0ms
                                                              ddr3_top.iserdes_data[195]      4 11.0ms
                                                              ddr3_top.iserdes_data[382]      4 11.0ms
                                                              ddr3_top.iserdes_data[188]      4 11.0ms
        $techmap499504$abc$496869$lut\ddr3_top.ddr3_controller_inst.stage1_next_bank_d[2].A[2]     18 10.9ms
                                                               ddr3_top.iserdes_data[12]      4 10.9ms
                                ddr3_top.ddr3_controller_inst.stage2_data_unaligned[376]      8 10.9ms
                                                              ddr3_top.iserdes_data[406]      4 10.9ms
                                ddr3_top.ddr3_controller_inst.stage2_data_unaligned[443]      6 10.9ms
                                                              ddr3_top.iserdes_data[499]      4 10.9ms
                                                               ddr3_top.iserdes_data[45]      4 10.9ms
                                        ddr3_top.ddr3_controller_inst.stage1_next_row[8]     14 10.8ms
                                                              ddr3_top.iserdes_data[196]      4 10.8ms
                                                              ddr3_top.iserdes_data[457]      4 10.8ms
                                                              ddr3_top.iserdes_data[235]      4 10.8ms
                                                              ddr3_top.iserdes_data[252]      4 10.8ms
                            $techmap500814$auto$abc9_ops.cc:1612:reintegrate$498874.A[3]     10 10.8ms
                                                              ddr3_top.iserdes_data[234]      4 10.8ms
                                                              ddr3_top.iserdes_data[331]      4 10.7ms
                                                              ddr3_top.iserdes_data[448]      4 10.7ms
                                 ddr3_top.ddr3_controller_inst.stage2_data_unaligned[25]      8 10.7ms
                                ddr3_top.ddr3_controller_inst.stage2_data_unaligned[313]      7 10.7ms
                            $techmap499344$auto$abc9_ops.cc:1612:reintegrate$499052.A[3]     12 10.7ms
                                                              ddr3_top.iserdes_data[409]      4 10.7ms
                                                              ddr3_top.iserdes_data[153]      4 10.7ms
                                             $abc$496869$auto$rtlil.cc:3390:Mux$33427[2]      8 10.7ms
                                                              ddr3_top.iserdes_data[494]      4 10.7ms
                                                              ddr3_top.iserdes_data[300]      4 10.7ms
                                ddr3_top.ddr3_controller_inst.stage2_data_unaligned[232]      8 10.7ms
                            $techmap508287$auto$abc9_ops.cc:1612:reintegrate$497068.A[1]      9 10.7ms
                                            $abc$496869$auto$wreduce.cc:514:run$32635[4]      8 10.7ms
                                            ddr3_top.ddr3_controller_inst.stage2_bank[1]     12 10.7ms
                                                               ddr3_top.iserdes_data[33]      4 10.7ms
                                                              ddr3_top.iserdes_data[462]      4 10.6ms
                                    $techmap499756$abc$496869$lut$aiger496868$18766.A[0]      8 10.6ms
                                                                ddr3_top.iserdes_data[7]      4 10.6ms
                                                              ddr3_top.iserdes_data[329]      4 10.6ms
                            $techmap500767$auto$abc9_ops.cc:1612:reintegrate$498882.A[4]     11 10.6ms
                            $techmap508202$auto$abc9_ops.cc:1612:reintegrate$497110.A[1]      5 10.6ms
                                                                ddr3_top.iserdes_data[8]      4 10.6ms
                                                                 ddr3_top.o_wb_data[292]      2 10.6ms
                                ddr3_top.ddr3_controller_inst.stage2_data_unaligned[478]     12 10.6ms
                                                              ddr3_top.iserdes_data[166]      4 10.6ms
                                                              ddr3_top.iserdes_data[375]      4 10.6ms
                                                              ddr3_top.iserdes_data[291]      4 10.6ms
                                                               ddr3_top.iserdes_data[47]      4 10.6ms
                                                              ddr3_top.iserdes_data[198]      4 10.5ms
                                                               ddr3_top.iserdes_data[11]      4 10.5ms
                                                              ddr3_top.iserdes_data[179]      4 10.5ms
                                    $techmap499743$abc$496869$lut$aiger496868$12653.A[0]      8 10.5ms
                                                              ddr3_top.iserdes_data[123]      4 10.5ms
                                                              ddr3_top.iserdes_data[263]      4 10.5ms
                                                              ddr3_top.iserdes_data[323]      4 10.5ms
                                                              ddr3_top.iserdes_data[233]      4 10.5ms
                            $techmap499407$auto$abc9_ops.cc:1612:reintegrate$499007.A[3]     10 10.5ms
                                        ddr3_top.ddr3_controller_inst.stage1_next_row[0]     11 10.4ms
                                                              ddr3_top.iserdes_data[311]      4 10.4ms
                                                              ddr3_top.iserdes_data[505]      4 10.4ms
                                ddr3_top.ddr3_controller_inst.stage2_data_unaligned[486]     12 10.4ms
                                    $techmap503170$abc$496869$lut$aiger496868$39635.A[2]      4 10.4ms
                                ddr3_top.ddr3_controller_inst.stage2_data_unaligned[467]      6 10.4ms
                                             ddr3_top.ddr3_controller_inst.calib_data[4]      2 10.4ms
                                ddr3_top.ddr3_controller_inst.stage2_data_unaligned[453]      8 10.4ms
                                                              ddr3_top.iserdes_data[511]      4 10.4ms
                               $abc$496869$auto$opt_dff.cc:234:make_patterns_logic$34786     10 10.4ms
                             ddr3_top.ddr3_controller_inst.debug_selected_dqs_collect[2]      9 10.4ms
                                                               ddr3_top.iserdes_data[15]      4 10.4ms
                                                              ddr3_top.iserdes_data[229]      4 10.4ms
                                                              ddr3_top.iserdes_data[425]      4 10.3ms
                                    $techmap505325$abc$496869$lut$aiger496868$51381.A[0]     18 10.3ms
                                        ddr3_top.ddr3_controller_inst.stage1_next_row[3]     12 10.3ms
                                                              ddr3_top.iserdes_data[282]      4 10.3ms
                                    $techmap500949$abc$496869$lut$aiger496868$13420.A[0]     10 10.3ms
                                 ddr3_top.ddr3_controller_inst.stage2_data_unaligned[63]      7 10.3ms
                                                              ddr3_top.iserdes_data[383]      4 10.3ms
                                  ddr3_top.ddr3_controller_inst.stage2_data_unaligned[4]      8 10.3ms
                                ddr3_top.ddr3_controller_inst.stage2_data_unaligned[490]      7 10.3ms
                                                              ddr3_top.iserdes_data[424]      4 10.3ms
                                                              ddr3_top.iserdes_data[255]      4 10.3ms
                            $techmap508196$auto$abc9_ops.cc:1612:reintegrate$497114.A[2]      8 10.3ms
                                ddr3_top.ddr3_controller_inst.stage2_data_unaligned[291]      6 10.3ms
                                 ddr3_top.ddr3_controller_inst.stage2_data_unaligned[89]      7 10.2ms
                                                              ddr3_top.iserdes_data[484]      4 10.2ms
                                                              ddr3_top.iserdes_data[281]      4 10.2ms
                                                               ddr3_top.iserdes_data[79]      4 10.2ms
                                                               ddr3_top.iserdes_data[29]      4 10.2ms
                                                              ddr3_top.iserdes_data[107]      4 10.2ms
                            $techmap500642$auto$abc9_ops.cc:1612:reintegrate$498890.A[1]     10 10.2ms
                                             ddr3_top.ddr3_controller_inst.stage2_row[0]     11 10.2ms
                                                              ddr3_top.iserdes_data[453]      4 10.2ms
                            $techmap499405$auto$abc9_ops.cc:1612:reintegrate$499008.A[3]     13 10.2ms
                                ddr3_top.ddr3_controller_inst.stage2_data_unaligned[399]      7 10.2ms
                                                              ddr3_top.iserdes_data[396]      4 10.1ms
                                                              ddr3_top.iserdes_data[192]      4 10.1ms
                            $techmap501079$auto$abc9_ops.cc:1612:reintegrate$498801.A[4]     10 10.1ms
                                                              ddr3_top.iserdes_data[380]      4 10.1ms
                                                              ddr3_top.iserdes_data[173]      4 10.1ms
                                                              ddr3_top.iserdes_data[447]      4 10.1ms
                                                              ddr3_top.iserdes_data[460]      4 10.1ms
                                                               ddr3_top.iserdes_data[90]      4 10.1ms
                                ddr3_top.ddr3_controller_inst.stage2_data_unaligned[489]      7 10.1ms
                                                               ddr3_top.iserdes_data[16]      4 10.1ms
                                                              ddr3_top.iserdes_data[496]      4 10.1ms
                                 ddr3_top.ddr3_controller_inst.stage2_data_unaligned[21]      7 10.1ms
                                                              ddr3_top.iserdes_data[482]      4 10.1ms
                                                              ddr3_top.iserdes_data[349]      4 10.1ms
                                                               ddr3_top.iserdes_data[20]      4 10.1ms
                                                              ddr3_top.iserdes_data[236]      4 10.0ms
                                ddr3_top.ddr3_controller_inst.stage2_data_unaligned[292]      6 10.0ms
                                                              ddr3_top.iserdes_data[118]      4 10.0ms
                                                               ddr3_top.iserdes_data[64]      4 10.0ms
                            $techmap508024$auto$abc9_ops.cc:1612:reintegrate$497175.A[2]      3 10.0ms
                            $techmap507035$auto$abc9_ops.cc:1612:reintegrate$497495.A[3]      8 10.0ms
                                                              ddr3_top.iserdes_data[444]      4 10.0ms
                                ddr3_top.ddr3_controller_inst.stage2_data_unaligned[377]      7 10.0ms
                                                              ddr3_top.iserdes_data[132]      4 10.0ms
                                                                 ddr3_top.o_wb_data[435]      2 10.0ms
                                                              ddr3_top.iserdes_data[467]      4 10.0ms
                                ddr3_top.ddr3_controller_inst.stage2_data_unaligned[431]      7 10.0ms
                                                       ddr3_top.idelay_dqs_cntvaluein[0]      8 10.0ms
                                             $abc$496869$auto$rtlil.cc:3390:Mux$33418[5]      8 10.0ms
                                                               ddr3_top.iserdes_data[92]      4 10.0ms
                                                              ddr3_top.iserdes_data[244]      4 9.9ms
                                    $techmap511112$abc$496869$lut$aiger496868$17502.A[2]      1 9.9ms
                                ddr3_top.ddr3_controller_inst.stage2_data_unaligned[430]      6 9.9ms
                                                              ddr3_top.iserdes_data[394]      4 9.9ms
                                             $abc$496869$auto$rtlil.cc:3390:Mux$33427[3]      8 9.9ms
                                ddr3_top.ddr3_controller_inst.stage2_data_unaligned[296]      8 9.9ms
                            $techmap499285$auto$abc9_ops.cc:1612:reintegrate$499071.A[3]     11 9.9ms
                                                              ddr3_top.iserdes_data[270]      4 9.9ms
                                                              ddr3_top.iserdes_data[343]      4 9.9ms
                                ddr3_top.ddr3_controller_inst.stage2_data_unaligned[447]      7 9.9ms
                                                               ddr3_top.iserdes_data[63]      4 9.8ms
                                ddr3_top.ddr3_controller_inst.stage2_data_unaligned[153]      7 9.8ms
                                                              ddr3_top.iserdes_data[473]      4 9.8ms
                                ddr3_top.ddr3_controller_inst.stage2_data_unaligned[436]      7 9.8ms
                                 ddr3_top.ddr3_controller_inst.stage2_data_unaligned[29]      7 9.8ms
                                                              ddr3_top.iserdes_data[113]      4 9.8ms
                                 ddr3_top.ddr3_controller_inst.stage2_data_unaligned[68]      6 9.8ms
                                                              ddr3_top.iserdes_data[172]      4 9.8ms
                                                                ddr3_top.iserdes_dqs[23]      5 9.8ms
                                    $techmap505953$abc$496869$lut$aiger496868$52091.A[1]      6 9.8ms
                                                               ddr3_top.iserdes_data[42]      4 9.8ms
                                                              ddr3_top.iserdes_data[194]      4 9.8ms
                                                              ddr3_top.iserdes_data[266]      4 9.8ms
                                                              ddr3_top.iserdes_data[363]      4 9.8ms
                            $techmap499609$auto$abc9_ops.cc:1612:reintegrate$498924.A[1]      7 9.8ms
                                                              ddr3_top.iserdes_data[324]      4 9.8ms
                                                               ddr3_top.iserdes_data[38]      4 9.8ms
                                                               ddr3_top.iserdes_data[88]      4 9.8ms
                                                              ddr3_top.iserdes_data[468]      4 9.7ms
                                ddr3_top.ddr3_controller_inst.stage2_data_unaligned[123]      6 9.7ms
                                                              ddr3_top.iserdes_data[443]      4 9.7ms
                                                              ddr3_top.iserdes_data[111]      4 9.7ms
                                                               ddr3_top.iserdes_data[14]      4 9.7ms
                                                              ddr3_top.iserdes_data[357]      4 9.7ms
                                    $techmap500918$abc$496869$lut$aiger496868$13714.A[0]     10 9.7ms
                                    $techmap499296$abc$496869$lut$aiger496868$14348.A[1]      9 9.7ms
                                ddr3_top.ddr3_controller_inst.stage2_data_unaligned[368]      8 9.7ms
                            $techmap499279$auto$abc9_ops.cc:1612:reintegrate$499072.A[3]     12 9.7ms
                                                              ddr3_top.iserdes_data[285]      4 9.7ms
                                 ddr3_top.ddr3_controller_inst.stage2_data_unaligned[59]      6 9.7ms
                                                              ddr3_top.iserdes_data[290]      4 9.7ms
                                                              ddr3_top.iserdes_data[378]      4 9.7ms
                                                              ddr3_top.iserdes_data[260]      4 9.7ms
                                                              ddr3_top.iserdes_data[299]      4 9.6ms
                                                               ddr3_top.iserdes_data[68]      4 9.6ms
                                                                ddr3_top.iserdes_dqs[35]      5 9.6ms
                                  ddr3_top.ddr3_controller_inst.debug_dqs_start_index[2]     17 9.6ms
                                ddr3_top.ddr3_controller_inst.stage2_data_unaligned[320]      8 9.6ms
                                                              ddr3_top.iserdes_data[371]      4 9.6ms
                               $abc$496869$auto$opt_dff.cc:251:make_patterns_logic$31940     24 9.6ms
                                                              ddr3_top.iserdes_data[125]      4 9.6ms
                                 ddr3_top.ddr3_controller_inst.stage2_data_unaligned[95]      6 9.6ms
                                ddr3_top.ddr3_controller_inst.stage2_data_unaligned[171]      6 9.6ms
                                                                ddr3_top.iserdes_dqs[43]      5 9.6ms
                                                                ddr3_top.iserdes_dqs[53]      4 9.6ms
                                ddr3_top.ddr3_controller_inst.stage2_data_unaligned[506]      7 9.5ms
                                                              ddr3_top.iserdes_data[355]      4 9.5ms
                                                              ddr3_top.iserdes_data[273]      4 9.5ms
                                ddr3_top.ddr3_controller_inst.calib_data_randomized[118]      9 9.5ms
                                                              ddr3_top.iserdes_data[207]      4 9.5ms
                            $techmap508176$auto$abc9_ops.cc:1612:reintegrate$497127.A[1]      8 9.5ms
                                    $techmap504941$abc$496869$lut$aiger496868$49677.A[2]      2 9.5ms
                                ddr3_top.ddr3_controller_inst.stage2_data_unaligned[411]      6 9.5ms
                                                              ddr3_top.iserdes_data[197]      4 9.5ms
                                ddr3_top.ddr3_controller_inst.stage2_data_unaligned[160]      8 9.5ms
                                                              ddr3_top.idelay_data_ld[7]     10 9.5ms
                                                              ddr3_top.iserdes_data[220]      4 9.5ms
                                                              ddr3_top.iserdes_data[360]      4 9.5ms
                                                              ddr3_top.iserdes_data[429]      4 9.5ms
                                                               ddr3_top.iserdes_data[26]      4 9.5ms
                                                              ddr3_top.iserdes_data[412]      4 9.5ms
                            $techmap501690$auto$abc9_ops.cc:1612:reintegrate$498646.A[4]      2 9.5ms
                                                               ddr3_top.iserdes_data[93]      4 9.5ms
                                                              ddr3_top.iserdes_data[317]      4 9.5ms
                                                               ddr3_top.iserdes_data[28]      4 9.4ms
                                                               ddr3_top.iserdes_data[65]      4 9.4ms
                                                              ddr3_top.iserdes_data[254]      4 9.4ms
                                 ddr3_top.ddr3_controller_inst.stage2_data_unaligned[47]      6 9.4ms
                                ddr3_top.ddr3_controller_inst.stage2_data_unaligned[383]      6 9.4ms
                                                              ddr3_top.iserdes_data[137]      4 9.4ms
                                ddr3_top.ddr3_controller_inst.stage2_data_unaligned[208]      8 9.4ms
                                                              ddr3_top.iserdes_data[434]      4 9.4ms
                                                               ddr3_top.iserdes_data[73]      4 9.4ms
                                ddr3_top.ddr3_controller_inst.stage2_data_unaligned[420]      7 9.4ms
                                                              ddr3_top.iserdes_data[413]      4 9.4ms
                                ddr3_top.ddr3_controller_inst.stage2_data_unaligned[468]      7 9.4ms
                                                                ddr3_top.iserdes_data[6]      4 9.4ms
                                ddr3_top.ddr3_controller_inst.stage2_data_unaligned[385]      7 9.4ms
                                ddr3_top.ddr3_controller_inst.stage2_data_unaligned[335]      6 9.3ms
                                                               ddr3_top.iserdes_data[13]      4 9.3ms
                                                              ddr3_top.iserdes_data[205]      4 9.3ms
                                                              ddr3_top.iserdes_data[134]      4 9.3ms
                                                               ddr3_top.iserdes_data[59]      4 9.3ms
                                ddr3_top.ddr3_controller_inst.stage2_data_unaligned[379]      6 9.3ms
                                                              ddr3_top.iserdes_data[261]      4 9.3ms
                                                               ddr3_top.iserdes_data[84]      4 9.3ms
                                 ddr3_top.ddr3_controller_inst.stage2_data_unaligned[46]      6 9.3ms
                                                               ddr3_top.iserdes_data[80]      4 9.3ms
                                                               ddr3_top.iserdes_data[82]      4 9.3ms
                                                              ddr3_top.iserdes_data[224]      4 9.3ms
                                                                ddr3_top.iserdes_dqs[21]      4 9.2ms
                                ddr3_top.ddr3_controller_inst.stage2_data_unaligned[423]      7 9.2ms
                                             $abc$496869$auto$rtlil.cc:3390:Mux$33418[0]      8 9.2ms
                                                              ddr3_top.iserdes_data[271]      4 9.2ms
                                                              ddr3_top.iserdes_data[463]      4 9.2ms
                                ddr3_top.ddr3_controller_inst.stage2_data_unaligned[218]      5 9.2ms
                                                              ddr3_top.iserdes_data[228]      4 9.2ms
                                ddr3_top.ddr3_controller_inst.stage2_data_unaligned[185]      7 9.2ms
                            $techmap506352$auto$abc9_ops.cc:1612:reintegrate$497621.A[4]      8 9.2ms
                                ddr3_top.ddr3_controller_inst.stage2_data_unaligned[493]      8 9.2ms
                            $techmap499704$auto$abc9_ops.cc:1612:reintegrate$498910.A[4]      8 9.2ms
                                                               ddr3_top.iserdes_data[10]      4 9.2ms
                                        ddr3_top.ddr3_controller_inst.stage1_next_row[4]     12 9.2ms
                                                              ddr3_top.iserdes_data[202]      4 9.2ms
                                                               ddr3_top.iserdes_data[95]      4 9.2ms
                                                              ddr3_top.iserdes_data[469]      4 9.2ms
                                ddr3_top.ddr3_controller_inst.stage2_data_unaligned[416]      8 9.1ms
                                                               ddr3_top.iserdes_data[23]      4 9.1ms
                                                               ddr3_top.iserdes_data[41]      4 9.1ms
                                ddr3_top.ddr3_controller_inst.stage2_data_unaligned[145]      7 9.1ms
                                                                ddr3_top.iserdes_data[3]      4 9.1ms
                                                              ddr3_top.iserdes_data[117]      4 9.1ms
                                                              ddr3_top.iserdes_data[274]      4 9.1ms
                                ddr3_top.ddr3_controller_inst.stage2_data_unaligned[505]      7 9.1ms
                                                              ddr3_top.iserdes_data[277]      4 9.1ms
                                        ddr3_top.ddr3_controller_inst.stage1_next_row[1]     11 9.1ms
                                ddr3_top.ddr3_controller_inst.stage2_data_unaligned[328]      8 9.1ms
                                             ddr3_top.ddr3_controller_inst.stage2_row[3]     11 9.1ms
                                ddr3_top.ddr3_controller_inst.stage2_data_unaligned[428]      7 9.0ms
                                                                ddr3_top.iserdes_dqs[24]      4 9.0ms
                                ddr3_top.ddr3_controller_inst.stage2_data_unaligned[187]      6 9.0ms
                                                               ddr3_top.iserdes_data[76]      4 9.0ms
                            $techmap502202$auto$abc9_ops.cc:1612:reintegrate$498511.A[1]      5 9.0ms
                                    $techmap500319$abc$496869$lut$aiger496868$21195.A[4]      1 9.0ms
                                ddr3_top.ddr3_controller_inst.stage2_data_unaligned[271]      6 9.0ms
                                ddr3_top.ddr3_controller_inst.stage2_data_unaligned[360]      8 9.0ms
                       ddr3_top.ddr3_controller_inst.debug_read_test_address_counter[19]      5 9.0ms
                                                               ddr3_top.iserdes_data[52]      4 9.0ms
                                                              ddr3_top.iserdes_data[264]      4 9.0ms
                                                              ddr3_top.iserdes_data[362]      4 9.0ms
                            $techmap499405$auto$abc9_ops.cc:1612:reintegrate$499008.A[2]      9 9.0ms
                                                              ddr3_top.iserdes_data[422]      4 9.0ms
                                      ddr3_top.ddr3_controller_inst.read_data_store[435]      1 9.0ms
                                                               ddr3_top.iserdes_data[62]      4 9.0ms
                                                              ddr3_top.iserdes_data[445]      4 8.9ms
                                ddr3_top.ddr3_controller_inst.stage2_data_unaligned[188]      6 8.9ms
                                ddr3_top.ddr3_controller_inst.stage2_data_unaligned[103]      6 8.9ms
                                        ddr3_top.ddr3_controller_inst.stage1_next_row[2]     12 8.9ms
                                                              ddr3_top.iserdes_data[401]      4 8.9ms
                                 ddr3_top.ddr3_controller_inst.stage2_data_unaligned[57]      8 8.9ms
                                 ddr3_top.ddr3_controller_inst.stage2_data_unaligned[33]     10 8.9ms
                                             ddr3_top.ddr3_controller_inst.stage2_row[1]     11 8.9ms
                                                              ddr3_top.iserdes_data[209]      4 8.9ms
                                                                ddr3_top.iserdes_dqs[20]      4 8.9ms
                                ddr3_top.ddr3_controller_inst.stage2_data_unaligned[124]      6 8.9ms
                                                               ddr3_top.iserdes_data[96]      4 8.9ms
                            $techmap499269$auto$abc9_ops.cc:1612:reintegrate$499073.A[3]      8 8.9ms
                                                              ddr3_top.iserdes_data[287]      4 8.9ms
                                ddr3_top.ddr3_controller_inst.stage2_data_unaligned[472]      7 8.9ms
                                                              ddr3_top.idelay_data_ld[1]     10 8.9ms
                                                              ddr3_top.iserdes_data[176]      4 8.9ms
                                ddr3_top.ddr3_controller_inst.stage2_data_unaligned[496]      7 8.9ms
                                ddr3_top.ddr3_controller_inst.stage2_data_unaligned[170]      5 8.8ms
                                ddr3_top.ddr3_controller_inst.stage2_data_unaligned[390]      6 8.8ms
                                       ddr3_top.ddr3_controller_inst.stage2_data[0][423]      1 8.8ms
                                ddr3_top.ddr3_controller_inst.stage2_data_unaligned[147]      6 8.8ms
                                ddr3_top.ddr3_controller_inst.stage2_data_unaligned[415]      7 8.8ms
                                             ddr3_top.ddr3_controller_inst.dqs_store[23]      5 8.8ms
                            $techmap499571$auto$abc9_ops.cc:1612:reintegrate$498930.A[1]      9 8.8ms
                                    $techmap499605$abc$496869$lut$aiger496868$18019.A[1]      6 8.8ms
                                ddr3_top.ddr3_controller_inst.stage2_data_unaligned[502]     11 8.8ms
                                                              ddr3_top.iserdes_data[430]      4 8.8ms
                                                              ddr3_top.iserdes_data[354]      4 8.8ms
                                ddr3_top.ddr3_controller_inst.stage2_data_unaligned[336]      8 8.8ms
                                                              ddr3_top.iserdes_data[497]      4 8.8ms
        $techmap511322$abc$496869$lut\ddr3_top.ddr3_controller_inst.o_wb_stall_int_d.A[2]      1 8.7ms
                                            ddr3_top.ddr3_controller_inst.calib_data[44]      2 8.7ms
                                 ddr3_top.ddr3_controller_inst.stage2_data_unaligned[18]      6 8.7ms
                                                               ddr3_top.iserdes_data[85]      4 8.7ms
                                                              ddr3_top.iserdes_data[160]      4 8.7ms
                                                               ddr3_top.iserdes_data[78]      4 8.7ms
                                                              ddr3_top.iserdes_data[368]      4 8.7ms
                                ddr3_top.ddr3_controller_inst.stage2_data_unaligned[265]      7 8.7ms
                                                              ddr3_top.iserdes_data[174]      4 8.7ms
                                    $abc$496869$auto$opt_dff.cc:275:combine_resets$33837      8 8.7ms
                                                              ddr3_top.iserdes_data[407]      4 8.7ms
                                       ddr3_top.ddr3_controller_inst.stage1_next_row[12]     13 8.7ms
                                    $techmap500754$abc$496869$lut$aiger496868$16772.A[1]      4 8.7ms
                                             ddr3_top.ddr3_controller_inst.stage2_row[6]     11 8.6ms
                                                               ddr3_top.iserdes_data[86]      4 8.6ms
                                        ddr3_top.ddr3_controller_inst.stage2_do_wr_or_rd     10 8.6ms
                            $techmap504523$auto$abc9_ops.cc:1612:reintegrate$497890.A[0]      4 8.6ms
                                                              ddr3_top.iserdes_data[372]      4 8.6ms
                                ddr3_top.ddr3_controller_inst.stage2_data_unaligned[176]      8 8.6ms
                                ddr3_top.ddr3_controller_inst.stage2_data_unaligned[244]      6 8.6ms
                                                               ddr3_top.iserdes_data[58]      4 8.6ms
                            $techmap508127$auto$abc9_ops.cc:1612:reintegrate$497141.A[4]      6 8.6ms
                                ddr3_top.ddr3_controller_inst.stage2_data_unaligned[417]      7 8.6ms
                                ddr3_top.ddr3_controller_inst.stage2_data_unaligned[365]      5 8.6ms
                                                              ddr3_top.iserdes_data[127]      4 8.6ms
                                 ddr3_top.ddr3_controller_inst.stage2_data_unaligned[28]      8 8.6ms
                                            ddr3_top.ddr3_controller_inst.stage1_pending     15 8.6ms
                                 ddr3_top.ddr3_controller_inst.stage2_data_unaligned[42]      6 8.6ms
                                                              ddr3_top.iserdes_data[276]      4 8.6ms
                                                              ddr3_top.iserdes_data[136]      4 8.5ms
                                                               ddr3_top.iserdes_data[50]      4 8.5ms
                            $techmap508069$auto$abc9_ops.cc:1612:reintegrate$497158.A[3]      7 8.5ms
                                ddr3_top.ddr3_controller_inst.stage2_data_unaligned[471]      9 8.5ms
                                                              ddr3_top.iserdes_data[100]      4 8.5ms
                                  ddr3_top.ddr3_controller_inst.stage2_data_unaligned[0]      6 8.5ms
                            $techmap508127$auto$abc9_ops.cc:1612:reintegrate$497141.A[3]      7 8.5ms
                                ddr3_top.ddr3_controller_inst.calib_data_randomized[108]      9 8.5ms
                                ddr3_top.ddr3_controller_inst.stage2_data_unaligned[203]      6 8.5ms
                                       ddr3_top.ddr3_controller_inst.stage1_next_bank[0]     12 8.5ms
                                                              ddr3_top.iserdes_data[154]      4 8.5ms
                                                                    jtag_debug_data[701]      1 8.5ms
                                                              ddr3_top.iserdes_data[379]      4 8.5ms
                                                              ddr3_top.iserdes_data[175]      4 8.5ms
                                ddr3_top.ddr3_controller_inst.stage2_data_unaligned[196]      6 8.4ms
                                                              ddr3_top.iserdes_data[446]      4 8.4ms
                                                              ddr3_top.iserdes_data[439]      4 8.4ms
                                ddr3_top.ddr3_controller_inst.stage2_data_unaligned[342]      5 8.4ms
                                                              ddr3_top.iserdes_data[403]      4 8.4ms
                                ddr3_top.ddr3_controller_inst.stage2_data_unaligned[305]      7 8.4ms
                                ddr3_top.ddr3_controller_inst.stage2_data_unaligned[225]      7 8.4ms
                                                          jtag_debug_inst.shift_reg[829]      2 8.4ms
                                            $abc$496869$auto$wreduce.cc:514:run$32639[1]      8 8.4ms
                               $abc$496869$auto$opt_dff.cc:234:make_patterns_logic$34719      7 8.4ms
                                        ddr3_top.ddr3_controller_inst.read_lane_data[44]      3 8.4ms
                                 ddr3_top.ddr3_controller_inst.stage2_data_unaligned[60]      7 8.4ms
Info: Router2 time 78.22s
Info: Running router1 to check that route is legal...

Info: Routing..
Info: Setting up routing queue.
Info: Routing 0 arcs.
Info:            |   (re-)routed arcs  |   delta    | remaining|       time spent     |
Info:    IterCnt |  w/ripup   wo/ripup |  w/r  wo/r |      arcs| batch(sec) total(sec)|
Info:          0 |        0          0 |    0     0 |         0|       1.12       1.12|
Info: Routing complete.
Info: Router1 time 1.12s
Info: Checksum: 0x42afe284

Info: Critical path report for clock 'jtag_debug_inst.tck' (posedge -> posedge):
Info: curr total
Info:  0.1  0.1  Source $auto$ff.cc:337:slice$47923.Q
Info:  2.8  2.9    Net jtag_debug_inst.shift_reg[696] budget 5.800000 ns (37,366) -> (37,288)
Info:                Sink $auto$xilinx_dffopt.cc:338:execute$512394.A5
Info:  0.2  3.1  Source $auto$xilinx_dffopt.cc:338:execute$512394.O5
Info:  0.0  3.1    Net $auto$xilinx_dffopt.cc:347:execute$512395 budget 4.225000 ns (37,288) -> (37,288)
Info:                Sink $auto$ff.cc:337:slice$47922.D
Info:  0.1  3.2  Setup $auto$ff.cc:337:slice$47922.D
Info: 0.4 ns logic, 2.8 ns routing

Info: Critical path report for clock 'i_controller_clk' (posedge -> posedge):
Info: curr total
Info:  0.1  0.1  Source $auto$ff.cc:337:slice$42810.Q
Info:  3.4  3.5    Net ddr3_top.ddr3_controller_inst.debug_lane[2] budget 1.000000 ns (43,288) -> (50,358)
Info:                Sink $abc$496869$lut$aiger496868$16594.A1
Info:  0.2  3.7  Source $abc$496869$lut$aiger496868$16594.O5
Info:  1.3  5.1    Net $techmap499200$auto$abc9_ops.cc:1612:reintegrate$499092.A[3] budget 1.000000 ns (50,358) -> (30,315)
Info:                Sink $abc$496869$lut$aiger496868$16980.A4
Info:  0.2  5.3  Source $abc$496869$lut$aiger496868$16980.O6
Info:  0.2  5.5    Net $techmap499850$abc$496869$lut$aiger496868$16985.A[4] budget -0.418000 ns (30,315) -> (30,315)
Info:                Sink $abc$496869$lut$aiger496868$16985.A5
Info:  0.2  5.7  Source $abc$496869$lut$aiger496868$16985.O6
Info:  1.1  6.9    Net $techmap499852$abc$496869$lut$aiger496868$16998.A[3] budget 1.000000 ns (30,315) -> (34,351)
Info:                Sink $abc$496869$lut$aiger496868$16998.A4
Info:  0.2  7.1  Source $abc$496869$lut$aiger496868$16998.O6
Info:  1.9  9.0    Net $abc$496869$lut$aiger496868$43824.A[3] budget 1.360000 ns (34,351) -> (43,302)
Info:                Sink $abc$496869$lut$aiger496868$17254.A1
Info:  0.2  9.2  Source $abc$496869$lut$aiger496868$17254.O5
Info:  0.5  9.8    Net $techmap509447$abc$496869$lut$aiger496868$24431.A[1] budget 0.697000 ns (43,302) -> (33,305)
Info:                Sink $abc$496869$lut$auto$rtlil.cc:3492:NotGate$150062.A3
Info:  0.2 10.0  Source $abc$496869$lut$auto$rtlil.cc:3492:NotGate$150062.O6
Info:  0.5 10.5    Net $techmap503456$auto$abc9_ops.cc:1612:reintegrate$498168.A[5] budget 0.653000 ns (33,305) -> (24,308)
Info:                Sink $auto$abc9_ops.cc:1612:reintegrate$498168.A6
Info:  0.2 10.7  Source $auto$abc9_ops.cc:1612:reintegrate$498168.O6
Info:  1.1 11.7    Net $abc$496869$auto$rtlil.cc:3390:Mux$33427[6] budget 0.578000 ns (24,308) -> (24,315)
Info:                Sink $auto$ff.cc:337:slice$35139.D
Info:  0.1 11.8  Setup $auto$ff.cc:337:slice$35139.D
Info: 1.6 ns logic, 10.2 ns routing

Info: Critical path report for cross-domain path 'posedge i_controller_clk' -> 'posedge jtag_debug_inst.tck':
Info: curr total
Info:  0.1  0.1  Source $auto$ff.cc:337:slice$42575.Q
Info:  0.9  1.0    Net jtag_debug_data[3] budget 0.529000 ns (43,290) -> (44,304)
Info:                Sink $abc$496869$lut$aiger496868$14024.A1
Info:  0.2  1.2  Source $abc$496869$lut$aiger496868$14024.O5
Info:  0.4  1.6    Net $techmap499237$abc$496869$lut$aiger496868$14025.A[1] budget -0.358000 ns (44,304) -> (44,304)
Info:                Sink $abc$496869$lut$aiger496868$14025.A1
Info:  0.2  1.8  Source $abc$496869$lut$aiger496868$14025.O6
Info:  0.2  2.0    Net $techmap499238$abc$496869$lut$aiger496868$14027.A[2] budget -0.298000 ns (44,304) -> (44,304)
Info:                Sink $abc$496869$lut$aiger496868$14027.A1
Info:  0.2  2.2  Source $abc$496869$lut$aiger496868$14027.O5
Info:  0.7  2.9    Net $techmap499538$abc$496869$lut$aiger496868$16839.A[1] budget 1.377000 ns (44,304) -> (43,291)
Info:                Sink $abc$496869$lut$auto$rtlil.cc:3492:NotGate$149008.A2
Info:  0.2  3.1  Source $abc$496869$lut$auto$rtlil.cc:3492:NotGate$149008.O6
Info:  2.5  5.6    Net $techmap499242$auto$abc9_ops.cc:1612:reintegrate$499082.A[2] budget 1.800000 ns (43,291) -> (53,373)
Info:                Sink $auto$abc9_ops.cc:1612:reintegrate$497807.A2
Info:  0.2  5.8  Source $auto$abc9_ops.cc:1612:reintegrate$497807.O5
Info:  0.0  5.8    Net jtag_debug_data[23] budget 0.710000 ns (53,373) -> (53,373)
Info:                Sink $auto$ff.cc:337:slice$37672.D
Info:  0.1  5.9  Setup $auto$ff.cc:337:slice$37672.D
Info: 1.2 ns logic, 4.7 ns routing

Info: Max frequency for clock 'jtag_debug_inst.tck': 312.40 MHz (PASS at 83.33 MHz)
Info: Max frequency for clock    'i_controller_clk': 84.45 MHz (PASS at 83.33 MHz)

Info: Max delay posedge i_controller_clk -> posedge jtag_debug_inst.tck: 5.90 ns

Info: Slack histogram:
Info:  legend: * represents 83 endpoint(s)
Info:          + represents [1,83) endpoint(s)
Info: [   158,    725) |+
Info: [   725,   1292) |*+
Info: [  1292,   1859) |*+
Info: [  1859,   2426) |+
Info: [  2426,   2993) |+
Info: [  2993,   3560) |*+
Info: [  3560,   4127) |*+
Info: [  4127,   4694) |***+
Info: [  4694,   5261) |********+
Info: [  5261,   5828) |**********+
Info: [  5828,   6395) |***********+
Info: [  6395,   6962) |**********+
Info: [  6962,   7529) |****************+
Info: [  7529,   8096) |********************+
Info: [  8096,   8663) |********************+
Info: [  8663,   9230) |********************+
Info: [  9230,   9797) |**************************+
Info: [  9797,  10364) |********************+
Info: [ 10364,  10931) |**************+
Info: [ 10931,  11498) |************************************************************ 
Info: Running post-routing legalisation...

